date,lat,lon,pr_mm_per_day
2010-01-01,41.446086,-71.621153,1.9335930394022354
2010-01-02,41.446086,-71.621153,0.598204046040313
2010-01-03,41.446086,-71.621153,0.059305399387033955
2010-01-04,41.446086,-71.621153,0.46142423735783816
2010-01-05,41.446086,-71.621153,0.0
2010-01-06,41.446086,-71.621153,0.0
2010-01-07,41.446086,-71.621153,0.0
2010-01-08,41.446086,-71.621153,0.0015129445258856389
2010-01-09,41.446086,-71.621153,0.08182368519209537
2010-01-10,41.446086,-71.621153,0.0
2010-01-11,41.446086,-71.621153,0.26619158174796775
2010-01-12,41.446086,-71.621153,0.16322684327388737
2010-01-13,41.446086,-71.621153,0.0
2010-01-14,41.446086,-71.621153,0.0
2010-01-15,41.446086,-71.621153,0.2610694469978258
2010-01-16,41.446086,-71.621153,0.0
2010-01-17,41.446086,-71.621153,28.086781436887797
2010-01-18,41.446086,-71.621153,33.60584542503094
2010-01-19,41.446086,-71.621153,2.072739246448806
2010-01-20,41.446086,-71.621153,0.04737351687373112
2010-01-21,41.446086,-71.621153,0.0
2010-01-22,41.446086,-71.621153,9.42705450330987
2010-01-23,41.446086,-71.621153,0.0
2010-01-24,41.446086,-71.621153,6.535158144011291
2010-01-25,41.446086,-71.621153,31.09116356552426
2010-01-26,41.446086,-71.621153,0.6475790937595731
2010-01-27,41.446086,-71.621153,0.0937297889799417
2010-01-28,41.446086,-71.621153,0.543707214465081
2010-01-29,41.446086,-71.621153,0.029834114861864047
2010-01-30,41.446086,-71.621153,0.11151512848090236
2010-01-31,41.446086,-71.621153,1.808421015211088
2010-02-01,41.446086,-71.621153,0.0004177277108123585
2010-02-02,41.446086,-71.621153,6.801558054689683
2010-02-03,41.446086,-71.621153,0.000587099986877589
2010-02-04,41.446086,-71.621153,0.0
2010-02-05,41.446086,-71.621153,0.0
2010-02-06,41.446086,-71.621153,0.7659324466271145
2010-02-07,41.446086,-71.621153,0.0
2010-02-08,41.446086,-71.621153,0.0
2010-02-09,41.446086,-71.621153,0.0
2010-02-10,41.446086,-71.621153,12.30182451767978
2010-02-11,41.446086,-71.621153,1.5205852665719954
2010-02-12,41.446086,-71.621153,0.0
2010-02-13,41.446086,-71.621153,0.0
2010-02-14,41.446086,-71.621153,0.0
2010-02-15,41.446086,-71.621153,0.0
2010-02-16,41.446086,-71.621153,0.022282887210792024
2010-02-17,41.446086,-71.621153,0.0
2010-02-18,41.446086,-71.621153,0.0
2010-02-19,41.446086,-71.621153,0.0
2010-02-20,41.446086,-71.621153,0.0
2010-02-21,41.446086,-71.621153,0.0
2010-02-22,41.446086,-71.621153,0.0
2010-02-23,41.446086,-71.621153,4.121960144685473
2010-02-24,41.446086,-71.621153,39.015130176801954
2010-02-25,41.446086,-71.621153,29.8012619030406
2010-02-26,41.446086,-71.621153,42.55231135155855
2010-02-27,41.446086,-71.621153,0.0
2010-02-28,41.446086,-71.621153,1.4182655594811737
2010-03-01,41.446086,-71.621153,0.2801625177827967
2010-03-02,41.446086,-71.621153,0.10637526869903388
2010-03-03,41.446086,-71.621153,3.8964754524343412
2010-03-04,41.446086,-71.621153,0.11374885748290596
2010-03-05,41.446086,-71.621153,0.0955046896238791
2010-03-06,41.446086,-71.621153,0.0
2010-03-07,41.446086,-71.621153,0.0
2010-03-08,41.446086,-71.621153,0.0
2010-03-09,41.446086,-71.621153,0.00972151463594101
2010-03-10,41.446086,-71.621153,0.12562407394878783
2010-03-11,41.446086,-71.621153,0.2390833184139979
2010-03-12,41.446086,-71.621153,0.41680567479110336
2010-03-13,41.446086,-71.621153,66.23675939338591
2010-03-14,41.446086,-71.621153,41.09655204960214
2010-03-15,41.446086,-71.621153,5.802327075200032
2010-03-16,41.446086,-71.621153,0.34608082428012515
2010-03-17,41.446086,-71.621153,0.012606411179377306
2010-03-18,41.446086,-71.621153,0.0
2010-03-19,41.446086,-71.621153,0.018985829986454303
2010-03-20,41.446086,-71.621153,0.0
2010-03-21,41.446086,-71.621153,0.00011291485071015348
2010-03-22,41.446086,-71.621153,2.834900073510661
2010-03-23,41.446086,-71.621153,83.70184826429134
2010-03-24,41.446086,-71.621153,7.2207680227641236
2010-03-25,41.446086,-71.621153,0.07227319950685816
2010-03-26,41.446086,-71.621153,27.960511903630003
2010-03-27,41.446086,-71.621153,0.0
2010-03-28,41.446086,-71.621153,0.297733128766528
2010-03-29,41.446086,-71.621153,97.13739641252475
2010-03-30,41.446086,-71.621153,93.95715389421576
2010-03-31,41.446086,-71.621153,0.6568216548127276
2010-04-01,41.446086,-71.621153,0.0
2010-04-02,41.446086,-71.621153,0.00011291485071015348
2010-04-03,41.446086,-71.621153,0.0
2010-04-04,41.446086,-71.621153,0.0
2010-04-05,41.446086,-71.621153,1.4374310074242866
2010-04-06,41.446086,-71.621153,0.2972596684468789
2010-04-07,41.446086,-71.621153,0.023674760529686954
2010-04-08,41.446086,-71.621153,0.5488386741705978
2010-04-09,41.446086,-71.621153,14.549014651020885
2010-04-10,41.446086,-71.621153,0.22306134045980386
2010-04-11,41.446086,-71.621153,0.0
2010-04-12,41.446086,-71.621153,0.0
2010-04-13,41.446086,-71.621153,0.014138393087850445
2010-04-14,41.446086,-71.621153,0.0
2010-04-15,41.446086,-71.621153,0.004157972539089213
2010-04-16,41.446086,-71.621153,4.021259805544637
2010-04-17,41.446086,-71.621153,13.646335799237011
2010-04-18,41.446086,-71.621153,0.024167896227271665
2010-04-19,41.446086,-71.621153,0.0
2010-04-20,41.446086,-71.621153,0.006836618092504715
2010-04-21,41.446086,-71.621153,0.01823374476399012
2010-04-22,41.446086,-71.621153,0.2621702702716411
2010-04-23,41.446086,-71.621153,0.7194844014236804
2010-04-24,41.446086,-71.621153,0.0
2010-04-25,41.446086,-71.621153,11.407704952387324
2010-04-26,41.446086,-71.621153,6.106383142993646
2010-04-27,41.446086,-71.621153,3.977352097867977
2010-04-28,41.446086,-71.621153,0.29290085523474385
2010-04-29,41.446086,-71.621153,0.0006134277064382206
2010-04-30,41.446086,-71.621153,0.0035312238969625108
2010-05-01,41.446086,-71.621153,0.0006962128254179794
2010-05-02,41.446086,-71.621153,1.1269543795312886
2010-05-03,41.446086,-71.621153,8.343619884516077
2010-05-04,41.446086,-71.621153,0.29498604280740975
2010-05-05,41.446086,-71.621153,0.0
2010-05-06,41.446086,-71.621153,0.3201244050551586
2010-05-07,41.446086,-71.621153,0.0
2010-05-08,41.446086,-71.621153,1.911916952101219
2010-05-09,41.446086,-71.621153,0.02858110759093595
2010-05-10,41.446086,-71.621153,0.00361400904187822
2010-05-11,41.446086,-71.621153,0.09374888669499436
2010-05-12,41.446086,-71.621153,2.5099066482514534
2010-05-13,41.446086,-71.621153,0.0
2010-05-14,41.446086,-71.621153,5.3101816434350635
2010-05-15,41.446086,-71.621153,2.2004037650658006
2010-05-16,41.446086,-71.621153,0.0
2010-05-17,41.446086,-71.621153,0.011919403125661714
2010-05-18,41.446086,-71.621153,27.60368712034344
2010-05-19,41.446086,-71.621153,5.419756184662656
2010-05-20,41.446086,-71.621153,0.001385990846363071
2010-05-21,41.446086,-71.621153,0.0
2010-05-22,41.446086,-71.621153,0.07169112016607346
2010-05-23,41.446086,-71.621153,0.41034520938058683
2010-05-24,41.446086,-71.621153,0.0
2010-05-25,41.446086,-71.621153,0.20651264204579872
2010-05-26,41.446086,-71.621153,5.645742535507674e-05
2010-05-27,41.446086,-71.621153,20.78507625251033
2010-05-28,41.446086,-71.621153,0.00011291485071015348
2010-05-29,41.446086,-71.621153,0.7908936064637552
2010-05-30,41.446086,-71.621153,0.001385990846363071
2010-05-31,41.446086,-71.621153,0.0
2010-06-01,41.446086,-71.621153,5.963823742610527
2010-06-02,41.446086,-71.621153,0.826405089341801
2010-06-03,41.446086,-71.621153,0.016645613452484415
2010-06-04,41.446086,-71.621153,0.788026837604657
2010-06-05,41.446086,-71.621153,37.140524839714885
2010-06-06,41.446086,-71.621153,8.756608051839128
2010-06-07,41.446086,-71.621153,0.0
2010-06-08,41.446086,-71.621153,0.11664658686521653
2010-06-09,41.446086,-71.621153,8.202957963064948
2010-06-10,41.446086,-71.621153,1.3866571244707053
2010-06-11,41.446086,-71.621153,0.15776760189681396
2010-06-12,41.446086,-71.621153,2.3612943858437534
2010-06-13,41.446086,-71.621153,2.4276720342038516
2010-06-14,41.446086,-71.621153,0.025272226547876076
2010-06-15,41.446086,-71.621153,0.0005043148419618789
2010-06-16,41.446086,-71.621153,0.15235160287756053
2010-06-17,41.446086,-71.621153,0.20777234752545468
2010-06-18,41.446086,-71.621153,0.0
2010-06-19,41.446086,-71.621153,0.0
2010-06-20,41.446086,-71.621153,2.6626547899931574
2010-06-21,41.446086,-71.621153,0.0
2010-06-22,41.446086,-71.621153,1.1564161494175291
2010-06-23,41.446086,-71.621153,9.513849454204582
2010-06-24,41.446086,-71.621153,3.562775261538124
2010-06-25,41.446086,-71.621153,0.02612202800401911
2010-06-26,41.446086,-71.621153,0.064035184700944
2010-06-27,41.446086,-71.621153,2.5072198138520765
2010-06-28,41.446086,-71.621153,1.4561506928544516
2010-06-29,41.446086,-71.621153,0.8249290992381973
2010-06-30,41.446086,-71.621153,0.05979331000349077
2010-07-01,41.446086,-71.621153,0.0
2010-07-02,41.446086,-71.621153,0.0
2010-07-03,41.446086,-71.621153,0.01524018233625691
2010-07-04,41.446086,-71.621153,0.16309453648026814
2010-07-05,41.446086,-71.621153,5.645742535507674e-05
2010-07-06,41.446086,-71.621153,0.09582102389179956
2010-07-07,41.446086,-71.621153,0.0
2010-07-08,41.446086,-71.621153,0.0021453821845249465
2010-07-09,41.446086,-71.621153,2.348037849482045
2010-07-10,41.446086,-71.621153,3.144644988937539
2010-07-11,41.446086,-71.621153,2.247095511486216
2010-07-12,41.446086,-71.621153,0.06301606554333751
2010-07-13,41.446086,-71.621153,20.34449716842215
2010-07-14,41.446086,-71.621153,7.260150632414405
2010-07-15,41.446086,-71.621153,0.34387596077672633
2010-07-16,41.446086,-71.621153,0.2439472919155006
2010-07-17,41.446086,-71.621153,0.34090871893862207
2010-07-18,41.446086,-71.621153,0.020509854277514145
2010-07-19,41.446086,-71.621153,10.25373398340169
2010-07-20,41.446086,-71.621153,2.4220677441681597
2010-07-21,41.446086,-71.621153,5.7441715798454736
2010-07-22,41.446086,-71.621153,0.5316955104634695
2010-07-23,41.446086,-71.621153,15.810935622127863
2010-07-24,41.446086,-71.621153,9.49224968835029
2010-07-25,41.446086,-71.621153,19.217672003417423
2010-07-26,41.446086,-71.621153,0.0
2010-07-27,41.446086,-71.621153,0.0
2010-07-28,41.446086,-71.621153,0.0
2010-07-29,41.446086,-71.621153,1.7810695188682983
2010-07-30,41.446086,-71.621153,0.0009033188056812279
2010-07-31,41.446086,-71.621153,0.0
2010-08-01,41.446086,-71.621153,0.0009746980178314546
2010-08-02,41.446086,-71.621153,0.0
2010-08-03,41.446086,-71.621153,0.4231517749632585
2010-08-04,41.446086,-71.621153,0.23154315121764218
2010-08-05,41.446086,-71.621153,4.823160718436263
2010-08-06,41.446086,-71.621153,0.5238633504479845
2010-08-07,41.446086,-71.621153,0.03418308918910419
2010-08-08,41.446086,-71.621153,0.0
2010-08-09,41.446086,-71.621153,0.07857332705440598
2010-08-10,41.446086,-71.621153,3.6948200033476892
2010-08-11,41.446086,-71.621153,0.0
2010-08-12,41.446086,-71.621153,1.0284194440976937
2010-08-13,41.446086,-71.621153,3.5682109446223653
2010-08-14,41.446086,-71.621153,0.0
2010-08-15,41.446086,-71.621153,0.5888746537080414
2010-08-16,41.446086,-71.621153,1.355783946123891
2010-08-17,41.446086,-71.621153,3.264759655429444
2010-08-18,41.446086,-71.621153,8.192099241287425
2010-08-19,41.446086,-71.621153,1.0840295312973187
2010-08-20,41.446086,-71.621153,0.0
2010-08-21,41.446086,-71.621153,0.4814263634980632
2010-08-22,41.446086,-71.621153,35.656779164899135
2010-08-23,41.446086,-71.621153,10.702138489520108
2010-08-24,41.446086,-71.621153,0.33452680566104787
2010-08-25,41.446086,-71.621153,11.86065310294723
2010-08-26,41.446086,-71.621153,0.023833593047037357
2010-08-27,41.446086,-71.621153,0.0
2010-08-28,41.446086,-71.621153,0.0
2010-08-29,41.446086,-71.621153,0.0
2010-08-30,41.446086,-71.621153,0.0
2010-08-31,41.446086,-71.621153,0.0
2010-09-01,41.446086,-71.621153,0.0013924256508359588
2010-09-02,41.446086,-71.621153,0.005826250501711653
2010-09-03,41.446086,-71.621153,17.642276430781866
2010-09-04,41.446086,-71.621153,23.31964811482544
2010-09-05,41.446086,-71.621153,0.0
2010-09-06,41.446086,-71.621153,0.0
2010-09-07,41.446086,-71.621153,0.0
2010-09-08,41.446086,-71.621153,0.5608584235331739
2010-09-09,41.446086,-71.621153,0.0
2010-09-10,41.446086,-71.621153,0.0
2010-09-11,41.446086,-71.621153,0.0
2010-09-12,41.446086,-71.621153,3.074403209679284
2010-09-13,41.446086,-71.621153,0.2151756716462297
2010-09-14,41.446086,-71.621153,0.0
2010-09-15,41.446086,-71.621153,0.0
2010-09-16,41.446086,-71.621153,1.2620398042994525
2010-09-17,41.446086,-71.621153,22.923714882018327
2010-09-18,41.446086,-71.621153,0.0
2010-09-19,41.446086,-71.621153,0.0
2010-09-20,41.446086,-71.621153,0.003700596162511726
2010-09-21,41.446086,-71.621153,0.0
2010-09-22,41.446086,-71.621153,0.0
2010-09-23,41.446086,-71.621153,4.286086366366531
2010-09-24,41.446086,-71.621153,0.9941905952910901
2010-09-25,41.446086,-71.621153,0.0
2010-09-26,41.446086,-71.621153,0.12925242314922225
2010-09-27,41.446086,-71.621153,0.3529746830107471
2010-09-28,41.446086,-71.621153,3.0173037165913406
2010-09-29,41.446086,-71.621153,0.11925247960252419
2010-09-30,41.446086,-71.621153,2.7955660774157556
2010-10-01,41.446086,-71.621153,10.623390739464059
2010-10-02,41.446086,-71.621153,0.35292932204803207
2010-10-03,41.446086,-71.621153,0.5550424949287727
2010-10-04,41.446086,-71.621153,7.783929942207273
2010-10-05,41.446086,-71.621153,0.056825629605943354
2010-10-06,41.446086,-71.621153,26.855443597424475
2010-10-07,41.446086,-71.621153,0.0
2010-10-08,41.446086,-71.621153,0.0
2010-10-09,41.446086,-71.621153,0.0
2010-10-10,41.446086,-71.621153,0.0
2010-10-11,41.446086,-71.621153,0.0
2010-10-12,41.446086,-71.621153,5.339960796923924
2010-10-13,41.446086,-71.621153,0.0
2010-10-14,41.446086,-71.621153,0.0
2010-10-15,41.446086,-71.621153,29.188603957187134
2010-10-16,41.446086,-71.621153,0.04262073611584087
2010-10-17,41.446086,-71.621153,0.0
2010-10-18,41.446086,-71.621153,0.00013924257027078598
2010-10-19,41.446086,-71.621153,3.6991422554511244
2010-10-20,41.446086,-71.621153,0.01376348860975896
2010-10-21,41.446086,-71.621153,1.7470518729150646
2010-10-22,41.446086,-71.621153,0.0
2010-10-23,41.446086,-71.621153,0.012396677694096834
2010-10-24,41.446086,-71.621153,4.234398520170788
2010-10-25,41.446086,-71.621153,2.77674719666352
2010-10-26,41.446086,-71.621153,0.8279767051432312
2010-10-27,41.446086,-71.621153,14.784830883407329
2010-10-28,41.446086,-71.621153,0.4793154502514632
2010-10-29,41.446086,-71.621153,5.645742535507674e-05
2010-10-30,41.446086,-71.621153,0.20111181438297365
2010-10-31,41.446086,-71.621153,2.3313392380646367
2010-11-01,41.446086,-71.621153,0.0
2010-11-02,41.446086,-71.621153,0.0
2010-11-03,41.446086,-71.621153,0.0
2010-11-04,41.446086,-71.621153,12.366399045993022
2010-11-05,41.446086,-71.621153,25.28174628396788
2010-11-06,41.446086,-71.621153,2.5791998216754637
2010-11-07,41.446086,-71.621153,2.216240518110022
2010-11-08,41.446086,-71.621153,10.580366382542419
2010-11-09,41.446086,-71.621153,0.2766064262912462
2010-11-10,41.446086,-71.621153,4.528071970651282
2010-11-11,41.446086,-71.621153,4.787051862805133
2010-11-12,41.446086,-71.621153,0.0
2010-11-13,41.446086,-71.621153,0.0
2010-11-14,41.446086,-71.621153,0.0
2010-11-15,41.446086,-71.621153,0.17336475144539387
2010-11-16,41.446086,-71.621153,5.042559833539622
2010-11-17,41.446086,-71.621153,30.901716490343972
2010-11-18,41.446086,-71.621153,0.014847448857377588
2010-11-19,41.446086,-71.621153,0.07928044303819907
2010-11-20,41.446086,-71.621153,0.13057859999560573
2010-11-21,41.446086,-71.621153,0.013374151415352696
2010-11-22,41.446086,-71.621153,0.05491770462596361
2010-11-23,41.446086,-71.621153,1.0568637701567027
2010-11-24,41.446086,-71.621153,5.645742535507674e-05
2010-11-25,41.446086,-71.621153,0.260841480650609
2010-11-26,41.446086,-71.621153,4.959435276897507
2010-11-27,41.446086,-71.621153,0.0008957148332136048
2010-11-28,41.446086,-71.621153,0.0
2010-11-29,41.446086,-71.621153,0.05742299958499312
2010-11-30,41.446086,-71.621153,1.6506345902488095
2010-12-01,41.446086,-71.621153,18.579538307848956
2010-12-02,41.446086,-71.621153,0.10736918660970779
2010-12-03,41.446086,-71.621153,1.2146041581078673
2010-12-04,41.446086,-71.621153,0.011501549973125608
2010-12-05,41.446086,-71.621153,0.0006962128254179794
2010-12-06,41.446086,-71.621153,0.017458549475911855
2010-12-07,41.446086,-71.621153,0.024730191448001083
2010-12-08,41.446086,-71.621153,0.016567526625980357
2010-12-09,41.446086,-71.621153,0.005769793086872591
2010-12-10,41.446086,-71.621153,0.00027848514054157195
2010-12-11,41.446086,-71.621153,0.0
2010-12-12,41.446086,-71.621153,32.95941686742917
2010-12-13,41.446086,-71.621153,79.18368988767278
2010-12-14,41.446086,-71.621153,0.0
2010-12-15,41.446086,-71.621153,0.0
2010-12-16,41.446086,-71.621153,0.09712095113405272
2010-12-17,41.446086,-71.621153,0.0006962128254179794
2010-12-18,41.446086,-71.621153,0.00086558510148321
2010-12-19,41.446086,-71.621153,0.045100935631435364
2010-12-20,41.446086,-71.621153,0.4531923713283426
2010-12-21,41.446086,-71.621153,0.1167496348420393
2010-12-22,41.446086,-71.621153,0.0
2010-12-23,41.446086,-71.621153,0.4054910322810884
2010-12-24,41.446086,-71.621153,0.0
2010-12-25,41.446086,-71.621153,0.15890455519112823
2010-12-26,41.446086,-71.621153,6.127747919364014
2010-12-27,41.446086,-71.621153,0.5707048720307941
2010-12-28,41.446086,-71.621153,0.037429920426763005
2010-12-29,41.446086,-71.621153,0.0
2010-12-30,41.446086,-71.621153,0.0
2010-12-31,41.446086,-71.621153,0.13888177470187912
2011-01-01,41.446086,-71.621153,0.7478905003802625
2011-01-02,41.446086,-71.621153,5.1177269236485685
2011-01-03,41.446086,-71.621153,7.6771886604195405
2011-01-04,41.446086,-71.621153,0.018483970245388056
2011-01-05,41.446086,-71.621153,0.320351944692449
2011-01-06,41.446086,-71.621153,0.11227700996174766
2011-01-07,41.446086,-71.621153,0.04926906837926018
2011-01-08,41.446086,-71.621153,1.6032258985019463
2011-01-09,41.446086,-71.621153,1.8722439881538253
2011-01-10,41.446086,-71.621153,0.0
2011-01-11,41.446086,-71.621153,0.004810734060378623
2011-01-12,41.446086,-71.621153,17.82813738219782
2011-01-13,41.446086,-71.621153,0.4813057719579816
2011-01-14,41.446086,-71.621153,0.0
2011-01-15,41.446086,-71.621153,1.1316275271704168
2011-01-16,41.446086,-71.621153,4.765842493864145
2011-01-17,41.446086,-71.621153,1.0597180699433384
2011-01-18,41.446086,-71.621153,37.668359820430325
2011-01-19,41.446086,-71.621153,3.7364013937521
2011-01-20,41.446086,-71.621153,0.19879045353395297
2011-01-21,41.446086,-71.621153,7.715545861837038
2011-01-22,41.446086,-71.621153,0.0
2011-01-23,41.446086,-71.621153,0.5171785156093406
2011-01-24,41.446086,-71.621153,0.0
2011-01-25,41.446086,-71.621153,1.4012716166870585
2011-01-26,41.446086,-71.621153,10.302013465366185
2011-01-27,41.446086,-71.621153,29.281401692592556
2011-01-28,41.446086,-71.621153,0.5011877259545858
2011-01-29,41.446086,-71.621153,0.3909375126810233
2011-01-30,41.446086,-71.621153,0.6198444154507176
2011-01-31,41.446086,-71.621153,0.0
2011-02-01,41.446086,-71.621153,0.706439854534723
2011-02-02,41.446086,-71.621153,23.255004883720158
2011-02-03,41.446086,-71.621153,0.43679248198009035
2011-02-04,41.446086,-71.621153,0.0
2011-02-05,41.446086,-71.621153,0.6929432183435709
2011-02-06,41.446086,-71.621153,1.9961765689973814
2011-02-07,41.446086,-71.621153,0.004327344815154443
2011-02-08,41.446086,-71.621153,8.529880700537348
2011-02-09,41.446086,-71.621153,0.0
2011-02-10,41.446086,-71.621153,0.33184947223831984
2011-02-11,41.446086,-71.621153,0.044438016964570955
2011-02-12,41.446086,-71.621153,0.0
2011-02-13,41.446086,-71.621153,0.001174199973755178
2011-02-14,41.446086,-71.621153,0.06740150398270375
2011-02-15,41.446086,-71.621153,0.0
2011-02-16,41.446086,-71.621153,0.38017198418130044
2011-02-17,41.446086,-71.621153,0.0
2011-02-18,41.446086,-71.621153,0.4522458035402033
2011-02-19,41.446086,-71.621153,0.12835694218754978
2011-02-20,41.446086,-71.621153,0.0
2011-02-21,41.446086,-71.621153,1.7365519843255586
2011-02-22,41.446086,-71.621153,0.012533571656673806
2011-02-23,41.446086,-71.621153,0.0
2011-02-24,41.446086,-71.621153,0.0
2011-02-25,41.446086,-71.621153,67.1182883353516
2011-02-26,41.446086,-71.621153,0.010254927138757072
2011-02-27,41.446086,-71.621153,1.3076343740643972
2011-02-28,41.446086,-71.621153,24.89925452996963
2011-03-01,41.446086,-71.621153,5.145020493509999
2011-03-02,41.446086,-71.621153,0.018905814524671227
2011-03-03,41.446086,-71.621153,0.0
2011-03-04,41.446086,-71.621153,0.0005569702810831439
2011-03-05,41.446086,-71.621153,0.00013924257027078598
2011-03-06,41.446086,-71.621153,0.319743003921342
2011-03-07,41.446086,-71.621153,15.214334715986
2011-03-08,41.446086,-71.621153,0.0
2011-03-09,41.446086,-71.621153,0.059310401094258794
2011-03-10,41.446086,-71.621153,15.479816802648736
2011-03-11,41.446086,-71.621153,14.91858402739853
2011-03-12,41.446086,-71.621153,0.019217199570461713
2011-03-13,41.446086,-71.621153,0.03353676247228767
2011-03-14,41.446086,-71.621153,0.0
2011-03-15,41.446086,-71.621153,0.0
2011-03-16,41.446086,-71.621153,9.883979334947881
2011-03-17,41.446086,-71.621153,0.003670466467233297
2011-03-18,41.446086,-71.621153,1.2269085427420963
2011-03-19,41.446086,-71.621153,2.5440181238969317
2011-03-20,41.446086,-71.621153,0.0
2011-03-21,41.446086,-71.621153,0.838122975598614
2011-03-22,41.446086,-71.621153,0.00025215742098093943
2011-03-23,41.446086,-71.621153,0.32284171282792945
2011-03-24,41.446086,-71.621153,4.066660114975057
2011-03-25,41.446086,-71.621153,0.06740095000019385
2011-03-26,41.446086,-71.621153,0.0
2011-03-27,41.446086,-71.621153,0.04035348905280377
2011-03-28,41.446086,-71.621153,0.0
2011-03-29,41.446086,-71.621153,0.0
2011-03-30,41.446086,-71.621153,0.0
2011-03-31,41.446086,-71.621153,12.1166090177386
2011-04-01,41.446086,-71.621153,5.142092394540014
2011-04-02,41.446086,-71.621153,0.2826928335049062
2011-04-03,41.446086,-71.621153,0.0
2011-04-04,41.446086,-71.621153,5.524419009547054
2011-04-05,41.446086,-71.621153,2.037074156342324
2011-04-06,41.446086,-71.621153,0.0
2011-04-07,41.446086,-71.621153,0.001385990846363071
2011-04-08,41.446086,-71.621153,0.5722330648789589
2011-04-09,41.446086,-71.621153,2.422850818857557
2011-04-10,41.446086,-71.621153,0.791592188449587
2011-04-11,41.446086,-71.621153,4.77066485352181
2011-04-12,41.446086,-71.621153,8.785379906385096
2011-04-13,41.446086,-71.621153,50.606455103938224
2011-04-14,41.446086,-71.621153,0.03155433075954861
2011-04-15,41.446086,-71.621153,0.0
2011-04-16,41.446086,-71.621153,3.9379423371538818
2011-04-17,41.446086,-71.621153,28.11279184754871
2011-04-18,41.446086,-71.621153,0.5585234718520653
2011-04-19,41.446086,-71.621153,8.067393090257019
2011-04-20,41.446086,-71.621153,2.0398641390039067
2011-04-21,41.446086,-71.621153,0.0
2011-04-22,41.446086,-71.621153,0.06151309501647219
2011-04-23,41.446086,-71.621153,12.594520665397193
2011-04-24,41.446086,-71.621153,0.5078746892715695
2011-04-25,41.446086,-71.621153,8.451157613343609
2011-04-26,41.446086,-71.621153,0.034377720874879995
2011-04-27,41.446086,-71.621153,0.05572517230613164
2011-04-28,41.446086,-71.621153,4.288458643219625
2011-04-29,41.446086,-71.621153,9.977290279269537
2011-04-30,41.446086,-71.621153,0.0
2011-05-01,41.446086,-71.621153,0.0
2011-05-02,41.446086,-71.621153,0.00011291485071015348
2011-05-03,41.446086,-71.621153,5.642916814708421
2011-05-04,41.446086,-71.621153,12.227535723732872
2011-05-05,41.446086,-71.621153,3.591035986979707
2011-05-06,41.446086,-71.621153,0.08473795853077581
2011-05-07,41.446086,-71.621153,0.3659403689610095
2011-05-08,41.446086,-71.621153,0.3476946032182086
2011-05-09,41.446086,-71.621153,0.0
2011-05-10,41.446086,-71.621153,0.024833723547606913
2011-05-11,41.446086,-71.621153,0.640908064379712
2011-05-12,41.446086,-71.621153,0.035413746556666396
2011-05-13,41.446086,-71.621153,0.0
2011-05-14,41.446086,-71.621153,0.05336880974195806
2011-05-15,41.446086,-71.621153,5.010032455923857
2011-05-16,41.446086,-71.621153,10.506865995764631
2011-05-17,41.446086,-71.621153,1.762099638078197
2011-05-18,41.446086,-71.621153,29.258027422671216
2011-05-19,41.446086,-71.621153,6.976184936010955
2011-05-20,41.446086,-71.621153,0.6019066392263761
2011-05-21,41.446086,-71.621153,0.0006736870864790636
2011-05-22,41.446086,-71.621153,0.9102673123016725
2011-05-23,41.446086,-71.621153,3.678553832995719
2011-05-24,41.446086,-71.621153,10.390025940263662
2011-05-25,41.446086,-71.621153,0.0
2011-05-26,41.446086,-71.621153,0.06375557738373575
2011-05-27,41.446086,-71.621153,0.1928426318997355
2011-05-28,41.446086,-71.621153,0.02421442976505436
2011-05-29,41.446086,-71.621153,2.9157797651231654
2011-05-30,41.446086,-71.621153,1.6853365215153528
2011-05-31,41.446086,-71.621153,0.07588028939523217
2011-06-01,41.446086,-71.621153,10.894169600447606
2011-06-02,41.446086,-71.621153,0.584790791461651
2011-06-03,41.446086,-71.621153,0.0
2011-06-04,41.446086,-71.621153,0.04148639002606424
2011-06-05,41.446086,-71.621153,0.00013924257027078598
2011-06-06,41.446086,-71.621153,0.08875007639768256
2011-06-07,41.446086,-71.621153,0.0
2011-06-08,41.446086,-71.621153,0.4239330489488339
2011-06-09,41.446086,-71.621153,25.053513820804582
2011-06-10,41.446086,-71.621153,16.499315653772108
2011-06-11,41.446086,-71.621153,6.6452415801857025
2011-06-12,41.446086,-71.621153,3.962225080250657
2011-06-13,41.446086,-71.621153,0.11020659985905405
2011-06-14,41.446086,-71.621153,1.8407777789993858
2011-06-15,41.446086,-71.621153,0.19823164207205232
2011-06-16,41.446086,-71.621153,0.0
2011-06-17,41.446086,-71.621153,6.570080795523181
2011-06-18,41.446086,-71.621153,5.406200267826179
2011-06-19,41.446086,-71.621153,0.008690069244940042
2011-06-20,41.446086,-71.621153,0.14264440268081668
2011-06-21,41.446086,-71.621153,0.0
2011-06-22,41.446086,-71.621153,8.873940971991674
2011-06-23,41.446086,-71.621153,23.759015330091223
2011-06-24,41.446086,-71.621153,1.848406182497073
2011-06-25,41.446086,-71.621153,0.49072904461749345
2011-06-26,41.446086,-71.621153,5.645742535507674e-05
2011-06-27,41.446086,-71.621153,0.02002490405482669
2011-06-28,41.446086,-71.621153,0.0016381482673440105
2011-06-29,41.446086,-71.621153,7.982195651771313
2011-06-30,41.446086,-71.621153,0.0
2011-07-01,41.446086,-71.621153,0.0
2011-07-02,41.446086,-71.621153,0.0
2011-07-03,41.446086,-71.621153,2.23568163172281
2011-07-04,41.446086,-71.621153,0.031047067895820894
2011-07-05,41.446086,-71.621153,0.0
2011-07-06,41.446086,-71.621153,0.5014810388847155
2011-07-07,41.446086,-71.621153,0.007075631684366875
2011-07-08,41.446086,-71.621153,11.56501828555744
2011-07-09,41.446086,-71.621153,31.906046027421542
2011-07-10,41.446086,-71.621153,0.0
2011-07-11,41.446086,-71.621153,0.006100933666535428
2011-07-12,41.446086,-71.621153,3.1275790596126885
2011-07-13,41.446086,-71.621153,3.809395178229555
2011-07-14,41.446086,-71.621153,2.6116814851096466
2011-07-15,41.446086,-71.621153,0.0
2011-07-16,41.446086,-71.621153,0.11903984853246091
2011-07-17,41.446086,-71.621153,0.0
2011-07-18,41.446086,-71.621153,4.141004652912173
2011-07-19,41.446086,-71.621153,0.004935203285816553
2011-07-20,41.446086,-71.621153,0.000835455421624717
2011-07-21,41.446086,-71.621153,0.23286125737911603
2011-07-22,41.446086,-71.621153,0.2570511670424463
2011-07-23,41.446086,-71.621153,0.4280026315827811
2011-07-24,41.446086,-71.621153,2.2346932332642844
2011-07-25,41.446086,-71.621153,1.9423252983994694
2011-07-26,41.446086,-71.621153,10.999262124404035
2011-07-27,41.446086,-71.621153,0.32922536082038517
2011-07-28,41.446086,-71.621153,0.0034810643345775
2011-07-29,41.446086,-71.621153,0.446964959394588
2011-07-30,41.446086,-71.621153,0.6155153312771242
2011-07-31,41.446086,-71.621153,0.0
2011-08-01,41.446086,-71.621153,1.3624175117937252
2011-08-02,41.446086,-71.621153,0.9449906161482641
2011-08-03,41.446086,-71.621153,1.5965375627458016
2011-08-04,41.446086,-71.621153,3.0456188735858394
2011-08-05,41.446086,-71.621153,0.005916051231685711
2011-08-06,41.446086,-71.621153,4.497126749940956
2011-08-07,41.446086,-71.621153,31.83385869064937
2011-08-08,41.446086,-71.621153,1.973288143217336
2011-08-09,41.446086,-71.621153,3.259793919882129
2011-08-10,41.446086,-71.621153,2.2435151901110375
2011-08-11,41.446086,-71.621153,0.0
2011-08-12,41.446086,-71.621153,0.0
2011-08-13,41.446086,-71.621153,0.2524124904018632
2011-08-14,41.446086,-71.621153,15.871138098876084
2011-08-15,41.446086,-71.621153,62.01324769434503
2011-08-16,41.446086,-71.621153,0.15564026748641963
2011-08-17,41.446086,-71.621153,0.040420144629376736
2011-08-18,41.446086,-71.621153,0.4128419167680779
2011-08-19,41.446086,-71.621153,0.16328450283933976
2011-08-20,41.446086,-71.621153,2.003906777251828
2011-08-21,41.446086,-71.621153,1.6289914810892991
2011-08-22,41.446086,-71.621153,21.04808316621841
2011-08-23,41.446086,-71.621153,2.042346964826571
2011-08-24,41.446086,-71.621153,0.9557679959102139
2011-08-25,41.446086,-71.621153,2.700422928582147
2011-08-26,41.446086,-71.621153,2.6694930908078875
2011-08-27,41.446086,-71.621153,17.901469856449236
2011-08-28,41.446086,-71.621153,39.45196685034629
2011-08-29,41.446086,-71.621153,0.10726263424856455
2011-08-30,41.446086,-71.621153,0.0
2011-08-31,41.446086,-71.621153,2.825770491503643
2011-09-01,41.446086,-71.621153,2.672355267016846
2011-09-02,41.446086,-71.621153,0.0009746980178314546
2011-09-03,41.446086,-71.621153,0.0
2011-09-04,41.446086,-71.621153,0.0008468614329062271
2011-09-05,41.446086,-71.621153,0.39042614309613805
2011-09-06,41.446086,-71.621153,21.98914362843271
2011-09-07,41.446086,-71.621153,2.0138141260312348
2011-09-08,41.446086,-71.621153,69.77303534704528
2011-09-09,41.446086,-71.621153,3.6474117381045024
2011-09-10,41.446086,-71.621153,0.0
2011-09-11,41.446086,-71.621153,0.0
2011-09-12,41.446086,-71.621153,0.0
2011-09-13,41.446086,-71.621153,0.0
2011-09-14,41.446086,-71.621153,0.0
2011-09-15,41.446086,-71.621153,0.030218225006528526
2011-09-16,41.446086,-71.621153,1.509183442264653
2011-09-17,41.446086,-71.621153,3.057125898618392
2011-09-18,41.446086,-71.621153,0.04659571346966544
2011-09-19,41.446086,-71.621153,0.0
2011-09-20,41.446086,-71.621153,1.8898799923416247
2011-09-21,41.446086,-71.621153,0.037719189447408256
2011-09-22,41.446086,-71.621153,0.8102577818539395
2011-09-23,41.446086,-71.621153,26.327008580372457
2011-09-24,41.446086,-71.621153,7.885561946549107
2011-09-25,41.446086,-71.621153,3.673503559890582
2011-09-26,41.446086,-71.621153,0.4478891841946953
2011-09-27,41.446086,-71.621153,0.03991958371013371
2011-09-28,41.446086,-71.621153,0.0
2011-09-29,41.446086,-71.621153,11.520401466943035
2011-09-30,41.446086,-71.621153,0.0
2011-10-01,41.446086,-71.621153,7.913887808391449
2011-10-02,41.446086,-71.621153,0.0
2011-10-03,41.446086,-71.621153,6.237847095509292
2011-10-04,41.446086,-71.621153,6.3431830110707965
2011-10-05,41.446086,-71.621153,0.0034183090462523574
2011-10-06,41.446086,-71.621153,0.0
2011-10-07,41.446086,-71.621153,0.0
2011-10-08,41.446086,-71.621153,0.0
2011-10-09,41.446086,-71.621153,0.0
2011-10-10,41.446086,-71.621153,0.0
2011-10-11,41.446086,-71.621153,14.919293936651684
2011-10-12,41.446086,-71.621153,5.70548057042807
2011-10-13,41.446086,-71.621153,22.578780812132823
2011-10-14,41.446086,-71.621153,18.44375902759557
2011-10-15,41.446086,-71.621153,0.20616488495490765
2011-10-16,41.446086,-71.621153,0.0004177277108123585
2011-10-17,41.446086,-71.621153,4.627658983032722
2011-10-18,41.446086,-71.621153,0.09595954452520628
2011-10-19,41.446086,-71.621153,33.60130261963185
2011-10-20,41.446086,-71.621153,5.4608069419475385
2011-10-21,41.446086,-71.621153,0.0
2011-10-22,41.446086,-71.621153,0.0
2011-10-23,41.446086,-71.621153,0.0
2011-10-24,41.446086,-71.621153,0.0
2011-10-25,41.446086,-71.621153,0.4269370179248312
2011-10-26,41.446086,-71.621153,2.5049543892215427
2011-10-27,41.446086,-71.621153,15.704817995942113
2011-10-28,41.446086,-71.621153,2.949538050617023
2011-10-29,41.446086,-71.621153,22.27030891773709
2011-10-30,41.446086,-71.621153,0.11360170269940402
2011-10-31,41.446086,-71.621153,0.03356032088726443
2011-11-01,41.446086,-71.621153,5.654297370757528
2011-11-02,41.446086,-71.621153,0.0
2011-11-03,41.446086,-71.621153,0.06732966154426095
2011-11-04,41.446086,-71.621153,0.5657708951318657
2011-11-05,41.446086,-71.621153,0.0
2011-11-06,41.446086,-71.621153,0.012884896319918878
2011-11-07,41.446086,-71.621153,0.0
2011-11-08,41.446086,-71.621153,0.0
2011-11-09,41.446086,-71.621153,0.0
2011-11-10,41.446086,-71.621153,14.120425937805502
2011-11-11,41.446086,-71.621153,0.524603417237464
2011-11-12,41.446086,-71.621153,0.037569140249095564
2011-11-13,41.446086,-71.621153,2.8078330477059192
2011-11-14,41.446086,-71.621153,0.4797907076809845
2011-11-15,41.446086,-71.621153,1.9355910722543281
2011-11-16,41.446086,-71.621153,21.211155782444145
2011-11-17,41.446086,-71.621153,15.141484206697044
2011-11-18,41.446086,-71.621153,0.007908453915331785
2011-11-19,41.446086,-71.621153,0.5364984616391307
2011-11-20,41.446086,-71.621153,0.07309182403105668
2011-11-21,41.446086,-71.621153,11.711742577059276
2011-11-22,41.446086,-71.621153,0.31947237951327256
2011-11-23,41.446086,-71.621153,41.5654996718393
2011-11-24,41.446086,-71.621153,0.0
2011-11-25,41.446086,-71.621153,0.09898979641374532
2011-11-26,41.446086,-71.621153,0.3451283544673775
2011-11-27,41.446086,-71.621153,0.08828301668036821
2011-11-28,41.446086,-71.621153,1.8159926737636054
2011-11-29,41.446086,-71.621153,0.000587099986877589
2011-11-30,41.446086,-71.621153,18.349542178051063
2011-12-01,41.446086,-71.621153,0.0
2011-12-02,41.446086,-71.621153,0.0
2011-12-03,41.446086,-71.621153,0.0
2011-12-04,41.446086,-71.621153,0.0
2011-12-05,41.446086,-71.621153,0.4059967036544149
2011-12-06,41.446086,-71.621153,9.331524234881508
2011-12-07,41.446086,-71.621153,38.180995720882024
2011-12-08,41.446086,-71.621153,2.0970035736534407
2011-12-09,41.446086,-71.621153,0.05370457285182748
2011-12-10,41.446086,-71.621153,3.7648549678043977
2011-12-11,41.446086,-71.621153,0.0
2011-12-12,41.446086,-71.621153,0.03779710077782117
2011-12-13,41.446086,-71.621153,0.03520504043491011
2011-12-14,41.446086,-71.621153,0.29359657487733254
2011-12-15,41.446086,-71.621153,6.850325807086891
2011-12-16,41.446086,-71.621153,3.6052386118154334
2011-12-17,41.446086,-71.621153,1.4156555917090439
2011-12-18,41.446086,-71.621153,0.0
2011-12-19,41.446086,-71.621153,0.027741674358020413
2011-12-20,41.446086,-71.621153,1.5531891728602398
2011-12-21,41.446086,-71.621153,8.884590243599265
2011-12-22,41.446086,-71.621153,4.4853505736781525
2011-12-23,41.446086,-71.621153,14.19429198816422
2011-12-24,41.446086,-71.621153,0.0
2011-12-25,41.446086,-71.621153,0.065486080238262
2011-12-26,41.446086,-71.621153,0.9635595932665069
2011-12-27,41.446086,-71.621153,10.039894787091566
2011-12-28,41.446086,-71.621153,16.735365583857206
2011-12-29,41.446086,-71.621153,0.07439054751262784
2011-12-30,41.446086,-71.621153,0.10226806554309652
2011-12-31,41.446086,-71.621153,10.768633811920775
2012-01-01,41.446086,-71.621153,0.0
2012-01-02,41.446086,-71.621153,5.361978637278259
2012-01-03,41.446086,-71.621153,0.08553475404706276
2012-01-04,41.446086,-71.621153,0.005430460162752801
2012-01-05,41.446086,-71.621153,0.33943371565573777
2012-01-06,41.446086,-71.621153,0.8721602590300266
2012-01-07,41.446086,-71.621153,0.0
2012-01-08,41.446086,-71.621153,0.17460006931261318
2012-01-09,41.446086,-71.621153,0.9492828754936427
2012-01-10,41.446086,-71.621153,0.42120514849177765
2012-01-11,41.446086,-71.621153,0.10159446705210895
2012-01-12,41.446086,-71.621153,45.57420404082814
2012-01-13,41.446086,-71.621153,0.4213878190518561
2012-01-14,41.446086,-71.621153,0.0
2012-01-15,41.446086,-71.621153,0.0
2012-01-16,41.446086,-71.621153,0.0029354998250320508
2012-01-17,41.446086,-71.621153,6.634445360099547
2012-01-18,41.446086,-71.621153,0.47653785802365456
2012-01-19,41.446086,-71.621153,0.21340043385987917
2012-01-20,41.446086,-71.621153,2.3431290842292527
2012-01-21,41.446086,-71.621153,6.793568270754075
2012-01-22,41.446086,-71.621153,0.40744976087828455
2012-01-23,41.446086,-71.621153,1.0810395617194923
2012-01-24,41.446086,-71.621153,9.123067779937479
2012-01-25,41.446086,-71.621153,0.00532163352790413
2012-01-26,41.446086,-71.621153,2.422845768979985
2012-01-27,41.446086,-71.621153,29.003290352152675
2012-01-28,41.446086,-71.621153,0.13738661238063565
2012-01-29,41.446086,-71.621153,0.27216502582173424
2012-01-30,41.446086,-71.621153,0.20452962915624107
2012-01-31,41.446086,-71.621153,0.1196574507170388
2012-02-01,41.446086,-71.621153,3.1084861967246944
2012-02-02,41.446086,-71.621153,2.852011777604913
2012-02-03,41.446086,-71.621153,0.429916061903688
2012-02-04,41.446086,-71.621153,0.009777836822434733
2012-02-05,41.446086,-71.621153,0.0
2012-02-06,41.446086,-71.621153,0.0
2012-02-07,41.446086,-71.621153,0.0
2012-02-08,41.446086,-71.621153,0.6172688608085316
2012-02-09,41.446086,-71.621153,0.08915206916784284
2012-02-10,41.446086,-71.621153,0.0
2012-02-11,41.446086,-71.621153,5.409503377074531
2012-02-12,41.446086,-71.621153,0.0
2012-02-13,41.446086,-71.621153,0.00011291485071015348
2012-02-14,41.446086,-71.621153,0.020373877885484174
2012-02-15,41.446086,-71.621153,0.0843772284456516
2012-02-16,41.446086,-71.621153,1.8996175645729165
2012-02-17,41.446086,-71.621153,0.13959528169549662
2012-02-18,41.446086,-71.621153,0.0
2012-02-19,41.446086,-71.621153,0.0014790128079214277
2012-02-20,41.446086,-71.621153,0.0
2012-02-21,41.446086,-71.621153,0.056455661854899045
2012-02-22,41.446086,-71.621153,1.145590716332737
2012-02-23,41.446086,-71.621153,2.000214078240153
2012-02-24,41.446086,-71.621153,18.72938370433097
2012-02-25,41.446086,-71.621153,5.428086259269252
2012-02-26,41.446086,-71.621153,0.0
2012-02-27,41.446086,-71.621153,0.0
2012-02-28,41.446086,-71.621153,0.0
2012-02-29,41.446086,-71.621153,6.5111769938515405
2012-03-01,41.446086,-71.621153,7.619634657768301
2012-03-02,41.446086,-71.621153,0.0
2012-03-03,41.446086,-71.621153,4.13728044754705
2012-03-04,41.446086,-71.621153,0.9088556232768269
2012-03-05,41.446086,-71.621153,5.645742535507674e-05
2012-03-06,41.446086,-71.621153,0.00013924257027078598
2012-03-07,41.446086,-71.621153,0.0
2012-03-08,41.446086,-71.621153,0.0
2012-03-09,41.446086,-71.621153,1.5760550588233146
2012-03-10,41.446086,-71.621153,0.0
2012-03-11,41.446086,-71.621153,0.0009746979140876506
2012-03-12,41.446086,-71.621153,0.00013924257027078598
2012-03-13,41.446086,-71.621153,3.2505024131348996
2012-03-14,41.446086,-71.621153,0.03714174443387099
2012-03-15,41.446086,-71.621153,0.007414957682209661
2012-03-16,41.446086,-71.621153,0.9350406019994509
2012-03-17,41.446086,-71.621153,0.0
2012-03-18,41.446086,-71.621153,0.0
2012-03-19,41.446086,-71.621153,0.0
2012-03-20,41.446086,-71.621153,0.0
2012-03-21,41.446086,-71.621153,0.0
2012-03-22,41.446086,-71.621153,0.0
2012-03-23,41.446086,-71.621153,0.00013924257027078598
2012-03-24,41.446086,-71.621153,0.484084608902914
2012-03-25,41.446086,-71.621153,5.073324391522614
2012-03-26,41.446086,-71.621153,0.09639175485526966
2012-03-27,41.446086,-71.621153,0.001385990846363071
2012-03-28,41.446086,-71.621153,15.036414607878163
2012-03-29,41.446086,-71.621153,0.7221810291176247
2012-03-30,41.446086,-71.621153,0.0003913999912517254
2012-03-31,41.446086,-71.621153,0.5205441079297363
2012-04-01,41.446086,-71.621153,2.8470912924286256
2012-04-02,41.446086,-71.621153,3.18539540721337
2012-04-03,41.446086,-71.621153,0.0
2012-04-04,41.446086,-71.621153,0.0
2012-04-05,41.446086,-71.621153,0.0
2012-04-06,41.446086,-71.621153,0.0
2012-04-07,41.446086,-71.621153,0.0
2012-04-08,41.446086,-71.621153,0.04869178206915771
2012-04-09,41.446086,-71.621153,0.09254808437061597
2012-04-10,41.446086,-71.621153,0.0003913999912517254
2012-04-11,41.446086,-71.621153,0.008557551504764435
2012-04-12,41.446086,-71.621153,2.880891290662795
2012-04-13,41.446086,-71.621153,0.0193564421407325
2012-04-14,41.446086,-71.621153,0.04601046867839523
2012-04-15,41.446086,-71.621153,7.382422692272442
2012-04-16,41.446086,-71.621153,0.053361850561310126
2012-04-17,41.446086,-71.621153,0.0
2012-04-18,41.446086,-71.621153,0.5222619594010183
2012-04-19,41.446086,-71.621153,2.6718395833843633
2012-04-20,41.446086,-71.621153,0.0
2012-04-21,41.446086,-71.621153,0.0
2012-04-22,41.446086,-71.621153,29.589477839032977
2012-04-23,41.446086,-71.621153,40.06005264846632
2012-04-24,41.446086,-71.621153,0.005543963385452284
2012-04-25,41.446086,-71.621153,0.0
2012-04-26,41.446086,-71.621153,0.20526540853583733
2012-04-27,41.446086,-71.621153,3.388383049302146
2012-04-28,41.446086,-71.621153,0.0
2012-04-29,41.446086,-71.621153,0.7768852655646445
2012-04-30,41.446086,-71.621153,0.0
2012-05-01,41.446086,-71.621153,13.927407277704127
2012-05-02,41.446086,-71.621153,0.004436457679630784
2012-05-03,41.446086,-71.621153,2.3455352317000853
2012-05-04,41.446086,-71.621153,1.8843526052955255
2012-05-05,41.446086,-71.621153,0.044446693256917566
2012-05-06,41.446086,-71.621153,1.4777929156857939
2012-05-07,41.446086,-71.621153,0.0
2012-05-08,41.446086,-71.621153,5.066718234072482
2012-05-09,41.446086,-71.621153,36.263471378843214
2012-05-10,41.446086,-71.621153,13.430389762891062
2012-05-11,41.446086,-71.621153,0.001385990846363071
2012-05-12,41.446086,-71.621153,0.0
2012-05-13,41.446086,-71.621153,4.030441941950128
2012-05-14,41.446086,-71.621153,2.29931561345073
2012-05-15,41.446086,-71.621153,4.6279895548448335
2012-05-16,41.446086,-71.621153,17.628197213628415
2012-05-17,41.446086,-71.621153,0.2173275530433962
2012-05-18,41.446086,-71.621153,0.022800049487159017
2012-05-19,41.446086,-71.621153,0.0
2012-05-20,41.446086,-71.621153,0.013313174756449232
2012-05-21,41.446086,-71.621153,2.2476046362647635
2012-05-22,41.446086,-71.621153,8.86383278637957
2012-05-23,41.446086,-71.621153,0.008614008930119512
2012-05-24,41.446086,-71.621153,0.4699578789923502
2012-05-25,41.446086,-71.621153,0.4746957620179475
2012-05-26,41.446086,-71.621153,0.280373254735759
2012-05-27,41.446086,-71.621153,0.17863801084865588
2012-05-28,41.446086,-71.621153,0.25721983845012786
2012-05-29,41.446086,-71.621153,0.0
2012-05-30,41.446086,-71.621153,4.889417341966727
2012-05-31,41.446086,-71.621153,0.0
2012-06-01,41.446086,-71.621153,0.0
2012-06-02,41.446086,-71.621153,10.73023302964364
2012-06-03,41.446086,-71.621153,2.2047377223221374
2012-06-04,41.446086,-71.621153,0.2365048573873927
2012-06-05,41.446086,-71.621153,2.470131554234558
2012-06-06,41.446086,-71.621153,0.3121505775884821
2012-06-07,41.446086,-71.621153,1.4777630274267968
2012-06-08,41.446086,-71.621153,0.001385990846363071
2012-06-09,41.446086,-71.621153,5.459172150364573
2012-06-10,41.446086,-71.621153,0.019608599561713437
2012-06-11,41.446086,-71.621153,0.0
2012-06-12,41.446086,-71.621153,6.9466456106725465
2012-06-13,41.446086,-71.621153,22.17310058096081
2012-06-14,41.446086,-71.621153,1.015887768280024
2012-06-15,41.446086,-71.621153,0.0
2012-06-16,41.446086,-71.621153,0.0
2012-06-17,41.446086,-71.621153,0.0
2012-06-18,41.446086,-71.621153,0.0
2012-06-19,41.446086,-71.621153,0.03291412686704187
2012-06-20,41.446086,-71.621153,0.0
2012-06-21,41.446086,-71.621153,0.0
2012-06-22,41.446086,-71.621153,0.16968935789754114
2012-06-23,41.446086,-71.621153,3.0361822673069576
2012-06-24,41.446086,-71.621153,0.0
2012-06-25,41.446086,-71.621153,46.55880302342354
2012-06-26,41.446086,-71.621153,0.010533412279298642
2012-06-27,41.446086,-71.621153,0.0
2012-06-28,41.446086,-71.621153,0.0
2012-06-29,41.446086,-71.621153,0.6545167163562928
2012-06-30,41.446086,-71.621153,0.11903987499156965
2012-07-01,41.446086,-71.621153,3.895972233918555
2012-07-02,41.446086,-71.621153,0.6674727617257554
2012-07-03,41.446086,-71.621153,1.4601062606226045
2012-07-04,41.446086,-71.621153,6.592841008687067
2012-07-05,41.446086,-71.621153,0.07219422137333785
2012-07-06,41.446086,-71.621153,1.0169393913940352
2012-07-07,41.446086,-71.621153,7.962166066977004
2012-07-08,41.446086,-71.621153,0.0
2012-07-09,41.446086,-71.621153,0.37563547591317736
2012-07-10,41.446086,-71.621153,0.002408659286195308
2012-07-11,41.446086,-71.621153,0.04101970855502829
2012-07-12,41.446086,-71.621153,0.0669143895110887
2012-07-13,41.446086,-71.621153,0.2649310736107947
2012-07-14,41.446086,-71.621153,5.09628768723721
2012-07-15,41.446086,-71.621153,4.168230422856262
2012-07-16,41.446086,-71.621153,6.775343842370268
2012-07-17,41.446086,-71.621153,0.06864618984191569
2012-07-18,41.446086,-71.621153,3.9128330299335574
2012-07-19,41.446086,-71.621153,2.7946350380389435
2012-07-20,41.446086,-71.621153,16.640676611417767
2012-07-21,41.446086,-71.621153,1.8990216538467592
2012-07-22,41.446086,-71.621153,0.0
2012-07-23,41.446086,-71.621153,1.309542589622879
2012-07-24,41.446086,-71.621153,3.2192378884132236
2012-07-25,41.446086,-71.621153,0.0
2012-07-26,41.446086,-71.621153,0.8847916481415263
2012-07-27,41.446086,-71.621153,4.674272569847671
2012-07-28,41.446086,-71.621153,7.372357168986146
2012-07-29,41.446086,-71.621153,14.990823141166144
2012-07-30,41.446086,-71.621153,2.7057920517611214
2012-07-31,41.446086,-71.621153,8.418164087885032
2012-08-01,41.446086,-71.621153,1.839739285296842
2012-08-02,41.446086,-71.621153,2.0125213528096446
2012-08-03,41.446086,-71.621153,0.17405251574645741
2012-08-04,41.446086,-71.621153,0.042921725623631446
2012-08-05,41.446086,-71.621153,0.66593882669224
2012-08-06,41.446086,-71.621153,8.5451979644018
2012-08-07,41.446086,-71.621153,0.34248426518877084
2012-08-08,41.446086,-71.621153,0.8105672305684496
2012-08-09,41.446086,-71.621153,0.0
2012-08-10,41.446086,-71.621153,12.694642590635485
2012-08-11,41.446086,-71.621153,2.328865087752144
2012-08-12,41.446086,-71.621153,9.026304464228597
2012-08-13,41.446086,-71.621153,0.1083504005113281
2012-08-14,41.446086,-71.621153,0.07234173726180378
2012-08-15,41.446086,-71.621153,11.486760702371544
2012-08-16,41.446086,-71.621153,26.524555408477934
2012-08-17,41.446086,-71.621153,0.0
2012-08-18,41.446086,-71.621153,14.640769943519185
2012-08-19,41.446086,-71.621153,0.4309770947078353
2012-08-20,41.446086,-71.621153,6.314534687913216
2012-08-21,41.446086,-71.621153,1.5265182950079388
2012-08-22,41.446086,-71.621153,0.6220906801922603
2012-08-23,41.446086,-71.621153,0.04132814696369409
2012-08-24,41.446086,-71.621153,0.4272885995827698
2012-08-25,41.446086,-71.621153,0.4386589975684866
2012-08-26,41.446086,-71.621153,0.18099073990121117
2012-08-27,41.446086,-71.621153,0.016365392575136577
2012-08-28,41.446086,-71.621153,2.9616290087622583
2012-08-29,41.446086,-71.621153,0.0
2012-08-30,41.446086,-71.621153,0.0
2012-08-31,41.446086,-71.621153,0.0
2012-09-01,41.446086,-71.621153,0.33353773060842345
2012-09-02,41.446086,-71.621153,0.0
2012-09-03,41.446086,-71.621153,0.0
2012-09-04,41.446086,-71.621153,15.063844333406104
2012-09-05,41.446086,-71.621153,16.180617336254496
2012-09-06,41.446086,-71.621153,0.48767250847339805
2012-09-07,41.446086,-71.621153,0.0
2012-09-08,41.446086,-71.621153,0.014989056412346347
2012-09-09,41.446086,-71.621153,4.212226105593035
2012-09-10,41.446086,-71.621153,0.0
2012-09-11,41.446086,-71.621153,0.0
2012-09-12,41.446086,-71.621153,0.0
2012-09-13,41.446086,-71.621153,0.0
2012-09-14,41.446086,-71.621153,0.0
2012-09-15,41.446086,-71.621153,3.9878670360165565
2012-09-16,41.446086,-71.621153,0.0
2012-09-17,41.446086,-71.621153,0.0
2012-09-18,41.446086,-71.621153,2.794370923314759
2012-09-19,41.446086,-71.621153,33.68678396548123
2012-09-20,41.446086,-71.621153,0.0
2012-09-21,41.446086,-71.621153,8.076347038949311
2012-09-22,41.446086,-71.621153,0.0
2012-09-23,41.446086,-71.621153,0.04126283800084373
2012-09-24,41.446086,-71.621153,0.0
2012-09-25,41.446086,-71.621153,0.0
2012-09-26,41.446086,-71.621153,0.1371057053746932
2012-09-27,41.446086,-71.621153,0.34329850731545686
2012-09-28,41.446086,-71.621153,18.76813519754426
2012-09-29,41.446086,-71.621153,14.002911135722561
2012-09-30,41.446086,-71.621153,12.371012701951047
2012-10-01,41.446086,-71.621153,0.0
2012-10-02,41.446086,-71.621153,13.448065404041756
2012-10-03,41.446086,-71.621153,0.5110652082242974
2012-10-04,41.446086,-71.621153,1.2570049439434607
2012-10-05,41.446086,-71.621153,0.7985836386344967
2012-10-06,41.446086,-71.621153,0.00028228711625936855
2012-10-07,41.446086,-71.621153,10.180282465273393
2012-10-08,41.446086,-71.621153,2.906906113457966
2012-10-09,41.446086,-71.621153,16.05225962443491
2012-10-10,41.446086,-71.621153,0.8624164260254648
2012-10-11,41.446086,-71.621153,0.0
2012-10-12,41.446086,-71.621153,0.05361391314148828
2012-10-13,41.446086,-71.621153,0.001385990846363071
2012-10-14,41.446086,-71.621153,1.3161071939670368
2012-10-15,41.446086,-71.621153,0.4949907510401358
2012-10-16,41.446086,-71.621153,3.7730928284980276
2012-10-17,41.446086,-71.621153,0.14828961808053046
2012-10-18,41.446086,-71.621153,0.2388990646825172
2012-10-19,41.446086,-71.621153,2.7826435365349917
2012-10-20,41.446086,-71.621153,24.445807296530567
2012-10-21,41.446086,-71.621153,0.0
2012-10-22,41.446086,-71.621153,0.0
2012-10-23,41.446086,-71.621153,0.7734141214162171
2012-10-24,41.446086,-71.621153,4.326232565173654
2012-10-25,41.446086,-71.621153,0.0
2012-10-26,41.446086,-71.621153,0.0
2012-10-27,41.446086,-71.621153,0.0
2012-10-28,41.446086,-71.621153,0.6637840905898144
2012-10-29,41.446086,-71.621153,3.3942658803753742
2012-10-30,41.446086,-71.621153,5.659162745005784
2012-10-31,41.446086,-71.621153,0.194665080586046
2012-11-01,41.446086,-71.621153,0.5534388503274584
2012-11-02,41.446086,-71.621153,2.2250441032648878
2012-11-03,41.446086,-71.621153,0.1660716990330669
2012-11-04,41.446086,-71.621153,0.001670910843249434
2012-11-05,41.446086,-71.621153,0.0
2012-11-06,41.446086,-71.621153,0.039409093475528637
2012-11-07,41.446086,-71.621153,24.330540260214544
2012-11-08,41.446086,-71.621153,7.424131462979066
2012-11-09,41.446086,-71.621153,0.0
2012-11-10,41.446086,-71.621153,0.057876357564667365
2012-11-11,41.446086,-71.621153,0.2998161579512698
2012-11-12,41.446086,-71.621153,0.0
2012-11-13,41.446086,-71.621153,1.2984635693653188
2012-11-14,41.446086,-71.621153,0.0008468613487781076
2012-11-15,41.446086,-71.621153,0.02913677281439987
2012-11-16,41.446086,-71.621153,7.679657590610385
2012-11-17,41.446086,-71.621153,0.019327344479878317
2012-11-18,41.446086,-71.621153,0.0
2012-11-19,41.446086,-71.621153,0.01374871313343956
2012-11-20,41.446086,-71.621153,0.008315945078178425
2012-11-21,41.446086,-71.621153,0.02069652603981359
2012-11-22,41.446086,-71.621153,0.0007904039760031067
2012-11-23,41.446086,-71.621153,0.0003349425658966487
2012-11-24,41.446086,-71.621153,0.03258271477931048
2012-11-25,41.446086,-71.621153,0.002390818544053018
2012-11-26,41.446086,-71.621153,0.33205016898974304
2012-11-27,41.446086,-71.621153,1.95145628731415
2012-11-28,41.446086,-71.621153,0.07462202924162376
2012-11-29,41.446086,-71.621153,0.01044785718257337
2012-11-30,41.446086,-71.621153,0.015112914504918012
2012-12-01,41.446086,-71.621153,0.5920470788349226
2012-12-02,41.446086,-71.621153,0.43143487794364904
2012-12-03,41.446086,-71.621153,2.2318826204223536
2012-12-04,41.446086,-71.621153,0.2710344883177237
2012-12-05,41.446086,-71.621153,0.025371820856866456
2012-12-06,41.446086,-71.621153,0.0
2012-12-07,41.446086,-71.621153,1.912632215172047
2012-12-08,41.446086,-71.621153,19.530668038211427
2012-12-09,41.446086,-71.621153,3.30751986112835
2012-12-10,41.446086,-71.621153,18.402738347294218
2012-12-11,41.446086,-71.621153,0.5515244050753593
2012-12-12,41.446086,-71.621153,0.7595907787339271
2012-12-13,41.446086,-71.621153,0.17007940429653984
2012-12-14,41.446086,-71.621153,0.009747842355501642
2012-12-15,41.446086,-71.621153,0.0004177277108123585
2012-12-16,41.446086,-71.621153,0.22068699863099273
2012-12-17,41.446086,-71.621153,17.510849920988747
2012-12-18,41.446086,-71.621153,16.528747226521794
2012-12-19,41.446086,-71.621153,0.028310717867729148
2012-12-20,41.446086,-71.621153,0.020165569842796584
2012-12-21,41.446086,-71.621153,26.05567635027813
2012-12-22,41.446086,-71.621153,0.03919190362177444
2012-12-23,41.446086,-71.621153,0.004440259655348581
2012-12-24,41.446086,-71.621153,5.645742535507674e-05
2012-12-25,41.446086,-71.621153,1.6087268319556505
2012-12-26,41.446086,-71.621153,9.429601192166295
2012-12-27,41.446086,-71.621153,24.402878959974103
2012-12-28,41.446086,-71.621153,0.0
2012-12-29,41.446086,-71.621153,15.703539118972154
2012-12-30,41.446086,-71.621153,5.668460211986185
2012-12-31,41.446086,-71.621153,0.18351400910406826
2013-01-01,41.446086,-71.621153,0.48988230257821125
2013-01-02,41.446086,-71.621153,1.593268724143512
2013-01-03,41.446086,-71.621153,3.305223396946373
2013-01-04,41.446086,-71.621153,0.0
2013-01-05,41.446086,-71.621153,0.0
2013-01-06,41.446086,-71.621153,2.1206457017283613
2013-01-07,41.446086,-71.621153,0.0
2013-01-08,41.446086,-71.621153,0.0
2013-01-09,41.446086,-71.621153,1.7438204584920052
2013-01-10,41.446086,-71.621153,0.0
2013-01-11,41.446086,-71.621153,1.2388840669428829
2013-01-12,41.446086,-71.621153,6.7055221283352715
2013-01-13,41.446086,-71.621153,0.47397874764781
2013-01-14,41.446086,-71.621153,1.0698286195908522
2013-01-15,41.446086,-71.621153,13.358953544738126
2013-01-16,41.446086,-71.621153,22.60100789429332
2013-01-17,41.446086,-71.621153,2.081221961430799
2013-01-18,41.446086,-71.621153,1.7407910027735247
2013-01-19,41.446086,-71.621153,0.022755433462291138
2013-01-20,41.446086,-71.621153,0.03093415305562676
2013-01-21,41.446086,-71.621153,0.15387801086543493
2013-01-22,41.446086,-71.621153,0.2633431542068969
2013-01-23,41.446086,-71.621153,0.0
2013-01-24,41.446086,-71.621153,0.0
2013-01-25,41.446086,-71.621153,0.08584756302213126
2013-01-26,41.446086,-71.621153,0.05980429869972159
2013-01-27,41.446086,-71.621153,0.08906270823828012
2013-01-28,41.446086,-71.621153,1.8779496038197954
2013-01-29,41.446086,-71.621153,2.7345004757724785
2013-01-30,41.446086,-71.621153,2.0267914980311956
2013-01-31,41.446086,-71.621153,13.946701048482096
2013-02-01,41.446086,-71.621153,0.0020886384762539433
2013-02-02,41.446086,-71.621153,0.0
2013-02-03,41.446086,-71.621153,0.0005043148419618789
2013-02-04,41.446086,-71.621153,0.00013924257027078598
2013-02-05,41.446086,-71.621153,0.0
2013-02-06,41.446086,-71.621153,0.0
2013-02-07,41.446086,-71.621153,0.0
2013-02-08,41.446086,-71.621153,87.78557388254536
2013-02-09,41.446086,-71.621153,47.201926540079874
2013-02-10,41.446086,-71.621153,0.0
2013-02-11,41.446086,-71.621153,1.1955962279459214
2013-02-12,41.446086,-71.621153,0.0
2013-02-13,41.446086,-71.621153,0.0
2013-02-14,41.446086,-71.621153,2.203857052695975
2013-02-15,41.446086,-71.621153,0.0
2013-02-16,41.446086,-71.621153,0.0499996822307258
2013-02-17,41.446086,-71.621153,2.5124660521237705
2013-02-18,41.446086,-71.621153,0.0
2013-02-19,41.446086,-71.621153,1.123415939191574
2013-02-20,41.446086,-71.621153,2.582843100800408
2013-02-21,41.446086,-71.621153,0.0
2013-02-22,41.446086,-71.621153,0.0
2013-02-23,41.446086,-71.621153,0.13495516083953385
2013-02-24,41.446086,-71.621153,3.7623423513419896
2013-02-25,41.446086,-71.621153,0.006200390432566685
2013-02-26,41.446086,-71.621153,0.0
2013-02-27,41.446086,-71.621153,16.98257316198827
2013-02-28,41.446086,-71.621153,0.08479466012783628
2013-03-01,41.446086,-71.621153,0.010446700184062529
2013-03-02,41.446086,-71.621153,0.0
2013-03-03,41.446086,-71.621153,0.001174199973755178
2013-03-04,41.446086,-71.621153,0.018570872216935496
2013-03-05,41.446086,-71.621153,0.0004177277108123585
2013-03-06,41.446086,-71.621153,0.054744690138404536
2013-03-07,41.446086,-71.621153,2.3591216253988763
2013-03-08,41.446086,-71.621153,2.035563981225503
2013-03-09,41.446086,-71.621153,0.5435070331899177
2013-03-10,41.446086,-71.621153,0.008654689630308887
2013-03-11,41.446086,-71.621153,0.37076829772920517
2013-03-12,41.446086,-71.621153,45.0205690918859
2013-03-13,41.446086,-71.621153,0.1885003625248482
2013-03-14,41.446086,-71.621153,0.0
2013-03-15,41.446086,-71.621153,0.4346678282548013
2013-03-16,41.446086,-71.621153,0.6495853621257249
2013-03-17,41.446086,-71.621153,0.4932514158793709
2013-03-18,41.446086,-71.621153,0.18848276463192506
2013-03-19,41.446086,-71.621153,4.014573439023739
2013-03-20,41.446086,-71.621153,0.0
2013-03-21,41.446086,-71.621153,0.014830627388658642
2013-03-22,41.446086,-71.621153,0.004327344815154443
2013-03-23,41.446086,-71.621153,0.0
2013-03-24,41.446086,-71.621153,0.0
2013-03-25,41.446086,-71.621153,0.2983627809397962
2013-03-26,41.446086,-71.621153,0.011101788487535178
2013-03-27,41.446086,-71.621153,0.008654689630308887
2013-03-28,41.446086,-71.621153,0.027733678643892028
2013-03-29,41.446086,-71.621153,0.0
2013-03-30,41.446086,-71.621153,0.0010349573775484404
2013-03-31,41.446086,-71.621153,0.6189326513408112
2013-04-01,41.446086,-71.621153,1.8909354986653018
2013-04-02,41.446086,-71.621153,0.00013924257027078598
2013-04-03,41.446086,-71.621153,0.0
2013-04-04,41.446086,-71.621153,0.0
2013-04-05,41.446086,-71.621153,1.9039807569141713
2013-04-06,41.446086,-71.621153,0.0
2013-04-07,41.446086,-71.621153,0.005793036029645674
2013-04-08,41.446086,-71.621153,0.0034183090462523574
2013-04-09,41.446086,-71.621153,0.7263641882279539
2013-04-10,41.446086,-71.621153,3.992836013230925
2013-04-11,41.446086,-71.621153,4.561603763707657
2013-04-12,41.446086,-71.621153,8.918166145180214
2013-04-13,41.446086,-71.621153,0.34444073484212473
2013-04-14,41.446086,-71.621153,0.0
2013-04-15,41.446086,-71.621153,0.02841553529185733
2013-04-16,41.446086,-71.621153,0.008315945078178425
2013-04-17,41.446086,-71.621153,1.0305983393774647
2013-04-18,41.446086,-71.621153,0.0
2013-04-19,41.446086,-71.621153,0.0
2013-04-20,41.446086,-71.621153,14.206513750353924
2013-04-21,41.446086,-71.621153,0.004917214743325582
2013-04-22,41.446086,-71.621153,0.11964081725554218
2013-04-23,41.446086,-71.621153,11.255967928414822
2013-04-24,41.446086,-71.621153,2.6740888408362387
2013-04-25,41.446086,-71.621153,0.07350256252429363
2013-04-26,41.446086,-71.621153,0.0
2013-04-27,41.446086,-71.621153,0.06632787020105278
2013-04-28,41.446086,-71.621153,0.0
2013-04-29,41.446086,-71.621153,0.3007990142679924
2013-04-30,41.446086,-71.621153,0.3724836762762228
2013-05-01,41.446086,-71.621153,0.0
2013-05-02,41.446086,-71.621153,0.00011291485071015348
2013-05-03,41.446086,-71.621153,0.0
2013-05-04,41.446086,-71.621153,0.007632739010696647
2013-05-05,41.446086,-71.621153,0.0
2013-05-06,41.446086,-71.621153,0.0
2013-05-07,41.446086,-71.621153,0.0
2013-05-08,41.446086,-71.621153,0.26905656013299006
2013-05-09,41.446086,-71.621153,7.84590585058134
2013-05-10,41.446086,-71.621153,0.027719815894617746
2013-05-11,41.446086,-71.621153,22.136729432495837
2013-05-12,41.446086,-71.621153,18.756685596330705
2013-05-13,41.446086,-71.621153,0.0
2013-05-14,41.446086,-71.621153,0.009608599785230857
2013-05-15,41.446086,-71.621153,1.7516497377777993
2013-05-16,41.446086,-71.621153,0.012359960195508403
2013-05-17,41.446086,-71.621153,0.036899279954640554
2013-05-18,41.446086,-71.621153,0.09156367509700714
2013-05-19,41.446086,-71.621153,8.427574512150796
2013-05-20,41.446086,-71.621153,1.7016796417635465
2013-05-21,41.446086,-71.621153,0.0
2013-05-22,41.446086,-71.621153,0.07757543955127759
2013-05-23,41.446086,-71.621153,0.017874344577055546
2013-05-24,41.446086,-71.621153,27.35986123928435
2013-05-25,41.446086,-71.621153,3.0018369906995015
2013-05-26,41.446086,-71.621153,0.19412596270738033
2013-05-27,41.446086,-71.621153,0.0
2013-05-28,41.446086,-71.621153,4.195659962548886
2013-05-29,41.446086,-71.621153,2.6039044188937823
2013-05-30,41.446086,-71.621153,0.16011455997722746
2013-05-31,41.446086,-71.621153,5.645742535507674e-05
2013-06-01,41.446086,-71.621153,0.0
2013-06-02,41.446086,-71.621153,0.03543381525864466
2013-06-03,41.446086,-71.621153,32.06550074259315
2013-06-04,41.446086,-71.621153,0.1721071351384676
2013-06-05,41.446086,-71.621153,0.0
2013-06-06,41.446086,-71.621153,0.3245570919364198
2013-06-07,41.446086,-71.621153,60.4404457942799
2013-06-08,41.446086,-71.621153,3.8722891183840127
2013-06-09,41.446086,-71.621153,0.0
2013-06-10,41.446086,-71.621153,24.565513600802397
2013-06-11,41.446086,-71.621153,38.757452605560715
2013-06-12,41.446086,-71.621153,0.030739272929814335
2013-06-13,41.446086,-71.621153,9.352262168126162
2013-06-14,41.446086,-71.621153,14.593136049454074
2013-06-15,41.446086,-71.621153,0.0
2013-06-16,41.446086,-71.621153,1.147444624425268
2013-06-17,41.446086,-71.621153,0.37139067561052747
2013-06-18,41.446086,-71.621153,7.243516062766113
2013-06-19,41.446086,-71.621153,16.714946281735333
2013-06-20,41.446086,-71.621153,0.0
2013-06-21,41.446086,-71.621153,0.0
2013-06-22,41.446086,-71.621153,0.0
2013-06-23,41.446086,-71.621153,0.01986352628727824
2013-06-24,41.446086,-71.621153,0.09408286898763478
2013-06-25,41.446086,-71.621153,0.17218542933745612
2013-06-26,41.446086,-71.621153,2.133545874472565
2013-06-27,41.446086,-71.621153,0.7739483772978113
2013-06-28,41.446086,-71.621153,6.708997807730717
2013-06-29,41.446086,-71.621153,8.98078697910222
2013-06-30,41.446086,-71.621153,1.6661791409739357
2013-07-01,41.446086,-71.621153,4.933177686853103
2013-07-02,41.446086,-71.621153,4.2516205280632065
2013-07-03,41.446086,-71.621153,1.2371860825548002
2013-07-04,41.446086,-71.621153,0.03266183611275728
2013-07-05,41.446086,-71.621153,0.0
2013-07-06,41.446086,-71.621153,0.004361857349447906
2013-07-07,41.446086,-71.621153,0.004327344815154443
2013-07-08,41.446086,-71.621153,0.0
2013-07-09,41.446086,-71.621153,9.864112465015236
2013-07-10,41.446086,-71.621153,0.021958208621284635
2013-07-11,41.446086,-71.621153,10.811695420561746
2013-07-12,41.446086,-71.621153,0.9501987110516609
2013-07-13,41.446086,-71.621153,0.8730623034275364
2013-07-14,41.446086,-71.621153,0.03826100844201902
2013-07-15,41.446086,-71.621153,0.030491799136309405
2013-07-16,41.446086,-71.621153,0.0
2013-07-17,41.446086,-71.621153,0.023928163960476187
2013-07-18,41.446086,-71.621153,0.03801912721958829
2013-07-19,41.446086,-71.621153,0.023089800252955973
2013-07-20,41.446086,-71.621153,0.00016937227606523048
2013-07-21,41.446086,-71.621153,3.548309225720722
2013-07-22,41.446086,-71.621153,1.9478570864252913
2013-07-23,41.446086,-71.621153,4.033490413171198
2013-07-24,41.446086,-71.621153,1.9656496904115364
2013-07-25,41.446086,-71.621153,10.770578884323083
2013-07-26,41.446086,-71.621153,17.889435916182588
2013-07-27,41.446086,-71.621153,0.0
2013-07-28,41.446086,-71.621153,2.797438097986962
2013-07-29,41.446086,-71.621153,0.64164181554352
2013-07-30,41.446086,-71.621153,0.0
2013-07-31,41.446086,-71.621153,0.012977349579762813
2013-08-01,41.446086,-71.621153,3.776965033115729
2013-08-02,41.446086,-71.621153,10.051158203813559
2013-08-03,41.446086,-71.621153,7.1621288078610466
2013-08-04,41.446086,-71.621153,0.20059939210109765
2013-08-05,41.446086,-71.621153,0.11403317040147087
2013-08-06,41.446086,-71.621153,0.005543963385452284
2013-08-07,41.446086,-71.621153,0.0022278811243325756
2013-08-08,41.446086,-71.621153,1.8394224838506767
2013-08-09,41.446086,-71.621153,14.459104072499164
2013-08-10,41.446086,-71.621153,0.2628267067207144
2013-08-11,41.446086,-71.621153,0.0
2013-08-12,41.446086,-71.621153,0.22720385545994476
2013-08-13,41.446086,-71.621153,16.013861292511553
2013-08-14,41.446086,-71.621153,0.00039520198800155337
2013-08-15,41.446086,-71.621153,0.0
2013-08-16,41.446086,-71.621153,0.0
2013-08-17,41.446086,-71.621153,0.11779163024069453
2013-08-18,41.446086,-71.621153,4.328154361198665
2013-08-19,41.446086,-71.621153,2.418044699095386
2013-08-20,41.446086,-71.621153,1.7603199470347062
2013-08-21,41.446086,-71.621153,0.0
2013-08-22,41.446086,-71.621153,5.352754303504271
2013-08-23,41.446086,-71.621153,0.2940424944341174
2013-08-24,41.446086,-71.621153,0.1329796485547198
2013-08-25,41.446086,-71.621153,0.0
2013-08-26,41.446086,-71.621153,2.9655126018360223
2013-08-27,41.446086,-71.621153,32.702061752428975
2013-08-28,41.446086,-71.621153,0.0
2013-08-29,41.446086,-71.621153,0.0726659998660935
2013-08-30,41.446086,-71.621153,0.025727413418459286
2013-08-31,41.446086,-71.621153,0.6287228320555482
2013-09-01,41.446086,-71.621153,6.474515169217851
2013-09-02,41.446086,-71.621153,11.744298321213696
2013-09-03,41.446086,-71.621153,33.20884151633335
2013-09-04,41.446086,-71.621153,0.9890139351783032
2013-09-05,41.446086,-71.621153,1.4400434949135958
2013-09-06,41.446086,-71.621153,0.3025380517608176
2013-09-07,41.446086,-71.621153,0.0
2013-09-08,41.446086,-71.621153,0.82387219449289
2013-09-09,41.446086,-71.621153,2.0035678500037077
2013-09-10,41.446086,-71.621153,0.6518584626044923
2013-09-11,41.446086,-71.621153,0.0
2013-09-12,41.446086,-71.621153,0.04311458214996931
2013-09-13,41.446086,-71.621153,3.777888997881629
2013-09-14,41.446086,-71.621153,0.0
2013-09-15,41.446086,-71.621153,0.015204904483924028
2013-09-16,41.446086,-71.621153,2.142351971884751
2013-09-17,41.446086,-71.621153,0.0
2013-09-18,41.446086,-71.621153,0.0
2013-09-19,41.446086,-71.621153,0.0
2013-09-20,41.446086,-71.621153,0.0
2013-09-21,41.446086,-71.621153,0.0
2013-09-22,41.446086,-71.621153,15.612713512932844
2013-09-23,41.446086,-71.621153,0.0
2013-09-24,41.446086,-71.621153,0.0
2013-09-25,41.446086,-71.621153,0.0
2013-09-26,41.446086,-71.621153,0.0
2013-09-27,41.446086,-71.621153,0.0
2013-09-28,41.446086,-71.621153,0.0
2013-09-29,41.446086,-71.621153,0.0
2013-09-30,41.446086,-71.621153,0.0
2013-10-01,41.446086,-71.621153,0.0
2013-10-02,41.446086,-71.621153,0.0
2013-10-03,41.446086,-71.621153,0.0
2013-10-04,41.446086,-71.621153,0.001385990846363071
2013-10-05,41.446086,-71.621153,6.541242358463612
2013-10-06,41.446086,-71.621153,0.7557812624104768
2013-10-07,41.446086,-71.621153,0.0
2013-10-08,41.446086,-71.621153,0.3403503198858233
2013-10-09,41.446086,-71.621153,0.010914434256538347
2013-10-10,41.446086,-71.621153,1.5260331211562135
2013-10-11,41.446086,-71.621153,0.019217199570461713
2013-10-12,41.446086,-71.621153,1.8189354652054641
2013-10-13,41.446086,-71.621153,0.0
2013-10-14,41.446086,-71.621153,0.017141430703153552
2013-10-15,41.446086,-71.621153,0.0
2013-10-16,41.446086,-71.621153,0.7191888552090053
2013-10-17,41.446086,-71.621153,0.01663189015635685
2013-10-18,41.446086,-71.621153,0.06187080491217872
2013-10-19,41.446086,-71.621153,0.22841358121753996
2013-10-20,41.446086,-71.621153,3.063646989217435
2013-10-21,41.446086,-71.621153,0.0
2013-10-22,41.446086,-71.621153,0.0
2013-10-23,41.446086,-71.621153,3.0389484128157767
2013-10-24,41.446086,-71.621153,0.07520280029097125
2013-10-25,41.446086,-71.621153,0.0034183090462523574
2013-10-26,41.446086,-71.621153,0.0
2013-10-27,41.446086,-71.621153,0.05681658732703879
2013-10-28,41.446086,-71.621153,0.0
2013-10-29,41.446086,-71.621153,0.03127750856888875
2013-10-30,41.446086,-71.621153,2.25958934527608
2013-10-31,41.446086,-71.621153,0.696244855688962
2013-11-01,41.446086,-71.621153,5.591035815711652
2013-11-02,41.446086,-71.621153,0.13830858416270023
2013-11-03,41.446086,-71.621153,5.078066972655825
2013-11-04,41.446086,-71.621153,0.0
2013-11-05,41.446086,-71.621153,0.06340474738044148
2013-11-06,41.446086,-71.621153,0.41629492866343126
2013-11-07,41.446086,-71.621153,25.762510169711906
2013-11-08,41.446086,-71.621153,0.0
2013-11-09,41.446086,-71.621153,0.79690988658804
2013-11-10,41.446086,-71.621153,0.054371512100046225
2013-11-11,41.446086,-71.621153,0.31123781134263956
2013-11-12,41.446086,-71.621153,4.452698842302914
2013-11-13,41.446086,-71.621153,1.050897850774302
2013-11-14,41.446086,-71.621153,0.012179025513086798
2013-11-15,41.446086,-71.621153,0.06763195344333592
2013-11-16,41.446086,-71.621153,0.5870955971649319
2013-11-17,41.446086,-71.621153,0.10885115719301136
2013-11-18,41.446086,-71.621153,6.349547686321689
2013-11-19,41.446086,-71.621153,0.0
2013-11-20,41.446086,-71.621153,0.0011177425378840855
2013-11-21,41.446086,-71.621153,0.039943541649027206
2013-11-22,41.446086,-71.621153,3.3359833219697945
2013-11-23,41.446086,-71.621153,1.1907697756433682
2013-11-24,41.446086,-71.621153,0.02768521690111729
2013-11-25,41.446086,-71.621153,0.0
2013-11-26,41.446086,-71.621153,6.749749858425681
2013-11-27,41.446086,-71.621153,58.4837811060608
2013-11-28,41.446086,-71.621153,0.7043033668138309
2013-11-29,41.446086,-71.621153,0.13239947151803616
2013-11-30,41.446086,-71.621153,0.010103256954612873
2013-12-01,41.446086,-71.621153,1.1227884581705125
2013-12-02,41.446086,-71.621153,0.057382982090138604
2013-12-03,41.446086,-71.621153,0.08951441787240991
2013-12-04,41.446086,-71.621153,0.03252858216576611
2013-12-05,41.446086,-71.621153,0.186302261711449
2013-12-06,41.446086,-71.621153,13.645722605650166
2013-12-07,41.446086,-71.621153,22.89502905853476
2013-12-08,41.446086,-71.621153,0.07857619415936079
2013-12-09,41.446086,-71.621153,0.7665559110334584
2013-12-10,41.446086,-71.621153,6.346658585260275
2013-12-11,41.446086,-71.621153,0.02099255408365411
2013-12-12,41.446086,-71.621153,0.005562384922891818
2013-12-13,41.446086,-71.621153,0.014480939636730734
2013-12-14,41.446086,-71.621153,0.1385602772903064
2013-12-15,41.446086,-71.621153,8.686296595423821
2013-12-16,41.446086,-71.621153,0.06938276337348238
2013-12-17,41.446086,-71.621153,1.060706080330054
2013-12-18,41.446086,-71.621153,0.83042811026886
2013-12-19,41.446086,-71.621153,0.12603128635995445
2013-12-20,41.446086,-71.621153,0.958358885016231
2013-12-21,41.446086,-71.621153,0.8951055601712495
2013-12-22,41.446086,-71.621153,1.7724381264015727
2013-12-23,41.446086,-71.621153,27.84278969370371
2013-12-24,41.446086,-71.621153,6.370563523584451
2013-12-25,41.446086,-71.621153,0.8212976977525557
2013-12-26,41.446086,-71.621153,0.1344635741208669
2013-12-27,41.446086,-71.621153,0.0
2013-12-28,41.446086,-71.621153,0.004868223707837634
2013-12-29,41.446086,-71.621153,30.638215660970708
2013-12-30,41.446086,-71.621153,0.15649638158892593
2013-12-31,41.446086,-71.621153,0.0
2014-01-01,41.446086,-71.621153,0.2222727761136938
2014-01-02,41.446086,-71.621153,0.3563457994577735
2014-01-03,41.446086,-71.621153,6.002666950345496
2014-01-04,41.446086,-71.621153,0.0
2014-01-05,41.446086,-71.621153,0.28707801670508676
2014-01-06,41.446086,-71.621153,5.431491304813263
2014-01-07,41.446086,-71.621153,0.5526210877403037
2014-01-08,41.446086,-71.621153,0.0
2014-01-09,41.446086,-71.621153,0.14558031820268252
2014-01-10,41.446086,-71.621153,0.25249969958598323
2014-01-11,41.446086,-71.621153,14.0342675648407
2014-01-12,41.446086,-71.621153,14.021885434909613
2014-01-13,41.446086,-71.621153,0.007045199696723181
2014-01-14,41.446086,-71.621153,64.3417765446035
2014-01-15,41.446086,-71.621153,1.3177617370789225
2014-01-16,41.446086,-71.621153,2.798565948871629
2014-01-17,41.446086,-71.621153,0.023846764385058568
2014-01-18,41.446086,-71.621153,2.458160300481222
2014-01-19,41.446086,-71.621153,0.01262397778106122
2014-01-20,41.446086,-71.621153,0.11408988167836759
2014-01-21,41.446086,-71.621153,0.3899373655061592
2014-01-22,41.446086,-71.621153,0.04117800107643533
2014-01-23,41.446086,-71.621153,0.0
2014-01-24,41.446086,-71.621153,0.0
2014-01-25,41.446086,-71.621153,0.8993197694634736
2014-01-26,41.446086,-71.621153,0.1171616391180127
2014-01-27,41.446086,-71.621153,0.45475426222120574
2014-01-28,41.446086,-71.621153,0.7011952761079752
2014-01-29,41.446086,-71.621153,0.25841718054680607
2014-01-30,41.446086,-71.621153,0.0
2014-01-31,41.446086,-71.621153,1.3581771344384794
2014-02-01,41.446086,-71.621153,0.4100681941755006
2014-02-02,41.446086,-71.621153,0.034667022912269446
2014-02-03,41.446086,-71.621153,16.555802733781345
2014-02-04,41.446086,-71.621153,0.0
2014-02-05,41.446086,-71.621153,43.43016954136397
2014-02-06,41.446086,-71.621153,0.40147358661934945
2014-02-07,41.446086,-71.621153,0.0
2014-02-08,41.446086,-71.621153,0.0
2014-02-09,41.446086,-71.621153,0.2495365520991961
2014-02-10,41.446086,-71.621153,1.938524569395084
2014-02-11,41.446086,-71.621153,0.0
2014-02-12,41.446086,-71.621153,0.0
2014-02-13,41.446086,-71.621153,36.831914784920784
2014-02-14,41.446086,-71.621153,15.46046967577557
2014-02-15,41.446086,-71.621153,7.266398972579064
2014-02-16,41.446086,-71.621153,1.5665739842097932
2014-02-17,41.446086,-71.621153,0.0
2014-02-18,41.446086,-71.621153,0.32298330891064725
2014-02-19,41.446086,-71.621153,4.522160786092317
2014-02-20,41.446086,-71.621153,1.4080553908653082
2014-02-21,41.446086,-71.621153,15.670098764970867
2014-02-22,41.446086,-71.621153,0.3061276119654907
2014-02-23,41.446086,-71.621153,0.0
2014-02-24,41.446086,-71.621153,0.21544297061753892
2014-02-25,41.446086,-71.621153,0.0
2014-02-26,41.446086,-71.621153,0.0069758606627755
2014-02-27,41.446086,-71.621153,0.0
2014-02-28,41.446086,-71.621153,0.0
2014-03-01,41.446086,-71.621153,0.00011291485071015348
2014-03-02,41.446086,-71.621153,0.1570751418369885
2014-03-03,41.446086,-71.621153,1.4532835115166134
2014-03-04,41.446086,-71.621153,0.0
2014-03-05,41.446086,-71.621153,0.0
2014-03-06,41.446086,-71.621153,0.0
2014-03-07,41.446086,-71.621153,0.009177412794128068
2014-03-08,41.446086,-71.621153,0.033400670409674975
2014-03-09,41.446086,-71.621153,0.4040262205620087
2014-03-10,41.446086,-71.621153,2.178223222906456
2014-03-11,41.446086,-71.621153,0.06458960583891862
2014-03-12,41.446086,-71.621153,8.012748159791968
2014-03-13,41.446086,-71.621153,3.6102401258179997
2014-03-14,41.446086,-71.621153,0.00022582970142030696
2014-03-15,41.446086,-71.621153,1.5703083135444926
2014-03-16,41.446086,-71.621153,0.018017880744559005
2014-03-17,41.446086,-71.621153,0.7789568616003844
2014-03-18,41.446086,-71.621153,0.0
2014-03-19,41.446086,-71.621153,0.0
2014-03-20,41.446086,-71.621153,4.8130356825208125
2014-03-21,41.446086,-71.621153,0.0
2014-03-22,41.446086,-71.621153,0.0022278811243325756
2014-03-23,41.446086,-71.621153,0.09382758970663663
2014-03-24,41.446086,-71.621153,0.0018028355515165375
2014-03-25,41.446086,-71.621153,2.1118086027839746
2014-03-26,41.446086,-71.621153,6.525179108881865
2014-03-27,41.446086,-71.621153,0.00011291485071015348
2014-03-28,41.446086,-71.621153,1.3155842893419556
2014-03-29,41.446086,-71.621153,37.53905552070269
2014-03-30,41.446086,-71.621153,86.00867658711026
2014-03-31,41.446086,-71.621153,0.10849517126695063
2014-04-01,41.446086,-71.621153,0.0034183090462523574
2014-04-02,41.446086,-71.621153,3.2169671860933713
2014-04-03,41.446086,-71.621153,0.0
2014-04-04,41.446086,-71.621153,1.3489543509908368
2014-04-05,41.446086,-71.621153,2.5718621013900758
2014-04-06,41.446086,-71.621153,0.0
2014-04-07,41.446086,-71.621153,2.8000852004584678
2014-04-08,41.446086,-71.621153,15.508816691400877
2014-04-09,41.446086,-71.621153,0.012233152067633224
2014-04-10,41.446086,-71.621153,0.0
2014-04-11,41.446086,-71.621153,0.5663609753272857
2014-04-12,41.446086,-71.621153,0.15409036033180287
2014-04-13,41.446086,-71.621153,0.022473297309605036
2014-04-14,41.446086,-71.621153,0.012473917359106721
2014-04-15,41.446086,-71.621153,21.098062457933384
2014-04-16,41.446086,-71.621153,31.800328619342153
2014-04-17,41.446086,-71.621153,0.0
2014-04-18,41.446086,-71.621153,0.007326020665965327
2014-04-19,41.446086,-71.621153,0.275348110917235
2014-04-20,41.446086,-71.621153,0.0
2014-04-21,41.446086,-71.621153,0.003266640550502741
2014-04-22,41.446086,-71.621153,0.2361420564122373
2014-04-23,41.446086,-71.621153,5.394236652464431
2014-04-24,41.446086,-71.621153,0.0
2014-04-25,41.446086,-71.621153,0.062137763644662336
2014-04-26,41.446086,-71.621153,10.500888578898044
2014-04-27,41.446086,-71.621153,0.05091864242877542
2014-04-28,41.446086,-71.621153,0.0
2014-04-29,41.446086,-71.621153,0.4828144231463526
2014-04-30,41.446086,-71.621153,49.2150565734396
2014-05-01,41.446086,-71.621153,27.506062989578812
2014-05-02,41.446086,-71.621153,0.049543202479707456
2014-05-03,41.446086,-71.621153,0.0
2014-05-04,41.446086,-71.621153,0.0
2014-05-05,41.446086,-71.621153,0.002088638683741541
2014-05-06,41.446086,-71.621153,0.033815246339409855
2014-05-07,41.446086,-71.621153,2.661689907426875
2014-05-08,41.446086,-71.621153,0.37801680448183417
2014-05-09,41.446086,-71.621153,0.35085535170800786
2014-05-10,41.446086,-71.621153,1.3908056286064738
2014-05-11,41.446086,-71.621153,4.798254764067915
2014-05-12,41.446086,-71.621153,0.0
2014-05-13,41.446086,-71.621153,0.0
2014-05-14,41.446086,-71.621153,0.0
2014-05-15,41.446086,-71.621153,0.0
2014-05-16,41.446086,-71.621153,0.03987469923526174
2014-05-17,41.446086,-71.621153,20.22553475684126
2014-05-18,41.446086,-71.621153,0.0004177277108123585
2014-05-19,41.446086,-71.621153,0.0
2014-05-20,41.446086,-71.621153,0.46910310947174416
2014-05-21,41.446086,-71.621153,0.011696374969051807
2014-05-22,41.446086,-71.621153,13.85566021089982
2014-05-23,41.446086,-71.621153,0.00499926477828339
2014-05-24,41.446086,-71.621153,0.03603576148911801
2014-05-25,41.446086,-71.621153,0.32705424594603166
2014-05-26,41.446086,-71.621153,1.3809504410461222
2014-05-27,41.446086,-71.621153,1.1111132921889866
2014-05-28,41.446086,-71.621153,2.9093222021149048
2014-05-29,41.446086,-71.621153,0.007199364287920837
2014-05-30,41.446086,-71.621153,0.01040253018761544
2014-05-31,41.446086,-71.621153,3.5544615355946925
2014-06-01,41.446086,-71.621153,0.0
2014-06-02,41.446086,-71.621153,0.0
2014-06-03,41.446086,-71.621153,0.0
2014-06-04,41.446086,-71.621153,0.09209954153543123
2014-06-05,41.446086,-71.621153,5.4663602058966285
2014-06-06,41.446086,-71.621153,0.0
2014-06-07,41.446086,-71.621153,0.011229625793298215
2014-06-08,41.446086,-71.621153,0.0011139405621662878
2014-06-09,41.446086,-71.621153,12.777963669061554
2014-06-10,41.446086,-71.621153,1.8345701888383432
2014-06-11,41.446086,-71.621153,0.5137587203371315
2014-06-12,41.446086,-71.621153,0.34848003919751525
2014-06-13,41.446086,-71.621153,8.629149228404065
2014-06-14,41.446086,-71.621153,0.5445421540098693
2014-06-15,41.446086,-71.621153,0.0
2014-06-16,41.446086,-71.621153,0.0
2014-06-17,41.446086,-71.621153,0.019216608651633632
2014-06-18,41.446086,-71.621153,0.02882579935569257
2014-06-19,41.446086,-71.621153,7.295637568235317
2014-06-20,41.446086,-71.621153,0.0
2014-06-21,41.446086,-71.621153,0.0
2014-06-22,41.446086,-71.621153,0.0
2014-06-23,41.446086,-71.621153,0.000835455421624717
2014-06-24,41.446086,-71.621153,0.07376380079305299
2014-06-25,41.446086,-71.621153,0.0
2014-06-26,41.446086,-71.621153,8.14060305843463
2014-06-27,41.446086,-71.621153,0.0
2014-06-28,41.446086,-71.621153,0.0
2014-06-29,41.446086,-71.621153,0.1078890927205937
2014-06-30,41.446086,-71.621153,0.0017876276388375122
2014-07-01,41.446086,-71.621153,0.0
2014-07-02,41.446086,-71.621153,0.1358070324518615
2014-07-03,41.446086,-71.621153,0.0020295482585957368
2014-07-04,41.446086,-71.621153,60.857603848052854
2014-07-05,41.446086,-71.621153,3.542341549813624
2014-07-06,41.446086,-71.621153,0.0
2014-07-07,41.446086,-71.621153,0.12293169292658651
2014-07-08,41.446086,-71.621153,0.0
2014-07-09,41.446086,-71.621153,0.02950211765663465
2014-07-10,41.446086,-71.621153,5.968498628402905
2014-07-11,41.446086,-71.621153,9.177282471308434
2014-07-12,41.446086,-71.621153,0.0
2014-07-13,41.446086,-71.621153,0.06106990712092781
2014-07-14,41.446086,-71.621153,2.114044153258636
2014-07-15,41.446086,-71.621153,6.8585580582151096
2014-07-16,41.446086,-71.621153,19.976769027061913
2014-07-17,41.446086,-71.621153,2.6959883186645546
2014-07-18,41.446086,-71.621153,0.0
2014-07-19,41.446086,-71.621153,2.001429165297964
2014-07-20,41.446086,-71.621153,1.3324126997965906
2014-07-21,41.446086,-71.621153,0.0006210316894218574
2014-07-22,41.446086,-71.621153,0.0
2014-07-23,41.446086,-71.621153,0.008067001234989993
2014-07-24,41.446086,-71.621153,1.5093528995407721
2014-07-25,41.446086,-71.621153,0.060883237389145285
2014-07-26,41.446086,-71.621153,1.091417102789348
2014-07-27,41.446086,-71.621153,0.8021527978424432
2014-07-28,41.446086,-71.621153,2.6672694185727233
2014-07-29,41.446086,-71.621153,0.0
2014-07-30,41.446086,-71.621153,0.0
2014-07-31,41.446086,-71.621153,0.0
2014-08-01,41.446086,-71.621153,1.0271253041260455
2014-08-02,41.446086,-71.621153,48.83946301114707
2014-08-03,41.446086,-71.621153,4.231510053061367
2014-08-04,41.446086,-71.621153,0.15070878176635125
2014-08-05,41.446086,-71.621153,0.0
2014-08-06,41.446086,-71.621153,0.0
2014-08-07,41.446086,-71.621153,0.8896675191088806
2014-08-08,41.446086,-71.621153,0.0
2014-08-09,41.446086,-71.621153,0.0
2014-08-10,41.446086,-71.621153,0.0
2014-08-11,41.446086,-71.621153,0.0
2014-08-12,41.446086,-71.621153,1.5640614512626168
2014-08-13,41.446086,-71.621153,25.423763198806853
2014-08-14,41.446086,-71.621153,0.0
2014-08-15,41.446086,-71.621153,0.0
2014-08-16,41.446086,-71.621153,2.1937795903298705
2014-08-17,41.446086,-71.621153,0.4334407330168176
2014-08-18,41.446086,-71.621153,0.0
2014-08-19,41.446086,-71.621153,0.0
2014-08-20,41.446086,-71.621153,0.0
2014-08-21,41.446086,-71.621153,0.43234976744104753
2014-08-22,41.446086,-71.621153,0.7292138431883569
2014-08-23,41.446086,-71.621153,0.24907526149487025
2014-08-24,41.446086,-71.621153,0.0
2014-08-25,41.446086,-71.621153,0.0
2014-08-26,41.446086,-71.621153,0.0
2014-08-27,41.446086,-71.621153,0.0
2014-08-28,41.446086,-71.621153,0.0
2014-08-29,41.446086,-71.621153,0.0
2014-08-30,41.446086,-71.621153,0.0
2014-08-31,41.446086,-71.621153,1.9951956266177753
2014-09-01,41.446086,-71.621153,3.736904176957699
2014-09-02,41.446086,-71.621153,0.0639530664935603
2014-09-03,41.446086,-71.621153,0.0
2014-09-04,41.446086,-71.621153,0.0
2014-09-05,41.446086,-71.621153,0.000978499941677348
2014-09-06,41.446086,-71.621153,0.03783867572673468
2014-09-07,41.446086,-71.621153,0.670782127432265
2014-09-08,41.446086,-71.621153,0.0
2014-09-09,41.446086,-71.621153,2.6769248528403873
2014-09-10,41.446086,-71.621153,0.0
2014-09-11,41.446086,-71.621153,0.007689196436051724
2014-09-12,41.446086,-71.621153,0.00016937227606523048
2014-09-13,41.446086,-71.621153,3.357100554400627
2014-09-14,41.446086,-71.621153,0.5232792668008106
2014-09-15,41.446086,-71.621153,0.0
2014-09-16,41.446086,-71.621153,0.03875981930514002
2014-09-17,41.446086,-71.621153,0.0
2014-09-18,41.446086,-71.621153,0.0
2014-09-19,41.446086,-71.621153,0.0
2014-09-20,41.446086,-71.621153,0.0
2014-09-21,41.446086,-71.621153,1.811905312945635
2014-09-22,41.446086,-71.621153,0.10846766068617886
2014-09-23,41.446086,-71.621153,0.0
2014-09-24,41.446086,-71.621153,0.004804299892615428
2014-09-25,41.446086,-71.621153,8.759366017335703
2014-09-26,41.446086,-71.621153,7.90473974232447
2014-09-27,41.446086,-71.621153,0.0
2014-09-28,41.446086,-71.621153,0.0
2014-09-29,41.446086,-71.621153,0.904084106025229
2014-09-30,41.446086,-71.621153,7.188474122003541
2014-10-01,41.446086,-71.621153,6.963150591577893
2014-10-02,41.446086,-71.621153,3.8670107626043153
2014-10-03,41.446086,-71.621153,0.0
2014-10-04,41.446086,-71.621153,1.9766471293790797
2014-10-05,41.446086,-71.621153,0.0005569702810831439
2014-10-06,41.446086,-71.621153,0.0
2014-10-07,41.446086,-71.621153,0.020509854277514145
2014-10-08,41.446086,-71.621153,4.899816398736795
2014-10-09,41.446086,-71.621153,0.0
2014-10-10,41.446086,-71.621153,0.108363551449115
2014-10-11,41.446086,-71.621153,19.297764289819348
2014-10-12,41.446086,-71.621153,0.0
2014-10-13,41.446086,-71.621153,0.0008091276761281328
2014-10-14,41.446086,-71.621153,0.00013924257027078598
2014-10-15,41.446086,-71.621153,0.0
2014-10-16,41.446086,-71.621153,30.672099384772658
2014-10-17,41.446086,-71.621153,6.438927473967103
2014-10-18,41.446086,-71.621153,0.0
2014-10-19,41.446086,-71.621153,0.004157972539089213
2014-10-20,41.446086,-71.621153,0.00027848514054157195
2014-10-21,41.446086,-71.621153,0.2703865212098791
2014-10-22,41.446086,-71.621153,26.172543831273536
2014-10-23,41.446086,-71.621153,8.622110955409108
2014-10-24,41.446086,-71.621153,0.10115171324573699
2014-10-25,41.446086,-71.621153,0.003202579038420236
2014-10-26,41.446086,-71.621153,0.05020607346005768
2014-10-27,41.446086,-71.621153,0.0014263574206720686
2014-10-28,41.446086,-71.621153,0.061354920784712545
2014-10-29,41.446086,-71.621153,2.787872513389751
2014-10-30,41.446086,-71.621153,1.140904639329322
2014-10-31,41.446086,-71.621153,0.09916047864535232
2014-11-01,41.446086,-71.621153,15.588525085158501
2014-11-02,41.446086,-71.621153,6.528671746519023
2014-11-03,41.446086,-71.621153,0.0
2014-11-04,41.446086,-71.621153,0.009896753546506468
2014-11-05,41.446086,-71.621153,0.22044042312638973
2014-11-06,41.446086,-71.621153,18.047213131761854
2014-11-07,41.446086,-71.621153,10.31577140537777
2014-11-08,41.446086,-71.621153,0.002771981692726142
2014-11-09,41.446086,-71.621153,0.09733168582346372
2014-11-10,41.446086,-71.621153,0.0
2014-11-11,41.446086,-71.621153,0.005543963385452284
2014-11-12,41.446086,-71.621153,0.30395881273743897
2014-11-13,41.446086,-71.621153,0.0004177277108123585
2014-11-14,41.446086,-71.621153,6.395428669849867
2014-11-15,41.446086,-71.621153,0.0
2014-11-16,41.446086,-71.621153,0.13981821845334055
2014-11-17,41.446086,-71.621153,31.235084162104986
2014-11-18,41.446086,-71.621153,1.2317834145181124
2014-11-19,41.446086,-71.621153,0.0
2014-11-20,41.446086,-71.621153,0.020750214029680934
2014-11-21,41.446086,-71.621153,0.0
2014-11-22,41.446086,-71.621153,5.645742535507674e-05
2014-11-23,41.446086,-71.621153,0.1388622726789021
2014-11-24,41.446086,-71.621153,15.797342178825243
2014-11-25,41.446086,-71.621153,3.5745265656885024
2014-11-26,41.446086,-71.621153,42.416990356853944
2014-11-27,41.446086,-71.621153,3.7976281276998205
2014-11-28,41.446086,-71.621153,0.0
2014-11-29,41.446086,-71.621153,0.0
2014-11-30,41.446086,-71.621153,0.1806679727299058
2014-12-01,41.446086,-71.621153,0.12316536862857758
2014-12-02,41.446086,-71.621153,3.0701634266363564
2014-12-03,41.446086,-71.621153,3.908319034175262
2014-12-04,41.446086,-71.621153,0.0
2014-12-05,41.446086,-71.621153,0.11069604256919738
2014-12-06,41.446086,-71.621153,16.710245729683546
2014-12-07,41.446086,-71.621153,26.761753098462815
2014-12-08,41.446086,-71.621153,0.05228505389424967
2014-12-09,41.446086,-71.621153,79.7938921984127
2014-12-10,41.446086,-71.621153,1.3543839680727001
2014-12-11,41.446086,-71.621153,0.3350732766585282
2014-12-12,41.446086,-71.621153,0.01367323618500943
2014-12-13,41.446086,-71.621153,0.0
2014-12-14,41.446086,-71.621153,0.0
2014-12-15,41.446086,-71.621153,0.0
2014-12-16,41.446086,-71.621153,0.03027268493938556
2014-12-17,41.446086,-71.621153,6.132605076787876
2014-12-18,41.446086,-71.621153,0.14069518619854937
2014-12-19,41.446086,-71.621153,0.0
2014-12-20,41.446086,-71.621153,0.0
2014-12-21,41.446086,-71.621153,0.029821106462475707
2014-12-22,41.446086,-71.621153,0.00027848514054157195
2014-12-23,41.446086,-71.621153,4.618129259222089
2014-12-24,41.446086,-71.621153,15.701146596404563
2014-12-25,41.446086,-71.621153,21.057528802574343
2014-12-26,41.446086,-71.621153,0.008273526161086927
2014-12-27,41.446086,-71.621153,0.0
2014-12-28,41.446086,-71.621153,2.8826121410697825
2014-12-29,41.446086,-71.621153,0.5793720421417168
2014-12-30,41.446086,-71.621153,0.0021161351315843397
2014-12-31,41.446086,-71.621153,0.0
2015-01-01,41.446086,-71.621153,0.00036507227169109294
2015-01-02,41.446086,-71.621153,5.645742535507674e-05
2015-01-03,41.446086,-71.621153,2.996270630771237
2015-01-04,41.446086,-71.621153,26.29637558430794
2015-01-05,41.446086,-71.621153,4.01574287690581
2015-01-06,41.446086,-71.621153,0.18580242627260476
2015-01-07,41.446086,-71.621153,0.0
2015-01-08,41.446086,-71.621153,0.0
2015-01-09,41.446086,-71.621153,0.5417324919133198
2015-01-10,41.446086,-71.621153,0.0
2015-01-11,41.446086,-71.621153,0.0
2015-01-12,41.446086,-71.621153,19.962891162469017
2015-01-13,41.446086,-71.621153,5.066940120000711
2015-01-14,41.446086,-71.621153,0.033265530814067704
2015-01-15,41.446086,-71.621153,0.1289838053813073
2015-01-16,41.446086,-71.621153,0.0
2015-01-17,41.446086,-71.621153,0.0
2015-01-18,41.446086,-71.621153,1.5112358125578391
2015-01-19,41.446086,-71.621153,23.65758939985746
2015-01-20,41.446086,-71.621153,0.012761748795837486
2015-01-21,41.446086,-71.621153,0.0
2015-01-22,41.446086,-71.621153,0.01274682722846228
2015-01-23,41.446086,-71.621153,0.0
2015-01-24,41.446086,-71.621153,23.05102964284918
2015-01-25,41.446086,-71.621153,0.0
2015-01-26,41.446086,-71.621153,2.2492992235678226
2015-01-27,41.446086,-71.621153,12.148058223896276
2015-01-28,41.446086,-71.621153,2.360859406996161
2015-01-29,41.446086,-71.621153,0.0
2015-01-30,41.446086,-71.621153,4.998547611205379
2015-01-31,41.446086,-71.621153,0.0
2015-02-01,41.446086,-71.621153,0.0
2015-02-02,41.446086,-71.621153,13.441821679318343
2015-02-03,41.446086,-71.621153,0.0
2015-02-04,41.446086,-71.621153,0.0
2015-02-05,41.446086,-71.621153,0.08753013694375777
2015-02-06,41.446086,-71.621153,0.0
2015-02-07,41.446086,-71.621153,0.1514237485786112
2015-02-08,41.446086,-71.621153,3.16271889038914
2015-02-09,41.446086,-71.621153,6.55399469129443
2015-02-10,41.446086,-71.621153,0.9358921104536564
2015-02-11,41.446086,-71.621153,0.0
2015-02-12,41.446086,-71.621153,0.0
2015-02-13,41.446086,-71.621153,0.0
2015-02-14,41.446086,-71.621153,1.558340969778524
2015-02-15,41.446086,-71.621153,0.0
2015-02-16,41.446086,-71.621153,0.0
2015-02-17,41.446086,-71.621153,0.00022582970142030696
2015-02-18,41.446086,-71.621153,0.0
2015-02-19,41.446086,-71.621153,0.0
2015-02-20,41.446086,-71.621153,0.0
2015-02-21,41.446086,-71.621153,3.213112816761077
2015-02-22,41.446086,-71.621153,32.578700541230496
2015-02-23,41.446086,-71.621153,0.5357264757305267
2015-02-24,41.446086,-71.621153,0.0
2015-02-25,41.446086,-71.621153,0.020253770791765987
2015-02-26,41.446086,-71.621153,0.6325965906083484
2015-02-27,41.446086,-71.621153,0.0
2015-02-28,41.446086,-71.621153,0.0
2015-03-01,41.446086,-71.621153,4.429180716287925
2015-03-02,41.446086,-71.621153,3.985912817482099
2015-03-03,41.446086,-71.621153,2.1159337523928747
2015-03-04,41.446086,-71.621153,20.794768415801585
2015-03-05,41.446086,-71.621153,20.315573559010346
2015-03-06,41.446086,-71.621153,0.8785829327012186
2015-03-07,41.446086,-71.621153,0.0005569702810831439
2015-03-08,41.446086,-71.621153,0.0003913999912517254
2015-03-09,41.446086,-71.621153,0.0
2015-03-10,41.446086,-71.621153,2.519592998722223
2015-03-11,41.446086,-71.621153,6.070298300335704
2015-03-12,41.446086,-71.621153,0.0
2015-03-13,41.446086,-71.621153,0.023460021634056125
2015-03-14,41.446086,-71.621153,23.376103155773915
2015-03-15,41.446086,-71.621153,2.818714812539905
2015-03-16,41.446086,-71.621153,0.025769792639837755
2015-03-17,41.446086,-71.621153,5.891177963957619
2015-03-18,41.446086,-71.621153,0.0
2015-03-19,41.446086,-71.621153,0.0
2015-03-20,41.446086,-71.621153,3.5466778727347172
2015-03-21,41.446086,-71.621153,1.4985649282545737
2015-03-22,41.446086,-71.621153,0.00027848514054157195
2015-03-23,41.446086,-71.621153,0.0
2015-03-24,41.446086,-71.621153,0.0
2015-03-25,41.446086,-71.621153,0.1820230798729048
2015-03-26,41.446086,-71.621153,3.5995588074425533
2015-03-27,41.446086,-71.621153,4.042156179136068
2015-03-28,41.446086,-71.621153,0.38555633772979847
2015-03-29,41.446086,-71.621153,0.0
2015-03-30,41.446086,-71.621153,0.0660634360916601
2015-03-31,41.446086,-71.621153,0.13309254303350887
2015-04-01,41.446086,-71.621153,0.21060522937484666
2015-04-02,41.446086,-71.621153,0.0074480056978400815
2015-04-03,41.446086,-71.621153,16.954366352282914
2015-04-04,41.446086,-71.621153,4.852593830130952
2015-04-05,41.446086,-71.621153,0.16647013452984627
2015-04-06,41.446086,-71.621153,0.7614046462501103
2015-04-07,41.446086,-71.621153,2.131198249549968
2015-04-08,41.446086,-71.621153,0.46991236403885256
2015-04-09,41.446086,-71.621153,0.6497800302649736
2015-04-10,41.446086,-71.621153,5.299336602814375
2015-04-11,41.446086,-71.621153,5.645742535507674e-05
2015-04-12,41.446086,-71.621153,0.0
2015-04-13,41.446086,-71.621153,0.15970337308173504
2015-04-14,41.446086,-71.621153,1.7713692981680245
2015-04-15,41.446086,-71.621153,8.93125074033713
2015-04-16,41.446086,-71.621153,0.0
2015-04-17,41.446086,-71.621153,8.249952129002995
2015-04-18,41.446086,-71.621153,0.0
2015-04-19,41.446086,-71.621153,0.0
2015-04-20,41.446086,-71.621153,12.352792615146534
2015-04-21,41.446086,-71.621153,1.8146732143653845
2015-04-22,41.446086,-71.621153,3.4315624015866817
2015-04-23,41.446086,-71.621153,2.0898300607899363
2015-04-24,41.446086,-71.621153,0.0
2015-04-25,41.446086,-71.621153,0.0
2015-04-26,41.446086,-71.621153,0.0
2015-04-27,41.446086,-71.621153,0.14815077861060333
2015-04-28,41.446086,-71.621153,0.0
2015-04-29,41.446086,-71.621153,0.0
2015-04-30,41.446086,-71.621153,0.4704032682397095
2015-05-01,41.446086,-71.621153,0.15506365028605587
2015-05-02,41.446086,-71.621153,0.004347221741824894
2015-05-03,41.446086,-71.621153,0.058781453475734366
2015-05-04,41.446086,-71.621153,0.0
2015-05-05,41.446086,-71.621153,0.34441772148615496
2015-05-06,41.446086,-71.621153,5.008464511697949
2015-05-07,41.446086,-71.621153,0.0
2015-05-08,41.446086,-71.621153,0.0
2015-05-09,41.446086,-71.621153,0.24172270227571319
2015-05-10,41.446086,-71.621153,0.10086463112347549
2015-05-11,41.446086,-71.621153,0.024947834718213442
2015-05-12,41.446086,-71.621153,0.00914933245057568
2015-05-13,41.446086,-71.621153,0.10924182809969418
2015-05-14,41.446086,-71.621153,0.023712118102299506
2015-05-15,41.446086,-71.621153,1.2875032266302688
2015-05-16,41.446086,-71.621153,3.7173730503931948
2015-05-17,41.446086,-71.621153,12.69084376552843
2015-05-18,41.446086,-71.621153,0.0
2015-05-19,41.446086,-71.621153,4.503329198854209
2015-05-20,41.446086,-71.621153,0.2813166908039392
2015-05-21,41.446086,-71.621153,0.2167380708791676
2015-05-22,41.446086,-71.621153,3.5680756706227417
2015-05-23,41.446086,-71.621153,0.0
2015-05-24,41.446086,-71.621153,0.0
2015-05-25,41.446086,-71.621153,0.5243821942150567
2015-05-26,41.446086,-71.621153,1.258123797392031
2015-05-27,41.446086,-71.621153,0.5089075161969164
2015-05-28,41.446086,-71.621153,0.3955262007187617
2015-05-29,41.446086,-71.621153,0.008542936621161214
2015-05-30,41.446086,-71.621153,0.013447997814008735
2015-05-31,41.446086,-71.621153,0.10444632799418586
2015-06-01,41.446086,-71.621153,2.738434647986516
2015-06-02,41.446086,-71.621153,15.950981564797171
2015-06-03,41.446086,-71.621153,1.445245243063651
2015-06-04,41.446086,-71.621153,5.645742535507674e-05
2015-06-05,41.446086,-71.621153,0.7801319652793549
2015-06-06,41.446086,-71.621153,0.12142496213681221
2015-06-07,41.446086,-71.621153,0.0
2015-06-08,41.446086,-71.621153,0.13119090985633866
2015-06-09,41.446086,-71.621153,0.666249807792032
2015-06-10,41.446086,-71.621153,0.0
2015-06-11,41.446086,-71.621153,1.7118959074466704
2015-06-12,41.446086,-71.621153,0.20577051672900867
2015-06-13,41.446086,-71.621153,0.004470970151536342
2015-06-14,41.446086,-71.621153,0.0
2015-06-15,41.446086,-71.621153,21.093429096480808
2015-06-16,41.446086,-71.621153,0.582354220332041
2015-06-17,41.446086,-71.621153,1.2853177923778838
2015-06-18,41.446086,-71.621153,0.6087870908784847
2015-06-19,41.446086,-71.621153,0.13606516635909077
2015-06-20,41.446086,-71.621153,0.03531988401115542
2015-06-21,41.446086,-71.621153,25.099852788612537
2015-06-22,41.446086,-71.621153,0.0
2015-06-23,41.446086,-71.621153,8.158811505818543
2015-06-24,41.446086,-71.621153,6.689559947942109
2015-06-25,41.446086,-71.621153,0.1146746507241784
2015-06-26,41.446086,-71.621153,0.8172880580409085
2015-06-27,41.446086,-71.621153,9.259892468527879
2015-06-28,41.446086,-71.621153,23.54732006974037
2015-06-29,41.446086,-71.621153,0.003620306775168534
2015-06-30,41.446086,-71.621153,0.0
2015-07-01,41.446086,-71.621153,20.13761898993671
2015-07-02,41.446086,-71.621153,0.6591411194141296
2015-07-03,41.446086,-71.621153,1.9935737160853395
2015-07-04,41.446086,-71.621153,0.6134075280691116
2015-07-05,41.446086,-71.621153,0.0
2015-07-06,41.446086,-71.621153,0.0
2015-07-07,41.446086,-71.621153,0.07005019916514972
2015-07-08,41.446086,-71.621153,4.063271042477495
2015-07-09,41.446086,-71.621153,0.37857125810511094
2015-07-10,41.446086,-71.621153,0.8674964379246287
2015-07-11,41.446086,-71.621153,0.0
2015-07-12,41.446086,-71.621153,0.0
2015-07-13,41.446086,-71.621153,0.7288552913778691
2015-07-14,41.446086,-71.621153,0.7656056499351974
2015-07-15,41.446086,-71.621153,8.267378132150853
2015-07-16,41.446086,-71.621153,4.9450648892907605
2015-07-17,41.446086,-71.621153,0.0
2015-07-18,41.446086,-71.621153,0.506464716026694
2015-07-19,41.446086,-71.621153,0.8190333731354354
2015-07-20,41.446086,-71.621153,3.344805083875842
2015-07-21,41.446086,-71.621153,1.2807839344123073
2015-07-22,41.446086,-71.621153,0.06379518147081514
2015-07-23,41.446086,-71.621153,0.0
2015-07-24,41.446086,-71.621153,1.6673896743915102
2015-07-25,41.446086,-71.621153,0.004595004689256185
2015-07-26,41.446086,-71.621153,1.0546983819220164
2015-07-27,41.446086,-71.621153,12.842909607038056
2015-07-28,41.446086,-71.621153,1.1236079465508566
2015-07-29,41.446086,-71.621153,0.0
2015-07-30,41.446086,-71.621153,3.701371693884153
2015-07-31,41.446086,-71.621153,3.4598629599878397
2015-08-01,41.446086,-71.621153,0.0
2015-08-02,41.446086,-71.621153,0.0058481883144763155
2015-08-03,41.446086,-71.621153,0.0
2015-08-04,41.446086,-71.621153,18.62291443865946
2015-08-05,41.446086,-71.621153,0.0
2015-08-06,41.446086,-71.621153,0.1573743667163749
2015-08-07,41.446086,-71.621153,0.17384798670397011
2015-08-08,41.446086,-71.621153,0.0
2015-08-09,41.446086,-71.621153,0.8805104379107347
2015-08-10,41.446086,-71.621153,0.0
2015-08-11,41.446086,-71.621153,53.558819582678034
2015-08-12,41.446086,-71.621153,1.1343229582078098
2015-08-13,41.446086,-71.621153,0.0
2015-08-14,41.446086,-71.621153,0.0
2015-08-15,41.446086,-71.621153,0.0
2015-08-16,41.446086,-71.621153,0.18540127826923344
2015-08-17,41.446086,-71.621153,0.0
2015-08-18,41.446086,-71.621153,0.0
2015-08-19,41.446086,-71.621153,0.0
2015-08-20,41.446086,-71.621153,0.0
2015-08-21,41.446086,-71.621153,0.9077517384957858
2015-08-22,41.446086,-71.621153,0.30536406900646573
2015-08-23,41.446086,-71.621153,0.028834330172095343
2015-08-24,41.446086,-71.621153,0.00028228711625936855
2015-08-25,41.446086,-71.621153,0.022647390023283875
2015-08-26,41.446086,-71.621153,0.00039520198800155337
2015-08-27,41.446086,-71.621153,0.0
2015-08-28,41.446086,-71.621153,0.0
2015-08-29,41.446086,-71.621153,0.0
2015-08-30,41.446086,-71.621153,0.0
2015-08-31,41.446086,-71.621153,0.5534689212870614
2015-09-01,41.446086,-71.621153,0.01979907435340638
2015-09-02,41.446086,-71.621153,0.0
2015-09-03,41.446086,-71.621153,0.0
2015-09-04,41.446086,-71.621153,0.3942446482768532
2015-09-05,41.446086,-71.621153,0.0
2015-09-06,41.446086,-71.621153,0.0
2015-09-07,41.446086,-71.621153,0.0
2015-09-08,41.446086,-71.621153,0.04056005411683304
2015-09-09,41.446086,-71.621153,0.0
2015-09-10,41.446086,-71.621153,38.12402778349469
2015-09-11,41.446086,-71.621153,22.43822804858254
2015-09-12,41.446086,-71.621153,0.0
2015-09-13,41.446086,-71.621153,14.870550462670478
2015-09-14,41.446086,-71.621153,0.001385990846363071
2015-09-15,41.446086,-71.621153,0.0
2015-09-16,41.446086,-71.621153,0.0
2015-09-17,41.446086,-71.621153,0.0
2015-09-18,41.446086,-71.621153,0.0
2015-09-19,41.446086,-71.621153,0.0
2015-09-20,41.446086,-71.621153,0.0
2015-09-21,41.446086,-71.621153,0.0
2015-09-22,41.446086,-71.621153,0.42691994515549625
2015-09-23,41.446086,-71.621153,0.0
2015-09-24,41.446086,-71.621153,0.0
2015-09-25,41.446086,-71.621153,0.0
2015-09-26,41.446086,-71.621153,0.0
2015-09-27,41.446086,-71.621153,0.0
2015-09-28,41.446086,-71.621153,0.0
2015-09-29,41.446086,-71.621153,0.043115951086461615
2015-09-30,41.446086,-71.621153,40.24925133505029
2015-10-01,41.446086,-71.621153,4.9716083238794235
2015-10-02,41.446086,-71.621153,29.907435464493428
2015-10-03,41.446086,-71.621153,1.8239452291488747
2015-10-04,41.446086,-71.621153,0.0
2015-10-05,41.446086,-71.621153,0.012615616639661285
2015-10-06,41.446086,-71.621153,0.0
2015-10-07,41.446086,-71.621153,0.004804299892615428
2015-10-08,41.446086,-71.621153,0.0
2015-10-09,41.446086,-71.621153,6.929705497366459
2015-10-10,41.446086,-71.621153,1.5438260601588603
2015-10-11,41.446086,-71.621153,0.0
2015-10-12,41.446086,-71.621153,0.0
2015-10-13,41.446086,-71.621153,15.601198562804596
2015-10-14,41.446086,-71.621153,0.0001956999956258627
2015-10-15,41.446086,-71.621153,0.0
2015-10-16,41.446086,-71.621153,0.38150655746077317
2015-10-17,41.446086,-71.621153,0.002771981692726142
2015-10-18,41.446086,-71.621153,0.0
2015-10-19,41.446086,-71.621153,0.0
2015-10-20,41.446086,-71.621153,0.08535899063517288
2015-10-21,41.446086,-71.621153,0.05905440161075845
2015-10-22,41.446086,-71.621153,0.0
2015-10-23,41.446086,-71.621153,0.022728845530507465
2015-10-24,41.446086,-71.621153,0.0
2015-10-25,41.446086,-71.621153,4.6468141070521
2015-10-26,41.446086,-71.621153,0.0
2015-10-27,41.446086,-71.621153,0.0
2015-10-28,41.446086,-71.621153,7.559480592561814
2015-10-29,41.446086,-71.621153,12.077528662625564
2015-10-30,41.446086,-71.621153,0.0
2015-10-31,41.446086,-71.621153,0.014033772756473554
2015-11-01,41.446086,-71.621153,13.788152331399184
2015-11-02,41.446086,-71.621153,0.0
2015-11-03,41.446086,-71.621153,0.0
2015-11-04,41.446086,-71.621153,0.0
2015-11-05,41.446086,-71.621153,0.0
2015-11-06,41.446086,-71.621153,0.005898349579502795
2015-11-07,41.446086,-71.621153,1.2630402212781586
2015-11-08,41.446086,-71.621153,0.3166284881435246
2015-11-09,41.446086,-71.621153,0.0
2015-11-10,41.446086,-71.621153,21.079404469569027
2015-11-11,41.446086,-71.621153,0.11493395236402643
2015-11-12,41.446086,-71.621153,7.874560731623884
2015-11-13,41.446086,-71.621153,0.0
2015-11-14,41.446086,-71.621153,0.0
2015-11-15,41.446086,-71.621153,0.00013924257027078598
2015-11-16,41.446086,-71.621153,0.008614008930119512
2015-11-17,41.446086,-71.621153,0.0
2015-11-18,41.446086,-71.621153,0.0
2015-11-19,41.446086,-71.621153,1.0315419641510744
2015-11-20,41.446086,-71.621153,12.825600268462217
2015-11-21,41.446086,-71.621153,0.0
2015-11-22,41.446086,-71.621153,20.508921420805756
2015-11-23,41.446086,-71.621153,11.989209393356502
2015-11-24,41.446086,-71.621153,0.0
2015-11-25,41.446086,-71.621153,0.0
2015-11-26,41.446086,-71.621153,0.0
2015-11-27,41.446086,-71.621153,0.0
2015-11-28,41.446086,-71.621153,0.9951065847043313
2015-11-29,41.446086,-71.621153,0.01678105949963644
2015-11-30,41.446086,-71.621153,0.0
2015-12-01,41.446086,-71.621153,14.26346075740995
2015-12-02,41.446086,-71.621153,7.563192212779265
2015-12-03,41.446086,-71.621153,4.67621125300603
2015-12-04,41.446086,-71.621153,0.0
2015-12-05,41.446086,-71.621153,0.0
2015-12-06,41.446086,-71.621153,0.0
2015-12-07,41.446086,-71.621153,0.0
2015-12-08,41.446086,-71.621153,2.183458291462045
2015-12-09,41.446086,-71.621153,0.00045165940284061393
2015-12-10,41.446086,-71.621153,0.06361017821502218
2015-12-11,41.446086,-71.621153,0.3180986323676264
2015-12-12,41.446086,-71.621153,0.016385990511086943
2015-12-13,41.446086,-71.621153,0.0
2015-12-14,41.446086,-71.621153,0.961868033746276
2015-12-15,41.446086,-71.621153,11.199170704649443
2015-12-16,41.446086,-71.621153,0.0
2015-12-17,41.446086,-71.621153,32.04611624246333
2015-12-18,41.446086,-71.621153,8.257173951594558
2015-12-19,41.446086,-71.621153,0.010348263019906795
2015-12-20,41.446086,-71.621153,0.0
2015-12-21,41.446086,-71.621153,1.7516122889610986
2015-12-22,41.446086,-71.621153,10.85864497360796
2015-12-23,41.446086,-71.621153,10.847480075167958
2015-12-24,41.446086,-71.621153,30.76766263684168
2015-12-25,41.446086,-71.621153,1.5885888408656939
2015-12-26,41.446086,-71.621153,3.2900527574312743
2015-12-27,41.446086,-71.621153,2.0705762430603714
2015-12-28,41.446086,-71.621153,3.138516536659806
2015-12-29,41.446086,-71.621153,20.270986060340885
2015-12-30,41.446086,-71.621153,0.0
2015-12-31,41.446086,-71.621153,3.0608132772950887
2016-01-01,41.446086,-71.621153,2.837767572851361
2016-01-02,41.446086,-71.621153,0.0
2016-01-03,41.446086,-71.621153,5.645742535507674e-05
2016-01-04,41.446086,-71.621153,0.0
2016-01-05,41.446086,-71.621153,0.13045271785893087
2016-01-06,41.446086,-71.621153,0.0
2016-01-07,41.446086,-71.621153,0.0
2016-01-08,41.446086,-71.621153,0.0
2016-01-09,41.446086,-71.621153,0.6226749785148842
2016-01-10,41.446086,-71.621153,40.31392657249615
2016-01-11,41.446086,-71.621153,0.0
2016-01-12,41.446086,-71.621153,2.6243436633713473
2016-01-13,41.446086,-71.621153,0.20752769761087533
2016-01-14,41.446086,-71.621153,0.04426172877661343
2016-01-15,41.446086,-71.621153,0.0008693871136529725
2016-01-16,41.446086,-71.621153,56.87599829844118
2016-01-17,41.446086,-71.621153,2.485083975764509
2016-01-18,41.446086,-71.621153,0.0019570001749704205
2016-01-19,41.446086,-71.621153,0.0
2016-01-20,41.446086,-71.621153,0.0
2016-01-21,41.446086,-71.621153,0.004804299892615428
2016-01-22,41.446086,-71.621153,0.042849867586196536
2016-01-23,41.446086,-71.621153,6.659719600811419
2016-01-24,41.446086,-71.621153,0.09751673342101946
2016-01-25,41.446086,-71.621153,0.01009843345947983
2016-01-26,41.446086,-71.621153,0.48075515226095455
2016-01-27,41.446086,-71.621153,1.833619711163766
2016-01-28,41.446086,-71.621153,0.0
2016-01-29,41.446086,-71.621153,0.07471821215029613
2016-01-30,41.446086,-71.621153,0.04868932691639019
2016-01-31,41.446086,-71.621153,0.7925369498607202
2016-02-01,41.446086,-71.621153,0.4761040264571438
2016-02-02,41.446086,-71.621153,1.720768139488055
2016-02-03,41.446086,-71.621153,11.73965441374008
2016-02-04,41.446086,-71.621153,27.44598876137311
2016-02-05,41.446086,-71.621153,50.12543161444827
2016-02-06,41.446086,-71.621153,0.0
2016-02-07,41.446086,-71.621153,0.015798890524209356
2016-02-08,41.446086,-71.621153,11.385877746409394
2016-02-09,41.446086,-71.621153,0.0
2016-02-10,41.446086,-71.621153,0.004997229936431725
2016-02-11,41.446086,-71.621153,0.0
2016-02-12,41.446086,-71.621153,0.27208575425928166
2016-02-13,41.446086,-71.621153,2.155228955499346
2016-02-14,41.446086,-71.621153,0.0
2016-02-15,41.446086,-71.621153,0.05732729553766073
2016-02-16,41.446086,-71.621153,19.17689203116416
2016-02-17,41.446086,-71.621153,0.0042708873897993665
2016-02-18,41.446086,-71.621153,0.0
2016-02-19,41.446086,-71.621153,0.0001956999956258627
2016-02-20,41.446086,-71.621153,0.44935391485172804
2016-02-21,41.446086,-71.621153,0.006906979346138329
2016-02-22,41.446086,-71.621153,1.4928022941153525
2016-02-23,41.446086,-71.621153,2.5403945749364563
2016-02-24,41.446086,-71.621153,7.955158052505418
2016-02-25,41.446086,-71.621153,26.86370653528643
2016-02-26,41.446086,-71.621153,0.0320932958602088
2016-02-27,41.446086,-71.621153,0.02499999850988388
2016-02-28,41.446086,-71.621153,0.1954280200764944
2016-02-29,41.446086,-71.621153,0.9201736578001978
2016-03-01,41.446086,-71.621153,0.0
2016-03-02,41.446086,-71.621153,7.2199887737687245
2016-03-03,41.446086,-71.621153,0.009608599785230857
2016-03-04,41.446086,-71.621153,0.013176702912470768
2016-03-05,41.446086,-71.621153,0.07083160812989946
2016-03-06,41.446086,-71.621153,0.0
2016-03-07,41.446086,-71.621153,0.013625591589019062
2016-03-08,41.446086,-71.621153,0.01490304328463627
2016-03-09,41.446086,-71.621153,0.002771981692726142
2016-03-10,41.446086,-71.621153,0.5478054025975898
2016-03-11,41.446086,-71.621153,8.6822814914251
2016-03-12,41.446086,-71.621153,0.0
2016-03-13,41.446086,-71.621153,0.00045165940284061393
2016-03-14,41.446086,-71.621153,27.33897278576636
2016-03-15,41.446086,-71.621153,9.398410303383898
2016-03-16,41.446086,-71.621153,0.071455006326725
2016-03-17,41.446086,-71.621153,7.10512180267867
2016-03-18,41.446086,-71.621153,0.0
2016-03-19,41.446086,-71.621153,0.0
2016-03-20,41.446086,-71.621153,0.021983640864278918
2016-03-21,41.446086,-71.621153,1.843564637682272
2016-03-22,41.446086,-71.621153,0.010254927138757072
2016-03-23,41.446086,-71.621153,3.829987110137324
2016-03-24,41.446086,-71.621153,0.2799370968579443
2016-03-25,41.446086,-71.621153,2.3513982095996067
2016-03-26,41.446086,-71.621153,0.0
2016-03-27,41.446086,-71.621153,0.0
2016-03-28,41.446086,-71.621153,14.661745157385521
2016-03-29,41.446086,-71.621153,0.00250636642048985
2016-03-30,41.446086,-71.621153,0.0
2016-03-31,41.446086,-71.621153,0.00877957921995093
2016-04-01,41.446086,-71.621153,1.050272254443212
2016-04-02,41.446086,-71.621153,16.929386999800595
2016-04-03,41.446086,-71.621153,5.572686561428959
2016-04-04,41.446086,-71.621153,7.968378251237842
2016-04-05,41.446086,-71.621153,0.01448822893615627
2016-04-06,41.446086,-71.621153,0.025059226807855082
2016-04-07,41.446086,-71.621153,32.79335490734045
2016-04-08,41.446086,-71.621153,0.10753224838567975
2016-04-09,41.446086,-71.621153,0.0006134277064382206
2016-04-10,41.446086,-71.621153,0.008326181652080093
2016-04-11,41.446086,-71.621153,0.4879813706494839
2016-04-12,41.446086,-71.621153,10.697844700147218
2016-04-13,41.446086,-71.621153,0.0
2016-04-14,41.446086,-71.621153,0.00027848514054157195
2016-04-15,41.446086,-71.621153,0.0
2016-04-16,41.446086,-71.621153,0.0
2016-04-17,41.446086,-71.621153,0.0
2016-04-18,41.446086,-71.621153,0.0
2016-04-19,41.446086,-71.621153,0.24029880769331538
2016-04-20,41.446086,-71.621153,0.0
2016-04-21,41.446086,-71.621153,0.0
2016-04-22,41.446086,-71.621153,0.6189575621601864
2016-04-23,41.446086,-71.621153,8.073613127738888
2016-04-24,41.446086,-71.621153,0.0
2016-04-25,41.446086,-71.621153,0.5573999999487039
2016-04-26,41.446086,-71.621153,6.18260254042214
2016-04-27,41.446086,-71.621153,0.0
2016-04-28,41.446086,-71.621153,1.2152622971408042
2016-04-29,41.446086,-71.621153,2.744946947864874
2016-04-30,41.446086,-71.621153,0.12472265588905021
2016-05-01,41.446086,-71.621153,2.865000146367132
2016-05-02,41.446086,-71.621153,0.7296300612035829
2016-05-03,41.446086,-71.621153,11.731754476408684
2016-05-04,41.446086,-71.621153,9.150739112807313
2016-05-05,41.446086,-71.621153,4.436235528100063
2016-05-06,41.446086,-71.621153,0.3434586512008975
2016-05-07,41.446086,-71.621153,1.839913490534559
2016-05-08,41.446086,-71.621153,1.437412836291943
2016-05-09,41.446086,-71.621153,0.0001956999956258627
2016-05-10,41.446086,-71.621153,0.0013248485763395037
2016-05-11,41.446086,-71.621153,0.0
2016-05-12,41.446086,-71.621153,0.0
2016-05-13,41.446086,-71.621153,8.173549255266561
2016-05-14,41.446086,-71.621153,5.06646698564671
2016-05-15,41.446086,-71.621153,1.6023192093805425
2016-05-16,41.446086,-71.621153,0.0
2016-05-17,41.446086,-71.621153,0.30206694654751987
2016-05-18,41.446086,-71.621153,0.8457222285088907
2016-05-19,41.446086,-71.621153,1.099916537712372
2016-05-20,41.446086,-71.621153,0.0
2016-05-21,41.446086,-71.621153,2.5879192108734825
2016-05-22,41.446086,-71.621153,7.168246799789037
2016-05-23,41.446086,-71.621153,0.48472922420968656
2016-05-24,41.446086,-71.621153,5.053606335516943
2016-05-25,41.446086,-71.621153,1.0175500776207982
2016-05-26,41.446086,-71.621153,0.0
2016-05-27,41.446086,-71.621153,0.001467893038199965
2016-05-28,41.446086,-71.621153,0.05027617496393174
2016-05-29,41.446086,-71.621153,0.0012871148244653309
2016-05-30,41.446086,-71.621153,16.687067410655445
2016-05-31,41.446086,-71.621153,8.46170620177665
2016-06-01,41.446086,-71.621153,0.0
2016-06-02,41.446086,-71.621153,0.0
2016-06-03,41.446086,-71.621153,3.011084049958817
2016-06-04,41.446086,-71.621153,0.0
2016-06-05,41.446086,-71.621153,2.9562409742991806
2016-06-06,41.446086,-71.621153,1.0854289955755203
2016-06-07,41.446086,-71.621153,0.0
2016-06-08,41.446086,-71.621153,0.36654623716756113
2016-06-09,41.446086,-71.621153,0.0
2016-06-10,41.446086,-71.621153,0.14271986592835362
2016-06-11,41.446086,-71.621153,3.127797710336589
2016-06-12,41.446086,-71.621153,0.0006210316894218574
2016-06-13,41.446086,-71.621153,0.0
2016-06-14,41.446086,-71.621153,0.0
2016-06-15,41.446086,-71.621153,0.0
2016-06-16,41.446086,-71.621153,0.8179327309840847
2016-06-17,41.446086,-71.621153,0.05946798957820986
2016-06-18,41.446086,-71.621153,0.002771981692726142
2016-06-19,41.446086,-71.621153,0.0
2016-06-20,41.446086,-71.621153,0.0
2016-06-21,41.446086,-71.621153,7.904059505511181
2016-06-22,41.446086,-71.621153,0.002232852969623932
2016-06-23,41.446086,-71.621153,0.0
2016-06-24,41.446086,-71.621153,0.0
2016-06-25,41.446086,-71.621153,0.0
2016-06-26,41.446086,-71.621153,0.0
2016-06-27,41.446086,-71.621153,0.0
2016-06-28,41.446086,-71.621153,6.520833547985267
2016-06-29,41.446086,-71.621153,0.20055184106033036
2016-06-30,41.446086,-71.621153,0.0
2016-07-01,41.446086,-71.621153,1.526230024525438
2016-07-02,41.446086,-71.621153,18.560856665679736
2016-07-03,41.446086,-71.621153,0.0
2016-07-04,41.446086,-71.621153,0.0007602742596926433
2016-07-05,41.446086,-71.621153,21.381279352954554
2016-07-06,41.446086,-71.621153,0.0
2016-07-07,41.446086,-71.621153,0.07073358943566305
2016-07-08,41.446086,-71.621153,0.022838989923602233
2016-07-09,41.446086,-71.621153,0.15487410427555254
2016-07-10,41.446086,-71.621153,0.20759496057641372
2016-07-11,41.446086,-71.621153,0.3643854917918655
2016-07-12,41.446086,-71.621153,0.0
2016-07-13,41.446086,-71.621153,0.0
2016-07-14,41.446086,-71.621153,1.213180824960531
2016-07-15,41.446086,-71.621153,2.7480250624145635
2016-07-16,41.446086,-71.621153,0.020509854277514145
2016-07-17,41.446086,-71.621153,0.8369776459855731
2016-07-18,41.446086,-71.621153,0.21332478702210725
2016-07-19,41.446086,-71.621153,0.2507660825526466
2016-07-20,41.446086,-71.621153,0.0
2016-07-21,41.446086,-71.621153,0.0
2016-07-22,41.446086,-71.621153,0.002771981692726142
2016-07-23,41.446086,-71.621153,7.9315084413961445
2016-07-24,41.446086,-71.621153,0.0
2016-07-25,41.446086,-71.621153,2.6322505131939478
2016-07-26,41.446086,-71.621153,8.32983686838072
2016-07-27,41.446086,-71.621153,0.0
2016-07-28,41.446086,-71.621153,0.0
2016-07-29,41.446086,-71.621153,17.785153929271416
2016-07-30,41.446086,-71.621153,0.0008693871136529725
2016-07-31,41.446086,-71.621153,0.7837977891663774
2016-08-01,41.446086,-71.621153,4.04538334771176
2016-08-02,41.446086,-71.621153,6.707930325656557
2016-08-03,41.446086,-71.621153,0.0
2016-08-04,41.446086,-71.621153,0.0
2016-08-05,41.446086,-71.621153,0.0
2016-08-06,41.446086,-71.621153,0.0740726348085731
2016-08-07,41.446086,-71.621153,0.015294730777740292
2016-08-08,41.446086,-71.621153,1.478935363185684
2016-08-09,41.446086,-71.621153,0.0
2016-08-10,41.446086,-71.621153,7.698339658375062
2016-08-11,41.446086,-71.621153,17.105515919811783
2016-08-12,41.446086,-71.621153,2.7675790640213753
2016-08-13,41.446086,-71.621153,6.3676327523579905
2016-08-14,41.446086,-71.621153,0.0
2016-08-15,41.446086,-71.621153,0.0
2016-08-16,41.446086,-71.621153,0.0
2016-08-17,41.446086,-71.621153,7.8010758366467
2016-08-18,41.446086,-71.621153,2.4178576081204777
2016-08-19,41.446086,-71.621153,0.0
2016-08-20,41.446086,-71.621153,0.02882579935569257
2016-08-21,41.446086,-71.621153,0.0
2016-08-22,41.446086,-71.621153,12.632748519859344
2016-08-23,41.446086,-71.621153,0.0
2016-08-24,41.446086,-71.621153,0.0
2016-08-25,41.446086,-71.621153,0.0
2016-08-26,41.446086,-71.621153,0.008872915359261569
2016-08-27,41.446086,-71.621153,0.0
2016-08-28,41.446086,-71.621153,0.0
2016-08-29,41.446086,-71.621153,0.0
2016-08-30,41.446086,-71.621153,0.0
2016-08-31,41.446086,-71.621153,0.14021382879324387
2016-09-01,41.446086,-71.621153,17.06981402962876
2016-09-02,41.446086,-71.621153,0.0
2016-09-03,41.446086,-71.621153,0.3183330521903821
2016-09-04,41.446086,-71.621153,0.0
2016-09-05,41.446086,-71.621153,5.482803148153693
2016-09-06,41.446086,-71.621153,0.25765374947030983
2016-09-07,41.446086,-71.621153,0.015442140102689881
2016-09-08,41.446086,-71.621153,0.0011291484650374742
2016-09-09,41.446086,-71.621153,0.2631911305454481
2016-09-10,41.446086,-71.621153,0.39636355837237425
2016-09-11,41.446086,-71.621153,0.014830627388658642
2016-09-12,41.446086,-71.621153,0.0
2016-09-13,41.446086,-71.621153,0.0
2016-09-14,41.446086,-71.621153,1.5502364953086636
2016-09-15,41.446086,-71.621153,0.013409109094378893
2016-09-16,41.446086,-71.621153,0.0
2016-09-17,41.446086,-71.621153,0.0
2016-09-18,41.446086,-71.621153,0.2832740516542338
2016-09-19,41.446086,-71.621153,29.496394778372466
2016-09-20,41.446086,-71.621153,5.686408853832597
2016-09-21,41.446086,-71.621153,0.3600999079992401
2016-09-22,41.446086,-71.621153,0.00013924257027078598
2016-09-23,41.446086,-71.621153,0.0
2016-09-24,41.446086,-71.621153,0.01037254113807257
2016-09-25,41.446086,-71.621153,0.0
2016-09-26,41.446086,-71.621153,0.0
2016-09-27,41.446086,-71.621153,5.843704143616522
2016-09-28,41.446086,-71.621153,0.006690952808020729
2016-09-29,41.446086,-71.621153,0.0
2016-09-30,41.446086,-71.621153,6.239972857202581
2016-10-01,41.446086,-71.621153,0.9316938375040013
2016-10-02,41.446086,-71.621153,0.08222609651287231
2016-10-03,41.446086,-71.621153,0.00207371682475064
2016-10-04,41.446086,-71.621153,0.0
2016-10-05,41.446086,-71.621153,0.0
2016-10-06,41.446086,-71.621153,0.0
2016-10-07,41.446086,-71.621153,0.0
2016-10-08,41.446086,-71.621153,4.5412061222153115
2016-10-09,41.446086,-71.621153,79.32752163543368
2016-10-10,41.446086,-71.621153,0.06281472443030486
2016-10-11,41.446086,-71.621153,0.0
2016-10-12,41.446086,-71.621153,0.0
2016-10-13,41.446086,-71.621153,0.00013924257027078598
2016-10-14,41.446086,-71.621153,0.0
2016-10-15,41.446086,-71.621153,0.0
2016-10-16,41.446086,-71.621153,0.0
2016-10-17,41.446086,-71.621153,1.3819759236502862
2016-10-18,41.446086,-71.621153,0.0
2016-10-19,41.446086,-71.621153,0.0
2016-10-20,41.446086,-71.621153,0.0
2016-10-21,41.446086,-71.621153,3.6482967531649
2016-10-22,41.446086,-71.621153,0.42754198325371634
2016-10-23,41.446086,-71.621153,0.24317270754885412
2016-10-24,41.446086,-71.621153,2.4864887124734136
2016-10-25,41.446086,-71.621153,0.0
2016-10-26,41.446086,-71.621153,0.0
2016-10-27,41.446086,-71.621153,12.129006346313254
2016-10-28,41.446086,-71.621153,3.84371712463821
2016-10-29,41.446086,-71.621153,0.05101773533688297
2016-10-30,41.446086,-71.621153,7.5137207743991485
2016-10-31,41.446086,-71.621153,3.7358886725109435
2016-11-01,41.446086,-71.621153,0.0
2016-11-02,41.446086,-71.621153,0.0
2016-11-03,41.446086,-71.621153,0.09147539327835351
2016-11-04,41.446086,-71.621153,0.3217217727162669
2016-11-05,41.446086,-71.621153,0.0
2016-11-06,41.446086,-71.621153,0.15795466645808648
2016-11-07,41.446086,-71.621153,0.0
2016-11-08,41.446086,-71.621153,0.0
2016-11-09,41.446086,-71.621153,0.8646441306587271
2016-11-10,41.446086,-71.621153,1.160649009096985
2016-11-11,41.446086,-71.621153,0.0
2016-11-12,41.446086,-71.621153,0.0
2016-11-13,41.446086,-71.621153,0.0
2016-11-14,41.446086,-71.621153,0.0
2016-11-15,41.446086,-71.621153,20.36798083975439
2016-11-16,41.446086,-71.621153,0.0
2016-11-17,41.446086,-71.621153,0.001670910843249434
2016-11-18,41.446086,-71.621153,0.0
2016-11-19,41.446086,-71.621153,0.0
2016-11-20,41.446086,-71.621153,0.5017718659489127
2016-11-21,41.446086,-71.621153,0.5919385193748444
2016-11-22,41.446086,-71.621153,0.8777476420795176
2016-11-23,41.446086,-71.621153,0.0
2016-11-24,41.446086,-71.621153,1.2143109869987843
2016-11-25,41.446086,-71.621153,0.03600499633761856
2016-11-26,41.446086,-71.621153,0.014120244031172131
2016-11-27,41.446086,-71.621153,0.0
2016-11-28,41.446086,-71.621153,0.0
2016-11-29,41.446086,-71.621153,61.53297549870406
2016-11-30,41.446086,-71.621153,14.040185060024244
2016-12-01,41.446086,-71.621153,3.8240087453239364
2016-12-02,41.446086,-71.621153,0.8327899949242834
2016-12-03,41.446086,-71.621153,0.18650971455411905
2016-12-04,41.446086,-71.621153,0.0
2016-12-05,41.446086,-71.621153,3.528998740677973
2016-12-06,41.446086,-71.621153,0.005769205544833675
2016-12-07,41.446086,-71.621153,6.334210165703387
2016-12-08,41.446086,-71.621153,0.0070059903685699455
2016-12-09,41.446086,-71.621153,0.0005043148419618789
2016-12-10,41.446086,-71.621153,0.0
2016-12-11,41.446086,-71.621153,0.010254927138757072
2016-12-12,41.446086,-71.621153,17.790863375135597
2016-12-13,41.446086,-71.621153,0.0
2016-12-14,41.446086,-71.621153,0.002771981692726142
2016-12-15,41.446086,-71.621153,0.0
2016-12-16,41.446086,-71.621153,0.0
2016-12-17,41.446086,-71.621153,27.516391650118646
2016-12-18,41.446086,-71.621153,13.934302498124152
2016-12-19,41.446086,-71.621153,0.2060045656325285
2016-12-20,41.446086,-71.621153,0.0
2016-12-21,41.446086,-71.621153,5.645742535507674e-05
2016-12-22,41.446086,-71.621153,0.6515816423246077
2016-12-23,41.446086,-71.621153,0.0001956999956258627
2016-12-24,41.446086,-71.621153,15.788023129381335
2016-12-25,41.446086,-71.621153,0.0
2016-12-26,41.446086,-71.621153,0.02693536890027814
2016-12-27,41.446086,-71.621153,3.8203829276719143
2016-12-28,41.446086,-71.621153,0.0
2016-12-29,41.446086,-71.621153,5.893657443513199
2016-12-30,41.446086,-71.621153,0.0
2016-12-31,41.446086,-71.621153,0.3184841972452824
2017-01-01,41.446086,-71.621153,4.560600103400582
2017-01-02,41.446086,-71.621153,5.648612829148913
2017-01-03,41.446086,-71.621153,24.271590038851894
2017-01-04,41.446086,-71.621153,1.87715581578182
2017-01-05,41.446086,-71.621153,0.005935363376704008
2017-01-06,41.446086,-71.621153,0.35709817588946524
2017-01-07,41.446086,-71.621153,11.594060325419129
2017-01-08,41.446086,-71.621153,0.2515041811372699
2017-01-09,41.446086,-71.621153,0.0
2017-01-10,41.446086,-71.621153,0.25845690196761156
2017-01-11,41.446086,-71.621153,14.990917347150594
2017-01-12,41.446086,-71.621153,30.821164864767425
2017-01-13,41.446086,-71.621153,4.363883085168842
2017-01-14,41.446086,-71.621153,0.0
2017-01-15,41.446086,-71.621153,0.0008430593730603089
2017-01-16,41.446086,-71.621153,0.0
2017-01-17,41.446086,-71.621153,2.233640313616496
2017-01-18,41.446086,-71.621153,1.749630430712117
2017-01-19,41.446086,-71.621153,0.0010086296839237577
2017-01-20,41.446086,-71.621153,0.2053714088857861
2017-01-21,41.446086,-71.621153,0.2837646344547758
2017-01-22,41.446086,-71.621153,1.1715517133147628
2017-01-23,41.446086,-71.621153,8.081460083198394
2017-01-24,41.446086,-71.621153,38.16922107119614
2017-01-25,41.446086,-71.621153,10.996089223528772
2017-01-26,41.446086,-71.621153,0.3657323185292392
2017-01-27,41.446086,-71.621153,0.0006962128254179794
2017-01-28,41.446086,-71.621153,0.0
2017-01-29,41.446086,-71.621153,0.0031897094035385006
2017-01-30,41.446086,-71.621153,0.00011291485071015348
2017-01-31,41.446086,-71.621153,0.02734647237001886
2017-02-01,41.446086,-71.621153,0.009158689094003036
2017-02-02,41.446086,-71.621153,0.0
2017-02-03,41.446086,-71.621153,0.0
2017-02-04,41.446086,-71.621153,0.0
2017-02-05,41.446086,-71.621153,0.0010086296839237577
2017-02-06,41.446086,-71.621153,0.0
2017-02-07,41.446086,-71.621153,8.683600986369084
2017-02-08,41.446086,-71.621153,2.927692277621832
2017-02-09,41.446086,-71.621153,37.42046561921633
2017-02-10,41.446086,-71.621153,0.0
2017-02-11,41.446086,-71.621153,0.34282491072851834
2017-02-12,41.446086,-71.621153,10.271004764447849
2017-02-13,41.446086,-71.621153,0.0
2017-02-14,41.446086,-71.621153,0.0
2017-02-15,41.446086,-71.621153,0.5191831604325692
2017-02-16,41.446086,-71.621153,0.0
2017-02-17,41.446086,-71.621153,0.0
2017-02-18,41.446086,-71.621153,0.0
2017-02-19,41.446086,-71.621153,0.0
2017-02-20,41.446086,-71.621153,0.011087926770904567
2017-02-21,41.446086,-71.621153,0.17495360741804206
2017-02-22,41.446086,-71.621153,1.5217530597644262
2017-02-23,41.446086,-71.621153,0.34516321798861255
2017-02-24,41.446086,-71.621153,0.8785929672326566
2017-02-25,41.446086,-71.621153,0.15923185197220924
2017-02-26,41.446086,-71.621153,6.370742748943801
2017-02-27,41.446086,-71.621153,0.0001956999956258627
2017-02-28,41.446086,-71.621153,2.625154074995308
2017-03-01,41.446086,-71.621153,13.131731046346504
2017-03-02,41.446086,-71.621153,0.28072552396502615
2017-03-03,41.446086,-71.621153,0.004679095467479383
2017-03-04,41.446086,-71.621153,0.0
2017-03-05,41.446086,-71.621153,0.0004177277108123585
2017-03-06,41.446086,-71.621153,0.0034183090462523574
2017-03-07,41.446086,-71.621153,5.346669432150648
2017-03-08,41.446086,-71.621153,10.947308986705051
2017-03-09,41.446086,-71.621153,0.0
2017-03-10,41.446086,-71.621153,4.7759145311249425
2017-03-11,41.446086,-71.621153,0.0
2017-03-12,41.446086,-71.621153,0.0
2017-03-13,41.446086,-71.621153,0.0
2017-03-14,41.446086,-71.621153,36.650671676700064
2017-03-15,41.446086,-71.621153,0.0
2017-03-16,41.446086,-71.621153,0.0
2017-03-17,41.446086,-71.621153,0.0
2017-03-18,41.446086,-71.621153,0.001369900005833008
2017-03-19,41.446086,-71.621153,0.012212104423294361
2017-03-20,41.446086,-71.621153,0.005826250501711653
2017-03-21,41.446086,-71.621153,0.00016937227606523048
2017-03-22,41.446086,-71.621153,0.19992987202808077
2017-03-23,41.446086,-71.621153,0.001174199973755178
2017-03-24,41.446086,-71.621153,2.443612571671686
2017-03-25,41.446086,-71.621153,1.5482350204706328
2017-03-26,41.446086,-71.621153,0.8954945003335127
2017-03-27,41.446086,-71.621153,5.62734712148124
2017-03-28,41.446086,-71.621153,9.301926370396476
2017-03-29,41.446086,-71.621153,10.484276061594768
2017-03-30,41.446086,-71.621153,0.0
2017-03-31,41.446086,-71.621153,12.916755667109674
2017-04-01,41.446086,-71.621153,34.23427022168004
2017-04-02,41.446086,-71.621153,0.0
2017-04-03,41.446086,-71.621153,0.43505667877467413
2017-04-04,41.446086,-71.621153,38.38565207316729
2017-04-05,41.446086,-71.621153,1.9882203179809095
2017-04-06,41.446086,-71.621153,23.81957245406459
2017-04-07,41.446086,-71.621153,0.002856516849318152
2017-04-08,41.446086,-71.621153,0.5695262286119
2017-04-09,41.446086,-71.621153,0.0
2017-04-10,41.446086,-71.621153,0.8715074259186473
2017-04-11,41.446086,-71.621153,0.08338828259609923
2017-04-12,41.446086,-71.621153,0.42403716306158173
2017-04-13,41.446086,-71.621153,0.45558000091432854
2017-04-14,41.446086,-71.621153,0.26019294901602624
2017-04-15,41.446086,-71.621153,0.09615393424936976
2017-04-16,41.446086,-71.621153,0.48759682657969017
2017-04-17,41.446086,-71.621153,1.8801989782920308
2017-04-18,41.446086,-71.621153,0.0
2017-04-19,41.446086,-71.621153,1.1950548338012643
2017-04-20,41.446086,-71.621153,2.24099248106201
2017-04-21,41.446086,-71.621153,10.078104744673423
2017-04-22,41.446086,-71.621153,6.221809842614
2017-04-23,41.446086,-71.621153,0.9531047671970708
2017-04-24,41.446086,-71.621153,0.8081342769143822
2017-04-25,41.446086,-71.621153,10.463443308794245
2017-04-26,41.446086,-71.621153,17.84253237733146
2017-04-27,41.446086,-71.621153,0.05283702469602284
2017-04-28,41.446086,-71.621153,2.286743508028989
2017-04-29,41.446086,-71.621153,2.6481062998205878
2017-04-30,41.446086,-71.621153,0.0
2017-05-01,41.446086,-71.621153,0.4350732247712709
2017-05-02,41.446086,-71.621153,13.908075685603556
2017-05-03,41.446086,-71.621153,0.0
2017-05-04,41.446086,-71.621153,0.11600982713127483
2017-05-05,41.446086,-71.621153,25.482867841279546
2017-05-06,41.446086,-71.621153,21.373073750899035
2017-05-07,41.446086,-71.621153,0.8929494060134615
2017-05-08,41.446086,-71.621153,0.06523861544665802
2017-05-09,41.446086,-71.621153,0.2160122501626024
2017-05-10,41.446086,-71.621153,0.7828782806109513
2017-05-11,41.446086,-71.621153,0.0
2017-05-12,41.446086,-71.621153,0.0001956999956258627
2017-05-13,41.446086,-71.621153,6.131987413586253
2017-05-14,41.446086,-71.621153,9.593759447476224
2017-05-15,41.446086,-71.621153,4.786647820027136
2017-05-16,41.446086,-71.621153,0.0
2017-05-17,41.446086,-71.621153,0.0
2017-05-18,41.446086,-71.621153,0.00016937227606523048
2017-05-19,41.446086,-71.621153,0.0
2017-05-20,41.446086,-71.621153,0.00722801808375644
2017-05-21,41.446086,-71.621153,0.0
2017-05-22,41.446086,-71.621153,19.173173495688484
2017-05-23,41.446086,-71.621153,4.915708357041603
2017-05-24,41.446086,-71.621153,12.250509816438337
2017-05-25,41.446086,-71.621153,8.517717299548329
2017-05-26,41.446086,-71.621153,16.657409026271957
2017-05-27,41.446086,-71.621153,0.025801985366417087
2017-05-28,41.446086,-71.621153,0.27948941315733034
2017-05-29,41.446086,-71.621153,19.630995428335442
2017-05-30,41.446086,-71.621153,0.0456483431901754
2017-05-31,41.446086,-71.621153,3.128100580812022
2017-06-01,41.446086,-71.621153,0.00016937227606523048
2017-06-02,41.446086,-71.621153,0.2783669604991491
2017-06-03,41.446086,-71.621153,0.19254016206820035
2017-06-04,41.446086,-71.621153,2.511556976640745
2017-06-05,41.446086,-71.621153,10.935802537197132
2017-06-06,41.446086,-71.621153,19.034317987146622
2017-06-07,41.446086,-71.621153,0.06252471353936043
2017-06-08,41.446086,-71.621153,2.046409769930651
2017-06-09,41.446086,-71.621153,2.896953573697014
2017-06-10,41.446086,-71.621153,0.0
2017-06-11,41.446086,-71.621153,0.004028966826816966
2017-06-12,41.446086,-71.621153,0.0
2017-06-13,41.446086,-71.621153,2.5080257058360678
2017-06-14,41.446086,-71.621153,0.003375753560078772
2017-06-15,41.446086,-71.621153,0.19491889682412977
2017-06-16,41.446086,-71.621153,4.2606290378565586
2017-06-17,41.446086,-71.621153,0.5422391041827886
2017-06-18,41.446086,-71.621153,0.27484899972787297
2017-06-19,41.446086,-71.621153,0.02421442976505436
2017-06-20,41.446086,-71.621153,7.701972537392998
2017-06-21,41.446086,-71.621153,0.6170712618290644
2017-06-22,41.446086,-71.621153,0.0
2017-06-23,41.446086,-71.621153,0.16672763217083286
2017-06-24,41.446086,-71.621153,30.98158620987889
2017-06-25,41.446086,-71.621153,0.07178449442826734
2017-06-26,41.446086,-71.621153,0.0
2017-06-27,41.446086,-71.621153,0.5221480165669646
2017-06-28,41.446086,-71.621153,0.07673446858988585
2017-06-29,41.446086,-71.621153,0.14063782639037445
2017-06-30,41.446086,-71.621153,1.2988535303095592
2017-07-01,41.446086,-71.621153,4.2825473956704005
2017-07-02,41.446086,-71.621153,0.0025066525225623045
2017-07-03,41.446086,-71.621153,0.26166585041269963
2017-07-04,41.446086,-71.621153,0.0
2017-07-05,41.446086,-71.621153,0.0
2017-07-06,41.446086,-71.621153,0.08927775233496615
2017-07-07,41.446086,-71.621153,6.860589327414332
2017-07-08,41.446086,-71.621153,0.25356829840253203
2017-07-09,41.446086,-71.621153,0.0
2017-07-10,41.446086,-71.621153,0.0
2017-07-11,41.446086,-71.621153,5.834980552843487
2017-07-12,41.446086,-71.621153,1.5762855825851758
2017-07-13,41.446086,-71.621153,18.63924344851525
2017-07-14,41.446086,-71.621153,5.92122967294984
2017-07-15,41.446086,-71.621153,0.9614201616295486
2017-07-16,41.446086,-71.621153,0.0
2017-07-17,41.446086,-71.621153,0.0024841267576874294
2017-07-18,41.446086,-71.621153,0.010315364147301555
2017-07-19,41.446086,-71.621153,0.0004177277108123585
2017-07-20,41.446086,-71.621153,0.06106990712092781
2017-07-21,41.446086,-71.621153,0.272297610553082
2017-07-22,41.446086,-71.621153,0.026333826339059268
2017-07-23,41.446086,-71.621153,1.1444964700305216
2017-07-24,41.446086,-71.621153,18.489182577718744
2017-07-25,41.446086,-71.621153,0.07849348807906846
2017-07-26,41.446086,-71.621153,0.0
2017-07-27,41.446086,-71.621153,5.500838061259077
2017-07-28,41.446086,-71.621153,0.006929953973654437
2017-07-29,41.446086,-71.621153,15.716261787376995
2017-07-30,41.446086,-71.621153,0.0
2017-07-31,41.446086,-71.621153,0.0
2017-08-01,41.446086,-71.621153,0.0
2017-08-02,41.446086,-71.621153,0.07014343519850931
2017-08-03,41.446086,-71.621153,0.02905837832343492
2017-08-04,41.446086,-71.621153,0.009608599785230857
2017-08-05,41.446086,-71.621153,3.8178893569339176
2017-08-06,41.446086,-71.621153,0.0034183090462523574
2017-08-07,41.446086,-71.621153,6.553953781007911
2017-08-08,41.446086,-71.621153,3.4011341028725144
2017-08-09,41.446086,-71.621153,0.0
2017-08-10,41.446086,-71.621153,0.01367323618500943
2017-08-11,41.446086,-71.621153,0.0009746980178314546
2017-08-12,41.446086,-71.621153,7.657090514099879
2017-08-13,41.446086,-71.621153,0.0036940242195644284
2017-08-14,41.446086,-71.621153,0.011996511316807755
2017-08-15,41.446086,-71.621153,9.103070720127338
2017-08-16,41.446086,-71.621153,0.0
2017-08-17,41.446086,-71.621153,0.0
2017-08-18,41.446086,-71.621153,5.452332442612516
2017-08-19,41.446086,-71.621153,2.3960752325705044
2017-08-20,41.446086,-71.621153,0.0006435574122326654
2017-08-21,41.446086,-71.621153,0.007118905208764083
2017-08-22,41.446086,-71.621153,0.0346557144100348
2017-08-23,41.446086,-71.621153,3.6222119882576513
2017-08-24,41.446086,-71.621153,0.0
2017-08-25,41.446086,-71.621153,0.0
2017-08-26,41.446086,-71.621153,0.0
2017-08-27,41.446086,-71.621153,0.0
2017-08-28,41.446086,-71.621153,0.0034183090462523574
2017-08-29,41.446086,-71.621153,5.231098936285784
2017-08-30,41.446086,-71.621153,24.720135424535123
2017-08-31,41.446086,-71.621153,0.0008091276761281328
2017-09-01,41.446086,-71.621153,0.0
2017-09-02,41.446086,-71.621153,0.0
2017-09-03,41.446086,-71.621153,28.377683590866887
2017-09-04,41.446086,-71.621153,0.0
2017-09-05,41.446086,-71.621153,0.0
2017-09-06,41.446086,-71.621153,13.099085752742507
2017-09-07,41.446086,-71.621153,18.216478580926548
2017-09-08,41.446086,-71.621153,0.0
2017-09-09,41.446086,-71.621153,0.0
2017-09-10,41.446086,-71.621153,0.0
2017-09-11,41.446086,-71.621153,0.0
2017-09-12,41.446086,-71.621153,0.0
2017-09-13,41.446086,-71.621153,0.0
2017-09-14,41.446086,-71.621153,0.001392425858323562
2017-09-15,41.446086,-71.621153,0.6657580400160451
2017-09-16,41.446086,-71.621153,0.0
2017-09-17,41.446086,-71.621153,0.0
2017-09-18,41.446086,-71.621153,0.0006134277064382206
2017-09-19,41.446086,-71.621153,6.46370183949217
2017-09-20,41.446086,-71.621153,1.473452244246865
2017-09-21,41.446086,-71.621153,3.5117206766577995
2017-09-22,41.446086,-71.621153,4.2125526088029766
2017-09-23,41.446086,-71.621153,0.0
2017-09-24,41.446086,-71.621153,0.0
2017-09-25,41.446086,-71.621153,0.0
2017-09-26,41.446086,-71.621153,0.0
2017-09-27,41.446086,-71.621153,0.0
2017-09-28,41.446086,-71.621153,0.04428143742283279
2017-09-29,41.446086,-71.621153,0.0
2017-09-30,41.446086,-71.621153,13.74162749808014
2017-10-01,41.446086,-71.621153,0.0
2017-10-02,41.446086,-71.621153,0.0
2017-10-03,41.446086,-71.621153,0.0
2017-10-04,41.446086,-71.621153,0.0
2017-10-05,41.446086,-71.621153,0.029337404023209657
2017-10-06,41.446086,-71.621153,5.2521874923998455
2017-10-07,41.446086,-71.621153,0.350758875125483
2017-10-08,41.446086,-71.621153,9.8210740179755
2017-10-09,41.446086,-71.621153,12.003286881478806
2017-10-10,41.446086,-71.621153,0.009728981195129256
2017-10-11,41.446086,-71.621153,0.7232579920511576
2017-10-12,41.446086,-71.621153,1.8284724653969961
2017-10-13,41.446086,-71.621153,0.0
2017-10-14,41.446086,-71.621153,1.3164393486168748
2017-10-15,41.446086,-71.621153,0.009944574375035736
2017-10-16,41.446086,-71.621153,1.4089356595362008
2017-10-17,41.446086,-71.621153,0.0
2017-10-18,41.446086,-71.621153,0.0
2017-10-19,41.446086,-71.621153,0.0
2017-10-20,41.446086,-71.621153,0.0
2017-10-21,41.446086,-71.621153,0.0
2017-10-22,41.446086,-71.621153,0.0
2017-10-23,41.446086,-71.621153,0.0
2017-10-24,41.446086,-71.621153,3.1981529876895154
2017-10-25,41.446086,-71.621153,33.88272831500945
2017-10-26,41.446086,-71.621153,30.30580011590354
2017-10-27,41.446086,-71.621153,0.0
2017-10-28,41.446086,-71.621153,0.0
2017-10-29,41.446086,-71.621153,11.853832270048699
2017-10-30,41.446086,-71.621153,45.17453498817935
2017-10-31,41.446086,-71.621153,0.00027848514054157195
2017-11-01,41.446086,-71.621153,0.21815173305398977
2017-11-02,41.446086,-71.621153,0.030211790460216558
2017-11-03,41.446086,-71.621153,0.0
2017-11-04,41.446086,-71.621153,0.0
2017-11-05,41.446086,-71.621153,0.384477460698993
2017-11-06,41.446086,-71.621153,1.4275377809156922
2017-11-07,41.446086,-71.621153,7.599188765712439
2017-11-08,41.446086,-71.621153,10.950434856514407
2017-11-09,41.446086,-71.621153,0.0
2017-11-10,41.446086,-71.621153,0.0
2017-11-11,41.446086,-71.621153,0.0
2017-11-12,41.446086,-71.621153,0.0
2017-11-13,41.446086,-71.621153,5.861690300985471
2017-11-14,41.446086,-71.621153,0.00016937227606523048
2017-11-15,41.446086,-71.621153,0.0
2017-11-16,41.446086,-71.621153,1.7925495564428646
2017-11-17,41.446086,-71.621153,0.0
2017-11-18,41.446086,-71.621153,1.5020216401393867
2017-11-19,41.446086,-71.621153,20.60323915049338
2017-11-20,41.446086,-71.621153,0.0
2017-11-21,41.446086,-71.621153,0.0004177277108123585
2017-11-22,41.446086,-71.621153,29.919314960959877
2017-11-23,41.446086,-71.621153,0.0
2017-11-24,41.446086,-71.621153,0.0
2017-11-25,41.446086,-71.621153,0.11348168444704027
2017-11-26,41.446086,-71.621153,1.557802525041956
2017-11-27,41.446086,-71.621153,0.0
2017-11-28,41.446086,-71.621153,0.0
2017-11-29,41.446086,-71.621153,0.018380020416925602
2017-11-30,41.446086,-71.621153,0.0
2017-12-01,41.446086,-71.621153,2.6798704947865435
2017-12-02,41.446086,-71.621153,0.013868936180635293
2017-12-03,41.446086,-71.621153,0.08993929752934252
2017-12-04,41.446086,-71.621153,0.022885612691394178
2017-12-05,41.446086,-71.621153,1.1989775458433578
2017-12-06,41.446086,-71.621153,21.714751694165596
2017-12-07,41.446086,-71.621153,0.000587099986877589
2017-12-08,41.446086,-71.621153,2.3097112730444835
2017-12-09,41.446086,-71.621153,13.373558364697406
2017-12-10,41.446086,-71.621153,1.7629893049599425
2017-12-11,41.446086,-71.621153,0.018106218464678227
2017-12-12,41.446086,-71.621153,9.79668141462425
2017-12-13,41.446086,-71.621153,0.1683536911110201
2017-12-14,41.446086,-71.621153,0.05498390794115609
2017-12-15,41.446086,-71.621153,0.0025742296489306617
2017-12-16,41.446086,-71.621153,0.004157972539089213
2017-12-17,41.446086,-71.621153,0.0
2017-12-18,41.446086,-71.621153,1.1819057298191624
2017-12-19,41.446086,-71.621153,0.0574551006737048
2017-12-20,41.446086,-71.621153,0.027237145144740498
2017-12-21,41.446086,-71.621153,0.04591734522366405
2017-12-22,41.446086,-71.621153,0.1273443323548733
2017-12-23,41.446086,-71.621153,17.205212971463627
2017-12-24,41.446086,-71.621153,9.736069522592802
2017-12-25,41.446086,-71.621153,1.9280787029585216
2017-12-26,41.446086,-71.621153,0.21345436575066626
2017-12-27,41.446086,-71.621153,0.0
2017-12-28,41.446086,-71.621153,0.0
2017-12-29,41.446086,-71.621153,0.0
2017-12-30,41.446086,-71.621153,0.0
2017-12-31,41.446086,-71.621153,0.5625584915109111
2018-01-01,41.446086,-71.621153,0.0
2018-01-02,41.446086,-71.621153,0.0
2018-01-03,41.446086,-71.621153,0.0
2018-01-04,41.446086,-71.621153,13.735782838000716
2018-01-05,41.446086,-71.621153,0.9281952097640598
2018-01-06,41.446086,-71.621153,0.0
2018-01-07,41.446086,-71.621153,0.0
2018-01-08,41.446086,-71.621153,1.0155073009645113
2018-01-09,41.446086,-71.621153,0.6153396392871984
2018-01-10,41.446086,-71.621153,0.00013924257027078598
2018-01-11,41.446086,-71.621153,0.18441504554651628
2018-01-12,41.446086,-71.621153,18.488218710590335
2018-01-13,41.446086,-71.621153,66.8835931769148
2018-01-14,41.446086,-71.621153,0.0
2018-01-15,41.446086,-71.621153,0.14237854374345327
2018-01-16,41.446086,-71.621153,0.0
2018-01-17,41.446086,-71.621153,0.8576826033912989
2018-01-18,41.446086,-71.621153,5.645742535507674e-05
2018-01-19,41.446086,-71.621153,0.0
2018-01-20,41.446086,-71.621153,0.0
2018-01-21,41.446086,-71.621153,0.0
2018-01-22,41.446086,-71.621153,0.02273540526598345
2018-01-23,41.446086,-71.621153,29.45516336066114
2018-01-24,41.446086,-71.621153,0.0
2018-01-25,41.446086,-71.621153,0.0
2018-01-26,41.446086,-71.621153,0.03742175104467649
2018-01-27,41.446086,-71.621153,0.0
2018-01-28,41.446086,-71.621153,18.124882766547366
2018-01-29,41.446086,-71.621153,0.39028923708272395
2018-01-30,41.446086,-71.621153,0.5122701839974532
2018-01-31,41.446086,-71.621153,0.0
2018-02-01,41.446086,-71.621153,0.02714800052297037
2018-02-02,41.446086,-71.621153,2.3037590868188063
2018-02-03,41.446086,-71.621153,0.0
2018-02-04,41.446086,-71.621153,2.9278988889276913
2018-02-05,41.446086,-71.621153,27.689390756931147
2018-02-06,41.446086,-71.621153,0.0
2018-02-07,41.446086,-71.621153,19.844738341017806
2018-02-08,41.446086,-71.621153,2.136931110615979
2018-02-09,41.446086,-71.621153,0.0
2018-02-10,41.446086,-71.621153,2.9238716233668187
2018-02-11,41.446086,-71.621153,48.251334547532345
2018-02-12,41.446086,-71.621153,14.551682629117932
2018-02-13,41.446086,-71.621153,0.0
2018-02-14,41.446086,-71.621153,0.353281433933054
2018-02-15,41.446086,-71.621153,3.0057002630120486
2018-02-16,41.446086,-71.621153,11.023435498446103
2018-02-17,41.446086,-71.621153,0.0053753082928973605
2018-02-18,41.446086,-71.621153,15.066901050184132
2018-02-19,41.446086,-71.621153,1.4075920260006487
2018-02-20,41.446086,-71.621153,4.384286669098542
2018-02-21,41.446086,-71.621153,0.015245899568154702
2018-02-22,41.446086,-71.621153,2.616995125506584
2018-02-23,41.446086,-71.621153,5.8645387354065655
2018-02-24,41.446086,-71.621153,5.817973165775268
2018-02-25,41.446086,-71.621153,22.593579142870052
2018-02-26,41.446086,-71.621153,0.7568310885697881
2018-02-27,41.446086,-71.621153,0.0
2018-02-28,41.446086,-71.621153,0.07197116364372802
2018-03-01,41.446086,-71.621153,0.08681592703443497
2018-03-02,41.446086,-71.621153,59.06264210208206
2018-03-03,41.446086,-71.621153,0.5133885137617272
2018-03-04,41.446086,-71.621153,0.0
2018-03-05,41.446086,-71.621153,0.07461119388128608
2018-03-06,41.446086,-71.621153,0.014090963895821786
2018-03-07,41.446086,-71.621153,32.8630595053471
2018-03-08,41.446086,-71.621153,1.369705479844356
2018-03-09,41.446086,-71.621153,0.0
2018-03-10,41.446086,-71.621153,0.0
2018-03-11,41.446086,-71.621153,0.0
2018-03-12,41.446086,-71.621153,0.5408756280169564
2018-03-13,41.446086,-71.621153,27.930639720581937
2018-03-14,41.446086,-71.621153,0.00013924257027078598
2018-03-15,41.446086,-71.621153,0.3919151264047146
2018-03-16,41.446086,-71.621153,0.0
2018-03-17,41.446086,-71.621153,0.0
2018-03-18,41.446086,-71.621153,0.0
2018-03-19,41.446086,-71.621153,0.0
2018-03-20,41.446086,-71.621153,0.2622294430367184
2018-03-21,41.446086,-71.621153,2.0518290935059555
2018-03-22,41.446086,-71.621153,3.7906900415532316
2018-03-23,41.446086,-71.621153,0.0
2018-03-24,41.446086,-71.621153,0.0
2018-03-25,41.446086,-71.621153,0.0
2018-03-26,41.446086,-71.621153,0.0
2018-03-27,41.446086,-71.621153,0.0
2018-03-28,41.446086,-71.621153,0.5921643197077797
2018-03-29,41.446086,-71.621153,1.6246843547340168
2018-03-30,41.446086,-71.621153,2.518748694330166
2018-03-31,41.446086,-71.621153,0.051274633783656286
2018-04-01,41.446086,-71.621153,4.507131242011811
2018-04-02,41.446086,-71.621153,7.2416424114573985
2018-04-03,41.446086,-71.621153,14.691574159880457
2018-04-04,41.446086,-71.621153,4.962300304235333
2018-04-05,41.446086,-71.621153,0.0
2018-04-06,41.446086,-71.621153,3.006280175272418
2018-04-07,41.446086,-71.621153,7.508886226722292
2018-04-08,41.446086,-71.621153,0.0003913999912517254
2018-04-09,41.446086,-71.621153,0.0
2018-04-10,41.446086,-71.621153,0.9568859977106139
2018-04-11,41.446086,-71.621153,0.0
2018-04-12,41.446086,-71.621153,1.111032035446606
2018-04-13,41.446086,-71.621153,4.657943971484913
2018-04-14,41.446086,-71.621153,0.00011291485071015348
2018-04-15,41.446086,-71.621153,1.7150427157848716
2018-04-16,41.446086,-71.621153,39.84345145296238
2018-04-17,41.446086,-71.621153,0.05279245237661907
2018-04-18,41.446086,-71.621153,0.06701958610338073
2018-04-19,41.446086,-71.621153,2.8342641422037524
2018-04-20,41.446086,-71.621153,0.0005569702810831439
2018-04-21,41.446086,-71.621153,0.0003913999912517254
2018-04-22,41.446086,-71.621153,0.0
2018-04-23,41.446086,-71.621153,0.0
2018-04-24,41.446086,-71.621153,0.4783831297204424
2018-04-25,41.446086,-71.621153,30.755244183776938
2018-04-26,41.446086,-71.621153,8.31621678787681
2018-04-27,41.446086,-71.621153,15.020286158419164
2018-04-28,41.446086,-71.621153,0.004734247544822435
2018-04-29,41.446086,-71.621153,0.362124182995619
2018-04-30,41.446086,-71.621153,0.05894670984462448
2018-05-01,41.446086,-71.621153,0.001385990846363071
2018-05-02,41.446086,-71.621153,0.0
2018-05-03,41.446086,-71.621153,0.006949532943214869
2018-05-04,41.446086,-71.621153,1.0995371042715516
2018-05-05,41.446086,-71.621153,0.0
2018-05-06,41.446086,-71.621153,10.409592438891147
2018-05-07,41.446086,-71.621153,0.42567206487949105
2018-05-08,41.446086,-71.621153,0.0
2018-05-09,41.446086,-71.621153,0.0
2018-05-10,41.446086,-71.621153,0.010254927138757072
2018-05-11,41.446086,-71.621153,0.5692786175158867
2018-05-12,41.446086,-71.621153,3.163921944323461
2018-05-13,41.446086,-71.621153,1.0809009398047857
2018-05-14,41.446086,-71.621153,0.06896504279569896
2018-05-15,41.446086,-71.621153,9.125737204599979
2018-05-16,41.446086,-71.621153,7.608454425896457
2018-05-17,41.446086,-71.621153,14.012712757498063
2018-05-18,41.446086,-71.621153,0.17570759582998574
2018-05-19,41.446086,-71.621153,5.887164368057479
2018-05-20,41.446086,-71.621153,2.5276246918228793
2018-05-21,41.446086,-71.621153,0.0
2018-05-22,41.446086,-71.621153,5.786974512274265
2018-05-23,41.446086,-71.621153,4.392622593907886
2018-05-24,41.446086,-71.621153,0.00027848514054157195
2018-05-25,41.446086,-71.621153,0.0
2018-05-26,41.446086,-71.621153,0.010254927138757072
2018-05-27,41.446086,-71.621153,3.1093399872230703
2018-05-28,41.446086,-71.621153,0.03551835403729911
2018-05-29,41.446086,-71.621153,0.07014752188523307
2018-05-30,41.446086,-71.621153,0.0
2018-05-31,41.446086,-71.621153,0.0
2018-06-01,41.446086,-71.621153,10.61515277214019
2018-06-02,41.446086,-71.621153,0.9862441592981013
2018-06-03,41.446086,-71.621153,0.004327344815154443
2018-06-04,41.446086,-71.621153,8.698525116175716
2018-06-05,41.446086,-71.621153,0.2852102426954917
2018-06-06,41.446086,-71.621153,0.0
2018-06-07,41.446086,-71.621153,0.00022582970142030696
2018-06-08,41.446086,-71.621153,0.0
2018-06-09,41.446086,-71.621153,0.0
2018-06-10,41.446086,-71.621153,0.17623589475808157
2018-06-11,41.446086,-71.621153,4.130981309829714
2018-06-12,41.446086,-71.621153,0.0
2018-06-13,41.446086,-71.621153,3.1295856654071503
2018-06-14,41.446086,-71.621153,0.025099884059442204
2018-06-15,41.446086,-71.621153,0.4619280101102716
2018-06-16,41.446086,-71.621153,0.0
2018-06-17,41.446086,-71.621153,0.0
2018-06-18,41.446086,-71.621153,1.38043185624747
2018-06-19,41.446086,-71.621153,8.453608023105495
2018-06-20,41.446086,-71.621153,0.0
2018-06-21,41.446086,-71.621153,6.237230231403394
2018-06-22,41.446086,-71.621153,0.0
2018-06-23,41.446086,-71.621153,5.153532053265027
2018-06-24,41.446086,-71.621153,0.0010162337194874725
2018-06-25,41.446086,-71.621153,6.247885814910052
2018-06-26,41.446086,-71.621153,0.0
2018-06-27,41.446086,-71.621153,0.18925701129555436
2018-06-28,41.446086,-71.621153,12.2760773491049
2018-06-29,41.446086,-71.621153,0.14459567828426922
2018-06-30,41.446086,-71.621153,0.0
2018-07-01,41.446086,-71.621153,0.010254927138757072
2018-07-02,41.446086,-71.621153,0.009701936182702415
2018-07-03,41.446086,-71.621153,0.0
2018-07-04,41.446086,-71.621153,0.0
2018-07-05,41.446086,-71.621153,0.0
2018-07-06,41.446086,-71.621153,17.228950436609843
2018-07-07,41.446086,-71.621153,0.0
2018-07-08,41.446086,-71.621153,0.0
2018-07-09,41.446086,-71.621153,0.0
2018-07-10,41.446086,-71.621153,0.0
2018-07-11,41.446086,-71.621153,5.2476833859041125
2018-07-12,41.446086,-71.621153,0.0
2018-07-13,41.446086,-71.621153,0.0
2018-07-14,41.446086,-71.621153,0.04193834490482638
2018-07-15,41.446086,-71.621153,3.4836909091403525
2018-07-16,41.446086,-71.621153,0.012473917359106721
2018-07-17,41.446086,-71.621153,2.6155094477229417
2018-07-18,41.446086,-71.621153,6.694907797658844
2018-07-19,41.446086,-71.621153,0.0
2018-07-20,41.446086,-71.621153,0.0
2018-07-21,41.446086,-71.621153,0.3142767423151948
2018-07-22,41.446086,-71.621153,31.18355500433133
2018-07-23,41.446086,-71.621153,0.1307502557599155
2018-07-24,41.446086,-71.621153,0.0
2018-07-25,41.446086,-71.621153,1.595837394526479
2018-07-26,41.446086,-71.621153,4.4865664821696205
2018-07-27,41.446086,-71.621153,0.00045165940284061393
2018-07-28,41.446086,-71.621153,3.235221597375685
2018-07-29,41.446086,-71.621153,1.2821857310010618
2018-07-30,41.446086,-71.621153,4.000611558138653
2018-07-31,41.446086,-71.621153,0.4629000525795305
2018-08-01,41.446086,-71.621153,0.8065609649690307
2018-08-02,41.446086,-71.621153,0.0382729969624964
2018-08-03,41.446086,-71.621153,0.004489980166125347
2018-08-04,41.446086,-71.621153,35.19383743682226
2018-08-05,41.446086,-71.621153,0.006683643372997736
2018-08-06,41.446086,-71.621153,0.0
2018-08-07,41.446086,-71.621153,0.0
2018-08-08,41.446086,-71.621153,7.198409282632936
2018-08-09,41.446086,-71.621153,4.3242117827465965
2018-08-10,41.446086,-71.621153,0.0
2018-08-11,41.446086,-71.621153,15.734354433114806
2018-08-12,41.446086,-71.621153,2.0154411605031957
2018-08-13,41.446086,-71.621153,7.7039752388168825
2018-08-14,41.446086,-71.621153,0.0
2018-08-15,41.446086,-71.621153,0.24789663995620478
2018-08-16,41.446086,-71.621153,0.0
2018-08-17,41.446086,-71.621153,0.0058481883144763155
2018-08-18,41.446086,-71.621153,45.54818158987818
2018-08-19,41.446086,-71.621153,3.3723272340157076
2018-08-20,41.446086,-71.621153,0.0010650870566987587
2018-08-21,41.446086,-71.621153,0.00039520198800155337
2018-08-22,41.446086,-71.621153,3.472701310882664
2018-08-23,41.446086,-71.621153,0.966538375869853
2018-08-24,41.446086,-71.621153,0.0
2018-08-25,41.446086,-71.621153,0.0
2018-08-26,41.446086,-71.621153,0.0
2018-08-27,41.446086,-71.621153,0.15807312630222872
2018-08-28,41.446086,-71.621153,0.014222928812636195
2018-08-29,41.446086,-71.621153,0.0
2018-08-30,41.446086,-71.621153,0.0
2018-08-31,41.446086,-71.621153,0.0
2018-09-01,41.446086,-71.621153,0.008315945078178425
2018-09-02,41.446086,-71.621153,0.0
2018-09-03,41.446086,-71.621153,0.021475346835061616
2018-09-04,41.446086,-71.621153,0.0008693871136529725
2018-09-05,41.446086,-71.621153,0.0
2018-09-06,41.446086,-71.621153,4.944109796393598
2018-09-07,41.446086,-71.621153,13.300949165145486
2018-09-08,41.446086,-71.621153,13.747474269664666
2018-09-09,41.446086,-71.621153,10.12694917965414
2018-09-10,41.446086,-71.621153,44.02390402957603
2018-09-11,41.446086,-71.621153,0.018115963143660284
2018-09-12,41.446086,-71.621153,12.999871565777696
2018-09-13,41.446086,-71.621153,8.413235227994967
2018-09-14,41.446086,-71.621153,0.0
2018-09-15,41.446086,-71.621153,0.0
2018-09-16,41.446086,-71.621153,0.0
2018-09-17,41.446086,-71.621153,1.3928995629822838
2018-09-18,41.446086,-71.621153,19.661255179918786
2018-09-19,41.446086,-71.621153,0.010083086108408069
2018-09-20,41.446086,-71.621153,0.0
2018-09-21,41.446086,-71.621153,0.03742175104467649
2018-09-22,41.446086,-71.621153,0.01093111343505956
2018-09-23,41.446086,-71.621153,0.343057567809953
2018-09-24,41.446086,-71.621153,0.12880502107042213
2018-09-25,41.446086,-71.621153,36.778610620747436
2018-09-26,41.446086,-71.621153,15.726330907231057
2018-09-27,41.446086,-71.621153,2.54579661261303
2018-09-28,41.446086,-71.621153,13.084608222230926
2018-09-29,41.446086,-71.621153,0.0006698851317932974
2018-09-30,41.446086,-71.621153,0.0
2018-10-01,41.446086,-71.621153,0.03438934119438345
2018-10-02,41.446086,-71.621153,3.163895283710324
2018-10-03,41.446086,-71.621153,38.138021121533185
2018-10-04,41.446086,-71.621153,0.3606282363535088
2018-10-05,41.446086,-71.621153,0.0
2018-10-06,41.446086,-71.621153,0.8885431257603458
2018-10-07,41.446086,-71.621153,0.015352960018851365
2018-10-08,41.446086,-71.621153,0.0004177277108123585
2018-10-09,41.446086,-71.621153,0.0
2018-10-10,41.446086,-71.621153,0.0
2018-10-11,41.446086,-71.621153,6.507379031178437
2018-10-12,41.446086,-71.621153,69.12569333485744
2018-10-13,41.446086,-71.621153,4.124063202730924
2018-10-14,41.446086,-71.621153,2.126722305783961
2018-10-15,41.446086,-71.621153,0.34384102886615575
2018-10-16,41.446086,-71.621153,1.74027054623191
2018-10-17,41.446086,-71.621153,1.150943009387575
2018-10-18,41.446086,-71.621153,0.0034183090462523574
2018-10-19,41.446086,-71.621153,0.001385990846363071
2018-10-20,41.446086,-71.621153,4.102303514679423
2018-10-21,41.446086,-71.621153,1.7729033591449814
2018-10-22,41.446086,-71.621153,5.645742535507674e-05
2018-10-23,41.446086,-71.621153,0.004157972539089213
2018-10-24,41.446086,-71.621153,0.017290035326636817
2018-10-25,41.446086,-71.621153,0.001385990846363071
2018-10-26,41.446086,-71.621153,0.15044704448333746
2018-10-27,41.446086,-71.621153,18.942087326472265
2018-10-28,41.446086,-71.621153,0.09480441473417779
2018-10-29,41.446086,-71.621153,1.3565823324522388
2018-10-30,41.446086,-71.621153,0.0
2018-10-31,41.446086,-71.621153,0.049514611607119084
2018-11-01,41.446086,-71.621153,0.815415814982643
2018-11-02,41.446086,-71.621153,18.690515365694548
2018-11-03,41.446086,-71.621153,21.65119178191766
2018-11-04,41.446086,-71.621153,0.0
2018-11-05,41.446086,-71.621153,6.116317295354971
2018-11-06,41.446086,-71.621153,19.192537686266046
2018-11-07,41.446086,-71.621153,5.710095783617768
2018-11-08,41.446086,-71.621153,0.0
2018-11-09,41.446086,-71.621153,2.9083358792801217
2018-11-10,41.446086,-71.621153,36.266668223027395
2018-11-11,41.446086,-71.621153,0.0
2018-11-12,41.446086,-71.621153,0.006213848517245581
2018-11-13,41.446086,-71.621153,30.156171235979944
2018-11-14,41.446086,-71.621153,0.08765844031535826
2018-11-15,41.446086,-71.621153,36.02445344918841
2018-11-16,41.446086,-71.621153,29.349690364713204
2018-11-17,41.446086,-71.621153,0.0
2018-11-18,41.446086,-71.621153,0.0653612678956594
2018-11-19,41.446086,-71.621153,0.9505505917285063
2018-11-20,41.446086,-71.621153,1.5077462229906415
2018-11-21,41.446086,-71.621153,0.0
2018-11-22,41.446086,-71.621153,0.0
2018-11-23,41.446086,-71.621153,0.0
2018-11-24,41.446086,-71.621153,0.3106593961256342
2018-11-25,41.446086,-71.621153,39.77551099440001
2018-11-26,41.446086,-71.621153,11.073003117429646
2018-11-27,41.446086,-71.621153,2.500753603786438
2018-11-28,41.446086,-71.621153,0.010672654849569429
2018-11-29,41.446086,-71.621153,0.0
2018-11-30,41.446086,-71.621153,0.0009746980178314546
2018-12-01,41.446086,-71.621153,0.0
2018-12-02,41.446086,-71.621153,7.353864619935684
2018-12-03,41.446086,-71.621153,0.041461243775078344
2018-12-04,41.446086,-71.621153,0.0
2018-12-05,41.446086,-71.621153,0.0
2018-12-06,41.446086,-71.621153,0.0
2018-12-07,41.446086,-71.621153,0.0
2018-12-08,41.446086,-71.621153,0.0
2018-12-09,41.446086,-71.621153,0.0
2018-12-10,41.446086,-71.621153,0.0
2018-12-11,41.446086,-71.621153,0.0
2018-12-12,41.446086,-71.621153,0.0
2018-12-13,41.446086,-71.621153,3.3514887688087738
2018-12-14,41.446086,-71.621153,0.0017765078950520003
2018-12-15,41.446086,-71.621153,4.55709388865947
2018-12-16,41.446086,-71.621153,26.513236171471064
2018-12-17,41.446086,-71.621153,15.431041458338006
2018-12-18,41.446086,-71.621153,0.04283957030215557
2018-12-19,41.446086,-71.621153,0.0
2018-12-20,41.446086,-71.621153,0.02717274145966858
2018-12-21,41.446086,-71.621153,55.06447038738132
2018-12-22,41.446086,-71.621153,4.563427173326438
2018-12-23,41.446086,-71.621153,0.0
2018-12-24,41.446086,-71.621153,0.5433670632513546
2018-12-25,41.446086,-71.621153,0.03316955005495156
2018-12-26,41.446086,-71.621153,0.0
2018-12-27,41.446086,-71.621153,0.0017048425093417346
2018-12-28,41.446086,-71.621153,33.158050449323454
2018-12-29,41.446086,-71.621153,2.2364708812467775
2018-12-30,41.446086,-71.621153,0.04933565363320671
2018-12-31,41.446086,-71.621153,6.5083419934398
2019-01-01,41.446086,-71.621153,26.189799633793168
2019-01-02,41.446086,-71.621153,0.018128154706464526
2019-01-03,41.446086,-71.621153,4.628186329377952
2019-01-04,41.446086,-71.621153,0.03645165208075651
2019-01-05,41.446086,-71.621153,38.297645276655615
2019-01-06,41.446086,-71.621153,0.5904417992557965
2019-01-07,41.446086,-71.621153,0.001385990846363071
2019-01-08,41.446086,-71.621153,1.9209630132594127
2019-01-09,41.446086,-71.621153,2.373651987282452
2019-01-10,41.446086,-71.621153,0.09862218141954615
2019-01-11,41.446086,-71.621153,0.0008167316745317078
2019-01-12,41.446086,-71.621153,0.004095798150513279
2019-01-13,41.446086,-71.621153,0.00011291485071015348
2019-01-14,41.446086,-71.621153,0.0
2019-01-15,41.446086,-71.621153,0.009701936182702415
2019-01-16,41.446086,-71.621153,0.006929953973654437
2019-01-17,41.446086,-71.621153,0.0024736037149046793
2019-01-18,41.446086,-71.621153,0.6111635224091547
2019-01-19,41.446086,-71.621153,0.027756612998643276
2019-01-20,41.446086,-71.621153,86.05903634979808
2019-01-21,41.446086,-71.621153,0.0
2019-01-22,41.446086,-71.621153,0.0
2019-01-23,41.446086,-71.621153,0.557988683634291
2019-01-24,41.446086,-71.621153,45.1734380576607
2019-01-25,41.446086,-71.621153,0.0
2019-01-26,41.446086,-71.621153,0.03988306586392903
2019-01-27,41.446086,-71.621153,0.0017048425093417346
2019-01-28,41.446086,-71.621153,2.9695347529202
2019-01-29,41.446086,-71.621153,2.188065291626813
2019-01-30,41.446086,-71.621153,3.413168235835959
2019-01-31,41.446086,-71.621153,0.0
2019-02-01,41.446086,-71.621153,0.0
2019-02-02,41.446086,-71.621153,0.030318851976845005
2019-02-03,41.446086,-71.621153,0.12071306291408541
2019-02-04,41.446086,-71.621153,0.15863523629549006
2019-02-05,41.446086,-71.621153,0.035685886273358974
2019-02-06,41.446086,-71.621153,0.07057962807926124
2019-02-07,41.446086,-71.621153,16.586544221847
2019-02-08,41.446086,-71.621153,13.710391455973973
2019-02-09,41.446086,-71.621153,0.0006962128254179794
2019-02-10,41.446086,-71.621153,0.0
2019-02-11,41.446086,-71.621153,2.8447453833553156
2019-02-12,41.446086,-71.621153,21.827163385212533
2019-02-13,41.446086,-71.621153,12.167866987424341
2019-02-14,41.446086,-71.621153,0.0
2019-02-15,41.446086,-71.621153,3.2581186326313065
2019-02-16,41.446086,-71.621153,5.6568684064798544
2019-02-17,41.446086,-71.621153,0.2838837483387145
2019-02-18,41.446086,-71.621153,13.402773663236555
2019-02-19,41.446086,-71.621153,0.3911589954049101
2019-02-20,41.446086,-71.621153,0.9132201070229613
2019-02-21,41.446086,-71.621153,11.33516766416639
2019-02-22,41.446086,-71.621153,0.46762522085100994
2019-02-23,41.446086,-71.621153,0.41768703904825166
2019-02-24,41.446086,-71.621153,20.35441442777457
2019-02-25,41.446086,-71.621153,0.0007339465190999825
2019-02-26,41.446086,-71.621153,0.0
2019-02-27,41.446086,-71.621153,0.3607279293605001
2019-02-28,41.446086,-71.621153,1.6958001473738944
2019-03-01,41.446086,-71.621153,0.031073329681830034
2019-03-02,41.446086,-71.621153,9.965792096083051
2019-03-03,41.446086,-71.621153,0.9593113825133621
2019-03-04,41.446086,-71.621153,50.89037136814473
2019-03-05,41.446086,-71.621153,0.0
2019-03-06,41.446086,-71.621153,0.0
2019-03-07,41.446086,-71.621153,0.0
2019-03-08,41.446086,-71.621153,0.006836618092504715
2019-03-09,41.446086,-71.621153,0.0
2019-03-10,41.446086,-71.621153,4.1439012885881725
2019-03-11,41.446086,-71.621153,0.3576246482080502
2019-03-12,41.446086,-71.621153,0.0
2019-03-13,41.446086,-71.621153,0.000700014827071727
2019-03-14,41.446086,-71.621153,0.002771981692726142
2019-03-15,41.446086,-71.621153,2.9964232004585796
2019-03-16,41.446086,-71.621153,0.7513568135009034
2019-03-17,41.446086,-71.621153,0.0
2019-03-18,41.446086,-71.621153,0.0
2019-03-19,41.446086,-71.621153,0.0
2019-03-20,41.446086,-71.621153,0.0
2019-03-21,41.446086,-71.621153,0.14294125195394536
2019-03-22,41.446086,-71.621153,24.419099002697486
2019-03-23,41.446086,-71.621153,0.12761617115549
2019-03-24,41.446086,-71.621153,0.0006962128254179794
2019-03-25,41.446086,-71.621153,1.248874473423653
2019-03-26,41.446086,-71.621153,0.0
2019-03-27,41.446086,-71.621153,0.002771981692726142
2019-03-28,41.446086,-71.621153,0.0
2019-03-29,41.446086,-71.621153,0.9353768118519028
2019-03-30,41.446086,-71.621153,0.06497770861847979
2019-03-31,41.446086,-71.621153,4.808762073336146
2019-04-01,41.446086,-71.621153,0.0
2019-04-02,41.446086,-71.621153,0.005922042809048285
2019-04-03,41.446086,-71.621153,35.328331562542175
2019-04-04,41.446086,-71.621153,0.0
2019-04-05,41.446086,-71.621153,2.287251738350603
2019-04-06,41.446086,-71.621153,5.6002327421760345
2019-04-07,41.446086,-71.621153,0.020729278479293768
2019-04-08,41.446086,-71.621153,3.8304029753584827
2019-04-09,41.446086,-71.621153,1.4381801492606123
2019-04-10,41.446086,-71.621153,0.0874101814616251
2019-04-11,41.446086,-71.621153,0.00013924257027078598
2019-04-12,41.446086,-71.621153,0.6724481200396307
2019-04-13,41.446086,-71.621153,18.638514195723435
2019-04-14,41.446086,-71.621153,0.0006962128254179794
2019-04-15,41.446086,-71.621153,18.050185966536876
2019-04-16,41.446086,-71.621153,0.001531668298914591
2019-04-17,41.446086,-71.621153,0.2726603158454317
2019-04-18,41.446086,-71.621153,0.43602845374508903
2019-04-19,41.446086,-71.621153,0.333690079103881
2019-04-20,41.446086,-71.621153,34.769396321389436
2019-04-21,41.446086,-71.621153,8.964317310834037
2019-04-22,41.446086,-71.621153,4.15279854828121
2019-04-23,41.446086,-71.621153,1.051595071562594
2019-04-24,41.446086,-71.621153,6.242179420546275
2019-04-25,41.446086,-71.621153,0.003650436610642731
2019-04-26,41.446086,-71.621153,20.453775095362055
2019-04-27,41.446086,-71.621153,14.483427285022003
2019-04-28,41.446086,-71.621153,1.1853746820397084
2019-04-29,41.446086,-71.621153,0.03155433075954861
2019-04-30,41.446086,-71.621153,3.6098201465229156
2019-05-01,41.446086,-71.621153,0.06806769223960965
2019-05-02,41.446086,-71.621153,0.32133238529150665
2019-05-03,41.446086,-71.621153,1.5899498303998476
2019-05-04,41.446086,-71.621153,6.164285530104122
2019-05-05,41.446086,-71.621153,25.65866098025644
2019-05-06,41.446086,-71.621153,13.366995383315214
2019-05-07,41.446086,-71.621153,0.0
2019-05-08,41.446086,-71.621153,0.08123136188972802
2019-05-09,41.446086,-71.621153,0.3031267325828092
2019-05-10,41.446086,-71.621153,0.6237041891673246
2019-05-11,41.446086,-71.621153,0.6910912592902738
2019-05-12,41.446086,-71.621153,30.61843731282902
2019-05-13,41.446086,-71.621153,3.4377793788770368
2019-05-14,41.446086,-71.621153,2.616446352337811
2019-05-15,41.446086,-71.621153,0.03430758924743953
2019-05-16,41.446086,-71.621153,1.316310938250084
2019-05-17,41.446086,-71.621153,2.7249610642458792
2019-05-18,41.446086,-71.621153,0.0
2019-05-19,41.446086,-71.621153,0.0
2019-05-20,41.446086,-71.621153,1.8559792858087867
2019-05-21,41.446086,-71.621153,0.00013924257027078598
2019-05-22,41.446086,-71.621153,0.0
2019-05-23,41.446086,-71.621153,1.4123741365769222
2019-05-24,41.446086,-71.621153,0.0
2019-05-25,41.446086,-71.621153,0.0
2019-05-26,41.446086,-71.621153,0.6268826606517134
2019-05-27,41.446086,-71.621153,0.002771981692726142
2019-05-28,41.446086,-71.621153,0.12191286814469952
2019-05-29,41.446086,-71.621153,4.112255762557293
2019-05-30,41.446086,-71.621153,6.416674752678005
2019-05-31,41.446086,-71.621153,7.459062321261803
2019-06-01,41.446086,-71.621153,0.0
2019-06-02,41.446086,-71.621153,0.17751523732058788
2019-06-03,41.446086,-71.621153,3.152384820476968
2019-06-04,41.446086,-71.621153,0.0
2019-06-05,41.446086,-71.621153,0.45306414250105714
2019-06-06,41.446086,-71.621153,6.715504972807475
2019-06-07,41.446086,-71.621153,0.0
2019-06-08,41.446086,-71.621153,0.008193511278013602
2019-06-09,41.446086,-71.621153,0.0
2019-06-10,41.446086,-71.621153,3.1828707995164067
2019-06-11,41.446086,-71.621153,17.242837305860498
2019-06-12,41.446086,-71.621153,0.0
2019-06-13,41.446086,-71.621153,16.72921821896751
2019-06-14,41.446086,-71.621153,0.0
2019-06-15,41.446086,-71.621153,0.0
2019-06-16,41.446086,-71.621153,5.35269186874968
2019-06-17,41.446086,-71.621153,1.5644079995525126
2019-06-18,41.446086,-71.621153,6.807664605568035
2019-06-19,41.446086,-71.621153,0.676730887279276
2019-06-20,41.446086,-71.621153,1.0434354614510923
2019-06-21,41.446086,-71.621153,18.4423636224895
2019-06-22,41.446086,-71.621153,0.04149225503798686
2019-06-23,41.446086,-71.621153,0.0
2019-06-24,41.446086,-71.621153,0.0
2019-06-25,41.446086,-71.621153,28.638543651612704
2019-06-26,41.446086,-71.621153,0.00011291485071015348
2019-06-27,41.446086,-71.621153,0.0
2019-06-28,41.446086,-71.621153,0.0
2019-06-29,41.446086,-71.621153,0.34443910168138153
2019-06-30,41.446086,-71.621153,2.994665374687792
2019-07-01,41.446086,-71.621153,0.004297215109359999
2019-07-02,41.446086,-71.621153,0.3569617158253441
2019-07-03,41.446086,-71.621153,0.00045165940284061393
2019-07-04,41.446086,-71.621153,0.0
2019-07-05,41.446086,-71.621153,0.0
2019-07-06,41.446086,-71.621153,0.03651222610861166
2019-07-07,41.446086,-71.621153,0.3286044340700712
2019-07-08,41.446086,-71.621153,0.6588768263358085
2019-07-09,41.446086,-71.621153,0.0
2019-07-10,41.446086,-71.621153,0.0
2019-07-11,41.446086,-71.621153,0.008830042511787262
2019-07-12,41.446086,-71.621153,25.078424775301233
2019-07-13,41.446086,-71.621153,0.0
2019-07-14,41.446086,-71.621153,0.004734247544822435
2019-07-15,41.446086,-71.621153,0.0
2019-07-16,41.446086,-71.621153,0.005543963385452284
2019-07-17,41.446086,-71.621153,2.309140484507699
2019-07-18,41.446086,-71.621153,11.310887019103973
2019-07-19,41.446086,-71.621153,0.008357032355707188
2019-07-20,41.446086,-71.621153,0.0007564722629428194
2019-07-21,41.446086,-71.621153,0.0
2019-07-22,41.446086,-71.621153,2.3202964643584965
2019-07-23,41.446086,-71.621153,53.52188543378922
2019-07-24,41.446086,-71.621153,13.75967252672412
2019-07-25,41.446086,-71.621153,0.00028228711625936855
2019-07-26,41.446086,-71.621153,0.00027848514054157195
2019-07-27,41.446086,-71.621153,0.2893722351311748
2019-07-28,41.446086,-71.621153,0.0
2019-07-29,41.446086,-71.621153,0.0
2019-07-30,41.446086,-71.621153,0.0012420633788437147
2019-07-31,41.446086,-71.621153,0.0
2019-08-01,41.446086,-71.621153,0.8193017922225003
2019-08-02,41.446086,-71.621153,0.5571349047391697
2019-08-03,41.446086,-71.621153,0.0
2019-08-04,41.446086,-71.621153,0.8089291283761928
2019-08-05,41.446086,-71.621153,0.0
2019-08-06,41.446086,-71.621153,2.8944350658008795
2019-08-07,41.446086,-71.621153,0.20933593045790114
2019-08-08,41.446086,-71.621153,0.610764897204211
2019-08-09,41.446086,-71.621153,0.0
2019-08-10,41.446086,-71.621153,0.0
2019-08-11,41.446086,-71.621153,0.021066824558597284
2019-08-12,41.446086,-71.621153,0.0
2019-08-13,41.446086,-71.621153,20.150108618449103
2019-08-14,41.446086,-71.621153,1.3764234323935323
2019-08-15,41.446086,-71.621153,0.0006962128254179794
2019-08-16,41.446086,-71.621153,0.0389873909918487
2019-08-17,41.446086,-71.621153,4.770710517330755
2019-08-18,41.446086,-71.621153,0.07756346494952829
2019-08-19,41.446086,-71.621153,10.710846561633609
2019-08-20,41.446086,-71.621153,0.019378090284151477
2019-08-21,41.446086,-71.621153,0.7387743543601135
2019-08-22,41.446086,-71.621153,0.21768396247323005
2019-08-23,41.446086,-71.621153,19.14576320878
2019-08-24,41.446086,-71.621153,0.1939428658237023
2019-08-25,41.446086,-71.621153,0.0
2019-08-26,41.446086,-71.621153,0.0
2019-08-27,41.446086,-71.621153,0.295703737019019
2019-08-28,41.446086,-71.621153,16.862143115084308
2019-08-29,41.446086,-71.621153,16.822672143097236
2019-08-30,41.446086,-71.621153,0.0
2019-08-31,41.446086,-71.621153,0.0
2019-09-01,41.446086,-71.621153,0.03544387624704091
2019-09-02,41.446086,-71.621153,1.004075854824603
2019-09-03,41.446086,-71.621153,0.0
2019-09-04,41.446086,-71.621153,0.0
2019-09-05,41.446086,-71.621153,0.052393900097867346
2019-09-06,41.446086,-71.621153,8.522530149837056
2019-09-07,41.446086,-71.621153,10.602705564248428
2019-09-08,41.446086,-71.621153,0.001385990846363071
2019-09-09,41.446086,-71.621153,0.0037203519650610127
2019-09-10,41.446086,-71.621153,0.0
2019-09-11,41.446086,-71.621153,0.02069652603981359
2019-09-12,41.446086,-71.621153,12.344375277898402
2019-09-13,41.446086,-71.621153,0.0
2019-09-14,41.446086,-71.621153,0.0
2019-09-15,41.446086,-71.621153,0.052605312390751766
2019-09-16,41.446086,-71.621153,0.001385990846363071
2019-09-17,41.446086,-71.621153,0.0
2019-09-18,41.446086,-71.621153,0.0
2019-09-19,41.446086,-71.621153,0.0
2019-09-20,41.446086,-71.621153,0.0
2019-09-21,41.446086,-71.621153,0.0
2019-09-22,41.446086,-71.621153,0.0
2019-09-23,41.446086,-71.621153,0.0
2019-09-24,41.446086,-71.621153,12.43263123508277
2019-09-25,41.446086,-71.621153,0.0
2019-09-26,41.446086,-71.621153,2.191115166035388
2019-09-27,41.446086,-71.621153,0.0
2019-09-28,41.446086,-71.621153,0.0
2019-09-29,41.446086,-71.621153,0.0
2019-09-30,41.446086,-71.621153,0.032930663384920456
2019-10-01,41.446086,-71.621153,0.0
2019-10-02,41.446086,-71.621153,0.21459275373627004
2019-10-03,41.446086,-71.621153,1.2755120076440807
2019-10-04,41.446086,-71.621153,0.28150758690212946
2019-10-05,41.446086,-71.621153,0.0
2019-10-06,41.446086,-71.621153,0.0
2019-10-07,41.446086,-71.621153,0.11426289621892648
2019-10-08,41.446086,-71.621153,4.365808928358741
2019-10-09,41.446086,-71.621153,19.299412878064217
2019-10-10,41.446086,-71.621153,18.03413078278679
2019-10-11,41.446086,-71.621153,0.2699421248060918
2019-10-12,41.446086,-71.621153,0.0
2019-10-13,41.446086,-71.621153,0.0
2019-10-14,41.446086,-71.621153,1.1972438197176785
2019-10-15,41.446086,-71.621153,0.0
2019-10-16,41.446086,-71.621153,15.020372111365393
2019-10-17,41.446086,-71.621153,38.56217908467071
2019-10-18,41.446086,-71.621153,0.010254927138757072
2019-10-19,41.446086,-71.621153,0.0
2019-10-20,41.446086,-71.621153,5.747058963672797
2019-10-21,41.446086,-71.621153,4.957050026880202
2019-10-22,41.446086,-71.621153,0.05836851964219474
2019-10-23,41.446086,-71.621153,1.62695663440853
2019-10-24,41.446086,-71.621153,0.0
2019-10-25,41.446086,-71.621153,0.001385990846363071
2019-10-26,41.446086,-71.621153,0.149793096584617
2019-10-27,41.446086,-71.621153,28.098319725096534
2019-10-28,41.446086,-71.621153,0.0
2019-10-29,41.446086,-71.621153,0.0
2019-10-30,41.446086,-71.621153,0.0035575516165231432
2019-10-31,41.446086,-71.621153,10.902553596195856
2019-11-01,41.446086,-71.621153,1.525413074669181
2019-11-02,41.446086,-71.621153,0.0
2019-11-03,41.446086,-71.621153,0.0
2019-11-04,41.446086,-71.621153,0.0
2019-11-05,41.446086,-71.621153,10.775152215042885
2019-11-06,41.446086,-71.621153,0.0
2019-11-07,41.446086,-71.621153,0.556997133027372
2019-11-08,41.446086,-71.621153,4.0435812868257415
2019-11-09,41.446086,-71.621153,0.0
2019-11-10,41.446086,-71.621153,0.09223078277228237
2019-11-11,41.446086,-71.621153,0.06015152986175358
2019-11-12,41.446086,-71.621153,8.674328745920926
2019-11-13,41.446086,-71.621153,1.3168077350482361
2019-11-14,41.446086,-71.621153,0.03496256517804516
2019-11-15,41.446086,-71.621153,0.0051221315635889405
2019-11-16,41.446086,-71.621153,0.0
2019-11-17,41.446086,-71.621153,0.0
2019-11-18,41.446086,-71.621153,5.135218067089478
2019-11-19,41.446086,-71.621153,0.9448681496868027
2019-11-20,41.446086,-71.621153,0.5115716766998073
2019-11-21,41.446086,-71.621153,0.0
2019-11-22,41.446086,-71.621153,7.78102931956398
2019-11-23,41.446086,-71.621153,0.0
2019-11-24,41.446086,-71.621153,39.26094234554499
2019-11-25,41.446086,-71.621153,0.005513531605296198
2019-11-26,41.446086,-71.621153,0.05483218540017942
2019-11-27,41.446086,-71.621153,8.399270661956296
2019-11-28,41.446086,-71.621153,0.6092924800265761
2019-11-29,41.446086,-71.621153,0.0
2019-11-30,41.446086,-71.621153,0.006836618092504715
2019-12-01,41.446086,-71.621153,9.54550702670092
2019-12-02,41.446086,-71.621153,4.84545836734403
2019-12-03,41.446086,-71.621153,1.0628651013445096
2019-12-04,41.446086,-71.621153,0.6208248962975683
2019-12-05,41.446086,-71.621153,0.0
2019-12-06,41.446086,-71.621153,0.18276525904984128
2019-12-07,41.446086,-71.621153,0.020959233938867623
2019-12-08,41.446086,-71.621153,0.0
2019-12-09,41.446086,-71.621153,26.427478541473164
2019-12-10,41.446086,-71.621153,46.59959517742189
2019-12-11,41.446086,-71.621153,6.245716048072928
2019-12-12,41.446086,-71.621153,0.0
2019-12-13,41.446086,-71.621153,0.8459766805429446
2019-12-14,41.446086,-71.621153,63.94368662663542
2019-12-15,41.446086,-71.621153,0.0025063662130022416
2019-12-16,41.446086,-71.621153,0.4375457428871956
2019-12-17,41.446086,-71.621153,13.008009587394815
2019-12-18,41.446086,-71.621153,0.17706518813472572
2019-12-19,41.446086,-71.621153,0.0
2019-12-20,41.446086,-71.621153,0.0
2019-12-21,41.446086,-71.621153,0.0
2019-12-22,41.446086,-71.621153,0.0
2019-12-23,41.446086,-71.621153,0.0050892192527920935
2019-12-24,41.446086,-71.621153,0.0
2019-12-25,41.446086,-71.621153,0.0
2019-12-26,41.446086,-71.621153,0.05791331655707887
2019-12-27,41.446086,-71.621153,0.6972003351903225
2019-12-28,41.446086,-71.621153,0.0
2019-12-29,41.446086,-71.621153,1.0016299301818026
2019-12-30,41.446086,-71.621153,44.889969709275064
2019-12-31,41.446086,-71.621153,0.06478199685662353
2020-01-01,41.446086,-71.621153,0.0006962128254179794
2020-01-02,41.446086,-71.621153,0.00039520198800155337
2020-01-03,41.446086,-71.621153,7.892333928238105
2020-01-04,41.446086,-71.621153,17.80613758886732
2020-01-05,41.446086,-71.621153,2.469848112059009
2020-01-06,41.446086,-71.621153,0.006836618092504715
2020-01-07,41.446086,-71.621153,0.0
2020-01-08,41.446086,-71.621153,1.7551488931903163
2020-01-09,41.446086,-71.621153,0.0
2020-01-10,41.446086,-71.621153,0.19084204683869255
2020-01-11,41.446086,-71.621153,0.5437465980514176
2020-01-12,41.446086,-71.621153,2.7536431789521174
2020-01-13,41.446086,-71.621153,0.009660679126789093
2020-01-14,41.446086,-71.621153,0.21593984407870093
2020-01-15,41.446086,-71.621153,0.10155482520941704
2020-01-16,41.446086,-71.621153,0.6770429369664377
2020-01-17,41.446086,-71.621153,0.0
2020-01-18,41.446086,-71.621153,0.13645031544886052
2020-01-19,41.446086,-71.621153,1.406552615267609
2020-01-20,41.446086,-71.621153,0.0
2020-01-21,41.446086,-71.621153,0.0
2020-01-22,41.446086,-71.621153,0.0
2020-01-23,41.446086,-71.621153,0.0
2020-01-24,41.446086,-71.621153,0.0001956999956258627
2020-01-25,41.446086,-71.621153,20.20022429340965
2020-01-26,41.446086,-71.621153,4.384841569369627
2020-01-27,41.446086,-71.621153,0.003328951973809286
2020-01-28,41.446086,-71.621153,0.0041778496234998914
2020-01-29,41.446086,-71.621153,0.0
2020-01-30,41.446086,-71.621153,0.0
2020-01-31,41.446086,-71.621153,0.0
2020-02-01,41.446086,-71.621153,2.4059055410099406
2020-02-02,41.446086,-71.621153,0.1456826273563763
2020-02-03,41.446086,-71.621153,0.0
2020-02-04,41.446086,-71.621153,4.558843305045546
2020-02-05,41.446086,-71.621153,4.935532642320875
2020-02-06,41.446086,-71.621153,7.595594371204039
2020-02-07,41.446086,-71.621153,23.22662356050911
2020-02-08,41.446086,-71.621153,0.0
2020-02-09,41.446086,-71.621153,0.0
2020-02-10,41.446086,-71.621153,9.85982683801973
2020-02-11,41.446086,-71.621153,18.356136267237083
2020-02-12,41.446086,-71.621153,0.13624015023204572
2020-02-13,41.446086,-71.621153,29.440176403183507
2020-02-14,41.446086,-71.621153,0.04249903426728262
2020-02-15,41.446086,-71.621153,0.0
2020-02-16,41.446086,-71.621153,0.0
2020-02-17,41.446086,-71.621153,0.0
2020-02-18,41.446086,-71.621153,2.489488726451675
2020-02-19,41.446086,-71.621153,2.288690962739519
2020-02-20,41.446086,-71.621153,0.7101171261171838
2020-02-21,41.446086,-71.621153,0.0
2020-02-22,41.446086,-71.621153,0.0
2020-02-23,41.446086,-71.621153,0.0
2020-02-24,41.446086,-71.621153,0.0
2020-02-25,41.446086,-71.621153,2.841084659603392
2020-02-26,41.446086,-71.621153,0.003232995180675085
2020-02-27,41.446086,-71.621153,15.203987936983099
2020-02-28,41.446086,-71.621153,0.0
2020-02-29,41.446086,-71.621153,0.0
2020-03-01,41.446086,-71.621153,0.0
2020-03-02,41.446086,-71.621153,0.0029413539687913725
2020-03-03,41.446086,-71.621153,17.071793004861888
2020-03-04,41.446086,-71.621153,5.437363701335895
2020-03-05,41.446086,-71.621153,0.0
2020-03-06,41.446086,-71.621153,5.058046212685363
2020-03-07,41.446086,-71.621153,4.387782453541567
2020-03-08,41.446086,-71.621153,0.0
2020-03-09,41.446086,-71.621153,0.0029413539687913725
2020-03-10,41.446086,-71.621153,0.3023937035610915
2020-03-11,41.446086,-71.621153,5.119164496751777
2020-03-12,41.446086,-71.621153,0.0
2020-03-13,41.446086,-71.621153,1.1416002254385105
2020-03-14,41.446086,-71.621153,0.0
2020-03-15,41.446086,-71.621153,1.879961100379547
2020-03-16,41.446086,-71.621153,0.0
2020-03-17,41.446086,-71.621153,0.1113468284386051
2020-03-18,41.446086,-71.621153,1.4956384165845422
2020-03-19,41.446086,-71.621153,16.124812972799713
2020-03-20,41.446086,-71.621153,2.65065736309439
2020-03-21,41.446086,-71.621153,0.20939784926702454
2020-03-22,41.446086,-71.621153,0.0
2020-03-23,41.446086,-71.621153,41.868730445123276
2020-03-24,41.446086,-71.621153,9.21933170672895
2020-03-25,41.446086,-71.621153,0.9220337986882874
2020-03-26,41.446086,-71.621153,0.016688346807229176
2020-03-27,41.446086,-71.621153,0.12297279514017209
2020-03-28,41.446086,-71.621153,6.0836643337104706
2020-03-29,41.446086,-71.621153,16.253660087241688
2020-03-30,41.446086,-71.621153,1.186648576802967
2020-03-31,41.446086,-71.621153,0.08256315026671203
2020-04-01,41.446086,-71.621153,0.013587681088284153
2020-04-02,41.446086,-71.621153,2.828472478193248
2020-04-03,41.446086,-71.621153,14.66600389950456
2020-04-04,41.446086,-71.621153,0.051575189235795404
2020-04-05,41.446086,-71.621153,0.062471859726824196
2020-04-06,41.446086,-71.621153,0.004860757317970505
2020-04-07,41.446086,-71.621153,0.030755007915077126
2020-04-08,41.446086,-71.621153,2.432273973985731
2020-04-09,41.446086,-71.621153,10.553235698641586
2020-04-10,41.446086,-71.621153,0.02342107790380138
2020-04-11,41.446086,-71.621153,0.0
2020-04-12,41.446086,-71.621153,0.003948951607774869
2020-04-13,41.446086,-71.621153,33.42337923670455
2020-04-14,41.446086,-71.621153,0.19222860531140618
2020-04-15,41.446086,-71.621153,14.145895773289597
2020-04-16,41.446086,-71.621153,0.0
2020-04-17,41.446086,-71.621153,0.0
2020-04-18,41.446086,-71.621153,9.329508208911717
2020-04-19,41.446086,-71.621153,0.3065111949897332
2020-04-20,41.446086,-71.621153,2.652306374349457
2020-04-21,41.446086,-71.621153,6.911140072904589
2020-04-22,41.446086,-71.621153,0.0
2020-04-23,41.446086,-71.621153,0.3163570342327892
2020-04-24,41.446086,-71.621153,37.07660488376374
2020-04-25,41.446086,-71.621153,0.7278036906431972
2020-04-26,41.446086,-71.621153,14.184909810755357
2020-04-27,41.446086,-71.621153,0.5760777458576698
2020-04-28,41.446086,-71.621153,1.488329964661675
2020-04-29,41.446086,-71.621153,0.001264589059590466
2020-04-30,41.446086,-71.621153,11.148004345894018
2020-05-01,41.446086,-71.621153,12.909876721805626
2020-05-02,41.446086,-71.621153,0.23354209029288334
2020-05-03,41.446086,-71.621153,3.1978762671224654
2020-05-04,41.446086,-71.621153,3.309864891912733
2020-05-05,41.446086,-71.621153,0.0
2020-05-06,41.446086,-71.621153,8.701373849414987
2020-05-07,41.446086,-71.621153,1.9152319132165276
2020-05-08,41.446086,-71.621153,4.292443163900389
2020-05-09,41.446086,-71.621153,6.6752442590874885
2020-05-10,41.446086,-71.621153,0.13324732225361324
2020-05-11,41.446086,-71.621153,2.4713817516723573
2020-05-12,41.446086,-71.621153,0.0
2020-05-13,41.446086,-71.621153,0.0
2020-05-14,41.446086,-71.621153,0.0
2020-05-15,41.446086,-71.621153,5.019958154510147
2020-05-16,41.446086,-71.621153,5.874863723509425
2020-05-17,41.446086,-71.621153,0.40222222671166497
2020-05-18,41.446086,-71.621153,2.712918631480603
2020-05-19,41.446086,-71.621153,0.0
2020-05-20,41.446086,-71.621153,0.0
2020-05-21,41.446086,-71.621153,0.0
2020-05-22,41.446086,-71.621153,0.0009597762625843521
2020-05-23,41.446086,-71.621153,23.059247646204053
2020-05-24,41.446086,-71.621153,0.003240312939589832
2020-05-25,41.446086,-71.621153,0.4753216822116926
2020-05-26,41.446086,-71.621153,0.0
2020-05-27,41.446086,-71.621153,0.0
2020-05-28,41.446086,-71.621153,0.10865213958034484
2020-05-29,41.446086,-71.621153,1.1155740052018956
2020-05-30,41.446086,-71.621153,1.5654454619195048
2020-05-31,41.446086,-71.621153,0.0
2020-06-01,41.446086,-71.621153,0.0035575516165231432
2020-06-02,41.446086,-71.621153,0.9071447166883251
2020-06-03,41.446086,-71.621153,1.2913201964883787
2020-06-04,41.446086,-71.621153,5.26926574641768
2020-06-05,41.446086,-71.621153,18.682342604034563
2020-06-06,41.446086,-71.621153,29.882178983707878
2020-06-07,41.446086,-71.621153,0.0
2020-06-08,41.446086,-71.621153,0.0
2020-06-09,41.446086,-71.621153,0.09470000471726765
2020-06-10,41.446086,-71.621153,0.049895669436426884
2020-06-11,41.446086,-71.621153,16.410938483415144
2020-06-12,41.446086,-71.621153,1.0036758923675817
2020-06-13,41.446086,-71.621153,0.0
2020-06-14,41.446086,-71.621153,0.0
2020-06-15,41.446086,-71.621153,0.2380233483894202
2020-06-16,41.446086,-71.621153,0.0
2020-06-17,41.446086,-71.621153,0.0
2020-06-18,41.446086,-71.621153,0.00011291485071015348
2020-06-19,41.446086,-71.621153,0.09447140917035807
2020-06-20,41.446086,-71.621153,0.01663189015635685
2020-06-21,41.446086,-71.621153,0.0
2020-06-22,41.446086,-71.621153,0.03778807190778506
2020-06-23,41.446086,-71.621153,0.00027848514054157195
2020-06-24,41.446086,-71.621153,0.03059488079494347
2020-06-25,41.446086,-71.621153,0.0
2020-06-26,41.446086,-71.621153,0.3809444623359804
2020-06-27,41.446086,-71.621153,10.052288266574829
2020-06-28,41.446086,-71.621153,0.8216533177368517
2020-06-29,41.446086,-71.621153,6.566485958734735
2020-06-30,41.446086,-71.621153,1.0941530628804172
2020-07-01,41.446086,-71.621153,0.5652531650783963
2020-07-02,41.446086,-71.621153,9.326496023520308
2020-07-03,41.446086,-71.621153,4.198245233441599
2020-07-04,41.446086,-71.621153,0.014142195063568242
2020-07-05,41.446086,-71.621153,0.0
2020-07-06,41.446086,-71.621153,0.0
2020-07-07,41.446086,-71.621153,0.001531668298914591
2020-07-08,41.446086,-71.621153,0.0005081168176796745
2020-07-09,41.446086,-71.621153,0.008439676957922965
2020-07-10,41.446086,-71.621153,2.5819300904078886
2020-07-11,41.446086,-71.621153,0.0
2020-07-12,41.446086,-71.621153,0.00022582970142030696
2020-07-13,41.446086,-71.621153,0.37711142675924275
2020-07-14,41.446086,-71.621153,11.25345070856811
2020-07-15,41.446086,-71.621153,0.0
2020-07-16,41.446086,-71.621153,0.01962970000153779
2020-07-17,41.446086,-71.621153,1.6730348394926273
2020-07-18,41.446086,-71.621153,0.0
2020-07-19,41.446086,-71.621153,0.0
2020-07-20,41.446086,-71.621153,6.042749294241788
2020-07-21,41.446086,-71.621153,0.0
2020-07-22,41.446086,-71.621153,2.8955310789782183
2020-07-23,41.446086,-71.621153,5.900482204662741
2020-07-24,41.446086,-71.621153,5.266568941478237
2020-07-25,41.446086,-71.621153,0.07003218352804887
2020-07-26,41.446086,-71.621153,0.0
2020-07-27,41.446086,-71.621153,0.05842338974037677
2020-07-28,41.446086,-71.621153,0.0
2020-07-29,41.446086,-71.621153,0.0
2020-07-30,41.446086,-71.621153,2.442077344488801
2020-07-31,41.446086,-71.621153,24.153592885368898
2020-08-01,41.446086,-71.621153,0.0
2020-08-02,41.446086,-71.621153,0.5307016064039835
2020-08-03,41.446086,-71.621153,0.00013924257027078598
2020-08-04,41.446086,-71.621153,1.2593059782018579
2020-08-05,41.446086,-71.621153,0.0
2020-08-06,41.446086,-71.621153,1.7359621999062942
2020-08-07,41.446086,-71.621153,1.9430793213981348
2020-08-08,41.446086,-71.621153,0.1566020192540559
2020-08-09,41.446086,-71.621153,0.0
2020-08-10,41.446086,-71.621153,0.04769281937287437
2020-08-11,41.446086,-71.621153,0.0
2020-08-12,41.446086,-71.621153,0.4966586914059212
2020-08-13,41.446086,-71.621153,6.999111288285835
2020-08-14,41.446086,-71.621153,1.522915485241232
2020-08-15,41.446086,-71.621153,0.009980421323243987
2020-08-16,41.446086,-71.621153,16.56639653516281
2020-08-17,41.446086,-71.621153,1.3455147023696732
2020-08-18,41.446086,-71.621153,10.091244326301009
2020-08-19,41.446086,-71.621153,8.125477669892653
2020-08-20,41.446086,-71.621153,0.0
2020-08-21,41.446086,-71.621153,0.0
2020-08-22,41.446086,-71.621153,0.10011995373441625
2020-08-23,41.446086,-71.621153,0.0005569702810831439
2020-08-24,41.446086,-71.621153,2.8568896999256475
2020-08-25,41.446086,-71.621153,0.126174575827112
2020-08-26,41.446086,-71.621153,0.0
2020-08-27,41.446086,-71.621153,17.92997263858357
2020-08-28,41.446086,-71.621153,0.8465993951689338
2020-08-29,41.446086,-71.621153,8.275291647894568
2020-08-30,41.446086,-71.621153,0.0
2020-08-31,41.446086,-71.621153,1.02878572191282
2020-09-01,41.446086,-71.621153,0.0671680739866807
2020-09-02,41.446086,-71.621153,1.2902596552404986
2020-09-03,41.446086,-71.621153,0.2740842837403921
2020-09-04,41.446086,-71.621153,0.42351968015557306
2020-09-05,41.446086,-71.621153,0.0
2020-09-06,41.446086,-71.621153,0.0
2020-09-07,41.446086,-71.621153,0.0
2020-09-08,41.446086,-71.621153,0.0
2020-09-09,41.446086,-71.621153,5.202764458676484
2020-09-10,41.446086,-71.621153,24.747618492577956
2020-09-11,41.446086,-71.621153,1.5245207802997895
2020-09-12,41.446086,-71.621153,0.0
2020-09-13,41.446086,-71.621153,0.0
2020-09-14,41.446086,-71.621153,0.43798125924809705
2020-09-15,41.446086,-71.621153,0.0
2020-09-16,41.446086,-71.621153,0.0
2020-09-17,41.446086,-71.621153,0.0
2020-09-18,41.446086,-71.621153,24.03787329257945
2020-09-19,41.446086,-71.621153,0.0
2020-09-20,41.446086,-71.621153,0.007075631684366875
2020-09-21,41.446086,-71.621153,0.0
2020-09-22,41.446086,-71.621153,0.7237873110927797
2020-09-23,41.446086,-71.621153,0.0
2020-09-24,41.446086,-71.621153,0.13316108254130277
2020-09-25,41.446086,-71.621153,0.1268951662424077
2020-09-26,41.446086,-71.621153,0.0
2020-09-27,41.446086,-71.621153,0.0006210316894218574
2020-09-28,41.446086,-71.621153,0.15744316726007365
2020-09-29,41.446086,-71.621153,0.29176162009494566
2020-09-30,41.446086,-71.621153,13.127523694236752
2020-10-01,41.446086,-71.621153,0.0
2020-10-02,41.446086,-71.621153,0.8422729899489192
2020-10-03,41.446086,-71.621153,0.0
2020-10-04,41.446086,-71.621153,0.04242628399756681
2020-10-05,41.446086,-71.621153,15.198311455077386
2020-10-06,41.446086,-71.621153,0.0
2020-10-07,41.446086,-71.621153,2.7783595894499666
2020-10-08,41.446086,-71.621153,0.0
2020-10-09,41.446086,-71.621153,0.0
2020-10-10,41.446086,-71.621153,0.0
2020-10-11,41.446086,-71.621153,0.0
2020-10-12,41.446086,-71.621153,26.69862866816849
2020-10-13,41.446086,-71.621153,8.376333979546569
2020-10-14,41.446086,-71.621153,0.0034183090462523574
2020-10-15,41.446086,-71.621153,0.0658443555905893
2020-10-16,41.446086,-71.621153,0.31819254611685077
2020-10-17,41.446086,-71.621153,50.048265510836124
2020-10-18,41.446086,-71.621153,0.0
2020-10-19,41.446086,-71.621153,0.0038160070560898417
2020-10-20,41.446086,-71.621153,6.890054932119249
2020-10-21,41.446086,-71.621153,0.0514764773884331
2020-10-22,41.446086,-71.621153,0.0016483850945026742
2020-10-23,41.446086,-71.621153,0.0010952168150732803
2020-10-24,41.446086,-71.621153,0.0
2020-10-25,41.446086,-71.621153,0.0693676307825348
2020-10-26,41.446086,-71.621153,0.5646359697211505
2020-10-27,41.446086,-71.621153,0.3427507438866411
2020-10-28,41.446086,-71.621153,1.3988833222377701
2020-10-29,41.446086,-71.621153,36.05705078854382
2020-10-30,41.446086,-71.621153,15.8964781080879
2020-10-31,41.446086,-71.621153,0.0
2020-11-01,41.446086,-71.621153,7.665258335500249
2020-11-02,41.446086,-71.621153,4.006381056250595
2020-11-03,41.446086,-71.621153,0.45277982570763586
2020-11-04,41.446086,-71.621153,0.00016937227606523048
2020-11-05,41.446086,-71.621153,0.0
2020-11-06,41.446086,-71.621153,0.2750028093071535
2020-11-07,41.446086,-71.621153,0.0
2020-11-08,41.446086,-71.621153,0.5438739429468543
2020-11-09,41.446086,-71.621153,0.0
2020-11-10,41.446086,-71.621153,0.0
2020-11-11,41.446086,-71.621153,3.906617060501587
2020-11-12,41.446086,-71.621153,61.79720236908567
2020-11-13,41.446086,-71.621153,3.655214157104906
2020-11-14,41.446086,-71.621153,0.0
2020-11-15,41.446086,-71.621153,0.00025215742098093943
2020-11-16,41.446086,-71.621153,3.6197494720542363
2020-11-17,41.446086,-71.621153,0.0
2020-11-18,41.446086,-71.621153,0.05183568353142977
2020-11-19,41.446086,-71.621153,0.0
2020-11-20,41.446086,-71.621153,0.036244289649532774
2020-11-21,41.446086,-71.621153,0.07826122393268281
2020-11-22,41.446086,-71.621153,1.171411653953665
2020-11-23,41.446086,-71.621153,49.40975319055575
2020-11-24,41.446086,-71.621153,0.0
2020-11-25,41.446086,-71.621153,0.26377161247588304
2020-11-26,41.446086,-71.621153,9.889403990282007
2020-11-27,41.446086,-71.621153,0.0
2020-11-28,41.446086,-71.621153,5.645742535507674e-05
2020-11-29,41.446086,-71.621153,0.0
2020-11-30,41.446086,-71.621153,30.194268832211815
2020-12-01,41.446086,-71.621153,9.002635305632953
2020-12-02,41.446086,-71.621153,0.00086558510148321
2020-12-03,41.446086,-71.621153,0.0
2020-12-04,41.446086,-71.621153,6.8956359947405605
2020-12-05,41.446086,-71.621153,81.40863529669876
2020-12-06,41.446086,-71.621153,0.002771981692726142
2020-12-07,41.446086,-71.621153,0.0
2020-12-08,41.446086,-71.621153,0.04323386631438057
2020-12-09,41.446086,-71.621153,0.09274372836713496
2020-12-10,41.446086,-71.621153,0.0
2020-12-11,41.446086,-71.621153,0.0
2020-12-12,41.446086,-71.621153,12.975119662846964
2020-12-13,41.446086,-71.621153,0.2546671797509397
2020-12-14,41.446086,-71.621153,14.903895499661854
2020-12-15,41.446086,-71.621153,0.0
2020-12-16,41.446086,-71.621153,0.22678894131127186
2020-12-17,41.446086,-71.621153,6.937416638927952
2020-12-18,41.446086,-71.621153,0.0
2020-12-19,41.446086,-71.621153,0.0
2020-12-20,41.446086,-71.621153,0.055245582560783664
2020-12-21,41.446086,-71.621153,0.05062134538139282
2020-12-22,41.446086,-71.621153,0.0
2020-12-23,41.446086,-71.621153,0.0
2020-12-24,41.446086,-71.621153,0.24884012939927164
2020-12-25,41.446086,-71.621153,83.3320524464936
2020-12-26,41.446086,-71.621153,0.1680809342415207
2020-12-27,41.446086,-71.621153,0.0
2020-12-28,41.446086,-71.621153,0.38174024071135965
2020-12-29,41.446086,-71.621153,0.0
2020-12-30,41.446086,-71.621153,0.030211790460216558
2020-12-31,41.446086,-71.621153,9.863200453881038
2021-01-01,41.446086,-71.621153,0.28939204306904304
2021-01-02,41.446086,-71.621153,12.926774736706378
2021-01-03,41.446086,-71.621153,0.5033301642594854
2021-01-04,41.446086,-71.621153,0.10897733056015253
2021-01-05,41.446086,-71.621153,0.0
2021-01-06,41.446086,-71.621153,0.0
2021-01-07,41.446086,-71.621153,0.0
2021-01-08,41.446086,-71.621153,0.0
2021-01-09,41.446086,-71.621153,0.6500299648109381
2021-01-10,41.446086,-71.621153,0.0
2021-01-11,41.446086,-71.621153,2.553317432703654
2021-01-12,41.446086,-71.621153,0.0
2021-01-13,41.446086,-71.621153,0.0028848965434362956
2021-01-14,41.446086,-71.621153,0.023758126074648552
2021-01-15,41.446086,-71.621153,0.0
2021-01-16,41.446086,-71.621153,72.56614347748169
2021-01-17,41.446086,-71.621153,0.0
2021-01-18,41.446086,-71.621153,0.0
2021-01-19,41.446086,-71.621153,0.0
2021-01-20,41.446086,-71.621153,0.0
2021-01-21,41.446086,-71.621153,0.0
2021-01-22,41.446086,-71.621153,0.0
2021-01-23,41.446086,-71.621153,0.0
2021-01-24,41.446086,-71.621153,0.0
2021-01-25,41.446086,-71.621153,0.0
2021-01-26,41.446086,-71.621153,0.012115103121287578
2021-01-27,41.446086,-71.621153,0.0
2021-01-28,41.446086,-71.621153,0.0
2021-01-29,41.446086,-71.621153,0.0
2021-01-30,41.446086,-71.621153,0.0
2021-01-31,41.446086,-71.621153,0.35000234843407885
2021-02-01,41.446086,-71.621153,20.23253741436149
2021-02-02,41.446086,-71.621153,1.0279473224245808
2021-02-03,41.446086,-71.621153,0.009936507030749718
2021-02-04,41.446086,-71.621153,0.0
2021-02-05,41.446086,-71.621153,1.5535962499718148
2021-02-06,41.446086,-71.621153,0.0
2021-02-07,41.446086,-71.621153,17.201894291979993
2021-02-08,41.446086,-71.621153,0.0
2021-02-09,41.446086,-71.621153,1.5373759547158707
2021-02-10,41.446086,-71.621153,0.0
2021-02-11,41.446086,-71.621153,0.027147866505656496
2021-02-12,41.446086,-71.621153,0.0
2021-02-13,41.446086,-71.621153,1.0989511337760893
2021-02-14,41.446086,-71.621153,4.142647435898965
2021-02-15,41.446086,-71.621153,1.9850027594826725
2021-02-16,41.446086,-71.621153,14.842332324254656
2021-02-17,41.446086,-71.621153,0.0
2021-02-18,41.446086,-71.621153,22.865072527124013
2021-02-19,41.446086,-71.621153,11.16984617254048
2021-02-20,41.446086,-71.621153,0.6333643685271827
2021-02-21,41.446086,-71.621153,0.0
2021-02-22,41.446086,-71.621153,24.05921458399451
2021-02-23,41.446086,-71.621153,0.49676959587513553
2021-02-24,41.446086,-71.621153,0.0026833425547628915
2021-02-25,41.446086,-71.621153,0.0642216651089041
2021-02-26,41.446086,-71.621153,0.0
2021-02-27,41.446086,-71.621153,0.5699622008531043
2021-02-28,41.446086,-71.621153,1.2585904687736698
2021-03-01,41.446086,-71.621153,39.17723648925769
2021-03-02,41.446086,-71.621153,0.00675106299577944
2021-03-03,41.446086,-71.621153,0.0
2021-03-04,41.446086,-71.621153,2.288843417242883
2021-03-05,41.446086,-71.621153,0.0
2021-03-06,41.446086,-71.621153,0.0
2021-03-07,41.446086,-71.621153,0.0
2021-03-08,41.446086,-71.621153,0.0
2021-03-09,41.446086,-71.621153,0.02960859933819602
2021-03-10,41.446086,-71.621153,0.0
2021-03-11,41.446086,-71.621153,0.002009655395379895
2021-03-12,41.446086,-71.621153,0.6153799545787217
2021-03-13,41.446086,-71.621153,0.0
2021-03-14,41.446086,-71.621153,0.0
2021-03-15,41.446086,-71.621153,0.0
2021-03-16,41.446086,-71.621153,0.0
2021-03-17,41.446086,-71.621153,0.0006698851317932974
2021-03-18,41.446086,-71.621153,14.929977352349674
2021-03-19,41.446086,-71.621153,4.217069924423903
2021-03-20,41.446086,-71.621153,0.0
2021-03-21,41.446086,-71.621153,0.0
2021-03-22,41.446086,-71.621153,0.0
2021-03-23,41.446086,-71.621153,0.0
2021-03-24,41.446086,-71.621153,1.4040743711944146
2021-03-25,41.446086,-71.621153,7.971172740107288
2021-03-26,41.446086,-71.621153,2.661524664966258
2021-03-27,41.446086,-71.621153,0.01663189015635685
2021-03-28,41.446086,-71.621153,16.860582959365765
2021-03-29,41.446086,-71.621153,9.754145056501
2021-03-30,41.446086,-71.621153,0.0
2021-03-31,41.446086,-71.621153,0.0014989056970732245
2021-04-01,41.446086,-71.621153,13.892084530781657
2021-04-02,41.446086,-71.621153,0.0
2021-04-03,41.446086,-71.621153,0.0
2021-04-04,41.446086,-71.621153,0.0
2021-04-05,41.446086,-71.621153,0.0
2021-04-06,41.446086,-71.621153,0.001385990846363071
2021-04-07,41.446086,-71.621153,0.0005569702810831439
2021-04-08,41.446086,-71.621153,0.0
2021-04-09,41.446086,-71.621153,0.0
2021-04-10,41.446086,-71.621153,0.051338121838719726
2021-04-11,41.446086,-71.621153,5.981449383317479
2021-04-12,41.446086,-71.621153,0.34183441931613434
2021-04-13,41.446086,-71.621153,0.06363363837459059
2021-04-14,41.446086,-71.621153,0.008080596427303448
2021-04-15,41.446086,-71.621153,16.5146950331733
2021-04-16,41.446086,-71.621153,23.297397692908287
2021-04-17,41.446086,-71.621153,0.10932120415055271
2021-04-18,41.446086,-71.621153,0.015252157075188798
2021-04-19,41.446086,-71.621153,0.002003220797196022
2021-04-20,41.446086,-71.621153,0.01616396279590045
2021-04-21,41.446086,-71.621153,3.17079768707909
2021-04-22,41.446086,-71.621153,0.00039520198800155337
2021-04-23,41.446086,-71.621153,0.0
2021-04-24,41.446086,-71.621153,0.0
2021-04-25,41.446086,-71.621153,42.476131120179865
2021-04-26,41.446086,-71.621153,0.0
2021-04-27,41.446086,-71.621153,1.7857346978781738
2021-04-28,41.446086,-71.621153,0.33189959467531494
2021-04-29,41.446086,-71.621153,7.749009202275678
2021-04-30,41.446086,-71.621153,5.844281513330339
2021-05-01,41.446086,-71.621153,0.9397513668167131
2021-05-02,41.446086,-71.621153,0.8537737231500115
2021-05-03,41.446086,-71.621153,3.537925968956951
2021-05-04,41.446086,-71.621153,27.000266556870784
2021-05-05,41.446086,-71.621153,10.690468692721877
2021-05-06,41.446086,-71.621153,0.0
2021-05-07,41.446086,-71.621153,0.0
2021-05-08,41.446086,-71.621153,4.375959257760994
2021-05-09,41.446086,-71.621153,2.1302395750690764
2021-05-10,41.446086,-71.621153,10.975250007358577
2021-05-11,41.446086,-71.621153,0.04158826147586582
2021-05-12,41.446086,-71.621153,0.0
2021-05-13,41.446086,-71.621153,0.0
2021-05-14,41.446086,-71.621153,0.0
2021-05-15,41.446086,-71.621153,0.0
2021-05-16,41.446086,-71.621153,0.0
2021-05-17,41.446086,-71.621153,0.003131200221629521
2021-05-18,41.446086,-71.621153,0.8408700895015884
2021-05-19,41.446086,-71.621153,0.0
2021-05-20,41.446086,-71.621153,0.0
2021-05-21,41.446086,-71.621153,0.007794068366429805
2021-05-22,41.446086,-71.621153,0.2478300792896332
2021-05-23,41.446086,-71.621153,0.054716110019546495
2021-05-24,41.446086,-71.621153,0.0
2021-05-25,41.446086,-71.621153,0.0
2021-05-26,41.446086,-71.621153,0.42643984265390467
2021-05-27,41.446086,-71.621153,3.436527106240807
2021-05-28,41.446086,-71.621153,0.9515643199429629
2021-05-29,41.446086,-71.621153,57.57490957367306
2021-05-30,41.446086,-71.621153,15.18229551728734
2021-05-31,41.446086,-71.621153,3.00160837367732
2021-06-01,41.446086,-71.621153,0.23771804099418595
2021-06-02,41.446086,-71.621153,0.06106990712092781
2021-06-03,41.446086,-71.621153,8.585166133386926
2021-06-04,41.446086,-71.621153,26.428660224061336
2021-06-05,41.446086,-71.621153,0.0
2021-06-06,41.446086,-71.621153,0.07031557441387129
2021-06-07,41.446086,-71.621153,0.0
2021-06-08,41.446086,-71.621153,0.12658186518488188
2021-06-09,41.446086,-71.621153,1.3821999784658878
2021-06-10,41.446086,-71.621153,0.00027848514054157195
2021-06-11,41.446086,-71.621153,0.0
2021-06-12,41.446086,-71.621153,0.41965282634893775
2021-06-13,41.446086,-71.621153,0.0
2021-06-14,41.446086,-71.621153,7.642090727293952
2021-06-15,41.446086,-71.621153,0.2742525674895032
2021-06-16,41.446086,-71.621153,0.0
2021-06-17,41.446086,-71.621153,0.0
2021-06-18,41.446086,-71.621153,0.0005569702810831439
2021-06-19,41.446086,-71.621153,0.26101103569383044
2021-06-20,41.446086,-71.621153,5.242250033593712
2021-06-21,41.446086,-71.621153,0.0023712120121374357
2021-06-22,41.446086,-71.621153,6.115982014187381
2021-06-23,41.446086,-71.621153,2.490854183628646
2021-06-24,41.446086,-71.621153,0.0
2021-06-25,41.446086,-71.621153,0.13715560338519425
2021-06-26,41.446086,-71.621153,0.0010650870987628184
2021-06-27,41.446086,-71.621153,0.0007263425571483744
2021-06-28,41.446086,-71.621153,0.0
2021-06-29,41.446086,-71.621153,0.0
2021-06-30,41.446086,-71.621153,0.00028228711625936855
2021-07-01,41.446086,-71.621153,23.043048743420957
2021-07-02,41.446086,-71.621153,37.34182589470748
2021-07-03,41.446086,-71.621153,41.712430788112634
2021-07-04,41.446086,-71.621153,4.119756067399061
2021-07-05,41.446086,-71.621153,0.0
2021-07-06,41.446086,-71.621153,23.46292627291094
2021-07-07,41.446086,-71.621153,7.24832524661298
2021-07-08,41.446086,-71.621153,0.8984999867259844
2021-07-09,41.446086,-71.621153,47.2379134124176
2021-07-10,41.446086,-71.621153,0.20685787330846006
2021-07-11,41.446086,-71.621153,0.15656982860593763
2021-07-12,41.446086,-71.621153,0.08167502709225735
2021-07-13,41.446086,-71.621153,0.3896925178123644
2021-07-14,41.446086,-71.621153,0.0840108081925514
2021-07-15,41.446086,-71.621153,0.0019081465138871903
2021-07-16,41.446086,-71.621153,0.000700014827071727
2021-07-17,41.446086,-71.621153,0.39324478670955004
2021-07-18,41.446086,-71.621153,0.17111567123927693
2021-07-19,41.446086,-71.621153,0.026081354766262
2021-07-20,41.446086,-71.621153,0.05561928089004463
2021-07-21,41.446086,-71.621153,0.3496978771028225
2021-07-22,41.446086,-71.621153,0.6777456179426561
2021-07-23,41.446086,-71.621153,2.7500045812143536
2021-07-24,41.446086,-71.621153,0.0
2021-07-25,41.446086,-71.621153,8.62150348129375
2021-07-26,41.446086,-71.621153,0.009593101339381417
2021-07-27,41.446086,-71.621153,0.0
2021-07-28,41.446086,-71.621153,6.249667864188861
2021-07-29,41.446086,-71.621153,6.765906278443127
2021-07-30,41.446086,-71.621153,0.5492571303585527
2021-07-31,41.446086,-71.621153,0.0
2021-08-01,41.446086,-71.621153,0.10324548039273057
2021-08-02,41.446086,-71.621153,1.131570424279042
2021-08-03,41.446086,-71.621153,8.976294102021384
2021-08-04,41.446086,-71.621153,46.34753101755441
2021-08-05,41.446086,-71.621153,35.58136422740031
2021-08-06,41.446086,-71.621153,0.008186485073618636
2021-08-07,41.446086,-71.621153,0.3435207757064498
2021-08-08,41.446086,-71.621153,12.92608276124249
2021-08-09,41.446086,-71.621153,4.499358333837242
2021-08-10,41.446086,-71.621153,0.004157972539089213
2021-08-11,41.446086,-71.621153,0.2639442021680496
2021-08-12,41.446086,-71.621153,0.16932287136428162
2021-08-13,41.446086,-71.621153,0.023928163960476187
2021-08-14,41.446086,-71.621153,1.1477274857941684
2021-08-15,41.446086,-71.621153,0.011522613028262416
2021-08-16,41.446086,-71.621153,0.0
2021-08-17,41.446086,-71.621153,0.39471557648910544
2021-08-18,41.446086,-71.621153,0.5582567541732152
2021-08-19,41.446086,-71.621153,3.6647710127233157
2021-08-20,41.446086,-71.621153,0.8400128371960113
2021-08-21,41.446086,-71.621153,1.326449762467575
2021-08-22,41.446086,-71.621153,26.725342510515265
2021-08-23,41.446086,-71.621153,1.218247987913627
2021-08-24,41.446086,-71.621153,0.5337449843045886
2021-08-25,41.446086,-71.621153,0.0
2021-08-26,41.446086,-71.621153,0.0
2021-08-27,41.446086,-71.621153,0.6295569955692112
2021-08-28,41.446086,-71.621153,0.6956483316026949
2021-08-29,41.446086,-71.621153,0.8274880099339406
2021-08-30,41.446086,-71.621153,0.00033874455213046096
2021-08-31,41.446086,-71.621153,0.13132016898288051
2021-09-01,41.446086,-71.621153,13.532254524813323
2021-09-02,41.446086,-71.621153,69.09931687250194
2021-09-03,41.446086,-71.621153,0.0
2021-09-04,41.446086,-71.621153,0.0
2021-09-05,41.446086,-71.621153,0.733631350246494
2021-09-06,41.446086,-71.621153,1.5593988993599683
2021-09-07,41.446086,-71.621153,0.0
2021-09-08,41.446086,-71.621153,0.0
2021-09-09,41.446086,-71.621153,27.99032569356315
2021-09-10,41.446086,-71.621153,4.66474550491399
2021-09-11,41.446086,-71.621153,0.0
2021-09-12,41.446086,-71.621153,0.007967681576593295
2021-09-13,41.446086,-71.621153,0.0
2021-09-14,41.446086,-71.621153,0.05562873312204167
2021-09-15,41.446086,-71.621153,0.0
2021-09-16,41.446086,-71.621153,10.647649870918988
2021-09-17,41.446086,-71.621153,0.05285150656969366
2021-09-18,41.446086,-71.621153,0.0
2021-09-19,41.446086,-71.621153,0.0
2021-09-20,41.446086,-71.621153,0.0
2021-09-21,41.446086,-71.621153,0.0
2021-09-22,41.446086,-71.621153,0.01097906756542055
2021-09-23,41.446086,-71.621153,0.00011291485071015348
2021-09-24,41.446086,-71.621153,15.046529500279794
2021-09-25,41.446086,-71.621153,0.0
2021-09-26,41.446086,-71.621153,8.058631994391327
2021-09-27,41.446086,-71.621153,0.0
2021-09-28,41.446086,-71.621153,17.72834616032299
2021-09-29,41.446086,-71.621153,0.46801908886366905
2021-09-30,41.446086,-71.621153,0.005012732426004483
2021-10-01,41.446086,-71.621153,0.0
2021-10-02,41.446086,-71.621153,0.0
2021-10-03,41.446086,-71.621153,0.4921517518293806
2021-10-04,41.446086,-71.621153,9.092487355466684
2021-10-05,41.446086,-71.621153,2.2629753640971906
2021-10-06,41.446086,-71.621153,0.2539815595031953
2021-10-07,41.446086,-71.621153,0.0
2021-10-08,41.446086,-71.621153,0.0
2021-10-09,41.446086,-71.621153,0.03090952684712176
2021-10-10,41.446086,-71.621153,42.07868419442003
2021-10-11,41.446086,-71.621153,0.08824331260919475
2021-10-12,41.446086,-71.621153,0.0
2021-10-13,41.446086,-71.621153,0.0
2021-10-14,41.446086,-71.621153,0.0
2021-10-15,41.446086,-71.621153,0.4151158050376412
2021-10-16,41.446086,-71.621153,0.008315945078178425
2021-10-17,41.446086,-71.621153,5.835631836811109
2021-10-18,41.446086,-71.621153,0.0
2021-10-19,41.446086,-71.621153,0.011087926770904567
2021-10-20,41.446086,-71.621153,0.0
2021-10-21,41.446086,-71.621153,0.0
2021-10-22,41.446086,-71.621153,0.0
2021-10-23,41.446086,-71.621153,0.8670672948521931
2021-10-24,41.446086,-71.621153,0.07731296924302761
2021-10-25,41.446086,-71.621153,8.178963265853618
2021-10-26,41.446086,-71.621153,45.73726671021862
2021-10-27,41.446086,-71.621153,16.38940679728851
2021-10-28,41.446086,-71.621153,0.016059409934492855
2021-10-29,41.446086,-71.621153,0.0
2021-10-30,41.446086,-71.621153,15.975449493577015
2021-10-31,41.446086,-71.621153,15.994474362796415
2021-11-01,41.446086,-71.621153,0.06375557738373575
2021-11-02,41.446086,-71.621153,2.2314879015714273
2021-11-03,41.446086,-71.621153,0.7491935593716815
2021-11-04,41.446086,-71.621153,0.0034183090462523574
2021-11-05,41.446086,-71.621153,0.018270038681861785
2021-11-06,41.446086,-71.621153,0.0
2021-11-07,41.446086,-71.621153,0.0
2021-11-08,41.446086,-71.621153,0.6891896261696931
2021-11-09,41.446086,-71.621153,0.0
2021-11-10,41.446086,-71.621153,0.7606913274291146
2021-11-11,41.446086,-71.621153,0.006385990734604362
2021-11-12,41.446086,-71.621153,23.31430410000192
2021-11-13,41.446086,-71.621153,0.0
2021-11-14,41.446086,-71.621153,0.0
2021-11-15,41.446086,-71.621153,4.730846977542401
2021-11-16,41.446086,-71.621153,0.0
2021-11-17,41.446086,-71.621153,0.037390825801525605
2021-11-18,41.446086,-71.621153,0.2798557457915299
2021-11-19,41.446086,-71.621153,3.507713984866469
2021-11-20,41.446086,-71.621153,0.0
2021-11-21,41.446086,-71.621153,0.3025785123489093
2021-11-22,41.446086,-71.621153,10.920602309676147
2021-11-23,41.446086,-71.621153,0.0
2021-11-24,41.446086,-71.621153,0.0
2021-11-25,41.446086,-71.621153,0.054822438820741025
2021-11-26,41.446086,-71.621153,20.814312325511853
2021-11-27,41.446086,-71.621153,0.0004779871224012469
2021-11-28,41.446086,-71.621153,0.001655989003874208
2021-11-29,41.446086,-71.621153,0.0
2021-11-30,41.446086,-71.621153,0.1243018582134658
2021-12-01,41.446086,-71.621153,0.0
2021-12-02,41.446086,-71.621153,5.751363596856059
2021-12-03,41.446086,-71.621153,0.0
2021-12-04,41.446086,-71.621153,0.0
2021-12-05,41.446086,-71.621153,0.18234140605094945
2021-12-06,41.446086,-71.621153,6.719738914111025
2021-12-07,41.446086,-71.621153,1.23272483157375
2021-12-08,41.446086,-71.621153,5.478058208445275
2021-12-09,41.446086,-71.621153,0.008163381572219158
2021-12-10,41.446086,-71.621153,2.2997511624583624
2021-12-11,41.446086,-71.621153,2.841180592998236
2021-12-12,41.446086,-71.621153,15.11353475909997
2021-12-13,41.446086,-71.621153,0.0
2021-12-14,41.446086,-71.621153,0.0
2021-12-15,41.446086,-71.621153,2.0170335193383493
2021-12-16,41.446086,-71.621153,3.4575916808204834
2021-12-17,41.446086,-71.621153,0.5935169152098838
2021-12-18,41.446086,-71.621153,1.9844434303958431
2021-12-19,41.446086,-71.621153,2.131996295851244
2021-12-20,41.446086,-71.621153,0.0
2021-12-21,41.446086,-71.621153,0.0
2021-12-22,41.446086,-71.621153,0.7726489888076603
2021-12-23,41.446086,-71.621153,0.0
2021-12-24,41.446086,-71.621153,0.045138673937243474
2021-12-25,41.446086,-71.621153,12.588600519616168
2021-12-26,41.446086,-71.621153,0.3993903490989255
2021-12-27,41.446086,-71.621153,0.0
2021-12-28,41.446086,-71.621153,0.5767878163375323
2021-12-29,41.446086,-71.621153,0.9274078343214429
2021-12-30,41.446086,-71.621153,8.728637744372936
2021-12-31,41.446086,-71.621153,0.15370430240514013
2022-01-01,41.446086,-71.621153,6.707152460898458
2022-01-02,41.446086,-71.621153,24.232195767638725
2022-01-03,41.446086,-71.621153,1.7777823811497215
2022-01-04,41.446086,-71.621153,0.4289201108403079
2022-01-05,41.446086,-71.621153,5.923055623902417
2022-01-06,41.446086,-71.621153,0.09026905282360416
2022-01-07,41.446086,-71.621153,3.09932833983885
2022-01-08,41.446086,-71.621153,0.0
2022-01-09,41.446086,-71.621153,1.8606487028732337
2022-01-10,41.446086,-71.621153,11.906802691918966
2022-01-11,41.446086,-71.621153,0.0
2022-01-12,41.446086,-71.621153,0.0
2022-01-13,41.446086,-71.621153,0.0
2022-01-14,41.446086,-71.621153,0.2535173141233061
2022-01-15,41.446086,-71.621153,0.0
2022-01-16,41.446086,-71.621153,0.0
2022-01-17,41.446086,-71.621153,39.44435760449243
2022-01-18,41.446086,-71.621153,0.0
2022-01-19,41.446086,-71.621153,0.011287114063594046
2022-01-20,41.446086,-71.621153,1.1439032796257138
2022-01-21,41.446086,-71.621153,0.0011856060060687179
2022-01-22,41.446086,-71.621153,0.004157972539089213
2022-01-23,41.446086,-71.621153,0.0
2022-01-24,41.446086,-71.621153,0.008229042469921292
2022-01-25,41.446086,-71.621153,0.017091544594552095
2022-01-26,41.446086,-71.621153,0.0
2022-01-27,41.446086,-71.621153,0.0
2022-01-28,41.446086,-71.621153,0.5027099875784384
2022-01-29,41.446086,-71.621153,6.323137432555927
2022-01-30,41.446086,-71.621153,0.702891541897902
2022-01-31,41.446086,-71.621153,0.005543963385452284
2022-02-01,41.446086,-71.621153,0.0
2022-02-02,41.446086,-71.621153,0.0012985207516187235
2022-02-03,41.446086,-71.621153,2.3006847945114313
2022-02-04,41.446086,-71.621153,26.979278548081755
2022-02-05,41.446086,-71.621153,3.1766658789519022
2022-02-06,41.446086,-71.621153,0.0
2022-02-07,41.446086,-71.621153,2.2674991411867795
2022-02-08,41.446086,-71.621153,39.123611667048365
2022-02-09,41.446086,-71.621153,0.0
2022-02-10,41.446086,-71.621153,0.0
2022-02-11,41.446086,-71.621153,0.0
2022-02-12,41.446086,-71.621153,0.0240384992742661
2022-02-13,41.446086,-71.621153,0.04976225154571115
2022-02-14,41.446086,-71.621153,0.0
2022-02-15,41.446086,-71.621153,0.0
2022-02-16,41.446086,-71.621153,0.0
2022-02-17,41.446086,-71.621153,0.000835455421624717
2022-02-18,41.446086,-71.621153,21.43912789485074
2022-02-19,41.446086,-71.621153,0.0
2022-02-20,41.446086,-71.621153,0.0
2022-02-21,41.446086,-71.621153,0.0
2022-02-22,41.446086,-71.621153,5.400028807645361
2022-02-23,41.446086,-71.621153,24.459598507303863
2022-02-24,41.446086,-71.621153,1.9591236987007823
2022-02-25,41.446086,-71.621153,35.68576479685415
2022-02-26,41.446086,-71.621153,0.0
2022-02-27,41.446086,-71.621153,0.0
2022-02-28,41.446086,-71.621153,0.0
2022-03-01,41.446086,-71.621153,0.0
2022-03-02,41.446086,-71.621153,1.9136763030095503
2022-03-03,41.446086,-71.621153,2.6916329814166744
2022-03-04,41.446086,-71.621153,0.0
2022-03-05,41.446086,-71.621153,0.0
2022-03-06,41.446086,-71.621153,11.914328166049176
2022-03-07,41.446086,-71.621153,0.8146906466590387
2022-03-08,41.446086,-71.621153,4.496006053976836
2022-03-09,41.446086,-71.621153,6.339808184647834
2022-03-10,41.446086,-71.621153,0.030054834609295814
2022-03-11,41.446086,-71.621153,0.0
2022-03-12,41.446086,-71.621153,16.539589293134267
2022-03-13,41.446086,-71.621153,0.004640342438117591
2022-03-14,41.446086,-71.621153,0.0
2022-03-15,41.446086,-71.621153,0.10210558348966317
2022-03-16,41.446086,-71.621153,1.4667539324413958
2022-03-17,41.446086,-71.621153,9.119210098314916
2022-03-18,41.446086,-71.621153,7.881899122083034
2022-03-19,41.446086,-71.621153,0.8893727263451663
2022-03-20,41.446086,-71.621153,1.45411235632877
2022-03-21,41.446086,-71.621153,0.003341821686498868
2022-03-22,41.446086,-71.621153,0.0
2022-03-23,41.446086,-71.621153,0.055436994967909464
2022-03-24,41.446086,-71.621153,20.588222128300664
2022-03-25,41.446086,-71.621153,13.209032973758678
2022-03-26,41.446086,-71.621153,0.28009684464701584
2022-03-27,41.446086,-71.621153,0.6230341375771282
2022-03-28,41.446086,-71.621153,0.004546151329596527
2022-03-29,41.446086,-71.621153,0.0
2022-03-30,41.446086,-71.621153,0.11522165492294162
2022-03-31,41.446086,-71.621153,2.49972839507465
2022-04-01,41.446086,-71.621153,11.086860271252572
2022-04-02,41.446086,-71.621153,0.0
2022-04-03,41.446086,-71.621153,3.1412418066576153
2022-04-04,41.446086,-71.621153,0.11386720489378263
2022-04-05,41.446086,-71.621153,0.0
2022-04-06,41.446086,-71.621153,13.984973002918688
2022-04-07,41.446086,-71.621153,4.191543788473746
2022-04-08,41.446086,-71.621153,9.841240174198608
2022-04-09,41.446086,-71.621153,0.10818112456342423
2022-04-10,41.446086,-71.621153,0.030491799136309405
2022-04-11,41.446086,-71.621153,0.0
2022-04-12,41.446086,-71.621153,7.933111435102918
2022-04-13,41.446086,-71.621153,0.0
2022-04-14,41.446086,-71.621153,1.7524092022327244
2022-04-15,41.446086,-71.621153,4.775924244582815
2022-04-16,41.446086,-71.621153,0.13089850259576466
2022-04-17,41.446086,-71.621153,16.79846666212686
2022-04-18,41.446086,-71.621153,0.8441832669667577
2022-04-19,41.446086,-71.621153,27.96005974583914
2022-04-20,41.446086,-71.621153,0.0
2022-04-21,41.446086,-71.621153,0.001531668298914591
2022-04-22,41.446086,-71.621153,0.09391935033900703
2022-04-23,41.446086,-71.621153,0.0
2022-04-24,41.446086,-71.621153,0.35104714128355174
2022-04-25,41.446086,-71.621153,0.17183877691059057
2022-04-26,41.446086,-71.621153,0.03653148913661454
2022-04-27,41.446086,-71.621153,3.3866008567066492
2022-04-28,41.446086,-71.621153,0.0
2022-04-29,41.446086,-71.621153,0.0
2022-04-30,41.446086,-71.621153,0.0
2022-05-01,41.446086,-71.621153,0.0
2022-05-02,41.446086,-71.621153,2.3992665866473604
2022-05-03,41.446086,-71.621153,3.0403245148393205
2022-05-04,41.446086,-71.621153,2.8131280919275934
2022-05-05,41.446086,-71.621153,5.645742535507674e-05
2022-05-06,41.446086,-71.621153,6.46323621545494
2022-05-07,41.446086,-71.621153,19.802304844047967
2022-05-08,41.446086,-71.621153,5.213875761090583
2022-05-09,41.446086,-71.621153,0.0032198391093329446
2022-05-10,41.446086,-71.621153,0.042657857459081995
2022-05-11,41.446086,-71.621153,0.07198721804979497
2022-05-12,41.446086,-71.621153,0.0007827999825034508
2022-05-13,41.446086,-71.621153,0.0
2022-05-14,41.446086,-71.621153,0.2576704114202434
2022-05-15,41.446086,-71.621153,0.7088029352744641
2022-05-16,41.446086,-71.621153,0.0
2022-05-17,41.446086,-71.621153,3.728507663494182
2022-05-18,41.446086,-71.621153,0.0
2022-05-19,41.446086,-71.621153,11.668118946920142
2022-05-20,41.446086,-71.621153,0.0
2022-05-21,41.446086,-71.621153,8.842610280325848
2022-05-22,41.446086,-71.621153,0.0
2022-05-23,41.446086,-71.621153,0.0
2022-05-24,41.446086,-71.621153,2.909258835010988
2022-05-25,41.446086,-71.621153,0.0
2022-05-26,41.446086,-71.621153,0.4391226652467284
2022-05-27,41.446086,-71.621153,0.005696213376304911
2022-05-28,41.446086,-71.621153,5.258181229397625
2022-05-29,41.446086,-71.621153,0.0
2022-05-30,41.446086,-71.621153,0.0
2022-05-31,41.446086,-71.621153,0.0001956999956258627
2022-06-01,41.446086,-71.621153,0.4530084746879991
2022-06-02,41.446086,-71.621153,2.701348498700719
2022-06-03,41.446086,-71.621153,0.034048858735383686
2022-06-04,41.446086,-71.621153,0.0004177277108123585
2022-06-05,41.446086,-71.621153,0.0
2022-06-06,41.446086,-71.621153,0.0
2022-06-07,41.446086,-71.621153,0.21580136637939795
2022-06-08,41.446086,-71.621153,10.413113229508404
2022-06-09,41.446086,-71.621153,11.736238725030525
2022-06-10,41.446086,-71.621153,0.0
2022-06-11,41.446086,-71.621153,0.5233126185920991
2022-06-12,41.446086,-71.621153,4.9653783215654315
2022-06-13,41.446086,-71.621153,25.000975583501564
2022-06-14,41.446086,-71.621153,0.048794244404650626
2022-06-15,41.446086,-71.621153,0.0
2022-06-16,41.446086,-71.621153,0.004595004689256185
2022-06-17,41.446086,-71.621153,3.4646559280561116
2022-06-18,41.446086,-71.621153,0.19857194982123386
2022-06-19,41.446086,-71.621153,10.158886021155201
2022-06-20,41.446086,-71.621153,0.0
2022-06-21,41.446086,-71.621153,0.0
2022-06-22,41.446086,-71.621153,3.2481627007721516
2022-06-23,41.446086,-71.621153,0.0
2022-06-24,41.446086,-71.621153,0.35866496367078604
2022-06-25,41.446086,-71.621153,0.0034810643345775
2022-06-26,41.446086,-71.621153,0.0
2022-06-27,41.446086,-71.621153,17.913460674907157
2022-06-28,41.446086,-71.621153,13.922128308035845
2022-06-29,41.446086,-71.621153,0.0
2022-06-30,41.446086,-71.621153,0.013859907947308873
2022-07-01,41.446086,-71.621153,0.0
2022-07-02,41.446086,-71.621153,3.2041785245169034
2022-07-03,41.446086,-71.621153,7.1257287675071
2022-07-04,41.446086,-71.621153,0.0
2022-07-05,41.446086,-71.621153,3.3649369032462695
2022-07-06,41.446086,-71.621153,0.518734357488269
2022-07-07,41.446086,-71.621153,0.0009746980178314546
2022-07-08,41.446086,-71.621153,0.06929251452821529
2022-07-09,41.446086,-71.621153,0.52410549038567
2022-07-10,41.446086,-71.621153,0.006836618092504715
2022-07-11,41.446086,-71.621153,0.0
2022-07-12,41.446086,-71.621153,0.04122287580945594
2022-07-13,41.446086,-71.621153,0.6710228881137241
2022-07-14,41.446086,-71.621153,0.03307697226700735
2022-07-15,41.446086,-71.621153,0.0027058683245416784
2022-07-16,41.446086,-71.621153,0.5959937185999379
2022-07-17,41.446086,-71.621153,3.5839335349348884
2022-07-18,41.446086,-71.621153,18.73259049954295
2022-07-19,41.446086,-71.621153,1.0461169540518889
2022-07-20,41.446086,-71.621153,0.09890777366665117
2022-07-21,41.446086,-71.621153,0.171870673604213
2022-07-22,41.446086,-71.621153,0.0006210316894218574
2022-07-23,41.446086,-71.621153,0.0
2022-07-24,41.446086,-71.621153,0.0
2022-07-25,41.446086,-71.621153,3.0582071627758003
2022-07-26,41.446086,-71.621153,0.12143738592250086
2022-07-27,41.446086,-71.621153,0.0
2022-07-28,41.446086,-71.621153,0.06013543559615819
2022-07-29,41.446086,-71.621153,0.034965889171607645
2022-07-30,41.446086,-71.621153,3.9203917439133456
2022-07-31,41.446086,-71.621153,0.0
2022-08-01,41.446086,-71.621153,9.921465144271032
2022-08-02,41.446086,-71.621153,0.00011291485071015348
2022-08-03,41.446086,-71.621153,0.027402929795373933
2022-08-04,41.446086,-71.621153,0.0
2022-08-05,41.446086,-71.621153,0.20553741152866167
2022-08-06,41.446086,-71.621153,0.0
2022-08-07,41.446086,-71.621153,0.004327344815154443
2022-08-08,41.446086,-71.621153,0.03159778104841871
2022-08-09,41.446086,-71.621153,0.1950654835664857
2022-08-10,41.446086,-71.621153,1.1368912199812478
2022-08-11,41.446086,-71.621153,7.549407595145521
2022-08-12,41.446086,-71.621153,0.04542081079809386
2022-08-13,41.446086,-71.621153,2.7530542743206543
2022-08-14,41.446086,-71.621153,0.4728861667198305
2022-08-15,41.446086,-71.621153,0.00899343366611751
2022-08-16,41.446086,-71.621153,0.003328951973809286
2022-08-17,41.446086,-71.621153,20.832311277823532
2022-08-18,41.446086,-71.621153,0.0
2022-08-19,41.446086,-71.621153,0.0
2022-08-20,41.446086,-71.621153,0.0
2022-08-21,41.446086,-71.621153,0.19845760621368155
2022-08-22,41.446086,-71.621153,11.846223740504247
2022-08-23,41.446086,-71.621153,0.0039752793273355016
2022-08-24,41.446086,-71.621153,0.0
2022-08-25,41.446086,-71.621153,0.0
2022-08-26,41.446086,-71.621153,6.284734701027304
2022-08-27,41.446086,-71.621153,1.8151391294993058
2022-08-28,41.446086,-71.621153,0.045568370681795305
2022-08-29,41.446086,-71.621153,0.0
2022-08-30,41.446086,-71.621153,0.015152563170683139
2022-08-31,41.446086,-71.621153,7.3198135141171
2022-09-01,41.446086,-71.621153,0.0
2022-09-02,41.446086,-71.621153,0.0
2022-09-03,41.446086,-71.621153,0.0
2022-09-04,41.446086,-71.621153,0.0013096405318561975
2022-09-05,41.446086,-71.621153,0.8298381764536851
2022-09-06,41.446086,-71.621153,49.51346668354522
2022-09-07,41.446086,-71.621153,0.01542899597601958
2022-09-08,41.446086,-71.621153,0.0
2022-09-09,41.446086,-71.621153,0.0
2022-09-10,41.446086,-71.621153,0.0
2022-09-11,41.446086,-71.621153,3.1867447186018842
2022-09-12,41.446086,-71.621153,17.653040296007703
2022-09-13,41.446086,-71.621153,40.05455391240183
2022-09-14,41.446086,-71.621153,0.0
2022-09-15,41.446086,-71.621153,0.36779673407369257
2022-09-16,41.446086,-71.621153,0.0
2022-09-17,41.446086,-71.621153,0.0
2022-09-18,41.446086,-71.621153,0.0
2022-09-19,41.446086,-71.621153,0.0
2022-09-20,41.446086,-71.621153,0.36887388680679345
2022-09-21,41.446086,-71.621153,0.0
2022-09-22,41.446086,-71.621153,29.652225549308763
2022-09-23,41.446086,-71.621153,0.0
2022-09-24,41.446086,-71.621153,0.0
2022-09-25,41.446086,-71.621153,2.1830322413527794
2022-09-26,41.446086,-71.621153,6.088589254293751
2022-09-27,41.446086,-71.621153,0.0
2022-09-28,41.446086,-71.621153,0.0
2022-09-29,41.446086,-71.621153,0.0043337796196273315
2022-09-30,41.446086,-71.621153,0.009161474332751687
2022-10-01,41.446086,-71.621153,37.76120398979373
2022-10-02,41.446086,-71.621153,2.037352418082334
2022-10-03,41.446086,-71.621153,14.616883522586797
2022-10-04,41.446086,-71.621153,2.134107454836993
2022-10-05,41.446086,-71.621153,36.06399405188754
2022-10-06,41.446086,-71.621153,22.139897951477206
2022-10-07,41.446086,-71.621153,0.0
2022-10-08,41.446086,-71.621153,1.1536661389034741
2022-10-09,41.446086,-71.621153,0.0
2022-10-10,41.446086,-71.621153,0.004804299892615428
2022-10-11,41.446086,-71.621153,0.013859907947308873
2022-10-12,41.446086,-71.621153,0.0
2022-10-13,41.446086,-71.621153,6.1237420333839605
2022-10-14,41.446086,-71.621153,33.28400142761347
2022-10-15,41.446086,-71.621153,1.0487523523696884
2022-10-16,41.446086,-71.621153,0.023701652699904086
2022-10-17,41.446086,-71.621153,6.62248306318504
2022-10-18,41.446086,-71.621153,4.135378258013448
2022-10-19,41.446086,-71.621153,0.0
2022-10-20,41.446086,-71.621153,0.0
2022-10-21,41.446086,-71.621153,0.0
2022-10-22,41.446086,-71.621153,0.0
2022-10-23,41.446086,-71.621153,29.301074938165264
2022-10-24,41.446086,-71.621153,14.763548662666832
2022-10-25,41.446086,-71.621153,0.07325685645932822
2022-10-26,41.446086,-71.621153,0.18730551000095425
2022-10-27,41.446086,-71.621153,0.0
2022-10-28,41.446086,-71.621153,0.0
2022-10-29,41.446086,-71.621153,2.678703460594696
2022-10-30,41.446086,-71.621153,0.0
2022-10-31,41.446086,-71.621153,0.6870066023009284
2022-11-01,41.446086,-71.621153,16.65051970752052
2022-11-02,41.446086,-71.621153,1.022493778653853
2022-11-03,41.446086,-71.621153,0.0
2022-11-04,41.446086,-71.621153,0.009701936182702415
2022-11-05,41.446086,-71.621153,0.0
2022-11-06,41.446086,-71.621153,0.0
2022-11-07,41.446086,-71.621153,0.1811703737209877
2022-11-08,41.446086,-71.621153,0.0
2022-11-09,41.446086,-71.621153,0.0
2022-11-10,41.446086,-71.621153,0.0
2022-11-11,41.446086,-71.621153,0.8101248851441559
2022-11-12,41.446086,-71.621153,2.8023590390225372
2022-11-13,41.446086,-71.621153,9.811874844396538
2022-11-14,41.446086,-71.621153,0.0
2022-11-15,41.446086,-71.621153,0.08638875765569508
2022-11-16,41.446086,-71.621153,41.762393110330926
2022-11-17,41.446086,-71.621153,0.0
2022-11-18,41.446086,-71.621153,0.0
2022-11-19,41.446086,-71.621153,0.00027848514054157195
2022-11-20,41.446086,-71.621153,0.0
2022-11-21,41.446086,-71.621153,0.0
2022-11-22,41.446086,-71.621153,0.0
2022-11-23,41.446086,-71.621153,0.0
2022-11-24,41.446086,-71.621153,0.0
2022-11-25,41.446086,-71.621153,3.0971027838694267
2022-11-26,41.446086,-71.621153,0.0
2022-11-27,41.446086,-71.621153,20.801983340060765
2022-11-28,41.446086,-71.621153,0.24483263542704897
2022-11-29,41.446086,-71.621153,0.0
2022-11-30,41.446086,-71.621153,18.404243490311174
2022-12-01,41.446086,-71.621153,1.6304506509894703
2022-12-02,41.446086,-71.621153,0.0
2022-12-03,41.446086,-71.621153,19.88944310274089
2022-12-04,41.446086,-71.621153,0.0
2022-12-05,41.446086,-71.621153,0.0034183090462523574
2022-12-06,41.446086,-71.621153,2.5998798845184887
2022-12-07,41.446086,-71.621153,42.04894999727645
2022-12-08,41.446086,-71.621153,0.0
2022-12-09,41.446086,-71.621153,0.0
2022-12-10,41.446086,-71.621153,0.0
2022-12-11,41.446086,-71.621153,0.34738442353678856
2022-12-12,41.446086,-71.621153,2.4303695194061716
2022-12-13,41.446086,-71.621153,0.0
2022-12-14,41.446086,-71.621153,0.0
2022-12-15,41.446086,-71.621153,1.0693863411539186
2022-12-16,41.446086,-71.621153,47.05621546074979
2022-12-17,41.446086,-71.621153,0.00028228711625936855
2022-12-18,41.446086,-71.621153,0.0
2022-12-19,41.446086,-71.621153,0.0
2022-12-20,41.446086,-71.621153,0.0012531831065011208
2022-12-21,41.446086,-71.621153,0.0
2022-12-22,41.446086,-71.621153,6.409297197190589
2022-12-23,41.446086,-71.621153,38.56872761609774
2022-12-24,41.446086,-71.621153,0.0
2022-12-25,41.446086,-71.621153,0.0
2022-12-26,41.446086,-71.621153,0.0
2022-12-27,41.446086,-71.621153,0.05449116510318946
2022-12-28,41.446086,-71.621153,0.010533412279298642
2022-12-29,41.446086,-71.621153,0.006081040777383633
2022-12-30,41.446086,-71.621153,0.0
2022-12-31,41.446086,-71.621153,12.905164965206044
2023-01-01,41.446086,-71.621153,16.60574542115195
2023-01-02,41.446086,-71.621153,0.006838094507179019
2023-01-03,41.446086,-71.621153,23.0040279719646
2023-01-04,41.446086,-71.621153,2.934301856611111
2023-01-05,41.446086,-71.621153,3.93124187436073
2023-01-06,41.446086,-71.621153,0.5629716017530483
2023-01-07,41.446086,-71.621153,0.0
2023-01-08,41.446086,-71.621153,0.0
2023-01-09,41.446086,-71.621153,3.724967137043646
2023-01-10,41.446086,-71.621153,0.0
2023-01-11,41.446086,-71.621153,0.0
2023-01-12,41.446086,-71.621153,0.5294920264137756
2023-01-13,41.446086,-71.621153,27.513791590996725
2023-01-14,41.446086,-71.621153,4.276577799698566
2023-01-15,41.446086,-71.621153,0.5666793871503633
2023-01-16,41.446086,-71.621153,0.6607260132628638
2023-01-17,41.446086,-71.621153,0.037978721325759635
2023-01-18,41.446086,-71.621153,0.0040871741650084555
2023-01-19,41.446086,-71.621153,21.95525152287687
2023-01-20,41.446086,-71.621153,12.525566905065475
2023-01-21,41.446086,-71.621153,0.00033874455213046096
2023-01-22,41.446086,-71.621153,0.6063216775427163
2023-01-23,41.446086,-71.621153,50.509137240716875
2023-01-24,41.446086,-71.621153,0.0
2023-01-25,41.446086,-71.621153,4.966253690850445
2023-01-26,41.446086,-71.621153,45.63588952874893
2023-01-27,41.446086,-71.621153,0.0003913999912517254
2023-01-28,41.446086,-71.621153,0.0
2023-01-29,41.446086,-71.621153,0.8261349740690771
2023-01-30,41.446086,-71.621153,0.028129057939140212
2023-01-31,41.446086,-71.621153,0.20697573130917854
2023-02-01,41.446086,-71.621153,0.40271469552028294
2023-02-02,41.446086,-71.621153,0.0
2023-02-03,41.446086,-71.621153,0.0
2023-02-04,41.446086,-71.621153,0.015471729269575006
2023-02-05,41.446086,-71.621153,0.0033892113853981744
2023-02-06,41.446086,-71.621153,0.03867855983616434
2023-02-07,41.446086,-71.621153,0.0
2023-02-08,41.446086,-71.621153,5.799317333128684
2023-02-09,41.446086,-71.621153,0.4674207712498643
2023-02-10,41.446086,-71.621153,0.11175103549474706
2023-02-11,41.446086,-71.621153,0.0
2023-02-12,41.446086,-71.621153,0.00011291485071015348
2023-02-13,41.446086,-71.621153,11.880114707585788
2023-02-14,41.446086,-71.621153,0.015532853290120939
2023-02-15,41.446086,-71.621153,1.2563023970952325
2023-02-16,41.446086,-71.621153,2.3097283911375524
2023-02-17,41.446086,-71.621153,14.16252026664121
2023-02-18,41.446086,-71.621153,0.06886863999303963
2023-02-19,41.446086,-71.621153,0.0
2023-02-20,41.446086,-71.621153,1.2185916550576263
2023-02-21,41.446086,-71.621153,4.621095127731534
2023-02-22,41.446086,-71.621153,0.026761141359599293
2023-02-23,41.446086,-71.621153,12.190238367347296
2023-02-24,41.446086,-71.621153,1.495686234451389
2023-02-25,41.446086,-71.621153,0.0
2023-02-26,41.446086,-71.621153,0.0467009684795507
2023-02-27,41.446086,-71.621153,0.0
2023-02-28,41.446086,-71.621153,2.2558315586145103
2023-03-01,41.446086,-71.621153,0.022260034516101597
2023-03-02,41.446086,-71.621153,5.9887530767128245
2023-03-03,41.446086,-71.621153,0.0
2023-03-04,41.446086,-71.621153,9.492817182982435
2023-03-05,41.446086,-71.621153,0.0
2023-03-06,41.446086,-71.621153,0.0008468613487781076
2023-03-07,41.446086,-71.621153,0.0004177277108123585
2023-03-08,41.446086,-71.621153,0.0
2023-03-09,41.446086,-71.621153,0.022898216515768104
2023-03-10,41.446086,-71.621153,0.004157972539089213
2023-03-11,41.446086,-71.621153,9.024655681365243
2023-03-12,41.446086,-71.621153,0.0
2023-03-13,41.446086,-71.621153,6.526897236234945
2023-03-14,41.446086,-71.621153,37.22466402788354
2023-03-15,41.446086,-71.621153,0.05224968583480655
2023-03-16,41.446086,-71.621153,0.003607437114350859
2023-03-17,41.446086,-71.621153,0.4011181950907817
2023-03-18,41.446086,-71.621153,7.106824008291763
2023-03-19,41.446086,-71.621153,0.0
2023-03-20,41.446086,-71.621153,0.0
2023-03-21,41.446086,-71.621153,0.0
2023-03-22,41.446086,-71.621153,0.40236185783586353
2023-03-23,41.446086,-71.621153,4.913391363698538
2023-03-24,41.446086,-71.621153,0.0
2023-03-25,41.446086,-71.621153,6.583471979590798
2023-03-26,41.446086,-71.621153,0.00039520198800155337
2023-03-27,41.446086,-71.621153,0.6783204232296294
2023-03-28,41.446086,-71.621153,2.4794269837136187
2023-03-29,41.446086,-71.621153,0.0
2023-03-30,41.446086,-71.621153,0.13452040057271442
2023-03-31,41.446086,-71.621153,15.840180641409384
2023-04-01,41.446086,-71.621153,37.488825556799796
2023-04-02,41.446086,-71.621153,1.170552249468538
2023-04-03,41.446086,-71.621153,0.0
2023-04-04,41.446086,-71.621153,0.36220555508299523
2023-04-05,41.446086,-71.621153,0.46891741925760194
2023-04-06,41.446086,-71.621153,2.127713469048003
2023-04-07,41.446086,-71.621153,5.983228436127348
2023-04-08,41.446086,-71.621153,0.7267728330893711
2023-04-09,41.446086,-71.621153,0.001385990846363071
2023-04-10,41.446086,-71.621153,0.0
2023-04-11,41.446086,-71.621153,0.0022018395572999476
2023-04-12,41.446086,-71.621153,4.417053819745052
2023-04-13,41.446086,-71.621153,0.42279559117359977
2023-04-14,41.446086,-71.621153,0.0
2023-04-15,41.446086,-71.621153,3.9449482368636053
2023-04-16,41.446086,-71.621153,8.292258135038363
2023-04-17,41.446086,-71.621153,0.7254135777576953
2023-04-18,41.446086,-71.621153,0.046657006548210915
2023-04-19,41.446086,-71.621153,0.0
2023-04-20,41.446086,-71.621153,0.06544399952012099
2023-04-21,41.446086,-71.621153,0.07148635999867615
2023-04-22,41.446086,-71.621153,0.22446276754501027
2023-04-23,41.446086,-71.621153,23.39154757918152
2023-04-24,41.446086,-71.621153,0.0
2023-04-25,41.446086,-71.621153,0.0
2023-04-26,41.446086,-71.621153,0.0
2023-04-27,41.446086,-71.621153,1.7282667251122044
2023-04-28,41.446086,-71.621153,0.6457207225233255
2023-04-29,41.446086,-71.621153,14.703511339256139
2023-04-30,41.446086,-71.621153,14.823122816949468
2023-05-01,41.446086,-71.621153,10.1694318429659
2023-05-02,41.446086,-71.621153,3.7313074690641193
2023-05-03,41.446086,-71.621153,0.2984592006292513
2023-05-04,41.446086,-71.621153,1.678210299819761
2023-05-05,41.446086,-71.621153,0.5322298686369457
2023-05-06,41.446086,-71.621153,0.0
2023-05-07,41.446086,-71.621153,0.0034183090462523574
2023-05-08,41.446086,-71.621153,10.925842729816587
2023-05-09,41.446086,-71.621153,0.0
2023-05-10,41.446086,-71.621153,0.0
2023-05-11,41.446086,-71.621153,0.0
2023-05-12,41.446086,-71.621153,0.0
2023-05-13,41.446086,-71.621153,0.026053817662966428
2023-05-14,41.446086,-71.621153,0.0
2023-05-15,41.446086,-71.621153,0.1036847788860279
2023-05-16,41.446086,-71.621153,0.006929953973654437
2023-05-17,41.446086,-71.621153,0.0
2023-05-18,41.446086,-71.621153,0.0
2023-05-19,41.446086,-71.621153,0.20202030486027317
2023-05-20,41.446086,-71.621153,19.564070842291585
2023-05-21,41.446086,-71.621153,30.863317150455472
2023-05-22,41.446086,-71.621153,0.00013924257027078598
2023-05-23,41.446086,-71.621153,0.0
2023-05-24,41.446086,-71.621153,0.0
2023-05-25,41.446086,-71.621153,0.0
2023-05-26,41.446086,-71.621153,0.0
2023-05-27,41.446086,-71.621153,0.0
2023-05-28,41.446086,-71.621153,0.0
2023-05-29,41.446086,-71.621153,0.0
2023-05-30,41.446086,-71.621153,0.0
2023-05-31,41.446086,-71.621153,0.0
2023-06-01,41.446086,-71.621153,0.0
2023-06-02,41.446086,-71.621153,0.0
2023-06-03,41.446086,-71.621153,1.5160828912210087
2023-06-04,41.446086,-71.621153,0.03226770038483108
2023-06-05,41.446086,-71.621153,0.21949031882269893
2023-06-06,41.446086,-71.621153,0.3671069254702094
2023-06-07,41.446086,-71.621153,0.0
2023-06-08,41.446086,-71.621153,0.0
2023-06-09,41.446086,-71.621153,1.0158224056261203
2023-06-10,41.446086,-71.621153,2.6818506765667256
2023-06-11,41.446086,-71.621153,0.0
2023-06-12,41.446086,-71.621153,1.2470924512769814
2023-06-13,41.446086,-71.621153,0.7419275398084062
2023-06-14,41.446086,-71.621153,0.058711651286268186
2023-06-15,41.446086,-71.621153,0.0
2023-06-16,41.446086,-71.621153,3.460932499682768
2023-06-17,41.446086,-71.621153,16.199074139564207
2023-06-18,41.446086,-71.621153,10.303710964749063
2023-06-19,41.446086,-71.621153,0.0
2023-06-20,41.446086,-71.621153,0.0
2023-06-21,41.446086,-71.621153,5.645742535507674e-05
2023-06-22,41.446086,-71.621153,0.24866938990237172
2023-06-23,41.446086,-71.621153,0.7672512618017615
2023-06-24,41.446086,-71.621153,13.438825889731065
2023-06-25,41.446086,-71.621153,0.005543963385452284
2023-06-26,41.446086,-71.621153,1.0792172229543713
2023-06-27,41.446086,-71.621153,35.40563702378251
2023-06-28,41.446086,-71.621153,8.405791353566988
2023-06-29,41.446086,-71.621153,0.06578332666370981
2023-06-30,41.446086,-71.621153,0.0
2023-07-01,41.446086,-71.621153,0.0
2023-07-02,41.446086,-71.621153,1.2228522992456472
2023-07-03,41.446086,-71.621153,3.041563768070407
2023-07-04,41.446086,-71.621153,24.971381548987218
2023-07-05,41.446086,-71.621153,0.001256985134090823
2023-07-06,41.446086,-71.621153,0.0
2023-07-07,41.446086,-71.621153,0.0
2023-07-08,41.446086,-71.621153,0.6028635748933243
2023-07-09,41.446086,-71.621153,2.514888831000365
2023-07-10,41.446086,-71.621153,22.691058991526887
2023-07-11,41.446086,-71.621153,0.0
2023-07-12,41.446086,-71.621153,0.0
2023-07-13,41.446086,-71.621153,0.0
2023-07-14,41.446086,-71.621153,33.34968271966221
2023-07-15,41.446086,-71.621153,22.2402268623819
2023-07-16,41.446086,-71.621153,75.9908168687995
2023-07-17,41.446086,-71.621153,23.97845093016252
2023-07-18,41.446086,-71.621153,0.34249128750779145
2023-07-19,41.446086,-71.621153,3.848872886541739
2023-07-20,41.446086,-71.621153,0.0
2023-07-21,41.446086,-71.621153,2.0944091366292477
2023-07-22,41.446086,-71.621153,1.443367969762288
2023-07-23,41.446086,-71.621153,0.27901571442879813
2023-07-24,41.446086,-71.621153,0.0
2023-07-25,41.446086,-71.621153,0.0
2023-07-26,41.446086,-71.621153,0.0
2023-07-27,41.446086,-71.621153,0.00016937227606523048
2023-07-28,41.446086,-71.621153,0.29739289530118107
2023-07-29,41.446086,-71.621153,0.8681339578349321
2023-07-30,41.446086,-71.621153,10.442488763007045
2023-07-31,41.446086,-71.621153,0.0
2023-08-01,41.446086,-71.621153,5.645742535507674e-05
2023-08-02,41.446086,-71.621153,0.0
2023-08-03,41.446086,-71.621153,0.0
2023-08-04,41.446086,-71.621153,0.42858565440900465
2023-08-05,41.446086,-71.621153,1.6700185106977077
2023-08-06,41.446086,-71.621153,0.0
2023-08-07,41.446086,-71.621153,15.020610787808158
2023-08-08,41.446086,-71.621153,17.926634832563618
2023-08-09,41.446086,-71.621153,0.0
2023-08-10,41.446086,-71.621153,13.552933572493467
2023-08-11,41.446086,-71.621153,15.202990021747006
2023-08-12,41.446086,-71.621153,2.738611579620815
2023-08-13,41.446086,-71.621153,36.713135757360135
2023-08-14,41.446086,-71.621153,0.0048734899854134695
2023-08-15,41.446086,-71.621153,16.481208456954164
2023-08-16,41.446086,-71.621153,0.8995410157913022
2023-08-17,41.446086,-71.621153,1.855867637773204
2023-08-18,41.446086,-71.621153,4.57902371516042
2023-08-19,41.446086,-71.621153,0.0
2023-08-20,41.446086,-71.621153,0.0
2023-08-21,41.446086,-71.621153,0.23383802639910625
2023-08-22,41.446086,-71.621153,0.7933548570729131
2023-08-23,41.446086,-71.621153,0.0
2023-08-24,41.446086,-71.621153,0.1765066018392974
2023-08-25,41.446086,-71.621153,13.149907698231509
2023-08-26,41.446086,-71.621153,0.3635824155251627
2023-08-27,41.446086,-71.621153,0.0
2023-08-28,41.446086,-71.621153,0.1488564508939586
2023-08-29,41.446086,-71.621153,1.0023770730470984
2023-08-30,41.446086,-71.621153,2.8605389708330295
2023-08-31,41.446086,-71.621153,0.00011291485071015348
2023-09-01,41.446086,-71.621153,0.0
2023-09-02,41.446086,-71.621153,0.0
2023-09-03,41.446086,-71.621153,0.591348213045825
2023-09-04,41.446086,-71.621153,0.17020550741577153
2023-09-05,41.446086,-71.621153,0.03956032597040783
2023-09-06,41.446086,-71.621153,0.0012985207516187235
2023-09-07,41.446086,-71.621153,0.009701936182702415
2023-09-08,41.446086,-71.621153,0.1668950775619382
2023-09-09,41.446086,-71.621153,0.031383938722312356
2023-09-10,41.446086,-71.621153,1.2575162858536972
2023-09-11,41.446086,-71.621153,0.09954460693922516
2023-09-12,41.446086,-71.621153,0.9352430964092364
2023-09-13,41.446086,-71.621153,3.8638242247849077
2023-09-14,41.446086,-71.621153,0.02246252316182296
2023-09-15,41.446086,-71.621153,0.0
2023-09-16,41.446086,-71.621153,15.566872827404922
2023-09-17,41.446086,-71.621153,0.0
2023-09-18,41.446086,-71.621153,46.92038842560492
2023-09-19,41.446086,-71.621153,0.023928163960476187
2023-09-20,41.446086,-71.621153,0.0
2023-09-21,41.446086,-71.621153,0.0
2023-09-22,41.446086,-71.621153,0.014412899677846284
2023-09-23,41.446086,-71.621153,32.01795537235913
2023-09-24,41.446086,-71.621153,0.17363840633332314
2023-09-25,41.446086,-71.621153,10.923212390839513
2023-09-26,41.446086,-71.621153,15.754128233188833
2023-09-27,41.446086,-71.621153,0.0
2023-09-28,41.446086,-71.621153,0.0
2023-09-29,41.446086,-71.621153,17.083361518000117
2023-09-30,41.446086,-71.621153,44.296066792084645
2023-10-01,41.446086,-71.621153,3.7208775982388387
2023-10-02,41.446086,-71.621153,0.0
2023-10-03,41.446086,-71.621153,0.0
2023-10-04,41.446086,-71.621153,0.0
2023-10-05,41.446086,-71.621153,0.0
2023-10-06,41.446086,-71.621153,0.0036545245888849214
2023-10-07,41.446086,-71.621153,3.5243940747717
2023-10-08,41.446086,-71.621153,0.04724784432022028
2023-10-09,41.446086,-71.621153,0.0020851227519040278
2023-10-10,41.446086,-71.621153,0.2153516848853013
2023-10-11,41.446086,-71.621153,0.05765159871138514
2023-10-12,41.446086,-71.621153,0.0
2023-10-13,41.446086,-71.621153,0.0
2023-10-14,41.446086,-71.621153,12.33457959986227
2023-10-15,41.446086,-71.621153,6.620101966499405
2023-10-16,41.446086,-71.621153,0.07203664993911921
2023-10-17,41.446086,-71.621153,0.0900669189633842
2023-10-18,41.446086,-71.621153,0.06494787251550448
2023-10-19,41.446086,-71.621153,0.0
2023-10-20,41.446086,-71.621153,2.6022491336227622
2023-10-21,41.446086,-71.621153,35.416253036153044
2023-10-22,41.446086,-71.621153,0.0
2023-10-23,41.446086,-71.621153,0.17667036830533142
2023-10-24,41.446086,-71.621153,0.0536794911460057
2023-10-25,41.446086,-71.621153,0.15544192182158312
2023-10-26,41.446086,-71.621153,0.0
2023-10-27,41.446086,-71.621153,1.6295768781679674
2023-10-28,41.446086,-71.621153,0.0
2023-10-29,41.446086,-71.621153,7.371382129954019
2023-10-30,41.446086,-71.621153,10.890180969008325
2023-10-31,41.446086,-71.621153,5.165116935705109
2023-11-01,41.446086,-71.621153,0.1808463138204285
2023-11-02,41.446086,-71.621153,0.0
2023-11-03,41.446086,-71.621153,0.0625803941459188
2023-11-04,41.446086,-71.621153,0.15091784380860382
2023-11-05,41.446086,-71.621153,0.10883626244622134
2023-11-06,41.446086,-71.621153,1.7142711817284915
2023-11-07,41.446086,-71.621153,23.73452762233194
2023-11-08,41.446086,-71.621153,0.0
2023-11-09,41.446086,-71.621153,2.6767856492168325
2023-11-10,41.446086,-71.621153,1.174816679031144
2023-11-11,41.446086,-71.621153,0.0
2023-11-12,41.446086,-71.621153,0.0
2023-11-13,41.446086,-71.621153,0.0
2023-11-14,41.446086,-71.621153,0.0
2023-11-15,41.446086,-71.621153,0.0
2023-11-16,41.446086,-71.621153,0.0016483850945026742
2023-11-17,41.446086,-71.621153,0.004346649228573116
2023-11-18,41.446086,-71.621153,0.5074375697459972
2023-11-19,41.446086,-71.621153,0.0
2023-11-20,41.446086,-71.621153,0.009860757206211795
2023-11-21,41.446086,-71.621153,0.8236421725215306
2023-11-22,41.446086,-71.621153,44.62787379437095
2023-11-23,41.446086,-71.621153,0.45872880392559384
2023-11-24,41.446086,-71.621153,0.00027848514054157195
2023-11-25,41.446086,-71.621153,0.0
2023-11-26,41.446086,-71.621153,0.7676573740475758
2023-11-27,41.446086,-71.621153,10.692177584163439
2023-11-28,41.446086,-71.621153,0.004973672168680658
2023-11-29,41.446086,-71.621153,0.00016937227606523048
2023-11-30,41.446086,-71.621153,0.01132104572968635
2023-12-01,41.446086,-71.621153,4.291776753924223
2023-12-02,41.446086,-71.621153,4.798670413285633
2023-12-03,41.446086,-71.621153,29.340815227700034
2023-12-04,41.446086,-71.621153,0.008750900856424803
2023-12-05,41.446086,-71.621153,0.025399496186341405
2023-12-06,41.446086,-71.621153,0.0020295482585957368
2023-12-07,41.446086,-71.621153,0.0012005277192517615
2023-12-08,41.446086,-71.621153,0.00030861484633601643
2023-12-09,41.446086,-71.621153,0.3946234423859185
2023-12-10,41.446086,-71.621153,6.213570059035774
2023-12-11,41.446086,-71.621153,67.88552809234527
2023-12-12,41.446086,-71.621153,0.0
2023-12-13,41.446086,-71.621153,0.0
2023-12-14,41.446086,-71.621153,0.0034810643345775
2023-12-15,41.446086,-71.621153,0.1527219530234974
2023-12-16,41.446086,-71.621153,0.08521854143309635
2023-12-17,41.446086,-71.621153,19.05389382867445
2023-12-18,41.446086,-71.621153,67.12562228195267
2023-12-19,41.446086,-71.621153,0.0
2023-12-20,41.446086,-71.621153,0.0
2023-12-21,41.446086,-71.621153,0.0
2023-12-22,41.446086,-71.621153,0.0
2023-12-23,41.446086,-71.621153,0.040849089615059855
2023-12-24,41.446086,-71.621153,2.928948921901961
2023-12-25,41.446086,-71.621153,0.0034183090462523574
2023-12-26,41.446086,-71.621153,0.0
2023-12-27,41.446086,-71.621153,10.050444615108523
2023-12-28,41.446086,-71.621153,20.76247118217023
2023-12-29,41.446086,-71.621153,0.936377490021131
2023-12-30,41.446086,-71.621153,0.0034747664716074343
2023-12-31,41.446086,-71.621153,0.0640817558333384
2024-01-01,41.446086,-71.621153,0.3642286345093607
2024-01-02,41.446086,-71.621153,0.0
2024-01-03,41.446086,-71.621153,0.0
2024-01-04,41.446086,-71.621153,1.9095745263396444
2024-01-05,41.446086,-71.621153,0.0
2024-01-06,41.446086,-71.621153,0.5894643045289966
2024-01-07,41.446086,-71.621153,5.659982772235318
2024-01-08,41.446086,-71.621153,0.0
2024-01-09,41.446086,-71.621153,25.947865242654636
2024-01-10,41.446086,-71.621153,110.1675117470673
2024-01-11,41.446086,-71.621153,0.0
2024-01-12,41.446086,-71.621153,0.0
2024-01-13,41.446086,-71.621153,38.568646377004384
2024-01-14,41.446086,-71.621153,0.0
2024-01-15,41.446086,-71.621153,0.10929805964305392
2024-01-16,41.446086,-71.621153,4.256983818728176
2024-01-17,41.446086,-71.621153,0.0
2024-01-18,41.446086,-71.621153,0.0
2024-01-19,41.446086,-71.621153,0.008776370088977907
2024-01-20,41.446086,-71.621153,0.0
2024-01-21,41.446086,-71.621153,0.0
2024-01-22,41.446086,-71.621153,0.4552606901382005
2024-01-23,41.446086,-71.621153,0.7483259699151434
2024-01-24,41.446086,-71.621153,4.675835127552746
2024-01-25,41.446086,-71.621153,14.783324096931121
2024-01-26,41.446086,-71.621153,2.1790410692135294
2024-01-27,41.446086,-71.621153,0.6459359345878504
2024-01-28,41.446086,-71.621153,56.85627122784928
2024-01-29,41.446086,-71.621153,0.2270857146802828
2024-01-30,41.446086,-71.621153,0.0003913999912517254
2024-01-31,41.446086,-71.621153,0.0
2024-02-01,41.446086,-71.621153,5.645742535507674e-05
2024-02-02,41.446086,-71.621153,0.22671058965341084
2024-02-03,41.446086,-71.621153,0.0
2024-02-04,41.446086,-71.621153,0.0
2024-02-05,41.446086,-71.621153,0.0
2024-02-06,41.446086,-71.621153,0.0
2024-02-07,41.446086,-71.621153,0.0
2024-02-08,41.446086,-71.621153,0.0
2024-02-09,41.446086,-71.621153,0.027350059974418615
2024-02-10,41.446086,-71.621153,0.0
2024-02-11,41.446086,-71.621153,0.002540584130462438
2024-02-12,41.446086,-71.621153,0.0
2024-02-13,41.446086,-71.621153,37.28430861080319
2024-02-14,41.446086,-71.621153,0.09105112570078316
2024-02-15,41.446086,-71.621153,0.0006962128254179794
2024-02-16,41.446086,-71.621153,0.03830486230554904
2024-02-17,41.446086,-71.621153,0.12973836009293263
2024-02-18,41.446086,-71.621153,0.0
2024-02-19,41.446086,-71.621153,0.0
2024-02-20,41.446086,-71.621153,0.0
2024-02-21,41.446086,-71.621153,0.0
2024-02-22,41.446086,-71.621153,0.0
2024-02-23,41.446086,-71.621153,6.598824196110164
2024-02-24,41.446086,-71.621153,1.3410849221888805
2024-02-25,41.446086,-71.621153,0.0
2024-02-26,41.446086,-71.621153,0.0015205485193852866
2024-02-27,41.446086,-71.621153,0.003955249496680895
2024-02-28,41.446086,-71.621153,20.356932478535178
2024-02-29,41.446086,-71.621153,12.255946590818004
2024-03-01,41.446086,-71.621153,0.0
2024-03-02,41.446086,-71.621153,37.66444216534678
2024-03-03,41.446086,-71.621153,14.258173086132029
2024-03-04,41.446086,-71.621153,0.0
2024-03-05,41.446086,-71.621153,3.2737784843598754
2024-03-06,41.446086,-71.621153,5.561617652762614
2024-03-07,41.446086,-71.621153,29.517016097588048
2024-03-08,41.446086,-71.621153,0.6142487343261579
2024-03-09,41.446086,-71.621153,3.2896787534146745
2024-03-10,41.446086,-71.621153,21.35518291391928
2024-03-11,41.446086,-71.621153,0.01368963797680103
2024-03-12,41.446086,-71.621153,0.0
2024-03-13,41.446086,-71.621153,0.0
2024-03-14,41.446086,-71.621153,0.05415282223989731
2024-03-15,41.446086,-71.621153,1.2000574601327523
2024-03-16,41.446086,-71.621153,0.0
2024-03-17,41.446086,-71.621153,1.0751104364296535
2024-03-18,41.446086,-71.621153,0.01417876090109213
2024-03-19,41.446086,-71.621153,0.0
2024-03-20,41.446086,-71.621153,5.003062525642146
2024-03-21,41.446086,-71.621153,0.014647934099097079
2024-03-22,41.446086,-71.621153,0.06943878643738985
2024-03-23,41.446086,-71.621153,57.26739277494128
2024-03-24,41.446086,-71.621153,2.342149292406375
2024-03-25,41.446086,-71.621153,0.00467149151604379
2024-03-26,41.446086,-71.621153,0.0006134277064382206
2024-03-27,41.446086,-71.621153,0.5524283060423574
2024-03-28,41.446086,-71.621153,79.52998328867845
2024-03-29,41.446086,-71.621153,53.86000602649351
2024-03-30,41.446086,-71.621153,0.001385990846363071
2024-03-31,41.446086,-71.621153,0.02789191532111359
2024-04-01,41.446086,-71.621153,0.9226986925638473
2024-04-02,41.446086,-71.621153,11.377650486843782
2024-04-03,41.446086,-71.621153,19.57338577294375
2024-04-04,41.446086,-71.621153,17.84042135646003
2024-04-05,41.446086,-71.621153,0.3232740771988824
2024-04-06,41.446086,-71.621153,0.23709426637669528
2024-04-07,41.446086,-71.621153,0.15798100458720152
2024-04-08,41.446086,-71.621153,0.006929953973654437
2024-04-09,41.446086,-71.621153,0.4320999701830337
2024-04-10,41.446086,-71.621153,0.4356097209030636
2024-04-11,41.446086,-71.621153,5.847053865252621
2024-04-12,41.446086,-71.621153,21.147399189303034
2024-04-13,41.446086,-71.621153,0.6149416576554254
2024-04-14,41.446086,-71.621153,7.826154114735818
2024-04-15,41.446086,-71.621153,8.966539554933062
2024-04-16,41.446086,-71.621153,0.033630100143178604
2024-04-17,41.446086,-71.621153,3.4311701583960703
2024-04-18,41.446086,-71.621153,17.285089828507015
2024-04-19,41.446086,-71.621153,0.18835824684145458
2024-04-20,41.446086,-71.621153,6.999616494137053
2024-04-21,41.446086,-71.621153,0.5327663746054481
2024-04-22,41.446086,-71.621153,0.0
2024-04-23,41.446086,-71.621153,0.0
2024-04-24,41.446086,-71.621153,0.688722324697934
2024-04-25,41.446086,-71.621153,0.0
2024-04-26,41.446086,-71.621153,0.0
2024-04-27,41.446086,-71.621153,0.0028848965434362956
2024-04-28,41.446086,-71.621153,6.456239257042677
2024-04-29,41.446086,-71.621153,2.7214101473088803
2024-04-30,41.446086,-71.621153,0.02129798080393033
2024-05-01,41.446086,-71.621153,8.409321970081686
2024-05-02,41.446086,-71.621153,0.0007827999825034508
2024-05-03,41.446086,-71.621153,0.05759295321787236
2024-05-04,41.446086,-71.621153,0.7981140178509317
2024-05-05,41.446086,-71.621153,8.925122384117351
2024-05-06,41.446086,-71.621153,3.467750253365137
2024-05-07,41.446086,-71.621153,0.17640927660617983
2024-05-08,41.446086,-71.621153,19.637234132758017
2024-05-09,41.446086,-71.621153,7.1228130099732665
2024-05-10,41.446086,-71.621153,14.092152090029929
2024-05-11,41.446086,-71.621153,0.0001956999956258627
2024-05-12,41.446086,-71.621153,0.0034183090462523574
2024-05-13,41.446086,-71.621153,0.03581295235211156
2024-05-14,41.446086,-71.621153,0.0
2024-05-15,41.446086,-71.621153,26.285367475418802
2024-05-16,41.446086,-71.621153,40.13139795677746
2024-05-17,41.446086,-71.621153,0.5206805059768406
2024-05-18,41.446086,-71.621153,0.09240852317230984
2024-05-19,41.446086,-71.621153,0.11192248594698398
2024-05-20,41.446086,-71.621153,0.0031010702915111998
2024-05-21,41.446086,-71.621153,0.0
2024-05-22,41.446086,-71.621153,0.0
2024-05-23,41.446086,-71.621153,23.354575551168526
2024-05-24,41.446086,-71.621153,0.004455762248665151
2024-05-25,41.446086,-71.621153,0.0
2024-05-26,41.446086,-71.621153,0.4362773692140898
2024-05-27,41.446086,-71.621153,0.4989903985543037
2024-05-28,41.446086,-71.621153,14.756182169610678
2024-05-29,41.446086,-71.621153,0.0
2024-05-30,41.446086,-71.621153,5.039556563047856
2024-05-31,41.446086,-71.621153,0.353118683840787
2024-06-01,41.446086,-71.621153,0.0
2024-06-02,41.446086,-71.621153,0.0
2024-06-03,41.446086,-71.621153,0.3197390791209013
2024-06-04,41.446086,-71.621153,0.0
2024-06-05,41.446086,-71.621153,0.0009483702723348705
2024-06-06,41.446086,-71.621153,8.157490261338095
2024-06-07,41.446086,-71.621153,0.017526120008499343
2024-06-08,41.446086,-71.621153,0.0
2024-06-09,41.446086,-71.621153,1.0917816021160738
2024-06-10,41.446086,-71.621153,0.07982745328583794
2024-06-11,41.446086,-71.621153,0.0009746980178314546
2024-06-12,41.446086,-71.621153,0.0029240941572381577
2024-06-13,41.446086,-71.621153,0.0
2024-06-14,41.446086,-71.621153,0.17254749299055083
2024-06-15,41.446086,-71.621153,5.380189956699247
2024-06-16,41.446086,-71.621153,0.0
2024-06-17,41.446086,-71.621153,0.023895022517488082
2024-06-18,41.446086,-71.621153,0.003970457307740635
2024-06-19,41.446086,-71.621153,0.00016937227606523048
2024-06-20,41.446086,-71.621153,0.0
2024-06-21,41.446086,-71.621153,12.616249160612028
2024-06-22,41.446086,-71.621153,11.70258632682358
2024-06-23,41.446086,-71.621153,6.118361943161074
2024-06-24,41.446086,-71.621153,6.794767805570843
2024-06-25,41.446086,-71.621153,0.0
2024-06-26,41.446086,-71.621153,0.004363025270118462
2024-06-27,41.446086,-71.621153,37.93749800297661
2024-06-28,41.446086,-71.621153,0.0
2024-06-29,41.446086,-71.621153,0.34867140898698085
2024-06-30,41.446086,-71.621153,14.627078682842603
2024-07-01,41.446086,-71.621153,3.584753262149639
2024-07-02,41.446086,-71.621153,0.0
2024-07-03,41.446086,-71.621153,0.0
2024-07-04,41.446086,-71.621153,0.09684954519510255
2024-07-05,41.446086,-71.621153,0.5238823848286056
2024-07-06,41.446086,-71.621153,7.594410750760655
2024-07-07,41.446086,-71.621153,0.26295981019394926
2024-07-08,41.446086,-71.621153,0.0014424482717181478
2024-07-09,41.446086,-71.621153,0.00045165940284061393
2024-07-10,41.446086,-71.621153,0.0824043129756255
2024-07-11,41.446086,-71.621153,0.01877990556379783
2024-07-12,41.446086,-71.621153,0.025145827987646228
2024-07-13,41.446086,-71.621153,17.872685947744028
2024-07-14,41.446086,-71.621153,0.001385990846363071
2024-07-15,41.446086,-71.621153,0.0031897094035385006
2024-07-16,41.446086,-71.621153,0.0
2024-07-17,41.446086,-71.621153,0.05124554055873791
2024-07-18,41.446086,-71.621153,8.957358825487486
2024-07-19,41.446086,-71.621153,0.0013924256508359588
2024-07-20,41.446086,-71.621153,0.0021565019121823487
2024-07-21,41.446086,-71.621153,2.1332404935340095
2024-07-22,41.446086,-71.621153,0.057313255510563335
2024-07-23,41.446086,-71.621153,8.313977273596882
2024-07-24,41.446086,-71.621153,3.2998835258680845
2024-07-25,41.446086,-71.621153,1.3946472234771363
2024-07-26,41.446086,-71.621153,0.0
2024-07-27,41.446086,-71.621153,0.23266953286547415
2024-07-28,41.446086,-71.621153,4.931873156212139
2024-07-29,41.446086,-71.621153,34.44075383271786
2024-07-30,41.446086,-71.621153,0.010514865881516327
2024-07-31,41.446086,-71.621153,10.387455545476149
2024-08-01,41.446086,-71.621153,0.0035312238969625108
2024-08-02,41.446086,-71.621153,0.05885091727912693
2024-08-03,41.446086,-71.621153,1.4577586108089076
2024-08-04,41.446086,-71.621153,7.486272787821507
2024-08-05,41.446086,-71.621153,2.5718108754629645
2024-08-06,41.446086,-71.621153,3.7020882055012363
2024-08-07,41.446086,-71.621153,16.934382871310383
2024-08-08,41.446086,-71.621153,3.172296202901526
2024-08-09,41.446086,-71.621153,5.1357727230485
2024-08-10,41.446086,-71.621153,4.938288576424584
2024-08-11,41.446086,-71.621153,0.0
2024-08-12,41.446086,-71.621153,0.27688306012495767
2024-08-13,41.446086,-71.621153,0.7198887541506536
2024-08-14,41.446086,-71.621153,0.0
2024-08-15,41.446086,-71.621153,0.9886467951740407
2024-08-16,41.446086,-71.621153,0.12403382368291631
2024-08-17,41.446086,-71.621153,0.0
2024-08-18,41.446086,-71.621153,4.539518203727528
2024-08-19,41.446086,-71.621153,38.40879508811901
2024-08-20,41.446086,-71.621153,0.6234636796823171
2024-08-21,41.446086,-71.621153,0.0
2024-08-22,41.446086,-71.621153,0.0
2024-08-23,41.446086,-71.621153,0.0
2024-08-24,41.446086,-71.621153,0.008962272431704641
2024-08-25,41.446086,-71.621153,0.0
2024-08-26,41.446086,-71.621153,23.765358251508026
2024-08-27,41.446086,-71.621153,0.0
2024-08-28,41.446086,-71.621153,0.014932599039571347
2024-08-29,41.446086,-71.621153,0.07862110615367514
2024-08-30,41.446086,-71.621153,0.0003913999912517254
2024-08-31,41.446086,-71.621153,0.0
2024-09-01,41.446086,-71.621153,8.408254575866922
2024-09-02,41.446086,-71.621153,0.04966269399362279
2024-09-03,41.446086,-71.621153,0.0
2024-09-04,41.446086,-71.621153,0.0
2024-09-05,41.446086,-71.621153,0.0
2024-09-06,41.446086,-71.621153,0.0
2024-09-07,41.446086,-71.621153,0.27841849300418986
2024-09-08,41.446086,-71.621153,0.004924681164740756
2024-09-09,41.446086,-71.621153,0.0
2024-09-10,41.446086,-71.621153,0.0
2024-09-11,41.446086,-71.621153,0.0
2024-09-12,41.446086,-71.621153,0.0
2024-09-13,41.446086,-71.621153,0.0
2024-09-14,41.446086,-71.621153,0.0
2024-09-15,41.446086,-71.621153,0.0
2024-09-16,41.446086,-71.621153,0.0
2024-09-17,41.446086,-71.621153,0.0004177277108123585
2024-09-18,41.446086,-71.621153,0.6255738779332726
2024-09-19,41.446086,-71.621153,0.40606936605564925
2024-09-20,41.446086,-71.621153,10.247919871378471
2024-09-21,41.446086,-71.621153,9.440119888087397
2024-09-22,41.446086,-71.621153,2.889863961111196
2024-09-23,41.446086,-71.621153,1.1530049642794271
2024-09-24,41.446086,-71.621153,0.018017880744559005
2024-09-25,41.446086,-71.621153,0.3323427280545985
2024-09-26,41.446086,-71.621153,4.962733444884288
2024-09-27,41.446086,-71.621153,2.8784910858402917
2024-09-28,41.446086,-71.621153,1.6810281543197931
2024-09-29,41.446086,-71.621153,0.5777330659921806
2024-09-30,41.446086,-71.621153,0.04555195752673724
2024-10-01,41.446086,-71.621153,0.0
2024-10-02,41.446086,-71.621153,0.0
2024-10-03,41.446086,-71.621153,0.0
2024-10-04,41.446086,-71.621153,0.06467364267676885
2024-10-05,41.446086,-71.621153,0.0
2024-10-06,41.446086,-71.621153,0.13752956528086274
2024-10-07,41.446086,-71.621153,20.924211526926168
2024-10-08,41.446086,-71.621153,0.0
2024-10-09,41.446086,-71.621153,0.06190290508372194
2024-10-10,41.446086,-71.621153,0.0
2024-10-11,41.446086,-71.621153,0.0
2024-10-12,41.446086,-71.621153,0.0
2024-10-13,41.446086,-71.621153,0.0
2024-10-14,41.446086,-71.621153,3.337063145220154
2024-10-15,41.446086,-71.621153,0.001670910843249434
2024-10-16,41.446086,-71.621153,0.0
2024-10-17,41.446086,-71.621153,0.0
2024-10-18,41.446086,-71.621153,0.0
2024-10-19,41.446086,-71.621153,0.0
2024-10-20,41.446086,-71.621153,0.0
2024-10-21,41.446086,-71.621153,0.0
2024-10-22,41.446086,-71.621153,0.0
2024-10-23,41.446086,-71.621153,0.0
2024-10-24,41.446086,-71.621153,0.0
2024-10-25,41.446086,-71.621153,0.0
2024-10-26,41.446086,-71.621153,0.0
2024-10-27,41.446086,-71.621153,0.0
2024-10-28,41.446086,-71.621153,0.12634859967124595
2024-10-29,41.446086,-71.621153,0.020509854277514145
2024-10-30,41.446086,-71.621153,2.968022337284917
2024-10-31,41.446086,-71.621153,0.00011291485071015348
2024-11-01,41.446086,-71.621153,0.6055028859283912
2024-11-02,41.446086,-71.621153,0.1924467810971271
2024-11-03,41.446086,-71.621153,0.004064934541437396
2024-11-04,41.446086,-71.621153,0.7124972394672856
2024-11-05,41.446086,-71.621153,0.0022278811243325756
2024-11-06,41.446086,-71.621153,0.0
2024-11-07,41.446086,-71.621153,0.0007339465190999825
2024-11-08,41.446086,-71.621153,0.0
2024-11-09,41.446086,-71.621153,0.21533807485771092
2024-11-10,41.446086,-71.621153,1.0833476884934166
2024-11-11,41.446086,-71.621153,20.79002175675411
2024-11-12,41.446086,-71.621153,0.0
2024-11-13,41.446086,-71.621153,0.0
2024-11-14,41.446086,-71.621153,0.0
2024-11-15,41.446086,-71.621153,0.606231848485499
2024-11-16,41.446086,-71.621153,0.0
2024-11-17,41.446086,-71.621153,0.01367323618500943
2024-11-18,41.446086,-71.621153,5.645742535507674e-05
2024-11-19,41.446086,-71.621153,0.0
2024-11-20,41.446086,-71.621153,0.39043749797622157
2024-11-21,41.446086,-71.621153,37.36105733799094
2024-11-22,41.446086,-71.621153,0.41170921215187567
2024-11-23,41.446086,-71.621153,2.126827657905459
2024-11-24,41.446086,-71.621153,0.32252677396932256
2024-11-25,41.446086,-71.621153,0.0010349573775484404
2024-11-26,41.446086,-71.621153,6.190017559069274
2024-11-27,41.446086,-71.621153,0.0
2024-11-28,41.446086,-71.621153,16.707624532307122
2024-11-29,41.446086,-71.621153,0.0
2024-11-30,41.446086,-71.621153,0.027733678728020152
2024-12-01,41.446086,-71.621153,0.0
2024-12-02,41.446086,-71.621153,0.0008129296988139119
2024-12-03,41.446086,-71.621153,0.014864559338847817
2024-12-04,41.446086,-71.621153,0.4508934627574284
2024-12-05,41.446086,-71.621153,23.05182617492532
2024-12-06,41.446086,-71.621153,0.0
2024-12-07,41.446086,-71.621153,0.4385231037582004
2024-12-08,41.446086,-71.621153,3.087293705233529
2024-12-09,41.446086,-71.621153,13.416978522355027
2024-12-10,41.446086,-71.621153,1.090800843097116
2024-12-11,41.446086,-71.621153,80.75939912883103
2024-12-12,41.446086,-71.621153,25.25188068442062
2024-12-13,41.446086,-71.621153,0.005543963385452284
2024-12-14,41.446086,-71.621153,0.0
2024-12-15,41.446086,-71.621153,0.04693534176257486
2024-12-16,41.446086,-71.621153,8.007156412232838
2024-12-17,41.446086,-71.621153,5.578546140072413
2024-12-18,41.446086,-71.621153,0.5093094997781064
2024-12-19,41.446086,-71.621153,9.600503455355401
2024-12-20,41.446086,-71.621153,9.190108138021015
2024-12-21,41.446086,-71.621153,0.009927765884122723
2024-12-22,41.446086,-71.621153,0.0
2024-12-23,41.446086,-71.621153,0.0
2024-12-24,41.446086,-71.621153,0.9960722563490125
2024-12-25,41.446086,-71.621153,0.0
2024-12-26,41.446086,-71.621153,0.0006962128254179794
2024-12-27,41.446086,-71.621153,0.0
2024-12-28,41.446086,-71.621153,6.528623743077858
2024-12-29,41.446086,-71.621153,0.6483690726170154
2024-12-30,41.446086,-71.621153,20.142713331996067
2024-12-31,41.446086,-71.621153,2.381769788115103
2025-01-01,41.446086,-71.621153,45.69669271263251
2025-01-02,41.446086,-71.621153,0.3517963412838241
2025-01-03,41.446086,-71.621153,0.0
2025-01-04,41.446086,-71.621153,0.0
2025-01-05,41.446086,-71.621153,0.0
2025-01-06,41.446086,-71.621153,0.24065986320073698
2025-01-07,41.446086,-71.621153,0.0
2025-01-08,41.446086,-71.621153,0.0
2025-01-09,41.446086,-71.621153,0.3431485634013991
2025-01-10,41.446086,-71.621153,0.0
2025-01-11,41.446086,-71.621153,0.012645607519759792
2025-01-12,41.446086,-71.621153,0.0
2025-01-13,41.446086,-71.621153,0.002007022277624013
2025-01-14,41.446086,-71.621153,0.0
2025-01-15,41.446086,-71.621153,0.0
2025-01-16,41.446086,-71.621153,0.00039520198800155337
2025-01-17,41.446086,-71.621153,0.0
2025-01-18,41.446086,-71.621153,7.219640259955766
2025-01-19,41.446086,-71.621153,3.2126881188096577
2025-01-20,41.446086,-71.621153,2.9211109531618655
2025-01-21,41.446086,-71.621153,0.0
2025-01-22,41.446086,-71.621153,0.0
2025-01-23,41.446086,-71.621153,0.0
2025-01-24,41.446086,-71.621153,0.0
2025-01-25,41.446086,-71.621153,0.0
2025-01-26,41.446086,-71.621153,0.00013924257027078598
2025-01-27,41.446086,-71.621153,0.0005569702810831439
2025-01-28,41.446086,-71.621153,0.0
2025-01-29,41.446086,-71.621153,0.003276296534688021
2025-01-30,41.446086,-71.621153,0.0034183090462523574
2025-01-31,41.446086,-71.621153,6.721943867525506
2025-02-01,41.446086,-71.621153,43.57140647259959
2025-02-02,41.446086,-71.621153,0.0
2025-02-03,41.446086,-71.621153,0.4631956756355603
2025-02-04,41.446086,-71.621153,0.570501361123116
2025-02-05,41.446086,-71.621153,0.0
2025-02-06,41.446086,-71.621153,4.632413676934529
2025-02-07,41.446086,-71.621153,0.05565272091849395
2025-02-08,41.446086,-71.621153,0.0
2025-02-09,41.446086,-71.621153,2.3052472971257116
2025-02-10,41.446086,-71.621153,0.0
2025-02-11,41.446086,-71.621153,0.0
2025-02-12,41.446086,-71.621153,0.35606885600631955
2025-02-13,41.446086,-71.621153,5.400232447752551
2025-02-14,41.446086,-71.621153,0.0
2025-02-15,41.446086,-71.621153,0.6530117760386025
2025-02-16,41.446086,-71.621153,36.32807424735089
2025-02-17,41.446086,-71.621153,0.0
2025-02-18,41.446086,-71.621153,0.0
2025-02-19,41.446086,-71.621153,0.0
2025-02-20,41.446086,-71.621153,0.0
2025-02-21,41.446086,-71.621153,0.0
2025-02-22,41.446086,-71.621153,0.0
2025-02-23,41.446086,-71.621153,0.0
2025-02-24,41.446086,-71.621153,0.1822904176496113
2025-02-25,41.446086,-71.621153,0.16502735627643225
2025-02-26,41.446086,-71.621153,0.010254927138757072
2025-02-27,41.446086,-71.621153,12.418678507302603
2025-02-28,41.446086,-71.621153,1.32418955508121
2025-03-01,41.446086,-71.621153,0.05448374540218298
2025-03-02,41.446086,-71.621153,0.0
2025-03-03,41.446086,-71.621153,0.0
2025-03-04,41.446086,-71.621153,0.02817258704062634
2025-03-05,41.446086,-71.621153,2.1697028363453104
2025-03-06,41.446086,-71.621153,21.499789664183602
2025-03-07,41.446086,-71.621153,0.0
2025-03-08,41.446086,-71.621153,0.0
2025-03-09,41.446086,-71.621153,0.0
2025-03-10,41.446086,-71.621153,0.009701936182702415
2025-03-11,41.446086,-71.621153,0.0
2025-03-12,41.446086,-71.621153,0.0
2025-03-13,41.446086,-71.621153,0.00022582970142030696
2025-03-14,41.446086,-71.621153,0.01995686228881581
2025-03-15,41.446086,-71.621153,0.017091544594552095
2025-03-16,41.446086,-71.621153,0.03724681343679697
2025-03-17,41.446086,-71.621153,85.20780138870882
2025-03-18,41.446086,-71.621153,6.672464140134511
2025-03-19,41.446086,-71.621153,0.0
2025-03-20,41.446086,-71.621153,0.007992094382262973
2025-03-21,41.446086,-71.621153,8.330391741655333
2025-03-22,41.446086,-71.621153,0.0
2025-03-23,41.446086,-71.621153,0.0
2025-03-24,41.446086,-71.621153,32.84027186189994
2025-03-25,41.446086,-71.621153,2.2953796652666196
2025-03-26,41.446086,-71.621153,0.23664481439661816
2025-03-27,41.446086,-71.621153,0.002289310426527056
2025-03-28,41.446086,-71.621153,0.0
2025-03-29,41.446086,-71.621153,8.659624644432576
2025-03-30,41.446086,-71.621153,3.9351694894979103
2025-03-31,41.446086,-71.621153,1.3591766420004041
2025-04-01,41.446086,-71.621153,11.003151101515732
2025-04-02,41.446086,-71.621153,0.0
2025-04-03,41.446086,-71.621153,3.2724495273090186
2025-04-04,41.446086,-71.621153,1.2844493433853674
2025-04-05,41.446086,-71.621153,2.2892233290979966
2025-04-06,41.446086,-71.621153,13.062954825717359
2025-04-07,41.446086,-71.621153,5.881835270232604
2025-04-08,41.446086,-71.621153,15.244826653215915
2025-04-09,41.446086,-71.621153,0.0
2025-04-10,41.446086,-71.621153,0.037592057003245326
2025-04-11,41.446086,-71.621153,4.85051040841455
2025-04-12,41.446086,-71.621153,12.532536644730131
2025-04-13,41.446086,-71.621153,11.448541756151768
2025-04-14,41.446086,-71.621153,0.05860204659415241
2025-04-15,41.446086,-71.621153,11.610714337747229
2025-04-16,41.446086,-71.621153,0.010335248571726836
2025-04-17,41.446086,-71.621153,0.006836618092504715
2025-04-18,41.446086,-71.621153,0.10794561415628554
2025-04-19,41.446086,-71.621153,0.09501579732975797
2025-04-20,41.446086,-71.621153,0.10530917818004655
2025-04-21,41.446086,-71.621153,0.17404501634641695
2025-04-22,41.446086,-71.621153,1.3836050590194837
2025-04-23,41.446086,-71.621153,0.020509854277514145
2025-04-24,41.446086,-71.621153,0.0
2025-04-25,41.446086,-71.621153,0.001144070293896685
2025-04-26,41.446086,-71.621153,14.766962189723772
2025-04-27,41.446086,-71.621153,1.3006638020537113
2025-04-28,41.446086,-71.621153,0.09988993279441265
2025-04-29,41.446086,-71.621153,0.0
2025-04-30,41.446086,-71.621153,2.9500349903398675
2025-05-01,41.446086,-71.621153,0.0
2025-05-02,41.446086,-71.621153,5.8560286214804815
2025-05-03,41.446086,-71.621153,0.00278865332926161
2025-05-04,41.446086,-71.621153,0.00972151463594101
2025-05-05,41.446086,-71.621153,19.60218940831224
2025-05-06,41.446086,-71.621153,7.614040596479902
2025-05-07,41.446086,-71.621153,0.09092338620429283
2025-05-08,41.446086,-71.621153,0.023911680952768615
2025-05-09,41.446086,-71.621153,49.79846068992472
2025-05-10,41.446086,-71.621153,3.729850957270412
2025-05-11,41.446086,-71.621153,0.0
2025-05-12,41.446086,-71.621153,0.0
2025-05-13,41.446086,-71.621153,0.16675672829745664
2025-05-14,41.446086,-71.621153,0.6478836900832006
2025-05-15,41.446086,-71.621153,19.114684702148693
2025-05-16,41.446086,-71.621153,0.09062965375281791
2025-05-17,41.446086,-71.621153,0.7347550654099545
2025-05-18,41.446086,-71.621153,0.0
2025-05-19,41.446086,-71.621153,0.5347192637128567
2025-05-20,41.446086,-71.621153,0.36299557969104607
2025-05-21,41.446086,-71.621153,3.6982725637505007
2025-05-22,41.446086,-71.621153,69.54309073577234
2025-05-23,41.446086,-71.621153,5.532221946057771
2025-05-24,41.446086,-71.621153,0.042419916435967826
2025-05-25,41.446086,-71.621153,0.02765906458793313
2025-05-26,41.446086,-71.621153,0.0
2025-05-27,41.446086,-71.621153,0.0
2025-05-28,41.446086,-71.621153,4.54062485284341
2025-05-29,41.446086,-71.621153,17.4117121691232
2025-05-30,41.446086,-71.621153,1.3519698210548456
2025-05-31,41.446086,-71.621153,12.017885317711343
2025-06-01,41.446086,-71.621153,0.0
2025-06-02,41.446086,-71.621153,0.0
2025-06-03,41.446086,-71.621153,0.0150592270313725
2025-06-04,41.446086,-71.621153,0.0
2025-06-05,41.446086,-71.621153,0.0006134277064382206
2025-06-06,41.446086,-71.621153,0.36917735916738326
2025-06-07,41.446086,-71.621153,6.083955536434428
2025-06-08,41.446086,-71.621153,0.012473917359106721
2025-06-09,41.446086,-71.621153,1.3041872578380669
2025-06-10,41.446086,-71.621153,8.814831466028924
2025-06-11,41.446086,-71.621153,0.0
2025-06-12,41.446086,-71.621153,0.0005081168597437362
2025-06-13,41.446086,-71.621153,0.006420366355455485
2025-06-14,41.446086,-71.621153,16.603876160984726
2025-06-15,41.446086,-71.621153,0.0030823465086743983
2025-06-16,41.446086,-71.621153,0.0
2025-06-17,41.446086,-71.621153,7.003401521123612
2025-06-18,41.446086,-71.621153,3.414206143415665
2025-06-19,41.446086,-71.621153,0.2165783268020666
2025-06-20,41.446086,-71.621153,0.3277701808186896
2025-06-21,41.446086,-71.621153,0.027917342565894603
2025-06-22,41.446086,-71.621153,1.5140074667130574
2025-06-23,41.446086,-71.621153,0.0
2025-06-24,41.446086,-71.621153,0.0
2025-06-25,41.446086,-71.621153,0.048875998678689636
2025-06-26,41.446086,-71.621153,1.7411608682394024
2025-06-27,41.446086,-71.621153,0.5537852297605569
2025-06-28,41.446086,-71.621153,0.3881035263070641
2025-06-29,41.446086,-71.621153,0.3146037435412456
2025-06-30,41.446086,-71.621153,0.17577668244527522
2025-07-01,41.446086,-71.621153,4.686483276069519
2025-07-02,41.446086,-71.621153,26.64621637104827
2025-07-03,41.446086,-71.621153,0.19427354594013457
2025-07-04,41.446086,-71.621153,1.3292200046773517
2025-07-05,41.446086,-71.621153,0.016747531065106912
2025-07-06,41.446086,-71.621153,0.00027848514054157195
2025-07-07,41.446086,-71.621153,0.6149514277255151
2025-07-08,41.446086,-71.621153,1.2894052805579528
2025-07-09,41.446086,-71.621153,10.899465970852145
2025-07-10,41.446086,-71.621153,32.13571249617133
2025-07-11,41.446086,-71.621153,2.2849616266591752
2025-07-12,41.446086,-71.621153,0.007254345803317073
2025-07-13,41.446086,-71.621153,0.0
2025-07-14,41.446086,-71.621153,0.0
2025-07-15,41.446086,-71.621153,5.1814742716198525
2025-07-16,41.446086,-71.621153,0.001385990846363071
2025-07-17,41.446086,-71.621153,1.1562536439233662
2025-07-18,41.446086,-71.621153,0.0
2025-07-19,41.446086,-71.621153,0.0
2025-07-20,41.446086,-71.621153,1.717708055584444
2025-07-21,41.446086,-71.621153,2.4026403958984064
2025-07-22,41.446086,-71.621153,0.0
2025-07-23,41.446086,-71.621153,0.17983795661651514
2025-07-24,41.446086,-71.621153,0.012982034176786396
2025-07-25,41.446086,-71.621153,18.114148152783734
2025-07-26,41.446086,-71.621153,2.406501918131443
2025-07-27,41.446086,-71.621153,10.49335086868569
2025-07-28,41.446086,-71.621153,0.00401931079075979
2025-07-29,41.446086,-71.621153,0.5512775851217772
2025-07-30,41.446086,-71.621153,0.24797465465631569
2025-07-31,41.446086,-71.621153,0.695286334199509
2025-08-01,41.446086,-71.621153,9.76995475162113
2025-08-02,41.446086,-71.621153,0.0
2025-08-03,41.446086,-71.621153,0.0
2025-08-04,41.446086,-71.621153,0.0
2025-08-05,41.446086,-71.621153,0.0034183090462523574
2025-08-06,41.446086,-71.621153,0.44462598956657606
2025-08-07,41.446086,-71.621153,6.643569223332887
2025-08-08,41.446086,-71.621153,0.0
2025-08-09,41.446086,-71.621153,0.0
2025-08-10,41.446086,-71.621153,0.0
2025-08-11,41.446086,-71.621153,0.0
2025-08-12,41.446086,-71.621153,0.0
2025-08-13,41.446086,-71.621153,1.7728362834272808
2025-08-14,41.446086,-71.621153,1.4316514963964286
2025-08-15,41.446086,-71.621153,0.003202579038420236
2025-08-16,41.446086,-71.621153,0.0
2025-08-17,41.446086,-71.621153,0.21997006701874589
2025-08-18,41.446086,-71.621153,0.17721314217183273
2025-08-19,41.446086,-71.621153,0.09864145713426409
2025-08-20,41.446086,-71.621153,12.056647871143682
2025-08-21,41.446086,-71.621153,24.199634917379193
2025-08-22,41.446086,-71.621153,0.00016937227606523048
2025-08-23,41.446086,-71.621153,0.0
2025-08-24,41.446086,-71.621153,0.11664596398523153
2025-08-25,41.446086,-71.621153,0.03105381627778834
2025-08-26,41.446086,-71.621153,0.0
2025-08-27,41.446086,-71.621153,0.001385990846363071
2025-08-28,41.446086,-71.621153,0.002684512372464544
2025-08-29,41.446086,-71.621153,0.4780252489334541
2025-08-30,41.446086,-71.621153,0.0
2025-08-31,41.446086,-71.621153,0.0
2025-09-01,41.446086,-71.621153,5.580025238417015
2025-09-02,41.446086,-71.621153,0.0
2025-09-03,41.446086,-71.621153,0.0
2025-09-04,41.446086,-71.621153,0.0
2025-09-05,41.446086,-71.621153,3.872184430765146
2025-09-06,41.446086,-71.621153,0.34891064579645903
2025-09-07,41.446086,-71.621153,40.104947500474715
2025-09-08,41.446086,-71.621153,4.875604445433213
2025-09-09,41.446086,-71.621153,0.0
2025-09-10,41.446086,-71.621153,1.76174353180362
2025-09-11,41.446086,-71.621153,0.0
2025-09-12,41.446086,-71.621153,0.0
2025-09-13,41.446086,-71.621153,0.0
2025-09-14,41.446086,-71.621153,0.036131376843077934
2025-09-15,41.446086,-71.621153,0.0
2025-09-16,41.446086,-71.621153,2.578351234661269
2025-09-17,41.446086,-71.621153,0.5321150104829705
2025-09-18,41.446086,-71.621153,0.000978499941677348
2025-09-19,41.446086,-71.621153,0.0
2025-09-20,41.446086,-71.621153,0.0
2025-09-21,41.446086,-71.621153,8.738106894625101
2025-09-22,41.446086,-71.621153,0.0
2025-09-23,41.446086,-71.621153,0.0
2025-09-24,41.446086,-71.621153,3.297724917287231
2025-09-25,41.446086,-71.621153,17.63005543192299
2025-09-26,41.446086,-71.621153,0.12601654436336746
2025-09-27,41.446086,-71.621153,0.008222608938867785
2025-09-28,41.446086,-71.621153,21.57756437274468
2025-09-29,41.446086,-71.621153,0.308730230001221
2025-09-30,41.446086,-71.621153,1.6179593058667812
