date,lat,lon,pr_mm_per_day
2010-01-01,41.943558,-71.899596,1.813671989598513
2010-01-02,41.943558,-71.899596,0.5650636642571442
2010-01-03,41.943558,-71.899596,0.372381090083981
2010-01-04,41.943558,-71.899596,0.5340120999511604
2010-01-05,41.943558,-71.899596,0.0
2010-01-06,41.943558,-71.899596,0.0
2010-01-07,41.943558,-71.899596,0.022525605130913742
2010-01-08,41.943558,-71.899596,0.2634460261573248
2010-01-09,41.943558,-71.899596,0.0
2010-01-10,41.943558,-71.899596,0.0
2010-01-11,41.943558,-71.899596,0.5199186742992444
2010-01-12,41.943558,-71.899596,1.138694277697401
2010-01-13,41.943558,-71.899596,1.702130149534061
2010-01-14,41.943558,-71.899596,0.0
2010-01-15,41.943558,-71.899596,0.05155454854753791
2010-01-16,41.943558,-71.899596,0.0
2010-01-17,41.943558,-71.899596,13.710819459427364
2010-01-18,41.943558,-71.899596,6.724570377877837
2010-01-19,41.943558,-71.899596,0.658518041154037
2010-01-20,41.943558,-71.899596,0.07260365464438288
2010-01-21,41.943558,-71.899596,0.0
2010-01-22,41.943558,-71.899596,0.4668253978468708
2010-01-23,41.943558,-71.899596,0.0
2010-01-24,41.943558,-71.899596,0.01674853712588158
2010-01-25,41.943558,-71.899596,40.6629334368386
2010-01-26,41.943558,-71.899596,2.955112749614075
2010-01-27,41.943558,-71.899596,0.0
2010-01-28,41.943558,-71.899596,0.002435158826751543
2010-01-29,41.943558,-71.899596,0.0
2010-01-30,41.943558,-71.899596,0.6450922410140971
2010-01-31,41.943558,-71.899596,3.241919655202935
2010-02-01,41.943558,-71.899596,0.02071686227544152
2010-02-02,41.943558,-71.899596,0.06031692286694041
2010-02-03,41.943558,-71.899596,0.04762960608452287
2010-02-04,41.943558,-71.899596,0.27548703729037444
2010-02-05,41.943558,-71.899596,0.26091713087574875
2010-02-06,41.943558,-71.899596,0.3002712692694231
2010-02-07,41.943558,-71.899596,0.0
2010-02-08,41.943558,-71.899596,0.0
2010-02-09,41.943558,-71.899596,0.02902593576246043
2010-02-10,41.943558,-71.899596,1.5078940261085503
2010-02-11,41.943558,-71.899596,0.9769783757910965
2010-02-12,41.943558,-71.899596,0.0
2010-02-13,41.943558,-71.899596,0.03753921599105711
2010-02-14,41.943558,-71.899596,2.297480827773495
2010-02-15,41.943558,-71.899596,0.02806739937264466
2010-02-16,41.943558,-71.899596,0.03561989277261398
2010-02-17,41.943558,-71.899596,0.0059662998666428334
2010-02-18,41.943558,-71.899596,0.0003195121299385898
2010-02-19,41.943558,-71.899596,0.022560257092442623
2010-02-20,41.943558,-71.899596,0.0
2010-02-21,41.943558,-71.899596,0.0
2010-02-22,41.943558,-71.899596,0.0
2010-02-23,41.943558,-71.899596,0.3698898344491023
2010-02-24,41.943558,-71.899596,10.714952565069124
2010-02-25,41.943558,-71.899596,18.717227180140615
2010-02-26,41.943558,-71.899596,32.49329042348287
2010-02-27,41.943558,-71.899596,0.0
2010-02-28,41.943558,-71.899596,0.01479582699977506
2010-03-01,41.943558,-71.899596,0.39057168652415153
2010-03-02,41.943558,-71.899596,0.014879484474010248
2010-03-03,41.943558,-71.899596,1.5597080830312846
2010-03-04,41.943558,-71.899596,0.016566082998508015
2010-03-05,41.943558,-71.899596,0.18235340367430536
2010-03-06,41.943558,-71.899596,0.0
2010-03-07,41.943558,-71.899596,0.0
2010-03-08,41.943558,-71.899596,0.0
2010-03-09,41.943558,-71.899596,0.0
2010-03-10,41.943558,-71.899596,0.0
2010-03-11,41.943558,-71.899596,0.25247588371303054
2010-03-12,41.943558,-71.899596,0.0
2010-03-13,41.943558,-71.899596,21.689680739109004
2010-03-14,41.943558,-71.899596,36.641725036910984
2010-03-15,41.943558,-71.899596,8.44036076804586
2010-03-16,41.943558,-71.899596,0.011788708967878165
2010-03-17,41.943558,-71.899596,0.0
2010-03-18,41.943558,-71.899596,0.0
2010-03-19,41.943558,-71.899596,0.0
2010-03-20,41.943558,-71.899596,0.0
2010-03-21,41.943558,-71.899596,0.0
2010-03-22,41.943558,-71.899596,4.633357287281296
2010-03-23,41.943558,-71.899596,73.46638488299496
2010-03-24,41.943558,-71.899596,5.734001005320975
2010-03-25,41.943558,-71.899596,0.0
2010-03-26,41.943558,-71.899596,13.077740907604237
2010-03-27,41.943558,-71.899596,0.0
2010-03-28,41.943558,-71.899596,0.0
2010-03-29,41.943558,-71.899596,108.03158303114941
2010-03-30,41.943558,-71.899596,89.04481590543229
2010-03-31,41.943558,-71.899596,4.8724855736922965
2010-04-01,41.943558,-71.899596,0.0
2010-04-02,41.943558,-71.899596,0.0
2010-04-03,41.943558,-71.899596,0.0
2010-04-04,41.943558,-71.899596,0.0017857832363823195
2010-04-05,41.943558,-71.899596,0.002844773664902021
2010-04-06,41.943558,-71.899596,4.614504590890652
2010-04-07,41.943558,-71.899596,0.0
2010-04-08,41.943558,-71.899596,0.0
2010-04-09,41.943558,-71.899596,11.468667023041657
2010-04-10,41.943558,-71.899596,0.03938434855158336
2010-04-11,41.943558,-71.899596,0.05251397947246808
2010-04-12,41.943558,-71.899596,0.0
2010-04-13,41.943558,-71.899596,1.83913795165271
2010-04-14,41.943558,-71.899596,0.0
2010-04-15,41.943558,-71.899596,0.0
2010-04-16,41.943558,-71.899596,1.4798726914446523
2010-04-17,41.943558,-71.899596,11.33377903458631
2010-04-18,41.943558,-71.899596,0.0
2010-04-19,41.943558,-71.899596,0.0
2010-04-20,41.943558,-71.899596,0.0076020861648363434
2010-04-21,41.943558,-71.899596,0.0
2010-04-22,41.943558,-71.899596,2.2706978290792788
2010-04-23,41.943558,-71.899596,0.0
2010-04-24,41.943558,-71.899596,0.012275740751371821
2010-04-25,41.943558,-71.899596,7.784004164160995
2010-04-26,41.943558,-71.899596,2.5481185127469805
2010-04-27,41.943558,-71.899596,8.138889594621995
2010-04-28,41.943558,-71.899596,0.00480007209303412
2010-04-29,41.943558,-71.899596,0.0
2010-04-30,41.943558,-71.899596,0.026593957441446027
2010-05-01,41.943558,-71.899596,0.0
2010-05-02,41.943558,-71.899596,0.4249010148767226
2010-05-03,41.943558,-71.899596,19.28012361139964
2010-05-04,41.943558,-71.899596,0.5136501734036828
2010-05-05,41.943558,-71.899596,0.0
2010-05-06,41.943558,-71.899596,1.8008880940691605
2010-05-07,41.943558,-71.899596,0.0
2010-05-08,41.943558,-71.899596,17.644958598050728
2010-05-09,41.943558,-71.899596,0.0023577418814083643
2010-05-10,41.943558,-71.899596,0.0
2010-05-11,41.943558,-71.899596,1.6992555106496423
2010-05-12,41.943558,-71.899596,1.7476271289931855
2010-05-13,41.943558,-71.899596,0.0
2010-05-14,41.943558,-71.899596,4.926233967798408
2010-05-15,41.943558,-71.899596,0.0
2010-05-16,41.943558,-71.899596,0.0
2010-05-17,41.943558,-71.899596,0.005960143768965618
2010-05-18,41.943558,-71.899596,18.24604205825272
2010-05-19,41.943558,-71.899596,7.758108427890306
2010-05-20,41.943558,-71.899596,0.0
2010-05-21,41.943558,-71.899596,0.0
2010-05-22,41.943558,-71.899596,0.050520706029276496
2010-05-23,41.943558,-71.899596,1.014760986087348
2010-05-24,41.943558,-71.899596,0.0
2010-05-25,41.943558,-71.899596,0.0
2010-05-26,41.943558,-71.899596,0.0
2010-05-27,41.943558,-71.899596,1.1205920738452113
2010-05-28,41.943558,-71.899596,0.0
2010-05-29,41.943558,-71.899596,0.6911364813232436
2010-05-30,41.943558,-71.899596,0.2074594755323887
2010-05-31,41.943558,-71.899596,0.0
2010-06-01,41.943558,-71.899596,20.623280921775248
2010-06-02,41.943558,-71.899596,0.0
2010-06-03,41.943558,-71.899596,5.445517608199868
2010-06-04,41.943558,-71.899596,0.4894465653969867
2010-06-05,41.943558,-71.899596,5.730838593404813
2010-06-06,41.943558,-71.899596,4.542359201338521
2010-06-07,41.943558,-71.899596,0.0
2010-06-08,41.943558,-71.899596,0.01322201563021793
2010-06-09,41.943558,-71.899596,16.190265929606316
2010-06-10,41.943558,-71.899596,4.195300050507877
2010-06-11,41.943558,-71.899596,0.0001597560649692949
2010-06-12,41.943558,-71.899596,1.0587255356378285
2010-06-13,41.943558,-71.899596,10.393257836836844
2010-06-14,41.943558,-71.899596,0.0
2010-06-15,41.943558,-71.899596,0.0047154837628167285
2010-06-16,41.943558,-71.899596,0.3976038738832526
2010-06-17,41.943558,-71.899596,0.5549206095131765
2010-06-18,41.943558,-71.899596,0.0
2010-06-19,41.943558,-71.899596,0.0
2010-06-20,41.943558,-71.899596,2.548910648835025
2010-06-21,41.943558,-71.899596,0.0
2010-06-22,41.943558,-71.899596,1.6130431974951793
2010-06-23,41.943558,-71.899596,4.742227391622108
2010-06-24,41.943558,-71.899596,1.0624862679471476
2010-06-25,41.943558,-71.899596,0.0006441999856010277
2010-06-26,41.943558,-71.899596,0.7454558260062965
2010-06-27,41.943558,-71.899596,0.15549327269065266
2010-06-28,41.943558,-71.899596,1.3464341528791677
2010-06-29,41.943558,-71.899596,2.68940213667483
2010-06-30,41.943558,-71.899596,0.0
2010-07-01,41.943558,-71.899596,0.0
2010-07-02,41.943558,-71.899596,0.0
2010-07-03,41.943558,-71.899596,0.0
2010-07-04,41.943558,-71.899596,0.7976260727022794
2010-07-05,41.943558,-71.899596,0.0
2010-07-06,41.943558,-71.899596,0.0012987514226497515
2010-07-07,41.943558,-71.899596,0.0009585363898157704
2010-07-08,41.943558,-71.899596,0.0
2010-07-09,41.943558,-71.899596,0.0
2010-07-10,41.943558,-71.899596,10.304776776294348
2010-07-11,41.943558,-71.899596,0.016679513262438956
2010-07-12,41.943558,-71.899596,0.1062108980058119
2010-07-13,41.943558,-71.899596,8.519340721653819
2010-07-14,41.943558,-71.899596,10.417679952138052
2010-07-15,41.943558,-71.899596,0.0
2010-07-16,41.943558,-71.899596,0.0
2010-07-17,41.943558,-71.899596,0.7754510834205477
2010-07-18,41.943558,-71.899596,0.011713541672289919
2010-07-19,41.943558,-71.899596,3.9910602021237565
2010-07-20,41.943558,-71.899596,0.7474918994651774
2010-07-21,41.943558,-71.899596,8.883843751163678
2010-07-22,41.943558,-71.899596,0.8325557739792174
2010-07-23,41.943558,-71.899596,16.357965860673097
2010-07-24,41.943558,-71.899596,18.46241429935753
2010-07-25,41.943558,-71.899596,2.6253561950564643
2010-07-26,41.943558,-71.899596,0.0
2010-07-27,41.943558,-71.899596,0.0
2010-07-28,41.943558,-71.899596,0.0
2010-07-29,41.943558,-71.899596,3.941696753630203
2010-07-30,41.943558,-71.899596,0.0
2010-07-31,41.943558,-71.899596,0.0
2010-08-01,41.943558,-71.899596,0.0
2010-08-02,41.943558,-71.899596,0.0
2010-08-03,41.943558,-71.899596,0.1708553111677557
2010-08-04,41.943558,-71.899596,0.0
2010-08-05,41.943558,-71.899596,11.692900001463096
2010-08-06,41.943558,-71.899596,0.0
2010-08-07,41.943558,-71.899596,0.0
2010-08-08,41.943558,-71.899596,0.0
2010-08-09,41.943558,-71.899596,0.4770662572815396
2010-08-10,41.943558,-71.899596,7.8449992604049035
2010-08-11,41.943558,-71.899596,0.0
2010-08-12,41.943558,-71.899596,1.6916233944657142
2010-08-13,41.943558,-71.899596,1.3745855432313951
2010-08-14,41.943558,-71.899596,0.0
2010-08-15,41.943558,-71.899596,1.5196099241469538
2010-08-16,41.943558,-71.899596,0.6820673448473661
2010-08-17,41.943558,-71.899596,3.458339131248934
2010-08-18,41.943558,-71.899596,6.890071956476228
2010-08-19,41.943558,-71.899596,0.35116034077191605
2010-08-20,41.943558,-71.899596,0.2935786469914743
2010-08-21,41.943558,-71.899596,3.9846287181978215
2010-08-22,41.943558,-71.899596,39.011200070265005
2010-08-23,41.943558,-71.899596,6.869489800805509
2010-08-24,41.943558,-71.899596,0.0
2010-08-25,41.943558,-71.899596,6.053003020994246
2010-08-26,41.943558,-71.899596,0.7609986072727265
2010-08-27,41.943558,-71.899596,0.0
2010-08-28,41.943558,-71.899596,0.0
2010-08-29,41.943558,-71.899596,0.0
2010-08-30,41.943558,-71.899596,0.0
2010-08-31,41.943558,-71.899596,0.0
2010-09-01,41.943558,-71.899596,0.0
2010-09-02,41.943558,-71.899596,0.0
2010-09-03,41.943558,-71.899596,13.043102804704233
2010-09-04,41.943558,-71.899596,14.474903042751059
2010-09-05,41.943558,-71.899596,0.0
2010-09-06,41.943558,-71.899596,0.0
2010-09-07,41.943558,-71.899596,0.2026805910206026
2010-09-08,41.943558,-71.899596,4.9834334655050645
2010-09-09,41.943558,-71.899596,0.0
2010-09-10,41.943558,-71.899596,0.0
2010-09-11,41.943558,-71.899596,0.0
2010-09-12,41.943558,-71.899596,1.9632046000081482
2010-09-13,41.943558,-71.899596,0.01863643098268497
2010-09-14,41.943558,-71.899596,0.0
2010-09-15,41.943558,-71.899596,0.0
2010-09-16,41.943558,-71.899596,2.55185350004872
2010-09-17,41.943558,-71.899596,11.615940475492366
2010-09-18,41.943558,-71.899596,0.0
2010-09-19,41.943558,-71.899596,0.0
2010-09-20,41.943558,-71.899596,0.0
2010-09-21,41.943558,-71.899596,0.0
2010-09-22,41.943558,-71.899596,0.0
2010-09-23,41.943558,-71.899596,0.8294587334848647
2010-09-24,41.943558,-71.899596,0.28724091659712947
2010-09-25,41.943558,-71.899596,0.0
2010-09-26,41.943558,-71.899596,0.24119643489439324
2010-09-27,41.943558,-71.899596,0.6149486988779387
2010-09-28,41.943558,-71.899596,15.593927749534597
2010-09-29,41.943558,-71.899596,0.005362271611279681
2010-09-30,41.943558,-71.899596,1.4506040833757097
2010-10-01,41.943558,-71.899596,11.693487718330939
2010-10-02,41.943558,-71.899596,6.5005885312128715
2010-10-03,41.943558,-71.899596,1.1165264663716574
2010-10-04,41.943558,-71.899596,12.789800829038494
2010-10-05,41.943558,-71.899596,0.0
2010-10-06,41.943558,-71.899596,39.85247260834598
2010-10-07,41.943558,-71.899596,0.0
2010-10-08,41.943558,-71.899596,0.0
2010-10-09,41.943558,-71.899596,0.0
2010-10-10,41.943558,-71.899596,0.0
2010-10-11,41.943558,-71.899596,0.0011182924845419538
2010-10-12,41.943558,-71.899596,2.1751257493338025
2010-10-13,41.943558,-71.899596,0.0
2010-10-14,41.943558,-71.899596,0.21151373697058312
2010-10-15,41.943558,-71.899596,29.30531249948958
2010-10-16,41.943558,-71.899596,0.09430967174302532
2010-10-17,41.943558,-71.899596,0.0009740635669873144
2010-10-18,41.943558,-71.899596,0.007560257427718749
2010-10-19,41.943558,-71.899596,0.00503007371847238
2010-10-20,41.943558,-71.899596,0.8467115293426181
2010-10-21,41.943558,-71.899596,2.7147000801537358
2010-10-22,41.943558,-71.899596,0.0
2010-10-23,41.943558,-71.899596,0.0
2010-10-24,41.943558,-71.899596,3.7067256219063527
2010-10-25,41.943558,-71.899596,7.228263121941664
2010-10-26,41.943558,-71.899596,3.0400959147454136
2010-10-27,41.943558,-71.899596,13.631675819180083
2010-10-28,41.943558,-71.899596,0.0
2010-10-29,41.943558,-71.899596,0.0
2010-10-30,41.943558,-71.899596,0.29267761698694006
2010-10-31,41.943558,-71.899596,0.026788708632602035
2010-11-01,41.943558,-71.899596,0.0
2010-11-02,41.943558,-71.899596,0.0
2010-11-03,41.943558,-71.899596,0.0
2010-11-04,41.943558,-71.899596,22.444755649151155
2010-11-05,41.943558,-71.899596,25.727019773956137
2010-11-06,41.943558,-71.899596,2.1164333650492546
2010-11-07,41.943558,-71.899596,1.8580792791026832
2010-11-08,41.943558,-71.899596,16.40799431200953
2010-11-09,41.943558,-71.899596,0.0
2010-11-10,41.943558,-71.899596,3.145486525885807
2010-11-11,41.943558,-71.899596,0.002320158014032413
2010-11-12,41.943558,-71.899596,0.0
2010-11-13,41.943558,-71.899596,0.0
2010-11-14,41.943558,-71.899596,0.0
2010-11-15,41.943558,-71.899596,0.009355799790881554
2010-11-16,41.943558,-71.899596,2.7478105276040563
2010-11-17,41.943558,-71.899596,25.867958716440885
2010-11-18,41.943558,-71.899596,0.0
2010-11-19,41.943558,-71.899596,0.03869793279119382
2010-11-20,41.943558,-71.899596,0.04343391390149609
2010-11-21,41.943558,-71.899596,0.0
2010-11-22,41.943558,-71.899596,0.5165128916342632
2010-11-23,41.943558,-71.899596,1.5624323005643657
2010-11-24,41.943558,-71.899596,0.0
2010-11-25,41.943558,-71.899596,0.0
2010-11-26,41.943558,-71.899596,9.430427691435499
2010-11-27,41.943558,-71.899596,0.35208983630424656
2010-11-28,41.943558,-71.899596,0.0
2010-11-29,41.943558,-71.899596,0.0
2010-11-30,41.943558,-71.899596,0.9520028794895774
2010-12-01,41.943558,-71.899596,33.781464188336216
2010-12-02,41.943558,-71.899596,0.4099406777461713
2010-12-03,41.943558,-71.899596,0.3426412884563232
2010-12-04,41.943558,-71.899596,0.012190816146135553
2010-12-05,41.943558,-71.899596,0.0
2010-12-06,41.943558,-71.899596,0.0
2010-12-07,41.943558,-71.899596,0.0
2010-12-08,41.943558,-71.899596,0.0
2010-12-09,41.943558,-71.899596,0.0
2010-12-10,41.943558,-71.899596,0.0004870317834936572
2010-12-11,41.943558,-71.899596,0.5302504897367071
2010-12-12,41.943558,-71.899596,26.25677459043809
2010-12-13,41.943558,-71.899596,42.67053562813065
2010-12-14,41.943558,-71.899596,0.0
2010-12-15,41.943558,-71.899596,0.0
2010-12-16,41.943558,-71.899596,0.0
2010-12-17,41.943558,-71.899596,0.0
2010-12-18,41.943558,-71.899596,0.0
2010-12-19,41.943558,-71.899596,0.0006493757113248757
2010-12-20,41.943558,-71.899596,0.6767671485197096
2010-12-21,41.943558,-71.899596,2.0544280419141305
2010-12-22,41.943558,-71.899596,0.0
2010-12-23,41.943558,-71.899596,1.3155605961872745
2010-12-24,41.943558,-71.899596,0.0
2010-12-25,41.943558,-71.899596,0.05805963464458609
2010-12-26,41.943558,-71.899596,1.6798907161651342
2010-12-27,41.943558,-71.899596,0.044999998062849045
2010-12-28,41.943558,-71.899596,0.0
2010-12-29,41.943558,-71.899596,0.07083144197198497
2010-12-30,41.943558,-71.899596,0.0
2010-12-31,41.943558,-71.899596,1.2036241457091275
2011-01-01,41.943558,-71.899596,0.8757970065259562
2011-01-02,41.943558,-71.899596,5.3861990308996095
2011-01-03,41.943558,-71.899596,3.826777285638709
2011-01-04,41.943558,-71.899596,0.0
2011-01-05,41.943558,-71.899596,0.0
2011-01-06,41.943558,-71.899596,0.0
2011-01-07,41.943558,-71.899596,0.052078198892475884
2011-01-08,41.943558,-71.899596,0.13181204391014137
2011-01-09,41.943558,-71.899596,1.5955951151566494
2011-01-10,41.943558,-71.899596,0.0
2011-01-11,41.943558,-71.899596,0.17822480343194824
2011-01-12,41.943558,-71.899596,19.228630260922426
2011-01-13,41.943558,-71.899596,0.7822001729668895
2011-01-14,41.943558,-71.899596,1.4416294425449987
2011-01-15,41.943558,-71.899596,2.1506736822986348
2011-01-16,41.943558,-71.899596,0.8569032461277377
2011-01-17,41.943558,-71.899596,0.08055414803180885
2011-01-18,41.943558,-71.899596,22.53770122261125
2011-01-19,41.943558,-71.899596,1.5564309235656517
2011-01-20,41.943558,-71.899596,0.961027726982313
2011-01-21,41.943558,-71.899596,8.991485038542558
2011-01-22,41.943558,-71.899596,0.07163861118162901
2011-01-23,41.943558,-71.899596,0.09265284652561173
2011-01-24,41.943558,-71.899596,0.0
2011-01-25,41.943558,-71.899596,1.1692859105550617
2011-01-26,41.943558,-71.899596,3.162556664029319
2011-01-27,41.943558,-71.899596,16.414495598938714
2011-01-28,41.943558,-71.899596,1.7264772557441117
2011-01-29,41.943558,-71.899596,0.7690414241078651
2011-01-30,41.943558,-71.899596,0.0
2011-01-31,41.943558,-71.899596,0.0
2011-02-01,41.943558,-71.899596,6.99263906242358
2011-02-02,41.943558,-71.899596,18.49841033035449
2011-02-03,41.943558,-71.899596,0.2535957323431801
2011-02-04,41.943558,-71.899596,0.0
2011-02-05,41.943558,-71.899596,1.6945417930560547
2011-02-06,41.943558,-71.899596,0.012987513742674905
2011-02-07,41.943558,-71.899596,0.0516878678100233
2011-02-08,41.943558,-71.899596,9.38306687882305
2011-02-09,41.943558,-71.899596,0.0
2011-02-10,41.943558,-71.899596,0.30025049281449756
2011-02-11,41.943558,-71.899596,0.0
2011-02-12,41.943558,-71.899596,0.23733428660913602
2011-02-13,41.943558,-71.899596,0.0
2011-02-14,41.943558,-71.899596,0.8331360927543904
2011-02-15,41.943558,-71.899596,0.0006441999856010277
2011-02-16,41.943558,-71.899596,0.030960834045347836
2011-02-17,41.943558,-71.899596,0.0
2011-02-18,41.943558,-71.899596,0.4221657574454555
2011-02-19,41.943558,-71.899596,0.034802368913996844
2011-02-20,41.943558,-71.899596,0.0
2011-02-21,41.943558,-71.899596,0.1734821851022489
2011-02-22,41.943558,-71.899596,0.003388519551321294
2011-02-23,41.943558,-71.899596,0.0
2011-02-24,41.943558,-71.899596,0.0
2011-02-25,41.943558,-71.899596,45.65781225430981
2011-02-26,41.943558,-71.899596,0.47075644853348486
2011-02-27,41.943558,-71.899596,2.0187220645530464
2011-02-28,41.943558,-71.899596,47.700992741396014
2011-03-01,41.943558,-71.899596,1.6800184324225669
2011-03-02,41.943558,-71.899596,0.035253376618997606
2011-03-03,41.943558,-71.899596,0.0
2011-03-04,41.943558,-71.899596,0.0004792681949078852
2011-03-05,41.943558,-71.899596,1.2811959668354695
2011-03-06,41.943558,-71.899596,9.127201166807081
2011-03-07,41.943558,-71.899596,34.75751131268056
2011-03-08,41.943558,-71.899596,0.0
2011-03-09,41.943558,-71.899596,0.0
2011-03-10,41.943558,-71.899596,3.200407868757633
2011-03-11,41.943558,-71.899596,19.99572375110968
2011-03-12,41.943558,-71.899596,0.0
2011-03-13,41.943558,-71.899596,0.0
2011-03-14,41.943558,-71.899596,0.0
2011-03-15,41.943558,-71.899596,0.0047154837628167285
2011-03-16,41.943558,-71.899596,14.34012570567949
2011-03-17,41.943558,-71.899596,0.0
2011-03-18,41.943558,-71.899596,2.5193096392751966
2011-03-19,41.943558,-71.899596,0.2587840810650419
2011-03-20,41.943558,-71.899596,0.0
2011-03-21,41.943558,-71.899596,2.704438741723036
2011-03-22,41.943558,-71.899596,0.0
2011-03-23,41.943558,-71.899596,9.754948912524005
2011-03-24,41.943558,-71.899596,1.4621145299801723
2011-03-25,41.943558,-71.899596,0.0
2011-03-26,41.943558,-71.899596,0.0
2011-03-27,41.943558,-71.899596,0.0011364075250574492
2011-03-28,41.943558,-71.899596,0.0
2011-03-29,41.943558,-71.899596,0.0
2011-03-30,41.943558,-71.899596,0.0
2011-03-31,41.943558,-71.899596,10.546885791315582
2011-04-01,41.943558,-71.899596,4.1324870816681445
2011-04-02,41.943558,-71.899596,2.6683417630986614
2011-04-03,41.943558,-71.899596,0.0
2011-04-04,41.943558,-71.899596,10.734103178838971
2011-04-05,41.943558,-71.899596,1.1324851453210685
2011-04-06,41.943558,-71.899596,0.0
2011-04-07,41.943558,-71.899596,0.053139292337063625
2011-04-08,41.943558,-71.899596,0.5819074235924562
2011-04-09,41.943558,-71.899596,0.006645495856275864
2011-04-10,41.943558,-71.899596,2.183464791357759
2011-04-11,41.943558,-71.899596,0.011600789637998946
2011-04-12,41.943558,-71.899596,14.129012790047508
2011-04-13,41.943558,-71.899596,43.73190620451679
2011-04-14,41.943558,-71.899596,0.009750479655572047
2011-04-15,41.943558,-71.899596,0.0
2011-04-16,41.943558,-71.899596,4.907242861003865
2011-04-17,41.943558,-71.899596,33.10040856954422
2011-04-18,41.943558,-71.899596,0.028856758223698334
2011-04-19,41.943558,-71.899596,6.372260283912249
2011-04-20,41.943558,-71.899596,1.3572446989863811
2011-04-21,41.943558,-71.899596,0.0
2011-04-22,41.943558,-71.899596,0.007877181694795416
2011-04-23,41.943558,-71.899596,17.341972251681167
2011-04-24,41.943558,-71.899596,1.324131692734175
2011-04-25,41.943558,-71.899596,6.3236033078228875
2011-04-26,41.943558,-71.899596,0.0
2011-04-27,41.943558,-71.899596,0.0
2011-04-28,41.943558,-71.899596,2.1476743326384655
2011-04-29,41.943558,-71.899596,0.21184659563985936
2011-04-30,41.943558,-71.899596,0.0
2011-05-01,41.943558,-71.899596,0.0
2011-05-02,41.943558,-71.899596,0.0
2011-05-03,41.943558,-71.899596,0.31751070592814523
2011-05-04,41.943558,-71.899596,5.4540486000159385
2011-05-05,41.943558,-71.899596,1.355047215117386
2011-05-06,41.943558,-71.899596,0.28799882512667163
2011-05-07,41.943558,-71.899596,0.5469633530376972
2011-05-08,41.943558,-71.899596,0.20508301974642362
2011-05-09,41.943558,-71.899596,0.20267246683002288
2011-05-10,41.943558,-71.899596,0.0
2011-05-11,41.943558,-71.899596,0.0
2011-05-12,41.943558,-71.899596,0.0
2011-05-13,41.943558,-71.899596,0.3513556574570091
2011-05-14,41.943558,-71.899596,0.0
2011-05-15,41.943558,-71.899596,19.680529810578992
2011-05-16,41.943558,-71.899596,3.27528022418437
2011-05-17,41.943558,-71.899596,3.4959330440040537
2011-05-18,41.943558,-71.899596,17.890379419928138
2011-05-19,41.943558,-71.899596,5.599735315715779
2011-05-20,41.943558,-71.899596,7.168743464143361
2011-05-21,41.943558,-71.899596,0.2133170567508163
2011-05-22,41.943558,-71.899596,0.3267604178450154
2011-05-23,41.943558,-71.899596,1.6506816599919782
2011-05-24,41.943558,-71.899596,5.65909555257832
2011-05-25,41.943558,-71.899596,0.29310748641124523
2011-05-26,41.943558,-71.899596,0.0
2011-05-27,41.943558,-71.899596,0.24636831915868393
2011-05-28,41.943558,-71.899596,0.0
2011-05-29,41.943558,-71.899596,2.0662510842009265
2011-05-30,41.943558,-71.899596,24.592264061803885
2011-05-31,41.943558,-71.899596,0.0
2011-06-01,41.943558,-71.899596,5.210590107937359
2011-06-02,41.943558,-71.899596,5.594728479844222
2011-06-03,41.943558,-71.899596,0.0
2011-06-04,41.943558,-71.899596,0.049364933010398473
2011-06-05,41.943558,-71.899596,0.0
2011-06-06,41.943558,-71.899596,0.04843399881553832
2011-06-07,41.943558,-71.899596,0.0
2011-06-08,41.943558,-71.899596,0.0008117196089171816
2011-06-09,41.943558,-71.899596,38.85320651258595
2011-06-10,41.943558,-71.899596,2.389043011126798
2011-06-11,41.943558,-71.899596,7.130429064061928
2011-06-12,41.943558,-71.899596,23.51398512378349
2011-06-13,41.943558,-71.899596,0.19965161012520746
2011-06-14,41.943558,-71.899596,0.005838951913568756
2011-06-15,41.943558,-71.899596,0.15084648989833785
2011-06-16,41.943558,-71.899596,0.0
2011-06-17,41.943558,-71.899596,12.713460772863998
2011-06-18,41.943558,-71.899596,3.599749488000079
2011-06-19,41.943558,-71.899596,0.011101020962722774
2011-06-20,41.943558,-71.899596,0.27825111100055444
2011-06-21,41.943558,-71.899596,0.0
2011-06-22,41.943558,-71.899596,5.808367610693745
2011-06-23,41.943558,-71.899596,20.8170765070802
2011-06-24,41.943558,-71.899596,1.645935188121192
2011-06-25,41.943558,-71.899596,0.5737357174899043
2011-06-26,41.943558,-71.899596,2.273914375808326
2011-06-27,41.943558,-71.899596,0.06790466472301954
2011-06-28,41.943558,-71.899596,0.0
2011-06-29,41.943558,-71.899596,3.2774518841349827
2011-06-30,41.943558,-71.899596,0.0
2011-07-01,41.943558,-71.899596,0.0
2011-07-02,41.943558,-71.899596,0.0
2011-07-03,41.943558,-71.899596,3.09294156321707
2011-07-04,41.943558,-71.899596,0.011177592863326386
2011-07-05,41.943558,-71.899596,0.0
2011-07-06,41.943558,-71.899596,0.014696390100538543
2011-07-07,41.943558,-71.899596,1.5389231060935005
2011-07-08,41.943558,-71.899596,23.505741642479634
2011-07-09,41.943558,-71.899596,16.956549915193897
2011-07-10,41.943558,-71.899596,0.0
2011-07-11,41.943558,-71.899596,0.0
2011-07-12,41.943558,-71.899596,0.24798105817623742
2011-07-13,41.943558,-71.899596,0.33058379704275
2011-07-14,41.943558,-71.899596,0.622034348351743
2011-07-15,41.943558,-71.899596,0.0
2011-07-16,41.943558,-71.899596,0.1151954990724715
2011-07-17,41.943558,-71.899596,0.0
2011-07-18,41.943558,-71.899596,2.5520379990775544
2011-07-19,41.943558,-71.899596,0.031056063394029443
2011-07-20,41.943558,-71.899596,0.0
2011-07-21,41.943558,-71.899596,0.02357741793575633
2011-07-22,41.943558,-71.899596,0.009280632056129652
2011-07-23,41.943558,-71.899596,0.208387815349431
2011-07-24,41.943558,-71.899596,3.4786052933029756
2011-07-25,41.943558,-71.899596,8.86553122460555
2011-07-26,41.943558,-71.899596,5.996920498570505
2011-07-27,41.943558,-71.899596,0.0
2011-07-28,41.943558,-71.899596,0.0022728150501148984
2011-07-29,41.943558,-71.899596,0.19124239479935365
2011-07-30,41.943558,-71.899596,0.0
2011-07-31,41.943558,-71.899596,0.0
2011-08-01,41.943558,-71.899596,2.9415750279795936
2011-08-02,41.943558,-71.899596,0.20472148356634784
2011-08-03,41.943558,-71.899596,1.3072250072034715
2011-08-04,41.943558,-71.899596,2.0928817428237685
2011-08-05,41.943558,-71.899596,0.0
2011-08-06,41.943558,-71.899596,1.8598192957849629
2011-08-07,41.943558,-71.899596,13.97488374399381
2011-08-08,41.943558,-71.899596,1.3121136409601661
2011-08-09,41.943558,-71.899596,10.738817842194551
2011-08-10,41.943558,-71.899596,6.822284811887334
2011-08-11,41.943558,-71.899596,0.0
2011-08-12,41.943558,-71.899596,0.0
2011-08-13,41.943558,-71.899596,2.752469651102366
2011-08-14,41.943558,-71.899596,27.41902075444698
2011-08-15,41.943558,-71.899596,55.23243223914727
2011-08-16,41.943558,-71.899596,0.044318940427765914
2011-08-17,41.943558,-71.899596,0.0
2011-08-18,41.943558,-71.899596,0.42429828124390934
2011-08-19,41.943558,-71.899596,0.07475543491428374
2011-08-20,41.943558,-71.899596,1.42356685359277
2011-08-21,41.943558,-71.899596,11.543598660900747
2011-08-22,41.943558,-71.899596,11.30003763526888
2011-08-23,41.943558,-71.899596,0.2668555431087818
2011-08-24,41.943558,-71.899596,0.0
2011-08-25,41.943558,-71.899596,2.561541917699821
2011-08-26,41.943558,-71.899596,0.5503730258245731
2011-08-27,41.943558,-71.899596,21.314827653752936
2011-08-28,41.943558,-71.899596,60.747094367554794
2011-08-29,41.943558,-71.899596,0.0
2011-08-30,41.943558,-71.899596,0.0
2011-08-31,41.943558,-71.899596,0.0
2011-09-01,41.943558,-71.899596,0.4140404410067514
2011-09-02,41.943558,-71.899596,0.0
2011-09-03,41.943558,-71.899596,0.0
2011-09-04,41.943558,-71.899596,0.0
2011-09-05,41.943558,-71.899596,0.07492317443659466
2011-09-06,41.943558,-71.899596,28.081976250332076
2011-09-07,41.943558,-71.899596,15.014504456272686
2011-09-08,41.943558,-71.899596,45.02060853076459
2011-09-09,41.943558,-71.899596,0.19794137654554922
2011-09-10,41.943558,-71.899596,0.0
2011-09-11,41.943558,-71.899596,0.0
2011-09-12,41.943558,-71.899596,0.0067278698287396585
2011-09-13,41.943558,-71.899596,0.0
2011-09-14,41.943558,-71.899596,0.0
2011-09-15,41.943558,-71.899596,0.750410501911605
2011-09-16,41.943558,-71.899596,0.3004965612794922
2011-09-17,41.943558,-71.899596,0.17921170280675042
2011-09-18,41.943558,-71.899596,0.0
2011-09-19,41.943558,-71.899596,0.0
2011-09-20,41.943558,-71.899596,1.0818653002128296
2011-09-21,41.943558,-71.899596,0.0
2011-09-22,41.943558,-71.899596,0.42170748136341796
2011-09-23,41.943558,-71.899596,24.67909099042812
2011-09-24,41.943558,-71.899596,42.27106710814003
2011-09-25,41.943558,-71.899596,6.907801863233051
2011-09-26,41.943558,-71.899596,0.7004489340278923
2011-09-27,41.943558,-71.899596,0.0
2011-09-28,41.943558,-71.899596,0.023539834507544034
2011-09-29,41.943558,-71.899596,8.006590752088314
2011-09-30,41.943558,-71.899596,0.013404384687843494
2011-10-01,41.943558,-71.899596,5.333114990701475
2011-10-02,41.943558,-71.899596,0.0
2011-10-03,41.943558,-71.899596,1.1115057186107618
2011-10-04,41.943558,-71.899596,9.454505958204516
2011-10-05,41.943558,-71.899596,0.19926450617435626
2011-10-06,41.943558,-71.899596,0.0
2011-10-07,41.943558,-71.899596,0.0
2011-10-08,41.943558,-71.899596,0.0
2011-10-09,41.943558,-71.899596,0.0
2011-10-10,41.943558,-71.899596,0.0
2011-10-11,41.943558,-71.899596,0.009280632056129652
2011-10-12,41.943558,-71.899596,6.49056274496836
2011-10-13,41.943558,-71.899596,25.31778686420052
2011-10-14,41.943558,-71.899596,24.702171653413025
2011-10-15,41.943558,-71.899596,1.5775858126599867
2011-10-16,41.943558,-71.899596,0.581187092670019
2011-10-17,41.943558,-71.899596,2.266561766629764
2011-10-18,41.943558,-71.899596,0.00032468785566243787
2011-10-19,41.943558,-71.899596,34.49533177628241
2011-10-20,41.943558,-71.899596,12.61070502489353
2011-10-21,41.943558,-71.899596,0.0
2011-10-22,41.943558,-71.899596,0.0
2011-10-23,41.943558,-71.899596,0.0
2011-10-24,41.943558,-71.899596,0.0631653151211757
2011-10-25,41.943558,-71.899596,0.0
2011-10-26,41.943558,-71.899596,0.2949255557761133
2011-10-27,41.943558,-71.899596,13.752969713498592
2011-10-28,41.943558,-71.899596,0.01196686931039313
2011-10-29,41.943558,-71.899596,22.459296627672042
2011-10-30,41.943558,-71.899596,1.6026569961597303
2011-10-31,41.943558,-71.899596,0.0
2011-11-01,41.943558,-71.899596,0.3303408435642432
2011-11-02,41.943558,-71.899596,0.0
2011-11-03,41.943558,-71.899596,0.0
2011-11-04,41.943558,-71.899596,0.3150602546143742
2011-11-05,41.943558,-71.899596,0.0
2011-11-06,41.943558,-71.899596,0.0
2011-11-07,41.943558,-71.899596,0.0
2011-11-08,41.943558,-71.899596,0.0
2011-11-09,41.943558,-71.899596,0.0
2011-11-10,41.943558,-71.899596,9.741869276621532
2011-11-11,41.943558,-71.899596,0.0
2011-11-12,41.943558,-71.899596,0.0
2011-11-13,41.943558,-71.899596,0.8708621070546267
2011-11-14,41.943558,-71.899596,0.6761028936362622
2011-11-15,41.943558,-71.899596,3.2660553586118244
2011-11-16,41.943558,-71.899596,14.796004553897838
2011-11-17,41.943558,-71.899596,12.245561487829995
2011-11-18,41.943558,-71.899596,0.3443391358097203
2011-11-19,41.943558,-71.899596,0.19315155673011283
2011-11-20,41.943558,-71.899596,0.002639670143971003
2011-11-21,41.943558,-71.899596,3.987317060875441
2011-11-22,41.943558,-71.899596,0.0
2011-11-23,41.943558,-71.899596,47.63234723761669
2011-11-24,41.943558,-71.899596,0.0
2011-11-25,41.943558,-71.899596,0.0
2011-11-26,41.943558,-71.899596,0.0
2011-11-27,41.943558,-71.899596,1.083355160372815
2011-11-28,41.943558,-71.899596,2.10890480229906
2011-11-29,41.943558,-71.899596,0.23213952496946771
2011-11-30,41.943558,-71.899596,31.786839306899793
2011-12-01,41.943558,-71.899596,0.0
2011-12-02,41.943558,-71.899596,0.0
2011-12-03,41.943558,-71.899596,0.0
2011-12-04,41.943558,-71.899596,0.0
2011-12-05,41.943558,-71.899596,0.0
2011-12-06,41.943558,-71.899596,11.199498618734934
2011-12-07,41.943558,-71.899596,36.30815593821678
2011-12-08,41.943558,-71.899596,12.39839089409005
2011-12-09,41.943558,-71.899596,0.0
2011-12-10,41.943558,-71.899596,0.89809494587519
2011-12-11,41.943558,-71.899596,0.0
2011-12-12,41.943558,-71.899596,0.534599329687877
2011-12-13,41.943558,-71.899596,0.5801044065299559
2011-12-14,41.943558,-71.899596,0.0
2011-12-15,41.943558,-71.899596,5.018873177534842
2011-12-16,41.943558,-71.899596,0.4488294627411078
2011-12-17,41.943558,-71.899596,0.8671419729407863
2011-12-18,41.943558,-71.899596,0.0
2011-12-19,41.943558,-71.899596,0.0
2011-12-20,41.943558,-71.899596,0.8264715064035557
2011-12-21,41.943558,-71.899596,5.186098111608577
2011-12-22,41.943558,-71.899596,1.0815573627720305
2011-12-23,41.943558,-71.899596,23.78239051679439
2011-12-24,41.943558,-71.899596,0.284083569854562
2011-12-25,41.943558,-71.899596,0.0
2011-12-26,41.943558,-71.899596,0.010276752313321372
2011-12-27,41.943558,-71.899596,3.401441040685399
2011-12-28,41.943558,-71.899596,10.179564772543747
2011-12-29,41.943558,-71.899596,0.0
2011-12-30,41.943558,-71.899596,0.0530320140251358
2011-12-31,41.943558,-71.899596,4.301887486704436
2012-01-01,41.943558,-71.899596,0.0
2012-01-02,41.943558,-71.899596,2.4746049513460457
2012-01-03,41.943558,-71.899596,0.0
2012-01-04,41.943558,-71.899596,0.0
2012-01-05,41.943558,-71.899596,0.0
2012-01-06,41.943558,-71.899596,0.35699693823098316
2012-01-07,41.943558,-71.899596,0.02121967649351162
2012-01-08,41.943558,-71.899596,0.35537004615607615
2012-01-09,41.943558,-71.899596,0.0
2012-01-10,41.943558,-71.899596,0.12987548848414482
2012-01-11,41.943558,-71.899596,0.0
2012-01-12,41.943558,-71.899596,32.46016099547049
2012-01-13,41.943558,-71.899596,0.028574358205843427
2012-01-14,41.943558,-71.899596,0.0
2012-01-15,41.943558,-71.899596,0.0
2012-01-16,41.943558,-71.899596,0.0
2012-01-17,41.943558,-71.899596,3.6408979660630387
2012-01-18,41.943558,-71.899596,0.0030071175927332407
2012-01-19,41.943558,-71.899596,0.03735163500906824
2012-01-20,41.943558,-71.899596,1.120689551567743
2012-01-21,41.943558,-71.899596,9.028590524809267
2012-01-22,41.943558,-71.899596,0.1478777937607446
2012-01-23,41.943558,-71.899596,3.14215214026812
2012-01-24,41.943558,-71.899596,5.311426034452179
2012-01-25,41.943558,-71.899596,0.03963386862601715
2012-01-26,41.943558,-71.899596,4.833036832322641
2012-01-27,41.943558,-71.899596,30.21584968272511
2012-01-28,41.943558,-71.899596,0.3140576934638626
2012-01-29,41.943558,-71.899596,0.0
2012-01-30,41.943558,-71.899596,0.03536612690363449
2012-01-31,41.943558,-71.899596,0.02121967649351162
2012-02-01,41.943558,-71.899596,0.0
2012-02-02,41.943558,-71.899596,0.16650364838401738
2012-02-03,41.943558,-71.899596,0.0
2012-02-04,41.943558,-71.899596,0.0
2012-02-05,41.943558,-71.899596,0.0
2012-02-06,41.943558,-71.899596,0.41289716910811036
2012-02-07,41.943558,-71.899596,0.0
2012-02-08,41.943558,-71.899596,0.11388963293454703
2012-02-09,41.943558,-71.899596,0.23529624831715967
2012-02-10,41.943558,-71.899596,0.0
2012-02-11,41.943558,-71.899596,1.1455533370222135
2012-02-12,41.943558,-71.899596,0.07479834836554107
2012-02-13,41.943558,-71.899596,0.0
2012-02-14,41.943558,-71.899596,0.0
2012-02-15,41.943558,-71.899596,0.0
2012-02-16,41.943558,-71.899596,2.840505250489057
2012-02-17,41.943558,-71.899596,0.8549184398096752
2012-02-18,41.943558,-71.899596,0.0
2012-02-19,41.943558,-71.899596,0.03632212691289055
2012-02-20,41.943558,-71.899596,0.0004792681949078852
2012-02-21,41.943558,-71.899596,0.7725176773457197
2012-02-22,41.943558,-71.899596,0.0
2012-02-23,41.943558,-71.899596,0.03465061919335573
2012-02-24,41.943558,-71.899596,4.950371419585454
2012-02-25,41.943558,-71.899596,8.610688177465924
2012-02-26,41.943558,-71.899596,0.0
2012-02-27,41.943558,-71.899596,0.0
2012-02-28,41.943558,-71.899596,0.0007987802950895885
2012-02-29,41.943558,-71.899596,4.747722190592101
2012-03-01,41.943558,-71.899596,6.017368955370086
2012-03-02,41.943558,-71.899596,0.012239813897876126
2012-03-03,41.943558,-71.899596,12.574680186323448
2012-03-04,41.943558,-71.899596,0.9667691191274637
2012-03-05,41.943558,-71.899596,0.3779936504766538
2012-03-06,41.943558,-71.899596,0.0
2012-03-07,41.943558,-71.899596,0.0
2012-03-08,41.943558,-71.899596,0.0
2012-03-09,41.943558,-71.899596,4.55148523953988
2012-03-10,41.943558,-71.899596,0.0
2012-03-11,41.943558,-71.899596,0.0
2012-03-12,41.943558,-71.899596,0.003331805887559336
2012-03-13,41.943558,-71.899596,0.8007656716225411
2012-03-14,41.943558,-71.899596,0.0
2012-03-15,41.943558,-71.899596,0.0
2012-03-16,41.943558,-71.899596,1.043166968575187
2012-03-17,41.943558,-71.899596,0.0
2012-03-18,41.943558,-71.899596,0.0
2012-03-19,41.943558,-71.899596,0.0
2012-03-20,41.943558,-71.899596,0.0
2012-03-21,41.943558,-71.899596,0.0
2012-03-22,41.943558,-71.899596,0.0
2012-03-23,41.943558,-71.899596,0.0
2012-03-24,41.943558,-71.899596,0.7063823952520275
2012-03-25,41.943558,-71.899596,6.401461535840532
2012-03-26,41.943558,-71.899596,0.31164619870053767
2012-03-27,41.943558,-71.899596,0.004640316028064826
2012-03-28,41.943558,-71.899596,7.7665548112827345
2012-03-29,41.943558,-71.899596,0.08421777318913756
2012-03-30,41.943558,-71.899596,0.0
2012-03-31,41.943558,-71.899596,3.914763728565399
2012-04-01,41.943558,-71.899596,2.0898582626334585
2012-04-02,41.943558,-71.899596,0.5916168409973348
2012-04-03,41.943558,-71.899596,0.0
2012-04-04,41.943558,-71.899596,0.0
2012-04-05,41.943558,-71.899596,0.0
2012-04-06,41.943558,-71.899596,0.0
2012-04-07,41.943558,-71.899596,0.0
2012-04-08,41.943558,-71.899596,0.0014610953202420572
2012-04-09,41.943558,-71.899596,0.0
2012-04-10,41.943558,-71.899596,0.06736142793129463
2012-04-11,41.943558,-71.899596,0.029097536192755555
2012-04-12,41.943558,-71.899596,7.1963902080843845
2012-04-13,41.943558,-71.899596,0.0014429803402043915
2012-04-14,41.943558,-71.899596,0.6015279449972197
2012-04-15,41.943558,-71.899596,2.8488567829384084
2012-04-16,41.943558,-71.899596,0.016241106530390004
2012-04-17,41.943558,-71.899596,0.0
2012-04-18,41.943558,-71.899596,0.15050518390798906
2012-04-19,41.943558,-71.899596,0.27008382365226924
2012-04-20,41.943558,-71.899596,0.0
2012-04-21,41.943558,-71.899596,0.0
2012-04-22,41.943558,-71.899596,29.827129093178296
2012-04-23,41.943558,-71.899596,41.231807834029496
2012-04-24,41.943558,-71.899596,0.0
2012-04-25,41.943558,-71.899596,0.3219146595970161
2012-04-26,41.943558,-71.899596,0.0
2012-04-27,41.943558,-71.899596,2.2455233409114896
2012-04-28,41.943558,-71.899596,0.0
2012-04-29,41.943558,-71.899596,0.40603487998618654
2012-04-30,41.943558,-71.899596,0.0023577418814083643
2012-05-01,41.943558,-71.899596,16.160626512198593
2012-05-02,41.943558,-71.899596,0.0006390242598771796
2012-05-03,41.943558,-71.899596,3.282665437587958
2012-05-04,41.943558,-71.899596,2.0649750631198165
2012-05-05,41.943558,-71.899596,0.08384534141332908
2012-05-06,41.943558,-71.899596,0.1874457585106752
2012-05-07,41.943558,-71.899596,0.0
2012-05-08,41.943558,-71.899596,11.230446042256881
2012-05-09,41.943558,-71.899596,16.40940073711344
2012-05-10,41.943558,-71.899596,24.771218647466306
2012-05-11,41.943558,-71.899596,0.0
2012-05-12,41.943558,-71.899596,0.0
2012-05-13,41.943558,-71.899596,4.835612715891233
2012-05-14,41.943558,-71.899596,1.8798991145781259
2012-05-15,41.943558,-71.899596,11.056716736847031
2012-05-16,41.943558,-71.899596,1.0960121083456054
2012-05-17,41.943558,-71.899596,0.0074626450754678685
2012-05-18,41.943558,-71.899596,0.0
2012-05-19,41.943558,-71.899596,0.0
2012-05-20,41.943558,-71.899596,0.0
2012-05-21,41.943558,-71.899596,0.004837655960410072
2012-05-22,41.943558,-71.899596,13.553379087377621
2012-05-23,41.943558,-71.899596,0.0
2012-05-24,41.943558,-71.899596,0.12269518985472426
2012-05-25,41.943558,-71.899596,0.27869123396804485
2012-05-26,41.943558,-71.899596,0.012940242542059027
2012-05-27,41.943558,-71.899596,0.007542177419064281
2012-05-28,41.943558,-71.899596,1.4160005414755996
2012-05-29,41.943558,-71.899596,0.0
2012-05-30,41.943558,-71.899596,5.279109281463173
2012-05-31,41.943558,-71.899596,0.01593485758994309
2012-06-01,41.943558,-71.899596,0.007882357420519263
2012-06-02,41.943558,-71.899596,18.923266396028765
2012-06-03,41.943558,-71.899596,4.131412051589814
2012-06-04,41.943558,-71.899596,0.505477549684825
2012-06-05,41.943558,-71.899596,0.1043119637588841
2012-06-06,41.943558,-71.899596,0.7289494284950113
2012-06-07,41.943558,-71.899596,1.7428320075997175
2012-06-08,41.943558,-71.899596,0.3941868867004146
2012-06-09,41.943558,-71.899596,3.5326517767343124
2012-06-10,41.943558,-71.899596,0.008413805803992438
2012-06-11,41.943558,-71.899596,0.0
2012-06-12,41.943558,-71.899596,2.7600988816920395
2012-06-13,41.943558,-71.899596,16.82197462301737
2012-06-14,41.943558,-71.899596,0.0
2012-06-15,41.943558,-71.899596,0.0
2012-06-16,41.943558,-71.899596,0.0
2012-06-17,41.943558,-71.899596,0.0
2012-06-18,41.943558,-71.899596,0.0
2012-06-19,41.943558,-71.899596,0.0
2012-06-20,41.943558,-71.899596,0.0
2012-06-21,41.943558,-71.899596,0.0
2012-06-22,41.943558,-71.899596,16.377475573131115
2012-06-23,41.943558,-71.899596,4.882236307691809
2012-06-24,41.943558,-71.899596,0.14246923512921447
2012-06-25,41.943558,-71.899596,34.681587883205
2012-06-26,41.943558,-71.899596,0.8647486234159608
2012-06-27,41.943558,-71.899596,0.002320158014032413
2012-06-28,41.943558,-71.899596,0.0
2012-06-29,41.943558,-71.899596,0.8771048199720742
2012-06-30,41.943558,-71.899596,0.0
2012-07-01,41.943558,-71.899596,8.90141238769741
2012-07-02,41.943558,-71.899596,0.3896235025013655
2012-07-03,41.943558,-71.899596,1.3812289229954817
2012-07-04,41.943558,-71.899596,4.632660806840219
2012-07-05,41.943558,-71.899596,0.1495349372566057
2012-07-06,41.943558,-71.899596,2.542730236208865
2012-07-07,41.943558,-71.899596,3.8767651479533205
2012-07-08,41.943558,-71.899596,0.0
2012-07-09,41.943558,-71.899596,0.0
2012-07-10,41.943558,-71.899596,0.0
2012-07-11,41.943558,-71.899596,0.0
2012-07-12,41.943558,-71.899596,0.08799307262797351
2012-07-13,41.943558,-71.899596,0.7894464831475414
2012-07-14,41.943558,-71.899596,4.203762177658273
2012-07-15,41.943558,-71.899596,1.7885826321648328
2012-07-16,41.943558,-71.899596,4.890929201161757
2012-07-17,41.943558,-71.899596,0.0011364075250574492
2012-07-18,41.943558,-71.899596,10.652069580479807
2012-07-19,41.943558,-71.899596,0.2769402514374886
2012-07-20,41.943558,-71.899596,16.262981078891904
2012-07-21,41.943558,-71.899596,0.18329259644132403
2012-07-22,41.943558,-71.899596,0.0
2012-07-23,41.943558,-71.899596,4.9333828093671475
2012-07-24,41.943558,-71.899596,1.2690703607560605
2012-07-25,41.943558,-71.899596,0.46218225827287107
2012-07-26,41.943558,-71.899596,1.145200303313487
2012-07-27,41.943558,-71.899596,5.461244456106386
2012-07-28,41.943558,-71.899596,6.63929814084474
2012-07-29,41.943558,-71.899596,2.8540738015157907
2012-07-30,41.943558,-71.899596,0.0007987802950895885
2012-07-31,41.943558,-71.899596,2.965334566404211
2012-08-01,41.943558,-71.899596,1.0888051552115623
2012-08-02,41.943558,-71.899596,4.69706888798695
2012-08-03,41.943558,-71.899596,0.0017857832363823195
2012-08-04,41.943558,-71.899596,0.0
2012-08-05,41.943558,-71.899596,12.421453594428447
2012-08-06,41.943558,-71.899596,3.9820724841078006
2012-08-07,41.943558,-71.899596,0.9791699045197491
2012-08-08,41.943558,-71.899596,0.41840575210832787
2012-08-09,41.943558,-71.899596,0.0
2012-08-10,41.943558,-71.899596,20.000516969830848
2012-08-11,41.943558,-71.899596,0.4975879385489313
2012-08-12,41.943558,-71.899596,1.047701923396123
2012-08-13,41.943558,-71.899596,0.0
2012-08-14,41.943558,-71.899596,0.23476806349200074
2012-08-15,41.943558,-71.899596,18.899993213230292
2012-08-16,41.943558,-71.899596,9.088997972135495
2012-08-17,41.943558,-71.899596,0.0
2012-08-18,41.943558,-71.899596,23.582943472330687
2012-08-19,41.943558,-71.899596,0.0
2012-08-20,41.943558,-71.899596,0.7072490127569855
2012-08-21,41.943558,-71.899596,5.843446200297514
2012-08-22,41.943558,-71.899596,0.1721054298950963
2012-08-23,41.943558,-71.899596,0.0024799140790017077
2012-08-24,41.943558,-71.899596,0.0024799140790017077
2012-08-25,41.943558,-71.899596,0.005040171618479167
2012-08-26,41.943558,-71.899596,0.0
2012-08-27,41.943558,-71.899596,0.40101656758112664
2012-08-28,41.943558,-71.899596,10.443213116043951
2012-08-29,41.943558,-71.899596,0.0
2012-08-30,41.943558,-71.899596,0.0
2012-08-31,41.943558,-71.899596,0.0
2012-09-01,41.943558,-71.899596,0.1301241659760118
2012-09-02,41.943558,-71.899596,0.10839568580344859
2012-09-03,41.943558,-71.899596,0.0
2012-09-04,41.943558,-71.899596,4.586253467927642
2012-09-05,41.943558,-71.899596,22.348980519213104
2012-09-06,41.943558,-71.899596,0.6789656090916772
2012-09-07,41.943558,-71.899596,0.0
2012-09-08,41.943558,-71.899596,0.0
2012-09-09,41.943558,-71.899596,16.745715042024706
2012-09-10,41.943558,-71.899596,0.0
2012-09-11,41.943558,-71.899596,0.0
2012-09-12,41.943558,-71.899596,0.0
2012-09-13,41.943558,-71.899596,0.0
2012-09-14,41.943558,-71.899596,0.0
2012-09-15,41.943558,-71.899596,5.332376472988056
2012-09-16,41.943558,-71.899596,0.0
2012-09-17,41.943558,-71.899596,0.0
2012-09-18,41.943558,-71.899596,0.8806587616345598
2012-09-19,41.943558,-71.899596,14.56987088255457
2012-09-20,41.943558,-71.899596,0.0
2012-09-21,41.943558,-71.899596,4.932755653908302
2012-09-22,41.943558,-71.899596,0.0
2012-09-23,41.943558,-71.899596,0.8074065755067166
2012-09-24,41.943558,-71.899596,0.0
2012-09-25,41.943558,-71.899596,0.0
2012-09-26,41.943558,-71.899596,0.613291968804926
2012-09-27,41.943558,-71.899596,0.24317583077175037
2012-09-28,41.943558,-71.899596,30.216431005670234
2012-09-29,41.943558,-71.899596,12.451733733828252
2012-09-30,41.943558,-71.899596,7.33901407302608
2012-10-01,41.943558,-71.899596,0.0
2012-10-02,41.943558,-71.899596,17.178826293288704
2012-10-03,41.943558,-71.899596,4.3578698124340045
2012-10-04,41.943558,-71.899596,0.9534916869386824
2012-10-05,41.943558,-71.899596,6.859415912147354
2012-10-06,41.943558,-71.899596,0.3509635913501732
2012-10-07,41.943558,-71.899596,7.206661982570666
2012-10-08,41.943558,-71.899596,1.698396335998052
2012-10-09,41.943558,-71.899596,30.7549275919426
2012-10-10,41.943558,-71.899596,0.0
2012-10-11,41.943558,-71.899596,0.0
2012-10-12,41.943558,-71.899596,0.37274755387756237
2012-10-13,41.943558,-71.899596,1.2016345976405256
2012-10-14,41.943558,-71.899596,8.812836999661101
2012-10-15,41.943558,-71.899596,0.0745645659859971
2012-10-16,41.943558,-71.899596,5.265906318562464
2012-10-17,41.943558,-71.899596,0.0
2012-10-18,41.943558,-71.899596,0.5798324951078506
2012-10-19,41.943558,-71.899596,5.802151589682251
2012-10-20,41.943558,-71.899596,4.917602300460173
2012-10-21,41.943558,-71.899596,0.0
2012-10-22,41.943558,-71.899596,0.0
2012-10-23,41.943558,-71.899596,0.13708019431867258
2012-10-24,41.943558,-71.899596,2.4044584803800033
2012-10-25,41.943558,-71.899596,0.0
2012-10-26,41.943558,-71.899596,0.0
2012-10-27,41.943558,-71.899596,0.0
2012-10-28,41.943558,-71.899596,0.021459437896566416
2012-10-29,41.943558,-71.899596,5.5431287180249855
2012-10-30,41.943558,-71.899596,1.6560695927871143
2012-10-31,41.943558,-71.899596,0.08722420282437461
2012-11-01,41.943558,-71.899596,0.007073225644225093
2012-11-02,41.943558,-71.899596,0.07724172190102008
2012-11-03,41.943558,-71.899596,0.08066402102756054
2012-11-04,41.943558,-71.899596,0.0
2012-11-05,41.943558,-71.899596,0.0
2012-11-06,41.943558,-71.899596,0.0
2012-11-07,41.943558,-71.899596,21.70721070002702
2012-11-08,41.943558,-71.899596,7.385038073379973
2012-11-09,41.943558,-71.899596,0.0
2012-11-10,41.943558,-71.899596,0.0047154837628167285
2012-11-11,41.943558,-71.899596,0.08933110704986759
2012-11-12,41.943558,-71.899596,0.0
2012-11-13,41.943558,-71.899596,8.1900053113315
2012-11-14,41.943558,-71.899596,0.0
2012-11-15,41.943558,-71.899596,0.0
2012-11-16,41.943558,-71.899596,1.7254608993663965
2012-11-17,41.943558,-71.899596,0.0
2012-11-18,41.943558,-71.899596,0.0
2012-11-19,41.943558,-71.899596,0.0
2012-11-20,41.943558,-71.899596,0.07924929723939532
2012-11-21,41.943558,-71.899596,0.09173892046370959
2012-11-22,41.943558,-71.899596,0.0
2012-11-23,41.943558,-71.899596,0.0
2012-11-24,41.943558,-71.899596,0.0
2012-11-25,41.943558,-71.899596,0.03360855762685373
2012-11-26,41.943558,-71.899596,0.0
2012-11-27,41.943558,-71.899596,0.5783579059386993
2012-11-28,41.943558,-71.899596,0.00032468785566243787
2012-11-29,41.943558,-71.899596,0.0
2012-11-30,41.943558,-71.899596,0.006237875753917769
2012-12-01,41.943558,-71.899596,0.0016027363754167973
2012-12-02,41.943558,-71.899596,0.01774173217939522
2012-12-03,41.943558,-71.899596,3.89865846660948
2012-12-04,41.943558,-71.899596,0.04939982702912048
2012-12-05,41.943558,-71.899596,2.3263605965617136
2012-12-06,41.943558,-71.899596,0.0
2012-12-07,41.943558,-71.899596,2.6200171918461668
2012-12-08,41.943558,-71.899596,8.83405178257756
2012-12-09,41.943558,-71.899596,0.39289589800576113
2012-12-10,41.943558,-71.899596,11.134467873409871
2012-12-11,41.943558,-71.899596,0.09983527067873535
2012-12-12,41.943558,-71.899596,0.039749499317924854
2012-12-13,41.943558,-71.899596,0.0
2012-12-14,41.943558,-71.899596,0.0
2012-12-15,41.943558,-71.899596,0.022159470213882957
2012-12-16,41.943558,-71.899596,0.20341082869106716
2012-12-17,41.943558,-71.899596,14.207175761591182
2012-12-18,41.943558,-71.899596,28.78651576239812
2012-12-19,41.943558,-71.899596,0.0
2012-12-20,41.943558,-71.899596,0.0
2012-12-21,41.943558,-71.899596,32.90624412991413
2012-12-22,41.943558,-71.899596,0.0
2012-12-23,41.943558,-71.899596,0.0
2012-12-24,41.943558,-71.899596,0.0
2012-12-25,41.943558,-71.899596,4.170186314815993
2012-12-26,41.943558,-71.899596,3.6325616107387777
2012-12-27,41.943558,-71.899596,26.093367309635095
2012-12-28,41.943558,-71.899596,0.3358885580008794
2012-12-29,41.943558,-71.899596,10.883354198674905
2012-12-30,41.943558,-71.899596,5.005240055541335
2012-12-31,41.943558,-71.899596,0.42979296375543746
2013-01-01,41.943558,-71.899596,1.0110049091055258
2013-01-02,41.943558,-71.899596,0.0
2013-01-03,41.943558,-71.899596,0.11662411260405288
2013-01-04,41.943558,-71.899596,0.05800395164729967
2013-01-05,41.943558,-71.899596,0.0
2013-01-06,41.943558,-71.899596,3.021807303062766
2013-01-07,41.943558,-71.899596,0.0
2013-01-08,41.943558,-71.899596,0.0
2013-01-09,41.943558,-71.899596,2.003073019877187
2013-01-10,41.943558,-71.899596,0.0
2013-01-11,41.943558,-71.899596,2.6377528688193803
2013-01-12,41.943558,-71.899596,4.6130493284593905
2013-01-13,41.943558,-71.899596,0.3983972479904531
2013-01-14,41.943558,-71.899596,1.816595107103513
2013-01-15,41.943558,-71.899596,11.645522525775892
2013-01-16,41.943558,-71.899596,25.102617507850162
2013-01-17,41.943558,-71.899596,0.5438552204652665
2013-01-18,41.943558,-71.899596,1.7548504011951673
2013-01-19,41.943558,-71.899596,0.16596718995573312
2013-01-20,41.943558,-71.899596,0.11402691423499778
2013-01-21,41.943558,-71.899596,0.07828573047217782
2013-01-22,41.943558,-71.899596,2.0289176857574898
2013-01-23,41.943558,-71.899596,0.0
2013-01-24,41.943558,-71.899596,0.0
2013-01-25,41.943558,-71.899596,0.0
2013-01-26,41.943558,-71.899596,0.20749037579733726
2013-01-27,41.943558,-71.899596,0.0
2013-01-28,41.943558,-71.899596,1.7360402458452873
2013-01-29,41.943558,-71.899596,1.0322465880060938
2013-01-30,41.943558,-71.899596,4.712028466752097
2013-01-31,41.943558,-71.899596,14.435508825657127
2013-02-01,41.943558,-71.899596,0.0
2013-02-02,41.943558,-71.899596,0.0
2013-02-03,41.943558,-71.899596,0.0069604740420972375
2013-02-04,41.943558,-71.899596,0.013106252906093572
2013-02-05,41.943558,-71.899596,0.0069604740420972375
2013-02-06,41.943558,-71.899596,0.0
2013-02-07,41.943558,-71.899596,0.28122117224419957
2013-02-08,41.943558,-71.899596,35.04102771856178
2013-02-09,41.943558,-71.899596,50.234074212155576
2013-02-10,41.943558,-71.899596,0.0
2013-02-11,41.943558,-71.899596,3.7114630312689085
2013-02-12,41.943558,-71.899596,0.0
2013-02-13,41.943558,-71.899596,0.0
2013-02-14,41.943558,-71.899596,3.5565031978906463
2013-02-15,41.943558,-71.899596,0.0
2013-02-16,41.943558,-71.899596,1.3028682256698887
2013-02-17,41.943558,-71.899596,5.5090750638800525
2013-02-18,41.943558,-71.899596,0.37645470178207296
2013-02-19,41.943558,-71.899596,0.05895321836764062
2013-02-20,41.943558,-71.899596,0.2818891395636655
2013-02-21,41.943558,-71.899596,0.03859654915303881
2013-02-22,41.943558,-71.899596,0.22921709051996422
2013-02-23,41.943558,-71.899596,0.3499619848093986
2013-02-24,41.943558,-71.899596,1.6189680117377654
2013-02-25,41.943558,-71.899596,0.037985397364280804
2013-02-26,41.943558,-71.899596,0.0004792681949078852
2013-02-27,41.943558,-71.899596,12.082180072248676
2013-02-28,41.943558,-71.899596,0.1300050407324769
2013-03-01,41.943558,-71.899596,0.0
2013-03-02,41.943558,-71.899596,0.0
2013-03-03,41.943558,-71.899596,0.0
2013-03-04,41.943558,-71.899596,0.0
2013-03-05,41.943558,-71.899596,0.0
2013-03-06,41.943558,-71.899596,0.0
2013-03-07,41.943558,-71.899596,3.925164982943842
2013-03-08,41.943558,-71.899596,24.216167349308176
2013-03-09,41.943558,-71.899596,0.25409272952407447
2013-03-10,41.943558,-71.899596,0.0
2013-03-11,41.943558,-71.899596,1.4005263322596533
2013-03-12,41.943558,-71.899596,36.18332679512819
2013-03-13,41.943558,-71.899596,0.0
2013-03-14,41.943558,-71.899596,0.0
2013-03-15,41.943558,-71.899596,0.025963529848195256
2013-03-16,41.943558,-71.899596,0.011768260646427596
2013-03-17,41.943558,-71.899596,0.0
2013-03-18,41.943558,-71.899596,1.6558102879977927
2013-03-19,41.943558,-71.899596,9.295512796093561
2013-03-20,41.943558,-71.899596,0.0
2013-03-21,41.943558,-71.899596,0.014512967881230215
2013-03-22,41.943558,-71.899596,0.07814939870617521
2013-03-23,41.943558,-71.899596,0.0
2013-03-24,41.943558,-71.899596,0.0
2013-03-25,41.943558,-71.899596,0.10055901333360653
2013-03-26,41.943558,-71.899596,0.0
2013-03-27,41.943558,-71.899596,0.0
2013-03-28,41.943558,-71.899596,0.01583802086382602
2013-03-29,41.943558,-71.899596,0.0
2013-03-30,41.943558,-71.899596,0.0
2013-03-31,41.943558,-71.899596,1.0432574256343372
2013-04-01,41.943558,-71.899596,1.4497813769534633
2013-04-02,41.943558,-71.899596,0.0
2013-04-03,41.943558,-71.899596,0.0
2013-04-04,41.943558,-71.899596,0.009355799790881554
2013-04-05,41.943558,-71.899596,0.0001597560649692949
2013-04-06,41.943558,-71.899596,0.0
2013-04-07,41.943558,-71.899596,0.0
2013-04-08,41.943558,-71.899596,0.0003195121299385898
2013-04-09,41.943558,-71.899596,0.661159153105724
2013-04-10,41.943558,-71.899596,6.779503225181833
2013-04-11,41.943558,-71.899596,4.281435661485176
2013-04-12,41.943558,-71.899596,9.156871023364976
2013-04-13,41.943558,-71.899596,1.249292676923754
2013-04-14,41.943558,-71.899596,0.0
2013-04-15,41.943558,-71.899596,0.0
2013-04-16,41.943558,-71.899596,0.0
2013-04-17,41.943558,-71.899596,0.5456515586612851
2013-04-18,41.943558,-71.899596,0.0
2013-04-19,41.943558,-71.899596,0.0
2013-04-20,41.943558,-71.899596,23.554490632994835
2013-04-21,41.943558,-71.899596,0.714058629403112
2013-04-22,41.943558,-71.899596,0.1831985100661556
2013-04-23,41.943558,-71.899596,0.8710296043543195
2013-04-24,41.943558,-71.899596,0.015002587527585797
2013-04-25,41.943558,-71.899596,0.8638487310481393
2013-04-26,41.943558,-71.899596,0.0
2013-04-27,41.943558,-71.899596,0.0
2013-04-28,41.943558,-71.899596,0.0
2013-04-29,41.943558,-71.899596,0.0023577418814083643
2013-04-30,41.943558,-71.899596,0.0
2013-05-01,41.943558,-71.899596,0.0
2013-05-02,41.943558,-71.899596,0.0
2013-05-03,41.943558,-71.899596,0.0
2013-05-04,41.943558,-71.899596,0.0
2013-05-05,41.943558,-71.899596,0.0
2013-05-06,41.943558,-71.899596,0.0
2013-05-07,41.943558,-71.899596,0.0
2013-05-08,41.943558,-71.899596,1.7970989026287654
2013-05-09,41.943558,-71.899596,7.212469337110417
2013-05-10,41.943558,-71.899596,5.979337712154492
2013-05-11,41.943558,-71.899596,13.369453204638736
2013-05-12,41.943558,-71.899596,4.051112040724091
2013-05-13,41.943558,-71.899596,0.0
2013-05-14,41.943558,-71.899596,0.0
2013-05-15,41.943558,-71.899596,4.733639376409793
2013-05-16,41.943558,-71.899596,0.0
2013-05-17,41.943558,-71.899596,0.0
2013-05-18,41.943558,-71.899596,0.0019325999568030848
2013-05-19,41.943558,-71.899596,4.1911528410756365
2013-05-20,41.943558,-71.899596,0.021043765621959816
2013-05-21,41.943558,-71.899596,16.56963630416305
2013-05-22,41.943558,-71.899596,2.9075944924047823
2013-05-23,41.943558,-71.899596,2.74961325441898
2013-05-24,41.943558,-71.899596,8.921908103906459
2013-05-25,41.943558,-71.899596,0.3653768206296665
2013-05-26,41.943558,-71.899596,0.005821090878559899
2013-05-27,41.943558,-71.899596,0.0
2013-05-28,41.943558,-71.899596,0.09335871973868891
2013-05-29,41.943558,-71.899596,12.367763689570348
2013-05-30,41.943558,-71.899596,31.856770785674986
2013-05-31,41.943558,-71.899596,0.0
2013-06-01,41.943558,-71.899596,0.0
2013-06-02,41.943558,-71.899596,0.037235279394483345
2013-06-03,41.943558,-71.899596,14.209596821054907
2013-06-04,41.943558,-71.899596,0.0
2013-06-05,41.943558,-71.899596,0.0
2013-06-06,41.943558,-71.899596,2.2463523172921014
2013-06-07,41.943558,-71.899596,71.1515993663209
2013-06-08,41.943558,-71.899596,16.406842578660477
2013-06-09,41.943558,-71.899596,0.0
2013-06-10,41.943558,-71.899596,9.377182234347927
2013-06-11,41.943558,-71.899596,29.784123064761356
2013-06-12,41.943558,-71.899596,0.0
2013-06-13,41.943558,-71.899596,11.497569265732041
2013-06-14,41.943558,-71.899596,27.911553826956123
2013-06-15,41.943558,-71.899596,0.0
2013-06-16,41.943558,-71.899596,0.16899190629578892
2013-06-17,41.943558,-71.899596,2.247912655331084
2013-06-18,41.943558,-71.899596,24.66906434285126
2013-06-19,41.943558,-71.899596,11.45433350583231
2013-06-20,41.943558,-71.899596,0.0
2013-06-21,41.943558,-71.899596,0.0
2013-06-22,41.943558,-71.899596,0.0
2013-06-23,41.943558,-71.899596,0.0
2013-06-24,41.943558,-71.899596,0.08254889181159833
2013-06-25,41.943558,-71.899596,3.6045702042680543
2013-06-26,41.943558,-71.899596,5.079651968756723
2013-06-27,41.943558,-71.899596,1.6689047902287537
2013-06-28,41.943558,-71.899596,1.1054047570095769
2013-06-29,41.943558,-71.899596,1.1994717826843597
2013-06-30,41.943558,-71.899596,0.8811304392631122
2013-07-01,41.943558,-71.899596,1.639378792004963
2013-07-02,41.943558,-71.899596,1.5875244114917644
2013-07-03,41.943558,-71.899596,0.6665585727058763
2013-07-04,41.943558,-71.899596,0.0
2013-07-05,41.943558,-71.899596,0.0
2013-07-06,41.943558,-71.899596,0.0
2013-07-07,41.943558,-71.899596,1.7102514984672248
2013-07-08,41.943558,-71.899596,0.13869334186750262
2013-07-09,41.943558,-71.899596,1.8973322382893814
2013-07-10,41.943558,-71.899596,3.2809746329625824
2013-07-11,41.943558,-71.899596,6.739140513924005
2013-07-12,41.943558,-71.899596,0.32626955462058715
2013-07-13,41.943558,-71.899596,0.2485462299902366
2013-07-14,41.943558,-71.899596,0.0
2013-07-15,41.943558,-71.899596,0.044346089777411155
2013-07-16,41.943558,-71.899596,0.0
2013-07-17,41.943558,-71.899596,0.0
2013-07-18,41.943558,-71.899596,0.0012883999712020554
2013-07-19,41.943558,-71.899596,0.0
2013-07-20,41.943558,-71.899596,5.651631708358076
2013-07-21,41.943558,-71.899596,0.8063922359557323
2013-07-22,41.943558,-71.899596,1.4963049596982938
2013-07-23,41.943558,-71.899596,16.062561589102355
2013-07-24,41.943558,-71.899596,0.0047154837628167285
2013-07-25,41.943558,-71.899596,22.64677995693883
2013-07-26,41.943558,-71.899596,22.161946329070414
2013-07-27,41.943558,-71.899596,0.0
2013-07-28,41.943558,-71.899596,0.27272229615017196
2013-07-29,41.943558,-71.899596,0.056022045407508464
2013-07-30,41.943558,-71.899596,0.0
2013-07-31,41.943558,-71.899596,0.0004792681949078852
2013-08-01,41.943558,-71.899596,3.2201551298717206
2013-08-02,41.943558,-71.899596,7.928221875106948
2013-08-03,41.943558,-71.899596,5.04631178517381
2013-08-04,41.943558,-71.899596,2.2655462508317634
2013-08-05,41.943558,-71.899596,0.0
2013-08-06,41.943558,-71.899596,0.0
2013-08-07,41.943558,-71.899596,0.0
2013-08-08,41.943558,-71.899596,1.1560878899534592
2013-08-09,41.943558,-71.899596,35.11052726734215
2013-08-10,41.943558,-71.899596,0.6067187329047966
2013-08-11,41.943558,-71.899596,0.0
2013-08-12,41.943558,-71.899596,0.0
2013-08-13,41.943558,-71.899596,7.341108458975719
2013-08-14,41.943558,-71.899596,0.36839514718828176
2013-08-15,41.943558,-71.899596,0.0
2013-08-16,41.943558,-71.899596,0.0
2013-08-17,41.943558,-71.899596,0.0
2013-08-18,41.943558,-71.899596,4.710138700487374
2013-08-19,41.943558,-71.899596,1.152616234224562
2013-08-20,41.943558,-71.899596,0.1377140960901953
2013-08-21,41.943558,-71.899596,0.0
2013-08-22,41.943558,-71.899596,1.9028822468641475
2013-08-23,41.943558,-71.899596,0.21012405512289392
2013-08-24,41.943558,-71.899596,0.0
2013-08-25,41.943558,-71.899596,0.0
2013-08-26,41.943558,-71.899596,5.829747718496337
2013-08-27,41.943558,-71.899596,18.75943234253744
2013-08-28,41.943558,-71.899596,0.004202827143574036
2013-08-29,41.943558,-71.899596,0.8602158030602347
2013-08-30,41.943558,-71.899596,0.0
2013-08-31,41.943558,-71.899596,3.3204078033352977
2013-09-01,41.943558,-71.899596,17.393266565253665
2013-09-02,41.943558,-71.899596,2.4840309851560893
2013-09-03,41.943558,-71.899596,0.759846182219016
2013-09-04,41.943558,-71.899596,0.0
2013-09-05,41.943558,-71.899596,1.2422874009968683
2013-09-06,41.943558,-71.899596,0.0
2013-09-07,41.943558,-71.899596,0.3001225176414732
2013-09-08,41.943558,-71.899596,1.2244111184757986
2013-09-09,41.943558,-71.899596,0.3873931142019865
2013-09-10,41.943558,-71.899596,1.774151655527877
2013-09-11,41.943558,-71.899596,0.0
2013-09-12,41.943558,-71.899596,0.09213790799529505
2013-09-13,41.943558,-71.899596,25.887873098543878
2013-09-14,41.943558,-71.899596,0.0
2013-09-15,41.943558,-71.899596,0.8046483275111027
2013-09-16,41.943558,-71.899596,2.723468273541772
2013-09-17,41.943558,-71.899596,0.0
2013-09-18,41.943558,-71.899596,0.0
2013-09-19,41.943558,-71.899596,0.0
2013-09-20,41.943558,-71.899596,0.0
2013-09-21,41.943558,-71.899596,0.0
2013-09-22,41.943558,-71.899596,25.173812428731843
2013-09-23,41.943558,-71.899596,0.0
2013-09-24,41.943558,-71.899596,0.0
2013-09-25,41.943558,-71.899596,0.0
2013-09-26,41.943558,-71.899596,0.0
2013-09-27,41.943558,-71.899596,0.0
2013-09-28,41.943558,-71.899596,0.0
2013-09-29,41.943558,-71.899596,0.0
2013-09-30,41.943558,-71.899596,0.0
2013-10-01,41.943558,-71.899596,0.0
2013-10-02,41.943558,-71.899596,0.0
2013-10-03,41.943558,-71.899596,0.0
2013-10-04,41.943558,-71.899596,6.188710942163283
2013-10-05,41.943558,-71.899596,0.5087963300086048
2013-10-06,41.943558,-71.899596,7.328501780874193
2013-10-07,41.943558,-71.899596,0.3967470381182304
2013-10-08,41.943558,-71.899596,0.6760580788032012
2013-10-09,41.943558,-71.899596,0.04654529423743797
2013-10-10,41.943558,-71.899596,1.8558858499413478
2013-10-11,41.943558,-71.899596,0.04640316546660565
2013-10-12,41.943558,-71.899596,0.8350630781938717
2013-10-13,41.943558,-71.899596,0.0
2013-10-14,41.943558,-71.899596,0.0
2013-10-15,41.943558,-71.899596,0.0
2013-10-16,41.943558,-71.899596,1.6849384229645497
2013-10-17,41.943558,-71.899596,0.055401060744125374
2013-10-18,41.943558,-71.899596,1.505634594529965
2013-10-19,41.943558,-71.899596,0.4635573766421265
2013-10-20,41.943558,-71.899596,0.566629121020837
2013-10-21,41.943558,-71.899596,0.0
2013-10-22,41.943558,-71.899596,0.4671567485656511
2013-10-23,41.943558,-71.899596,0.4012282879428601
2013-10-24,41.943558,-71.899596,0.0
2013-10-25,41.943558,-71.899596,0.0
2013-10-26,41.943558,-71.899596,0.0
2013-10-27,41.943558,-71.899596,1.1248778892230185
2013-10-28,41.943558,-71.899596,0.0
2013-10-29,41.943558,-71.899596,0.0
2013-10-30,41.943558,-71.899596,0.40970630831672894
2013-10-31,41.943558,-71.899596,1.9333464827380427
2013-11-01,41.943558,-71.899596,15.85713032445768
2013-11-02,41.943558,-71.899596,0.0
2013-11-03,41.943558,-71.899596,0.22348684666662846
2013-11-04,41.943558,-71.899596,0.0
2013-11-05,41.943558,-71.899596,0.0
2013-11-06,41.943558,-71.899596,0.030643910672354294
2013-11-07,41.943558,-71.899596,25.584339327453236
2013-11-08,41.943558,-71.899596,0.0
2013-11-09,41.943558,-71.899596,0.0
2013-11-10,41.943558,-71.899596,0.2475079767026687
2013-11-11,41.943558,-71.899596,0.0
2013-11-12,41.943558,-71.899596,8.576625457595842
2013-11-13,41.943558,-71.899596,0.0
2013-11-14,41.943558,-71.899596,0.664844040921849
2013-11-15,41.943558,-71.899596,0.0
2013-11-16,41.943558,-71.899596,0.11392358143492334
2013-11-17,41.943558,-71.899596,0.010390011381198012
2013-11-18,41.943558,-71.899596,5.087940847964656
2013-11-19,41.943558,-71.899596,0.0
2013-11-20,41.943558,-71.899596,0.0
2013-11-21,41.943558,-71.899596,0.0
2013-11-22,41.943558,-71.899596,4.66251462764533
2013-11-23,41.943558,-71.899596,1.1445677187569505
2013-11-24,41.943558,-71.899596,0.011527944365968048
2013-11-25,41.943558,-71.899596,0.0
2013-11-26,41.943558,-71.899596,1.1284172121961895
2013-11-27,41.943558,-71.899596,52.232910406261695
2013-11-28,41.943558,-71.899596,0.22338170552346448
2013-11-29,41.943558,-71.899596,0.0
2013-11-30,41.943558,-71.899596,0.0
2013-12-01,41.943558,-71.899596,0.0
2013-12-02,41.943558,-71.899596,0.0
2013-12-03,41.943558,-71.899596,0.40858651337530794
2013-12-04,41.943558,-71.899596,0.0
2013-12-05,41.943558,-71.899596,0.06914869977585567
2013-12-06,41.943558,-71.899596,11.934486239133996
2013-12-07,41.943558,-71.899596,25.975655763694267
2013-12-08,41.943558,-71.899596,0.5573064968254053
2013-12-09,41.943558,-71.899596,0.06192742149040274
2013-12-10,41.943558,-71.899596,3.759660594072989
2013-12-11,41.943558,-71.899596,0.12981140012734935
2013-12-12,41.943558,-71.899596,0.0
2013-12-13,41.943558,-71.899596,0.010639024036359761
2013-12-14,41.943558,-71.899596,1.8998897037839702
2013-12-15,41.943558,-71.899596,8.202046226552048
2013-12-16,41.943558,-71.899596,0.14248818086391346
2013-12-17,41.943558,-71.899596,0.6573421713610581
2013-12-18,41.943558,-71.899596,0.06408055438284906
2013-12-19,41.943558,-71.899596,1.1285448022988018
2013-12-20,41.943558,-71.899596,0.5993251580624123
2013-12-21,41.943558,-71.899596,0.5323968873529481
2013-12-22,41.943558,-71.899596,9.038441092254608
2013-12-23,41.943558,-71.899596,30.718828399040365
2013-12-24,41.943558,-71.899596,0.11505144887248404
2013-12-25,41.943558,-71.899596,0.00016234392783121893
2013-12-26,41.943558,-71.899596,0.0003195121299385898
2013-12-27,41.943558,-71.899596,0.0
2013-12-28,41.943558,-71.899596,0.023351915609827932
2013-12-29,41.943558,-71.899596,34.63885403390459
2013-12-30,41.943558,-71.899596,0.08277273272724611
2013-12-31,41.943558,-71.899596,0.0
2014-01-01,41.943558,-71.899596,0.0
2014-01-02,41.943558,-71.899596,0.4500069342830786
2014-01-03,41.943558,-71.899596,4.1575928650665155
2014-01-04,41.943558,-71.899596,0.0
2014-01-05,41.943558,-71.899596,0.0
2014-01-06,41.943558,-71.899596,12.19336998616744
2014-01-07,41.943558,-71.899596,0.0
2014-01-08,41.943558,-71.899596,0.0
2014-01-09,41.943558,-71.899596,0.008085888215072806
2014-01-10,41.943558,-71.899596,1.10355158367304
2014-01-11,41.943558,-71.899596,23.660435056025957
2014-01-12,41.943558,-71.899596,10.60078302138898
2014-01-13,41.943558,-71.899596,0.012353159922772208
2014-01-14,41.943558,-71.899596,44.61566044220665
2014-01-15,41.943558,-71.899596,0.8074533772657261
2014-01-16,41.943558,-71.899596,0.04724371893255804
2014-01-17,41.943558,-71.899596,0.0
2014-01-18,41.943558,-71.899596,0.5877853619234847
2014-01-19,41.943558,-71.899596,0.0
2014-01-20,41.943558,-71.899596,0.0
2014-01-21,41.943558,-71.899596,0.0928063309332113
2014-01-22,41.943558,-71.899596,0.004831499712020307
2014-01-23,41.943558,-71.899596,0.0
2014-01-24,41.943558,-71.899596,0.0
2014-01-25,41.943558,-71.899596,0.8845054431775042
2014-01-26,41.943558,-71.899596,0.08484898248809038
2014-01-27,41.943558,-71.899596,0.6661658283294758
2014-01-28,41.943558,-71.899596,0.0
2014-01-29,41.943558,-71.899596,0.31166662362895253
2014-01-30,41.943558,-71.899596,0.0
2014-01-31,41.943558,-71.899596,0.04858712659412113
2014-02-01,41.943558,-71.899596,0.029758968948020496
2014-02-02,41.943558,-71.899596,1.251338805667987
2014-02-03,41.943558,-71.899596,4.651250229808106
2014-02-04,41.943558,-71.899596,0.07385021417927505
2014-02-05,41.943558,-71.899596,32.406666897768254
2014-02-06,41.943558,-71.899596,0.09187746075924574
2014-02-07,41.943558,-71.899596,0.00911013624025078
2014-02-08,41.943558,-71.899596,0.0
2014-02-09,41.943558,-71.899596,0.05050714039604634
2014-02-10,41.943558,-71.899596,0.39625271346319757
2014-02-11,41.943558,-71.899596,0.0
2014-02-12,41.943558,-71.899596,0.0
2014-02-13,41.943558,-71.899596,14.57024440779405
2014-02-14,41.943558,-71.899596,13.74733768251659
2014-02-15,41.943558,-71.899596,4.381268583005343
2014-02-16,41.943558,-71.899596,0.7934769143589129
2014-02-17,41.943558,-71.899596,0.0
2014-02-18,41.943558,-71.899596,1.2219555670326774
2014-02-19,41.943558,-71.899596,4.959291663050228
2014-02-20,41.943558,-71.899596,1.0293611547982333
2014-02-21,41.943558,-71.899596,11.059732283361686
2014-02-22,41.943558,-71.899596,0.0
2014-02-23,41.943558,-71.899596,0.04935163891827692
2014-02-24,41.943558,-71.899596,0.6483381387624148
2014-02-25,41.943558,-71.899596,1.1599109701047081
2014-02-26,41.943558,-71.899596,0.04872332131982249
2014-02-27,41.943558,-71.899596,0.0
2014-02-28,41.943558,-71.899596,0.0
2014-03-01,41.943558,-71.899596,0.10330848361467122
2014-03-02,41.943558,-71.899596,0.4635511241425756
2014-03-03,41.943558,-71.899596,0.40176083152320463
2014-03-04,41.943558,-71.899596,0.009280632056129652
2014-03-05,41.943558,-71.899596,0.3143078374103225
2014-03-06,41.943558,-71.899596,0.0
2014-03-07,41.943558,-71.899596,0.0
2014-03-08,41.943558,-71.899596,0.0012780485197543593
2014-03-09,41.943558,-71.899596,0.5841762349251814
2014-03-10,41.943558,-71.899596,4.576614898167597
2014-03-11,41.943558,-71.899596,0.10496286969429303
2014-03-12,41.943558,-71.899596,4.059244816810544
2014-03-13,41.943558,-71.899596,6.424150911625885
2014-03-14,41.943558,-71.899596,0.23805675570003804
2014-03-15,41.943558,-71.899596,1.1870084377191101
2014-03-16,41.943558,-71.899596,0.013920948084194475
2014-03-17,41.943558,-71.899596,2.2407179292272756
2014-03-18,41.943558,-71.899596,0.0
2014-03-19,41.943558,-71.899596,0.0
2014-03-20,41.943558,-71.899596,6.099091979430806
2014-03-21,41.943558,-71.899596,0.0
2014-03-22,41.943558,-71.899596,0.6796485135090307
2014-03-23,41.943558,-71.899596,0.38787171743229176
2014-03-24,41.943558,-71.899596,0.0
2014-03-25,41.943558,-71.899596,0.0
2014-03-26,41.943558,-71.899596,1.2119164340317066
2014-03-27,41.943558,-71.899596,0.0
2014-03-28,41.943558,-71.899596,0.43613627334061383
2014-03-29,41.943558,-71.899596,21.486932517251336
2014-03-30,41.943558,-71.899596,88.64112903812523
2014-03-31,41.943558,-71.899596,7.687438533010511
2014-04-01,41.943558,-71.899596,0.0
2014-04-02,41.943558,-71.899596,2.6076186994386186
2014-04-03,41.943558,-71.899596,0.0
2014-04-04,41.943558,-71.899596,2.586463330701033
2014-04-05,41.943558,-71.899596,2.544383819948521
2014-04-06,41.943558,-71.899596,0.0
2014-04-07,41.943558,-71.899596,1.2230802742040696
2014-04-08,41.943558,-71.899596,8.116948565787022
2014-04-09,41.943558,-71.899596,0.0
2014-04-10,41.943558,-71.899596,0.0
2014-04-11,41.943558,-71.899596,0.20536354509162089
2014-04-12,41.943558,-71.899596,2.544785785688633
2014-04-13,41.943558,-71.899596,0.3725325317451363
2014-04-14,41.943558,-71.899596,0.0
2014-04-15,41.943558,-71.899596,18.6857369157747
2014-04-16,41.943558,-71.899596,21.255640807279505
2014-04-17,41.943558,-71.899596,0.0
2014-04-18,41.943558,-71.899596,0.0
2014-04-19,41.943558,-71.899596,0.21416473855030405
2014-04-20,41.943558,-71.899596,0.0
2014-04-21,41.943558,-71.899596,0.0
2014-04-22,41.943558,-71.899596,1.9633239612857862
2014-04-23,41.943558,-71.899596,6.766755966932199
2014-04-24,41.943558,-71.899596,0.0
2014-04-25,41.943558,-71.899596,0.1268425240736828
2014-04-26,41.943558,-71.899596,18.025607437626714
2014-04-27,41.943558,-71.899596,0.028432718057836114
2014-04-28,41.943558,-71.899596,0.0
2014-04-29,41.943558,-71.899596,1.36796101106499
2014-04-30,41.943558,-71.899596,44.126632636461416
2014-05-01,41.943558,-71.899596,29.705253031997632
2014-05-02,41.943558,-71.899596,0.0
2014-05-03,41.943558,-71.899596,0.0
2014-05-04,41.943558,-71.899596,2.276723847060832
2014-05-05,41.943558,-71.899596,0.0
2014-05-06,41.943558,-71.899596,0.0
2014-05-07,41.943558,-71.899596,0.0
2014-05-08,41.943558,-71.899596,0.0
2014-05-09,41.943558,-71.899596,0.7664619729391077
2014-05-10,41.943558,-71.899596,7.712604190787658
2014-05-11,41.943558,-71.899596,5.033800213260423
2014-05-12,41.943558,-71.899596,0.0
2014-05-13,41.943558,-71.899596,0.01268085724909591
2014-05-14,41.943558,-71.899596,0.0
2014-05-15,41.943558,-71.899596,0.0
2014-05-16,41.943558,-71.899596,0.7053688702186109
2014-05-17,41.943558,-71.899596,20.84763972320791
2014-05-18,41.943558,-71.899596,0.0
2014-05-19,41.943558,-71.899596,0.0
2014-05-20,41.943558,-71.899596,0.03762053952103404
2014-05-21,41.943558,-71.899596,0.0
2014-05-22,41.943558,-71.899596,6.904088722203246
2014-05-23,41.943558,-71.899596,0.1519843246795257
2014-05-24,41.943558,-71.899596,0.39477513926281116
2014-05-25,41.943558,-71.899596,1.3460294942870081
2014-05-26,41.943558,-71.899596,1.9871106405374253
2014-05-27,41.943558,-71.899596,0.5826765653346646
2014-05-28,41.943558,-71.899596,0.4631237476136938
2014-05-29,41.943558,-71.899596,0.0
2014-05-30,41.943558,-71.899596,9.230196501886018
2014-05-31,41.943558,-71.899596,4.489729513310045
2014-06-01,41.943558,-71.899596,0.0
2014-06-02,41.943558,-71.899596,0.0
2014-06-03,41.943558,-71.899596,0.0
2014-06-04,41.943558,-71.899596,2.287993285562658
2014-06-05,41.943558,-71.899596,13.892661023209845
2014-06-06,41.943558,-71.899596,0.0
2014-06-07,41.943558,-71.899596,0.0
2014-06-08,41.943558,-71.899596,1.559682909965753
2014-06-09,41.943558,-71.899596,0.4478617575190683
2014-06-10,41.943558,-71.899596,0.2378829495683603
2014-06-11,41.943558,-71.899596,1.592417971296773
2014-06-12,41.943558,-71.899596,0.24868934152188515
2014-06-13,41.943558,-71.899596,7.412773803067811
2014-06-14,41.943558,-71.899596,0.12508445312794642
2014-06-15,41.943558,-71.899596,0.0
2014-06-16,41.943558,-71.899596,0.0
2014-06-17,41.943558,-71.899596,0.0208814216941286
2014-06-18,41.943558,-71.899596,1.5531544147325747
2014-06-19,41.943558,-71.899596,9.8397166686923
2014-06-20,41.943558,-71.899596,0.0
2014-06-21,41.943558,-71.899596,0.0
2014-06-22,41.943558,-71.899596,0.0
2014-06-23,41.943558,-71.899596,0.0
2014-06-24,41.943558,-71.899596,0.056013845191283725
2014-06-25,41.943558,-71.899596,0.0
2014-06-26,41.943558,-71.899596,8.738699562410247
2014-06-27,41.943558,-71.899596,0.01904053187500407
2014-06-28,41.943558,-71.899596,0.0
2014-06-29,41.943558,-71.899596,0.017315913217939388
2014-06-30,41.943558,-71.899596,0.0030534803046889897
2014-07-01,41.943558,-71.899596,0.0
2014-07-02,41.943558,-71.899596,0.0
2014-07-03,41.943558,-71.899596,0.8229281532838759
2014-07-04,41.943558,-71.899596,53.1716960051287
2014-07-05,41.943558,-71.899596,1.1052894150728358
2014-07-06,41.943558,-71.899596,0.0
2014-07-07,41.943558,-71.899596,0.0
2014-07-08,41.943558,-71.899596,2.531701966119134
2014-07-09,41.943558,-71.899596,0.0
2014-07-10,41.943558,-71.899596,1.75044102938166
2014-07-11,41.943558,-71.899596,1.3846927513216574
2014-07-12,41.943558,-71.899596,0.0
2014-07-13,41.943558,-71.899596,0.0
2014-07-14,41.943558,-71.899596,8.233471923621975
2014-07-15,41.943558,-71.899596,16.609026197850405
2014-07-16,41.943558,-71.899596,22.852989282151388
2014-07-17,41.943558,-71.899596,0.8325156806690184
2014-07-18,41.943558,-71.899596,0.0
2014-07-19,41.943558,-71.899596,1.3606712102250957
2014-07-20,41.943558,-71.899596,0.6937396018553783
2014-07-21,41.943558,-71.899596,0.0
2014-07-22,41.943558,-71.899596,0.0
2014-07-23,41.943558,-71.899596,0.0
2014-07-24,41.943558,-71.899596,17.14676606627883
2014-07-25,41.943558,-71.899596,0.09213683727364691
2014-07-26,41.943558,-71.899596,0.6442618871981395
2014-07-27,41.943558,-71.899596,4.826973152737779
2014-07-28,41.943558,-71.899596,2.71957005229821
2014-07-29,41.943558,-71.899596,0.0
2014-07-30,41.943558,-71.899596,0.0
2014-07-31,41.943558,-71.899596,0.0
2014-08-01,41.943558,-71.899596,0.015141301635464852
2014-08-02,41.943558,-71.899596,29.972197852522537
2014-08-03,41.943558,-71.899596,7.469193198539351
2014-08-04,41.943558,-71.899596,0.0
2014-08-05,41.943558,-71.899596,0.0
2014-08-06,41.943558,-71.899596,0.28414283498963194
2014-08-07,41.943558,-71.899596,3.0219906979523863
2014-08-08,41.943558,-71.899596,0.0
2014-08-09,41.943558,-71.899596,0.0
2014-08-10,41.943558,-71.899596,0.0
2014-08-11,41.943558,-71.899596,0.0
2014-08-12,41.943558,-71.899596,1.2106673052060812
2014-08-13,41.943558,-71.899596,39.689089750299836
2014-08-14,41.943558,-71.899596,0.0
2014-08-15,41.943558,-71.899596,1.7543580456164143
2014-08-16,41.943558,-71.899596,0.01153607865645714
2014-08-17,41.943558,-71.899596,0.07015279855607462
2014-08-18,41.943558,-71.899596,0.0
2014-08-19,41.943558,-71.899596,0.0
2014-08-20,41.943558,-71.899596,0.009430967525633457
2014-08-21,41.943558,-71.899596,0.9916929676333721
2014-08-22,41.943558,-71.899596,1.1174335400996087
2014-08-23,41.943558,-71.899596,0.0
2014-08-24,41.943558,-71.899596,0.0
2014-08-25,41.943558,-71.899596,0.0
2014-08-26,41.943558,-71.899596,0.0
2014-08-27,41.943558,-71.899596,0.0
2014-08-28,41.943558,-71.899596,0.7326376217917943
2014-08-29,41.943558,-71.899596,0.0
2014-08-30,41.943558,-71.899596,0.0
2014-08-31,41.943558,-71.899596,8.640554453737764
2014-09-01,41.943558,-71.899596,2.0918170904471145
2014-09-02,41.943558,-71.899596,0.0
2014-09-03,41.943558,-71.899596,0.0
2014-09-04,41.943558,-71.899596,0.0
2014-09-05,41.943558,-71.899596,0.0
2014-09-06,41.943558,-71.899596,0.10354293186360664
2014-09-07,41.943558,-71.899596,2.2412341697259417
2014-09-08,41.943558,-71.899596,0.04527051062295055
2014-09-09,41.943558,-71.899596,0.05254252890468619
2014-09-10,41.943558,-71.899596,0.0
2014-09-11,41.943558,-71.899596,0.0
2014-09-12,41.943558,-71.899596,0.0
2014-09-13,41.943558,-71.899596,5.155823921540451
2014-09-14,41.943558,-71.899596,0.046990245144621356
2014-09-15,41.943558,-71.899596,0.0
2014-09-16,41.943558,-71.899596,0.00699805790947319
2014-09-17,41.943558,-71.899596,0.0
2014-09-18,41.943558,-71.899596,0.0
2014-09-19,41.943558,-71.899596,0.004965003883727263
2014-09-20,41.943558,-71.899596,0.0
2014-09-21,41.943558,-71.899596,1.2916627203100752
2014-09-22,41.943558,-71.899596,0.0
2014-09-23,41.943558,-71.899596,0.0024799140790017077
2014-09-24,41.943558,-71.899596,0.0
2014-09-25,41.943558,-71.899596,4.205609401580741
2014-09-26,41.943558,-71.899596,16.8666239687061
2014-09-27,41.943558,-71.899596,0.0
2014-09-28,41.943558,-71.899596,0.0
2014-09-29,41.943558,-71.899596,0.604119418876236
2014-09-30,41.943558,-71.899596,4.2091545195716185
2014-10-01,41.943558,-71.899596,8.785356904053002
2014-10-02,41.943558,-71.899596,6.36300367601717
2014-10-03,41.943558,-71.899596,0.0
2014-10-04,41.943558,-71.899596,5.549429054204703
2014-10-05,41.943558,-71.899596,0.0
2014-10-06,41.943558,-71.899596,0.0
2014-10-07,41.943558,-71.899596,1.008586852673218
2014-10-08,41.943558,-71.899596,8.652719736277575
2014-10-09,41.943558,-71.899596,0.0
2014-10-10,41.943558,-71.899596,0.08431495495502303
2014-10-11,41.943558,-71.899596,21.09201578312165
2014-10-12,41.943558,-71.899596,0.0
2014-10-13,41.943558,-71.899596,0.0
2014-10-14,41.943558,-71.899596,0.0
2014-10-15,41.943558,-71.899596,0.0
2014-10-16,41.943558,-71.899596,40.82075890312466
2014-10-17,41.943558,-71.899596,3.012908088662483
2014-10-18,41.943558,-71.899596,0.11916759530246744
2014-10-19,41.943558,-71.899596,0.0
2014-10-20,41.943558,-71.899596,0.0
2014-10-21,41.943558,-71.899596,0.051430143837608806
2014-10-22,41.943558,-71.899596,13.494099362654833
2014-10-23,41.943558,-71.899596,15.072144337888112
2014-10-24,41.943558,-71.899596,1.5701357126494675
2014-10-25,41.943558,-71.899596,0.0
2014-10-26,41.943558,-71.899596,0.0
2014-10-27,41.943558,-71.899596,0.0
2014-10-28,41.943558,-71.899596,0.5988668571714818
2014-10-29,41.943558,-71.899596,0.07649569901512517
2014-10-30,41.943558,-71.899596,0.3309917935249306
2014-10-31,41.943558,-71.899596,0.0
2014-11-01,41.943558,-71.899596,5.99883407065377
2014-11-02,41.943558,-71.899596,0.9532412627128906
2014-11-03,41.943558,-71.899596,0.0
2014-11-04,41.943558,-71.899596,0.0003195121299385898
2014-11-05,41.943558,-71.899596,1.163757264715042
2014-11-06,41.943558,-71.899596,8.30728517415393
2014-11-07,41.943558,-71.899596,2.04144225844387
2014-11-08,41.943558,-71.899596,0.0
2014-11-09,41.943558,-71.899596,0.0019351878201470376
2014-11-10,41.943558,-71.899596,0.0
2014-11-11,41.943558,-71.899596,0.0
2014-11-12,41.943558,-71.899596,0.0
2014-11-13,41.943558,-71.899596,0.005364859474141604
2014-11-14,41.943558,-71.899596,3.663857524517441
2014-11-15,41.943558,-71.899596,0.0
2014-11-16,41.943558,-71.899596,0.0
2014-11-17,41.943558,-71.899596,48.60849037951958
2014-11-18,41.943558,-71.899596,2.0946382259778034
2014-11-19,41.943558,-71.899596,0.0
2014-11-20,41.943558,-71.899596,0.0
2014-11-21,41.943558,-71.899596,0.0
2014-11-22,41.943558,-71.899596,0.0
2014-11-23,41.943558,-71.899596,0.5803624747567614
2014-11-24,41.943558,-71.899596,13.764584036450461
2014-11-25,41.943558,-71.899596,0.07494142127127174
2014-11-26,41.943558,-71.899596,48.552283018727785
2014-11-27,41.943558,-71.899596,2.898813931183358
2014-11-28,41.943558,-71.899596,0.025747240926449134
2014-11-29,41.943558,-71.899596,0.0
2014-11-30,41.943558,-71.899596,0.01902169111623621
2014-12-01,41.943558,-71.899596,0.05648407886401937
2014-12-02,41.943558,-71.899596,1.5432931067891649
2014-12-03,41.943558,-71.899596,7.355411200741099
2014-12-04,41.943558,-71.899596,0.0
2014-12-05,41.943558,-71.899596,0.4502057719122867
2014-12-06,41.943558,-71.899596,21.830219785180738
2014-12-07,41.943558,-71.899596,19.869933879216962
2014-12-08,41.943558,-71.899596,0.0113574608709736
2014-12-09,41.943558,-71.899596,64.35683751752609
2014-12-10,41.943558,-71.899596,0.32978191408912316
2014-12-11,41.943558,-71.899596,0.030300332054866343
2014-12-12,41.943558,-71.899596,0.0
2014-12-13,41.943558,-71.899596,0.0
2014-12-14,41.943558,-71.899596,0.0
2014-12-15,41.943558,-71.899596,0.0
2014-12-16,41.943558,-71.899596,0.0
2014-12-17,41.943558,-71.899596,13.182219805782086
2014-12-18,41.943558,-71.899596,0.0
2014-12-19,41.943558,-71.899596,0.0
2014-12-20,41.943558,-71.899596,0.0
2014-12-21,41.943558,-71.899596,0.0001597560649692949
2014-12-22,41.943558,-71.899596,0.0
2014-12-23,41.943558,-71.899596,0.8512584624735617
2014-12-24,41.943558,-71.899596,19.55525979209409
2014-12-25,41.943558,-71.899596,21.64984867842037
2014-12-26,41.943558,-71.899596,0.0
2014-12-27,41.943558,-71.899596,0.0
2014-12-28,41.943558,-71.899596,5.293737331107064
2014-12-29,41.943558,-71.899596,0.43111052080552675
2014-12-30,41.943558,-71.899596,0.0
2014-12-31,41.943558,-71.899596,0.0
2015-01-01,41.943558,-71.899596,0.04583276052994013
2015-01-02,41.943558,-71.899596,0.0
2015-01-03,41.943558,-71.899596,4.069920666546077
2015-01-04,41.943558,-71.899596,29.184423395793136
2015-01-05,41.943558,-71.899596,7.114716015820177
2015-01-06,41.943558,-71.899596,0.3371570842105958
2015-01-07,41.943558,-71.899596,0.21930706739851344
2015-01-08,41.943558,-71.899596,0.0
2015-01-09,41.943558,-71.899596,0.47833296822078364
2015-01-10,41.943558,-71.899596,0.0
2015-01-11,41.943558,-71.899596,0.0
2015-01-12,41.943558,-71.899596,13.959265916162751
2015-01-13,41.943558,-71.899596,1.5961270033846224
2015-01-14,41.943558,-71.899596,0.0
2015-01-15,41.943558,-71.899596,0.007954852312535152
2015-01-16,41.943558,-71.899596,0.014862807241646254
2015-01-17,41.943558,-71.899596,0.0
2015-01-18,41.943558,-71.899596,6.156748221750037
2015-01-19,41.943558,-71.899596,19.470073814546144
2015-01-20,41.943558,-71.899596,0.0051225456494926914
2015-01-21,41.943558,-71.899596,0.09952347145448891
2015-01-22,41.943558,-71.899596,0.03976737539070281
2015-01-23,41.943558,-71.899596,0.010390011381198012
2015-01-24,41.943558,-71.899596,16.146355293532284
2015-01-25,41.943558,-71.899596,0.34632721440522407
2015-01-26,41.943558,-71.899596,3.7441708097651465
2015-01-27,41.943558,-71.899596,23.777071904793942
2015-01-28,41.943558,-71.899596,0.11126254630899118
2015-01-29,41.943558,-71.899596,0.0
2015-01-30,41.943558,-71.899596,3.8450491274545078
2015-01-31,41.943558,-71.899596,0.0
2015-02-01,41.943558,-71.899596,0.0
2015-02-02,41.943558,-71.899596,13.298935840666594
2015-02-03,41.943558,-71.899596,0.0
2015-02-04,41.943558,-71.899596,0.0
2015-02-05,41.943558,-71.899596,1.523198978545978
2015-02-06,41.943558,-71.899596,0.3944136720056644
2015-02-07,41.943558,-71.899596,0.3844084112756784
2015-02-08,41.943558,-71.899596,6.689921065620387
2015-02-09,41.943558,-71.899596,8.859097379231516
2015-02-10,41.943558,-71.899596,0.18846916010786352
2015-02-11,41.943558,-71.899596,0.2178244529969566
2015-02-12,41.943558,-71.899596,0.06264426335373333
2015-02-13,41.943558,-71.899596,0.0
2015-02-14,41.943558,-71.899596,0.27280681410906044
2015-02-15,41.943558,-71.899596,0.20675434330705245
2015-02-16,41.943558,-71.899596,0.0
2015-02-17,41.943558,-71.899596,0.0
2015-02-18,41.943558,-71.899596,0.0097451204094803
2015-02-19,41.943558,-71.899596,0.0
2015-02-20,41.943558,-71.899596,0.0
2015-02-21,41.943558,-71.899596,4.70283426222142
2015-02-22,41.943558,-71.899596,14.312433534554106
2015-02-23,41.943558,-71.899596,0.14340463295802963
2015-02-24,41.943558,-71.899596,0.0
2015-02-25,41.943558,-71.899596,0.003164285794840611
2015-02-26,41.943558,-71.899596,0.10834408821243113
2015-02-27,41.943558,-71.899596,0.0
2015-02-28,41.943558,-71.899596,0.0
2015-03-01,41.943558,-71.899596,1.9978623922456975
2015-03-02,41.943558,-71.899596,2.0116290495967957
2015-03-03,41.943558,-71.899596,0.9927686419938451
2015-03-04,41.943558,-71.899596,15.938415182824432
2015-03-05,41.943558,-71.899596,23.299610345858238
2015-03-06,41.943558,-71.899596,0.2054286572594879
2015-03-07,41.943558,-71.899596,0.09932800903318928
2015-03-08,41.943558,-71.899596,0.22483986597616923
2015-03-09,41.943558,-71.899596,0.0
2015-03-10,41.943558,-71.899596,0.5466413632414404
2015-03-11,41.943558,-71.899596,5.684789255349554
2015-03-12,41.943558,-71.899596,0.0
2015-03-13,41.943558,-71.899596,0.0
2015-03-14,41.943558,-71.899596,16.898677449848062
2015-03-15,41.943558,-71.899596,1.7019559751507405
2015-03-16,41.943558,-71.899596,0.0
2015-03-17,41.943558,-71.899596,3.3529501222223717
2015-03-18,41.943558,-71.899596,0.0
2015-03-19,41.943558,-71.899596,0.0
2015-03-20,41.943558,-71.899596,2.6745743373501605
2015-03-21,41.943558,-71.899596,0.907686299273821
2015-03-22,41.943558,-71.899596,0.002254700009599403
2015-03-23,41.943558,-71.899596,0.0
2015-03-24,41.943558,-71.899596,0.0047154837628167285
2015-03-25,41.943558,-71.899596,0.9733095100434004
2015-03-26,41.943558,-71.899596,3.806791530881697
2015-03-27,41.943558,-71.899596,6.373976186099918
2015-03-28,41.943558,-71.899596,1.066875657530562
2015-03-29,41.943558,-71.899596,0.0
2015-03-30,41.943558,-71.899596,0.5389036165222942
2015-03-31,41.943558,-71.899596,0.01820186885801989
2015-04-01,41.943558,-71.899596,0.0006390242598771796
2015-04-02,41.943558,-71.899596,0.03944268753504037
2015-04-03,41.943558,-71.899596,8.98724154226406
2015-04-04,41.943558,-71.899596,6.90025615655501
2015-04-05,41.943558,-71.899596,0.31239470103183475
2015-04-06,41.943558,-71.899596,0.48139625503713745
2015-04-07,41.943558,-71.899596,2.7275985244138905
2015-04-08,41.943558,-71.899596,0.9854593122813371
2015-04-09,41.943558,-71.899596,16.243735201056992
2015-04-10,41.943558,-71.899596,6.539448004110651
2015-04-11,41.943558,-71.899596,0.0
2015-04-12,41.943558,-71.899596,0.0
2015-04-13,41.943558,-71.899596,0.0
2015-04-14,41.943558,-71.899596,2.6502135161656453
2015-04-15,41.943558,-71.899596,0.006277068213137516
2015-04-16,41.943558,-71.899596,0.0
2015-04-17,41.943558,-71.899596,6.718623115255255
2015-04-18,41.943558,-71.899596,0.0
2015-04-19,41.943558,-71.899596,0.0
2015-04-20,41.943558,-71.899596,11.256324177298154
2015-04-21,41.943558,-71.899596,9.726666155003304
2015-04-22,41.943558,-71.899596,1.0007584923109607
2015-04-23,41.943558,-71.899596,0.4274360473620148
2015-04-24,41.943558,-71.899596,0.0
2015-04-25,41.943558,-71.899596,0.0
2015-04-26,41.943558,-71.899596,0.0
2015-04-27,41.943558,-71.899596,0.01871159958176311
2015-04-28,41.943558,-71.899596,0.0
2015-04-29,41.943558,-71.899596,0.0
2015-04-30,41.943558,-71.899596,0.03274530013941221
2015-05-01,41.943558,-71.899596,0.0
2015-05-02,41.943558,-71.899596,0.0
2015-05-03,41.943558,-71.899596,0.0
2015-05-04,41.943558,-71.899596,0.0
2015-05-05,41.943558,-71.899596,0.422954720491323
2015-05-06,41.943558,-71.899596,0.3096671191501268
2015-05-07,41.943558,-71.899596,0.0
2015-05-08,41.943558,-71.899596,0.0
2015-05-09,41.943558,-71.899596,0.0
2015-05-10,41.943558,-71.899596,0.0
2015-05-11,41.943558,-71.899596,0.0
2015-05-12,41.943558,-71.899596,0.016135764968529004
2015-05-13,41.943558,-71.899596,0.21020573890803557
2015-05-14,41.943558,-71.899596,0.0
2015-05-15,41.943558,-71.899596,0.0
2015-05-16,41.943558,-71.899596,0.008580937500496046
2015-05-17,41.943558,-71.899596,1.1520110116909899
2015-05-18,41.943558,-71.899596,0.0
2015-05-19,41.943558,-71.899596,4.270940172100449
2015-05-20,41.943558,-71.899596,12.95675555913805
2015-05-21,41.943558,-71.899596,0.0001597560649692949
2015-05-22,41.943558,-71.899596,0.18676057926698236
2015-05-23,41.943558,-71.899596,0.0
2015-05-24,41.943558,-71.899596,0.0
2015-05-25,41.943558,-71.899596,0.14332009445115504
2015-05-26,41.943558,-71.899596,0.16975741194809296
2015-05-27,41.943558,-71.899596,0.009677899783682067
2015-05-28,41.943558,-71.899596,0.37992895338044147
2015-05-29,41.943558,-71.899596,0.1377230909320178
2015-05-30,41.943558,-71.899596,0.0
2015-05-31,41.943558,-71.899596,29.950277466899312
2015-06-01,41.943558,-71.899596,16.605312932022187
2015-06-02,41.943558,-71.899596,17.983841134260135
2015-06-03,41.943558,-71.899596,0.002891136346618855
2015-06-04,41.943558,-71.899596,0.0
2015-06-05,41.943558,-71.899596,0.06596629765421155
2015-06-06,41.943558,-71.899596,0.16381219095908625
2015-06-07,41.943558,-71.899596,0.0
2015-06-08,41.943558,-71.899596,0.1971918608827885
2015-06-09,41.943558,-71.899596,2.649323780249277
2015-06-10,41.943558,-71.899596,0.0
2015-06-11,41.943558,-71.899596,0.0003195121299385898
2015-06-12,41.943558,-71.899596,0.003316278271224135
2015-06-13,41.943558,-71.899596,0.306789811084881
2015-06-14,41.943558,-71.899596,0.0
2015-06-15,41.943558,-71.899596,30.152265419771016
2015-06-16,41.943558,-71.899596,0.390628798190112
2015-06-17,41.943558,-71.899596,4.269361101738755
2015-06-18,41.943558,-71.899596,0.0
2015-06-19,41.943558,-71.899596,0.17052790701300422
2015-06-20,41.943558,-71.899596,0.0
2015-06-21,41.943558,-71.899596,21.7357179500345
2015-06-22,41.943558,-71.899596,0.0
2015-06-23,41.943558,-71.899596,5.89115261593743
2015-06-24,41.943558,-71.899596,1.985481639147321
2015-06-25,41.943558,-71.899596,3.320271593789228
2015-06-26,41.943558,-71.899596,0.8186756971101535
2015-06-27,41.943558,-71.899596,6.817912971903562
2015-06-28,41.943558,-71.899596,30.754682291179613
2015-06-29,41.943558,-71.899596,0.0
2015-06-30,41.943558,-71.899596,0.0
2015-07-01,41.943558,-71.899596,14.100696591854456
2015-07-02,41.943558,-71.899596,0.1609947694938013
2015-07-03,41.943558,-71.899596,5.179840573864576
2015-07-04,41.943558,-71.899596,1.0357776946700537
2015-07-05,41.943558,-71.899596,0.0
2015-07-06,41.943558,-71.899596,0.5371988451843166
2015-07-07,41.943558,-71.899596,0.0
2015-07-08,41.943558,-71.899596,0.9036493466480746
2015-07-09,41.943558,-71.899596,0.12238492046159243
2015-07-10,41.943558,-71.899596,7.227420030036706
2015-07-11,41.943558,-71.899596,0.0
2015-07-12,41.943558,-71.899596,0.0
2015-07-13,41.943558,-71.899596,0.07354666403846058
2015-07-14,41.943558,-71.899596,0.3947322853979261
2015-07-15,41.943558,-71.899596,5.998186190544129
2015-07-16,41.943558,-71.899596,0.0630389484043812
2015-07-17,41.943558,-71.899596,0.0
2015-07-18,41.943558,-71.899596,7.045984766176628
2015-07-19,41.943558,-71.899596,0.6933059350567913
2015-07-20,41.943558,-71.899596,1.9310946113727399
2015-07-21,41.943558,-71.899596,1.4733860847290776
2015-07-22,41.943558,-71.899596,4.987772413280063
2015-07-23,41.943558,-71.899596,0.0
2015-07-24,41.943558,-71.899596,7.701680814981555
2015-07-25,41.943558,-71.899596,0.33244160483941565
2015-07-26,41.943558,-71.899596,0.8007084039718929
2015-07-27,41.943558,-71.899596,0.5530964905753439
2015-07-28,41.943558,-71.899596,0.0
2015-07-29,41.943558,-71.899596,0.0
2015-07-30,41.943558,-71.899596,10.015002590630298
2015-07-31,41.943558,-71.899596,0.5394313811269037
2015-08-01,41.943558,-71.899596,0.0
2015-08-02,41.943558,-71.899596,0.0
2015-08-03,41.943558,-71.899596,0.0
2015-08-04,41.943558,-71.899596,9.191943849219946
2015-08-05,41.943558,-71.899596,0.0
2015-08-06,41.943558,-71.899596,0.0019481271339746287
2015-08-07,41.943558,-71.899596,0.0
2015-08-08,41.943558,-71.899596,0.0
2015-08-09,41.943558,-71.899596,0.0790193066778323
2015-08-10,41.943558,-71.899596,0.0
2015-08-11,41.943558,-71.899596,37.55019787728872
2015-08-12,41.943558,-71.899596,1.4019783218315842
2015-08-13,41.943558,-71.899596,0.0
2015-08-14,41.943558,-71.899596,0.0
2015-08-15,41.943558,-71.899596,0.0
2015-08-16,41.943558,-71.899596,18.630493588339316
2015-08-17,41.943558,-71.899596,0.0
2015-08-18,41.943558,-71.899596,0.0
2015-08-19,41.943558,-71.899596,0.0
2015-08-20,41.943558,-71.899596,0.0
2015-08-21,41.943558,-71.899596,3.552553353490934
2015-08-22,41.943558,-71.899596,0.8246825147967446
2015-08-23,41.943558,-71.899596,0.0
2015-08-24,41.943558,-71.899596,0.0
2015-08-25,41.943558,-71.899596,0.0
2015-08-26,41.943558,-71.899596,0.0
2015-08-27,41.943558,-71.899596,0.0
2015-08-28,41.943558,-71.899596,0.0
2015-08-29,41.943558,-71.899596,0.0
2015-08-30,41.943558,-71.899596,0.0
2015-08-31,41.943558,-71.899596,0.0
2015-09-01,41.943558,-71.899596,0.0
2015-09-02,41.943558,-71.899596,0.0
2015-09-03,41.943558,-71.899596,0.0
2015-09-04,41.943558,-71.899596,0.13642140672633052
2015-09-05,41.943558,-71.899596,0.0
2015-09-06,41.943558,-71.899596,0.0
2015-09-07,41.943558,-71.899596,0.0
2015-09-08,41.943558,-71.899596,0.0
2015-09-09,41.943558,-71.899596,0.0
2015-09-10,41.943558,-71.899596,26.731593420061873
2015-09-11,41.943558,-71.899596,5.750215028468865
2015-09-12,41.943558,-71.899596,0.029278043716476004
2015-09-13,41.943558,-71.899596,19.2379663207135
2015-09-14,41.943558,-71.899596,0.07903773821957474
2015-09-15,41.943558,-71.899596,0.0
2015-09-16,41.943558,-71.899596,0.0
2015-09-17,41.943558,-71.899596,0.0
2015-09-18,41.943558,-71.899596,0.0
2015-09-19,41.943558,-71.899596,0.0
2015-09-20,41.943558,-71.899596,0.0
2015-09-21,41.943558,-71.899596,0.0
2015-09-22,41.943558,-71.899596,0.14607283973452506
2015-09-23,41.943558,-71.899596,0.19113942929529018
2015-09-24,41.943558,-71.899596,0.0
2015-09-25,41.943558,-71.899596,0.0
2015-09-26,41.943558,-71.899596,0.004527515180669949
2015-09-27,41.943558,-71.899596,0.0
2015-09-28,41.943558,-71.899596,0.0
2015-09-29,41.943558,-71.899596,0.0
2015-09-30,41.943558,-71.899596,61.14337044091156
2015-10-01,41.943558,-71.899596,2.3930206060049244
2015-10-02,41.943558,-71.899596,28.811545282256137
2015-10-03,41.943558,-71.899596,3.7340041521374507
2015-10-04,41.943558,-71.899596,0.0
2015-10-05,41.943558,-71.899596,0.005359683748417756
2015-10-06,41.943558,-71.899596,0.0
2015-10-07,41.943558,-71.899596,0.016400863027522417
2015-10-08,41.943558,-71.899596,0.06601677443608882
2015-10-09,41.943558,-71.899596,1.6621175897166154
2015-10-10,41.943558,-71.899596,0.34488168038518724
2015-10-11,41.943558,-71.899596,0.0
2015-10-12,41.943558,-71.899596,0.0
2015-10-13,41.943558,-71.899596,2.274550987224309
2015-10-14,41.943558,-71.899596,0.0
2015-10-15,41.943558,-71.899596,0.0
2015-10-16,41.943558,-71.899596,0.5232317510985841
2015-10-17,41.943558,-71.899596,0.0
2015-10-18,41.943558,-71.899596,0.0
2015-10-19,41.943558,-71.899596,0.0
2015-10-20,41.943558,-71.899596,0.011960473930338528
2015-10-21,41.943558,-71.899596,0.845965004415287
2015-10-22,41.943558,-71.899596,0.007882357420519263
2015-10-23,41.943558,-71.899596,0.011788708967878165
2015-10-24,41.943558,-71.899596,0.002320158014032413
2015-10-25,41.943558,-71.899596,5.680402271829739
2015-10-26,41.943558,-71.899596,0.0
2015-10-27,41.943558,-71.899596,0.0
2015-10-28,41.943558,-71.899596,5.513278943525257
2015-10-29,41.943558,-71.899596,14.77985242299525
2015-10-30,41.943558,-71.899596,0.0
2015-10-31,41.943558,-71.899596,0.004640316028064826
2015-11-01,41.943558,-71.899596,7.27909366860163
2015-11-02,41.943558,-71.899596,0.0
2015-11-03,41.943558,-71.899596,0.0
2015-11-04,41.943558,-71.899596,0.0
2015-11-05,41.943558,-71.899596,0.0
2015-11-06,41.943558,-71.899596,0.0
2015-11-07,41.943558,-71.899596,0.09536398894142269
2015-11-08,41.943558,-71.899596,0.00032468785566243787
2015-11-09,41.943558,-71.899596,0.0
2015-11-10,41.943558,-71.899596,15.130765784368393
2015-11-11,41.943558,-71.899596,3.839871730087301
2015-11-12,41.943558,-71.899596,1.5032202058958193
2015-11-13,41.943558,-71.899596,0.0
2015-11-14,41.943558,-71.899596,0.0
2015-11-15,41.943558,-71.899596,0.0
2015-11-16,41.943558,-71.899596,0.0
2015-11-17,41.943558,-71.899596,0.0
2015-11-18,41.943558,-71.899596,0.0
2015-11-19,41.943558,-71.899596,1.3927666610711196
2015-11-20,41.943558,-71.899596,20.715636489053047
2015-11-21,41.943558,-71.899596,0.0
2015-11-22,41.943558,-71.899596,10.938790629841987
2015-11-23,41.943558,-71.899596,8.228321298455008
2015-11-24,41.943558,-71.899596,0.0
2015-11-25,41.943558,-71.899596,0.0
2015-11-26,41.943558,-71.899596,0.0
2015-11-27,41.943558,-71.899596,0.0
2015-11-28,41.943558,-71.899596,8.198446870458785
2015-11-29,41.943558,-71.899596,0.0006416121227391041
2015-11-30,41.943558,-71.899596,0.0
2015-12-01,41.943558,-71.899596,4.637233991694987
2015-12-02,41.943558,-71.899596,13.29484815856478
2015-12-03,41.943558,-71.899596,1.1487455028607834
2015-12-04,41.943558,-71.899596,0.0
2015-12-05,41.943558,-71.899596,0.0
2015-12-06,41.943558,-71.899596,0.0
2015-12-07,41.943558,-71.899596,0.11716619711983904
2015-12-08,41.943558,-71.899596,0.05187032226931134
2015-12-09,41.943558,-71.899596,0.0
2015-12-10,41.943558,-71.899596,0.0
2015-12-11,41.943558,-71.899596,0.0
2015-12-12,41.943558,-71.899596,0.0
2015-12-13,41.943558,-71.899596,1.1418826114569427
2015-12-14,41.943558,-71.899596,0.0
2015-12-15,41.943558,-71.899596,8.527055848116774
2015-12-16,41.943558,-71.899596,0.0
2015-12-17,41.943558,-71.899596,31.694741016649818
2015-12-18,41.943558,-71.899596,1.9526748345014568
2015-12-19,41.943558,-71.899596,0.0
2015-12-20,41.943558,-71.899596,0.0
2015-12-21,41.943558,-71.899596,0.1159548356520697
2015-12-22,41.943558,-71.899596,14.364761446950213
2015-12-23,41.943558,-71.899596,15.01713545647275
2015-12-24,41.943558,-71.899596,23.141890625797178
2015-12-25,41.943558,-71.899596,0.02785549737530111
2015-12-26,41.943558,-71.899596,2.1390869389814533
2015-12-27,41.943558,-71.899596,4.08560527476228
2015-12-28,41.943558,-71.899596,3.220405516512639
2015-12-29,41.943558,-71.899596,29.39722881037492
2015-12-30,41.943558,-71.899596,0.0
2015-12-31,41.943558,-71.899596,7.342016367264227
2016-01-01,41.943558,-71.899596,0.4961995522665049
2016-01-02,41.943558,-71.899596,0.0
2016-01-03,41.943558,-71.899596,0.0
2016-01-04,41.943558,-71.899596,0.0
2016-01-05,41.943558,-71.899596,0.0
2016-01-06,41.943558,-71.899596,0.0
2016-01-07,41.943558,-71.899596,0.05336363302625613
2016-01-08,41.943558,-71.899596,0.0
2016-01-09,41.943558,-71.899596,0.0
2016-01-10,41.943558,-71.899596,51.89092431021777
2016-01-11,41.943558,-71.899596,0.0
2016-01-12,41.943558,-71.899596,0.44279803634265835
2016-01-13,41.943558,-71.899596,0.0047154837628167285
2016-01-14,41.943558,-71.899596,0.0
2016-01-15,41.943558,-71.899596,0.0
2016-01-16,41.943558,-71.899596,24.630078900429254
2016-01-17,41.943558,-71.899596,0.7561330247187217
2016-01-18,41.943558,-71.899596,0.14392806848896206
2016-01-19,41.943558,-71.899596,0.0
2016-01-20,41.943558,-71.899596,0.0
2016-01-21,41.943558,-71.899596,0.0
2016-01-22,41.943558,-71.899596,0.0
2016-01-23,41.943558,-71.899596,16.466589491194974
2016-01-24,41.943558,-71.899596,3.175173964237804
2016-01-25,41.943558,-71.899596,0.0
2016-01-26,41.943558,-71.899596,0.009280632056129652
2016-01-27,41.943558,-71.899596,0.4487520184489911
2016-01-28,41.943558,-71.899596,0.0
2016-01-29,41.943558,-71.899596,0.09842456388336737
2016-01-30,41.943558,-71.899596,0.0
2016-01-31,41.943558,-71.899596,0.09032020116137929
2016-02-01,41.943558,-71.899596,0.08990411528463313
2016-02-02,41.943558,-71.899596,0.0
2016-02-03,41.943558,-71.899596,15.855292955314368
2016-02-04,41.943558,-71.899596,17.63793673814251
2016-02-05,41.943558,-71.899596,44.37208794419696
2016-02-06,41.943558,-71.899596,0.00016234392783121893
2016-02-07,41.943558,-71.899596,0.0
2016-02-08,41.943558,-71.899596,17.207589796587797
2016-02-09,41.943558,-71.899596,0.8129260994444107
2016-02-10,41.943558,-71.899596,0.009280632056129652
2016-02-11,41.943558,-71.899596,0.016504193609022205
2016-02-12,41.943558,-71.899596,0.0
2016-02-13,41.943558,-71.899596,0.0
2016-02-14,41.943558,-71.899596,0.0
2016-02-15,41.943558,-71.899596,1.3508857089972501
2016-02-16,41.943558,-71.899596,23.70964900141214
2016-02-17,41.943558,-71.899596,0.0
2016-02-18,41.943558,-71.899596,0.0
2016-02-19,41.943558,-71.899596,0.0
2016-02-20,41.943558,-71.899596,0.05558340674867569
2016-02-21,41.943558,-71.899596,0.0
2016-02-22,41.943558,-71.899596,0.7271067608180963
2016-02-23,41.943558,-71.899596,0.36694917823389034
2016-02-24,41.943558,-71.899596,11.032929354021359
2016-02-25,41.943558,-71.899596,23.419763440946262
2016-02-26,41.943558,-71.899596,0.0
2016-02-27,41.943558,-71.899596,0.0
2016-02-28,41.943558,-71.899596,0.014146451288450186
2016-02-29,41.943558,-71.899596,2.598016520589403
2016-03-01,41.943558,-71.899596,0.0
2016-03-02,41.943558,-71.899596,11.755008648572327
2016-03-03,41.943558,-71.899596,0.0
2016-03-04,41.943558,-71.899596,0.04044256550012403
2016-03-05,41.943558,-71.899596,0.0
2016-03-06,41.943558,-71.899596,0.0
2016-03-07,41.943558,-71.899596,0.0
2016-03-08,41.943558,-71.899596,0.0
2016-03-09,41.943558,-71.899596,0.0
2016-03-10,41.943558,-71.899596,6.134045011172176
2016-03-11,41.943558,-71.899596,10.250860445956574
2016-03-12,41.943558,-71.899596,0.0
2016-03-13,41.943558,-71.899596,0.0001597560649692949
2016-03-14,41.943558,-71.899596,12.657296572901787
2016-03-15,41.943558,-71.899596,0.6286948768546922
2016-03-16,41.943558,-71.899596,0.3225019678399734
2016-03-17,41.943558,-71.899596,7.691708323401902
2016-03-18,41.943558,-71.899596,0.027119299176698836
2016-03-19,41.943558,-71.899596,0.0
2016-03-20,41.943558,-71.899596,0.0
2016-03-21,41.943558,-71.899596,2.5984022523934005
2016-03-22,41.943558,-71.899596,0.0
2016-03-23,41.943558,-71.899596,11.15310777589491
2016-03-24,41.943558,-71.899596,0.0
2016-03-25,41.943558,-71.899596,1.1491829810840741
2016-03-26,41.943558,-71.899596,0.0
2016-03-27,41.943558,-71.899596,0.0
2016-03-28,41.943558,-71.899596,23.278738849507533
2016-03-29,41.943558,-71.899596,0.0
2016-03-30,41.943558,-71.899596,0.0
2016-03-31,41.943558,-71.899596,0.0
2016-04-01,41.943558,-71.899596,2.139456644434387
2016-04-02,41.943558,-71.899596,6.295066129986458
2016-04-03,41.943558,-71.899596,6.990070274694772
2016-04-04,41.943558,-71.899596,0.8531953084749362
2016-04-05,41.943558,-71.899596,0.0
2016-04-06,41.943558,-71.899596,0.018961119702673643
2016-04-07,41.943558,-71.899596,25.049276390498175
2016-04-08,41.943558,-71.899596,0.24539119306069523
2016-04-09,41.943558,-71.899596,0.0
2016-04-10,41.943558,-71.899596,0.016504193609022205
2016-04-11,41.943558,-71.899596,0.3067400560490587
2016-04-12,41.943558,-71.899596,8.433272901548113
2016-04-13,41.943558,-71.899596,0.0
2016-04-14,41.943558,-71.899596,0.0
2016-04-15,41.943558,-71.899596,0.0
2016-04-16,41.943558,-71.899596,0.0
2016-04-17,41.943558,-71.899596,0.0
2016-04-18,41.943558,-71.899596,0.0
2016-04-19,41.943558,-71.899596,0.6024522163058468
2016-04-20,41.943558,-71.899596,0.0
2016-04-21,41.943558,-71.899596,0.0
2016-04-22,41.943558,-71.899596,0.6246550562298553
2016-04-23,41.943558,-71.899596,17.35081779000871
2016-04-24,41.943558,-71.899596,0.0
2016-04-25,41.943558,-71.899596,0.011600789637998946
2016-04-26,41.943558,-71.899596,5.9672874046641375
2016-04-27,41.943558,-71.899596,0.0
2016-04-28,41.943558,-71.899596,0.003378168099873598
2016-04-29,41.943558,-71.899596,2.5964244680488493
2016-04-30,41.943558,-71.899596,0.005790036399404943
2016-05-01,41.943558,-71.899596,3.1765807680221845
2016-05-02,41.943558,-71.899596,5.937345558541436
2016-05-03,41.943558,-71.899596,12.0355758510777
2016-05-04,41.943558,-71.899596,3.6027798730146827
2016-05-05,41.943558,-71.899596,3.9617856138681584
2016-05-06,41.943558,-71.899596,0.3496198907181759
2016-05-07,41.943558,-71.899596,5.315991928530937
2016-05-08,41.943558,-71.899596,1.8442050923620295
2016-05-09,41.943558,-71.899596,0.0
2016-05-10,41.943558,-71.899596,0.0
2016-05-11,41.943558,-71.899596,0.0
2016-05-12,41.943558,-71.899596,0.0
2016-05-13,41.943558,-71.899596,5.098899616363146
2016-05-14,41.943558,-71.899596,6.191160089464555
2016-05-15,41.943558,-71.899596,1.8652166909629502
2016-05-16,41.943558,-71.899596,0.0
2016-05-17,41.943558,-71.899596,0.09840457722279196
2016-05-18,41.943558,-71.899596,0.4748555370126415
2016-05-19,41.943558,-71.899596,0.6302770241929265
2016-05-20,41.943558,-71.899596,0.8841597571593616
2016-05-21,41.943558,-71.899596,0.760861824048806
2016-05-22,41.943558,-71.899596,2.0811471618084076
2016-05-23,41.943558,-71.899596,0.0
2016-05-24,41.943558,-71.899596,3.8364165837918063
2016-05-25,41.943558,-71.899596,0.0
2016-05-26,41.943558,-71.899596,0.2399961434630714
2016-05-27,41.943558,-71.899596,0.0
2016-05-28,41.943558,-71.899596,0.06309118712225562
2016-05-29,41.943558,-71.899596,0.0
2016-05-30,41.943558,-71.899596,16.2674830973884
2016-05-31,41.943558,-71.899596,1.643116444043083
2016-06-01,41.943558,-71.899596,0.0
2016-06-02,41.943558,-71.899596,0.0
2016-06-03,41.943558,-71.899596,4.862654981068416
2016-06-04,41.943558,-71.899596,0.0
2016-06-05,41.943558,-71.899596,8.823950560053209
2016-06-06,41.943558,-71.899596,3.8900352046489983
2016-06-07,41.943558,-71.899596,0.09555722820377417
2016-06-08,41.943558,-71.899596,0.15613471349884742
2016-06-09,41.943558,-71.899596,0.0
2016-06-10,41.943558,-71.899596,0.051118642314812515
2016-06-11,41.943558,-71.899596,3.827071260752677
2016-06-12,41.943558,-71.899596,0.0004844439206317328
2016-06-13,41.943558,-71.899596,0.01032468763214502
2016-06-14,41.943558,-71.899596,0.0
2016-06-15,41.943558,-71.899596,0.0
2016-06-16,41.943558,-71.899596,0.8294485467099434
2016-06-17,41.943558,-71.899596,0.0
2016-06-18,41.943558,-71.899596,0.0
2016-06-19,41.943558,-71.899596,0.0
2016-06-20,41.943558,-71.899596,0.0
2016-06-21,41.943558,-71.899596,4.259305685710003
2016-06-22,41.943558,-71.899596,0.39552489410215114
2016-06-23,41.943558,-71.899596,0.012504219847478739
2016-06-24,41.943558,-71.899596,0.0
2016-06-25,41.943558,-71.899596,0.0
2016-06-26,41.943558,-71.899596,0.0
2016-06-27,41.943558,-71.899596,0.1709746977812495
2016-06-28,41.943558,-71.899596,0.5016812073714753
2016-06-29,41.943558,-71.899596,2.768215418064333
2016-06-30,41.943558,-71.899596,0.0
2016-07-01,41.943558,-71.899596,3.8287929877966027
2016-07-02,41.943558,-71.899596,9.103852850107508
2016-07-03,41.943558,-71.899596,0.0
2016-07-04,41.943558,-71.899596,0.07542097969099477
2016-07-05,41.943558,-71.899596,10.833449708028466
2016-07-06,41.943558,-71.899596,0.0
2016-07-07,41.943558,-71.899596,10.224755187020426
2016-07-08,41.943558,-71.899596,0.0
2016-07-09,41.943558,-71.899596,0.009430967525633457
2016-07-10,41.943558,-71.899596,0.9332898637440651
2016-07-11,41.943558,-71.899596,0.579911400467704
2016-07-12,41.943558,-71.899596,0.0006390242598771796
2016-07-13,41.943558,-71.899596,0.0
2016-07-14,41.943558,-71.899596,2.319460209963648
2016-07-15,41.943558,-71.899596,0.0
2016-07-16,41.943558,-71.899596,0.02806739937264466
2016-07-17,41.943558,-71.899596,0.06026272043468339
2016-07-18,41.943558,-71.899596,5.351332522557906
2016-07-19,41.943558,-71.899596,1.172760703265851
2016-07-20,41.943558,-71.899596,0.02320157927599789
2016-07-21,41.943558,-71.899596,0.0
2016-07-22,41.943558,-71.899596,1.1852201644843205
2016-07-23,41.943558,-71.899596,0.2787790451085173
2016-07-24,41.943558,-71.899596,0.007073225644225093
2016-07-25,41.943558,-71.899596,0.5077367063193843
2016-07-26,41.943558,-71.899596,1.3355706072080744
2016-07-27,41.943558,-71.899596,0.0
2016-07-28,41.943558,-71.899596,0.0
2016-07-29,41.943558,-71.899596,20.72041456233581
2016-07-30,41.943558,-71.899596,0.08852536851460201
2016-07-31,41.943558,-71.899596,3.2989776880088666
2016-08-01,41.943558,-71.899596,11.302082370886549
2016-08-02,41.943558,-71.899596,14.290576329564171
2016-08-03,41.943558,-71.899596,0.0
2016-08-04,41.943558,-71.899596,0.0
2016-08-05,41.943558,-71.899596,0.0
2016-08-06,41.943558,-71.899596,2.7141343624494976
2016-08-07,41.943558,-71.899596,0.0
2016-08-08,41.943558,-71.899596,0.0
2016-08-09,41.943558,-71.899596,0.0
2016-08-10,41.943558,-71.899596,8.319984113022796
2016-08-11,41.943558,-71.899596,0.16420041613635988
2016-08-12,41.943558,-71.899596,18.562540580164985
2016-08-13,41.943558,-71.899596,4.340757907567114
2016-08-14,41.943558,-71.899596,5.70886106215825
2016-08-15,41.943558,-71.899596,0.009280632056129652
2016-08-16,41.943558,-71.899596,1.7466414494397302
2016-08-17,41.943558,-71.899596,0.9734103925320647
2016-08-18,41.943558,-71.899596,0.27851449158657615
2016-08-19,41.943558,-71.899596,0.0
2016-08-20,41.943558,-71.899596,0.0
2016-08-21,41.943558,-71.899596,0.013201869408460232
2016-08-22,41.943558,-71.899596,10.244822280808254
2016-08-23,41.943558,-71.899596,0.0
2016-08-24,41.943558,-71.899596,0.0
2016-08-25,41.943558,-71.899596,0.0
2016-08-26,41.943558,-71.899596,0.0
2016-08-27,41.943558,-71.899596,0.0
2016-08-28,41.943558,-71.899596,0.0
2016-08-29,41.943558,-71.899596,0.0424957780663318
2016-08-30,41.943558,-71.899596,0.0
2016-08-31,41.943558,-71.899596,1.9877487274684762
2016-09-01,41.943558,-71.899596,17.603319561419113
2016-09-02,41.943558,-71.899596,0.0
2016-09-03,41.943558,-71.899596,0.005279340287942006
2016-09-04,41.943558,-71.899596,0.0
2016-09-05,41.943558,-71.899596,0.41669261864748514
2016-09-06,41.943558,-71.899596,0.0012987514226497515
2016-09-07,41.943558,-71.899596,0.0
2016-09-08,41.943558,-71.899596,0.0
2016-09-09,41.943558,-71.899596,2.964564551747782
2016-09-10,41.943558,-71.899596,0.1938245400456209
2016-09-11,41.943558,-71.899596,0.09307876052131893
2016-09-12,41.943558,-71.899596,0.0
2016-09-13,41.943558,-71.899596,0.0
2016-09-14,41.943558,-71.899596,0.7013544129426565
2016-09-15,41.943558,-71.899596,0.166829186635202
2016-09-16,41.943558,-71.899596,0.0
2016-09-17,41.943558,-71.899596,0.0
2016-09-18,41.943558,-71.899596,0.11977621274800983
2016-09-19,41.943558,-71.899596,27.00719480389771
2016-09-20,41.943558,-71.899596,0.021081349921498887
2016-09-21,41.943558,-71.899596,0.0
2016-09-22,41.943558,-71.899596,0.0
2016-09-23,41.943558,-71.899596,0.10552486931985072
2016-09-24,41.943558,-71.899596,0.5015151375209697
2016-09-25,41.943558,-71.899596,0.0
2016-09-26,41.943558,-71.899596,0.0
2016-09-27,41.943558,-71.899596,8.74245160610566
2016-09-28,41.943558,-71.899596,0.0025200858092395834
2016-09-29,41.943558,-71.899596,0.0
2016-09-30,41.943558,-71.899596,11.833013677835119
2016-10-01,41.943558,-71.899596,2.7722485305886404
2016-10-02,41.943558,-71.899596,0.0004870317834936572
2016-10-03,41.943558,-71.899596,0.6650800190570083
2016-10-04,41.943558,-71.899596,0.0
2016-10-05,41.943558,-71.899596,0.0
2016-10-06,41.943558,-71.899596,0.0
2016-10-07,41.943558,-71.899596,0.0
2016-10-08,41.943558,-71.899596,1.034422939115524
2016-10-09,41.943558,-71.899596,53.96810244611092
2016-10-10,41.943558,-71.899596,0.03887228605567977
2016-10-11,41.943558,-71.899596,0.0
2016-10-12,41.943558,-71.899596,0.002320158014032413
2016-10-13,41.943558,-71.899596,0.33150420482864146
2016-10-14,41.943558,-71.899596,0.0
2016-10-15,41.943558,-71.899596,0.0
2016-10-16,41.943558,-71.899596,0.0
2016-10-17,41.943558,-71.899596,0.2026844918994995
2016-10-18,41.943558,-71.899596,0.0
2016-10-19,41.943558,-71.899596,0.0
2016-10-20,41.943558,-71.899596,0.0
2016-10-21,41.943558,-71.899596,23.169941390802208
2016-10-22,41.943558,-71.899596,6.349176731793312
2016-10-23,41.943558,-71.899596,0.3083259443400528
2016-10-24,41.943558,-71.899596,1.3108740876149658
2016-10-25,41.943558,-71.899596,0.0
2016-10-26,41.943558,-71.899596,0.0
2016-10-27,41.943558,-71.899596,14.359508654243395
2016-10-28,41.943558,-71.899596,3.0784331146813972
2016-10-29,41.943558,-71.899596,0.7586143631443446
2016-10-30,41.943558,-71.899596,4.450384381128161
2016-10-31,41.943558,-71.899596,2.428735941387992
2016-11-01,41.943558,-71.899596,0.0
2016-11-02,41.943558,-71.899596,0.01403369968632233
2016-11-03,41.943558,-71.899596,0.00559146230368221
2016-11-04,41.943558,-71.899596,0.0
2016-11-05,41.943558,-71.899596,0.0
2016-11-06,41.943558,-71.899596,0.23694219301258915
2016-11-07,41.943558,-71.899596,0.0
2016-11-08,41.943558,-71.899596,0.0
2016-11-09,41.943558,-71.899596,0.020507177544508367
2016-11-10,41.943558,-71.899596,0.3833146656093767
2016-11-11,41.943558,-71.899596,0.03811846451794768
2016-11-12,41.943558,-71.899596,0.0
2016-11-13,41.943558,-71.899596,0.5347540491285588
2016-11-14,41.943558,-71.899596,0.0
2016-11-15,41.943558,-71.899596,21.738250814310117
2016-11-16,41.943558,-71.899596,0.0
2016-11-17,41.943558,-71.899596,0.0
2016-11-18,41.943558,-71.899596,0.0
2016-11-19,41.943558,-71.899596,0.0
2016-11-20,41.943558,-71.899596,1.042733682429527
2016-11-21,41.943558,-71.899596,0.8054938794892437
2016-11-22,41.943558,-71.899596,0.0
2016-11-23,41.943558,-71.899596,0.0
2016-11-24,41.943558,-71.899596,2.129305763378119
2016-11-25,41.943558,-71.899596,0.3135184830069097
2016-11-26,41.943558,-71.899596,0.0
2016-11-27,41.943558,-71.899596,0.0
2016-11-28,41.943558,-71.899596,0.0
2016-11-29,41.943558,-71.899596,46.049791170179354
2016-11-30,41.943558,-71.899596,27.98527226077686
2016-12-01,41.943558,-71.899596,8.666895696466113
2016-12-02,41.943558,-71.899596,0.0
2016-12-03,41.943558,-71.899596,0.0
2016-12-04,41.943558,-71.899596,0.0
2016-12-05,41.943558,-71.899596,1.9122594952808971
2016-12-06,41.943558,-71.899596,0.0047154837628167285
2016-12-07,41.943558,-71.899596,3.0128423730250478
2016-12-08,41.943558,-71.899596,0.0
2016-12-09,41.943558,-71.899596,0.03536612690363449
2016-12-10,41.943558,-71.899596,0.0
2016-12-11,41.943558,-71.899596,0.0
2016-12-12,41.943558,-71.899596,18.69329045043195
2016-12-13,41.943558,-71.899596,0.30776959145491267
2016-12-14,41.943558,-71.899596,0.01195105333487304
2016-12-15,41.943558,-71.899596,0.0
2016-12-16,41.943558,-71.899596,0.0
2016-12-17,41.943558,-71.899596,17.725447034713007
2016-12-18,41.943558,-71.899596,18.249149282506036
2016-12-19,41.943558,-71.899596,7.658986945377734
2016-12-20,41.943558,-71.899596,0.0
2016-12-21,41.943558,-71.899596,0.33761690627481533
2016-12-22,41.943558,-71.899596,1.6568099727799486
2016-12-23,41.943558,-71.899596,0.028083011411266
2016-12-24,41.943558,-71.899596,16.599939227847646
2016-12-25,41.943558,-71.899596,0.0
2016-12-26,41.943558,-71.899596,0.0208814216941286
2016-12-27,41.943558,-71.899596,2.3095099001937225
2016-12-28,41.943558,-71.899596,0.0
2016-12-29,41.943558,-71.899596,9.955886984243973
2016-12-30,41.943558,-71.899596,0.6456653699693656
2016-12-31,41.943558,-71.899596,0.19194319677193378
2017-01-01,41.943558,-71.899596,7.876719753398891
2017-01-02,41.943558,-71.899596,0.0038341455592630818
2017-01-03,41.943558,-71.899596,25.121748247391007
2017-01-04,41.943558,-71.899596,2.310658960334069
2017-01-05,41.943558,-71.899596,0.0
2017-01-06,41.943558,-71.899596,0.6411676516713913
2017-01-07,41.943558,-71.899596,5.4065008720498415
2017-01-08,41.943558,-71.899596,0.0
2017-01-09,41.943558,-71.899596,0.0
2017-01-10,41.943558,-71.899596,0.8793961390341096
2017-01-11,41.943558,-71.899596,10.554800548400262
2017-01-12,41.943558,-71.899596,26.58148985548306
2017-01-13,41.943558,-71.899596,6.476480387610911
2017-01-14,41.943558,-71.899596,0.007759254337186827
2017-01-15,41.943558,-71.899596,0.0
2017-01-16,41.943558,-71.899596,0.0
2017-01-17,41.943558,-71.899596,2.6542514213636643
2017-01-18,41.943558,-71.899596,1.6057600869925834
2017-01-19,41.943558,-71.899596,0.0
2017-01-20,41.943558,-71.899596,0.0
2017-01-21,41.943558,-71.899596,0.0
2017-01-22,41.943558,-71.899596,0.0
2017-01-23,41.943558,-71.899596,2.7513472526020886
2017-01-24,41.943558,-71.899596,47.02550983709222
2017-01-25,41.943558,-71.899596,1.8752682253233768
2017-01-26,41.943558,-71.899596,0.3047959730305024
2017-01-27,41.943558,-71.899596,0.0
2017-01-28,41.943558,-71.899596,0.0
2017-01-29,41.943558,-71.899596,0.0
2017-01-30,41.943558,-71.899596,0.0
2017-01-31,41.943558,-71.899596,0.8088574265197608
2017-02-01,41.943558,-71.899596,0.0
2017-02-02,41.943558,-71.899596,1.9319448493953986
2017-02-03,41.943558,-71.899596,0.0
2017-02-04,41.943558,-71.899596,0.0
2017-02-05,41.943558,-71.899596,0.0069604740420972375
2017-02-06,41.943558,-71.899596,0.9197247079219573
2017-02-07,41.943558,-71.899596,9.595312873950137
2017-02-08,41.943558,-71.899596,6.8408968135870225
2017-02-09,41.943558,-71.899596,28.879184771662633
2017-02-10,41.943558,-71.899596,0.0060067255414274975
2017-02-11,41.943558,-71.899596,3.6933918190002766
2017-02-12,41.943558,-71.899596,14.731473725691956
2017-02-13,41.943558,-71.899596,0.0
2017-02-14,41.943558,-71.899596,0.3679325159445123
2017-02-15,41.943558,-71.899596,0.0
2017-02-16,41.943558,-71.899596,0.0593456520176482
2017-02-17,41.943558,-71.899596,0.04210109818764022
2017-02-18,41.943558,-71.899596,0.0
2017-02-19,41.943558,-71.899596,0.0
2017-02-20,41.943558,-71.899596,0.4184556852938873
2017-02-21,41.943558,-71.899596,0.0
2017-02-22,41.943558,-71.899596,1.6277159009550164
2017-02-23,41.943558,-71.899596,0.0
2017-02-24,41.943558,-71.899596,0.0
2017-02-25,41.943558,-71.899596,0.0
2017-02-26,41.943558,-71.899596,7.210778390791027
2017-02-27,41.943558,-71.899596,0.0
2017-02-28,41.943558,-71.899596,0.022241118687416395
2017-03-01,41.943558,-71.899596,7.571090208338742
2017-03-02,41.943558,-71.899596,0.8733002027098626
2017-03-03,41.943558,-71.899596,0.0
2017-03-04,41.943558,-71.899596,0.00032468785566243787
2017-03-05,41.943558,-71.899596,0.0
2017-03-06,41.943558,-71.899596,0.0
2017-03-07,41.943558,-71.899596,2.5599086553999433
2017-03-08,41.943558,-71.899596,12.452938475684434
2017-03-09,41.943558,-71.899596,0.0
2017-03-10,41.943558,-71.899596,0.7451471386067926
2017-03-11,41.943558,-71.899596,0.0
2017-03-12,41.943558,-71.899596,0.01175112553966587
2017-03-13,41.943558,-71.899596,0.0
2017-03-14,41.943558,-71.899596,28.512331258407194
2017-03-15,41.943558,-71.899596,0.0
2017-03-16,41.943558,-71.899596,0.0
2017-03-17,41.943558,-71.899596,0.0
2017-03-18,41.943558,-71.899596,0.03098111919329473
2017-03-19,41.943558,-71.899596,0.0064937568713374525
2017-03-20,41.943558,-71.899596,0.060587196307801156
2017-03-21,41.943558,-71.899596,1.399527738036007
2017-03-22,41.943558,-71.899596,0.0
2017-03-23,41.943558,-71.899596,0.0
2017-03-24,41.943558,-71.899596,8.00228314791198
2017-03-25,41.943558,-71.899596,7.5955223380639305
2017-03-26,41.943558,-71.899596,0.17268182382345557
2017-03-27,41.943558,-71.899596,13.367360132007013
2017-03-28,41.943558,-71.899596,8.573216409034563
2017-03-29,41.943558,-71.899596,10.466013208971178
2017-03-30,41.943558,-71.899596,0.018561264112259303
2017-03-31,41.943558,-71.899596,11.194538652724678
2017-04-01,41.943558,-71.899596,21.403229910463168
2017-04-02,41.943558,-71.899596,0.22423752335367608
2017-04-03,41.943558,-71.899596,0.43283937212131396
2017-04-04,41.943558,-71.899596,29.988418666447803
2017-04-05,41.943558,-71.899596,0.6339996628520616
2017-04-06,41.943558,-71.899596,25.398185672405983
2017-04-07,41.943558,-71.899596,0.0
2017-04-08,41.943558,-71.899596,0.008099081653434596
2017-04-09,41.943558,-71.899596,0.0
2017-04-10,41.943558,-71.899596,0.0
2017-04-11,41.943558,-71.899596,0.1737463569941736
2017-04-12,41.943558,-71.899596,1.618779939771001
2017-04-13,41.943558,-71.899596,4.186404394841985
2017-04-14,41.943558,-71.899596,0.00016234392783121893
2017-04-15,41.943558,-71.899596,1.4473271591472832
2017-04-16,41.943558,-71.899596,1.846585439497921
2017-04-17,41.943558,-71.899596,3.259674140260567
2017-04-18,41.943558,-71.899596,0.005627692622768299
2017-04-19,41.943558,-71.899596,1.6525068987941773
2017-04-20,41.943558,-71.899596,0.8305908384224514
2017-04-21,41.943558,-71.899596,5.735818563285056
2017-04-22,41.943558,-71.899596,1.5040948792613031
2017-04-23,41.943558,-71.899596,0.19194759582088777
2017-04-24,41.943558,-71.899596,0.5441913450232052
2017-04-25,41.943558,-71.899596,15.495005119343814
2017-04-26,41.943558,-71.899596,13.541155707400458
2017-04-27,41.943558,-71.899596,0.0
2017-04-28,41.943558,-71.899596,1.0108944546287504
2017-04-29,41.943558,-71.899596,1.089188645813444
2017-04-30,41.943558,-71.899596,3.8291079986709438
2017-05-01,41.943558,-71.899596,0.015623143431061316
2017-05-02,41.943558,-71.899596,6.309776714591042
2017-05-03,41.943558,-71.899596,0.0
2017-05-04,41.943558,-71.899596,0.0
2017-05-05,41.943558,-71.899596,29.705217805694794
2017-05-06,41.943558,-71.899596,14.450709238622967
2017-05-07,41.943558,-71.899596,1.4732146662183043
2017-05-08,41.943558,-71.899596,0.0
2017-05-09,41.943558,-71.899596,0.004640316028064826
2017-05-10,41.943558,-71.899596,0.0022702270965362296
2017-05-11,41.943558,-71.899596,0.0
2017-05-12,41.943558,-71.899596,0.0
2017-05-13,41.943558,-71.899596,5.718060293102186
2017-05-14,41.943558,-71.899596,30.90256351032262
2017-05-15,41.943558,-71.899596,5.048123165877242
2017-05-16,41.943558,-71.899596,0.0
2017-05-17,41.943558,-71.899596,0.06324560868905349
2017-05-18,41.943558,-71.899596,0.0
2017-05-19,41.943558,-71.899596,1.1953535282469006
2017-05-20,41.943558,-71.899596,0.0012987514226497515
2017-05-21,41.943558,-71.899596,0.0
2017-05-22,41.943558,-71.899596,9.145013333980783
2017-05-23,41.943558,-71.899596,1.9509760029468888
2017-05-24,41.943558,-71.899596,6.571903239382989
2017-05-25,41.943558,-71.899596,11.29528511480231
2017-05-26,41.943558,-71.899596,31.140139934037727
2017-05-27,41.943558,-71.899596,0.2764909517794693
2017-05-28,41.943558,-71.899596,1.1537195709254908
2017-05-29,41.943558,-71.899596,1.3872636712658974
2017-05-30,41.943558,-71.899596,0.01871159958176311
2017-05-31,41.943558,-71.899596,0.031246232387664677
2017-06-01,41.943558,-71.899596,4.124613828403035
2017-06-02,41.943558,-71.899596,0.6842741741131287
2017-06-03,41.943558,-71.899596,0.0
2017-06-04,41.943558,-71.899596,4.736730077904279
2017-06-05,41.943558,-71.899596,6.1620510933635995
2017-06-06,41.943558,-71.899596,18.034482536202194
2017-06-07,41.943558,-71.899596,0.0
2017-06-08,41.943558,-71.899596,1.6763277296174934
2017-06-09,41.943558,-71.899596,0.26690512647922054
2017-06-10,41.943558,-71.899596,0.0
2017-06-11,41.943558,-71.899596,0.05542162070968289
2017-06-12,41.943558,-71.899596,0.0
2017-06-13,41.943558,-71.899596,2.4018187391539016
2017-06-14,41.943558,-71.899596,0.12036063320146287
2017-06-15,41.943558,-71.899596,0.0
2017-06-16,41.943558,-71.899596,11.149712138209175
2017-06-17,41.943558,-71.899596,2.3268847677977633
2017-06-18,41.943558,-71.899596,0.004383285839770514
2017-06-19,41.943558,-71.899596,2.0379661713876303
2017-06-20,41.943558,-71.899596,17.737999417663033
2017-06-21,41.943558,-71.899596,0.003514633488838257
2017-06-22,41.943558,-71.899596,0.0
2017-06-23,41.943558,-71.899596,0.050971370443611906
2017-06-24,41.943558,-71.899596,10.925872278944361
2017-06-25,41.943558,-71.899596,0.18154612442928036
2017-06-26,41.943558,-71.899596,0.0
2017-06-27,41.943558,-71.899596,4.039657303740458
2017-06-28,41.943558,-71.899596,0.1028762156099774
2017-06-29,41.943558,-71.899596,0.5606206883633272
2017-06-30,41.943558,-71.899596,6.6479152841829
2017-07-01,41.943558,-71.899596,2.5082555494956345
2017-07-02,41.943558,-71.899596,0.5893538451908622
2017-07-03,41.943558,-71.899596,0.21474770946236477
2017-07-04,41.943558,-71.899596,0.0
2017-07-05,41.943558,-71.899596,0.0
2017-07-06,41.943558,-71.899596,0.0
2017-07-07,41.943558,-71.899596,11.955982169340912
2017-07-08,41.943558,-71.899596,0.0
2017-07-09,41.943558,-71.899596,0.04047862429897586
2017-07-10,41.943558,-71.899596,0.0
2017-07-11,41.943558,-71.899596,10.015579227881373
2017-07-12,41.943558,-71.899596,13.315847684140094
2017-07-13,41.943558,-71.899596,17.804425590639678
2017-07-14,41.943558,-71.899596,6.274073856456534
2017-07-15,41.943558,-71.899596,0.0
2017-07-16,41.943558,-71.899596,0.0
2017-07-17,41.943558,-71.899596,0.0165590806992622
2017-07-18,41.943558,-71.899596,3.707663176884291
2017-07-19,41.943558,-71.899596,0.9330870888993114
2017-07-20,41.943558,-71.899596,0.2151580908507375
2017-07-21,41.943558,-71.899596,0.011113115670974451
2017-07-22,41.943558,-71.899596,1.3052269419317268
2017-07-23,41.943558,-71.899596,2.421412072004723
2017-07-24,41.943558,-71.899596,9.35784206428609
2017-07-25,41.943558,-71.899596,0.0
2017-07-26,41.943558,-71.899596,0.0
2017-07-27,41.943558,-71.899596,6.903458770839079
2017-07-28,41.943558,-71.899596,0.0006390242598771796
2017-07-29,41.943558,-71.899596,0.6715540896203317
2017-07-30,41.943558,-71.899596,0.0
2017-07-31,41.943558,-71.899596,0.0
2017-08-01,41.943558,-71.899596,0.0
2017-08-02,41.943558,-71.899596,15.173563172676289
2017-08-03,41.943558,-71.899596,0.38681162170987415
2017-08-04,41.943558,-71.899596,0.0
2017-08-05,41.943558,-71.899596,12.50069656227879
2017-08-06,41.943558,-71.899596,0.0
2017-08-07,41.943558,-71.899596,3.7810120214223746
2017-08-08,41.943558,-71.899596,0.08762043899420838
2017-08-09,41.943558,-71.899596,0.0
2017-08-10,41.943558,-71.899596,0.0
2017-08-11,41.943558,-71.899596,0.0024825019418636316
2017-08-12,41.943558,-71.899596,10.461204179597988
2017-08-13,41.943558,-71.899596,0.04479709618592257
2017-08-14,41.943558,-71.899596,0.2402506105529511
2017-08-15,41.943558,-71.899596,2.135288512652111
2017-08-16,41.943558,-71.899596,0.0
2017-08-17,41.943558,-71.899596,0.0
2017-08-18,41.943558,-71.899596,1.2130665634104947
2017-08-19,41.943558,-71.899596,0.2579588156099841
2017-08-20,41.943558,-71.899596,0.0
2017-08-21,41.943558,-71.899596,0.0
2017-08-22,41.943558,-71.899596,0.0
2017-08-23,41.943558,-71.899596,1.665249600553637
2017-08-24,41.943558,-71.899596,0.0
2017-08-25,41.943558,-71.899596,0.0
2017-08-26,41.943558,-71.899596,0.0
2017-08-27,41.943558,-71.899596,0.0
2017-08-28,41.943558,-71.899596,0.0
2017-08-29,41.943558,-71.899596,1.489888598732703
2017-08-30,41.943558,-71.899596,20.96794493658181
2017-08-31,41.943558,-71.899596,0.0
2017-09-01,41.943558,-71.899596,0.0
2017-09-02,41.943558,-71.899596,0.0023577418814083643
2017-09-03,41.943558,-71.899596,28.878186808364635
2017-09-04,41.943558,-71.899596,0.0
2017-09-05,41.943558,-71.899596,0.0
2017-09-06,41.943558,-71.899596,9.493314368181723
2017-09-07,41.943558,-71.899596,34.42906682775308
2017-09-08,41.943558,-71.899596,0.0
2017-09-09,41.943558,-71.899596,0.0
2017-09-10,41.943558,-71.899596,0.0
2017-09-11,41.943558,-71.899596,0.0
2017-09-12,41.943558,-71.899596,0.0
2017-09-13,41.943558,-71.899596,0.0
2017-09-14,41.943558,-71.899596,0.0
2017-09-15,41.943558,-71.899596,1.2357924942814018
2017-09-16,41.943558,-71.899596,0.0
2017-09-17,41.943558,-71.899596,0.0
2017-09-18,41.943558,-71.899596,0.0
2017-09-19,41.943558,-71.899596,0.7844517194307432
2017-09-20,41.943558,-71.899596,0.6509285656794344
2017-09-21,41.943558,-71.899596,3.4386864206786028
2017-09-22,41.943558,-71.899596,0.0
2017-09-23,41.943558,-71.899596,0.0
2017-09-24,41.943558,-71.899596,0.0
2017-09-25,41.943558,-71.899596,0.0
2017-09-26,41.943558,-71.899596,0.0
2017-09-27,41.943558,-71.899596,0.0
2017-09-28,41.943558,-71.899596,0.03156154921827413
2017-09-29,41.943558,-71.899596,0.0
2017-09-30,41.943558,-71.899596,0.9260127249435846
2017-10-01,41.943558,-71.899596,0.0
2017-10-02,41.943558,-71.899596,0.0
2017-10-03,41.943558,-71.899596,0.0
2017-10-04,41.943558,-71.899596,0.0
2017-10-05,41.943558,-71.899596,0.0
2017-10-06,41.943558,-71.899596,0.7153832774606831
2017-10-07,41.943558,-71.899596,1.8436894506530368
2017-10-08,41.943558,-71.899596,6.473225088566472
2017-10-09,41.943558,-71.899596,9.087276672594626
2017-10-10,41.943558,-71.899596,0.008371977506038504
2017-10-11,41.943558,-71.899596,0.6124692113382566
2017-10-12,41.943558,-71.899596,6.462538562616351
2017-10-13,41.943558,-71.899596,0.0
2017-10-14,41.943558,-71.899596,0.0
2017-10-15,41.943558,-71.899596,0.0
2017-10-16,41.943558,-71.899596,0.4778343975075713
2017-10-17,41.943558,-71.899596,0.0
2017-10-18,41.943558,-71.899596,0.0
2017-10-19,41.943558,-71.899596,0.0
2017-10-20,41.943558,-71.899596,0.0
2017-10-21,41.943558,-71.899596,0.23230801106292787
2017-10-22,41.943558,-71.899596,0.0
2017-10-23,41.943558,-71.899596,0.0
2017-10-24,41.943558,-71.899596,19.721197249002728
2017-10-25,41.943558,-71.899596,20.306659300828272
2017-10-26,41.943558,-71.899596,33.6133171022364
2017-10-27,41.943558,-71.899596,0.0
2017-10-28,41.943558,-71.899596,0.0
2017-10-29,41.943558,-71.899596,16.150529103137476
2017-10-30,41.943558,-71.899596,55.55815163702545
2017-10-31,41.943558,-71.899596,0.0
2017-11-01,41.943558,-71.899596,0.05536299959465144
2017-11-02,41.943558,-71.899596,0.0
2017-11-03,41.943558,-71.899596,0.005923540273543033
2017-11-04,41.943558,-71.899596,0.0
2017-11-05,41.943558,-71.899596,0.03985059406024561
2017-11-06,41.943558,-71.899596,0.7839802157549087
2017-11-07,41.943558,-71.899596,1.076901431363775
2017-11-08,41.943558,-71.899596,8.078010088905977
2017-11-09,41.943558,-71.899596,0.0
2017-11-10,41.943558,-71.899596,0.0
2017-11-11,41.943558,-71.899596,0.0
2017-11-12,41.943558,-71.899596,1.5486654005867502
2017-11-13,41.943558,-71.899596,2.357894675040497
2017-11-14,41.943558,-71.899596,0.0
2017-11-15,41.943558,-71.899596,0.0
2017-11-16,41.943558,-71.899596,2.0161478317773485
2017-11-17,41.943558,-71.899596,0.0
2017-11-18,41.943558,-71.899596,2.815494327083726
2017-11-19,41.943558,-71.899596,27.248352738474996
2017-11-20,41.943558,-71.899596,0.0035353363917336594
2017-11-21,41.943558,-71.899596,0.0
2017-11-22,41.943558,-71.899596,23.505319420179184
2017-11-23,41.943558,-71.899596,0.0
2017-11-24,41.943558,-71.899596,0.0
2017-11-25,41.943558,-71.899596,0.0
2017-11-26,41.943558,-71.899596,0.003494148967302153
2017-11-27,41.943558,-71.899596,0.0
2017-11-28,41.943558,-71.899596,0.0
2017-11-29,41.943558,-71.899596,0.0
2017-11-30,41.943558,-71.899596,0.0
2017-12-01,41.943558,-71.899596,3.0099463384155594
2017-12-02,41.943558,-71.899596,0.0009585363898157704
2017-12-03,41.943558,-71.899596,0.0
2017-12-04,41.943558,-71.899596,0.0
2017-12-05,41.943558,-71.899596,0.20912166239484398
2017-12-06,41.943558,-71.899596,24.871836783686
2017-12-07,41.943558,-71.899596,0.0
2017-12-08,41.943558,-71.899596,0.009377130054161405
2017-12-09,41.943558,-71.899596,13.395914547891781
2017-12-10,41.943558,-71.899596,2.488303523598675
2017-12-11,41.943558,-71.899596,0.0
2017-12-12,41.943558,-71.899596,3.5860771488099674
2017-12-13,41.943558,-71.899596,0.0
2017-12-14,41.943558,-71.899596,0.6934865899539756
2017-12-15,41.943558,-71.899596,0.006792566280778183
2017-12-16,41.943558,-71.899596,0.0
2017-12-17,41.943558,-71.899596,0.0
2017-12-18,41.943558,-71.899596,0.0025560970395087186
2017-12-19,41.943558,-71.899596,0.0
2017-12-20,41.943558,-71.899596,0.033199245635624625
2017-12-21,41.943558,-71.899596,0.0
2017-12-22,41.943558,-71.899596,0.2377772095126252
2017-12-23,41.943558,-71.899596,26.086797867786434
2017-12-24,41.943558,-71.899596,5.331573366783384
2017-12-25,41.943558,-71.899596,4.908369877777645
2017-12-26,41.943558,-71.899596,0.0
2017-12-27,41.943558,-71.899596,0.0
2017-12-28,41.943558,-71.899596,0.0
2017-12-29,41.943558,-71.899596,0.0
2017-12-30,41.943558,-71.899596,0.0016234392178343631
2017-12-31,41.943558,-71.899596,0.0
2018-01-01,41.943558,-71.899596,0.0
2018-01-02,41.943558,-71.899596,5.012088495708664
2018-01-03,41.943558,-71.899596,0.0
2018-01-04,41.943558,-71.899596,23.457616365106393
2018-01-05,41.943558,-71.899596,2.1325610764516103
2018-01-06,41.943558,-71.899596,0.0
2018-01-07,41.943558,-71.899596,0.028104983247021154
2018-01-08,41.943558,-71.899596,1.00096626221257
2018-01-09,41.943558,-71.899596,0.05163903876405616
2018-01-10,41.943558,-71.899596,0.0
2018-01-11,41.943558,-71.899596,0.6029334277410736
2018-01-12,41.943558,-71.899596,15.237259979157361
2018-01-13,41.943558,-71.899596,39.94182041085692
2018-01-14,41.943558,-71.899596,0.0
2018-01-15,41.943558,-71.899596,0.0
2018-01-16,41.943558,-71.899596,0.0
2018-01-17,41.943558,-71.899596,0.7406611339108167
2018-01-18,41.943558,-71.899596,0.0
2018-01-19,41.943558,-71.899596,0.0
2018-01-20,41.943558,-71.899596,0.02842966934602896
2018-01-21,41.943558,-71.899596,0.0
2018-01-22,41.943558,-71.899596,0.0
2018-01-23,41.943558,-71.899596,33.86062807346954
2018-01-24,41.943558,-71.899596,0.0
2018-01-25,41.943558,-71.899596,0.0
2018-01-26,41.943558,-71.899596,0.0
2018-01-27,41.943558,-71.899596,0.0
2018-01-28,41.943558,-71.899596,13.599529640781753
2018-01-29,41.943558,-71.899596,0.02587621506863102
2018-01-30,41.943558,-71.899596,0.6712922745328451
2018-01-31,41.943558,-71.899596,0.0
2018-02-01,41.943558,-71.899596,0.6970632242247383
2018-02-02,41.943558,-71.899596,4.889903656668759
2018-02-03,41.943558,-71.899596,0.0
2018-02-04,41.943558,-71.899596,0.7972338119581895
2018-02-05,41.943558,-71.899596,17.324342823659414
2018-02-06,41.943558,-71.899596,0.0004792681949078852
2018-02-07,41.943558,-71.899596,17.190995332403823
2018-02-08,41.943558,-71.899596,1.0077330474844135
2018-02-09,41.943558,-71.899596,0.008416005982435165
2018-02-10,41.943558,-71.899596,1.6011943027455882
2018-02-11,41.943558,-71.899596,43.45336822371008
2018-02-12,41.943558,-71.899596,1.948925892268011
2018-02-13,41.943558,-71.899596,0.0
2018-02-14,41.943558,-71.899596,0.022730399943292387
2018-02-15,41.943558,-71.899596,1.880128217455035
2018-02-16,41.943558,-71.899596,10.389221270663056
2018-02-17,41.943558,-71.899596,0.3861769757586468
2018-02-18,41.943558,-71.899596,15.569816939461958
2018-02-19,41.943558,-71.899596,3.638908817694267
2018-02-20,41.943558,-71.899596,7.099714117133115
2018-02-21,41.943558,-71.899596,0.0
2018-02-22,41.943558,-71.899596,4.773918661579782
2018-02-23,41.943558,-71.899596,9.99268348642627
2018-02-24,41.943558,-71.899596,13.531283620931182
2018-02-25,41.943558,-71.899596,18.597880333593835
2018-02-26,41.943558,-71.899596,0.11344939264707161
2018-02-27,41.943558,-71.899596,0.0
2018-02-28,41.943558,-71.899596,0.23186980032227889
2018-03-01,41.943558,-71.899596,0.2495989316745179
2018-03-02,41.943558,-71.899596,49.269537852396475
2018-03-03,41.943558,-71.899596,2.357475810203403
2018-03-04,41.943558,-71.899596,0.0
2018-03-05,41.943558,-71.899596,0.20376397761875226
2018-03-06,41.943558,-71.899596,0.0
2018-03-07,41.943558,-71.899596,7.273934860260685
2018-03-08,41.943558,-71.899596,8.885538469242745
2018-03-09,41.943558,-71.899596,0.0
2018-03-10,41.943558,-71.899596,0.0
2018-03-11,41.943558,-71.899596,0.0
2018-03-12,41.943558,-71.899596,0.0
2018-03-13,41.943558,-71.899596,31.38285984157419
2018-03-14,41.943558,-71.899596,0.362527042893661
2018-03-15,41.943558,-71.899596,3.461623672596181
2018-03-16,41.943558,-71.899596,0.0
2018-03-17,41.943558,-71.899596,0.0
2018-03-18,41.943558,-71.899596,0.0
2018-03-19,41.943558,-71.899596,0.0
2018-03-20,41.943558,-71.899596,0.002110471031566935
2018-03-21,41.943558,-71.899596,6.068893696013391
2018-03-22,41.943558,-71.899596,3.082381831114974
2018-03-23,41.943558,-71.899596,0.0
2018-03-24,41.943558,-71.899596,0.0
2018-03-25,41.943558,-71.899596,0.0
2018-03-26,41.943558,-71.899596,0.0
2018-03-27,41.943558,-71.899596,0.0
2018-03-28,41.943558,-71.899596,0.7804742762347957
2018-03-29,41.943558,-71.899596,0.28681138278039453
2018-03-30,41.943558,-71.899596,1.8797245776722036
2018-03-31,41.943558,-71.899596,0.0
2018-04-01,41.943558,-71.899596,0.9308733921731034
2018-04-02,41.943558,-71.899596,1.0986752476582111
2018-04-03,41.943558,-71.899596,13.721024407259304
2018-04-04,41.943558,-71.899596,5.673620262957964
2018-04-05,41.943558,-71.899596,0.0
2018-04-06,41.943558,-71.899596,1.462945754967307
2018-04-07,41.943558,-71.899596,0.0006493757113248757
2018-04-08,41.943558,-71.899596,0.0
2018-04-09,41.943558,-71.899596,0.0
2018-04-10,41.943558,-71.899596,0.00016234392783121893
2018-04-11,41.943558,-71.899596,0.0
2018-04-12,41.943558,-71.899596,2.598178894287969
2018-04-13,41.943558,-71.899596,5.638144787900403
2018-04-14,41.943558,-71.899596,0.0
2018-04-15,41.943558,-71.899596,2.563333795544895
2018-04-16,41.943558,-71.899596,39.029565841494986
2018-04-17,41.943558,-71.899596,0.00032468785566243787
2018-04-18,41.943558,-71.899596,0.0023577418814083643
2018-04-19,41.943558,-71.899596,9.366561069079747
2018-04-20,41.943558,-71.899596,0.0
2018-04-21,41.943558,-71.899596,0.0
2018-04-22,41.943558,-71.899596,0.0
2018-04-23,41.943558,-71.899596,0.0
2018-04-24,41.943558,-71.899596,0.0
2018-04-25,41.943558,-71.899596,29.20772889844107
2018-04-26,41.943558,-71.899596,15.926798546603175
2018-04-27,41.943558,-71.899596,14.507879020633201
2018-04-28,41.943558,-71.899596,0.0
2018-04-29,41.943558,-71.899596,0.7168317789579037
2018-04-30,41.943558,-71.899596,0.009280632056129652
2018-05-01,41.943558,-71.899596,0.0
2018-05-02,41.943558,-71.899596,0.0
2018-05-03,41.943558,-71.899596,0.19229814876506612
2018-05-04,41.943558,-71.899596,1.7060545186019882
2018-05-05,41.943558,-71.899596,0.0069604740420972375
2018-05-06,41.943558,-71.899596,5.179724916604847
2018-05-07,41.943558,-71.899596,1.123060019755695
2018-05-08,41.943558,-71.899596,0.0
2018-05-09,41.943558,-71.899596,0.03032181024739066
2018-05-10,41.943558,-71.899596,0.15629878694107413
2018-05-11,41.943558,-71.899596,0.47934439414474217
2018-05-12,41.943558,-71.899596,2.236695361700461
2018-05-13,41.943558,-71.899596,0.3592705889164268
2018-05-14,41.943558,-71.899596,0.0
2018-05-15,41.943558,-71.899596,20.685675824233957
2018-05-16,41.943558,-71.899596,2.293289344053897
2018-05-17,41.943558,-71.899596,9.760805345816134
2018-05-18,41.943558,-71.899596,0.13183546090925508
2018-05-19,41.943558,-71.899596,7.320600235749587
2018-05-20,41.943558,-71.899596,2.9624239402461883
2018-05-21,41.943558,-71.899596,0.0
2018-05-22,41.943558,-71.899596,6.468294883668168
2018-05-23,41.943558,-71.899596,0.00665325944534366
2018-05-24,41.943558,-71.899596,0.0047154837628167285
2018-05-25,41.943558,-71.899596,0.0
2018-05-26,41.943558,-71.899596,0.016241106530390004
2018-05-27,41.943558,-71.899596,1.5715322825029505
2018-05-28,41.943558,-71.899596,0.14403819743134078
2018-05-29,41.943558,-71.899596,0.0
2018-05-30,41.943558,-71.899596,0.0
2018-05-31,41.943558,-71.899596,0.0
2018-06-01,41.943558,-71.899596,1.0525230509746666
2018-06-02,41.943558,-71.899596,0.12596048100480972
2018-06-03,41.943558,-71.899596,0.0
2018-06-04,41.943558,-71.899596,8.327988870240455
2018-06-05,41.943558,-71.899596,1.3516369907448857
2018-06-06,41.943558,-71.899596,0.04137026776288128
2018-06-07,41.943558,-71.899596,0.0
2018-06-08,41.943558,-71.899596,0.0
2018-06-09,41.943558,-71.899596,0.020369391765973747
2018-06-10,41.943558,-71.899596,0.21264975551421772
2018-06-11,41.943558,-71.899596,0.1594318953135596
2018-06-12,41.943558,-71.899596,0.0
2018-06-13,41.943558,-71.899596,0.6190485079097983
2018-06-14,41.943558,-71.899596,0.0
2018-06-15,41.943558,-71.899596,0.15545155682103226
2018-06-16,41.943558,-71.899596,0.0
2018-06-17,41.943558,-71.899596,0.0
2018-06-18,41.943558,-71.899596,5.406379642314225
2018-06-19,41.943558,-71.899596,18.63925260332714
2018-06-20,41.943558,-71.899596,0.0037106196050816663
2018-06-21,41.943558,-71.899596,0.0
2018-06-22,41.943558,-71.899596,0.005910974612162119
2018-06-23,41.943558,-71.899596,1.9900103533607874
2018-06-24,41.943558,-71.899596,9.866950737612749
2018-06-25,41.943558,-71.899596,1.1722620045345677
2018-06-26,41.943558,-71.899596,0.0
2018-06-27,41.943558,-71.899596,0.16806509016820298
2018-06-28,41.943558,-71.899596,34.70825314237928
2018-06-29,41.943558,-71.899596,1.8830785616712484
2018-06-30,41.943558,-71.899596,0.0
2018-07-01,41.943558,-71.899596,0.2836683336510731
2018-07-02,41.943558,-71.899596,0.0
2018-07-03,41.943558,-71.899596,0.558414576105762
2018-07-04,41.943558,-71.899596,0.0
2018-07-05,41.943558,-71.899596,0.0
2018-07-06,41.943558,-71.899596,14.249407729853194
2018-07-07,41.943558,-71.899596,0.0
2018-07-08,41.943558,-71.899596,0.0
2018-07-09,41.943558,-71.899596,0.0
2018-07-10,41.943558,-71.899596,0.0
2018-07-11,41.943558,-71.899596,0.8856998739994109
2018-07-12,41.943558,-71.899596,0.0
2018-07-13,41.943558,-71.899596,0.0
2018-07-14,41.943558,-71.899596,0.28337066717944337
2018-07-15,41.943558,-71.899596,3.6756181820484803
2018-07-16,41.943558,-71.899596,1.772059163797346
2018-07-17,41.943558,-71.899596,40.58840928330263
2018-07-18,41.943558,-71.899596,9.625820131995557
2018-07-19,41.943558,-71.899596,0.0
2018-07-20,41.943558,-71.899596,0.0
2018-07-21,41.943558,-71.899596,0.018416343365800385
2018-07-22,41.943558,-71.899596,17.43674145409434
2018-07-23,41.943558,-71.899596,2.0621683030576414
2018-07-24,41.943558,-71.899596,0.0
2018-07-25,41.943558,-71.899596,1.106882199324764
2018-07-26,41.943558,-71.899596,19.018367952099446
2018-07-27,41.943558,-71.899596,0.0
2018-07-28,41.943558,-71.899596,0.7988060937372716
2018-07-29,41.943558,-71.899596,0.06516492937578641
2018-07-30,41.943558,-71.899596,2.389317836576616
2018-07-31,41.943558,-71.899596,0.03501613525752111
2018-08-01,41.943558,-71.899596,0.003543099980801448
2018-08-02,41.943558,-71.899596,1.0527805432805475
2018-08-03,41.943558,-71.899596,0.5805534425050033
2018-08-04,41.943558,-71.899596,32.45825722935109
2018-08-05,41.943558,-71.899596,0.0
2018-08-06,41.943558,-71.899596,0.0
2018-08-07,41.943558,-71.899596,0.0
2018-08-08,41.943558,-71.899596,12.178952583184762
2018-08-09,41.943558,-71.899596,18.719027126585047
2018-08-10,41.943558,-71.899596,0.0
2018-08-11,41.943558,-71.899596,14.886887841202665
2018-08-12,41.943558,-71.899596,8.856825195514155
2018-08-13,41.943558,-71.899596,19.498264751160413
2018-08-14,41.943558,-71.899596,0.1322865941245284
2018-08-15,41.943558,-71.899596,0.10904742882033898
2018-08-16,41.943558,-71.899596,0.0
2018-08-17,41.943558,-71.899596,0.07956188121154184
2018-08-18,41.943558,-71.899596,35.31719270784486
2018-08-19,41.943558,-71.899596,0.04997046972358608
2018-08-20,41.943558,-71.899596,0.0
2018-08-21,41.943558,-71.899596,0.0
2018-08-22,41.943558,-71.899596,4.677823601372695
2018-08-23,41.943558,-71.899596,1.0842797378954327
2018-08-24,41.943558,-71.899596,0.0
2018-08-25,41.943558,-71.899596,0.0
2018-08-26,41.943558,-71.899596,0.0
2018-08-27,41.943558,-71.899596,0.0
2018-08-28,41.943558,-71.899596,0.0
2018-08-29,41.943558,-71.899596,0.0
2018-08-30,41.943558,-71.899596,0.0
2018-08-31,41.943558,-71.899596,0.0
2018-09-01,41.943558,-71.899596,0.0
2018-09-02,41.943558,-71.899596,0.0
2018-09-03,41.943558,-71.899596,0.0
2018-09-04,41.943558,-71.899596,0.00016234392783121893
2018-09-05,41.943558,-71.899596,0.0
2018-09-06,41.943558,-71.899596,13.316246287322237
2018-09-07,41.943558,-71.899596,4.091849505966964
2018-09-08,41.943558,-71.899596,6.067503903779178
2018-09-09,41.943558,-71.899596,0.32096106281791775
2018-09-10,41.943558,-71.899596,32.732588251043396
2018-09-11,41.943558,-71.899596,0.8878179825002864
2018-09-12,41.943558,-71.899596,25.77906929098176
2018-09-13,41.943558,-71.899596,27.98007310572805
2018-09-14,41.943558,-71.899596,0.0
2018-09-15,41.943558,-71.899596,0.0
2018-09-16,41.943558,-71.899596,0.0
2018-09-17,41.943558,-71.899596,0.49942077039572463
2018-09-18,41.943558,-71.899596,24.369476456225904
2018-09-19,41.943558,-71.899596,0.0
2018-09-20,41.943558,-71.899596,0.0
2018-09-21,41.943558,-71.899596,1.0623714581508896
2018-09-22,41.943558,-71.899596,0.8237516331352985
2018-09-23,41.943558,-71.899596,0.850331324767421
2018-09-24,41.943558,-71.899596,0.0
2018-09-25,41.943558,-71.899596,32.06916161733475
2018-09-26,41.943558,-71.899596,8.577016577197355
2018-09-27,41.943558,-71.899596,6.282604038947442
2018-09-28,41.943558,-71.899596,10.935814369125065
2018-09-29,41.943558,-71.899596,0.0
2018-09-30,41.943558,-71.899596,0.0
2018-10-01,41.943558,-71.899596,0.007073225644225093
2018-10-02,41.943558,-71.899596,18.052647145661613
2018-10-03,41.943558,-71.899596,21.134859162658692
2018-10-04,41.943558,-71.899596,0.10965578719055193
2018-10-05,41.943558,-71.899596,0.0
2018-10-06,41.943558,-71.899596,0.14285777176196202
2018-10-07,41.943558,-71.899596,0.0
2018-10-08,41.943558,-71.899596,0.0
2018-10-09,41.943558,-71.899596,0.0
2018-10-10,41.943558,-71.899596,0.0
2018-10-11,41.943558,-71.899596,13.849509961368765
2018-10-12,41.943558,-71.899596,38.60496260280929
2018-10-13,41.943558,-71.899596,5.335161615514314
2018-10-14,41.943558,-71.899596,0.08974047734984159
2018-10-15,41.943558,-71.899596,0.8594014508152656
2018-10-16,41.943558,-71.899596,2.3436248267282482
2018-10-17,41.943558,-71.899596,0.6856933148900907
2018-10-18,41.943558,-71.899596,0.0
2018-10-19,41.943558,-71.899596,0.0
2018-10-20,41.943558,-71.899596,1.9234669409670055
2018-10-21,41.943558,-71.899596,1.6145135012453313
2018-10-22,41.943558,-71.899596,0.0
2018-10-23,41.943558,-71.899596,0.31364510501108894
2018-10-24,41.943558,-71.899596,0.25725117299257305
2018-10-25,41.943558,-71.899596,0.316808100111741
2018-10-26,41.943558,-71.899596,0.0
2018-10-27,41.943558,-71.899596,14.169097788917126
2018-10-28,41.943558,-71.899596,0.0016208513852113522
2018-10-29,41.943558,-71.899596,7.358114263449859
2018-10-30,41.943558,-71.899596,0.0
2018-10-31,41.943558,-71.899596,0.0
2018-11-01,41.943558,-71.899596,0.010354169199150779
2018-11-02,41.943558,-71.899596,10.761832895015221
2018-11-03,41.943558,-71.899596,38.611919074861156
2018-11-04,41.943558,-71.899596,0.0
2018-11-05,41.943558,-71.899596,5.671478737489612
2018-11-06,41.943558,-71.899596,26.000280855117932
2018-11-07,41.943558,-71.899596,8.261624098876228
2018-11-08,41.943558,-71.899596,0.0
2018-11-09,41.943558,-71.899596,13.71411661245047
2018-11-10,41.943558,-71.899596,31.558034398990053
2018-11-11,41.943558,-71.899596,0.0
2018-11-12,41.943558,-71.899596,0.010846715420152706
2018-11-13,41.943558,-71.899596,39.943051890880426
2018-11-14,41.943558,-71.899596,0.12492725592799049
2018-11-15,41.943558,-71.899596,13.381331887614616
2018-11-16,41.943558,-71.899596,16.442222592841006
2018-11-17,41.943558,-71.899596,0.0
2018-11-18,41.943558,-71.899596,0.011788708967878165
2018-11-19,41.943558,-71.899596,0.011600789637998946
2018-11-20,41.943558,-71.899596,0.13933901154110656
2018-11-21,41.943558,-71.899596,0.0
2018-11-22,41.943558,-71.899596,0.0
2018-11-23,41.943558,-71.899596,0.0
2018-11-24,41.943558,-71.899596,0.05336363302625613
2018-11-25,41.943558,-71.899596,26.880585159463124
2018-11-26,41.943558,-71.899596,15.190965447483299
2018-11-27,41.943558,-71.899596,2.2440898007819143
2018-11-28,41.943558,-71.899596,0.0
2018-11-29,41.943558,-71.899596,0.0
2018-11-30,41.943558,-71.899596,0.0
2018-12-01,41.943558,-71.899596,0.0
2018-12-02,41.943558,-71.899596,8.500605321725734
2018-12-03,41.943558,-71.899596,0.0
2018-12-04,41.943558,-71.899596,0.0
2018-12-05,41.943558,-71.899596,0.0
2018-12-06,41.943558,-71.899596,0.0069604740420972375
2018-12-07,41.943558,-71.899596,0.0
2018-12-08,41.943558,-71.899596,0.03599731487768919
2018-12-09,41.943558,-71.899596,0.0
2018-12-10,41.943558,-71.899596,0.0
2018-12-11,41.943558,-71.899596,0.0
2018-12-12,41.943558,-71.899596,0.0
2018-12-13,41.943558,-71.899596,4.56239559259385
2018-12-14,41.943558,-71.899596,0.0
2018-12-15,41.943558,-71.899596,2.7690445916811335
2018-12-16,41.943558,-71.899596,26.513153671813352
2018-12-17,41.943558,-71.899596,16.78325979554979
2018-12-18,41.943558,-71.899596,0.0
2018-12-19,41.943558,-71.899596,0.08136528914908245
2018-12-20,41.943558,-71.899596,0.11482471130706264
2018-12-21,41.943558,-71.899596,53.593802343573174
2018-12-22,41.943558,-71.899596,9.730297732606038
2018-12-23,41.943558,-71.899596,0.0
2018-12-24,41.943558,-71.899596,0.36820433809646524
2018-12-25,41.943558,-71.899596,0.0
2018-12-26,41.943558,-71.899596,0.0
2018-12-27,41.943558,-71.899596,0.0
2018-12-28,41.943558,-71.899596,23.682935303441443
2018-12-29,41.943558,-71.899596,1.5133332592454445
2018-12-30,41.943558,-71.899596,0.0
2018-12-31,41.943558,-71.899596,5.618494512258878
2019-01-01,41.943558,-71.899596,28.803224042741128
2019-01-02,41.943558,-71.899596,0.0
2019-01-03,41.943558,-71.899596,7.591581491390506
2019-01-04,41.943558,-71.899596,0.0
2019-01-05,41.943558,-71.899596,23.61598345997226
2019-01-06,41.943558,-71.899596,0.024553730576560403
2019-01-07,41.943558,-71.899596,0.0
2019-01-08,41.943558,-71.899596,3.9048621797276146
2019-01-09,41.943558,-71.899596,4.3984636083944695
2019-01-10,41.943558,-71.899596,0.0
2019-01-11,41.943558,-71.899596,0.0
2019-01-12,41.943558,-71.899596,0.0
2019-01-13,41.943558,-71.899596,0.8130361907891196
2019-01-14,41.943558,-71.899596,0.003514633488838257
2019-01-15,41.943558,-71.899596,0.0
2019-01-16,41.943558,-71.899596,0.0
2019-01-17,41.943558,-71.899596,0.0
2019-01-18,41.943558,-71.899596,0.0
2019-01-19,41.943558,-71.899596,0.0
2019-01-20,41.943558,-71.899596,51.19574624176502
2019-01-21,41.943558,-71.899596,0.0
2019-01-22,41.943558,-71.899596,0.0
2019-01-23,41.943558,-71.899596,0.5645519553509111
2019-01-24,41.943558,-71.899596,56.92262463577365
2019-01-25,41.943558,-71.899596,0.0951368141604116
2019-01-26,41.943558,-71.899596,0.0
2019-01-27,41.943558,-71.899596,0.7038597389552566
2019-01-28,41.943558,-71.899596,0.0
2019-01-29,41.943558,-71.899596,0.00016234392783121893
2019-01-30,41.943558,-71.899596,6.683185708254404
2019-01-31,41.943558,-71.899596,0.0
2019-02-01,41.943558,-71.899596,0.0
2019-02-02,41.943558,-71.899596,0.0
2019-02-03,41.943558,-71.899596,0.18490038960066327
2019-02-04,41.943558,-71.899596,0.6510355512724204
2019-02-05,41.943558,-71.899596,0.9427993183509119
2019-02-06,41.943558,-71.899596,0.746487336562882
2019-02-07,41.943558,-71.899596,16.49429984794676
2019-02-08,41.943558,-71.899596,21.0768613881189
2019-02-09,41.943558,-71.899596,0.0
2019-02-10,41.943558,-71.899596,0.0012780485197543593
2019-02-11,41.943558,-71.899596,0.014332155839390669
2019-02-12,41.943558,-71.899596,12.290350340382048
2019-02-13,41.943558,-71.899596,19.673264962261275
2019-02-14,41.943558,-71.899596,0.0
2019-02-15,41.943558,-71.899596,1.132650683698164
2019-02-16,41.943558,-71.899596,0.729631060155463
2019-02-17,41.943558,-71.899596,0.0
2019-02-18,41.943558,-71.899596,8.341472930432165
2019-02-19,41.943558,-71.899596,0.0
2019-02-20,41.943558,-71.899596,0.21373992545062834
2019-02-21,41.943558,-71.899596,7.533029377505357
2019-02-22,41.943558,-71.899596,0.004870317653503086
2019-02-23,41.943558,-71.899596,0.0
2019-02-24,41.943558,-71.899596,23.1814980920663
2019-02-25,41.943558,-71.899596,0.01567826482861361
2019-02-26,41.943558,-71.899596,0.0
2019-02-27,41.943558,-71.899596,0.0
2019-02-28,41.943558,-71.899596,0.10033889220347447
2019-03-01,41.943558,-71.899596,0.0
2019-03-02,41.943558,-71.899596,10.192273119609276
2019-03-03,41.943558,-71.899596,0.14709560196709925
2019-03-04,41.943558,-71.899596,34.01536377344879
2019-03-05,41.943558,-71.899596,0.0
2019-03-06,41.943558,-71.899596,0.0
2019-03-07,41.943558,-71.899596,0.0
2019-03-08,41.943558,-71.899596,0.0
2019-03-09,41.943558,-71.899596,0.0
2019-03-10,41.943558,-71.899596,6.1283759887606575
2019-03-11,41.943558,-71.899596,0.0
2019-03-12,41.943558,-71.899596,0.0
2019-03-13,41.943558,-71.899596,0.14559021805907085
2019-03-14,41.943558,-71.899596,0.22749065367440463
2019-03-15,41.943558,-71.899596,2.7580000371855515
2019-03-16,41.943558,-71.899596,15.775026130975764
2019-03-17,41.943558,-71.899596,0.0
2019-03-18,41.943558,-71.899596,0.0
2019-03-19,41.943558,-71.899596,0.0
2019-03-20,41.943558,-71.899596,0.0
2019-03-21,41.943558,-71.899596,0.030274196650242655
2019-03-22,41.943558,-71.899596,10.881412045393061
2019-03-23,41.943558,-71.899596,0.1951955566810209
2019-03-24,41.943558,-71.899596,0.5827290922256637
2019-03-25,41.943558,-71.899596,0.00032468785566243787
2019-03-26,41.943558,-71.899596,0.0
2019-03-27,41.943558,-71.899596,0.0
2019-03-28,41.943558,-71.899596,0.0
2019-03-29,41.943558,-71.899596,1.956856300312975
2019-03-30,41.943558,-71.899596,0.0
2019-03-31,41.943558,-71.899596,6.120637122285691
2019-04-01,41.943558,-71.899596,0.0
2019-04-02,41.943558,-71.899596,0.0
2019-04-03,41.943558,-71.899596,6.881015736072415
2019-04-04,41.943558,-71.899596,0.0
2019-04-05,41.943558,-71.899596,0.9424548182806467
2019-04-06,41.943558,-71.899596,0.9711076033124018
2019-04-07,41.943558,-71.899596,0.0
2019-04-08,41.943558,-71.899596,15.978072604292363
2019-04-09,41.943558,-71.899596,1.3570949422683358
2019-04-10,41.943558,-71.899596,0.0
2019-04-11,41.943558,-71.899596,0.0026422580068329268
2019-04-12,41.943558,-71.899596,0.44162555169342343
2019-04-13,41.943558,-71.899596,25.928123569310102
2019-04-14,41.943558,-71.899596,0.1319578325115526
2019-04-15,41.943558,-71.899596,23.20890487404864
2019-04-16,41.943558,-71.899596,0.0
2019-04-17,41.943558,-71.899596,0.04092935655891687
2019-04-18,41.943558,-71.899596,0.28454018268751247
2019-04-19,41.943558,-71.899596,0.005271949995202314
2019-04-20,41.943558,-71.899596,21.94673068510576
2019-04-21,41.943558,-71.899596,2.6496519164036525
2019-04-22,41.943558,-71.899596,19.80394530920053
2019-04-23,41.943558,-71.899596,2.8693704293223337
2019-04-24,41.943558,-71.899596,1.9302923253211866
2019-04-25,41.943558,-71.899596,0.0
2019-04-26,41.943558,-71.899596,17.41513996860874
2019-04-27,41.943558,-71.899596,36.41415628322774
2019-04-28,41.943558,-71.899596,1.1697860452306375
2019-04-29,41.943558,-71.899596,0.0003195121299385898
2019-04-30,41.943558,-71.899596,4.62840746670733
2019-05-01,41.943558,-71.899596,0.0
2019-05-02,41.943558,-71.899596,0.9144147673536697
2019-05-03,41.943558,-71.899596,1.871314927425064
2019-05-04,41.943558,-71.899596,4.308868957288052
2019-05-05,41.943558,-71.899596,12.50151966425255
2019-05-06,41.943558,-71.899596,10.414772687806265
2019-05-07,41.943558,-71.899596,0.8561939953597962
2019-05-08,41.943558,-71.899596,1.9236530446384281
2019-05-09,41.943558,-71.899596,0.0
2019-05-10,41.943558,-71.899596,0.6687320066112795
2019-05-11,41.943558,-71.899596,0.9855155481946405
2019-05-12,41.943558,-71.899596,37.326560741740316
2019-05-13,41.943558,-71.899596,8.04433133971361
2019-05-14,41.943558,-71.899596,1.380244375956692
2019-05-15,41.943558,-71.899596,0.0
2019-05-16,41.943558,-71.899596,0.031186626846376943
2019-05-17,41.943558,-71.899596,1.5867581868658602
2019-05-18,41.943558,-71.899596,0.03377193855227484
2019-05-19,41.943558,-71.899596,0.006567740259144062
2019-05-20,41.943558,-71.899596,11.181503473609407
2019-05-21,41.943558,-71.899596,0.0
2019-05-22,41.943558,-71.899596,0.0
2019-05-23,41.943558,-71.899596,0.09139467341556735
2019-05-24,41.943558,-71.899596,0.8206605938218802
2019-05-25,41.943558,-71.899596,0.0
2019-05-26,41.943558,-71.899596,1.6520974508458028
2019-05-27,41.943558,-71.899596,0.0014585074876190464
2019-05-28,41.943558,-71.899596,0.8482474991670199
2019-05-29,41.943558,-71.899596,4.679891819529015
2019-05-30,41.943558,-71.899596,2.6386054172702837
2019-05-31,41.943558,-71.899596,3.085157214660077
2019-06-01,41.943558,-71.899596,0.0
2019-06-02,41.943558,-71.899596,0.2917992093959561
2019-06-03,41.943558,-71.899596,2.6122178156030595
2019-06-04,41.943558,-71.899596,0.0
2019-06-05,41.943558,-71.899596,0.7901671177391796
2019-06-06,41.943558,-71.899596,2.1861755742095035
2019-06-07,41.943558,-71.899596,0.0
2019-06-08,41.943558,-71.899596,0.0
2019-06-09,41.943558,-71.899596,0.0
2019-06-10,41.943558,-71.899596,0.042701331969280665
2019-06-11,41.943558,-71.899596,16.73651848732986
2019-06-12,41.943558,-71.899596,0.0
2019-06-13,41.943558,-71.899596,21.4086398488962
2019-06-14,41.943558,-71.899596,0.4410526633946218
2019-06-15,41.943558,-71.899596,0.0
2019-06-16,41.943558,-71.899596,9.514926862464335
2019-06-17,41.943558,-71.899596,0.1379863766912502
2019-06-18,41.943558,-71.899596,12.969007456485004
2019-06-19,41.943558,-71.899596,0.11849223521604843
2019-06-20,41.943558,-71.899596,2.3576874743943916
2019-06-21,41.943558,-71.899596,12.231580181605718
2019-06-22,41.943558,-71.899596,0.2839793046782481
2019-06-23,41.943558,-71.899596,0.0
2019-06-24,41.943558,-71.899596,0.9157561798838907
2019-06-25,41.943558,-71.899596,7.76015142720923
2019-06-26,41.943558,-71.899596,0.0
2019-06-27,41.943558,-71.899596,0.0
2019-06-28,41.943558,-71.899596,0.0
2019-06-29,41.943558,-71.899596,4.124868496788891
2019-06-30,41.943558,-71.899596,2.6452229651788417
2019-07-01,41.943558,-71.899596,0.0
2019-07-02,41.943558,-71.899596,0.3903984932313346
2019-07-03,41.943558,-71.899596,0.0
2019-07-04,41.943558,-71.899596,0.019343423026327897
2019-07-05,41.943558,-71.899596,0.0
2019-07-06,41.943558,-71.899596,10.534473356432864
2019-07-07,41.943558,-71.899596,1.846457753661793
2019-07-08,41.943558,-71.899596,0.0
2019-07-09,41.943558,-71.899596,0.0
2019-07-10,41.943558,-71.899596,0.0
2019-07-11,41.943558,-71.899596,0.02256479106728078
2019-07-12,41.943558,-71.899596,11.238489762078938
2019-07-13,41.943558,-71.899596,0.0
2019-07-14,41.943558,-71.899596,0.0
2019-07-15,41.943558,-71.899596,0.0
2019-07-16,41.943558,-71.899596,0.0
2019-07-17,41.943558,-71.899596,11.57999430682077
2019-07-18,41.943558,-71.899596,2.481730879204064
2019-07-19,41.943558,-71.899596,0.0
2019-07-20,41.943558,-71.899596,0.14927006197174159
2019-07-21,41.943558,-71.899596,0.48923278165486933
2019-07-22,41.943558,-71.899596,19.688657247554154
2019-07-23,41.943558,-71.899596,44.06217356607846
2019-07-24,41.943558,-71.899596,8.018042742038102
2019-07-25,41.943558,-71.899596,0.15748122882366003
2019-07-26,41.943558,-71.899596,0.0
2019-07-27,41.943558,-71.899596,0.3688775865536935
2019-07-28,41.943558,-71.899596,0.0
2019-07-29,41.943558,-71.899596,0.428784925290948
2019-07-30,41.943558,-71.899596,0.0
2019-07-31,41.943558,-71.899596,3.1461229595124833
2019-08-01,41.943558,-71.899596,0.2956039945821594
2019-08-02,41.943558,-71.899596,0.0
2019-08-03,41.943558,-71.899596,0.011850856208325895
2019-08-04,41.943558,-71.899596,0.0
2019-08-05,41.943558,-71.899596,0.0
2019-08-06,41.943558,-71.899596,0.804321162557905
2019-08-07,41.943558,-71.899596,2.750949803616723
2019-08-08,41.943558,-71.899596,15.276167690852235
2019-08-09,41.943558,-71.899596,0.0027365559776165197
2019-08-10,41.943558,-71.899596,0.0
2019-08-11,41.943558,-71.899596,0.0
2019-08-12,41.943558,-71.899596,0.0
2019-08-13,41.943558,-71.899596,3.578490170400732
2019-08-14,41.943558,-71.899596,0.3126926974997388
2019-08-15,41.943558,-71.899596,0.0
2019-08-16,41.943558,-71.899596,0.002682429737070802
2019-08-17,41.943558,-71.899596,0.016723251230854295
2019-08-18,41.943558,-71.899596,8.182264639103904
2019-08-19,41.943558,-71.899596,18.905756363919302
2019-08-20,41.943558,-71.899596,0.0
2019-08-21,41.943558,-71.899596,12.926407940654967
2019-08-22,41.943558,-71.899596,9.385003294254897
2019-08-23,41.943558,-71.899596,2.4307226361498984
2019-08-24,41.943558,-71.899596,0.0
2019-08-25,41.943558,-71.899596,0.0
2019-08-26,41.943558,-71.899596,0.0
2019-08-27,41.943558,-71.899596,0.5081600502564768
2019-08-28,41.943558,-71.899596,20.782716235427404
2019-08-29,41.943558,-71.899596,5.031001381778249
2019-08-30,41.943558,-71.899596,0.0
2019-08-31,41.943558,-71.899596,0.0
2019-09-01,41.943558,-71.899596,0.012277398197415195
2019-09-02,41.943558,-71.899596,2.5914189346625616
2019-09-03,41.943558,-71.899596,12.129557411882441
2019-09-04,41.943558,-71.899596,12.293201009031305
2019-09-05,41.943558,-71.899596,0.0
2019-09-06,41.943558,-71.899596,3.7793035062756535
2019-09-07,41.943558,-71.899596,0.7401017226931375
2019-09-08,41.943558,-71.899596,0.0
2019-09-09,41.943558,-71.899596,0.0
2019-09-10,41.943558,-71.899596,0.0
2019-09-11,41.943558,-71.899596,0.0006493757113248757
2019-09-12,41.943558,-71.899596,4.479641432102969
2019-09-13,41.943558,-71.899596,0.0
2019-09-14,41.943558,-71.899596,3.8410846150418094
2019-09-15,41.943558,-71.899596,0.5570477627537911
2019-09-16,41.943558,-71.899596,0.0
2019-09-17,41.943558,-71.899596,0.0
2019-09-18,41.943558,-71.899596,0.0
2019-09-19,41.943558,-71.899596,0.0
2019-09-20,41.943558,-71.899596,0.0
2019-09-21,41.943558,-71.899596,0.0
2019-09-22,41.943558,-71.899596,0.0
2019-09-23,41.943558,-71.899596,0.0004870317834936572
2019-09-24,41.943558,-71.899596,1.8990548880084894
2019-09-25,41.943558,-71.899596,0.0
2019-09-26,41.943558,-71.899596,3.3916832082484487
2019-09-27,41.943558,-71.899596,0.0
2019-09-28,41.943558,-71.899596,0.0
2019-09-29,41.943558,-71.899596,0.07588590756298569
2019-09-30,41.943558,-71.899596,0.8269725455673901
2019-10-01,41.943558,-71.899596,4.6515457020400035
2019-10-02,41.943558,-71.899596,0.20962538233309286
2019-10-03,41.943558,-71.899596,1.6065571202604239
2019-10-04,41.943558,-71.899596,0.4189523999095053
2019-10-05,41.943558,-71.899596,0.0
2019-10-06,41.943558,-71.899596,0.0
2019-10-07,41.943558,-71.899596,0.022925117208223336
2019-10-08,41.943558,-71.899596,3.435793186171042
2019-10-09,41.943558,-71.899596,21.593873020259977
2019-10-10,41.943558,-71.899596,7.358250592624169
2019-10-11,41.943558,-71.899596,0.0
2019-10-12,41.943558,-71.899596,0.001597560590179177
2019-10-13,41.943558,-71.899596,0.0
2019-10-14,41.943558,-71.899596,0.0
2019-10-15,41.943558,-71.899596,0.0
2019-10-16,41.943558,-71.899596,11.384094915214442
2019-10-17,41.943558,-71.899596,43.79085287810869
2019-10-18,41.943558,-71.899596,0.0
2019-10-19,41.943558,-71.899596,0.0
2019-10-20,41.943558,-71.899596,3.8234842945163368
2019-10-21,41.943558,-71.899596,2.420016232570315
2019-10-22,41.943558,-71.899596,0.2032741170053573
2019-10-23,41.943558,-71.899596,0.9654755376799237
2019-10-24,41.943558,-71.899596,0.0
2019-10-25,41.943558,-71.899596,0.0
2019-10-26,41.943558,-71.899596,0.4392326983602319
2019-10-27,41.943558,-71.899596,45.41294984901745
2019-10-28,41.943558,-71.899596,0.0
2019-10-29,41.943558,-71.899596,0.0
2019-10-30,41.943558,-71.899596,0.6082913127725218
2019-10-31,41.943558,-71.899596,6.487281777888047
2019-11-01,41.943558,-71.899596,0.37184416196530523
2019-11-02,41.943558,-71.899596,0.0
2019-11-03,41.943558,-71.899596,0.0
2019-11-04,41.943558,-71.899596,0.0
2019-11-05,41.943558,-71.899596,2.3890708747604084
2019-11-06,41.943558,-71.899596,0.0
2019-11-07,41.943558,-71.899596,7.868257057385756
2019-11-08,41.943558,-71.899596,2.3649176029193955
2019-11-09,41.943558,-71.899596,0.0
2019-11-10,41.943558,-71.899596,0.0
2019-11-11,41.943558,-71.899596,0.0
2019-11-12,41.943558,-71.899596,4.920552811686908
2019-11-13,41.943558,-71.899596,0.0
2019-11-14,41.943558,-71.899596,0.009355799790881554
2019-11-15,41.943558,-71.899596,0.0009740635669873144
2019-11-16,41.943558,-71.899596,0.0
2019-11-17,41.943558,-71.899596,0.08601511525575856
2019-11-18,41.943558,-71.899596,9.73886103080146
2019-11-19,41.943558,-71.899596,4.404638302166166
2019-11-20,41.943558,-71.899596,1.1915785785692012
2019-11-21,41.943558,-71.899596,0.0
2019-11-22,41.943558,-71.899596,6.342147002077723
2019-11-23,41.943558,-71.899596,0.0
2019-11-24,41.943558,-71.899596,47.23884984859577
2019-11-25,41.943558,-71.899596,0.007150641711240959
2019-11-26,41.943558,-71.899596,0.0
2019-11-27,41.943558,-71.899596,3.9377501757431883
2019-11-28,41.943558,-71.899596,0.23406427086042522
2019-11-29,41.943558,-71.899596,0.0
2019-11-30,41.943558,-71.899596,0.0
2019-12-01,41.943558,-71.899596,8.945656337630579
2019-12-02,41.943558,-71.899596,10.956280694221205
2019-12-03,41.943558,-71.899596,1.952829246239524
2019-12-04,41.943558,-71.899596,0.0011312317388557714
2019-12-05,41.943558,-71.899596,0.0
2019-12-06,41.943558,-71.899596,0.0
2019-12-07,41.943558,-71.899596,0.0
2019-12-08,41.943558,-71.899596,0.18352803248173055
2019-12-09,41.943558,-71.899596,18.205743034993844
2019-12-10,41.943558,-71.899596,36.32742866690391
2019-12-11,41.943558,-71.899596,12.788535773672656
2019-12-12,41.943558,-71.899596,0.0014378045549667683
2019-12-13,41.943558,-71.899596,1.9261249485540726
2019-12-14,41.943558,-71.899596,63.31593056372022
2019-12-15,41.943558,-71.899596,0.0
2019-12-16,41.943558,-71.899596,0.03944268753504037
2019-12-17,41.943558,-71.899596,13.18333833080989
2019-12-18,41.943558,-71.899596,0.0012987514226497515
2019-12-19,41.943558,-71.899596,0.0
2019-12-20,41.943558,-71.899596,0.0
2019-12-21,41.943558,-71.899596,0.0
2019-12-22,41.943558,-71.899596,0.0
2019-12-23,41.943558,-71.899596,0.0
2019-12-24,41.943558,-71.899596,0.0
2019-12-25,41.943558,-71.899596,0.030162053750258246
2019-12-26,41.943558,-71.899596,0.05575896093585605
2019-12-27,41.943558,-71.899596,0.0019325999568030848
2019-12-28,41.943558,-71.899596,0.0
2019-12-29,41.943558,-71.899596,0.6076871809143116
2019-12-30,41.943558,-71.899596,40.0708198920437
2019-12-31,41.943558,-71.899596,0.0
2020-01-01,41.943558,-71.899596,0.0
2020-01-02,41.943558,-71.899596,0.007073225644225093
2020-01-03,41.943558,-71.899596,3.070938700415727
2020-01-04,41.943558,-71.899596,7.950549861830176
2020-01-05,41.943558,-71.899596,2.51700055080419
2020-01-06,41.943558,-71.899596,0.0
2020-01-07,41.943558,-71.899596,0.0
2020-01-08,41.943558,-71.899596,0.6023694916000794
2020-01-09,41.943558,-71.899596,0.0
2020-01-10,41.943558,-71.899596,0.10051846889776879
2020-01-11,41.943558,-71.899596,0.18277595920159814
2020-01-12,41.943558,-71.899596,12.802111286011478
2020-01-13,41.943558,-71.899596,0.0006493757113248757
2020-01-14,41.943558,-71.899596,0.0
2020-01-15,41.943558,-71.899596,0.0
2020-01-16,41.943558,-71.899596,0.20917003369384907
2020-01-17,41.943558,-71.899596,0.0004870317834936572
2020-01-18,41.943558,-71.899596,2.6768158685615453
2020-01-19,41.943558,-71.899596,6.037560869294914
2020-01-20,41.943558,-71.899596,0.0
2020-01-21,41.943558,-71.899596,0.0
2020-01-22,41.943558,-71.899596,0.0
2020-01-23,41.943558,-71.899596,0.0
2020-01-24,41.943558,-71.899596,0.0
2020-01-25,41.943558,-71.899596,15.285960193160797
2020-01-26,41.943558,-71.899596,12.295832458259142
2020-01-27,41.943558,-71.899596,0.0
2020-01-28,41.943558,-71.899596,0.0
2020-01-29,41.943558,-71.899596,0.0
2020-01-30,41.943558,-71.899596,0.0
2020-01-31,41.943558,-71.899596,0.008078766958802306
2020-02-01,41.943558,-71.899596,0.2988695331785146
2020-02-02,41.943558,-71.899596,0.0
2020-02-03,41.943558,-71.899596,0.005926128106648072
2020-02-04,41.943558,-71.899596,0.6043373682238499
2020-02-05,41.943558,-71.899596,1.2205322650838073
2020-02-06,41.943558,-71.899596,9.679847306066746
2020-02-07,41.943558,-71.899596,24.110273457374532
2020-02-08,41.943558,-71.899596,0.0
2020-02-09,41.943558,-71.899596,0.01230121697287884
2020-02-10,41.943558,-71.899596,5.1002114519782396
2020-02-11,41.943558,-71.899596,14.275111640103278
2020-02-12,41.943558,-71.899596,0.2080695915782137
2020-02-13,41.943558,-71.899596,27.400865499303183
2020-02-14,41.943558,-71.899596,0.20073170549690392
2020-02-15,41.943558,-71.899596,0.0
2020-02-16,41.943558,-71.899596,0.39950069764917284
2020-02-17,41.943558,-71.899596,0.0
2020-02-18,41.943558,-71.899596,0.14963886607813986
2020-02-19,41.943558,-71.899596,2.246745260545771
2020-02-20,41.943558,-71.899596,0.0
2020-02-21,41.943558,-71.899596,0.0
2020-02-22,41.943558,-71.899596,0.0
2020-02-23,41.943558,-71.899596,0.0
2020-02-24,41.943558,-71.899596,0.0
2020-02-25,41.943558,-71.899596,0.37425460487243795
2020-02-26,41.943558,-71.899596,4.770722844937228
2020-02-27,41.943558,-71.899596,16.74813959535975
2020-02-28,41.943558,-71.899596,0.03068666983329097
2020-02-29,41.943558,-71.899596,0.0
2020-03-01,41.943558,-71.899596,0.0
2020-03-02,41.943558,-71.899596,0.0
2020-03-03,41.943558,-71.899596,5.62534192968486
2020-03-04,41.943558,-71.899596,3.255308455851676
2020-03-05,41.943558,-71.899596,0.0
2020-03-06,41.943558,-71.899596,0.008384951626163959
2020-03-07,41.943558,-71.899596,0.0025664484909564164
2020-03-08,41.943558,-71.899596,0.06960473782799369
2020-03-09,41.943558,-71.899596,0.0
2020-03-10,41.943558,-71.899596,0.0
2020-03-11,41.943558,-71.899596,0.758838542841981
2020-03-12,41.943558,-71.899596,0.0011182924845419538
2020-03-13,41.943558,-71.899596,4.337481241852745
2020-03-14,41.943558,-71.899596,0.0
2020-03-15,41.943558,-71.899596,2.137822505618254
2020-03-16,41.943558,-71.899596,0.0
2020-03-17,41.943558,-71.899596,0.0022728150501148984
2020-03-18,41.943558,-71.899596,0.0
2020-03-19,41.943558,-71.899596,13.255543457303881
2020-03-20,41.943558,-71.899596,1.7714919888010126
2020-03-21,41.943558,-71.899596,0.4101052772350543
2020-03-22,41.943558,-71.899596,0.0
2020-03-23,41.943558,-71.899596,20.539484895626533
2020-03-24,41.943558,-71.899596,45.12687549700092
2020-03-25,41.943558,-71.899596,0.005527203371733911
2020-03-26,41.943558,-71.899596,0.04989730751929794
2020-03-27,41.943558,-71.899596,1.3531230799667544
2020-03-28,41.943558,-71.899596,7.68223593453137
2020-03-29,41.943558,-71.899596,11.959133686603302
2020-03-30,41.943558,-71.899596,7.273267142836236
2020-03-31,41.943558,-71.899596,0.0220313961024288
2020-04-01,41.943558,-71.899596,0.007073225644225093
2020-04-02,41.943558,-71.899596,1.0688581206423515
2020-04-03,41.943558,-71.899596,17.544281886090662
2020-04-04,41.943558,-71.899596,0.0
2020-04-05,41.943558,-71.899596,0.014999999664723873
2020-04-06,41.943558,-71.899596,0.2530384239279299
2020-04-07,41.943558,-71.899596,0.0
2020-04-08,41.943558,-71.899596,4.466551903809661
2020-04-09,41.943558,-71.899596,10.171932674115704
2020-04-10,41.943558,-71.899596,0.002320158014032413
2020-04-11,41.943558,-71.899596,0.0
2020-04-12,41.943558,-71.899596,0.00224952416388395
2020-04-13,41.943558,-71.899596,43.73832250676036
2020-04-14,41.943558,-71.899596,0.15528994826021092
2020-04-15,41.943558,-71.899596,5.102702297176686
2020-04-16,41.943558,-71.899596,0.016241106530390004
2020-04-17,41.943558,-71.899596,0.06733602226965574
2020-04-18,41.943558,-71.899596,15.991303773325773
2020-04-19,41.943558,-71.899596,0.1949207205502595
2020-04-20,41.943558,-71.899596,0.36377544667406103
2020-04-21,41.943558,-71.899596,10.475654701391296
2020-04-22,41.943558,-71.899596,0.0
2020-04-23,41.943558,-71.899596,0.14352157987442968
2020-04-24,41.943558,-71.899596,19.99433697873918
2020-04-25,41.943558,-71.899596,0.00422094206313387
2020-04-26,41.943558,-71.899596,2.892711663771384
2020-04-27,41.943558,-71.899596,0.0
2020-04-28,41.943558,-71.899596,0.0
2020-04-29,41.943558,-71.899596,0.0
2020-04-30,41.943558,-71.899596,9.159608793682311
2020-05-01,41.943558,-71.899596,19.32955835056138
2020-05-02,41.943558,-71.899596,0.0
2020-05-03,41.943558,-71.899596,0.333210894566764
2020-05-04,41.943558,-71.899596,1.5840851784844254
2020-05-05,41.943558,-71.899596,0.0
2020-05-06,41.943558,-71.899596,3.6738331970571814
2020-05-07,41.943558,-71.899596,0.3562197181738438
2020-05-08,41.943558,-71.899596,3.384164375056338
2020-05-09,41.943558,-71.899596,3.668821248538672
2020-05-10,41.943558,-71.899596,0.0
2020-05-11,41.943558,-71.899596,6.403454640923445
2020-05-12,41.943558,-71.899596,1.2252084528082192
2020-05-13,41.943558,-71.899596,0.0
2020-05-14,41.943558,-71.899596,0.0
2020-05-15,41.943558,-71.899596,4.289111329927732
2020-05-16,41.943558,-71.899596,11.744593065704137
2020-05-17,41.943558,-71.899596,0.0
2020-05-18,41.943558,-71.899596,0.9643706748631032
2020-05-19,41.943558,-71.899596,0.4426563849476826
2020-05-20,41.943558,-71.899596,0.27569140519946334
2020-05-21,41.943558,-71.899596,0.0
2020-05-22,41.943558,-71.899596,0.0
2020-05-23,41.943558,-71.899596,2.0607793008974706
2020-05-24,41.943558,-71.899596,0.0
2020-05-25,41.943558,-71.899596,0.0
2020-05-26,41.943558,-71.899596,0.0
2020-05-27,41.943558,-71.899596,0.0
2020-05-28,41.943558,-71.899596,0.0
2020-05-29,41.943558,-71.899596,0.0
2020-05-30,41.943558,-71.899596,3.228857471071076
2020-05-31,41.943558,-71.899596,0.0
2020-06-01,41.943558,-71.899596,0.0
2020-06-02,41.943558,-71.899596,1.5165264598844366
2020-06-03,41.943558,-71.899596,0.5344968736605467
2020-06-04,41.943558,-71.899596,0.5310808258272826
2020-06-05,41.943558,-71.899596,9.374948975821857
2020-06-06,41.943558,-71.899596,6.754926248560978
2020-06-07,41.943558,-71.899596,0.0
2020-06-08,41.943558,-71.899596,0.0
2020-06-09,41.943558,-71.899596,0.006619870808854423
2020-06-10,41.943558,-71.899596,0.012500482412764965
2020-06-11,41.943558,-71.899596,5.527402568277912
2020-06-12,41.943558,-71.899596,0.0
2020-06-13,41.943558,-71.899596,0.0
2020-06-14,41.943558,-71.899596,0.0
2020-06-15,41.943558,-71.899596,0.0032468784356687263
2020-06-16,41.943558,-71.899596,0.0
2020-06-17,41.943558,-71.899596,0.0
2020-06-18,41.943558,-71.899596,0.0
2020-06-19,41.943558,-71.899596,0.0
2020-06-20,41.943558,-71.899596,0.0
2020-06-21,41.943558,-71.899596,0.12359812052864028
2020-06-22,41.943558,-71.899596,0.0
2020-06-23,41.943558,-71.899596,0.0
2020-06-24,41.943558,-71.899596,0.4943813515109169
2020-06-25,41.943558,-71.899596,0.0
2020-06-26,41.943558,-71.899596,0.0
2020-06-27,41.943558,-71.899596,17.773024121190176
2020-06-28,41.943558,-71.899596,29.543577743611657
2020-06-29,41.943558,-71.899596,3.2910863164214286
2020-06-30,41.943558,-71.899596,1.3990145136233534
2020-07-01,41.943558,-71.899596,3.853124951090649
2020-07-02,41.943558,-71.899596,1.602368887586004
2020-07-03,41.943558,-71.899596,9.803510401454313
2020-07-04,41.943558,-71.899596,0.0
2020-07-05,41.943558,-71.899596,0.0
2020-07-06,41.943558,-71.899596,0.0
2020-07-07,41.943558,-71.899596,0.0
2020-07-08,41.943558,-71.899596,0.0006493757113248757
2020-07-09,41.943558,-71.899596,0.0
2020-07-10,41.943558,-71.899596,2.617839885274949
2020-07-11,41.943558,-71.899596,0.0
2020-07-12,41.943558,-71.899596,0.0
2020-07-13,41.943558,-71.899596,3.5851209451579953
2020-07-14,41.943558,-71.899596,2.891459444308956
2020-07-15,41.943558,-71.899596,0.0
2020-07-16,41.943558,-71.899596,0.18853413885382508
2020-07-17,41.943558,-71.899596,1.456426784671812
2020-07-18,41.943558,-71.899596,0.0
2020-07-19,41.943558,-71.899596,0.0
2020-07-20,41.943558,-71.899596,0.9043621113193071
2020-07-21,41.943558,-71.899596,0.0
2020-07-22,41.943558,-71.899596,1.4633529886113938
2020-07-23,41.943558,-71.899596,11.695883908420786
2020-07-24,41.943558,-71.899596,4.788097305413263
2020-07-25,41.943558,-71.899596,0.007287361802606117
2020-07-26,41.943558,-71.899596,0.0
2020-07-27,41.943558,-71.899596,1.0632631669536519
2020-07-28,41.943558,-71.899596,9.067848048404972
2020-07-29,41.943558,-71.899596,0.00016234392783121893
2020-07-30,41.943558,-71.899596,0.4733064279101302
2020-07-31,41.943558,-71.899596,4.527275054818746
2020-08-01,41.943558,-71.899596,0.0
2020-08-02,41.943558,-71.899596,0.25726855156758444
2020-08-03,41.943558,-71.899596,0.0
2020-08-04,41.943558,-71.899596,2.4862458150772904
2020-08-05,41.943558,-71.899596,0.0
2020-08-06,41.943558,-71.899596,0.0001597560649692949
2020-08-07,41.943558,-71.899596,0.9308972155603488
2020-08-08,41.943558,-71.899596,1.9731639599145514
2020-08-09,41.943558,-71.899596,0.0
2020-08-10,41.943558,-71.899596,0.0
2020-08-11,41.943558,-71.899596,0.005910974612162119
2020-08-12,41.943558,-71.899596,0.3843222517087372
2020-08-13,41.943558,-71.899596,0.12068000283762056
2020-08-14,41.943558,-71.899596,0.056163060099522676
2020-08-15,41.943558,-71.899596,0.0
2020-08-16,41.943558,-71.899596,30.626271745985136
2020-08-17,41.943558,-71.899596,1.3330922842908879
2020-08-18,41.943558,-71.899596,11.383016689344617
2020-08-19,41.943558,-71.899596,1.150175883854654
2020-08-20,41.943558,-71.899596,0.0
2020-08-21,41.943558,-71.899596,0.0
2020-08-22,41.943558,-71.899596,0.22304018336316972
2020-08-23,41.943558,-71.899596,0.030199638049797313
2020-08-24,41.943558,-71.899596,6.427880891204032
2020-08-25,41.943558,-71.899596,0.6191087936040357
2020-08-26,41.943558,-71.899596,0.0
2020-08-27,41.943558,-71.899596,15.57001013326941
2020-08-28,41.943558,-71.899596,0.15433773217610947
2020-08-29,41.943558,-71.899596,6.683702247214867
2020-08-30,41.943558,-71.899596,0.21175108713408675
2020-08-31,41.943558,-71.899596,0.21946467154385452
2020-09-01,41.943558,-71.899596,0.0884666728792606
2020-09-02,41.943558,-71.899596,11.455457731146614
2020-09-03,41.943558,-71.899596,9.569076507515026
2020-09-04,41.943558,-71.899596,0.005237172989270506
2020-09-05,41.943558,-71.899596,0.0
2020-09-06,41.943558,-71.899596,0.0
2020-09-07,41.943558,-71.899596,0.0
2020-09-08,41.943558,-71.899596,0.0
2020-09-09,41.943558,-71.899596,0.455382332171691
2020-09-10,41.943558,-71.899596,7.692979281170433
2020-09-11,41.943558,-71.899596,0.086217468131549
2020-09-12,41.943558,-71.899596,0.0
2020-09-13,41.943558,-71.899596,0.0
2020-09-14,41.943558,-71.899596,1.129330392028928
2020-09-15,41.943558,-71.899596,0.0
2020-09-16,41.943558,-71.899596,0.0
2020-09-17,41.943558,-71.899596,0.0
2020-09-18,41.943558,-71.899596,5.0769694009375375
2020-09-19,41.943558,-71.899596,0.0
2020-09-20,41.943558,-71.899596,0.0
2020-09-21,41.943558,-71.899596,0.0
2020-09-22,41.943558,-71.899596,0.18947094313043678
2020-09-23,41.943558,-71.899596,0.0
2020-09-24,41.943558,-71.899596,0.009355799790881554
2020-09-25,41.943558,-71.899596,0.0
2020-09-26,41.943558,-71.899596,0.0
2020-09-27,41.943558,-71.899596,0.0
2020-09-28,41.943558,-71.899596,0.11012977564142379
2020-09-29,41.943558,-71.899596,0.0542280619549014
2020-09-30,41.943558,-71.899596,24.472552506205627
2020-10-01,41.943558,-71.899596,0.0
2020-10-02,41.943558,-71.899596,1.1257718285180842
2020-10-03,41.943558,-71.899596,0.0
2020-10-04,41.943558,-71.899596,0.0
2020-10-05,41.943558,-71.899596,0.3108610853905021
2020-10-06,41.943558,-71.899596,0.0
2020-10-07,41.943558,-71.899596,5.361411111317191
2020-10-08,41.943558,-71.899596,0.0
2020-10-09,41.943558,-71.899596,0.0
2020-10-10,41.943558,-71.899596,0.0
2020-10-11,41.943558,-71.899596,0.0
2020-10-12,41.943558,-71.899596,23.225861489603407
2020-10-13,41.943558,-71.899596,18.938435886433883
2020-10-14,41.943558,-71.899596,0.0
2020-10-15,41.943558,-71.899596,0.0
2020-10-16,41.943558,-71.899596,0.0
2020-10-17,41.943558,-71.899596,50.5921953458015
2020-10-18,41.943558,-71.899596,0.0
2020-10-19,41.943558,-71.899596,2.3317557094411994
2020-10-20,41.943558,-71.899596,0.03125628076277165
2020-10-21,41.943558,-71.899596,0.0
2020-10-22,41.943558,-71.899596,0.0
2020-10-23,41.943558,-71.899596,0.0
2020-10-24,41.943558,-71.899596,0.0
2020-10-25,41.943558,-71.899596,1.005656550425657
2020-10-26,41.943558,-71.899596,0.005040171618479167
2020-10-27,41.943558,-71.899596,0.793389002865156
2020-10-28,41.943558,-71.899596,4.991833213020903
2020-10-29,41.943558,-71.899596,26.217897658288795
2020-10-30,41.943558,-71.899596,11.835267566996752
2020-10-31,41.943558,-71.899596,0.44417446131688365
2020-11-01,41.943558,-71.899596,13.395946083434021
2020-11-02,41.943558,-71.899596,2.6227892592056965
2020-11-03,41.943558,-71.899596,0.2672713142821356
2020-11-04,41.943558,-71.899596,0.0
2020-11-05,41.943558,-71.899596,0.0
2020-11-06,41.943558,-71.899596,0.0
2020-11-07,41.943558,-71.899596,0.0
2020-11-08,41.943558,-71.899596,0.08368544500229927
2020-11-09,41.943558,-71.899596,0.0
2020-11-10,41.943558,-71.899596,0.0
2020-11-11,41.943558,-71.899596,2.0365035593507224
2020-11-12,41.943558,-71.899596,32.39518916214626
2020-11-13,41.943558,-71.899596,1.4025818169708049
2020-11-14,41.943558,-71.899596,0.0
2020-11-15,41.943558,-71.899596,0.35782440080206346
2020-11-16,41.943558,-71.899596,6.288077845321577
2020-11-17,41.943558,-71.899596,0.0
2020-11-18,41.943558,-71.899596,0.0
2020-11-19,41.943558,-71.899596,0.0047154837628167285
2020-11-20,41.943558,-71.899596,0.013920948084194475
2020-11-21,41.943558,-71.899596,0.028292902576900373
2020-11-22,41.943558,-71.899596,0.0023577418814083643
2020-11-23,41.943558,-71.899596,61.776536638002845
2020-11-24,41.943558,-71.899596,0.0
2020-11-25,41.943558,-71.899596,1.716071306346008
2020-11-26,41.943558,-71.899596,10.991389917699625
2020-11-27,41.943558,-71.899596,0.0
2020-11-28,41.943558,-71.899596,0.0
2020-11-29,41.943558,-71.899596,0.0
2020-11-30,41.943558,-71.899596,32.09211730740392
2020-12-01,41.943558,-71.899596,3.831332889991037
2020-12-02,41.943558,-71.899596,0.0
2020-12-03,41.943558,-71.899596,0.0
2020-12-04,41.943558,-71.899596,0.5930157770012314
2020-12-05,41.943558,-71.899596,96.8239028872028
2020-12-06,41.943558,-71.899596,0.6271944502316007
2020-12-07,41.943558,-71.899596,0.0
2020-12-08,41.943558,-71.899596,0.0
2020-12-09,41.943558,-71.899596,0.0029643579996334406
2020-12-10,41.943558,-71.899596,0.0
2020-12-11,41.943558,-71.899596,0.0
2020-12-12,41.943558,-71.899596,1.0041991914108133
2020-12-13,41.943558,-71.899596,0.8499495541389198
2020-12-14,41.943558,-71.899596,3.9473761231776616
2020-12-15,41.943558,-71.899596,0.0
2020-12-16,41.943558,-71.899596,0.03703564153846001
2020-12-17,41.943558,-71.899596,14.443156171295076
2020-12-18,41.943558,-71.899596,0.0
2020-12-19,41.943558,-71.899596,0.0
2020-12-20,41.943558,-71.899596,2.2787414366350904
2020-12-21,41.943558,-71.899596,0.0
2020-12-22,41.943558,-71.899596,0.0003195121299385898
2020-12-23,41.943558,-71.899596,0.0
2020-12-24,41.943558,-71.899596,0.0
2020-12-25,41.943558,-71.899596,82.5099357503127
2020-12-26,41.943558,-71.899596,0.009280632056129652
2020-12-27,41.943558,-71.899596,0.0
2020-12-28,41.943558,-71.899596,0.0
2020-12-29,41.943558,-71.899596,0.0
2020-12-30,41.943558,-71.899596,0.0
2020-12-31,41.943558,-71.899596,2.8592850285460663
2021-01-01,41.943558,-71.899596,0.1943844464639719
2021-01-02,41.943558,-71.899596,8.025680368655506
2021-01-03,41.943558,-71.899596,0.0
2021-01-04,41.943558,-71.899596,0.24546078253031056
2021-01-05,41.943558,-71.899596,0.0
2021-01-06,41.943558,-71.899596,0.0
2021-01-07,41.943558,-71.899596,0.0
2021-01-08,41.943558,-71.899596,0.0
2021-01-09,41.943558,-71.899596,0.0
2021-01-10,41.943558,-71.899596,0.0
2021-01-11,41.943558,-71.899596,0.39207557799886117
2021-01-12,41.943558,-71.899596,0.0
2021-01-13,41.943558,-71.899596,0.0
2021-01-14,41.943558,-71.899596,0.11410116653221358
2021-01-15,41.943558,-71.899596,0.0
2021-01-16,41.943558,-71.899596,75.2080512252096
2021-01-17,41.943558,-71.899596,0.0
2021-01-18,41.943558,-71.899596,0.0
2021-01-19,41.943558,-71.899596,0.0
2021-01-20,41.943558,-71.899596,0.0
2021-01-21,41.943558,-71.899596,0.0
2021-01-22,41.943558,-71.899596,0.0
2021-01-23,41.943558,-71.899596,0.0
2021-01-24,41.943558,-71.899596,0.0
2021-01-25,41.943558,-71.899596,0.8953169785671743
2021-01-26,41.943558,-71.899596,0.1382799298592944
2021-01-27,41.943558,-71.899596,0.0
2021-01-28,41.943558,-71.899596,0.0
2021-01-29,41.943558,-71.899596,0.0
2021-01-30,41.943558,-71.899596,0.0
2021-01-31,41.943558,-71.899596,0.009355799790881554
2021-02-01,41.943558,-71.899596,10.98656592704867
2021-02-02,41.943558,-71.899596,2.434113686936205
2021-02-03,41.943558,-71.899596,0.0
2021-02-04,41.943558,-71.899596,0.0
2021-02-05,41.943558,-71.899596,5.603912812183285
2021-02-06,41.943558,-71.899596,0.0069604740420972375
2021-02-07,41.943558,-71.899596,26.49302090291248
2021-02-08,41.943558,-71.899596,0.0
2021-02-09,41.943558,-71.899596,0.7249651705754439
2021-02-10,41.943558,-71.899596,0.0
2021-02-11,41.943558,-71.899596,0.48621933303923953
2021-02-12,41.943558,-71.899596,0.0030819467054534096
2021-02-13,41.943558,-71.899596,0.3804089457785923
2021-02-14,41.943558,-71.899596,1.6649952281765643
2021-02-15,41.943558,-71.899596,2.0718175218737396
2021-02-16,41.943558,-71.899596,30.5179453239494
2021-02-17,41.943558,-71.899596,0.26156030767192645
2021-02-18,41.943558,-71.899596,2.7606028369515316
2021-02-19,41.943558,-71.899596,1.0964288141904937
2021-02-20,41.943558,-71.899596,0.3219313454478523
2021-02-21,41.943558,-71.899596,0.40612135145688133
2021-02-22,41.943558,-71.899596,7.508886260221021
2021-02-23,41.943558,-71.899596,0.09703193918865119
2021-02-24,41.943558,-71.899596,0.0
2021-02-25,41.943558,-71.899596,0.004877827690647947
2021-02-26,41.943558,-71.899596,0.0
2021-02-27,41.943558,-71.899596,1.3331605292015893
2021-02-28,41.943558,-71.899596,0.21206291585210993
2021-03-01,41.943558,-71.899596,11.720105879469031
2021-03-02,41.943558,-71.899596,0.13287605169964445
2021-03-03,41.943558,-71.899596,0.0
2021-03-04,41.943558,-71.899596,0.0
2021-03-05,41.943558,-71.899596,0.0
2021-03-06,41.943558,-71.899596,0.0
2021-03-07,41.943558,-71.899596,0.0
2021-03-08,41.943558,-71.899596,0.21039273578776127
2021-03-09,41.943558,-71.899596,0.0
2021-03-10,41.943558,-71.899596,0.0
2021-03-11,41.943558,-71.899596,0.0374983660199508
2021-03-12,41.943558,-71.899596,0.8136085732955081
2021-03-13,41.943558,-71.899596,0.0
2021-03-14,41.943558,-71.899596,0.058943548352700076
2021-03-15,41.943558,-71.899596,0.0
2021-03-16,41.943558,-71.899596,0.5036674806635112
2021-03-17,41.943558,-71.899596,0.0
2021-03-18,41.943558,-71.899596,16.83001258338596
2021-03-19,41.943558,-71.899596,5.186804985647932
2021-03-20,41.943558,-71.899596,0.0
2021-03-21,41.943558,-71.899596,0.0
2021-03-22,41.943558,-71.899596,0.0
2021-03-23,41.943558,-71.899596,0.0
2021-03-24,41.943558,-71.899596,0.7228491132446303
2021-03-25,41.943558,-71.899596,12.24820198819841
2021-03-26,41.943558,-71.899596,1.9574989972614052
2021-03-27,41.943558,-71.899596,0.0
2021-03-28,41.943558,-71.899596,13.665141264560619
2021-03-29,41.943558,-71.899596,14.25828946580177
2021-03-30,41.943558,-71.899596,0.0
2021-03-31,41.943558,-71.899596,1.1021184575764746
2021-04-01,41.943558,-71.899596,16.29118519505007
2021-04-02,41.943558,-71.899596,0.0
2021-04-03,41.943558,-71.899596,0.37228979928936146
2021-04-04,41.943558,-71.899596,0.0
2021-04-05,41.943558,-71.899596,0.0
2021-04-06,41.943558,-71.899596,0.0
2021-04-07,41.943558,-71.899596,0.0
2021-04-08,41.943558,-71.899596,0.0
2021-04-09,41.943558,-71.899596,0.0
2021-04-10,41.943558,-71.899596,0.006758924064055215
2021-04-11,41.943558,-71.899596,7.584890142398357
2021-04-12,41.943558,-71.899596,2.0132375776932876
2021-04-13,41.943558,-71.899596,0.00032468785566243787
2021-04-14,41.943558,-71.899596,0.0
2021-04-15,41.943558,-71.899596,7.276531320960413
2021-04-16,41.943558,-71.899596,7.373492084662097
2021-04-17,41.943558,-71.899596,0.1565786362280836
2021-04-18,41.943558,-71.899596,0.0
2021-04-19,41.943558,-71.899596,0.0
2021-04-20,41.943558,-71.899596,0.0
2021-04-21,41.943558,-71.899596,7.613409419289724
2021-04-22,41.943558,-71.899596,0.0
2021-04-23,41.943558,-71.899596,0.0
2021-04-24,41.943558,-71.899596,0.0
2021-04-25,41.943558,-71.899596,16.534155769975527
2021-04-26,41.943558,-71.899596,0.0
2021-04-27,41.943558,-71.899596,0.18832715807178008
2021-04-28,41.943558,-71.899596,9.242040808539087
2021-04-29,41.943558,-71.899596,21.437467483365083
2021-04-30,41.943558,-71.899596,6.115326025431963
2021-05-01,41.943558,-71.899596,0.9903168968977843
2021-05-02,41.943558,-71.899596,9.405449544468098
2021-05-03,41.943558,-71.899596,1.9185123540357314
2021-05-04,41.943558,-71.899596,22.44705958329851
2021-05-05,41.943558,-71.899596,7.558330214762322
2021-05-06,41.943558,-71.899596,0.0
2021-05-07,41.943558,-71.899596,0.11919357129728583
2021-05-08,41.943558,-71.899596,0.04972451576311023
2021-05-09,41.943558,-71.899596,0.5979150579120821
2021-05-10,41.943558,-71.899596,12.99692030813016
2021-05-11,41.943558,-71.899596,0.011845423570445265
2021-05-12,41.943558,-71.899596,0.0
2021-05-13,41.943558,-71.899596,0.0
2021-05-14,41.943558,-71.899596,0.0
2021-05-15,41.943558,-71.899596,0.0
2021-05-16,41.943558,-71.899596,0.08732344980013132
2021-05-17,41.943558,-71.899596,0.40146324034312986
2021-05-18,41.943558,-71.899596,0.19659807220436396
2021-05-19,41.943558,-71.899596,0.0
2021-05-20,41.943558,-71.899596,0.0
2021-05-21,41.943558,-71.899596,0.4427188329577365
2021-05-22,41.943558,-71.899596,0.2805312313797363
2021-05-23,41.943558,-71.899596,0.05564890383130634
2021-05-24,41.943558,-71.899596,0.002320158014032413
2021-05-25,41.943558,-71.899596,0.0
2021-05-26,41.943558,-71.899596,0.0
2021-05-27,41.943558,-71.899596,18.279219129047036
2021-05-28,41.943558,-71.899596,3.4713364262831163
2021-05-29,41.943558,-71.899596,44.93897473343116
2021-05-30,41.943558,-71.899596,10.91496438393848
2021-05-31,41.943558,-71.899596,3.924258449177141
2021-06-01,41.943558,-71.899596,0.024000359571087482
2021-06-02,41.943558,-71.899596,0.06598853556045949
2021-06-03,41.943558,-71.899596,0.5794082866975563
2021-06-04,41.943558,-71.899596,15.085768271130314
2021-06-05,41.943558,-71.899596,0.0
2021-06-06,41.943558,-71.899596,0.0
2021-06-07,41.943558,-71.899596,0.0
2021-06-08,41.943558,-71.899596,1.4932367024130095
2021-06-09,41.943558,-71.899596,1.6077600589264613
2021-06-10,41.943558,-71.899596,0.3414390740692961
2021-06-11,41.943558,-71.899596,0.013226802307737467
2021-06-12,41.943558,-71.899596,1.9820995659817087
2021-06-13,41.943558,-71.899596,0.0
2021-06-14,41.943558,-71.899596,20.544141380396212
2021-06-15,41.943558,-71.899596,0.36909705997249137
2021-06-16,41.943558,-71.899596,0.0
2021-06-17,41.943558,-71.899596,0.0
2021-06-18,41.943558,-71.899596,0.0
2021-06-19,41.943558,-71.899596,1.7845454537824315
2021-06-20,41.943558,-71.899596,6.126284763602071
2021-06-21,41.943558,-71.899596,0.002320158014032413
2021-06-22,41.943558,-71.899596,6.290789337985794
2021-06-23,41.943558,-71.899596,2.5703836869494467
2021-06-24,41.943558,-71.899596,0.0
2021-06-25,41.943558,-71.899596,0.0
2021-06-26,41.943558,-71.899596,0.0
2021-06-27,41.943558,-71.899596,0.9243382320530021
2021-06-28,41.943558,-71.899596,0.0
2021-06-29,41.943558,-71.899596,1.6274251715280699
2021-06-30,41.943558,-71.899596,5.118462554625196
2021-07-01,41.943558,-71.899596,11.058656548258472
2021-07-02,41.943558,-71.899596,31.423146084807662
2021-07-03,41.943558,-71.899596,14.141822911129458
2021-07-04,41.943558,-71.899596,5.835941196765107
2021-07-05,41.943558,-71.899596,0.011920301767937536
2021-07-06,41.943558,-71.899596,16.067160293843465
2021-07-07,41.943558,-71.899596,7.514325905145148
2021-07-08,41.943558,-71.899596,16.578202602401813
2021-07-09,41.943558,-71.899596,63.525630459670076
2021-07-10,41.943558,-71.899596,3.8246490610309802
2021-07-11,41.943558,-71.899596,0.0023577418814083643
2021-07-12,41.943558,-71.899596,23.23916160094634
2021-07-13,41.943558,-71.899596,0.5371403109057993
2021-07-14,41.943558,-71.899596,0.3259907751091563
2021-07-15,41.943558,-71.899596,17.21659994989599
2021-07-16,41.943558,-71.899596,7.26399883863556
2021-07-17,41.943558,-71.899596,24.642706068696626
2021-07-18,41.943558,-71.899596,12.660559498660117
2021-07-19,41.943558,-71.899596,0.0
2021-07-20,41.943558,-71.899596,0.003705443878393757
2021-07-21,41.943558,-71.899596,0.08095259552464541
2021-07-22,41.943558,-71.899596,0.0
2021-07-23,41.943558,-71.899596,0.07817853909299985
2021-07-24,41.943558,-71.899596,0.0
2021-07-25,41.943558,-71.899596,6.5911312745573785
2021-07-26,41.943558,-71.899596,0.0
2021-07-27,41.943558,-71.899596,1.9882883161102252
2021-07-28,41.943558,-71.899596,6.7345477914819485
2021-07-29,41.943558,-71.899596,2.0916235773822733
2021-07-30,41.943558,-71.899596,0.0
2021-07-31,41.943558,-71.899596,0.0
2021-08-01,41.943558,-71.899596,0.2951417922960261
2021-08-02,41.943558,-71.899596,0.0
2021-08-03,41.943558,-71.899596,0.16899773666928403
2021-08-04,41.943558,-71.899596,13.23465608672373
2021-08-05,41.943558,-71.899596,10.032306290278562
2021-08-06,41.943558,-71.899596,0.0
2021-08-07,41.943558,-71.899596,0.10472153202470147
2021-08-08,41.943558,-71.899596,5.380300870689876
2021-08-09,41.943558,-71.899596,2.475910173821752
2021-08-10,41.943558,-71.899596,0.0
2021-08-11,41.943558,-71.899596,0.0
2021-08-12,41.943558,-71.899596,11.902060568086124
2021-08-13,41.943558,-71.899596,10.183883081860087
2021-08-14,41.943558,-71.899596,4.0042080982993165
2021-08-15,41.943558,-71.899596,0.0
2021-08-16,41.943558,-71.899596,0.0023577418814083643
2021-08-17,41.943558,-71.899596,0.002320158014032413
2021-08-18,41.943558,-71.899596,1.074822229267513
2021-08-19,41.943558,-71.899596,40.525479256296876
2021-08-20,41.943558,-71.899596,0.0
2021-08-21,41.943558,-71.899596,0.0
2021-08-22,41.943558,-71.899596,25.963059200412
2021-08-23,41.943558,-71.899596,10.390738601602873
2021-08-24,41.943558,-71.899596,0.10379292020253106
2021-08-25,41.943558,-71.899596,0.0
2021-08-26,41.943558,-71.899596,0.0
2021-08-27,41.943558,-71.899596,0.0
2021-08-28,41.943558,-71.899596,1.2584267766299744
2021-08-29,41.943558,-71.899596,0.15132095418517894
2021-08-30,41.943558,-71.899596,0.0
2021-08-31,41.943558,-71.899596,2.5668909520523426
2021-09-01,41.943558,-71.899596,17.189604620732606
2021-09-02,41.943558,-71.899596,78.09868166200751
2021-09-03,41.943558,-71.899596,0.0
2021-09-04,41.943558,-71.899596,0.0
2021-09-05,41.943558,-71.899596,7.54944937243688
2021-09-06,41.943558,-71.899596,0.055299753460794736
2021-09-07,41.943558,-71.899596,0.0
2021-09-08,41.943558,-71.899596,0.0
2021-09-09,41.943558,-71.899596,27.901170699670608
2021-09-10,41.943558,-71.899596,6.15907096081454
2021-09-11,41.943558,-71.899596,0.0
2021-09-12,41.943558,-71.899596,0.0
2021-09-13,41.943558,-71.899596,0.0011234681507520264
2021-09-14,41.943558,-71.899596,0.0968114094847815
2021-09-15,41.943558,-71.899596,0.0
2021-09-16,41.943558,-71.899596,12.93917691064613
2021-09-17,41.943558,-71.899596,0.0
2021-09-18,41.943558,-71.899596,0.002715853193748673
2021-09-19,41.943558,-71.899596,0.0
2021-09-20,41.943558,-71.899596,0.0
2021-09-21,41.943558,-71.899596,0.0
2021-09-22,41.943558,-71.899596,0.0
2021-09-23,41.943558,-71.899596,0.0
2021-09-24,41.943558,-71.899596,10.758129251234418
2021-09-25,41.943558,-71.899596,0.0
2021-09-26,41.943558,-71.899596,2.022640746824016
2021-09-27,41.943558,-71.899596,0.056656827836786904
2021-09-28,41.943558,-71.899596,14.31649755506821
2021-09-29,41.943558,-71.899596,0.05889664195818045
2021-09-30,41.943558,-71.899596,0.0
2021-10-01,41.943558,-71.899596,0.0
2021-10-02,41.943558,-71.899596,0.028292902576900373
2021-10-03,41.943558,-71.899596,1.000418396242688
2021-10-04,41.943558,-71.899596,38.45147870743187
2021-10-05,41.943558,-71.899596,10.301815848024297
2021-10-06,41.943558,-71.899596,0.0
2021-10-07,41.943558,-71.899596,0.0
2021-10-08,41.943558,-71.899596,0.0
2021-10-09,41.943558,-71.899596,0.0
2021-10-10,41.943558,-71.899596,8.220728342347224
2021-10-11,41.943558,-71.899596,0.0
2021-10-12,41.943558,-71.899596,0.0
2021-10-13,41.943558,-71.899596,0.0
2021-10-14,41.943558,-71.899596,0.0
2021-10-15,41.943558,-71.899596,0.0
2021-10-16,41.943558,-71.899596,0.0
2021-10-17,41.943558,-71.899596,9.836991849535883
2021-10-18,41.943558,-71.899596,0.009280632056129652
2021-10-19,41.943558,-71.899596,0.0
2021-10-20,41.943558,-71.899596,0.0
2021-10-21,41.943558,-71.899596,0.016504193609022205
2021-10-22,41.943558,-71.899596,0.0
2021-10-23,41.943558,-71.899596,0.0
2021-10-24,41.943558,-71.899596,0.320243565802002
2021-10-25,41.943558,-71.899596,9.694357324679366
2021-10-26,41.943558,-71.899596,28.357638410919137
2021-10-27,41.943558,-71.899596,10.146606356336223
2021-10-28,41.943558,-71.899596,0.0
2021-10-29,41.943558,-71.899596,0.0
2021-10-30,41.943558,-71.899596,14.108271221443648
2021-10-31,41.943558,-71.899596,20.28648511235224
2021-11-01,41.943558,-71.899596,0.0
2021-11-02,41.943558,-71.899596,0.014680487534785283
2021-11-03,41.943558,-71.899596,0.0
2021-11-04,41.943558,-71.899596,0.0
2021-11-05,41.943558,-71.899596,0.0
2021-11-06,41.943558,-71.899596,0.0
2021-11-07,41.943558,-71.899596,0.0
2021-11-08,41.943558,-71.899596,0.12094888939734556
2021-11-09,41.943558,-71.899596,0.0
2021-11-10,41.943558,-71.899596,0.3345958139203302
2021-11-11,41.943558,-71.899596,0.38194794050052316
2021-11-12,41.943558,-71.899596,20.706185728942643
2021-11-13,41.943558,-71.899596,5.043739996710786
2021-11-14,41.943558,-71.899596,0.0
2021-11-15,41.943558,-71.899596,2.9863310789652946
2021-11-16,41.943558,-71.899596,0.0
2021-11-17,41.943558,-71.899596,0.0
2021-11-18,41.943558,-71.899596,0.09744664263964498
2021-11-19,41.943558,-71.899596,10.55312646437682
2021-11-20,41.943558,-71.899596,0.0023577418814083643
2021-11-21,41.943558,-71.899596,2.4439362269241487
2021-11-22,41.943558,-71.899596,12.927325048249836
2021-11-23,41.943558,-71.899596,0.0
2021-11-24,41.943558,-71.899596,0.0069604740420972375
2021-11-25,41.943558,-71.899596,0.011226883273912991
2021-11-26,41.943558,-71.899596,5.38865983490631
2021-11-27,41.943558,-71.899596,0.0
2021-11-28,41.943558,-71.899596,0.007073225644225093
2021-11-29,41.943558,-71.899596,0.0
2021-11-30,41.943558,-71.899596,0.0
2021-12-01,41.943558,-71.899596,0.0008117196089171816
2021-12-02,41.943558,-71.899596,3.593017169477483
2021-12-03,41.943558,-71.899596,1.7912149008704579
2021-12-04,41.943558,-71.899596,0.0
2021-12-05,41.943558,-71.899596,0.0014429803402043915
2021-12-06,41.943558,-71.899596,3.038009624351619
2021-12-07,41.943558,-71.899596,5.035699943206807
2021-12-08,41.943558,-71.899596,0.7013993756659427
2021-12-09,41.943558,-71.899596,0.0
2021-12-10,41.943558,-71.899596,0.0985179581098245
2021-12-11,41.943558,-71.899596,10.12966782052998
2021-12-12,41.943558,-71.899596,18.01724265931652
2021-12-13,41.943558,-71.899596,0.0028756091099335366
2021-12-14,41.943558,-71.899596,0.0
2021-12-15,41.943558,-71.899596,2.9509904244889222
2021-12-16,41.943558,-71.899596,11.312257031501181
2021-12-17,41.943558,-71.899596,0.15777075014016148
2021-12-18,41.943558,-71.899596,0.8449811761506896
2021-12-19,41.943558,-71.899596,5.79949490015483
2021-12-20,41.943558,-71.899596,0.0
2021-12-21,41.943558,-71.899596,0.0
2021-12-22,41.943558,-71.899596,0.7334934907948718
2021-12-23,41.943558,-71.899596,0.0
2021-12-24,41.943558,-71.899596,0.0503134891433108
2021-12-25,41.943558,-71.899596,15.162255407226365
2021-12-26,41.943558,-71.899596,2.556043577418582
2021-12-27,41.943558,-71.899596,0.0
2021-12-28,41.943558,-71.899596,0.09758304028319614
2021-12-29,41.943558,-71.899596,2.915699248911637
2021-12-30,41.943558,-71.899596,0.012881426050372118
2021-12-31,41.943558,-71.899596,0.002396340885268764
2022-01-01,41.943558,-71.899596,1.032341184647687
2022-01-02,41.943558,-71.899596,16.05226035473045
2022-01-03,41.943558,-71.899596,0.16891540310087136
2022-01-04,41.943558,-71.899596,0.0
2022-01-05,41.943558,-71.899596,2.7889389157555167
2022-01-06,41.943558,-71.899596,0.007227840597289071
2022-01-07,41.943558,-71.899596,8.688833435486504
2022-01-08,41.943558,-71.899596,0.0
2022-01-09,41.943558,-71.899596,4.752331983446008
2022-01-10,41.943558,-71.899596,5.511933155077616
2022-01-11,41.943558,-71.899596,0.0
2022-01-12,41.943558,-71.899596,0.0
2022-01-13,41.943558,-71.899596,0.0
2022-01-14,41.943558,-71.899596,0.200636060927812
2022-01-15,41.943558,-71.899596,0.0
2022-01-16,41.943558,-71.899596,0.0
2022-01-17,41.943558,-71.899596,18.14939919417316
2022-01-18,41.943558,-71.899596,0.0
2022-01-19,41.943558,-71.899596,0.0
2022-01-20,41.943558,-71.899596,7.7511190073044665
2022-01-21,41.943558,-71.899596,0.35698412938440416
2022-01-22,41.943558,-71.899596,1.021639804482451
2022-01-23,41.943558,-71.899596,0.0
2022-01-24,41.943558,-71.899596,0.0001597560649692949
2022-01-25,41.943558,-71.899596,1.045053231039707
2022-01-26,41.943558,-71.899596,0.0
2022-01-27,41.943558,-71.899596,0.0
2022-01-28,41.943558,-71.899596,0.7220591812269987
2022-01-29,41.943558,-71.899596,20.739339451470798
2022-01-30,41.943558,-71.899596,1.7096055414932276
2022-01-31,41.943558,-71.899596,0.0
2022-02-01,41.943558,-71.899596,0.0
2022-02-02,41.943558,-71.899596,0.18626160380046056
2022-02-03,41.943558,-71.899596,1.560502722202016
2022-02-04,41.943558,-71.899596,39.02937119012747
2022-02-05,41.943558,-71.899596,1.3633518739732255
2022-02-06,41.943558,-71.899596,0.0
2022-02-07,41.943558,-71.899596,0.492283589203389
2022-02-08,41.943558,-71.899596,12.834314496426648
2022-02-09,41.943558,-71.899596,0.00032468785566243787
2022-02-10,41.943558,-71.899596,0.001597560590179177
2022-02-11,41.943558,-71.899596,0.0
2022-02-12,41.943558,-71.899596,0.0
2022-02-13,41.943558,-71.899596,0.050020107323063875
2022-02-14,41.943558,-71.899596,0.6399684063408151
2022-02-15,41.943558,-71.899596,0.0
2022-02-16,41.943558,-71.899596,0.0
2022-02-17,41.943558,-71.899596,0.006818445392255989
2022-02-18,41.943558,-71.899596,34.650819810188274
2022-02-19,41.943558,-71.899596,0.0
2022-02-20,41.943558,-71.899596,0.0
2022-02-21,41.943558,-71.899596,0.0
2022-02-22,41.943558,-71.899596,8.684612167850117
2022-02-23,41.943558,-71.899596,17.051551042074955
2022-02-24,41.943558,-71.899596,0.03167439563659172
2022-02-25,41.943558,-71.899596,37.15733791739832
2022-02-26,41.943558,-71.899596,0.044083002698778954
2022-02-27,41.943558,-71.899596,0.0
2022-02-28,41.943558,-71.899596,0.09519527237523444
2022-03-01,41.943558,-71.899596,0.02567207405602346
2022-03-02,41.943558,-71.899596,3.466626430031844
2022-03-03,41.943558,-71.899596,4.320940587742609
2022-03-04,41.943558,-71.899596,0.0
2022-03-05,41.943558,-71.899596,0.0
2022-03-06,41.943558,-71.899596,7.9728124747995635
2022-03-07,41.943558,-71.899596,2.984114764943004
2022-03-08,41.943558,-71.899596,7.7680693032269446
2022-03-09,41.943558,-71.899596,1.1717729400916435
2022-03-10,41.943558,-71.899596,0.0
2022-03-11,41.943558,-71.899596,0.0
2022-03-12,41.943558,-71.899596,17.13236596951456
2022-03-13,41.943558,-71.899596,0.0
2022-03-14,41.943558,-71.899596,0.0
2022-03-15,41.943558,-71.899596,0.06313285707992508
2022-03-16,41.943558,-71.899596,2.068292673372263
2022-03-17,41.943558,-71.899596,3.465726345657559
2022-03-18,41.943558,-71.899596,0.007264070916375167
2022-03-19,41.943558,-71.899596,0.19888580010570905
2022-03-20,41.943558,-71.899596,7.996160350801114
2022-03-21,41.943558,-71.899596,0.5039768210403385
2022-03-22,41.943558,-71.899596,0.0
2022-03-23,41.943558,-71.899596,0.0
2022-03-24,41.943558,-71.899596,14.174935260622828
2022-03-25,41.943558,-71.899596,17.180818605414604
2022-03-26,41.943558,-71.899596,0.16208555134225217
2022-03-27,41.943558,-71.899596,0.04673931765455085
2022-03-28,41.943558,-71.899596,0.0
2022-03-29,41.943558,-71.899596,0.0
2022-03-30,41.943558,-71.899596,0.0
2022-03-31,41.943558,-71.899596,0.4984632245016664
2022-04-01,41.943558,-71.899596,12.071238026293525
2022-04-02,41.943558,-71.899596,0.0
2022-04-03,41.943558,-71.899596,1.8853017442911544
2022-04-04,41.943558,-71.899596,0.0
2022-04-05,41.943558,-71.899596,0.0
2022-04-06,41.943558,-71.899596,3.243025673475486
2022-04-07,41.943558,-71.899596,2.4717997102835456
2022-04-08,41.943558,-71.899596,6.332625759824919
2022-04-09,41.943558,-71.899596,3.759313342112369
2022-04-10,41.943558,-71.899596,0.0
2022-04-11,41.943558,-71.899596,0.0
2022-04-12,41.943558,-71.899596,11.418315545865681
2022-04-13,41.943558,-71.899596,0.0
2022-04-14,41.943558,-71.899596,5.000813606248044
2022-04-15,41.943558,-71.899596,7.757274857460474
2022-04-16,41.943558,-71.899596,0.25874772249847267
2022-04-17,41.943558,-71.899596,5.727086236098078
2022-04-18,41.943558,-71.899596,0.0655942918242308
2022-04-19,41.943558,-71.899596,36.79314910116271
2022-04-20,41.943558,-71.899596,0.0
2022-04-21,41.943558,-71.899596,0.23283037584544825
2022-04-22,41.943558,-71.899596,0.0
2022-04-23,41.943558,-71.899596,0.03735846595350556
2022-04-24,41.943558,-71.899596,0.15628357908273344
2022-04-25,41.943558,-71.899596,0.0
2022-04-26,41.943558,-71.899596,0.0006493757113248757
2022-04-27,41.943558,-71.899596,3.3458568303996588
2022-04-28,41.943558,-71.899596,0.0
2022-04-29,41.943558,-71.899596,0.0
2022-04-30,41.943558,-71.899596,0.0
2022-05-01,41.943558,-71.899596,0.0
2022-05-02,41.943558,-71.899596,0.5600112434787026
2022-05-03,41.943558,-71.899596,0.25526577737290784
2022-05-04,41.943558,-71.899596,8.78780548476325
2022-05-05,41.943558,-71.899596,0.39443742118090075
2022-05-06,41.943558,-71.899596,1.5635479466980893
2022-05-07,41.943558,-71.899596,1.7915033812557501
2022-05-08,41.943558,-71.899596,0.15675536959437023
2022-05-09,41.943558,-71.899596,0.0
2022-05-10,41.943558,-71.899596,0.0
2022-05-11,41.943558,-71.899596,0.0
2022-05-12,41.943558,-71.899596,0.0
2022-05-13,41.943558,-71.899596,0.0
2022-05-14,41.943558,-71.899596,0.35712606296804883
2022-05-15,41.943558,-71.899596,3.7885185271952264
2022-05-16,41.943558,-71.899596,0.8952353090455158
2022-05-17,41.943558,-71.899596,2.645197965574821
2022-05-18,41.943558,-71.899596,0.0
2022-05-19,41.943558,-71.899596,10.967197021875025
2022-05-20,41.943558,-71.899596,0.0
2022-05-21,41.943558,-71.899596,0.29924341721224496
2022-05-22,41.943558,-71.899596,0.0
2022-05-23,41.943558,-71.899596,9.590654600209714
2022-05-24,41.943558,-71.899596,1.3099260238155195
2022-05-25,41.943558,-71.899596,0.0
2022-05-26,41.943558,-71.899596,0.02373181482952524
2022-05-27,41.943558,-71.899596,0.0
2022-05-28,41.943558,-71.899596,13.563739901844617
2022-05-29,41.943558,-71.899596,0.0
2022-05-30,41.943558,-71.899596,0.0
2022-05-31,41.943558,-71.899596,0.21806530040313427
2022-06-01,41.943558,-71.899596,2.401764451362471
2022-06-02,41.943558,-71.899596,3.239052903916543
2022-06-03,41.943558,-71.899596,0.30847125955430976
2022-06-04,41.943558,-71.899596,0.0009714756738864765
2022-06-05,41.943558,-71.899596,0.0
2022-06-06,41.943558,-71.899596,0.0
2022-06-07,41.943558,-71.899596,0.19826600273215744
2022-06-08,41.943558,-71.899596,7.165209806808603
2022-06-09,41.943558,-71.899596,20.31389635558287
2022-06-10,41.943558,-71.899596,0.0
2022-06-11,41.943558,-71.899596,1.7151784127103409
2022-06-12,41.943558,-71.899596,0.0
2022-06-13,41.943558,-71.899596,7.639892559031264
2022-06-14,41.943558,-71.899596,0.0
2022-06-15,41.943558,-71.899596,0.0
2022-06-16,41.943558,-71.899596,0.024226797160390463
2022-06-17,41.943558,-71.899596,6.277864157331363
2022-06-18,41.943558,-71.899596,0.0
2022-06-19,41.943558,-71.899596,15.406530809451736
2022-06-20,41.943558,-71.899596,0.0
2022-06-21,41.943558,-71.899596,0.06032410750051649
2022-06-22,41.943558,-71.899596,5.5206740845510165
2022-06-23,41.943558,-71.899596,0.0
2022-06-24,41.943558,-71.899596,0.14977270642787122
2022-06-25,41.943558,-71.899596,0.0
2022-06-26,41.943558,-71.899596,0.0
2022-06-27,41.943558,-71.899596,19.028905411928925
2022-06-28,41.943558,-71.899596,0.17707753721735853
2022-06-29,41.943558,-71.899596,0.0
2022-06-30,41.943558,-71.899596,0.02357741793575633
2022-07-01,41.943558,-71.899596,0.0
2022-07-02,41.943558,-71.899596,15.226849278278365
2022-07-03,41.943558,-71.899596,0.9020188543696219
2022-07-04,41.943558,-71.899596,0.0
2022-07-05,41.943558,-71.899596,2.092636718546694
2022-07-06,41.943558,-71.899596,0.20124281745368988
2022-07-07,41.943558,-71.899596,0.0
2022-07-08,41.943558,-71.899596,0.0
2022-07-09,41.943558,-71.899596,0.4623722557588791
2022-07-10,41.943558,-71.899596,0.0
2022-07-11,41.943558,-71.899596,0.0
2022-07-12,41.943558,-71.899596,2.2489869126498396
2022-07-13,41.943558,-71.899596,9.915288583627035
2022-07-14,41.943558,-71.899596,0.7476349400373803
2022-07-15,41.943558,-71.899596,0.0
2022-07-16,41.943558,-71.899596,1.4086639416297535
2022-07-17,41.943558,-71.899596,0.11559769791635524
2022-07-18,41.943558,-71.899596,12.526438573076145
2022-07-19,41.943558,-71.899596,2.6659493269392107
2022-07-20,41.943558,-71.899596,0.0
2022-07-21,41.943558,-71.899596,0.34610107517752675
2022-07-22,41.943558,-71.899596,0.0
2022-07-23,41.943558,-71.899596,0.0
2022-07-24,41.943558,-71.899596,0.0
2022-07-25,41.943558,-71.899596,4.790992506352643
2022-07-26,41.943558,-71.899596,0.9478762145732564
2022-07-27,41.943558,-71.899596,0.0
2022-07-28,41.943558,-71.899596,0.0029221906404841144
2022-07-29,41.943558,-71.899596,2.106578120730331
2022-07-30,41.943558,-71.899596,1.1344202209691703
2022-07-31,41.943558,-71.899596,0.0004792681949078852
2022-08-01,41.943558,-71.899596,9.410155168207945
2022-08-02,41.943558,-71.899596,0.2501436139828621
2022-08-03,41.943558,-71.899596,0.0
2022-08-04,41.943558,-71.899596,0.0
2022-08-05,41.943558,-71.899596,0.011182923655144051
2022-08-06,41.943558,-71.899596,0.0
2022-08-07,41.943558,-71.899596,0.0
2022-08-08,41.943558,-71.899596,0.4617862034585217
2022-08-09,41.943558,-71.899596,0.5393056450836169
2022-08-10,41.943558,-71.899596,0.059668186820955225
2022-08-11,41.943558,-71.899596,0.6685334877836943
2022-08-12,41.943558,-71.899596,0.011600789637998946
2022-08-13,41.943558,-71.899596,10.246164183003478
2022-08-14,41.943558,-71.899596,0.01476268827954503
2022-08-15,41.943558,-71.899596,0.1310331144887485
2022-08-16,41.943558,-71.899596,0.0
2022-08-17,41.943558,-71.899596,4.846803942465666
2022-08-18,41.943558,-71.899596,0.0
2022-08-19,41.943558,-71.899596,0.0
2022-08-20,41.943558,-71.899596,0.16486456375841171
2022-08-21,41.943558,-71.899596,0.0034092226961279946
2022-08-22,41.943558,-71.899596,12.660731760520617
2022-08-23,41.943558,-71.899596,15.860537058517073
2022-08-24,41.943558,-71.899596,1.8639840331973567
2022-08-25,41.943558,-71.899596,0.0
2022-08-26,41.943558,-71.899596,14.241938297736
2022-08-27,41.943558,-71.899596,0.0
2022-08-28,41.943558,-71.899596,0.0
2022-08-29,41.943558,-71.899596,0.0
2022-08-30,41.943558,-71.899596,0.0
2022-08-31,41.943558,-71.899596,3.3735681579884553
2022-09-01,41.943558,-71.899596,0.0
2022-09-02,41.943558,-71.899596,0.0
2022-09-03,41.943558,-71.899596,0.0
2022-09-04,41.943558,-71.899596,0.04041194983452703
2022-09-05,41.943558,-71.899596,20.512008694769822
2022-09-06,41.943558,-71.899596,70.06602054977597
2022-09-07,41.943558,-71.899596,0.011835713869883262
2022-09-08,41.943558,-71.899596,0.0
2022-09-09,41.943558,-71.899596,0.0
2022-09-10,41.943558,-71.899596,0.0
2022-09-11,41.943558,-71.899596,5.721272672370946
2022-09-12,41.943558,-71.899596,3.3873860290792823
2022-09-13,41.943558,-71.899596,10.037514083455111
2022-09-14,41.943558,-71.899596,0.0
2022-09-15,41.943558,-71.899596,0.0
2022-09-16,41.943558,-71.899596,0.0
2022-09-17,41.943558,-71.899596,0.0
2022-09-18,41.943558,-71.899596,0.0
2022-09-19,41.943558,-71.899596,0.007753436800581484
2022-09-20,41.943558,-71.899596,2.443007909174346
2022-09-21,41.943558,-71.899596,0.0
2022-09-22,41.943558,-71.899596,26.29249999247233
2022-09-23,41.943558,-71.899596,0.0
2022-09-24,41.943558,-71.899596,0.0
2022-09-25,41.943558,-71.899596,0.3901629609076224
2022-09-26,41.943558,-71.899596,4.295556532482709
2022-09-27,41.943558,-71.899596,0.5869693620653087
2022-09-28,41.943558,-71.899596,0.0
2022-09-29,41.943558,-71.899596,0.0
2022-09-30,41.943558,-71.899596,0.11108906333496443
2022-10-01,41.943558,-71.899596,19.216360337195784
2022-10-02,41.943558,-71.899596,0.026504191628850156
2022-10-03,41.943558,-71.899596,4.676617535775478
2022-10-04,41.943558,-71.899596,0.6834182539241267
2022-10-05,41.943558,-71.899596,16.790067220484808
2022-10-06,41.943558,-71.899596,7.451730944038038
2022-10-07,41.943558,-71.899596,0.010558680575884011
2022-10-08,41.943558,-71.899596,2.264032941854619
2022-10-09,41.943558,-71.899596,0.0
2022-10-10,41.943558,-71.899596,0.0036743894050231336
2022-10-11,41.943558,-71.899596,0.0
2022-10-12,41.943558,-71.899596,0.0
2022-10-13,41.943558,-71.899596,3.236230702823482
2022-10-14,41.943558,-71.899596,52.28448252360592
2022-10-15,41.943558,-71.899596,0.0
2022-10-16,41.943558,-71.899596,0.0
2022-10-17,41.943558,-71.899596,0.8274584431605958
2022-10-18,41.943558,-71.899596,5.462185017272147
2022-10-19,41.943558,-71.899596,0.0
2022-10-20,41.943558,-71.899596,0.0
2022-10-21,41.943558,-71.899596,0.0
2022-10-22,41.943558,-71.899596,0.0
2022-10-23,41.943558,-71.899596,19.570149967425547
2022-10-24,41.943558,-71.899596,12.287678708871017
2022-10-25,41.943558,-71.899596,0.046236013326425004
2022-10-26,41.943558,-71.899596,1.2897932333757536
2022-10-27,41.943558,-71.899596,0.0
2022-10-28,41.943558,-71.899596,0.4166182327603763
2022-10-29,41.943558,-71.899596,0.00032468785566243787
2022-10-30,41.943558,-71.899596,0.0
2022-10-31,41.943558,-71.899596,0.0
2022-11-01,41.943558,-71.899596,15.07376040929464
2022-11-02,41.943558,-71.899596,0.0
2022-11-03,41.943558,-71.899596,0.0
2022-11-04,41.943558,-71.899596,0.0
2022-11-05,41.943558,-71.899596,0.0
2022-11-06,41.943558,-71.899596,1.99023143597339
2022-11-07,41.943558,-71.899596,0.2794175335951905
2022-11-08,41.943558,-71.899596,0.0
2022-11-09,41.943558,-71.899596,0.0
2022-11-10,41.943558,-71.899596,0.0
2022-11-11,41.943558,-71.899596,12.01915788028183
2022-11-12,41.943558,-71.899596,10.003724947339006
2022-11-13,41.943558,-71.899596,3.5507053315611676
2022-11-14,41.943558,-71.899596,0.004640316028064826
2022-11-15,41.943558,-71.899596,0.0
2022-11-16,41.943558,-71.899596,18.378482450497913
2022-11-17,41.943558,-71.899596,0.0017676681958668297
2022-11-18,41.943558,-71.899596,0.0
2022-11-19,41.943558,-71.899596,0.0
2022-11-20,41.943558,-71.899596,0.0
2022-11-21,41.943558,-71.899596,0.0
2022-11-22,41.943558,-71.899596,0.0
2022-11-23,41.943558,-71.899596,0.0
2022-11-24,41.943558,-71.899596,0.0
2022-11-25,41.943558,-71.899596,0.14488756904532776
2022-11-26,41.943558,-71.899596,0.0
2022-11-27,41.943558,-71.899596,28.602756328256245
2022-11-28,41.943558,-71.899596,1.4539190810588507
2022-11-29,41.943558,-71.899596,0.0
2022-11-30,41.943558,-71.899596,13.693833709625794
2022-12-01,41.943558,-71.899596,0.6357060847867929
2022-12-02,41.943558,-71.899596,0.00032468785566243787
2022-12-03,41.943558,-71.899596,16.925544163872797
2022-12-04,41.943558,-71.899596,0.0
2022-12-05,41.943558,-71.899596,0.3088546213087543
2022-12-06,41.943558,-71.899596,2.981145200016212
2022-12-07,41.943558,-71.899596,30.26067312785641
2022-12-08,41.943558,-71.899596,0.0
2022-12-09,41.943558,-71.899596,0.0
2022-12-10,41.943558,-71.899596,0.0
2022-12-11,41.943558,-71.899596,0.02977449612519204
2022-12-12,41.943558,-71.899596,0.5955123398923903
2022-12-13,41.943558,-71.899596,0.0
2022-12-14,41.943558,-71.899596,0.0
2022-12-15,41.943558,-71.899596,0.07688988132288226
2022-12-16,41.943558,-71.899596,28.17205341602562
2022-12-17,41.943558,-71.899596,0.0
2022-12-18,41.943558,-71.899596,0.0
2022-12-19,41.943558,-71.899596,0.0
2022-12-20,41.943558,-71.899596,0.0
2022-12-21,41.943558,-71.899596,0.0
2022-12-22,41.943558,-71.899596,1.2582513455284214
2022-12-23,41.943558,-71.899596,31.489173117239115
2022-12-24,41.943558,-71.899596,0.0
2022-12-25,41.943558,-71.899596,0.0
2022-12-26,41.943558,-71.899596,0.0003195121299385898
2022-12-27,41.943558,-71.899596,0.0
2022-12-28,41.943558,-71.899596,0.0
2022-12-29,41.943558,-71.899596,0.0
2022-12-30,41.943558,-71.899596,0.0
2022-12-31,41.943558,-71.899596,16.09695074640789
2023-01-01,41.943558,-71.899596,16.99734082951361
2023-01-02,41.943558,-71.899596,0.0
2023-01-03,41.943558,-71.899596,26.778132839671414
2023-01-04,41.943558,-71.899596,11.774433067948927
2023-01-05,41.943558,-71.899596,1.8963867563510823
2023-01-06,41.943558,-71.899596,0.08637582845616432
2023-01-07,41.943558,-71.899596,0.0
2023-01-08,41.943558,-71.899596,0.0
2023-01-09,41.943558,-71.899596,0.0
2023-01-10,41.943558,-71.899596,0.47533972878146724
2023-01-11,41.943558,-71.899596,0.0
2023-01-12,41.943558,-71.899596,0.0004870317834936572
2023-01-13,41.943558,-71.899596,19.383992228359425
2023-01-14,41.943558,-71.899596,1.0011133112455832
2023-01-15,41.943558,-71.899596,4.230982600248441
2023-01-16,41.943558,-71.899596,1.8248517557835005
2023-01-17,41.943558,-71.899596,0.29428726953112616
2023-01-18,41.943558,-71.899596,0.0
2023-01-19,41.943558,-71.899596,29.368073438726995
2023-01-20,41.943558,-71.899596,11.349135198878761
2023-01-21,41.943558,-71.899596,0.0
2023-01-22,41.943558,-71.899596,0.7557615022286776
2023-01-23,41.943558,-71.899596,23.063552640675084
2023-01-24,41.943558,-71.899596,0.0
2023-01-25,41.943558,-71.899596,3.8445521025238234
2023-01-26,41.943558,-71.899596,44.58886142861397
2023-01-27,41.943558,-71.899596,0.0
2023-01-28,41.943558,-71.899596,0.0
2023-01-29,41.943558,-71.899596,0.15733612886029763
2023-01-30,41.943558,-71.899596,0.0
2023-01-31,41.943558,-71.899596,0.0
2023-02-01,41.943558,-71.899596,0.2589763010836264
2023-02-02,41.943558,-71.899596,0.0
2023-02-03,41.943558,-71.899596,0.0
2023-02-04,41.943558,-71.899596,0.0
2023-02-05,41.943558,-71.899596,0.0
2023-02-06,41.943558,-71.899596,0.0
2023-02-07,41.943558,-71.899596,0.039587068966768356
2023-02-08,41.943558,-71.899596,1.1084143290788624
2023-02-09,41.943558,-71.899596,1.8629020525904827
2023-02-10,41.943558,-71.899596,0.040092323505523685
2023-02-11,41.943558,-71.899596,0.0
2023-02-12,41.943558,-71.899596,0.0
2023-02-13,41.943558,-71.899596,0.9664682116024479
2023-02-14,41.943558,-71.899596,0.02593516113465567
2023-02-15,41.943558,-71.899596,1.0350149167887237
2023-02-16,41.943558,-71.899596,4.662881655718321
2023-02-17,41.943558,-71.899596,14.398630626007137
2023-02-18,41.943558,-71.899596,0.7048172269009603
2023-02-19,41.943558,-71.899596,0.0
2023-02-20,41.943558,-71.899596,0.0003195121299385898
2023-02-21,41.943558,-71.899596,3.160396359760362
2023-02-22,41.943558,-71.899596,0.10545109143239564
2023-02-23,41.943558,-71.899596,19.009414254995647
2023-02-24,41.943558,-71.899596,0.0250908489239272
2023-02-25,41.943558,-71.899596,0.9396441994470979
2023-02-26,41.943558,-71.899596,0.0
2023-02-27,41.943558,-71.899596,0.0
2023-02-28,41.943558,-71.899596,2.107226587527137
2023-03-01,41.943558,-71.899596,0.05574298570201986
2023-03-02,41.943558,-71.899596,15.245551238382527
2023-03-03,41.943558,-71.899596,0.0019170727796315409
2023-03-04,41.943558,-71.899596,13.0249422663938
2023-03-05,41.943558,-71.899596,0.0
2023-03-06,41.943558,-71.899596,0.0
2023-03-07,41.943558,-71.899596,0.09836066268151074
2023-03-08,41.943558,-71.899596,0.0
2023-03-09,41.943558,-71.899596,0.0
2023-03-10,41.943558,-71.899596,0.0
2023-03-11,41.943558,-71.899596,0.5859123260760845
2023-03-12,41.943558,-71.899596,0.0
2023-03-13,41.943558,-71.899596,4.856228179601407
2023-03-14,41.943558,-71.899596,35.0875645696386
2023-03-15,41.943558,-71.899596,0.12946724091678935
2023-03-16,41.943558,-71.899596,0.011713541672289919
2023-03-17,41.943558,-71.899596,0.7374629158534943
2023-03-18,41.943558,-71.899596,1.5669322820397928
2023-03-19,41.943558,-71.899596,0.0
2023-03-20,41.943558,-71.899596,0.0
2023-03-21,41.943558,-71.899596,0.0
2023-03-22,41.943558,-71.899596,0.0
2023-03-23,41.943558,-71.899596,6.973376585066798
2023-03-24,41.943558,-71.899596,0.1651827134016493
2023-03-25,41.943558,-71.899596,2.5508901971344655
2023-03-26,41.943558,-71.899596,0.87678063919449
2023-03-27,41.943558,-71.899596,6.114477671954686
2023-03-28,41.943558,-71.899596,1.7529706567015135
2023-03-29,41.943558,-71.899596,0.0
2023-03-30,41.943558,-71.899596,0.06264426335373333
2023-03-31,41.943558,-71.899596,6.6257604081494925
2023-04-01,41.943558,-71.899596,20.02025316646481
2023-04-02,41.943558,-71.899596,0.8208529060086543
2023-04-03,41.943558,-71.899596,0.007884945253142275
2023-04-04,41.943558,-71.899596,0.0
2023-04-05,41.943558,-71.899596,0.04191923661242513
2023-04-06,41.943558,-71.899596,3.061160642500637
2023-04-07,41.943558,-71.899596,0.41605914069163
2023-04-08,41.943558,-71.899596,0.0
2023-04-09,41.943558,-71.899596,0.0
2023-04-10,41.943558,-71.899596,0.0
2023-04-11,41.943558,-71.899596,0.26973693985185077
2023-04-12,41.943558,-71.899596,0.3237271862759504
2023-04-13,41.943558,-71.899596,0.0
2023-04-14,41.943558,-71.899596,0.0
2023-04-15,41.943558,-71.899596,0.0027313803114064426
2023-04-16,41.943558,-71.899596,3.778152848202421
2023-04-17,41.943558,-71.899596,0.17899435450136214
2023-04-18,41.943558,-71.899596,0.0
2023-04-19,41.943558,-71.899596,0.0
2023-04-20,41.943558,-71.899596,0.0
2023-04-21,41.943558,-71.899596,0.1584038037784813
2023-04-22,41.943558,-71.899596,0.0011182924845419538
2023-04-23,41.943558,-71.899596,52.20434718180161
2023-04-24,41.943558,-71.899596,0.0
2023-04-25,41.943558,-71.899596,0.0
2023-04-26,41.943558,-71.899596,0.0
2023-04-27,41.943558,-71.899596,1.0972826008921515
2023-04-28,41.943558,-71.899596,0.0
2023-04-29,41.943558,-71.899596,17.724156363775023
2023-04-30,41.943558,-71.899596,15.266611533023354
2023-05-01,41.943558,-71.899596,19.73567514444342
2023-05-02,41.943558,-71.899596,5.200920629632009
2023-05-03,41.943558,-71.899596,0.0
2023-05-04,41.943558,-71.899596,0.6392313286989846
2023-05-05,41.943558,-71.899596,0.0
2023-05-06,41.943558,-71.899596,0.0
2023-05-07,41.943558,-71.899596,0.1544676176564092
2023-05-08,41.943558,-71.899596,9.217151579332851
2023-05-09,41.943558,-71.899596,0.005675036883175163
2023-05-10,41.943558,-71.899596,0.0
2023-05-11,41.943558,-71.899596,0.0
2023-05-12,41.943558,-71.899596,0.0
2023-05-13,41.943558,-71.899596,0.002320158014032413
2023-05-14,41.943558,-71.899596,0.0
2023-05-15,41.943558,-71.899596,0.0
2023-05-16,41.943558,-71.899596,0.0
2023-05-17,41.943558,-71.899596,0.4204578573247347
2023-05-18,41.943558,-71.899596,0.0
2023-05-19,41.943558,-71.899596,0.0
2023-05-20,41.943558,-71.899596,24.065992586344166
2023-05-21,41.943558,-71.899596,8.709815721041766
2023-05-22,41.943558,-71.899596,0.0
2023-05-23,41.943558,-71.899596,0.0
2023-05-24,41.943558,-71.899596,0.5033761556730563
2023-05-25,41.943558,-71.899596,0.18861934348605064
2023-05-26,41.943558,-71.899596,0.0
2023-05-27,41.943558,-71.899596,0.0
2023-05-28,41.943558,-71.899596,0.0
2023-05-29,41.943558,-71.899596,0.0
2023-05-30,41.943558,-71.899596,0.0
2023-05-31,41.943558,-71.899596,0.0
2023-06-01,41.943558,-71.899596,0.0
2023-06-02,41.943558,-71.899596,5.427457399932533
2023-06-03,41.943558,-71.899596,10.4517817938258
2023-06-04,41.943558,-71.899596,0.00960014418606824
2023-06-05,41.943558,-71.899596,0.011788708967878165
2023-06-06,41.943558,-71.899596,1.37680584739984
2023-06-07,41.943558,-71.899596,0.0
2023-06-08,41.943558,-71.899596,0.153207162194242
2023-06-09,41.943558,-71.899596,3.0989794586123534
2023-06-10,41.943558,-71.899596,0.0
2023-06-11,41.943558,-71.899596,0.10800512277125529
2023-06-12,41.943558,-71.899596,0.46468293101212166
2023-06-13,41.943558,-71.899596,2.087064249587835
2023-06-14,41.943558,-71.899596,1.9208623492407972
2023-06-15,41.943558,-71.899596,0.0
2023-06-16,41.943558,-71.899596,0.18032343666109682
2023-06-17,41.943558,-71.899596,9.140002449093911
2023-06-18,41.943558,-71.899596,6.591948988655725
2023-06-19,41.943558,-71.899596,0.0
2023-06-20,41.943558,-71.899596,0.5864222888930527
2023-06-21,41.943558,-71.899596,0.0
2023-06-22,41.943558,-71.899596,0.00016234392783121893
2023-06-23,41.943558,-71.899596,0.1897967511295907
2023-06-24,41.943558,-71.899596,17.353393330020577
2023-06-25,41.943558,-71.899596,0.0
2023-06-26,41.943558,-71.899596,0.5916402957390808
2023-06-27,41.943558,-71.899596,31.23115938229921
2023-06-28,41.943558,-71.899596,1.2400581502131756
2023-06-29,41.943558,-71.899596,0.10934526265988147
2023-06-30,41.943558,-71.899596,0.0
2023-07-01,41.943558,-71.899596,0.005119584222972711
2023-07-02,41.943558,-71.899596,8.696616489376868
2023-07-03,41.943558,-71.899596,20.151113822114468
2023-07-04,41.943558,-71.899596,42.31583426092429
2023-07-05,41.943558,-71.899596,0.0
2023-07-06,41.943558,-71.899596,0.0
2023-07-07,41.943558,-71.899596,0.0
2023-07-08,41.943558,-71.899596,1.613717450529484
2023-07-09,41.943558,-71.899596,0.06172270506483213
2023-07-10,41.943558,-71.899596,31.53247914775713
2023-07-11,41.943558,-71.899596,0.0
2023-07-12,41.943558,-71.899596,0.0
2023-07-13,41.943558,-71.899596,0.20651097145694497
2023-07-14,41.943558,-71.899596,38.684867176649824
2023-07-15,41.943558,-71.899596,0.5178187197175013
2023-07-16,41.943558,-71.899596,64.62886565047242
2023-07-17,41.943558,-71.899596,5.17568589183699
2023-07-18,41.943558,-71.899596,0.0
2023-07-19,41.943558,-71.899596,0.728216781717098
2023-07-20,41.943558,-71.899596,0.0
2023-07-21,41.943558,-71.899596,14.765993500102498
2023-07-22,41.943558,-71.899596,3.1526999526623274
2023-07-23,41.943558,-71.899596,0.0
2023-07-24,41.943558,-71.899596,0.0
2023-07-25,41.943558,-71.899596,10.411143168225786
2023-07-26,41.943558,-71.899596,1.7883441161175488
2023-07-27,41.943558,-71.899596,14.522838494083173
2023-07-28,41.943558,-71.899596,2.617547319467281
2023-07-29,41.943558,-71.899596,6.0206558910241545
2023-07-30,41.943558,-71.899596,11.567828898249196
2023-07-31,41.943558,-71.899596,0.0
2023-08-01,41.943558,-71.899596,0.0
2023-08-02,41.943558,-71.899596,0.0
2023-08-03,41.943558,-71.899596,0.0
2023-08-04,41.943558,-71.899596,0.11392205638083656
2023-08-05,41.943558,-71.899596,2.2599571619253274
2023-08-06,41.943558,-71.899596,0.18741846620864397
2023-08-07,41.943558,-71.899596,9.45133214198018
2023-08-08,41.943558,-71.899596,22.19400565783161
2023-08-09,41.943558,-71.899596,0.0
2023-08-10,41.943558,-71.899596,13.158128493115244
2023-08-11,41.943558,-71.899596,0.6783654812749128
2023-08-12,41.943558,-71.899596,1.2170781218184559
2023-08-13,41.943558,-71.899596,13.473183568449988
2023-08-14,41.943558,-71.899596,0.5312701166680213
2023-08-15,41.943558,-71.899596,22.21858841671067
2023-08-16,41.943558,-71.899596,0.11870923713452136
2023-08-17,41.943558,-71.899596,0.5913555340626586
2023-08-18,41.943558,-71.899596,25.32652978613534
2023-08-19,41.943558,-71.899596,0.0
2023-08-20,41.943558,-71.899596,0.0
2023-08-21,41.943558,-71.899596,0.0
2023-08-22,41.943558,-71.899596,0.08405948087081558
2023-08-23,41.943558,-71.899596,0.0
2023-08-24,41.943558,-71.899596,0.4237860683671946
2023-08-25,41.943558,-71.899596,18.644209181385136
2023-08-26,41.943558,-71.899596,0.06016949944036032
2023-08-27,41.943558,-71.899596,0.0
2023-08-28,41.943558,-71.899596,0.0
2023-08-29,41.943558,-71.899596,2.3216487687712135
2023-08-30,41.943558,-71.899596,6.3060342519452455
2023-08-31,41.943558,-71.899596,0.0
2023-09-01,41.943558,-71.899596,0.0
2023-09-02,41.943558,-71.899596,0.5406767706853027
2023-09-03,41.943558,-71.899596,1.5091230675631988
2023-09-04,41.943558,-71.899596,0.0
2023-09-05,41.943558,-71.899596,0.0
2023-09-06,41.943558,-71.899596,0.0
2023-09-07,41.943558,-71.899596,0.0
2023-09-08,41.943558,-71.899596,7.705072724962461
2023-09-09,41.943558,-71.899596,11.21591391472758
2023-09-10,41.943558,-71.899596,19.356123432244143
2023-09-11,41.943558,-71.899596,12.256951516142916
2023-09-12,41.943558,-71.899596,4.9172666238420994
2023-09-13,41.943558,-71.899596,26.154005782727676
2023-09-14,41.943558,-71.899596,0.0
2023-09-15,41.943558,-71.899596,1.6388081601959397
2023-09-16,41.943558,-71.899596,11.80895984228654
2023-09-17,41.943558,-71.899596,0.0
2023-09-18,41.943558,-71.899596,35.68089842686469
2023-09-19,41.943558,-71.899596,0.06325502971668209
2023-09-20,41.943558,-71.899596,0.0
2023-09-21,41.943558,-71.899596,0.0
2023-09-22,41.943558,-71.899596,0.0
2023-09-23,41.943558,-71.899596,12.94878943273326
2023-09-24,41.943558,-71.899596,5.185026849745964
2023-09-25,41.943558,-71.899596,22.30428162909383
2023-09-26,41.943558,-71.899596,7.349432429550328
2023-09-27,41.943558,-71.899596,0.0
2023-09-28,41.943558,-71.899596,0.0
2023-09-29,41.943558,-71.899596,26.307425410955652
2023-09-30,41.943558,-71.899596,13.347756481687009
2023-10-01,41.943558,-71.899596,0.3942956249987527
2023-10-02,41.943558,-71.899596,0.0
2023-10-03,41.943558,-71.899596,0.0
2023-10-04,41.943558,-71.899596,0.0
2023-10-05,41.943558,-71.899596,0.0
2023-10-06,41.943558,-71.899596,0.0
2023-10-07,41.943558,-71.899596,2.0222046964343505
2023-10-08,41.943558,-71.899596,0.6736999357526057
2023-10-09,41.943558,-71.899596,0.0
2023-10-10,41.943558,-71.899596,0.0
2023-10-11,41.943558,-71.899596,0.0
2023-10-12,41.943558,-71.899596,0.0
2023-10-13,41.943558,-71.899596,0.0
2023-10-14,41.943558,-71.899596,6.319224774514709
2023-10-15,41.943558,-71.899596,0.4895624385927261
2023-10-16,41.943558,-71.899596,0.055192031892562866
2023-10-17,41.943558,-71.899596,0.0
2023-10-18,41.943558,-71.899596,0.0
2023-10-19,41.943558,-71.899596,0.0
2023-10-20,41.943558,-71.899596,1.8965947674146002
2023-10-21,41.943558,-71.899596,45.51841409264175
2023-10-22,41.943558,-71.899596,0.0
2023-10-23,41.943558,-71.899596,0.0
2023-10-24,41.943558,-71.899596,0.0
2023-10-25,41.943558,-71.899596,0.14625087255925223
2023-10-26,41.943558,-71.899596,0.11081387062201141
2023-10-27,41.943558,-71.899596,0.4000846022956311
2023-10-28,41.943558,-71.899596,0.0
2023-10-29,41.943558,-71.899596,9.7260026016903
2023-10-30,41.943558,-71.899596,17.049411894699546
2023-10-31,41.943558,-71.899596,2.7118719199406582
2023-11-01,41.943558,-71.899596,0.03972385926972323
2023-11-02,41.943558,-71.899596,0.0
2023-11-03,41.943558,-71.899596,0.0
2023-11-04,41.943558,-71.899596,0.0
2023-11-05,41.943558,-71.899596,0.0007987802950895885
2023-11-06,41.943558,-71.899596,2.019397338572869
2023-11-07,41.943558,-71.899596,7.388383802506589
2023-11-08,41.943558,-71.899596,0.0
2023-11-09,41.943558,-71.899596,2.0521927286444592
2023-11-10,41.943558,-71.899596,0.25788751667102083
2023-11-11,41.943558,-71.899596,0.0
2023-11-12,41.943558,-71.899596,0.0
2023-11-13,41.943558,-71.899596,0.0
2023-11-14,41.943558,-71.899596,0.02776443010755273
2023-11-15,41.943558,-71.899596,0.0
2023-11-16,41.943558,-71.899596,0.0
2023-11-17,41.943558,-71.899596,0.01230121697287884
2023-11-18,41.943558,-71.899596,3.1658998761033232
2023-11-19,41.943558,-71.899596,0.01949541493781255
2023-11-20,41.943558,-71.899596,0.0
2023-11-21,41.943558,-71.899596,1.3803905842550286
2023-11-22,41.943558,-71.899596,40.3559771597653
2023-11-23,41.943558,-71.899596,0.0
2023-11-24,41.943558,-71.899596,0.0
2023-11-25,41.943558,-71.899596,0.0
2023-11-26,41.943558,-71.899596,0.03351586528058764
2023-11-27,41.943558,-71.899596,10.980761266688413
2023-11-28,41.943558,-71.899596,0.3719550189600278
2023-11-29,41.943558,-71.899596,0.0
2023-11-30,41.943558,-71.899596,0.0
2023-12-01,41.943558,-71.899596,5.750327563819873
2023-12-02,41.943558,-71.899596,3.9233002910679495
2023-12-03,41.943558,-71.899596,16.52463418339268
2023-12-04,41.943558,-71.899596,4.240843759130391
2023-12-05,41.943558,-71.899596,0.0
2023-12-06,41.943558,-71.899596,0.4787517586434101
2023-12-07,41.943558,-71.899596,0.005077416924301211
2023-12-08,41.943558,-71.899596,0.0
2023-12-09,41.943558,-71.899596,0.43176373273723145
2023-12-10,41.943558,-71.899596,19.114781247116877
2023-12-11,41.943558,-71.899596,61.13038219172418
2023-12-12,41.943558,-71.899596,0.0
2023-12-13,41.943558,-71.899596,0.0
2023-12-14,41.943558,-71.899596,0.0
2023-12-15,41.943558,-71.899596,0.0014429803402043915
2023-12-16,41.943558,-71.899596,0.0
2023-12-17,41.943558,-71.899596,12.066961824670528
2023-12-18,41.943558,-71.899596,93.45472906219301
2023-12-19,41.943558,-71.899596,0.0
2023-12-20,41.943558,-71.899596,0.0
2023-12-21,41.943558,-71.899596,0.0
2023-12-22,41.943558,-71.899596,0.0
2023-12-23,41.943558,-71.899596,0.0
2023-12-24,41.943558,-71.899596,0.7728824525043887
2023-12-25,41.943558,-71.899596,0.0
2023-12-26,41.943558,-71.899596,0.0
2023-12-27,41.943558,-71.899596,3.684314588533935
2023-12-28,41.943558,-71.899596,30.05255277748213
2023-12-29,41.943558,-71.899596,0.05861933356010109
2023-12-30,41.943558,-71.899596,0.0006493757113248757
2023-12-31,41.943558,-71.899596,0.0
2024-01-01,41.943558,-71.899596,0.0003195121299385898
2024-01-02,41.943558,-71.899596,0.0
2024-01-03,41.943558,-71.899596,0.6127675158928164
2024-01-04,41.943558,-71.899596,0.1449870789836147
2024-01-05,41.943558,-71.899596,0.0
2024-01-06,41.943558,-71.899596,0.002082004600081566
2024-01-07,41.943558,-71.899596,4.917817499697583
2024-01-08,41.943558,-71.899596,0.0
2024-01-09,41.943558,-71.899596,24.92008749704316
2024-01-10,41.943558,-71.899596,97.10625712457572
2024-01-11,41.943558,-71.899596,0.0
2024-01-12,41.943558,-71.899596,0.0
2024-01-13,41.943558,-71.899596,11.271376828819282
2024-01-14,41.943558,-71.899596,1.2438764990320872
2024-01-15,41.943558,-71.899596,0.0
2024-01-16,41.943558,-71.899596,2.43320340230033
2024-01-17,41.943558,-71.899596,0.35062756380797666
2024-01-18,41.943558,-71.899596,0.0
2024-01-19,41.943558,-71.899596,0.8745296647347786
2024-01-20,41.943558,-71.899596,0.04304079557534276
2024-01-21,41.943558,-71.899596,0.0
2024-01-22,41.943558,-71.899596,1.4651070174438856
2024-01-23,41.943558,-71.899596,3.067300548187744
2024-01-24,41.943558,-71.899596,5.911177903863064
2024-01-25,41.943558,-71.899596,30.274027699671237
2024-01-26,41.943558,-71.899596,14.134149627537077
2024-01-27,41.943558,-71.899596,0.001597560590179177
2024-01-28,41.943558,-71.899596,39.57836803678243
2024-01-29,41.943558,-71.899596,0.0
2024-01-30,41.943558,-71.899596,0.01479582699977506
2024-01-31,41.943558,-71.899596,0.0
2024-02-01,41.943558,-71.899596,0.18535318066314688
2024-02-02,41.943558,-71.899596,0.013920948084194475
2024-02-03,41.943558,-71.899596,0.0
2024-02-04,41.943558,-71.899596,0.0
2024-02-05,41.943558,-71.899596,0.0
2024-02-06,41.943558,-71.899596,0.0
2024-02-07,41.943558,-71.899596,0.0
2024-02-08,41.943558,-71.899596,0.0
2024-02-09,41.943558,-71.899596,0.0
2024-02-10,41.943558,-71.899596,0.0019481271339746287
2024-02-11,41.943558,-71.899596,0.0038341455592630818
2024-02-12,41.943558,-71.899596,0.0
2024-02-13,41.943558,-71.899596,16.809538155726948
2024-02-14,41.943558,-71.899596,0.0
2024-02-15,41.943558,-71.899596,0.19009574935972362
2024-02-16,41.943558,-71.899596,0.0590386699094313
2024-02-17,41.943558,-71.899596,0.0
2024-02-18,41.943558,-71.899596,0.0
2024-02-19,41.943558,-71.899596,0.0
2024-02-20,41.943558,-71.899596,0.0
2024-02-21,41.943558,-71.899596,0.0
2024-02-22,41.943558,-71.899596,0.0
2024-02-23,41.943558,-71.899596,5.808811765859846
2024-02-24,41.943558,-71.899596,1.6865143141335754
2024-02-25,41.943558,-71.899596,0.0
2024-02-26,41.943558,-71.899596,0.04917432427102897
2024-02-27,41.943558,-71.899596,0.0
2024-02-28,41.943558,-71.899596,16.506327521294597
2024-02-29,41.943558,-71.899596,10.353850661895073
2024-03-01,41.943558,-71.899596,0.0
2024-03-02,41.943558,-71.899596,23.959600973706912
2024-03-03,41.943558,-71.899596,11.201545625087443
2024-03-04,41.943558,-71.899596,0.0
2024-03-05,41.943558,-71.899596,1.3623536249489145
2024-03-06,41.943558,-71.899596,14.504604383655092
2024-03-07,41.943558,-71.899596,46.38999304212135
2024-03-08,41.943558,-71.899596,0.03140891448388086
2024-03-09,41.943558,-71.899596,0.802595918204961
2024-03-10,41.943558,-71.899596,25.658901126014584
2024-03-11,41.943558,-71.899596,0.0
2024-03-12,41.943558,-71.899596,0.0
2024-03-13,41.943558,-71.899596,0.0
2024-03-14,41.943558,-71.899596,0.014061524017993056
2024-03-15,41.943558,-71.899596,0.21866859418158485
2024-03-16,41.943558,-71.899596,0.0
2024-03-17,41.943558,-71.899596,1.9760342277696714
2024-03-18,41.943558,-71.899596,0.0
2024-03-19,41.943558,-71.899596,0.0
2024-03-20,41.943558,-71.899596,0.42383940206100806
2024-03-21,41.943558,-71.899596,0.00016234392783121893
2024-03-22,41.943558,-71.899596,0.1185200788898029
2024-03-23,41.943558,-71.899596,53.03662254104218
2024-03-24,41.943558,-71.899596,1.6395121454344803
2024-03-25,41.943558,-71.899596,0.026701433669954124
2024-03-26,41.943558,-71.899596,0.0
2024-03-27,41.943558,-71.899596,3.2562701919574946
2024-03-28,41.943558,-71.899596,64.23041716613729
2024-03-29,41.943558,-71.899596,26.01123308980813
2024-03-30,41.943558,-71.899596,0.0
2024-03-31,41.943558,-71.899596,0.0
2024-04-01,41.943558,-71.899596,0.6616760143009812
2024-04-02,41.943558,-71.899596,8.015257222858576
2024-04-03,41.943558,-71.899596,23.454180800577046
2024-04-04,41.943558,-71.899596,8.335267349349852
2024-04-05,41.943558,-71.899596,0.005279340287942006
2024-04-06,41.943558,-71.899596,0.1450181060837724
2024-04-07,41.943558,-71.899596,0.0
2024-04-08,41.943558,-71.899596,0.0
2024-04-09,41.943558,-71.899596,0.3519700020380462
2024-04-10,41.943558,-71.899596,0.08114005792606474
2024-04-11,41.943558,-71.899596,9.114648812972348
2024-04-12,41.943558,-71.899596,15.948172679924886
2024-04-13,41.943558,-71.899596,0.30880559799482055
2024-04-14,41.943558,-71.899596,3.1269987622658917
2024-04-15,41.943558,-71.899596,0.4809525460491519
2024-04-16,41.943558,-71.899596,0.0014378045549667683
2024-04-17,41.943558,-71.899596,0.012030874535367712
2024-04-18,41.943558,-71.899596,13.202968095075581
2024-04-19,41.943558,-71.899596,0.0
2024-04-20,41.943558,-71.899596,9.6460786082307
2024-04-21,41.943558,-71.899596,0.013771915425188038
2024-04-22,41.943558,-71.899596,0.0
2024-04-23,41.943558,-71.899596,0.0
2024-04-24,41.943558,-71.899596,2.013078591284586
2024-04-25,41.943558,-71.899596,0.0
2024-04-26,41.943558,-71.899596,0.0
2024-04-27,41.943558,-71.899596,0.0
2024-04-28,41.943558,-71.899596,10.47284429397315
2024-04-29,41.943558,-71.899596,3.159720281847931
2024-04-30,41.943558,-71.899596,0.04243935298702324
2024-05-01,41.943558,-71.899596,7.9379625634499895
2024-05-02,41.943558,-71.899596,0.0
2024-05-03,41.943558,-71.899596,0.0004792681949078852
2024-05-04,41.943558,-71.899596,0.0
2024-05-05,41.943558,-71.899596,11.096050806296114
2024-05-06,41.943558,-71.899596,3.194474404844721
2024-05-07,41.943558,-71.899596,0.0
2024-05-08,41.943558,-71.899596,14.33523098639011
2024-05-09,41.943558,-71.899596,1.445554038252494
2024-05-10,41.943558,-71.899596,5.641063138776915
2024-05-11,41.943558,-71.899596,0.0
2024-05-12,41.943558,-71.899596,0.5025689805252287
2024-05-13,41.943558,-71.899596,0.0
2024-05-14,41.943558,-71.899596,0.0
2024-05-15,41.943558,-71.899596,11.761029100820279
2024-05-16,41.943558,-71.899596,40.20440570995782
2024-05-17,41.943558,-71.899596,0.04341476780936812
2024-05-18,41.943558,-71.899596,2.2057438827407765
2024-05-19,41.943558,-71.899596,0.20514648321839657
2024-05-20,41.943558,-71.899596,0.0
2024-05-21,41.943558,-71.899596,0.0
2024-05-22,41.943558,-71.899596,0.0
2024-05-23,41.943558,-71.899596,17.817994439252946
2024-05-24,41.943558,-71.899596,0.0
2024-05-25,41.943558,-71.899596,0.7228604590441761
2024-05-26,41.943558,-71.899596,0.6210928603601954
2024-05-27,41.943558,-71.899596,2.3900522028642404
2024-05-28,41.943558,-71.899596,4.374548461166696
2024-05-29,41.943558,-71.899596,0.07780547989065772
2024-05-30,41.943558,-71.899596,12.378914339609478
2024-05-31,41.943558,-71.899596,0.0
2024-06-01,41.943558,-71.899596,0.0
2024-06-02,41.943558,-71.899596,0.0
2024-06-03,41.943558,-71.899596,0.4162988938891528
2024-06-04,41.943558,-71.899596,0.0
2024-06-05,41.943558,-71.899596,0.0
2024-06-06,41.943558,-71.899596,0.8570749767303427
2024-06-07,41.943558,-71.899596,0.4781881093392724
2024-06-08,41.943558,-71.899596,0.0
2024-06-09,41.943558,-71.899596,3.781641858251418
2024-06-10,41.943558,-71.899596,0.08622168128948965
2024-06-11,41.943558,-71.899596,0.0069604740420972375
2024-06-12,41.943558,-71.899596,0.0
2024-06-13,41.943558,-71.899596,0.0
2024-06-14,41.943558,-71.899596,3.512326170135226
2024-06-15,41.943558,-71.899596,5.464151556750907
2024-06-16,41.943558,-71.899596,0.0
2024-06-17,41.943558,-71.899596,0.0113574608709736
2024-06-18,41.943558,-71.899596,0.0
2024-06-19,41.943558,-71.899596,0.0
2024-06-20,41.943558,-71.899596,0.6220078424828805
2024-06-21,41.943558,-71.899596,18.931702492055766
2024-06-22,41.943558,-71.899596,9.8399997941374
2024-06-23,41.943558,-71.899596,9.310343069427553
2024-06-24,41.943558,-71.899596,3.740093626106738
2024-06-25,41.943558,-71.899596,0.0
2024-06-26,41.943558,-71.899596,0.0417628433882572
2024-06-27,41.943558,-71.899596,26.77173931228613
2024-06-28,41.943558,-71.899596,0.0
2024-06-29,41.943558,-71.899596,0.4454026518213614
2024-06-30,41.943558,-71.899596,18.361415195695574
2024-07-01,41.943558,-71.899596,0.7643624142474024
2024-07-02,41.943558,-71.899596,0.0
2024-07-03,41.943558,-71.899596,0.00663356939908959
2024-07-04,41.943558,-71.899596,3.1752706274297244
2024-07-05,41.943558,-71.899596,1.21158644300955
2024-07-06,41.943558,-71.899596,12.315046506066349
2024-07-07,41.943558,-71.899596,0.40933773040941446
2024-07-08,41.943558,-71.899596,0.0
2024-07-09,41.943558,-71.899596,0.7634478160832836
2024-07-10,41.943558,-71.899596,2.520540027337331
2024-07-11,41.943558,-71.899596,1.758780536326897
2024-07-12,41.943558,-71.899596,0.02132796205588404
2024-07-13,41.943558,-71.899596,9.949855862700348
2024-07-14,41.943558,-71.899596,0.0
2024-07-15,41.943558,-71.899596,0.011600789637998946
2024-07-16,41.943558,-71.899596,0.0
2024-07-17,41.943558,-71.899596,0.7812730654637473
2024-07-18,41.943558,-71.899596,9.802938593879274
2024-07-19,41.943558,-71.899596,0.0
2024-07-20,41.943558,-71.899596,0.705503831998645
2024-07-21,41.943558,-71.899596,4.135919877011174
2024-07-22,41.943558,-71.899596,3.007481826159578
2024-07-23,41.943558,-71.899596,9.105101898526721
2024-07-24,41.943558,-71.899596,3.852324335338295
2024-07-25,41.943558,-71.899596,1.1058425165593282
2024-07-26,41.943558,-71.899596,0.0
2024-07-27,41.943558,-71.899596,0.0
2024-07-28,41.943558,-71.899596,2.3231265117996958
2024-07-29,41.943558,-71.899596,30.850568133143643
2024-07-30,41.943558,-71.899596,0.0006390242598771796
2024-07-31,41.943558,-71.899596,0.06379072166640701
2024-08-01,41.943558,-71.899596,0.0
2024-08-02,41.943558,-71.899596,0.6583255783677836
2024-08-03,41.943558,-71.899596,4.904982717668061
2024-08-04,41.943558,-71.899596,21.750721264097436
2024-08-05,41.943558,-71.899596,0.08836904838020715
2024-08-06,41.943558,-71.899596,4.213843649097428
2024-08-07,41.943558,-71.899596,22.344559250523087
2024-08-08,41.943558,-71.899596,0.6143150530896981
2024-08-09,41.943558,-71.899596,0.10232940134000584
2024-08-10,41.943558,-71.899596,2.4369589629866977
2024-08-11,41.943558,-71.899596,0.014285759940053114
2024-08-12,41.943558,-71.899596,1.0592220027437365
2024-08-13,41.943558,-71.899596,0.0
2024-08-14,41.943558,-71.899596,0.0
2024-08-15,41.943558,-71.899596,0.0
2024-08-16,41.943558,-71.899596,5.935369698592911
2024-08-17,41.943558,-71.899596,0.0
2024-08-18,41.943558,-71.899596,20.587521647941507
2024-08-19,41.943558,-71.899596,27.41573488233111
2024-08-20,41.943558,-71.899596,2.6415248000090465
2024-08-21,41.943558,-71.899596,0.0
2024-08-22,41.943558,-71.899596,0.0
2024-08-23,41.943558,-71.899596,0.0
2024-08-24,41.943558,-71.899596,0.0
2024-08-25,41.943558,-71.899596,0.0
2024-08-26,41.943558,-71.899596,4.2111631764691895
2024-08-27,41.943558,-71.899596,0.0
2024-08-28,41.943558,-71.899596,0.08016322660286633
2024-08-29,41.943558,-71.899596,0.0
2024-08-30,41.943558,-71.899596,0.0
2024-08-31,41.943558,-71.899596,0.0
2024-09-01,41.943558,-71.899596,6.299042034333856
2024-09-02,41.943558,-71.899596,0.0
2024-09-03,41.943558,-71.899596,0.0
2024-09-04,41.943558,-71.899596,0.0
2024-09-05,41.943558,-71.899596,0.0
2024-09-06,41.943558,-71.899596,0.0
2024-09-07,41.943558,-71.899596,0.08083996357766128
2024-09-08,41.943558,-71.899596,0.37742049084916873
2024-09-09,41.943558,-71.899596,0.0
2024-09-10,41.943558,-71.899596,0.0
2024-09-11,41.943558,-71.899596,0.0
2024-09-12,41.943558,-71.899596,0.0
2024-09-13,41.943558,-71.899596,0.0
2024-09-14,41.943558,-71.899596,0.0
2024-09-15,41.943558,-71.899596,0.0
2024-09-16,41.943558,-71.899596,0.0
2024-09-17,41.943558,-71.899596,0.4299438172129876
2024-09-18,41.943558,-71.899596,0.7177920249390783
2024-09-19,41.943558,-71.899596,0.3139097654151952
2024-09-20,41.943558,-71.899596,0.024917610212406054
2024-09-21,41.943558,-71.899596,19.766125413318548
2024-09-22,41.943558,-71.899596,0.6748715580496492
2024-09-23,41.943558,-71.899596,1.2332661485017185
2024-09-24,41.943558,-71.899596,0.0
2024-09-25,41.943558,-71.899596,1.8387236348996387
2024-09-26,41.943558,-71.899596,6.137427060972237
2024-09-27,41.943558,-71.899596,0.12449066782668194
2024-09-28,41.943558,-71.899596,0.07024366705169141
2024-09-29,41.943558,-71.899596,0.5529205940910148
2024-09-30,41.943558,-71.899596,0.01904053187500407
2024-10-01,41.943558,-71.899596,0.943297096382616
2024-10-02,41.943558,-71.899596,0.0
2024-10-03,41.943558,-71.899596,0.0
2024-10-04,41.943558,-71.899596,0.7900480760817945
2024-10-05,41.943558,-71.899596,0.20067875934025992
2024-10-06,41.943558,-71.899596,0.0
2024-10-07,41.943558,-71.899596,1.989833088456252
2024-10-08,41.943558,-71.899596,0.0
2024-10-09,41.943558,-71.899596,0.0
2024-10-10,41.943558,-71.899596,0.0
2024-10-11,41.943558,-71.899596,0.04999961392805125
2024-10-12,41.943558,-71.899596,0.0
2024-10-13,41.943558,-71.899596,3.987028277528015
2024-10-14,41.943558,-71.899596,0.0
2024-10-15,41.943558,-71.899596,0.0
2024-10-16,41.943558,-71.899596,0.0
2024-10-17,41.943558,-71.899596,0.14700337819023518
2024-10-18,41.943558,-71.899596,0.0
2024-10-19,41.943558,-71.899596,0.0
2024-10-20,41.943558,-71.899596,0.0
2024-10-21,41.943558,-71.899596,0.0
2024-10-22,41.943558,-71.899596,0.0
2024-10-23,41.943558,-71.899596,0.0
2024-10-24,41.943558,-71.899596,0.1222861094455548
2024-10-25,41.943558,-71.899596,0.0
2024-10-26,41.943558,-71.899596,0.0
2024-10-27,41.943558,-71.899596,0.0
2024-10-28,41.943558,-71.899596,0.00016234392783121893
2024-10-29,41.943558,-71.899596,0.18273876419121327
2024-10-30,41.943558,-71.899596,3.19758757048868
2024-10-31,41.943558,-71.899596,0.03712252822451861
2024-11-01,41.943558,-71.899596,0.0074678204988026095
2024-11-02,41.943558,-71.899596,0.0
2024-11-03,41.943558,-71.899596,0.0
2024-11-04,41.943558,-71.899596,0.3787636444959944
2024-11-05,41.943558,-71.899596,0.002396340885268764
2024-11-06,41.943558,-71.899596,0.0
2024-11-07,41.943558,-71.899596,0.004640316028064826
2024-11-08,41.943558,-71.899596,0.0
2024-11-09,41.943558,-71.899596,0.004640316028064826
2024-11-10,41.943558,-71.899596,0.4978914089775079
2024-11-11,41.943558,-71.899596,19.369517096956873
2024-11-12,41.943558,-71.899596,0.0
2024-11-13,41.943558,-71.899596,0.0
2024-11-14,41.943558,-71.899596,0.0
2024-11-15,41.943558,-71.899596,0.0
2024-11-16,41.943558,-71.899596,0.0
2024-11-17,41.943558,-71.899596,0.25227837120993085
2024-11-18,41.943558,-71.899596,3.343740753338003
2024-11-19,41.943558,-71.899596,0.0
2024-11-20,41.943558,-71.899596,0.0
2024-11-21,41.943558,-71.899596,17.11947218819788
2024-11-22,41.943558,-71.899596,2.2400605056104412
2024-11-23,41.943558,-71.899596,8.865233229974317
2024-11-24,41.943558,-71.899596,0.0
2024-11-25,41.943558,-71.899596,0.0
2024-11-26,41.943558,-71.899596,8.77453349369583
2024-11-27,41.943558,-71.899596,0.0
2024-11-28,41.943558,-71.899596,29.26253383531402
2024-11-29,41.943558,-71.899596,0.0
2024-11-30,41.943558,-71.899596,0.002320158014032413
2024-12-01,41.943558,-71.899596,0.00016234392783121893
2024-12-02,41.943558,-71.899596,0.0
2024-12-03,41.943558,-71.899596,0.0
2024-12-04,41.943558,-71.899596,0.452544307608296
2024-12-05,41.943558,-71.899596,16.027626193044174
2024-12-06,41.943558,-71.899596,0.0
2024-12-07,41.943558,-71.899596,0.02320157927599789
2024-12-08,41.943558,-71.899596,4.498326654480888
2024-12-09,41.943558,-71.899596,7.864869386602182
2024-12-10,41.943558,-71.899596,0.41829655428456725
2024-12-11,41.943558,-71.899596,72.80022922465926
2024-12-12,41.943558,-71.899596,21.39817025506104
2024-12-13,41.943558,-71.899596,0.0
2024-12-14,41.943558,-71.899596,0.0
2024-12-15,41.943558,-71.899596,0.01645487460256672
2024-12-16,41.943558,-71.899596,0.7668845753024964
2024-12-17,41.943558,-71.899596,8.344152083995558
2024-12-18,41.943558,-71.899596,1.456120569222091
2024-12-19,41.943558,-71.899596,9.258869491951854
2024-12-20,41.943558,-71.899596,1.4580428520899642
2024-12-21,41.943558,-71.899596,0.0
2024-12-22,41.943558,-71.899596,0.0
2024-12-23,41.943558,-71.899596,0.0
2024-12-24,41.943558,-71.899596,2.438261994883812
2024-12-25,41.943558,-71.899596,0.0
2024-12-26,41.943558,-71.899596,0.0
2024-12-27,41.943558,-71.899596,0.0
2024-12-28,41.943558,-71.899596,2.1448743939470916
2024-12-29,41.943558,-71.899596,2.1901813860079993
2024-12-30,41.943558,-71.899596,21.53862792799413
2024-12-31,41.943558,-71.899596,0.0
2025-01-01,41.943558,-71.899596,40.541774804862364
2025-01-02,41.943558,-71.899596,0.2833309224165707
2025-01-03,41.943558,-71.899596,0.0
2025-01-04,41.943558,-71.899596,0.0
2025-01-05,41.943558,-71.899596,0.14618000103895518
2025-01-06,41.943558,-71.899596,0.08819522116305015
2025-01-07,41.943558,-71.899596,0.0
2025-01-08,41.943558,-71.899596,0.0
2025-01-09,41.943558,-71.899596,0.02832116393113372
2025-01-10,41.943558,-71.899596,0.0
2025-01-11,41.943558,-71.899596,1.7418579010326118
2025-01-12,41.943558,-71.899596,0.23813193309639036
2025-01-13,41.943558,-71.899596,0.0
2025-01-14,41.943558,-71.899596,0.0
2025-01-15,41.943558,-71.899596,0.0
2025-01-16,41.943558,-71.899596,0.0
2025-01-17,41.943558,-71.899596,0.00016234392783121893
2025-01-18,41.943558,-71.899596,9.817509683559733
2025-01-19,41.943558,-71.899596,1.2258861076011482
2025-01-20,41.943558,-71.899596,2.3101948833271146
2025-01-21,41.943558,-71.899596,0.42121998102989244
2025-01-22,41.943558,-71.899596,0.00032468785566243787
2025-01-23,41.943558,-71.899596,0.0
2025-01-24,41.943558,-71.899596,0.0
2025-01-25,41.943558,-71.899596,0.0
2025-01-26,41.943558,-71.899596,0.05150649247904179
2025-01-27,41.943558,-71.899596,0.0
2025-01-28,41.943558,-71.899596,0.11545061073293837
2025-01-29,41.943558,-71.899596,2.3149565012144153
2025-01-30,41.943558,-71.899596,0.0
2025-01-31,41.943558,-71.899596,7.181757149717888
2025-02-01,41.943558,-71.899596,11.124930648468885
2025-02-02,41.943558,-71.899596,0.0
2025-02-03,41.943558,-71.899596,2.006025822749913
2025-02-04,41.943558,-71.899596,0.1808525041466432
2025-02-05,41.943558,-71.899596,0.0
2025-02-06,41.943558,-71.899596,2.942644950956066
2025-02-07,41.943558,-71.899596,0.034802368913996844
2025-02-08,41.943558,-71.899596,0.0009585363898157704
2025-02-09,41.943558,-71.899596,0.9605958288204122
2025-02-10,41.943558,-71.899596,0.0
2025-02-11,41.943558,-71.899596,0.0
2025-02-12,41.943558,-71.899596,0.7264542263499926
2025-02-13,41.943558,-71.899596,8.470381384283453
2025-02-14,41.943558,-71.899596,0.0
2025-02-15,41.943558,-71.899596,3.6888760279304686
2025-02-16,41.943558,-71.899596,29.269159368328836
2025-02-17,41.943558,-71.899596,0.3967990752416339
2025-02-18,41.943558,-71.899596,0.0
2025-02-19,41.943558,-71.899596,0.0
2025-02-20,41.943558,-71.899596,0.0
2025-02-21,41.943558,-71.899596,0.0
2025-02-22,41.943558,-71.899596,0.0
2025-02-23,41.943558,-71.899596,0.0
2025-02-24,41.943558,-71.899596,0.002320158014032413
2025-02-25,41.943558,-71.899596,0.9223330384959907
2025-02-26,41.943558,-71.899596,0.1614439182763005
2025-02-27,41.943558,-71.899596,7.377400106083147
2025-02-28,41.943558,-71.899596,0.0016208513852113522
2025-03-01,41.943558,-71.899596,0.2535312415464339
2025-03-02,41.943558,-71.899596,0.0
2025-03-03,41.943558,-71.899596,0.0
2025-03-04,41.943558,-71.899596,0.0006416121227391041
2025-03-05,41.943558,-71.899596,1.2673982804952895
2025-03-06,41.943558,-71.899596,22.863468053292507
2025-03-07,41.943558,-71.899596,0.0
2025-03-08,41.943558,-71.899596,0.0
2025-03-09,41.943558,-71.899596,0.0
2025-03-10,41.943558,-71.899596,0.0
2025-03-11,41.943558,-71.899596,0.0
2025-03-12,41.943558,-71.899596,0.0
2025-03-13,41.943558,-71.899596,0.024812079180004665
2025-03-14,41.943558,-71.899596,0.0
2025-03-15,41.943558,-71.899596,0.0
2025-03-16,41.943558,-71.899596,0.5369145319213031
2025-03-17,41.943558,-71.899596,64.07791184076261
2025-03-18,41.943558,-71.899596,0.5223694250996573
2025-03-19,41.943558,-71.899596,0.0
2025-03-20,41.943558,-71.899596,0.17064469254138417
2025-03-21,41.943558,-71.899596,2.1929829273037154
2025-03-22,41.943558,-71.899596,0.0
2025-03-23,41.943558,-71.899596,0.21749158618130526
2025-03-24,41.943558,-71.899596,41.644741007642295
2025-03-25,41.943558,-71.899596,0.0
2025-03-26,41.943558,-71.899596,0.0
2025-03-27,41.943558,-71.899596,0.0
2025-03-28,41.943558,-71.899596,0.0
2025-03-29,41.943558,-71.899596,2.822268821663091
2025-03-30,41.943558,-71.899596,2.719145960576064
2025-03-31,41.943558,-71.899596,1.02797839939613
2025-04-01,41.943558,-71.899596,20.32981594645166
2025-04-02,41.943558,-71.899596,0.5706681195435395
2025-04-03,41.943558,-71.899596,13.577016953984048
2025-04-04,41.943558,-71.899596,1.3418015620498853
2025-04-05,41.943558,-71.899596,15.058022836888684
2025-04-06,41.943558,-71.899596,6.766887530216465
2025-04-07,41.943558,-71.899596,4.004592500948125
2025-04-08,41.943558,-71.899596,0.2815784792598352
2025-04-09,41.943558,-71.899596,0.0
2025-04-10,41.943558,-71.899596,0.0
2025-04-11,41.943558,-71.899596,2.6812389835252675
2025-04-12,41.943558,-71.899596,13.793790924579849
2025-04-13,41.943558,-71.899596,1.0803548538082706
2025-04-14,41.943558,-71.899596,0.0
2025-04-15,41.943558,-71.899596,6.002496748790081
2025-04-16,41.943558,-71.899596,0.0
2025-04-17,41.943558,-71.899596,0.0
2025-04-18,41.943558,-71.899596,0.01175112553966587
2025-04-19,41.943558,-71.899596,0.5609545804596102
2025-04-20,41.943558,-71.899596,0.5306550934847967
2025-04-21,41.943558,-71.899596,0.012232981597435678
2025-04-22,41.943558,-71.899596,3.1441094816493402
2025-04-23,41.943558,-71.899596,0.26767882746599797
2025-04-24,41.943558,-71.899596,0.0
2025-04-25,41.943558,-71.899596,0.0
2025-04-26,41.943558,-71.899596,13.56704726667452
2025-04-27,41.943558,-71.899596,2.0900058791314766
2025-04-28,41.943558,-71.899596,0.0
2025-04-29,41.943558,-71.899596,0.0
2025-04-30,41.943558,-71.899596,0.4327865936449826
2025-05-01,41.943558,-71.899596,0.0
2025-05-02,41.943558,-71.899596,8.666110529147497
2025-05-03,41.943558,-71.899596,3.467441507840795
2025-05-04,41.943558,-71.899596,1.8155090385952928
2025-05-05,41.943558,-71.899596,19.086208978250287
2025-05-06,41.943558,-71.899596,6.153857006722362
2025-05-07,41.943558,-71.899596,0.0
2025-05-08,41.943558,-71.899596,0.14563041296345255
2025-05-09,41.943558,-71.899596,31.135629677970925
2025-05-10,41.943558,-71.899596,1.5614437313137068
2025-05-11,41.943558,-71.899596,0.0
2025-05-12,41.943558,-71.899596,0.0
2025-05-13,41.943558,-71.899596,0.0
2025-05-14,41.943558,-71.899596,0.4711960466952937
2025-05-15,41.943558,-71.899596,29.68157514223639
2025-05-16,41.943558,-71.899596,0.0
2025-05-17,41.943558,-71.899596,0.8836525031612761
2025-05-18,41.943558,-71.899596,0.671156530374265
2025-05-19,41.943558,-71.899596,0.0006390242598771796
2025-05-20,41.943558,-71.899596,0.0
2025-05-21,41.943558,-71.899596,0.4488048280567221
2025-05-22,41.943558,-71.899596,71.33543208506221
2025-05-23,41.943558,-71.899596,12.489289423204148
2025-05-24,41.943558,-71.899596,0.5601630323870153
2025-05-25,41.943558,-71.899596,0.016316273400815675
2025-05-26,41.943558,-71.899596,0.0
2025-05-27,41.943558,-71.899596,0.0
2025-05-28,41.943558,-71.899596,0.0030715951032931786
2025-05-29,41.943558,-71.899596,13.44948028593491
2025-05-30,41.943558,-71.899596,0.031129912214052965
2025-05-31,41.943558,-71.899596,13.817182837057441
2025-06-01,41.943558,-71.899596,0.8272524529164279
2025-06-02,41.943558,-71.899596,0.0
2025-06-03,41.943558,-71.899596,0.0
2025-06-04,41.943558,-71.899596,0.0
2025-06-05,41.943558,-71.899596,0.0
2025-06-06,41.943558,-71.899596,0.0
2025-06-07,41.943558,-71.899596,15.338228936730681
2025-06-08,41.943558,-71.899596,1.3899369159476267
2025-06-09,41.943558,-71.899596,10.214132993692775
2025-06-10,41.943558,-71.899596,3.0000573754661812
2025-06-11,41.943558,-71.899596,0.0
2025-06-12,41.943558,-71.899596,0.0
2025-06-13,41.943558,-71.899596,4.738060093280097
2025-06-14,41.943558,-71.899596,8.495370237960037
2025-06-15,41.943558,-71.899596,0.010080343236958333
2025-06-16,41.943558,-71.899596,0.03011182009834974
2025-06-17,41.943558,-71.899596,4.412326903306263
2025-06-18,41.943558,-71.899596,2.1730708838496993
2025-06-19,41.943558,-71.899596,0.08996797761101277
2025-06-20,41.943558,-71.899596,1.4593717263897275
2025-06-21,41.943558,-71.899596,0.0
2025-06-22,41.943558,-71.899596,6.612786035286913
2025-06-23,41.943558,-71.899596,0.0
2025-06-24,41.943558,-71.899596,0.0
2025-06-25,41.943558,-71.899596,0.45136306201349874
2025-06-26,41.943558,-71.899596,0.8074901419158147
2025-06-27,41.943558,-71.899596,0.15790497706993253
2025-06-28,41.943558,-71.899596,0.0006441999856010277
2025-06-29,41.943558,-71.899596,0.08848208603073827
2025-06-30,41.943558,-71.899596,0.3132124984794027
2025-07-01,41.943558,-71.899596,8.621892600470462
2025-07-02,41.943558,-71.899596,18.421522753265194
2025-07-03,41.943558,-71.899596,17.389019318482784
2025-07-04,41.943558,-71.899596,1.2557226570004891
2025-07-05,41.943558,-71.899596,0.0007987802950895885
2025-07-06,41.943558,-71.899596,0.0047154837628167285
2025-07-07,41.943558,-71.899596,1.0850599806547951
2025-07-08,41.943558,-71.899596,0.5681293303067567
2025-07-09,41.943558,-71.899596,21.87330934127732
2025-07-10,41.943558,-71.899596,22.553560686736937
2025-07-11,41.943558,-71.899596,0.5947660680534452
2025-07-12,41.943558,-71.899596,0.0
2025-07-13,41.943558,-71.899596,0.0
2025-07-14,41.943558,-71.899596,0.17628657323925503
2025-07-15,41.943558,-71.899596,8.000568579960035
2025-07-16,41.943558,-71.899596,0.0
2025-07-17,41.943558,-71.899596,0.0
2025-07-18,41.943558,-71.899596,0.0
2025-07-19,41.943558,-71.899596,0.0
2025-07-20,41.943558,-71.899596,8.027126550353454
2025-07-21,41.943558,-71.899596,0.5218526369783274
2025-07-22,41.943558,-71.899596,0.0
2025-07-23,41.943558,-71.899596,0.0
2025-07-24,41.943558,-71.899596,0.0
2025-07-25,41.943558,-71.899596,9.67307139345776
2025-07-26,41.943558,-71.899596,0.6223400790243463
2025-07-27,41.943558,-71.899596,8.795469796770018
2025-07-28,41.943558,-71.899596,0.0
2025-07-29,41.943558,-71.899596,0.0
2025-07-30,41.943558,-71.899596,0.0
2025-07-31,41.943558,-71.899596,3.607283528456647
2025-08-01,41.943558,-71.899596,10.217392117294427
2025-08-02,41.943558,-71.899596,0.0
2025-08-03,41.943558,-71.899596,0.0
2025-08-04,41.943558,-71.899596,0.0
2025-08-05,41.943558,-71.899596,0.0006493757113248757
2025-08-06,41.943558,-71.899596,0.22964412343745394
2025-08-07,41.943558,-71.899596,1.112181420901007
2025-08-08,41.943558,-71.899596,0.0
2025-08-09,41.943558,-71.899596,0.0
2025-08-10,41.943558,-71.899596,0.0
2025-08-11,41.943558,-71.899596,0.0
2025-08-12,41.943558,-71.899596,0.0
2025-08-13,41.943558,-71.899596,0.7149744574838264
2025-08-14,41.943558,-71.899596,0.9879006864776947
2025-08-15,41.943558,-71.899596,0.0
2025-08-16,41.943558,-71.899596,0.0
2025-08-17,41.943558,-71.899596,0.19988088335975357
2025-08-18,41.943558,-71.899596,0.8780662727038382
2025-08-19,41.943558,-71.899596,0.26953820240912224
2025-08-20,41.943558,-71.899596,14.26880639525862
2025-08-21,41.943558,-71.899596,18.54932348496432
2025-08-22,41.943558,-71.899596,0.6333904044272664
2025-08-23,41.943558,-71.899596,0.0
2025-08-24,41.943558,-71.899596,1.1161558813369061
2025-08-25,41.943558,-71.899596,0.0
2025-08-26,41.943558,-71.899596,0.0
2025-08-27,41.943558,-71.899596,0.0
2025-08-28,41.943558,-71.899596,0.0
2025-08-29,41.943558,-71.899596,5.228713585026522
2025-08-30,41.943558,-71.899596,0.0
2025-08-31,41.943558,-71.899596,0.0
2025-09-01,41.943558,-71.899596,2.165608178366151
2025-09-02,41.943558,-71.899596,0.0
2025-09-03,41.943558,-71.899596,0.0
2025-09-04,41.943558,-71.899596,0.0
2025-09-05,41.943558,-71.899596,8.696146953406277
2025-09-06,41.943558,-71.899596,8.990138783728563
2025-09-07,41.943558,-71.899596,35.723965486046666
2025-09-08,41.943558,-71.899596,0.00484185140345121
2025-09-09,41.943558,-71.899596,0.0
2025-09-10,41.943558,-71.899596,0.613390769406235
2025-09-11,41.943558,-71.899596,0.0
2025-09-12,41.943558,-71.899596,0.0
2025-09-13,41.943558,-71.899596,0.0
2025-09-14,41.943558,-71.899596,0.04623490074088934
2025-09-15,41.943558,-71.899596,0.0
2025-09-16,41.943558,-71.899596,0.07619010586579883
2025-09-17,41.943558,-71.899596,0.47862077001090436
2025-09-18,41.943558,-71.899596,0.0
2025-09-19,41.943558,-71.899596,0.0
2025-09-20,41.943558,-71.899596,0.0
2025-09-21,41.943558,-71.899596,0.0008117196089171816
2025-09-22,41.943558,-71.899596,0.0
2025-09-23,41.943558,-71.899596,0.0
2025-09-24,41.943558,-71.899596,23.19412713576663
2025-09-25,41.943558,-71.899596,15.174274302151924
2025-09-26,41.943558,-71.899596,0.04303176080604773
2025-09-27,41.943558,-71.899596,0.19480186891569246
2025-09-28,41.943558,-71.899596,9.369424400523705
2025-09-29,41.943558,-71.899596,0.044938991883019974
2025-09-30,41.943558,-71.899596,0.1225352083708292
