date,lat,lon,pr_mm_per_day
2010-01-01,41.538981,-71.568672,1.542462429588271
2010-01-02,41.538981,-71.568672,0.297698131947732
2010-01-03,41.538981,-71.568672,0.09925195718869972
2010-01-04,41.538981,-71.568672,0.3538911972774624
2010-01-05,41.538981,-71.568672,0.0
2010-01-06,41.538981,-71.568672,0.0
2010-01-07,41.538981,-71.568672,0.0
2010-01-08,41.538981,-71.568672,0.20133387955878698
2010-01-09,41.538981,-71.568672,0.027283841093719327
2010-01-10,41.538981,-71.568672,0.0
2010-01-11,41.538981,-71.568672,0.42958189768073485
2010-01-12,41.538981,-71.568672,0.277316549431968
2010-01-13,41.538981,-71.568672,0.0
2010-01-14,41.538981,-71.568672,0.0
2010-01-15,41.538981,-71.568672,0.3896472787822714
2010-01-16,41.538981,-71.568672,0.0
2010-01-17,41.538981,-71.568672,33.688107017343675
2010-01-18,41.538981,-71.568672,24.04679445796954
2010-01-19,41.538981,-71.568672,0.8187767765920616
2010-01-20,41.538981,-71.568672,0.03390317272490326
2010-01-21,41.538981,-71.568672,0.0
2010-01-22,41.538981,-71.568672,1.774408223254059
2010-01-23,41.538981,-71.568672,0.0
2010-01-24,41.538981,-71.568672,3.8670316791983583
2010-01-25,41.538981,-71.568672,35.53291373985475
2010-01-26,41.538981,-71.568672,0.5372770794208697
2010-01-27,41.538981,-71.568672,0.19800847246442024
2010-01-28,41.538981,-71.568672,1.404731153676905
2010-01-29,41.538981,-71.568672,0.04086431337656018
2010-01-30,41.538981,-71.568672,0.012671849408892571
2010-01-31,41.538981,-71.568672,3.3242240393411966
2010-02-01,41.538981,-71.568672,0.0
2010-02-02,41.538981,-71.568672,0.7893426057804779
2010-02-03,41.538981,-71.568672,0.004983620983246541
2010-02-04,41.538981,-71.568672,0.0
2010-02-05,41.538981,-71.568672,0.006110256894971593
2010-02-06,41.538981,-71.568672,1.0994220006912498
2010-02-07,41.538981,-71.568672,0.0
2010-02-08,41.538981,-71.568672,0.0
2010-02-09,41.538981,-71.568672,0.0
2010-02-10,41.538981,-71.568672,8.225459296328754
2010-02-11,41.538981,-71.568672,1.2362702634357345
2010-02-12,41.538981,-71.568672,0.0
2010-02-13,41.538981,-71.568672,0.010855339210044968
2010-02-14,41.538981,-71.568672,0.0024918104916232704
2010-02-15,41.538981,-71.568672,0.0
2010-02-16,41.538981,-71.568672,0.00858116835715643
2010-02-17,41.538981,-71.568672,0.009967241966493082
2010-02-18,41.538981,-71.568672,0.0
2010-02-19,41.538981,-71.568672,0.0
2010-02-20,41.538981,-71.568672,0.0
2010-02-21,41.538981,-71.568672,0.0
2010-02-22,41.538981,-71.568672,0.0
2010-02-23,41.538981,-71.568672,4.553227947963184
2010-02-24,41.538981,-71.568672,34.246966580463145
2010-02-25,41.538981,-71.568672,28.046793029854687
2010-02-26,41.538981,-71.568672,42.12332564691978
2010-02-27,41.538981,-71.568672,0.0
2010-02-28,41.538981,-71.568672,1.0153941733082903
2010-03-01,41.538981,-71.568672,0.3833876125619157
2010-03-02,41.538981,-71.568672,0.021537949160314897
2010-03-03,41.538981,-71.568672,7.959117037761772
2010-03-04,41.538981,-71.568672,0.1071293712511505
2010-03-05,41.538981,-71.568672,0.10086952430379853
2010-03-06,41.538981,-71.568672,0.0
2010-03-07,41.538981,-71.568672,0.0
2010-03-08,41.538981,-71.568672,0.0
2010-03-09,41.538981,-71.568672,0.0011018999753704233
2010-03-10,41.538981,-71.568672,0.032054563365418016
2010-03-11,41.538981,-71.568672,0.20216350107003267
2010-03-12,41.538981,-71.568672,0.22415050837178058
2010-03-13,41.538981,-71.568672,57.254588665377256
2010-03-14,41.538981,-71.568672,45.03368668032371
2010-03-15,41.538981,-71.568672,7.221946941107077
2010-03-16,41.538981,-71.568672,0.21795950700139843
2010-03-17,41.538981,-71.568672,0.010896183476789105
2010-03-18,41.538981,-71.568672,0.0
2010-03-19,41.538981,-71.568672,0.03967888202126774
2010-03-20,41.538981,-71.568672,0.0
2010-03-21,41.538981,-71.568672,0.0
2010-03-22,41.538981,-71.568672,4.145967454429562
2010-03-23,41.538981,-71.568672,83.87170135474358
2010-03-24,41.538981,-71.568672,8.270325623225167
2010-03-25,41.538981,-71.568672,0.034013161401690625
2010-03-26,41.538981,-71.568672,24.277359308681337
2010-03-27,41.538981,-71.568672,0.0
2010-03-28,41.538981,-71.568672,2.3920399277425384
2010-03-29,41.538981,-71.568672,99.67083937115993
2010-03-30,41.538981,-71.568672,98.99416136928252
2010-03-31,41.538981,-71.568672,1.8373699804723356
2010-04-01,41.538981,-71.568672,0.0
2010-04-02,41.538981,-71.568672,0.0
2010-04-03,41.538981,-71.568672,0.0016612069944155136
2010-04-04,41.538981,-71.568672,0.0
2010-04-05,41.538981,-71.568672,1.0835588456629592
2010-04-06,41.538981,-71.568672,0.30415904886318346
2010-04-07,41.538981,-71.568672,0.011236010128309139
2010-04-08,41.538981,-71.568672,0.08740556384437595
2010-04-09,41.538981,-71.568672,16.099940974437082
2010-04-10,41.538981,-71.568672,0.5132504858570498
2010-04-11,41.538981,-71.568672,0.0
2010-04-12,41.538981,-71.568672,0.0
2010-04-13,41.538981,-71.568672,0.051520720904145396
2010-04-14,41.538981,-71.568672,0.0
2010-04-15,41.538981,-71.568672,0.001344275550459784
2010-04-16,41.538981,-71.568672,4.128182508010782
2010-04-17,41.538981,-71.568672,13.676770301656559
2010-04-18,41.538981,-71.568672,0.0050661988804597425
2010-04-19,41.538981,-71.568672,0.0
2010-04-20,41.538981,-71.568672,0.0002057162750639007
2010-04-21,41.538981,-71.568672,0.0
2010-04-22,41.538981,-71.568672,0.06782158433400787
2010-04-23,41.538981,-71.568672,0.05787121936995247
2010-04-24,41.538981,-71.568672,0.0
2010-04-25,41.538981,-71.568672,11.917150331291412
2010-04-26,41.538981,-71.568672,5.0372396731272655
2010-04-27,41.538981,-71.568672,3.681395867597924
2010-04-28,41.538981,-71.568672,0.3003320795782132
2010-04-29,41.538981,-71.568672,0.0
2010-04-30,41.538981,-71.568672,0.000933461634739707
2010-05-01,41.538981,-71.568672,0.0
2010-05-02,41.538981,-71.568672,0.3287625792431694
2010-05-03,41.538981,-71.568672,9.546144161707076
2010-05-04,41.538981,-71.568672,0.02016053394280603
2010-05-05,41.538981,-71.568672,0.0
2010-05-06,41.538981,-71.568672,0.3947136661178507
2010-05-07,41.538981,-71.568672,0.0
2010-05-08,41.538981,-71.568672,2.751736250065563
2010-05-09,41.538981,-71.568672,0.007269379098543063
2010-05-10,41.538981,-71.568672,0.00010285813753195034
2010-05-11,41.538981,-71.568672,0.3440133069471648
2010-05-12,41.538981,-71.568672,1.8274376433907098
2010-05-13,41.538981,-71.568672,0.0
2010-05-14,41.538981,-71.568672,4.6227257113040086
2010-05-15,41.538981,-71.568672,1.3697204295067462
2010-05-16,41.538981,-71.568672,0.0
2010-05-17,41.538981,-71.568672,0.0007566662627491123
2010-05-18,41.538981,-71.568672,24.68089866911401
2010-05-19,41.538981,-71.568672,9.195747681659087
2010-05-20,41.538981,-71.568672,0.13433061686189934
2010-05-21,41.538981,-71.568672,0.0
2010-05-22,41.538981,-71.568672,0.1282192712967387
2010-05-23,41.538981,-71.568672,0.11207242560004738
2010-05-24,41.538981,-71.568672,0.16283008747668634
2010-05-25,41.538981,-71.568672,0.06676568759249901
2010-05-26,41.538981,-71.568672,0.0
2010-05-27,41.538981,-71.568672,21.04118857369845
2010-05-28,41.538981,-71.568672,0.0
2010-05-29,41.538981,-71.568672,0.5825080970091154
2010-05-30,41.538981,-71.568672,0.07216745838079563
2010-05-31,41.538981,-71.568672,0.0
2010-06-01,41.538981,-71.568672,7.369485747205706
2010-06-02,41.538981,-71.568672,0.3719937631414105
2010-06-03,41.538981,-71.568672,0.009683068249063238
2010-06-04,41.538981,-71.568672,0.7388845690891694
2010-06-05,41.538981,-71.568672,35.08303044290278
2010-06-06,41.538981,-71.568672,4.03649980112619
2010-06-07,41.538981,-71.568672,0.0
2010-06-08,41.538981,-71.568672,0.13064263132614512
2010-06-09,41.538981,-71.568672,9.920466737999213
2010-06-10,41.538981,-71.568672,2.195067056948261
2010-06-11,41.538981,-71.568672,2.8880939799500593
2010-06-12,41.538981,-71.568672,0.9982387930084927
2010-06-13,41.538981,-71.568672,5.682886735504633
2010-06-14,41.538981,-71.568672,0.15011920986854269
2010-06-15,41.538981,-71.568672,0.021710678420089936
2010-06-16,41.538981,-71.568672,0.2341251692729873
2010-06-17,41.538981,-71.568672,0.10029618922153835
2010-06-18,41.538981,-71.568672,0.0
2010-06-19,41.538981,-71.568672,0.0
2010-06-20,41.538981,-71.568672,5.82416446603278
2010-06-21,41.538981,-71.568672,0.0
2010-06-22,41.538981,-71.568672,0.9367632136966672
2010-06-23,41.538981,-71.568672,9.326591168235693
2010-06-24,41.538981,-71.568672,2.5101572791695004
2010-06-25,41.538981,-71.568672,0.0049290104351494834
2010-06-26,41.538981,-71.568672,0.15550199321074043
2010-06-27,41.538981,-71.568672,0.8630710637621465
2010-06-28,41.538981,-71.568672,1.2864161015943374
2010-06-29,41.538981,-71.568672,1.0743982295685677
2010-06-30,41.538981,-71.568672,0.10249221556280963
2010-07-01,41.538981,-71.568672,0.0
2010-07-02,41.538981,-71.568672,0.0
2010-07-03,41.538981,-71.568672,0.014542932822791184
2010-07-04,41.538981,-71.568672,0.12000597196804429
2010-07-05,41.538981,-71.568672,0.0
2010-07-06,41.538981,-71.568672,0.13091967586550338
2010-07-07,41.538981,-71.568672,0.0
2010-07-08,41.538981,-71.568672,0.0
2010-07-09,41.538981,-71.568672,0.5558382908068834
2010-07-10,41.538981,-71.568672,3.107023005019653
2010-07-11,41.538981,-71.568672,1.3967464700888503
2010-07-12,41.538981,-71.568672,0.019716041740597934
2010-07-13,41.538981,-71.568672,20.2617699091355
2010-07-14,41.538981,-71.568672,10.709945031958053
2010-07-15,41.538981,-71.568672,0.01008009728654291
2010-07-16,41.538981,-71.568672,0.02392610660059419
2010-07-17,41.538981,-71.568672,0.06897367692859735
2010-07-18,41.538981,-71.568672,0.000617148825191702
2010-07-19,41.538981,-71.568672,14.907805363358124
2010-07-20,41.538981,-71.568672,2.2699998727816206
2010-07-21,41.538981,-71.568672,4.907181451219944
2010-07-22,41.538981,-71.568672,0.39539368523561697
2010-07-23,41.538981,-71.568672,16.57871839179212
2010-07-24,41.538981,-71.568672,11.852858190239747
2010-07-25,41.538981,-71.568672,9.897860675921176
2010-07-26,41.538981,-71.568672,0.0
2010-07-27,41.538981,-71.568672,0.0
2010-07-28,41.538981,-71.568672,0.0
2010-07-29,41.538981,-71.568672,3.023058252963754
2010-07-30,41.538981,-71.568672,0.0
2010-07-31,41.538981,-71.568672,0.0
2010-08-01,41.538981,-71.568672,0.0
2010-08-02,41.538981,-71.568672,0.0
2010-08-03,41.538981,-71.568672,1.5421110528037856
2010-08-04,41.538981,-71.568672,0.19042014624838796
2010-08-05,41.538981,-71.568672,4.28817303182569
2010-08-06,41.538981,-71.568672,0.22542403261910463
2010-08-07,41.538981,-71.568672,0.0010285813370018593
2010-08-08,41.538981,-71.568672,0.0
2010-08-09,41.538981,-71.568672,0.12704877706434428
2010-08-10,41.538981,-71.568672,4.2002751684027375
2010-08-11,41.538981,-71.568672,0.17102113298925145
2010-08-12,41.538981,-71.568672,1.8866322666360325
2010-08-13,41.538981,-71.568672,1.0711048114257071
2010-08-14,41.538981,-71.568672,0.0
2010-08-15,41.538981,-71.568672,0.7759663198058702
2010-08-16,41.538981,-71.568672,1.531895451425729
2010-08-17,41.538981,-71.568672,2.9246923744148354
2010-08-18,41.538981,-71.568672,10.061308916069454
2010-08-19,41.538981,-71.568672,0.9397965441361664
2010-08-20,41.538981,-71.568672,0.02639826600540708
2010-08-21,41.538981,-71.568672,0.26695568842689615
2010-08-22,41.538981,-71.568672,36.240294108371586
2010-08-23,41.538981,-71.568672,11.063415438342092
2010-08-24,41.538981,-71.568672,0.10304663415653482
2010-08-25,41.538981,-71.568672,10.427815101491397
2010-08-26,41.538981,-71.568672,0.5763437331082222
2010-08-27,41.538981,-71.568672,0.0
2010-08-28,41.538981,-71.568672,0.0
2010-08-29,41.538981,-71.568672,0.0
2010-08-30,41.538981,-71.568672,0.0
2010-08-31,41.538981,-71.568672,0.0
2010-09-01,41.538981,-71.568672,0.0
2010-09-02,41.538981,-71.568672,0.0017923674006130451
2010-09-03,41.538981,-71.568672,17.03095968849742
2010-09-04,41.538981,-71.568672,24.916325870069688
2010-09-05,41.538981,-71.568672,0.0
2010-09-06,41.538981,-71.568672,0.0
2010-09-07,41.538981,-71.568672,0.0
2010-09-08,41.538981,-71.568672,0.8848732050163624
2010-09-09,41.538981,-71.568672,0.0
2010-09-10,41.538981,-71.568672,0.0
2010-09-11,41.538981,-71.568672,0.0
2010-09-12,41.538981,-71.568672,1.422565331122707
2010-09-13,41.538981,-71.568672,0.11717393669840416
2010-09-14,41.538981,-71.568672,0.0
2010-09-15,41.538981,-71.568672,0.0
2010-09-16,41.538981,-71.568672,0.9882138899470695
2010-09-17,41.538981,-71.568672,22.397886142010112
2010-09-18,41.538981,-71.568672,0.0
2010-09-19,41.538981,-71.568672,0.013289655955324109
2010-09-20,41.538981,-71.568672,0.00010285813753195034
2010-09-21,41.538981,-71.568672,0.0
2010-09-22,41.538981,-71.568672,0.0
2010-09-23,41.538981,-71.568672,4.069477962862871
2010-09-24,41.538981,-71.568672,0.32530655985685747
2010-09-25,41.538981,-71.568672,0.0
2010-09-26,41.538981,-71.568672,0.32557316060122765
2010-09-27,41.538981,-71.568672,0.2491860459437173
2010-09-28,41.538981,-71.568672,3.958328031868108
2010-09-29,41.538981,-71.568672,0.12191098621087107
2010-09-30,41.538981,-71.568672,2.6113974674996068
2010-10-01,41.538981,-71.568672,11.426854611416505
2010-10-02,41.538981,-71.568672,0.12296553931950926
2010-10-03,41.538981,-71.568672,0.7378494323863327
2010-10-04,41.538981,-71.568672,9.33855699074038
2010-10-05,41.538981,-71.568672,0.018371767442092377
2010-10-06,41.538981,-71.568672,31.553204594791442
2010-10-07,41.538981,-71.568672,0.0
2010-10-08,41.538981,-71.568672,0.0
2010-10-09,41.538981,-71.568672,0.0
2010-10-10,41.538981,-71.568672,0.0
2010-10-11,41.538981,-71.568672,0.0
2010-10-12,41.538981,-71.568672,2.8488606433068404
2010-10-13,41.538981,-71.568672,0.0
2010-10-14,41.538981,-71.568672,0.0
2010-10-15,41.538981,-71.568672,30.393641452183914
2010-10-16,41.538981,-71.568672,0.005731930214635774
2010-10-17,41.538981,-71.568672,0.008898099801112159
2010-10-18,41.538981,-71.568672,0.0
2010-10-19,41.538981,-71.568672,3.5010255824364207
2010-10-20,41.538981,-71.568672,0.04388199203638805
2010-10-21,41.538981,-71.568672,2.4315766934358782
2010-10-22,41.538981,-71.568672,0.0
2010-10-23,41.538981,-71.568672,0.010855339210044968
2010-10-24,41.538981,-71.568672,3.513129606848386
2010-10-25,41.538981,-71.568672,2.3444106710325006
2010-10-26,41.538981,-71.568672,0.6878654099098824
2010-10-27,41.538981,-71.568672,13.807206565199035
2010-10-28,41.538981,-71.568672,0.24976500313265057
2010-10-29,41.538981,-71.568672,0.0
2010-10-30,41.538981,-71.568672,0.07302729210610319
2010-10-31,41.538981,-71.568672,0.6056116689149892
2010-11-01,41.538981,-71.568672,0.0
2010-11-02,41.538981,-71.568672,0.0
2010-11-03,41.538981,-71.568672,0.0
2010-11-04,41.538981,-71.568672,12.619970770284722
2010-11-05,41.538981,-71.568672,26.9984547273803
2010-11-06,41.538981,-71.568672,1.8869401891224449
2010-11-07,41.538981,-71.568672,2.4010093137720285
2010-11-08,41.538981,-71.568672,10.601246302098012
2010-11-09,41.538981,-71.568672,0.10568447739265659
2010-11-10,41.538981,-71.568672,4.452679352209158
2010-11-11,41.538981,-71.568672,4.43672686661143
2010-11-12,41.538981,-71.568672,0.0
2010-11-13,41.538981,-71.568672,0.0
2010-11-14,41.538981,-71.568672,0.010855339210044968
2010-11-15,41.538981,-71.568672,0.1208600789088484
2010-11-16,41.538981,-71.568672,5.359213065682263
2010-11-17,41.538981,-71.568672,29.720643165665827
2010-11-18,41.538981,-71.568672,0.005550949875926503
2010-11-19,41.538981,-71.568672,0.09861268811286883
2010-11-20,41.538981,-71.568672,0.1588206583187889
2010-11-21,41.538981,-71.568672,0.042976831912862126
2010-11-22,41.538981,-71.568672,0.16020473720156697
2010-11-23,41.538981,-71.568672,1.6778249170834316
2010-11-24,41.538981,-71.568672,0.0
2010-11-25,41.538981,-71.568672,0.10840666636411342
2010-11-26,41.538981,-71.568672,4.858414333222743
2010-11-27,41.538981,-71.568672,0.0
2010-11-28,41.538981,-71.568672,0.0
2010-11-29,41.538981,-71.568672,0.0074047256010831616
2010-11-30,41.538981,-71.568672,1.9019965014714297
2010-12-01,41.538981,-71.568672,19.61854733135603
2010-12-02,41.538981,-71.568672,0.1981169547667674
2010-12-03,41.538981,-71.568672,0.091465424405619
2010-12-04,41.538981,-71.568672,0.0017923674006130451
2010-12-05,41.538981,-71.568672,0.0
2010-12-06,41.538981,-71.568672,0.0
2010-12-07,41.538981,-71.568672,0.00672137816961698
2010-12-08,41.538981,-71.568672,0.010821627607922735
2010-12-09,41.538981,-71.568672,0.26924668205282587
2010-12-10,41.538981,-71.568672,0.0
2010-12-11,41.538981,-71.568672,0.018092231342753437
2010-12-12,41.538981,-71.568672,31.251400527952743
2010-12-13,41.538981,-71.568672,81.7594496395787
2010-12-14,41.538981,-71.568672,0.0
2010-12-15,41.538981,-71.568672,0.0
2010-12-16,41.538981,-71.568672,0.09507386855960501
2010-12-17,41.538981,-71.568672,0.0
2010-12-18,41.538981,-71.568672,0.0
2010-12-19,41.538981,-71.568672,0.04537353659387686
2010-12-20,41.538981,-71.568672,2.018413505731935
2010-12-21,41.538981,-71.568672,0.12574282554317212
2010-12-22,41.538981,-71.568672,0.0
2010-12-23,41.538981,-71.568672,0.2537022036964219
2010-12-24,41.538981,-71.568672,0.0
2010-12-25,41.538981,-71.568672,0.04808190694179581
2010-12-26,41.538981,-71.568672,4.7260856048118
2010-12-27,41.538981,-71.568672,0.23379051845787513
2010-12-28,41.538981,-71.568672,0.008961836669210767
2010-12-29,41.538981,-71.568672,0.0
2010-12-30,41.538981,-71.568672,0.0
2010-12-31,41.538981,-71.568672,0.16979255969363927
2011-01-01,41.538981,-71.568672,0.3042753395671514
2011-01-02,41.538981,-71.568672,3.010412559596057
2011-01-03,41.538981,-71.568672,6.893569738279315
2011-01-04,41.538981,-71.568672,0.05479098469676124
2011-01-05,41.538981,-71.568672,0.039330286101843075
2011-01-06,41.538981,-71.568672,0.010365191673633041
2011-01-07,41.538981,-71.568672,0.015235122070574758
2011-01-08,41.538981,-71.568672,1.3812440343919317
2011-01-09,41.538981,-71.568672,0.9437652757462222
2011-01-10,41.538981,-71.568672,0.0
2011-01-11,41.538981,-71.568672,0.020037341606382222
2011-01-12,41.538981,-71.568672,36.00720626752998
2011-01-13,41.538981,-71.568672,0.27274752083446024
2011-01-14,41.538981,-71.568672,0.04342135684017987
2011-01-15,41.538981,-71.568672,1.3274902961926647
2011-01-16,41.538981,-71.568672,2.8556708117081557
2011-01-17,41.538981,-71.568672,0.6422475551948112
2011-01-18,41.538981,-71.568672,32.75987704115794
2011-01-19,41.538981,-71.568672,2.3984018883386247
2011-01-20,41.538981,-71.568672,0.13813102358064536
2011-01-21,41.538981,-71.568672,7.076465481114669
2011-01-22,41.538981,-71.568672,0.0
2011-01-23,41.538981,-71.568672,0.08175036715964068
2011-01-24,41.538981,-71.568672,0.0
2011-01-25,41.538981,-71.568672,2.3493252380442535
2011-01-26,41.538981,-71.568672,7.49042240236717
2011-01-27,41.538981,-71.568672,26.05462531688689
2011-01-28,41.538981,-71.568672,0.5024686329430189
2011-01-29,41.538981,-71.568672,0.4384143781328773
2011-01-30,41.538981,-71.568672,0.5015302879981685
2011-01-31,41.538981,-71.568672,0.0
2011-02-01,41.538981,-71.568672,0.6454928701380889
2011-02-02,41.538981,-71.568672,25.3562154126664
2011-02-03,41.538981,-71.568672,0.046279801838985946
2011-02-04,41.538981,-71.568672,0.0
2011-02-05,41.538981,-71.568672,0.4447270203283996
2011-02-06,41.538981,-71.568672,1.7654790999443506
2011-02-07,41.538981,-71.568672,0.02803857495379626
2011-02-08,41.538981,-71.568672,6.949706650993541
2011-02-09,41.538981,-71.568672,0.0
2011-02-10,41.538981,-71.568672,0.46393104412671643
2011-02-11,41.538981,-71.568672,0.0013371557687565329
2011-02-12,41.538981,-71.568672,0.0
2011-02-13,41.538981,-71.568672,0.010855339210044968
2011-02-14,41.538981,-71.568672,0.18898064744964607
2011-02-15,41.538981,-71.568672,0.0
2011-02-16,41.538981,-71.568672,0.14229030878602633
2011-02-17,41.538981,-71.568672,0.0
2011-02-18,41.538981,-71.568672,0.2745943403734063
2011-02-19,41.538981,-71.568672,0.03481164679093334
2011-02-20,41.538981,-71.568672,0.0
2011-02-21,41.538981,-71.568672,0.5925046363851618
2011-02-22,41.538981,-71.568672,0.047487895093681454
2011-02-23,41.538981,-71.568672,0.0
2011-02-24,41.538981,-71.568672,0.0
2011-02-25,41.538981,-71.568672,64.14999506331068
2011-02-26,41.538981,-71.568672,0.0028003849042191227
2011-02-27,41.538981,-71.568672,1.5205571025598046
2011-02-28,41.538981,-71.568672,22.096490270790504
2011-03-01,41.538981,-71.568672,5.509406673921802
2011-03-02,41.538981,-71.568672,0.017470910959981482
2011-03-03,41.538981,-71.568672,0.0
2011-03-04,41.538981,-71.568672,0.0
2011-03-05,41.538981,-71.568672,0.0
2011-03-06,41.538981,-71.568672,0.15591998690965386
2011-03-07,41.538981,-71.568672,15.39960699047791
2011-03-08,41.538981,-71.568672,0.0
2011-03-09,41.538981,-71.568672,0.03793894824895569
2011-03-10,41.538981,-71.568672,12.425781661382377
2011-03-11,41.538981,-71.568672,14.468827023624456
2011-03-12,41.538981,-71.568672,0.06360240229838617
2011-03-13,41.538981,-71.568672,0.054971969908099716
2011-03-14,41.538981,-71.568672,0.0
2011-03-15,41.538981,-71.568672,0.0
2011-03-16,41.538981,-71.568672,11.363868843550213
2011-03-17,41.538981,-71.568672,0.0017640651319474638
2011-03-18,41.538981,-71.568672,0.6872570543647698
2011-03-19,41.538981,-71.568672,2.3874627023269794
2011-03-20,41.538981,-71.568672,0.0
2011-03-21,41.538981,-71.568672,3.0979415491300455
2011-03-22,41.538981,-71.568672,0.0
2011-03-23,41.538981,-71.568672,0.013445669400689364
2011-03-24,41.538981,-71.568672,3.3411244403077034
2011-03-25,41.538981,-71.568672,0.0004480918501532613
2011-03-26,41.538981,-71.568672,0.0
2011-03-27,41.538981,-71.568672,0.016587887923535327
2011-03-28,41.538981,-71.568672,0.0
2011-03-29,41.538981,-71.568672,0.0
2011-03-30,41.538981,-71.568672,0.0
2011-03-31,41.538981,-71.568672,11.905924590444368
2011-04-01,41.538981,-71.568672,6.401001196016226
2011-04-02,41.538981,-71.568672,0.07594028106885053
2011-04-03,41.538981,-71.568672,0.0
2011-04-04,41.538981,-71.568672,8.958706053573273
2011-04-05,41.538981,-71.568672,2.185094376526582
2011-04-06,41.538981,-71.568672,0.0
2011-04-07,41.538981,-71.568672,0.007388952242332611
2011-04-08,41.538981,-71.568672,0.3602387818222722
2011-04-09,41.538981,-71.568672,2.7903100249574337
2011-04-10,41.538981,-71.568672,2.229120328677319
2011-04-11,41.538981,-71.568672,5.471342878852131
2011-04-12,41.538981,-71.568672,9.072389840622582
2011-04-13,41.538981,-71.568672,52.73643418633805
2011-04-14,41.538981,-71.568672,0.0255017479117709
2011-04-15,41.538981,-71.568672,0.0
2011-04-16,41.538981,-71.568672,3.773810197231941
2011-04-17,41.538981,-71.568672,23.321831973902693
2011-04-18,41.538981,-71.568672,0.20182498636503915
2011-04-19,41.538981,-71.568672,5.793293455474898
2011-04-20,41.538981,-71.568672,3.5178275882653622
2011-04-21,41.538981,-71.568672,0.0
2011-04-22,41.538981,-71.568672,0.0016528499630556349
2011-04-23,41.538981,-71.568672,12.700832329813991
2011-04-24,41.538981,-71.568672,0.42467796459551566
2011-04-25,41.538981,-71.568672,5.853310818075104
2011-04-26,41.538981,-71.568672,0.16771258376338885
2011-04-27,41.538981,-71.568672,0.03455992909340224
2011-04-28,41.538981,-71.568672,3.1764467424845932
2011-04-29,41.538981,-71.568672,9.754749839242827
2011-04-30,41.538981,-71.568672,0.0
2011-05-01,41.538981,-71.568672,0.0
2011-05-02,41.538981,-71.568672,0.13382502706676092
2011-05-03,41.538981,-71.568672,8.696076654045473
2011-05-04,41.538981,-71.568672,7.130735327082564
2011-05-05,41.538981,-71.568672,6.265337006172327
2011-05-06,41.538981,-71.568672,0.07336552119048778
2011-05-07,41.538981,-71.568672,3.5426073163713276
2011-05-08,41.538981,-71.568672,1.4266602564303037
2011-05-09,41.538981,-71.568672,0.0
2011-05-10,41.538981,-71.568672,0.005134726710213384
2011-05-11,41.538981,-71.568672,0.4850270545828816
2011-05-12,41.538981,-71.568672,0.008265474143698505
2011-05-13,41.538981,-71.568672,0.0
2011-05-14,41.538981,-71.568672,2.0354071919754033
2011-05-15,41.538981,-71.568672,7.47237668278885
2011-05-16,41.538981,-71.568672,7.297924305208409
2011-05-17,41.538981,-71.568672,1.7438526940466668
2011-05-18,41.538981,-71.568672,20.503355960705335
2011-05-19,41.538981,-71.568672,8.115092520171437
2011-05-20,41.538981,-71.568672,0.08567225624136346
2011-05-21,41.538981,-71.568672,0.0
2011-05-22,41.538981,-71.568672,0.17517664685238576
2011-05-23,41.538981,-71.568672,3.8280929282645606
2011-05-24,41.538981,-71.568672,12.211015852142236
2011-05-25,41.538981,-71.568672,0.0
2011-05-26,41.538981,-71.568672,0.020612224606268353
2011-05-27,41.538981,-71.568672,0.19573547612983636
2011-05-28,41.538981,-71.568672,0.003548075584664245
2011-05-29,41.538981,-71.568672,0.3695390250139022
2011-05-30,41.538981,-71.568672,3.1992180420561094
2011-05-31,41.538981,-71.568672,0.002262879064020548
2011-06-01,41.538981,-71.568672,4.997006845242732
2011-06-02,41.538981,-71.568672,0.44086640524888276
2011-06-03,41.538981,-71.568672,0.018092231342753437
2011-06-04,41.538981,-71.568672,0.17833363410548994
2011-06-05,41.538981,-71.568672,0.0
2011-06-06,41.538981,-71.568672,0.186105375209701
2011-06-07,41.538981,-71.568672,0.0
2011-06-08,41.538981,-71.568672,0.4807070449124152
2011-06-09,41.538981,-71.568672,27.7818738418267
2011-06-10,41.538981,-71.568672,13.673245631367795
2011-06-11,41.538981,-71.568672,7.349951968529376
2011-06-12,41.538981,-71.568672,7.966896102956259
2011-06-13,41.538981,-71.568672,0.22761787101631575
2011-06-14,41.538981,-71.568672,1.2317793584002907
2011-06-15,41.538981,-71.568672,0.11394327771482526
2011-06-16,41.538981,-71.568672,0.0
2011-06-17,41.538981,-71.568672,6.044756844802455
2011-06-18,41.538981,-71.568672,5.402674176598095
2011-06-19,41.538981,-71.568672,0.0
2011-06-20,41.538981,-71.568672,0.014498548678942881
2011-06-21,41.538981,-71.568672,0.0
2011-06-22,41.538981,-71.568672,9.25622368772008
2011-06-23,41.538981,-71.568672,22.970246849929783
2011-06-24,41.538981,-71.568672,2.1093212500244407
2011-06-25,41.538981,-71.568672,0.1670260219417183
2011-06-26,41.538981,-71.568672,0.0
2011-06-27,41.538981,-71.568672,0.009891734494385742
2011-06-28,41.538981,-71.568672,0.0004480918501532613
2011-06-29,41.538981,-71.568672,8.38938070178121
2011-06-30,41.538981,-71.568672,0.0
2011-07-01,41.538981,-71.568672,0.0
2011-07-02,41.538981,-71.568672,0.0
2011-07-03,41.538981,-71.568672,1.833874764970108
2011-07-04,41.538981,-71.568672,0.002586930522468169
2011-07-05,41.538981,-71.568672,0.09343005371257865
2011-07-06,41.538981,-71.568672,0.47578511037828586
2011-07-07,41.538981,-71.568672,0.0017923674006130451
2011-07-08,41.538981,-71.568672,12.025650166326363
2011-07-09,41.538981,-71.568672,27.068850132687793
2011-07-10,41.538981,-71.568672,0.0
2011-07-11,41.538981,-71.568672,0.0017923674006130451
2011-07-12,41.538981,-71.568672,1.4852547768871442
2011-07-13,41.538981,-71.568672,3.681939638057708
2011-07-14,41.538981,-71.568672,4.743601126169675
2011-07-15,41.538981,-71.568672,0.0
2011-07-16,41.538981,-71.568672,0.8177239311968908
2011-07-17,41.538981,-71.568672,0.0
2011-07-18,41.538981,-71.568672,5.170721894528483
2011-07-19,41.538981,-71.568672,0.0004480918501532613
2011-07-20,41.538981,-71.568672,0.0
2011-07-21,41.538981,-71.568672,0.08569186507152256
2011-07-22,41.538981,-71.568672,0.11087079248419343
2011-07-23,41.538981,-71.568672,0.4741998396849923
2011-07-24,41.538981,-71.568672,1.6398475472737595
2011-07-25,41.538981,-71.568672,5.030619889473495
2011-07-26,41.538981,-71.568672,10.609108384035212
2011-07-27,41.538981,-71.568672,0.03391652224251235
2011-07-28,41.538981,-71.568672,0.0
2011-07-29,41.538981,-71.568672,1.3423496677595863
2011-07-30,41.538981,-71.568672,0.15191943771845262
2011-07-31,41.538981,-71.568672,0.0
2011-08-01,41.538981,-71.568672,0.9871327125620015
2011-08-02,41.538981,-71.568672,0.4052628268705088
2011-08-03,41.538981,-71.568672,1.6105096926654885
2011-08-04,41.538981,-71.568672,2.7407908287834073
2011-08-05,41.538981,-71.568672,0.0
2011-08-06,41.538981,-71.568672,3.3953318920052973
2011-08-07,41.538981,-71.568672,37.57221441936459
2011-08-08,41.538981,-71.568672,6.689820973828555
2011-08-09,41.538981,-71.568672,4.657345419454612
2011-08-10,41.538981,-71.568672,2.386183547378919
2011-08-11,41.538981,-71.568672,0.0
2011-08-12,41.538981,-71.568672,0.0
2011-08-13,41.538981,-71.568672,0.09047861996882611
2011-08-14,41.538981,-71.568672,13.78948876329649
2011-08-15,41.538981,-71.568672,58.54623612770713
2011-08-16,41.538981,-71.568672,0.37198974246970984
2011-08-17,41.538981,-71.568672,0.011650387937057563
2011-08-18,41.538981,-71.568672,0.2636740525565374
2011-08-19,41.538981,-71.568672,0.04293046457631382
2011-08-20,41.538981,-71.568672,0.7795447861017304
2011-08-21,41.538981,-71.568672,1.7471627188482695
2011-08-22,41.538981,-71.568672,19.30474989185884
2011-08-23,41.538981,-71.568672,0.7220376334531722
2011-08-24,41.538981,-71.568672,0.7631681064696534
2011-08-25,41.538981,-71.568672,1.8272929434741816
2011-08-26,41.538981,-71.568672,1.864139873298718
2011-08-27,41.538981,-71.568672,15.127179732523736
2011-08-28,41.538981,-71.568672,42.784934094001144
2011-08-29,41.538981,-71.568672,0.02005415652531096
2011-08-30,41.538981,-71.568672,0.0
2011-08-31,41.538981,-71.568672,1.2668647641826847
2011-09-01,41.538981,-71.568672,0.9760729740524822
2011-09-02,41.538981,-71.568672,0.0
2011-09-03,41.538981,-71.568672,0.13103717721088626
2011-09-04,41.538981,-71.568672,0.0
2011-09-05,41.538981,-71.568672,0.6168160378152172
2011-09-06,41.538981,-71.568672,25.829075274429787
2011-09-07,41.538981,-71.568672,2.8230863541953384
2011-09-08,41.538981,-71.568672,69.61556220051588
2011-09-09,41.538981,-71.568672,3.3354414020339096
2011-09-10,41.538981,-71.568672,0.0
2011-09-11,41.538981,-71.568672,0.0
2011-09-12,41.538981,-71.568672,0.10849589348147634
2011-09-13,41.538981,-71.568672,0.0
2011-09-14,41.538981,-71.568672,0.0
2011-09-15,41.538981,-71.568672,0.18957372479939807
2011-09-16,41.538981,-71.568672,0.6329814489028107
2011-09-17,41.538981,-71.568672,2.9445258516498876
2011-09-18,41.538981,-71.568672,0.02444069167165313
2011-09-19,41.538981,-71.568672,0.0
2011-09-20,41.538981,-71.568672,1.1471593604441974
2011-09-21,41.538981,-71.568672,0.005098067159797086
2011-09-22,41.538981,-71.568672,0.5367353227637603
2011-09-23,41.538981,-71.568672,23.104232002206093
2011-09-24,41.538981,-71.568672,9.085298325690106
2011-09-25,41.538981,-71.568672,4.415490964408933
2011-09-26,41.538981,-71.568672,0.6704967583349808
2011-09-27,41.538981,-71.568672,0.003548075584664245
2011-09-28,41.538981,-71.568672,0.004983620983246541
2011-09-29,41.538981,-71.568672,11.38479768078576
2011-09-30,41.538981,-71.568672,0.0
2011-10-01,41.538981,-71.568672,10.369956489722604
2011-10-02,41.538981,-71.568672,0.0
2011-10-03,41.538981,-71.568672,4.865333714865675
2011-10-04,41.538981,-71.568672,7.505944345333322
2011-10-05,41.538981,-71.568672,0.26835353746808444
2011-10-06,41.538981,-71.568672,0.0
2011-10-07,41.538981,-71.568672,0.0
2011-10-08,41.538981,-71.568672,0.0
2011-10-09,41.538981,-71.568672,0.0
2011-10-10,41.538981,-71.568672,0.0
2011-10-11,41.538981,-71.568672,13.689662523161964
2011-10-12,41.538981,-71.568672,5.735916094086701
2011-10-13,41.538981,-71.568672,22.46135043318551
2011-10-14,41.538981,-71.568672,15.871399045047383
2011-10-15,41.538981,-71.568672,2.3208026562356086
2011-10-16,41.538981,-71.568672,0.0
2011-10-17,41.538981,-71.568672,4.299583447708933
2011-10-18,41.538981,-71.568672,0.12098073484807319
2011-10-19,41.538981,-71.568672,33.863734547145455
2011-10-20,41.538981,-71.568672,6.584984988653136
2011-10-21,41.538981,-71.568672,0.0
2011-10-22,41.538981,-71.568672,0.0
2011-10-23,41.538981,-71.568672,0.0
2011-10-24,41.538981,-71.568672,0.016134992607808804
2011-10-25,41.538981,-71.568672,0.3577905715780504
2011-10-26,41.538981,-71.568672,2.0538969813562145
2011-10-27,41.538981,-71.568672,14.227038939474957
2011-10-28,41.538981,-71.568672,2.667304883332989
2011-10-29,41.538981,-71.568672,22.383322048893454
2011-10-30,41.538981,-71.568672,0.14906323343085282
2011-10-31,41.538981,-71.568672,0.002615232500868648
2011-11-01,41.538981,-71.568672,5.0236131759100555
2011-11-02,41.538981,-71.568672,0.0
2011-11-03,41.538981,-71.568672,0.1708482023902623
2011-11-04,41.538981,-71.568672,1.1511451299663435
2011-11-05,41.538981,-71.568672,0.0
2011-11-06,41.538981,-71.568672,0.0019980836756769457
2011-11-07,41.538981,-71.568672,0.007236892806696645
2011-11-08,41.538981,-71.568672,0.0
2011-11-09,41.538981,-71.568672,0.0
2011-11-10,41.538981,-71.568672,14.097677798204215
2011-11-11,41.538981,-71.568672,0.40455510086608465
2011-11-12,41.538981,-71.568672,0.007580902152579982
2011-11-13,41.538981,-71.568672,2.258000521362536
2011-11-14,41.538981,-71.568672,0.605270776789887
2011-11-15,41.538981,-71.568672,1.3424516126007993
2011-11-16,41.538981,-71.568672,20.484965009431832
2011-11-17,41.538981,-71.568672,16.1359655093296
2011-11-18,41.538981,-71.568672,0.0030710626645104487
2011-11-19,41.538981,-71.568672,0.0663743062624024
2011-11-20,41.538981,-71.568672,0.022792646312179587
2011-11-21,41.538981,-71.568672,9.861268023328906
2011-11-22,41.538981,-71.568672,0.08974478152973668
2011-11-23,41.538981,-71.568672,42.08383833087305
2011-11-24,41.538981,-71.568672,0.012220513789943186
2011-11-25,41.538981,-71.568672,0.09198384041194096
2011-11-26,41.538981,-71.568672,1.514001735562966
2011-11-27,41.538981,-71.568672,0.1150087624412583
2011-11-28,41.538981,-71.568672,1.80092478339436
2011-11-29,41.538981,-71.568672,0.0
2011-11-30,41.538981,-71.568672,19.22825086474483
2011-12-01,41.538981,-71.568672,0.0
2011-12-02,41.538981,-71.568672,0.0
2011-12-03,41.538981,-71.568672,0.0
2011-12-04,41.538981,-71.568672,0.010855339210044968
2011-12-05,41.538981,-71.568672,1.3122824436138623
2011-12-06,41.538981,-71.568672,8.336875501592885
2011-12-07,41.538981,-71.568672,40.176683554496655
2011-12-08,41.538981,-71.568672,3.10811764391343
2011-12-09,41.538981,-71.568672,0.019295766019576124
2011-12-10,41.538981,-71.568672,3.5528043796153965
2011-12-11,41.538981,-71.568672,0.0
2011-12-12,41.538981,-71.568672,0.041353934332403836
2011-12-13,41.538981,-71.568672,0.05506653549781993
2011-12-14,41.538981,-71.568672,0.12259436273040529
2011-12-15,41.538981,-71.568672,6.661407672625422
2011-12-16,41.538981,-71.568672,1.3468309795957634
2011-12-17,41.538981,-71.568672,1.5690625447688262
2011-12-18,41.538981,-71.568672,0.0
2011-12-19,41.538981,-71.568672,0.022533543520345537
2011-12-20,41.538981,-71.568672,0.7694008658319462
2011-12-21,41.538981,-71.568672,9.191578037616457
2011-12-22,41.538981,-71.568672,3.9858593114694782
2011-12-23,41.538981,-71.568672,16.53733151702379
2011-12-24,41.538981,-71.568672,0.0
2011-12-25,41.538981,-71.568672,0.06313150403216605
2011-12-26,41.538981,-71.568672,1.3899163680187774
2011-12-27,41.538981,-71.568672,8.938876456885025
2011-12-28,41.538981,-71.568672,17.49068157769047
2011-12-29,41.538981,-71.568672,0.13596174616245074
2011-12-30,41.538981,-71.568672,0.25054083509064573
2011-12-31,41.538981,-71.568672,7.851225070975967
2012-01-01,41.538981,-71.568672,0.0
2012-01-02,41.538981,-71.568672,4.7761313671790875
2012-01-03,41.538981,-71.568672,0.06974412676221012
2012-01-04,41.538981,-71.568672,0.0
2012-01-05,41.538981,-71.568672,0.4463980376168597
2012-01-06,41.538981,-71.568672,0.6974435642795971
2012-01-07,41.538981,-71.568672,0.0
2012-01-08,41.538981,-71.568672,0.024108028268198814
2012-01-09,41.538981,-71.568672,0.193171354402988
2012-01-10,41.538981,-71.568672,0.4849399609463184
2012-01-11,41.538981,-71.568672,0.1040688005246903
2012-01-12,41.538981,-71.568672,47.23219947906848
2012-01-13,41.538981,-71.568672,0.5825209204620281
2012-01-14,41.538981,-71.568672,0.0934875416580218
2012-01-15,41.538981,-71.568672,0.0
2012-01-16,41.538981,-71.568672,0.0
2012-01-17,41.538981,-71.568672,5.145185722843088
2012-01-18,41.538981,-71.568672,0.09751976957863315
2012-01-19,41.538981,-71.568672,0.006171488022011156
2012-01-20,41.538981,-71.568672,1.8368799711076815
2012-01-21,41.538981,-71.568672,8.544017563983315
2012-01-22,41.538981,-71.568672,0.40385178792500753
2012-01-23,41.538981,-71.568672,0.9315950347146948
2012-01-24,41.538981,-71.568672,6.685132331540397
2012-01-25,41.538981,-71.568672,0.0
2012-01-26,41.538981,-71.568672,3.340055855323343
2012-01-27,41.538981,-71.568672,31.257170348478713
2012-01-28,41.538981,-71.568672,0.2070632379625252
2012-01-29,41.538981,-71.568672,0.47507369426153007
2012-01-30,41.538981,-71.568672,0.44097211837473205
2012-01-31,41.538981,-71.568672,0.013222799704445079
2012-02-01,41.538981,-71.568672,1.5986444306389789
2012-02-02,41.538981,-71.568672,1.21136006923299
2012-02-03,41.538981,-71.568672,0.1382327329023249
2012-02-04,41.538981,-71.568672,0.003938944179615005
2012-02-05,41.538981,-71.568672,0.0
2012-02-06,41.538981,-71.568672,0.0
2012-02-07,41.538981,-71.568672,0.0
2012-02-08,41.538981,-71.568672,0.17674132312561913
2012-02-09,41.538981,-71.568672,0.20193021535255662
2012-02-10,41.538981,-71.568672,0.0
2012-02-11,41.538981,-71.568672,4.169921839543596
2012-02-12,41.538981,-71.568672,0.0
2012-02-13,41.538981,-71.568672,0.0
2012-02-14,41.538981,-71.568672,0.0035191545981273246
2012-02-15,41.538981,-71.568672,0.010952801442966568
2012-02-16,41.538981,-71.568672,2.617974609626684
2012-02-17,41.538981,-71.568672,0.2777231247787222
2012-02-18,41.538981,-71.568672,0.0
2012-02-19,41.538981,-71.568672,0.0
2012-02-20,41.538981,-71.568672,0.0
2012-02-21,41.538981,-71.568672,0.010166595282894816
2012-02-22,41.538981,-71.568672,1.108781324046157
2012-02-23,41.538981,-71.568672,0.8285500414085973
2012-02-24,41.538981,-71.568672,12.984090735311058
2012-02-25,41.538981,-71.568672,5.033422883565461
2012-02-26,41.538981,-71.568672,0.0
2012-02-27,41.538981,-71.568672,0.0
2012-02-28,41.538981,-71.568672,0.0
2012-02-29,41.538981,-71.568672,6.997944594093408
2012-03-01,41.538981,-71.568672,7.2454071793760875
2012-03-02,41.538981,-71.568672,0.0
2012-03-03,41.538981,-71.568672,4.957674390778427
2012-03-04,41.538981,-71.568672,1.1794351815030595
2012-03-05,41.538981,-71.568672,0.0
2012-03-06,41.538981,-71.568672,0.0008306034972077568
2012-03-07,41.538981,-71.568672,0.017796199602224318
2012-03-08,41.538981,-71.568672,0.0
2012-03-09,41.538981,-71.568672,2.0661516480605893
2012-03-10,41.538981,-71.568672,0.0
2012-03-11,41.538981,-71.568672,0.0036184464033483226
2012-03-12,41.538981,-71.568672,0.0
2012-03-13,41.538981,-71.568672,2.7611471519113753
2012-03-14,41.538981,-71.568672,0.017680194562983698
2012-03-15,41.538981,-71.568672,0.4430337334720774
2012-03-16,41.538981,-71.568672,1.0813666567009517
2012-03-17,41.538981,-71.568672,0.0
2012-03-18,41.538981,-71.568672,0.0
2012-03-19,41.538981,-71.568672,0.0
2012-03-20,41.538981,-71.568672,0.0
2012-03-21,41.538981,-71.568672,0.0
2012-03-22,41.538981,-71.568672,0.0
2012-03-23,41.538981,-71.568672,0.0
2012-03-24,41.538981,-71.568672,0.16453901574052948
2012-03-25,41.538981,-71.568672,4.914590106511306
2012-03-26,41.538981,-71.568672,0.042040917641885535
2012-03-27,41.538981,-71.568672,0.0012786953473610178
2012-03-28,41.538981,-71.568672,13.074399616298127
2012-03-29,41.538981,-71.568672,0.5305673656127172
2012-03-30,41.538981,-71.568672,0.010855339210044968
2012-03-31,41.538981,-71.568672,1.1497536764113656
2012-04-01,41.538981,-71.568672,2.2584070908293694
2012-04-02,41.538981,-71.568672,3.478221572016586
2012-04-03,41.538981,-71.568672,0.0
2012-04-04,41.538981,-71.568672,0.02473705932041549
2012-04-05,41.538981,-71.568672,0.0
2012-04-06,41.538981,-71.568672,0.0
2012-04-07,41.538981,-71.568672,0.0
2012-04-08,41.538981,-71.568672,0.007254238598931206
2012-04-09,41.538981,-71.568672,0.17793037661853572
2012-04-10,41.538981,-71.568672,0.0
2012-04-11,41.538981,-71.568672,0.0014844116224249186
2012-04-12,41.538981,-71.568672,1.9865055460356327
2012-04-13,41.538981,-71.568672,0.012467074331751222
2012-04-14,41.538981,-71.568672,0.020782511327391645
2012-04-15,41.538981,-71.568672,8.12601160401642
2012-04-16,41.538981,-71.568672,0.18428139542677083
2012-04-17,41.538981,-71.568672,0.0
2012-04-18,41.538981,-71.568672,0.49741145204451764
2012-04-19,41.538981,-71.568672,2.1170296278762457
2012-04-20,41.538981,-71.568672,0.0
2012-04-21,41.538981,-71.568672,0.0
2012-04-22,41.538981,-71.568672,27.868316018598
2012-04-23,41.538981,-71.568672,42.56049209693483
2012-04-24,41.538981,-71.568672,0.18201619431075733
2012-04-25,41.538981,-71.568672,0.0
2012-04-26,41.538981,-71.568672,0.010893248196227258
2012-04-27,41.538981,-71.568672,3.1023000089240504
2012-04-28,41.538981,-71.568672,0.0
2012-04-29,41.538981,-71.568672,1.3980517926608917
2012-04-30,41.538981,-71.568672,0.0
2012-05-01,41.538981,-71.568672,13.722334997953872
2012-05-02,41.538981,-71.568672,0.02388555746775748
2012-05-03,41.538981,-71.568672,3.4836692878335915
2012-05-04,41.538981,-71.568672,1.6440774452569267
2012-05-05,41.538981,-71.568672,0.10104459556835654
2012-05-06,41.538981,-71.568672,0.4865977627341732
2012-05-07,41.538981,-71.568672,0.0
2012-05-08,41.538981,-71.568672,5.1378260256348645
2012-05-09,41.538981,-71.568672,34.113999256394344
2012-05-10,41.538981,-71.568672,14.442522593527329
2012-05-11,41.538981,-71.568672,0.0004480918501532613
2012-05-12,41.538981,-71.568672,0.0
2012-05-13,41.538981,-71.568672,3.815195649176558
2012-05-14,41.538981,-71.568672,2.1091577052551953
2012-05-15,41.538981,-71.568672,4.66474742266804
2012-05-16,41.538981,-71.568672,16.17833349807203
2012-05-17,41.538981,-71.568672,0.13854582389092038
2012-05-18,41.538981,-71.568672,0.0031366430345364433
2012-05-19,41.538981,-71.568672,0.0
2012-05-20,41.538981,-71.568672,0.058309520596176036
2012-05-21,41.538981,-71.568672,1.7357059696415793
2012-05-22,41.538981,-71.568672,11.839449732021206
2012-05-23,41.538981,-71.568672,0.30181548871188646
2012-05-24,41.538981,-71.568672,0.3623473600281738
2012-05-25,41.538981,-71.568672,0.9079147939879217
2012-05-26,41.538981,-71.568672,0.13068226321051163
2012-05-27,41.538981,-71.568672,0.7921342046448175
2012-05-28,41.538981,-71.568672,0.1010302501481127
2012-05-29,41.538981,-71.568672,0.0036184464033483226
2012-05-30,41.538981,-71.568672,4.792696952968766
2012-05-31,41.538981,-71.568672,0.0
2012-06-01,41.538981,-71.568672,0.0
2012-06-02,41.538981,-71.568672,10.784228673478873
2012-06-03,41.538981,-71.568672,6.30132678617467
2012-06-04,41.538981,-71.568672,0.4153293667959307
2012-06-05,41.538981,-71.568672,2.686348963284156
2012-06-06,41.538981,-71.568672,0.5899337334113408
2012-06-07,41.538981,-71.568672,2.2021858620967802
2012-06-08,41.538981,-71.568672,0.0004480918501532613
2012-06-09,41.538981,-71.568672,5.343938447597377
2012-06-10,41.538981,-71.568672,0.007187420933987387
2012-06-11,41.538981,-71.568672,0.0
2012-06-12,41.538981,-71.568672,5.924834074786223
2012-06-13,41.538981,-71.568672,20.814508744049366
2012-06-14,41.538981,-71.568672,0.029417429364972852
2012-06-15,41.538981,-71.568672,0.0
2012-06-16,41.538981,-71.568672,0.0
2012-06-17,41.538981,-71.568672,0.0
2012-06-18,41.538981,-71.568672,0.0
2012-06-19,41.538981,-71.568672,0.0035847348012260903
2012-06-20,41.538981,-71.568672,0.0
2012-06-21,41.538981,-71.568672,0.0
2012-06-22,41.538981,-71.568672,0.06226857224793216
2012-06-23,41.538981,-71.568672,2.394230392650197
2012-06-24,41.538981,-71.568672,0.0
2012-06-25,41.538981,-71.568672,44.35650407691098
2012-06-26,41.538981,-71.568672,0.001969781407011364
2012-06-27,41.538981,-71.568672,0.0
2012-06-28,41.538981,-71.568672,0.0
2012-06-29,41.538981,-71.568672,0.9196651031524509
2012-06-30,41.538981,-71.568672,0.40537697794085475
2012-07-01,41.538981,-71.568672,2.945252829699529
2012-07-02,41.538981,-71.568672,0.042302792652752136
2012-07-03,41.538981,-71.568672,2.539578407631553
2012-07-04,41.538981,-71.568672,5.831616157789826
2012-07-05,41.538981,-71.568672,0.06539505188284592
2012-07-06,41.538981,-71.568672,0.9328343494574903
2012-07-07,41.538981,-71.568672,7.828134173158454
2012-07-08,41.538981,-71.568672,0.05065825099485287
2012-07-09,41.538981,-71.568672,0.1305939625806044
2012-07-10,41.538981,-71.568672,0.0
2012-07-11,41.538981,-71.568672,0.001234297650383404
2012-07-12,41.538981,-71.568672,0.04644459712472884
2012-07-13,41.538981,-71.568672,0.37040419242898537
2012-07-14,41.538981,-71.568672,6.968133101919152
2012-07-15,41.538981,-71.568672,3.4670972705838765
2012-07-16,41.538981,-71.568672,5.900417950841037
2012-07-17,41.538981,-71.568672,0.008161391465673023
2012-07-18,41.538981,-71.568672,5.352561432554811
2012-07-19,41.538981,-71.568672,2.118819734991885
2012-07-20,41.538981,-71.568672,16.041493956302922
2012-07-21,41.538981,-71.568672,1.7096029517118596
2012-07-22,41.538981,-71.568672,0.0
2012-07-23,41.538981,-71.568672,1.9584474648918166
2012-07-24,41.538981,-71.568672,3.0181234058125472
2012-07-25,41.538981,-71.568672,0.0
2012-07-26,41.538981,-71.568672,0.5929254287134821
2012-07-27,41.538981,-71.568672,4.513648188121167
2012-07-28,41.538981,-71.568672,9.092497267930394
2012-07-29,41.538981,-71.568672,12.392362329994631
2012-07-30,41.538981,-71.568672,0.9467874457480416
2012-07-31,41.538981,-71.568672,9.074159665493482
2012-08-01,41.538981,-71.568672,2.5766715250924968
2012-08-02,41.538981,-71.568672,2.3716427922848613
2012-08-03,41.538981,-71.568672,0.057703590015910244
2012-08-04,41.538981,-71.568672,0.01241849147502533
2012-08-05,41.538981,-71.568672,0.6592378862018637
2012-08-06,41.538981,-71.568672,9.206319060062574
2012-08-07,41.538981,-71.568672,0.5882763461104114
2012-08-08,41.538981,-71.568672,0.6473534091746094
2012-08-09,41.538981,-71.568672,0.0
2012-08-10,41.538981,-71.568672,13.272593594409575
2012-08-11,41.538981,-71.568672,2.0653749211329946
2012-08-12,41.538981,-71.568672,7.50209272282583
2012-08-13,41.538981,-71.568672,0.13194626286552957
2012-08-14,41.538981,-71.568672,0.015161804305159964
2012-08-15,41.538981,-71.568672,7.91432874627182
2012-08-16,41.538981,-71.568672,28.88388695585618
2012-08-17,41.538981,-71.568672,0.0
2012-08-18,41.538981,-71.568672,12.490321896675203
2012-08-19,41.538981,-71.568672,0.22563828467532646
2012-08-20,41.538981,-71.568672,5.60789496710906
2012-08-21,41.538981,-71.568672,1.5701515598076594
2012-08-22,41.538981,-71.568672,0.6956381299755031
2012-08-23,41.538981,-71.568672,0.01209847936989275
2012-08-24,41.538981,-71.568672,0.7884060575479817
2012-08-25,41.538981,-71.568672,1.0220354396389568
2012-08-26,41.538981,-71.568672,0.09602434363609763
2012-08-27,41.538981,-71.568672,0.004032826567915737
2012-08-28,41.538981,-71.568672,4.730708797249474
2012-08-29,41.538981,-71.568672,0.0
2012-08-30,41.538981,-71.568672,0.0
2012-08-31,41.538981,-71.568672,0.0
2012-09-01,41.538981,-71.568672,0.4686379395084257
2012-09-02,41.538981,-71.568672,0.0
2012-09-03,41.538981,-71.568672,0.0
2012-09-04,41.538981,-71.568672,17.594420797356555
2012-09-05,41.538981,-71.568672,20.461682767884383
2012-09-06,41.538981,-71.568672,0.3939292409908328
2012-09-07,41.538981,-71.568672,0.0
2012-09-08,41.538981,-71.568672,0.004480918334605384
2012-09-09,41.538981,-71.568672,5.063186685543099
2012-09-10,41.538981,-71.568672,0.0
2012-09-11,41.538981,-71.568672,0.0
2012-09-12,41.538981,-71.568672,0.0
2012-09-13,41.538981,-71.568672,0.0
2012-09-14,41.538981,-71.568672,0.0
2012-09-15,41.538981,-71.568672,1.116162553572682
2012-09-16,41.538981,-71.568672,0.0
2012-09-17,41.538981,-71.568672,0.0
2012-09-18,41.538981,-71.568672,2.7328867627450615
2012-09-19,41.538981,-71.568672,31.556268855814462
2012-09-20,41.538981,-71.568672,0.0
2012-09-21,41.538981,-71.568672,10.336178503342847
2012-09-22,41.538981,-71.568672,0.0
2012-09-23,41.538981,-71.568672,0.07482737515876667
2012-09-24,41.538981,-71.568672,0.0
2012-09-25,41.538981,-71.568672,0.0
2012-09-26,41.538981,-71.568672,0.08367663056751043
2012-09-27,41.538981,-71.568672,0.06593939594205167
2012-09-28,41.538981,-71.568672,15.438054616645893
2012-09-29,41.538981,-71.568672,12.74450913577561
2012-09-30,41.538981,-71.568672,11.54098336685658
2012-10-01,41.538981,-71.568672,0.004449049900556079
2012-10-02,41.538981,-71.568672,13.277225600830587
2012-10-03,41.538981,-71.568672,1.1482370574567127
2012-10-04,41.538981,-71.568672,1.937504995635391
2012-10-05,41.538981,-71.568672,1.1255149063927241
2012-10-06,41.538981,-71.568672,0.0916538512478974
2012-10-07,41.538981,-71.568672,9.098704862415639
2012-10-08,41.538981,-71.568672,1.9776727132937821
2012-10-09,41.538981,-71.568672,15.719467094198652
2012-10-10,41.538981,-71.568672,1.100134964511105
2012-10-11,41.538981,-71.568672,0.0
2012-10-12,41.538981,-71.568672,0.04223148261968068
2012-10-13,41.538981,-71.568672,0.004897141750709341
2012-10-14,41.538981,-71.568672,5.0658584624621055
2012-10-15,41.538981,-71.568672,0.3974988135688722
2012-10-16,41.538981,-71.568672,3.9192168940663485
2012-10-17,41.538981,-71.568672,0.01811515133352247
2012-10-18,41.538981,-71.568672,0.038896432035047133
2012-10-19,41.538981,-71.568672,2.771897137847581
2012-10-20,41.538981,-71.568672,19.028989308613433
2012-10-21,41.538981,-71.568672,0.0
2012-10-22,41.538981,-71.568672,0.0
2012-10-23,41.538981,-71.568672,0.21815265154352337
2012-10-24,41.538981,-71.568672,4.74162818014158
2012-10-25,41.538981,-71.568672,0.0
2012-10-26,41.538981,-71.568672,0.0
2012-10-27,41.538981,-71.568672,0.0
2012-10-28,41.538981,-71.568672,0.4962152484777376
2012-10-29,41.538981,-71.568672,3.2658619274849383
2012-10-30,41.538981,-71.568672,9.665909140911388
2012-10-31,41.538981,-71.568672,0.34415327723371747
2012-11-01,41.538981,-71.568672,0.35421122886247114
2012-11-02,41.538981,-71.568672,1.1684127534540738
2012-11-03,41.538981,-71.568672,0.05993150241175581
2012-11-04,41.538981,-71.568672,0.04342135414422716
2012-11-05,41.538981,-71.568672,0.0
2012-11-06,41.538981,-71.568672,0.004407599490991954
2012-11-07,41.538981,-71.568672,26.961889670458127
2012-11-08,41.538981,-71.568672,4.92953840711001
2012-11-09,41.538981,-71.568672,0.014120259916667745
2012-11-10,41.538981,-71.568672,0.11997285300475465
2012-11-11,41.538981,-71.568672,0.3492518654836355
2012-11-12,41.538981,-71.568672,0.0
2012-11-13,41.538981,-71.568672,1.2560409808052502
2012-11-14,41.538981,-71.568672,0.0
2012-11-15,41.538981,-71.568672,0.0
2012-11-16,41.538981,-71.568672,8.117492671161045
2012-11-17,41.538981,-71.568672,0.0029971255135154188
2012-11-18,41.538981,-71.568672,0.0
2012-11-19,41.538981,-71.568672,0.0035937104669936937
2012-11-20,41.538981,-71.568672,0.01716233671431286
2012-11-21,41.538981,-71.568672,0.08382394229391858
2012-11-22,41.538981,-71.568672,0.0
2012-11-23,41.538981,-71.568672,0.0
2012-11-24,41.538981,-71.568672,0.0638447158767425
2012-11-25,41.538981,-71.568672,0.09679809690740526
2012-11-26,41.538981,-71.568672,0.009977239244805085
2012-11-27,41.538981,-71.568672,0.9346479785770769
2012-11-28,41.538981,-71.568672,0.0370394133488486
2012-11-29,41.538981,-71.568672,0.005550949875926503
2012-11-30,41.538981,-71.568672,0.0016528499630556349
2012-12-01,41.538981,-71.568672,0.4218813728078965
2012-12-02,41.538981,-71.568672,0.29578724206787427
2012-12-03,41.538981,-71.568672,1.3946387077672142
2012-12-04,41.538981,-71.568672,0.2955801946750498
2012-12-05,41.538981,-71.568672,0.10214258657391334
2012-12-06,41.538981,-71.568672,0.0
2012-12-07,41.538981,-71.568672,1.5322206662865812
2012-12-08,41.538981,-71.568672,14.964674673927906
2012-12-09,41.538981,-71.568672,1.8681888216804305
2012-12-10,41.538981,-71.568672,19.2837068220163
2012-12-11,41.538981,-71.568672,0.6888111751859302
2012-12-12,41.538981,-71.568672,0.9633732245259811
2012-12-13,41.538981,-71.568672,0.052796359467419375
2012-12-14,41.538981,-71.568672,0.010830603273690339
2012-12-15,41.538981,-71.568672,0.0033224139888310272
2012-12-16,41.538981,-71.568672,0.24159162516182192
2012-12-17,41.538981,-71.568672,12.944825190130558
2012-12-18,41.538981,-71.568672,17.590376393874262
2012-12-19,41.538981,-71.568672,0.08744102634906607
2012-12-20,41.538981,-71.568672,0.019999999552965164
2012-12-21,41.538981,-71.568672,28.675773189521347
2012-12-22,41.538981,-71.568672,0.019913248095365998
2012-12-23,41.538981,-71.568672,0.05200252587132447
2012-12-24,41.538981,-71.568672,0.014177753198875995
2012-12-25,41.538981,-71.568672,2.0386689480018148
2012-12-26,41.538981,-71.568672,8.123928245210378
2012-12-27,41.538981,-71.568672,23.83546661857792
2012-12-28,41.538981,-71.568672,0.0
2012-12-29,41.538981,-71.568672,22.143572609869185
2012-12-30,41.538981,-71.568672,5.469715534064449
2012-12-31,41.538981,-71.568672,0.5028706779276311
2013-01-01,41.538981,-71.568672,0.7936518724760129
2013-01-02,41.538981,-71.568672,0.46398787531286456
2013-01-03,41.538981,-71.568672,1.256041681292045
2013-01-04,41.538981,-71.568672,0.0
2013-01-05,41.538981,-71.568672,0.0
2013-01-06,41.538981,-71.568672,3.506446034920923
2013-01-07,41.538981,-71.568672,0.025329125497426434
2013-01-08,41.538981,-71.568672,0.0
2013-01-09,41.538981,-71.568672,1.877517033258672
2013-01-10,41.538981,-71.568672,0.0
2013-01-11,41.538981,-71.568672,0.8223725396372565
2013-01-12,41.538981,-71.568672,7.342177485527894
2013-01-13,41.538981,-71.568672,1.6257115565620592
2013-01-14,41.538981,-71.568672,2.1338027121823755
2013-01-15,41.538981,-71.568672,10.896669881180344
2013-01-16,41.538981,-71.568672,26.14229337234707
2013-01-17,41.538981,-71.568672,1.6581403655578169
2013-01-18,41.538981,-71.568672,1.931415133120674
2013-01-19,41.538981,-71.568672,0.0005142906685009297
2013-01-20,41.538981,-71.568672,0.0009257232186287313
2013-01-21,41.538981,-71.568672,0.2532656342843315
2013-01-22,41.538981,-71.568672,0.3713035508322181
2013-01-23,41.538981,-71.568672,0.0
2013-01-24,41.538981,-71.568672,0.0
2013-01-25,41.538981,-71.568672,0.036172282849400994
2013-01-26,41.538981,-71.568672,0.046414310963042264
2013-01-27,41.538981,-71.568672,0.006743797398625933
2013-01-28,41.538981,-71.568672,1.9894378828166577
2013-01-29,41.538981,-71.568672,0.29207339148963135
2013-01-30,41.538981,-71.568672,3.20580898605714
2013-01-31,41.538981,-71.568672,11.07140087363357
2013-02-01,41.538981,-71.568672,0.0
2013-02-02,41.538981,-71.568672,0.0
2013-02-03,41.538981,-71.568672,0.0
2013-02-04,41.538981,-71.568672,0.0
2013-02-05,41.538981,-71.568672,0.2499198984255344
2013-02-06,41.538981,-71.568672,0.0
2013-02-07,41.538981,-71.568672,0.0
2013-02-08,41.538981,-71.568672,68.79657177900955
2013-02-09,41.538981,-71.568672,62.90367140296652
2013-02-10,41.538981,-71.568672,0.0
2013-02-11,41.538981,-71.568672,2.332789009973674
2013-02-12,41.538981,-71.568672,0.0066448279776620545
2013-02-13,41.538981,-71.568672,0.0
2013-02-14,41.538981,-71.568672,4.4532404968353445
2013-02-15,41.538981,-71.568672,0.0
2013-02-16,41.538981,-71.568672,0.01133269963701481
2013-02-17,41.538981,-71.568672,0.9456548809890143
2013-02-18,41.538981,-71.568672,0.0
2013-02-19,41.538981,-71.568672,1.0695808971397007
2013-02-20,41.538981,-71.568672,3.4202481010187418
2013-02-21,41.538981,-71.568672,0.0
2013-02-22,41.538981,-71.568672,0.0
2013-02-23,41.538981,-71.568672,0.09012156740573415
2013-02-24,41.538981,-71.568672,1.0176518444249825
2013-02-25,41.538981,-71.568672,0.008133076507003168
2013-02-26,41.538981,-71.568672,0.0
2013-02-27,41.538981,-71.568672,18.655286624595604
2013-02-28,41.538981,-71.568672,0.028083269012596147
2013-03-01,41.538981,-71.568672,0.001344275550459784
2013-03-02,41.538981,-71.568672,0.0
2013-03-03,41.538981,-71.568672,0.0
2013-03-04,41.538981,-71.568672,0.024707803933605353
2013-03-05,41.538981,-71.568672,0.0
2013-03-06,41.538981,-71.568672,0.04746488392621132
2013-03-07,41.538981,-71.568672,1.229670048930854
2013-03-08,41.538981,-71.568672,1.6767620669347352
2013-03-09,41.538981,-71.568672,0.21058246727809377
2013-03-10,41.538981,-71.568672,0.002688551100919568
2013-03-11,41.538981,-71.568672,0.4087693072990628
2013-03-12,41.538981,-71.568672,50.037070780729834
2013-03-13,41.538981,-71.568672,0.020385150262709872
2013-03-14,41.538981,-71.568672,0.0
2013-03-15,41.538981,-71.568672,0.02818967988726573
2013-03-16,41.538981,-71.568672,0.10018443934100513
2013-03-17,41.538981,-71.568672,0.09955076747889492
2013-03-18,41.538981,-71.568672,0.2622226791706854
2013-03-19,41.538981,-71.568672,5.0100667922020605
2013-03-20,41.538981,-71.568672,0.0
2013-03-21,41.538981,-71.568672,0.012508189173100603
2013-03-22,41.538981,-71.568672,0.001344275550459784
2013-03-23,41.538981,-71.568672,0.0
2013-03-24,41.538981,-71.568672,0.0
2013-03-25,41.538981,-71.568672,0.11533059346467311
2013-03-26,41.538981,-71.568672,0.03032528734062747
2013-03-27,41.538981,-71.568672,0.0243992295210095
2013-03-28,41.538981,-71.568672,0.02988816552614819
2013-03-29,41.538981,-71.568672,0.013347149701668238
2013-03-30,41.538981,-71.568672,0.0
2013-03-31,41.538981,-71.568672,1.039150128397868
2013-04-01,41.538981,-71.568672,1.0596365650381352
2013-04-02,41.538981,-71.568672,0.0
2013-04-03,41.538981,-71.568672,0.0
2013-04-04,41.538981,-71.568672,0.0
2013-04-05,41.538981,-71.568672,1.2035720530010487
2013-04-06,41.538981,-71.568672,0.0
2013-04-07,41.538981,-71.568672,0.00010285813753195034
2013-04-08,41.538981,-71.568672,0.00010285813753195034
2013-04-09,41.538981,-71.568672,0.6473468831574829
2013-04-10,41.538981,-71.568672,5.661998349329789
2013-04-11,41.538981,-71.568672,3.6092937800397027
2013-04-12,41.538981,-71.568672,9.483279615049753
2013-04-13,41.538981,-71.568672,0.04935035496006207
2013-04-14,41.538981,-71.568672,0.0
2013-04-15,41.538981,-71.568672,0.3030496660946158
2013-04-16,41.538981,-71.568672,0.03525456805706629
2013-04-17,41.538981,-71.568672,0.5753618073349593
2013-04-18,41.538981,-71.568672,0.0
2013-04-19,41.538981,-71.568672,0.0
2013-04-20,41.538981,-71.568672,15.055649555643946
2013-04-21,41.538981,-71.568672,0.0013815534848929684
2013-04-22,41.538981,-71.568672,0.13755717518928184
2013-04-23,41.538981,-71.568672,10.057237165162448
2013-04-24,41.538981,-71.568672,2.8969965474422663
2013-04-25,41.538981,-71.568672,0.33795443802262215
2013-04-26,41.538981,-71.568672,0.0
2013-04-27,41.538981,-71.568672,0.0018514464372574625
2013-04-28,41.538981,-71.568672,0.0036184464033483226
2013-04-29,41.538981,-71.568672,0.016573339114798597
2013-04-30,41.538981,-71.568672,0.11291914790789417
2013-05-01,41.538981,-71.568672,0.0
2013-05-02,41.538981,-71.568672,0.0
2013-05-03,41.538981,-71.568672,0.0
2013-05-04,41.538981,-71.568672,0.001447133687991734
2013-05-05,41.538981,-71.568672,0.0
2013-05-06,41.538981,-71.568672,0.0
2013-05-07,41.538981,-71.568672,0.0
2013-05-08,41.538981,-71.568672,0.19934592857606281
2013-05-09,41.538981,-71.568672,9.261566843213764
2013-05-10,41.538981,-71.568672,0.2788076502180219
2013-05-11,41.538981,-71.568672,18.865660333148497
2013-05-12,41.538981,-71.568672,15.080476254856261
2013-05-13,41.538981,-71.568672,0.01447378561339329
2013-05-14,41.538981,-71.568672,0.019194131318123857
2013-05-15,41.538981,-71.568672,2.4653536850770195
2013-05-16,41.538981,-71.568672,0.07692084082297174
2013-05-17,41.538981,-71.568672,0.0
2013-05-18,41.538981,-71.568672,0.35363735766840376
2013-05-19,41.538981,-71.568672,11.879929739446098
2013-05-20,41.538981,-71.568672,0.606329920934193
2013-05-21,41.538981,-71.568672,0.0288325834246744
2013-05-22,41.538981,-71.568672,0.03935305381273789
2013-05-23,41.538981,-71.568672,0.018310490270725246
2013-05-24,41.538981,-71.568672,24.905797936762184
2013-05-25,41.538981,-71.568672,2.8248801628845666
2013-05-26,41.538981,-71.568672,0.024212259439045435
2013-05-27,41.538981,-71.568672,0.0
2013-05-28,41.538981,-71.568672,1.696264650329763
2013-05-29,41.538981,-71.568672,6.298567438928586
2013-05-30,41.538981,-71.568672,3.7750645286755935
2013-05-31,41.538981,-71.568672,0.0
2013-06-01,41.538981,-71.568672,0.0
2013-06-02,41.538981,-71.568672,0.004304741706473278
2013-06-03,41.538981,-71.568672,28.750513680104426
2013-06-04,41.538981,-71.568672,0.16394929061758187
2013-06-05,41.538981,-71.568672,0.0
2013-06-06,41.538981,-71.568672,0.47167202970055533
2013-06-07,41.538981,-71.568672,66.40663051732977
2013-06-08,41.538981,-71.568672,6.4807766242778735
2013-06-09,41.538981,-71.568672,0.0
2013-06-10,41.538981,-71.568672,23.07921149330033
2013-06-11,41.538981,-71.568672,38.39628390328916
2013-06-12,41.538981,-71.568672,0.009409929437463778
2013-06-13,41.538981,-71.568672,9.387848771692084
2013-06-14,41.538981,-71.568672,13.132640601550653
2013-06-15,41.538981,-71.568672,0.0
2013-06-16,41.538981,-71.568672,1.5689488148761856
2013-06-17,41.538981,-71.568672,0.36591513887820776
2013-06-18,41.538981,-71.568672,7.77850179748449
2013-06-19,41.538981,-71.568672,14.606859887238054
2013-06-20,41.538981,-71.568672,0.0
2013-06-21,41.538981,-71.568672,0.0
2013-06-22,41.538981,-71.568672,0.0
2013-06-23,41.538981,-71.568672,0.0014104743688074526
2013-06-24,41.538981,-71.568672,0.11929499154936632
2013-06-25,41.538981,-71.568672,0.42440176548146324
2013-06-26,41.538981,-71.568672,3.534212897246323
2013-06-27,41.538981,-71.568672,1.1808951813570965
2013-06-28,41.538981,-71.568672,6.599909730711584
2013-06-29,41.538981,-71.568672,4.851292974457997
2013-06-30,41.538981,-71.568672,1.7841277375433036
2013-07-01,41.538981,-71.568672,3.532289964233346
2013-07-02,41.538981,-71.568672,4.164007003756646
2013-07-03,41.538981,-71.568672,1.0338792613839385
2013-07-04,41.538981,-71.568672,0.003408558082802042
2013-07-05,41.538981,-71.568672,0.0
2013-07-06,41.538981,-71.568672,0.0
2013-07-07,41.538981,-71.568672,0.003005482544875297
2013-07-08,41.538981,-71.568672,0.08643169734223834
2013-07-09,41.538981,-71.568672,8.356240465524785
2013-07-10,41.538981,-71.568672,0.0236213935707531
2013-07-11,41.538981,-71.568672,12.712979583538772
2013-07-12,41.538981,-71.568672,0.7894582912169859
2013-07-13,41.538981,-71.568672,1.6588602791590992
2013-07-14,41.538981,-71.568672,0.04828294205539963
2013-07-15,41.538981,-71.568672,0.009858020870298967
2013-07-16,41.538981,-71.568672,0.0
2013-07-17,41.538981,-71.568672,0.006534231617048733
2013-07-18,41.538981,-71.568672,0.001131439532010274
2013-07-19,41.538981,-71.568672,0.0018585662189607136
2013-07-20,41.538981,-71.568672,0.1535784597026005
2013-07-21,41.538981,-71.568672,2.9271376934652613
2013-07-22,41.538981,-71.568672,1.2514227834195086
2013-07-23,41.538981,-71.568672,4.284020512728272
2013-07-24,41.538981,-71.568672,1.4869055157646023
2013-07-25,41.538981,-71.568672,11.618660305394858
2013-07-26,41.538981,-71.568672,19.681348641476706
2013-07-27,41.538981,-71.568672,0.167221650680204
2013-07-28,41.538981,-71.568672,2.145860005135165
2013-07-29,41.538981,-71.568672,1.094068397389936
2013-07-30,41.538981,-71.568672,0.0
2013-07-31,41.538981,-71.568672,0.0035847348012260903
2013-08-01,41.538981,-71.568672,3.118025973770066
2013-08-02,41.538981,-71.568672,9.091567629753417
2013-08-03,41.538981,-71.568672,6.477682588280091
2013-08-04,41.538981,-71.568672,0.04884201425407748
2013-08-05,41.538981,-71.568672,0.08121366493586184
2013-08-06,41.538981,-71.568672,0.0054108138039613675
2013-08-07,41.538981,-71.568672,0.0
2013-08-08,41.538981,-71.568672,1.3123178403405271
2013-08-09,41.538981,-71.568672,16.665645578537145
2013-08-10,41.538981,-71.568672,0.23709195404360955
2013-08-11,41.538981,-71.568672,0.0
2013-08-12,41.538981,-71.568672,0.16137463270175062
2013-08-13,41.538981,-71.568672,15.14190452079595
2013-08-14,41.538981,-71.568672,0.13145676235871712
2013-08-15,41.538981,-71.568672,0.0
2013-08-16,41.538981,-71.568672,0.0
2013-08-17,41.538981,-71.568672,0.10648647036699224
2013-08-18,41.538981,-71.568672,4.454958012048905
2013-08-19,41.538981,-71.568672,2.186794059287587
2013-08-20,41.538981,-71.568672,1.368410655267704
2013-08-21,41.538981,-71.568672,0.0
2013-08-22,41.538981,-71.568672,7.321300929293769
2013-08-23,41.538981,-71.568672,0.3411002257672259
2013-08-24,41.538981,-71.568672,0.02336402512696373
2013-08-25,41.538981,-71.568672,0.0
2013-08-26,41.538981,-71.568672,2.525687092713391
2013-08-27,41.538981,-71.568672,30.679442032028803
2013-08-28,41.538981,-71.568672,0.0
2013-08-29,41.538981,-71.568672,0.09365359567609739
2013-08-30,41.538981,-71.568672,0.021195163115301365
2013-08-31,41.538981,-71.568672,0.6239054149462129
2013-09-01,41.538981,-71.568672,13.372666599540896
2013-09-02,41.538981,-71.568672,11.195553812779178
2013-09-03,41.538981,-71.568672,28.399368469346104
2013-09-04,41.538981,-71.568672,0.7975331373668765
2013-09-05,41.538981,-71.568672,0.5635788055416155
2013-09-06,41.538981,-71.568672,0.0701690197964934
2013-09-07,41.538981,-71.568672,0.0
2013-09-08,41.538981,-71.568672,0.7615702963789068
2013-09-09,41.538981,-71.568672,2.108864393278991
2013-09-10,41.538981,-71.568672,0.6589529036420627
2013-09-11,41.538981,-71.568672,0.0036184464033483226
2013-09-12,41.538981,-71.568672,0.004415338298433847
2013-09-13,41.538981,-71.568672,5.700949160195075
2013-09-14,41.538981,-71.568672,0.0
2013-09-15,41.538981,-71.568672,0.009844103588642381
2013-09-16,41.538981,-71.568672,2.1811513608656368
2013-09-17,41.538981,-71.568672,0.0
2013-09-18,41.538981,-71.568672,0.0
2013-09-19,41.538981,-71.568672,0.0
2013-09-20,41.538981,-71.568672,0.0
2013-09-21,41.538981,-71.568672,0.0
2013-09-22,41.538981,-71.568672,14.678160743570926
2013-09-23,41.538981,-71.568672,0.0
2013-09-24,41.538981,-71.568672,0.0
2013-09-25,41.538981,-71.568672,0.03256601695614673
2013-09-26,41.538981,-71.568672,0.0
2013-09-27,41.538981,-71.568672,0.0
2013-09-28,41.538981,-71.568672,0.0
2013-09-29,41.538981,-71.568672,0.0
2013-09-30,41.538981,-71.568672,0.0
2013-10-01,41.538981,-71.568672,0.0
2013-10-02,41.538981,-71.568672,0.0
2013-10-03,41.538981,-71.568672,0.0
2013-10-04,41.538981,-71.568672,0.012964638054613743
2013-10-05,41.538981,-71.568672,6.174754282191627
2013-10-06,41.538981,-71.568672,1.401818956572063
2013-10-07,41.538981,-71.568672,0.0
2013-10-08,41.538981,-71.568672,0.3293506185043247
2013-10-09,41.538981,-71.568672,0.0
2013-10-10,41.538981,-71.568672,1.6189488741353888
2013-10-11,41.538981,-71.568672,0.182123030244295
2013-10-12,41.538981,-71.568672,0.6555701628865694
2013-10-13,41.538981,-71.568672,0.0
2013-10-14,41.538981,-71.568672,0.001307616250434324
2013-10-15,41.538981,-71.568672,0.0
2013-10-16,41.538981,-71.568672,0.9692635806013855
2013-10-17,41.538981,-71.568672,0.02346933354459257
2013-10-18,41.538981,-71.568672,0.002579192356863262
2013-10-19,41.538981,-71.568672,0.46372459194895516
2013-10-20,41.538981,-71.568672,2.3395919818592867
2013-10-21,41.538981,-71.568672,0.0
2013-10-22,41.538981,-71.568672,0.0
2013-10-23,41.538981,-71.568672,3.0901518350629185
2013-10-24,41.538981,-71.568672,0.067394912976314
2013-10-25,41.538981,-71.568672,0.00010285813753195034
2013-10-26,41.538981,-71.568672,0.0
2013-10-27,41.538981,-71.568672,0.06896819863978171
2013-10-28,41.538981,-71.568672,0.016134992607808804
2013-10-29,41.538981,-71.568672,0.006273286069072887
2013-10-30,41.538981,-71.568672,1.7207984561698706
2013-10-31,41.538981,-71.568672,1.0117695527774975
2013-11-01,41.538981,-71.568672,6.9127062759846005
2013-11-02,41.538981,-71.568672,0.09598665244049462
2013-11-03,41.538981,-71.568672,5.55439721330438
2013-11-04,41.538981,-71.568672,0.0
2013-11-05,41.538981,-71.568672,0.012955058761944036
2013-11-06,41.538981,-71.568672,0.1399705982246724
2013-11-07,41.538981,-71.568672,23.99997146983804
2013-11-08,41.538981,-71.568672,0.0
2013-11-09,41.538981,-71.568672,0.49306774725793523
2013-11-10,41.538981,-71.568672,0.20690895767802733
2013-11-11,41.538981,-71.568672,0.0603694700822106
2013-11-12,41.538981,-71.568672,5.868552762509471
2013-11-13,41.538981,-71.568672,0.3614478008936426
2013-11-14,41.538981,-71.568672,0.0035937104669936937
2013-11-15,41.538981,-71.568672,0.017784156318182212
2013-11-16,41.538981,-71.568672,0.15136745750583622
2013-11-17,41.538981,-71.568672,0.27924686782443064
2013-11-18,41.538981,-71.568672,7.537594962689154
2013-11-19,41.538981,-71.568672,0.0
2013-11-20,41.538981,-71.568672,0.0
2013-11-21,41.538981,-71.568672,0.004407599901481693
2013-11-22,41.538981,-71.568672,2.563392124326411
2013-11-23,41.538981,-71.568672,1.0102172286992035
2013-11-24,41.538981,-71.568672,0.022533543520345537
2013-11-25,41.538981,-71.568672,0.0
2013-11-26,41.538981,-71.568672,8.23385732211984
2013-11-27,41.538981,-71.568672,57.53817949620154
2013-11-28,41.538981,-71.568672,0.812274921623011
2013-11-29,41.538981,-71.568672,0.033085477643581496
2013-11-30,41.538981,-71.568672,0.0002057162750639007
2013-12-01,41.538981,-71.568672,0.4419785826816566
2013-12-02,41.538981,-71.568672,0.011062778816274122
2013-12-03,41.538981,-71.568672,0.010607566869721972
2013-12-04,41.538981,-71.568672,0.06364413427145496
2013-12-05,41.538981,-71.568672,0.5305955972666474
2013-12-06,41.538981,-71.568672,14.167028403813045
2013-12-07,41.538981,-71.568672,19.937948973747915
2013-12-08,41.538981,-71.568672,0.01571275385636829
2013-12-09,41.538981,-71.568672,0.35229763549441
2013-12-10,41.538981,-71.568672,7.745274254187364
2013-12-11,41.538981,-71.568672,0.046151704651999956
2013-12-12,41.538981,-71.568672,0.0
2013-12-13,41.538981,-71.568672,0.04066538102011225
2013-12-14,41.538981,-71.568672,0.1905823259400416
2013-12-15,41.538981,-71.568672,11.408739517321077
2013-12-16,41.538981,-71.568672,0.08310859874331586
2013-12-17,41.538981,-71.568672,0.5905430793151423
2013-12-18,41.538981,-71.568672,0.5540203686734652
2013-12-19,41.538981,-71.568672,0.43561117900923985
2013-12-20,41.538981,-71.568672,1.1394348807269858
2013-12-21,41.538981,-71.568672,0.8886894584081202
2013-12-22,41.538981,-71.568672,2.1290310612114838
2013-12-23,41.538981,-71.568672,30.23044389157819
2013-12-24,41.538981,-71.568672,4.4705785406259215
2013-12-25,41.538981,-71.568672,0.732947302980863
2013-12-26,41.538981,-71.568672,0.02167034637286381
2013-12-27,41.538981,-71.568672,0.0
2013-12-28,41.538981,-71.568672,0.0768835642365149
2013-12-29,41.538981,-71.568672,27.403195101034484
2013-12-30,41.538981,-71.568672,0.12437997476963997
2013-12-31,41.538981,-71.568672,0.0
2014-01-01,41.538981,-71.568672,0.16326610171518946
2014-01-02,41.538981,-71.568672,0.233160639970001
2014-01-03,41.538981,-71.568672,4.468482894163921
2014-01-04,41.538981,-71.568672,0.1266456247911795
2014-01-05,41.538981,-71.568672,0.21032640631900593
2014-01-06,41.538981,-71.568672,5.568718873534932
2014-01-07,41.538981,-71.568672,0.3011593803846501
2014-01-08,41.538981,-71.568672,0.0
2014-01-09,41.538981,-71.568672,0.01893540351759742
2014-01-10,41.538981,-71.568672,0.14580368168495325
2014-01-11,41.538981,-71.568672,18.16561381245181
2014-01-12,41.538981,-71.568672,16.77173321204475
2014-01-13,41.538981,-71.568672,0.0
2014-01-14,41.538981,-71.568672,57.479334242922114
2014-01-15,41.538981,-71.568672,2.2302262908852835
2014-01-16,41.538981,-71.568672,1.933680996210777
2014-01-17,41.538981,-71.568672,0.0071694696024521805
2014-01-18,41.538981,-71.568672,1.9402328038814904
2014-01-19,41.538981,-71.568672,0.05675569305700056
2014-01-20,41.538981,-71.568672,0.004327161519727526
2014-01-21,41.538981,-71.568672,0.0713761187707676
2014-01-22,41.538981,-71.568672,0.033355171128268274
2014-01-23,41.538981,-71.568672,0.0
2014-01-24,41.538981,-71.568672,0.0
2014-01-25,41.538981,-71.568672,0.48106202227831574
2014-01-26,41.538981,-71.568672,0.14872903467948306
2014-01-27,41.538981,-71.568672,0.7581441933554318
2014-01-28,41.538981,-71.568672,0.17467993484056338
2014-01-29,41.538981,-71.568672,0.16059379608526847
2014-01-30,41.538981,-71.568672,0.0
2014-01-31,41.538981,-71.568672,7.020882719563181
2014-02-01,41.538981,-71.568672,0.07844157546154218
2014-02-02,41.538981,-71.568672,0.03138813001083647
2014-02-03,41.538981,-71.568672,18.06847550575225
2014-02-04,41.538981,-71.568672,0.0
2014-02-05,41.538981,-71.568672,35.04348831353682
2014-02-06,41.538981,-71.568672,0.11860814769596184
2014-02-07,41.538981,-71.568672,0.017442674524346613
2014-02-08,41.538981,-71.568672,0.0
2014-02-09,41.538981,-71.568672,0.37677981288402695
2014-02-10,41.538981,-71.568672,2.140012361613804
2014-02-11,41.538981,-71.568672,0.0
2014-02-12,41.538981,-71.568672,0.0
2014-02-13,41.538981,-71.568672,37.25932796625199
2014-02-14,41.538981,-71.568672,14.315920089711526
2014-02-15,41.538981,-71.568672,6.936446687022267
2014-02-16,41.538981,-71.568672,2.0381688177669046
2014-02-17,41.538981,-71.568672,0.0
2014-02-18,41.538981,-71.568672,0.17473969706506848
2014-02-19,41.538981,-71.568672,4.763598432363938
2014-02-20,41.538981,-71.568672,0.9956759727141118
2014-02-21,41.538981,-71.568672,20.02141660979835
2014-02-22,41.538981,-71.568672,0.18229146562419724
2014-02-23,41.538981,-71.568672,0.0
2014-02-24,41.538981,-71.568672,0.10414590579251035
2014-02-25,41.538981,-71.568672,0.0
2014-02-26,41.538981,-71.568672,0.0002057162750639007
2014-02-27,41.538981,-71.568672,0.0
2014-02-28,41.538981,-71.568672,0.0
2014-03-01,41.538981,-71.568672,0.0
2014-03-02,41.538981,-71.568672,0.090277878107077
2014-03-03,41.538981,-71.568672,1.3745571693391656
2014-03-04,41.538981,-71.568672,0.0
2014-03-05,41.538981,-71.568672,0.0
2014-03-06,41.538981,-71.568672,0.0
2014-03-07,41.538981,-71.568672,0.00910381607617606
2014-03-08,41.538981,-71.568672,0.05083745315760453
2014-03-09,41.538981,-71.568672,0.35757684638303855
2014-03-10,41.538981,-71.568672,2.1207929991488514
2014-03-11,41.538981,-71.568672,0.007852817033918349
2014-03-12,41.538981,-71.568672,7.745632378402853
2014-03-13,41.538981,-71.568672,3.4615124424570425
2014-03-14,41.538981,-71.568672,0.0
2014-03-15,41.538981,-71.568672,2.4122299732906614
2014-03-16,41.538981,-71.568672,0.005825193968528782
2014-03-17,41.538981,-71.568672,0.8586658927070868
2014-03-18,41.538981,-71.568672,0.0
2014-03-19,41.538981,-71.568672,0.0
2014-03-20,41.538981,-71.568672,4.2674511929590455
2014-03-21,41.538981,-71.568672,0.0
2014-03-22,41.538981,-71.568672,0.018092231342753437
2014-03-23,41.538981,-71.568672,0.12397141136568812
2014-03-24,41.538981,-71.568672,0.44490500000000965
2014-03-25,41.538981,-71.568672,4.177469744783087
2014-03-26,41.538981,-71.568672,5.838790480139649
2014-03-27,41.538981,-71.568672,0.0
2014-03-28,41.538981,-71.568672,1.3139247129399907
2014-03-29,41.538981,-71.568672,34.983250415520644
2014-03-30,41.538981,-71.568672,87.66436240191817
2014-03-31,41.538981,-71.568672,0.13122312480142476
2014-04-01,41.538981,-71.568672,0.00010285813753195034
2014-04-02,41.538981,-71.568672,1.9996020359671272
2014-04-03,41.538981,-71.568672,0.0
2014-04-04,41.538981,-71.568672,0.7079420320873099
2014-04-05,41.538981,-71.568672,3.6799036058755936
2014-04-06,41.538981,-71.568672,0.0
2014-04-07,41.538981,-71.568672,2.5497462363117362
2014-04-08,41.538981,-71.568672,17.723536283593415
2014-04-09,41.538981,-71.568672,0.013095798377347662
2014-04-10,41.538981,-71.568672,0.0
2014-04-11,41.538981,-71.568672,0.7091490030078534
2014-04-12,41.538981,-71.568672,0.5138237429642243
2014-04-13,41.538981,-71.568672,0.34076354031113854
2014-04-14,41.538981,-71.568672,0.0565908220320929
2014-04-15,41.538981,-71.568672,19.761022969513526
2014-04-16,41.538981,-71.568672,29.765902013063183
2014-04-17,41.538981,-71.568672,0.0
2014-04-18,41.538981,-71.568672,0.0008961837003065226
2014-04-19,41.538981,-71.568672,0.06045491278221245
2014-04-20,41.538981,-71.568672,0.0
2014-04-21,41.538981,-71.568672,0.0
2014-04-22,41.538981,-71.568672,0.09390443112092334
2014-04-23,41.538981,-71.568672,5.128762639275572
2014-04-24,41.538981,-71.568672,0.0
2014-04-25,41.538981,-71.568672,0.010369981989074116
2014-04-26,41.538981,-71.568672,8.860646637446767
2014-04-27,41.538981,-71.568672,0.0021677591112523285
2014-04-28,41.538981,-71.568672,0.0
2014-04-29,41.538981,-71.568672,0.1243404326745687
2014-04-30,41.538981,-71.568672,49.41990603587521
2014-05-01,41.538981,-71.568672,29.3129669484607
2014-05-02,41.538981,-71.568672,0.04030096786534748
2014-05-03,41.538981,-71.568672,0.0
2014-05-04,41.538981,-71.568672,0.0
2014-05-05,41.538981,-71.568672,0.0
2014-05-06,41.538981,-71.568672,0.00348311422277469
2014-05-07,41.538981,-71.568672,0.8614062345329757
2014-05-08,41.538981,-71.568672,0.15216067005459066
2014-05-09,41.538981,-71.568672,0.32642750866833353
2014-05-10,41.538981,-71.568672,1.3903818433236839
2014-05-11,41.538981,-71.568672,5.414809286321397
2014-05-12,41.538981,-71.568672,0.0
2014-05-13,41.538981,-71.568672,0.21130111719334518
2014-05-14,41.538981,-71.568672,0.17754240486365905
2014-05-15,41.538981,-71.568672,0.0
2014-05-16,41.538981,-71.568672,0.1341322362235293
2014-05-17,41.538981,-71.568672,17.990834913397528
2014-05-18,41.538981,-71.568672,0.0
2014-05-19,41.538981,-71.568672,0.0
2014-05-20,41.538981,-71.568672,0.7067209826611792
2014-05-21,41.538981,-71.568672,0.0
2014-05-22,41.538981,-71.568672,13.044141101600376
2014-05-23,41.538981,-71.568672,0.004897141750709341
2014-05-24,41.538981,-71.568672,0.09849309622551186
2014-05-25,41.538981,-71.568672,0.23844070712446555
2014-05-26,41.538981,-71.568672,2.8514912581395695
2014-05-27,41.538981,-71.568672,0.6788684864420027
2014-05-28,41.538981,-71.568672,2.514521182111313
2014-05-29,41.538981,-71.568672,0.0
2014-05-30,41.538981,-71.568672,0.00902926020730969
2014-05-31,41.538981,-71.568672,3.3390575302392476
2014-06-01,41.538981,-71.568672,0.0
2014-06-02,41.538981,-71.568672,0.0
2014-06-03,41.538981,-71.568672,0.0
2014-06-04,41.538981,-71.568672,0.2793372524166181
2014-06-05,41.538981,-71.568672,5.2566285191786815
2014-06-06,41.538981,-71.568672,0.0
2014-06-07,41.538981,-71.568672,0.001969781407011364
2014-06-08,41.538981,-71.568672,0.0
2014-06-09,41.538981,-71.568672,8.479635888975642
2014-06-10,41.538981,-71.568672,3.546423956974505
2014-06-11,41.538981,-71.568672,1.6162562051775649
2014-06-12,41.538981,-71.568672,0.8986799741227403
2014-06-13,41.538981,-71.568672,8.681031918343706
2014-06-14,41.538981,-71.568672,0.5919205554507123
2014-06-15,41.538981,-71.568672,0.0
2014-06-16,41.538981,-71.568672,0.0
2014-06-17,41.538981,-71.568672,0.008478928854032203
2014-06-18,41.538981,-71.568672,0.03527965340119976
2014-06-19,41.538981,-71.568672,7.9219412418695905
2014-06-20,41.538981,-71.568672,0.0
2014-06-21,41.538981,-71.568672,0.0
2014-06-22,41.538981,-71.568672,0.0
2014-06-23,41.538981,-71.568672,0.0
2014-06-24,41.538981,-71.568672,0.06745000902222344
2014-06-25,41.538981,-71.568672,0.38908206359726016
2014-06-26,41.538981,-71.568672,7.354034151843619
2014-06-27,41.538981,-71.568672,0.0
2014-06-28,41.538981,-71.568672,0.0
2014-06-29,41.538981,-71.568672,0.025846858822646437
2014-06-30,41.538981,-71.568672,0.0
2014-07-01,41.538981,-71.568672,0.0
2014-07-02,41.538981,-71.568672,0.05398398035130772
2014-07-03,41.538981,-71.568672,0.0004480918501532613
2014-07-04,41.538981,-71.568672,61.210294661967076
2014-07-05,41.538981,-71.568672,3.902481666510866
2014-07-06,41.538981,-71.568672,0.0
2014-07-07,41.538981,-71.568672,0.08559172440774991
2014-07-08,41.538981,-71.568672,0.09046116210567262
2014-07-09,41.538981,-71.568672,0.10862315631978574
2014-07-10,41.538981,-71.568672,5.908837222548258
2014-07-11,41.538981,-71.568672,7.164679936653171
2014-07-12,41.538981,-71.568672,0.0
2014-07-13,41.538981,-71.568672,0.03423916102585186
2014-07-14,41.538981,-71.568672,3.0058501755162377
2014-07-15,41.538981,-71.568672,4.05800991250614
2014-07-16,41.538981,-71.568672,19.94162591819211
2014-07-17,41.538981,-71.568672,2.7910387253107425
2014-07-18,41.538981,-71.568672,0.0
2014-07-19,41.538981,-71.568672,2.721405721187551
2014-07-20,41.538981,-71.568672,2.147245104441132
2014-07-21,41.538981,-71.568672,0.0
2014-07-22,41.538981,-71.568672,0.0
2014-07-23,41.538981,-71.568672,0.0008961837003065226
2014-07-24,41.538981,-71.568672,1.0736474856939036
2014-07-25,41.538981,-71.568672,0.0034753760571697833
2014-07-26,41.538981,-71.568672,2.7564861304252175
2014-07-27,41.538981,-71.568672,1.2718496291141466
2014-07-28,41.538981,-71.568672,3.713722198987837
2014-07-29,41.538981,-71.568672,0.0
2014-07-30,41.538981,-71.568672,0.0
2014-07-31,41.538981,-71.568672,0.0
2014-08-01,41.538981,-71.568672,0.7372796705824671
2014-08-02,41.538981,-71.568672,44.503927849209205
2014-08-03,41.538981,-71.568672,3.8970316327847545
2014-08-04,41.538981,-71.568672,0.1725697931929462
2014-08-05,41.538981,-71.568672,0.0
2014-08-06,41.538981,-71.568672,0.0570070445360331
2014-08-07,41.538981,-71.568672,0.6163194612873752
2014-08-08,41.538981,-71.568672,0.0
2014-08-09,41.538981,-71.568672,0.0
2014-08-10,41.538981,-71.568672,0.0
2014-08-11,41.538981,-71.568672,0.0
2014-08-12,41.538981,-71.568672,1.5338720463326383
2014-08-13,41.538981,-71.568672,26.59210055982225
2014-08-14,41.538981,-71.568672,0.0
2014-08-15,41.538981,-71.568672,0.0
2014-08-16,41.538981,-71.568672,1.7953371480318643
2014-08-17,41.538981,-71.568672,1.675388726220772
2014-08-18,41.538981,-71.568672,0.0
2014-08-19,41.538981,-71.568672,0.0
2014-08-20,41.538981,-71.568672,0.0
2014-08-21,41.538981,-71.568672,1.2732192835504685
2014-08-22,41.538981,-71.568672,1.9530378336046774
2014-08-23,41.538981,-71.568672,0.5165584185778089
2014-08-24,41.538981,-71.568672,0.0
2014-08-25,41.538981,-71.568672,0.0
2014-08-26,41.538981,-71.568672,0.0
2014-08-27,41.538981,-71.568672,0.0
2014-08-28,41.538981,-71.568672,0.0
2014-08-29,41.538981,-71.568672,0.0
2014-08-30,41.538981,-71.568672,0.0
2014-08-31,41.538981,-71.568672,3.4066243219483914
2014-09-01,41.538981,-71.568672,3.6318571459411664
2014-09-02,41.538981,-71.568672,0.01364614443565041
2014-09-03,41.538981,-71.568672,0.0
2014-09-04,41.538981,-71.568672,0.0
2014-09-05,41.538981,-71.568672,0.0
2014-09-06,41.538981,-71.568672,0.024058180120277512
2014-09-07,41.538981,-71.568672,1.4445046359432954
2014-09-08,41.538981,-71.568672,0.021118613591055345
2014-09-09,41.538981,-71.568672,1.264222110969209
2014-09-10,41.538981,-71.568672,0.0
2014-09-11,41.538981,-71.568672,0.04012340619113369
2014-09-12,41.538981,-71.568672,0.0
2014-09-13,41.538981,-71.568672,4.035745065929726
2014-09-14,41.538981,-71.568672,0.4786783995186967
2014-09-15,41.538981,-71.568672,0.0
2014-09-16,41.538981,-71.568672,0.12109475609970055
2014-09-17,41.538981,-71.568672,0.0
2014-09-18,41.538981,-71.568672,0.0
2014-09-19,41.538981,-71.568672,0.0
2014-09-20,41.538981,-71.568672,0.0
2014-09-21,41.538981,-71.568672,1.8790708392769062
2014-09-22,41.538981,-71.568672,0.13892516419985765
2014-09-23,41.538981,-71.568672,0.0
2014-09-24,41.538981,-71.568672,0.0005509499876852116
2014-09-25,41.538981,-71.568672,7.6325738044598985
2014-09-26,41.538981,-71.568672,6.04094696083353
2014-09-27,41.538981,-71.568672,0.0
2014-09-28,41.538981,-71.568672,0.0
2014-09-29,41.538981,-71.568672,1.3801264602348509
2014-09-30,41.538981,-71.568672,6.651303051247426
2014-10-01,41.538981,-71.568672,22.240126122914262
2014-10-02,41.538981,-71.568672,0.8990312582453039
2014-10-03,41.538981,-71.568672,0.0
2014-10-04,41.538981,-71.568672,2.9891311744289175
2014-10-05,41.538981,-71.568672,0.0
2014-10-06,41.538981,-71.568672,0.0
2014-10-07,41.538981,-71.568672,0.037574720587574016
2014-10-08,41.538981,-71.568672,4.568872668252067
2014-10-09,41.538981,-71.568672,0.0
2014-10-10,41.538981,-71.568672,0.10519454959082919
2014-10-11,41.538981,-71.568672,16.176736048733385
2014-10-12,41.538981,-71.568672,0.0
2014-10-13,41.538981,-71.568672,0.0
2014-10-14,41.538981,-71.568672,0.0
2014-10-15,41.538981,-71.568672,0.0
2014-10-16,41.538981,-71.568672,27.37471815748525
2014-10-17,41.538981,-71.568672,5.621471516851322
2014-10-18,41.538981,-71.568672,0.0
2014-10-19,41.538981,-71.568672,0.001344275550459784
2014-10-20,41.538981,-71.568672,0.0
2014-10-21,41.538981,-71.568672,0.11597494865105257
2014-10-22,41.538981,-71.568672,22.0811360416283
2014-10-23,41.538981,-71.568672,10.549408785574034
2014-10-24,41.538981,-71.568672,0.23183365274961756
2014-10-25,41.538981,-71.568672,0.12653063564109093
2014-10-26,41.538981,-71.568672,0.011953067139933011
2014-10-27,41.538981,-71.568672,0.0
2014-10-28,41.538981,-71.568672,0.0016457302005112055
2014-10-29,41.538981,-71.568672,2.271180244616377
2014-10-30,41.538981,-71.568672,0.7372227419595475
2014-10-31,41.538981,-71.568672,0.08388076744956859
2014-11-01,41.538981,-71.568672,16.170964600344504
2014-11-02,41.538981,-71.568672,8.707818458054915
2014-11-03,41.538981,-71.568672,0.0
2014-11-04,41.538981,-71.568672,0.002688551100919568
2014-11-05,41.538981,-71.568672,0.053204569897969525
2014-11-06,41.538981,-71.568672,16.002137258376173
2014-11-07,41.538981,-71.568672,10.17981685930346
2014-11-08,41.538981,-71.568672,0.0008961837003065226
2014-11-09,41.538981,-71.568672,0.15180229353518698
2014-11-10,41.538981,-71.568672,0.0
2014-11-11,41.538981,-71.568672,0.0017923674006130451
2014-11-12,41.538981,-71.568672,0.018627269947109323
2014-11-13,41.538981,-71.568672,0.018092231342753437
2014-11-14,41.538981,-71.568672,5.849919569015885
2014-11-15,41.538981,-71.568672,0.0
2014-11-16,41.538981,-71.568672,0.04905675056760746
2014-11-17,41.538981,-71.568672,31.436226837623327
2014-11-18,41.538981,-71.568672,1.072444663008057
2014-11-19,41.538981,-71.568672,0.018092231342753437
2014-11-20,41.538981,-71.568672,0.012716854494044085
2014-11-21,41.538981,-71.568672,0.0
2014-11-22,41.538981,-71.568672,0.0
2014-11-23,41.538981,-71.568672,0.4677803280429219
2014-11-24,41.538981,-71.568672,15.069396513723193
2014-11-25,41.538981,-71.568672,2.6600201213767
2014-11-26,41.538981,-71.568672,46.65505717759689
2014-11-27,41.538981,-71.568672,3.21023599457204
2014-11-28,41.538981,-71.568672,0.0
2014-11-29,41.538981,-71.568672,0.0
2014-11-30,41.538981,-71.568672,0.12581861298524594
2014-12-01,41.538981,-71.568672,0.553376324728706
2014-12-02,41.538981,-71.568672,2.6342499292081447
2014-12-03,41.538981,-71.568672,2.3464786003021167
2014-12-04,41.538981,-71.568672,0.0
2014-12-05,41.538981,-71.568672,0.04616776082655264
2014-12-06,41.538981,-71.568672,16.664715269295403
2014-12-07,41.538981,-71.568672,24.348887672751985
2014-12-08,41.538981,-71.568672,0.014675329676047585
2014-12-09,41.538981,-71.568672,78.42103264163187
2014-12-10,41.538981,-71.568672,1.310566347314141
2014-12-11,41.538981,-71.568672,0.21230152272901628
2014-12-12,41.538981,-71.568672,0.005395053533374342
2014-12-13,41.538981,-71.568672,0.0
2014-12-14,41.538981,-71.568672,0.0
2014-12-15,41.538981,-71.568672,0.0
2014-12-16,41.538981,-71.568672,0.006273286069072887
2014-12-17,41.538981,-71.568672,7.928289699692018
2014-12-18,41.538981,-71.568672,0.25984043246473404
2014-12-19,41.538981,-71.568672,0.0
2014-12-20,41.538981,-71.568672,0.0
2014-12-21,41.538981,-71.568672,0.011792985908738849
2014-12-22,41.538981,-71.568672,0.0
2014-12-23,41.538981,-71.568672,3.3671642137884814
2014-12-24,41.538981,-71.568672,16.011564632684063
2014-12-25,41.538981,-71.568672,22.555823673670634
2014-12-26,41.538981,-71.568672,0.002240459167302692
2014-12-27,41.538981,-71.568672,0.0
2014-12-28,41.538981,-71.568672,4.147655360276764
2014-12-29,41.538981,-71.568672,1.105103289689162
2014-12-30,41.538981,-71.568672,0.0004480918501532613
2014-12-31,41.538981,-71.568672,0.0
2015-01-01,41.538981,-71.568672,0.0
2015-01-02,41.538981,-71.568672,0.0
2015-01-03,41.538981,-71.568672,2.3956210415883588
2015-01-04,41.538981,-71.568672,24.68661397023418
2015-01-05,41.538981,-71.568672,4.820367909748411
2015-01-06,41.538981,-71.568672,0.012622175258383522
2015-01-07,41.538981,-71.568672,0.0
2015-01-08,41.538981,-71.568672,0.0
2015-01-09,41.538981,-71.568672,0.5119933083911586
2015-01-10,41.538981,-71.568672,0.0
2015-01-11,41.538981,-71.568672,0.0
2015-01-12,41.538981,-71.568672,18.87077933487725
2015-01-13,41.538981,-71.568672,4.522838976728776
2015-01-14,41.538981,-71.568672,0.071371611749185
2015-01-15,41.538981,-71.568672,0.04118290844243103
2015-01-16,41.538981,-71.568672,0.0
2015-01-17,41.538981,-71.568672,0.0
2015-01-18,41.538981,-71.568672,1.2805210624344077
2015-01-19,41.538981,-71.568672,19.55962540444079
2015-01-20,41.538981,-71.568672,0.0
2015-01-21,41.538981,-71.568672,0.0
2015-01-22,41.538981,-71.568672,0.0
2015-01-23,41.538981,-71.568672,0.014950862640315699
2015-01-24,41.538981,-71.568672,27.5970029303008
2015-01-25,41.538981,-71.568672,0.007236892806696645
2015-01-26,41.538981,-71.568672,3.2251433750751017
2015-01-27,41.538981,-71.568672,16.321528644520782
2015-01-28,41.538981,-71.568672,1.1821089405916805
2015-01-29,41.538981,-71.568672,0.0
2015-01-30,41.538981,-71.568672,3.670541478741443
2015-01-31,41.538981,-71.568672,0.0
2015-02-01,41.538981,-71.568672,0.0
2015-02-02,41.538981,-71.568672,13.476023904212095
2015-02-03,41.538981,-71.568672,0.0
2015-02-04,41.538981,-71.568672,0.0
2015-02-05,41.538981,-71.568672,0.002468595300766808
2015-02-06,41.538981,-71.568672,0.0
2015-02-07,41.538981,-71.568672,0.1350942209610304
2015-02-08,41.538981,-71.568672,3.862712010363704
2015-02-09,41.538981,-71.568672,6.531722472509889
2015-02-10,41.538981,-71.568672,0.8926604323659821
2015-02-11,41.538981,-71.568672,0.0
2015-02-12,41.538981,-71.568672,0.0
2015-02-13,41.538981,-71.568672,0.0
2015-02-14,41.538981,-71.568672,1.2545751704923447
2015-02-15,41.538981,-71.568672,0.023018359408355976
2015-02-16,41.538981,-71.568672,0.0
2015-02-17,41.538981,-71.568672,0.0
2015-02-18,41.538981,-71.568672,0.0
2015-02-19,41.538981,-71.568672,0.0
2015-02-20,41.538981,-71.568672,0.0
2015-02-21,41.538981,-71.568672,3.101758750592496
2015-02-22,41.538981,-71.568672,30.724212949812475
2015-02-23,41.538981,-71.568672,0.6721533520272951
2015-02-24,41.538981,-71.568672,0.0
2015-02-25,41.538981,-71.568672,0.040748708851724144
2015-02-26,41.538981,-71.568672,0.2691103321788124
2015-02-27,41.538981,-71.568672,0.0
2015-02-28,41.538981,-71.568672,0.0
2015-03-01,41.538981,-71.568672,4.199978403350751
2015-03-02,41.538981,-71.568672,3.2913835362782313
2015-03-03,41.538981,-71.568672,1.9261697517434706
2015-03-04,41.538981,-71.568672,18.7833318300521
2015-03-05,41.538981,-71.568672,21.05260322336196
2015-03-06,41.538981,-71.568672,1.515109811344583
2015-03-07,41.538981,-71.568672,0.0
2015-03-08,41.538981,-71.568672,0.0
2015-03-09,41.538981,-71.568672,0.0
2015-03-10,41.538981,-71.568672,2.2659262926115775
2015-03-11,41.538981,-71.568672,6.393121572649023
2015-03-12,41.538981,-71.568672,0.0
2015-03-13,41.538981,-71.568672,0.008457140699044411
2015-03-14,41.538981,-71.568672,24.091094796313676
2015-03-15,41.538981,-71.568672,3.125309712323677
2015-03-16,41.538981,-71.568672,0.16095455210296994
2015-03-17,41.538981,-71.568672,3.9583846932335343
2015-03-18,41.538981,-71.568672,0.007236892806696645
2015-03-19,41.538981,-71.568672,0.0
2015-03-20,41.538981,-71.568672,2.4351105112155293
2015-03-21,41.538981,-71.568672,1.3260567675638144
2015-03-22,41.538981,-71.568672,0.0
2015-03-23,41.538981,-71.568672,0.0
2015-03-24,41.538981,-71.568672,0.0
2015-03-25,41.538981,-71.568672,0.06354061839352435
2015-03-26,41.538981,-71.568672,5.710069489701851
2015-03-27,41.538981,-71.568672,4.155350350485463
2015-03-28,41.538981,-71.568672,0.28325921359124917
2015-03-29,41.538981,-71.568672,0.0
2015-03-30,41.538981,-71.568672,0.3006486804997285
2015-03-31,41.538981,-71.568672,0.24449293478578665
2015-04-01,41.538981,-71.568672,0.04458825858860746
2015-04-02,41.538981,-71.568672,0.0
2015-04-03,41.538981,-71.568672,19.223378312614578
2015-04-04,41.538981,-71.568672,4.627267254484461
2015-04-05,41.538981,-71.568672,0.02259606966812783
2015-04-06,41.538981,-71.568672,0.07490919699567775
2015-04-07,41.538981,-71.568672,2.0510526537222407
2015-04-08,41.538981,-71.568672,1.146350738948392
2015-04-09,41.538981,-71.568672,0.8975172008470943
2015-04-10,41.538981,-71.568672,6.67094895517518
2015-04-11,41.538981,-71.568672,0.0
2015-04-12,41.538981,-71.568672,0.0
2015-04-13,41.538981,-71.568672,0.10420141872611191
2015-04-14,41.538981,-71.568672,1.4899416773187002
2015-04-15,41.538981,-71.568672,2.8255215602927373
2015-04-16,41.538981,-71.568672,0.0
2015-04-17,41.538981,-71.568672,10.080234438295495
2015-04-18,41.538981,-71.568672,0.0
2015-04-19,41.538981,-71.568672,0.0
2015-04-20,41.538981,-71.568672,12.416201560009545
2015-04-21,41.538981,-71.568672,1.7766104618549075
2015-04-22,41.538981,-71.568672,2.6991810055081737
2015-04-23,41.538981,-71.568672,3.411406429623719
2015-04-24,41.538981,-71.568672,0.0
2015-04-25,41.538981,-71.568672,0.0
2015-04-26,41.538981,-71.568672,0.0
2015-04-27,41.538981,-71.568672,0.12428095698888164
2015-04-28,41.538981,-71.568672,0.0
2015-04-29,41.538981,-71.568672,0.0
2015-04-30,41.538981,-71.568672,0.08731110999507138
2015-05-01,41.538981,-71.568672,0.019373763964314644
2015-05-02,41.538981,-71.568672,0.0
2015-05-03,41.538981,-71.568672,0.162661524080449
2015-05-04,41.538981,-71.568672,0.0
2015-05-05,41.538981,-71.568672,0.4995495380302348
2015-05-06,41.538981,-71.568672,3.7735208584866475
2015-05-07,41.538981,-71.568672,0.0
2015-05-08,41.538981,-71.568672,0.0
2015-05-09,41.538981,-71.568672,0.0434649090475483
2015-05-10,41.538981,-71.568672,0.0028800279275298987
2015-05-11,41.538981,-71.568672,0.008065653135831474
2015-05-12,41.538981,-71.568672,0.017442674524346613
2015-05-13,41.538981,-71.568672,0.0031886023592845696
2015-05-14,41.538981,-71.568672,0.0
2015-05-15,41.538981,-71.568672,0.39554363943342186
2015-05-16,41.538981,-71.568672,1.787487332824102
2015-05-17,41.538981,-71.568672,9.472643912643491
2015-05-18,41.538981,-71.568672,0.0
2015-05-19,41.538981,-71.568672,5.6488071743273105
2015-05-20,41.538981,-71.568672,7.004523485500533
2015-05-21,41.538981,-71.568672,0.5201377319255128
2015-05-22,41.538981,-71.568672,3.159360966612342
2015-05-23,41.538981,-71.568672,0.0
2015-05-24,41.538981,-71.568672,0.0
2015-05-25,41.538981,-71.568672,0.6654728568589154
2015-05-26,41.538981,-71.568672,1.119308054321015
2015-05-27,41.538981,-71.568672,0.21292983059473053
2015-05-28,41.538981,-71.568672,0.3436003583189906
2015-05-29,41.538981,-71.568672,0.0
2015-05-30,41.538981,-71.568672,0.0017923674006130451
2015-05-31,41.538981,-71.568672,1.4399987653677484
2015-06-01,41.538981,-71.568672,3.722296943752707
2015-06-02,41.538981,-71.568672,15.023822529682544
2015-06-03,41.538981,-71.568672,0.4773379009138203
2015-06-04,41.538981,-71.568672,0.0008306034972077568
2015-06-05,41.538981,-71.568672,1.0066398523718867
2015-06-06,41.538981,-71.568672,0.08686095744252019
2015-06-07,41.538981,-71.568672,0.0
2015-06-08,41.538981,-71.568672,0.1164381607165759
2015-06-09,41.538981,-71.568672,0.4551128037088754
2015-06-10,41.538981,-71.568672,0.0
2015-06-11,41.538981,-71.568672,0.6571100636735212
2015-06-12,41.538981,-71.568672,0.2588286076457059
2015-06-13,41.538981,-71.568672,0.0
2015-06-14,41.538981,-71.568672,0.0
2015-06-15,41.538981,-71.568672,26.08628618295469
2015-06-16,41.538981,-71.568672,0.5186311923438678
2015-06-17,41.538981,-71.568672,1.2017499271063385
2015-06-18,41.538981,-71.568672,0.29131089333994276
2015-06-19,41.538981,-71.568672,0.4892690114173834
2015-06-20,41.538981,-71.568672,0.05177625779792448
2015-06-21,41.538981,-71.568672,20.39884135005961
2015-06-22,41.538981,-71.568672,0.013347149701668238
2015-06-23,41.538981,-71.568672,12.597194421050638
2015-06-24,41.538981,-71.568672,5.146645720824434
2015-06-25,41.538981,-71.568672,0.028278299190583767
2015-06-26,41.538981,-71.568672,0.9485649779271297
2015-06-27,41.538981,-71.568672,7.037827290543164
2015-06-28,41.538981,-71.568672,25.14600874491424
2015-06-29,41.538981,-71.568672,0.08684271368035974
2015-06-30,41.538981,-71.568672,0.0
2015-07-01,41.538981,-71.568672,19.48069028674826
2015-07-02,41.538981,-71.568672,0.7726356235664565
2015-07-03,41.538981,-71.568672,1.240547702005741
2015-07-04,41.538981,-71.568672,0.4442125010231513
2015-07-05,41.538981,-71.568672,0.0
2015-07-06,41.538981,-71.568672,0.0
2015-07-07,41.538981,-71.568672,0.07973994273991555
2015-07-08,41.538981,-71.568672,4.851501288173126
2015-07-09,41.538981,-71.568672,0.32513212123337315
2015-07-10,41.538981,-71.568672,0.6064361574365124
2015-07-11,41.538981,-71.568672,0.0
2015-07-12,41.538981,-71.568672,0.0
2015-07-13,41.538981,-71.568672,1.256097832987221
2015-07-14,41.538981,-71.568672,1.0150700901111698
2015-07-15,41.538981,-71.568672,9.754309250881555
2015-07-16,41.538981,-71.568672,2.7065767059734513
2015-07-17,41.538981,-71.568672,0.0
2015-07-18,41.538981,-71.568672,0.4542787841023972
2015-07-19,41.538981,-71.568672,0.6154693109145033
2015-07-20,41.538981,-71.568672,5.0046342825730985
2015-07-21,41.538981,-71.568672,1.6399041609346106
2015-07-22,41.538981,-71.568672,0.04753464094821014
2015-07-23,41.538981,-71.568672,0.0
2015-07-24,41.538981,-71.568672,0.44270317284297245
2015-07-25,41.538981,-71.568672,0.0
2015-07-26,41.538981,-71.568672,0.8480163416867619
2015-07-27,41.538981,-71.568672,16.670008388250675
2015-07-28,41.538981,-71.568672,0.7380748342112711
2015-07-29,41.538981,-71.568672,0.0
2015-07-30,41.538981,-71.568672,4.45280569960578
2015-07-31,41.538981,-71.568672,3.8989139137415187
2015-08-01,41.538981,-71.568672,0.0
2015-08-02,41.538981,-71.568672,0.06151359087888602
2015-08-03,41.538981,-71.568672,0.0
2015-08-04,41.538981,-71.568672,21.145466230620166
2015-08-05,41.538981,-71.568672,0.0
2015-08-06,41.538981,-71.568672,0.003805751222793915
2015-08-07,41.538981,-71.568672,0.04373682459659556
2015-08-08,41.538981,-71.568672,0.0
2015-08-09,41.538981,-71.568672,0.29175464079262237
2015-08-10,41.538981,-71.568672,0.0
2015-08-11,41.538981,-71.568672,51.89622407953663
2015-08-12,41.538981,-71.568672,1.9177192772430502
2015-08-13,41.538981,-71.568672,0.0
2015-08-14,41.538981,-71.568672,0.0
2015-08-15,41.538981,-71.568672,0.0
2015-08-16,41.538981,-71.568672,0.3271811616719089
2015-08-17,41.538981,-71.568672,0.0
2015-08-18,41.538981,-71.568672,0.0
2015-08-19,41.538981,-71.568672,0.0
2015-08-20,41.538981,-71.568672,0.0
2015-08-21,41.538981,-71.568672,1.6445347475325331
2015-08-22,41.538981,-71.568672,0.09768401782481245
2015-08-23,41.538981,-71.568672,0.004480918334605384
2015-08-24,41.538981,-71.568672,0.0
2015-08-25,41.538981,-71.568672,0.027420884586506544
2015-08-26,41.538981,-71.568672,0.0
2015-08-27,41.538981,-71.568672,0.0
2015-08-28,41.538981,-71.568672,0.0
2015-08-29,41.538981,-71.568672,0.0
2015-08-30,41.538981,-71.568672,0.4928903728756644
2015-08-31,41.538981,-71.568672,0.27135467430037263
2015-09-01,41.538981,-71.568672,0.0677868769479589
2015-09-02,41.538981,-71.568672,0.0
2015-09-03,41.538981,-71.568672,0.0
2015-09-04,41.538981,-71.568672,0.2446548479324187
2015-09-05,41.538981,-71.568672,0.0
2015-09-06,41.538981,-71.568672,0.0
2015-09-07,41.538981,-71.568672,0.0
2015-09-08,41.538981,-71.568672,0.00609710918372161
2015-09-09,41.538981,-71.568672,0.0
2015-09-10,41.538981,-71.568672,36.196592144596785
2015-09-11,41.538981,-71.568672,18.370205544993134
2015-09-12,41.538981,-71.568672,0.0
2015-09-13,41.538981,-71.568672,16.26426863144961
2015-09-14,41.538981,-71.568672,0.03301410948028816
2015-09-15,41.538981,-71.568672,0.0
2015-09-16,41.538981,-71.568672,0.0
2015-09-17,41.538981,-71.568672,0.0
2015-09-18,41.538981,-71.568672,0.0
2015-09-19,41.538981,-71.568672,0.0
2015-09-20,41.538981,-71.568672,0.0
2015-09-21,41.538981,-71.568672,0.0
2015-09-22,41.538981,-71.568672,0.37220000934645303
2015-09-23,41.538981,-71.568672,0.0
2015-09-24,41.538981,-71.568672,0.0
2015-09-25,41.538981,-71.568672,0.0
2015-09-26,41.538981,-71.568672,0.0
2015-09-27,41.538981,-71.568672,0.0
2015-09-28,41.538981,-71.568672,0.0
2015-09-29,41.538981,-71.568672,0.08303590147378169
2015-09-30,41.538981,-71.568672,43.47246439828767
2015-10-01,41.538981,-71.568672,4.512736602952351
2015-10-02,41.538981,-71.568672,30.825142046440988
2015-10-03,41.538981,-71.568672,2.095550819806725
2015-10-04,41.538981,-71.568672,0.0
2015-10-05,41.538981,-71.568672,0.0007566662627491123
2015-10-06,41.538981,-71.568672,0.010855339210044968
2015-10-07,41.538981,-71.568672,0.0005509499876852116
2015-10-08,41.538981,-71.568672,0.0
2015-10-09,41.538981,-71.568672,9.992351650142588
2015-10-10,41.538981,-71.568672,0.9660258946323382
2015-10-11,41.538981,-71.568672,0.0
2015-10-12,41.538981,-71.568672,0.0
2015-10-13,41.538981,-71.568672,14.367593780118934
2015-10-14,41.538981,-71.568672,0.0
2015-10-15,41.538981,-71.568672,0.0
2015-10-16,41.538981,-71.568672,0.2532130702532734
2015-10-17,41.538981,-71.568672,0.005345233600862602
2015-10-18,41.538981,-71.568672,0.0
2015-10-19,41.538981,-71.568672,0.0
2015-10-20,41.538981,-71.568672,0.10474741511816646
2015-10-21,41.538981,-71.568672,0.005818074256632487
2015-10-22,41.538981,-71.568672,0.11431011749779477
2015-10-23,41.538981,-71.568672,0.09166118917098352
2015-10-24,41.538981,-71.568672,0.0
2015-10-25,41.538981,-71.568672,2.8827403192328247
2015-10-26,41.538981,-71.568672,0.0
2015-10-27,41.538981,-71.568672,0.0036184464033483226
2015-10-28,41.538981,-71.568672,6.481395137883073
2015-10-29,41.538981,-71.568672,13.843709914698287
2015-10-30,41.538981,-71.568672,0.0
2015-10-31,41.538981,-71.568672,0.008376070716500253
2015-11-01,41.538981,-71.568672,17.500419846155104
2015-11-02,41.538981,-71.568672,0.0
2015-11-03,41.538981,-71.568672,0.0
2015-11-04,41.538981,-71.568672,0.0
2015-11-05,41.538981,-71.568672,0.0
2015-11-06,41.538981,-71.568672,0.007874322026919057
2015-11-07,41.538981,-71.568672,0.42741435005380896
2015-11-08,41.538981,-71.568672,0.1447176250648706
2015-11-09,41.538981,-71.568672,0.0
2015-11-10,41.538981,-71.568672,19.810656202880914
2015-11-11,41.538981,-71.568672,0.26101435712471005
2015-11-12,41.538981,-71.568672,4.799781974433249
2015-11-13,41.538981,-71.568672,0.0
2015-11-14,41.538981,-71.568672,0.0
2015-11-15,41.538981,-71.568672,0.0
2015-11-16,41.538981,-71.568672,0.005933461522980998
2015-11-17,41.538981,-71.568672,0.0
2015-11-18,41.538981,-71.568672,0.0
2015-11-19,41.538981,-71.568672,0.9154272031172559
2015-11-20,41.538981,-71.568672,14.712533176646247
2015-11-21,41.538981,-71.568672,0.0
2015-11-22,41.538981,-71.568672,21.655532947896646
2015-11-23,41.538981,-71.568672,12.029606100686049
2015-11-24,41.538981,-71.568672,0.0
2015-11-25,41.538981,-71.568672,0.0
2015-11-26,41.538981,-71.568672,0.0
2015-11-27,41.538981,-71.568672,0.0
2015-11-28,41.538981,-71.568672,1.4946805644542047
2015-11-29,41.538981,-71.568672,0.0036184464033483226
2015-11-30,41.538981,-71.568672,0.0
2015-12-01,41.538981,-71.568672,12.044692226773467
2015-12-02,41.538981,-71.568672,7.649159204773387
2015-12-03,41.538981,-71.568672,4.83554563463729
2015-12-04,41.538981,-71.568672,0.0
2015-12-05,41.538981,-71.568672,0.0
2015-12-06,41.538981,-71.568672,0.0
2015-12-07,41.538981,-71.568672,0.0
2015-12-08,41.538981,-71.568672,1.595662793262771
2015-12-09,41.538981,-71.568672,0.0
2015-12-10,41.538981,-71.568672,0.02403392686345225
2015-12-11,41.538981,-71.568672,0.2517811562212262
2015-12-12,41.538981,-71.568672,0.0021009418132088963
2015-12-13,41.538981,-71.568672,0.0
2015-12-14,41.538981,-71.568672,1.2212274768784355
2015-12-15,41.538981,-71.568672,10.198223809955499
2015-12-16,41.538981,-71.568672,0.0
2015-12-17,41.538981,-71.568672,31.463357250045945
2015-12-18,41.538981,-71.568672,6.501313059378857
2015-12-19,41.538981,-71.568672,0.005961763034194788
2015-12-20,41.538981,-71.568672,0.0
2015-12-21,41.538981,-71.568672,1.895881677386559
2015-12-22,41.538981,-71.568672,11.54914346799241
2015-12-23,41.538981,-71.568672,9.979264990555496
2015-12-24,41.538981,-71.568672,34.27671073755331
2015-12-25,41.538981,-71.568672,1.0714911416855004
2015-12-26,41.538981,-71.568672,3.374133092817753
2015-12-27,41.538981,-71.568672,2.4899077049309595
2015-12-28,41.538981,-71.568672,3.5585265825073047
2015-12-29,41.538981,-71.568672,22.925579801526286
2015-12-30,41.538981,-71.568672,0.0
2015-12-31,41.538981,-71.568672,2.47316607469061
2016-01-01,41.538981,-71.568672,3.9992453444037865
2016-01-02,41.538981,-71.568672,0.0
2016-01-03,41.538981,-71.568672,0.0
2016-01-04,41.538981,-71.568672,0.0
2016-01-05,41.538981,-71.568672,0.01387585184987268
2016-01-06,41.538981,-71.568672,0.0
2016-01-07,41.538981,-71.568672,0.0
2016-01-08,41.538981,-71.568672,0.0
2016-01-09,41.538981,-71.568672,0.2298138732810603
2016-01-10,41.538981,-71.568672,51.60853220928169
2016-01-11,41.538981,-71.568672,0.008898099801112159
2016-01-12,41.538981,-71.568672,2.192808131149383
2016-01-13,41.538981,-71.568672,0.08840850582990213
2016-01-14,41.538981,-71.568672,0.028949293216254744
2016-01-15,41.538981,-71.568672,0.0
2016-01-16,41.538981,-71.568672,47.423996360839574
2016-01-17,41.538981,-71.568672,2.29720296447331
2016-01-18,41.538981,-71.568672,0.0
2016-01-19,41.538981,-71.568672,0.0
2016-01-20,41.538981,-71.568672,0.0
2016-01-21,41.538981,-71.568672,0.0005509499876852116
2016-01-22,41.538981,-71.568672,0.02340191202217891
2016-01-23,41.538981,-71.568672,6.122625464093968
2016-01-24,41.538981,-71.568672,0.050110740011516636
2016-01-25,41.538981,-71.568672,0.00010285813753195034
2016-01-26,41.538981,-71.568672,0.18468942897235868
2016-01-27,41.538981,-71.568672,0.5897071624207681
2016-01-28,41.538981,-71.568672,0.0
2016-01-29,41.538981,-71.568672,0.021502518213480013
2016-01-30,41.538981,-71.568672,0.024708152841266796
2016-01-31,41.538981,-71.568672,0.4737188781681464
2016-02-01,41.538981,-71.568672,0.6610563151372514
2016-02-02,41.538981,-71.568672,0.6777671926471939
2016-02-03,41.538981,-71.568672,12.847346251248645
2016-02-04,41.538981,-71.568672,22.32809487259001
2016-02-05,41.538981,-71.568672,53.9963212544579
2016-02-06,41.538981,-71.568672,0.0016612069944155136
2016-02-07,41.538981,-71.568672,0.009337834619905542
2016-02-08,41.538981,-71.568672,13.459360736016583
2016-02-09,41.538981,-71.568672,0.0
2016-02-10,41.538981,-71.568672,0.001344275550459784
2016-02-11,41.538981,-71.568672,0.0
2016-02-12,41.538981,-71.568672,0.23791770989854702
2016-02-13,41.538981,-71.568672,2.3960705354841836
2016-02-14,41.538981,-71.568672,0.0
2016-02-15,41.538981,-71.568672,0.023644148374689894
2016-02-16,41.538981,-71.568672,22.15381152661608
2016-02-17,41.538981,-71.568672,0.001344275550459784
2016-02-18,41.538981,-71.568672,0.0
2016-02-19,41.538981,-71.568672,0.0
2016-02-20,41.538981,-71.568672,1.0053284588879192
2016-02-21,41.538981,-71.568672,0.00010285813753195034
2016-02-22,41.538981,-71.568672,0.8575823653156746
2016-02-23,41.538981,-71.568672,1.861400025348829
2016-02-24,41.538981,-71.568672,8.958507388916113
2016-02-25,41.538981,-71.568672,19.64967188135441
2016-02-26,41.538981,-71.568672,0.08449522018349122
2016-02-27,41.538981,-71.568672,0.018593710029095135
2016-02-28,41.538981,-71.568672,0.0380066138715575
2016-02-29,41.538981,-71.568672,1.712972987507843
2016-03-01,41.538981,-71.568672,0.0
2016-03-02,41.538981,-71.568672,9.773913831172914
2016-03-03,41.538981,-71.568672,0.0011018999753704233
2016-03-04,41.538981,-71.568672,0.06291940095613278
2016-03-05,41.538981,-71.568672,0.004539997371249804
2016-03-06,41.538981,-71.568672,0.0
2016-03-07,41.538981,-71.568672,0.004032826567915737
2016-03-08,41.538981,-71.568672,0.07598737918823203
2016-03-09,41.538981,-71.568672,0.0008961837003065226
2016-03-10,41.538981,-71.568672,1.3380080025300989
2016-03-11,41.538981,-71.568672,9.681738319964916
2016-03-12,41.538981,-71.568672,0.0
2016-03-13,41.538981,-71.568672,0.0
2016-03-14,41.538981,-71.568672,22.301834501231603
2016-03-15,41.538981,-71.568672,8.469804879972813
2016-03-16,41.538981,-71.568672,0.07998821645851033
2016-03-17,41.538981,-71.568672,10.637880993068446
2016-03-18,41.538981,-71.568672,0.0
2016-03-19,41.538981,-71.568672,0.0
2016-03-20,41.538981,-71.568672,0.004686634609669284
2016-03-21,41.538981,-71.568672,1.9766388271142847
2016-03-22,41.538981,-71.568672,0.012825120617056332
2016-03-23,41.538981,-71.568672,2.2564328156665856
2016-03-24,41.538981,-71.568672,0.38775157734132365
2016-03-25,41.538981,-71.568672,0.7403973121700591
2016-03-26,41.538981,-71.568672,0.0
2016-03-27,41.538981,-71.568672,0.0
2016-03-28,41.538981,-71.568672,15.919480976680811
2016-03-29,41.538981,-71.568672,0.0
2016-03-30,41.538981,-71.568672,0.0
2016-03-31,41.538981,-71.568672,0.007890700931913807
2016-04-01,41.538981,-71.568672,1.4692721996702844
2016-04-02,41.538981,-71.568672,15.873681683130336
2016-04-03,41.538981,-71.568672,5.439968873551125
2016-04-04,41.538981,-71.568672,5.246995681584683
2016-04-05,41.538981,-71.568672,0.0044898941673002166
2016-04-06,41.538981,-71.568672,0.01002892083426785
2016-04-07,41.538981,-71.568672,33.84029038137159
2016-04-08,41.538981,-71.568672,0.012568991367154725
2016-04-09,41.538981,-71.568672,0.01696559610501656
2016-04-10,41.538981,-71.568672,0.023951137587392632
2016-04-11,41.538981,-71.568672,0.2843665683905151
2016-04-12,41.538981,-71.568672,9.957942459112937
2016-04-13,41.538981,-71.568672,0.0
2016-04-14,41.538981,-71.568672,0.0
2016-04-15,41.538981,-71.568672,0.0
2016-04-16,41.538981,-71.568672,0.0
2016-04-17,41.538981,-71.568672,0.0
2016-04-18,41.538981,-71.568672,0.0
2016-04-19,41.538981,-71.568672,0.38080700293288894
2016-04-20,41.538981,-71.568672,0.0
2016-04-21,41.538981,-71.568672,0.0
2016-04-22,41.538981,-71.568672,0.7690886497696543
2016-04-23,41.538981,-71.568672,8.22915084317848
2016-04-24,41.538981,-71.568672,0.0
2016-04-25,41.538981,-71.568672,0.8079023414556119
2016-04-26,41.538981,-71.568672,7.407614738379927
2016-04-27,41.538981,-71.568672,0.0033224139888310272
2016-04-28,41.538981,-71.568672,1.1816914354799315
2016-04-29,41.538981,-71.568672,2.726952650509581
2016-04-30,41.538981,-71.568672,0.16219699448205865
2016-05-01,41.538981,-71.568672,2.749551784867987
2016-05-02,41.538981,-71.568672,0.9792893724115206
2016-05-03,41.538981,-71.568672,11.187546212692466
2016-05-04,41.538981,-71.568672,7.917107774076444
2016-05-05,41.538981,-71.568672,5.072316757985395
2016-05-06,41.538981,-71.568672,1.0313455643268326
2016-05-07,41.538981,-71.568672,0.9645693690340202
2016-05-08,41.538981,-71.568672,0.9998142302888348
2016-05-09,41.538981,-71.568672,0.0
2016-05-10,41.538981,-71.568672,0.0
2016-05-11,41.538981,-71.568672,0.0
2016-05-12,41.538981,-71.568672,0.0
2016-05-13,41.538981,-71.568672,9.673789950950503
2016-05-14,41.538981,-71.568672,5.207367382141145
2016-05-15,41.538981,-71.568672,1.7017249595648156
2016-05-16,41.538981,-71.568672,0.0
2016-05-17,41.538981,-71.568672,0.1993381806286713
2016-05-18,41.538981,-71.568672,0.8803655860711619
2016-05-19,41.538981,-71.568672,1.2001174910215204
2016-05-20,41.538981,-71.568672,0.0
2016-05-21,41.538981,-71.568672,1.9306034767047362
2016-05-22,41.538981,-71.568672,7.906360123924548
2016-05-23,41.538981,-71.568672,0.2859451259456585
2016-05-24,41.538981,-71.568672,2.4934794895573207
2016-05-25,41.538981,-71.568672,0.1580998695896184
2016-05-26,41.538981,-71.568672,0.0
2016-05-27,41.538981,-71.568672,0.01578146660165934
2016-05-28,41.538981,-71.568672,0.2980863574251597
2016-05-29,41.538981,-71.568672,0.0
2016-05-30,41.538981,-71.568672,22.21870721413344
2016-05-31,41.538981,-71.568672,4.886372379421173
2016-06-01,41.538981,-71.568672,0.0
2016-06-02,41.538981,-71.568672,0.0
2016-06-03,41.538981,-71.568672,2.8399573999891827
2016-06-04,41.538981,-71.568672,0.14070838889510726
2016-06-05,41.538981,-71.568672,3.5076265453827777
2016-06-06,41.538981,-71.568672,0.7323119512845843
2016-06-07,41.538981,-71.568672,0.0
2016-06-08,41.538981,-71.568672,1.3847707417861517
2016-06-09,41.538981,-71.568672,0.05789514245357316
2016-06-10,41.538981,-71.568672,0.1670855105116959
2016-06-11,41.538981,-71.568672,2.900126636510304
2016-06-12,41.538981,-71.568672,0.07236892537101375
2016-06-13,41.538981,-71.568672,0.0
2016-06-14,41.538981,-71.568672,0.0
2016-06-15,41.538981,-71.568672,0.0
2016-06-16,41.538981,-71.568672,0.4997046151159294
2016-06-17,41.538981,-71.568672,0.016579399039915958
2016-06-18,41.538981,-71.568672,0.018988415043059956
2016-06-19,41.538981,-71.568672,0.0
2016-06-20,41.538981,-71.568672,0.0
2016-06-21,41.538981,-71.568672,8.422329583680309
2016-06-22,41.538981,-71.568672,0.0004480918501532613
2016-06-23,41.538981,-71.568672,0.018922834839961194
2016-06-24,41.538981,-71.568672,0.0
2016-06-25,41.538981,-71.568672,0.0
2016-06-26,41.538981,-71.568672,0.0
2016-06-27,41.538981,-71.568672,0.13827407282381632
2016-06-28,41.538981,-71.568672,3.6864422623969144
2016-06-29,41.538981,-71.568672,0.31413702207361205
2016-06-30,41.538981,-71.568672,0.0
2016-07-01,41.538981,-71.568672,3.6090346168342275
2016-07-02,41.538981,-71.568672,15.825979816349736
2016-07-03,41.538981,-71.568672,0.0
2016-07-04,41.538981,-71.568672,0.007236892806696645
2016-07-05,41.538981,-71.568672,18.50678105632648
2016-07-06,41.538981,-71.568672,0.0
2016-07-07,41.538981,-71.568672,0.7439219068043312
2016-07-08,41.538981,-71.568672,0.015990066594246535
2016-07-09,41.538981,-71.568672,0.13374048372140296
2016-07-10,41.538981,-71.568672,0.15076551186932582
2016-07-11,41.538981,-71.568672,0.19707769923241938
2016-07-12,41.538981,-71.568672,0.0
2016-07-13,41.538981,-71.568672,0.0
2016-07-14,41.538981,-71.568672,0.7639503345947325
2016-07-15,41.538981,-71.568672,1.1236233773623594
2016-07-16,41.538981,-71.568672,0.008923183487845349
2016-07-17,41.538981,-71.568672,1.4666466922973083
2016-07-18,41.538981,-71.568672,0.7017741866062852
2016-07-19,41.538981,-71.568672,0.21009115011247775
2016-07-20,41.538981,-71.568672,0.0
2016-07-21,41.538981,-71.568672,0.0
2016-07-22,41.538981,-71.568672,0.008133076507003168
2016-07-23,41.538981,-71.568672,13.922286787815384
2016-07-24,41.538981,-71.568672,0.06139860172879748
2016-07-25,41.538981,-71.568672,1.3889281186473776
2016-07-26,41.538981,-71.568672,6.017173260376275
2016-07-27,41.538981,-71.568672,0.0
2016-07-28,41.538981,-71.568672,0.0
2016-07-29,41.538981,-71.568672,17.60448815767768
2016-07-30,41.538981,-71.568672,0.0
2016-07-31,41.538981,-71.568672,1.2012964101775498
2016-08-01,41.538981,-71.568672,1.7619800477228167
2016-08-02,41.538981,-71.568672,9.447624759210495
2016-08-03,41.538981,-71.568672,0.0
2016-08-04,41.538981,-71.568672,0.0
2016-08-05,41.538981,-71.568672,0.0
2016-08-06,41.538981,-71.568672,4.029021238070753
2016-08-07,41.538981,-71.568672,0.0036184464033483226
2016-08-08,41.538981,-71.568672,0.3572423367760314
2016-08-09,41.538981,-71.568672,0.0
2016-08-10,41.538981,-71.568672,7.098278509112685
2016-08-11,41.538981,-71.568672,7.81042456261044
2016-08-12,41.538981,-71.568672,3.834316748127105
2016-08-13,41.538981,-71.568672,5.368527651341288
2016-08-14,41.538981,-71.568672,0.1726823409119387
2016-08-15,41.538981,-71.568672,0.0033224139888310272
2016-08-16,41.538981,-71.568672,1.5640912138332226
2016-08-17,41.538981,-71.568672,5.9414920276779934
2016-08-18,41.538981,-71.568672,6.81621304290513
2016-08-19,41.538981,-71.568672,0.0
2016-08-20,41.538981,-71.568672,0.05396394957298779
2016-08-21,41.538981,-71.568672,0.0
2016-08-22,41.538981,-71.568672,13.879499990518806
2016-08-23,41.538981,-71.568672,0.0
2016-08-24,41.538981,-71.568672,0.0
2016-08-25,41.538981,-71.568672,0.0
2016-08-26,41.538981,-71.568672,0.002688551100919568
2016-08-27,41.538981,-71.568672,0.0
2016-08-28,41.538981,-71.568672,0.0
2016-08-29,41.538981,-71.568672,0.1461030286918666
2016-08-30,41.538981,-71.568672,0.0
2016-08-31,41.538981,-71.568672,0.5452536673619743
2016-09-01,41.538981,-71.568672,22.919466153853737
2016-09-02,41.538981,-71.568672,0.0
2016-09-03,41.538981,-71.568672,0.10292830647413248
2016-09-04,41.538981,-71.568672,0.0
2016-09-05,41.538981,-71.568672,4.893368223733199
2016-09-06,41.538981,-71.568672,0.07905094365367366
2016-09-07,41.538981,-71.568672,0.002903243041751071
2016-09-08,41.538981,-71.568672,0.0
2016-09-09,41.538981,-71.568672,0.6939877474676869
2016-09-10,41.538981,-71.568672,0.23319073068837035
2016-09-11,41.538981,-71.568672,0.004144660454678905
2016-09-12,41.538981,-71.568672,0.0
2016-09-13,41.538981,-71.568672,0.0
2016-09-14,41.538981,-71.568672,1.6038713594774745
2016-09-15,41.538981,-71.568672,0.19504258412801298
2016-09-16,41.538981,-71.568672,0.0
2016-09-17,41.538981,-71.568672,0.0
2016-09-18,41.538981,-71.568672,1.2958519755866418
2016-09-19,41.538981,-71.568672,28.23362838638614
2016-09-20,41.538981,-71.568672,3.324217022031844
2016-09-21,41.538981,-71.568672,0.012181039425451783
2016-09-22,41.538981,-71.568672,0.007236892806696645
2016-09-23,41.538981,-71.568672,0.0
2016-09-24,41.538981,-71.568672,0.014794283389659973
2016-09-25,41.538981,-71.568672,0.0
2016-09-26,41.538981,-71.568672,0.0
2016-09-27,41.538981,-71.568672,4.623970049562635
2016-09-28,41.538981,-71.568672,0.001344275550459784
2016-09-29,41.538981,-71.568672,0.0
2016-09-30,41.538981,-71.568672,5.367340489534362
2016-10-01,41.538981,-71.568672,0.8591818265840981
2016-10-02,41.538981,-71.568672,0.12250940673563228
2016-10-03,41.538981,-71.568672,0.0
2016-10-04,41.538981,-71.568672,0.0
2016-10-05,41.538981,-71.568672,0.0
2016-10-06,41.538981,-71.568672,0.0
2016-10-07,41.538981,-71.568672,0.0
2016-10-08,41.538981,-71.568672,3.071743685502681
2016-10-09,41.538981,-71.568672,79.99084269985721
2016-10-10,41.538981,-71.568672,0.17135226508365234
2016-10-11,41.538981,-71.568672,0.0
2016-10-12,41.538981,-71.568672,0.0
2016-10-13,41.538981,-71.568672,0.0
2016-10-14,41.538981,-71.568672,0.0
2016-10-15,41.538981,-71.568672,0.0
2016-10-16,41.538981,-71.568672,0.0
2016-10-17,41.538981,-71.568672,4.8058746752847155
2016-10-18,41.538981,-71.568672,0.0
2016-10-19,41.538981,-71.568672,0.0
2016-10-20,41.538981,-71.568672,0.0
2016-10-21,41.538981,-71.568672,3.090002745148436
2016-10-22,41.538981,-71.568672,1.103619851810186
2016-10-23,41.538981,-71.568672,0.10716229901901657
2016-10-24,41.538981,-71.568672,3.434831499251295
2016-10-25,41.538981,-71.568672,0.0
2016-10-26,41.538981,-71.568672,0.0
2016-10-27,41.538981,-71.568672,12.672582278942812
2016-10-28,41.538981,-71.568672,2.9420749517187272
2016-10-29,41.538981,-71.568672,0.06658273182716799
2016-10-30,41.538981,-71.568672,7.014597904604577
2016-10-31,41.538981,-71.568672,3.3089902453415125
2016-11-01,41.538981,-71.568672,0.0
2016-11-02,41.538981,-71.568672,0.11798606650890514
2016-11-03,41.538981,-71.568672,0.260743612276259
2016-11-04,41.538981,-71.568672,0.6371446297914513
2016-11-05,41.538981,-71.568672,0.0
2016-11-06,41.538981,-71.568672,0.2582155466771118
2016-11-07,41.538981,-71.568672,0.0
2016-11-08,41.538981,-71.568672,0.0
2016-11-09,41.538981,-71.568672,0.9406194805676766
2016-11-10,41.538981,-71.568672,0.7078564102452163
2016-11-11,41.538981,-71.568672,0.0
2016-11-12,41.538981,-71.568672,0.0
2016-11-13,41.538981,-71.568672,0.0
2016-11-14,41.538981,-71.568672,0.0
2016-11-15,41.538981,-71.568672,26.341846038243474
2016-11-16,41.538981,-71.568672,0.0
2016-11-17,41.538981,-71.568672,0.0
2016-11-18,41.538981,-71.568672,0.0
2016-11-19,41.538981,-71.568672,0.0
2016-11-20,41.538981,-71.568672,0.16189509754771408
2016-11-21,41.538981,-71.568672,0.2659779167634501
2016-11-22,41.538981,-71.568672,0.1973886001452284
2016-11-23,41.538981,-71.568672,0.0
2016-11-24,41.538981,-71.568672,4.626612728118877
2016-11-25,41.538981,-71.568672,0.0
2016-11-26,41.538981,-71.568672,0.0
2016-11-27,41.538981,-71.568672,0.0
2016-11-28,41.538981,-71.568672,0.0
2016-11-29,41.538981,-71.568672,55.349726766673555
2016-11-30,41.538981,-71.568672,11.972077002986941
2016-12-01,41.538981,-71.568672,6.24371257429918
2016-12-02,41.538981,-71.568672,0.039117999193938616
2016-12-03,41.538981,-71.568672,0.005348623075026131
2016-12-04,41.538981,-71.568672,0.0
2016-12-05,41.538981,-71.568672,3.3649230810776958
2016-12-06,41.538981,-71.568672,0.0
2016-12-07,41.538981,-71.568672,4.3998207942679
2016-12-08,41.538981,-71.568672,0.0002057162750639007
2016-12-09,41.538981,-71.568672,0.0
2016-12-10,41.538981,-71.568672,0.0
2016-12-11,41.538981,-71.568672,0.000308574412595851
2016-12-12,41.538981,-71.568672,17.07546905920866
2016-12-13,41.538981,-71.568672,0.0
2016-12-14,41.538981,-71.568672,0.0008961837003065226
2016-12-15,41.538981,-71.568672,0.0
2016-12-16,41.538981,-71.568672,0.0
2016-12-17,41.538981,-71.568672,22.071264419539016
2016-12-18,41.538981,-71.568672,14.34327330245277
2016-12-19,41.538981,-71.568672,0.06172791298732667
2016-12-20,41.538981,-71.568672,0.0
2016-12-21,41.538981,-71.568672,0.0
2016-12-22,41.538981,-71.568672,0.7058239195239766
2016-12-23,41.538981,-71.568672,0.0
2016-12-24,41.538981,-71.568672,19.647792197502053
2016-12-25,41.538981,-71.568672,0.0
2016-12-26,41.538981,-71.568672,0.0038933092138219412
2016-12-27,41.538981,-71.568672,4.416270023684238
2016-12-28,41.538981,-71.568672,0.0
2016-12-29,41.538981,-71.568672,6.487782175384044
2016-12-30,41.538981,-71.568672,0.0
2016-12-31,41.538981,-71.568672,0.46884351604872737
2017-01-01,41.538981,-71.568672,5.498210002093099
2017-01-02,41.538981,-71.568672,2.6739661616364865
2017-01-03,41.538981,-71.568672,26.54399928646116
2017-01-04,41.538981,-71.568672,4.319256385715684
2017-01-05,41.538981,-71.568672,0.0017923674006130451
2017-01-06,41.538981,-71.568672,0.025881646333516646
2017-01-07,41.538981,-71.568672,9.395600072137496
2017-01-08,41.538981,-71.568672,0.3051469033044707
2017-01-09,41.538981,-71.568672,0.0
2017-01-10,41.538981,-71.568672,0.09253495946523516
2017-01-11,41.538981,-71.568672,14.65596325777166
2017-01-12,41.538981,-71.568672,31.822229980276497
2017-01-13,41.538981,-71.568672,8.220646527334546
2017-01-14,41.538981,-71.568672,0.0
2017-01-15,41.538981,-71.568672,0.0
2017-01-16,41.538981,-71.568672,0.01447378561339329
2017-01-17,41.538981,-71.568672,3.260122984872613
2017-01-18,41.538981,-71.568672,0.8941204956027657
2017-01-19,41.538981,-71.568672,0.2750019293504252
2017-01-20,41.538981,-71.568672,0.22885513191596824
2017-01-21,41.538981,-71.568672,0.21080636018717427
2017-01-22,41.538981,-71.568672,0.4172166073782784
2017-01-23,41.538981,-71.568672,6.719989694480102
2017-01-24,41.538981,-71.568672,36.40615629104207
2017-01-25,41.538981,-71.568672,9.600032193939418
2017-01-26,41.538981,-71.568672,0.18321329433906242
2017-01-27,41.538981,-71.568672,0.0
2017-01-28,41.538981,-71.568672,0.0
2017-01-29,41.538981,-71.568672,0.008133076507003168
2017-01-30,41.538981,-71.568672,0.0
2017-01-31,41.538981,-71.568672,0.03137414843698951
2017-02-01,41.538981,-71.568672,0.0002057162750639007
2017-02-02,41.538981,-71.568672,0.0
2017-02-03,41.538981,-71.568672,0.0
2017-02-04,41.538981,-71.568672,0.0
2017-02-05,41.538981,-71.568672,0.012459051993980466
2017-02-06,41.538981,-71.568672,0.0
2017-02-07,41.538981,-71.568672,5.707890094257848
2017-02-08,41.538981,-71.568672,3.115093636054861
2017-02-09,41.538981,-71.568672,34.99634636864584
2017-02-10,41.538981,-71.568672,0.0
2017-02-11,41.538981,-71.568672,1.303655675592936
2017-02-12,41.538981,-71.568672,16.408470944425247
2017-02-13,41.538981,-71.568672,0.0
2017-02-14,41.538981,-71.568672,0.0
2017-02-15,41.538981,-71.568672,0.040730226301763
2017-02-16,41.538981,-71.568672,0.0
2017-02-17,41.538981,-71.568672,0.0
2017-02-18,41.538981,-71.568672,0.386877720611966
2017-02-19,41.538981,-71.568672,0.0772461275610008
2017-02-20,41.538981,-71.568672,0.0035847348012260903
2017-02-21,41.538981,-71.568672,0.08633115048554064
2017-02-22,41.538981,-71.568672,2.6396132588399963
2017-02-23,41.538981,-71.568672,0.5256654195112799
2017-02-24,41.538981,-71.568672,0.5583687198649112
2017-02-25,41.538981,-71.568672,0.05018628855258309
2017-02-26,41.538981,-71.568672,5.2619658919867245
2017-02-27,41.538981,-71.568672,0.0
2017-02-28,41.538981,-71.568672,1.0362502525656436
2017-03-01,41.538981,-71.568672,13.19624843899826
2017-03-02,41.538981,-71.568672,0.1066787064705494
2017-03-03,41.538981,-71.568672,0.01677242213745514
2017-03-04,41.538981,-71.568672,0.0
2017-03-05,41.538981,-71.568672,0.0
2017-03-06,41.538981,-71.568672,0.064881367347221
2017-03-07,41.538981,-71.568672,7.510249155139474
2017-03-08,41.538981,-71.568672,12.019575369393637
2017-03-09,41.538981,-71.568672,0.0
2017-03-10,41.538981,-71.568672,3.8274994623642424
2017-03-11,41.538981,-71.568672,0.0
2017-03-12,41.538981,-71.568672,0.0
2017-03-13,41.538981,-71.568672,0.0
2017-03-14,41.538981,-71.568672,36.58826673676879
2017-03-15,41.538981,-71.568672,0.0
2017-03-16,41.538981,-71.568672,0.0
2017-03-17,41.538981,-71.568672,0.0
2017-03-18,41.538981,-71.568672,0.018092231342753437
2017-03-19,41.538981,-71.568672,0.010373535841233086
2017-03-20,41.538981,-71.568672,0.17909624049069267
2017-03-21,41.538981,-71.568672,0.0
2017-03-22,41.538981,-71.568672,0.5039677637045288
2017-03-23,41.538981,-71.568672,0.0
2017-03-24,41.538981,-71.568672,3.5480508922246634
2017-03-25,41.538981,-71.568672,1.034385428376801
2017-03-26,41.538981,-71.568672,0.7102340370522628
2017-03-27,41.538981,-71.568672,5.915584306227961
2017-03-28,41.538981,-71.568672,6.274760171705935
2017-03-29,41.538981,-71.568672,10.215872102327745
2017-03-30,41.538981,-71.568672,0.0
2017-03-31,41.538981,-71.568672,10.66633064153395
2017-04-01,41.538981,-71.568672,38.84414990831397
2017-04-02,41.538981,-71.568672,0.0
2017-04-03,41.538981,-71.568672,0.637634537817566
2017-04-04,41.538981,-71.568672,31.994621728118048
2017-04-05,41.538981,-71.568672,1.564623787864025
2017-04-06,41.538981,-71.568672,25.198093926711103
2017-04-07,41.538981,-71.568672,0.008067496303904402
2017-04-08,41.538981,-71.568672,1.3163105182820338
2017-04-09,41.538981,-71.568672,0.0
2017-04-10,41.538981,-71.568672,3.103704466088886
2017-04-11,41.538981,-71.568672,0.13197922509821555
2017-04-12,41.538981,-71.568672,0.5498979243981593
2017-04-13,41.538981,-71.568672,0.8189229620065788
2017-04-14,41.538981,-71.568672,0.2497877387444961
2017-04-15,41.538981,-71.568672,0.05083670717929431
2017-04-16,41.538981,-71.568672,0.6868785298753922
2017-04-17,41.538981,-71.568672,3.604080161201885
2017-04-18,41.538981,-71.568672,0.0
2017-04-19,41.538981,-71.568672,1.4137933501940863
2017-04-20,41.538981,-71.568672,2.081830912707128
2017-04-21,41.538981,-71.568672,8.400469796938808
2017-04-22,41.538981,-71.568672,5.214520562772957
2017-04-23,41.538981,-71.568672,0.6780662037016771
2017-04-24,41.538981,-71.568672,0.9341600210712317
2017-04-25,41.538981,-71.568672,11.36561940341158
2017-04-26,41.538981,-71.568672,16.475756447206955
2017-04-27,41.538981,-71.568672,0.24860806028704382
2017-04-28,41.538981,-71.568672,1.7633549058590663
2017-04-29,41.538981,-71.568672,2.4727821713204294
2017-04-30,41.538981,-71.568672,0.0
2017-05-01,41.538981,-71.568672,0.4820742663183022
2017-05-02,41.538981,-71.568672,13.21457846446237
2017-05-03,41.538981,-71.568672,0.0
2017-05-04,41.538981,-71.568672,0.0554056871369186
2017-05-05,41.538981,-71.568672,25.27242902576106
2017-05-06,41.538981,-71.568672,20.207670062266317
2017-05-07,41.538981,-71.568672,0.7874288332258025
2017-05-08,41.538981,-71.568672,0.12626545460263702
2017-05-09,41.538981,-71.568672,0.4474685069883737
2017-05-10,41.538981,-71.568672,0.3180148265767745
2017-05-11,41.538981,-71.568672,0.0
2017-05-12,41.538981,-71.568672,0.0
2017-05-13,41.538981,-71.568672,6.005017614258274
2017-05-14,41.538981,-71.568672,10.039857969213973
2017-05-15,41.538981,-71.568672,5.320062840229605
2017-05-16,41.538981,-71.568672,0.0
2017-05-17,41.538981,-71.568672,0.02894757122678658
2017-05-18,41.538981,-71.568672,0.0
2017-05-19,41.538981,-71.568672,0.10855338805652062
2017-05-20,41.538981,-71.568672,0.0074426090817605465
2017-05-21,41.538981,-71.568672,0.0066448279776620545
2017-05-22,41.538981,-71.568672,19.548770841144762
2017-05-23,41.538981,-71.568672,4.170050060529007
2017-05-24,41.538981,-71.568672,12.384945545491732
2017-05-25,41.538981,-71.568672,8.10545453186738
2017-05-26,41.538981,-71.568672,19.71417357241349
2017-05-27,41.538981,-71.568672,0.5705950178835427
2017-05-28,41.538981,-71.568672,0.28944734413880313
2017-05-29,41.538981,-71.568672,17.918884454103875
2017-05-30,41.538981,-71.568672,0.14100093849008682
2017-05-31,41.538981,-71.568672,4.754721704375786
2017-06-01,41.538981,-71.568672,0.15986976344179407
2017-06-02,41.538981,-71.568672,0.04904370169673144
2017-06-03,41.538981,-71.568672,0.005142906991550445
2017-06-04,41.538981,-71.568672,1.9944264355189227
2017-06-05,41.538981,-71.568672,8.273112214882092
2017-06-06,41.538981,-71.568672,17.37206022973548
2017-06-07,41.538981,-71.568672,0.036322555172510984
2017-06-08,41.538981,-71.568672,0.8535988449923334
2017-06-09,41.538981,-71.568672,3.1319179657722804
2017-06-10,41.538981,-71.568672,0.0
2017-06-11,41.538981,-71.568672,0.0008961837003065226
2017-06-12,41.538981,-71.568672,0.0
2017-06-13,41.538981,-71.568672,3.4835760368886604
2017-06-14,41.538981,-71.568672,0.0
2017-06-15,41.538981,-71.568672,0.13828226703234014
2017-06-16,41.538981,-71.568672,5.206748296499928
2017-06-17,41.538981,-71.568672,0.4675573959119009
2017-06-18,41.538981,-71.568672,0.5472651900892926
2017-06-19,41.538981,-71.568672,0.424653014755287
2017-06-20,41.538981,-71.568672,6.555589084322917
2017-06-21,41.538981,-71.568672,2.436711041184159
2017-06-22,41.538981,-71.568672,0.036184462685506874
2017-06-23,41.538981,-71.568672,0.12162037066679952
2017-06-24,41.538981,-71.568672,35.34289807594318
2017-06-25,41.538981,-71.568672,0.0021600210222827085
2017-06-26,41.538981,-71.568672,0.0
2017-06-27,41.538981,-71.568672,0.22912147498156787
2017-06-28,41.538981,-71.568672,0.11580845350983399
2017-06-29,41.538981,-71.568672,0.8324161141817188
2017-06-30,41.538981,-71.568672,1.4650382129940869
2017-07-01,41.538981,-71.568672,4.675212393111118
2017-07-02,41.538981,-71.568672,0.0
2017-07-03,41.538981,-71.568672,0.04688410541516873
2017-07-04,41.538981,-71.568672,0.0
2017-07-05,41.538981,-71.568672,0.0
2017-07-06,41.538981,-71.568672,0.1917318126521208
2017-07-07,41.538981,-71.568672,9.690894520948882
2017-07-08,41.538981,-71.568672,0.04237329768869282
2017-07-09,41.538981,-71.568672,0.0
2017-07-10,41.538981,-71.568672,0.0
2017-07-11,41.538981,-71.568672,6.164888540593157
2017-07-12,41.538981,-71.568672,3.2192483695227985
2017-07-13,41.538981,-71.568672,20.98504559595756
2017-07-14,41.538981,-71.568672,5.4622668345412855
2017-07-15,41.538981,-71.568672,1.0248109647346941
2017-07-16,41.538981,-71.568672,0.0
2017-07-17,41.538981,-71.568672,0.01447378561339329
2017-07-18,41.538981,-71.568672,0.0031366430345364433
2017-07-19,41.538981,-71.568672,0.0
2017-07-20,41.538981,-71.568672,0.21914201811426257
2017-07-21,41.538981,-71.568672,0.06917327011988568
2017-07-22,41.538981,-71.568672,0.544348450606656
2017-07-23,41.538981,-71.568672,1.2865906850906466
2017-07-24,41.538981,-71.568672,15.478090199181269
2017-07-25,41.538981,-71.568672,0.14628765876315844
2017-07-26,41.538981,-71.568672,0.0
2017-07-27,41.538981,-71.568672,6.976448864747825
2017-07-28,41.538981,-71.568672,0.027569584664729134
2017-07-29,41.538981,-71.568672,9.769728579591812
2017-07-30,41.538981,-71.568672,0.0
2017-07-31,41.538981,-71.568672,0.0
2017-08-01,41.538981,-71.568672,0.0
2017-08-02,41.538981,-71.568672,0.09325415721117711
2017-08-03,41.538981,-71.568672,0.16473314473645606
2017-08-04,41.538981,-71.568672,0.07424393639008381
2017-08-05,41.538981,-71.568672,3.7688544815531495
2017-08-06,41.538981,-71.568672,0.000933461634739707
2017-08-07,41.538981,-71.568672,7.021076608778487
2017-08-08,41.538981,-71.568672,3.3381252093293763
2017-08-09,41.538981,-71.568672,0.0
2017-08-10,41.538981,-71.568672,0.0004114325501278014
2017-08-11,41.538981,-71.568672,0.0
2017-08-12,41.538981,-71.568672,7.0296057271028705
2017-08-13,41.538981,-71.568672,0.0008961837003065226
2017-08-14,41.538981,-71.568672,0.060583692206516375
2017-08-15,41.538981,-71.568672,9.232435853875348
2017-08-16,41.538981,-71.568672,0.0
2017-08-17,41.538981,-71.568672,0.0
2017-08-18,41.538981,-71.568672,5.064458910405792
2017-08-19,41.538981,-71.568672,2.099738668584715
2017-08-20,41.538981,-71.568672,0.0
2017-08-21,41.538981,-71.568672,0.012664768578468294
2017-08-22,41.538981,-71.568672,0.041035700308099055
2017-08-23,41.538981,-71.568672,3.8450592009187594
2017-08-24,41.538981,-71.568672,0.0
2017-08-25,41.538981,-71.568672,0.0
2017-08-26,41.538981,-71.568672,0.0
2017-08-27,41.538981,-71.568672,0.0
2017-08-28,41.538981,-71.568672,0.00010285813753195034
2017-08-29,41.538981,-71.568672,5.096435554183228
2017-08-30,41.538981,-71.568672,22.87119689663764
2017-08-31,41.538981,-71.568672,0.0
2017-09-01,41.538981,-71.568672,0.0
2017-09-02,41.538981,-71.568672,0.0
2017-09-03,41.538981,-71.568672,28.67515766292329
2017-09-04,41.538981,-71.568672,0.0
2017-09-05,41.538981,-71.568672,0.0
2017-09-06,41.538981,-71.568672,11.076619507814204
2017-09-07,41.538981,-71.568672,16.826529116504044
2017-09-08,41.538981,-71.568672,0.0
2017-09-09,41.538981,-71.568672,0.0
2017-09-10,41.538981,-71.568672,0.0
2017-09-11,41.538981,-71.568672,0.0
2017-09-12,41.538981,-71.568672,0.0
2017-09-13,41.538981,-71.568672,0.0
2017-09-14,41.538981,-71.568672,0.0
2017-09-15,41.538981,-71.568672,1.1497874652976185
2017-09-16,41.538981,-71.568672,0.0
2017-09-17,41.538981,-71.568672,0.0
2017-09-18,41.538981,-71.568672,0.0
2017-09-19,41.538981,-71.568672,9.406777560386427
2017-09-20,41.538981,-71.568672,0.9305189777559355
2017-09-21,41.538981,-71.568672,3.678764200061578
2017-09-22,41.538981,-71.568672,2.030053383518634
2017-09-23,41.538981,-71.568672,0.0
2017-09-24,41.538981,-71.568672,0.0
2017-09-25,41.538981,-71.568672,0.0
2017-09-26,41.538981,-71.568672,0.0
2017-09-27,41.538981,-71.568672,0.0
2017-09-28,41.538981,-71.568672,0.02030316530609254
2017-09-29,41.538981,-71.568672,0.0
2017-09-30,41.538981,-71.568672,16.759781833200353
2017-10-01,41.538981,-71.568672,0.0
2017-10-02,41.538981,-71.568672,0.0
2017-10-03,41.538981,-71.568672,0.0
2017-10-04,41.538981,-71.568672,0.0
2017-10-05,41.538981,-71.568672,0.008059757906952248
2017-10-06,41.538981,-71.568672,4.538164604159551
2017-10-07,41.538981,-71.568672,0.2584596737411875
2017-10-08,41.538981,-71.568672,10.169685571088056
2017-10-09,41.538981,-71.568672,9.945243870990266
2017-10-10,41.538981,-71.568672,0.002277737185199491
2017-10-11,41.538981,-71.568672,0.8704175597019694
2017-10-12,41.538981,-71.568672,1.8638587201130474
2017-10-13,41.538981,-71.568672,0.0
2017-10-14,41.538981,-71.568672,0.18656341773307172
2017-10-15,41.538981,-71.568672,0.0027258290353527523
2017-10-16,41.538981,-71.568672,0.503507156581591
2017-10-17,41.538981,-71.568672,0.0
2017-10-18,41.538981,-71.568672,0.04342135684017987
2017-10-19,41.538981,-71.568672,0.0
2017-10-20,41.538981,-71.568672,0.0
2017-10-21,41.538981,-71.568672,0.0
2017-10-22,41.538981,-71.568672,0.0
2017-10-23,41.538981,-71.568672,0.0
2017-10-24,41.538981,-71.568672,3.1966646587589596
2017-10-25,41.538981,-71.568672,34.81940679312766
2017-10-26,41.538981,-71.568672,29.746372617574007
2017-10-27,41.538981,-71.568672,0.0
2017-10-28,41.538981,-71.568672,0.0016612069944155136
2017-10-29,41.538981,-71.568672,10.44819211227032
2017-10-30,41.538981,-71.568672,49.129294315971414
2017-10-31,41.538981,-71.568672,0.0
2017-11-01,41.538981,-71.568672,0.17871910845687894
2017-11-02,41.538981,-71.568672,0.008202841241008006
2017-11-03,41.538981,-71.568672,0.0
2017-11-04,41.538981,-71.568672,0.0
2017-11-05,41.538981,-71.568672,1.6217093440675365
2017-11-06,41.538981,-71.568672,2.4144862536233282
2017-11-07,41.538981,-71.568672,10.78560570183274
2017-11-08,41.538981,-71.568672,8.003457695031722
2017-11-09,41.538981,-71.568672,0.0
2017-11-10,41.538981,-71.568672,0.0
2017-11-11,41.538981,-71.568672,0.0
2017-11-12,41.538981,-71.568672,0.0
2017-11-13,41.538981,-71.568672,5.367465682642087
2017-11-14,41.538981,-71.568672,0.0
2017-11-15,41.538981,-71.568672,0.0
2017-11-16,41.538981,-71.568672,4.536026999501338
2017-11-17,41.538981,-71.568672,0.0
2017-11-18,41.538981,-71.568672,1.232757087116796
2017-11-19,41.538981,-71.568672,17.08862076127371
2017-11-20,41.538981,-71.568672,0.0
2017-11-21,41.538981,-71.568672,0.0
2017-11-22,41.538981,-71.568672,30.827627895893237
2017-11-23,41.538981,-71.568672,0.0
2017-11-24,41.538981,-71.568672,0.0
2017-11-25,41.538981,-71.568672,0.24370050682984173
2017-11-26,41.538981,-71.568672,0.6794205595696792
2017-11-27,41.538981,-71.568672,0.0
2017-11-28,41.538981,-71.568672,0.0008306034972077568
2017-11-29,41.538981,-71.568672,0.0
2017-11-30,41.538981,-71.568672,0.0
2017-12-01,41.538981,-71.568672,2.7802090065674157
2017-12-02,41.538981,-71.568672,0.0004114325501278014
2017-12-03,41.538981,-71.568672,0.10783265654496019
2017-12-04,41.538981,-71.568672,0.0014104743688074526
2017-12-05,41.538981,-71.568672,0.5133575928562917
2017-12-06,41.538981,-71.568672,22.64535294353216
2017-12-07,41.538981,-71.568672,0.0
2017-12-08,41.538981,-71.568672,2.394969224811997
2017-12-09,41.538981,-71.568672,13.497391067388563
2017-12-10,41.538981,-71.568672,1.899680278091107
2017-12-11,41.538981,-71.568672,0.09640181577780575
2017-12-12,41.538981,-71.568672,9.124378810189361
2017-12-13,41.538981,-71.568672,0.09190633527944345
2017-12-14,41.538981,-71.568672,0.05022640530727737
2017-12-15,41.538981,-71.568672,0.0
2017-12-16,41.538981,-71.568672,0.001344275550459784
2017-12-17,41.538981,-71.568672,0.0
2017-12-18,41.538981,-71.568672,0.6445608773435378
2017-12-19,41.538981,-71.568672,0.013200379846044875
2017-12-20,41.538981,-71.568672,0.1821991618132842
2017-12-21,41.538981,-71.568672,0.0038199906329298423
2017-12-22,41.538981,-71.568672,0.03100940179742919
2017-12-23,41.538981,-71.568672,20.06347932464877
2017-12-24,41.538981,-71.568672,6.873549832900541
2017-12-25,41.538981,-71.568672,1.3063436869114335
2017-12-26,41.538981,-71.568672,0.9900847376445432
2017-12-27,41.538981,-71.568672,0.0
2017-12-28,41.538981,-71.568672,0.0
2017-12-29,41.538981,-71.568672,0.0
2017-12-30,41.538981,-71.568672,0.0
2017-12-31,41.538981,-71.568672,0.1935810895416108
2018-01-01,41.538981,-71.568672,0.0
2018-01-02,41.538981,-71.568672,0.0
2018-01-03,41.538981,-71.568672,0.0
2018-01-04,41.538981,-71.568672,11.73018001222324
2018-01-05,41.538981,-71.568672,0.5560471959324402
2018-01-06,41.538981,-71.568672,0.0
2018-01-07,41.538981,-71.568672,0.0
2018-01-08,41.538981,-71.568672,0.6049014114477205
2018-01-09,41.538981,-71.568672,1.4213948568034156
2018-01-10,41.538981,-71.568672,0.0
2018-01-11,41.538981,-71.568672,0.07519415211515343
2018-01-12,41.538981,-71.568672,15.657601968866384
2018-01-13,41.538981,-71.568672,75.5218049313451
2018-01-14,41.538981,-71.568672,0.0
2018-01-15,41.538981,-71.568672,0.1610691282216028
2018-01-16,41.538981,-71.568672,0.0
2018-01-17,41.538981,-71.568672,0.3618790690321523
2018-01-18,41.538981,-71.568672,0.0
2018-01-19,41.538981,-71.568672,0.0
2018-01-20,41.538981,-71.568672,0.0
2018-01-21,41.538981,-71.568672,0.0
2018-01-22,41.538981,-71.568672,0.0024461754423665922
2018-01-23,41.538981,-71.568672,35.892353375851556
2018-01-24,41.538981,-71.568672,0.0
2018-01-25,41.538981,-71.568672,0.0
2018-01-26,41.538981,-71.568672,0.013759686364308264
2018-01-27,41.538981,-71.568672,0.0
2018-01-28,41.538981,-71.568672,12.218468779329458
2018-01-29,41.538981,-71.568672,0.8169742966606601
2018-01-30,41.538981,-71.568672,0.5210185460182023
2018-01-31,41.538981,-71.568672,0.0
2018-02-01,41.538981,-71.568672,0.03192893439027397
2018-02-02,41.538981,-71.568672,1.7457436597939882
2018-02-03,41.538981,-71.568672,0.0
2018-02-04,41.538981,-71.568672,2.4713108838722704
2018-02-05,41.538981,-71.568672,22.189156454206643
2018-02-06,41.538981,-71.568672,0.0
2018-02-07,41.538981,-71.568672,18.993655438991162
2018-02-08,41.538981,-71.568672,1.8051656790675006
2018-02-09,41.538981,-71.568672,0.0
2018-02-10,41.538981,-71.568672,2.986077536073594
2018-02-11,41.538981,-71.568672,51.066227944526375
2018-02-12,41.538981,-71.568672,8.380860370263182
2018-02-13,41.538981,-71.568672,0.0
2018-02-14,41.538981,-71.568672,0.18325886045740555
2018-02-15,41.538981,-71.568672,2.1488354828385545
2018-02-16,41.538981,-71.568672,12.214933335995052
2018-02-17,41.538981,-71.568672,0.014223117590063818
2018-02-18,41.538981,-71.568672,12.913745193122514
2018-02-19,41.538981,-71.568672,1.8910933399461278
2018-02-20,41.538981,-71.568672,4.953848587801072
2018-02-21,41.538981,-71.568672,0.07362199819771154
2018-02-22,41.538981,-71.568672,2.3715062504956435
2018-02-23,41.538981,-71.568672,6.06872612673198
2018-02-24,41.538981,-71.568672,10.710522635698487
2018-02-25,41.538981,-71.568672,25.495686412569565
2018-02-26,41.538981,-71.568672,0.47721681723273607
2018-02-27,41.538981,-71.568672,0.0
2018-02-28,41.538981,-71.568672,0.45241036337307605
2018-03-01,41.538981,-71.568672,0.1382555124895816
2018-03-02,41.538981,-71.568672,61.840172020879606
2018-03-03,41.538981,-71.568672,0.2987690453809095
2018-03-04,41.538981,-71.568672,0.0
2018-03-05,41.538981,-71.568672,0.09949556615798921
2018-03-06,41.538981,-71.568672,0.0004114325501278014
2018-03-07,41.538981,-71.568672,28.540470763696387
2018-03-08,41.538981,-71.568672,2.04654922714317
2018-03-09,41.538981,-71.568672,0.0
2018-03-10,41.538981,-71.568672,0.0
2018-03-11,41.538981,-71.568672,0.0
2018-03-12,41.538981,-71.568672,0.020404598926793832
2018-03-13,41.538981,-71.568672,31.78741628165285
2018-03-14,41.538981,-71.568672,0.08755832972931055
2018-03-15,41.538981,-71.568672,0.368885325713876
2018-03-16,41.538981,-71.568672,0.0
2018-03-17,41.538981,-71.568672,0.0
2018-03-18,41.538981,-71.568672,0.0
2018-03-19,41.538981,-71.568672,0.0
2018-03-20,41.538981,-71.568672,0.10348737729674362
2018-03-21,41.538981,-71.568672,1.8981447405154066
2018-03-22,41.538981,-71.568672,2.6874886253630756
2018-03-23,41.538981,-71.568672,0.0
2018-03-24,41.538981,-71.568672,0.0
2018-03-25,41.538981,-71.568672,0.0024918104916232704
2018-03-26,41.538981,-71.568672,0.0
2018-03-27,41.538981,-71.568672,0.0
2018-03-28,41.538981,-71.568672,1.2623330858454889
2018-03-29,41.538981,-71.568672,0.4744921327321223
2018-03-30,41.538981,-71.568672,2.463438662392155
2018-03-31,41.538981,-71.568672,0.001542872005502789
2018-04-01,41.538981,-71.568672,5.368247695127033
2018-04-02,41.538981,-71.568672,5.191449231037091
2018-04-03,41.538981,-71.568672,13.825830270836919
2018-04-04,41.538981,-71.568672,5.103321286191691
2018-04-05,41.538981,-71.568672,0.0
2018-04-06,41.538981,-71.568672,1.8306045259290498
2018-04-07,41.538981,-71.568672,4.283904904850738
2018-04-08,41.538981,-71.568672,0.004153017331326822
2018-04-09,41.538981,-71.568672,0.0
2018-04-10,41.538981,-71.568672,0.44371045990494407
2018-04-11,41.538981,-71.568672,0.0
2018-04-12,41.538981,-71.568672,0.9706177374804613
2018-04-13,41.538981,-71.568672,7.049601450815949
2018-04-14,41.538981,-71.568672,0.021710678420089936
2018-04-15,41.538981,-71.568672,1.9590665254051554
2018-04-16,41.538981,-71.568672,37.85879065060659
2018-04-17,41.538981,-71.568672,0.07669429808050451
2018-04-18,41.538981,-71.568672,0.05878756578473013
2018-04-19,41.538981,-71.568672,2.719242381971475
2018-04-20,41.538981,-71.568672,0.0
2018-04-21,41.538981,-71.568672,0.0
2018-04-22,41.538981,-71.568672,0.0
2018-04-23,41.538981,-71.568672,0.0
2018-04-24,41.538981,-71.568672,0.1391112413421027
2018-04-25,41.538981,-71.568672,31.181360599225517
2018-04-26,41.538981,-71.568672,8.418364484335852
2018-04-27,41.538981,-71.568672,21.239839266246392
2018-04-28,41.538981,-71.568672,0.0
2018-04-29,41.538981,-71.568672,0.803256263532363
2018-04-30,41.538981,-71.568672,0.001748588395519622
2018-05-01,41.538981,-71.568672,0.0004480918501532613
2018-05-02,41.538981,-71.568672,0.0
2018-05-03,41.538981,-71.568672,0.001866923269479414
2018-05-04,41.538981,-71.568672,0.9842636905454452
2018-05-05,41.538981,-71.568672,0.009967241966493082
2018-05-06,41.538981,-71.568672,8.835806454757776
2018-05-07,41.538981,-71.568672,0.15817718331196984
2018-05-08,41.538981,-71.568672,0.0
2018-05-09,41.538981,-71.568672,0.0
2018-05-10,41.538981,-71.568672,0.000308574412595851
2018-05-11,41.538981,-71.568672,0.36283691965730863
2018-05-12,41.538981,-71.568672,3.287466045031578
2018-05-13,41.538981,-71.568672,1.2018348023238947
2018-05-14,41.538981,-71.568672,0.0527958635580093
2018-05-15,41.538981,-71.568672,13.724098169154338
2018-05-16,41.538981,-71.568672,5.759195089434857
2018-05-17,41.538981,-71.568672,13.922659029494316
2018-05-18,41.538981,-71.568672,0.0366850182886512
2018-05-19,41.538981,-71.568672,5.676538774122599
2018-05-20,41.538981,-71.568672,2.954797397446234
2018-05-21,41.538981,-71.568672,0.0
2018-05-22,41.538981,-71.568672,6.907773287981216
2018-05-23,41.538981,-71.568672,2.614586075316569
2018-05-24,41.538981,-71.568672,0.0
2018-05-25,41.538981,-71.568672,0.0
2018-05-26,41.538981,-71.568672,0.02558020518026606
2018-05-27,41.538981,-71.568672,2.538589369045441
2018-05-28,41.538981,-71.568672,0.06130369918839885
2018-05-29,41.538981,-71.568672,0.041871861623264485
2018-05-30,41.538981,-71.568672,0.0
2018-05-31,41.538981,-71.568672,0.0
2018-06-01,41.538981,-71.568672,11.335590561502034
2018-06-02,41.538981,-71.568672,0.4231611683360692
2018-06-03,41.538981,-71.568672,0.001344275550459784
2018-06-04,41.538981,-71.568672,9.179864887898525
2018-06-05,41.538981,-71.568672,0.16689256489721885
2018-06-06,41.538981,-71.568672,0.16384173071367
2018-06-07,41.538981,-71.568672,0.0
2018-06-08,41.538981,-71.568672,0.0
2018-06-09,41.538981,-71.568672,0.024918103987960932
2018-06-10,41.538981,-71.568672,0.015904230592686665
2018-06-11,41.538981,-71.568672,0.8409256743357625
2018-06-12,41.538981,-71.568672,0.0
2018-06-13,41.538981,-71.568672,2.0502820219787434
2018-06-14,41.538981,-71.568672,0.08619315686195293
2018-06-15,41.538981,-71.568672,0.1214328851317627
2018-06-16,41.538981,-71.568672,0.0016612069944155136
2018-06-17,41.538981,-71.568672,0.0
2018-06-18,41.538981,-71.568672,1.3739736187301372
2018-06-19,41.538981,-71.568672,10.941326518141487
2018-06-20,41.538981,-71.568672,0.18045380251436868
2018-06-21,41.538981,-71.568672,3.0070685675814897
2018-06-22,41.538981,-71.568672,0.0
2018-06-23,41.538981,-71.568672,5.7213162676602565
2018-06-24,41.538981,-71.568672,0.19901453937838232
2018-06-25,41.538981,-71.568672,4.380481796151093
2018-06-26,41.538981,-71.568672,0.0
2018-06-27,41.538981,-71.568672,0.10272864517341519
2018-06-28,41.538981,-71.568672,17.78955822873577
2018-06-29,41.538981,-71.568672,0.3740155648800439
2018-06-30,41.538981,-71.568672,0.07598737918823203
2018-07-01,41.538981,-71.568672,0.11965980762339337
2018-07-02,41.538981,-71.568672,0.0031366430345364433
2018-07-03,41.538981,-71.568672,0.018273277247994574
2018-07-04,41.538981,-71.568672,0.25774886538681946
2018-07-05,41.538981,-71.568672,0.0
2018-07-06,41.538981,-71.568672,14.213570441071596
2018-07-07,41.538981,-71.568672,0.0
2018-07-08,41.538981,-71.568672,0.0
2018-07-09,41.538981,-71.568672,0.0
2018-07-10,41.538981,-71.568672,0.0
2018-07-11,41.538981,-71.568672,1.457594628937843
2018-07-12,41.538981,-71.568672,0.0
2018-07-13,41.538981,-71.568672,0.0
2018-07-14,41.538981,-71.568672,0.3429232945616498
2018-07-15,41.538981,-71.568672,4.338095037820047
2018-07-16,41.538981,-71.568672,0.004032826567915737
2018-07-17,41.538981,-71.568672,3.1093098522418536
2018-07-18,41.538981,-71.568672,7.195488130266683
2018-07-19,41.538981,-71.568672,0.0
2018-07-20,41.538981,-71.568672,0.0
2018-07-21,41.538981,-71.568672,0.008162452337478927
2018-07-22,41.538981,-71.568672,29.869476585705055
2018-07-23,41.538981,-71.568672,0.21066063059589654
2018-07-24,41.538981,-71.568672,0.0
2018-07-25,41.538981,-71.568672,1.8828283320746837
2018-07-26,41.538981,-71.568672,5.601235838879738
2018-07-27,41.538981,-71.568672,0.0
2018-07-28,41.538981,-71.568672,2.645966279049187
2018-07-29,41.538981,-71.568672,2.84054059995756
2018-07-30,41.538981,-71.568672,4.0814524870664455
2018-07-31,41.538981,-71.568672,0.3860615348804344
2018-08-01,41.538981,-71.568672,0.9579099948706158
2018-08-02,41.538981,-71.568672,0.010754204403678271
2018-08-03,41.538981,-71.568672,0.0
2018-08-04,41.538981,-71.568672,40.65470831080087
2018-08-05,41.538981,-71.568672,0.0
2018-08-06,41.538981,-71.568672,0.0
2018-08-07,41.538981,-71.568672,0.0
2018-08-08,41.538981,-71.568672,8.980120263784906
2018-08-09,41.538981,-71.568672,5.015156690906702
2018-08-10,41.538981,-71.568672,0.09787909946963404
2018-08-11,41.538981,-71.568672,13.890470450132293
2018-08-12,41.538981,-71.568672,3.4017780419135435
2018-08-13,41.538981,-71.568672,5.803801167705149
2018-08-14,41.538981,-71.568672,0.0
2018-08-15,41.538981,-71.568672,0.27511340426291
2018-08-16,41.538981,-71.568672,0.0
2018-08-17,41.538981,-71.568672,0.23354637249702653
2018-08-18,41.538981,-71.568672,41.51515254965878
2018-08-19,41.538981,-71.568672,2.1949198741433467
2018-08-20,41.538981,-71.568672,0.10131650198970574
2018-08-21,41.538981,-71.568672,0.0
2018-08-22,41.538981,-71.568672,3.5185043914568204
2018-08-23,41.538981,-71.568672,0.334788647607237
2018-08-24,41.538981,-71.568672,0.0
2018-08-25,41.538981,-71.568672,0.0
2018-08-26,41.538981,-71.568672,0.0
2018-08-27,41.538981,-71.568672,0.017630399605926772
2018-08-28,41.538981,-71.568672,0.30291269511243885
2018-08-29,41.538981,-71.568672,0.0
2018-08-30,41.538981,-71.568672,0.16627606251955457
2018-08-31,41.538981,-71.568672,0.05593790102267583
2018-09-01,41.538981,-71.568672,0.02018871828862659
2018-09-02,41.538981,-71.568672,0.0
2018-09-03,41.538981,-71.568672,0.0831255947610275
2018-09-04,41.538981,-71.568672,0.0
2018-09-05,41.538981,-71.568672,0.007236892806696645
2018-09-06,41.538981,-71.568672,6.464012092301849
2018-09-07,41.538981,-71.568672,10.709769700643845
2018-09-08,41.538981,-71.568672,16.91971729339159
2018-09-09,41.538981,-71.568672,5.499858343757252
2018-09-10,41.538981,-71.568672,34.949834892489584
2018-09-11,41.538981,-71.568672,0.025020962899052687
2018-09-12,41.538981,-71.568672,22.5857484124295
2018-09-13,41.538981,-71.568672,13.46905851327177
2018-09-14,41.538981,-71.568672,0.0
2018-09-15,41.538981,-71.568672,0.0
2018-09-16,41.538981,-71.568672,0.0
2018-09-17,41.538981,-71.568672,0.5757583637360355
2018-09-18,41.538981,-71.568672,19.801363450161187
2018-09-19,41.538981,-71.568672,0.0017923674006130451
2018-09-20,41.538981,-71.568672,0.0
2018-09-21,41.538981,-71.568672,0.2194190534109287
2018-09-22,41.538981,-71.568672,0.01349537253981193
2018-09-23,41.538981,-71.568672,0.212911083086647
2018-09-24,41.538981,-71.568672,0.01397266925067979
2018-09-25,41.538981,-71.568672,33.31358004668419
2018-09-26,41.538981,-71.568672,17.6851538624081
2018-09-27,41.538981,-71.568672,2.9705869560888587
2018-09-28,41.538981,-71.568672,11.53839359128253
2018-09-29,41.538981,-71.568672,0.0
2018-09-30,41.538981,-71.568672,0.0
2018-10-01,41.538981,-71.568672,0.04891899717902913
2018-10-02,41.538981,-71.568672,2.853149106529229
2018-10-03,41.538981,-71.568672,32.137825500567004
2018-10-04,41.538981,-71.568672,0.4799837670340776
2018-10-05,41.538981,-71.568672,0.0
2018-10-06,41.538981,-71.568672,0.5655870695452201
2018-10-07,41.538981,-71.568672,0.014888166451948886
2018-10-08,41.538981,-71.568672,0.0
2018-10-09,41.538981,-71.568672,0.0
2018-10-10,41.538981,-71.568672,0.0
2018-10-11,41.538981,-71.568672,7.131792837311551
2018-10-12,41.538981,-71.568672,70.5783598077562
2018-10-13,41.538981,-71.568672,4.688715406145493
2018-10-14,41.538981,-71.568672,0.8048677440378044
2018-10-15,41.538981,-71.568672,0.7352866851945484
2018-10-16,41.538981,-71.568672,1.9064232143667266
2018-10-17,41.538981,-71.568672,0.4421851307462268
2018-10-18,41.538981,-71.568672,0.00010285813753195034
2018-10-19,41.538981,-71.568672,0.0004480918501532613
2018-10-20,41.538981,-71.568672,4.218664790263583
2018-10-21,41.538981,-71.568672,2.7473196826203647
2018-10-22,41.538981,-71.568672,0.008898099801112159
2018-10-23,41.538981,-71.568672,0.001344275550459784
2018-10-24,41.538981,-71.568672,0.0
2018-10-25,41.538981,-71.568672,0.03159143934193357
2018-10-26,41.538981,-71.568672,0.020955274102793006
2018-10-27,41.538981,-71.568672,18.402849167902687
2018-10-28,41.538981,-71.568672,0.03113500428316184
2018-10-29,41.538981,-71.568672,2.3451265576248583
2018-10-30,41.538981,-71.568672,0.0
2018-10-31,41.538981,-71.568672,0.11448097577713891
2018-11-01,41.538981,-71.568672,1.7545416923391972
2018-11-02,41.538981,-71.568672,16.707381641887327
2018-11-03,41.538981,-71.568672,19.882924682032957
2018-11-04,41.538981,-71.568672,0.0
2018-11-05,41.538981,-71.568672,4.561118914577025
2018-11-06,41.538981,-71.568672,23.105240146105622
2018-11-07,41.538981,-71.568672,6.361989765997974
2018-11-08,41.538981,-71.568672,0.0
2018-11-09,41.538981,-71.568672,3.297141604952975
2018-11-10,41.538981,-71.568672,43.37324647575856
2018-11-11,41.538981,-71.568672,0.0
2018-11-12,41.538981,-71.568672,0.0017923674006130451
2018-11-13,41.538981,-71.568672,29.797550724565202
2018-11-14,41.538981,-71.568672,0.043915445509569696
2018-11-15,41.538981,-71.568672,28.443279427245376
2018-11-16,41.538981,-71.568672,28.798062279986603
2018-11-17,41.538981,-71.568672,0.0
2018-11-18,41.538981,-71.568672,0.027450359985844865
2018-11-19,41.538981,-71.568672,0.15168850182761184
2018-11-20,41.538981,-71.568672,1.028994674545223
2018-11-21,41.538981,-71.568672,0.0016612069944155136
2018-11-22,41.538981,-71.568672,0.0
2018-11-23,41.538981,-71.568672,0.0
2018-11-24,41.538981,-71.568672,0.6011203399597985
2018-11-25,41.538981,-71.568672,39.68186374409038
2018-11-26,41.538981,-71.568672,13.688343084873225
2018-11-27,41.538981,-71.568672,2.7993412058130995
2018-11-28,41.538981,-71.568672,0.004461591743922674
2018-11-29,41.538981,-71.568672,0.0
2018-11-30,41.538981,-71.568672,0.0
2018-12-01,41.538981,-71.568672,0.0
2018-12-02,41.538981,-71.568672,10.96924829217974
2018-12-03,41.538981,-71.568672,0.03787569493961949
2018-12-04,41.538981,-71.568672,0.0
2018-12-05,41.538981,-71.568672,0.0
2018-12-06,41.538981,-71.568672,0.0
2018-12-07,41.538981,-71.568672,0.0
2018-12-08,41.538981,-71.568672,0.0
2018-12-09,41.538981,-71.568672,0.0
2018-12-10,41.538981,-71.568672,0.0
2018-12-11,41.538981,-71.568672,0.0
2018-12-12,41.538981,-71.568672,0.0
2018-12-13,41.538981,-71.568672,3.717691264647221
2018-12-14,41.538981,-71.568672,0.0
2018-12-15,41.538981,-71.568672,2.5064358678076615
2018-12-16,41.538981,-71.568672,27.42423908721743
2018-12-17,41.538981,-71.568672,11.651003641013897
2018-12-18,41.538981,-71.568672,0.029070102671434797
2018-12-19,41.538981,-71.568672,0.0
2018-12-20,41.538981,-71.568672,0.20304443652953927
2018-12-21,41.538981,-71.568672,53.085582289359046
2018-12-22,41.538981,-71.568672,7.948411372978676
2018-12-23,41.538981,-71.568672,0.0036184464033483226
2018-12-24,41.538981,-71.568672,0.3724944918858484
2018-12-25,41.538981,-71.568672,0.012371618168933673
2018-12-26,41.538981,-71.568672,0.0
2018-12-27,41.538981,-71.568672,0.0
2018-12-28,41.538981,-71.568672,31.390710289741623
2018-12-29,41.538981,-71.568672,2.7235309284331457
2018-12-30,41.538981,-71.568672,0.012820948861839052
2018-12-31,41.538981,-71.568672,5.196387992127422
2019-01-01,41.538981,-71.568672,25.059593064670118
2019-01-02,41.538981,-71.568672,0.006755088763896586
2019-01-03,41.538981,-71.568672,6.322640214700351
2019-01-04,41.538981,-71.568672,0.011665390980164982
2019-01-05,41.538981,-71.568672,35.00611811938742
2019-01-06,41.538981,-71.568672,0.8438793060482254
2019-01-07,41.538981,-71.568672,0.17864863048492707
2019-01-08,41.538981,-71.568672,1.814998139415207
2019-01-09,41.538981,-71.568672,2.31398855913936
2019-01-10,41.538981,-71.568672,1.1029191949159087
2019-01-11,41.538981,-71.568672,0.0
2019-01-12,41.538981,-71.568672,0.00010285813753195034
2019-01-13,41.538981,-71.568672,0.0
2019-01-14,41.538981,-71.568672,0.0
2019-01-15,41.538981,-71.568672,0.0031366430345364433
2019-01-16,41.538981,-71.568672,0.007224080150549234
2019-01-17,41.538981,-71.568672,0.0004480918501532613
2019-01-18,41.538981,-71.568672,0.6301032748544828
2019-01-19,41.538981,-71.568672,0.012459051993980466
2019-01-20,41.538981,-71.568672,79.65780507859277
2019-01-21,41.538981,-71.568672,0.0
2019-01-22,41.538981,-71.568672,0.0
2019-01-23,41.538981,-71.568672,0.20558301373349797
2019-01-24,41.538981,-71.568672,49.15977629742688
2019-01-25,41.538981,-71.568672,0.023075852325999978
2019-01-26,41.538981,-71.568672,0.01209847936989275
2019-01-27,41.538981,-71.568672,0.018092231342753437
2019-01-28,41.538981,-71.568672,2.9416511643255614
2019-01-29,41.538981,-71.568672,0.6691665020670128
2019-01-30,41.538981,-71.568672,5.383728090821505
2019-01-31,41.538981,-71.568672,0.0
2019-02-01,41.538981,-71.568672,0.0
2019-02-02,41.538981,-71.568672,0.04817870930199855
2019-02-03,41.538981,-71.568672,1.915448205321197
2019-02-04,41.538981,-71.568672,0.020216092832035727
2019-02-05,41.538981,-71.568672,0.009858020870298967
2019-02-06,41.538981,-71.568672,0.1893191565448814
2019-02-07,41.538981,-71.568672,15.461715840650065
2019-02-08,41.538981,-71.568672,15.6401599984349
2019-02-09,41.538981,-71.568672,0.0
2019-02-10,41.538981,-71.568672,0.0
2019-02-11,41.538981,-71.568672,1.4525511596654028
2019-02-12,41.538981,-71.568672,18.89998837398534
2019-02-13,41.538981,-71.568672,11.575749360315257
2019-02-14,41.538981,-71.568672,0.0
2019-02-15,41.538981,-71.568672,3.1297338583608156
2019-02-16,41.538981,-71.568672,3.718841157651986
2019-02-17,41.538981,-71.568672,1.322620983834597
2019-02-18,41.538981,-71.568672,12.292220433212602
2019-02-19,41.538981,-71.568672,0.3734271239628506
2019-02-20,41.538981,-71.568672,0.6179905411551803
2019-02-21,41.538981,-71.568672,11.793737722661302
2019-02-22,41.538981,-71.568672,0.5398386348393012
2019-02-23,41.538981,-71.568672,0.20263273128463422
2019-02-24,41.538981,-71.568672,25.557720474911424
2019-02-25,41.538981,-71.568672,0.0
2019-02-26,41.538981,-71.568672,0.0
2019-02-27,41.538981,-71.568672,0.5108568593015779
2019-02-28,41.538981,-71.568672,1.6513716403659415
2019-03-01,41.538981,-71.568672,0.008961836669210767
2019-03-02,41.538981,-71.568672,8.407754038213696
2019-03-03,41.538981,-71.568672,0.9077671528256469
2019-03-04,41.538981,-71.568672,51.374272159096755
2019-03-05,41.538981,-71.568672,0.0
2019-03-06,41.538981,-71.568672,0.0
2019-03-07,41.538981,-71.568672,0.0
2019-03-08,41.538981,-71.568672,0.0002057162750639007
2019-03-09,41.538981,-71.568672,0.0
2019-03-10,41.538981,-71.568672,6.097048496931363
2019-03-11,41.538981,-71.568672,0.235986864751748
2019-03-12,41.538981,-71.568672,0.0
2019-03-13,41.538981,-71.568672,0.0
2019-03-14,41.538981,-71.568672,0.14492698439685928
2019-03-15,41.538981,-71.568672,4.029657300929925
2019-03-16,41.538981,-71.568672,0.327612055059735
2019-03-17,41.538981,-71.568672,0.0
2019-03-18,41.538981,-71.568672,0.0
2019-03-19,41.538981,-71.568672,0.0
2019-03-20,41.538981,-71.568672,0.0
2019-03-21,41.538981,-71.568672,0.031716731713593585
2019-03-22,41.538981,-71.568672,23.42259531053622
2019-03-23,41.538981,-71.568672,0.07726615907532661
2019-03-24,41.538981,-71.568672,0.0008306034972077568
2019-03-25,41.538981,-71.568672,0.36482924482500223
2019-03-26,41.538981,-71.568672,0.008898099801112159
2019-03-27,41.538981,-71.568672,0.004514630103654845
2019-03-28,41.538981,-71.568672,0.0
2019-03-29,41.538981,-71.568672,0.7388746406966908
2019-03-30,41.538981,-71.568672,0.03625533524803455
2019-03-31,41.538981,-71.568672,4.553219793725479
2019-04-01,41.538981,-71.568672,0.0
2019-04-02,41.538981,-71.568672,0.0005509499876852116
2019-04-03,41.538981,-71.568672,39.774546877716006
2019-04-04,41.538981,-71.568672,0.0
2019-04-05,41.538981,-71.568672,1.849569771635399
2019-04-06,41.538981,-71.568672,3.9397241013537263
2019-04-07,41.538981,-71.568672,0.048232496429682054
2019-04-08,41.538981,-71.568672,9.220424284292251
2019-04-09,41.538981,-71.568672,0.5265007553204935
2019-04-10,41.538981,-71.568672,0.015470378736914635
2019-04-11,41.538981,-71.568672,0.0
2019-04-12,41.538981,-71.568672,0.6787117491845089
2019-04-13,41.538981,-71.568672,19.39446731325199
2019-04-14,41.538981,-71.568672,0.018865340839333472
2019-04-15,41.538981,-71.568672,18.643588907682663
2019-04-16,41.538981,-71.568672,0.0
2019-04-17,41.538981,-71.568672,0.2152976251614298
2019-04-18,41.538981,-71.568672,0.9853133750544739
2019-04-19,41.538981,-71.568672,0.06899785884197143
2019-04-20,41.538981,-71.568672,30.384810514342874
2019-04-21,41.538981,-71.568672,8.106610142224635
2019-04-22,41.538981,-71.568672,2.554946971191457
2019-04-23,41.538981,-71.568672,0.6506862095009851
2019-04-24,41.538981,-71.568672,4.234959642163103
2019-04-25,41.538981,-71.568672,0.0
2019-04-26,41.538981,-71.568672,19.60623708649276
2019-04-27,41.538981,-71.568672,11.259970717166036
2019-04-28,41.538981,-71.568672,2.0718133747996137
2019-04-29,41.538981,-71.568672,0.024671144569275102
2019-04-30,41.538981,-71.568672,4.30795293489855
2019-05-01,41.538981,-71.568672,0.12184745173768122
2019-05-02,41.538981,-71.568672,0.6007110024685594
2019-05-03,41.538981,-71.568672,0.9141510702011685
2019-05-04,41.538981,-71.568672,9.289792273743661
2019-05-05,41.538981,-71.568672,21.131279143554263
2019-05-06,41.538981,-71.568672,18.85354121433752
2019-05-07,41.538981,-71.568672,0.0
2019-05-08,41.538981,-71.568672,0.3958824230111243
2019-05-09,41.538981,-71.568672,0.03005754151750346
2019-05-10,41.538981,-71.568672,0.865550034767599
2019-05-11,41.538981,-71.568672,0.8258319420324483
2019-05-12,41.538981,-71.568672,29.45557910517914
2019-05-13,41.538981,-71.568672,3.3668563635525244
2019-05-14,41.538981,-71.568672,4.503464466203029
2019-05-15,41.538981,-71.568672,0.07729471859136602
2019-05-16,41.538981,-71.568672,0.1492288063852923
2019-05-17,41.538981,-71.568672,1.8582960453303934
2019-05-18,41.538981,-71.568672,0.0
2019-05-19,41.538981,-71.568672,0.022541281917297692
2019-05-20,41.538981,-71.568672,2.2593172924558207
2019-05-21,41.538981,-71.568672,0.016612069325307288
2019-05-22,41.538981,-71.568672,0.0
2019-05-23,41.538981,-71.568672,0.5799519871810805
2019-05-24,41.538981,-71.568672,0.05789514245357316
2019-05-25,41.538981,-71.568672,0.0
2019-05-26,41.538981,-71.568672,0.47454759565511273
2019-05-27,41.538981,-71.568672,0.12819992883797748
2019-05-28,41.538981,-71.568672,0.047013110188600785
2019-05-29,41.538981,-71.568672,2.0615379286141655
2019-05-30,41.538981,-71.568672,6.846669375165695
2019-05-31,41.538981,-71.568672,6.413265453527309
2019-06-01,41.538981,-71.568672,0.0016612069944155136
2019-06-02,41.538981,-71.568672,0.5754451268311503
2019-06-03,41.538981,-71.568672,2.3337197525999165
2019-06-04,41.538981,-71.568672,0.0
2019-06-05,41.538981,-71.568672,0.1774982943757568
2019-06-06,41.538981,-71.568672,5.819857513129359
2019-06-07,41.538981,-71.568672,0.0
2019-06-08,41.538981,-71.568672,0.001447133687991734
2019-06-09,41.538981,-71.568672,0.0
2019-06-10,41.538981,-71.568672,2.239697309498613
2019-06-11,41.538981,-71.568672,21.005103296461122
2019-06-12,41.538981,-71.568672,0.0
2019-06-13,41.538981,-71.568672,17.561415487592797
2019-06-14,41.538981,-71.568672,0.021595690617977753
2019-06-15,41.538981,-71.568672,0.0
2019-06-16,41.538981,-71.568672,6.240260001061257
2019-06-17,41.538981,-71.568672,1.3874454393329594
2019-06-18,41.538981,-71.568672,9.093653869400685
2019-06-19,41.538981,-71.568672,0.45869008340090567
2019-06-20,41.538981,-71.568672,1.7355261628584198
2019-06-21,41.538981,-71.568672,16.345541340872614
2019-06-22,41.538981,-71.568672,0.19029853396510787
2019-06-23,41.538981,-71.568672,0.0
2019-06-24,41.538981,-71.568672,0.0
2019-06-25,41.538981,-71.568672,25.386739742884497
2019-06-26,41.538981,-71.568672,0.0
2019-06-27,41.538981,-71.568672,0.0
2019-06-28,41.538981,-71.568672,0.0
2019-06-29,41.538981,-71.568672,1.605181830555068
2019-06-30,41.538981,-71.568672,3.294239301398326
2019-07-01,41.538981,-71.568672,0.001344275550459784
2019-07-02,41.538981,-71.568672,2.2465750023231417
2019-07-03,41.538981,-71.568672,0.0
2019-07-04,41.538981,-71.568672,0.0
2019-07-05,41.538981,-71.568672,0.0
2019-07-06,41.538981,-71.568672,0.10312922875712706
2019-07-07,41.538981,-71.568672,0.48617530978403517
2019-07-08,41.538981,-71.568672,0.10997157481001586
2019-07-09,41.538981,-71.568672,0.0
2019-07-10,41.538981,-71.568672,0.0
2019-07-11,41.538981,-71.568672,0.02596655404366067
2019-07-12,41.538981,-71.568672,25.75815417830124
2019-07-13,41.538981,-71.568672,0.0
2019-07-14,41.538981,-71.568672,0.0
2019-07-15,41.538981,-71.568672,0.0
2019-07-16,41.538981,-71.568672,0.0017923674006130451
2019-07-17,41.538981,-71.568672,1.1610063358151317
2019-07-18,41.538981,-71.568672,4.868527811563114
2019-07-19,41.538981,-71.568672,0.0005509499876852116
2019-07-20,41.538981,-71.568672,0.0
2019-07-21,41.538981,-71.568672,0.0
2019-07-22,41.538981,-71.568672,3.1549510088098174
2019-07-23,41.538981,-71.568672,55.29779558389331
2019-07-24,41.538981,-71.568672,15.378330220563177
2019-07-25,41.538981,-71.568672,0.0
2019-07-26,41.538981,-71.568672,0.0
2019-07-27,41.538981,-71.568672,0.29751420548863533
2019-07-28,41.538981,-71.568672,0.0
2019-07-29,41.538981,-71.568672,0.0
2019-07-30,41.538981,-71.568672,0.0
2019-07-31,41.538981,-71.568672,0.0
2019-08-01,41.538981,-71.568672,0.5340226919820067
2019-08-02,41.538981,-71.568672,0.20008492028971553
2019-08-03,41.538981,-71.568672,0.0
2019-08-04,41.538981,-71.568672,0.4016894432120519
2019-08-05,41.538981,-71.568672,0.0
2019-08-06,41.538981,-71.568672,2.9783410998262063
2019-08-07,41.538981,-71.568672,0.2136436562920457
2019-08-08,41.538981,-71.568672,1.089388399986809
2019-08-09,41.538981,-71.568672,0.0
2019-08-10,41.538981,-71.568672,0.015304389110601047
2019-08-11,41.538981,-71.568672,0.000617148825191702
2019-08-12,41.538981,-71.568672,0.0016612069944155136
2019-08-13,41.538981,-71.568672,14.948457955161818
2019-08-14,41.538981,-71.568672,0.6387133404556029
2019-08-15,41.538981,-71.568672,0.0
2019-08-16,41.538981,-71.568672,0.030650653939146982
2019-08-17,41.538981,-71.568672,5.843149953339085
2019-08-18,41.538981,-71.568672,0.0032028417694204975
2019-08-19,41.538981,-71.568672,20.57767628846872
2019-08-20,41.538981,-71.568672,0.001344275550459784
2019-08-21,41.538981,-71.568672,0.4195828358446867
2019-08-22,41.538981,-71.568672,1.1725904063411148
2019-08-23,41.538981,-71.568672,12.833545981027386
2019-08-24,41.538981,-71.568672,0.054692822972021396
2019-08-25,41.538981,-71.568672,0.0
2019-08-26,41.538981,-71.568672,0.0
2019-08-27,41.538981,-71.568672,0.30250275998692366
2019-08-28,41.538981,-71.568672,17.392423181198122
2019-08-29,41.538981,-71.568672,18.969560646829763
2019-08-30,41.538981,-71.568672,0.0
2019-08-31,41.538981,-71.568672,0.0
2019-09-01,41.538981,-71.568672,0.09440113260723942
2019-09-02,41.538981,-71.568672,1.2314813177516841
2019-09-03,41.538981,-71.568672,0.007236892806696645
2019-09-04,41.538981,-71.568672,0.5521017641100787
2019-09-05,41.538981,-71.568672,0.42455012234179457
2019-09-06,41.538981,-71.568672,8.685497861160814
2019-09-07,41.538981,-71.568672,10.331928669911013
2019-09-08,41.538981,-71.568672,0.05887780118777585
2019-09-09,41.538981,-71.568672,0.051554436043135754
2019-09-10,41.538981,-71.568672,0.0
2019-09-11,41.538981,-71.568672,0.05226100608522327
2019-09-12,41.538981,-71.568672,9.872768464121418
2019-09-13,41.538981,-71.568672,0.0
2019-09-14,41.538981,-71.568672,0.0
2019-09-15,41.538981,-71.568672,0.1413057396164671
2019-09-16,41.538981,-71.568672,0.004897141750709341
2019-09-17,41.538981,-71.568672,0.0
2019-09-18,41.538981,-71.568672,0.0
2019-09-19,41.538981,-71.568672,0.0
2019-09-20,41.538981,-71.568672,0.0
2019-09-21,41.538981,-71.568672,0.0
2019-09-22,41.538981,-71.568672,0.0
2019-09-23,41.538981,-71.568672,0.0
2019-09-24,41.538981,-71.568672,10.263991528740757
2019-09-25,41.538981,-71.568672,0.0
2019-09-26,41.538981,-71.568672,3.3388875362820603
2019-09-27,41.538981,-71.568672,0.0
2019-09-28,41.538981,-71.568672,0.0
2019-09-29,41.538981,-71.568672,0.0
2019-09-30,41.538981,-71.568672,0.07209346275855034
2019-10-01,41.538981,-71.568672,0.0
2019-10-02,41.538981,-71.568672,0.04887489676087542
2019-10-03,41.538981,-71.568672,0.6817497847609464
2019-10-04,41.538981,-71.568672,0.025852711488635445
2019-10-05,41.538981,-71.568672,0.0
2019-10-06,41.538981,-71.568672,0.0
2019-10-07,41.538981,-71.568672,0.037673423978909715
2019-10-08,41.538981,-71.568672,4.041555769124376
2019-10-09,41.538981,-71.568672,24.407318227954573
2019-10-10,41.538981,-71.568672,11.810768480847047
2019-10-11,41.538981,-71.568672,0.2656536629315994
2019-10-12,41.538981,-71.568672,0.0
2019-10-13,41.538981,-71.568672,0.0
2019-10-14,41.538981,-71.568672,0.5425863612459895
2019-10-15,41.538981,-71.568672,0.0
2019-10-16,41.538981,-71.568672,12.436818386843195
2019-10-17,41.538981,-71.568672,37.83851316037771
2019-10-18,41.538981,-71.568672,0.06514457928031289
2019-10-19,41.538981,-71.568672,0.0
2019-10-20,41.538981,-71.568672,5.824057746232622
2019-10-21,41.538981,-71.568672,6.462206812731034
2019-10-22,41.538981,-71.568672,0.42914047312454484
2019-10-23,41.538981,-71.568672,2.514932211060876
2019-10-24,41.538981,-71.568672,0.0
2019-10-25,41.538981,-71.568672,0.0004480918501532613
2019-10-26,41.538981,-71.568672,0.3745807130257605
2019-10-27,41.538981,-71.568672,29.074563076970836
2019-10-28,41.538981,-71.568672,0.0
2019-10-29,41.538981,-71.568672,0.0
2019-10-30,41.538981,-71.568672,0.00010285813753195034
2019-10-31,41.538981,-71.568672,10.717627014079882
2019-11-01,41.538981,-71.568672,1.0888394638151278
2019-11-02,41.538981,-71.568672,0.0
2019-11-03,41.538981,-71.568672,0.0
2019-11-04,41.538981,-71.568672,0.0
2019-11-05,41.538981,-71.568672,10.842314464068764
2019-11-06,41.538981,-71.568672,0.0
2019-11-07,41.538981,-71.568672,0.5949198528996236
2019-11-08,41.538981,-71.568672,4.410992944838695
2019-11-09,41.538981,-71.568672,0.0
2019-11-10,41.538981,-71.568672,0.02378689739127177
2019-11-11,41.538981,-71.568672,0.05599904011603351
2019-11-12,41.538981,-71.568672,10.224096398136787
2019-11-13,41.538981,-71.568672,1.575806884110706
2019-11-14,41.538981,-71.568672,0.0007566662627491123
2019-11-15,41.538981,-71.568672,0.0
2019-11-16,41.538981,-71.568672,0.0
2019-11-17,41.538981,-71.568672,0.11929373879046523
2019-11-18,41.538981,-71.568672,6.505487624053474
2019-11-19,41.538981,-71.568672,1.525161776756267
2019-11-20,41.538981,-71.568672,0.06644988348637798
2019-11-21,41.538981,-71.568672,0.0
2019-11-22,41.538981,-71.568672,9.141909809655411
2019-11-23,41.538981,-71.568672,0.0
2019-11-24,41.538981,-71.568672,36.70426342369671
2019-11-25,41.538981,-71.568672,0.17368542736071949
2019-11-26,41.538981,-71.568672,0.009121161520669059
2019-11-27,41.538981,-71.568672,5.977236490084183
2019-11-28,41.538981,-71.568672,0.41720936790785934
2019-11-29,41.538981,-71.568672,0.0
2019-11-30,41.538981,-71.568672,0.0002057162750639007
2019-12-01,41.538981,-71.568672,6.417610452318792
2019-12-02,41.538981,-71.568672,1.168753338837048
2019-12-03,41.538981,-71.568672,1.3037121135141843
2019-12-04,41.538981,-71.568672,0.409377631489636
2019-12-05,41.538981,-71.568672,0.0
2019-12-06,41.538981,-71.568672,1.0779867342891032
2019-12-07,41.538981,-71.568672,0.006721377501908076
2019-12-08,41.538981,-71.568672,0.0
2019-12-09,41.538981,-71.568672,28.975256168581062
2019-12-10,41.538981,-71.568672,45.9432721006741
2019-12-11,41.538981,-71.568672,5.802281885595924
2019-12-12,41.538981,-71.568672,0.0
2019-12-13,41.538981,-71.568672,1.4006445544519577
2019-12-14,41.538981,-71.568672,69.17783740408984
2019-12-15,41.538981,-71.568672,0.0
2019-12-16,41.538981,-71.568672,0.17904781271216394
2019-12-17,41.538981,-71.568672,11.845989676755394
2019-12-18,41.538981,-71.568672,0.08796487463690761
2019-12-19,41.538981,-71.568672,0.0
2019-12-20,41.538981,-71.568672,0.0
2019-12-21,41.538981,-71.568672,0.0
2019-12-22,41.538981,-71.568672,0.5287702478718485
2019-12-23,41.538981,-71.568672,0.00010285813753195034
2019-12-24,41.538981,-71.568672,0.0
2019-12-25,41.538981,-71.568672,0.0
2019-12-26,41.538981,-71.568672,0.027284251747926366
2019-12-27,41.538981,-71.568672,0.48490482887512154
2019-12-28,41.538981,-71.568672,0.0
2019-12-29,41.538981,-71.568672,0.9328497570108591
2019-12-30,41.538981,-71.568672,41.13152726736074
2019-12-31,41.538981,-71.568672,0.038179329108068955
2020-01-01,41.538981,-71.568672,0.0
2020-01-02,41.538981,-71.568672,0.008898099801112159
2020-01-03,41.538981,-71.568672,8.224319881454154
2020-01-04,41.538981,-71.568672,16.22635966114094
2020-01-05,41.538981,-71.568672,1.5674928932116021
2020-01-06,41.538981,-71.568672,0.0002057162750639007
2020-01-07,41.538981,-71.568672,0.0
2020-01-08,41.538981,-71.568672,1.7806999882231445
2020-01-09,41.538981,-71.568672,0.0
2020-01-10,41.538981,-71.568672,0.20370780574305775
2020-01-11,41.538981,-71.568672,0.5117660535887638
2020-01-12,41.538981,-71.568672,2.2823374523460176
2020-01-13,41.538981,-71.568672,0.0024918104916232704
2020-01-14,41.538981,-71.568672,0.1330333106988651
2020-01-15,41.538981,-71.568672,0.004644093891955015
2020-01-16,41.538981,-71.568672,0.3476569664021605
2020-01-17,41.538981,-71.568672,0.0
2020-01-18,41.538981,-71.568672,0.049819380299016905
2020-01-19,41.538981,-71.568672,1.268014890330517
2020-01-20,41.538981,-71.568672,0.0
2020-01-21,41.538981,-71.568672,0.0
2020-01-22,41.538981,-71.568672,0.0
2020-01-23,41.538981,-71.568672,0.0
2020-01-24,41.538981,-71.568672,0.0
2020-01-25,41.538981,-71.568672,18.95969808523161
2020-01-26,41.538981,-71.568672,7.416596624902528
2020-01-27,41.538981,-71.568672,0.0008961837003065226
2020-01-28,41.538981,-71.568672,0.0
2020-01-29,41.538981,-71.568672,0.0
2020-01-30,41.538981,-71.568672,0.0
2020-01-31,41.538981,-71.568672,0.03256601695614673
2020-02-01,41.538981,-71.568672,1.7607865192259127
2020-02-02,41.538981,-71.568672,0.17511058205435767
2020-02-03,41.538981,-71.568672,0.0
2020-02-04,41.538981,-71.568672,4.040517425616411
2020-02-05,41.538981,-71.568672,6.249185018460114
2020-02-06,41.538981,-71.568672,7.017684543206195
2020-02-07,41.538981,-71.568672,25.313536179640913
2020-02-08,41.538981,-71.568672,0.0
2020-02-09,41.538981,-71.568672,0.0
2020-02-10,41.538981,-71.568672,10.281561223298947
2020-02-11,41.538981,-71.568672,19.384581427701264
2020-02-12,41.538981,-71.568672,0.12254971219821104
2020-02-13,41.538981,-71.568672,24.747604879121855
2020-02-14,41.538981,-71.568672,0.08961425289656832
2020-02-15,41.538981,-71.568672,0.0
2020-02-16,41.538981,-71.568672,0.0
2020-02-17,41.538981,-71.568672,0.0
2020-02-18,41.538981,-71.568672,1.434368798347461
2020-02-19,41.538981,-71.568672,2.747325618084017
2020-02-20,41.538981,-71.568672,0.025370093746447914
2020-02-21,41.538981,-71.568672,0.0
2020-02-22,41.538981,-71.568672,0.0
2020-02-23,41.538981,-71.568672,0.0
2020-02-24,41.538981,-71.568672,0.0
2020-02-25,41.538981,-71.568672,2.6328657017611428
2020-02-26,41.538981,-71.568672,0.0
2020-02-27,41.538981,-71.568672,14.328975438115556
2020-02-28,41.538981,-71.568672,0.0
2020-02-29,41.538981,-71.568672,0.0
2020-03-01,41.538981,-71.568672,0.0
2020-03-02,41.538981,-71.568672,0.013412729904767003
2020-03-03,41.538981,-71.568672,15.123460973046605
2020-03-04,41.538981,-71.568672,5.978996731926901
2020-03-05,41.538981,-71.568672,0.0
2020-03-06,41.538981,-71.568672,3.602970867016115
2020-03-07,41.538981,-71.568672,3.019336267119683
2020-03-08,41.538981,-71.568672,0.0
2020-03-09,41.538981,-71.568672,0.0008961837003065226
2020-03-10,41.538981,-71.568672,0.25101495510277616
2020-03-11,41.538981,-71.568672,4.3926425284880715
2020-03-12,41.538981,-71.568672,0.0
2020-03-13,41.538981,-71.568672,1.5409896876712783
2020-03-14,41.538981,-71.568672,0.0
2020-03-15,41.538981,-71.568672,1.7535035181712635
2020-03-16,41.538981,-71.568672,0.0
2020-03-17,41.538981,-71.568672,0.02394574178485567
2020-03-18,41.538981,-71.568672,1.4802018788519211
2020-03-19,41.538981,-71.568672,14.626230619627375
2020-03-20,41.538981,-71.568672,3.6838239273652373
2020-03-21,41.538981,-71.568672,0.812791544565163
2020-03-22,41.538981,-71.568672,0.0
2020-03-23,41.538981,-71.568672,47.916992445905755
2020-03-24,41.538981,-71.568672,9.216195276534243
2020-03-25,41.538981,-71.568672,0.6917469575468703
2020-03-26,41.538981,-71.568672,0.016232441752017827
2020-03-27,41.538981,-71.568672,0.2334503282386578
2020-03-28,41.538981,-71.568672,7.782769126670775
2020-03-29,41.538981,-71.568672,10.68635123577818
2020-03-30,41.538981,-71.568672,2.216007353065993
2020-03-31,41.538981,-71.568672,0.011988501977426388
2020-04-01,41.538981,-71.568672,0.004823204516250696
2020-04-02,41.538981,-71.568672,3.1411525600501324
2020-04-03,41.538981,-71.568672,11.572261886209048
2020-04-04,41.538981,-71.568672,0.11575829933214206
2020-04-05,41.538981,-71.568672,0.010212848883095616
2020-04-06,41.538981,-71.568672,0.007195778120059226
2020-04-07,41.538981,-71.568672,0.0004114325501278014
2020-04-08,41.538981,-71.568672,2.235396046762842
2020-04-09,41.538981,-71.568672,21.638423789496787
2020-04-10,41.538981,-71.568672,0.0015133325254982246
2020-04-11,41.538981,-71.568672,0.0
2020-04-12,41.538981,-71.568672,0.00010285813753195034
2020-04-13,41.538981,-71.568672,30.54550116926639
2020-04-14,41.538981,-71.568672,0.24555134832192618
2020-04-15,41.538981,-71.568672,14.739257474094574
2020-04-16,41.538981,-71.568672,0.0
2020-04-17,41.538981,-71.568672,0.017442674524346613
2020-04-18,41.538981,-71.568672,10.801790923231598
2020-04-19,41.538981,-71.568672,0.10595508732790634
2020-04-20,41.538981,-71.568672,2.9718836022686768
2020-04-21,41.538981,-71.568672,9.38142508938147
2020-04-22,41.538981,-71.568672,0.0
2020-04-23,41.538981,-71.568672,0.08391520348660061
2020-04-24,41.538981,-71.568672,32.77486620547384
2020-04-25,41.538981,-71.568672,1.3675722117138174
2020-04-26,41.538981,-71.568672,7.9493706712430185
2020-04-27,41.538981,-71.568672,0.1036451818749632
2020-04-28,41.538981,-71.568672,2.5578644247276934
2020-04-29,41.538981,-71.568672,0.02473705932041549
2020-04-30,41.538981,-71.568672,9.510520005699163
2020-05-01,41.538981,-71.568672,14.128815715334362
2020-05-02,41.538981,-71.568672,0.24458766883414973
2020-05-03,41.538981,-71.568672,2.0896610812413607
2020-05-04,41.538981,-71.568672,3.431296915373245
2020-05-05,41.538981,-71.568672,0.0
2020-05-06,41.538981,-71.568672,6.740180985623943
2020-05-07,41.538981,-71.568672,1.0893348923751927
2020-05-08,41.538981,-71.568672,4.740285419398172
2020-05-09,41.538981,-71.568672,5.052157607918426
2020-05-10,41.538981,-71.568672,0.2626537134716092
2020-05-11,41.538981,-71.568672,1.4539317671437626
2020-05-12,41.538981,-71.568672,0.0
2020-05-13,41.538981,-71.568672,0.0
2020-05-14,41.538981,-71.568672,0.0
2020-05-15,41.538981,-71.568672,6.091465536184302
2020-05-16,41.538981,-71.568672,9.63538000792764
2020-05-17,41.538981,-71.568672,0.2476161490441635
2020-05-18,41.538981,-71.568672,4.109676982175246
2020-05-19,41.538981,-71.568672,0.010855339210044968
2020-05-20,41.538981,-71.568672,0.08637420276719404
2020-05-21,41.538981,-71.568672,0.0
2020-05-22,41.538981,-71.568672,0.0
2020-05-23,41.538981,-71.568672,20.368160961808258
2020-05-24,41.538981,-71.568672,0.0
2020-05-25,41.538981,-71.568672,0.22158353295620786
2020-05-26,41.538981,-71.568672,0.0
2020-05-27,41.538981,-71.568672,0.0
2020-05-28,41.538981,-71.568672,0.02050224795814616
2020-05-29,41.538981,-71.568672,0.7512010520535949
2020-05-30,41.538981,-71.568672,1.6681084423752108
2020-05-31,41.538981,-71.568672,0.0
2020-06-01,41.538981,-71.568672,0.00010285813753195034
2020-06-02,41.538981,-71.568672,1.0382686350163919
2020-06-03,41.538981,-71.568672,1.774227297277311
2020-06-04,41.538981,-71.568672,3.117998186914312
2020-06-05,41.538981,-71.568672,17.536229512927402
2020-06-06,41.538981,-71.568672,30.735204592646106
2020-06-07,41.538981,-71.568672,0.0
2020-06-08,41.538981,-71.568672,0.0
2020-06-09,41.538981,-71.568672,0.10400096162295795
2020-06-10,41.538981,-71.568672,0.566497235215374
2020-06-11,41.538981,-71.568672,15.607628870013857
2020-06-12,41.538981,-71.568672,0.4351268630822853
2020-06-13,41.538981,-71.568672,0.0
2020-06-14,41.538981,-71.568672,0.0
2020-06-15,41.538981,-71.568672,0.6524009001884402
2020-06-16,41.538981,-71.568672,0.0
2020-06-17,41.538981,-71.568672,0.0
2020-06-18,41.538981,-71.568672,0.10588910446886343
2020-06-19,41.538981,-71.568672,0.523367033803674
2020-06-20,41.538981,-71.568672,0.19703976366736536
2020-06-21,41.538981,-71.568672,0.0
2020-06-22,41.538981,-71.568672,0.31123115903441023
2020-06-23,41.538981,-71.568672,0.0
2020-06-24,41.538981,-71.568672,0.07903726805005776
2020-06-25,41.538981,-71.568672,0.07094625854745971
2020-06-26,41.538981,-71.568672,0.881355355240125
2020-06-27,41.538981,-71.568672,10.604537336442652
2020-06-28,41.538981,-71.568672,0.5112425700918682
2020-06-29,41.538981,-71.568672,3.41590970287972
2020-06-30,41.538981,-71.568672,3.484730015094213
2020-07-01,41.538981,-71.568672,0.2670802772377538
2020-07-02,41.538981,-71.568672,2.9958018698021798
2020-07-03,41.538981,-71.568672,3.5833782574988167
2020-07-04,41.538981,-71.568672,0.004480918334605384
2020-07-05,41.538981,-71.568672,0.0
2020-07-06,41.538981,-71.568672,0.0
2020-07-07,41.538981,-71.568672,0.0
2020-07-08,41.538981,-71.568672,0.024202488911713206
2020-07-09,41.538981,-71.568672,0.0017267871975142793
2020-07-10,41.538981,-71.568672,3.0806336998988284
2020-07-11,41.538981,-71.568672,0.0
2020-07-12,41.538981,-71.568672,0.0
2020-07-13,41.538981,-71.568672,0.6393945193516779
2020-07-14,41.538981,-71.568672,4.397195667425329
2020-07-15,41.538981,-71.568672,0.07171936855260692
2020-07-16,41.538981,-71.568672,0.006273285401363981
2020-07-17,41.538981,-71.568672,4.369744120721705
2020-07-18,41.538981,-71.568672,0.0
2020-07-19,41.538981,-71.568672,0.0
2020-07-20,41.538981,-71.568672,7.117922998794757
2020-07-21,41.538981,-71.568672,0.0
2020-07-22,41.538981,-71.568672,2.3230907919127244
2020-07-23,41.538981,-71.568672,5.858628679374262
2020-07-24,41.538981,-71.568672,2.4743668193291817
2020-07-25,41.538981,-71.568672,0.7113123023456172
2020-07-26,41.538981,-71.568672,0.0
2020-07-27,41.538981,-71.568672,0.09257485778437288
2020-07-28,41.538981,-71.568672,0.0
2020-07-29,41.538981,-71.568672,0.0
2020-07-30,41.538981,-71.568672,0.6485431227605579
2020-07-31,41.538981,-71.568672,27.159282799941664
2020-08-01,41.538981,-71.568672,0.0
2020-08-02,41.538981,-71.568672,0.42076476086730935
2020-08-03,41.538981,-71.568672,0.0
2020-08-04,41.538981,-71.568672,0.924862408488997
2020-08-05,41.538981,-71.568672,0.0
2020-08-06,41.538981,-71.568672,1.510205146515373
2020-08-07,41.538981,-71.568672,1.8494149381017946
2020-08-08,41.538981,-71.568672,0.43850756906057187
2020-08-09,41.538981,-71.568672,0.0
2020-08-10,41.538981,-71.568672,0.0030266650509964492
2020-08-11,41.538981,-71.568672,0.0
2020-08-12,41.538981,-71.568672,0.26726084818445883
2020-08-13,41.538981,-71.568672,7.777662999161896
2020-08-14,41.538981,-71.568672,1.755216803650603
2020-08-15,41.538981,-71.568672,0.0801931600347964
2020-08-16,41.538981,-71.568672,21.57768535023254
2020-08-17,41.538981,-71.568672,1.4983428615125631
2020-08-18,41.538981,-71.568672,8.798233646085883
2020-08-19,41.538981,-71.568672,6.512708324700766
2020-08-20,41.538981,-71.568672,0.0
2020-08-21,41.538981,-71.568672,0.0
2020-08-22,41.538981,-71.568672,0.6478053209278384
2020-08-23,41.538981,-71.568672,0.0
2020-08-24,41.538981,-71.568672,2.3009667961655094
2020-08-25,41.538981,-71.568672,1.138660743036542
2020-08-26,41.538981,-71.568672,0.0
2020-08-27,41.538981,-71.568672,15.883066200468287
2020-08-28,41.538981,-71.568672,0.6233246170990477
2020-08-29,41.538981,-71.568672,7.114944408540053
2020-08-30,41.538981,-71.568672,0.0
2020-08-31,41.538981,-71.568672,0.6660738116726441
2020-09-01,41.538981,-71.568672,0.01653684291264406
2020-09-02,41.538981,-71.568672,1.8538845059824358
2020-09-03,41.538981,-71.568672,0.16493628771999938
2020-09-04,41.538981,-71.568672,0.28113430617148394
2020-09-05,41.538981,-71.568672,0.0
2020-09-06,41.538981,-71.568672,0.0
2020-09-07,41.538981,-71.568672,0.0
2020-09-08,41.538981,-71.568672,0.04342135684017987
2020-09-09,41.538981,-71.568672,4.779738682282779
2020-09-10,41.538981,-71.568672,21.185967664501096
2020-09-11,41.538981,-71.568672,2.180608827500973
2020-09-12,41.538981,-71.568672,0.0
2020-09-13,41.538981,-71.568672,0.0
2020-09-14,41.538981,-71.568672,2.6618523971126873
2020-09-15,41.538981,-71.568672,0.0
2020-09-16,41.538981,-71.568672,0.0
2020-09-17,41.538981,-71.568672,0.0
2020-09-18,41.538981,-71.568672,17.249588725743024
2020-09-19,41.538981,-71.568672,0.0
2020-09-20,41.538981,-71.568672,0.0054108138039613675
2020-09-21,41.538981,-71.568672,0.0
2020-09-22,41.538981,-71.568672,0.25346555762110673
2020-09-23,41.538981,-71.568672,0.0
2020-09-24,41.538981,-71.568672,0.003805751222793915
2020-09-25,41.538981,-71.568672,0.003805751222793915
2020-09-26,41.538981,-71.568672,0.0
2020-09-27,41.538981,-71.568672,0.0
2020-09-28,41.538981,-71.568672,0.44728747468654817
2020-09-29,41.538981,-71.568672,0.33519932710802003
2020-09-30,41.538981,-71.568672,14.363147471510143
2020-10-01,41.538981,-71.568672,0.0
2020-10-02,41.538981,-71.568672,0.11587324055972628
2020-10-03,41.538981,-71.568672,0.0
2020-10-04,41.538981,-71.568672,0.011650387937057563
2020-10-05,41.538981,-71.568672,11.771275198974823
2020-10-06,41.538981,-71.568672,0.0
2020-10-07,41.538981,-71.568672,2.8545261869982905
2020-10-08,41.538981,-71.568672,0.008898099801112159
2020-10-09,41.538981,-71.568672,0.0
2020-10-10,41.538981,-71.568672,0.0
2020-10-11,41.538981,-71.568672,0.0
2020-10-12,41.538981,-71.568672,26.710159237140502
2020-10-13,41.538981,-71.568672,8.911280875587774
2020-10-14,41.538981,-71.568672,0.00010285813753195034
2020-10-15,41.538981,-71.568672,0.12520193633407828
2020-10-16,41.538981,-71.568672,0.3714665594945568
2020-10-17,41.538981,-71.568672,51.43007108634534
2020-10-18,41.538981,-71.568672,0.0
2020-10-19,41.538981,-71.568672,0.0
2020-10-20,41.538981,-71.568672,6.688225667691172
2020-10-21,41.538981,-71.568672,0.016131306271662947
2020-10-22,41.538981,-71.568672,0.0
2020-10-23,41.538981,-71.568672,0.0
2020-10-24,41.538981,-71.568672,0.0
2020-10-25,41.538981,-71.568672,0.0757911324081277
2020-10-26,41.538981,-71.568672,0.25340812128946566
2020-10-27,41.538981,-71.568672,0.8511064184593722
2020-10-28,41.538981,-71.568672,1.6097988977784488
2020-10-29,41.538981,-71.568672,32.611950717705014
2020-10-30,41.538981,-71.568672,17.45936154900959
2020-10-31,41.538981,-71.568672,0.0
2020-11-01,41.538981,-71.568672,7.206914080785554
2020-11-02,41.538981,-71.568672,5.570143432193706
2020-11-03,41.538981,-71.568672,0.16964794266932096
2020-11-04,41.538981,-71.568672,0.0
2020-11-05,41.538981,-71.568672,0.0
2020-11-06,41.538981,-71.568672,0.06862342462749069
2020-11-07,41.538981,-71.568672,0.0
2020-11-08,41.538981,-71.568672,0.2503668424569274
2020-11-09,41.538981,-71.568672,0.0
2020-11-10,41.538981,-71.568672,0.0
2020-11-11,41.538981,-71.568672,3.4789531565398613
2020-11-12,41.538981,-71.568672,54.96496801454335
2020-11-13,41.538981,-71.568672,3.363074824055419
2020-11-14,41.538981,-71.568672,0.0
2020-11-15,41.538981,-71.568672,0.0
2020-11-16,41.538981,-71.568672,5.56256889829966
2020-11-17,41.538981,-71.568672,0.0
2020-11-18,41.538981,-71.568672,0.08857478784539752
2020-11-19,41.538981,-71.568672,0.0
2020-11-20,41.538981,-71.568672,0.3269583773955542
2020-11-21,41.538981,-71.568672,0.07667758422302963
2020-11-22,41.538981,-71.568672,0.7283191393255493
2020-11-23,41.538981,-71.568672,51.93945097734565
2020-11-24,41.538981,-71.568672,0.0
2020-11-25,41.538981,-71.568672,0.3234693195109522
2020-11-26,41.538981,-71.568672,10.160940705147247
2020-11-27,41.538981,-71.568672,0.0
2020-11-28,41.538981,-71.568672,0.0
2020-11-29,41.538981,-71.568672,0.0
2020-11-30,41.538981,-71.568672,27.386536400142468
2020-12-01,41.538981,-71.568672,10.838317091974687
2020-12-02,41.538981,-71.568672,0.0
2020-12-03,41.538981,-71.568672,0.0
2020-12-04,41.538981,-71.568672,6.277598113549331
2020-12-05,41.538981,-71.568672,79.69972635128748
2020-12-06,41.538981,-71.568672,0.01175152291035149
2020-12-07,41.538981,-71.568672,0.0
2020-12-08,41.538981,-71.568672,0.0010285813370018593
2020-12-09,41.538981,-71.568672,0.4716975951866463
2020-12-10,41.538981,-71.568672,0.0
2020-12-11,41.538981,-71.568672,0.0
2020-12-12,41.538981,-71.568672,12.559548731614523
2020-12-13,41.538981,-71.568672,0.1342152689675995
2020-12-14,41.538981,-71.568672,12.011990918604527
2020-12-15,41.538981,-71.568672,0.0
2020-12-16,41.538981,-71.568672,0.04421287565360772
2020-12-17,41.538981,-71.568672,6.754220587499629
2020-12-18,41.538981,-71.568672,0.0
2020-12-19,41.538981,-71.568672,0.0
2020-12-20,41.538981,-71.568672,0.1927107780719222
2020-12-21,41.538981,-71.568672,0.4735878119702057
2020-12-22,41.538981,-71.568672,0.2975431910480775
2020-12-23,41.538981,-71.568672,0.0036184464033483226
2020-12-24,41.538981,-71.568672,0.10188950578027453
2020-12-25,41.538981,-71.568672,81.95953961590158
2020-12-26,41.538981,-71.568672,0.4482238850017103
2020-12-27,41.538981,-71.568672,0.0
2020-12-28,41.538981,-71.568672,2.76889418499866
2020-12-29,41.538981,-71.568672,0.0
2020-12-30,41.538981,-71.568672,0.005414998854143659
2020-12-31,41.538981,-71.568672,9.44839060008551
2021-01-01,41.538981,-71.568672,0.08298571829278939
2021-01-02,41.538981,-71.568672,12.747315186517199
2021-01-03,41.538981,-71.568672,0.28742141136731353
2021-01-04,41.538981,-71.568672,0.14147645097988373
2021-01-05,41.538981,-71.568672,0.0
2021-01-06,41.538981,-71.568672,0.0
2021-01-07,41.538981,-71.568672,0.0
2021-01-08,41.538981,-71.568672,0.0
2021-01-09,41.538981,-71.568672,0.16239359867710387
2021-01-10,41.538981,-71.568672,0.06229526368298943
2021-01-11,41.538981,-71.568672,0.865614588042873
2021-01-12,41.538981,-71.568672,0.0
2021-01-13,41.538981,-71.568672,0.0008961837003065226
2021-01-14,41.538981,-71.568672,0.1740869999209112
2021-01-15,41.538981,-71.568672,0.0
2021-01-16,41.538981,-71.568672,71.4565442916591
2021-01-17,41.538981,-71.568672,0.0
2021-01-18,41.538981,-71.568672,0.0
2021-01-19,41.538981,-71.568672,0.0
2021-01-20,41.538981,-71.568672,0.0
2021-01-21,41.538981,-71.568672,0.0
2021-01-22,41.538981,-71.568672,0.0
2021-01-23,41.538981,-71.568672,0.0
2021-01-24,41.538981,-71.568672,0.0
2021-01-25,41.538981,-71.568672,0.1268841592607116
2021-01-26,41.538981,-71.568672,0.0007566662627491123
2021-01-27,41.538981,-71.568672,0.004983620983246541
2021-01-28,41.538981,-71.568672,0.0
2021-01-29,41.538981,-71.568672,0.0
2021-01-30,41.538981,-71.568672,0.0
2021-01-31,41.538981,-71.568672,0.2580653445886726
2021-02-01,41.538981,-71.568672,21.869163462601804
2021-02-02,41.538981,-71.568672,0.5848861199356065
2021-02-03,41.538981,-71.568672,0.0
2021-02-04,41.538981,-71.568672,0.0
2021-02-05,41.538981,-71.568672,1.452966399601314
2021-02-06,41.538981,-71.568672,0.0
2021-02-07,41.538981,-71.568672,19.331329326649723
2021-02-08,41.538981,-71.568672,0.0
2021-02-09,41.538981,-71.568672,1.141626858292775
2021-02-10,41.538981,-71.568672,0.0
2021-02-11,41.538981,-71.568672,0.001961424375651486
2021-02-12,41.538981,-71.568672,0.0
2021-02-13,41.538981,-71.568672,1.4239508676002417
2021-02-14,41.538981,-71.568672,4.483788473572412
2021-02-15,41.538981,-71.568672,1.826144928761041
2021-02-16,41.538981,-71.568672,19.401646345807674
2021-02-17,41.538981,-71.568672,0.0
2021-02-18,41.538981,-71.568672,12.096925590309667
2021-02-19,41.538981,-71.568672,8.663942795230895
2021-02-20,41.538981,-71.568672,0.4193431515595419
2021-02-21,41.538981,-71.568672,0.0
2021-02-22,41.538981,-71.568672,22.132859838701574
2021-02-23,41.538981,-71.568672,1.0135694557578718
2021-02-24,41.538981,-71.568672,0.0
2021-02-25,41.538981,-71.568672,0.02371048643477476
2021-02-26,41.538981,-71.568672,0.0
2021-02-27,41.538981,-71.568672,0.29104780765738014
2021-02-28,41.538981,-71.568672,0.7956789014061365
2021-03-01,41.538981,-71.568672,40.683909848515334
2021-03-02,41.538981,-71.568672,0.016007398533922225
2021-03-03,41.538981,-71.568672,0.0
2021-03-04,41.538981,-71.568672,1.460655622378523
2021-03-05,41.538981,-71.568672,0.0
2021-03-06,41.538981,-71.568672,0.0
2021-03-07,41.538981,-71.568672,0.0
2021-03-08,41.538981,-71.568672,0.0
2021-03-09,41.538981,-71.568672,0.0033056999261112698
2021-03-10,41.538981,-71.568672,0.0
2021-03-11,41.538981,-71.568672,0.18852131287245322
2021-03-12,41.538981,-71.568672,0.2173575782394364
2021-03-13,41.538981,-71.568672,0.0
2021-03-14,41.538981,-71.568672,0.0
2021-03-15,41.538981,-71.568672,0.0
2021-03-16,41.538981,-71.568672,0.0
2021-03-17,41.538981,-71.568672,0.0
2021-03-18,41.538981,-71.568672,14.142573751510671
2021-03-19,41.538981,-71.568672,3.9172160938515344
2021-03-20,41.538981,-71.568672,0.0
2021-03-21,41.538981,-71.568672,0.0
2021-03-22,41.538981,-71.568672,0.0
2021-03-23,41.538981,-71.568672,0.0
2021-03-24,41.538981,-71.568672,0.8718266027063252
2021-03-25,41.538981,-71.568672,9.399614759328303
2021-03-26,41.538981,-71.568672,2.691639275609285
2021-03-27,41.538981,-71.568672,0.008995547931199275
2021-03-28,41.538981,-71.568672,13.319733910813111
2021-03-29,41.538981,-71.568672,10.354062044179528
2021-03-30,41.538981,-71.568672,0.0
2021-03-31,41.538981,-71.568672,0.01575248096075431
2021-04-01,41.538981,-71.568672,14.763343009944016
2021-04-02,41.538981,-71.568672,0.0
2021-04-03,41.538981,-71.568672,0.0
2021-04-04,41.538981,-71.568672,0.0
2021-04-05,41.538981,-71.568672,0.0
2021-04-06,41.538981,-71.568672,0.004066538253501584
2021-04-07,41.538981,-71.568672,0.0
2021-04-08,41.538981,-71.568672,0.0
2021-04-09,41.538981,-71.568672,0.0
2021-04-10,41.538981,-71.568672,0.11362789578590203
2021-04-11,41.538981,-71.568672,10.036292111267988
2021-04-12,41.538981,-71.568672,0.5886118923497379
2021-04-13,41.538981,-71.568672,0.00010285813753195034
2021-04-14,41.538981,-71.568672,0.02315781210808167
2021-04-15,41.538981,-71.568672,11.540660368838429
2021-04-16,41.538981,-71.568672,16.71949653427561
2021-04-17,41.538981,-71.568672,0.1525041925499129
2021-04-18,41.538981,-71.568672,0.0016528499630556349
2021-04-19,41.538981,-71.568672,0.0004480918501532613
2021-04-20,41.538981,-71.568672,0.07221659401279618
2021-04-21,41.538981,-71.568672,1.133433645718295
2021-04-22,41.538981,-71.568672,2.3049503690427047
2021-04-23,41.538981,-71.568672,0.0
2021-04-24,41.538981,-71.568672,0.0
2021-04-25,41.538981,-71.568672,43.801042532844136
2021-04-26,41.538981,-71.568672,0.0
2021-04-27,41.538981,-71.568672,1.3720013507289044
2021-04-28,41.538981,-71.568672,0.5952133144185136
2021-04-29,41.538981,-71.568672,9.788052956250159
2021-04-30,41.538981,-71.568672,5.106498883500759
2021-05-01,41.538981,-71.568672,0.8235066359314736
2021-05-02,41.538981,-71.568672,0.6391082954633085
2021-05-03,41.538981,-71.568672,3.7149819730446723
2021-05-04,41.538981,-71.568672,30.05098529963364
2021-05-05,41.538981,-71.568672,9.303978683737418
2021-05-06,41.538981,-71.568672,0.0
2021-05-07,41.538981,-71.568672,0.0
2021-05-08,41.538981,-71.568672,2.060260933331686
2021-05-09,41.538981,-71.568672,3.542533930819814
2021-05-10,41.538981,-71.568672,10.683141139052251
2021-05-11,41.538981,-71.568672,0.0422701255776024
2021-05-12,41.538981,-71.568672,0.0
2021-05-13,41.538981,-71.568672,0.0
2021-05-14,41.538981,-71.568672,0.0
2021-05-15,41.538981,-71.568672,0.0
2021-05-16,41.538981,-71.568672,0.0
2021-05-17,41.538981,-71.568672,0.018092231342753437
2021-05-18,41.538981,-71.568672,0.03198458181085723
2021-05-19,41.538981,-71.568672,0.0
2021-05-20,41.538981,-71.568672,0.0
2021-05-21,41.538981,-71.568672,0.0
2021-05-22,41.538981,-71.568672,1.001414297522548
2021-05-23,41.538981,-71.568672,0.010920315831387601
2021-05-24,41.538981,-71.568672,0.04194119482273373
2021-05-25,41.538981,-71.568672,0.0
2021-05-26,41.538981,-71.568672,0.43023313894099086
2021-05-27,41.538981,-71.568672,2.5752507191117555
2021-05-28,41.538981,-71.568672,0.9732880418902323
2021-05-29,41.538981,-71.568672,55.497950277555525
2021-05-30,41.538981,-71.568672,13.625785794060455
2021-05-31,41.538981,-71.568672,2.8680855604650457
2021-06-01,41.538981,-71.568672,0.04780458025947086
2021-06-02,41.538981,-71.568672,0.012528482605761927
2021-06-03,41.538981,-71.568672,7.6109337101648
2021-06-04,41.538981,-71.568672,26.051541155162703
2021-06-05,41.538981,-71.568672,0.0
2021-06-06,41.538981,-71.568672,0.008701990651665777
2021-06-07,41.538981,-71.568672,0.0
2021-06-08,41.538981,-71.568672,0.13770882675148835
2021-06-09,41.538981,-71.568672,2.237263318686425
2021-06-10,41.538981,-71.568672,0.0
2021-06-11,41.538981,-71.568672,0.07960582222163946
2021-06-12,41.538981,-71.568672,0.4845981912939494
2021-06-13,41.538981,-71.568672,0.0
2021-06-14,41.538981,-71.568672,6.351709810759703
2021-06-15,41.538981,-71.568672,0.29082097139341934
2021-06-16,41.538981,-71.568672,0.0
2021-06-17,41.538981,-71.568672,0.0
2021-06-18,41.538981,-71.568672,0.0
2021-06-19,41.538981,-71.568672,0.3157312680566892
2021-06-20,41.538981,-71.568672,4.121575351691174
2021-06-21,41.538981,-71.568672,0.0
2021-06-22,41.538981,-71.568672,8.61664160360673
2021-06-23,41.538981,-71.568672,5.311835373921458
2021-06-24,41.538981,-71.568672,0.0
2021-06-25,41.538981,-71.568672,0.12300609739493146
2021-06-26,41.538981,-71.568672,0.013347149701668238
2021-06-27,41.538981,-71.568672,0.0
2021-06-28,41.538981,-71.568672,0.0
2021-06-29,41.538981,-71.568672,0.0
2021-06-30,41.538981,-71.568672,0.0
2021-07-01,41.538981,-71.568672,27.418029128913222
2021-07-02,41.538981,-71.568672,33.07876346134613
2021-07-03,41.538981,-71.568672,61.269244429043
2021-07-04,41.538981,-71.568672,3.5226431692082674
2021-07-05,41.538981,-71.568672,0.0
2021-07-06,41.538981,-71.568672,17.70870389934776
2021-07-07,41.538981,-71.568672,5.845842121798874
2021-07-08,41.538981,-71.568672,1.521854422223096
2021-07-09,41.538981,-71.568672,43.354782355294454
2021-07-10,41.538981,-71.568672,0.22000691174111026
2021-07-11,41.538981,-71.568672,0.09772610648957415
2021-07-12,41.538981,-71.568672,0.5512856795736039
2021-07-13,41.538981,-71.568672,0.22990142699154895
2021-07-14,41.538981,-71.568672,0.05970006426799672
2021-07-15,41.538981,-71.568672,0.0
2021-07-16,41.538981,-71.568672,0.25935256547526025
2021-07-17,41.538981,-71.568672,0.07661575768926637
2021-07-18,41.538981,-71.568672,0.1668239410705881
2021-07-19,41.538981,-71.568672,0.013267801702312966
2021-07-20,41.538981,-71.568672,0.006956633500539057
2021-07-21,41.538981,-71.568672,0.34589405563944653
2021-07-22,41.538981,-71.568672,0.3540617195957192
2021-07-23,41.538981,-71.568672,3.219997000230248
2021-07-24,41.538981,-71.568672,0.0
2021-07-25,41.538981,-71.568672,9.995287532773487
2021-07-26,41.538981,-71.568672,0.0
2021-07-27,41.538981,-71.568672,0.0
2021-07-28,41.538981,-71.568672,7.151415021488857
2021-07-29,41.538981,-71.568672,3.4966125901720257
2021-07-30,41.538981,-71.568672,0.15692820815504538
2021-07-31,41.538981,-71.568672,0.0
2021-08-01,41.538981,-71.568672,0.007238761342332409
2021-08-02,41.538981,-71.568672,0.7270097981035967
2021-08-03,41.538981,-71.568672,4.459636964290658
2021-08-04,41.538981,-71.568672,46.325826644700925
2021-08-05,41.538981,-71.568672,37.41094882200571
2021-08-06,41.538981,-71.568672,0.00010285813753195034
2021-08-07,41.538981,-71.568672,0.3352476503775634
2021-08-08,41.538981,-71.568672,12.942515572362758
2021-08-09,41.538981,-71.568672,0.9116466726079208
2021-08-10,41.538981,-71.568672,0.019436506893213218
2021-08-11,41.538981,-71.568672,0.7325545795599288
2021-08-12,41.538981,-71.568672,0.4091722327852207
2021-08-13,41.538981,-71.568672,0.020473445319051424
2021-08-14,41.538981,-71.568672,1.8719076583364735
2021-08-15,41.538981,-71.568672,0.002688551100919568
2021-08-16,41.538981,-71.568672,0.0
2021-08-17,41.538981,-71.568672,0.46244466334667367
2021-08-18,41.538981,-71.568672,0.9414477922344228
2021-08-19,41.538981,-71.568672,4.886119297085125
2021-08-20,41.538981,-71.568672,1.1372873763399105
2021-08-21,41.538981,-71.568672,2.1531562264470003
2021-08-22,41.538981,-71.568672,20.98898456464726
2021-08-23,41.538981,-71.568672,1.1139028895839138
2021-08-24,41.538981,-71.568672,2.114357216363786
2021-08-25,41.538981,-71.568672,0.0
2021-08-26,41.538981,-71.568672,0.0
2021-08-27,41.538981,-71.568672,2.634716747638005
2021-08-28,41.538981,-71.568672,0.5146779520092696
2021-08-29,41.538981,-71.568672,1.0873153194061564
2021-08-30,41.538981,-71.568672,0.0
2021-08-31,41.538981,-71.568672,0.004745713774923287
2021-09-01,41.538981,-71.568672,12.93178288514312
2021-09-02,41.538981,-71.568672,75.99565499719182
2021-09-03,41.538981,-71.568672,0.0
2021-09-04,41.538981,-71.568672,0.0
2021-09-05,41.538981,-71.568672,0.8080941377425641
2021-09-06,41.538981,-71.568672,1.2022460004308395
2021-09-07,41.538981,-71.568672,0.0
2021-09-08,41.538981,-71.568672,0.0
2021-09-09,41.538981,-71.568672,27.647711989529505
2021-09-10,41.538981,-71.568672,5.003201857735546
2021-09-11,41.538981,-71.568672,0.0
2021-09-12,41.538981,-71.568672,0.005065580091340056
2021-09-13,41.538981,-71.568672,0.016134992607808804
2021-09-14,41.538981,-71.568672,0.016234164409194896
2021-09-15,41.538981,-71.568672,0.0
2021-09-16,41.538981,-71.568672,10.433832360205525
2021-09-17,41.538981,-71.568672,0.00188810581391821
2021-09-18,41.538981,-71.568672,0.0
2021-09-19,41.538981,-71.568672,0.0
2021-09-20,41.538981,-71.568672,0.0
2021-09-21,41.538981,-71.568672,0.0
2021-09-22,41.538981,-71.568672,0.014950862640315699
2021-09-23,41.538981,-71.568672,0.0
2021-09-24,41.538981,-71.568672,13.081039836599246
2021-09-25,41.538981,-71.568672,0.0
2021-09-26,41.538981,-71.568672,7.51060320852367
2021-09-27,41.538981,-71.568672,0.0016612069944155136
2021-09-28,41.538981,-71.568672,14.137695209876942
2021-09-29,41.538981,-71.568672,1.7633905115821675
2021-09-30,41.538981,-71.568672,0.0
2021-10-01,41.538981,-71.568672,0.0
2021-10-02,41.538981,-71.568672,0.008898099801112159
2021-10-03,41.538981,-71.568672,0.9117278026833042
2021-10-04,41.538981,-71.568672,16.496749238456843
2021-10-05,41.538981,-71.568672,4.976336478254086
2021-10-06,41.538981,-71.568672,0.5268559951852022
2021-10-07,41.538981,-71.568672,0.0
2021-10-08,41.538981,-71.568672,0.0
2021-10-09,41.538981,-71.568672,0.5840643374794063
2021-10-10,41.538981,-71.568672,28.207792513924304
2021-10-11,41.538981,-71.568672,0.11304021815529397
2021-10-12,41.538981,-71.568672,0.0
2021-10-13,41.538981,-71.568672,0.0
2021-10-14,41.538981,-71.568672,0.0
2021-10-15,41.538981,-71.568672,0.4924927674534768
2021-10-16,41.538981,-71.568672,0.0427300026920247
2021-10-17,41.538981,-71.568672,7.093813472578953
2021-10-18,41.538981,-71.568672,0.0
2021-10-19,41.538981,-71.568672,0.0035847348012260903
2021-10-20,41.538981,-71.568672,0.0
2021-10-21,41.538981,-71.568672,0.0
2021-10-22,41.538981,-71.568672,0.0
2021-10-23,41.538981,-71.568672,0.8361398017154322
2021-10-24,41.538981,-71.568672,0.4792924351164373
2021-10-25,41.538981,-71.568672,8.644903038201212
2021-10-26,41.538981,-71.568672,38.57416194864018
2021-10-27,41.538981,-71.568672,15.897121261777599
2021-10-28,41.538981,-71.568672,0.0035847348012260903
2021-10-29,41.538981,-71.568672,0.0
2021-10-30,41.538981,-71.568672,18.219532529457517
2021-10-31,41.538981,-71.568672,14.85222234606638
2021-11-01,41.538981,-71.568672,0.020612224606268353
2021-11-02,41.538981,-71.568672,1.4538133527127788
2021-11-03,41.538981,-71.568672,0.7449281501485713
2021-11-04,41.538981,-71.568672,0.007339750944228595
2021-11-05,41.538981,-71.568672,0.005825193968528782
2021-11-06,41.538981,-71.568672,0.0
2021-11-07,41.538981,-71.568672,0.0
2021-11-08,41.538981,-71.568672,0.08586436655977132
2021-11-09,41.538981,-71.568672,0.0
2021-11-10,41.538981,-71.568672,0.8107284151098024
2021-11-11,41.538981,-71.568672,0.0009990418378384729
2021-11-12,41.538981,-71.568672,28.926884930674326
2021-11-13,41.538981,-71.568672,0.008898099801112159
2021-11-14,41.538981,-71.568672,0.0
2021-11-15,41.538981,-71.568672,4.2404967050285345
2021-11-16,41.538981,-71.568672,0.0
2021-11-17,41.538981,-71.568672,0.37697628640975
2021-11-18,41.538981,-71.568672,0.7914516309958446
2021-11-19,41.538981,-71.568672,2.8505724466710616
2021-11-20,41.538981,-71.568672,0.0
2021-11-21,41.538981,-71.568672,0.24544994885511434
2021-11-22,41.538981,-71.568672,9.68369199590549
2021-11-23,41.538981,-71.568672,0.0
2021-11-24,41.538981,-71.568672,0.0
2021-11-25,41.538981,-71.568672,0.20726317678489034
2021-11-26,41.538981,-71.568672,16.771903010562827
2021-11-27,41.538981,-71.568672,0.0
2021-11-28,41.538981,-71.568672,0.0
2021-11-29,41.538981,-71.568672,0.0
2021-11-30,41.538981,-71.568672,0.011841864596740664
2021-12-01,41.538981,-71.568672,0.0
2021-12-02,41.538981,-71.568672,5.389484085241885
2021-12-03,41.538981,-71.568672,0.027409914634296165
2021-12-04,41.538981,-71.568672,0.0
2021-12-05,41.538981,-71.568672,0.02107486090766844
2021-12-06,41.538981,-71.568672,10.25213139946465
2021-12-07,41.538981,-71.568672,1.3486859028439377
2021-12-08,41.538981,-71.568672,3.602795678256908
2021-12-09,41.538981,-71.568672,0.019539365030745166
2021-12-10,41.538981,-71.568672,0.3313786225495584
2021-12-11,41.538981,-71.568672,2.718230740564837
2021-12-12,41.538981,-71.568672,24.503948895653217
2021-12-13,41.538981,-71.568672,0.0
2021-12-14,41.538981,-71.568672,0.0
2021-12-15,41.538981,-71.568672,1.4121001889097284
2021-12-16,41.538981,-71.568672,3.362749223589481
2021-12-17,41.538981,-71.568672,0.22003408763455312
2021-12-18,41.538981,-71.568672,2.4955365204869717
2021-12-19,41.538981,-71.568672,1.2329741998153056
2021-12-20,41.538981,-71.568672,0.0
2021-12-21,41.538981,-71.568672,0.0
2021-12-22,41.538981,-71.568672,0.8726270599868053
2021-12-23,41.538981,-71.568672,0.0
2021-12-24,41.538981,-71.568672,0.018621742321287882
2021-12-25,41.538981,-71.568672,11.65600668131497
2021-12-26,41.538981,-71.568672,0.4137262335483073
2021-12-27,41.538981,-71.568672,0.0
2021-12-28,41.538981,-71.568672,0.44945419135175907
2021-12-29,41.538981,-71.568672,0.7759952770035685
2021-12-30,41.538981,-71.568672,3.044316315518973
2021-12-31,41.538981,-71.568672,0.10787597965809131
2022-01-01,41.538981,-71.568672,4.894017559920599
2022-01-02,41.538981,-71.568672,22.33860250216363
2022-01-03,41.538981,-71.568672,1.707048081324147
2022-01-04,41.538981,-71.568672,0.3362464239219257
2022-01-05,41.538981,-71.568672,7.660653300999014
2022-01-06,41.538981,-71.568672,0.021777373038168856
2022-01-07,41.538981,-71.568672,3.097945730122702
2022-01-08,41.538981,-71.568672,0.0
2022-01-09,41.538981,-71.568672,1.1386257355132947
2022-01-10,41.538981,-71.568672,12.012206875196322
2022-01-11,41.538981,-71.568672,0.0
2022-01-12,41.538981,-71.568672,0.0
2022-01-13,41.538981,-71.568672,0.0
2022-01-14,41.538981,-71.568672,0.11381438900199153
2022-01-15,41.538981,-71.568672,0.0
2022-01-16,41.538981,-71.568672,0.0
2022-01-17,41.538981,-71.568672,39.87942414990117
2022-01-18,41.538981,-71.568672,0.0
2022-01-19,41.538981,-71.568672,0.0011018999753704233
2022-01-20,41.538981,-71.568672,1.6391352904888865
2022-01-21,41.538981,-71.568672,0.0
2022-01-22,41.538981,-71.568672,0.01219961476050475
2022-01-23,41.538981,-71.568672,0.0
2022-01-24,41.538981,-71.568672,0.006850544252725958
2022-01-25,41.538981,-71.568672,0.0005142906685009297
2022-01-26,41.538981,-71.568672,0.0
2022-01-27,41.538981,-71.568672,0.0
2022-01-28,41.538981,-71.568672,0.04254130799667775
2022-01-29,41.538981,-71.568672,5.720252905428085
2022-01-30,41.538981,-71.568672,0.49365785737207757
2022-01-31,41.538981,-71.568672,0.005945384731939868
2022-02-01,41.538981,-71.568672,0.0
2022-02-02,41.538981,-71.568672,0.0
2022-02-03,41.538981,-71.568672,2.4254849371622567
2022-02-04,41.538981,-71.568672,33.65466081923134
2022-02-05,41.538981,-71.568672,4.396574318912271
2022-02-06,41.538981,-71.568672,0.0
2022-02-07,41.538981,-71.568672,1.941330778042315
2022-02-08,41.538981,-71.568672,32.71751615316091
2022-02-09,41.538981,-71.568672,0.0
2022-02-10,41.538981,-71.568672,0.0
2022-02-11,41.538981,-71.568672,0.0
2022-02-12,41.538981,-71.568672,0.012507300047551243
2022-02-13,41.538981,-71.568672,0.011408012779286266
2022-02-14,41.538981,-71.568672,0.0
2022-02-15,41.538981,-71.568672,0.0
2022-02-16,41.538981,-71.568672,0.0
2022-02-17,41.538981,-71.568672,0.0
2022-02-18,41.538981,-71.568672,26.204113987446032
2022-02-19,41.538981,-71.568672,0.0
2022-02-20,41.538981,-71.568672,0.01803473811568552
2022-02-21,41.538981,-71.568672,0.0
2022-02-22,41.538981,-71.568672,4.783112279342591
2022-02-23,41.538981,-71.568672,21.23164058696671
2022-02-24,41.538981,-71.568672,4.101161004041252
2022-02-25,41.538981,-71.568672,31.15317841412967
2022-02-26,41.538981,-71.568672,0.0
2022-02-27,41.538981,-71.568672,0.0
2022-02-28,41.538981,-71.568672,0.0
2022-03-01,41.538981,-71.568672,0.0
2022-03-02,41.538981,-71.568672,1.6725342246823978
2022-03-03,41.538981,-71.568672,2.8949732260864733
2022-03-04,41.538981,-71.568672,0.0
2022-03-05,41.538981,-71.568672,0.0
2022-03-06,41.538981,-71.568672,15.482974583455771
2022-03-07,41.538981,-71.568672,0.5695774066229002
2022-03-08,41.538981,-71.568672,8.945665396946495
2022-03-09,41.538981,-71.568672,4.500041539863284
2022-03-10,41.538981,-71.568672,0.0007200069818824747
2022-03-11,41.538981,-71.568672,0.0
2022-03-12,41.538981,-71.568672,17.359503848438205
2022-03-13,41.538981,-71.568672,0.0
2022-03-14,41.538981,-71.568672,0.0
2022-03-15,41.538981,-71.568672,0.03476147146794645
2022-03-16,41.538981,-71.568672,0.5842233484560502
2022-03-17,41.538981,-71.568672,9.776303210298517
2022-03-18,41.538981,-71.568672,7.424506410971801
2022-03-19,41.538981,-71.568672,2.043033781874899
2022-03-20,41.538981,-71.568672,0.5427186160130962
2022-03-21,41.538981,-71.568672,0.0
2022-03-22,41.538981,-71.568672,0.018092231342753437
2022-03-23,41.538981,-71.568672,0.22249821365579514
2022-03-24,41.538981,-71.568672,12.619448050816022
2022-03-25,41.538981,-71.568672,12.777737285689174
2022-03-26,41.538981,-71.568672,0.019886158498239322
2022-03-27,41.538981,-71.568672,0.10611061895238544
2022-03-28,41.538981,-71.568672,0.12095494423776113
2022-03-29,41.538981,-71.568672,0.0
2022-03-30,41.538981,-71.568672,0.0031886023592845696
2022-03-31,41.538981,-71.568672,1.9745847978169513
2022-04-01,41.538981,-71.568672,6.7852791207385454
2022-04-02,41.538981,-71.568672,0.0
2022-04-03,41.538981,-71.568672,1.6966731396769337
2022-04-04,41.538981,-71.568672,0.1902468779532069
2022-04-05,41.538981,-71.568672,0.0
2022-04-06,41.538981,-71.568672,12.127659583580634
2022-04-07,41.538981,-71.568672,3.0945870158925843
2022-04-08,41.538981,-71.568672,14.110401743569296
2022-04-09,41.538981,-71.568672,0.03796287131420607
2022-04-10,41.538981,-71.568672,0.21990895142986103
2022-04-11,41.538981,-71.568672,0.0
2022-04-12,41.538981,-71.568672,8.916118322837562
2022-04-13,41.538981,-71.568672,0.0
2022-04-14,41.538981,-71.568672,1.705147408927949
2022-04-15,41.538981,-71.568672,4.6371168177821565
2022-04-16,41.538981,-71.568672,0.045443585451008836
2022-04-17,41.538981,-71.568672,9.509865901346835
2022-04-18,41.538981,-71.568672,0.6485223405113105
2022-04-19,41.538981,-71.568672,34.318502878264994
2022-04-20,41.538981,-71.568672,0.0
2022-04-21,41.538981,-71.568672,0.0
2022-04-22,41.538981,-71.568672,0.00647311934806951
2022-04-23,41.538981,-71.568672,0.0
2022-04-24,41.538981,-71.568672,0.29086672529178664
2022-04-25,41.538981,-71.568672,0.01197426240036323
2022-04-26,41.538981,-71.568672,0.050741240458118245
2022-04-27,41.538981,-71.568672,4.311699278814634
2022-04-28,41.538981,-71.568672,0.0
2022-04-29,41.538981,-71.568672,0.0
2022-04-30,41.538981,-71.568672,0.0
2022-05-01,41.538981,-71.568672,0.0
2022-05-02,41.538981,-71.568672,1.0978717709812544
2022-05-03,41.538981,-71.568672,2.80609113957804
2022-05-04,41.538981,-71.568672,3.3183699024789752
2022-05-05,41.538981,-71.568672,0.0
2022-05-06,41.538981,-71.568672,6.71367317079134
2022-05-07,41.538981,-71.568672,17.078015995541648
2022-05-08,41.538981,-71.568672,2.3917085946268504
2022-05-09,41.538981,-71.568672,0.0008961837003065226
2022-05-10,41.538981,-71.568672,0.00891928230723331
2022-05-11,41.538981,-71.568672,0.11976323865456398
2022-05-12,41.538981,-71.568672,0.0
2022-05-13,41.538981,-71.568672,0.0
2022-05-14,41.538981,-71.568672,0.28277248114362696
2022-05-15,41.538981,-71.568672,1.5463864084824608
2022-05-16,41.538981,-71.568672,0.018922834839961194
2022-05-17,41.538981,-71.568672,4.290170163980001
2022-05-18,41.538981,-71.568672,0.0
2022-05-19,41.538981,-71.568672,11.774050334892877
2022-05-20,41.538981,-71.568672,0.0
2022-05-21,41.538981,-71.568672,5.528113579353395
2022-05-22,41.538981,-71.568672,0.0
2022-05-23,41.538981,-71.568672,0.0033224139888310272
2022-05-24,41.538981,-71.568672,3.903219492003081
2022-05-25,41.538981,-71.568672,0.0
2022-05-26,41.538981,-71.568672,0.04968635894146345
2022-05-27,41.538981,-71.568672,0.004999999888241291
2022-05-28,41.538981,-71.568672,3.723403323983658
2022-05-29,41.538981,-71.568672,0.0
2022-05-30,41.538981,-71.568672,0.0
2022-05-31,41.538981,-71.568672,0.0036184464033483226
2022-06-01,41.538981,-71.568672,0.8671404710980575
2022-06-02,41.538981,-71.568672,3.4479217722181446
2022-06-03,41.538981,-71.568672,0.026360653813197375
2022-06-04,41.538981,-71.568672,0.0
2022-06-05,41.538981,-71.568672,0.0
2022-06-06,41.538981,-71.568672,0.0
2022-06-07,41.538981,-71.568672,0.22094909134602464
2022-06-08,41.538981,-71.568672,14.488844934683371
2022-06-09,41.538981,-71.568672,11.468845033153737
2022-06-10,41.538981,-71.568672,0.0
2022-06-11,41.538981,-71.568672,0.4259521693644308
2022-06-12,41.538981,-71.568672,2.5681793378645277
2022-06-13,41.538981,-71.568672,31.797720273381557
2022-06-14,41.538981,-71.568672,0.04096087248305609
2022-06-15,41.538981,-71.568672,0.0
2022-06-16,41.538981,-71.568672,0.1700669735435012
2022-06-17,41.538981,-71.568672,6.907318911670918
2022-06-18,41.538981,-71.568672,0.020870033517095536
2022-06-19,41.538981,-71.568672,10.109385289001052
2022-06-20,41.538981,-71.568672,0.0
2022-06-21,41.538981,-71.568672,0.0
2022-06-22,41.538981,-71.568672,2.0466282818873416
2022-06-23,41.538981,-71.568672,0.0
2022-06-24,41.538981,-71.568672,0.3245868528467529
2022-06-25,41.538981,-71.568672,0.0
2022-06-26,41.538981,-71.568672,0.0
2022-06-27,41.538981,-71.568672,17.19196802810057
2022-06-28,41.538981,-71.568672,9.742952443459266
2022-06-29,41.538981,-71.568672,0.0
2022-06-30,41.538981,-71.568672,0.004480918334605384
2022-07-01,41.538981,-71.568672,0.05789514245357316
2022-07-02,41.538981,-71.568672,3.1912904196218097
2022-07-03,41.538981,-71.568672,3.5881963574010034
2022-07-04,41.538981,-71.568672,0.0
2022-07-05,41.538981,-71.568672,4.780052060549667
2022-07-06,41.538981,-71.568672,0.20827955327159403
2022-07-07,41.538981,-71.568672,0.0
2022-07-08,41.538981,-71.568672,0.0797369913450453
2022-07-09,41.538981,-71.568672,0.08819736971674713
2022-07-10,41.538981,-71.568672,0.06416218695246884
2022-07-11,41.538981,-71.568672,0.0
2022-07-12,41.538981,-71.568672,0.0015795313821635364
2022-07-13,41.538981,-71.568672,0.12878444371451678
2022-07-14,41.538981,-71.568672,0.019025692977493142
2022-07-15,41.538981,-71.568672,0.021595690617977753
2022-07-16,41.538981,-71.568672,0.5984173642616819
2022-07-17,41.538981,-71.568672,2.0162558992092525
2022-07-18,41.538981,-71.568672,17.945955582482163
2022-07-19,41.538981,-71.568672,3.377592633942834
2022-07-20,41.538981,-71.568672,0.003225261429404167
2022-07-21,41.538981,-71.568672,0.02532963651463084
2022-07-22,41.538981,-71.568672,0.03256601695614673
2022-07-23,41.538981,-71.568672,0.0
2022-07-24,41.538981,-71.568672,0.0
2022-07-25,41.538981,-71.568672,2.3097020537197674
2022-07-26,41.538981,-71.568672,0.048822117688031005
2022-07-27,41.538981,-71.568672,0.0
2022-07-28,41.538981,-71.568672,0.0066113994417328
2022-07-29,41.538981,-71.568672,0.5616663584099113
2022-07-30,41.538981,-71.568672,5.768485968959599
2022-07-31,41.538981,-71.568672,0.0
2022-08-01,41.538981,-71.568672,10.380000696977655
2022-08-02,41.538981,-71.568672,0.0
2022-08-03,41.538981,-71.568672,0.02657157428725586
2022-08-04,41.538981,-71.568672,0.0
2022-08-05,41.538981,-71.568672,0.018350407124256247
2022-08-06,41.538981,-71.568672,0.05065825099485287
2022-08-07,41.538981,-71.568672,0.001344275550459784
2022-08-08,41.538981,-71.568672,0.004201883626417793
2022-08-09,41.538981,-71.568672,0.8728807380704505
2022-08-10,41.538981,-71.568672,1.5249244735713599
2022-08-11,41.538981,-71.568672,7.2904976077478
2022-08-12,41.538981,-71.568672,0.06395113804129932
2022-08-13,41.538981,-71.568672,1.975611494435737
2022-08-14,41.538981,-71.568672,0.2514967377022188
2022-08-15,41.538981,-71.568672,0.002688550933992341
2022-08-16,41.538981,-71.568672,0.011455490495834195
2022-08-17,41.538981,-71.568672,18.56355147031597
2022-08-18,41.538981,-71.568672,0.0
2022-08-19,41.538981,-71.568672,0.0
2022-08-20,41.538981,-71.568672,0.0
2022-08-21,41.538981,-71.568672,0.8619999170444326
2022-08-22,41.538981,-71.568672,10.199010161963463
2022-08-23,41.538981,-71.568672,0.00010285813753195034
2022-08-24,41.538981,-71.568672,0.07558491716292215
2022-08-25,41.538981,-71.568672,0.0
2022-08-26,41.538981,-71.568672,11.557632741260333
2022-08-27,41.538981,-71.568672,1.4330841579853426
2022-08-28,41.538981,-71.568672,0.004958549376054729
2022-08-29,41.538981,-71.568672,0.0
2022-08-30,41.538981,-71.568672,0.002894267375983468
2022-08-31,41.538981,-71.568672,7.378138714653718
2022-09-01,41.538981,-71.568672,0.0
2022-09-02,41.538981,-71.568672,0.0
2022-09-03,41.538981,-71.568672,0.0
2022-09-04,41.538981,-71.568672,0.0
2022-09-05,41.538981,-71.568672,5.966197145472299
2022-09-06,41.538981,-71.568672,48.3043184164214
2022-09-07,41.538981,-71.568672,0.08018123637780966
2022-09-08,41.538981,-71.568672,0.0
2022-09-09,41.538981,-71.568672,0.0
2022-09-10,41.538981,-71.568672,0.0
2022-09-11,41.538981,-71.568672,2.703883316996636
2022-09-12,41.538981,-71.568672,12.24069052476419
2022-09-13,41.538981,-71.568672,37.64190087132062
2022-09-14,41.538981,-71.568672,0.0
2022-09-15,41.538981,-71.568672,0.07589233243862659
2022-09-16,41.538981,-71.568672,0.0
2022-09-17,41.538981,-71.568672,0.0
2022-09-18,41.538981,-71.568672,0.0
2022-09-19,41.538981,-71.568672,0.0
2022-09-20,41.538981,-71.568672,0.5120209973667237
2022-09-21,41.538981,-71.568672,0.0
2022-09-22,41.538981,-71.568672,32.40295168704986
2022-09-23,41.538981,-71.568672,0.0
2022-09-24,41.538981,-71.568672,0.0
2022-09-25,41.538981,-71.568672,0.44844215163088796
2022-09-26,41.538981,-71.568672,6.589752563016298
2022-09-27,41.538981,-71.568672,0.0
2022-09-28,41.538981,-71.568672,0.0
2022-09-29,41.538981,-71.568672,0.011694029009295406
2022-09-30,41.538981,-71.568672,0.00010285813753195034
2022-10-01,41.538981,-71.568672,37.33403985204656
2022-10-02,41.538981,-71.568672,0.9509585905179908
2022-10-03,41.538981,-71.568672,9.737587772763234
2022-10-04,41.538981,-71.568672,7.100145252896153
2022-10-05,41.538981,-71.568672,28.61806758515613
2022-10-06,41.538981,-71.568672,22.8102502037823
2022-10-07,41.538981,-71.568672,0.0
2022-10-08,41.538981,-71.568672,1.3230749419197154
2022-10-09,41.538981,-71.568672,0.0
2022-10-10,41.538981,-71.568672,0.0005509499876852116
2022-10-11,41.538981,-71.568672,0.004480918334605384
2022-10-12,41.538981,-71.568672,0.0
2022-10-13,41.538981,-71.568672,5.822133907949503
2022-10-14,41.538981,-71.568672,34.31065518390839
2022-10-15,41.538981,-71.568672,0.37202791201210084
2022-10-16,41.538981,-71.568672,0.0
2022-10-17,41.538981,-71.568672,2.18261786993163
2022-10-18,41.538981,-71.568672,5.724755548364773
2022-10-19,41.538981,-71.568672,0.0
2022-10-20,41.538981,-71.568672,0.0
2022-10-21,41.538981,-71.568672,0.0
2022-10-22,41.538981,-71.568672,0.0
2022-10-23,41.538981,-71.568672,25.4527289087892
2022-10-24,41.538981,-71.568672,13.315326279431833
2022-10-25,41.538981,-71.568672,0.05010190488420484
2022-10-26,41.538981,-71.568672,0.6771039532483087
2022-10-27,41.538981,-71.568672,0.0
2022-10-28,41.538981,-71.568672,0.0
2022-10-29,41.538981,-71.568672,4.2891048169873915
2022-10-30,41.538981,-71.568672,0.0
2022-10-31,41.538981,-71.568672,0.4366836321766562
2022-11-01,41.538981,-71.568672,11.574183305884432
2022-11-02,41.538981,-71.568672,0.9159680030236524
2022-11-03,41.538981,-71.568672,0.0
2022-11-04,41.538981,-71.568672,0.0031366430345364433
2022-11-05,41.538981,-71.568672,0.0
2022-11-06,41.538981,-71.568672,0.0
2022-11-07,41.538981,-71.568672,0.08162846929719914
2022-11-08,41.538981,-71.568672,0.0
2022-11-09,41.538981,-71.568672,0.0
2022-11-10,41.538981,-71.568672,0.0
2022-11-11,41.538981,-71.568672,1.1289220051989255
2022-11-12,41.538981,-71.568672,3.7842778715042114
2022-11-13,41.538981,-71.568672,9.672330617156486
2022-11-14,41.538981,-71.568672,0.0
2022-11-15,41.538981,-71.568672,0.009020916039709642
2022-11-16,41.538981,-71.568672,36.86809232085949
2022-11-17,41.538981,-71.568672,0.0
2022-11-18,41.538981,-71.568672,0.0
2022-11-19,41.538981,-71.568672,0.0
2022-11-20,41.538981,-71.568672,0.0
2022-11-21,41.538981,-71.568672,0.0
2022-11-22,41.538981,-71.568672,0.0
2022-11-23,41.538981,-71.568672,0.0
2022-11-24,41.538981,-71.568672,0.0
2022-11-25,41.538981,-71.568672,3.529368454647481
2022-11-26,41.538981,-71.568672,0.0
2022-11-27,41.538981,-71.568672,22.371828382263505
2022-11-28,41.538981,-71.568672,0.29388334885163053
2022-11-29,41.538981,-71.568672,0.0
2022-11-30,41.538981,-71.568672,20.011047973350284
2022-12-01,41.538981,-71.568672,1.335112936888785
2022-12-02,41.538981,-71.568672,0.0
2022-12-03,41.538981,-71.568672,23.52461242510386
2022-12-04,41.538981,-71.568672,0.0
2022-12-05,41.538981,-71.568672,0.006747686269905965
2022-12-06,41.538981,-71.568672,3.094714785168995
2022-12-07,41.538981,-71.568672,44.81185689326802
2022-12-08,41.538981,-71.568672,0.0
2022-12-09,41.538981,-71.568672,0.0
2022-12-10,41.538981,-71.568672,0.0
2022-12-11,41.538981,-71.568672,0.013356257962555476
2022-12-12,41.538981,-71.568672,0.6727833512189035
2022-12-13,41.538981,-71.568672,0.0
2022-12-14,41.538981,-71.568672,0.0
2022-12-15,41.538981,-71.568672,0.4540453892753249
2022-12-16,41.538981,-71.568672,33.04919094447408
2022-12-17,41.538981,-71.568672,0.0
2022-12-18,41.538981,-71.568672,0.0
2022-12-19,41.538981,-71.568672,0.0
2022-12-20,41.538981,-71.568672,0.0
2022-12-21,41.538981,-71.568672,0.0
2022-12-22,41.538981,-71.568672,3.4559356156161245
2022-12-23,41.538981,-71.568672,36.3463686334878
2022-12-24,41.538981,-71.568672,0.0
2022-12-25,41.538981,-71.568672,0.0
2022-12-26,41.538981,-71.568672,0.0
2022-12-27,41.538981,-71.568672,0.19793719376757019
2022-12-28,41.538981,-71.568672,0.000308574412595851
2022-12-29,41.538981,-71.568672,0.01219961476050475
2022-12-30,41.538981,-71.568672,0.0
2022-12-31,41.538981,-71.568672,13.616182975214848
2023-01-01,41.538981,-71.568672,18.487141254309915
2023-01-02,41.538981,-71.568672,0.013347149701668238
2023-01-03,41.538981,-71.568672,14.932560776960631
2023-01-04,41.538981,-71.568672,4.628028430186982
2023-01-05,41.538981,-71.568672,3.4762488577815027
2023-01-06,41.538981,-71.568672,0.1523380966591038
2023-01-07,41.538981,-71.568672,0.0
2023-01-08,41.538981,-71.568672,0.0
2023-01-09,41.538981,-71.568672,4.741631974133672
2023-01-10,41.538981,-71.568672,0.0
2023-01-11,41.538981,-71.568672,0.0
2023-01-12,41.538981,-71.568672,0.07119339236466998
2023-01-13,41.538981,-71.568672,23.792423099797258
2023-01-14,41.538981,-71.568672,2.422009804423989
2023-01-15,41.538981,-71.568672,0.8194464716291676
2023-01-16,41.538981,-71.568672,1.1218700053644437
2023-01-17,41.538981,-71.568672,0.01209847936989275
2023-01-18,41.538981,-71.568672,0.0
2023-01-19,41.538981,-71.568672,26.787472348135328
2023-01-20,41.538981,-71.568672,14.344859680652567
2023-01-21,41.538981,-71.568672,0.0
2023-01-22,41.538981,-71.568672,0.5259112509728374
2023-01-23,41.538981,-71.568672,45.418089493969966
2023-01-24,41.538981,-71.568672,0.0
2023-01-25,41.538981,-71.568672,5.092953612251293
2023-01-26,41.538981,-71.568672,45.258318299843005
2023-01-27,41.538981,-71.568672,0.0
2023-01-28,41.538981,-71.568672,0.0
2023-01-29,41.538981,-71.568672,2.073442738661911
2023-01-30,41.538981,-71.568672,0.008513745236375578
2023-01-31,41.538981,-71.568672,0.15592030693486594
2023-02-01,41.538981,-71.568672,1.096527757256335
2023-02-02,41.538981,-71.568672,0.0
2023-02-03,41.538981,-71.568672,0.0
2023-02-04,41.538981,-71.568672,0.33878024707680354
2023-02-05,41.538981,-71.568672,0.0008961837003065226
2023-02-06,41.538981,-71.568672,0.0599286620766595
2023-02-07,41.538981,-71.568672,0.0
2023-02-08,41.538981,-71.568672,6.571348941954513
2023-02-09,41.538981,-71.568672,0.22302559189035093
2023-02-10,41.538981,-71.568672,0.899234212825262
2023-02-11,41.538981,-71.568672,0.0
2023-02-12,41.538981,-71.568672,0.0
2023-02-13,41.538981,-71.568672,10.997310314142084
2023-02-14,41.538981,-71.568672,0.0035847348012260903
2023-02-15,41.538981,-71.568672,2.1563525112303887
2023-02-16,41.538981,-71.568672,3.3409419316641387
2023-02-17,41.538981,-71.568672,13.838082227527483
2023-02-18,41.538981,-71.568672,0.18304410211710598
2023-02-19,41.538981,-71.568672,0.0
2023-02-20,41.538981,-71.568672,1.3962971014488943
2023-02-21,41.538981,-71.568672,4.807757821015818
2023-02-22,41.538981,-71.568672,0.019934419195154436
2023-02-23,41.538981,-71.568672,9.12957251915355
2023-02-24,41.538981,-71.568672,0.9719231703019845
2023-02-25,41.538981,-71.568672,0.0
2023-02-26,41.538981,-71.568672,0.005377102201839136
2023-02-27,41.538981,-71.568672,0.0
2023-02-28,41.538981,-71.568672,1.6712240702224241
2023-03-01,41.538981,-71.568672,0.000617148825191702
2023-03-02,41.538981,-71.568672,3.6012982955489523
2023-03-03,41.538981,-71.568672,0.06673574602224078
2023-03-04,41.538981,-71.568672,12.156626232015176
2023-03-05,41.538981,-71.568672,0.0
2023-03-06,41.538981,-71.568672,0.0
2023-03-07,41.538981,-71.568672,0.0
2023-03-08,41.538981,-71.568672,0.0
2023-03-09,41.538981,-71.568672,0.015196740864544735
2023-03-10,41.538981,-71.568672,0.014691425252128023
2023-03-11,41.538981,-71.568672,14.13619599182594
2023-03-12,41.538981,-71.568672,0.0
2023-03-13,41.538981,-71.568672,5.922125443553775
2023-03-14,41.538981,-71.568672,37.158213094246804
2023-03-15,41.538981,-71.568672,0.0009257232186287313
2023-03-16,41.538981,-71.568672,0.05879132750185604
2023-03-17,41.538981,-71.568672,0.22625582928468224
2023-03-18,41.538981,-71.568672,7.719773638253992
2023-03-19,41.538981,-71.568672,0.0
2023-03-20,41.538981,-71.568672,0.0
2023-03-21,41.538981,-71.568672,0.0
2023-03-22,41.538981,-71.568672,0.6790509264473333
2023-03-23,41.538981,-71.568672,7.17024593368672
2023-03-24,41.538981,-71.568672,0.07979543458378346
2023-03-25,41.538981,-71.568672,4.761471060551292
2023-03-26,41.538981,-71.568672,0.11960690112252559
2023-03-27,41.538981,-71.568672,0.9197882449872262
2023-03-28,41.538981,-71.568672,4.11407737716231
2023-03-29,41.538981,-71.568672,0.0
2023-03-30,41.538981,-71.568672,0.13254169549264883
2023-03-31,41.538981,-71.568672,13.624173196397141
2023-04-01,41.538981,-71.568672,34.419621884164606
2023-04-02,41.538981,-71.568672,0.6855152226777484
2023-04-03,41.538981,-71.568672,0.062344194376093766
2023-04-04,41.538981,-71.568672,0.2591179947053181
2023-04-05,41.538981,-71.568672,0.4799605827593327
2023-04-06,41.538981,-71.568672,5.298210053771173
2023-04-07,41.538981,-71.568672,3.7081575254021018
2023-04-08,41.538981,-71.568672,0.5314457153335943
2023-04-09,41.538981,-71.568672,0.0004480918501532613
2023-04-10,41.538981,-71.568672,0.0
2023-04-11,41.538981,-71.568672,0.0
2023-04-12,41.538981,-71.568672,3.839965957669672
2023-04-13,41.538981,-71.568672,0.09752860532221928
2023-04-14,41.538981,-71.568672,0.018092231342753437
2023-04-15,41.538981,-71.568672,4.037426478147756
2023-04-16,41.538981,-71.568672,11.53803775147161
2023-04-17,41.538981,-71.568672,0.7582820021906298
2023-04-18,41.538981,-71.568672,0.005061407904917596
2023-04-19,41.538981,-71.568672,0.0
2023-04-20,41.538981,-71.568672,0.013442755003816151
2023-04-21,41.538981,-71.568672,0.07813602113981705
2023-04-22,41.538981,-71.568672,0.40252184633858873
2023-04-23,41.538981,-71.568672,28.121014500897736
2023-04-24,41.538981,-71.568672,0.0
2023-04-25,41.538981,-71.568672,0.0
2023-04-26,41.538981,-71.568672,0.0
2023-04-27,41.538981,-71.568672,0.8943399615367567
2023-04-28,41.538981,-71.568672,0.3727717175353026
2023-04-29,41.538981,-71.568672,10.005900692878921
2023-04-30,41.538981,-71.568672,14.419800585243195
2023-05-01,41.538981,-71.568672,11.101511558981258
2023-05-02,41.538981,-71.568672,3.2731547271853136
2023-05-03,41.538981,-71.568672,0.9072863720584158
2023-05-04,41.538981,-71.568672,1.5255073100416219
2023-05-05,41.538981,-71.568672,0.47088577620737754
2023-05-06,41.538981,-71.568672,0.0
2023-05-07,41.538981,-71.568672,0.0634012063469092
2023-05-08,41.538981,-71.568672,12.605954766725025
2023-05-09,41.538981,-71.568672,0.0
2023-05-10,41.538981,-71.568672,0.0
2023-05-11,41.538981,-71.568672,0.0
2023-05-12,41.538981,-71.568672,0.0
2023-05-13,41.538981,-71.568672,0.18766589943064557
2023-05-14,41.538981,-71.568672,0.0
2023-05-15,41.538981,-71.568672,0.002365737105758395
2023-05-16,41.538981,-71.568672,0.009477351973999338
2023-05-17,41.538981,-71.568672,0.0
2023-05-18,41.538981,-71.568672,0.0
2023-05-19,41.538981,-71.568672,0.013179020672038345
2023-05-20,41.538981,-71.568672,15.851660176010565
2023-05-21,41.538981,-71.568672,33.86926573777698
2023-05-22,41.538981,-71.568672,0.0
2023-05-23,41.538981,-71.568672,0.0
2023-05-24,41.538981,-71.568672,0.2920910688524925
2023-05-25,41.538981,-71.568672,0.6336562646542354
2023-05-26,41.538981,-71.568672,0.0
2023-05-27,41.538981,-71.568672,0.0
2023-05-28,41.538981,-71.568672,0.0
2023-05-29,41.538981,-71.568672,0.0
2023-05-30,41.538981,-71.568672,0.0
2023-05-31,41.538981,-71.568672,0.0
2023-06-01,41.538981,-71.568672,0.0
2023-06-02,41.538981,-71.568672,0.0
2023-06-03,41.538981,-71.568672,1.998655686870623
2023-06-04,41.538981,-71.568672,0.03522085662815056
2023-06-05,41.538981,-71.568672,0.05738529717257581
2023-06-06,41.538981,-71.568672,0.9388595264921179
2023-06-07,41.538981,-71.568672,0.07960582222163946
2023-06-08,41.538981,-71.568672,0.0
2023-06-09,41.538981,-71.568672,1.5108106995535078
2023-06-10,41.538981,-71.568672,3.657528860288048
2023-06-11,41.538981,-71.568672,0.0
2023-06-12,41.538981,-71.568672,1.718201269279942
2023-06-13,41.538981,-71.568672,1.0497639293958956
2023-06-14,41.538981,-71.568672,0.3579028959311432
2023-06-15,41.538981,-71.568672,0.0
2023-06-16,41.538981,-71.568672,2.1681439682711634
2023-06-17,41.538981,-71.568672,17.231112151484975
2023-06-18,41.538981,-71.568672,10.575763797144864
2023-06-19,41.538981,-71.568672,0.0
2023-06-20,41.538981,-71.568672,0.0
2023-06-21,41.538981,-71.568672,0.0
2023-06-22,41.538981,-71.568672,0.11704806906091435
2023-06-23,41.538981,-71.568672,0.6232015064620156
2023-06-24,41.538981,-71.568672,15.38844479331887
2023-06-25,41.538981,-71.568672,0.0017923674006130451
2023-06-26,41.538981,-71.568672,0.4635475682987412
2023-06-27,41.538981,-71.568672,31.834435424085726
2023-06-28,41.538981,-71.568672,6.932010299988551
2023-06-29,41.538981,-71.568672,0.19201326746760838
2023-06-30,41.538981,-71.568672,0.0
2023-07-01,41.538981,-71.568672,0.0
2023-07-02,41.538981,-71.568672,1.472336208907381
2023-07-03,41.538981,-71.568672,4.18353055236498
2023-07-04,41.538981,-71.568672,32.60055654108902
2023-07-05,41.538981,-71.568672,0.05427669402826031
2023-07-06,41.538981,-71.568672,0.0
2023-07-07,41.538981,-71.568672,0.02894757122678658
2023-07-08,41.538981,-71.568672,0.33952227171542015
2023-07-09,41.538981,-71.568672,5.050702924620329
2023-07-10,41.538981,-71.568672,24.396191532429054
2023-07-11,41.538981,-71.568672,0.0
2023-07-12,41.538981,-71.568672,0.0
2023-07-13,41.538981,-71.568672,0.20489483880096104
2023-07-14,41.538981,-71.568672,29.82401898297114
2023-07-15,41.538981,-71.568672,20.816459173342334
2023-07-16,41.538981,-71.568672,74.7193931174459
2023-07-17,41.538981,-71.568672,19.705911546237076
2023-07-18,41.538981,-71.568672,0.2686628696614247
2023-07-19,41.538981,-71.568672,1.4032829149641066
2023-07-20,41.538981,-71.568672,0.0
2023-07-21,41.538981,-71.568672,4.0624676416133365
2023-07-22,41.538981,-71.568672,0.7282359404459815
2023-07-23,41.538981,-71.568672,0.3342867115195065
2023-07-24,41.538981,-71.568672,0.0798443566911716
2023-07-25,41.538981,-71.568672,0.0
2023-07-26,41.538981,-71.568672,0.0
2023-07-27,41.538981,-71.568672,0.0
2023-07-28,41.538981,-71.568672,0.6716846179483598
2023-07-29,41.538981,-71.568672,0.3977345780948622
2023-07-30,41.538981,-71.568672,11.949283413597866
2023-07-31,41.538981,-71.568672,0.0
2023-08-01,41.538981,-71.568672,0.0
2023-08-02,41.538981,-71.568672,0.0
2023-08-03,41.538981,-71.568672,0.0
2023-08-04,41.538981,-71.568672,0.2959935108016898
2023-08-05,41.538981,-71.568672,0.8917133273578126
2023-08-06,41.538981,-71.568672,0.01447378561339329
2023-08-07,41.538981,-71.568672,14.19075942282638
2023-08-08,41.538981,-71.568672,17.203575001715468
2023-08-09,41.538981,-71.568672,0.0
2023-08-10,41.538981,-71.568672,13.997017267771918
2023-08-11,41.538981,-71.568672,10.850696046960316
2023-08-12,41.538981,-71.568672,2.565615337756075
2023-08-13,41.538981,-71.568672,29.256051490889448
2023-08-14,41.538981,-71.568672,0.7039040396436553
2023-08-15,41.538981,-71.568672,19.112261904588213
2023-08-16,41.538981,-71.568672,1.3723923667701947
2023-08-17,41.538981,-71.568672,1.802715494375821
2023-08-18,41.538981,-71.568672,5.3809317002236305
2023-08-19,41.538981,-71.568672,0.0
2023-08-20,41.538981,-71.568672,0.10493494502311317
2023-08-21,41.538981,-71.568672,0.45669256695084093
2023-08-22,41.538981,-71.568672,1.9139362409711134
2023-08-23,41.538981,-71.568672,0.0
2023-08-24,41.538981,-71.568672,0.006112409445178463
2023-08-25,41.538981,-71.568672,15.44765501172866
2023-08-26,41.538981,-71.568672,0.15550714001263322
2023-08-27,41.538981,-71.568672,0.0
2023-08-28,41.538981,-71.568672,1.0721429905598496
2023-08-29,41.538981,-71.568672,0.8523757585291619
2023-08-30,41.538981,-71.568672,2.2012245255804017
2023-08-31,41.538981,-71.568672,0.0
2023-09-01,41.538981,-71.568672,0.0
2023-09-02,41.538981,-71.568672,0.010855339210044968
2023-09-03,41.538981,-71.568672,1.2927734364094408
2023-09-04,41.538981,-71.568672,0.0389919369265789
2023-09-05,41.538981,-71.568672,0.07234837551117856
2023-09-06,41.538981,-71.568672,0.0
2023-09-07,41.538981,-71.568672,0.0031366430345364433
2023-09-08,41.538981,-71.568672,0.3277325680591017
2023-09-09,41.538981,-71.568672,0.002857607992494394
2023-09-10,41.538981,-71.568672,1.8357486889872017
2023-09-11,41.538981,-71.568672,1.205669156548378
2023-09-12,41.538981,-71.568672,0.7025619661640867
2023-09-13,41.538981,-71.568672,4.930930843679434
2023-09-14,41.538981,-71.568672,0.0236213935707531
2023-09-15,41.538981,-71.568672,0.024144995165369082
2023-09-16,41.538981,-71.568672,24.979666361122217
2023-09-17,41.538981,-71.568672,0.0
2023-09-18,41.538981,-71.568672,42.96771980203859
2023-09-19,41.538981,-71.568672,0.0007200069818824747
2023-09-20,41.538981,-71.568672,0.0
2023-09-21,41.538981,-71.568672,0.0
2023-09-22,41.538981,-71.568672,0.02585533887476884
2023-09-23,41.538981,-71.568672,28.227729406944317
2023-09-24,41.538981,-71.568672,2.7935137037988422
2023-09-25,41.538981,-71.568672,9.539282676662612
2023-09-26,41.538981,-71.568672,12.982965907778926
2023-09-27,41.538981,-71.568672,0.0
2023-09-28,41.538981,-71.568672,0.0
2023-09-29,41.538981,-71.568672,15.898034929906263
2023-09-30,41.538981,-71.568672,43.162692962308384
2023-10-01,41.538981,-71.568672,3.4495298915560135
2023-10-02,41.538981,-71.568672,0.0
2023-10-03,41.538981,-71.568672,0.0
2023-10-04,41.538981,-71.568672,0.0
2023-10-05,41.538981,-71.568672,0.0
2023-10-06,41.538981,-71.568672,0.0
2023-10-07,41.538981,-71.568672,3.8621325003651163
2023-10-08,41.538981,-71.568672,0.032020356548474106
2023-10-09,41.538981,-71.568672,0.0
2023-10-10,41.538981,-71.568672,0.08918997152897387
2023-10-11,41.538981,-71.568672,0.1480928960565243
2023-10-12,41.538981,-71.568672,0.0
2023-10-13,41.538981,-71.568672,0.08684271368035974
2023-10-14,41.538981,-71.568672,11.97412419366697
2023-10-15,41.538981,-71.568672,6.451477117891776
2023-10-16,41.538981,-71.568672,0.008804848999944763
2023-10-17,41.538981,-71.568672,0.037181059840398725
2023-10-18,41.538981,-71.568672,0.001954304632265879
2023-10-19,41.538981,-71.568672,0.0
2023-10-20,41.538981,-71.568672,1.8162001048791905
2023-10-21,41.538981,-71.568672,36.6767418633742
2023-10-22,41.538981,-71.568672,0.15559320140987148
2023-10-23,41.538981,-71.568672,0.41005718819871395
2023-10-24,41.538981,-71.568672,0.001542872005502789
2023-10-25,41.538981,-71.568672,0.05314276944299667
2023-10-26,41.538981,-71.568672,0.11353701982357801
2023-10-27,41.538981,-71.568672,3.0976638530077034
2023-10-28,41.538981,-71.568672,0.0
2023-10-29,41.538981,-71.568672,6.930242097570056
2023-10-30,41.538981,-71.568672,12.264000927235667
2023-10-31,41.538981,-71.568672,3.6460557229088075
2023-11-01,41.538981,-71.568672,0.211803938241349
2023-11-02,41.538981,-71.568672,0.0
2023-11-03,41.538981,-71.568672,0.009990418006212627
2023-11-04,41.538981,-71.568672,0.10143815225323263
2023-11-05,41.538981,-71.568672,0.004672395328142943
2023-11-06,41.538981,-71.568672,0.16732357735392506
2023-11-07,41.538981,-71.568672,22.6358291103342
2023-11-08,41.538981,-71.568672,0.0
2023-11-09,41.538981,-71.568672,2.1815860092085306
2023-11-10,41.538981,-71.568672,0.7632076456249894
2023-11-11,41.538981,-71.568672,0.0
2023-11-12,41.538981,-71.568672,0.0
2023-11-13,41.538981,-71.568672,0.0
2023-11-14,41.538981,-71.568672,0.0625252368118224
2023-11-15,41.538981,-71.568672,0.0
2023-11-16,41.538981,-71.568672,0.0024918104916232704
2023-11-17,41.538981,-71.568672,0.0
2023-11-18,41.538981,-71.568672,0.7601712512723472
2023-11-19,41.538981,-71.568672,0.0
2023-11-20,41.538981,-71.568672,0.09239366692622714
2023-11-21,41.538981,-71.568672,0.7808317510380698
2023-11-22,41.538981,-71.568672,43.07427898508836
2023-11-23,41.538981,-71.568672,0.18393720904991884
2023-11-24,41.538981,-71.568672,0.0
2023-11-25,41.538981,-71.568672,0.0
2023-11-26,41.538981,-71.568672,0.13645341279766368
2023-11-27,41.538981,-71.568672,9.219700951246033
2023-11-28,41.538981,-71.568672,0.0005509499876852116
2023-11-29,41.538981,-71.568672,0.0
2023-11-30,41.538981,-71.568672,0.0011018999753704233
2023-12-01,41.538981,-71.568672,3.7406630240153977
2023-12-02,41.538981,-71.568672,3.289359435315917
2023-12-03,41.538981,-71.568672,26.381764424480874
2023-12-04,41.538981,-71.568672,1.2483639680418925
2023-12-05,41.538981,-71.568672,0.6309815353723986
2023-12-06,41.538981,-71.568672,0.0004480918501532613
2023-12-07,41.538981,-71.568672,0.0
2023-12-08,41.538981,-71.568672,0.0
2023-12-09,41.538981,-71.568672,0.49869055228841647
2023-12-10,41.538981,-71.568672,8.345178378157588
2023-12-11,41.538981,-71.568672,68.14190152152358
2023-12-12,41.538981,-71.568672,0.0036184464033483226
2023-12-13,41.538981,-71.568672,0.0
2023-12-14,41.538981,-71.568672,0.0
2023-12-15,41.538981,-71.568672,0.07719105868245896
2023-12-16,41.538981,-71.568672,0.04382293524104331
2023-12-17,41.538981,-71.568672,18.667521025086717
2023-12-18,41.538981,-71.568672,72.97137112411447
2023-12-19,41.538981,-71.568672,0.0
2023-12-20,41.538981,-71.568672,0.0
2023-12-21,41.538981,-71.568672,0.0
2023-12-22,41.538981,-71.568672,0.0
2023-12-23,41.538981,-71.568672,0.11134809613457454
2023-12-24,41.538981,-71.568672,0.4513004749589326
2023-12-25,41.538981,-71.568672,0.008170354441436352
2023-12-26,41.538981,-71.568672,0.0
2023-12-27,41.538981,-71.568672,8.20874653006343
2023-12-28,41.538981,-71.568672,19.10856066046607
2023-12-29,41.538981,-71.568672,0.617107371866537
2023-12-30,41.538981,-71.568672,0.00010285813753195034
2023-12-31,41.538981,-71.568672,0.0071623497372853145
2024-01-01,41.538981,-71.568672,1.5450753659043193
2024-01-02,41.538981,-71.568672,0.0
2024-01-03,41.538981,-71.568672,0.0
2024-01-04,41.538981,-71.568672,1.6342414950186865
2024-01-05,41.538981,-71.568672,0.0
2024-01-06,41.538981,-71.568672,0.42884184802722225
2024-01-07,41.538981,-71.568672,5.557996893790556
2024-01-08,41.538981,-71.568672,0.0
2024-01-09,41.538981,-71.568672,17.725010068252033
2024-01-10,41.538981,-71.568672,110.98420430420266
2024-01-11,41.538981,-71.568672,0.0
2024-01-12,41.538981,-71.568672,0.0
2024-01-13,41.538981,-71.568672,42.59841311662382
2024-01-14,41.538981,-71.568672,0.004153017331326822
2024-01-15,41.538981,-71.568672,0.41357240406562124
2024-01-16,41.538981,-71.568672,4.192319395062997
2024-01-17,41.538981,-71.568672,0.0
2024-01-18,41.538981,-71.568672,0.0
2024-01-19,41.538981,-71.568672,0.0
2024-01-20,41.538981,-71.568672,0.0
2024-01-21,41.538981,-71.568672,0.0
2024-01-22,41.538981,-71.568672,1.0237516060735652
2024-01-23,41.538981,-71.568672,0.7491592266273203
2024-01-24,41.538981,-71.568672,4.081453944579743
2024-01-25,41.538981,-71.568672,18.719899995443967
2024-01-26,41.538981,-71.568672,2.0814339948685974
2024-01-27,41.538981,-71.568672,3.44560456346472
2024-01-28,41.538981,-71.568672,45.17715609716085
2024-01-29,41.538981,-71.568672,0.2153538616520364
2024-01-30,41.538981,-71.568672,0.0
2024-01-31,41.538981,-71.568672,0.0
2024-02-01,41.538981,-71.568672,0.0
2024-02-02,41.538981,-71.568672,0.08118167859735456
2024-02-03,41.538981,-71.568672,0.0
2024-02-04,41.538981,-71.568672,0.0
2024-02-05,41.538981,-71.568672,0.0
2024-02-06,41.538981,-71.568672,0.0
2024-02-07,41.538981,-71.568672,0.0
2024-02-08,41.538981,-71.568672,0.0
2024-02-09,41.538981,-71.568672,0.008513745236375578
2024-02-10,41.538981,-71.568672,0.0
2024-02-11,41.538981,-71.568672,0.02361042423739058
2024-02-12,41.538981,-71.568672,0.0
2024-02-13,41.538981,-71.568672,28.83840028337718
2024-02-14,41.538981,-71.568672,0.003019545345928484
2024-02-15,41.538981,-71.568672,0.007475431320157849
2024-02-16,41.538981,-71.568672,0.4195492864693821
2024-02-17,41.538981,-71.568672,0.041174688865788484
2024-02-18,41.538981,-71.568672,0.0
2024-02-19,41.538981,-71.568672,0.0
2024-02-20,41.538981,-71.568672,0.0
2024-02-21,41.538981,-71.568672,0.0
2024-02-22,41.538981,-71.568672,0.0
2024-02-23,41.538981,-71.568672,6.712258165698544
2024-02-24,41.538981,-71.568672,1.8159814531983856
2024-02-25,41.538981,-71.568672,0.0
2024-02-26,41.538981,-71.568672,0.0
2024-02-27,41.538981,-71.568672,0.0
2024-02-28,41.538981,-71.568672,16.86622570317267
2024-02-29,41.538981,-71.568672,15.524875236354443
2024-03-01,41.538981,-71.568672,0.0
2024-03-02,41.538981,-71.568672,32.4671621967491
2024-03-03,41.538981,-71.568672,11.452344361926155
2024-03-04,41.538981,-71.568672,0.0
2024-03-05,41.538981,-71.568672,3.1619875801341433
2024-03-06,41.538981,-71.568672,5.849828653267519
2024-03-07,41.538981,-71.568672,28.87931757929577
2024-03-08,41.538981,-71.568672,0.25616932002686016
2024-03-09,41.538981,-71.568672,3.574353303060786
2024-03-10,41.538981,-71.568672,28.033673522292087
2024-03-11,41.538981,-71.568672,0.011003561893476697
2024-03-12,41.538981,-71.568672,0.0
2024-03-13,41.538981,-71.568672,0.0
2024-03-14,41.538981,-71.568672,0.12951618046649083
2024-03-15,41.538981,-71.568672,0.48286196641717083
2024-03-16,41.538981,-71.568672,0.0
2024-03-17,41.538981,-71.568672,1.0245865703580237
2024-03-18,41.538981,-71.568672,0.0040328269017701895
2024-03-19,41.538981,-71.568672,0.0
2024-03-20,41.538981,-71.568672,4.64379259211247
2024-03-21,41.538981,-71.568672,0.012097375257380527
2024-03-22,41.538981,-71.568672,0.1888531235185385
2024-03-23,41.538981,-71.568672,56.67607132901271
2024-03-24,41.538981,-71.568672,2.8280386586297226
2024-03-25,41.538981,-71.568672,0.00010285813753195034
2024-03-26,41.538981,-71.568672,0.0
2024-03-27,41.538981,-71.568672,1.7970745664916377
2024-03-28,41.538981,-71.568672,84.60964403371445
2024-03-29,41.538981,-71.568672,50.3217642785062
2024-03-30,41.538981,-71.568672,0.0004480918501532613
2024-03-31,41.538981,-71.568672,0.04312505268460999
2024-04-01,41.538981,-71.568672,0.6839857895310845
2024-04-02,41.538981,-71.568672,10.582322826745228
2024-04-03,41.538981,-71.568672,20.381137032849114
2024-04-04,41.538981,-71.568672,17.890775654323434
2024-04-05,41.538981,-71.568672,0.3604236894189889
2024-04-06,41.538981,-71.568672,0.09012014729826691
2024-04-07,41.538981,-71.568672,0.12355992673935919
2024-04-08,41.538981,-71.568672,0.023951137587392632
2024-04-09,41.538981,-71.568672,0.3339575957184569
2024-04-10,41.538981,-71.568672,0.34630625380903046
2024-04-11,41.538981,-71.568672,5.461048601894332
2024-04-12,41.538981,-71.568672,22.966920773474236
2024-04-13,41.538981,-71.568672,0.13531092637162317
2024-04-14,41.538981,-71.568672,8.04636563701854
2024-04-15,41.538981,-71.568672,5.469045786650806
2024-04-16,41.538981,-71.568672,0.28913042250242366
2024-04-17,41.538981,-71.568672,2.328944088384036
2024-04-18,41.538981,-71.568672,16.474685431285064
2024-04-19,41.538981,-71.568672,0.041666042446961836
2024-04-20,41.538981,-71.568672,8.357315803936505
2024-04-21,41.538981,-71.568672,0.06562393864859972
2024-04-22,41.538981,-71.568672,0.0
2024-04-23,41.538981,-71.568672,0.0
2024-04-24,41.538981,-71.568672,0.981056647907482
2024-04-25,41.538981,-71.568672,0.0
2024-04-26,41.538981,-71.568672,0.0
2024-04-27,41.538981,-71.568672,0.19267384375175578
2024-04-28,41.538981,-71.568672,6.365706540728507
2024-04-29,41.538981,-71.568672,2.3434666855868325
2024-04-30,41.538981,-71.568672,0.017576718053650135
2024-05-01,41.538981,-71.568672,9.326887732046947
2024-05-02,41.538981,-71.568672,0.0
2024-05-03,41.538981,-71.568672,0.07439991327069195
2024-05-04,41.538981,-71.568672,0.5453343625428442
2024-05-05,41.538981,-71.568672,8.0190263590911
2024-05-06,41.538981,-71.568672,3.8583040915074056
2024-05-07,41.538981,-71.568672,0.1198703743970626
2024-05-08,41.538981,-71.568672,15.252848624369362
2024-05-09,41.538981,-71.568672,4.584757535186976
2024-05-10,41.538981,-71.568672,12.999669590833669
2024-05-11,41.538981,-71.568672,0.0
2024-05-12,41.538981,-71.568672,0.0037213045408802732
2024-05-13,41.538981,-71.568672,0.008102931237191888
2024-05-14,41.538981,-71.568672,0.0
2024-05-15,41.538981,-71.568672,26.06025872675725
2024-05-16,41.538981,-71.568672,42.30896934360476
2024-05-17,41.538981,-71.568672,0.08736634499566238
2024-05-18,41.538981,-71.568672,1.019435056448748
2024-05-19,41.538981,-71.568672,1.2419375394347658
2024-05-20,41.538981,-71.568672,0.0
2024-05-21,41.538981,-71.568672,0.0
2024-05-22,41.538981,-71.568672,0.0
2024-05-23,41.538981,-71.568672,19.382049669687827
2024-05-24,41.538981,-71.568672,0.0
2024-05-25,41.538981,-71.568672,0.0
2024-05-26,41.538981,-71.568672,0.8000879962717128
2024-05-27,41.538981,-71.568672,0.695103197316628
2024-05-28,41.538981,-71.568672,19.585163145960237
2024-05-29,41.538981,-71.568672,0.0
2024-05-30,41.538981,-71.568672,4.037602955894817
2024-05-31,41.538981,-71.568672,0.09902830280666047
2024-06-01,41.538981,-71.568672,0.0
2024-06-02,41.538981,-71.568672,0.0
2024-06-03,41.538981,-71.568672,0.16294472527100165
2024-06-04,41.538981,-71.568672,0.0
2024-06-05,41.538981,-71.568672,0.0
2024-06-06,41.538981,-71.568672,4.351851823213602
2024-06-07,41.538981,-71.568672,0.029617552491473326
2024-06-08,41.538981,-71.568672,0.0
2024-06-09,41.538981,-71.568672,3.1334310502482774
2024-06-10,41.538981,-71.568672,0.013780869788529177
2024-06-11,41.538981,-71.568672,0.0
2024-06-12,41.538981,-71.568672,0.0
2024-06-13,41.538981,-71.568672,0.0
2024-06-14,41.538981,-71.568672,0.3844294696948218
2024-06-15,41.538981,-71.568672,7.562117178008855
2024-06-16,41.538981,-71.568672,0.0
2024-06-17,41.538981,-71.568672,0.25064601454088864
2024-06-18,41.538981,-71.568672,0.0
2024-06-19,41.538981,-71.568672,0.01447378561339329
2024-06-20,41.538981,-71.568672,0.0
2024-06-21,41.538981,-71.568672,9.162902352595484
2024-06-22,41.538981,-71.568672,13.308688000196835
2024-06-23,41.538981,-71.568672,9.274152895437037
2024-06-24,41.538981,-71.568672,5.427606777965215
2024-06-25,41.538981,-71.568672,0.0
2024-06-26,41.538981,-71.568672,0.0004480918501532613
2024-06-27,41.538981,-71.568672,35.32160316773663
2024-06-28,41.538981,-71.568672,0.0
2024-06-29,41.538981,-71.568672,0.3494886353608158
2024-06-30,41.538981,-71.568672,17.404077391474562
2024-07-01,41.538981,-71.568672,1.9149530720354133
2024-07-02,41.538981,-71.568672,0.0
2024-07-03,41.538981,-71.568672,0.0
2024-07-04,41.538981,-71.568672,0.18427929800535647
2024-07-05,41.538981,-71.568672,1.5056363732840161
2024-07-06,41.538981,-71.568672,5.683300166341512
2024-07-07,41.538981,-71.568672,0.8931659024580012
2024-07-08,41.538981,-71.568672,0.06220022056851231
2024-07-09,41.538981,-71.568672,0.08233617874016552
2024-07-10,41.538981,-71.568672,0.16406588919771856
2024-07-11,41.538981,-71.568672,0.054995195252991416
2024-07-12,41.538981,-71.568672,0.009592751435621666
2024-07-13,41.538981,-71.568672,14.700251824235824
2024-07-14,41.538981,-71.568672,0.0004480918501532613
2024-07-15,41.538981,-71.568672,0.0008961837003065226
2024-07-16,41.538981,-71.568672,0.0
2024-07-17,41.538981,-71.568672,0.018471189962456353
2024-07-18,41.538981,-71.568672,9.611055321545606
2024-07-19,41.538981,-71.568672,0.0
2024-07-20,41.538981,-71.568672,0.0
2024-07-21,41.538981,-71.568672,3.4204269327199572
2024-07-22,41.538981,-71.568672,0.013294394915854279
2024-07-23,41.538981,-71.568672,7.7082704368849635
2024-07-24,41.538981,-71.568672,3.1350671049847456
2024-07-25,41.538981,-71.568672,1.523579653163795
2024-07-26,41.538981,-71.568672,0.0
2024-07-27,41.538981,-71.568672,0.07268783437209542
2024-07-28,41.538981,-71.568672,4.17793142596335
2024-07-29,41.538981,-71.568672,41.443301291351986
2024-07-30,41.538981,-71.568672,0.0031366430345364433
2024-07-31,41.538981,-71.568672,8.40702240294728
2024-08-01,41.538981,-71.568672,0.06523489204982541
2024-08-02,41.538981,-71.568672,0.0652767053421682
2024-08-03,41.538981,-71.568672,2.013667863248778
2024-08-04,41.538981,-71.568672,7.643451776939862
2024-08-05,41.538981,-71.568672,1.9544407431631041
2024-08-06,41.538981,-71.568672,4.864830762001363
2024-08-07,41.538981,-71.568672,19.413405313124326
2024-08-08,41.538981,-71.568672,2.5525996376149642
2024-08-09,41.538981,-71.568672,3.3305783378251643
2024-08-10,41.538981,-71.568672,4.340438025280105
2024-08-11,41.538981,-71.568672,0.1810458809334475
2024-08-12,41.538981,-71.568672,0.5354491187227879
2024-08-13,41.538981,-71.568672,0.24097123887779293
2024-08-14,41.538981,-71.568672,0.0
2024-08-15,41.538981,-71.568672,0.3623770087991448
2024-08-16,41.538981,-71.568672,0.2510649292904669
2024-08-17,41.538981,-71.568672,0.0
2024-08-18,41.538981,-71.568672,6.12483377287729
2024-08-19,41.538981,-71.568672,37.3916089219744
2024-08-20,41.538981,-71.568672,0.5922272948010109
2024-08-21,41.538981,-71.568672,0.0
2024-08-22,41.538981,-71.568672,0.0
2024-08-23,41.538981,-71.568672,0.0
2024-08-24,41.538981,-71.568672,0.0018952255381449955
2024-08-25,41.538981,-71.568672,0.0
2024-08-26,41.538981,-71.568672,23.33220296114907
2024-08-27,41.538981,-71.568672,0.0
2024-08-28,41.538981,-71.568672,0.016701430776572213
2024-08-29,41.538981,-71.568672,0.002365737105758395
2024-08-30,41.538981,-71.568672,0.0
2024-08-31,41.538981,-71.568672,0.009728703298319916
2024-09-01,41.538981,-71.568672,6.5585404753361916
2024-09-02,41.538981,-71.568672,0.012928326659678809
2024-09-03,41.538981,-71.568672,0.0
2024-09-04,41.538981,-71.568672,0.0
2024-09-05,41.538981,-71.568672,0.0
2024-09-06,41.538981,-71.568672,0.0
2024-09-07,41.538981,-71.568672,0.08452440525481104
2024-09-08,41.538981,-71.568672,0.0008961837003065226
2024-09-09,41.538981,-71.568672,0.0
2024-09-10,41.538981,-71.568672,0.0
2024-09-11,41.538981,-71.568672,0.0
2024-09-12,41.538981,-71.568672,0.0
2024-09-13,41.538981,-71.568672,0.0
2024-09-14,41.538981,-71.568672,0.0
2024-09-15,41.538981,-71.568672,0.0
2024-09-16,41.538981,-71.568672,0.0
2024-09-17,41.538981,-71.568672,0.0
2024-09-18,41.538981,-71.568672,0.22472822639954018
2024-09-19,41.538981,-71.568672,0.42250747562358604
2024-09-20,41.538981,-71.568672,10.237884709862719
2024-09-21,41.538981,-71.568672,15.352077861542877
2024-09-22,41.538981,-71.568672,3.6464551419519915
2024-09-23,41.538981,-71.568672,1.3244457062310613
2024-09-24,41.538981,-71.568672,0.24696199003004093
2024-09-25,41.538981,-71.568672,0.7282243061915099
2024-09-26,41.538981,-71.568672,5.5709845486367175
2024-09-27,41.538981,-71.568672,1.8748628569116716
2024-09-28,41.538981,-71.568672,1.1029783908841988
2024-09-29,41.538981,-71.568672,0.505147659351077
2024-09-30,41.538981,-71.568672,0.031238883524779326
2024-10-01,41.538981,-71.568672,0.0
2024-10-02,41.538981,-71.568672,0.0
2024-10-03,41.538981,-71.568672,0.0
2024-10-04,41.538981,-71.568672,0.3000229717354223
2024-10-05,41.538981,-71.568672,0.3591889108394253
2024-10-06,41.538981,-71.568672,0.04077635777970148
2024-10-07,41.538981,-71.568672,20.679299755965495
2024-10-08,41.538981,-71.568672,0.0
2024-10-09,41.538981,-71.568672,0.12269682339406006
2024-10-10,41.538981,-71.568672,0.0
2024-10-11,41.538981,-71.568672,0.0
2024-10-12,41.538981,-71.568672,0.01447378561339329
2024-10-13,41.538981,-71.568672,0.0
2024-10-14,41.538981,-71.568672,5.118672459703598
2024-10-15,41.538981,-71.568672,0.0
2024-10-16,41.538981,-71.568672,0.0
2024-10-17,41.538981,-71.568672,0.0
2024-10-18,41.538981,-71.568672,0.10487745044806891
2024-10-19,41.538981,-71.568672,0.0
2024-10-20,41.538981,-71.568672,0.0
2024-10-21,41.538981,-71.568672,0.0
2024-10-22,41.538981,-71.568672,0.0
2024-10-23,41.538981,-71.568672,0.0
2024-10-24,41.538981,-71.568672,0.0
2024-10-25,41.538981,-71.568672,0.0
2024-10-26,41.538981,-71.568672,0.0066448279776620545
2024-10-27,41.538981,-71.568672,0.0
2024-10-28,41.538981,-71.568672,0.012295985309089395
2024-10-29,41.538981,-71.568672,0.48473300569165406
2024-10-30,41.538981,-71.568672,1.8932228005066543
2024-10-31,41.538981,-71.568672,0.13916217166962813
2024-11-01,41.538981,-71.568672,0.39006833051746004
2024-11-02,41.538981,-71.568672,0.3287055369075806
2024-11-03,41.538981,-71.568672,0.0
2024-11-04,41.538981,-71.568672,0.7961569492315119
2024-11-05,41.538981,-71.568672,0.05789514245357316
2024-11-06,41.538981,-71.568672,0.0
2024-11-07,41.538981,-71.568672,0.02894757122678658
2024-11-08,41.538981,-71.568672,0.0
2024-11-09,41.538981,-71.568672,0.031921709899278075
2024-11-10,41.538981,-71.568672,1.4759301672175953
2024-11-11,41.538981,-71.568672,19.276139304434807
2024-11-12,41.538981,-71.568672,0.0
2024-11-13,41.538981,-71.568672,0.0
2024-11-14,41.538981,-71.568672,0.0
2024-11-15,41.538981,-71.568672,0.017074452094785975
2024-11-16,41.538981,-71.568672,0.0
2024-11-17,41.538981,-71.568672,0.008182896284802947
2024-11-18,41.538981,-71.568672,0.45197796160528597
2024-11-19,41.538981,-71.568672,0.0
2024-11-20,41.538981,-71.568672,0.047508872091684404
2024-11-21,41.538981,-71.568672,38.183856469862974
2024-11-22,41.538981,-71.568672,0.0795503170759245
2024-11-23,41.538981,-71.568672,3.458606569309077
2024-11-24,41.538981,-71.568672,0.05480516978461719
2024-11-25,41.538981,-71.568672,0.0
2024-11-26,41.538981,-71.568672,6.316696627489696
2024-11-27,41.538981,-71.568672,0.0
2024-11-28,41.538981,-71.568672,18.005224956449958
2024-11-29,41.538981,-71.568672,0.0
2024-11-30,41.538981,-71.568672,0.0145837777635235
2024-12-01,41.538981,-71.568672,0.0
2024-12-02,41.538981,-71.568672,0.0
2024-12-03,41.538981,-71.568672,0.004144660454678905
2024-12-04,41.538981,-71.568672,0.11472739579918896
2024-12-05,41.538981,-71.568672,21.900529363802395
2024-12-06,41.538981,-71.568672,0.0
2024-12-07,41.538981,-71.568672,0.14538899185002133
2024-12-08,41.538981,-71.568672,1.6855461591816687
2024-12-09,41.538981,-71.568672,11.55103883906261
2024-12-10,41.538981,-71.568672,0.8124605679257935
2024-12-11,41.538981,-71.568672,88.97693511573353
2024-12-12,41.538981,-71.568672,23.866879667352485
2024-12-13,41.538981,-71.568672,0.33468942033294247
2024-12-14,41.538981,-71.568672,0.0
2024-12-15,41.538981,-71.568672,0.0022699987690885156
2024-12-16,41.538981,-71.568672,4.6868923228967825
2024-12-17,41.538981,-71.568672,4.721335965382231
2024-12-18,41.538981,-71.568672,0.3899255907393038
2024-12-19,41.538981,-71.568672,12.28093989326523
2024-12-20,41.538981,-71.568672,8.25029242611271
2024-12-21,41.538981,-71.568672,0.032084214261323026
2024-12-22,41.538981,-71.568672,0.0
2024-12-23,41.538981,-71.568672,0.0016612069944155136
2024-12-24,41.538981,-71.568672,0.9409078840789806
2024-12-25,41.538981,-71.568672,0.0
2024-12-26,41.538981,-71.568672,0.0
2024-12-27,41.538981,-71.568672,0.0
2024-12-28,41.538981,-71.568672,4.668592024572755
2024-12-29,41.538981,-71.568672,0.29175526732962553
2024-12-30,41.538981,-71.568672,19.95134556793666
2024-12-31,41.538981,-71.568672,1.6660214258228963
2025-01-01,41.538981,-71.568672,52.30975172923159
2025-01-02,41.538981,-71.568672,0.26362790447543605
2025-01-03,41.538981,-71.568672,0.0
2025-01-04,41.538981,-71.568672,0.0
2025-01-05,41.538981,-71.568672,0.0
2025-01-06,41.538981,-71.568672,0.17414446236819725
2025-01-07,41.538981,-71.568672,0.0
2025-01-08,41.538981,-71.568672,0.0
2025-01-09,41.538981,-71.568672,0.13990888151822492
2025-01-10,41.538981,-71.568672,0.0
2025-01-11,41.538981,-71.568672,0.0011018999753704233
2025-01-12,41.538981,-71.568672,0.0
2025-01-13,41.538981,-71.568672,0.002109298844568775
2025-01-14,41.538981,-71.568672,0.0
2025-01-15,41.538981,-71.568672,0.0
2025-01-16,41.538981,-71.568672,0.0
2025-01-17,41.538981,-71.568672,0.010855339210044968
2025-01-18,41.538981,-71.568672,6.789436018062402
2025-01-19,41.538981,-71.568672,4.455826688947637
2025-01-20,41.538981,-71.568672,1.5396489995282723
2025-01-21,41.538981,-71.568672,0.0008306034972077568
2025-01-22,41.538981,-71.568672,0.23509259374501668
2025-01-23,41.538981,-71.568672,0.0
2025-01-24,41.538981,-71.568672,0.0
2025-01-25,41.538981,-71.568672,0.0
2025-01-26,41.538981,-71.568672,0.0
2025-01-27,41.538981,-71.568672,0.0
2025-01-28,41.538981,-71.568672,0.0
2025-01-29,41.538981,-71.568672,0.009794283501418682
2025-01-30,41.538981,-71.568672,0.00010285813753195034
2025-01-31,41.538981,-71.568672,5.276404066566021
2025-02-01,41.538981,-71.568672,34.2928000368867
2025-02-02,41.538981,-71.568672,0.007475431320157849
2025-02-03,41.538981,-71.568672,0.6961972164551115
2025-02-04,41.538981,-71.568672,0.5704842523238032
2025-02-05,41.538981,-71.568672,0.0
2025-02-06,41.538981,-71.568672,3.0221440042146757
2025-02-07,41.538981,-71.568672,0.0016457302005112055
2025-02-08,41.538981,-71.568672,0.0
2025-02-09,41.538981,-71.568672,1.4152632943701844
2025-02-10,41.538981,-71.568672,0.0
2025-02-11,41.538981,-71.568672,0.0
2025-02-12,41.538981,-71.568672,0.40780629436209614
2025-02-13,41.538981,-71.568672,4.825212991546743
2025-02-14,41.538981,-71.568672,0.0
2025-02-15,41.538981,-71.568672,0.9461098936171615
2025-02-16,41.538981,-71.568672,35.86962168987736
2025-02-17,41.538981,-71.568672,0.0
2025-02-18,41.538981,-71.568672,0.0
2025-02-19,41.538981,-71.568672,0.0
2025-02-20,41.538981,-71.568672,0.0033224139888310272
2025-02-21,41.538981,-71.568672,0.0
2025-02-22,41.538981,-71.568672,0.0
2025-02-23,41.538981,-71.568672,0.0
2025-02-24,41.538981,-71.568672,0.06558435042007688
2025-02-25,41.538981,-71.568672,0.03730544706288901
2025-02-26,41.538981,-71.568672,0.12406849147404064
2025-02-27,41.538981,-71.568672,11.936591991442901
2025-02-28,41.538981,-71.568672,1.1415884530846445
2025-03-01,41.538981,-71.568672,0.011268494404470293
2025-03-02,41.538981,-71.568672,0.0
2025-03-03,41.538981,-71.568672,0.0
2025-03-04,41.538981,-71.568672,0.0060279626291530695
2025-03-05,41.538981,-71.568672,2.008830863726183
2025-03-06,41.538981,-71.568672,22.487499823676877
2025-03-07,41.538981,-71.568672,0.0
2025-03-08,41.538981,-71.568672,0.0
2025-03-09,41.538981,-71.568672,0.0
2025-03-10,41.538981,-71.568672,0.0031366430345364433
2025-03-11,41.538981,-71.568672,0.0
2025-03-12,41.538981,-71.568672,0.0
2025-03-13,41.538981,-71.568672,0.007771463734675145
2025-03-14,41.538981,-71.568672,0.015131160494518743
2025-03-15,41.538981,-71.568672,0.0030061011601241992
2025-03-16,41.538981,-71.568672,0.018439187962942666
2025-03-17,41.538981,-71.568672,85.35531141552926
2025-03-18,41.538981,-71.568672,4.91350465477459
2025-03-19,41.538981,-71.568672,0.0
2025-03-20,41.538981,-71.568672,0.0002057162750639007
2025-03-21,41.538981,-71.568672,9.60976200321805
2025-03-22,41.538981,-71.568672,0.0
2025-03-23,41.538981,-71.568672,0.0
2025-03-24,41.538981,-71.568672,31.29494105127067
2025-03-25,41.538981,-71.568672,0.5296726669125836
2025-03-26,41.538981,-71.568672,0.5297840948013484
2025-03-27,41.538981,-71.568672,0.0004480918501532613
2025-03-28,41.538981,-71.568672,0.0
2025-03-29,41.538981,-71.568672,9.61892694875952
2025-03-30,41.538981,-71.568672,5.05721423426981
2025-03-31,41.538981,-71.568672,0.977737091062988
2025-04-01,41.538981,-71.568672,11.016935373846227
2025-04-02,41.538981,-71.568672,0.018273277247994574
2025-04-03,41.538981,-71.568672,4.484544695482197
2025-04-04,41.538981,-71.568672,2.078057213632891
2025-04-05,41.538981,-71.568672,4.62812093412894
2025-04-06,41.538981,-71.568672,10.564634827869234
2025-04-07,41.538981,-71.568672,8.478543485371606
2025-04-08,41.538981,-71.568672,13.289976338396986
2025-04-09,41.538981,-71.568672,0.0
2025-04-10,41.538981,-71.568672,0.010489554353916922
2025-04-11,41.538981,-71.568672,5.225908094278872
2025-04-12,41.538981,-71.568672,12.472160299677414
2025-04-13,41.538981,-71.568672,9.451496857795158
2025-04-14,41.538981,-71.568672,0.008888518236087077
2025-04-15,41.538981,-71.568672,10.322086351946401
2025-04-16,41.538981,-71.568672,0.0004480918501532613
2025-04-17,41.538981,-71.568672,0.0002057162750639007
2025-04-18,41.538981,-71.568672,0.1191025140771146
2025-04-19,41.538981,-71.568672,0.025952668259254526
2025-04-20,41.538981,-71.568672,0.288411244373668
2025-04-21,41.538981,-71.568672,0.04673052446897495
2025-04-22,41.538981,-71.568672,1.4867621696257804
2025-04-23,41.538981,-71.568672,0.000617148825191702
2025-04-24,41.538981,-71.568672,0.0
2025-04-25,41.538981,-71.568672,0.03992646176702841
2025-04-26,41.538981,-71.568672,11.618936748856465
2025-04-27,41.538981,-71.568672,1.7998612547418085
2025-04-28,41.538981,-71.568672,0.0028800279275298987
2025-04-29,41.538981,-71.568672,0.0
2025-04-30,41.538981,-71.568672,3.8925231568278886
2025-05-01,41.538981,-71.568672,0.0
2025-05-02,41.538981,-71.568672,8.248762743206234
2025-05-03,41.538981,-71.568672,0.007236892806696645
2025-05-04,41.538981,-71.568672,0.31259286518230933
2025-05-05,41.538981,-71.568672,21.812135310952954
2025-05-06,41.538981,-71.568672,6.649431597831828
2025-05-07,41.538981,-71.568672,0.32721658372715295
2025-05-08,41.538981,-71.568672,0.005134726710213384
2025-05-09,41.538981,-71.568672,37.65478103418304
2025-05-10,41.538981,-71.568672,2.7212711439083295
2025-05-11,41.538981,-71.568672,0.0
2025-05-12,41.538981,-71.568672,0.0
2025-05-13,41.538981,-71.568672,0.1288662611645499
2025-05-14,41.538981,-71.568672,0.4434993811967488
2025-05-15,41.538981,-71.568672,21.164622436177403
2025-05-16,41.538981,-71.568672,0.28828681254306265
2025-05-17,41.538981,-71.568672,0.6830949600230878
2025-05-18,41.538981,-71.568672,0.3898551924312402
2025-05-19,41.538981,-71.568672,0.5962425980635144
2025-05-20,41.538981,-71.568672,0.04425929781778374
2025-05-21,41.538981,-71.568672,1.535526541728027
2025-05-22,41.538981,-71.568672,72.37267003246207
2025-05-23,41.538981,-71.568672,6.981573241249751
2025-05-24,41.538981,-71.568672,0.026307614670026264
2025-05-25,41.538981,-71.568672,0.049268069115168914
2025-05-26,41.538981,-71.568672,0.0
2025-05-27,41.538981,-71.568672,0.0
2025-05-28,41.538981,-71.568672,1.3255843153422688
2025-05-29,41.538981,-71.568672,19.381498322817237
2025-05-30,41.538981,-71.568672,0.5830497456629066
2025-05-31,41.538981,-71.568672,13.406278708028688
2025-06-01,41.538981,-71.568672,0.18092232421134524
2025-06-02,41.538981,-71.568672,0.0
2025-06-03,41.538981,-71.568672,0.019782359914230434
2025-06-04,41.538981,-71.568672,0.0
2025-06-05,41.538981,-71.568672,0.08970517336650286
2025-06-06,41.538981,-71.568672,0.8526200900724987
2025-06-07,41.538981,-71.568672,7.2862993567239585
2025-06-08,41.538981,-71.568672,0.14153378854717563
2025-06-09,41.538981,-71.568672,1.237390106646135
2025-06-10,41.538981,-71.568672,6.2420279878079
2025-06-11,41.538981,-71.568672,0.0
2025-06-12,41.538981,-71.568672,0.0
2025-06-13,41.538981,-71.568672,0.0
2025-06-14,41.538981,-71.568672,12.549409626318665
2025-06-15,41.538981,-71.568672,0.28758451773658195
2025-06-16,41.538981,-71.568672,0.17172818053791672
2025-06-17,41.538981,-71.568672,5.506066556327047
2025-06-18,41.538981,-71.568672,4.251670841306202
2025-06-19,41.538981,-71.568672,0.27152542696497844
2025-06-20,41.538981,-71.568672,0.24079306663938474
2025-06-21,41.538981,-71.568672,0.003211817628217704
2025-06-22,41.538981,-71.568672,1.7566214953502244
2025-06-23,41.538981,-71.568672,0.0
2025-06-24,41.538981,-71.568672,0.8705508161756609
2025-06-25,41.538981,-71.568672,0.7799343411451037
2025-06-26,41.538981,-71.568672,5.388318563575162
2025-06-27,41.538981,-71.568672,0.46795434847560463
2025-06-28,41.538981,-71.568672,0.7753813632220746
2025-06-29,41.538981,-71.568672,0.12076725135725151
2025-06-30,41.538981,-71.568672,0.02383535418315931
2025-07-01,41.538981,-71.568672,1.4200143481931202
2025-07-02,41.538981,-71.568672,23.136695880999003
2025-07-03,41.538981,-71.568672,2.397602588888973
2025-07-04,41.538981,-71.568672,1.0872809626083317
2025-07-05,41.538981,-71.568672,0.35267164436241155
2025-07-06,41.538981,-71.568672,0.0
2025-07-07,41.538981,-71.568672,0.18424274944871732
2025-07-08,41.538981,-71.568672,2.670106388860039
2025-07-09,41.538981,-71.568672,17.580230881054735
2025-07-10,41.538981,-71.568672,26.853032135413624
2025-07-11,41.538981,-71.568672,1.1452877913781063
2025-07-12,41.538981,-71.568672,0.0002057162750639007
2025-07-13,41.538981,-71.568672,0.009967241966493082
2025-07-14,41.538981,-71.568672,0.019934483932986163
2025-07-15,41.538981,-71.568672,4.842381840805084
2025-07-16,41.538981,-71.568672,0.7115633293537842
2025-07-17,41.538981,-71.568672,0.6427794077407399
2025-07-18,41.538981,-71.568672,0.0
2025-07-19,41.538981,-71.568672,0.0
2025-07-20,41.538981,-71.568672,2.088230355343833
2025-07-21,41.538981,-71.568672,1.1205114600683492
2025-07-22,41.538981,-71.568672,0.0
2025-07-23,41.538981,-71.568672,0.12475901220506538
2025-07-24,41.538981,-71.568672,0.004032826567915737
2025-07-25,41.538981,-71.568672,17.083360423135165
2025-07-26,41.538981,-71.568672,0.9479988827588451
2025-07-27,41.538981,-71.568672,15.27061827668875
2025-07-28,41.538981,-71.568672,0.0
2025-07-29,41.538981,-71.568672,0.5606204169029881
2025-07-30,41.538981,-71.568672,0.10653489252449833
2025-07-31,41.538981,-71.568672,1.4254432205047434
2025-08-01,41.538981,-71.568672,9.61620929963794
2025-08-02,41.538981,-71.568672,0.0
2025-08-03,41.538981,-71.568672,0.0
2025-08-04,41.538981,-71.568672,0.0
2025-08-05,41.538981,-71.568672,0.014815182419098401
2025-08-06,41.538981,-71.568672,0.9288810208583744
2025-08-07,41.538981,-71.568672,6.251615753131278
2025-08-08,41.538981,-71.568672,0.0
2025-08-09,41.538981,-71.568672,0.0
2025-08-10,41.538981,-71.568672,0.0
2025-08-11,41.538981,-71.568672,0.0
2025-08-12,41.538981,-71.568672,0.0
2025-08-13,41.538981,-71.568672,1.9043913405455395
2025-08-14,41.538981,-71.568672,0.6002052760548591
2025-08-15,41.538981,-71.568672,0.05065825099485287
2025-08-16,41.538981,-71.568672,0.0
2025-08-17,41.538981,-71.568672,0.1450227537147589
2025-08-18,41.538981,-71.568672,0.48926499928797634
2025-08-19,41.538981,-71.568672,0.2443201957946975
2025-08-20,41.538981,-71.568672,13.053113150670331
2025-08-21,41.538981,-71.568672,21.46169645978265
2025-08-22,41.538981,-71.568672,0.0
2025-08-23,41.538981,-71.568672,0.0
2025-08-24,41.538981,-71.568672,0.28823075685115096
2025-08-25,41.538981,-71.568672,0.00296046607254988
2025-08-26,41.538981,-71.568672,0.0
2025-08-27,41.538981,-71.568672,0.014921877463546552
2025-08-28,41.538981,-71.568672,0.006262316485319518
2025-08-29,41.538981,-71.568672,4.12053626983517
2025-08-30,41.538981,-71.568672,0.0
2025-08-31,41.538981,-71.568672,0.0
2025-09-01,41.538981,-71.568672,4.301959422155788
2025-09-02,41.538981,-71.568672,0.0
2025-09-03,41.538981,-71.568672,0.0
2025-09-04,41.538981,-71.568672,0.0
2025-09-05,41.538981,-71.568672,3.9807026126244014
2025-09-06,41.538981,-71.568672,0.2777130886861648
2025-09-07,41.538981,-71.568672,39.44488181730158
2025-09-08,41.538981,-71.568672,4.34198482229818
2025-09-09,41.538981,-71.568672,0.0
2025-09-10,41.538981,-71.568672,2.385993801887344
2025-09-11,41.538981,-71.568672,0.0
2025-09-12,41.538981,-71.568672,0.0
2025-09-13,41.538981,-71.568672,0.0
2025-09-14,41.538981,-71.568672,0.14579748102019985
2025-09-15,41.538981,-71.568672,0.0
2025-09-16,41.538981,-71.568672,0.9039560862194624
2025-09-17,41.538981,-71.568672,0.942475302458857
2025-09-18,41.538981,-71.568672,0.12593857631424246
2025-09-19,41.538981,-71.568672,0.0
2025-09-20,41.538981,-71.568672,0.0
2025-09-21,41.538981,-71.568672,7.919379544688645
2025-09-22,41.538981,-71.568672,0.0
2025-09-23,41.538981,-71.568672,0.0
2025-09-24,41.538981,-71.568672,12.869947414354309
2025-09-25,41.538981,-71.568672,19.091651290861634
2025-09-26,41.538981,-71.568672,0.1547116874311687
2025-09-27,41.538981,-71.568672,0.000653808125217162
2025-09-28,41.538981,-71.568672,19.13166241196267
2025-09-29,41.538981,-71.568672,0.43857255271196793
2025-09-30,41.538981,-71.568672,1.5888692333929044
