date,lat,lon,pr_mm_per_day
2010-01-01,41.790646,-71.698678,1.134308037372156
2010-01-02,41.790646,-71.698678,0.24145132650449605
2010-01-03,41.790646,-71.698678,0.0981732550689227
2010-01-04,41.790646,-71.698678,0.20841076240234233
2010-01-05,41.790646,-71.698678,0.0
2010-01-06,41.790646,-71.698678,0.0
2010-01-07,41.790646,-71.698678,0.0
2010-01-08,41.790646,-71.698678,0.28898097557032054
2010-01-09,41.790646,-71.698678,0.07483839580167316
2010-01-10,41.790646,-71.698678,0.0
2010-01-11,41.790646,-71.698678,0.12792516244830607
2010-01-12,41.790646,-71.698678,0.5713847478288622
2010-01-13,41.790646,-71.698678,1.8786917216525305
2010-01-14,41.790646,-71.698678,0.0
2010-01-15,41.790646,-71.698678,0.0960654302803608
2010-01-16,41.790646,-71.698678,0.0
2010-01-17,41.790646,-71.698678,20.938356782631345
2010-01-18,41.790646,-71.698678,8.94262257218018
2010-01-19,41.790646,-71.698678,1.0767546295989001
2010-01-20,41.790646,-71.698678,0.021668905187085113
2010-01-21,41.790646,-71.698678,0.0
2010-01-22,41.790646,-71.698678,0.11901193154072383
2010-01-23,41.790646,-71.698678,0.0
2010-01-24,41.790646,-71.698678,2.035423659070881
2010-01-25,41.790646,-71.698678,35.80574643297462
2010-01-26,41.790646,-71.698678,3.8979491507541697
2010-01-27,41.790646,-71.698678,0.0
2010-01-28,41.790646,-71.698678,0.1450203709248049
2010-01-29,41.790646,-71.698678,0.0
2010-01-30,41.790646,-71.698678,0.0196031650781208
2010-01-31,41.790646,-71.698678,2.4529173388909253
2010-02-01,41.790646,-71.698678,0.0
2010-02-02,41.790646,-71.698678,0.9310903716047692
2010-02-03,41.790646,-71.698678,0.020852917076530086
2010-02-04,41.790646,-71.698678,0.11787339660820591
2010-02-05,41.790646,-71.698678,0.07891014647298365
2010-02-06,41.790646,-71.698678,0.9076823823145973
2010-02-07,41.790646,-71.698678,0.0
2010-02-08,41.790646,-71.698678,0.0
2010-02-09,41.790646,-71.698678,0.0
2010-02-10,41.790646,-71.698678,1.2980509543824499
2010-02-11,41.790646,-71.698678,1.5225758327797638
2010-02-12,41.790646,-71.698678,0.0
2010-02-13,41.790646,-71.698678,0.012967699710149792
2010-02-14,41.790646,-71.698678,4.167318134696145
2010-02-15,41.790646,-71.698678,0.0020860657962109325
2010-02-16,41.790646,-71.698678,0.019569318266862548
2010-02-17,41.790646,-71.698678,0.013001343327512311
2010-02-18,41.790646,-71.698678,0.0
2010-02-19,41.790646,-71.698678,0.0
2010-02-20,41.790646,-71.698678,0.0
2010-02-21,41.790646,-71.698678,0.0
2010-02-22,41.790646,-71.698678,0.0
2010-02-23,41.790646,-71.698678,0.7744256295844828
2010-02-24,41.790646,-71.698678,21.00492333712095
2010-02-25,41.790646,-71.698678,23.029975096587165
2010-02-26,41.790646,-71.698678,52.434288058479666
2010-02-27,41.790646,-71.698678,0.0
2010-02-28,41.790646,-71.698678,0.4114350519400627
2010-03-01,41.790646,-71.698678,0.44606530826012764
2010-03-02,41.790646,-71.698678,0.0
2010-03-03,41.790646,-71.698678,6.624911905659779
2010-03-04,41.790646,-71.698678,0.0630706078205651
2010-03-05,41.790646,-71.698678,0.09221240063275911
2010-03-06,41.790646,-71.698678,0.0028891874659086373
2010-03-07,41.790646,-71.698678,0.0
2010-03-08,41.790646,-71.698678,0.0
2010-03-09,41.790646,-71.698678,0.0
2010-03-10,41.790646,-71.698678,0.0
2010-03-11,41.790646,-71.698678,0.09555113179816961
2010-03-12,41.790646,-71.698678,0.005935399867334421
2010-03-13,41.790646,-71.698678,38.518980943731385
2010-03-14,41.790646,-71.698678,46.31645456815124
2010-03-15,41.790646,-71.698678,3.2046795517290567
2010-03-16,41.790646,-71.698678,0.06029397329991503
2010-03-17,41.790646,-71.698678,0.0
2010-03-18,41.790646,-71.698678,0.0
2010-03-19,41.790646,-71.698678,0.0
2010-03-20,41.790646,-71.698678,0.0
2010-03-21,41.790646,-71.698678,0.0
2010-03-22,41.790646,-71.698678,6.52905973331082
2010-03-23,41.790646,-71.698678,82.32136077047277
2010-03-24,41.790646,-71.698678,5.25446640231921
2010-03-25,41.790646,-71.698678,0.0
2010-03-26,41.790646,-71.698678,11.77438684039888
2010-03-27,41.790646,-71.698678,0.0
2010-03-28,41.790646,-71.698678,0.31918340544848756
2010-03-29,41.790646,-71.698678,115.950399828757
2010-03-30,41.790646,-71.698678,90.01357865994608
2010-03-31,41.790646,-71.698678,2.841895578644165
2010-04-01,41.790646,-71.698678,0.0
2010-04-02,41.790646,-71.698678,0.0
2010-04-03,41.790646,-71.698678,0.0
2010-04-04,41.790646,-71.698678,0.001523106200712892
2010-04-05,41.790646,-71.698678,0.417227900442736
2010-04-06,41.790646,-71.698678,1.2860355580349474
2010-04-07,41.790646,-71.698678,0.01091065312945399
2010-04-08,41.790646,-71.698678,0.0
2010-04-09,41.790646,-71.698678,17.37866636727397
2010-04-10,41.790646,-71.698678,0.5144610427105893
2010-04-11,41.790646,-71.698678,0.012247464721902745
2010-04-12,41.790646,-71.698678,0.0
2010-04-13,41.790646,-71.698678,0.23597384731345228
2010-04-14,41.790646,-71.698678,0.0
2010-04-15,41.790646,-71.698678,0.0
2010-04-16,41.790646,-71.698678,1.489308011416391
2010-04-17,41.790646,-71.698678,10.767129282697743
2010-04-18,41.790646,-71.698678,0.019333731916446793
2010-04-19,41.790646,-71.698678,0.0
2010-04-20,41.790646,-71.698678,0.0
2010-04-21,41.790646,-71.698678,0.0
2010-04-22,41.790646,-71.698678,2.5339481753750905
2010-04-23,41.790646,-71.698678,0.0
2010-04-24,41.790646,-71.698678,0.08129021840963344
2010-04-25,41.790646,-71.698678,11.051990715801606
2010-04-26,41.790646,-71.698678,2.1128299585634576
2010-04-27,41.790646,-71.698678,6.333470651888216
2010-04-28,41.790646,-71.698678,0.017238716571319913
2010-04-29,41.790646,-71.698678,0.0
2010-04-30,41.790646,-71.698678,0.017194252564424233
2010-05-01,41.790646,-71.698678,0.08950423410780557
2010-05-02,41.790646,-71.698678,0.37219961647276456
2010-05-03,41.790646,-71.698678,15.725935600364291
2010-05-04,41.790646,-71.698678,0.10436646786065513
2010-05-05,41.790646,-71.698678,0.0
2010-05-06,41.790646,-71.698678,0.8847451634055817
2010-05-07,41.790646,-71.698678,0.0
2010-05-08,41.790646,-71.698678,12.683884549062856
2010-05-09,41.790646,-71.698678,0.0
2010-05-10,41.790646,-71.698678,0.001523106200712892
2010-05-11,41.790646,-71.698678,1.0538764865402255
2010-05-12,41.790646,-71.698678,1.2934401413696188
2010-05-13,41.790646,-71.698678,0.0
2010-05-14,41.790646,-71.698678,4.57844093326628
2010-05-15,41.790646,-71.698678,0.03889414959073341
2010-05-16,41.790646,-71.698678,0.0
2010-05-17,41.790646,-71.698678,0.0
2010-05-18,41.790646,-71.698678,21.33344841344163
2010-05-19,41.790646,-71.698678,12.830938990510091
2010-05-20,41.790646,-71.698678,0.18099832728676457
2010-05-21,41.790646,-71.698678,0.0
2010-05-22,41.790646,-71.698678,0.08484971656920381
2010-05-23,41.790646,-71.698678,0.8558907619311154
2010-05-24,41.790646,-71.698678,0.001523106200712892
2010-05-25,41.790646,-71.698678,0.0
2010-05-26,41.790646,-71.698678,0.0
2010-05-27,41.790646,-71.698678,4.542538352543534
2010-05-28,41.790646,-71.698678,0.0
2010-05-29,41.790646,-71.698678,0.830861732104669
2010-05-30,41.790646,-71.698678,0.17241639865787833
2010-05-31,41.790646,-71.698678,0.0
2010-06-01,41.790646,-71.698678,17.93993603322904
2010-06-02,41.790646,-71.698678,0.052772102198009437
2010-06-03,41.790646,-71.698678,0.4893540696638742
2010-06-04,41.790646,-71.698678,1.5637788910256292
2010-06-05,41.790646,-71.698678,9.580777140087537
2010-06-06,41.790646,-71.698678,3.647531564244188
2010-06-07,41.790646,-71.698678,0.0
2010-06-08,41.790646,-71.698678,0.045991587012189444
2010-06-09,41.790646,-71.698678,15.502989520122377
2010-06-10,41.790646,-71.698678,3.936391702880106
2010-06-11,41.790646,-71.698678,0.6609015587031889
2010-06-12,41.790646,-71.698678,1.664003015254051
2010-06-13,41.790646,-71.698678,12.895025642966209
2010-06-14,41.790646,-71.698678,0.0
2010-06-15,41.790646,-71.698678,0.013451896186377377
2010-06-16,41.790646,-71.698678,0.19471965782671424
2010-06-17,41.790646,-71.698678,0.232308129371587
2010-06-18,41.790646,-71.698678,0.0
2010-06-19,41.790646,-71.698678,0.0
2010-06-20,41.790646,-71.698678,3.3903971610354033
2010-06-21,41.790646,-71.698678,0.0
2010-06-22,41.790646,-71.698678,1.0108136485165162
2010-06-23,41.790646,-71.698678,8.412782419733594
2010-06-24,41.790646,-71.698678,1.2984777552074362
2010-06-25,41.790646,-71.698678,0.1874115484999147
2010-06-26,41.790646,-71.698678,0.36041242974775023
2010-06-27,41.790646,-71.698678,0.07149846024620857
2010-06-28,41.790646,-71.698678,2.062730116784275
2010-06-29,41.790646,-71.698678,0.8527146919388034
2010-06-30,41.790646,-71.698678,0.0
2010-07-01,41.790646,-71.698678,0.0
2010-07-02,41.790646,-71.698678,0.0
2010-07-03,41.790646,-71.698678,0.0
2010-07-04,41.790646,-71.698678,0.2464683718395705
2010-07-05,41.790646,-71.698678,0.0
2010-07-06,41.790646,-71.698678,0.024652556699166255
2010-07-07,41.790646,-71.698678,0.0
2010-07-08,41.790646,-71.698678,0.0
2010-07-09,41.790646,-71.698678,0.0
2010-07-10,41.790646,-71.698678,8.417862092707265
2010-07-11,41.790646,-71.698678,0.8116648034966656
2010-07-12,41.790646,-71.698678,0.3274273390560069
2010-07-13,41.790646,-71.698678,15.360518436046526
2010-07-14,41.790646,-71.698678,9.73241641774051
2010-07-15,41.790646,-71.698678,0.0
2010-07-16,41.790646,-71.698678,0.0
2010-07-17,41.790646,-71.698678,0.35983991163460427
2010-07-18,41.790646,-71.698678,0.0
2010-07-19,41.790646,-71.698678,9.919321980407455
2010-07-20,41.790646,-71.698678,1.765654074021439
2010-07-21,41.790646,-71.698678,2.8280169964762365
2010-07-22,41.790646,-71.698678,0.9217807328634569
2010-07-23,41.790646,-71.698678,15.113902295225968
2010-07-24,41.790646,-71.698678,16.290805893845057
2010-07-25,41.790646,-71.698678,4.521134621200352
2010-07-26,41.790646,-71.698678,0.0
2010-07-27,41.790646,-71.698678,0.0
2010-07-28,41.790646,-71.698678,0.0
2010-07-29,41.790646,-71.698678,4.069731348901714
2010-07-30,41.790646,-71.698678,0.0
2010-07-31,41.790646,-71.698678,0.0
2010-08-01,41.790646,-71.698678,0.0
2010-08-02,41.790646,-71.698678,0.0
2010-08-03,41.790646,-71.698678,0.0
2010-08-04,41.790646,-71.698678,0.037685597453824604
2010-08-05,41.790646,-71.698678,7.374797908386758
2010-08-06,41.790646,-71.698678,0.0236630870162032
2010-08-07,41.790646,-71.698678,0.0
2010-08-08,41.790646,-71.698678,0.0
2010-08-09,41.790646,-71.698678,0.025607624384865423
2010-08-10,41.790646,-71.698678,9.516379355843226
2010-08-11,41.790646,-71.698678,0.0
2010-08-12,41.790646,-71.698678,1.320789657890269
2010-08-13,41.790646,-71.698678,1.6700313456030702
2010-08-14,41.790646,-71.698678,0.0
2010-08-15,41.790646,-71.698678,0.5386571476839616
2010-08-16,41.790646,-71.698678,1.8582862365809336
2010-08-17,41.790646,-71.698678,5.462944038704908
2010-08-18,41.790646,-71.698678,12.501441253478626
2010-08-19,41.790646,-71.698678,0.9231371827292345
2010-08-20,41.790646,-71.698678,0.37601364650764046
2010-08-21,41.790646,-71.698678,1.7986143070608185
2010-08-22,41.790646,-71.698678,36.19523962701292
2010-08-23,41.790646,-71.698678,5.393607464610362
2010-08-24,41.790646,-71.698678,0.0
2010-08-25,41.790646,-71.698678,7.581531138096936
2010-08-26,41.790646,-71.698678,0.11745766043027625
2010-08-27,41.790646,-71.698678,0.0
2010-08-28,41.790646,-71.698678,0.0
2010-08-29,41.790646,-71.698678,0.0
2010-08-30,41.790646,-71.698678,0.0
2010-08-31,41.790646,-71.698678,0.0
2010-09-01,41.790646,-71.698678,0.0
2010-09-02,41.790646,-71.698678,0.0
2010-09-03,41.790646,-71.698678,16.889216429533512
2010-09-04,41.790646,-71.698678,16.462873883608676
2010-09-05,41.790646,-71.698678,0.0
2010-09-06,41.790646,-71.698678,0.0
2010-09-07,41.790646,-71.698678,0.0
2010-09-08,41.790646,-71.698678,2.4721846544691926
2010-09-09,41.790646,-71.698678,0.0
2010-09-10,41.790646,-71.698678,0.0
2010-09-11,41.790646,-71.698678,0.0
2010-09-12,41.790646,-71.698678,0.9252900991249344
2010-09-13,41.790646,-71.698678,0.003046212401425784
2010-09-14,41.790646,-71.698678,0.0
2010-09-15,41.790646,-71.698678,0.0
2010-09-16,41.790646,-71.698678,0.6696721358649695
2010-09-17,41.790646,-71.698678,18.616962621492217
2010-09-18,41.790646,-71.698678,0.0
2010-09-19,41.790646,-71.698678,0.0
2010-09-20,41.790646,-71.698678,0.0
2010-09-21,41.790646,-71.698678,0.0
2010-09-22,41.790646,-71.698678,0.0
2010-09-23,41.790646,-71.698678,2.4661409472299365
2010-09-24,41.790646,-71.698678,0.009735443157691731
2010-09-25,41.790646,-71.698678,0.0
2010-09-26,41.790646,-71.698678,0.06021612227916319
2010-09-27,41.790646,-71.698678,0.7706724278798066
2010-09-28,41.790646,-71.698678,10.879816877352102
2010-09-29,41.790646,-71.698678,0.008903099801001632
2010-09-30,41.790646,-71.698678,2.042743808303679
2010-10-01,41.790646,-71.698678,11.26765343786773
2010-10-02,41.790646,-71.698678,1.2596801668025281
2010-10-03,41.790646,-71.698678,0.2894648455862419
2010-10-04,41.790646,-71.698678,13.843915268412623
2010-10-05,41.790646,-71.698678,0.0
2010-10-06,41.790646,-71.698678,44.177186638051985
2010-10-07,41.790646,-71.698678,0.0
2010-10-08,41.790646,-71.698678,0.0
2010-10-09,41.790646,-71.698678,0.0
2010-10-10,41.790646,-71.698678,0.0
2010-10-11,41.790646,-71.698678,0.004333781198862956
2010-10-12,41.790646,-71.698678,0.6307722992219954
2010-10-13,41.790646,-71.698678,0.0
2010-10-14,41.790646,-71.698678,0.0
2010-10-15,41.790646,-71.698678,28.06593116909534
2010-10-16,41.790646,-71.698678,0.24164242450836487
2010-10-17,41.790646,-71.698678,0.0
2010-10-18,41.790646,-71.698678,0.015401661735311357
2010-10-19,41.790646,-71.698678,2.735661020398449
2010-10-20,41.790646,-71.698678,0.10741957881197178
2010-10-21,41.790646,-71.698678,1.8842656235239543
2010-10-22,41.790646,-71.698678,0.004333781198862956
2010-10-23,41.790646,-71.698678,0.0
2010-10-24,41.790646,-71.698678,5.044499320447208
2010-10-25,41.790646,-71.698678,1.7392749325680041
2010-10-26,41.790646,-71.698678,1.319681838793762
2010-10-27,41.790646,-71.698678,9.851564039222843
2010-10-28,41.790646,-71.698678,0.0
2010-10-29,41.790646,-71.698678,0.0
2010-10-30,41.790646,-71.698678,0.23258404960200732
2010-10-31,41.790646,-71.698678,0.4401767472660052
2010-11-01,41.790646,-71.698678,0.0
2010-11-02,41.790646,-71.698678,0.0
2010-11-03,41.790646,-71.698678,0.0
2010-11-04,41.790646,-71.698678,19.102249814076966
2010-11-05,41.790646,-71.698678,23.19754060886847
2010-11-06,41.790646,-71.698678,3.696129000341267
2010-11-07,41.790646,-71.698678,2.788933160924924
2010-11-08,41.790646,-71.698678,14.389247518044913
2010-11-09,41.790646,-71.698678,0.10188377625653892
2010-11-10,41.790646,-71.698678,2.1361281322881336
2010-11-11,41.790646,-71.698678,0.54393874610593
2010-11-12,41.790646,-71.698678,0.0
2010-11-13,41.790646,-71.698678,0.0
2010-11-14,41.790646,-71.698678,0.0
2010-11-15,41.790646,-71.698678,0.0
2010-11-16,41.790646,-71.698678,2.593273739943639
2010-11-17,41.790646,-71.698678,31.90517969699148
2010-11-18,41.790646,-71.698678,0.0
2010-11-19,41.790646,-71.698678,0.0019785341129372283
2010-11-20,41.790646,-71.698678,0.5468261790731053
2010-11-21,41.790646,-71.698678,0.01026918079712082
2010-11-22,41.790646,-71.698678,0.45993748774230314
2010-11-23,41.790646,-71.698678,1.5765175537145906
2010-11-24,41.790646,-71.698678,0.0
2010-11-25,41.790646,-71.698678,0.0
2010-11-26,41.790646,-71.698678,7.250868708061619
2010-11-27,41.790646,-71.698678,0.0
2010-11-28,41.790646,-71.698678,0.0
2010-11-29,41.790646,-71.698678,0.0
2010-11-30,41.790646,-71.698678,1.0820550605145005
2010-12-01,41.790646,-71.698678,26.111151346220463
2010-12-02,41.790646,-71.698678,0.6836246082268767
2010-12-03,41.790646,-71.698678,0.3486269335205193
2010-12-04,41.790646,-71.698678,0.16972608275554785
2010-12-05,41.790646,-71.698678,0.0
2010-12-06,41.790646,-71.698678,0.0
2010-12-07,41.790646,-71.698678,0.0
2010-12-08,41.790646,-71.698678,0.0
2010-12-09,41.790646,-71.698678,0.0
2010-12-10,41.790646,-71.698678,0.002967801169405842
2010-12-11,41.790646,-71.698678,1.1556504875652223
2010-12-12,41.790646,-71.698678,30.49442148100767
2010-12-13,41.790646,-71.698678,61.86790816689125
2010-12-14,41.790646,-71.698678,0.0
2010-12-15,41.790646,-71.698678,0.0
2010-12-16,41.790646,-71.698678,0.0
2010-12-17,41.790646,-71.698678,0.0
2010-12-18,41.790646,-71.698678,0.0
2010-12-19,41.790646,-71.698678,0.014603164736537598
2010-12-20,41.790646,-71.698678,1.2590829041458997
2010-12-21,41.790646,-71.698678,1.252652285510703
2010-12-22,41.790646,-71.698678,0.0
2010-12-23,41.790646,-71.698678,0.32900835528156114
2010-12-24,41.790646,-71.698678,0.0
2010-12-25,41.790646,-71.698678,0.004569318602138677
2010-12-26,41.790646,-71.698678,1.9746335458235569
2010-12-27,41.790646,-71.698678,0.0
2010-12-28,41.790646,-71.698678,0.0031290986943163985
2010-12-29,41.790646,-71.698678,0.08334517542413507
2010-12-30,41.790646,-71.698678,0.0
2010-12-31,41.790646,-71.698678,0.399635213701001
2011-01-01,41.790646,-71.698678,1.0115027313544793
2011-01-02,41.790646,-71.698678,3.597227010879095
2011-01-03,41.790646,-71.698678,4.955942457148792
2011-01-04,41.790646,-71.698678,0.03881563600279635
2011-01-05,41.790646,-71.698678,0.0
2011-01-06,41.790646,-71.698678,0.0
2011-01-07,41.790646,-71.698678,0.0
2011-01-08,41.790646,-71.698678,0.2267890049333289
2011-01-09,41.790646,-71.698678,1.9799502839002112
2011-01-10,41.790646,-71.698678,0.0
2011-01-11,41.790646,-71.698678,0.2542367886653255
2011-01-12,41.790646,-71.698678,20.297990130355945
2011-01-13,41.790646,-71.698678,0.31972578298766835
2011-01-14,41.790646,-71.698678,1.6896965370444483
2011-01-15,41.790646,-71.698678,1.9832961052400349
2011-01-16,41.790646,-71.698678,0.7432372289273068
2011-01-17,41.790646,-71.698678,0.1064639637010601
2011-01-18,41.790646,-71.698678,24.969078616315485
2011-01-19,41.790646,-71.698678,1.0040516578390388
2011-01-20,41.790646,-71.698678,0.6858419372734347
2011-01-21,41.790646,-71.698678,10.709004894899739
2011-01-22,41.790646,-71.698678,0.2270992815325783
2011-01-23,41.790646,-71.698678,0.09479659880159169
2011-01-24,41.790646,-71.698678,0.0
2011-01-25,41.790646,-71.698678,2.2144070370628
2011-01-26,41.790646,-71.698678,6.369833108901574
2011-01-27,41.790646,-71.698678,17.01132890069465
2011-01-28,41.790646,-71.698678,1.8664006137741291
2011-01-29,41.790646,-71.698678,0.6680059804854442
2011-01-30,41.790646,-71.698678,0.0
2011-01-31,41.790646,-71.698678,0.0
2011-02-01,41.790646,-71.698678,2.1539210088975613
2011-02-02,41.790646,-71.698678,23.204559268657103
2011-02-03,41.790646,-71.698678,0.20119768982465336
2011-02-04,41.790646,-71.698678,0.0
2011-02-05,41.790646,-71.698678,0.7953384303479483
2011-02-06,41.790646,-71.698678,0.180302066481951
2011-02-07,41.790646,-71.698678,0.5530435706110914
2011-02-08,41.790646,-71.698678,8.40213444893671
2011-02-09,41.790646,-71.698678,0.0
2011-02-10,41.790646,-71.698678,0.010347896005433215
2011-02-11,41.790646,-71.698678,0.0
2011-02-12,41.790646,-71.698678,0.04847408484563533
2011-02-13,41.790646,-71.698678,0.0
2011-02-14,41.790646,-71.698678,0.18257440468685576
2011-02-15,41.790646,-71.698678,0.0
2011-02-16,41.790646,-71.698678,0.0
2011-02-17,41.790646,-71.698678,0.0
2011-02-18,41.790646,-71.698678,0.010827515990771473
2011-02-19,41.790646,-71.698678,0.0
2011-02-20,41.790646,-71.698678,0.0
2011-02-21,41.790646,-71.698678,1.7125537781387008
2011-02-22,41.790646,-71.698678,0.03495303337028108
2011-02-23,41.790646,-71.698678,0.0
2011-02-24,41.790646,-71.698678,0.0
2011-02-25,41.790646,-71.698678,51.61738373383484
2011-02-26,41.790646,-71.698678,0.07930003889742863
2011-02-27,41.790646,-71.698678,1.7225624391606762
2011-02-28,41.790646,-71.698678,14.925392790534435
2011-03-01,41.790646,-71.698678,4.579195687516675
2011-03-02,41.790646,-71.698678,0.0231134997272691
2011-03-03,41.790646,-71.698678,0.0
2011-03-04,41.790646,-71.698678,0.0
2011-03-05,41.790646,-71.698678,0.07296921444958716
2011-03-06,41.790646,-71.698678,1.412208677499793
2011-03-07,41.790646,-71.698678,35.431746703846954
2011-03-08,41.790646,-71.698678,0.0
2011-03-09,41.790646,-71.698678,0.0
2011-03-10,41.790646,-71.698678,0.6803173437407158
2011-03-11,41.790646,-71.698678,17.289874920492945
2011-03-12,41.790646,-71.698678,0.0
2011-03-13,41.790646,-71.698678,0.014602460962036566
2011-03-14,41.790646,-71.698678,0.0
2011-03-15,41.790646,-71.698678,0.18401447017852274
2011-03-16,41.790646,-71.698678,14.723984452875166
2011-03-17,41.790646,-71.698678,0.014917012136094627
2011-03-18,41.790646,-71.698678,2.0208490553666905
2011-03-19,41.790646,-71.698678,0.15412105985672464
2011-03-20,41.790646,-71.698678,0.0
2011-03-21,41.790646,-71.698678,3.2382806915329545
2011-03-22,41.790646,-71.698678,0.0
2011-03-23,41.790646,-71.698678,0.37997609608813304
2011-03-24,41.790646,-71.698678,1.0215967872531262
2011-03-25,41.790646,-71.698678,0.0
2011-03-26,41.790646,-71.698678,0.0
2011-03-27,41.790646,-71.698678,0.011635011679881239
2011-03-28,41.790646,-71.698678,0.0
2011-03-29,41.790646,-71.698678,0.0
2011-03-30,41.790646,-71.698678,0.0
2011-03-31,41.790646,-71.698678,14.939852892477814
2011-04-01,41.790646,-71.698678,10.061198667392823
2011-04-02,41.790646,-71.698678,0.13708099933437945
2011-04-03,41.790646,-71.698678,0.0
2011-04-04,41.790646,-71.698678,10.19330347529067
2011-04-05,41.790646,-71.698678,1.2675615106497258
2011-04-06,41.790646,-71.698678,0.0
2011-04-07,41.790646,-71.698678,0.04055863232930306
2011-04-08,41.790646,-71.698678,0.15709166177250905
2011-04-09,41.790646,-71.698678,0.04512795121514238
2011-04-10,41.790646,-71.698678,2.660588140756112
2011-04-11,41.790646,-71.698678,0.5779244190521056
2011-04-12,41.790646,-71.698678,12.252514407480476
2011-04-13,41.790646,-71.698678,45.036064008321716
2011-04-14,41.790646,-71.698678,0.0072229683956950355
2011-04-15,41.790646,-71.698678,0.0
2011-04-16,41.790646,-71.698678,3.449697890785721
2011-04-17,41.790646,-71.698678,30.062874273266775
2011-04-18,41.790646,-71.698678,0.0815381951503096
2011-04-19,41.790646,-71.698678,7.083517881136527
2011-04-20,41.790646,-71.698678,2.4553115161465806
2011-04-21,41.790646,-71.698678,0.0
2011-04-22,41.790646,-71.698678,0.00791393398027165
2011-04-23,41.790646,-71.698678,16.191734051188444
2011-04-24,41.790646,-71.698678,0.4902763777733113
2011-04-25,41.790646,-71.698678,2.8912062260128937
2011-04-26,41.790646,-71.698678,0.0
2011-04-27,41.790646,-71.698678,0.0014445937329543186
2011-04-28,41.790646,-71.698678,3.0708812342180183
2011-04-29,41.790646,-71.698678,4.387545355006962
2011-04-30,41.790646,-71.698678,0.0
2011-05-01,41.790646,-71.698678,0.0
2011-05-02,41.790646,-71.698678,0.0
2011-05-03,41.790646,-71.698678,0.2545431961139281
2011-05-04,41.790646,-71.698678,6.447471015309691
2011-05-05,41.790646,-71.698678,4.225529416380431
2011-05-06,41.790646,-71.698678,0.009225998558038639
2011-05-07,41.790646,-71.698678,0.7711399140231471
2011-05-08,41.790646,-71.698678,0.16754167129779365
2011-05-09,41.790646,-71.698678,0.0039570682258744565
2011-05-10,41.790646,-71.698678,0.0
2011-05-11,41.790646,-71.698678,0.013559427481091041
2011-05-12,41.790646,-71.698678,0.0
2011-05-13,41.790646,-71.698678,0.014839005294233154
2011-05-14,41.790646,-71.698678,0.07739612912153253
2011-05-15,41.790646,-71.698678,18.51225169186703
2011-05-16,41.790646,-71.698678,3.8884439236117707
2011-05-17,41.790646,-71.698678,1.8534887662493933
2011-05-18,41.790646,-71.698678,19.967975542801817
2011-05-19,41.790646,-71.698678,7.90916662552654
2011-05-20,41.790646,-71.698678,3.4494362591190395
2011-05-21,41.790646,-71.698678,0.03057230851103728
2011-05-22,41.790646,-71.698678,0.0024338607894229328
2011-05-23,41.790646,-71.698678,3.4885108563704965
2011-05-24,41.790646,-71.698678,7.5992888609738145
2011-05-25,41.790646,-71.698678,0.32855706329675716
2011-05-26,41.790646,-71.698678,0.0
2011-05-27,41.790646,-71.698678,0.1653808855637184
2011-05-28,41.790646,-71.698678,0.0
2011-05-29,41.790646,-71.698678,0.2790122181451723
2011-05-30,41.790646,-71.698678,17.140151847669134
2011-05-31,41.790646,-71.698678,0.0
2011-06-01,41.790646,-71.698678,2.4453274631594386
2011-06-02,41.790646,-71.698678,2.5844678021958654
2011-06-03,41.790646,-71.698678,0.0
2011-06-04,41.790646,-71.698678,0.03546311970126598
2011-06-05,41.790646,-71.698678,0.0
2011-06-06,41.790646,-71.698678,0.16228241046168324
2011-06-07,41.790646,-71.698678,0.0
2011-06-08,41.790646,-71.698678,0.26432427127065095
2011-06-09,41.790646,-71.698678,32.241111518706454
2011-06-10,41.790646,-71.698678,6.1399416310147075
2011-06-11,41.790646,-71.698678,5.397409660931157
2011-06-12,41.790646,-71.698678,23.29378573480391
2011-06-13,41.790646,-71.698678,0.2300385301342674
2011-06-14,41.790646,-71.698678,0.2019491376244641
2011-06-15,41.790646,-71.698678,0.0
2011-06-16,41.790646,-71.698678,0.0
2011-06-17,41.790646,-71.698678,9.460748005029583
2011-06-18,41.790646,-71.698678,2.6890246747788424
2011-06-19,41.790646,-71.698678,0.16824130458653005
2011-06-20,41.790646,-71.698678,1.1118340365489117
2011-06-21,41.790646,-71.698678,0.0
2011-06-22,41.790646,-71.698678,6.391031135074529
2011-06-23,41.790646,-71.698678,24.612906698715562
2011-06-24,41.790646,-71.698678,1.7736476193015227
2011-06-25,41.790646,-71.698678,0.6596184082767291
2011-06-26,41.790646,-71.698678,0.04000080899183939
2011-06-27,41.790646,-71.698678,0.12129626896158846
2011-06-28,41.790646,-71.698678,0.0020322999545740804
2011-06-29,41.790646,-71.698678,4.777165645275654
2011-06-30,41.790646,-71.698678,0.0
2011-07-01,41.790646,-71.698678,0.0
2011-07-02,41.790646,-71.698678,0.0
2011-07-03,41.790646,-71.698678,2.1712493102326165
2011-07-04,41.790646,-71.698678,0.0798923612268994
2011-07-05,41.790646,-71.698678,0.0
2011-07-06,41.790646,-71.698678,0.0
2011-07-07,41.790646,-71.698678,0.015592431240210154
2011-07-08,41.790646,-71.698678,22.040013827963715
2011-07-09,41.790646,-71.698678,21.990744354306262
2011-07-10,41.790646,-71.698678,0.0
2011-07-11,41.790646,-71.698678,0.0
2011-07-12,41.790646,-71.698678,0.5950116157351192
2011-07-13,41.790646,-71.698678,1.7976582195290107
2011-07-14,41.790646,-71.698678,2.2180279114461814
2011-07-15,41.790646,-71.698678,0.0
2011-07-16,41.790646,-71.698678,0.0
2011-07-17,41.790646,-71.698678,0.0
2011-07-18,41.790646,-71.698678,3.5904656429585278
2011-07-19,41.790646,-71.698678,0.06323723195919861
2011-07-20,41.790646,-71.698678,0.0
2011-07-21,41.790646,-71.698678,0.1059473769422323
2011-07-22,41.790646,-71.698678,0.0
2011-07-23,41.790646,-71.698678,0.05124039649303415
2011-07-24,41.790646,-71.698678,3.7267217945679487
2011-07-25,41.790646,-71.698678,7.149735286045261
2011-07-26,41.790646,-71.698678,4.808028110337799
2011-07-27,41.790646,-71.698678,0.0
2011-07-28,41.790646,-71.698678,0.033756995100075446
2011-07-29,41.790646,-71.698678,0.18754543058991
2011-07-30,41.790646,-71.698678,0.0
2011-07-31,41.790646,-71.698678,0.0
2011-08-01,41.790646,-71.698678,0.9889315851934841
2011-08-02,41.790646,-71.698678,0.3753261664408727
2011-08-03,41.790646,-71.698678,1.6563218284754166
2011-08-04,41.790646,-71.698678,2.044391436608021
2011-08-05,41.790646,-71.698678,0.0
2011-08-06,41.790646,-71.698678,1.9142612030568131
2011-08-07,41.790646,-71.698678,24.597680270409466
2011-08-08,41.790646,-71.698678,5.082125661379139
2011-08-09,41.790646,-71.698678,9.10905901076719
2011-08-10,41.790646,-71.698678,6.714620618431105
2011-08-11,41.790646,-71.698678,0.0
2011-08-12,41.790646,-71.698678,0.0
2011-08-13,41.790646,-71.698678,1.7061870344524448
2011-08-14,41.790646,-71.698678,20.677737133224213
2011-08-15,41.790646,-71.698678,63.031421754987335
2011-08-16,41.790646,-71.698678,0.025892806263221095
2011-08-17,41.790646,-71.698678,0.0
2011-08-18,41.790646,-71.698678,0.0039570682258744565
2011-08-19,41.790646,-71.698678,1.199430878868356
2011-08-20,41.790646,-71.698678,0.9887332728170344
2011-08-21,41.790646,-71.698678,0.8820970423263959
2011-08-22,41.790646,-71.698678,15.812740240276618
2011-08-23,41.790646,-71.698678,0.0044123949023601615
2011-08-24,41.790646,-71.698678,0.0
2011-08-25,41.790646,-71.698678,4.108978580649825
2011-08-26,41.790646,-71.698678,0.45815022593389304
2011-08-27,41.790646,-71.698678,13.716213729667304
2011-08-28,41.790646,-71.698678,52.03434457701115
2011-08-29,41.790646,-71.698678,0.0
2011-08-30,41.790646,-71.698678,0.0
2011-08-31,41.790646,-71.698678,0.029021905151817518
2011-09-01,41.790646,-71.698678,0.6507246311866064
2011-09-02,41.790646,-71.698678,0.0
2011-09-03,41.790646,-71.698678,0.0
2011-09-04,41.790646,-71.698678,0.0020860657962109325
2011-09-05,41.790646,-71.698678,0.02704129759810235
2011-09-06,41.790646,-71.698678,30.45293937076993
2011-09-07,41.790646,-71.698678,11.27436062985959
2011-09-08,41.790646,-71.698678,53.68137118133921
2011-09-09,41.790646,-71.698678,1.3381821087129997
2011-09-10,41.790646,-71.698678,0.0
2011-09-11,41.790646,-71.698678,0.0
2011-09-12,41.790646,-71.698678,0.03198523220087524
2011-09-13,41.790646,-71.698678,0.0
2011-09-14,41.790646,-71.698678,0.0
2011-09-15,41.790646,-71.698678,1.2313146483528667
2011-09-16,41.790646,-71.698678,0.06272118599481569
2011-09-17,41.790646,-71.698678,0.38300929027690067
2011-09-18,41.790646,-71.698678,0.0
2011-09-19,41.790646,-71.698678,0.0
2011-09-20,41.790646,-71.698678,2.4767807245252444
2011-09-21,41.790646,-71.698678,0.0
2011-09-22,41.790646,-71.698678,0.11100953696195688
2011-09-23,41.790646,-71.698678,31.28870040249874
2011-09-24,41.790646,-71.698678,20.359379502610818
2011-09-25,41.790646,-71.698678,1.958242145229463
2011-09-26,41.790646,-71.698678,2.571020619266024
2011-09-27,41.790646,-71.698678,0.0
2011-09-28,41.790646,-71.698678,0.2719337853962985
2011-09-29,41.790646,-71.698678,9.570285008906067
2011-09-30,41.790646,-71.698678,0.0
2011-10-01,41.790646,-71.698678,7.981479084410359
2011-10-02,41.790646,-71.698678,0.007615530719863817
2011-10-03,41.790646,-71.698678,1.1932621994936767
2011-10-04,41.790646,-71.698678,10.47044221313575
2011-10-05,41.790646,-71.698678,0.5165844014113784
2011-10-06,41.790646,-71.698678,0.0
2011-10-07,41.790646,-71.698678,0.0
2011-10-08,41.790646,-71.698678,0.0
2011-10-09,41.790646,-71.698678,0.0
2011-10-10,41.790646,-71.698678,0.0
2011-10-11,41.790646,-71.698678,0.07102073146896476
2011-10-12,41.790646,-71.698678,9.873593870096583
2011-10-13,41.790646,-71.698678,17.608584960438606
2011-10-14,41.790646,-71.698678,24.505895117053505
2011-10-15,41.790646,-71.698678,3.51957982911368
2011-10-16,41.790646,-71.698678,0.05209296346014497
2011-10-17,41.790646,-71.698678,3.1048580583811614
2011-10-18,41.790646,-71.698678,0.0
2011-10-19,41.790646,-71.698678,39.531051818002126
2011-10-20,41.790646,-71.698678,11.943432196937732
2011-10-21,41.790646,-71.698678,0.0
2011-10-22,41.790646,-71.698678,0.0
2011-10-23,41.790646,-71.698678,0.0
2011-10-24,41.790646,-71.698678,0.22611981602853082
2011-10-25,41.790646,-71.698678,0.008261376697673094
2011-10-26,41.790646,-71.698678,0.6666654272195763
2011-10-27,41.790646,-71.698678,12.64295935927555
2011-10-28,41.790646,-71.698678,0.29232149842003197
2011-10-29,41.790646,-71.698678,21.41416084900836
2011-10-30,41.790646,-71.698678,0.6245039851496932
2011-10-31,41.790646,-71.698678,0.2725564562265388
2011-11-01,41.790646,-71.698678,6.079489756197676
2011-11-02,41.790646,-71.698678,0.0
2011-11-03,41.790646,-71.698678,0.0
2011-11-04,41.790646,-71.698678,0.14091333044226687
2011-11-05,41.790646,-71.698678,0.0
2011-11-06,41.790646,-71.698678,0.0
2011-11-07,41.790646,-71.698678,0.0
2011-11-08,41.790646,-71.698678,0.0
2011-11-09,41.790646,-71.698678,0.0
2011-11-10,41.790646,-71.698678,12.565038621459822
2011-11-11,41.790646,-71.698678,0.10828179209370722
2011-11-12,41.790646,-71.698678,0.0
2011-11-13,41.790646,-71.698678,7.019346218979314
2011-11-14,41.790646,-71.698678,0.13463002652364287
2011-11-15,41.790646,-71.698678,1.5538884006584257
2011-11-16,41.790646,-71.698678,13.965315422772935
2011-11-17,41.790646,-71.698678,14.60916083713286
2011-11-18,41.790646,-71.698678,0.09195601075864249
2011-11-19,41.790646,-71.698678,0.3357441236928824
2011-11-20,41.790646,-71.698678,0.0
2011-11-21,41.790646,-71.698678,4.927192472358127
2011-11-22,41.790646,-71.698678,0.0
2011-11-23,41.790646,-71.698678,49.32061688218862
2011-11-24,41.790646,-71.698678,0.0
2011-11-25,41.790646,-71.698678,0.0
2011-11-26,41.790646,-71.698678,0.10401265139337046
2011-11-27,41.790646,-71.698678,0.30228912064168595
2011-11-28,41.790646,-71.698678,0.9003546270955848
2011-11-29,41.790646,-71.698678,0.014305065467046303
2011-11-30,41.790646,-71.698678,21.318869069857314
2011-12-01,41.790646,-71.698678,0.0
2011-12-02,41.790646,-71.698678,0.0
2011-12-03,41.790646,-71.698678,0.0
2011-12-04,41.790646,-71.698678,0.006258197388632797
2011-12-05,41.790646,-71.698678,0.0
2011-12-06,41.790646,-71.698678,6.897403906424717
2011-12-07,41.790646,-71.698678,45.60533872412745
2011-12-08,41.790646,-71.698678,8.103298630303316
2011-12-09,41.790646,-71.698678,0.0
2011-12-10,41.790646,-71.698678,4.874492021733486
2011-12-11,41.790646,-71.698678,0.0
2011-12-12,41.790646,-71.698678,0.10951402656906621
2011-12-13,41.790646,-71.698678,1.8571087899282916
2011-12-14,41.790646,-71.698678,0.017335124795451823
2011-12-15,41.790646,-71.698678,3.5608801958940153
2011-12-16,41.790646,-71.698678,1.172387181231605
2011-12-17,41.790646,-71.698678,0.14634676541130837
2011-12-18,41.790646,-71.698678,0.0
2011-12-19,41.790646,-71.698678,0.004333781198862956
2011-12-20,41.790646,-71.698678,1.0430028137618848
2011-12-21,41.790646,-71.698678,7.019274719695041
2011-12-22,41.790646,-71.698678,2.0012030927694004
2011-12-23,41.790646,-71.698678,19.113270336238756
2011-12-24,41.790646,-71.698678,0.0
2011-12-25,41.790646,-71.698678,0.0
2011-12-26,41.790646,-71.698678,0.2329336581502452
2011-12-27,41.790646,-71.698678,4.48061210645609
2011-12-28,41.790646,-71.698678,13.433621077247341
2011-12-29,41.790646,-71.698678,0.0
2011-12-30,41.790646,-71.698678,0.01058333188926966
2011-12-31,41.790646,-71.698678,4.9595300030288865
2012-01-01,41.790646,-71.698678,0.0
2012-01-02,41.790646,-71.698678,3.9283848839888873
2012-01-03,41.790646,-71.698678,0.0
2012-01-04,41.790646,-71.698678,0.02284659215959145
2012-01-05,41.790646,-71.698678,0.023977136887237495
2012-01-06,41.790646,-71.698678,0.5536860068060078
2012-01-07,41.790646,-71.698678,0.0
2012-01-08,41.790646,-71.698678,0.0072229683956950355
2012-01-09,41.790646,-71.698678,0.0
2012-01-10,41.790646,-71.698678,0.1138160858859557
2012-01-11,41.790646,-71.698678,0.0
2012-01-12,41.790646,-71.698678,41.3712836673002
2012-01-13,41.790646,-71.698678,0.3645404345257955
2012-01-14,41.790646,-71.698678,0.0
2012-01-15,41.790646,-71.698678,0.0
2012-01-16,41.790646,-71.698678,0.018277274408554707
2012-01-17,41.790646,-71.698678,3.17274480465152
2012-01-18,41.790646,-71.698678,0.22457740635414175
2012-01-19,41.790646,-71.698678,0.0
2012-01-20,41.790646,-71.698678,1.1911032241593125
2012-01-21,41.790646,-71.698678,14.02386086898059
2012-01-22,41.790646,-71.698678,0.5769933823225044
2012-01-23,41.790646,-71.698678,0.44258389067996673
2012-01-24,41.790646,-71.698678,5.5938234349470815
2012-01-25,41.790646,-71.698678,0.05935450264090972
2012-01-26,41.790646,-71.698678,4.305655563183797
2012-01-27,41.790646,-71.698678,31.555530027083908
2012-01-28,41.790646,-71.698678,0.007458506068047314
2012-01-29,41.790646,-71.698678,0.19722566313009407
2012-01-30,41.790646,-71.698678,0.0940400226874318
2012-01-31,41.790646,-71.698678,0.006096899863722241
2012-02-01,41.790646,-71.698678,0.03174969224429373
2012-02-02,41.790646,-71.698678,0.0
2012-02-03,41.790646,-71.698678,0.0
2012-02-04,41.790646,-71.698678,0.0031290986943163985
2012-02-05,41.790646,-71.698678,0.0
2012-02-06,41.790646,-71.698678,0.0019785341129372283
2012-02-07,41.790646,-71.698678,0.0
2012-02-08,41.790646,-71.698678,0.322828828835109
2012-02-09,41.790646,-71.698678,0.24955398065877726
2012-02-10,41.790646,-71.698678,0.0
2012-02-11,41.790646,-71.698678,0.9445787155666181
2012-02-12,41.790646,-71.698678,0.0
2012-02-13,41.790646,-71.698678,0.0
2012-02-14,41.790646,-71.698678,0.0
2012-02-15,41.790646,-71.698678,0.0
2012-02-16,41.790646,-71.698678,3.0999248575347584
2012-02-17,41.790646,-71.698678,1.9145975601870806
2012-02-18,41.790646,-71.698678,0.0
2012-02-19,41.790646,-71.698678,0.010190769565100878
2012-02-20,41.790646,-71.698678,0.0
2012-02-21,41.790646,-71.698678,0.183895369940152
2012-02-22,41.790646,-71.698678,0.30294967630418157
2012-02-23,41.790646,-71.698678,0.1900413323266585
2012-02-24,41.790646,-71.698678,5.339304927776058
2012-02-25,41.790646,-71.698678,5.490930950068945
2012-02-26,41.790646,-71.698678,0.0
2012-02-27,41.790646,-71.698678,0.0
2012-02-28,41.790646,-71.698678,0.0
2012-02-29,41.790646,-71.698678,6.266978890504611
2012-03-01,41.790646,-71.698678,5.948232437809676
2012-03-02,41.790646,-71.698678,0.0
2012-03-03,41.790646,-71.698678,11.65627108211286
2012-03-04,41.790646,-71.698678,1.6790014541652358
2012-03-05,41.790646,-71.698678,0.07551769603890904
2012-03-06,41.790646,-71.698678,0.0
2012-03-07,41.790646,-71.698678,0.0
2012-03-08,41.790646,-71.698678,0.0
2012-03-09,41.790646,-71.698678,2.7363998696106098
2012-03-10,41.790646,-71.698678,0.0
2012-03-11,41.790646,-71.698678,0.0
2012-03-12,41.790646,-71.698678,0.0039570682258744565
2012-03-13,41.790646,-71.698678,0.876227991097674
2012-03-14,41.790646,-71.698678,0.01956484263859059
2012-03-15,41.790646,-71.698678,0.0
2012-03-16,41.790646,-71.698678,1.3821721341462236
2012-03-17,41.790646,-71.698678,0.0
2012-03-18,41.790646,-71.698678,0.0
2012-03-19,41.790646,-71.698678,0.0
2012-03-20,41.790646,-71.698678,0.0
2012-03-21,41.790646,-71.698678,0.0
2012-03-22,41.790646,-71.698678,0.0
2012-03-23,41.790646,-71.698678,0.0
2012-03-24,41.790646,-71.698678,0.5173956458102594
2012-03-25,41.790646,-71.698678,4.810801968586326
2012-03-26,41.790646,-71.698678,0.005935602338811684
2012-03-27,41.790646,-71.698678,0.0
2012-03-28,41.790646,-71.698678,9.138647797863278
2012-03-29,41.790646,-71.698678,0.059343029973611065
2012-03-30,41.790646,-71.698678,0.0
2012-03-31,41.790646,-71.698678,3.413804178152974
2012-04-01,41.790646,-71.698678,2.1374935637719603
2012-04-02,41.790646,-71.698678,2.398291332103537
2012-04-03,41.790646,-71.698678,0.0
2012-04-04,41.790646,-71.698678,0.003046212401425784
2012-04-05,41.790646,-71.698678,0.0
2012-04-06,41.790646,-71.698678,0.0
2012-04-07,41.790646,-71.698678,0.0
2012-04-08,41.790646,-71.698678,0.027727787962200552
2012-04-09,41.790646,-71.698678,0.0
2012-04-10,41.790646,-71.698678,0.0009892670564686141
2012-04-11,41.790646,-71.698678,0.11321245706895339
2012-04-12,41.790646,-71.698678,1.780726898533592
2012-04-13,41.790646,-71.698678,0.018779718259329586
2012-04-14,41.790646,-71.698678,0.08395904030798797
2012-04-15,41.790646,-71.698678,5.100481525493546
2012-04-16,41.790646,-71.698678,0.0363190133997382
2012-04-17,41.790646,-71.698678,0.0
2012-04-18,41.790646,-71.698678,3.1456741218318607
2012-04-19,41.790646,-71.698678,0.1320379746861293
2012-04-20,41.790646,-71.698678,0.0
2012-04-21,41.790646,-71.698678,0.0
2012-04-22,41.790646,-71.698678,29.26558850517535
2012-04-23,41.790646,-71.698678,40.97286411473989
2012-04-24,41.790646,-71.698678,0.03533004749717969
2012-04-25,41.790646,-71.698678,0.1247259825225551
2012-04-26,41.790646,-71.698678,0.015231061439727633
2012-04-27,41.790646,-71.698678,3.066999220461694
2012-04-28,41.790646,-71.698678,0.0
2012-04-29,41.790646,-71.698678,1.261741816024788
2012-04-30,41.790646,-71.698678,0.001523106200712892
2012-05-01,41.790646,-71.698678,14.616768532604551
2012-05-02,41.790646,-71.698678,0.005778374931817275
2012-05-03,41.790646,-71.698678,3.007703017504442
2012-05-04,41.790646,-71.698678,2.075627502928447
2012-05-05,41.790646,-71.698678,0.33363289803801993
2012-05-06,41.790646,-71.698678,0.06949207062864605
2012-05-07,41.790646,-71.698678,0.0
2012-05-08,41.790646,-71.698678,9.234275392110664
2012-05-09,41.790646,-71.698678,30.574314684689305
2012-05-10,41.790646,-71.698678,17.824135771375833
2012-05-11,41.790646,-71.698678,0.0
2012-05-12,41.790646,-71.698678,0.0
2012-05-13,41.790646,-71.698678,2.392646190868928
2012-05-14,41.790646,-71.698678,1.8550185086457691
2012-05-15,41.790646,-71.698678,6.745791685225761
2012-05-16,41.790646,-71.698678,6.495928032381952
2012-05-17,41.790646,-71.698678,1.9993759812757763
2012-05-18,41.790646,-71.698678,0.0
2012-05-19,41.790646,-71.698678,0.0
2012-05-20,41.790646,-71.698678,0.0
2012-05-21,41.790646,-71.698678,0.16208390862035346
2012-05-22,41.790646,-71.698678,11.860584094521137
2012-05-23,41.790646,-71.698678,0.009784482898385986
2012-05-24,41.790646,-71.698678,1.3934741843346559
2012-05-25,41.790646,-71.698678,0.4351032382221083
2012-05-26,41.790646,-71.698678,0.11067677652667991
2012-05-27,41.790646,-71.698678,0.013315393198546605
2012-05-28,41.790646,-71.698678,0.5826718986187349
2012-05-29,41.790646,-71.698678,0.007458506068047314
2012-05-30,41.790646,-71.698678,3.112050555521651
2012-05-31,41.790646,-71.698678,0.022223271767634806
2012-06-01,41.790646,-71.698678,0.047389193235053355
2012-06-02,41.790646,-71.698678,13.888617395956302
2012-06-03,41.790646,-71.698678,6.244904182976635
2012-06-04,41.790646,-71.698678,0.5512671583359184
2012-06-05,41.790646,-71.698678,0.5748455618216781
2012-06-06,41.790646,-71.698678,0.8511930749345356
2012-06-07,41.790646,-71.698678,2.3837228201223617
2012-06-08,41.790646,-71.698678,0.21818603079244048
2012-06-09,41.790646,-71.698678,7.539927180695055
2012-06-10,41.790646,-71.698678,0.058881873364411266
2012-06-11,41.790646,-71.698678,0.0
2012-06-12,41.790646,-71.698678,2.830266174146616
2012-06-13,41.790646,-71.698678,16.9796962264629
2012-06-14,41.790646,-71.698678,0.0
2012-06-15,41.790646,-71.698678,0.0
2012-06-16,41.790646,-71.698678,0.0
2012-06-17,41.790646,-71.698678,0.0
2012-06-18,41.790646,-71.698678,0.0
2012-06-19,41.790646,-71.698678,0.0
2012-06-20,41.790646,-71.698678,0.0
2012-06-21,41.790646,-71.698678,0.0
2012-06-22,41.790646,-71.698678,4.183712646998097
2012-06-23,41.790646,-71.698678,2.385280795670991
2012-06-24,41.790646,-71.698678,0.0
2012-06-25,41.790646,-71.698678,46.72760925705692
2012-06-26,41.790646,-71.698678,0.43266281397144113
2012-06-27,41.790646,-71.698678,0.02086065718498924
2012-06-28,41.790646,-71.698678,0.018041737856380916
2012-06-29,41.790646,-71.698678,0.8389274857439404
2012-06-30,41.790646,-71.698678,0.0
2012-07-01,41.790646,-71.698678,4.733802788151326
2012-07-02,41.790646,-71.698678,0.26523242701734784
2012-07-03,41.790646,-71.698678,1.323688867978162
2012-07-04,41.790646,-71.698678,5.041452464238896
2012-07-05,41.790646,-71.698678,0.005401661958828775
2012-07-06,41.790646,-71.698678,0.42557434571979746
2012-07-07,41.790646,-71.698678,5.62922483458626
2012-07-08,41.790646,-71.698678,0.0009892670564686141
2012-07-09,41.790646,-71.698678,0.014618710395126069
2012-07-10,41.790646,-71.698678,0.0
2012-07-11,41.790646,-71.698678,0.0
2012-07-12,41.790646,-71.698678,0.5261165259919574
2012-07-13,41.790646,-71.698678,1.2591548940328174
2012-07-14,41.790646,-71.698678,5.470185167732897
2012-07-15,41.790646,-71.698678,2.720023869324916
2012-07-16,41.790646,-71.698678,6.725672543605465
2012-07-17,41.790646,-71.698678,0.050818720979455174
2012-07-18,41.790646,-71.698678,5.89119127326633
2012-07-19,41.790646,-71.698678,0.9524715971425415
2012-07-20,41.790646,-71.698678,18.77963913933078
2012-07-21,41.790646,-71.698678,0.6897171417317913
2012-07-22,41.790646,-71.698678,0.0
2012-07-23,41.790646,-71.698678,2.843487531688348
2012-07-24,41.790646,-71.698678,1.7896010928743133
2012-07-25,41.790646,-71.698678,0.4653884548155135
2012-07-26,41.790646,-71.698678,0.7867106230875824
2012-07-27,41.790646,-71.698678,7.264524483451793
2012-07-28,41.790646,-71.698678,7.252408175291318
2012-07-29,41.790646,-71.698678,2.852077746715661
2012-07-30,41.790646,-71.698678,0.0
2012-07-31,41.790646,-71.698678,6.939293105169475
2012-08-01,41.790646,-71.698678,3.2090235738937745
2012-08-02,41.790646,-71.698678,3.556752757182419
2012-08-03,41.790646,-71.698678,0.9966496220527891
2012-08-04,41.790646,-71.698678,0.02086065718498924
2012-08-05,41.790646,-71.698678,10.047110559773891
2012-08-06,41.790646,-71.698678,6.047392247321758
2012-08-07,41.790646,-71.698678,1.8437591857490336
2012-08-08,41.790646,-71.698678,0.024966254229608124
2012-08-09,41.790646,-71.698678,0.0
2012-08-10,41.790646,-71.698678,13.925313116630187
2012-08-11,41.790646,-71.698678,0.0697965598656685
2012-08-12,41.790646,-71.698678,4.8298858465528225
2012-08-13,41.790646,-71.698678,0.0
2012-08-14,41.790646,-71.698678,0.33276921585769786
2012-08-15,41.790646,-71.698678,2.724256755878611
2012-08-16,41.790646,-71.698678,25.931878677954558
2012-08-17,41.790646,-71.698678,0.03198523220087524
2012-08-18,41.790646,-71.698678,16.981720146454858
2012-08-19,41.790646,-71.698678,0.0
2012-08-20,41.790646,-71.698678,1.326865520441252
2012-08-21,41.790646,-71.698678,5.436589961281133
2012-08-22,41.790646,-71.698678,1.2685223140836566
2012-08-23,41.790646,-71.698678,0.003046212401425784
2012-08-24,41.790646,-71.698678,0.001523106200712892
2012-08-25,41.790646,-71.698678,0.0009892670564686141
2012-08-26,41.790646,-71.698678,0.0
2012-08-27,41.790646,-71.698678,0.2520127136761018
2012-08-28,41.790646,-71.698678,7.359716287183373
2012-08-29,41.790646,-71.698678,0.0
2012-08-30,41.790646,-71.698678,0.0
2012-08-31,41.790646,-71.698678,0.0
2012-09-01,41.790646,-71.698678,0.12767835123766036
2012-09-02,41.790646,-71.698678,0.0
2012-09-03,41.790646,-71.698678,0.0
2012-09-04,41.790646,-71.698678,12.144017013540445
2012-09-05,41.790646,-71.698678,26.364080147150418
2012-09-06,41.790646,-71.698678,0.9411592972585593
2012-09-07,41.790646,-71.698678,0.0
2012-09-08,41.790646,-71.698678,0.013001343327512311
2012-09-09,41.790646,-71.698678,8.389799282201015
2012-09-10,41.790646,-71.698678,0.0
2012-09-11,41.790646,-71.698678,0.0
2012-09-12,41.790646,-71.698678,0.0
2012-09-13,41.790646,-71.698678,0.0
2012-09-14,41.790646,-71.698678,0.0
2012-09-15,41.790646,-71.698678,3.368848373135581
2012-09-16,41.790646,-71.698678,0.0
2012-09-17,41.790646,-71.698678,0.0
2012-09-18,41.790646,-71.698678,0.23831565481432584
2012-09-19,41.790646,-71.698678,19.846014605677606
2012-09-20,41.790646,-71.698678,0.0
2012-09-21,41.790646,-71.698678,5.40551156069462
2012-09-22,41.790646,-71.698678,0.0
2012-09-23,41.790646,-71.698678,0.03864367307755613
2012-09-24,41.790646,-71.698678,0.0
2012-09-25,41.790646,-71.698678,0.0
2012-09-26,41.790646,-71.698678,0.28663720731700254
2012-09-27,41.790646,-71.698678,0.03198523220087524
2012-09-28,41.790646,-71.698678,30.111339075285546
2012-09-29,41.790646,-71.698678,9.208666618469705
2012-09-30,41.790646,-71.698678,8.673515979566881
2012-10-01,41.790646,-71.698678,0.029903538259330616
2012-10-02,41.790646,-71.698678,12.632609187648853
2012-10-03,41.790646,-71.698678,1.3940228717628258
2012-10-04,41.790646,-71.698678,1.3910900838849711
2012-10-05,41.790646,-71.698678,3.2309994785228264
2012-10-06,41.790646,-71.698678,0.12966486164360475
2012-10-07,41.790646,-71.698678,7.741816699355834
2012-10-08,41.790646,-71.698678,0.8942634280798868
2012-10-09,41.790646,-71.698678,30.762227132740996
2012-10-10,41.790646,-71.698678,0.0835017402438772
2012-10-11,41.790646,-71.698678,0.0
2012-10-12,41.790646,-71.698678,0.25216716549709073
2012-10-13,41.790646,-71.698678,0.42539512943507196
2012-10-14,41.790646,-71.698678,7.325738155490364
2012-10-15,41.790646,-71.698678,0.10972638448127876
2012-10-16,41.790646,-71.698678,3.641371779783017
2012-10-17,41.790646,-71.698678,0.017884712084385926
2012-10-18,41.790646,-71.698678,0.010935703094260903
2012-10-19,41.790646,-71.698678,3.093901562138094
2012-10-20,41.790646,-71.698678,20.6740959441479
2012-10-21,41.790646,-71.698678,0.0
2012-10-22,41.790646,-71.698678,0.001523106200712892
2012-10-23,41.790646,-71.698678,0.05556295805781284
2012-10-24,41.790646,-71.698678,3.537156506078847
2012-10-25,41.790646,-71.698678,0.0
2012-10-26,41.790646,-71.698678,0.0
2012-10-27,41.790646,-71.698678,0.0
2012-10-28,41.790646,-71.698678,0.06855570254789935
2012-10-29,41.790646,-71.698678,2.817824409752568
2012-10-30,41.790646,-71.698678,2.3340640978415794
2012-10-31,41.790646,-71.698678,0.1564997242748475
2012-11-01,41.790646,-71.698678,0.0647954493141914
2012-11-02,41.790646,-71.698678,0.13390541369132372
2012-11-03,41.790646,-71.698678,0.0
2012-11-04,41.790646,-71.698678,0.017222967634024505
2012-11-05,41.790646,-71.698678,0.0
2012-11-06,41.790646,-71.698678,0.0
2012-11-07,41.790646,-71.698678,27.53664034914728
2012-11-08,41.790646,-71.698678,4.694883313288235
2012-11-09,41.790646,-71.698678,0.003046212401425784
2012-11-10,41.790646,-71.698678,0.007615530719863817
2012-11-11,41.790646,-71.698678,0.053337812870704264
2012-11-12,41.790646,-71.698678,0.0
2012-11-13,41.790646,-71.698678,5.431694856506961
2012-11-14,41.790646,-71.698678,0.0
2012-11-15,41.790646,-71.698678,0.0
2012-11-16,41.790646,-71.698678,1.7401245741871727
2012-11-17,41.790646,-71.698678,0.0
2012-11-18,41.790646,-71.698678,0.0
2012-11-19,41.790646,-71.698678,0.0
2012-11-20,41.790646,-71.698678,0.0
2012-11-21,41.790646,-71.698678,0.021449116805916005
2012-11-22,41.790646,-71.698678,0.0
2012-11-23,41.790646,-71.698678,0.0
2012-11-24,41.790646,-71.698678,0.27689619668506693
2012-11-25,41.790646,-71.698678,0.01794767842559003
2012-11-26,41.790646,-71.698678,0.0
2012-11-27,41.790646,-71.698678,0.5580684432145812
2012-11-28,41.790646,-71.698678,0.022782060278554627
2012-11-29,41.790646,-71.698678,0.0
2012-11-30,41.790646,-71.698678,0.0
2012-12-01,41.790646,-71.698678,0.3835311801598293
2012-12-02,41.790646,-71.698678,0.040269131274273263
2012-12-03,41.790646,-71.698678,2.405408758927835
2012-12-04,41.790646,-71.698678,0.0
2012-12-05,41.790646,-71.698678,0.9411330106361443
2012-12-06,41.790646,-71.698678,0.0
2012-12-07,41.790646,-71.698678,1.803457871194082
2012-12-08,41.790646,-71.698678,11.77370053582264
2012-12-09,41.790646,-71.698678,1.391273894693867
2012-12-10,41.790646,-71.698678,15.99754890341752
2012-12-11,41.790646,-71.698678,0.07104760818754177
2012-12-12,41.790646,-71.698678,0.601264818140268
2012-12-13,41.790646,-71.698678,0.01508253387608395
2012-12-14,41.790646,-71.698678,0.0
2012-12-15,41.790646,-71.698678,0.0028891874659086373
2012-12-16,41.790646,-71.698678,1.171507064494077
2012-12-17,41.790646,-71.698678,13.94641108310683
2012-12-18,41.790646,-71.698678,29.1622135029232
2012-12-19,41.790646,-71.698678,0.008746074596407928
2012-12-20,41.790646,-71.698678,0.005778374931817275
2012-12-21,41.790646,-71.698678,28.446601798428993
2012-12-22,41.790646,-71.698678,0.0
2012-12-23,41.790646,-71.698678,0.0
2012-12-24,41.790646,-71.698678,0.0028891874659086373
2012-12-25,41.790646,-71.698678,5.160394214320043
2012-12-26,41.790646,-71.698678,3.697870981018997
2012-12-27,41.790646,-71.698678,29.10389685410786
2012-12-28,41.790646,-71.698678,0.0
2012-12-29,41.790646,-71.698678,7.093848340214739
2012-12-30,41.790646,-71.698678,6.030794424444808
2012-12-31,41.790646,-71.698678,0.44561543211123555
2013-01-01,41.790646,-71.698678,1.9531220915104663
2013-01-02,41.790646,-71.698678,0.0
2013-01-03,41.790646,-71.698678,0.4302612881838761
2013-01-04,41.790646,-71.698678,0.030645141443335373
2013-01-05,41.790646,-71.698678,0.0
2013-01-06,41.790646,-71.698678,2.4593989397571576
2013-01-07,41.790646,-71.698678,0.12203484732981935
2013-01-08,41.790646,-71.698678,0.0
2013-01-09,41.790646,-71.698678,1.2036226940737818
2013-01-10,41.790646,-71.698678,0.0
2013-01-11,41.790646,-71.698678,2.2104770911341025
2013-01-12,41.790646,-71.698678,5.3212238665953
2013-01-13,41.790646,-71.698678,0.053906165529921786
2013-01-14,41.790646,-71.698678,2.237593750797434
2013-01-15,41.790646,-71.698678,10.104455819128972
2013-01-16,41.790646,-71.698678,22.964616548156087
2013-01-17,41.790646,-71.698678,0.6992459858777091
2013-01-18,41.790646,-71.698678,1.1051054067550177
2013-01-19,41.790646,-71.698678,0.13446625894832465
2013-01-20,41.790646,-71.698678,0.0020860657962109325
2013-01-21,41.790646,-71.698678,0.05767819872483972
2013-01-22,41.790646,-71.698678,4.575481765944399
2013-01-23,41.790646,-71.698678,0.0
2013-01-24,41.790646,-71.698678,0.003075332852679547
2013-01-25,41.790646,-71.698678,0.0
2013-01-26,41.790646,-71.698678,0.10994577688106885
2013-01-27,41.790646,-71.698678,0.0
2013-01-28,41.790646,-71.698678,1.438103915381621
2013-01-29,41.790646,-71.698678,0.08748748076388327
2013-01-30,41.790646,-71.698678,2.467163899026638
2013-01-31,41.790646,-71.698678,17.313436133119847
2013-02-01,41.790646,-71.698678,0.0
2013-02-02,41.790646,-71.698678,0.0
2013-02-03,41.790646,-71.698678,0.0
2013-02-04,41.790646,-71.698678,0.013079957753427983
2013-02-05,41.790646,-71.698678,0.0
2013-02-06,41.790646,-71.698678,0.0
2013-02-07,41.790646,-71.698678,0.05638822277150706
2013-02-08,41.790646,-71.698678,79.29502087511787
2013-02-09,41.790646,-71.698678,47.03959838388497
2013-02-10,41.790646,-71.698678,0.0
2013-02-11,41.790646,-71.698678,3.5432869056471996
2013-02-12,41.790646,-71.698678,0.0020860657962109325
2013-02-13,41.790646,-71.698678,0.0
2013-02-14,41.790646,-71.698678,3.333288242553863
2013-02-15,41.790646,-71.698678,0.0
2013-02-16,41.790646,-71.698678,0.30851336409681684
2013-02-17,41.790646,-71.698678,4.920246308598235
2013-02-18,41.790646,-71.698678,0.037678197697751735
2013-02-19,41.790646,-71.698678,0.38789506960786724
2013-02-20,41.790646,-71.698678,1.5760057332781803
2013-02-21,41.790646,-71.698678,0.007835522563986355
2013-02-22,41.790646,-71.698678,0.0
2013-02-23,41.790646,-71.698678,0.6077547495652174
2013-02-24,41.790646,-71.698678,1.3364047346920547
2013-02-25,41.790646,-71.698678,0.027271858258957116
2013-02-26,41.790646,-71.698678,0.0
2013-02-27,41.790646,-71.698678,8.380497797173033
2013-02-28,41.790646,-71.698678,0.009304409790058582
2013-03-01,41.790646,-71.698678,0.02783929455898662
2013-03-02,41.790646,-71.698678,0.0
2013-03-03,41.790646,-71.698678,0.0
2013-03-04,41.790646,-71.698678,0.0
2013-03-05,41.790646,-71.698678,0.0
2013-03-06,41.790646,-71.698678,0.0
2013-03-07,41.790646,-71.698678,1.2515209233013203
2013-03-08,41.790646,-71.698678,10.145597913287922
2013-03-09,41.790646,-71.698678,0.28714882965316846
2013-03-10,41.790646,-71.698678,0.0
2013-03-11,41.790646,-71.698678,2.349790392480502
2013-03-12,41.790646,-71.698678,46.84018472928606
2013-03-13,41.790646,-71.698678,0.0
2013-03-14,41.790646,-71.698678,0.0
2013-03-15,41.790646,-71.698678,0.00965682963845988
2013-03-16,41.790646,-71.698678,0.7192609232480403
2013-03-17,41.790646,-71.698678,0.0
2013-03-18,41.790646,-71.698678,1.0231544288339625
2013-03-19,41.790646,-71.698678,8.36550178307927
2013-03-20,41.790646,-71.698678,0.0
2013-03-21,41.790646,-71.698678,0.14541729398580733
2013-03-22,41.790646,-71.698678,0.0031290986943163985
2013-03-23,41.790646,-71.698678,0.0
2013-03-24,41.790646,-71.698678,0.0
2013-03-25,41.790646,-71.698678,0.02053846328332218
2013-03-26,41.790646,-71.698678,0.0
2013-03-27,41.790646,-71.698678,0.0
2013-03-28,41.790646,-71.698678,0.0
2013-03-29,41.790646,-71.698678,0.0
2013-03-30,41.790646,-71.698678,0.0
2013-03-31,41.790646,-71.698678,0.396577926701806
2013-04-01,41.790646,-71.698678,0.7384956408794394
2013-04-02,41.790646,-71.698678,0.0
2013-04-03,41.790646,-71.698678,0.0
2013-04-04,41.790646,-71.698678,0.0
2013-04-05,41.790646,-71.698678,0.2221206253051251
2013-04-06,41.790646,-71.698678,0.0
2013-04-07,41.790646,-71.698678,0.033461497591405265
2013-04-08,41.790646,-71.698678,0.014916761200882101
2013-04-09,41.790646,-71.698678,3.57919636535851
2013-04-10,41.790646,-71.698678,7.335686228624946
2013-04-11,41.790646,-71.698678,5.546991616097771
2013-04-12,41.790646,-71.698678,10.213098382790106
2013-04-13,41.790646,-71.698678,0.2598560311588349
2013-04-14,41.790646,-71.698678,0.0
2013-04-15,41.790646,-71.698678,0.0
2013-04-16,41.790646,-71.698678,0.0
2013-04-17,41.790646,-71.698678,0.7193650409601918
2013-04-18,41.790646,-71.698678,0.0
2013-04-19,41.790646,-71.698678,0.0
2013-04-20,41.790646,-71.698678,17.802607922690164
2013-04-21,41.790646,-71.698678,0.0
2013-04-22,41.790646,-71.698678,0.4507344255486885
2013-04-23,41.790646,-71.698678,1.8559212935249325
2013-04-24,41.790646,-71.698678,0.7886681282357447
2013-04-25,41.790646,-71.698678,0.4777159417197859
2013-04-26,41.790646,-71.698678,0.0
2013-04-27,41.790646,-71.698678,0.0
2013-04-28,41.790646,-71.698678,0.0
2013-04-29,41.790646,-71.698678,0.034821646472329236
2013-04-30,41.790646,-71.698678,0.0
2013-05-01,41.790646,-71.698678,0.0
2013-05-02,41.790646,-71.698678,0.001523106200712892
2013-05-03,41.790646,-71.698678,0.0
2013-05-04,41.790646,-71.698678,0.0
2013-05-05,41.790646,-71.698678,0.0
2013-05-06,41.790646,-71.698678,0.0
2013-05-07,41.790646,-71.698678,0.0
2013-05-08,41.790646,-71.698678,0.7479213409980761
2013-05-09,41.790646,-71.698678,12.393359498486152
2013-05-10,41.790646,-71.698678,1.9956704984308333
2013-05-11,41.790646,-71.698678,14.4487973311005
2013-05-12,41.790646,-71.698678,3.545849202201674
2013-05-13,41.790646,-71.698678,0.00834426318484373
2013-05-14,41.790646,-71.698678,0.0
2013-05-15,41.790646,-71.698678,3.9737002710439553
2013-05-16,41.790646,-71.698678,0.03305063366124365
2013-05-17,41.790646,-71.698678,0.0
2013-05-18,41.790646,-71.698678,0.0
2013-05-19,41.790646,-71.698678,3.7249291697514275
2013-05-20,41.790646,-71.698678,0.014627660148336708
2013-05-21,41.790646,-71.698678,13.355607536558466
2013-05-22,41.790646,-71.698678,1.6081526583173753
2013-05-23,41.790646,-71.698678,0.45585848107001387
2013-05-24,41.790646,-71.698678,15.36889781440994
2013-05-25,41.790646,-71.698678,1.1636032131939353
2013-05-26,41.790646,-71.698678,0.39391818973409864
2013-05-27,41.790646,-71.698678,0.0
2013-05-28,41.790646,-71.698678,0.28658272252471123
2013-05-29,41.790646,-71.698678,9.676976194113443
2013-05-30,41.790646,-71.698678,24.73979262169756
2013-05-31,41.790646,-71.698678,0.0
2013-06-01,41.790646,-71.698678,0.0
2013-06-02,41.790646,-71.698678,0.0
2013-06-03,41.790646,-71.698678,15.550698903658333
2013-06-04,41.790646,-71.698678,0.0
2013-06-05,41.790646,-71.698678,0.0
2013-06-06,41.790646,-71.698678,2.070229485339707
2013-06-07,41.790646,-71.698678,69.98103225627592
2013-06-08,41.790646,-71.698678,11.947211455593484
2013-06-09,41.790646,-71.698678,0.0
2013-06-10,41.790646,-71.698678,12.65587770458085
2013-06-11,41.790646,-71.698678,39.66647852904737
2013-06-12,41.790646,-71.698678,0.0
2013-06-13,41.790646,-71.698678,9.518327749832006
2013-06-14,41.790646,-71.698678,22.75827819191168
2013-06-15,41.790646,-71.698678,0.0
2013-06-16,41.790646,-71.698678,0.42683130414760895
2013-06-17,41.790646,-71.698678,0.053658259651167536
2013-06-18,41.790646,-71.698678,22.719187067600174
2013-06-19,41.790646,-71.698678,10.929740905510851
2013-06-20,41.790646,-71.698678,0.0
2013-06-21,41.790646,-71.698678,0.0
2013-06-22,41.790646,-71.698678,0.0
2013-06-23,41.790646,-71.698678,0.0
2013-06-24,41.790646,-71.698678,0.009437242652461805
2013-06-25,41.790646,-71.698678,1.7334644450289804
2013-06-26,41.790646,-71.698678,4.868637349813153
2013-06-27,41.790646,-71.698678,0.16046404421581958
2013-06-28,41.790646,-71.698678,3.9670165526133028
2013-06-29,41.790646,-71.698678,1.6376642357034021
2013-06-30,41.790646,-71.698678,1.2945945062898392
2013-07-01,41.790646,-71.698678,3.0283612484049742
2013-07-02,41.790646,-71.698678,2.2657444052696385
2013-07-03,41.790646,-71.698678,2.0591257260090856
2013-07-04,41.790646,-71.698678,0.0
2013-07-05,41.790646,-71.698678,0.0
2013-07-06,41.790646,-71.698678,0.0
2013-07-07,41.790646,-71.698678,1.114276785524455
2013-07-08,41.790646,-71.698678,0.3916997324890801
2013-07-09,41.790646,-71.698678,2.2276480655818096
2013-07-10,41.790646,-71.698678,0.25446873367423617
2013-07-11,41.790646,-71.698678,10.550695092624535
2013-07-12,41.790646,-71.698678,0.29723689947132137
2013-07-13,41.790646,-71.698678,0.4503032297087569
2013-07-14,41.790646,-71.698678,0.026709298850227697
2013-07-15,41.790646,-71.698678,0.023021363898250574
2013-07-16,41.790646,-71.698678,0.0
2013-07-17,41.790646,-71.698678,0.0
2013-07-18,41.790646,-71.698678,0.02518619293321545
2013-07-19,41.790646,-71.698678,0.0
2013-07-20,41.790646,-71.698678,5.64971080237594
2013-07-21,41.790646,-71.698678,1.2020988163757769
2013-07-22,41.790646,-71.698678,0.382329127653003
2013-07-23,41.790646,-71.698678,16.438621965277353
2013-07-24,41.790646,-71.698678,0.47655403865223994
2013-07-25,41.790646,-71.698678,12.47973303245252
2013-07-26,41.790646,-71.698678,22.022515353724746
2013-07-27,41.790646,-71.698678,0.11727090232619433
2013-07-28,41.790646,-71.698678,0.40454893633123773
2013-07-29,41.790646,-71.698678,0.12152541575359294
2013-07-30,41.790646,-71.698678,0.0
2013-07-31,41.790646,-71.698678,0.0
2013-08-01,41.790646,-71.698678,2.8523617048018974
2013-08-02,41.790646,-71.698678,7.91739019708914
2013-08-03,41.790646,-71.698678,5.781618018532303
2013-08-04,41.790646,-71.698678,0.6596334366840039
2013-08-05,41.790646,-71.698678,0.0
2013-08-06,41.790646,-71.698678,0.0
2013-08-07,41.790646,-71.698678,0.0
2013-08-08,41.790646,-71.698678,1.1710414821092883
2013-08-09,41.790646,-71.698678,27.721349579681757
2013-08-10,41.790646,-71.698678,0.16168043162970258
2013-08-11,41.790646,-71.698678,0.0
2013-08-12,41.790646,-71.698678,0.0
2013-08-13,41.790646,-71.698678,9.82493522904683
2013-08-14,41.790646,-71.698678,0.20534850170628477
2013-08-15,41.790646,-71.698678,0.0
2013-08-16,41.790646,-71.698678,0.0
2013-08-17,41.790646,-71.698678,0.15715791020653205
2013-08-18,41.790646,-71.698678,4.323823971993263
2013-08-19,41.790646,-71.698678,2.0916022758394117
2013-08-20,41.790646,-71.698678,0.6802134082051611
2013-08-21,41.790646,-71.698678,0.0
2013-08-22,41.790646,-71.698678,6.285241179080661
2013-08-23,41.790646,-71.698678,0.2476192442893377
2013-08-24,41.790646,-71.698678,0.0
2013-08-25,41.790646,-71.698678,0.0
2013-08-26,41.790646,-71.698678,2.657724592584279
2013-08-27,41.790646,-71.698678,21.568915123949658
2013-08-28,41.790646,-71.698678,0.0020860657962109325
2013-08-29,41.790646,-71.698678,0.42147861155176136
2013-08-30,41.790646,-71.698678,0.0
2013-08-31,41.790646,-71.698678,1.0857747426162545
2013-09-01,41.790646,-71.698678,11.550475681234436
2013-09-02,41.790646,-71.698678,15.142213126768
2013-09-03,41.790646,-71.698678,8.544401011793198
2013-09-04,41.790646,-71.698678,0.006092424802851568
2013-09-05,41.790646,-71.698678,0.7095573099481165
2013-09-06,41.790646,-71.698678,0.09671150815407874
2013-09-07,41.790646,-71.698678,0.0019785341129372283
2013-09-08,41.790646,-71.698678,1.294533911884646
2013-09-09,41.790646,-71.698678,0.08903403471364457
2013-09-10,41.790646,-71.698678,0.5534043197396911
2013-09-11,41.790646,-71.698678,0.0
2013-09-12,41.790646,-71.698678,0.2191293325967086
2013-09-13,41.790646,-71.698678,16.85350725364092
2013-09-14,41.790646,-71.698678,0.0
2013-09-15,41.790646,-71.698678,0.0
2013-09-16,41.790646,-71.698678,3.0980388150601073
2013-09-17,41.790646,-71.698678,0.0
2013-09-18,41.790646,-71.698678,0.0
2013-09-19,41.790646,-71.698678,0.0
2013-09-20,41.790646,-71.698678,0.0
2013-09-21,41.790646,-71.698678,0.0
2013-09-22,41.790646,-71.698678,20.89252610841745
2013-09-23,41.790646,-71.698678,0.0
2013-09-24,41.790646,-71.698678,0.0
2013-09-25,41.790646,-71.698678,0.0
2013-09-26,41.790646,-71.698678,0.0
2013-09-27,41.790646,-71.698678,0.0
2013-09-28,41.790646,-71.698678,0.0
2013-09-29,41.790646,-71.698678,0.0
2013-09-30,41.790646,-71.698678,0.0
2013-10-01,41.790646,-71.698678,0.0
2013-10-02,41.790646,-71.698678,0.0
2013-10-03,41.790646,-71.698678,0.0
2013-10-04,41.790646,-71.698678,1.2417410395306578
2013-10-05,41.790646,-71.698678,1.90115959803091
2013-10-06,41.790646,-71.698678,3.823097366341948
2013-10-07,41.790646,-71.698678,0.1387233705910265
2013-10-08,41.790646,-71.698678,0.5221362639385501
2013-10-09,41.790646,-71.698678,0.03224349463559965
2013-10-10,41.790646,-71.698678,1.9069927180461321
2013-10-11,41.790646,-71.698678,0.0
2013-10-12,41.790646,-71.698678,0.33981636397028825
2013-10-13,41.790646,-71.698678,0.0
2013-10-14,41.790646,-71.698678,0.0
2013-10-15,41.790646,-71.698678,0.0
2013-10-16,41.790646,-71.698678,1.2564741557996721
2013-10-17,41.790646,-71.698678,0.8425258857913362
2013-10-18,41.790646,-71.698678,0.619710822231478
2013-10-19,41.790646,-71.698678,0.37162199038545896
2013-10-20,41.790646,-71.698678,1.4966311250749624
2013-10-21,41.790646,-71.698678,0.0
2013-10-22,41.790646,-71.698678,0.017570965721678086
2013-10-23,41.790646,-71.698678,1.6228151626560015
2013-10-24,41.790646,-71.698678,0.0
2013-10-25,41.790646,-71.698678,0.0
2013-10-26,41.790646,-71.698678,0.0
2013-10-27,41.790646,-71.698678,0.06447839105673779
2013-10-28,41.790646,-71.698678,0.0
2013-10-29,41.790646,-71.698678,0.0
2013-10-30,41.790646,-71.698678,1.1956919545557294
2013-10-31,41.790646,-71.698678,3.1324091107766767
2013-11-01,41.790646,-71.698678,14.638543979163385
2013-11-02,41.790646,-71.698678,0.4358238390936818
2013-11-03,41.790646,-71.698678,0.945222643053454
2013-11-04,41.790646,-71.698678,0.0
2013-11-05,41.790646,-71.698678,0.0
2013-11-06,41.790646,-71.698678,0.14570612394074456
2013-11-07,41.790646,-71.698678,19.02829065902993
2013-11-08,41.790646,-71.698678,0.0
2013-11-09,41.790646,-71.698678,0.04049796966990162
2013-11-10,41.790646,-71.698678,0.004946335098077718
2013-11-11,41.790646,-71.698678,0.0
2013-11-12,41.790646,-71.698678,7.6342063775064535
2013-11-13,41.790646,-71.698678,0.0
2013-11-14,41.790646,-71.698678,0.12112444493601149
2013-11-15,41.790646,-71.698678,0.0
2013-11-16,41.790646,-71.698678,0.0010430328981054662
2013-11-17,41.790646,-71.698678,0.042538485086538576
2013-11-18,41.790646,-71.698678,7.2528369810093105
2013-11-19,41.790646,-71.698678,0.0
2013-11-20,41.790646,-71.698678,0.0
2013-11-21,41.790646,-71.698678,0.0
2013-11-22,41.790646,-71.698678,3.9495579401378134
2013-11-23,41.790646,-71.698678,2.5859846292974806
2013-11-24,41.790646,-71.698678,0.003075332852679547
2013-11-25,41.790646,-71.698678,0.0
2013-11-26,41.790646,-71.698678,4.4288803933243015
2013-11-27,41.790646,-71.698678,55.658094262361715
2013-11-28,41.790646,-71.698678,0.352267981756671
2013-11-29,41.790646,-71.698678,0.0
2013-11-30,41.790646,-71.698678,0.0
2013-12-01,41.790646,-71.698678,0.0
2013-12-02,41.790646,-71.698678,0.0
2013-12-03,41.790646,-71.698678,0.061800632770916686
2013-12-04,41.790646,-71.698678,0.28628086487086557
2013-12-05,41.790646,-71.698678,0.5270748713414348
2013-12-06,41.790646,-71.698678,11.687099874621193
2013-12-07,41.790646,-71.698678,28.846017932925633
2013-12-08,41.790646,-71.698678,0.8381808544108249
2013-12-09,41.790646,-71.698678,0.11077832256063244
2013-12-10,41.790646,-71.698678,2.755258440749049
2013-12-11,41.790646,-71.698678,0.0625165965197158
2013-12-12,41.790646,-71.698678,0.0
2013-12-13,41.790646,-71.698678,0.008981612268760205
2013-12-14,41.790646,-71.698678,0.30379121589548586
2013-12-15,41.790646,-71.698678,10.439387818737986
2013-12-16,41.790646,-71.698678,0.0
2013-12-17,41.790646,-71.698678,3.46862239716544
2013-12-18,41.790646,-71.698678,0.5898579697470897
2013-12-19,41.790646,-71.698678,2.115139016802692
2013-12-20,41.790646,-71.698678,0.7368351316855815
2013-12-21,41.790646,-71.698678,0.42840363710741025
2013-12-22,41.790646,-71.698678,6.521175738448488
2013-12-23,41.790646,-71.698678,30.57224407067417
2013-12-24,41.790646,-71.698678,0.34381883506303795
2013-12-25,41.790646,-71.698678,0.15604762140165765
2013-12-26,41.790646,-71.698678,0.0
2013-12-27,41.790646,-71.698678,0.0
2013-12-28,41.790646,-71.698678,0.0
2013-12-29,41.790646,-71.698678,27.172165380842383
2013-12-30,41.790646,-71.698678,0.08198929952004777
2013-12-31,41.790646,-71.698678,0.0
2014-01-01,41.790646,-71.698678,0.0
2014-01-02,41.790646,-71.698678,0.8346107574907173
2014-01-03,41.790646,-71.698678,3.3559926998883105
2014-01-04,41.790646,-71.698678,0.10500000417232513
2014-01-05,41.790646,-71.698678,0.2185106283693789
2014-01-06,41.790646,-71.698678,6.428926765898762
2014-01-07,41.790646,-71.698678,0.09978940331833641
2014-01-08,41.790646,-71.698678,0.0
2014-01-09,41.790646,-71.698678,0.0
2014-01-10,41.790646,-71.698678,0.4229596645691751
2014-01-11,41.790646,-71.698678,23.799494447923163
2014-01-12,41.790646,-71.698678,13.979860946557876
2014-01-13,41.790646,-71.698678,0.07263862873876589
2014-01-14,41.790646,-71.698678,52.001536704026506
2014-01-15,41.790646,-71.698678,1.5611678411556744
2014-01-16,41.790646,-71.698678,0.22047008075537697
2014-01-17,41.790646,-71.698678,0.0
2014-01-18,41.790646,-71.698678,1.1301206500335754
2014-01-19,41.790646,-71.698678,0.0
2014-01-20,41.790646,-71.698678,0.0
2014-01-21,41.790646,-71.698678,0.021257844777546112
2014-01-22,41.790646,-71.698678,0.0892060211373209
2014-01-23,41.790646,-71.698678,0.0
2014-01-24,41.790646,-71.698678,0.0
2014-01-25,41.790646,-71.698678,0.6980049509475031
2014-01-26,41.790646,-71.698678,0.09430753392585099
2014-01-27,41.790646,-71.698678,0.40095131009012885
2014-01-28,41.790646,-71.698678,0.0010430328981054662
2014-01-29,41.790646,-71.698678,0.0
2014-01-30,41.790646,-71.698678,0.0
2014-01-31,41.790646,-71.698678,0.21604990266086088
2014-02-01,41.790646,-71.698678,0.0
2014-02-02,41.790646,-71.698678,0.2857345720487191
2014-02-03,41.790646,-71.698678,7.694702501628531
2014-02-04,41.790646,-71.698678,0.02190369222017494
2014-02-05,41.790646,-71.698678,29.119882387224884
2014-02-06,41.790646,-71.698678,0.0
2014-02-07,41.790646,-71.698678,1.0876906247367641
2014-02-08,41.790646,-71.698678,0.0
2014-02-09,41.790646,-71.698678,0.002967801169405842
2014-02-10,41.790646,-71.698678,0.9256751235816274
2014-02-11,41.790646,-71.698678,0.0
2014-02-12,41.790646,-71.698678,0.0
2014-02-13,41.790646,-71.698678,20.292533747542162
2014-02-14,41.790646,-71.698678,12.32534063699254
2014-02-15,41.790646,-71.698678,4.702761318836471
2014-02-16,41.790646,-71.698678,0.9460220276560325
2014-02-17,41.790646,-71.698678,0.0
2014-02-18,41.790646,-71.698678,0.31693618387561456
2014-02-19,41.790646,-71.698678,8.02242962236314
2014-02-20,41.790646,-71.698678,1.2335109317293091
2014-02-21,41.790646,-71.698678,12.275757852214648
2014-02-22,41.790646,-71.698678,0.0
2014-02-23,41.790646,-71.698678,0.014603164736537598
2014-02-24,41.790646,-71.698678,0.4165660324959608
2014-02-25,41.790646,-71.698678,0.0009892670564686141
2014-02-26,41.790646,-71.698678,0.0
2014-02-27,41.790646,-71.698678,0.0
2014-02-28,41.790646,-71.698678,0.0
2014-03-01,41.790646,-71.698678,0.0
2014-03-02,41.790646,-71.698678,0.4490122804895975
2014-03-03,41.790646,-71.698678,1.0608523167910024
2014-03-04,41.790646,-71.698678,0.16036727107816107
2014-03-05,41.790646,-71.698678,0.013559427481091041
2014-03-06,41.790646,-71.698678,0.0
2014-03-07,41.790646,-71.698678,0.0
2014-03-08,41.790646,-71.698678,0.0
2014-03-09,41.790646,-71.698678,0.2588554842448363
2014-03-10,41.790646,-71.698678,4.910144432817745
2014-03-11,41.790646,-71.698678,0.24593252047600916
2014-03-12,41.790646,-71.698678,3.2687498178113104
2014-03-13,41.790646,-71.698678,3.9942377055348204
2014-03-14,41.790646,-71.698678,0.0020860657962109325
2014-03-15,41.790646,-71.698678,1.235107580247779
2014-03-16,41.790646,-71.698678,0.0
2014-03-17,41.790646,-71.698678,7.268582470865196
2014-03-18,41.790646,-71.698678,0.0
2014-03-19,41.790646,-71.698678,0.0
2014-03-20,41.790646,-71.698678,6.599003354920095
2014-03-21,41.790646,-71.698678,0.0
2014-03-22,41.790646,-71.698678,0.20458306024624429
2014-03-23,41.790646,-71.698678,0.009138637204277354
2014-03-24,41.790646,-71.698678,0.11232991514753211
2014-03-25,41.790646,-71.698678,0.3787352345567676
2014-03-26,41.790646,-71.698678,2.1741801488336323
2014-03-27,41.790646,-71.698678,0.0
2014-03-28,41.790646,-71.698678,0.5067543919203386
2014-03-29,41.790646,-71.698678,24.091740257172013
2014-03-30,41.790646,-71.698678,95.59491298229067
2014-03-31,41.790646,-71.698678,0.17724921158118717
2014-04-01,41.790646,-71.698678,0.0
2014-04-02,41.790646,-71.698678,0.056622144725838014
2014-04-03,41.790646,-71.698678,0.0
2014-04-04,41.790646,-71.698678,0.05304178543377937
2014-04-05,41.790646,-71.698678,3.6695374184747367
2014-04-06,41.790646,-71.698678,0.0
2014-04-07,41.790646,-71.698678,1.189651059708157
2014-04-08,41.790646,-71.698678,11.450555328717243
2014-04-09,41.790646,-71.698678,0.0
2014-04-10,41.790646,-71.698678,0.0
2014-04-11,41.790646,-71.698678,0.13578105489991532
2014-04-12,41.790646,-71.698678,0.6727575323515929
2014-04-13,41.790646,-71.698678,0.09904528767391174
2014-04-14,41.790646,-71.698678,0.027118854962182082
2014-04-15,41.790646,-71.698678,19.35496800104459
2014-04-16,41.790646,-71.698678,27.200892315172347
2014-04-17,41.790646,-71.698678,0.0
2014-04-18,41.790646,-71.698678,0.0
2014-04-19,41.790646,-71.698678,1.2099653283947642
2014-04-20,41.790646,-71.698678,0.0
2014-04-21,41.790646,-71.698678,0.0
2014-04-22,41.790646,-71.698678,1.451683833268773
2014-04-23,41.790646,-71.698678,5.84111687212669
2014-04-24,41.790646,-71.698678,0.0
2014-04-25,41.790646,-71.698678,0.0
2014-04-26,41.790646,-71.698678,15.534186654955858
2014-04-27,41.790646,-71.698678,0.10630313133173298
2014-04-28,41.790646,-71.698678,0.0
2014-04-29,41.790646,-71.698678,0.6667355164816016
2014-04-30,41.790646,-71.698678,45.718847146115586
2014-05-01,41.790646,-71.698678,29.374500090383467
2014-05-02,41.790646,-71.698678,0.0
2014-05-03,41.790646,-71.698678,0.0
2014-05-04,41.790646,-71.698678,0.9934070939476778
2014-05-05,41.790646,-71.698678,0.0
2014-05-06,41.790646,-71.698678,0.0
2014-05-07,41.790646,-71.698678,0.23177937915057595
2014-05-08,41.790646,-71.698678,0.0
2014-05-09,41.790646,-71.698678,0.7008063886107424
2014-05-10,41.790646,-71.698678,4.804274341338574
2014-05-11,41.790646,-71.698678,7.259949646404981
2014-05-12,41.790646,-71.698678,0.0
2014-05-13,41.790646,-71.698678,0.0
2014-05-14,41.790646,-71.698678,0.0
2014-05-15,41.790646,-71.698678,0.0
2014-05-16,41.790646,-71.698678,0.2990444672699758
2014-05-17,41.790646,-71.698678,18.28692766889335
2014-05-18,41.790646,-71.698678,0.0
2014-05-19,41.790646,-71.698678,0.0
2014-05-20,41.790646,-71.698678,1.2835674022463244
2014-05-21,41.790646,-71.698678,0.0
2014-05-22,41.790646,-71.698678,8.975140023590535
2014-05-23,41.790646,-71.698678,0.23955663293325935
2014-05-24,41.790646,-71.698678,0.0
2014-05-25,41.790646,-71.698678,0.205572340634044
2014-05-26,41.790646,-71.698678,2.504288638996242
2014-05-27,41.790646,-71.698678,0.4603517073958686
2014-05-28,41.790646,-71.698678,0.6890932389153313
2014-05-29,41.790646,-71.698678,0.0
2014-05-30,41.790646,-71.698678,1.548662419403854
2014-05-31,41.790646,-71.698678,6.458232144607109
2014-06-01,41.790646,-71.698678,0.0
2014-06-02,41.790646,-71.698678,0.0
2014-06-03,41.790646,-71.698678,0.0
2014-06-04,41.790646,-71.698678,0.7712130657488019
2014-06-05,41.790646,-71.698678,10.703169482646011
2014-06-06,41.790646,-71.698678,0.0
2014-06-07,41.790646,-71.698678,0.0
2014-06-08,41.790646,-71.698678,0.01286047154982663
2014-06-09,41.790646,-71.698678,3.3216118122236415
2014-06-10,41.790646,-71.698678,1.3401936524188827
2014-06-11,41.790646,-71.698678,0.9163543368828904
2014-06-12,41.790646,-71.698678,0.2974856482138692
2014-06-13,41.790646,-71.698678,9.507048946304137
2014-06-14,41.790646,-71.698678,0.2626645579086835
2014-06-15,41.790646,-71.698678,0.0
2014-06-16,41.790646,-71.698678,0.0
2014-06-17,41.790646,-71.698678,0.023742409355246737
2014-06-18,41.790646,-71.698678,0.33373211040627165
2014-06-19,41.790646,-71.698678,11.325024980969832
2014-06-20,41.790646,-71.698678,0.0
2014-06-21,41.790646,-71.698678,0.0
2014-06-22,41.790646,-71.698678,0.0
2014-06-23,41.790646,-71.698678,0.0
2014-06-24,41.790646,-71.698678,0.0
2014-06-25,41.790646,-71.698678,0.09875059642007741
2014-06-26,41.790646,-71.698678,6.175494608967209
2014-06-27,41.790646,-71.698678,0.0
2014-06-28,41.790646,-71.698678,0.0
2014-06-29,41.790646,-71.698678,0.30943331861960677
2014-06-30,41.790646,-71.698678,0.016754168491542456
2014-07-01,41.790646,-71.698678,0.0
2014-07-02,41.790646,-71.698678,0.0
2014-07-03,41.790646,-71.698678,0.07169678402612126
2014-07-04,41.790646,-71.698678,60.313545749356116
2014-07-05,41.790646,-71.698678,3.8103878427576263
2014-07-06,41.790646,-71.698678,0.0
2014-07-07,41.790646,-71.698678,0.0
2014-07-08,41.790646,-71.698678,2.185250753595683
2014-07-09,41.790646,-71.698678,0.0
2014-07-10,41.790646,-71.698678,4.962427104429081
2014-07-11,41.790646,-71.698678,3.209229192973242
2014-07-12,41.790646,-71.698678,0.0
2014-07-13,41.790646,-71.698678,0.007615530719863817
2014-07-14,41.790646,-71.698678,4.66828396758548
2014-07-15,41.790646,-71.698678,13.991734434744028
2014-07-16,41.790646,-71.698678,19.276334733708865
2014-07-17,41.790646,-71.698678,3.3365521620028837
2014-07-18,41.790646,-71.698678,0.0
2014-07-19,41.790646,-71.698678,1.176216795348623
2014-07-20,41.790646,-71.698678,1.0938784038703078
2014-07-21,41.790646,-71.698678,0.0
2014-07-22,41.790646,-71.698678,0.0
2014-07-23,41.790646,-71.698678,0.0
2014-07-24,41.790646,-71.698678,3.2722002676236412
2014-07-25,41.790646,-71.698678,0.9072745018856071
2014-07-26,41.790646,-71.698678,0.014163383718640364
2014-07-27,41.790646,-71.698678,0.9611132345736985
2014-07-28,41.790646,-71.698678,4.6640011184797245
2014-07-29,41.790646,-71.698678,0.0
2014-07-30,41.790646,-71.698678,0.0
2014-07-31,41.790646,-71.698678,0.0
2014-08-01,41.790646,-71.698678,0.12806769899698894
2014-08-02,41.790646,-71.698678,35.18822639056202
2014-08-03,41.790646,-71.698678,4.552655233870386
2014-08-04,41.790646,-71.698678,0.0
2014-08-05,41.790646,-71.698678,0.0
2014-08-06,41.790646,-71.698678,0.22199687533384704
2014-08-07,41.790646,-71.698678,3.9874784795878746
2014-08-08,41.790646,-71.698678,0.0
2014-08-09,41.790646,-71.698678,0.0
2014-08-10,41.790646,-71.698678,0.0
2014-08-11,41.790646,-71.698678,0.20036256924423815
2014-08-12,41.790646,-71.698678,3.073458299063631
2014-08-13,41.790646,-71.698678,33.8759961837115
2014-08-14,41.790646,-71.698678,0.0
2014-08-15,41.790646,-71.698678,0.03462434716066684
2014-08-16,41.790646,-71.698678,0.15989493177250694
2014-08-17,41.790646,-71.698678,0.370899372224607
2014-08-18,41.790646,-71.698678,0.0
2014-08-19,41.790646,-71.698678,0.0
2014-08-20,41.790646,-71.698678,0.0
2014-08-21,41.790646,-71.698678,0.617966072171926
2014-08-22,41.790646,-71.698678,3.743128515909514
2014-08-23,41.790646,-71.698678,0.17857265594802763
2014-08-24,41.790646,-71.698678,0.0
2014-08-25,41.790646,-71.698678,0.0
2014-08-26,41.790646,-71.698678,0.0
2014-08-27,41.790646,-71.698678,0.0
2014-08-28,41.790646,-71.698678,0.02267452822675021
2014-08-29,41.790646,-71.698678,0.0
2014-08-30,41.790646,-71.698678,0.013236880999864588
2014-08-31,41.790646,-71.698678,5.430667781925056
2014-09-01,41.790646,-71.698678,4.599440643642958
2014-09-02,41.790646,-71.698678,0.004569318602138677
2014-09-03,41.790646,-71.698678,0.0
2014-09-04,41.790646,-71.698678,0.0
2014-09-05,41.790646,-71.698678,0.0
2014-09-06,41.790646,-71.698678,0.17216172460602647
2014-09-07,41.790646,-71.698678,3.3639145283408847
2014-09-08,41.790646,-71.698678,0.536152857562854
2014-09-09,41.790646,-71.698678,0.45180766952586615
2014-09-10,41.790646,-71.698678,0.0
2014-09-11,41.790646,-71.698678,0.01909386981944442
2014-09-12,41.790646,-71.698678,0.0
2014-09-13,41.790646,-71.698678,5.682301735410601
2014-09-14,41.790646,-71.698678,0.21735935166112003
2014-09-15,41.790646,-71.698678,0.0
2014-09-16,41.790646,-71.698678,0.0020860657962109325
2014-09-17,41.790646,-71.698678,0.0
2014-09-18,41.790646,-71.698678,0.0
2014-09-19,41.790646,-71.698678,0.0028891874659086373
2014-09-20,41.790646,-71.698678,0.0
2014-09-21,41.790646,-71.698678,0.4412852917368198
2014-09-22,41.790646,-71.698678,0.07616868776339834
2014-09-23,41.790646,-71.698678,0.0
2014-09-24,41.790646,-71.698678,0.0
2014-09-25,41.790646,-71.698678,3.760623925994053
2014-09-26,41.790646,-71.698678,7.6521984440010575
2014-09-27,41.790646,-71.698678,0.0
2014-09-28,41.790646,-71.698678,0.0
2014-09-29,41.790646,-71.698678,1.1988020405104198
2014-09-30,41.790646,-71.698678,6.27056239565809
2014-10-01,41.790646,-71.698678,12.059855180656456
2014-10-02,41.790646,-71.698678,6.944361117759875
2014-10-03,41.790646,-71.698678,0.0
2014-10-04,41.790646,-71.698678,4.475502638883041
2014-10-05,41.790646,-71.698678,0.0
2014-10-06,41.790646,-71.698678,0.0
2014-10-07,41.790646,-71.698678,0.5186989838523928
2014-10-08,41.790646,-71.698678,5.438532974518286
2014-10-09,41.790646,-71.698678,0.0
2014-10-10,41.790646,-71.698678,0.004333781198862956
2014-10-11,41.790646,-71.698678,24.374296807373977
2014-10-12,41.790646,-71.698678,0.0
2014-10-13,41.790646,-71.698678,0.0
2014-10-14,41.790646,-71.698678,0.0
2014-10-15,41.790646,-71.698678,0.0
2014-10-16,41.790646,-71.698678,30.755543586398392
2014-10-17,41.790646,-71.698678,3.3736349934520113
2014-10-18,41.790646,-71.698678,0.02190369222017494
2014-10-19,41.790646,-71.698678,0.0
2014-10-20,41.790646,-71.698678,0.0
2014-10-21,41.790646,-71.698678,0.8541254180668251
2014-10-22,41.790646,-71.698678,15.712662064444384
2014-10-23,41.790646,-71.698678,15.49512961666334
2014-10-24,41.790646,-71.698678,0.25772973313565034
2014-10-25,41.790646,-71.698678,0.001523106200712892
2014-10-26,41.790646,-71.698678,0.009280116296940673
2014-10-27,41.790646,-71.698678,0.0
2014-10-28,41.790646,-71.698678,0.006924868842484241
2014-10-29,41.790646,-71.698678,0.2691763361389744
2014-10-30,41.790646,-71.698678,0.3445001750484502
2014-10-31,41.790646,-71.698678,0.026708798383681776
2014-11-01,41.790646,-71.698678,6.206372853290544
2014-11-02,41.790646,-71.698678,2.6580868171891106
2014-11-03,41.790646,-71.698678,0.0
2014-11-04,41.790646,-71.698678,0.01163526260046968
2014-11-05,41.790646,-71.698678,0.06148955953512851
2014-11-06,41.790646,-71.698678,10.77149958937628
2014-11-07,41.790646,-71.698678,3.5686650504226654
2014-11-08,41.790646,-71.698678,0.0
2014-11-09,41.790646,-71.698678,0.24549682608967743
2014-11-10,41.790646,-71.698678,0.0
2014-11-11,41.790646,-71.698678,0.0
2014-11-12,41.790646,-71.698678,0.0
2014-11-13,41.790646,-71.698678,0.0966417274024231
2014-11-14,41.790646,-71.698678,3.220590764374565
2014-11-15,41.790646,-71.698678,0.0
2014-11-16,41.790646,-71.698678,0.004333781198862956
2014-11-17,41.790646,-71.698678,42.3211894471332
2014-11-18,41.790646,-71.698678,1.6904943904679943
2014-11-19,41.790646,-71.698678,0.0
2014-11-20,41.790646,-71.698678,0.0014445937329543186
2014-11-21,41.790646,-71.698678,0.0
2014-11-22,41.790646,-71.698678,0.0
2014-11-23,41.790646,-71.698678,0.052288662259067406
2014-11-24,41.790646,-71.698678,13.688288330833657
2014-11-25,41.790646,-71.698678,0.4734583865281332
2014-11-26,41.790646,-71.698678,59.89310378583357
2014-11-27,41.790646,-71.698678,3.228115159767414
2014-11-28,41.790646,-71.698678,0.0
2014-11-29,41.790646,-71.698678,0.0
2014-11-30,41.790646,-71.698678,0.0014445937329543186
2014-12-01,41.790646,-71.698678,0.8038922235225234
2014-12-02,41.790646,-71.698678,1.5910134173242525
2014-12-03,41.790646,-71.698678,5.874845845505562
2014-12-04,41.790646,-71.698678,0.0014445937329543186
2014-12-05,41.790646,-71.698678,0.38052916510932133
2014-12-06,41.790646,-71.698678,18.03211331918357
2014-12-07,41.790646,-71.698678,22.571651634983105
2014-12-08,41.790646,-71.698678,0.0
2014-12-09,41.790646,-71.698678,72.44107418865079
2014-12-10,41.790646,-71.698678,0.4881673326923037
2014-12-11,41.790646,-71.698678,0.3844218199828301
2014-12-12,41.790646,-71.698678,0.0
2014-12-13,41.790646,-71.698678,0.0
2014-12-14,41.790646,-71.698678,0.0
2014-12-15,41.790646,-71.698678,0.0
2014-12-16,41.790646,-71.698678,0.0
2014-12-17,41.790646,-71.698678,9.182716712788297
2014-12-18,41.790646,-71.698678,0.0
2014-12-19,41.790646,-71.698678,0.0
2014-12-20,41.790646,-71.698678,0.0
2014-12-21,41.790646,-71.698678,0.0
2014-12-22,41.790646,-71.698678,0.0
2014-12-23,41.790646,-71.698678,0.5508206128569992
2014-12-24,41.790646,-71.698678,16.94355363306521
2014-12-25,41.790646,-71.698678,24.081572856207057
2014-12-26,41.790646,-71.698678,0.024369699211406273
2014-12-27,41.790646,-71.698678,0.0
2014-12-28,41.790646,-71.698678,5.5275389923145415
2014-12-29,41.790646,-71.698678,1.079643501516059
2014-12-30,41.790646,-71.698678,0.0
2014-12-31,41.790646,-71.698678,0.0
2015-01-01,41.790646,-71.698678,0.11117672847003429
2015-01-02,41.790646,-71.698678,0.0
2015-01-03,41.790646,-71.698678,2.28922195310223
2015-01-04,41.790646,-71.698678,28.62226062058626
2015-01-05,41.790646,-71.698678,5.068493703885451
2015-01-06,41.790646,-71.698678,0.6899928072002132
2015-01-07,41.790646,-71.698678,0.0
2015-01-08,41.790646,-71.698678,0.0
2015-01-09,41.790646,-71.698678,0.5016529036190059
2015-01-10,41.790646,-71.698678,0.0
2015-01-11,41.790646,-71.698678,0.0
2015-01-12,41.790646,-71.698678,15.748584609559336
2015-01-13,41.790646,-71.698678,3.945314428496303
2015-01-14,41.790646,-71.698678,0.0
2015-01-15,41.790646,-71.698678,0.2349200859994232
2015-01-16,41.790646,-71.698678,0.21949963180482848
2015-01-17,41.790646,-71.698678,0.0
2015-01-18,41.790646,-71.698678,1.75510632032797
2015-01-19,41.790646,-71.698678,15.833429640673213
2015-01-20,41.790646,-71.698678,0.020773900088447678
2015-01-21,41.790646,-71.698678,0.0
2015-01-22,41.790646,-71.698678,0.03561361329580869
2015-01-23,41.790646,-71.698678,0.0
2015-01-24,41.790646,-71.698678,18.598626853078848
2015-01-25,41.790646,-71.698678,0.28964544403978654
2015-01-26,41.790646,-71.698678,2.6150648196250375
2015-01-27,41.790646,-71.698678,27.535531654292015
2015-01-28,41.790646,-71.698678,0.09909601207716828
2015-01-29,41.790646,-71.698678,0.0
2015-01-30,41.790646,-71.698678,4.259845813489136
2015-01-31,41.790646,-71.698678,0.0
2015-02-01,41.790646,-71.698678,0.0
2015-02-02,41.790646,-71.698678,16.3868287972398
2015-02-03,41.790646,-71.698678,0.0
2015-02-04,41.790646,-71.698678,0.0
2015-02-05,41.790646,-71.698678,0.2876776422058104
2015-02-06,41.790646,-71.698678,0.0
2015-02-07,41.790646,-71.698678,0.25331050197190624
2015-02-08,41.790646,-71.698678,5.811792678726576
2015-02-09,41.790646,-71.698678,7.256181646923368
2015-02-10,41.790646,-71.698678,0.17865011572874637
2015-02-11,41.790646,-71.698678,0.0077569090447545015
2015-02-12,41.790646,-71.698678,0.0
2015-02-13,41.790646,-71.698678,0.0
2015-02-14,41.790646,-71.698678,0.9294869908162032
2015-02-15,41.790646,-71.698678,0.25186537337554143
2015-02-16,41.790646,-71.698678,0.0
2015-02-17,41.790646,-71.698678,0.10899763247989513
2015-02-18,41.790646,-71.698678,0.048922415195068174
2015-02-19,41.790646,-71.698678,0.0
2015-02-20,41.790646,-71.698678,0.0
2015-02-21,41.790646,-71.698678,5.0602755664720425
2015-02-22,41.790646,-71.698678,22.14917677315081
2015-02-23,41.790646,-71.698678,0.0009892670564686141
2015-02-24,41.790646,-71.698678,0.0
2015-02-25,41.790646,-71.698678,0.09094113831266594
2015-02-26,41.790646,-71.698678,0.5056223321827955
2015-02-27,41.790646,-71.698678,0.0
2015-02-28,41.790646,-71.698678,0.0
2015-03-01,41.790646,-71.698678,3.2973247782095685
2015-03-02,41.790646,-71.698678,2.2822966880518734
2015-03-03,41.790646,-71.698678,1.3988458751107828
2015-03-04,41.790646,-71.698678,18.03587695293755
2015-03-05,41.790646,-71.698678,24.612477890223655
2015-03-06,41.790646,-71.698678,0.3691494470538033
2015-03-07,41.790646,-71.698678,0.010724710029894991
2015-03-08,41.790646,-71.698678,0.0
2015-03-09,41.790646,-71.698678,0.0
2015-03-10,41.790646,-71.698678,0.8162740983334629
2015-03-11,41.790646,-71.698678,5.864983704675225
2015-03-12,41.790646,-71.698678,0.0
2015-03-13,41.790646,-71.698678,0.0010430328981054662
2015-03-14,41.790646,-71.698678,19.98564882793456
2015-03-15,41.790646,-71.698678,2.3285201856614095
2015-03-16,41.790646,-71.698678,0.02189081946892926
2015-03-17,41.790646,-71.698678,3.5396286310335983
2015-03-18,41.790646,-71.698678,0.0020860657962109325
2015-03-19,41.790646,-71.698678,0.0
2015-03-20,41.790646,-71.698678,2.0215847076231706
2015-03-21,41.790646,-71.698678,0.9981706750169962
2015-03-22,41.790646,-71.698678,0.014445936791390071
2015-03-23,41.790646,-71.698678,0.0
2015-03-24,41.790646,-71.698678,0.0
2015-03-25,41.790646,-71.698678,0.6321187651892876
2015-03-26,41.790646,-71.698678,3.003706042693666
2015-03-27,41.790646,-71.698678,5.281486454974793
2015-03-28,41.790646,-71.698678,0.372212147315611
2015-03-29,41.790646,-71.698678,0.0
2015-03-30,41.790646,-71.698678,0.39462774431313496
2015-03-31,41.790646,-71.698678,0.12719507321056547
2015-04-01,41.790646,-71.698678,0.0
2015-04-02,41.790646,-71.698678,0.03960076065113391
2015-04-03,41.790646,-71.698678,14.944014336723663
2015-04-04,41.790646,-71.698678,3.8892658584411084
2015-04-05,41.790646,-71.698678,0.12426813804248565
2015-04-06,41.790646,-71.698678,0.614708739516909
2015-04-07,41.790646,-71.698678,3.6635868443384294
2015-04-08,41.790646,-71.698678,0.21306708952965453
2015-04-09,41.790646,-71.698678,6.398401640508039
2015-04-10,41.790646,-71.698678,8.797146353389161
2015-04-11,41.790646,-71.698678,0.6802126478431371
2015-04-12,41.790646,-71.698678,0.0
2015-04-13,41.790646,-71.698678,0.0
2015-04-14,41.790646,-71.698678,1.830025077518162
2015-04-15,41.790646,-71.698678,0.12078974226944549
2015-04-16,41.790646,-71.698678,0.0
2015-04-17,41.790646,-71.698678,9.706853068228241
2015-04-18,41.790646,-71.698678,0.0
2015-04-19,41.790646,-71.698678,0.0
2015-04-20,41.790646,-71.698678,11.76052490882778
2015-04-21,41.790646,-71.698678,5.062849191417315
2015-04-22,41.790646,-71.698678,1.7477580982763974
2015-04-23,41.790646,-71.698678,1.6355215688632296
2015-04-24,41.790646,-71.698678,0.0
2015-04-25,41.790646,-71.698678,0.0
2015-04-26,41.790646,-71.698678,0.0
2015-04-27,41.790646,-71.698678,0.018779718259329586
2015-04-28,41.790646,-71.698678,0.0
2015-04-29,41.790646,-71.698678,0.029172636280980047
2015-04-30,41.790646,-71.698678,0.0
2015-05-01,41.790646,-71.698678,0.0
2015-05-02,41.790646,-71.698678,0.0
2015-05-03,41.790646,-71.698678,0.0
2015-05-04,41.790646,-71.698678,0.0
2015-05-05,41.790646,-71.698678,0.13290427819494055
2015-05-06,41.790646,-71.698678,0.6997828168604271
2015-05-07,41.790646,-71.698678,0.0
2015-05-08,41.790646,-71.698678,0.0
2015-05-09,41.790646,-71.698678,0.0
2015-05-10,41.790646,-71.698678,0.0
2015-05-11,41.790646,-71.698678,0.0
2015-05-12,41.790646,-71.698678,0.015210891493351152
2015-05-13,41.790646,-71.698678,0.0
2015-05-14,41.790646,-71.698678,0.0
2015-05-15,41.790646,-71.698678,0.22434141093160143
2015-05-16,41.790646,-71.698678,0.09201444861244984
2015-05-17,41.790646,-71.698678,2.3376218728254052
2015-05-18,41.790646,-71.698678,0.0
2015-05-19,41.790646,-71.698678,6.608318173635655
2015-05-20,41.790646,-71.698678,18.378580645996077
2015-05-21,41.790646,-71.698678,0.0
2015-05-22,41.790646,-71.698678,0.5670499766318329
2015-05-23,41.790646,-71.698678,0.0
2015-05-24,41.790646,-71.698678,0.0
2015-05-25,41.790646,-71.698678,0.06385767866624723
2015-05-26,41.790646,-71.698678,0.15708937665196476
2015-05-27,41.790646,-71.698678,0.03227256396862879
2015-05-28,41.790646,-71.698678,0.15917127109331253
2015-05-29,41.790646,-71.698678,0.020774609475698366
2015-05-30,41.790646,-71.698678,0.0
2015-05-31,41.790646,-71.698678,25.896078481710326
2015-06-01,41.790646,-71.698678,8.44247833124442
2015-06-02,41.790646,-71.698678,13.693562029401969
2015-06-03,41.790646,-71.698678,0.007301582368268799
2015-06-04,41.790646,-71.698678,0.0
2015-06-05,41.790646,-71.698678,0.6771653877596989
2015-06-06,41.790646,-71.698678,0.024064145666863497
2015-06-07,41.790646,-71.698678,0.0
2015-06-08,41.790646,-71.698678,0.9607093895323033
2015-06-09,41.790646,-71.698678,0.558405583829407
2015-06-10,41.790646,-71.698678,0.0
2015-06-11,41.790646,-71.698678,0.5637772171220745
2015-06-12,41.790646,-71.698678,0.2966956511755888
2015-06-13,41.790646,-71.698678,0.054721867284382664
2015-06-14,41.790646,-71.698678,0.004569318602138677
2015-06-15,41.790646,-71.698678,34.39083482182344
2015-06-16,41.790646,-71.698678,0.5581878470656265
2015-06-17,41.790646,-71.698678,1.3298487528195226
2015-06-18,41.790646,-71.698678,0.018525933092946527
2015-06-19,41.790646,-71.698678,0.28502690648545925
2015-06-20,41.790646,-71.698678,0.0
2015-06-21,41.790646,-71.698678,17.220332818214725
2015-06-22,41.790646,-71.698678,0.0
2015-06-23,41.790646,-71.698678,8.328886370382639
2015-06-24,41.790646,-71.698678,1.707473852872478
2015-06-25,41.790646,-71.698678,0.9409334302278034
2015-06-26,41.790646,-71.698678,0.6206051139569555
2015-06-27,41.790646,-71.698678,7.262578951007297
2015-06-28,41.790646,-71.698678,33.00251551628375
2015-06-29,41.790646,-71.698678,0.0
2015-06-30,41.790646,-71.698678,0.0
2015-07-01,41.790646,-71.698678,10.985474619836367
2015-07-02,41.790646,-71.698678,0.0
2015-07-03,41.790646,-71.698678,4.219426048824523
2015-07-04,41.790646,-71.698678,0.8109155104608861
2015-07-05,41.790646,-71.698678,0.0
2015-07-06,41.790646,-71.698678,0.0
2015-07-07,41.790646,-71.698678,0.0
2015-07-08,41.790646,-71.698678,4.4146550994448965
2015-07-09,41.790646,-71.698678,0.19997526846920968
2015-07-10,41.790646,-71.698678,5.146285495413095
2015-07-11,41.790646,-71.698678,0.0
2015-07-12,41.790646,-71.698678,0.0
2015-07-13,41.790646,-71.698678,0.2872945227889045
2015-07-14,41.790646,-71.698678,3.1718175495447993
2015-07-15,41.790646,-71.698678,5.5339024938945744
2015-07-16,41.790646,-71.698678,0.13001096111885613
2015-07-17,41.790646,-71.698678,0.0
2015-07-18,41.790646,-71.698678,1.426493997728205
2015-07-19,41.790646,-71.698678,0.2007116946834095
2015-07-20,41.790646,-71.698678,2.165346972950846
2015-07-21,41.790646,-71.698678,1.3021915175587433
2015-07-22,41.790646,-71.698678,5.706821941475802
2015-07-23,41.790646,-71.698678,0.0
2015-07-24,41.790646,-71.698678,8.011753198327945
2015-07-25,41.790646,-71.698678,0.2763170733495694
2015-07-26,41.790646,-71.698678,0.8874994790978024
2015-07-27,41.790646,-71.698678,7.209010967902023
2015-07-28,41.790646,-71.698678,0.0
2015-07-29,41.790646,-71.698678,0.0
2015-07-30,41.790646,-71.698678,8.361518013989437
2015-07-31,41.790646,-71.698678,1.5211084237161376
2015-08-01,41.790646,-71.698678,0.31203223124984564
2015-08-02,41.790646,-71.698678,0.0
2015-08-03,41.790646,-71.698678,0.0
2015-08-04,41.790646,-71.698678,22.801105375363857
2015-08-05,41.790646,-71.698678,0.0
2015-08-06,41.790646,-71.698678,0.002967801169405842
2015-08-07,41.790646,-71.698678,0.0
2015-08-08,41.790646,-71.698678,0.0
2015-08-09,41.790646,-71.698678,0.22909138260693115
2015-08-10,41.790646,-71.698678,0.0
2015-08-11,41.790646,-71.698678,39.97808504485514
2015-08-12,41.790646,-71.698678,0.2515641206265842
2015-08-13,41.790646,-71.698678,0.0
2015-08-14,41.790646,-71.698678,0.0
2015-08-15,41.790646,-71.698678,0.0
2015-08-16,41.790646,-71.698678,8.497244793026775
2015-08-17,41.790646,-71.698678,0.0
2015-08-18,41.790646,-71.698678,0.0
2015-08-19,41.790646,-71.698678,0.0
2015-08-20,41.790646,-71.698678,0.0
2015-08-21,41.790646,-71.698678,0.9967056820955218
2015-08-22,41.790646,-71.698678,0.0
2015-08-23,41.790646,-71.698678,0.06294979779630282
2015-08-24,41.790646,-71.698678,0.0
2015-08-25,41.790646,-71.698678,0.0
2015-08-26,41.790646,-71.698678,0.0009892670564686141
2015-08-27,41.790646,-71.698678,0.0
2015-08-28,41.790646,-71.698678,0.0
2015-08-29,41.790646,-71.698678,0.0
2015-08-30,41.790646,-71.698678,0.020224312799513578
2015-08-31,41.790646,-71.698678,0.565322436396354
2015-09-01,41.790646,-71.698678,0.0
2015-09-02,41.790646,-71.698678,0.0
2015-09-03,41.790646,-71.698678,0.0
2015-09-04,41.790646,-71.698678,0.2679111542012377
2015-09-05,41.790646,-71.698678,0.0
2015-09-06,41.790646,-71.698678,0.0
2015-09-07,41.790646,-71.698678,0.0
2015-09-08,41.790646,-71.698678,0.0
2015-09-09,41.790646,-71.698678,0.0
2015-09-10,41.790646,-71.698678,23.617694280196485
2015-09-11,41.790646,-71.698678,13.721125927488032
2015-09-12,41.790646,-71.698678,0.007301582368268799
2015-09-13,41.790646,-71.698678,16.402631566914252
2015-09-14,41.790646,-71.698678,0.0019785341129372283
2015-09-15,41.790646,-71.698678,0.0
2015-09-16,41.790646,-71.698678,0.0
2015-09-17,41.790646,-71.698678,0.0
2015-09-18,41.790646,-71.698678,0.0
2015-09-19,41.790646,-71.698678,0.0
2015-09-20,41.790646,-71.698678,0.0
2015-09-21,41.790646,-71.698678,0.0
2015-09-22,41.790646,-71.698678,0.8003901369798595
2015-09-23,41.790646,-71.698678,0.007164578152210797
2015-09-24,41.790646,-71.698678,0.0
2015-09-25,41.790646,-71.698678,0.0
2015-09-26,41.790646,-71.698678,0.0
2015-09-27,41.790646,-71.698678,0.0
2015-09-28,41.790646,-71.698678,0.0
2015-09-29,41.790646,-71.698678,0.019172280583498364
2015-09-30,41.790646,-71.698678,58.44482089065438
2015-10-01,41.790646,-71.698678,1.8509360433706883
2015-10-02,41.790646,-71.698678,30.151904515447615
2015-10-03,41.790646,-71.698678,4.828013871369767
2015-10-04,41.790646,-71.698678,0.0
2015-10-05,41.790646,-71.698678,0.0019785341129372283
2015-10-06,41.790646,-71.698678,0.0
2015-10-07,41.790646,-71.698678,0.003046212401425784
2015-10-08,41.790646,-71.698678,0.027118854962182082
2015-10-09,41.790646,-71.698678,4.393238964686359
2015-10-10,41.790646,-71.698678,0.5029955743102689
2015-10-11,41.790646,-71.698678,0.0
2015-10-12,41.790646,-71.698678,0.0
2015-10-13,41.790646,-71.698678,5.56261646595134
2015-10-14,41.790646,-71.698678,0.015231061439727633
2015-10-15,41.790646,-71.698678,0.0
2015-10-16,41.790646,-71.698678,0.014892770583073948
2015-10-17,41.790646,-71.698678,0.0
2015-10-18,41.790646,-71.698678,0.0
2015-10-19,41.790646,-71.698678,0.0
2015-10-20,41.790646,-71.698678,0.004118365750785013
2015-10-21,41.790646,-71.698678,0.5265664688327378
2015-10-22,41.790646,-71.698678,0.09162883171908805
2015-10-23,41.790646,-71.698678,0.010181670296662839
2015-10-24,41.790646,-71.698678,0.0
2015-10-25,41.790646,-71.698678,4.377442689965646
2015-10-26,41.790646,-71.698678,0.0
2015-10-27,41.790646,-71.698678,0.004333781198862956
2015-10-28,41.790646,-71.698678,6.506200217431771
2015-10-29,41.790646,-71.698678,13.681169760857392
2015-10-30,41.790646,-71.698678,0.0
2015-10-31,41.790646,-71.698678,0.0
2015-11-01,41.790646,-71.698678,5.788675037869209
2015-11-02,41.790646,-71.698678,0.0
2015-11-03,41.790646,-71.698678,0.0
2015-11-04,41.790646,-71.698678,0.0
2015-11-05,41.790646,-71.698678,0.0
2015-11-06,41.790646,-71.698678,0.0
2015-11-07,41.790646,-71.698678,0.0941420048202698
2015-11-08,41.790646,-71.698678,0.01978483421363657
2015-11-09,41.790646,-71.698678,0.0
2015-11-10,41.790646,-71.698678,17.54806155547208
2015-11-11,41.790646,-71.698678,1.954082317639045
2015-11-12,41.790646,-71.698678,2.0530402229663434
2015-11-13,41.790646,-71.698678,0.029676998231117704
2015-11-14,41.790646,-71.698678,0.0
2015-11-15,41.790646,-71.698678,0.0
2015-11-16,41.790646,-71.698678,0.0
2015-11-17,41.790646,-71.698678,0.0
2015-11-18,41.790646,-71.698678,0.0
2015-11-19,41.790646,-71.698678,0.770150069355886
2015-11-20,41.790646,-71.698678,22.710901144623513
2015-11-21,41.790646,-71.698678,0.0
2015-11-22,41.790646,-71.698678,17.668400874955385
2015-11-23,41.790646,-71.698678,10.556755477507199
2015-11-24,41.790646,-71.698678,0.0
2015-11-25,41.790646,-71.698678,0.0
2015-11-26,41.790646,-71.698678,0.0
2015-11-27,41.790646,-71.698678,0.0
2015-11-28,41.790646,-71.698678,4.56287822988603
2015-11-29,41.790646,-71.698678,0.0
2015-11-30,41.790646,-71.698678,0.0
2015-12-01,41.790646,-71.698678,8.379296282851506
2015-12-02,41.790646,-71.698678,8.398210826267338
2015-12-03,41.790646,-71.698678,2.5230274863893625
2015-12-04,41.790646,-71.698678,0.0
2015-12-05,41.790646,-71.698678,0.0
2015-12-06,41.790646,-71.698678,0.0
2015-12-07,41.790646,-71.698678,0.004946335098077718
2015-12-08,41.790646,-71.698678,0.03600496039337273
2015-12-09,41.790646,-71.698678,0.0
2015-12-10,41.790646,-71.698678,0.0
2015-12-11,41.790646,-71.698678,0.0
2015-12-12,41.790646,-71.698678,0.010352067090011435
2015-12-13,41.790646,-71.698678,0.25575815705039995
2015-12-14,41.790646,-71.698678,0.019800380325566955
2015-12-15,41.790646,-71.698678,8.721948372123878
2015-12-16,41.790646,-71.698678,0.0
2015-12-17,41.790646,-71.698678,30.155253784019294
2015-12-18,41.790646,-71.698678,2.3604257639476085
2015-12-19,41.790646,-71.698678,0.0
2015-12-20,41.790646,-71.698678,0.0
2015-12-21,41.790646,-71.698678,1.476079258370024
2015-12-22,41.790646,-71.698678,10.015036444734122
2015-12-23,41.790646,-71.698678,13.925450068376463
2015-12-24,41.790646,-71.698678,33.163634506703026
2015-12-25,41.790646,-71.698678,1.7290801601626946
2015-12-26,41.790646,-71.698678,1.7825753618438274
2015-12-27,41.790646,-71.698678,5.139875951289569
2015-12-28,41.790646,-71.698678,2.4964332904863484
2015-12-29,41.790646,-71.698678,27.973264025489723
2015-12-30,41.790646,-71.698678,0.0
2015-12-31,41.790646,-71.698678,8.834483695389247
2016-01-01,41.790646,-71.698678,0.1793128349263406
2016-01-02,41.790646,-71.698678,0.0
2016-01-03,41.790646,-71.698678,0.0
2016-01-04,41.790646,-71.698678,0.0
2016-01-05,41.790646,-71.698678,0.0
2016-01-06,41.790646,-71.698678,0.0
2016-01-07,41.790646,-71.698678,0.0
2016-01-08,41.790646,-71.698678,0.0
2016-01-09,41.790646,-71.698678,0.0
2016-01-10,41.790646,-71.698678,59.280328577755185
2016-01-11,41.790646,-71.698678,0.0
2016-01-12,41.790646,-71.698678,1.297416889185161
2016-01-13,41.790646,-71.698678,0.0
2016-01-14,41.790646,-71.698678,0.0
2016-01-15,41.790646,-71.698678,0.003046212401425784
2016-01-16,41.790646,-71.698678,34.19052017864908
2016-01-17,41.790646,-71.698678,1.583640276297569
2016-01-18,41.790646,-71.698678,0.08761898660585794
2016-01-19,41.790646,-71.698678,0.0
2016-01-20,41.790646,-71.698678,0.0
2016-01-21,41.790646,-71.698678,0.0
2016-01-22,41.790646,-71.698678,0.0
2016-01-23,41.790646,-71.698678,8.071740835658726
2016-01-24,41.790646,-71.698678,0.8729115735162172
2016-01-25,41.790646,-71.698678,0.0
2016-01-26,41.790646,-71.698678,0.08213475052619393
2016-01-27,41.790646,-71.698678,0.09710152909426883
2016-01-28,41.790646,-71.698678,0.0
2016-01-29,41.790646,-71.698678,0.0
2016-01-30,41.790646,-71.698678,0.0
2016-01-31,41.790646,-71.698678,0.02473167696451141
2016-02-01,41.790646,-71.698678,0.46071927813738706
2016-02-02,41.790646,-71.698678,0.0
2016-02-03,41.790646,-71.698678,12.437140010469937
2016-02-04,41.790646,-71.698678,19.223918960675906
2016-02-05,41.790646,-71.698678,53.39185627036158
2016-02-06,41.790646,-71.698678,0.0
2016-02-07,41.790646,-71.698678,0.0
2016-02-08,41.790646,-71.698678,13.256711314635249
2016-02-09,41.790646,-71.698678,0.1312607286707152
2016-02-10,41.790646,-71.698678,0.0
2016-02-11,41.790646,-71.698678,0.0019785341129372283
2016-02-12,41.790646,-71.698678,0.0
2016-02-13,41.790646,-71.698678,0.0
2016-02-14,41.790646,-71.698678,0.0
2016-02-15,41.790646,-71.698678,0.4814295216625666
2016-02-16,41.790646,-71.698678,24.650739335774595
2016-02-17,41.790646,-71.698678,0.0
2016-02-18,41.790646,-71.698678,0.0
2016-02-19,41.790646,-71.698678,0.0
2016-02-20,41.790646,-71.698678,0.21380723946908325
2016-02-21,41.790646,-71.698678,0.0
2016-02-22,41.790646,-71.698678,0.12617836258495846
2016-02-23,41.790646,-71.698678,0.8164949243904854
2016-02-24,41.790646,-71.698678,7.187714977820737
2016-02-25,41.790646,-71.698678,25.26479618612785
2016-02-26,41.790646,-71.698678,0.0
2016-02-27,41.790646,-71.698678,0.0
2016-02-28,41.790646,-71.698678,0.013707955522715386
2016-02-29,41.790646,-71.698678,2.3623580175612346
2016-03-01,41.790646,-71.698678,0.0
2016-03-02,41.790646,-71.698678,12.919953253886987
2016-03-03,41.790646,-71.698678,0.0
2016-03-04,41.790646,-71.698678,0.15697650756787732
2016-03-05,41.790646,-71.698678,0.0
2016-03-06,41.790646,-71.698678,0.0
2016-03-07,41.790646,-71.698678,0.021849924241457853
2016-03-08,41.790646,-71.698678,0.04470551633647139
2016-03-09,41.790646,-71.698678,0.012106337421645208
2016-03-10,41.790646,-71.698678,4.00366916658794
2016-03-11,41.790646,-71.698678,10.421626983883005
2016-03-12,41.790646,-71.698678,0.0
2016-03-13,41.790646,-71.698678,0.001523106200712892
2016-03-14,41.790646,-71.698678,14.244649989616894
2016-03-15,41.790646,-71.698678,1.4869914106056272
2016-03-16,41.790646,-71.698678,0.0
2016-03-17,41.790646,-71.698678,9.982373278202244
2016-03-18,41.790646,-71.698678,0.029109516694548795
2016-03-19,41.790646,-71.698678,0.0
2016-03-20,41.790646,-71.698678,0.0
2016-03-21,41.790646,-71.698678,1.5514049608238822
2016-03-22,41.790646,-71.698678,0.0
2016-03-23,41.790646,-71.698678,6.393572711530718
2016-03-24,41.790646,-71.698678,0.0
2016-03-25,41.790646,-71.698678,0.9307222153669965
2016-03-26,41.790646,-71.698678,0.0
2016-03-27,41.790646,-71.698678,0.0
2016-03-28,41.790646,-71.698678,22.187894073509536
2016-03-29,41.790646,-71.698678,0.019800380325566955
2016-03-30,41.790646,-71.698678,0.0
2016-03-31,41.790646,-71.698678,0.0
2016-04-01,41.790646,-71.698678,1.6018731942568833
2016-04-02,41.790646,-71.698678,12.053993219637357
2016-04-03,41.790646,-71.698678,3.894882428753556
2016-04-04,41.790646,-71.698678,1.9822063036233677
2016-04-05,41.790646,-71.698678,0.0
2016-04-06,41.790646,-71.698678,0.024495131158192004
2016-04-07,41.790646,-71.698678,34.08122660641829
2016-04-08,41.790646,-71.698678,0.09128813085650296
2016-04-09,41.790646,-71.698678,0.0
2016-04-10,41.790646,-71.698678,0.0020860657962109325
2016-04-11,41.790646,-71.698678,0.06772291459895495
2016-04-12,41.790646,-71.698678,7.793754869437424
2016-04-13,41.790646,-71.698678,0.0
2016-04-14,41.790646,-71.698678,0.025814292944360592
2016-04-15,41.790646,-71.698678,0.0
2016-04-16,41.790646,-71.698678,0.0
2016-04-17,41.790646,-71.698678,0.0
2016-04-18,41.790646,-71.698678,0.0
2016-04-19,41.790646,-71.698678,0.60469769626659
2016-04-20,41.790646,-71.698678,0.0
2016-04-21,41.790646,-71.698678,0.0
2016-04-22,41.790646,-71.698678,0.2584738598622109
2016-04-23,41.790646,-71.698678,13.817138240750253
2016-04-24,41.790646,-71.698678,0.0
2016-04-25,41.790646,-71.698678,0.014519574863425975
2016-04-26,41.790646,-71.698678,4.7463020641046905
2016-04-27,41.790646,-71.698678,0.004172131592421865
2016-04-28,41.790646,-71.698678,0.10196960014299876
2016-04-29,41.790646,-71.698678,2.5663769959189264
2016-04-30,41.790646,-71.698678,0.1669807506725166
2016-05-01,41.790646,-71.698678,1.9553701419590028
2016-05-02,41.790646,-71.698678,2.050418078039717
2016-05-03,41.790646,-71.698678,11.575023159457958
2016-05-04,41.790646,-71.698678,5.669059507346058
2016-05-05,41.790646,-71.698678,4.6143995623534195
2016-05-06,41.790646,-71.698678,0.2878149455141732
2016-05-07,41.790646,-71.698678,1.0044447961234888
2016-05-08,41.790646,-71.698678,1.8720376836643193
2016-05-09,41.790646,-71.698678,0.0
2016-05-10,41.790646,-71.698678,0.046049931295152016
2016-05-11,41.790646,-71.698678,0.0
2016-05-12,41.790646,-71.698678,0.0
2016-05-13,41.790646,-71.698678,7.443682082722827
2016-05-14,41.790646,-71.698678,6.873396599925772
2016-05-15,41.790646,-71.698678,1.7028293443159856
2016-05-16,41.790646,-71.698678,0.0
2016-05-17,41.790646,-71.698678,0.40877558152677096
2016-05-18,41.790646,-71.698678,0.016440320524584138
2016-05-19,41.790646,-71.698678,0.0
2016-05-20,41.790646,-71.698678,0.06909819777854533
2016-05-21,41.790646,-71.698678,1.2366196965951113
2016-05-22,41.790646,-71.698678,4.720822818433809
2016-05-23,41.790646,-71.698678,0.0
2016-05-24,41.790646,-71.698678,6.653938692890781
2016-05-25,41.790646,-71.698678,0.0
2016-05-26,41.790646,-71.698678,0.06514113323797793
2016-05-27,41.790646,-71.698678,0.018277274408554707
2016-05-28,41.790646,-71.698678,0.0
2016-05-29,41.790646,-71.698678,0.0
2016-05-30,41.790646,-71.698678,20.1074900378807
2016-05-31,41.790646,-71.698678,0.9805867761367824
2016-06-01,41.790646,-71.698678,0.0
2016-06-02,41.790646,-71.698678,0.0
2016-06-03,41.790646,-71.698678,3.6623319321092733
2016-06-04,41.790646,-71.698678,0.0
2016-06-05,41.790646,-71.698678,6.06598762978661
2016-06-06,41.790646,-71.698678,2.3946865974867384
2016-06-07,41.790646,-71.698678,0.07629189868732746
2016-06-08,41.790646,-71.698678,2.2285152662557848
2016-06-09,41.790646,-71.698678,0.0
2016-06-10,41.790646,-71.698678,0.151336900402194
2016-06-11,41.790646,-71.698678,3.234253020497954
2016-06-12,41.790646,-71.698678,0.0009892670564686141
2016-06-13,41.790646,-71.698678,0.011419948119053811
2016-06-14,41.790646,-71.698678,0.0
2016-06-15,41.790646,-71.698678,0.0
2016-06-16,41.790646,-71.698678,0.3108032373295574
2016-06-17,41.790646,-71.698678,0.0
2016-06-18,41.790646,-71.698678,0.01422645121075304
2016-06-19,41.790646,-71.698678,0.0
2016-06-20,41.790646,-71.698678,0.0
2016-06-21,41.790646,-71.698678,8.428497907167449
2016-06-22,41.790646,-71.698678,0.034495333017591806
2016-06-23,41.790646,-71.698678,0.0020860657962109325
2016-06-24,41.790646,-71.698678,0.0
2016-06-25,41.790646,-71.698678,0.0
2016-06-26,41.790646,-71.698678,0.0
2016-06-27,41.790646,-71.698678,0.17842998089093953
2016-06-28,41.790646,-71.698678,0.7440517812864538
2016-06-29,41.790646,-71.698678,0.32640916456944113
2016-06-30,41.790646,-71.698678,0.0
2016-07-01,41.790646,-71.698678,2.115510046656728
2016-07-02,41.790646,-71.698678,6.987981095497409
2016-07-03,41.790646,-71.698678,0.010661743688690889
2016-07-04,41.790646,-71.698678,0.052410374406238816
2016-07-05,41.790646,-71.698678,18.29586800447691
2016-07-06,41.790646,-71.698678,0.0
2016-07-07,41.790646,-71.698678,4.355153249074939
2016-07-08,41.790646,-71.698678,0.0
2016-07-09,41.790646,-71.698678,0.0
2016-07-10,41.790646,-71.698678,1.3445480451286482
2016-07-11,41.790646,-71.698678,0.011871204677623369
2016-07-12,41.790646,-71.698678,0.0
2016-07-13,41.790646,-71.698678,0.0
2016-07-14,41.790646,-71.698678,1.630293793101528
2016-07-15,41.790646,-71.698678,5.454983943221707
2016-07-16,41.790646,-71.698678,0.0
2016-07-17,41.790646,-71.698678,0.4447717314106143
2016-07-18,41.790646,-71.698678,2.7926707856450994
2016-07-19,41.790646,-71.698678,0.20851498400293786
2016-07-20,41.790646,-71.698678,0.0
2016-07-21,41.790646,-71.698678,0.0
2016-07-22,41.790646,-71.698678,0.0
2016-07-23,41.790646,-71.698678,5.145313241128086
2016-07-24,41.790646,-71.698678,0.18691737798871402
2016-07-25,41.790646,-71.698678,0.6980574870363163
2016-07-26,41.790646,-71.698678,2.9339704123059476
2016-07-27,41.790646,-71.698678,0.0
2016-07-28,41.790646,-71.698678,0.0
2016-07-29,41.790646,-71.698678,17.416129402990972
2016-07-30,41.790646,-71.698678,0.09069151729946447
2016-07-31,41.790646,-71.698678,3.66064891804889
2016-08-01,41.790646,-71.698678,2.0439633791971525
2016-08-02,41.790646,-71.698678,14.783815878255727
2016-08-03,41.790646,-71.698678,0.0
2016-08-04,41.790646,-71.698678,0.0
2016-08-05,41.790646,-71.698678,0.0
2016-08-06,41.790646,-71.698678,0.902278769472586
2016-08-07,41.790646,-71.698678,0.018277274408554707
2016-08-08,41.790646,-71.698678,0.0
2016-08-09,41.790646,-71.698678,0.0
2016-08-10,41.790646,-71.698678,10.507793435556946
2016-08-11,41.790646,-71.698678,0.016821508388802045
2016-08-12,41.790646,-71.698678,22.084139458905867
2016-08-13,41.790646,-71.698678,4.185389329604775
2016-08-14,41.790646,-71.698678,2.1477962285664485
2016-08-15,41.790646,-71.698678,0.009138637204277354
2016-08-16,41.790646,-71.698678,0.7224026679541505
2016-08-17,41.790646,-71.698678,3.5040184377392203
2016-08-18,41.790646,-71.698678,1.4545587980538444
2016-08-19,41.790646,-71.698678,0.0
2016-08-20,41.790646,-71.698678,0.0
2016-08-21,41.790646,-71.698678,0.0019785341129372283
2016-08-22,41.790646,-71.698678,9.599912752221915
2016-08-23,41.790646,-71.698678,0.0
2016-08-24,41.790646,-71.698678,0.0
2016-08-25,41.790646,-71.698678,0.0
2016-08-26,41.790646,-71.698678,0.010112156399756789
2016-08-27,41.790646,-71.698678,0.0
2016-08-28,41.790646,-71.698678,0.0
2016-08-29,41.790646,-71.698678,0.03006956055528649
2016-08-30,41.790646,-71.698678,0.0
2016-08-31,41.790646,-71.698678,1.4558120288342253
2016-09-01,41.790646,-71.698678,20.539665456292425
2016-09-02,41.790646,-71.698678,0.0
2016-09-03,41.790646,-71.698678,0.0
2016-09-04,41.790646,-71.698678,0.0
2016-09-05,41.790646,-71.698678,1.8678125024399346
2016-09-06,41.790646,-71.698678,0.08123400115811934
2016-09-07,41.790646,-71.698678,0.0
2016-09-08,41.790646,-71.698678,0.0
2016-09-09,41.790646,-71.698678,1.6230185471100755
2016-09-10,41.790646,-71.698678,0.0072229683956950355
2016-09-11,41.790646,-71.698678,0.5626413369203822
2016-09-12,41.790646,-71.698678,0.0
2016-09-13,41.790646,-71.698678,0.0
2016-09-14,41.790646,-71.698678,1.4277196533735135
2016-09-15,41.790646,-71.698678,0.18623665991660526
2016-09-16,41.790646,-71.698678,0.0
2016-09-17,41.790646,-71.698678,0.0
2016-09-18,41.790646,-71.698678,1.4151710302481917
2016-09-19,41.790646,-71.698678,26.735023969584226
2016-09-20,41.790646,-71.698678,0.36793959200536763
2016-09-21,41.790646,-71.698678,0.0
2016-09-22,41.790646,-71.698678,0.048142666110508055
2016-09-23,41.790646,-71.698678,0.00834426318484373
2016-09-24,41.790646,-71.698678,0.15263127951935063
2016-09-25,41.790646,-71.698678,0.0
2016-09-26,41.790646,-71.698678,0.0
2016-09-27,41.790646,-71.698678,5.593074566106189
2016-09-28,41.790646,-71.698678,0.0024338607894229328
2016-09-29,41.790646,-71.698678,0.0
2016-09-30,41.790646,-71.698678,11.099101067813782
2016-10-01,41.790646,-71.698678,1.7327620173873926
2016-10-02,41.790646,-71.698678,0.08892784516871412
2016-10-03,41.790646,-71.698678,0.34537334787563984
2016-10-04,41.790646,-71.698678,0.5445022177129631
2016-10-05,41.790646,-71.698678,0.0
2016-10-06,41.790646,-71.698678,0.0
2016-10-07,41.790646,-71.698678,0.0
2016-10-08,41.790646,-71.698678,1.3368853756452452
2016-10-09,41.790646,-71.698678,65.44375043586565
2016-10-10,41.790646,-71.698678,0.10382398017630248
2016-10-11,41.790646,-71.698678,0.0
2016-10-12,41.790646,-71.698678,0.0
2016-10-13,41.790646,-71.698678,0.028207913931951947
2016-10-14,41.790646,-71.698678,0.0
2016-10-15,41.790646,-71.698678,0.0
2016-10-16,41.790646,-71.698678,0.0
2016-10-17,41.790646,-71.698678,0.9240017889291112
2016-10-18,41.790646,-71.698678,0.019329306086416802
2016-10-19,41.790646,-71.698678,0.0
2016-10-20,41.790646,-71.698678,0.0
2016-10-21,41.790646,-71.698678,15.29364980977547
2016-10-22,41.790646,-71.698678,8.981194943239707
2016-10-23,41.790646,-71.698678,0.5921375239690845
2016-10-24,41.790646,-71.698678,1.7376048836236349
2016-10-25,41.790646,-71.698678,0.0
2016-10-26,41.790646,-71.698678,0.0
2016-10-27,41.790646,-71.698678,15.329457436771332
2016-10-28,41.790646,-71.698678,3.8953593140579508
2016-10-29,41.790646,-71.698678,0.5165237878134507
2016-10-30,41.790646,-71.698678,4.136804395746257
2016-10-31,41.790646,-71.698678,2.1700262520999654
2016-11-01,41.790646,-71.698678,0.0
2016-11-02,41.790646,-71.698678,0.05247420059451313
2016-11-03,41.790646,-71.698678,0.5035584776584098
2016-11-04,41.790646,-71.698678,0.007615530719863817
2016-11-05,41.790646,-71.698678,0.0
2016-11-06,41.790646,-71.698678,0.20549852017469392
2016-11-07,41.790646,-71.698678,0.0
2016-11-08,41.790646,-71.698678,0.0
2016-11-09,41.790646,-71.698678,0.033144995942724395
2016-11-10,41.790646,-71.698678,0.21969640747672511
2016-11-11,41.790646,-71.698678,0.7502711864682414
2016-11-12,41.790646,-71.698678,0.0
2016-11-13,41.790646,-71.698678,0.0
2016-11-14,41.790646,-71.698678,0.0
2016-11-15,41.790646,-71.698678,37.64046288453262
2016-11-16,41.790646,-71.698678,0.0
2016-11-17,41.790646,-71.698678,0.0
2016-11-18,41.790646,-71.698678,0.0
2016-11-19,41.790646,-71.698678,0.0
2016-11-20,41.790646,-71.698678,0.11460798937468807
2016-11-21,41.790646,-71.698678,0.352438360831219
2016-11-22,41.790646,-71.698678,0.0
2016-11-23,41.790646,-71.698678,0.0
2016-11-24,41.790646,-71.698678,2.7380175991962394
2016-11-25,41.790646,-71.698678,0.022780951172539025
2016-11-26,41.790646,-71.698678,0.0
2016-11-27,41.790646,-71.698678,0.007914136451748913
2016-11-28,41.790646,-71.698678,0.0
2016-11-29,41.790646,-71.698678,41.921255663110145
2016-11-30,41.790646,-71.698678,18.157116960556504
2016-12-01,41.790646,-71.698678,5.610379955589797
2016-12-02,41.790646,-71.698678,0.0
2016-12-03,41.790646,-71.698678,0.0
2016-12-04,41.790646,-71.698678,0.0
2016-12-05,41.790646,-71.698678,3.772573135644864
2016-12-06,41.790646,-71.698678,0.0
2016-12-07,41.790646,-71.698678,3.182286694697239
2016-12-08,41.790646,-71.698678,0.0
2016-12-09,41.790646,-71.698678,0.0
2016-12-10,41.790646,-71.698678,0.0
2016-12-11,41.790646,-71.698678,0.0
2016-12-12,41.790646,-71.698678,17.458704320941248
2016-12-13,41.790646,-71.698678,0.008903403323952173
2016-12-14,41.790646,-71.698678,0.0
2016-12-15,41.790646,-71.698678,0.0
2016-12-16,41.790646,-71.698678,0.0
2016-12-17,41.790646,-71.698678,16.110942119374396
2016-12-18,41.790646,-71.698678,16.023090993392202
2016-12-19,41.790646,-71.698678,1.6469925154677747
2016-12-20,41.790646,-71.698678,0.0
2016-12-21,41.790646,-71.698678,0.0
2016-12-22,41.790646,-71.698678,0.2659554472528741
2016-12-23,41.790646,-71.698678,0.0
2016-12-24,41.790646,-71.698678,16.653631793811567
2016-12-25,41.790646,-71.698678,0.0
2016-12-26,41.790646,-71.698678,0.0020860657962109325
2016-12-27,41.790646,-71.698678,4.08561438622915
2016-12-28,41.790646,-71.698678,0.0
2016-12-29,41.790646,-71.698678,16.542367228159826
2016-12-30,41.790646,-71.698678,0.008903403323952173
2016-12-31,41.790646,-71.698678,1.564563885996096
2017-01-01,41.790646,-71.698678,7.350960859956678
2017-01-02,41.790646,-71.698678,0.1727860584811529
2017-01-03,41.790646,-71.698678,29.3511033724505
2017-01-04,41.790646,-71.698678,3.6070470652246565
2017-01-05,41.790646,-71.698678,0.0
2017-01-06,41.790646,-71.698678,0.08579346691912369
2017-01-07,41.790646,-71.698678,2.5324006622846342
2017-01-08,41.790646,-71.698678,0.0
2017-01-09,41.790646,-71.698678,0.0
2017-01-10,41.790646,-71.698678,0.07279592907901924
2017-01-11,41.790646,-71.698678,11.766362223755335
2017-01-12,41.790646,-71.698678,27.108757128349044
2017-01-13,41.790646,-71.698678,7.055207773792976
2017-01-14,41.790646,-71.698678,0.0
2017-01-15,41.790646,-71.698678,0.0
2017-01-16,41.790646,-71.698678,0.0
2017-01-17,41.790646,-71.698678,2.7321971065857498
2017-01-18,41.790646,-71.698678,1.2988418347903687
2017-01-19,41.790646,-71.698678,0.011473362073440149
2017-01-20,41.790646,-71.698678,0.0
2017-01-21,41.790646,-71.698678,0.0
2017-01-22,41.790646,-71.698678,0.003046212401425784
2017-01-23,41.790646,-71.698678,2.9810736663359108
2017-01-24,41.790646,-71.698678,46.83248817873077
2017-01-25,41.790646,-71.698678,8.588749334398571
2017-01-26,41.790646,-71.698678,0.2167103186671898
2017-01-27,41.790646,-71.698678,0.0
2017-01-28,41.790646,-71.698678,0.0
2017-01-29,41.790646,-71.698678,0.0
2017-01-30,41.790646,-71.698678,0.0
2017-01-31,41.790646,-71.698678,0.11775731409951354
2017-02-01,41.790646,-71.698678,0.0
2017-02-02,41.790646,-71.698678,0.9204600861617163
2017-02-03,41.790646,-71.698678,0.03730927213198891
2017-02-04,41.790646,-71.698678,0.0
2017-02-05,41.790646,-71.698678,0.0
2017-02-06,41.790646,-71.698678,0.12099181540311399
2017-02-07,41.790646,-71.698678,5.9685913277284826
2017-02-08,41.790646,-71.698678,5.210797649357687
2017-02-09,41.790646,-71.698678,28.828385252279464
2017-02-10,41.790646,-71.698678,0.304565596144235
2017-02-11,41.790646,-71.698678,2.4733758045679717
2017-02-12,41.790646,-71.698678,16.66491046360992
2017-02-13,41.790646,-71.698678,0.0
2017-02-14,41.790646,-71.698678,0.0
2017-02-15,41.790646,-71.698678,0.08834015907394646
2017-02-16,41.790646,-71.698678,0.009892670196155437
2017-02-17,41.790646,-71.698678,0.0
2017-02-18,41.790646,-71.698678,0.03611484413108764
2017-02-19,41.790646,-71.698678,0.24330425336290906
2017-02-20,41.790646,-71.698678,0.06727016205104999
2017-02-21,41.790646,-71.698678,0.0479275577681871
2017-02-22,41.790646,-71.698678,3.441049563026267
2017-02-23,41.790646,-71.698678,0.0
2017-02-24,41.790646,-71.698678,0.0
2017-02-25,41.790646,-71.698678,0.0
2017-02-26,41.790646,-71.698678,8.149129907607328
2017-02-27,41.790646,-71.698678,0.0
2017-02-28,41.790646,-71.698678,0.2952525577665001
2017-03-01,41.790646,-71.698678,11.252337297084368
2017-03-02,41.790646,-71.698678,0.0072229683956950355
2017-03-03,41.790646,-71.698678,0.0
2017-03-04,41.790646,-71.698678,0.0058569886353144794
2017-03-05,41.790646,-71.698678,0.003046212401425784
2017-03-06,41.790646,-71.698678,0.0
2017-03-07,41.790646,-71.698678,5.409022094374815
2017-03-08,41.790646,-71.698678,16.995259594910294
2017-03-09,41.790646,-71.698678,0.0
2017-03-10,41.790646,-71.698678,2.0636145689931626
2017-03-11,41.790646,-71.698678,0.0
2017-03-12,41.790646,-71.698678,0.0
2017-03-13,41.790646,-71.698678,0.0
2017-03-14,41.790646,-71.698678,25.682853136774284
2017-03-15,41.790646,-71.698678,0.0
2017-03-16,41.790646,-71.698678,0.0
2017-03-17,41.790646,-71.698678,0.0
2017-03-18,41.790646,-71.698678,0.23135523512527936
2017-03-19,41.790646,-71.698678,0.12249553451623407
2017-03-20,41.790646,-71.698678,0.08262403184453349
2017-03-21,41.790646,-71.698678,0.40293286635674913
2017-03-22,41.790646,-71.698678,0.017335124795451823
2017-03-23,41.790646,-71.698678,0.0
2017-03-24,41.790646,-71.698678,7.297620910736274
2017-03-25,41.790646,-71.698678,2.631502661595861
2017-03-26,41.790646,-71.698678,0.2164822074616225
2017-03-27,41.790646,-71.698678,12.19736645473038
2017-03-28,41.790646,-71.698678,7.099860807004523
2017-03-29,41.790646,-71.698678,7.716856257653421
2017-03-30,41.790646,-71.698678,0.0
2017-03-31,41.790646,-71.698678,11.73495119747928
2017-04-01,41.790646,-71.698678,30.59245572471085
2017-04-02,41.790646,-71.698678,0.0
2017-04-03,41.790646,-71.698678,0.0
2017-04-04,41.790646,-71.698678,29.43162923919106
2017-04-05,41.790646,-71.698678,0.37360395173825117
2017-04-06,41.790646,-71.698678,25.32660902942838
2017-04-07,41.790646,-71.698678,0.0
2017-04-08,41.790646,-71.698678,0.4980409627929008
2017-04-09,41.790646,-71.698678,0.0
2017-04-10,41.790646,-71.698678,0.3462678092023346
2017-04-11,41.790646,-71.698678,0.001523106200712892
2017-04-12,41.790646,-71.698678,0.0736601758060696
2017-04-13,41.790646,-71.698678,0.05639792853632386
2017-04-14,41.790646,-71.698678,0.03664878333531017
2017-04-15,41.790646,-71.698678,1.0171769920058529
2017-04-16,41.790646,-71.698678,2.4039302521557713
2017-04-17,41.790646,-71.698678,3.701864263105725
2017-04-18,41.790646,-71.698678,0.042865149875730466
2017-04-19,41.790646,-71.698678,1.508182711684012
2017-04-20,41.790646,-71.698678,1.1533478053930943
2017-04-21,41.790646,-71.698678,6.3902486449313765
2017-04-22,41.790646,-71.698678,4.092752606724144
2017-04-23,41.790646,-71.698678,0.261331983237884
2017-04-24,41.790646,-71.698678,0.22197783889910463
2017-04-25,41.790646,-71.698678,16.263401211448677
2017-04-26,41.790646,-71.698678,14.434056432521128
2017-04-27,41.790646,-71.698678,0.0
2017-04-28,41.790646,-71.698678,6.974777567236156
2017-04-29,41.790646,-71.698678,1.7371502269050585
2017-04-30,41.790646,-71.698678,0.6468961903456281
2017-05-01,41.790646,-71.698678,0.2707529259274866
2017-05-02,41.790646,-71.698678,12.954408950677893
2017-05-03,41.790646,-71.698678,0.0
2017-05-04,41.790646,-71.698678,0.0
2017-05-05,41.790646,-71.698678,27.841576557525684
2017-05-06,41.790646,-71.698678,17.373524227879404
2017-05-07,41.790646,-71.698678,0.9457078534406955
2017-05-08,41.790646,-71.698678,0.0
2017-05-09,41.790646,-71.698678,0.34778886569537915
2017-05-10,41.790646,-71.698678,0.08706071390338294
2017-05-11,41.790646,-71.698678,0.0
2017-05-12,41.790646,-71.698678,0.0
2017-05-13,41.790646,-71.698678,5.511974677917768
2017-05-14,41.790646,-71.698678,15.608268337146674
2017-05-15,41.790646,-71.698678,4.674628472138388
2017-05-16,41.790646,-71.698678,0.0
2017-05-17,41.790646,-71.698678,0.04782298953076499
2017-05-18,41.790646,-71.698678,0.0
2017-05-19,41.790646,-71.698678,2.56715498417815
2017-05-20,41.790646,-71.698678,0.013707955522715386
2017-05-21,41.790646,-71.698678,0.0
2017-05-22,41.790646,-71.698678,11.94440297450012
2017-05-23,41.790646,-71.698678,2.297381256781497
2017-05-24,41.790646,-71.698678,8.616808748704726
2017-05-25,41.790646,-71.698678,10.909368297722857
2017-05-26,41.790646,-71.698678,29.792405336069905
2017-05-27,41.790646,-71.698678,0.17750228176466157
2017-05-28,41.790646,-71.698678,1.5616576818875736
2017-05-29,41.790646,-71.698678,5.581368813980304
2017-05-30,41.790646,-71.698678,0.04137715078918794
2017-05-31,41.790646,-71.698678,0.21982270830420356
2017-06-01,41.790646,-71.698678,0.6829853811875342
2017-06-02,41.790646,-71.698678,0.8561092936901213
2017-06-03,41.790646,-71.698678,0.11552403118102911
2017-06-04,41.790646,-71.698678,2.4959751623082704
2017-06-05,41.790646,-71.698678,5.0598980573587555
2017-06-06,41.790646,-71.698678,16.788704874076082
2017-06-07,41.790646,-71.698678,0.0
2017-06-08,41.790646,-71.698678,2.5961263062907625
2017-06-09,41.790646,-71.698678,0.8744202375469419
2017-06-10,41.790646,-71.698678,0.0
2017-06-11,41.790646,-71.698678,0.0
2017-06-12,41.790646,-71.698678,0.0
2017-06-13,41.790646,-71.698678,2.9828875800240318
2017-06-14,41.790646,-71.698678,0.1127903398310302
2017-06-15,41.790646,-71.698678,0.0
2017-06-16,41.790646,-71.698678,13.655478406063878
2017-06-17,41.790646,-71.698678,0.377609314384549
2017-06-18,41.790646,-71.698678,0.6310473604836544
2017-06-19,41.790646,-71.698678,0.0
2017-06-20,41.790646,-71.698678,17.425162866937143
2017-06-21,41.790646,-71.698678,0.26310482600269697
2017-06-22,41.790646,-71.698678,0.017335124795451823
2017-06-23,41.790646,-71.698678,0.1676302186434227
2017-06-24,41.790646,-71.698678,19.59190605667881
2017-06-25,41.790646,-71.698678,0.0
2017-06-26,41.790646,-71.698678,0.0
2017-06-27,41.790646,-71.698678,1.3938029898422795
2017-06-28,41.790646,-71.698678,0.02398975607358566
2017-06-29,41.790646,-71.698678,1.693144154583546
2017-06-30,41.790646,-71.698678,4.756967484163471
2017-07-01,41.790646,-71.698678,1.1784096616119373
2017-07-02,41.790646,-71.698678,0.14247303706081899
2017-07-03,41.790646,-71.698678,0.03954955096916167
2017-07-04,41.790646,-71.698678,0.0
2017-07-05,41.790646,-71.698678,0.0
2017-07-06,41.790646,-71.698678,0.045401507296845486
2017-07-07,41.790646,-71.698678,12.336280172125067
2017-07-08,41.790646,-71.698678,0.0
2017-07-09,41.790646,-71.698678,0.0
2017-07-10,41.790646,-71.698678,0.0
2017-07-11,41.790646,-71.698678,7.577050198196314
2017-07-12,41.790646,-71.698678,11.177293836821386
2017-07-13,41.790646,-71.698678,19.151489269411744
2017-07-14,41.790646,-71.698678,5.401255617621971
2017-07-15,41.790646,-71.698678,0.03938271966856484
2017-07-16,41.790646,-71.698678,0.0
2017-07-17,41.790646,-71.698678,0.633418292751578
2017-07-18,41.790646,-71.698678,1.2704747289514364
2017-07-19,41.790646,-71.698678,0.33696395142938357
2017-07-20,41.790646,-71.698678,0.5768455094698096
2017-07-21,41.790646,-71.698678,0.0025661390988183583
2017-07-22,41.790646,-71.698678,0.8931946676039839
2017-07-23,41.790646,-71.698678,2.6514928220595304
2017-07-24,41.790646,-71.698678,12.59034026154584
2017-07-25,41.790646,-71.698678,0.0
2017-07-26,41.790646,-71.698678,0.0
2017-07-27,41.790646,-71.698678,6.590652740754739
2017-07-28,41.790646,-71.698678,0.0
2017-07-29,41.790646,-71.698678,3.5029575865022533
2017-07-30,41.790646,-71.698678,0.0
2017-07-31,41.790646,-71.698678,0.0
2017-08-01,41.790646,-71.698678,0.0
2017-08-02,41.790646,-71.698678,2.913388341733147
2017-08-03,41.790646,-71.698678,3.0687906158172806
2017-08-04,41.790646,-71.698678,0.08620422772605044
2017-08-05,41.790646,-71.698678,7.657055414329181
2017-08-06,41.790646,-71.698678,0.0
2017-08-07,41.790646,-71.698678,6.536800275671297
2017-08-08,41.790646,-71.698678,0.5578369703011659
2017-08-09,41.790646,-71.698678,0.0
2017-08-10,41.790646,-71.698678,0.0
2017-08-11,41.790646,-71.698678,0.010881937805420109
2017-08-12,41.790646,-71.698678,9.958122148407485
2017-08-13,41.790646,-71.698678,0.0
2017-08-14,41.790646,-71.698678,0.1911545353593962
2017-08-15,41.790646,-71.698678,4.496650480874248
2017-08-16,41.790646,-71.698678,0.0
2017-08-17,41.790646,-71.698678,0.0
2017-08-18,41.790646,-71.698678,1.7395026833287175
2017-08-19,41.790646,-71.698678,1.9599099658598598
2017-08-20,41.790646,-71.698678,0.0
2017-08-21,41.790646,-71.698678,0.0
2017-08-22,41.790646,-71.698678,0.0
2017-08-23,41.790646,-71.698678,2.516107425586947
2017-08-24,41.790646,-71.698678,0.0
2017-08-25,41.790646,-71.698678,0.0
2017-08-26,41.790646,-71.698678,0.0
2017-08-27,41.790646,-71.698678,0.0
2017-08-28,41.790646,-71.698678,0.0
2017-08-29,41.790646,-71.698678,3.318361346348636
2017-08-30,41.790646,-71.698678,22.611790262352255
2017-08-31,41.790646,-71.698678,0.0
2017-09-01,41.790646,-71.698678,0.0
2017-09-02,41.790646,-71.698678,0.0
2017-09-03,41.790646,-71.698678,27.217432407925553
2017-09-04,41.790646,-71.698678,0.0
2017-09-05,41.790646,-71.698678,0.0
2017-09-06,41.790646,-71.698678,18.08025385557431
2017-09-07,41.790646,-71.698678,26.410946111444364
2017-09-08,41.790646,-71.698678,0.0
2017-09-09,41.790646,-71.698678,0.0
2017-09-10,41.790646,-71.698678,0.0
2017-09-11,41.790646,-71.698678,0.0
2017-09-12,41.790646,-71.698678,0.0
2017-09-13,41.790646,-71.698678,0.0
2017-09-14,41.790646,-71.698678,0.0
2017-09-15,41.790646,-71.698678,0.4245540418579695
2017-09-16,41.790646,-71.698678,0.0
2017-09-17,41.790646,-71.698678,0.0
2017-09-18,41.790646,-71.698678,0.049153829871826836
2017-09-19,41.790646,-71.698678,4.343557553157694
2017-09-20,41.790646,-71.698678,1.5950743857825478
2017-09-21,41.790646,-71.698678,4.740930650141156
2017-09-22,41.790646,-71.698678,0.06397046440175048
2017-09-23,41.790646,-71.698678,0.0
2017-09-24,41.790646,-71.698678,0.0
2017-09-25,41.790646,-71.698678,0.0
2017-09-26,41.790646,-71.698678,0.0
2017-09-27,41.790646,-71.698678,0.0
2017-09-28,41.790646,-71.698678,0.0
2017-09-29,41.790646,-71.698678,0.0
2017-09-30,41.790646,-71.698678,3.16836666995519
2017-10-01,41.790646,-71.698678,0.0
2017-10-02,41.790646,-71.698678,0.0
2017-10-03,41.790646,-71.698678,0.12489471923908163
2017-10-04,41.790646,-71.698678,0.0
2017-10-05,41.790646,-71.698678,0.008981612268760205
2017-10-06,41.790646,-71.698678,2.713773701478879
2017-10-07,41.790646,-71.698678,2.556815611766216
2017-10-08,41.790646,-71.698678,7.56495448772777
2017-10-09,41.790646,-71.698678,9.386790217119467
2017-10-10,41.790646,-71.698678,0.029206328396768965
2017-10-11,41.790646,-71.698678,0.34032634301161124
2017-10-12,41.790646,-71.698678,3.4395579206219216
2017-10-13,41.790646,-71.698678,0.0
2017-10-14,41.790646,-71.698678,0.0
2017-10-15,41.790646,-71.698678,0.0
2017-10-16,41.790646,-71.698678,0.3482184332358706
2017-10-17,41.790646,-71.698678,0.0
2017-10-18,41.790646,-71.698678,0.017335124795451823
2017-10-19,41.790646,-71.698678,0.0
2017-10-20,41.790646,-71.698678,0.0
2017-10-21,41.790646,-71.698678,0.26410228099684485
2017-10-22,41.790646,-71.698678,0.0
2017-10-23,41.790646,-71.698678,0.0
2017-10-24,41.790646,-71.698678,5.195790351405918
2017-10-25,41.790646,-71.698678,27.99444095845423
2017-10-26,41.790646,-71.698678,34.7633260355277
2017-10-27,41.790646,-71.698678,0.0
2017-10-28,41.790646,-71.698678,0.0
2017-10-29,41.790646,-71.698678,14.233171244284614
2017-10-30,41.790646,-71.698678,48.46033172720487
2017-10-31,41.790646,-71.698678,0.0
2017-11-01,41.790646,-71.698678,0.0228891870188738
2017-11-02,41.790646,-71.698678,0.04482954942881966
2017-11-03,41.790646,-71.698678,0.0
2017-11-04,41.790646,-71.698678,0.0
2017-11-05,41.790646,-71.698678,0.36389877104815593
2017-11-06,41.790646,-71.698678,0.2708446059308944
2017-11-07,41.790646,-71.698678,4.088990746250369
2017-11-08,41.790646,-71.698678,9.1298942268773
2017-11-09,41.790646,-71.698678,0.0
2017-11-10,41.790646,-71.698678,0.0
2017-11-11,41.790646,-71.698678,0.0
2017-11-12,41.790646,-71.698678,0.00521516429624731
2017-11-13,41.790646,-71.698678,3.4692196355577067
2017-11-14,41.790646,-71.698678,0.0
2017-11-15,41.790646,-71.698678,0.0
2017-11-16,41.790646,-71.698678,0.9958212145377163
2017-11-17,41.790646,-71.698678,0.0
2017-11-18,41.790646,-71.698678,2.0872010603860924
2017-11-19,41.790646,-71.698678,21.29450281893085
2017-11-20,41.790646,-71.698678,0.0
2017-11-21,41.790646,-71.698678,0.0
2017-11-22,41.790646,-71.698678,32.94801858740674
2017-11-23,41.790646,-71.698678,0.0
2017-11-24,41.790646,-71.698678,0.0
2017-11-25,41.790646,-71.698678,0.006092424802851568
2017-11-26,41.790646,-71.698678,0.5560478163084177
2017-11-27,41.790646,-71.698678,0.0
2017-11-28,41.790646,-71.698678,0.0
2017-11-29,41.790646,-71.698678,0.0
2017-11-30,41.790646,-71.698678,0.0
2017-12-01,41.790646,-71.698678,3.6415530671295073
2017-12-02,41.790646,-71.698678,0.0
2017-12-03,41.790646,-71.698678,0.015890531331574063
2017-12-04,41.790646,-71.698678,0.0
2017-12-05,41.790646,-71.698678,0.1941453331753507
2017-12-06,41.790646,-71.698678,24.17116467391891
2017-12-07,41.790646,-71.698678,0.0
2017-12-08,41.790646,-71.698678,0.7926910469567514
2017-12-09,41.790646,-71.698678,13.571047910795853
2017-12-10,41.790646,-71.698678,2.8839377714357823
2017-12-11,41.790646,-71.698678,0.2661197045379549
2017-12-12,41.790646,-71.698678,2.1187179407059804
2017-12-13,41.790646,-71.698678,0.0
2017-12-14,41.790646,-71.698678,0.7933585025787021
2017-12-15,41.790646,-71.698678,0.10120114911588418
2017-12-16,41.790646,-71.698678,0.0
2017-12-17,41.790646,-71.698678,0.007615530719863817
2017-12-18,41.790646,-71.698678,0.36025391074275076
2017-12-19,41.790646,-71.698678,0.0
2017-12-20,41.790646,-71.698678,0.032645811942137504
2017-12-21,41.790646,-71.698678,0.0
2017-12-22,41.790646,-71.698678,0.054623589430085065
2017-12-23,41.790646,-71.698678,24.163718538459424
2017-12-24,41.790646,-71.698678,6.566862761603387
2017-12-25,41.790646,-71.698678,3.571239493998959
2017-12-26,41.790646,-71.698678,0.0
2017-12-27,41.790646,-71.698678,0.0
2017-12-28,41.790646,-71.698678,0.0
2017-12-29,41.790646,-71.698678,0.0
2017-12-30,41.790646,-71.698678,0.030778880357436866
2017-12-31,41.790646,-71.698678,0.01080332391765755
2018-01-01,41.790646,-71.698678,0.0
2018-01-02,41.790646,-71.698678,1.8219440317539557
2018-01-03,41.790646,-71.698678,0.47691134827826875
2018-01-04,41.790646,-71.698678,17.69189985310558
2018-01-05,41.790646,-71.698678,0.617534452217417
2018-01-06,41.790646,-71.698678,0.0
2018-01-07,41.790646,-71.698678,0.04433585364611707
2018-01-08,41.790646,-71.698678,0.7204798684460819
2018-01-09,41.790646,-71.698678,0.886666218855364
2018-01-10,41.790646,-71.698678,0.0
2018-01-11,41.790646,-71.698678,0.6548214252183363
2018-01-12,41.790646,-71.698678,11.04901280117538
2018-01-13,41.790646,-71.698678,49.50046830367984
2018-01-14,41.790646,-71.698678,0.0
2018-01-15,41.790646,-71.698678,0.3460804837757892
2018-01-16,41.790646,-71.698678,0.0
2018-01-17,41.790646,-71.698678,0.8533989137667185
2018-01-18,41.790646,-71.698678,0.0
2018-01-19,41.790646,-71.698678,0.0
2018-01-20,41.790646,-71.698678,0.0
2018-01-21,41.790646,-71.698678,0.0
2018-01-22,41.790646,-71.698678,0.0
2018-01-23,41.790646,-71.698678,49.08968749617289
2018-01-24,41.790646,-71.698678,0.0
2018-01-25,41.790646,-71.698678,0.0
2018-01-26,41.790646,-71.698678,0.0
2018-01-27,41.790646,-71.698678,0.0
2018-01-28,41.790646,-71.698678,8.056736836268813
2018-01-29,41.790646,-71.698678,1.576426434783222
2018-01-30,41.790646,-71.698678,0.44467564339191357
2018-01-31,41.790646,-71.698678,0.0
2018-02-01,41.790646,-71.698678,0.26764645568456596
2018-02-02,41.790646,-71.698678,2.359008270293387
2018-02-03,41.790646,-71.698678,0.0
2018-02-04,41.790646,-71.698678,0.7388087633112357
2018-02-05,41.790646,-71.698678,22.68349090641101
2018-02-06,41.790646,-71.698678,0.0
2018-02-07,41.790646,-71.698678,15.403217036730005
2018-02-08,41.790646,-71.698678,1.3273740745988993
2018-02-09,41.790646,-71.698678,0.0014445937329543186
2018-02-10,41.790646,-71.698678,2.9327955602959186
2018-02-11,41.790646,-71.698678,45.64914090562115
2018-02-12,41.790646,-71.698678,4.300398752432191
2018-02-13,41.790646,-71.698678,0.0
2018-02-14,41.790646,-71.698678,0.0009892670564686141
2018-02-15,41.790646,-71.698678,0.7947893300137212
2018-02-16,41.790646,-71.698678,13.400902225761572
2018-02-17,41.790646,-71.698678,0.23646974022899847
2018-02-18,41.790646,-71.698678,12.47837101841156
2018-02-19,41.790646,-71.698678,2.4316850529268286
2018-02-20,41.790646,-71.698678,6.6960428597124535
2018-02-21,41.790646,-71.698678,0.02741591104543077
2018-02-22,41.790646,-71.698678,2.5265658160398585
2018-02-23,41.790646,-71.698678,6.626767181165409
2018-02-24,41.790646,-71.698678,12.820335246956443
2018-02-25,41.790646,-71.698678,24.967303941746792
2018-02-26,41.790646,-71.698678,0.008261376697673094
2018-02-27,41.790646,-71.698678,0.0
2018-02-28,41.790646,-71.698678,0.08305935337120912
2018-03-01,41.790646,-71.698678,0.0988449821835659
2018-03-02,41.790646,-71.698678,54.69887489702561
2018-03-03,41.790646,-71.698678,0.18810129215730365
2018-03-04,41.790646,-71.698678,0.0
2018-03-05,41.790646,-71.698678,0.24176558105860538
2018-03-06,41.790646,-71.698678,0.0
2018-03-07,41.790646,-71.698678,19.11631592416039
2018-03-08,41.790646,-71.698678,7.336840667817909
2018-03-09,41.790646,-71.698678,0.0
2018-03-10,41.790646,-71.698678,0.0
2018-03-11,41.790646,-71.698678,0.0
2018-03-12,41.790646,-71.698678,0.01043032859249462
2018-03-13,41.790646,-71.698678,33.47862475759925
2018-03-14,41.790646,-71.698678,0.19565449079238242
2018-03-15,41.790646,-71.698678,0.11575607238898238
2018-03-16,41.790646,-71.698678,0.0
2018-03-17,41.790646,-71.698678,0.0
2018-03-18,41.790646,-71.698678,0.0
2018-03-19,41.790646,-71.698678,0.0
2018-03-20,41.790646,-71.698678,0.02134133337479485
2018-03-21,41.790646,-71.698678,4.884211624014369
2018-03-22,41.790646,-71.698678,1.6285478925948647
2018-03-23,41.790646,-71.698678,0.0
2018-03-24,41.790646,-71.698678,0.09241549551097208
2018-03-25,41.790646,-71.698678,0.0
2018-03-26,41.790646,-71.698678,0.0
2018-03-27,41.790646,-71.698678,0.0
2018-03-28,41.790646,-71.698678,0.38409113768331427
2018-03-29,41.790646,-71.698678,0.38971723930718566
2018-03-30,41.790646,-71.698678,2.3576320494834704
2018-03-31,41.790646,-71.698678,0.0
2018-04-01,41.790646,-71.698678,2.118732535852387
2018-04-02,41.790646,-71.698678,1.3051008154167407
2018-04-03,41.790646,-71.698678,12.60663598779333
2018-04-04,41.790646,-71.698678,5.795450442685751
2018-04-05,41.790646,-71.698678,0.0
2018-04-06,41.790646,-71.698678,2.1348327204187156
2018-04-07,41.790646,-71.698678,0.2110006015055449
2018-04-08,41.790646,-71.698678,0.008824587333243058
2018-04-09,41.790646,-71.698678,0.0
2018-04-10,41.790646,-71.698678,0.005778374931817275
2018-04-11,41.790646,-71.698678,0.0
2018-04-12,41.790646,-71.698678,0.8153411020147718
2018-04-13,41.790646,-71.698678,10.836872897022536
2018-04-14,41.790646,-71.698678,0.0
2018-04-15,41.790646,-71.698678,2.813048770845718
2018-04-16,41.790646,-71.698678,38.267788651864926
2018-04-17,41.790646,-71.698678,0.03212635597642687
2018-04-18,41.790646,-71.698678,0.017413637532286953
2018-04-19,41.790646,-71.698678,7.515425843375667
2018-04-20,41.790646,-71.698678,0.0
2018-04-21,41.790646,-71.698678,0.0
2018-04-22,41.790646,-71.698678,0.0
2018-04-23,41.790646,-71.698678,0.0
2018-04-24,41.790646,-71.698678,0.0
2018-04-25,41.790646,-71.698678,31.042816433029493
2018-04-26,41.790646,-71.698678,10.548970843866694
2018-04-27,41.790646,-71.698678,19.542441484406808
2018-04-28,41.790646,-71.698678,0.0
2018-04-29,41.790646,-71.698678,0.9038803562958608
2018-04-30,41.790646,-71.698678,0.02078964738203557
2018-05-01,41.790646,-71.698678,0.0
2018-05-02,41.790646,-71.698678,0.0
2018-05-03,41.790646,-71.698678,0.059731370458118056
2018-05-04,41.790646,-71.698678,1.7591041288761924
2018-05-05,41.790646,-71.698678,0.0
2018-05-06,41.790646,-71.698678,5.658476645662484
2018-05-07,41.790646,-71.698678,1.0078788653241135
2018-05-08,41.790646,-71.698678,0.0
2018-05-09,41.790646,-71.698678,0.0
2018-05-10,41.790646,-71.698678,0.11932121347002676
2018-05-11,41.790646,-71.698678,0.5229064878377003
2018-05-12,41.790646,-71.698678,3.163916926347845
2018-05-13,41.790646,-71.698678,0.3672747224484861
2018-05-14,41.790646,-71.698678,0.0
2018-05-15,41.790646,-71.698678,14.534355404940312
2018-05-16,41.790646,-71.698678,4.61773916705137
2018-05-17,41.790646,-71.698678,11.117368209573481
2018-05-18,41.790646,-71.698678,0.2811700362855815
2018-05-19,41.790646,-71.698678,7.6168122875506965
2018-05-20,41.790646,-71.698678,3.7272827952771634
2018-05-21,41.790646,-71.698678,0.0
2018-05-22,41.790646,-71.698678,7.6684401696868205
2018-05-23,41.790646,-71.698678,0.19808398179432624
2018-05-24,41.790646,-71.698678,0.0
2018-05-25,41.790646,-71.698678,0.0
2018-05-26,41.790646,-71.698678,0.017085713185124248
2018-05-27,41.790646,-71.698678,2.427074324345105
2018-05-28,41.790646,-71.698678,0.04580775014035998
2018-05-29,41.790646,-71.698678,0.0
2018-05-30,41.790646,-71.698678,0.0
2018-05-31,41.790646,-71.698678,0.0
2018-06-01,41.790646,-71.698678,6.180905037689945
2018-06-02,41.790646,-71.698678,0.08937885165161494
2018-06-03,41.790646,-71.698678,0.0
2018-06-04,41.790646,-71.698678,7.680097232368657
2018-06-05,41.790646,-71.698678,1.4630503956753365
2018-06-06,41.790646,-71.698678,0.029436836978771797
2018-06-07,41.790646,-71.698678,0.0
2018-06-08,41.790646,-71.698678,0.0
2018-06-09,41.790646,-71.698678,0.030645796454961717
2018-06-10,41.790646,-71.698678,0.056018333720720286
2018-06-11,41.790646,-71.698678,0.1488481212548886
2018-06-12,41.790646,-71.698678,0.0
2018-06-13,41.790646,-71.698678,0.7686666901156686
2018-06-14,41.790646,-71.698678,0.0
2018-06-15,41.790646,-71.698678,0.0632528832758532
2018-06-16,41.790646,-71.698678,0.11140651428675011
2018-06-17,41.790646,-71.698678,0.0
2018-06-18,41.790646,-71.698678,1.176186695533315
2018-06-19,41.790646,-71.698678,14.803268989425975
2018-06-20,41.790646,-71.698678,0.16710296951969397
2018-06-21,41.790646,-71.698678,0.17657025248466926
2018-06-22,41.790646,-71.698678,0.009387295888669175
2018-06-23,41.790646,-71.698678,2.3802653186394522
2018-06-24,41.790646,-71.698678,1.8675557834723677
2018-06-25,41.790646,-71.698678,4.29493038401344
2018-06-26,41.790646,-71.698678,0.0
2018-06-27,41.790646,-71.698678,0.1126949463904986
2018-06-28,41.790646,-71.698678,36.26658001477985
2018-06-29,41.790646,-71.698678,1.0056390920744664
2018-06-30,41.790646,-71.698678,0.04556753171530422
2018-07-01,41.790646,-71.698678,0.8439355779465842
2018-07-02,41.790646,-71.698678,0.0
2018-07-03,41.790646,-71.698678,0.8735107969575587
2018-07-04,41.790646,-71.698678,0.0
2018-07-05,41.790646,-71.698678,0.0
2018-07-06,41.790646,-71.698678,13.264347596767337
2018-07-07,41.790646,-71.698678,0.0
2018-07-08,41.790646,-71.698678,0.0
2018-07-09,41.790646,-71.698678,0.0
2018-07-10,41.790646,-71.698678,0.0
2018-07-11,41.790646,-71.698678,0.04852785160859894
2018-07-12,41.790646,-71.698678,0.0
2018-07-13,41.790646,-71.698678,0.0
2018-07-14,41.790646,-71.698678,0.69835433246194
2018-07-15,41.790646,-71.698678,3.0447402228501237
2018-07-16,41.790646,-71.698678,0.15541189385223358
2018-07-17,41.790646,-71.698678,15.250139058143777
2018-07-18,41.790646,-71.698678,11.520576155596506
2018-07-19,41.790646,-71.698678,0.0
2018-07-20,41.790646,-71.698678,0.0
2018-07-21,41.790646,-71.698678,0.19676256351992377
2018-07-22,41.790646,-71.698678,27.242402026142987
2018-07-23,41.790646,-71.698678,1.0977433050029421
2018-07-24,41.790646,-71.698678,0.0
2018-07-25,41.790646,-71.698678,1.614698914896693
2018-07-26,41.790646,-71.698678,14.565812262228595
2018-07-27,41.790646,-71.698678,0.0
2018-07-28,41.790646,-71.698678,0.10112156184495541
2018-07-29,41.790646,-71.698678,3.03041907231582
2018-07-30,41.790646,-71.698678,1.8166221216230691
2018-07-31,41.790646,-71.698678,0.0
2018-08-01,41.790646,-71.698678,0.0
2018-08-02,41.790646,-71.698678,0.0
2018-08-03,41.790646,-71.698678,0.8649155061964546
2018-08-04,41.790646,-71.698678,37.61754188806332
2018-08-05,41.790646,-71.698678,0.0
2018-08-06,41.790646,-71.698678,0.0
2018-08-07,41.790646,-71.698678,0.0
2018-08-08,41.790646,-71.698678,7.940566646248152
2018-08-09,41.790646,-71.698678,13.171687219463086
2018-08-10,41.790646,-71.698678,0.0
2018-08-11,41.790646,-71.698678,20.802582796458587
2018-08-12,41.790646,-71.698678,7.940123100044628
2018-08-13,41.790646,-71.698678,13.980038743476804
2018-08-14,41.790646,-71.698678,0.0
2018-08-15,41.790646,-71.698678,0.0
2018-08-16,41.790646,-71.698678,0.0
2018-08-17,41.790646,-71.698678,0.012184849605703136
2018-08-18,41.790646,-71.698678,33.17093246509842
2018-08-19,41.790646,-71.698678,0.37442333829458835
2018-08-20,41.790646,-71.698678,0.0
2018-08-21,41.790646,-71.698678,0.0
2018-08-22,41.790646,-71.698678,3.5644457901834263
2018-08-23,41.790646,-71.698678,0.03952007955198416
2018-08-24,41.790646,-71.698678,0.0
2018-08-25,41.790646,-71.698678,0.0
2018-08-26,41.790646,-71.698678,0.0
2018-08-27,41.790646,-71.698678,0.0
2018-08-28,41.790646,-71.698678,0.0
2018-08-29,41.790646,-71.698678,0.0
2018-08-30,41.790646,-71.698678,0.0
2018-08-31,41.790646,-71.698678,0.0
2018-09-01,41.790646,-71.698678,0.0
2018-09-02,41.790646,-71.698678,0.0
2018-09-03,41.790646,-71.698678,0.0
2018-09-04,41.790646,-71.698678,0.003956966990135825
2018-09-05,41.790646,-71.698678,0.0
2018-09-06,41.790646,-71.698678,13.325619334577858
2018-09-07,41.790646,-71.698678,8.150235818873833
2018-09-08,41.790646,-71.698678,10.067240477510035
2018-09-09,41.790646,-71.698678,0.5546186551916235
2018-09-10,41.790646,-71.698678,29.44273803065155
2018-09-11,41.790646,-71.698678,0.5655809856541111
2018-09-12,41.790646,-71.698678,34.88739237319313
2018-09-13,41.790646,-71.698678,17.614999361770202
2018-09-14,41.790646,-71.698678,0.0
2018-09-15,41.790646,-71.698678,0.0
2018-09-16,41.790646,-71.698678,0.0
2018-09-17,41.790646,-71.698678,0.8107974624612065
2018-09-18,41.790646,-71.698678,17.245392229356675
2018-09-19,41.790646,-71.698678,0.029407566723184744
2018-09-20,41.790646,-71.698678,0.0
2018-09-21,41.790646,-71.698678,0.3332371487380559
2018-09-22,41.790646,-71.698678,0.27312864490212474
2018-09-23,41.790646,-71.698678,0.007992547499503502
2018-09-24,41.790646,-71.698678,0.0
2018-09-25,41.790646,-71.698678,28.019874349153735
2018-09-26,41.790646,-71.698678,19.385080076174216
2018-09-27,41.790646,-71.698678,6.465218068788968
2018-09-28,41.790646,-71.698678,10.640492173523652
2018-09-29,41.790646,-71.698678,0.0
2018-09-30,41.790646,-71.698678,0.0
2018-10-01,41.790646,-71.698678,0.062400310444530135
2018-10-02,41.790646,-71.698678,9.573701895377582
2018-10-03,41.790646,-71.698678,27.913425077836777
2018-10-04,41.790646,-71.698678,0.0932772657469498
2018-10-05,41.790646,-71.698678,0.0
2018-10-06,41.790646,-71.698678,0.06297470012776098
2018-10-07,41.790646,-71.698678,0.006092424802851568
2018-10-08,41.790646,-71.698678,0.0
2018-10-09,41.790646,-71.698678,0.0
2018-10-10,41.790646,-71.698678,0.0
2018-10-11,41.790646,-71.698678,9.652369707714866
2018-10-12,41.790646,-71.698678,50.60252547218025
2018-10-13,41.790646,-71.698678,4.448026131551202
2018-10-14,41.790646,-71.698678,0.0
2018-10-15,41.790646,-71.698678,0.10897421309164797
2018-10-16,41.790646,-71.698678,2.0873081930926625
2018-10-17,41.790646,-71.698678,1.0141065417181203
2018-10-18,41.790646,-71.698678,0.0
2018-10-19,41.790646,-71.698678,0.0
2018-10-20,41.790646,-71.698678,3.3566619508539866
2018-10-21,41.790646,-71.698678,1.432850758501489
2018-10-22,41.790646,-71.698678,0.0
2018-10-23,41.790646,-71.698678,1.1938410930642873
2018-10-24,41.790646,-71.698678,0.01636160559997239
2018-10-25,41.790646,-71.698678,0.9206902989018587
2018-10-26,41.790646,-71.698678,0.0
2018-10-27,41.790646,-71.698678,18.018170838917047
2018-10-28,41.790646,-71.698678,0.05538143693790148
2018-10-29,41.790646,-71.698678,5.056327401175817
2018-10-30,41.790646,-71.698678,0.0
2018-10-31,41.790646,-71.698678,0.0
2018-11-01,41.790646,-71.698678,0.2580750396617243
2018-11-02,41.790646,-71.698678,9.897969040448846
2018-11-03,41.790646,-71.698678,41.09325734117154
2018-11-04,41.790646,-71.698678,0.0
2018-11-05,41.790646,-71.698678,2.308361722556807
2018-11-06,41.790646,-71.698678,20.642764127948226
2018-11-07,41.790646,-71.698678,4.747502090904401
2018-11-08,41.790646,-71.698678,0.025892806263221095
2018-11-09,41.790646,-71.698678,5.730309219976669
2018-11-10,41.790646,-71.698678,50.361922065721664
2018-11-11,41.790646,-71.698678,0.0
2018-11-12,41.790646,-71.698678,0.0
2018-11-13,41.790646,-71.698678,37.927583025228444
2018-11-14,41.790646,-71.698678,0.09231561580341714
2018-11-15,41.790646,-71.698678,11.218906072807144
2018-11-16,41.790646,-71.698678,22.23562576939251
2018-11-17,41.790646,-71.698678,0.003046212401425784
2018-11-18,41.790646,-71.698678,0.0
2018-11-19,41.790646,-71.698678,0.0
2018-11-20,41.790646,-71.698678,0.9348334441611066
2018-11-21,41.790646,-71.698678,0.0
2018-11-22,41.790646,-71.698678,0.0
2018-11-23,41.790646,-71.698678,0.0
2018-11-24,41.790646,-71.698678,0.12489471923908163
2018-11-25,41.790646,-71.698678,31.84223659178471
2018-11-26,41.790646,-71.698678,11.757716390990211
2018-11-27,41.790646,-71.698678,3.0532443709981987
2018-11-28,41.790646,-71.698678,0.0
2018-11-29,41.790646,-71.698678,0.0
2018-11-30,41.790646,-71.698678,0.014917012136094627
2018-12-01,41.790646,-71.698678,0.0
2018-12-02,41.790646,-71.698678,12.896288132426474
2018-12-03,41.790646,-71.698678,0.0
2018-12-04,41.790646,-71.698678,0.0
2018-12-05,41.790646,-71.698678,0.0
2018-12-06,41.790646,-71.698678,0.0
2018-12-07,41.790646,-71.698678,0.0
2018-12-08,41.790646,-71.698678,0.0019785341129372283
2018-12-09,41.790646,-71.698678,0.0
2018-12-10,41.790646,-71.698678,0.0
2018-12-11,41.790646,-71.698678,0.0
2018-12-12,41.790646,-71.698678,0.0
2018-12-13,41.790646,-71.698678,4.483187119475631
2018-12-14,41.790646,-71.698678,0.0
2018-12-15,41.790646,-71.698678,1.601491724503611
2018-12-16,41.790646,-71.698678,30.617736032714735
2018-12-17,41.790646,-71.698678,16.752309556163258
2018-12-18,41.790646,-71.698678,0.0
2018-12-19,41.790646,-71.698678,0.0
2018-12-20,41.790646,-71.698678,0.055886158047175755
2018-12-21,41.790646,-71.698678,49.48209260896704
2018-12-22,41.790646,-71.698678,8.390363268732104
2018-12-23,41.790646,-71.698678,0.0
2018-12-24,41.790646,-71.698678,0.023662686934293978
2018-12-25,41.790646,-71.698678,0.0
2018-12-26,41.790646,-71.698678,0.0
2018-12-27,41.790646,-71.698678,0.0
2018-12-28,41.790646,-71.698678,23.50466383469711
2018-12-29,41.790646,-71.698678,1.4116175823842936
2018-12-30,41.790646,-71.698678,0.0
2018-12-31,41.790646,-71.698678,4.76649194975724
2019-01-01,41.790646,-71.698678,27.992756150070324
2019-01-02,41.790646,-71.698678,0.0
2019-01-03,41.790646,-71.698678,1.1053188861019465
2019-01-04,41.790646,-71.698678,0.0
2019-01-05,41.790646,-71.698678,21.908001580668866
2019-01-06,41.790646,-71.698678,0.253019515261154
2019-01-07,41.790646,-71.698678,0.0
2019-01-08,41.790646,-71.698678,2.9419813434903013
2019-01-09,41.790646,-71.698678,3.551493409202378
2019-01-10,41.790646,-71.698678,0.0
2019-01-11,41.790646,-71.698678,0.0
2019-01-12,41.790646,-71.698678,0.0
2019-01-13,41.790646,-71.698678,1.3757889724637733
2019-01-14,41.790646,-71.698678,0.0
2019-01-15,41.790646,-71.698678,0.0
2019-01-16,41.790646,-71.698678,0.0
2019-01-17,41.790646,-71.698678,0.018779718259329586
2019-01-18,41.790646,-71.698678,0.0
2019-01-19,41.790646,-71.698678,0.0
2019-01-20,41.790646,-71.698678,65.86141005433996
2019-01-21,41.790646,-71.698678,0.0
2019-01-22,41.790646,-71.698678,0.0
2019-01-23,41.790646,-71.698678,0.21016396771580925
2019-01-24,41.790646,-71.698678,56.93694491258246
2019-01-25,41.790646,-71.698678,0.0
2019-01-26,41.790646,-71.698678,0.0
2019-01-27,41.790646,-71.698678,0.06010944822850173
2019-01-28,41.790646,-71.698678,1.7389319983637848
2019-01-29,41.790646,-71.698678,1.1106411055115726
2019-01-30,41.790646,-71.698678,5.476193195327008
2019-01-31,41.790646,-71.698678,0.0
2019-02-01,41.790646,-71.698678,0.0
2019-02-02,41.790646,-71.698678,0.014602962265060332
2019-02-03,41.790646,-71.698678,0.2767979753858288
2019-02-04,41.790646,-71.698678,0.0
2019-02-05,41.790646,-71.698678,0.011204532486710515
2019-02-06,41.790646,-71.698678,0.06921547829959297
2019-02-07,41.790646,-71.698678,15.61986698282281
2019-02-08,41.790646,-71.698678,18.675637497896492
2019-02-09,41.790646,-71.698678,0.0
2019-02-10,41.790646,-71.698678,0.0
2019-02-11,41.790646,-71.698678,0.05319467799765879
2019-02-12,41.790646,-71.698678,16.563966587212068
2019-02-13,41.790646,-71.698678,16.649446847789793
2019-02-14,41.790646,-71.698678,0.0
2019-02-15,41.790646,-71.698678,2.2744132054161095
2019-02-16,41.790646,-71.698678,1.1602460962565906
2019-02-17,41.790646,-71.698678,0.0
2019-02-18,41.790646,-71.698678,9.354767365080676
2019-02-19,41.790646,-71.698678,0.0
2019-02-20,41.790646,-71.698678,0.1490401482751981
2019-02-21,41.790646,-71.698678,11.213759377059693
2019-02-22,41.790646,-71.698678,0.38944489151262907
2019-02-23,41.790646,-71.698678,0.0
2019-02-24,41.790646,-71.698678,24.884555093419426
2019-02-25,41.790646,-71.698678,0.019172280583498364
2019-02-26,41.790646,-71.698678,0.0
2019-02-27,41.790646,-71.698678,0.003046212401425784
2019-02-28,41.790646,-71.698678,3.8110596842642943
2019-03-01,41.790646,-71.698678,0.005778374931817275
2019-03-02,41.790646,-71.698678,8.337079145910982
2019-03-03,41.790646,-71.698678,0.46229818705337894
2019-03-04,41.790646,-71.698678,42.095662857958374
2019-03-05,41.790646,-71.698678,0.0
2019-03-06,41.790646,-71.698678,0.0
2019-03-07,41.790646,-71.698678,0.0
2019-03-08,41.790646,-71.698678,0.004172131592421865
2019-03-09,41.790646,-71.698678,0.0
2019-03-10,41.790646,-71.698678,5.211806397489991
2019-03-11,41.790646,-71.698678,0.02510768048008096
2019-03-12,41.790646,-71.698678,0.01668852636968746
2019-03-13,41.790646,-71.698678,0.0
2019-03-14,41.790646,-71.698678,0.34943092061610237
2019-03-15,41.790646,-71.698678,7.306534384208724
2019-03-16,41.790646,-71.698678,7.94926974291976
2019-03-17,41.790646,-71.698678,0.0
2019-03-18,41.790646,-71.698678,0.0
2019-03-19,41.790646,-71.698678,0.0
2019-03-20,41.790646,-71.698678,0.0
2019-03-21,41.790646,-71.698678,0.22830906231415665
2019-03-22,41.790646,-71.698678,15.691977860584593
2019-03-23,41.790646,-71.698678,0.2652018990148892
2019-03-24,41.790646,-71.698678,0.07908512354653237
2019-03-25,41.790646,-71.698678,0.0206953870679119
2019-03-26,41.790646,-71.698678,0.0
2019-03-27,41.790646,-71.698678,0.0
2019-03-28,41.790646,-71.698678,0.0
2019-03-29,41.790646,-71.698678,0.5481572226997392
2019-03-30,41.790646,-71.698678,0.024369699211406273
2019-03-31,41.790646,-71.698678,4.036060410121164
2019-04-01,41.790646,-71.698678,0.0
2019-04-02,41.790646,-71.698678,0.0
2019-04-03,41.790646,-71.698678,15.520187983010365
2019-04-04,41.790646,-71.698678,0.0
2019-04-05,41.790646,-71.698678,1.1405927696880078
2019-04-06,41.790646,-71.698678,1.5814251416398055
2019-04-07,41.790646,-71.698678,0.005935399867334421
2019-04-08,41.790646,-71.698678,13.375691265637363
2019-04-09,41.790646,-71.698678,2.912758018030611
2019-04-10,41.790646,-71.698678,0.0
2019-04-11,41.790646,-71.698678,0.0014445937329543186
2019-04-12,41.790646,-71.698678,0.06500671771386779
2019-04-13,41.790646,-71.698678,26.064865987062017
2019-04-14,41.790646,-71.698678,0.09827024295263762
2019-04-15,41.790646,-71.698678,20.12444446454028
2019-04-16,41.790646,-71.698678,0.0
2019-04-17,41.790646,-71.698678,0.0
2019-04-18,41.790646,-71.698678,0.3433254045352701
2019-04-19,41.790646,-71.698678,0.0
2019-04-20,41.790646,-71.698678,22.64221816135136
2019-04-21,41.790646,-71.698678,4.348849423462079
2019-04-22,41.790646,-71.698678,16.313122102425098
2019-04-23,41.790646,-71.698678,1.5471091043974328
2019-04-24,41.790646,-71.698678,3.9001031113912963
2019-04-25,41.790646,-71.698678,0.0
2019-04-26,41.790646,-71.698678,25.222680949220265
2019-04-27,41.790646,-71.698678,20.73839686372623
2019-04-28,41.790646,-71.698678,1.1403282682514124
2019-04-29,41.790646,-71.698678,0.0
2019-04-30,41.790646,-71.698678,3.101267916628002
2019-05-01,41.790646,-71.698678,0.022586612678497167
2019-05-02,41.790646,-71.698678,0.45663361079611375
2019-05-03,41.790646,-71.698678,1.8193510090962077
2019-05-04,41.790646,-71.698678,3.9073605441600865
2019-05-05,41.790646,-71.698678,17.78247889731615
2019-05-06,41.790646,-71.698678,15.080840101969468
2019-05-07,41.790646,-71.698678,0.065638865604322
2019-05-08,41.790646,-71.698678,1.6928315293326426
2019-05-09,41.790646,-71.698678,0.0
2019-05-10,41.790646,-71.698678,1.2127814032879625
2019-05-11,41.790646,-71.698678,0.23708185652756658
2019-05-12,41.790646,-71.698678,31.18142882784498
2019-05-13,41.790646,-71.698678,3.323389266678877
2019-05-14,41.790646,-71.698678,2.5112578570262745
2019-05-15,41.790646,-71.698678,0.034167805740128766
2019-05-16,41.790646,-71.698678,0.02430868158081928
2019-05-17,41.790646,-71.698678,1.9690440894269248
2019-05-18,41.790646,-71.698678,0.23135518704323502
2019-05-19,41.790646,-71.698678,0.005778374931817275
2019-05-20,41.790646,-71.698678,8.01830912244213
2019-05-21,41.790646,-71.698678,0.0
2019-05-22,41.790646,-71.698678,0.0
2019-05-23,41.790646,-71.698678,0.10608926578340785
2019-05-24,41.790646,-71.698678,0.4711067233684946
2019-05-25,41.790646,-71.698678,0.0
2019-05-26,41.790646,-71.698678,0.5856928815744327
2019-05-27,41.790646,-71.698678,0.0714746195469874
2019-05-28,41.790646,-71.698678,0.3486979946896942
2019-05-29,41.790646,-71.698678,3.541349125208104
2019-05-30,41.790646,-71.698678,4.9933610079053725
2019-05-31,41.790646,-71.698678,5.882302732263053
2019-06-01,41.790646,-71.698678,0.0
2019-06-02,41.790646,-71.698678,0.04638402277559601
2019-06-03,41.790646,-71.698678,0.9111578955938652
2019-06-04,41.790646,-71.698678,0.0
2019-06-05,41.790646,-71.698678,0.04750145078568907
2019-06-06,41.790646,-71.698678,1.3162745482374463
2019-06-07,41.790646,-71.698678,0.2827800155496989
2019-06-08,41.790646,-71.698678,0.22667350672210285
2019-06-09,41.790646,-71.698678,0.0
2019-06-10,41.790646,-71.698678,0.5239846845466659
2019-06-11,41.790646,-71.698678,20.066658239830076
2019-06-12,41.790646,-71.698678,0.0
2019-06-13,41.790646,-71.698678,19.38986916620679
2019-06-14,41.790646,-71.698678,1.254761452559177
2019-06-15,41.790646,-71.698678,0.003046212401425784
2019-06-16,41.790646,-71.698678,7.798120950458853
2019-06-17,41.790646,-71.698678,0.22601741629496047
2019-06-18,41.790646,-71.698678,12.78873496650515
2019-06-19,41.790646,-71.698678,0.2843987529106953
2019-06-20,41.790646,-71.698678,2.3458651170141467
2019-06-21,41.790646,-71.698678,12.722917534313696
2019-06-22,41.790646,-71.698678,0.216043488789529
2019-06-23,41.790646,-71.698678,0.0
2019-06-24,41.790646,-71.698678,0.041631898350441614
2019-06-25,41.790646,-71.698678,9.525525487070215
2019-06-26,41.790646,-71.698678,0.0
2019-06-27,41.790646,-71.698678,0.0
2019-06-28,41.790646,-71.698678,0.0
2019-06-29,41.790646,-71.698678,11.556573120919698
2019-06-30,41.790646,-71.698678,4.447971615999552
2019-07-01,41.790646,-71.698678,0.0
2019-07-02,41.790646,-71.698678,0.4324642503085187
2019-07-03,41.790646,-71.698678,0.014436687987695299
2019-07-04,41.790646,-71.698678,0.29775526748767533
2019-07-05,41.790646,-71.698678,0.0
2019-07-06,41.790646,-71.698678,3.330001355999042
2019-07-07,41.790646,-71.698678,3.103581386810622
2019-07-08,41.790646,-71.698678,0.0
2019-07-09,41.790646,-71.698678,0.0
2019-07-10,41.790646,-71.698678,0.0
2019-07-11,41.790646,-71.698678,0.0940016251062361
2019-07-12,41.790646,-71.698678,14.590281740216614
2019-07-13,41.790646,-71.698678,0.0
2019-07-14,41.790646,-71.698678,0.0
2019-07-15,41.790646,-71.698678,0.0
2019-07-16,41.790646,-71.698678,0.0
2019-07-17,41.790646,-71.698678,4.878388167900361
2019-07-18,41.790646,-71.698678,3.7542784500617157
2019-07-19,41.790646,-71.698678,0.0
2019-07-20,41.790646,-71.698678,0.31599717557609647
2019-07-21,41.790646,-71.698678,0.3851090641567238
2019-07-22,41.790646,-71.698678,9.772722804343811
2019-07-23,41.790646,-71.698678,51.81465503684943
2019-07-24,41.790646,-71.698678,11.778141357322411
2019-07-25,41.790646,-71.698678,7.016449978918058
2019-07-26,41.790646,-71.698678,0.0
2019-07-27,41.790646,-71.698678,0.0
2019-07-28,41.790646,-71.698678,0.0
2019-07-29,41.790646,-71.698678,0.7962399412568171
2019-07-30,41.790646,-71.698678,0.0
2019-07-31,41.790646,-71.698678,0.44483360753369533
2019-08-01,41.790646,-71.698678,0.12526791040195057
2019-08-02,41.790646,-71.698678,0.0
2019-08-03,41.790646,-71.698678,1.5173708139176578
2019-08-04,41.790646,-71.698678,0.0
2019-08-05,41.790646,-71.698678,0.0
2019-08-06,41.790646,-71.698678,2.4200855487336623
2019-08-07,41.790646,-71.698678,0.7601351675941077
2019-08-08,41.790646,-71.698678,12.480608133855835
2019-08-09,41.790646,-71.698678,0.0995605174611873
2019-08-10,41.790646,-71.698678,0.35690930673301874
2019-08-11,41.790646,-71.698678,0.0
2019-08-12,41.790646,-71.698678,0.010112156399756789
2019-08-13,41.790646,-71.698678,5.289911417376532
2019-08-14,41.790646,-71.698678,0.09562562839259002
2019-08-15,41.790646,-71.698678,0.0
2019-08-16,41.790646,-71.698678,0.05018396417796448
2019-08-17,41.790646,-71.698678,1.9381713847090927
2019-08-18,41.790646,-71.698678,0.6399224956876025
2019-08-19,41.790646,-71.698678,17.582569842623087
2019-08-20,41.790646,-71.698678,0.0
2019-08-21,41.790646,-71.698678,5.1288740779942135
2019-08-22,41.790646,-71.698678,10.235904028306674
2019-08-23,41.790646,-71.698678,2.923033330167162
2019-08-24,41.790646,-71.698678,0.0
2019-08-25,41.790646,-71.698678,0.0
2019-08-26,41.790646,-71.698678,0.0
2019-08-27,41.790646,-71.698678,0.9117209213648663
2019-08-28,41.790646,-71.698678,29.105608782552817
2019-08-29,41.790646,-71.698678,8.404227303475714
2019-08-30,41.790646,-71.698678,0.0
2019-08-31,41.790646,-71.698678,0.0
2019-09-01,41.790646,-71.698678,0.0
2019-09-02,41.790646,-71.698678,8.543729650169478
2019-09-03,41.790646,-71.698678,2.6448297509842797
2019-09-04,41.790646,-71.698678,10.288023134577404
2019-09-05,41.790646,-71.698678,0.0
2019-09-06,41.790646,-71.698678,3.169592469495574
2019-09-07,41.790646,-71.698678,2.7557008010400663
2019-09-08,41.790646,-71.698678,0.0
2019-09-09,41.790646,-71.698678,0.0
2019-09-10,41.790646,-71.698678,0.0
2019-09-11,41.790646,-71.698678,0.11961885776603917
2019-09-12,41.790646,-71.698678,6.389639278437748
2019-09-13,41.790646,-71.698678,0.0
2019-09-14,41.790646,-71.698678,0.0
2019-09-15,41.790646,-71.698678,0.04301342386423652
2019-09-16,41.790646,-71.698678,0.0
2019-09-17,41.790646,-71.698678,0.0
2019-09-18,41.790646,-71.698678,0.0
2019-09-19,41.790646,-71.698678,0.0
2019-09-20,41.790646,-71.698678,0.0
2019-09-21,41.790646,-71.698678,0.0
2019-09-22,41.790646,-71.698678,0.0
2019-09-23,41.790646,-71.698678,0.0
2019-09-24,41.790646,-71.698678,6.101557916777241
2019-09-25,41.790646,-71.698678,0.0
2019-09-26,41.790646,-71.698678,2.7745768039825767
2019-09-27,41.790646,-71.698678,0.0
2019-09-28,41.790646,-71.698678,0.0
2019-09-29,41.790646,-71.698678,0.1616596995080086
2019-09-30,41.790646,-71.698678,0.12601924959538735
2019-10-01,41.790646,-71.698678,0.0070861669201908555
2019-10-02,41.790646,-71.698678,0.20582222456771193
2019-10-03,41.790646,-71.698678,0.8802579947760545
2019-10-04,41.790646,-71.698678,0.23436595678412095
2019-10-05,41.790646,-71.698678,0.0
2019-10-06,41.790646,-71.698678,0.0
2019-10-07,41.790646,-71.698678,0.04649835951096144
2019-10-08,41.790646,-71.698678,1.566681897043174
2019-10-09,41.790646,-71.698678,22.900475659774504
2019-10-10,41.790646,-71.698678,14.251213513837353
2019-10-11,41.790646,-71.698678,0.013227882309528583
2019-10-12,41.790646,-71.698678,0.0
2019-10-13,41.790646,-71.698678,0.0
2019-10-14,41.790646,-71.698678,0.004999999888241291
2019-10-15,41.790646,-71.698678,0.0
2019-10-16,41.790646,-71.698678,10.526246598922727
2019-10-17,41.790646,-71.698678,41.8361225084466
2019-10-18,41.790646,-71.698678,0.0
2019-10-19,41.790646,-71.698678,0.0
2019-10-20,41.790646,-71.698678,4.302393858918334
2019-10-21,41.790646,-71.698678,3.75078825642719
2019-10-22,41.790646,-71.698678,0.012620005952676424
2019-10-23,41.790646,-71.698678,0.2593607325752348
2019-10-24,41.790646,-71.698678,0.0
2019-10-25,41.790646,-71.698678,0.347297020696527
2019-10-26,41.790646,-71.698678,0.26841974926205087
2019-10-27,41.790646,-71.698678,39.35193823780418
2019-10-28,41.790646,-71.698678,0.0
2019-10-29,41.790646,-71.698678,0.0
2019-10-30,41.790646,-71.698678,0.17401756177263916
2019-10-31,41.790646,-71.698678,7.731551107336452
2019-11-01,41.790646,-71.698678,0.7386283401104476
2019-11-02,41.790646,-71.698678,0.0
2019-11-03,41.790646,-71.698678,0.0
2019-11-04,41.790646,-71.698678,0.0
2019-11-05,41.790646,-71.698678,8.924125676046483
2019-11-06,41.790646,-71.698678,0.0
2019-11-07,41.790646,-71.698678,4.6250521824587425
2019-11-08,41.790646,-71.698678,4.028701201233096
2019-11-09,41.790646,-71.698678,0.0
2019-11-10,41.790646,-71.698678,0.0
2019-11-11,41.790646,-71.698678,0.0
2019-11-12,41.790646,-71.698678,10.757122881066556
2019-11-13,41.790646,-71.698678,0.19648069847345986
2019-11-14,41.790646,-71.698678,0.0010430328981054662
2019-11-15,41.790646,-71.698678,0.02080749531687147
2019-11-16,41.790646,-71.698678,0.0
2019-11-17,41.790646,-71.698678,0.011871204677623369
2019-11-18,41.790646,-71.698678,1.3262546092308143
2019-11-19,41.790646,-71.698678,2.2906156736341448
2019-11-20,41.790646,-71.698678,0.3313183384058201
2019-11-21,41.790646,-71.698678,0.0
2019-11-22,41.790646,-71.698678,10.12232299366584
2019-11-23,41.790646,-71.698678,0.0
2019-11-24,41.790646,-71.698678,41.3895628066717
2019-11-25,41.790646,-71.698678,0.12492892171246124
2019-11-26,41.790646,-71.698678,0.0
2019-11-27,41.790646,-71.698678,2.0692453738479264
2019-11-28,41.790646,-71.698678,0.5195240546112163
2019-11-29,41.790646,-71.698678,0.0
2019-11-30,41.790646,-71.698678,0.0
2019-12-01,41.790646,-71.698678,7.68659386909171
2019-12-02,41.790646,-71.698678,3.0972383031715855
2019-12-03,41.790646,-71.698678,0.8994031247580191
2019-12-04,41.790646,-71.698678,0.7590438733289202
2019-12-05,41.790646,-71.698678,0.0
2019-12-06,41.790646,-71.698678,0.14765361703986932
2019-12-07,41.790646,-71.698678,0.0
2019-12-08,41.790646,-71.698678,0.0
2019-12-09,41.790646,-71.698678,25.63585650227671
2019-12-10,41.790646,-71.698678,42.682524430053746
2019-12-11,41.790646,-71.698678,9.503251873921082
2019-12-12,41.790646,-71.698678,0.026709298850227697
2019-12-13,41.790646,-71.698678,1.1495998405848673
2019-12-14,41.790646,-71.698678,66.54303622407664
2019-12-15,41.790646,-71.698678,0.0
2019-12-16,41.790646,-71.698678,0.0
2019-12-17,41.790646,-71.698678,11.269778349294347
2019-12-18,41.790646,-71.698678,0.7802396644321516
2019-12-19,41.790646,-71.698678,0.0
2019-12-20,41.790646,-71.698678,0.0
2019-12-21,41.790646,-71.698678,0.0
2019-12-22,41.790646,-71.698678,0.00521516429624731
2019-12-23,41.790646,-71.698678,0.0
2019-12-24,41.790646,-71.698678,0.0
2019-12-25,41.790646,-71.698678,0.0
2019-12-26,41.790646,-71.698678,0.026899317894724144
2019-12-27,41.790646,-71.698678,0.04792083109060302
2019-12-28,41.790646,-71.698678,0.0
2019-12-29,41.790646,-71.698678,0.851016749502526
2019-12-30,41.790646,-71.698678,38.28451055743064
2019-12-31,41.790646,-71.698678,0.0
2020-01-01,41.790646,-71.698678,0.0
2020-01-02,41.790646,-71.698678,0.0
2020-01-03,41.790646,-71.698678,6.462541765082992
2020-01-04,41.790646,-71.698678,12.153238384819105
2020-01-05,41.790646,-71.698678,4.5853703555117455
2020-01-06,41.790646,-71.698678,0.0
2020-01-07,41.790646,-71.698678,0.06500671771386779
2020-01-08,41.790646,-71.698678,0.9559897497920083
2020-01-09,41.790646,-71.698678,0.0
2020-01-10,41.790646,-71.698678,0.0009892670564686141
2020-01-11,41.790646,-71.698678,0.02449583493269303
2020-01-12,41.790646,-71.698678,5.014334081415429
2020-01-13,41.790646,-71.698678,0.04115298833304375
2020-01-14,41.790646,-71.698678,0.026002686655024622
2020-01-15,41.790646,-71.698678,0.0
2020-01-16,41.790646,-71.698678,0.3957557576516909
2020-01-17,41.790646,-71.698678,0.006096899863722241
2020-01-18,41.790646,-71.698678,0.7733879995743227
2020-01-19,41.790646,-71.698678,4.135602863650492
2020-01-20,41.790646,-71.698678,0.0
2020-01-21,41.790646,-71.698678,0.0
2020-01-22,41.790646,-71.698678,0.0
2020-01-23,41.790646,-71.698678,0.0
2020-01-24,41.790646,-71.698678,0.08564273812132144
2020-01-25,41.790646,-71.698678,13.425894759471383
2020-01-26,41.790646,-71.698678,8.368996824091305
2020-01-27,41.790646,-71.698678,0.0
2020-01-28,41.790646,-71.698678,0.0
2020-01-29,41.790646,-71.698678,0.0
2020-01-30,41.790646,-71.698678,0.0
2020-01-31,41.790646,-71.698678,0.04356817523792295
2020-02-01,41.790646,-71.698678,0.5829365505647454
2020-02-02,41.790646,-71.698678,0.044593510737144265
2020-02-03,41.790646,-71.698678,0.0010430328981054662
2020-02-04,41.790646,-71.698678,2.0719410573112627
2020-02-05,41.790646,-71.698678,2.841851368453474
2020-02-06,41.790646,-71.698678,7.544368348637941
2020-02-07,41.790646,-71.698678,31.22835353016807
2020-02-08,41.790646,-71.698678,0.0
2020-02-09,41.790646,-71.698678,0.0028891874659086373
2020-02-10,41.790646,-71.698678,6.187818017813302
2020-02-11,41.790646,-71.698678,16.016282142529793
2020-02-12,41.790646,-71.698678,0.07793218612534628
2020-02-13,41.790646,-71.698678,25.739563296446196
2020-02-14,41.790646,-71.698678,0.4355492198445505
2020-02-15,41.790646,-71.698678,0.0
2020-02-16,41.790646,-71.698678,0.006655384398349609
2020-02-17,41.790646,-71.698678,0.0
2020-02-18,41.790646,-71.698678,0.27088811776326294
2020-02-19,41.790646,-71.698678,2.129768995696101
2020-02-20,41.790646,-71.698678,0.0
2020-02-21,41.790646,-71.698678,0.0
2020-02-22,41.790646,-71.698678,0.0
2020-02-23,41.790646,-71.698678,0.0
2020-02-24,41.790646,-71.698678,0.0
2020-02-25,41.790646,-71.698678,1.2223138736050854
2020-02-26,41.790646,-71.698678,0.9041017847027106
2020-02-27,41.790646,-71.698678,15.902870397277491
2020-02-28,41.790646,-71.698678,0.02827082788971273
2020-02-29,41.790646,-71.698678,0.0
2020-03-01,41.790646,-71.698678,0.0
2020-03-02,41.790646,-71.698678,0.0
2020-03-03,41.790646,-71.698678,11.580624091464935
2020-03-04,41.790646,-71.698678,3.407780541227744
2020-03-05,41.790646,-71.698678,0.016754168491542456
2020-03-06,41.790646,-71.698678,0.30272573297622746
2020-03-07,41.790646,-71.698678,0.11997731388481883
2020-03-08,41.790646,-71.698678,0.0
2020-03-09,41.790646,-71.698678,0.0
2020-03-10,41.790646,-71.698678,0.0
2020-03-11,41.790646,-71.698678,0.4073096185186548
2020-03-12,41.790646,-71.698678,0.03744905312162802
2020-03-13,41.790646,-71.698678,2.5285558586215653
2020-03-14,41.790646,-71.698678,0.0
2020-03-15,41.790646,-71.698678,4.53400706246607
2020-03-16,41.790646,-71.698678,0.009138637204277354
2020-03-17,41.790646,-71.698678,0.01286047154982663
2020-03-18,41.790646,-71.698678,0.0
2020-03-19,41.790646,-71.698678,12.683224373580483
2020-03-20,41.790646,-71.698678,2.4246471974680874
2020-03-21,41.790646,-71.698678,0.33211019909716
2020-03-22,41.790646,-71.698678,0.0
2020-03-23,41.790646,-71.698678,48.18634192761748
2020-03-24,41.790646,-71.698678,31.59093982058387
2020-03-25,41.790646,-71.698678,0.16982165706645203
2020-03-26,41.790646,-71.698678,0.06170944880982041
2020-03-27,41.790646,-71.698678,0.9443083260061091
2020-03-28,41.790646,-71.698678,4.739615965558314
2020-03-29,41.790646,-71.698678,9.399605260613042
2020-03-30,41.790646,-71.698678,0.9164928699286004
2020-03-31,41.790646,-71.698678,0.0
2020-04-01,41.790646,-71.698678,0.0009892670564686141
2020-04-02,41.790646,-71.698678,1.7222585096449299
2020-04-03,41.790646,-71.698678,14.7126522468628
2020-04-04,41.790646,-71.698678,0.1140939709423297
2020-04-05,41.790646,-71.698678,0.002967801169405842
2020-04-06,41.790646,-71.698678,0.05846024136350912
2020-04-07,41.790646,-71.698678,0.0020860657962109325
2020-04-08,41.790646,-71.698678,3.329746491197052
2020-04-09,41.790646,-71.698678,17.023144751005653
2020-04-10,41.790646,-71.698678,0.0523135460151429
2020-04-11,41.790646,-71.698678,0.0
2020-04-12,41.790646,-71.698678,0.009735443157691731
2020-04-13,41.790646,-71.698678,39.92027431619281
2020-04-14,41.790646,-71.698678,0.12448923587924711
2020-04-15,41.790646,-71.698678,11.152088012242556
2020-04-16,41.790646,-71.698678,0.0
2020-04-17,41.790646,-71.698678,0.055880777586180076
2020-04-18,41.790646,-71.698678,13.314010437015288
2020-04-19,41.790646,-71.698678,0.7484860970351566
2020-04-20,41.790646,-71.698678,0.4480510756834671
2020-04-21,41.790646,-71.698678,10.760644384145422
2020-04-22,41.790646,-71.698678,0.0
2020-04-23,41.790646,-71.698678,0.010661743688690889
2020-04-24,41.790646,-71.698678,24.32945047638163
2020-04-25,41.790646,-71.698678,0.09292507317747474
2020-04-26,41.790646,-71.698678,2.548516670751823
2020-04-27,41.790646,-71.698678,0.0
2020-04-28,41.790646,-71.698678,0.0
2020-04-29,41.790646,-71.698678,0.0
2020-04-30,41.790646,-71.698678,8.878436736062142
2020-05-01,41.790646,-71.698678,18.18075492845275
2020-05-02,41.790646,-71.698678,0.07976570284655085
2020-05-03,41.790646,-71.698678,1.0994358382327218
2020-05-04,41.790646,-71.698678,4.379297162846688
2020-05-05,41.790646,-71.698678,0.0
2020-05-06,41.790646,-71.698678,1.5864104195169741
2020-05-07,41.790646,-71.698678,0.6187585464476189
2020-05-08,41.790646,-71.698678,3.2239932804442875
2020-05-09,41.790646,-71.698678,3.553692069329131
2020-05-10,41.790646,-71.698678,0.004569318602138677
2020-05-11,41.790646,-71.698678,1.427634345638845
2020-05-12,41.790646,-71.698678,0.09804509436471404
2020-05-13,41.790646,-71.698678,0.0038784545223772508
2020-05-14,41.790646,-71.698678,0.02532787459681018
2020-05-15,41.790646,-71.698678,5.019552844084691
2020-05-16,41.790646,-71.698678,13.530130098675098
2020-05-17,41.790646,-71.698678,0.0
2020-05-18,41.790646,-71.698678,0.2039969067797718
2020-05-19,41.790646,-71.698678,0.03893724884169385
2020-05-20,41.790646,-71.698678,0.1752358780262557
2020-05-21,41.790646,-71.698678,0.0
2020-05-22,41.790646,-71.698678,0.0
2020-05-23,41.790646,-71.698678,12.95563599421839
2020-05-24,41.790646,-71.698678,0.016754168491542456
2020-05-25,41.790646,-71.698678,0.03198523220087524
2020-05-26,41.790646,-71.698678,0.0
2020-05-27,41.790646,-71.698678,0.0
2020-05-28,41.790646,-71.698678,0.0
2020-05-29,41.790646,-71.698678,0.10994614379666734
2020-05-30,41.790646,-71.698678,2.64606126333848
2020-05-31,41.790646,-71.698678,0.0
2020-06-01,41.790646,-71.698678,0.0
2020-06-02,41.790646,-71.698678,1.7962599455708703
2020-06-03,41.790646,-71.698678,1.6471965348571695
2020-06-04,41.790646,-71.698678,1.579971395641642
2020-06-05,41.790646,-71.698678,15.105132685363758
2020-06-06,41.790646,-71.698678,19.488764981616413
2020-06-07,41.790646,-71.698678,0.024134464763679805
2020-06-08,41.790646,-71.698678,0.0
2020-06-09,41.790646,-71.698678,0.0
2020-06-10,41.790646,-71.698678,0.322130546632091
2020-06-11,41.790646,-71.698678,7.27981051930836
2020-06-12,41.790646,-71.698678,0.0014445937329543186
2020-06-13,41.790646,-71.698678,0.0
2020-06-14,41.790646,-71.698678,0.0
2020-06-15,41.790646,-71.698678,0.6474963919988203
2020-06-16,41.790646,-71.698678,0.0
2020-06-17,41.790646,-71.698678,0.0
2020-06-18,41.790646,-71.698678,0.0
2020-06-19,41.790646,-71.698678,0.0
2020-06-20,41.790646,-71.698678,0.0
2020-06-21,41.790646,-71.698678,0.11895832876500376
2020-06-22,41.790646,-71.698678,0.020224312799513578
2020-06-23,41.790646,-71.698678,0.0
2020-06-24,41.790646,-71.698678,0.7860581792258176
2020-06-25,41.790646,-71.698678,0.0
2020-06-26,41.790646,-71.698678,1.3513386607479019
2020-06-27,41.790646,-71.698678,15.696507865217914
2020-06-28,41.790646,-71.698678,10.56108300267908
2020-06-29,41.790646,-71.698678,0.9305326407559869
2020-06-30,41.790646,-71.698678,4.133105318309821
2020-07-01,41.790646,-71.698678,2.447700449956904
2020-07-02,41.790646,-71.698678,0.6007998193016816
2020-07-03,41.790646,-71.698678,14.112980826274823
2020-07-04,41.790646,-71.698678,0.04902254718235702
2020-07-05,41.790646,-71.698678,0.0
2020-07-06,41.790646,-71.698678,0.04098876428654979
2020-07-07,41.790646,-71.698678,0.0
2020-07-08,41.790646,-71.698678,0.01334436411454363
2020-07-09,41.790646,-71.698678,0.0
2020-07-10,41.790646,-71.698678,0.3037573369168184
2020-07-11,41.790646,-71.698678,0.0
2020-07-12,41.790646,-71.698678,0.0
2020-07-13,41.790646,-71.698678,1.257405680847377
2020-07-14,41.790646,-71.698678,0.8987848984822341
2020-07-15,41.790646,-71.698678,0.012184849605703136
2020-07-16,41.790646,-71.698678,0.0
2020-07-17,41.790646,-71.698678,2.767528926128319
2020-07-18,41.790646,-71.698678,0.0
2020-07-19,41.790646,-71.698678,0.0
2020-07-20,41.790646,-71.698678,2.7527953048635005
2020-07-21,41.790646,-71.698678,0.0
2020-07-22,41.790646,-71.698678,1.7922857735702105
2020-07-23,41.790646,-71.698678,6.5872566554346745
2020-07-24,41.790646,-71.698678,5.407651285253045
2020-07-25,41.790646,-71.698678,0.15933050708040347
2020-07-26,41.790646,-71.698678,0.0
2020-07-27,41.790646,-71.698678,0.5005375566640922
2020-07-28,41.790646,-71.698678,8.217737304380412
2020-07-29,41.790646,-71.698678,0.0
2020-07-30,41.790646,-71.698678,1.3912675108555472
2020-07-31,41.790646,-71.698678,10.305971086408185
2020-08-01,41.790646,-71.698678,0.0
2020-08-02,41.790646,-71.698678,0.017806199602003265
2020-08-03,41.790646,-71.698678,0.0
2020-08-04,41.790646,-71.698678,2.2398707014487833
2020-08-05,41.790646,-71.698678,0.0
2020-08-06,41.790646,-71.698678,0.038972660909065315
2020-08-07,41.790646,-71.698678,0.8640233094373361
2020-08-08,41.790646,-71.698678,0.15589979176883298
2020-08-09,41.790646,-71.698678,0.0
2020-08-10,41.790646,-71.698678,0.0
2020-08-11,41.790646,-71.698678,0.0
2020-08-12,41.790646,-71.698678,0.1921046707871999
2020-08-13,41.790646,-71.698678,0.7680286837345057
2020-08-14,41.790646,-71.698678,0.03624049781127254
2020-08-15,41.790646,-71.698678,0.021244974058521274
2020-08-16,41.790646,-71.698678,24.5031127868681
2020-08-17,41.790646,-71.698678,4.543384696153554
2020-08-18,41.790646,-71.698678,11.491320763380097
2020-08-19,41.790646,-71.698678,2.4467442997174706
2020-08-20,41.790646,-71.698678,0.0
2020-08-21,41.790646,-71.698678,0.0
2020-08-22,41.790646,-71.698678,3.1141690982887686
2020-08-23,41.790646,-71.698678,0.0
2020-08-24,41.790646,-71.698678,1.666899382939839
2020-08-25,41.790646,-71.698678,0.8696891230706614
2020-08-26,41.790646,-71.698678,0.0
2020-08-27,41.790646,-71.698678,17.206181817320466
2020-08-28,41.790646,-71.698678,0.5289015957503844
2020-08-29,41.790646,-71.698678,7.018102658882305
2020-08-30,41.790646,-71.698678,0.9486140095165495
2020-08-31,41.790646,-71.698678,0.004569318602138677
2020-09-01,41.790646,-71.698678,0.020475347143190038
2020-09-02,41.790646,-71.698678,6.189372418608646
2020-09-03,41.790646,-71.698678,2.658702524954901
2020-09-04,41.790646,-71.698678,0.4598659711314307
2020-09-05,41.790646,-71.698678,0.0
2020-09-06,41.790646,-71.698678,0.0
2020-09-07,41.790646,-71.698678,0.0
2020-09-08,41.790646,-71.698678,0.0
2020-09-09,41.790646,-71.698678,1.8126307460943942
2020-09-10,41.790646,-71.698678,11.444295226315734
2020-09-11,41.790646,-71.698678,2.1099952165327918
2020-09-12,41.790646,-71.698678,0.0
2020-09-13,41.790646,-71.698678,0.0
2020-09-14,41.790646,-71.698678,3.2520822975947468
2020-09-15,41.790646,-71.698678,0.0
2020-09-16,41.790646,-71.698678,0.0
2020-09-17,41.790646,-71.698678,0.0
2020-09-18,41.790646,-71.698678,10.26535885359173
2020-09-19,41.790646,-71.698678,0.0
2020-09-20,41.790646,-71.698678,0.0
2020-09-21,41.790646,-71.698678,0.0
2020-09-22,41.790646,-71.698678,1.547216552236015
2020-09-23,41.790646,-71.698678,0.0
2020-09-24,41.790646,-71.698678,0.05177057259318611
2020-09-25,41.790646,-71.698678,0.0
2020-09-26,41.790646,-71.698678,0.0
2020-09-27,41.790646,-71.698678,0.0
2020-09-28,41.790646,-71.698678,0.10352067403965913
2020-09-29,41.790646,-71.698678,0.13800803712898407
2020-09-30,41.790646,-71.698678,18.919122104369357
2020-10-01,41.790646,-71.698678,0.0
2020-10-02,41.790646,-71.698678,0.21950150496540866
2020-10-03,41.790646,-71.698678,0.0
2020-10-04,41.790646,-71.698678,0.0
2020-10-05,41.790646,-71.698678,1.4803315916918887
2020-10-06,41.790646,-71.698678,0.0
2020-10-07,41.790646,-71.698678,5.951927687519516
2020-10-08,41.790646,-71.698678,0.0
2020-10-09,41.790646,-71.698678,0.0
2020-10-10,41.790646,-71.698678,0.0
2020-10-11,41.790646,-71.698678,0.00834426318484373
2020-10-12,41.790646,-71.698678,24.26072139138423
2020-10-13,41.790646,-71.698678,11.956061821940061
2020-10-14,41.790646,-71.698678,0.0
2020-10-15,41.790646,-71.698678,0.0
2020-10-16,41.790646,-71.698678,0.10470176524132013
2020-10-17,41.790646,-71.698678,50.99701603267008
2020-10-18,41.790646,-71.698678,0.0
2020-10-19,41.790646,-71.698678,0.017032603142248498
2020-10-20,41.790646,-71.698678,0.5739901960668574
2020-10-21,41.790646,-71.698678,0.0
2020-10-22,41.790646,-71.698678,0.0
2020-10-23,41.790646,-71.698678,0.0
2020-10-24,41.790646,-71.698678,0.0
2020-10-25,41.790646,-71.698678,0.3533090535232015
2020-10-26,41.790646,-71.698678,0.5155247682246766
2020-10-27,41.790646,-71.698678,1.2287847307859505
2020-10-28,41.790646,-71.698678,6.638643417078675
2020-10-29,41.790646,-71.698678,28.545476178876015
2020-10-30,41.790646,-71.698678,17.07431396754747
2020-10-31,41.790646,-71.698678,0.0
2020-11-01,41.790646,-71.698678,9.198121390389318
2020-11-02,41.790646,-71.698678,4.475701991403547
2020-11-03,41.790646,-71.698678,0.13421706305209471
2020-11-04,41.790646,-71.698678,0.0
2020-11-05,41.790646,-71.698678,0.0
2020-11-06,41.790646,-71.698678,0.0
2020-11-07,41.790646,-71.698678,0.017565786876291716
2020-11-08,41.790646,-71.698678,0.0
2020-11-09,41.790646,-71.698678,0.0
2020-11-10,41.790646,-71.698678,0.0
2020-11-11,41.790646,-71.698678,2.4021165061989023
2020-11-12,41.790646,-71.698678,41.15828173844189
2020-11-13,41.790646,-71.698678,1.0325074287995586
2020-11-14,41.790646,-71.698678,0.0
2020-11-15,41.790646,-71.698678,0.0
2020-11-16,41.790646,-71.698678,6.323003067419495
2020-11-17,41.790646,-71.698678,0.0020860657962109325
2020-11-18,41.790646,-71.698678,0.0
2020-11-19,41.790646,-71.698678,0.0
2020-11-20,41.790646,-71.698678,0.07041167668159379
2020-11-21,41.790646,-71.698678,0.004569318602138677
2020-11-22,41.790646,-71.698678,0.0466554328098983
2020-11-23,41.790646,-71.698678,63.116503483924554
2020-11-24,41.790646,-71.698678,0.0
2020-11-25,41.790646,-71.698678,1.291937787649704
2020-11-26,41.790646,-71.698678,7.7792373906774746
2020-11-27,41.790646,-71.698678,0.0
2020-11-28,41.790646,-71.698678,0.0
2020-11-29,41.790646,-71.698678,0.0
2020-11-30,41.790646,-71.698678,25.65531971535945
2020-12-01,41.790646,-71.698678,3.7121921518689476
2020-12-02,41.790646,-71.698678,0.0
2020-12-03,41.790646,-71.698678,0.0
2020-12-04,41.790646,-71.698678,2.57321795795262
2020-12-05,41.790646,-71.698678,97.95986518699733
2020-12-06,41.790646,-71.698678,0.11653401955926822
2020-12-07,41.790646,-71.698678,0.0
2020-12-08,41.790646,-71.698678,0.0
2020-12-09,41.790646,-71.698678,0.1396056004992045
2020-12-10,41.790646,-71.698678,0.0
2020-12-11,41.790646,-71.698678,0.0
2020-12-12,41.790646,-71.698678,3.013795796080192
2020-12-13,41.790646,-71.698678,0.6676508045018754
2020-12-14,41.790646,-71.698678,5.885194621854495
2020-12-15,41.790646,-71.698678,0.0
2020-12-16,41.790646,-71.698678,0.03443633565340995
2020-12-17,41.790646,-71.698678,10.774659569486136
2020-12-18,41.790646,-71.698678,0.0
2020-12-19,41.790646,-71.698678,0.0
2020-12-20,41.790646,-71.698678,1.2047582250119229
2020-12-21,41.790646,-71.698678,0.0
2020-12-22,41.790646,-71.698678,0.055262505242570495
2020-12-23,41.790646,-71.698678,0.0
2020-12-24,41.790646,-71.698678,0.0051322781976367166
2020-12-25,41.790646,-71.698678,82.15396241148181
2020-12-26,41.790646,-71.698678,0.2519237807193943
2020-12-27,41.790646,-71.698678,0.0
2020-12-28,41.790646,-71.698678,0.006092424802851568
2020-12-29,41.790646,-71.698678,0.0
2020-12-30,41.790646,-71.698678,0.0
2020-12-31,41.790646,-71.698678,5.305910435724612
2021-01-01,41.790646,-71.698678,0.04767159184210973
2021-01-02,41.790646,-71.698678,8.66479575404589
2021-01-03,41.790646,-71.698678,0.12592594446511643
2021-01-04,41.790646,-71.698678,1.7227307563200243
2021-01-05,41.790646,-71.698678,0.0
2021-01-06,41.790646,-71.698678,0.0
2021-01-07,41.790646,-71.698678,0.0
2021-01-08,41.790646,-71.698678,0.0
2021-01-09,41.790646,-71.698678,0.0
2021-01-10,41.790646,-71.698678,0.0
2021-01-11,41.790646,-71.698678,0.004569318602138677
2021-01-12,41.790646,-71.698678,0.0
2021-01-13,41.790646,-71.698678,0.0
2021-01-14,41.790646,-71.698678,0.003046212401425784
2021-01-15,41.790646,-71.698678,0.0
2021-01-16,41.790646,-71.698678,71.07537937715482
2021-01-17,41.790646,-71.698678,0.0
2021-01-18,41.790646,-71.698678,0.0
2021-01-19,41.790646,-71.698678,0.0
2021-01-20,41.790646,-71.698678,0.0
2021-01-21,41.790646,-71.698678,0.0
2021-01-22,41.790646,-71.698678,0.0
2021-01-23,41.790646,-71.698678,0.0
2021-01-24,41.790646,-71.698678,0.0
2021-01-25,41.790646,-71.698678,0.11504045730729141
2021-01-26,41.790646,-71.698678,0.1584971553234743
2021-01-27,41.790646,-71.698678,0.0
2021-01-28,41.790646,-71.698678,0.0
2021-01-29,41.790646,-71.698678,0.0
2021-01-30,41.790646,-71.698678,0.0
2021-01-31,41.790646,-71.698678,0.07668974063456661
2021-02-01,41.790646,-71.698678,13.786356748111528
2021-02-02,41.790646,-71.698678,1.2824476134112743
2021-02-03,41.790646,-71.698678,0.0
2021-02-04,41.790646,-71.698678,0.0
2021-02-05,41.790646,-71.698678,4.2563922047443485
2021-02-06,41.790646,-71.698678,0.0019785341129372283
2021-02-07,41.790646,-71.698678,22.0935343523429
2021-02-08,41.790646,-71.698678,0.0
2021-02-09,41.790646,-71.698678,0.7000064476936103
2021-02-10,41.790646,-71.698678,0.0
2021-02-11,41.790646,-71.698678,0.21747701981648282
2021-02-12,41.790646,-71.698678,0.0009892670564686141
2021-02-13,41.790646,-71.698678,1.2314544810827488
2021-02-14,41.790646,-71.698678,2.939681607351829
2021-02-15,41.790646,-71.698678,2.0370385961559974
2021-02-16,41.790646,-71.698678,23.661273657909312
2021-02-17,41.790646,-71.698678,0.11673351008358154
2021-02-18,41.790646,-71.698678,3.657571139840088
2021-02-19,41.790646,-71.698678,2.2576358097227667
2021-02-20,41.790646,-71.698678,0.24346163700984347
2021-02-21,41.790646,-71.698678,0.029731777351429924
2021-02-22,41.790646,-71.698678,12.33553312521659
2021-02-23,41.790646,-71.698678,0.31071905233723285
2021-02-24,41.790646,-71.698678,0.004333781198862956
2021-02-25,41.790646,-71.698678,0.1894765641665697
2021-02-26,41.790646,-71.698678,0.0
2021-02-27,41.790646,-71.698678,1.0118952793497897
2021-02-28,41.790646,-71.698678,0.48815263730826186
2021-03-01,41.790646,-71.698678,17.06960168718691
2021-03-02,41.790646,-71.698678,0.15481956783340103
2021-03-03,41.790646,-71.698678,0.0
2021-03-04,41.790646,-71.698678,0.0
2021-03-05,41.790646,-71.698678,0.0
2021-03-06,41.790646,-71.698678,0.003046212401425784
2021-03-07,41.790646,-71.698678,0.0
2021-03-08,41.790646,-71.698678,0.0
2021-03-09,41.790646,-71.698678,0.0
2021-03-10,41.790646,-71.698678,0.0
2021-03-11,41.790646,-71.698678,0.061703820176655655
2021-03-12,41.790646,-71.698678,1.299330433700635
2021-03-13,41.790646,-71.698678,0.003046212401425784
2021-03-14,41.790646,-71.698678,0.008903403323952173
2021-03-15,41.790646,-71.698678,0.0
2021-03-16,41.790646,-71.698678,0.0
2021-03-17,41.790646,-71.698678,0.001523106200712892
2021-03-18,41.790646,-71.698678,15.813527927617088
2021-03-19,41.790646,-71.698678,4.912716407557573
2021-03-20,41.790646,-71.698678,0.0
2021-03-21,41.790646,-71.698678,0.0
2021-03-22,41.790646,-71.698678,0.0
2021-03-23,41.790646,-71.698678,0.0
2021-03-24,41.790646,-71.698678,0.37071890649908773
2021-03-25,41.790646,-71.698678,10.681893519106325
2021-03-26,41.790646,-71.698678,2.089429383291964
2021-03-27,41.790646,-71.698678,0.0
2021-03-28,41.790646,-71.698678,14.733876699854754
2021-03-29,41.790646,-71.698678,14.512144989375733
2021-03-30,41.790646,-71.698678,0.0
2021-03-31,41.790646,-71.698678,0.31161692830978344
2021-04-01,41.790646,-71.698678,14.396042420696471
2021-04-02,41.790646,-71.698678,0.0
2021-04-03,41.790646,-71.698678,0.09389859129664792
2021-04-04,41.790646,-71.698678,0.0
2021-04-05,41.790646,-71.698678,0.0
2021-04-06,41.790646,-71.698678,0.0
2021-04-07,41.790646,-71.698678,0.008667562397725911
2021-04-08,41.790646,-71.698678,0.0
2021-04-09,41.790646,-71.698678,0.0
2021-04-10,41.790646,-71.698678,0.03416816102894471
2021-04-11,41.790646,-71.698678,7.356144960175435
2021-04-12,41.790646,-71.698678,0.666994830035922
2021-04-13,41.790646,-71.698678,0.07657931592254463
2021-04-14,41.790646,-71.698678,0.08378643597319738
2021-04-15,41.790646,-71.698678,4.825439431504217
2021-04-16,41.790646,-71.698678,13.208089258551517
2021-04-17,41.790646,-71.698678,0.12043082623711361
2021-04-18,41.790646,-71.698678,0.0
2021-04-19,41.790646,-71.698678,0.0
2021-04-20,41.790646,-71.698678,0.0
2021-04-21,41.790646,-71.698678,6.55419802909005
2021-04-22,41.790646,-71.698678,0.0
2021-04-23,41.790646,-71.698678,0.0
2021-04-24,41.790646,-71.698678,0.0
2021-04-25,41.790646,-71.698678,32.5648898213608
2021-04-26,41.790646,-71.698678,0.0
2021-04-27,41.790646,-71.698678,1.7690057660014151
2021-04-28,41.790646,-71.698678,5.004990104402437
2021-04-29,41.790646,-71.698678,17.103395182721655
2021-04-30,41.790646,-71.698678,5.127364114644504
2021-05-01,41.790646,-71.698678,1.1014783133934694
2021-05-02,41.790646,-71.698678,5.257226655446545
2021-05-03,41.790646,-71.698678,3.339033370516522
2021-05-04,41.790646,-71.698678,34.25835262641389
2021-05-05,41.790646,-71.698678,7.7012000944647045
2021-05-06,41.790646,-71.698678,0.0
2021-05-07,41.790646,-71.698678,0.005000101123979923
2021-05-08,41.790646,-71.698678,0.0404708714410045
2021-05-09,41.790646,-71.698678,1.3306716057763148
2021-05-10,41.790646,-71.698678,13.201617554255435
2021-05-11,41.790646,-71.698678,0.0
2021-05-12,41.790646,-71.698678,0.0
2021-05-13,41.790646,-71.698678,0.0
2021-05-14,41.790646,-71.698678,0.01043032859249462
2021-05-15,41.790646,-71.698678,0.0
2021-05-16,41.790646,-71.698678,0.6605505670300207
2021-05-17,41.790646,-71.698678,3.8600193329825485
2021-05-18,41.790646,-71.698678,0.03938789797579809
2021-05-19,41.790646,-71.698678,0.0
2021-05-20,41.790646,-71.698678,0.0
2021-05-21,41.790646,-71.698678,0.0456760754459676
2021-05-22,41.790646,-71.698678,0.7690878820284648
2021-05-23,41.790646,-71.698678,0.007301230481018283
2021-05-24,41.790646,-71.698678,0.08626797187705199
2021-05-25,41.790646,-71.698678,0.010264556395273433
2021-05-26,41.790646,-71.698678,0.13307543070486827
2021-05-27,41.790646,-71.698678,12.376520351427695
2021-05-28,41.790646,-71.698678,1.928371127604521
2021-05-29,41.790646,-71.698678,44.09543533249419
2021-05-30,41.790646,-71.698678,8.949335738535789
2021-05-31,41.790646,-71.698678,3.7563997870139465
2021-06-01,41.790646,-71.698678,0.03575448433643297
2021-06-02,41.790646,-71.698678,1.0593894110390418
2021-06-03,41.790646,-71.698678,2.282158453344488
2021-06-04,41.790646,-71.698678,15.377170342198353
2021-06-05,41.790646,-71.698678,0.21475797401681715
2021-06-06,41.790646,-71.698678,0.0
2021-06-07,41.790646,-71.698678,0.0
2021-06-08,41.790646,-71.698678,0.048932927639825444
2021-06-09,41.790646,-71.698678,1.2912642883765812
2021-06-10,41.790646,-71.698678,0.0
2021-06-11,41.790646,-71.698678,0.2060959429033168
2021-06-12,41.790646,-71.698678,1.36445962991478
2021-06-13,41.790646,-71.698678,0.0
2021-06-14,41.790646,-71.698678,16.6917084360122
2021-06-15,41.790646,-71.698678,0.16412529622809297
2021-06-16,41.790646,-71.698678,0.0
2021-06-17,41.790646,-71.698678,0.0
2021-06-18,41.790646,-71.698678,0.0
2021-06-19,41.790646,-71.698678,1.170780860109919
2021-06-20,41.790646,-71.698678,6.309647815897414
2021-06-21,41.790646,-71.698678,0.0
2021-06-22,41.790646,-71.698678,11.356265965791938
2021-06-23,41.790646,-71.698678,2.2240119625986545
2021-06-24,41.790646,-71.698678,0.0
2021-06-25,41.790646,-71.698678,0.0
2021-06-26,41.790646,-71.698678,0.06390929072041289
2021-06-27,41.790646,-71.698678,0.0
2021-06-28,41.790646,-71.698678,0.0
2021-06-29,41.790646,-71.698678,0.17707880329214726
2021-06-30,41.790646,-71.698678,3.2163137521786602
2021-07-01,41.790646,-71.698678,9.600448133247651
2021-07-02,41.790646,-71.698678,31.67933711454471
2021-07-03,41.790646,-71.698678,31.88404965016345
2021-07-04,41.790646,-71.698678,2.7949479198420444
2021-07-05,41.790646,-71.698678,0.0
2021-07-06,41.790646,-71.698678,25.008864115967107
2021-07-07,41.790646,-71.698678,9.529552923246177
2021-07-08,41.790646,-71.698678,20.629998471411508
2021-07-09,41.790646,-71.698678,65.30615670271855
2021-07-10,41.790646,-71.698678,0.8223828546034162
2021-07-11,41.790646,-71.698678,0.0
2021-07-12,41.790646,-71.698678,14.260277836257325
2021-07-13,41.790646,-71.698678,0.618519699720859
2021-07-14,41.790646,-71.698678,0.13946142570496192
2021-07-15,41.790646,-71.698678,0.0
2021-07-16,41.790646,-71.698678,4.090039522174125
2021-07-17,41.790646,-71.698678,2.005108124552681
2021-07-18,41.790646,-71.698678,5.767466561826087
2021-07-19,41.790646,-71.698678,0.009138637204277354
2021-07-20,41.790646,-71.698678,0.0
2021-07-21,41.790646,-71.698678,0.2604667809986013
2021-07-22,41.790646,-71.698678,0.058687181020289345
2021-07-23,41.790646,-71.698678,1.2595381620043882
2021-07-24,41.790646,-71.698678,0.0
2021-07-25,41.790646,-71.698678,8.287327035145196
2021-07-26,41.790646,-71.698678,0.33730814816303833
2021-07-27,41.790646,-71.698678,0.08852964341594223
2021-07-28,41.790646,-71.698678,8.664855713416744
2021-07-29,41.790646,-71.698678,2.577731631583796
2021-07-30,41.790646,-71.698678,0.0
2021-07-31,41.790646,-71.698678,0.0
2021-08-01,41.790646,-71.698678,0.0
2021-08-02,41.790646,-71.698678,0.0
2021-08-03,41.790646,-71.698678,0.04764062884639522
2021-08-04,41.790646,-71.698678,31.13237044158191
2021-08-05,41.790646,-71.698678,21.262451226930153
2021-08-06,41.790646,-71.698678,0.0
2021-08-07,41.790646,-71.698678,0.04030247320208222
2021-08-08,41.790646,-71.698678,7.705711102024801
2021-08-09,41.790646,-71.698678,1.0135594442038776
2021-08-10,41.790646,-71.698678,0.0
2021-08-11,41.790646,-71.698678,0.15457152323735132
2021-08-12,41.790646,-71.698678,1.0454622746690305
2021-08-13,41.790646,-71.698678,8.214503519178146
2021-08-14,41.790646,-71.698678,4.922589833882324
2021-08-15,41.790646,-71.698678,0.0
2021-08-16,41.790646,-71.698678,0.0
2021-08-17,41.790646,-71.698678,0.05635493141228152
2021-08-18,41.790646,-71.698678,2.669302318266359
2021-08-19,41.790646,-71.698678,28.718509656964695
2021-08-20,41.790646,-71.698678,0.0
2021-08-21,41.790646,-71.698678,0.0
2021-08-22,41.790646,-71.698678,22.81272122242832
2021-08-23,41.790646,-71.698678,3.5937731963355946
2021-08-24,41.790646,-71.698678,0.46545786131656197
2021-08-25,41.790646,-71.698678,0.0
2021-08-26,41.790646,-71.698678,0.0
2021-08-27,41.790646,-71.698678,2.9218355050949825
2021-08-28,41.790646,-71.698678,0.19224352852900983
2021-08-29,41.790646,-71.698678,1.1963998334450352
2021-08-30,41.790646,-71.698678,0.0
2021-08-31,41.790646,-71.698678,0.7305571476948679
2021-09-01,41.790646,-71.698678,12.97666684043293
2021-09-02,41.790646,-71.698678,89.88781978032462
2021-09-03,41.790646,-71.698678,0.0
2021-09-04,41.790646,-71.698678,0.0
2021-09-05,41.790646,-71.698678,5.170938472567287
2021-09-06,41.790646,-71.698678,0.049430641933343955
2021-09-07,41.790646,-71.698678,0.0
2021-09-08,41.790646,-71.698678,0.0
2021-09-09,41.790646,-71.698678,28.864984433354703
2021-09-10,41.790646,-71.698678,6.630646032246612
2021-09-11,41.790646,-71.698678,0.0
2021-09-12,41.790646,-71.698678,0.001523106200712892
2021-09-13,41.790646,-71.698678,0.0542214702867375
2021-09-14,41.790646,-71.698678,0.0
2021-09-15,41.790646,-71.698678,0.0
2021-09-16,41.790646,-71.698678,9.176652215536564
2021-09-17,41.790646,-71.698678,0.3492871093716631
2021-09-18,41.790646,-71.698678,0.0
2021-09-19,41.790646,-71.698678,0.0
2021-09-20,41.790646,-71.698678,0.0
2021-09-21,41.790646,-71.698678,0.0
2021-09-22,41.790646,-71.698678,0.008667562397725911
2021-09-23,41.790646,-71.698678,0.0
2021-09-24,41.790646,-71.698678,9.256344343315835
2021-09-25,41.790646,-71.698678,0.0
2021-09-26,41.790646,-71.698678,6.170636161655644
2021-09-27,41.790646,-71.698678,0.0019785341129372283
2021-09-28,41.790646,-71.698678,11.420340763199762
2021-09-29,41.790646,-71.698678,0.05213702360552277
2021-09-30,41.790646,-71.698678,0.0
2021-10-01,41.790646,-71.698678,0.0
2021-10-02,41.790646,-71.698678,0.00834426318484373
2021-10-03,41.790646,-71.698678,0.4069563671114633
2021-10-04,41.790646,-71.698678,33.653524970889166
2021-10-05,41.790646,-71.698678,14.313657486316405
2021-10-06,41.790646,-71.698678,0.0
2021-10-07,41.790646,-71.698678,0.0
2021-10-08,41.790646,-71.698678,0.0
2021-10-09,41.790646,-71.698678,0.0
2021-10-10,41.790646,-71.698678,10.693829942496398
2021-10-11,41.790646,-71.698678,0.01627409414355308
2021-10-12,41.790646,-71.698678,0.0
2021-10-13,41.790646,-71.698678,0.0
2021-10-14,41.790646,-71.698678,0.0
2021-10-15,41.790646,-71.698678,0.21737783938795224
2021-10-16,41.790646,-71.698678,0.003046212401425784
2021-10-17,41.790646,-71.698678,10.088914828437503
2021-10-18,41.790646,-71.698678,0.0
2021-10-19,41.790646,-71.698678,0.0
2021-10-20,41.790646,-71.698678,0.0
2021-10-21,41.790646,-71.698678,0.0072229683956950355
2021-10-22,41.790646,-71.698678,0.0
2021-10-23,41.790646,-71.698678,0.020773900088447678
2021-10-24,41.790646,-71.698678,0.01703702597930244
2021-10-25,41.790646,-71.698678,7.892803714936133
2021-10-26,41.790646,-71.698678,32.98628900276646
2021-10-27,41.790646,-71.698678,12.34614810328031
2021-10-28,41.790646,-71.698678,0.0
2021-10-29,41.790646,-71.698678,0.0
2021-10-30,41.790646,-71.698678,12.535679064708285
2021-10-31,41.790646,-71.698678,17.696541808933667
2021-11-01,41.790646,-71.698678,0.0
2021-11-02,41.790646,-71.698678,0.5322323735356358
2021-11-03,41.790646,-71.698678,0.0
2021-11-04,41.790646,-71.698678,0.06743110541518413
2021-11-05,41.790646,-71.698678,0.0
2021-11-06,41.790646,-71.698678,0.0
2021-11-07,41.790646,-71.698678,0.0
2021-11-08,41.790646,-71.698678,1.5644905090941865
2021-11-09,41.790646,-71.698678,0.0
2021-11-10,41.790646,-71.698678,0.716956678890591
2021-11-11,41.790646,-71.698678,0.140112399520995
2021-11-12,41.790646,-71.698678,28.220999216885883
2021-11-13,41.790646,-71.698678,1.4847945026578506
2021-11-14,41.790646,-71.698678,0.0
2021-11-15,41.790646,-71.698678,4.143221352674909
2021-11-16,41.790646,-71.698678,0.0
2021-11-17,41.790646,-71.698678,0.0
2021-11-18,41.790646,-71.698678,0.03209511145787619
2021-11-19,41.790646,-71.698678,9.258487208831992
2021-11-20,41.790646,-71.698678,0.0
2021-11-21,41.790646,-71.698678,0.1337273639503806
2021-11-22,41.790646,-71.698678,8.25482242139846
2021-11-23,41.790646,-71.698678,0.0
2021-11-24,41.790646,-71.698678,0.0
2021-11-25,41.790646,-71.698678,0.09874862424732947
2021-11-26,41.790646,-71.698678,8.046412450031433
2021-11-27,41.790646,-71.698678,0.0
2021-11-28,41.790646,-71.698678,0.022946724146880298
2021-11-29,41.790646,-71.698678,0.0
2021-11-30,41.790646,-71.698678,0.0
2021-12-01,41.790646,-71.698678,0.0019785341129372283
2021-12-02,41.790646,-71.698678,4.2053536389685595
2021-12-03,41.790646,-71.698678,0.43442574054250677
2021-12-04,41.790646,-71.698678,0.0
2021-12-05,41.790646,-71.698678,0.0755410301061673
2021-12-06,41.790646,-71.698678,10.802378151368798
2021-12-07,41.790646,-71.698678,3.1933484822967007
2021-12-08,41.790646,-71.698678,0.627634429289116
2021-12-09,41.790646,-71.698678,0.0
2021-12-10,41.790646,-71.698678,0.12312030017069399
2021-12-11,41.790646,-71.698678,9.683543244341948
2021-12-12,41.790646,-71.698678,17.392721257000584
2021-12-13,41.790646,-71.698678,0.0
2021-12-14,41.790646,-71.698678,0.0
2021-12-15,41.790646,-71.698678,2.2486864368034127
2021-12-16,41.790646,-71.698678,6.201922597939321
2021-12-17,41.790646,-71.698678,0.012184849605703136
2021-12-18,41.790646,-71.698678,3.65958917393239
2021-12-19,41.790646,-71.698678,2.1357497402138534
2021-12-20,41.790646,-71.698678,0.0
2021-12-21,41.790646,-71.698678,0.0
2021-12-22,41.790646,-71.698678,0.6220416087346452
2021-12-23,41.790646,-71.698678,0.0
2021-12-24,41.790646,-71.698678,0.0072229683956950355
2021-12-25,41.790646,-71.698678,12.795338504201625
2021-12-26,41.790646,-71.698678,0.6727335735435082
2021-12-27,41.790646,-71.698678,0.0
2021-12-28,41.790646,-71.698678,0.19087818946236196
2021-12-29,41.790646,-71.698678,1.2148543382250032
2021-12-30,41.790646,-71.698678,1.3064443111923698
2021-12-31,41.790646,-71.698678,0.05935450491051487
2022-01-01,41.790646,-71.698678,1.927011131677788
2022-01-02,41.790646,-71.698678,19.380112155181337
2022-01-03,41.790646,-71.698678,0.45864824727543063
2022-01-04,41.790646,-71.698678,0.02741591104543077
2022-01-05,41.790646,-71.698678,3.634665604899359
2022-01-06,41.790646,-71.698678,0.011258650594143256
2022-01-07,41.790646,-71.698678,4.348093297331945
2022-01-08,41.790646,-71.698678,0.0
2022-01-09,41.790646,-71.698678,2.0037923752517677
2022-01-10,41.790646,-71.698678,9.23241267846678
2022-01-11,41.790646,-71.698678,0.0
2022-01-12,41.790646,-71.698678,0.0
2022-01-13,41.790646,-71.698678,0.0
2022-01-14,41.790646,-71.698678,0.4954448467893807
2022-01-15,41.790646,-71.698678,0.0
2022-01-16,41.790646,-71.698678,0.0
2022-01-17,41.790646,-71.698678,24.992416474130316
2022-01-18,41.790646,-71.698678,0.0
2022-01-19,41.790646,-71.698678,0.0
2022-01-20,41.790646,-71.698678,5.37647108077373
2022-01-21,41.790646,-71.698678,0.0
2022-01-22,41.790646,-71.698678,3.0537644401440316
2022-01-23,41.790646,-71.698678,0.0
2022-01-24,41.790646,-71.698678,0.0
2022-01-25,41.790646,-71.698678,1.1843560797035833
2022-01-26,41.790646,-71.698678,0.0
2022-01-27,41.790646,-71.698678,0.0
2022-01-28,41.790646,-71.698678,0.1525931243248743
2022-01-29,41.790646,-71.698678,13.596636071870542
2022-01-30,41.790646,-71.698678,0.10639748754446667
2022-01-31,41.790646,-71.698678,0.0
2022-02-01,41.790646,-71.698678,0.0
2022-02-02,41.790646,-71.698678,0.0
2022-02-03,41.790646,-71.698678,0.680303142044014
2022-02-04,41.790646,-71.698678,43.82678924144955
2022-02-05,41.790646,-71.698678,2.1701592240760084
2022-02-06,41.790646,-71.698678,0.0
2022-02-07,41.790646,-71.698678,0.593367230627831
2022-02-08,41.790646,-71.698678,20.48886397154878
2022-02-09,41.790646,-71.698678,0.0019785341129372283
2022-02-10,41.790646,-71.698678,0.0
2022-02-11,41.790646,-71.698678,0.0
2022-02-12,41.790646,-71.698678,0.0
2022-02-13,41.790646,-71.698678,0.017653296988189657
2022-02-14,41.790646,-71.698678,0.015136752267884555
2022-02-15,41.790646,-71.698678,0.0
2022-02-16,41.790646,-71.698678,0.0
2022-02-17,41.790646,-71.698678,0.0019785341129372283
2022-02-18,41.790646,-71.698678,30.81815948955087
2022-02-19,41.790646,-71.698678,0.0028891874659086373
2022-02-20,41.790646,-71.698678,0.0
2022-02-21,41.790646,-71.698678,0.0
2022-02-22,41.790646,-71.698678,6.020048592147158
2022-02-23,41.790646,-71.698678,15.330193279882959
2022-02-24,41.790646,-71.698678,4.648242554056866
2022-02-25,41.790646,-71.698678,34.046195555315805
2022-02-26,41.790646,-71.698678,0.020774609475698366
2022-02-27,41.790646,-71.698678,0.0
2022-02-28,41.790646,-71.698678,0.0
2022-03-01,41.790646,-71.698678,0.0
2022-03-02,41.790646,-71.698678,2.562880051997724
2022-03-03,41.790646,-71.698678,3.506842219319587
2022-03-04,41.790646,-71.698678,0.0
2022-03-05,41.790646,-71.698678,0.0
2022-03-06,41.790646,-71.698678,8.80904720908482
2022-03-07,41.790646,-71.698678,1.4406293927198965
2022-03-08,41.790646,-71.698678,8.065029483003041
2022-03-09,41.790646,-71.698678,3.6588221750457985
2022-03-10,41.790646,-71.698678,0.0
2022-03-11,41.790646,-71.698678,0.0
2022-03-12,41.790646,-71.698678,20.85881039266006
2022-03-13,41.790646,-71.698678,0.0
2022-03-14,41.790646,-71.698678,0.0
2022-03-15,41.790646,-71.698678,0.0
2022-03-16,41.790646,-71.698678,1.1461763976691106
2022-03-17,41.790646,-71.698678,5.495628190876737
2022-03-18,41.790646,-71.698678,0.8669668640993214
2022-03-19,41.790646,-71.698678,0.21003042717658993
2022-03-20,41.790646,-71.698678,1.4807741836375135
2022-03-21,41.790646,-71.698678,0.08681705429173676
2022-03-22,41.790646,-71.698678,0.0
2022-03-23,41.790646,-71.698678,0.021572145494372308
2022-03-24,41.790646,-71.698678,14.87806970592656
2022-03-25,41.790646,-71.698678,16.03661506452185
2022-03-26,41.790646,-71.698678,3.075232620313733
2022-03-27,41.790646,-71.698678,0.06500671771386779
2022-03-28,41.790646,-71.698678,0.0
2022-03-29,41.790646,-71.698678,0.0
2022-03-30,41.790646,-71.698678,0.0
2022-03-31,41.790646,-71.698678,0.5585114323636938
2022-04-01,41.790646,-71.698678,1.5421974436749957
2022-04-02,41.790646,-71.698678,0.0
2022-04-03,41.790646,-71.698678,1.2130176138745747
2022-04-04,41.790646,-71.698678,0.0
2022-04-05,41.790646,-71.698678,0.013310768796699218
2022-04-06,41.790646,-71.698678,7.603670876953901
2022-04-07,41.790646,-71.698678,1.64641784069346
2022-04-08,41.790646,-71.698678,5.824814085047311
2022-04-09,41.790646,-71.698678,0.0
2022-04-10,41.790646,-71.698678,0.0
2022-04-11,41.790646,-71.698678,0.0
2022-04-12,41.790646,-71.698678,10.310911187560762
2022-04-13,41.790646,-71.698678,0.0
2022-04-14,41.790646,-71.698678,1.2827348609735576
2022-04-15,41.790646,-71.698678,7.525269999253574
2022-04-16,41.790646,-71.698678,0.14712221270287995
2022-04-17,41.790646,-71.698678,11.176220574927086
2022-04-18,41.790646,-71.698678,0.4397090198308185
2022-04-19,41.790646,-71.698678,42.05282583290588
2022-04-20,41.790646,-71.698678,0.0
2022-04-21,41.790646,-71.698678,0.17742918835741908
2022-04-22,41.790646,-71.698678,0.0
2022-04-23,41.790646,-71.698678,0.01064609651066314
2022-04-24,41.790646,-71.698678,0.4294793079868952
2022-04-25,41.790646,-71.698678,0.012184849605703136
2022-04-26,41.790646,-71.698678,0.07920152130226782
2022-04-27,41.790646,-71.698678,4.730085112401672
2022-04-28,41.790646,-71.698678,0.0
2022-04-29,41.790646,-71.698678,0.0
2022-04-30,41.790646,-71.698678,0.0
2022-05-01,41.790646,-71.698678,0.0
2022-05-02,41.790646,-71.698678,0.07194794255419146
2022-05-03,41.790646,-71.698678,1.2069484684285086
2022-05-04,41.790646,-71.698678,10.0873398287396
2022-05-05,41.790646,-71.698678,0.0
2022-05-06,41.790646,-71.698678,3.0701632116799993
2022-05-07,41.790646,-71.698678,9.366521865046584
2022-05-08,41.790646,-71.698678,0.1635225507804109
2022-05-09,41.790646,-71.698678,0.0
2022-05-10,41.790646,-71.698678,0.0
2022-05-11,41.790646,-71.698678,0.0
2022-05-12,41.790646,-71.698678,0.0
2022-05-13,41.790646,-71.698678,0.0
2022-05-14,41.790646,-71.698678,0.08500151463343689
2022-05-15,41.790646,-71.698678,0.6823908571832586
2022-05-16,41.790646,-71.698678,0.0
2022-05-17,41.790646,-71.698678,3.217604048793633
2022-05-18,41.790646,-71.698678,0.0
2022-05-19,41.790646,-71.698678,11.593463117104122
2022-05-20,41.790646,-71.698678,0.006258197388632797
2022-05-21,41.790646,-71.698678,1.5466685792606645
2022-05-22,41.790646,-71.698678,0.0
2022-05-23,41.790646,-71.698678,1.167748295169033
2022-05-24,41.790646,-71.698678,1.98789609355866
2022-05-25,41.790646,-71.698678,0.0
2022-05-26,41.790646,-71.698678,0.08158985870906912
2022-05-27,41.790646,-71.698678,0.0072229683956950355
2022-05-28,41.790646,-71.698678,7.873627625705787
2022-05-29,41.790646,-71.698678,0.0
2022-05-30,41.790646,-71.698678,0.0
2022-05-31,41.790646,-71.698678,0.016758542227253873
2022-06-01,41.790646,-71.698678,1.4526614358987164
2022-06-02,41.790646,-71.698678,2.8917038310504024
2022-06-03,41.790646,-71.698678,0.4133785724863212
2022-06-04,41.790646,-71.698678,0.0458278654273459
2022-06-05,41.790646,-71.698678,0.0
2022-06-06,41.790646,-71.698678,0.0
2022-06-07,41.790646,-71.698678,0.4766102446745017
2022-06-08,41.790646,-71.698678,14.215417010446924
2022-06-09,41.790646,-71.698678,15.720835657452902
2022-06-10,41.790646,-71.698678,0.0
2022-06-11,41.790646,-71.698678,0.1941958648335585
2022-06-12,41.790646,-71.698678,0.26515716257051913
2022-06-13,41.790646,-71.698678,15.430360473595035
2022-06-14,41.790646,-71.698678,0.0
2022-06-15,41.790646,-71.698678,0.0
2022-06-16,41.790646,-71.698678,0.12144720848174059
2022-06-17,41.790646,-71.698678,9.486206544965022
2022-06-18,41.790646,-71.698678,0.1046497468855386
2022-06-19,41.790646,-71.698678,11.496360656979293
2022-06-20,41.790646,-71.698678,0.0
2022-06-21,41.790646,-71.698678,0.0
2022-06-22,41.790646,-71.698678,2.6839009561451075
2022-06-23,41.790646,-71.698678,0.0
2022-06-24,41.790646,-71.698678,0.6213707398355954
2022-06-25,41.790646,-71.698678,0.0
2022-06-26,41.790646,-71.698678,0.0
2022-06-27,41.790646,-71.698678,20.592907235828427
2022-06-28,41.790646,-71.698678,3.4739093474514844
2022-06-29,41.790646,-71.698678,0.0
2022-06-30,41.790646,-71.698678,0.0
2022-07-01,41.790646,-71.698678,0.0
2022-07-02,41.790646,-71.698678,12.859220114286709
2022-07-03,41.790646,-71.698678,3.24583565311024
2022-07-04,41.790646,-71.698678,0.0
2022-07-05,41.790646,-71.698678,3.667363136567039
2022-07-06,41.790646,-71.698678,0.2403942429226969
2022-07-07,41.790646,-71.698678,0.0
2022-07-08,41.790646,-71.698678,0.029048899056450406
2022-07-09,41.790646,-71.698678,0.5516255870401512
2022-07-10,41.790646,-71.698678,0.007615530719863817
2022-07-11,41.790646,-71.698678,0.0
2022-07-12,41.790646,-71.698678,0.0
2022-07-13,41.790646,-71.698678,0.5432946291927471
2022-07-14,41.790646,-71.698678,0.8444202536492439
2022-07-15,41.790646,-71.698678,0.0
2022-07-16,41.790646,-71.698678,2.0158211110764035
2022-07-17,41.790646,-71.698678,0.6269143516267586
2022-07-18,41.790646,-71.698678,13.104960409813415
2022-07-19,41.790646,-71.698678,2.8817242565129355
2022-07-20,41.790646,-71.698678,0.015645492888741928
2022-07-21,41.790646,-71.698678,0.0072229683956950355
2022-07-22,41.790646,-71.698678,0.0
2022-07-23,41.790646,-71.698678,0.0
2022-07-24,41.790646,-71.698678,0.0
2022-07-25,41.790646,-71.698678,3.2871353556867824
2022-07-26,41.790646,-71.698678,1.6280277140878734
2022-07-27,41.790646,-71.698678,0.0
2022-07-28,41.790646,-71.698678,0.0
2022-07-29,41.790646,-71.698678,0.42865923290705277
2022-07-30,41.790646,-71.698678,2.3252685896946637
2022-07-31,41.790646,-71.698678,0.0
2022-08-01,41.790646,-71.698678,10.486347389770769
2022-08-02,41.790646,-71.698678,0.1418207825514
2022-08-03,41.790646,-71.698678,0.0
2022-08-04,41.790646,-71.698678,0.0
2022-08-05,41.790646,-71.698678,0.0
2022-08-06,41.790646,-71.698678,0.0
2022-08-07,41.790646,-71.698678,0.015828272903497826
2022-08-08,41.790646,-71.698678,0.025430632158714408
2022-08-09,41.790646,-71.698678,5.441478205651891
2022-08-10,41.790646,-71.698678,0.11681030344604162
2022-08-11,41.790646,-71.698678,3.1338314601833517
2022-08-12,41.790646,-71.698678,0.03824583121043432
2022-08-13,41.790646,-71.698678,7.097134496081982
2022-08-14,41.790646,-71.698678,1.0985845956592286
2022-08-15,41.790646,-71.698678,0.0
2022-08-16,41.790646,-71.698678,0.003046212401425784
2022-08-17,41.790646,-71.698678,7.840292090509902
2022-08-18,41.790646,-71.698678,0.0
2022-08-19,41.790646,-71.698678,0.0
2022-08-20,41.790646,-71.698678,0.0
2022-08-21,41.790646,-71.698678,0.0
2022-08-22,41.790646,-71.698678,10.032148586039835
2022-08-23,41.790646,-71.698678,3.5199671306971325
2022-08-24,41.790646,-71.698678,1.639555362297235
2022-08-25,41.790646,-71.698678,0.0
2022-08-26,41.790646,-71.698678,16.79555909075478
2022-08-27,41.790646,-71.698678,0.0
2022-08-28,41.790646,-71.698678,0.0
2022-08-29,41.790646,-71.698678,0.0
2022-08-30,41.790646,-71.698678,0.0
2022-08-31,41.790646,-71.698678,4.41219796524125
2022-09-01,41.790646,-71.698678,0.0
2022-09-02,41.790646,-71.698678,0.0
2022-09-03,41.790646,-71.698678,0.0
2022-09-04,41.790646,-71.698678,0.24139012116439135
2022-09-05,41.790646,-71.698678,31.246033424375856
2022-09-06,41.790646,-71.698678,58.018454022918334
2022-09-07,41.790646,-71.698678,0.0
2022-09-08,41.790646,-71.698678,0.0
2022-09-09,41.790646,-71.698678,0.0
2022-09-10,41.790646,-71.698678,0.0
2022-09-11,41.790646,-71.698678,2.5278197027928138
2022-09-12,41.790646,-71.698678,3.740807728428009
2022-09-13,41.790646,-71.698678,17.653143120052125
2022-09-14,41.790646,-71.698678,0.0
2022-09-15,41.790646,-71.698678,0.0
2022-09-16,41.790646,-71.698678,0.0
2022-09-17,41.790646,-71.698678,0.0
2022-09-18,41.790646,-71.698678,0.0
2022-09-19,41.790646,-71.698678,0.01043032859249462
2022-09-20,41.790646,-71.698678,1.3056660066613563
2022-09-21,41.790646,-71.698678,0.0
2022-09-22,41.790646,-71.698678,26.29073768455446
2022-09-23,41.790646,-71.698678,0.0
2022-09-24,41.790646,-71.698678,0.0
2022-09-25,41.790646,-71.698678,1.1823417600690864
2022-09-26,41.790646,-71.698678,5.140289751470579
2022-09-27,41.790646,-71.698678,0.3700052274227317
2022-09-28,41.790646,-71.698678,0.0
2022-09-29,41.790646,-71.698678,0.7024654702830687
2022-09-30,41.790646,-71.698678,0.04297745454549565
2022-10-01,41.790646,-71.698678,29.389875875058156
2022-10-02,41.790646,-71.698678,0.006547852715075905
2022-10-03,41.790646,-71.698678,8.515784632230762
2022-10-04,41.790646,-71.698678,2.7451333557397026
2022-10-05,41.790646,-71.698678,11.992080032418722
2022-10-06,41.790646,-71.698678,22.436280320202002
2022-10-07,41.790646,-71.698678,0.0
2022-10-08,41.790646,-71.698678,2.719995027115527
2022-10-09,41.790646,-71.698678,0.0
2022-10-10,41.790646,-71.698678,0.09633248217550905
2022-10-11,41.790646,-71.698678,0.0
2022-10-12,41.790646,-71.698678,0.0
2022-10-13,41.790646,-71.698678,3.3115061505464274
2022-10-14,41.790646,-71.698678,46.640143733592865
2022-10-15,41.790646,-71.698678,0.021323487377381777
2022-10-16,41.790646,-71.698678,0.0
2022-10-17,41.790646,-71.698678,0.1221197351974571
2022-10-18,41.790646,-71.698678,4.991537164804363
2022-10-19,41.790646,-71.698678,0.0
2022-10-20,41.790646,-71.698678,0.0
2022-10-21,41.790646,-71.698678,0.0
2022-10-22,41.790646,-71.698678,0.0
2022-10-23,41.790646,-71.698678,21.437623879051493
2022-10-24,41.790646,-71.698678,9.370685777037075
2022-10-25,41.790646,-71.698678,0.0
2022-10-26,41.790646,-71.698678,0.8462467435136413
2022-10-27,41.790646,-71.698678,0.0
2022-10-28,41.790646,-71.698678,0.0
2022-10-29,41.790646,-71.698678,0.10161690462267224
2022-10-30,41.790646,-71.698678,0.0
2022-10-31,41.790646,-71.698678,0.0009892670564686141
2022-11-01,41.790646,-71.698678,11.730818008564228
2022-11-02,41.790646,-71.698678,0.0
2022-11-03,41.790646,-71.698678,0.0
2022-11-04,41.790646,-71.698678,0.0
2022-11-05,41.790646,-71.698678,0.0
2022-11-06,41.790646,-71.698678,0.0
2022-11-07,41.790646,-71.698678,0.14496377077029854
2022-11-08,41.790646,-71.698678,0.0
2022-11-09,41.790646,-71.698678,0.0
2022-11-10,41.790646,-71.698678,0.0
2022-11-11,41.790646,-71.698678,5.0833535278762705
2022-11-12,41.790646,-71.698678,4.675773177106462
2022-11-13,41.790646,-71.698678,5.68192667611057
2022-11-14,41.790646,-71.698678,0.023742409355246737
2022-11-15,41.790646,-71.698678,0.0
2022-11-16,41.790646,-71.698678,21.901132938375653
2022-11-17,41.790646,-71.698678,0.060924245758910534
2022-11-18,41.790646,-71.698678,0.0
2022-11-19,41.790646,-71.698678,0.0
2022-11-20,41.790646,-71.698678,0.0
2022-11-21,41.790646,-71.698678,0.0
2022-11-22,41.790646,-71.698678,0.0
2022-11-23,41.790646,-71.698678,0.0
2022-11-24,41.790646,-71.698678,0.0
2022-11-25,41.790646,-71.698678,0.9084443322267786
2022-11-26,41.790646,-71.698678,0.0
2022-11-27,41.790646,-71.698678,34.03445018442114
2022-11-28,41.790646,-71.698678,3.629870190144589
2022-11-29,41.790646,-71.698678,0.0
2022-11-30,41.790646,-71.698678,16.048421055864676
2022-12-01,41.790646,-71.698678,0.4553956775914702
2022-12-02,41.790646,-71.698678,0.005778374931817275
2022-12-03,41.790646,-71.698678,16.461297509643014
2022-12-04,41.790646,-71.698678,0.002967801169405842
2022-12-05,41.790646,-71.698678,0.18623124401371144
2022-12-06,41.790646,-71.698678,3.661369965066236
2022-12-07,41.790646,-71.698678,34.787098059101766
2022-12-08,41.790646,-71.698678,0.0
2022-12-09,41.790646,-71.698678,0.0
2022-12-10,41.790646,-71.698678,0.0
2022-12-11,41.790646,-71.698678,0.0
2022-12-12,41.790646,-71.698678,0.5135423957134382
2022-12-13,41.790646,-71.698678,0.0
2022-12-14,41.790646,-71.698678,0.0
2022-12-15,41.790646,-71.698678,0.41957654746729256
2022-12-16,41.790646,-71.698678,27.292847032869247
2022-12-17,41.790646,-71.698678,0.0
2022-12-18,41.790646,-71.698678,0.0
2022-12-19,41.790646,-71.698678,0.0
2022-12-20,41.790646,-71.698678,0.0
2022-12-21,41.790646,-71.698678,0.0
2022-12-22,41.790646,-71.698678,1.5991620933424315
2022-12-23,41.790646,-71.698678,32.64252748816236
2022-12-24,41.790646,-71.698678,0.0
2022-12-25,41.790646,-71.698678,0.0
2022-12-26,41.790646,-71.698678,0.0
2022-12-27,41.790646,-71.698678,0.0039570682258744565
2022-12-28,41.790646,-71.698678,0.0
2022-12-29,41.790646,-71.698678,0.008903099801001632
2022-12-30,41.790646,-71.698678,0.0
2022-12-31,41.790646,-71.698678,11.593323010194133
2023-01-01,41.790646,-71.698678,17.146613149895558
2023-01-02,41.790646,-71.698678,0.012184849605703136
2023-01-03,41.790646,-71.698678,17.770021204485456
2023-01-04,41.790646,-71.698678,11.862748833883835
2023-01-05,41.790646,-71.698678,2.7571724950548075
2023-01-06,41.790646,-71.698678,0.0
2023-01-07,41.790646,-71.698678,0.0
2023-01-08,41.790646,-71.698678,0.0
2023-01-09,41.790646,-71.698678,0.5682325987708482
2023-01-10,41.790646,-71.698678,0.18695195407979423
2023-01-11,41.790646,-71.698678,0.0
2023-01-12,41.790646,-71.698678,0.02639474776559026
2023-01-13,41.790646,-71.698678,19.19609804536092
2023-01-14,41.790646,-71.698678,0.6033267046941629
2023-01-15,41.790646,-71.698678,1.223228172493068
2023-01-16,41.790646,-71.698678,0.5353484276505281
2023-01-17,41.790646,-71.698678,0.23962120547278243
2023-01-18,41.790646,-71.698678,0.0
2023-01-19,41.790646,-71.698678,31.679294786336968
2023-01-20,41.790646,-71.698678,20.51429971781502
2023-01-21,41.790646,-71.698678,0.0
2023-01-22,41.790646,-71.698678,0.40044275228064274
2023-01-23,41.790646,-71.698678,32.21334721451186
2023-01-24,41.790646,-71.698678,0.0
2023-01-25,41.790646,-71.698678,3.677670079483557
2023-01-26,41.790646,-71.698678,45.605651357769865
2023-01-27,41.790646,-71.698678,0.0
2023-01-28,41.790646,-71.698678,0.0
2023-01-29,41.790646,-71.698678,0.12300159118735443
2023-01-30,41.790646,-71.698678,0.0
2023-01-31,41.790646,-71.698678,0.0
2023-02-01,41.790646,-71.698678,0.44165578163740893
2023-02-02,41.790646,-71.698678,0.0
2023-02-03,41.790646,-71.698678,0.0
2023-02-04,41.790646,-71.698678,0.0
2023-02-05,41.790646,-71.698678,0.0
2023-02-06,41.790646,-71.698678,0.0
2023-02-07,41.790646,-71.698678,0.0
2023-02-08,41.790646,-71.698678,3.3993919957243612
2023-02-09,41.790646,-71.698678,2.208636617273516
2023-02-10,41.790646,-71.698678,0.6987290229706248
2023-02-11,41.790646,-71.698678,0.0
2023-02-12,41.790646,-71.698678,0.0
2023-02-13,41.790646,-71.698678,4.764449950752073
2023-02-14,41.790646,-71.698678,0.0
2023-02-15,41.790646,-71.698678,2.2472738489661124
2023-02-16,41.790646,-71.698678,4.082070355278304
2023-02-17,41.790646,-71.698678,15.069823641585538
2023-02-18,41.790646,-71.698678,0.052431152334448373
2023-02-19,41.790646,-71.698678,0.0
2023-02-20,41.790646,-71.698678,0.0
2023-02-21,41.790646,-71.698678,3.366367881895091
2023-02-22,41.790646,-71.698678,0.07931241632102509
2023-02-23,41.790646,-71.698678,16.453798227633907
2023-02-24,41.790646,-71.698678,0.34844705121020064
2023-02-25,41.790646,-71.698678,0.7754971951536846
2023-02-26,41.790646,-71.698678,0.0
2023-02-27,41.790646,-71.698678,0.0
2023-02-28,41.790646,-71.698678,1.4694890413048085
2023-03-01,41.790646,-71.698678,0.06392533977907128
2023-03-02,41.790646,-71.698678,7.594446587595418
2023-03-03,41.790646,-71.698678,0.004333781198862956
2023-03-04,41.790646,-71.698678,14.499516999162774
2023-03-05,41.790646,-71.698678,0.0
2023-03-06,41.790646,-71.698678,0.025032789554531188
2023-03-07,41.790646,-71.698678,0.0
2023-03-08,41.790646,-71.698678,0.0
2023-03-09,41.790646,-71.698678,0.0
2023-03-10,41.790646,-71.698678,0.0
2023-03-11,41.790646,-71.698678,4.204020857701423
2023-03-12,41.790646,-71.698678,0.0
2023-03-13,41.790646,-71.698678,4.6617667624139125
2023-03-14,41.790646,-71.698678,29.341968188402323
2023-03-15,41.790646,-71.698678,0.0
2023-03-16,41.790646,-71.698678,0.01309570543015181
2023-03-17,41.790646,-71.698678,0.12563343119045642
2023-03-18,41.790646,-71.698678,2.6594443279930364
2023-03-19,41.790646,-71.698678,0.0
2023-03-20,41.790646,-71.698678,0.0
2023-03-21,41.790646,-71.698678,0.0
2023-03-22,41.790646,-71.698678,0.0
2023-03-23,41.790646,-71.698678,5.35946454737204
2023-03-24,41.790646,-71.698678,0.26865226650554785
2023-03-25,41.790646,-71.698678,4.41307922337207
2023-03-26,41.790646,-71.698678,1.5179478129839978
2023-03-27,41.790646,-71.698678,6.899266521065761
2023-03-28,41.790646,-71.698678,2.7520128382743483
2023-03-29,41.790646,-71.698678,0.0
2023-03-30,41.790646,-71.698678,0.5235022368454463
2023-03-31,41.790646,-71.698678,6.633249592113287
2023-04-01,41.790646,-71.698678,27.740530438330435
2023-04-02,41.790646,-71.698678,0.5035906438991378
2023-04-03,41.790646,-71.698678,0.5869058619389379
2023-04-04,41.790646,-71.698678,0.12970115654454784
2023-04-05,41.790646,-71.698678,0.08209280987332089
2023-04-06,41.790646,-71.698678,5.669786267903279
2023-04-07,41.790646,-71.698678,0.49027562817389486
2023-04-08,41.790646,-71.698678,0.20481356350778995
2023-04-09,41.790646,-71.698678,0.0
2023-04-10,41.790646,-71.698678,0.0
2023-04-11,41.790646,-71.698678,0.28727472975278545
2023-04-12,41.790646,-71.698678,0.32895116303884386
2023-04-13,41.790646,-71.698678,0.0
2023-04-14,41.790646,-71.698678,0.0
2023-04-15,41.790646,-71.698678,0.0
2023-04-16,41.790646,-71.698678,4.6818239577361815
2023-04-17,41.790646,-71.698678,1.3040614681674498
2023-04-18,41.790646,-71.698678,0.0
2023-04-19,41.790646,-71.698678,0.0
2023-04-20,41.790646,-71.698678,0.004569318602138677
2023-04-21,41.790646,-71.698678,0.3068927878144498
2023-04-22,41.790646,-71.698678,0.0
2023-04-23,41.790646,-71.698678,47.346061227450846
2023-04-24,41.790646,-71.698678,0.0
2023-04-25,41.790646,-71.698678,0.0
2023-04-26,41.790646,-71.698678,0.0
2023-04-27,41.790646,-71.698678,2.3004238943152537
2023-04-28,41.790646,-71.698678,0.0
2023-04-29,41.790646,-71.698678,7.818299869405088
2023-04-30,41.790646,-71.698678,15.86665750073741
2023-05-01,41.790646,-71.698678,18.244121124336193
2023-05-02,41.790646,-71.698678,3.9916749226238366
2023-05-03,41.790646,-71.698678,0.0
2023-05-04,41.790646,-71.698678,0.23847526459047852
2023-05-05,41.790646,-71.698678,0.0
2023-05-06,41.790646,-71.698678,0.0
2023-05-07,41.790646,-71.698678,0.8179814869537645
2023-05-08,41.790646,-71.698678,13.88509230025811
2023-05-09,41.790646,-71.698678,0.0
2023-05-10,41.790646,-71.698678,0.0
2023-05-11,41.790646,-71.698678,0.0
2023-05-12,41.790646,-71.698678,0.011473362073440149
2023-05-13,41.790646,-71.698678,0.01433398326255745
2023-05-14,41.790646,-71.698678,0.0
2023-05-15,41.790646,-71.698678,0.0
2023-05-16,41.790646,-71.698678,0.04725515748234448
2023-05-17,41.790646,-71.698678,0.23568919811226302
2023-05-18,41.790646,-71.698678,0.0
2023-05-19,41.790646,-71.698678,0.0
2023-05-20,41.790646,-71.698678,17.421459553044162
2023-05-21,41.790646,-71.698678,15.325831250137373
2023-05-22,41.790646,-71.698678,0.0
2023-05-23,41.790646,-71.698678,0.0
2023-05-24,41.790646,-71.698678,0.10221722207153548
2023-05-25,41.790646,-71.698678,0.256700811309558
2023-05-26,41.790646,-71.698678,0.0
2023-05-27,41.790646,-71.698678,0.0
2023-05-28,41.790646,-71.698678,0.0
2023-05-29,41.790646,-71.698678,0.0
2023-05-30,41.790646,-71.698678,0.0
2023-05-31,41.790646,-71.698678,0.0
2023-06-01,41.790646,-71.698678,0.0
2023-06-02,41.790646,-71.698678,2.4847240334036282
2023-06-03,41.790646,-71.698678,3.1977474598851487
2023-06-04,41.790646,-71.698678,0.0
2023-06-05,41.790646,-71.698678,0.013707955522715386
2023-06-06,41.790646,-71.698678,1.501055786971067
2023-06-07,41.790646,-71.698678,0.0
2023-06-08,41.790646,-71.698678,0.575489127756395
2023-06-09,41.790646,-71.698678,2.5750068070178704
2023-06-10,41.790646,-71.698678,0.2761822571667092
2023-06-11,41.790646,-71.698678,0.11201919941463971
2023-06-12,41.790646,-71.698678,0.20001566752132283
2023-06-13,41.790646,-71.698678,2.2492971515114553
2023-06-14,41.790646,-71.698678,1.8652943562449993
2023-06-15,41.790646,-71.698678,0.0
2023-06-16,41.790646,-71.698678,1.0099886144629422
2023-06-17,41.790646,-71.698678,17.990674567301276
2023-06-18,41.790646,-71.698678,9.505384446653876
2023-06-19,41.790646,-71.698678,0.0
2023-06-20,41.790646,-71.698678,0.0
2023-06-21,41.790646,-71.698678,0.0
2023-06-22,41.790646,-71.698678,0.025935298553072802
2023-06-23,41.790646,-71.698678,0.77209731440606
2023-06-24,41.790646,-71.698678,18.118063470075796
2023-06-25,41.790646,-71.698678,0.0
2023-06-26,41.790646,-71.698678,0.11684494164475043
2023-06-27,41.790646,-71.698678,30.48927624395549
2023-06-28,41.790646,-71.698678,2.8462295948714953
2023-06-29,41.790646,-71.698678,0.32870437961431415
2023-06-30,41.790646,-71.698678,0.0
2023-07-01,41.790646,-71.698678,0.0
2023-07-02,41.790646,-71.698678,3.585001142296232
2023-07-03,41.790646,-71.698678,14.59501710859813
2023-07-04,41.790646,-71.698678,49.738493965798064
2023-07-05,41.790646,-71.698678,0.0
2023-07-06,41.790646,-71.698678,0.0
2023-07-07,41.790646,-71.698678,0.0
2023-07-08,41.790646,-71.698678,0.7469326224355596
2023-07-09,41.790646,-71.698678,1.1314416881394833
2023-07-10,41.790646,-71.698678,36.65403830331636
2023-07-11,41.790646,-71.698678,0.012516394777265594
2023-07-12,41.790646,-71.698678,0.0
2023-07-13,41.790646,-71.698678,0.0
2023-07-14,41.790646,-71.698678,24.774563609394857
2023-07-15,41.790646,-71.698678,2.347281442165098
2023-07-16,41.790646,-71.698678,71.11870398308132
2023-07-17,41.790646,-71.698678,13.042281519730915
2023-07-18,41.790646,-71.698678,0.26948003550866906
2023-07-19,41.790646,-71.698678,1.7710029701410819
2023-07-20,41.790646,-71.698678,0.0
2023-07-21,41.790646,-71.698678,4.105176587553717
2023-07-22,41.790646,-71.698678,0.1690176406439585
2023-07-23,41.790646,-71.698678,0.04583968342352385
2023-07-24,41.790646,-71.698678,0.0
2023-07-25,41.790646,-71.698678,0.7340364095376526
2023-07-26,41.790646,-71.698678,0.2177555344686608
2023-07-27,41.790646,-71.698678,2.4513812520621006
2023-07-28,41.790646,-71.698678,7.794139716118829
2023-07-29,41.790646,-71.698678,2.028922040973014
2023-07-30,41.790646,-71.698678,17.469783799452948
2023-07-31,41.790646,-71.698678,0.0
2023-08-01,41.790646,-71.698678,0.0
2023-08-02,41.790646,-71.698678,0.0
2023-08-03,41.790646,-71.698678,0.0
2023-08-04,41.790646,-71.698678,0.6935580738846544
2023-08-05,41.790646,-71.698678,1.413846088446528
2023-08-06,41.790646,-71.698678,0.4414676687490503
2023-08-07,41.790646,-71.698678,10.896887516633976
2023-08-08,41.790646,-71.698678,8.759171284120354
2023-08-09,41.790646,-71.698678,0.0
2023-08-10,41.790646,-71.698678,16.54046613034924
2023-08-11,41.790646,-71.698678,3.228932313846255
2023-08-12,41.790646,-71.698678,1.124971261404132
2023-08-13,41.790646,-71.698678,17.84344523777437
2023-08-14,41.790646,-71.698678,0.16362552126283336
2023-08-15,41.790646,-71.698678,21.149485060091713
2023-08-16,41.790646,-71.698678,0.9559982168114276
2023-08-17,41.790646,-71.698678,2.6172220893850877
2023-08-18,41.790646,-71.698678,22.283126115931616
2023-08-19,41.790646,-71.698678,0.0
2023-08-20,41.790646,-71.698678,0.0
2023-08-21,41.790646,-71.698678,0.08315848687390043
2023-08-22,41.790646,-71.698678,0.1975665223281389
2023-08-23,41.790646,-71.698678,0.0
2023-08-24,41.790646,-71.698678,0.12748651770327407
2023-08-25,41.790646,-71.698678,18.16422813866612
2023-08-26,41.790646,-71.698678,0.2844600965055836
2023-08-27,41.790646,-71.698678,0.0
2023-08-28,41.790646,-71.698678,0.0
2023-08-29,41.790646,-71.698678,0.9240988808308723
2023-08-30,41.790646,-71.698678,4.5077920828226326
2023-08-31,41.790646,-71.698678,0.0
2023-09-01,41.790646,-71.698678,0.0
2023-09-02,41.790646,-71.698678,0.004172131592421865
2023-09-03,41.790646,-71.698678,2.1426416191860147
2023-09-04,41.790646,-71.698678,0.11238003614374695
2023-09-05,41.790646,-71.698678,0.27216862512256756
2023-09-06,41.790646,-71.698678,0.0
2023-09-07,41.790646,-71.698678,0.0
2023-09-08,41.790646,-71.698678,0.10152239259362818
2023-09-09,41.790646,-71.698678,1.436504938045368
2023-09-10,41.790646,-71.698678,18.791429804722817
2023-09-11,41.790646,-71.698678,15.388593445968661
2023-09-12,41.790646,-71.698678,0.16863467244209232
2023-09-13,41.790646,-71.698678,13.059710548986864
2023-09-14,41.790646,-71.698678,1.0204217597095653
2023-09-15,41.790646,-71.698678,0.4920297845932239
2023-09-16,41.790646,-71.698678,20.265315897036675
2023-09-17,41.790646,-71.698678,0.0
2023-09-18,41.790646,-71.698678,41.52659520870102
2023-09-19,41.790646,-71.698678,0.0
2023-09-20,41.790646,-71.698678,0.0
2023-09-21,41.790646,-71.698678,0.0
2023-09-22,41.790646,-71.698678,0.0
2023-09-23,41.790646,-71.698678,18.613777332760655
2023-09-24,41.790646,-71.698678,1.4757385538264947
2023-09-25,41.790646,-71.698678,16.23859429519012
2023-09-26,41.790646,-71.698678,8.697116141513892
2023-09-27,41.790646,-71.698678,0.0
2023-09-28,41.790646,-71.698678,0.0
2023-09-29,41.790646,-71.698678,20.898738569749526
2023-09-30,41.790646,-71.698678,19.719308881709942
2023-10-01,41.790646,-71.698678,1.1593570290749304
2023-10-02,41.790646,-71.698678,0.0
2023-10-03,41.790646,-71.698678,0.0
2023-10-04,41.790646,-71.698678,0.0
2023-10-05,41.790646,-71.698678,0.0
2023-10-06,41.790646,-71.698678,0.0
2023-10-07,41.790646,-71.698678,2.7675477179887507
2023-10-08,41.790646,-71.698678,0.17386110285226647
2023-10-09,41.790646,-71.698678,0.0
2023-10-10,41.790646,-71.698678,0.0
2023-10-11,41.790646,-71.698678,0.0
2023-10-12,41.790646,-71.698678,0.0
2023-10-13,41.790646,-71.698678,0.0
2023-10-14,41.790646,-71.698678,9.514299539051283
2023-10-15,41.790646,-71.698678,1.8937985828894526
2023-10-16,41.790646,-71.698678,0.04649555257535162
2023-10-17,41.790646,-71.698678,0.007537018535805887
2023-10-18,41.790646,-71.698678,0.0
2023-10-19,41.790646,-71.698678,0.0
2023-10-20,41.790646,-71.698678,1.0833749083193909
2023-10-21,41.790646,-71.698678,41.08014087580396
2023-10-22,41.790646,-71.698678,0.01178766231228568
2023-10-23,41.790646,-71.698678,0.013707955522715386
2023-10-24,41.790646,-71.698678,0.028546453503471667
2023-10-25,41.790646,-71.698678,0.3143250733267015
2023-10-26,41.790646,-71.698678,0.047433960371711256
2023-10-27,41.790646,-71.698678,1.8861326207078175
2023-10-28,41.790646,-71.698678,0.0
2023-10-29,41.790646,-71.698678,7.6950656873727015
2023-10-30,41.790646,-71.698678,18.95386103029996
2023-10-31,41.790646,-71.698678,2.8046113706802784
2023-11-01,41.790646,-71.698678,0.23080900149241906
2023-11-02,41.790646,-71.698678,0.0
2023-11-03,41.790646,-71.698678,0.0
2023-11-04,41.790646,-71.698678,0.0
2023-11-05,41.790646,-71.698678,0.0
2023-11-06,41.790646,-71.698678,2.040318185359987
2023-11-07,41.790646,-71.698678,12.396540584357442
2023-11-08,41.790646,-71.698678,0.0
2023-11-09,41.790646,-71.698678,1.352698400232034
2023-11-10,41.790646,-71.698678,0.21468051215022332
2023-11-11,41.790646,-71.698678,0.0
2023-11-12,41.790646,-71.698678,0.0
2023-11-13,41.790646,-71.698678,0.01700282660853299
2023-11-14,41.790646,-71.698678,0.026366133936356895
2023-11-15,41.790646,-71.698678,0.0
2023-11-16,41.790646,-71.698678,0.0
2023-11-17,41.790646,-71.698678,0.0
2023-11-18,41.790646,-71.698678,0.3335538535992839
2023-11-19,41.790646,-71.698678,0.46734231685164235
2023-11-20,41.790646,-71.698678,0.0
2023-11-21,41.790646,-71.698678,0.5378536622174158
2023-11-22,41.790646,-71.698678,44.96752104623102
2023-11-23,41.790646,-71.698678,0.0
2023-11-24,41.790646,-71.698678,0.010744629414180216
2023-11-25,41.790646,-71.698678,0.0
2023-11-26,41.790646,-71.698678,0.08443436669908637
2023-11-27,41.790646,-71.698678,7.816254322245876
2023-11-28,41.790646,-71.698678,0.013505661833734209
2023-11-29,41.790646,-71.698678,0.0
2023-11-30,41.790646,-71.698678,0.0
2023-12-01,41.790646,-71.698678,5.556433075560834
2023-12-02,41.790646,-71.698678,4.112758162686857
2023-12-03,41.790646,-71.698678,20.205059922303757
2023-12-04,41.790646,-71.698678,1.1315579479746114
2023-12-05,41.790646,-71.698678,0.08529394950952711
2023-12-06,41.790646,-71.698678,0.08458892897672296
2023-12-07,41.790646,-71.698678,0.004172131592421865
2023-12-08,41.790646,-71.698678,0.0
2023-12-09,41.790646,-71.698678,0.18028713864390705
2023-12-10,41.790646,-71.698678,14.480867164227858
2023-12-11,41.790646,-71.698678,65.95890962721553
2023-12-12,41.790646,-71.698678,0.0
2023-12-13,41.790646,-71.698678,0.0
2023-12-14,41.790646,-71.698678,0.0
2023-12-15,41.790646,-71.698678,0.042254410160989624
2023-12-16,41.790646,-71.698678,0.001523106200712892
2023-12-17,41.790646,-71.698678,16.502101526450215
2023-12-18,41.790646,-71.698678,90.67063044726876
2023-12-19,41.790646,-71.698678,0.0
2023-12-20,41.790646,-71.698678,0.0
2023-12-21,41.790646,-71.698678,0.0
2023-12-22,41.790646,-71.698678,0.0
2023-12-23,41.790646,-71.698678,0.030462122879455267
2023-12-24,41.790646,-71.698678,0.4102054663225463
2023-12-25,41.790646,-71.698678,0.0
2023-12-26,41.790646,-71.698678,0.02478412970445924
2023-12-27,41.790646,-71.698678,5.095244716590269
2023-12-28,41.790646,-71.698678,18.979898074867428
2023-12-29,41.790646,-71.698678,0.004569318602138677
2023-12-30,41.790646,-71.698678,0.34237431175038024
2023-12-31,41.790646,-71.698678,0.006092424802851568
2024-01-01,41.790646,-71.698678,0.1455277146486321
2024-01-02,41.790646,-71.698678,0.0
2024-01-03,41.790646,-71.698678,0.007914136451748913
2024-01-04,41.790646,-71.698678,0.12871111651527103
2024-01-05,41.790646,-71.698678,0.0
2024-01-06,41.790646,-71.698678,0.1416331128979657
2024-01-07,41.790646,-71.698678,2.9014796855886344
2024-01-08,41.790646,-71.698678,0.0
2024-01-09,41.790646,-71.698678,37.66797609838453
2024-01-10,41.790646,-71.698678,107.17968708819936
2024-01-11,41.790646,-71.698678,0.0010430328981054662
2024-01-12,41.790646,-71.698678,0.0
2024-01-13,41.790646,-71.698678,20.645001759274457
2024-01-14,41.790646,-71.698678,0.2428820422777403
2024-01-15,41.790646,-71.698678,0.0
2024-01-16,41.790646,-71.698678,2.387895393757537
2024-01-17,41.790646,-71.698678,0.0
2024-01-18,41.790646,-71.698678,0.0
2024-01-19,41.790646,-71.698678,0.4759339540615804
2024-01-20,41.790646,-71.698678,0.0019785341129372283
2024-01-21,41.790646,-71.698678,0.0
2024-01-22,41.790646,-71.698678,1.4559870550082739
2024-01-23,41.790646,-71.698678,0.9147778184114608
2024-01-24,41.790646,-71.698678,6.419677370622526
2024-01-25,41.790646,-71.698678,28.146982314894128
2024-01-26,41.790646,-71.698678,6.588282749477209
2024-01-27,41.790646,-71.698678,0.0
2024-01-28,41.790646,-71.698678,34.350666447324805
2024-01-29,41.790646,-71.698678,0.0
2024-01-30,41.790646,-71.698678,0.0039570682258744565
2024-01-31,41.790646,-71.698678,0.0
2024-02-01,41.790646,-71.698678,0.016581698849474826
2024-02-02,41.790646,-71.698678,0.0
2024-02-03,41.790646,-71.698678,0.0
2024-02-04,41.790646,-71.698678,0.0
2024-02-05,41.790646,-71.698678,0.0
2024-02-06,41.790646,-71.698678,0.0
2024-02-07,41.790646,-71.698678,0.0
2024-02-08,41.790646,-71.698678,0.0
2024-02-09,41.790646,-71.698678,0.008903403323952173
2024-02-10,41.790646,-71.698678,0.0
2024-02-11,41.790646,-71.698678,0.0
2024-02-12,41.790646,-71.698678,0.0
2024-02-13,41.790646,-71.698678,21.181996388017883
2024-02-14,41.790646,-71.698678,0.0
2024-02-15,41.790646,-71.698678,0.11687270752331905
2024-02-16,41.790646,-71.698678,0.029991049775107692
2024-02-17,41.790646,-71.698678,0.004333781198862956
2024-02-18,41.790646,-71.698678,0.0
2024-02-19,41.790646,-71.698678,0.0
2024-02-20,41.790646,-71.698678,0.0
2024-02-21,41.790646,-71.698678,0.0
2024-02-22,41.790646,-71.698678,0.0
2024-02-23,41.790646,-71.698678,5.507834636515332
2024-02-24,41.790646,-71.698678,1.3008681341129118
2024-02-25,41.790646,-71.698678,0.0
2024-02-26,41.790646,-71.698678,0.0
2024-02-27,41.790646,-71.698678,0.0
2024-02-28,41.790646,-71.698678,12.855375614313978
2024-02-29,41.790646,-71.698678,15.091260975908048
2024-03-01,41.790646,-71.698678,0.0
2024-03-02,41.790646,-71.698678,32.378309488351185
2024-03-03,41.790646,-71.698678,12.036476279211275
2024-03-04,41.790646,-71.698678,0.0
2024-03-05,41.790646,-71.698678,2.3941648206946975
2024-03-06,41.790646,-71.698678,9.247431731566207
2024-03-07,41.790646,-71.698678,32.143934934478615
2024-03-08,41.790646,-71.698678,0.23331720835512845
2024-03-09,41.790646,-71.698678,1.9984214915356566
2024-03-10,41.790646,-71.698678,26.162099229302868
2024-03-11,41.790646,-71.698678,0.0028891874659086373
2024-03-12,41.790646,-71.698678,0.0
2024-03-13,41.790646,-71.698678,0.0
2024-03-14,41.790646,-71.698678,0.08179802415103403
2024-03-15,41.790646,-71.698678,0.883764693735501
2024-03-16,41.790646,-71.698678,0.0
2024-03-17,41.790646,-71.698678,1.8653293523063583
2024-03-18,41.790646,-71.698678,0.028781993729129735
2024-03-19,41.790646,-71.698678,0.0
2024-03-20,41.790646,-71.698678,2.0192006455523677
2024-03-21,41.790646,-71.698678,0.0072229683956950355
2024-03-22,41.790646,-71.698678,0.02714033744201275
2024-03-23,41.790646,-71.698678,64.52093759686356
2024-03-24,41.790646,-71.698678,2.6091616057974774
2024-03-25,41.790646,-71.698678,0.06610826114460135
2024-03-26,41.790646,-71.698678,0.0
2024-03-27,41.790646,-71.698678,1.710943181734966
2024-03-28,41.790646,-71.698678,67.56468303426664
2024-03-29,41.790646,-71.698678,33.8722341170812
2024-03-30,41.790646,-71.698678,0.07471261296503932
2024-03-31,41.790646,-71.698678,2.308436891568694
2024-04-01,41.790646,-71.698678,2.394320741124581
2024-04-02,41.790646,-71.698678,8.66909854556044
2024-04-03,41.790646,-71.698678,25.151941524966624
2024-04-04,41.790646,-71.698678,13.342958965342024
2024-04-05,41.790646,-71.698678,0.0
2024-04-06,41.790646,-71.698678,0.2011249443428319
2024-04-07,41.790646,-71.698678,0.0
2024-04-08,41.790646,-71.698678,0.09900190162783477
2024-04-09,41.790646,-71.698678,0.00521516429624731
2024-04-10,41.790646,-71.698678,0.23257026138950065
2024-04-11,41.790646,-71.698678,5.949511117999382
2024-04-12,41.790646,-71.698678,18.873878025234745
2024-04-13,41.790646,-71.698678,0.7934180344038517
2024-04-14,41.790646,-71.698678,4.2150107887894395
2024-04-15,41.790646,-71.698678,0.8244983832491525
2024-04-16,41.790646,-71.698678,0.08554260840363773
2024-04-17,41.790646,-71.698678,0.15156806850875335
2024-04-18,41.790646,-71.698678,10.58274225675265
2024-04-19,41.790646,-71.698678,0.0
2024-04-20,41.790646,-71.698678,11.098892783165123
2024-04-21,41.790646,-71.698678,0.08436767352996723
2024-04-22,41.790646,-71.698678,0.0
2024-04-23,41.790646,-71.698678,0.0
2024-04-24,41.790646,-71.698678,0.432960675570565
2024-04-25,41.790646,-71.698678,0.0
2024-04-26,41.790646,-71.698678,0.0
2024-04-27,41.790646,-71.698678,0.003530659529165251
2024-04-28,41.790646,-71.698678,7.712470113773868
2024-04-29,41.790646,-71.698678,3.0569312110118805
2024-04-30,41.790646,-71.698678,0.0
2024-05-01,41.790646,-71.698678,5.639571665174836
2024-05-02,41.790646,-71.698678,0.0009892670564686141
2024-05-03,41.790646,-71.698678,0.0
2024-05-04,41.790646,-71.698678,0.014999647000353273
2024-05-05,41.790646,-71.698678,6.976380960447244
2024-05-06,41.790646,-71.698678,2.8749434717073283
2024-05-07,41.790646,-71.698678,0.0
2024-05-08,41.790646,-71.698678,19.933944976813937
2024-05-09,41.790646,-71.698678,0.02473167696451141
2024-05-10,41.790646,-71.698678,7.575004172434539
2024-05-11,41.790646,-71.698678,0.0
2024-05-12,41.790646,-71.698678,0.15533108635162352
2024-05-13,41.790646,-71.698678,0.0
2024-05-14,41.790646,-71.698678,0.0
2024-05-15,41.790646,-71.698678,16.378498363803594
2024-05-16,41.790646,-71.698678,46.73659521192472
2024-05-17,41.790646,-71.698678,0.10441224076124057
2024-05-18,41.790646,-71.698678,0.7109214695324206
2024-05-19,41.790646,-71.698678,2.236882895332929
2024-05-20,41.790646,-71.698678,0.0
2024-05-21,41.790646,-71.698678,0.0
2024-05-22,41.790646,-71.698678,0.0
2024-05-23,41.790646,-71.698678,21.262070942877518
2024-05-24,41.790646,-71.698678,0.0
2024-05-25,41.790646,-71.698678,0.022753141745982065
2024-05-26,41.790646,-71.698678,2.0573668374269927
2024-05-27,41.790646,-71.698678,1.0731695347766474
2024-05-28,41.790646,-71.698678,7.930630337324543
2024-05-29,41.790646,-71.698678,0.0
2024-05-30,41.790646,-71.698678,12.37587560869098
2024-05-31,41.790646,-71.698678,0.0
2024-06-01,41.790646,-71.698678,0.0
2024-06-02,41.790646,-71.698678,0.0
2024-06-03,41.790646,-71.698678,0.4832582744856873
2024-06-04,41.790646,-71.698678,0.0
2024-06-05,41.790646,-71.698678,0.0
2024-06-06,41.790646,-71.698678,0.533138136932304
2024-06-07,41.790646,-71.698678,0.6254044848657276
2024-06-08,41.790646,-71.698678,0.0
2024-06-09,41.790646,-71.698678,4.800918911813325
2024-06-10,41.790646,-71.698678,0.0
2024-06-11,41.790646,-71.698678,0.0010430328981054662
2024-06-12,41.790646,-71.698678,0.0
2024-06-13,41.790646,-71.698678,0.0
2024-06-14,41.790646,-71.698678,1.3704612344248586
2024-06-15,41.790646,-71.698678,5.037644541880078
2024-06-16,41.790646,-71.698678,0.02741591104543077
2024-06-17,41.790646,-71.698678,0.24046151967564114
2024-06-18,41.790646,-71.698678,0.0
2024-06-19,41.790646,-71.698678,0.0
2024-06-20,41.790646,-71.698678,0.0
2024-06-21,41.790646,-71.698678,15.642744775288632
2024-06-22,41.790646,-71.698678,11.505249695234081
2024-06-23,41.790646,-71.698678,13.772765363869873
2024-06-24,41.790646,-71.698678,4.44552576630952
2024-06-25,41.790646,-71.698678,0.0
2024-06-26,41.790646,-71.698678,0.10253555604149613
2024-06-27,41.790646,-71.698678,27.757242282682167
2024-06-28,41.790646,-71.698678,0.0
2024-06-29,41.790646,-71.698678,0.2152486054122209
2024-06-30,41.790646,-71.698678,16.85180491868546
2024-07-01,41.790646,-71.698678,2.7172075969337617
2024-07-02,41.790646,-71.698678,0.0
2024-07-03,41.790646,-71.698678,0.0
2024-07-04,41.790646,-71.698678,0.9077471947669288
2024-07-05,41.790646,-71.698678,2.074541458002558
2024-07-06,41.790646,-71.698678,11.21452443928284
2024-07-07,41.790646,-71.698678,0.24335772524625895
2024-07-08,41.790646,-71.698678,0.0
2024-07-09,41.790646,-71.698678,0.4252187505509883
2024-07-10,41.790646,-71.698678,1.8316835242762246
2024-07-11,41.790646,-71.698678,1.4552104773591261
2024-07-12,41.790646,-71.698678,0.10441616338066466
2024-07-13,41.790646,-71.698678,12.37084525359332
2024-07-14,41.790646,-71.698678,0.0010430328981054662
2024-07-15,41.790646,-71.698678,0.008667562397725911
2024-07-16,41.790646,-71.698678,0.0
2024-07-17,41.790646,-71.698678,0.022988376363368652
2024-07-18,41.790646,-71.698678,12.41378282076088
2024-07-19,41.790646,-71.698678,0.0
2024-07-20,41.790646,-71.698678,0.0009892670564686141
2024-07-21,41.790646,-71.698678,8.785455150441209
2024-07-22,41.790646,-71.698678,0.5791817126818442
2024-07-23,41.790646,-71.698678,5.992754109434011
2024-07-24,41.790646,-71.698678,2.829938328414066
2024-07-25,41.790646,-71.698678,4.648691419756544
2024-07-26,41.790646,-71.698678,0.0
2024-07-27,41.790646,-71.698678,0.0
2024-07-28,41.790646,-71.698678,3.0791521351184192
2024-07-29,41.790646,-71.698678,29.589593789655797
2024-07-30,41.790646,-71.698678,0.0
2024-07-31,41.790646,-71.698678,0.012184849605703136
2024-08-01,41.790646,-71.698678,0.0
2024-08-02,41.790646,-71.698678,0.16994900580741162
2024-08-03,41.790646,-71.698678,2.0415814982704004
2024-08-04,41.790646,-71.698678,16.277478385201995
2024-08-05,41.790646,-71.698678,1.308890302098239
2024-08-06,41.790646,-71.698678,5.389046027537994
2024-08-07,41.790646,-71.698678,17.17476245191406
2024-08-08,41.790646,-71.698678,0.574525556544694
2024-08-09,41.790646,-71.698678,1.1077872532460398
2024-08-10,41.790646,-71.698678,3.440371682695094
2024-08-11,41.790646,-71.698678,0.20442102392794234
2024-08-12,41.790646,-71.698678,0.6832140673076863
2024-08-13,41.790646,-71.698678,0.0
2024-08-14,41.790646,-71.698678,0.0
2024-08-15,41.790646,-71.698678,0.8718372884706218
2024-08-16,41.790646,-71.698678,5.730325894820755
2024-08-17,41.790646,-71.698678,0.0
2024-08-18,41.790646,-71.698678,18.07903753583443
2024-08-19,41.790646,-71.698678,28.794962116833894
2024-08-20,41.790646,-71.698678,4.7970979202453945
2024-08-21,41.790646,-71.698678,0.0
2024-08-22,41.790646,-71.698678,0.0
2024-08-23,41.790646,-71.698678,0.0
2024-08-24,41.790646,-71.698678,0.0
2024-08-25,41.790646,-71.698678,0.0
2024-08-26,41.790646,-71.698678,7.229417051026456
2024-08-27,41.790646,-71.698678,0.0
2024-08-28,41.790646,-71.698678,0.0
2024-08-29,41.790646,-71.698678,0.0
2024-08-30,41.790646,-71.698678,0.0
2024-08-31,41.790646,-71.698678,0.0
2024-09-01,41.790646,-71.698678,6.657546009675907
2024-09-02,41.790646,-71.698678,0.007301481132530166
2024-09-03,41.790646,-71.698678,0.0
2024-09-04,41.790646,-71.698678,0.0
2024-09-05,41.790646,-71.698678,0.0
2024-09-06,41.790646,-71.698678,0.0
2024-09-07,41.790646,-71.698678,0.5314209866888031
2024-09-08,41.790646,-71.698678,0.11089727652337633
2024-09-09,41.790646,-71.698678,0.0
2024-09-10,41.790646,-71.698678,0.0
2024-09-11,41.790646,-71.698678,0.0
2024-09-12,41.790646,-71.698678,0.0
2024-09-13,41.790646,-71.698678,0.0
2024-09-14,41.790646,-71.698678,0.0
2024-09-15,41.790646,-71.698678,0.0
2024-09-16,41.790646,-71.698678,0.0
2024-09-17,41.790646,-71.698678,0.5321605669544985
2024-09-18,41.790646,-71.698678,1.9042048308659478
2024-09-19,41.790646,-71.698678,0.21155673579009315
2024-09-20,41.790646,-71.698678,1.8407034927037977
2024-09-21,41.790646,-71.698678,22.9419780949592
2024-09-22,41.790646,-71.698678,1.5938208507163711
2024-09-23,41.790646,-71.698678,0.1913106971743151
2024-09-24,41.790646,-71.698678,0.0014445937329543186
2024-09-25,41.790646,-71.698678,2.0673114381693862
2024-09-26,41.790646,-71.698678,4.4253908311632895
2024-09-27,41.790646,-71.698678,1.2803493996964839
2024-09-28,41.790646,-71.698678,0.007247464445101411
2024-09-29,41.790646,-71.698678,0.3583284315424434
2024-09-30,41.790646,-71.698678,0.0
2024-10-01,41.790646,-71.698678,1.1229546342013805
2024-10-02,41.790646,-71.698678,0.0
2024-10-03,41.790646,-71.698678,0.0
2024-10-04,41.790646,-71.698678,2.149934524685111
2024-10-05,41.790646,-71.698678,0.6255819941104008
2024-10-06,41.790646,-71.698678,0.0
2024-10-07,41.790646,-71.698678,10.470188046962633
2024-10-08,41.790646,-71.698678,0.0
2024-10-09,41.790646,-71.698678,0.0
2024-10-10,41.790646,-71.698678,0.0
2024-10-11,41.790646,-71.698678,0.0
2024-10-12,41.790646,-71.698678,0.24716646511970833
2024-10-13,41.790646,-71.698678,5.3507583912494665
2024-10-14,41.790646,-71.698678,1.4581540122268124
2024-10-15,41.790646,-71.698678,0.0
2024-10-16,41.790646,-71.698678,0.0
2024-10-17,41.790646,-71.698678,1.8108420064621125
2024-10-18,41.790646,-71.698678,0.0
2024-10-19,41.790646,-71.698678,0.0
2024-10-20,41.790646,-71.698678,0.0
2024-10-21,41.790646,-71.698678,0.0
2024-10-22,41.790646,-71.698678,0.0
2024-10-23,41.790646,-71.698678,0.0
2024-10-24,41.790646,-71.698678,0.07718867317259837
2024-10-25,41.790646,-71.698678,0.0
2024-10-26,41.790646,-71.698678,0.0
2024-10-27,41.790646,-71.698678,0.0
2024-10-28,41.790646,-71.698678,0.03755943651865917
2024-10-29,41.790646,-71.698678,0.05902119783888025
2024-10-30,41.790646,-71.698678,2.5860088491984063
2024-10-31,41.790646,-71.698678,0.0
2024-11-01,41.790646,-71.698678,0.316824512348313
2024-11-02,41.790646,-71.698678,0.0
2024-11-03,41.790646,-71.698678,0.0
2024-11-04,41.790646,-71.698678,0.6971273842221306
2024-11-05,41.790646,-71.698678,0.2528490574406059
2024-11-06,41.790646,-71.698678,0.0
2024-11-07,41.790646,-71.698678,0.0
2024-11-08,41.790646,-71.698678,0.0
2024-11-09,41.790646,-71.698678,0.0
2024-11-10,41.790646,-71.698678,1.2378597652108978
2024-11-11,41.790646,-71.698678,16.783614747689757
2024-11-12,41.790646,-71.698678,0.0
2024-11-13,41.790646,-71.698678,0.0
2024-11-14,41.790646,-71.698678,0.0
2024-11-15,41.790646,-71.698678,0.0
2024-11-16,41.790646,-71.698678,0.0
2024-11-17,41.790646,-71.698678,0.8148829537645523
2024-11-18,41.790646,-71.698678,1.571302583150581
2024-11-19,41.790646,-71.698678,0.0
2024-11-20,41.790646,-71.698678,0.0
2024-11-21,41.790646,-71.698678,30.648691137705327
2024-11-22,41.790646,-71.698678,0.6483803616449187
2024-11-23,41.790646,-71.698678,7.834626413078428
2024-11-24,41.790646,-71.698678,0.0
2024-11-25,41.790646,-71.698678,0.0
2024-11-26,41.790646,-71.698678,7.59427122186792
2024-11-27,41.790646,-71.698678,0.06076722366039983
2024-11-28,41.790646,-71.698678,21.716405143271604
2024-11-29,41.790646,-71.698678,0.0
2024-11-30,41.790646,-71.698678,0.0
2024-12-01,41.790646,-71.698678,0.0
2024-12-02,41.790646,-71.698678,0.0
2024-12-03,41.790646,-71.698678,0.0
2024-12-04,41.790646,-71.698678,0.07114648995893728
2024-12-05,41.790646,-71.698678,16.24280369444815
2024-12-06,41.790646,-71.698678,0.0
2024-12-07,41.790646,-71.698678,0.02710161080658524
2024-12-08,41.790646,-71.698678,2.9205324789783154
2024-12-09,41.790646,-71.698678,7.910022323305321
2024-12-10,41.790646,-71.698678,0.06274643826147744
2024-12-11,41.790646,-71.698678,82.68968680146884
2024-12-12,41.790646,-71.698678,26.815045834007396
2024-12-13,41.790646,-71.698678,0.0
2024-12-14,41.790646,-71.698678,0.0
2024-12-15,41.790646,-71.698678,0.0
2024-12-16,41.790646,-71.698678,0.43195366800965423
2024-12-17,41.790646,-71.698678,4.647943629427762
2024-12-18,41.790646,-71.698678,3.2594219532859405
2024-12-19,41.790646,-71.698678,10.36359354133427
2024-12-20,41.790646,-71.698678,2.999778324484091
2024-12-21,41.790646,-71.698678,0.0
2024-12-22,41.790646,-71.698678,0.0
2024-12-23,41.790646,-71.698678,0.0
2024-12-24,41.790646,-71.698678,1.7467407049029826
2024-12-25,41.790646,-71.698678,0.0
2024-12-26,41.790646,-71.698678,0.0
2024-12-27,41.790646,-71.698678,0.0
2024-12-28,41.790646,-71.698678,3.7750841553507772
2024-12-29,41.790646,-71.698678,0.7156464614783541
2024-12-30,41.790646,-71.698678,21.77100215832102
2024-12-31,41.790646,-71.698678,0.0
2025-01-01,41.790646,-71.698678,49.0663605064758
2025-01-02,41.790646,-71.698678,0.3095545521762477
2025-01-03,41.790646,-71.698678,0.0
2025-01-04,41.790646,-71.698678,0.0
2025-01-05,41.790646,-71.698678,0.027011323667468418
2025-01-06,41.790646,-71.698678,0.0028891874659086373
2025-01-07,41.790646,-71.698678,0.0
2025-01-08,41.790646,-71.698678,0.0
2025-01-09,41.790646,-71.698678,0.009138637204277354
2025-01-10,41.790646,-71.698678,0.0
2025-01-11,41.790646,-71.698678,0.36012652486799535
2025-01-12,41.790646,-71.698678,0.0
2025-01-13,41.790646,-71.698678,0.0
2025-01-14,41.790646,-71.698678,0.0
2025-01-15,41.790646,-71.698678,0.0
2025-01-16,41.790646,-71.698678,0.0
2025-01-17,41.790646,-71.698678,0.124609778230679
2025-01-18,41.790646,-71.698678,8.352000985496947
2025-01-19,41.790646,-71.698678,1.082662473115958
2025-01-20,41.790646,-71.698678,2.3249113765045077
2025-01-21,41.790646,-71.698678,0.14415781060120242
2025-01-22,41.790646,-71.698678,0.6627433429299031
2025-01-23,41.790646,-71.698678,0.20377766259653848
2025-01-24,41.790646,-71.698678,0.0
2025-01-25,41.790646,-71.698678,0.0
2025-01-26,41.790646,-71.698678,0.005778374931817275
2025-01-27,41.790646,-71.698678,0.08291570222088486
2025-01-28,41.790646,-71.698678,0.11695533635027294
2025-01-29,41.790646,-71.698678,0.7312908377700081
2025-01-30,41.790646,-71.698678,0.0
2025-01-31,41.790646,-71.698678,6.1686522788092955
2025-02-01,41.790646,-71.698678,17.19684542468016
2025-02-02,41.790646,-71.698678,0.07788693328686494
2025-02-03,41.790646,-71.698678,1.2836023441630244
2025-02-04,41.790646,-71.698678,0.45959889497566536
2025-02-05,41.790646,-71.698678,0.0
2025-02-06,41.790646,-71.698678,2.2649377855366946
2025-02-07,41.790646,-71.698678,0.002967801169405842
2025-02-08,41.790646,-71.698678,0.008667562397725911
2025-02-09,41.790646,-71.698678,0.84650108819124
2025-02-10,41.790646,-71.698678,0.0
2025-02-11,41.790646,-71.698678,0.0
2025-02-12,41.790646,-71.698678,0.4382199686438198
2025-02-13,41.790646,-71.698678,6.001488116479502
2025-02-14,41.790646,-71.698678,0.0
2025-02-15,41.790646,-71.698678,2.2160360277486792
2025-02-16,41.790646,-71.698678,39.22603678198141
2025-02-17,41.790646,-71.698678,0.0
2025-02-18,41.790646,-71.698678,0.0
2025-02-19,41.790646,-71.698678,0.0
2025-02-20,41.790646,-71.698678,0.06607814393861941
2025-02-21,41.790646,-71.698678,0.05002368838196354
2025-02-22,41.790646,-71.698678,0.0
2025-02-23,41.790646,-71.698678,0.0
2025-02-24,41.790646,-71.698678,0.0020322999545740804
2025-02-25,41.790646,-71.698678,0.5601006778522188
2025-02-26,41.790646,-71.698678,0.08020199548310716
2025-02-27,41.790646,-71.698678,5.994540402100528
2025-02-28,41.790646,-71.698678,0.08913430846447812
2025-03-01,41.790646,-71.698678,0.11038759968793335
2025-03-02,41.790646,-71.698678,0.0
2025-03-03,41.790646,-71.698678,0.0
2025-03-04,41.790646,-71.698678,0.0010430328981054662
2025-03-05,41.790646,-71.698678,2.9588722861846275
2025-03-06,41.790646,-71.698678,22.645503137760542
2025-03-07,41.790646,-71.698678,0.0
2025-03-08,41.790646,-71.698678,0.0
2025-03-09,41.790646,-71.698678,0.0
2025-03-10,41.790646,-71.698678,0.00521516429624731
2025-03-11,41.790646,-71.698678,0.0
2025-03-12,41.790646,-71.698678,0.0
2025-03-13,41.790646,-71.698678,0.0
2025-03-14,41.790646,-71.698678,0.0
2025-03-15,41.790646,-71.698678,0.0
2025-03-16,41.790646,-71.698678,0.0
2025-03-17,41.790646,-71.698678,75.09107546018897
2025-03-18,41.790646,-71.698678,2.0247809026932986
2025-03-19,41.790646,-71.698678,0.0
2025-03-20,41.790646,-71.698678,0.0010430328981054662
2025-03-21,41.790646,-71.698678,3.9935721122068992
2025-03-22,41.790646,-71.698678,0.0020860657962109325
2025-03-23,41.790646,-71.698678,0.015645492888741928
2025-03-24,41.790646,-71.698678,38.550066108935
2025-03-25,41.790646,-71.698678,0.0
2025-03-26,41.790646,-71.698678,0.001523106200712892
2025-03-27,41.790646,-71.698678,0.0
2025-03-28,41.790646,-71.698678,0.030650519070304656
2025-03-29,41.790646,-71.698678,2.451059533188404
2025-03-30,41.790646,-71.698678,3.253834862661004
2025-03-31,41.790646,-71.698678,1.6786635184897878
2025-04-01,41.790646,-71.698678,8.833677747074812
2025-04-02,41.790646,-71.698678,0.48245458266356256
2025-04-03,41.790646,-71.698678,10.52104284383535
2025-04-04,41.790646,-71.698678,0.5937285346668123
2025-04-05,41.790646,-71.698678,10.138086342080122
2025-04-06,41.790646,-71.698678,9.056163371775082
2025-04-07,41.790646,-71.698678,3.1542737082874424
2025-04-08,41.790646,-71.698678,2.2855570983077076
2025-04-09,41.790646,-71.698678,0.0
2025-04-10,41.790646,-71.698678,0.008667562397725911
2025-04-11,41.790646,-71.698678,3.759332401736844
2025-04-12,41.790646,-71.698678,13.853132222393015
2025-04-13,41.790646,-71.698678,6.712151273238568
2025-04-14,41.790646,-71.698678,0.0
2025-04-15,41.790646,-71.698678,11.880317897650494
2025-04-16,41.790646,-71.698678,0.0
2025-04-17,41.790646,-71.698678,0.0
2025-04-18,41.790646,-71.698678,0.27339199373630557
2025-04-19,41.790646,-71.698678,0.1438954600690798
2025-04-20,41.790646,-71.698678,0.3994390117507042
2025-04-21,41.790646,-71.698678,0.02225148604770681
2025-04-22,41.790646,-71.698678,2.631977077711815
2025-04-23,41.790646,-71.698678,0.44734877532058387
2025-04-24,41.790646,-71.698678,0.0
2025-04-25,41.790646,-71.698678,0.019568965229370686
2025-04-26,41.790646,-71.698678,12.028578089518666
2025-04-27,41.790646,-71.698678,2.623628714265825
2025-04-28,41.790646,-71.698678,0.0
2025-04-29,41.790646,-71.698678,0.0
2025-04-30,41.790646,-71.698678,3.483979776198808
2025-05-01,41.790646,-71.698678,0.0
2025-05-02,41.790646,-71.698678,4.637938703720848
2025-05-03,41.790646,-71.698678,0.007301582368268799
2025-05-04,41.790646,-71.698678,0.01804585931235844
2025-05-05,41.790646,-71.698678,17.62657104328988
2025-05-06,41.790646,-71.698678,4.821883608650803
2025-05-07,41.790646,-71.698678,0.22436277194221038
2025-05-08,41.790646,-71.698678,0.012355449333885575
2025-05-09,41.790646,-71.698678,28.379340541206236
2025-05-10,41.790646,-71.698678,4.903863656509989
2025-05-11,41.790646,-71.698678,0.0
2025-05-12,41.790646,-71.698678,0.0
2025-05-13,41.790646,-71.698678,0.0
2025-05-14,41.790646,-71.698678,0.4068638148834287
2025-05-15,41.790646,-71.698678,37.45879462971304
2025-05-16,41.790646,-71.698678,0.0
2025-05-17,41.790646,-71.698678,0.6110286686862444
2025-05-18,41.790646,-71.698678,0.0
2025-05-19,41.790646,-71.698678,0.041137239904653275
2025-05-20,41.790646,-71.698678,0.014445936791390071
2025-05-21,41.790646,-71.698678,0.6932402391193523
2025-05-22,41.790646,-71.698678,76.2612252034369
2025-05-23,41.790646,-71.698678,18.08418485909636
2025-05-24,41.790646,-71.698678,0.2012709691754459
2025-05-25,41.790646,-71.698678,0.0
2025-05-26,41.790646,-71.698678,0.0
2025-05-27,41.790646,-71.698678,0.0
2025-05-28,41.790646,-71.698678,0.8863573509715499
2025-05-29,41.790646,-71.698678,13.671150316635915
2025-05-30,41.790646,-71.698678,0.06103926309937135
2025-05-31,41.790646,-71.698678,15.122716707735709
2025-06-01,41.790646,-71.698678,0.24717509286296124
2025-06-02,41.790646,-71.698678,0.0
2025-06-03,41.790646,-71.698678,0.0
2025-06-04,41.790646,-71.698678,0.0
2025-06-05,41.790646,-71.698678,0.0
2025-06-06,41.790646,-71.698678,0.008903403323952173
2025-06-07,41.790646,-71.698678,12.901664741082097
2025-06-08,41.790646,-71.698678,1.092701477111359
2025-06-09,41.790646,-71.698678,6.316263086860606
2025-06-10,41.790646,-71.698678,4.629585650096162
2025-06-11,41.790646,-71.698678,0.0
2025-06-12,41.790646,-71.698678,0.0
2025-06-13,41.790646,-71.698678,2.0151451239585665
2025-06-14,41.790646,-71.698678,7.638176128165785
2025-06-15,41.790646,-71.698678,0.0321602030066039
2025-06-16,41.790646,-71.698678,0.16440505487481766
2025-06-17,41.790646,-71.698678,6.822818230500561
2025-06-18,41.790646,-71.698678,5.121827119323016
2025-06-19,41.790646,-71.698678,0.09157459101054996
2025-06-20,41.790646,-71.698678,0.28789014305593214
2025-06-21,41.790646,-71.698678,0.0
2025-06-22,41.790646,-71.698678,3.8354059038572244
2025-06-23,41.790646,-71.698678,0.0
2025-06-24,41.790646,-71.698678,0.0
2025-06-25,41.790646,-71.698678,0.7586381510083166
2025-06-26,41.790646,-71.698678,1.127065274501744
2025-06-27,41.790646,-71.698678,1.4471411855503724
2025-06-28,41.790646,-71.698678,0.4208855452342267
2025-06-29,41.790646,-71.698678,0.046564356129045664
2025-06-30,41.790646,-71.698678,0.3945393522406781
2025-07-01,41.790646,-71.698678,1.3239682261493306
2025-07-02,41.790646,-71.698678,12.870968618609432
2025-07-03,41.790646,-71.698678,8.91591126646146
2025-07-04,41.790646,-71.698678,5.470446901145884
2025-07-05,41.790646,-71.698678,0.23664879336223624
2025-07-06,41.790646,-71.698678,0.005695237793134756
2025-07-07,41.790646,-71.698678,0.8053342829796478
2025-07-08,41.790646,-71.698678,2.606454035750222
2025-07-09,41.790646,-71.698678,27.366367326116638
2025-07-10,41.790646,-71.698678,19.11267106486968
2025-07-11,41.790646,-71.698678,0.03604409358455687
2025-07-12,41.790646,-71.698678,0.0
2025-07-13,41.790646,-71.698678,0.0
2025-07-14,41.790646,-71.698678,0.5300618296762544
2025-07-15,41.790646,-71.698678,8.958890637761288
2025-07-16,41.790646,-71.698678,0.0
2025-07-17,41.790646,-71.698678,0.002487626631059785
2025-07-18,41.790646,-71.698678,0.0
2025-07-19,41.790646,-71.698678,0.0
2025-07-20,41.790646,-71.698678,9.968302108158294
2025-07-21,41.790646,-71.698678,2.0719024065659624
2025-07-22,41.790646,-71.698678,0.0
2025-07-23,41.790646,-71.698678,0.0
2025-07-24,41.790646,-71.698678,0.0
2025-07-25,41.790646,-71.698678,13.729451829275877
2025-07-26,41.790646,-71.698678,0.3315959118141934
2025-07-27,41.790646,-71.698678,11.077015431413889
2025-07-28,41.790646,-71.698678,0.019800380325566955
2025-07-29,41.790646,-71.698678,0.0
2025-07-30,41.790646,-71.698678,0.007615530719863817
2025-07-31,41.790646,-71.698678,0.574385408492073
2025-08-01,41.790646,-71.698678,9.297214373589785
2025-08-02,41.790646,-71.698678,0.0
2025-08-03,41.790646,-71.698678,0.0
2025-08-04,41.790646,-71.698678,0.0
2025-08-05,41.790646,-71.698678,0.0019785341129372283
2025-08-06,41.790646,-71.698678,0.238052958481831
2025-08-07,41.790646,-71.698678,2.059664050701174
2025-08-08,41.790646,-71.698678,0.0
2025-08-09,41.790646,-71.698678,0.0
2025-08-10,41.790646,-71.698678,0.0
2025-08-11,41.790646,-71.698678,0.0
2025-08-12,41.790646,-71.698678,0.0
2025-08-13,41.790646,-71.698678,0.9146518554167044
2025-08-14,41.790646,-71.698678,0.21701306820066837
2025-08-15,41.790646,-71.698678,1.9486819477024722
2025-08-16,41.790646,-71.698678,0.0
2025-08-17,41.790646,-71.698678,0.1595414089271736
2025-08-18,41.790646,-71.698678,1.5547767631382465
2025-08-19,41.790646,-71.698678,0.6515875068358273
2025-08-20,41.790646,-71.698678,12.296042051094627
2025-08-21,41.790646,-71.698678,18.638343221108283
2025-08-22,41.790646,-71.698678,0.0
2025-08-23,41.790646,-71.698678,0.0
2025-08-24,41.790646,-71.698678,1.3608837502093643
2025-08-25,41.790646,-71.698678,0.02284659215959145
2025-08-26,41.790646,-71.698678,0.0
2025-08-27,41.790646,-71.698678,0.0
2025-08-28,41.790646,-71.698678,0.0
2025-08-29,41.790646,-71.698678,5.909681809747561
2025-08-30,41.790646,-71.698678,0.0
2025-08-31,41.790646,-71.698678,0.0
2025-09-01,41.790646,-71.698678,2.023837188652065
2025-09-02,41.790646,-71.698678,0.0
2025-09-03,41.790646,-71.698678,0.0
2025-09-04,41.790646,-71.698678,0.0
2025-09-05,41.790646,-71.698678,7.939450246239332
2025-09-06,41.790646,-71.698678,5.609650079735981
2025-09-07,41.790646,-71.698678,45.569465915748374
2025-09-08,41.790646,-71.698678,2.047278033799288
2025-09-09,41.790646,-71.698678,0.0
2025-09-10,41.790646,-71.698678,1.0935453238626411
2025-09-11,41.790646,-71.698678,0.0
2025-09-12,41.790646,-71.698678,0.0
2025-09-13,41.790646,-71.698678,0.0
2025-09-14,41.790646,-71.698678,0.09516615729246064
2025-09-15,41.790646,-71.698678,0.0
2025-09-16,41.790646,-71.698678,0.25143820545997325
2025-09-17,41.790646,-71.698678,0.1547108150542048
2025-09-18,41.790646,-71.698678,1.2886213897036776
2025-09-19,41.790646,-71.698678,0.0
2025-09-20,41.790646,-71.698678,0.0
2025-09-21,41.790646,-71.698678,0.10460311788161093
2025-09-22,41.790646,-71.698678,0.0
2025-09-23,41.790646,-71.698678,0.0
2025-09-24,41.790646,-71.698678,19.821827617917155
2025-09-25,41.790646,-71.698678,11.455990997952307
2025-09-26,41.790646,-71.698678,0.10067833063289781
2025-09-27,41.790646,-71.698678,0.026602021937025662
2025-09-28,41.790646,-71.698678,16.82185581211684
2025-09-29,41.790646,-71.698678,0.43209783944820335
2025-09-30,41.790646,-71.698678,0.6437158889794333
