date,lat,lon,pr_mm_per_day
2010-01-01,41.444975,-71.680877,1.83007034307673
2010-01-02,41.444975,-71.680877,0.5615404696936236
2010-01-03,41.444975,-71.680877,0.07665593516122303
2010-01-04,41.444975,-71.680877,1.0518494035602375
2010-01-05,41.444975,-71.680877,0.0
2010-01-06,41.444975,-71.680877,0.0
2010-01-07,41.444975,-71.680877,0.0
2010-01-08,41.444975,-71.680877,0.014238037584798476
2010-01-09,41.444975,-71.680877,0.11832031826353373
2010-01-10,41.444975,-71.680877,0.0
2010-01-11,41.444975,-71.680877,0.20577151595893275
2010-01-12,41.444975,-71.680877,0.17964747783543844
2010-01-13,41.444975,-71.680877,0.0
2010-01-14,41.444975,-71.680877,0.0
2010-01-15,41.444975,-71.680877,0.21244584318892534
2010-01-16,41.444975,-71.680877,0.0
2010-01-17,41.444975,-71.680877,28.736768532833498
2010-01-18,41.444975,-71.680877,28.977223305871735
2010-01-19,41.444975,-71.680877,2.0449546354297787
2010-01-20,41.444975,-71.680877,0.0893576395932549
2010-01-21,41.444975,-71.680877,0.0
2010-01-22,41.444975,-71.680877,9.49784646963825
2010-01-23,41.444975,-71.680877,0.0
2010-01-24,41.444975,-71.680877,6.048804460275115
2010-01-25,41.444975,-71.680877,32.44806946456391
2010-01-26,41.444975,-71.680877,0.8703896979134852
2010-01-27,41.444975,-71.680877,0.1279782038781264
2010-01-28,41.444975,-71.680877,1.487319704830121
2010-01-29,41.444975,-71.680877,0.028517992167763618
2010-01-30,41.444975,-71.680877,0.07549815312617805
2010-01-31,41.444975,-71.680877,2.4404838123192576
2010-02-01,41.444975,-71.680877,0.000521022551028036
2010-02-02,41.444975,-71.680877,4.649077885948785
2010-02-03,41.444975,-71.680877,0.0022199714004693086
2010-02-04,41.444975,-71.680877,0.0
2010-02-05,41.444975,-71.680877,0.0
2010-02-06,41.444975,-71.680877,0.6541579911215987
2010-02-07,41.444975,-71.680877,0.0
2010-02-08,41.444975,-71.680877,0.0
2010-02-09,41.444975,-71.680877,0.0
2010-02-10,41.444975,-71.680877,10.985307034515767
2010-02-11,41.444975,-71.680877,1.362180346666112
2010-02-12,41.444975,-71.680877,0.0
2010-02-13,41.444975,-71.680877,0.0
2010-02-14,41.444975,-71.680877,0.02492576491369357
2010-02-15,41.444975,-71.680877,0.0
2010-02-16,41.444975,-71.680877,0.048137260234834174
2010-02-17,41.444975,-71.680877,0.0
2010-02-18,41.444975,-71.680877,0.00023272743212489084
2010-02-19,41.444975,-71.680877,0.0
2010-02-20,41.444975,-71.680877,0.0
2010-02-21,41.444975,-71.680877,0.0
2010-02-22,41.444975,-71.680877,0.0
2010-02-23,41.444975,-71.680877,2.3947662615428045
2010-02-24,41.444975,-71.680877,39.72118761092232
2010-02-25,41.444975,-71.680877,30.575788139656503
2010-02-26,41.444975,-71.680877,42.865477146179686
2010-02-27,41.444975,-71.680877,0.0
2010-02-28,41.444975,-71.680877,0.9498739777870682
2010-03-01,41.444975,-71.680877,0.31515339308971646
2010-03-02,41.444975,-71.680877,0.05455555711180503
2010-03-03,41.444975,-71.680877,3.242330891246406
2010-03-04,41.444975,-71.680877,0.036963153540172586
2010-03-05,41.444975,-71.680877,0.07518041274433848
2010-03-06,41.444975,-71.680877,0.0
2010-03-07,41.444975,-71.680877,0.0
2010-03-08,41.444975,-71.680877,0.0
2010-03-09,41.444975,-71.680877,0.006565056953081202
2010-03-10,41.444975,-71.680877,0.02953877550170068
2010-03-11,41.444975,-71.680877,0.21168105863007713
2010-03-12,41.444975,-71.680877,0.6349459918017475
2010-03-13,41.444975,-71.680877,65.53101271950602
2010-03-14,41.444975,-71.680877,39.29087888494715
2010-03-15,41.444975,-71.680877,4.615195815550562
2010-03-16,41.444975,-71.680877,0.31732699580636864
2010-03-17,41.444975,-71.680877,0.009497499787713965
2010-03-18,41.444975,-71.680877,0.0
2010-03-19,41.444975,-71.680877,0.009771505539072162
2010-03-20,41.444975,-71.680877,0.0
2010-03-21,41.444975,-71.680877,0.0
2010-03-22,41.444975,-71.680877,1.8997449150734838
2010-03-23,41.444975,-71.680877,81.46011252786845
2010-03-24,41.444975,-71.680877,5.143733113555399
2010-03-25,41.444975,-71.680877,0.05827146326544064
2010-03-26,41.444975,-71.680877,27.97539344749108
2010-03-27,41.444975,-71.680877,0.0
2010-03-28,41.444975,-71.680877,0.15036201232228324
2010-03-29,41.444975,-71.680877,99.04455713633646
2010-03-30,41.444975,-71.680877,92.44994362991729
2010-03-31,41.444975,-71.680877,0.7097830946271636
2010-04-01,41.444975,-71.680877,7.757581070829686e-05
2010-04-02,41.444975,-71.680877,0.0
2010-04-03,41.444975,-71.680877,0.0
2010-04-04,41.444975,-71.680877,0.0
2010-04-05,41.444975,-71.680877,1.36911608217293
2010-04-06,41.444975,-71.680877,0.3583822927104511
2010-04-07,41.444975,-71.680877,0.013195992482742409
2010-04-08,41.444975,-71.680877,0.38147065110561773
2010-04-09,41.444975,-71.680877,15.369632761544398
2010-04-10,41.444975,-71.680877,0.02202976193975353
2010-04-11,41.444975,-71.680877,0.0
2010-04-12,41.444975,-71.680877,0.0
2010-04-13,41.444975,-71.680877,0.0003473483673520236
2010-04-14,41.444975,-71.680877,0.0
2010-04-15,41.444975,-71.680877,0.0
2010-04-16,41.444975,-71.680877,3.726342285657343
2010-04-17,41.444975,-71.680877,13.161709086291081
2010-04-18,41.444975,-71.680877,0.037321800000344435
2010-04-19,41.444975,-71.680877,0.0
2010-04-20,41.444975,-71.680877,0.00965265140913056
2010-04-21,41.444975,-71.680877,0.02576064243189651
2010-04-22,41.444975,-71.680877,0.783851979124907
2010-04-23,41.444975,-71.680877,0.8098592168193925
2010-04-24,41.444975,-71.680877,0.0
2010-04-25,41.444975,-71.680877,10.957055446910156
2010-04-26,41.444975,-71.680877,6.371683589224748
2010-04-27,41.444975,-71.680877,4.294254612651431
2010-04-28,41.444975,-71.680877,0.15768557405925793
2010-04-29,41.444975,-71.680877,0.0019359097060367967
2010-04-30,41.444975,-71.680877,0.022343406628548536
2010-05-01,41.444975,-71.680877,0.0008683708860307206
2010-05-02,41.444975,-71.680877,1.4281618883176277
2010-05-03,41.444975,-71.680877,8.630091042814518
2010-05-04,41.444975,-71.680877,0.40779914128795924
2010-05-05,41.444975,-71.680877,0.0
2010-05-06,41.444975,-71.680877,0.2542968800701912
2010-05-07,41.444975,-71.680877,0.0
2010-05-08,41.444975,-71.680877,2.7841320260261195
2010-05-09,41.444975,-71.680877,0.026644127732893035
2010-05-10,41.444975,-71.680877,0.0034562026602166125
2010-05-11,41.444975,-71.680877,0.27337732142209537
2010-05-12,41.444975,-71.680877,2.8431377003309466
2010-05-13,41.444975,-71.680877,0.0
2010-05-14,41.444975,-71.680877,5.312319933789359
2010-05-15,41.444975,-71.680877,2.0840088326498845
2010-05-16,41.444975,-71.680877,0.0
2010-05-17,41.444975,-71.680877,0.05658642488204042
2010-05-18,41.444975,-71.680877,27.563535197562253
2010-05-19,41.444975,-71.680877,6.4246805925201675
2010-05-20,41.444975,-71.680877,0.0
2010-05-21,41.444975,-71.680877,0.0
2010-05-22,41.444975,-71.680877,0.04386732964394466
2010-05-23,41.444975,-71.680877,0.4200135397423191
2010-05-24,41.444975,-71.680877,0.0
2010-05-25,41.444975,-71.680877,0.01172977133853105
2010-05-26,41.444975,-71.680877,0.00023272743212489084
2010-05-27,41.444975,-71.680877,18.166474099908896
2010-05-28,41.444975,-71.680877,0.0
2010-05-29,41.444975,-71.680877,0.9333218825617431
2010-05-30,41.444975,-71.680877,0.0
2010-05-31,41.444975,-71.680877,0.0
2010-06-01,41.444975,-71.680877,6.725773945542167
2010-06-02,41.444975,-71.680877,0.605880183529374
2010-06-03,41.444975,-71.680877,0.009790775132797264
2010-06-04,41.444975,-71.680877,1.1111542306529314
2010-06-05,41.444975,-71.680877,33.447387929208546
2010-06-06,41.444975,-71.680877,7.320415699389367
2010-06-07,41.444975,-71.680877,0.0
2010-06-08,41.444975,-71.680877,0.0886282645866661
2010-06-09,41.444975,-71.680877,9.826109425336345
2010-06-10,41.444975,-71.680877,1.1889635171719184
2010-06-11,41.444975,-71.680877,0.005328825693333897
2010-06-12,41.444975,-71.680877,2.5353546050435307
2010-06-13,41.444975,-71.680877,1.864424432395304
2010-06-14,41.444975,-71.680877,0.03641050675801676
2010-06-15,41.444975,-71.680877,0.0003473483673520236
2010-06-16,41.444975,-71.680877,0.12982696081743006
2010-06-17,41.444975,-71.680877,0.30041811180994
2010-06-18,41.444975,-71.680877,0.0
2010-06-19,41.444975,-71.680877,0.0
2010-06-20,41.444975,-71.680877,1.3066535369331964
2010-06-21,41.444975,-71.680877,0.0
2010-06-22,41.444975,-71.680877,1.4041293301304412
2010-06-23,41.444975,-71.680877,10.71674529469933
2010-06-24,41.444975,-71.680877,4.741658359237276
2010-06-25,41.444975,-71.680877,0.012389920354144377
2010-06-26,41.444975,-71.680877,0.06048502141865823
2010-06-27,41.444975,-71.680877,2.5110250499603786
2010-06-28,41.444975,-71.680877,1.7239064760103524
2010-06-29,41.444975,-71.680877,0.7288709068987216
2010-06-30,41.444975,-71.680877,0.0015700387475261106
2010-07-01,41.444975,-71.680877,0.0
2010-07-02,41.444975,-71.680877,0.0
2010-07-03,41.444975,-71.680877,0.007836344349906339
2010-07-04,41.444975,-71.680877,0.09061625645015986
2010-07-05,41.444975,-71.680877,0.0
2010-07-06,41.444975,-71.680877,0.062221959899489934
2010-07-07,41.444975,-71.680877,0.0
2010-07-08,41.444975,-71.680877,0.0
2010-07-09,41.444975,-71.680877,2.096045243428764
2010-07-10,41.444975,-71.680877,3.208630867063812
2010-07-11,41.444975,-71.680877,2.007931572427013
2010-07-12,41.444975,-71.680877,0.0016989488494412726
2010-07-13,41.444975,-71.680877,20.242025518126287
2010-07-14,41.444975,-71.680877,6.764491876113968
2010-07-15,41.444975,-71.680877,0.5436795002982899
2010-07-16,41.444975,-71.680877,0.21763222118020997
2010-07-17,41.444975,-71.680877,0.1885108023104293
2010-07-18,41.444975,-71.680877,0.019695170859243605
2010-07-19,41.444975,-71.680877,12.31759666582989
2010-07-20,41.444975,-71.680877,2.1878048824548872
2010-07-21,41.444975,-71.680877,5.41240654475774
2010-07-22,41.444975,-71.680877,0.5982174616960485
2010-07-23,41.444975,-71.680877,15.127255280624102
2010-07-24,41.444975,-71.680877,8.71115673605478
2010-07-25,41.444975,-71.680877,19.925033470281527
2010-07-26,41.444975,-71.680877,0.0
2010-07-27,41.444975,-71.680877,0.0
2010-07-28,41.444975,-71.680877,0.0
2010-07-29,41.444975,-71.680877,1.914732603571807
2010-07-30,41.444975,-71.680877,0.0
2010-07-31,41.444975,-71.680877,0.0
2010-08-01,41.444975,-71.680877,0.002146629046580987
2010-08-02,41.444975,-71.680877,0.0
2010-08-03,41.444975,-71.680877,0.31831872187557286
2010-08-04,41.444975,-71.680877,0.23250886248143915
2010-08-05,41.444975,-71.680877,5.330254931211144
2010-08-06,41.444975,-71.680877,0.32511818787621377
2010-08-07,41.444975,-71.680877,0.032825283542568834
2010-08-08,41.444975,-71.680877,0.0
2010-08-09,41.444975,-71.680877,0.06228922266586617
2010-08-10,41.444975,-71.680877,3.357428776361062
2010-08-11,41.444975,-71.680877,0.0
2010-08-12,41.444975,-71.680877,0.823576244798282
2010-08-13,41.444975,-71.680877,4.419286689211619
2010-08-14,41.444975,-71.680877,0.0
2010-08-15,41.444975,-71.680877,0.4689008884402117
2010-08-16,41.444975,-71.680877,1.3852549669017586
2010-08-17,41.444975,-71.680877,3.1389768518894865
2010-08-18,41.444975,-71.680877,8.209861048273533
2010-08-19,41.444975,-71.680877,1.0704183614207032
2010-08-20,41.444975,-71.680877,0.0019393951954593128
2010-08-21,41.444975,-71.680877,1.0648794344293926
2010-08-22,41.444975,-71.680877,36.59794566862498
2010-08-23,41.444975,-71.680877,10.003783093879727
2010-08-24,41.444975,-71.680877,0.3108274209914589
2010-08-25,41.444975,-71.680877,11.12494056572332
2010-08-26,41.444975,-71.680877,0.0035545450169999155
2010-08-27,41.444975,-71.680877,0.0
2010-08-28,41.444975,-71.680877,0.0
2010-08-29,41.444975,-71.680877,0.0
2010-08-30,41.444975,-71.680877,0.0
2010-08-31,41.444975,-71.680877,0.0
2010-09-01,41.444975,-71.680877,0.0017367417720614412
2010-09-02,41.444975,-71.680877,0.0
2010-09-03,41.444975,-71.680877,18.370197340256336
2010-09-04,41.444975,-71.680877,20.662376891353595
2010-09-05,41.444975,-71.680877,0.0
2010-09-06,41.444975,-71.680877,0.0
2010-09-07,41.444975,-71.680877,0.0
2010-09-08,41.444975,-71.680877,0.40889086065535174
2010-09-09,41.444975,-71.680877,0.0
2010-09-10,41.444975,-71.680877,0.0
2010-09-11,41.444975,-71.680877,0.0
2010-09-12,41.444975,-71.680877,3.7544234752180348
2010-09-13,41.444975,-71.680877,0.20061777213714171
2010-09-14,41.444975,-71.680877,0.0
2010-09-15,41.444975,-71.680877,0.0
2010-09-16,41.444975,-71.680877,1.6246870051160185
2010-09-17,41.444975,-71.680877,23.36280020810447
2010-09-18,41.444975,-71.680877,0.0
2010-09-19,41.444975,-71.680877,0.003087594456049357
2010-09-20,41.444975,-71.680877,0.003282528476540601
2010-09-21,41.444975,-71.680877,0.0
2010-09-22,41.444975,-71.680877,0.0
2010-09-23,41.444975,-71.680877,3.525302177259059
2010-09-24,41.444975,-71.680877,1.0085722991617998
2010-09-25,41.444975,-71.680877,0.0
2010-09-26,41.444975,-71.680877,0.17144949322149966
2010-09-27,41.444975,-71.680877,0.5348995684755342
2010-09-28,41.444975,-71.680877,3.9288308147171342
2010-09-29,41.444975,-71.680877,0.10816019168500035
2010-09-30,41.444975,-71.680877,2.4282269490253308
2010-10-01,41.444975,-71.680877,10.152895827747942
2010-10-02,41.444975,-71.680877,0.07096209557481725
2010-10-03,41.444975,-71.680877,1.0577024572342744
2010-10-04,41.444975,-71.680877,6.768882864072727
2010-10-05,41.444975,-71.680877,0.006904247196387275
2010-10-06,41.444975,-71.680877,27.252947152101417
2010-10-07,41.444975,-71.680877,0.0
2010-10-08,41.444975,-71.680877,0.0
2010-10-09,41.444975,-71.680877,0.0
2010-10-10,41.444975,-71.680877,0.0
2010-10-11,41.444975,-71.680877,0.0
2010-10-12,41.444975,-71.680877,6.476813705588529
2010-10-13,41.444975,-71.680877,0.0
2010-10-14,41.444975,-71.680877,0.0
2010-10-15,41.444975,-71.680877,27.896531216435477
2010-10-16,41.444975,-71.680877,0.04212593137059953
2010-10-17,41.444975,-71.680877,0.0
2010-10-18,41.444975,-71.680877,0.0003288258050926055
2010-10-19,41.444975,-71.680877,3.42018284173701
2010-10-20,41.444975,-71.680877,0.041574127050210775
2010-10-21,41.444975,-71.680877,1.879731025742691
2010-10-22,41.444975,-71.680877,0.0
2010-10-23,41.444975,-71.680877,0.018322727934225822
2010-10-24,41.444975,-71.680877,4.273541448326857
2010-10-25,41.444975,-71.680877,3.069028770714686
2010-10-26,41.444975,-71.680877,0.9990784506632888
2010-10-27,41.444975,-71.680877,14.539159388503908
2010-10-28,41.444975,-71.680877,0.5115788432827133
2010-10-29,41.444975,-71.680877,0.00023272743212489084
2010-10-30,41.444975,-71.680877,0.22752763948389412
2010-10-31,41.444975,-71.680877,2.4394118403894973
2010-11-01,41.444975,-71.680877,0.0
2010-11-02,41.444975,-71.680877,0.0
2010-11-03,41.444975,-71.680877,0.0
2010-11-04,41.444975,-71.680877,12.017068331833894
2010-11-05,41.444975,-71.680877,24.841309049767432
2010-11-06,41.444975,-71.680877,3.450646838060128
2010-11-07,41.444975,-71.680877,2.2144077257657955
2010-11-08,41.444975,-71.680877,12.837583556140954
2010-11-09,41.444975,-71.680877,0.06538874682917495
2010-11-10,41.444975,-71.680877,3.093194634933858
2010-11-11,41.444975,-71.680877,4.689776516545654
2010-11-12,41.444975,-71.680877,0.0
2010-11-13,41.444975,-71.680877,0.0
2010-11-14,41.444975,-71.680877,0.0
2010-11-15,41.444975,-71.680877,0.2022193822712252
2010-11-16,41.444975,-71.680877,4.660404819972771
2010-11-17,41.444975,-71.680877,30.727269014763035
2010-11-18,41.444975,-71.680877,0.01623997046496139
2010-11-19,41.444975,-71.680877,0.06539351343857408
2010-11-20,41.444975,-71.680877,0.11871840090578116
2010-11-21,41.444975,-71.680877,0.006452679203055227
2010-11-22,41.444975,-71.680877,0.08103368510304733
2010-11-23,41.444975,-71.680877,1.4367921152351708
2010-11-24,41.444975,-71.680877,0.0
2010-11-25,41.444975,-71.680877,0.417659515085872
2010-11-26,41.444975,-71.680877,4.447532835184101
2010-11-27,41.444975,-71.680877,0.001315303220370422
2010-11-28,41.444975,-71.680877,0.0
2010-11-29,41.444975,-71.680877,0.036861563225099536
2010-11-30,41.444975,-71.680877,1.7185302673478007
2010-12-01,41.444975,-71.680877,18.489729195265355
2010-12-02,41.444975,-71.680877,0.06931500875393577
2010-12-03,41.444975,-71.680877,1.170327391370551
2010-12-04,41.444975,-71.680877,0.00798443311004682
2010-12-05,41.444975,-71.680877,0.0008683708860307206
2010-12-06,41.444975,-71.680877,0.02064761134246374
2010-12-07,41.444975,-71.680877,0.004422915644235928
2010-12-08,41.444975,-71.680877,0.007500454691911576
2010-12-09,41.444975,-71.680877,1.1465852690538325
2010-12-10,41.444975,-71.680877,0.0014334096305704527
2010-12-11,41.444975,-71.680877,0.0
2010-12-12,41.444975,-71.680877,34.239761761240786
2010-12-13,41.444975,-71.680877,76.64265624186915
2010-12-14,41.444975,-71.680877,0.0
2010-12-15,41.444975,-71.680877,0.0
2010-12-16,41.444975,-71.680877,0.09075423872641422
2010-12-17,41.444975,-71.680877,0.0012562499251225837
2010-12-18,41.444975,-71.680877,0.0010235225074473144
2010-12-19,41.444975,-71.680877,0.0261656234640114
2010-12-20,41.444975,-71.680877,0.37839788044115324
2010-12-21,41.444975,-71.680877,0.10209837598996926
2010-12-22,41.444975,-71.680877,0.0
2010-12-23,41.444975,-71.680877,0.3795258114088681
2010-12-24,41.444975,-71.680877,0.0
2010-12-25,41.444975,-71.680877,0.6185118474795611
2010-12-26,41.444975,-71.680877,5.689350121618446
2010-12-27,41.444975,-71.680877,0.5985053868812229
2010-12-28,41.444975,-71.680877,0.036613377809175535
2010-12-29,41.444975,-71.680877,0.016516314902677083
2010-12-30,41.444975,-71.680877,0.0
2010-12-31,41.444975,-71.680877,0.1468018323750194
2011-01-01,41.444975,-71.680877,0.738246339833739
2011-01-02,41.444975,-71.680877,4.761344363592452
2011-01-03,41.444975,-71.680877,7.470741031658309
2011-01-04,41.444975,-71.680877,0.02047665777789703
2011-01-05,41.444975,-71.680877,0.24327618118100428
2011-01-06,41.444975,-71.680877,0.08979704852279553
2011-01-07,41.444975,-71.680877,0.0
2011-01-08,41.444975,-71.680877,1.3757564401200408
2011-01-09,41.444975,-71.680877,2.4996868650384685
2011-01-10,41.444975,-71.680877,0.0
2011-01-11,41.444975,-71.680877,0.007113816425160118
2011-01-12,41.444975,-71.680877,21.260325742044465
2011-01-13,41.444975,-71.680877,0.5124951085719361
2011-01-14,41.444975,-71.680877,0.0
2011-01-15,41.444975,-71.680877,1.2543535409630808
2011-01-16,41.444975,-71.680877,2.818991262061929
2011-01-17,41.444975,-71.680877,1.0328382198247352
2011-01-18,41.444975,-71.680877,40.733269134547726
2011-01-19,41.444975,-71.680877,3.1871741951088746
2011-01-20,41.444975,-71.680877,0.209334015129695
2011-01-21,41.444975,-71.680877,7.329535664302021
2011-01-22,41.444975,-71.680877,0.0
2011-01-23,41.444975,-71.680877,0.826558460148166
2011-01-24,41.444975,-71.680877,0.0
2011-01-25,41.444975,-71.680877,1.3332046958280377
2011-01-26,41.444975,-71.680877,8.92792923757771
2011-01-27,41.444975,-71.680877,25.757034477800563
2011-01-28,41.444975,-71.680877,0.5734789756942693
2011-01-29,41.444975,-71.680877,0.3917873265565534
2011-01-30,41.444975,-71.680877,0.4387291123861033
2011-01-31,41.444975,-71.680877,0.0
2011-02-01,41.444975,-71.680877,0.6606553207465917
2011-02-02,41.444975,-71.680877,22.476691989582477
2011-02-03,41.444975,-71.680877,0.5157950691225781
2011-02-04,41.444975,-71.680877,0.0
2011-02-05,41.444975,-71.680877,0.5435685491054234
2011-02-06,41.444975,-71.680877,2.175926190228269
2011-02-07,41.444975,-71.680877,0.0
2011-02-08,41.444975,-71.680877,8.556291695346365
2011-02-09,41.444975,-71.680877,0.0
2011-02-10,41.444975,-71.680877,0.11265235456053926
2011-02-11,41.444975,-71.680877,0.042672869583609226
2011-02-12,41.444975,-71.680877,0.0
2011-02-13,41.444975,-71.680877,0.0012747725341809629
2011-02-14,41.444975,-71.680877,0.04963960189049451
2011-02-15,41.444975,-71.680877,0.0
2011-02-16,41.444975,-71.680877,0.3889363555184656
2011-02-17,41.444975,-71.680877,0.0
2011-02-18,41.444975,-71.680877,0.6533193355498224
2011-02-19,41.444975,-71.680877,0.07489646494110137
2011-02-20,41.444975,-71.680877,0.0
2011-02-21,41.444975,-71.680877,0.6577159554607654
2011-02-22,41.444975,-71.680877,0.009773255857942476
2011-02-23,41.444975,-71.680877,0.0
2011-02-24,41.444975,-71.680877,0.0
2011-02-25,41.444975,-71.680877,67.39776579675586
2011-02-26,41.444975,-71.680877,0.009847585429621802
2011-02-27,41.444975,-71.680877,1.6037270407260387
2011-02-28,41.444975,-71.680877,27.196704031017195
2011-03-01,41.444975,-71.680877,6.451204534831966
2011-03-02,41.444975,-71.680877,0.013437679874439775
2011-03-03,41.444975,-71.680877,0.0
2011-03-04,41.444975,-71.680877,0.0010825757737959103
2011-03-05,41.444975,-71.680877,0.0003288258050926055
2011-03-06,41.444975,-71.680877,0.3024284971628287
2011-03-07,41.444975,-71.680877,17.18414747102817
2011-03-08,41.444975,-71.680877,0.0
2011-03-09,41.444975,-71.680877,0.06310213931721947
2011-03-10,41.444975,-71.680877,14.353535937992222
2011-03-11,41.444975,-71.680877,16.732337939442928
2011-03-12,41.444975,-71.680877,0.013130113906162404
2011-03-13,41.444975,-71.680877,0.02954275567744682
2011-03-14,41.444975,-71.680877,0.0
2011-03-15,41.444975,-71.680877,0.0
2011-03-16,41.444975,-71.680877,10.018943296816502
2011-03-17,41.444975,-71.680877,0.004999999888241291
2011-03-18,41.444975,-71.680877,0.9545532567850314
2011-03-19,41.444975,-71.680877,2.184257005846556
2011-03-20,41.444975,-71.680877,0.0
2011-03-21,41.444975,-71.680877,1.0648535349051018
2011-03-22,41.444975,-71.680877,0.0001736741836760118
2011-03-23,41.444975,-71.680877,0.398392779092979
2011-03-24,41.444975,-71.680877,3.9874620558030998
2011-03-25,41.444975,-71.680877,0.057833503131762734
2011-03-26,41.444975,-71.680877,0.0
2011-03-27,41.444975,-71.680877,0.12264186558885604
2011-03-28,41.444975,-71.680877,0.0
2011-03-29,41.444975,-71.680877,0.0
2011-03-30,41.444975,-71.680877,0.0
2011-03-31,41.444975,-71.680877,11.029750075356485
2011-04-01,41.444975,-71.680877,4.685768378410163
2011-04-02,41.444975,-71.680877,0.28471873288108546
2011-04-03,41.444975,-71.680877,0.0
2011-04-04,41.444975,-71.680877,4.880422219170489
2011-04-05,41.444975,-71.680877,1.9497896875713032
2011-04-06,41.444975,-71.680877,0.0
2011-04-07,41.444975,-71.680877,0.0028703050973543226
2011-04-08,41.444975,-71.680877,0.5758882513336723
2011-04-09,41.444975,-71.680877,2.880726542955304
2011-04-10,41.444975,-71.680877,0.049137850084939746
2011-04-11,41.444975,-71.680877,5.012630666111762
2011-04-12,41.444975,-71.680877,9.786773699000184
2011-04-13,41.444975,-71.680877,48.956802631023365
2011-04-14,41.444975,-71.680877,0.028865341843954062
2011-04-15,41.444975,-71.680877,0.0
2011-04-16,41.444975,-71.680877,4.337629810606873
2011-04-17,41.444975,-71.680877,28.550086398365526
2011-04-18,41.444975,-71.680877,0.5971007412473728
2011-04-19,41.444975,-71.680877,8.142856107801489
2011-04-20,41.444975,-71.680877,2.481153893947361
2011-04-21,41.444975,-71.680877,7.757581070829686e-05
2011-04-22,41.444975,-71.680877,0.05354874112603528
2011-04-23,41.444975,-71.680877,12.862299049596986
2011-04-24,41.444975,-71.680877,0.6603786514900181
2011-04-25,41.444975,-71.680877,7.494226290743288
2011-04-26,41.444975,-71.680877,0.00340636451892457
2011-04-27,41.444975,-71.680877,0.06059312233871999
2011-04-28,41.444975,-71.680877,4.458257699444448
2011-04-29,41.444975,-71.680877,10.04564098455572
2011-04-30,41.444975,-71.680877,0.0
2011-05-01,41.444975,-71.680877,0.0
2011-05-02,41.444975,-71.680877,0.005864885669265525
2011-05-03,41.444975,-71.680877,4.4006432747003545
2011-05-04,41.444975,-71.680877,10.454855660985828
2011-05-05,41.444975,-71.680877,3.412407151789623
2011-05-06,41.444975,-71.680877,0.0403570554756718
2011-05-07,41.444975,-71.680877,0.31519371584409017
2011-05-08,41.444975,-71.680877,0.31493845572391893
2011-05-09,41.444975,-71.680877,0.0014662214173163813
2011-05-10,41.444975,-71.680877,0.011352348121371841
2011-05-11,41.444975,-71.680877,0.6352593907889779
2011-05-12,41.444975,-71.680877,0.049460452000078224
2011-05-13,41.444975,-71.680877,0.11830621201911007
2011-05-14,41.444975,-71.680877,0.0181066247061588
2011-05-15,41.444975,-71.680877,4.129260717549664
2011-05-16,41.444975,-71.680877,8.989114369220935
2011-05-17,41.444975,-71.680877,2.2321917927340693
2011-05-18,41.444975,-71.680877,37.08380275841684
2011-05-19,41.444975,-71.680877,5.331796731577766
2011-05-20,41.444975,-71.680877,0.9316884820339664
2011-05-21,41.444975,-71.680877,0.0035900944448179744
2011-05-22,41.444975,-71.680877,1.067089268572256
2011-05-23,41.444975,-71.680877,3.3058847793037667
2011-05-24,41.444975,-71.680877,10.313168538956143
2011-05-25,41.444975,-71.680877,0.0
2011-05-26,41.444975,-71.680877,0.061581303350758426
2011-05-27,41.444975,-71.680877,0.25384192376821335
2011-05-28,41.444975,-71.680877,0.03381659852137395
2011-05-29,41.444975,-71.680877,2.897168628714886
2011-05-30,41.444975,-71.680877,2.010487726060614
2011-05-31,41.444975,-71.680877,0.0722156277067304
2011-06-01,41.444975,-71.680877,12.03262012771603
2011-06-02,41.444975,-71.680877,0.1335758556308324
2011-06-03,41.444975,-71.680877,0.0
2011-06-04,41.444975,-71.680877,0.010055968420504938
2011-06-05,41.444975,-71.680877,0.0001736741836760118
2011-06-06,41.444975,-71.680877,0.055739205202163106
2011-06-07,41.444975,-71.680877,0.0
2011-06-08,41.444975,-71.680877,0.38719876518131413
2011-06-09,41.444975,-71.680877,25.35322966106766
2011-06-10,41.444975,-71.680877,17.57354585306348
2011-06-11,41.444975,-71.680877,6.6892300752930804
2011-06-12,41.444975,-71.680877,4.315532213028635
2011-06-13,41.444975,-71.680877,0.13087084913646968
2011-06-14,41.444975,-71.680877,1.711639715091989
2011-06-15,41.444975,-71.680877,0.16162183201636446
2011-06-16,41.444975,-71.680877,0.0
2011-06-17,41.444975,-71.680877,7.285553844423413
2011-06-18,41.444975,-71.680877,5.285852007680006
2011-06-19,41.444975,-71.680877,0.005557573877632378
2011-06-20,41.444975,-71.680877,0.13560912054587987
2011-06-21,41.444975,-71.680877,0.0
2011-06-22,41.444975,-71.680877,8.81522787971644
2011-06-23,41.444975,-71.680877,23.144889154443554
2011-06-24,41.444975,-71.680877,1.995080350347958
2011-06-25,41.444975,-71.680877,0.4821983200080809
2011-06-26,41.444975,-71.680877,7.757581070829686e-05
2011-06-27,41.444975,-71.680877,0.0
2011-06-28,41.444975,-71.680877,0.003183692829017073
2011-06-29,41.444975,-71.680877,7.502634975809631
2011-06-30,41.444975,-71.680877,0.0
2011-07-01,41.444975,-71.680877,0.0
2011-07-02,41.444975,-71.680877,0.0
2011-07-03,41.444975,-71.680877,2.065045715792283
2011-07-04,41.444975,-71.680877,0.036873862490923705
2011-07-05,41.444975,-71.680877,0.0
2011-07-06,41.444975,-71.680877,0.36812229611589653
2011-07-07,41.444975,-71.680877,0.002996477431600864
2011-07-08,41.444975,-71.680877,12.763385075740654
2011-07-09,41.444975,-71.680877,31.544054514682376
2011-07-10,41.444975,-71.680877,0.0
2011-07-11,41.444975,-71.680877,0.0006946967347040472
2011-07-12,41.444975,-71.680877,3.651049871097156
2011-07-13,41.444975,-71.680877,3.6978840144130953
2011-07-14,41.444975,-71.680877,1.9042158163261649
2011-07-15,41.444975,-71.680877,0.0
2011-07-16,41.444975,-71.680877,0.01336085235084629
2011-07-17,41.444975,-71.680877,0.0
2011-07-18,41.444975,-71.680877,3.6382847021679905
2011-07-19,41.444975,-71.680877,0.0006946967347040472
2011-07-20,41.444975,-71.680877,0.001042045102056072
2011-07-21,41.444975,-71.680877,0.19401133793974934
2011-07-22,41.444975,-71.680877,0.21644682980422172
2011-07-23,41.444975,-71.680877,0.5595476840396707
2011-07-24,41.444975,-71.680877,3.0911293120060286
2011-07-25,41.444975,-71.680877,2.1518017477167226
2011-07-26,41.444975,-71.680877,9.602823626224211
2011-07-27,41.444975,-71.680877,0.3424713756770545
2011-07-28,41.444975,-71.680877,0.1433218173730062
2011-07-29,41.444975,-71.680877,0.5846531938011974
2011-07-30,41.444975,-71.680877,0.5812444909467538
2011-07-31,41.444975,-71.680877,0.0
2011-08-01,41.444975,-71.680877,2.7516515322410897
2011-08-02,41.444975,-71.680877,1.5275378715334913
2011-08-03,41.444975,-71.680877,1.812596042906225
2011-08-04,41.444975,-71.680877,2.8934412716517146
2011-08-05,41.444975,-71.680877,0.007338331861754463
2011-08-06,41.444975,-71.680877,3.9842788173393533
2011-08-07,41.444975,-71.680877,31.618165686468064
2011-08-08,41.444975,-71.680877,0.7865563318529618
2011-08-09,41.444975,-71.680877,3.878769373663715
2011-08-10,41.444975,-71.680877,2.3555944669845785
2011-08-11,41.444975,-71.680877,0.0
2011-08-12,41.444975,-71.680877,0.0
2011-08-13,41.444975,-71.680877,0.15756136687394884
2011-08-14,41.444975,-71.680877,18.49221669080677
2011-08-15,41.444975,-71.680877,62.577008369039646
2011-08-16,41.444975,-71.680877,0.13108211897861555
2011-08-17,41.444975,-71.680877,0.004341854688948312
2011-08-18,41.444975,-71.680877,0.449474637182236
2011-08-19,41.444975,-71.680877,0.4258951395730488
2011-08-20,41.444975,-71.680877,2.2957280998910705
2011-08-21,41.444975,-71.680877,1.5554150662721662
2011-08-22,41.444975,-71.680877,22.35225479261979
2011-08-23,41.444975,-71.680877,1.7789185456231127
2011-08-24,41.444975,-71.680877,0.8358037285775528
2011-08-25,41.444975,-71.680877,2.777936097110027
2011-08-26,41.444975,-71.680877,2.0222628465410915
2011-08-27,41.444975,-71.680877,17.344583261140873
2011-08-28,41.444975,-71.680877,39.25687566983486
2011-08-29,41.444975,-71.680877,0.06481503233239914
2011-08-30,41.444975,-71.680877,0.0
2011-08-31,41.444975,-71.680877,2.678778962517006
2011-09-01,41.444975,-71.680877,3.3289681077058306
2011-09-02,41.444975,-71.680877,0.0012157193180814237
2011-09-03,41.444975,-71.680877,0.0
2011-09-04,41.444975,-71.680877,0.0
2011-09-05,41.444975,-71.680877,0.2984053480886967
2011-09-06,41.444975,-71.680877,24.285305114562266
2011-09-07,41.444975,-71.680877,2.321978077611428
2011-09-08,41.444975,-71.680877,62.65232667351839
2011-09-09,41.444975,-71.680877,3.334548421275589
2011-09-10,41.444975,-71.680877,0.0
2011-09-11,41.444975,-71.680877,0.0
2011-09-12,41.444975,-71.680877,0.0
2011-09-13,41.444975,-71.680877,0.0
2011-09-14,41.444975,-71.680877,0.0
2011-09-15,41.444975,-71.680877,0.031392878798688975
2011-09-16,41.444975,-71.680877,1.646968429301069
2011-09-17,41.444975,-71.680877,3.6463030631504614
2011-09-18,41.444975,-71.680877,0.04993189326031222
2011-09-19,41.444975,-71.680877,0.0
2011-09-20,41.444975,-71.680877,2.4195340653793878
2011-09-21,41.444975,-71.680877,0.023944414337573775
2011-09-22,41.444975,-71.680877,0.665499474301863
2011-09-23,41.444975,-71.680877,26.255512076200606
2011-09-24,41.444975,-71.680877,8.531697720581473
2011-09-25,41.444975,-71.680877,6.316923253153228
2011-09-26,41.444975,-71.680877,0.3961249869513015
2011-09-27,41.444975,-71.680877,0.026584094309176624
2011-09-28,41.444975,-71.680877,0.01172977133853105
2011-09-29,41.444975,-71.680877,12.222756049955562
2011-09-30,41.444975,-71.680877,0.0
2011-10-01,41.444975,-71.680877,7.843489629962446
2011-10-02,41.444975,-71.680877,0.0
2011-10-03,41.444975,-71.680877,7.781045983429747
2011-10-04,41.444975,-71.680877,5.530291447585084
2011-10-05,41.444975,-71.680877,0.003282528476540601
2011-10-06,41.444975,-71.680877,0.0
2011-10-07,41.444975,-71.680877,0.0
2011-10-08,41.444975,-71.680877,0.0
2011-10-09,41.444975,-71.680877,0.0
2011-10-10,41.444975,-71.680877,0.0
2011-10-11,41.444975,-71.680877,15.097302095916415
2011-10-12,41.444975,-71.680877,6.010216972718105
2011-10-13,41.444975,-71.680877,20.045172215233915
2011-10-14,41.444975,-71.680877,21.02290746913742
2011-10-15,41.444975,-71.680877,0.027376364199151935
2011-10-16,41.444975,-71.680877,0.007945143650356916
2011-10-17,41.444975,-71.680877,4.744206610602065
2011-10-18,41.444975,-71.680877,0.04773341713006623
2011-10-19,41.444975,-71.680877,32.841301283300425
2011-10-20,41.444975,-71.680877,6.139946218297082
2011-10-21,41.444975,-71.680877,0.0
2011-10-22,41.444975,-71.680877,0.0
2011-10-23,41.444975,-71.680877,0.0
2011-10-24,41.444975,-71.680877,0.0006981822819250492
2011-10-25,41.444975,-71.680877,0.42697886178363853
2011-10-26,41.444975,-71.680877,2.784548240534279
2011-10-27,41.444975,-71.680877,13.98945023651817
2011-10-28,41.444975,-71.680877,2.038952885697617
2011-10-29,41.444975,-71.680877,22.724072028025013
2011-10-30,41.444975,-71.680877,0.08447612483327749
2011-10-31,41.444975,-71.680877,0.0301976706244948
2011-11-01,41.444975,-71.680877,7.912168677673634
2011-11-02,41.444975,-71.680877,0.0
2011-11-03,41.444975,-71.680877,0.054737687883958004
2011-11-04,41.444975,-71.680877,0.7153388874015584
2011-11-05,41.444975,-71.680877,0.0
2011-11-06,41.444975,-71.680877,0.009999999776482582
2011-11-07,41.444975,-71.680877,0.0
2011-11-08,41.444975,-71.680877,0.0
2011-11-09,41.444975,-71.680877,0.0
2011-11-10,41.444975,-71.680877,13.590722799425816
2011-11-11,41.444975,-71.680877,0.5589533419582922
2011-11-12,41.444975,-71.680877,0.013458939711255008
2011-11-13,41.444975,-71.680877,2.7808081377700407
2011-11-14,41.444975,-71.680877,0.5807836632424181
2011-11-15,41.444975,-71.680877,1.767489118976274
2011-11-16,41.444975,-71.680877,19.77077939703383
2011-11-17,41.444975,-71.680877,15.136526510028371
2011-11-18,41.444975,-71.680877,0.005422186759396458
2011-11-19,41.444975,-71.680877,0.5092543641914618
2011-11-20,41.444975,-71.680877,0.13821751645914676
2011-11-21,41.444975,-71.680877,11.407238006567665
2011-11-22,41.444975,-71.680877,0.31770872303128167
2011-11-23,41.444975,-71.680877,40.61914787902111
2011-11-24,41.444975,-71.680877,0.0
2011-11-25,41.444975,-71.680877,0.0
2011-11-26,41.444975,-71.680877,0.12678920743745517
2011-11-27,41.444975,-71.680877,0.037413531203271254
2011-11-28,41.444975,-71.680877,2.339820590330709
2011-11-29,41.444975,-71.680877,0.000521022551028036
2011-11-30,41.444975,-71.680877,19.15535484864462
2011-12-01,41.444975,-71.680877,0.0
2011-12-02,41.444975,-71.680877,0.0
2011-12-03,41.444975,-71.680877,0.0
2011-12-04,41.444975,-71.680877,0.0
2011-12-05,41.444975,-71.680877,0.0
2011-12-06,41.444975,-71.680877,9.470947744773017
2011-12-07,41.444975,-71.680877,39.423777781151884
2011-12-08,41.444975,-71.680877,2.8367085896188584
2011-12-09,41.444975,-71.680877,0.049071333310288526
2011-12-10,41.444975,-71.680877,3.641424915549258
2011-12-11,41.444975,-71.680877,0.0
2011-12-12,41.444975,-71.680877,0.1426251909582632
2011-12-13,41.444975,-71.680877,0.243075764089196
2011-12-14,41.444975,-71.680877,0.25018476995427263
2011-12-15,41.444975,-71.680877,7.150517688422997
2011-12-16,41.444975,-71.680877,2.763290213626748
2011-12-17,41.444975,-71.680877,1.5346441247149076
2011-12-18,41.444975,-71.680877,0.0
2011-12-19,41.444975,-71.680877,0.027268713337083045
2011-12-20,41.444975,-71.680877,1.631311275607095
2011-12-21,41.444975,-71.680877,8.828863250565986
2011-12-22,41.444975,-71.680877,4.385535538249778
2011-12-23,41.444975,-71.680877,14.827992109125741
2011-12-24,41.444975,-71.680877,0.0
2011-12-25,41.444975,-71.680877,0.027863826040100736
2011-12-26,41.444975,-71.680877,0.878822843049333
2011-12-27,41.444975,-71.680877,10.24812089973032
2011-12-28,41.444975,-71.680877,16.1082906649373
2011-12-29,41.444975,-71.680877,0.06970622560618278
2011-12-30,41.444975,-71.680877,0.12245842502297305
2011-12-31,41.444975,-71.680877,10.424268432977257
2012-01-01,41.444975,-71.680877,0.0
2012-01-02,41.444975,-71.680877,4.816539264636896
2012-01-03,41.444975,-71.680877,0.050800992934588014
2012-01-04,41.444975,-71.680877,0.0651658779813541
2012-01-05,41.444975,-71.680877,0.8951825417403338
2012-01-06,41.444975,-71.680877,0.6561372746854133
2012-01-07,41.444975,-71.680877,0.0
2012-01-08,41.444975,-71.680877,0.17441210332361545
2012-01-09,41.444975,-71.680877,0.6019670451459673
2012-01-10,41.444975,-71.680877,0.4171155424753218
2012-01-11,41.444975,-71.680877,0.05149568966929206
2012-01-12,41.444975,-71.680877,44.84875501733735
2012-01-13,41.444975,-71.680877,0.55527023647952
2012-01-14,41.444975,-71.680877,0.0
2012-01-15,41.444975,-71.680877,0.0
2012-01-16,41.444975,-71.680877,0.0026051126580921573
2012-01-17,41.444975,-71.680877,8.044164217261933
2012-01-18,41.444975,-71.680877,0.4001531663341621
2012-01-19,41.444975,-71.680877,0.3906980823254138
2012-01-20,41.444975,-71.680877,2.404989343090335
2012-01-21,41.444975,-71.680877,7.035757337118197
2012-01-22,41.444975,-71.680877,0.3395233600867864
2012-01-23,41.444975,-71.680877,1.0239854020857422
2012-01-24,41.444975,-71.680877,7.6922046460170606
2012-01-25,41.444975,-71.680877,0.005217196785017998
2012-01-26,41.444975,-71.680877,2.611150827090504
2012-01-27,41.444975,-71.680877,28.825295522013096
2012-01-28,41.444975,-71.680877,0.11667892683419936
2012-01-29,41.444975,-71.680877,0.1990080456293932
2012-01-30,41.444975,-71.680877,0.179291166086969
2012-01-31,41.444975,-71.680877,0.09480869458720041
2012-02-01,41.444975,-71.680877,3.293918101473293
2012-02-02,41.444975,-71.680877,0.3274437680546256
2012-02-03,41.444975,-71.680877,0.4461396053956186
2012-02-04,41.444975,-71.680877,0.10645946843317788
2012-02-05,41.444975,-71.680877,0.0
2012-02-06,41.444975,-71.680877,0.0
2012-02-07,41.444975,-71.680877,0.0
2012-02-08,41.444975,-71.680877,1.3748173156713945
2012-02-09,41.444975,-71.680877,0.03978729004426326
2012-02-10,41.444975,-71.680877,0.0
2012-02-11,41.444975,-71.680877,6.148967673766729
2012-02-12,41.444975,-71.680877,0.0
2012-02-13,41.444975,-71.680877,0.0
2012-02-14,41.444975,-71.680877,0.028081839385332274
2012-02-15,41.444975,-71.680877,0.07642991999429295
2012-02-16,41.444975,-71.680877,1.970840040347827
2012-02-17,41.444975,-71.680877,0.14954559630185765
2012-02-18,41.444975,-71.680877,0.0
2012-02-19,41.444975,-71.680877,0.0017957950528596563
2012-02-20,41.444975,-71.680877,0.0
2012-02-21,41.444975,-71.680877,0.03180132854235864
2012-02-22,41.444975,-71.680877,0.9812206148983571
2012-02-23,41.444975,-71.680877,2.0506883630739448
2012-02-24,41.444975,-71.680877,20.589650854512556
2012-02-25,41.444975,-71.680877,4.965761643761603
2012-02-26,41.444975,-71.680877,0.0
2012-02-27,41.444975,-71.680877,0.0
2012-02-28,41.444975,-71.680877,0.0
2012-02-29,41.444975,-71.680877,5.932127575355503
2012-03-01,41.444975,-71.680877,7.457821709708382
2012-03-02,41.444975,-71.680877,0.0
2012-03-03,41.444975,-71.680877,4.3409401197401305
2012-03-04,41.444975,-71.680877,0.9464199493709637
2012-03-05,41.444975,-71.680877,7.757581070829686e-05
2012-03-06,41.444975,-71.680877,0.00025124999438430867
2012-03-07,41.444975,-71.680877,7.757581070829686e-05
2012-03-08,41.444975,-71.680877,0.004398664251949144
2012-03-09,41.444975,-71.680877,1.8249608634603565
2012-03-10,41.444975,-71.680877,0.0
2012-03-11,41.444975,-71.680877,0.0019139014706091165
2012-03-12,41.444975,-71.680877,0.00025124999438430867
2012-03-13,41.444975,-71.680877,3.197431237661109
2012-03-14,41.444975,-71.680877,0.021161392276559984
2012-03-15,41.444975,-71.680877,0.010208636843511823
2012-03-16,41.444975,-71.680877,1.0254608905886022
2012-03-17,41.444975,-71.680877,0.0
2012-03-18,41.444975,-71.680877,0.0
2012-03-19,41.444975,-71.680877,0.0
2012-03-20,41.444975,-71.680877,0.0
2012-03-21,41.444975,-71.680877,0.0
2012-03-22,41.444975,-71.680877,0.0
2012-03-23,41.444975,-71.680877,0.0003288258050926055
2012-03-24,41.444975,-71.680877,0.5333366541994677
2012-03-25,41.444975,-71.680877,4.6475106442564025
2012-03-26,41.444975,-71.680877,0.0694890928069988
2012-03-27,41.444975,-71.680877,0.0
2012-03-28,41.444975,-71.680877,15.196024675480833
2012-03-29,41.444975,-71.680877,0.9050953414045515
2012-03-30,41.444975,-71.680877,0.0005024999887686173
2012-03-31,41.444975,-71.680877,0.5600239953203392
2012-04-01,41.444975,-71.680877,2.72401532361914
2012-04-02,41.444975,-71.680877,2.7725071895048257
2012-04-03,41.444975,-71.680877,0.0
2012-04-04,41.444975,-71.680877,0.00023272743212489084
2012-04-05,41.444975,-71.680877,0.0
2012-04-06,41.444975,-71.680877,0.0
2012-04-07,41.444975,-71.680877,0.0
2012-04-08,41.444975,-71.680877,0.06953379490346281
2012-04-09,41.444975,-71.680877,0.001008485524758238
2012-04-10,41.444975,-71.680877,0.0005024999887686173
2012-04-11,41.444975,-71.680877,0.008456202548457904
2012-04-12,41.444975,-71.680877,3.1259135891649725
2012-04-13,41.444975,-71.680877,0.15861485866005165
2012-04-14,41.444975,-71.680877,0.0051736740719173025
2012-04-15,41.444975,-71.680877,6.691321463465127
2012-04-16,41.444975,-71.680877,0.06215743223472963
2012-04-17,41.444975,-71.680877,0.0
2012-04-18,41.444975,-71.680877,0.5968367816110106
2012-04-19,41.444975,-71.680877,2.4868135246968763
2012-04-20,41.444975,-71.680877,0.0
2012-04-21,41.444975,-71.680877,0.0
2012-04-22,41.444975,-71.680877,31.244665565750157
2012-04-23,41.444975,-71.680877,39.198212775818384
2012-04-24,41.444975,-71.680877,0.00301001864534106
2012-04-25,41.444975,-71.680877,0.0
2012-04-26,41.444975,-71.680877,0.48004214294668895
2012-04-27,41.444975,-71.680877,2.9226901677463046
2012-04-28,41.444975,-71.680877,0.0
2012-04-29,41.444975,-71.680877,0.7485607046408767
2012-04-30,41.444975,-71.680877,0.05819884034689807
2012-05-01,41.444975,-71.680877,14.052825637839064
2012-05-02,41.444975,-71.680877,0.0004249241780603205
2012-05-03,41.444975,-71.680877,2.2343633936397054
2012-05-04,41.444975,-71.680877,2.2099825701810887
2012-05-05,41.444975,-71.680877,0.04405629621323872
2012-05-06,41.444975,-71.680877,1.452850001132029
2012-05-07,41.444975,-71.680877,0.0
2012-05-08,41.444975,-71.680877,5.81691749970804
2012-05-09,41.444975,-71.680877,38.46121547048574
2012-05-10,41.444975,-71.680877,13.066854716941465
2012-05-11,41.444975,-71.680877,0.0
2012-05-12,41.444975,-71.680877,0.0
2012-05-13,41.444975,-71.680877,2.532901100467694
2012-05-14,41.444975,-71.680877,2.4259222633894955
2012-05-15,41.444975,-71.680877,4.360164442628896
2012-05-16,41.444975,-71.680877,16.473698713644655
2012-05-17,41.444975,-71.680877,0.721117268157841
2012-05-18,41.444975,-71.680877,0.0
2012-05-19,41.444975,-71.680877,0.0
2012-05-20,41.444975,-71.680877,0.008498976622605747
2012-05-21,41.444975,-71.680877,1.5079862786874279
2012-05-22,41.444975,-71.680877,8.03224750060039
2012-05-23,41.444975,-71.680877,0.0070675569418498195
2012-05-24,41.444975,-71.680877,0.5609171578888267
2012-05-25,41.444975,-71.680877,0.5641753972796265
2012-05-26,41.444975,-71.680877,0.4709923277947352
2012-05-27,41.444975,-71.680877,0.14473669469873846
2012-05-28,41.444975,-71.680877,0.2060789793421943
2012-05-29,41.444975,-71.680877,0.0
2012-05-30,41.444975,-71.680877,4.643889971233854
2012-05-31,41.444975,-71.680877,0.01906087815200793
2012-06-01,41.444975,-71.680877,0.013583871521834268
2012-06-02,41.444975,-71.680877,11.456167955108116
2012-06-03,41.444975,-71.680877,1.4220300306518474
2012-06-04,41.444975,-71.680877,0.2517483812624259
2012-06-05,41.444975,-71.680877,2.1415822950696013
2012-06-06,41.444975,-71.680877,0.4593681184952839
2012-06-07,41.444975,-71.680877,0.9565097456656161
2012-06-08,41.444975,-71.680877,0.0
2012-06-09,41.444975,-71.680877,5.3937727588105355
2012-06-10,41.444975,-71.680877,0.01787612652546357
2012-06-11,41.444975,-71.680877,0.0
2012-06-12,41.444975,-71.680877,7.090696610156522
2012-06-13,41.444975,-71.680877,21.852398490798823
2012-06-14,41.444975,-71.680877,0.9775140267164303
2012-06-15,41.444975,-71.680877,0.0
2012-06-16,41.444975,-71.680877,0.0
2012-06-17,41.444975,-71.680877,0.0
2012-06-18,41.444975,-71.680877,0.0
2012-06-19,41.444975,-71.680877,0.002084090204112144
2012-06-20,41.444975,-71.680877,0.0
2012-06-21,41.444975,-71.680877,0.0
2012-06-22,41.444975,-71.680877,0.1747275254092071
2012-06-23,41.444975,-71.680877,2.9056678701011145
2012-06-24,41.444975,-71.680877,0.0
2012-06-25,41.444975,-71.680877,49.030627725113426
2012-06-26,41.444975,-71.680877,0.03497326518382887
2012-06-27,41.444975,-71.680877,0.0
2012-06-28,41.444975,-71.680877,0.0
2012-06-29,41.444975,-71.680877,0.7061511118401931
2012-06-30,41.444975,-71.680877,0.00260511291688687
2012-07-01,41.444975,-71.680877,4.370747258236353
2012-07-02,41.444975,-71.680877,0.7727502101869366
2012-07-03,41.444975,-71.680877,0.5766128291442094
2012-07-04,41.444975,-71.680877,6.640627403641178
2012-07-05,41.444975,-71.680877,0.08699729650224061
2012-07-06,41.444975,-71.680877,1.6393398071017948
2012-07-07,41.444975,-71.680877,8.295968911373803
2012-07-08,41.444975,-71.680877,0.0
2012-07-09,41.444975,-71.680877,0.24122297816432878
2012-07-10,41.444975,-71.680877,0.0017367417720614412
2012-07-11,41.444975,-71.680877,0.03939034171848721
2012-07-12,41.444975,-71.680877,0.17470046276046708
2012-07-13,41.444975,-71.680877,0.1649556173699157
2012-07-14,41.444975,-71.680877,5.407502894529938
2012-07-15,41.444975,-71.680877,4.5852454212773095
2012-07-16,41.444975,-71.680877,7.302334132427513
2012-07-17,41.444975,-71.680877,0.04595539989440558
2012-07-18,41.444975,-71.680877,4.209533453384525
2012-07-19,41.444975,-71.680877,2.7190585615287395
2012-07-20,41.444975,-71.680877,17.381530250470284
2012-07-21,41.444975,-71.680877,1.830700499025951
2012-07-22,41.444975,-71.680877,0.0
2012-07-23,41.444975,-71.680877,1.5160449134942016
2012-07-24,41.444975,-71.680877,1.884462204219612
2012-07-25,41.444975,-71.680877,0.0
2012-07-26,41.444975,-71.680877,0.9085894334347535
2012-07-27,41.444975,-71.680877,5.017348335153606
2012-07-28,41.444975,-71.680877,7.113581571248946
2012-07-29,41.444975,-71.680877,13.489553627017715
2012-07-30,41.444975,-71.680877,2.047999981530018
2012-07-31,41.444975,-71.680877,8.481147319661856
2012-08-01,41.444975,-71.680877,1.8052622642681477
2012-08-02,41.444975,-71.680877,2.3372820250459387
2012-08-03,41.444975,-71.680877,0.06385154229440358
2012-08-04,41.444975,-71.680877,0.058129124172290506
2012-08-05,41.444975,-71.680877,1.4376124475212055
2012-08-06,41.444975,-71.680877,7.772403332507006
2012-08-07,41.444975,-71.680877,0.48950014261393165
2012-08-08,41.444975,-71.680877,0.9160511474903278
2012-08-09,41.444975,-71.680877,0.0
2012-08-10,41.444975,-71.680877,11.74801239247608
2012-08-11,41.444975,-71.680877,2.098877926814151
2012-08-12,41.444975,-71.680877,8.499006576521253
2012-08-13,41.444975,-71.680877,0.1360918772777427
2012-08-14,41.444975,-71.680877,0.05348353686783215
2012-08-15,41.444975,-71.680877,12.583141030010395
2012-08-16,41.444975,-71.680877,25.691605484779906
2012-08-17,41.444975,-71.680877,0.0
2012-08-18,41.444975,-71.680877,15.220553882245895
2012-08-19,41.444975,-71.680877,0.5466980176984967
2012-08-20,41.444975,-71.680877,6.757672771176734
2012-08-21,41.444975,-71.680877,1.3906369017880007
2012-08-22,41.444975,-71.680877,0.9386935158060801
2012-08-23,41.444975,-71.680877,0.0050990901367238516
2012-08-24,41.444975,-71.680877,0.6888980841505054
2012-08-25,41.444975,-71.680877,0.3174771807981573
2012-08-26,41.444975,-71.680877,0.18410254395151776
2012-08-27,41.444975,-71.680877,0.00939125398516634
2012-08-28,41.444975,-71.680877,2.90426419025933
2012-08-29,41.444975,-71.680877,0.0
2012-08-30,41.444975,-71.680877,0.0
2012-08-31,41.444975,-71.680877,0.0
2012-09-01,41.444975,-71.680877,0.3185372158133779
2012-09-02,41.444975,-71.680877,0.0
2012-09-03,41.444975,-71.680877,0.0
2012-09-04,41.444975,-71.680877,16.959099909006675
2012-09-05,41.444975,-71.680877,15.503985668890492
2012-09-06,41.444975,-71.680877,0.45203869306526134
2012-09-07,41.444975,-71.680877,0.0
2012-09-08,41.444975,-71.680877,0.0
2012-09-09,41.444975,-71.680877,5.450961784387447
2012-09-10,41.444975,-71.680877,0.0
2012-09-11,41.444975,-71.680877,0.0
2012-09-12,41.444975,-71.680877,0.0
2012-09-13,41.444975,-71.680877,0.0
2012-09-14,41.444975,-71.680877,0.0
2012-09-15,41.444975,-71.680877,5.920432949848116
2012-09-16,41.444975,-71.680877,0.0
2012-09-17,41.444975,-71.680877,0.0
2012-09-18,41.444975,-71.680877,2.825766435031449
2012-09-19,41.444975,-71.680877,31.923032003381174
2012-09-20,41.444975,-71.680877,0.0
2012-09-21,41.444975,-71.680877,6.354095736614339
2012-09-22,41.444975,-71.680877,0.0
2012-09-23,41.444975,-71.680877,0.02626022781232481
2012-09-24,41.444975,-71.680877,0.0
2012-09-25,41.444975,-71.680877,0.0
2012-09-26,41.444975,-71.680877,0.11955569255743154
2012-09-27,41.444975,-71.680877,0.34117128673660224
2012-09-28,41.444975,-71.680877,21.459676440902243
2012-09-29,41.444975,-71.680877,12.91527917021543
2012-09-30,41.444975,-71.680877,10.694619368289075
2012-10-01,41.444975,-71.680877,0.013506295725575598
2012-10-02,41.444975,-71.680877,13.638193731168979
2012-10-03,41.444975,-71.680877,0.6481675328828512
2012-10-04,41.444975,-71.680877,1.2827272751877188
2012-10-05,41.444975,-71.680877,0.8643690394784862
2012-10-06,41.444975,-71.680877,7.757581070829686e-05
2012-10-07,41.444975,-71.680877,10.83869666515139
2012-10-08,41.444975,-71.680877,3.0230225274008893
2012-10-09,41.444975,-71.680877,16.082196372116133
2012-10-10,41.444975,-71.680877,0.9133361446269462
2012-10-11,41.444975,-71.680877,0.0
2012-10-12,41.444975,-71.680877,0.057422733425608684
2012-10-13,41.444975,-71.680877,0.0
2012-10-14,41.444975,-71.680877,0.7004317596107448
2012-10-15,41.444975,-71.680877,0.46429746393326965
2012-10-16,41.444975,-71.680877,3.695535202407501
2012-10-17,41.444975,-71.680877,0.09660000252161813
2012-10-18,41.444975,-71.680877,0.1270954393353934
2012-10-19,41.444975,-71.680877,2.3662231735558326
2012-10-20,41.444975,-71.680877,27.02245900023026
2012-10-21,41.444975,-71.680877,0.0
2012-10-22,41.444975,-71.680877,0.0
2012-10-23,41.444975,-71.680877,0.8793054306350755
2012-10-24,41.444975,-71.680877,4.227612952370578
2012-10-25,41.444975,-71.680877,0.0
2012-10-26,41.444975,-71.680877,0.0
2012-10-27,41.444975,-71.680877,0.0
2012-10-28,41.444975,-71.680877,0.575382474391502
2012-10-29,41.444975,-71.680877,3.170820154530573
2012-10-30,41.444975,-71.680877,4.702455282286747
2012-10-31,41.444975,-71.680877,0.1038856219693411
2012-11-01,41.444975,-71.680877,0.5287264826876608
2012-11-02,41.444975,-71.680877,2.3573588319745347
2012-11-03,41.444975,-71.680877,0.07321690264878793
2012-11-04,41.444975,-71.680877,0.018212526067697375
2012-11-05,41.444975,-71.680877,0.0
2012-11-06,41.444975,-71.680877,0.02747594455533452
2012-11-07,41.444975,-71.680877,24.144343922271393
2012-11-08,41.444975,-71.680877,7.535305952526634
2012-11-09,41.444975,-71.680877,0.0
2012-11-10,41.444975,-71.680877,0.008944413388438209
2012-11-11,41.444975,-71.680877,0.2756371628103002
2012-11-12,41.444975,-71.680877,0.0
2012-11-13,41.444975,-71.680877,1.6031780911875
2012-11-14,41.444975,-71.680877,0.0
2012-11-15,41.444975,-71.680877,0.025356429975614922
2012-11-16,41.444975,-71.680877,7.5230908110359715
2012-11-17,41.444975,-71.680877,0.010368607980649838
2012-11-18,41.444975,-71.680877,0.00038787903909186304
2012-11-19,41.444975,-71.680877,0.023717015870323793
2012-11-20,41.444975,-71.680877,0.0
2012-11-21,41.444975,-71.680877,0.1283390207790402
2012-11-22,41.444975,-71.680877,0.0
2012-11-23,41.444975,-71.680877,0.0005024999887686173
2012-11-24,41.444975,-71.680877,0.03009684397222525
2012-11-25,41.444975,-71.680877,0.0012747725341809629
2012-11-26,41.444975,-71.680877,0.47311226768620723
2012-11-27,41.444975,-71.680877,1.9178075318104975
2012-11-28,41.444975,-71.680877,0.03376053588630588
2012-11-29,41.444975,-71.680877,0.009346581317662979
2012-11-30,41.444975,-71.680877,0.016466221082040256
2012-12-01,41.444975,-71.680877,0.43141105642210115
2012-12-02,41.444975,-71.680877,0.37440545531152236
2012-12-03,41.444975,-71.680877,2.32912508404694
2012-12-04,41.444975,-71.680877,0.25702924155561635
2012-12-05,41.444975,-71.680877,0.04648534434889462
2012-12-06,41.444975,-71.680877,0.0
2012-12-07,41.444975,-71.680877,1.9384558099253546
2012-12-08,41.444975,-71.680877,19.4173252228187
2012-12-09,41.444975,-71.680877,3.1865431098499837
2012-12-10,41.444975,-71.680877,19.558211120120813
2012-12-11,41.444975,-71.680877,0.5412955038733827
2012-12-12,41.444975,-71.680877,0.4746823513350791
2012-12-13,41.444975,-71.680877,0.12721208929065997
2012-12-14,41.444975,-71.680877,0.006738731136757213
2012-12-15,41.444975,-71.680877,0.014337621519436818
2012-12-16,41.444975,-71.680877,0.19323458601666743
2012-12-17,41.444975,-71.680877,17.46450763611758
2012-12-18,41.444975,-71.680877,17.804727290982786
2012-12-19,41.444975,-71.680877,0.0001736741836760118
2012-12-20,41.444975,-71.680877,0.0174924808819431
2012-12-21,41.444975,-71.680877,26.613881982189433
2012-12-22,41.444975,-71.680877,0.0289243951392019
2012-12-23,41.444975,-71.680877,0.0004654548642497817
2012-12-24,41.444975,-71.680877,0.0001551516214165937
2012-12-25,41.444975,-71.680877,1.9903843429759822
2012-12-26,41.444975,-71.680877,9.805348244914072
2012-12-27,41.444975,-71.680877,23.070226080676104
2012-12-28,41.444975,-71.680877,0.0
2012-12-29,41.444975,-71.680877,13.359348156783096
2012-12-30,41.444975,-71.680877,6.0854774167757775
2012-12-31,41.444975,-71.680877,0.1486516223436269
2013-01-01,41.444975,-71.680877,0.47738330895343856
2013-01-02,41.444975,-71.680877,1.1072842145951594
2013-01-03,41.444975,-71.680877,3.4341457618737783
2013-01-04,41.444975,-71.680877,0.0
2013-01-05,41.444975,-71.680877,0.0
2013-01-06,41.444975,-71.680877,1.8882509955006568
2013-01-07,41.444975,-71.680877,0.0
2013-01-08,41.444975,-71.680877,0.0
2013-01-09,41.444975,-71.680877,1.66059490043666
2013-01-10,41.444975,-71.680877,0.0
2013-01-11,41.444975,-71.680877,1.211556908039416
2013-01-12,41.444975,-71.680877,6.725258332884123
2013-01-13,41.444975,-71.680877,0.21413140136903014
2013-01-14,41.444975,-71.680877,1.2233539681419636
2013-01-15,41.444975,-71.680877,13.718124734977184
2013-01-16,41.444975,-71.680877,21.558052791721657
2013-01-17,41.444975,-71.680877,2.074358362183799
2013-01-18,41.444975,-71.680877,1.451841950870174
2013-01-19,41.444975,-71.680877,0.024663356098576266
2013-01-20,41.444975,-71.680877,0.02954275567744682
2013-01-21,41.444975,-71.680877,0.14762552596765918
2013-01-22,41.444975,-71.680877,0.2699905299306481
2013-01-23,41.444975,-71.680877,0.0
2013-01-24,41.444975,-71.680877,0.0
2013-01-25,41.444975,-71.680877,0.08262959807522342
2013-01-26,41.444975,-71.680877,0.058282527567098785
2013-01-27,41.444975,-71.680877,0.0956751703837925
2013-01-28,41.444975,-71.680877,1.7082145114362515
2013-01-29,41.444975,-71.680877,2.149220390650763
2013-01-30,41.444975,-71.680877,2.2095919708390634
2013-01-31,41.444975,-71.680877,16.354016434227027
2013-02-01,41.444975,-71.680877,0.0026051126580921573
2013-02-02,41.444975,-71.680877,0.0
2013-02-03,41.444975,-71.680877,0.0003473483673520236
2013-02-04,41.444975,-71.680877,0.0001736741836760118
2013-02-05,41.444975,-71.680877,0.0001551516214165937
2013-02-06,41.444975,-71.680877,0.0
2013-02-07,41.444975,-71.680877,0.0029324428346327626
2013-02-08,41.444975,-71.680877,83.8249915100565
2013-02-09,41.444975,-71.680877,50.51040433265799
2013-02-10,41.444975,-71.680877,0.0
2013-02-11,41.444975,-71.680877,0.8216395488871333
2013-02-12,41.444975,-71.680877,0.0001551516214165937
2013-02-13,41.444975,-71.680877,0.0
2013-02-14,41.444975,-71.680877,2.3374840323182244
2013-02-15,41.444975,-71.680877,0.0
2013-02-16,41.444975,-71.680877,0.05203822665799977
2013-02-17,41.444975,-71.680877,3.555231303126831
2013-02-18,41.444975,-71.680877,0.0
2013-02-19,41.444975,-71.680877,0.7699570372620663
2013-02-20,41.444975,-71.680877,2.0077356717358357
2013-02-21,41.444975,-71.680877,0.0
2013-02-22,41.444975,-71.680877,0.0029324428346327626
2013-02-23,41.444975,-71.680877,0.1314695943074317
2013-02-24,41.444975,-71.680877,3.012527357030143
2013-02-25,41.444975,-71.680877,0.006166628885131057
2013-02-26,41.444975,-71.680877,0.0
2013-02-27,41.444975,-71.680877,17.80540718451796
2013-02-28,41.444975,-71.680877,0.10853503884092369
2013-03-01,41.444975,-71.680877,0.010455652203396108
2013-03-02,41.444975,-71.680877,0.0
2013-03-03,41.444975,-71.680877,0.004439942800938617
2013-03-04,41.444975,-71.680877,0.009847585429621802
2013-03-05,41.444975,-71.680877,0.000521022551028036
2013-03-06,41.444975,-71.680877,0.020896856916984344
2013-03-07,41.444975,-71.680877,1.2461207052668146
2013-03-08,41.444975,-71.680877,2.399603636566225
2013-03-09,41.444975,-71.680877,0.4577574495837499
2013-03-10,41.444975,-71.680877,0.0
2013-03-11,41.444975,-71.680877,0.0358500188032108
2013-03-12,41.444975,-71.680877,42.138937782921175
2013-03-13,41.444975,-71.680877,0.12787950293439015
2013-03-14,41.444975,-71.680877,0.0
2013-03-15,41.444975,-71.680877,1.0400333142443277
2013-03-16,41.444975,-71.680877,0.4441834255087339
2013-03-17,41.444975,-71.680877,0.21276278904500157
2013-03-18,41.444975,-71.680877,0.19765893200287793
2013-03-19,41.444975,-71.680877,4.438519960169777
2013-03-20,41.444975,-71.680877,0.0
2013-03-21,41.444975,-71.680877,0.014999999664723873
2013-03-22,41.444975,-71.680877,0.00038787903909186304
2013-03-23,41.444975,-71.680877,0.0
2013-03-24,41.444975,-71.680877,0.0
2013-03-25,41.444975,-71.680877,0.31395995890057365
2013-03-26,41.444975,-71.680877,0.009847585429621802
2013-03-27,41.444975,-71.680877,0.0
2013-03-28,41.444975,-71.680877,0.01887764136564498
2013-03-29,41.444975,-71.680877,0.0
2013-03-30,41.444975,-71.680877,0.0028000474407019107
2013-03-31,41.444975,-71.680877,0.6390456212199265
2013-04-01,41.444975,-71.680877,1.5003748419420997
2013-04-02,41.444975,-71.680877,0.0001736741836760118
2013-04-03,41.444975,-71.680877,0.0
2013-04-04,41.444975,-71.680877,0.0
2013-04-05,41.444975,-71.680877,1.8517999922315598
2013-04-06,41.444975,-71.680877,0.0
2013-04-07,41.444975,-71.680877,0.020357658015141243
2013-04-08,41.444975,-71.680877,0.0034376800979571943
2013-04-09,41.444975,-71.680877,0.6472518721065401
2013-04-10,41.444975,-71.680877,4.135487750468069
2013-04-11,41.444975,-71.680877,5.258152624014067
2013-04-12,41.444975,-71.680877,9.344628535608493
2013-04-13,41.444975,-71.680877,0.3722715379910897
2013-04-14,41.444975,-71.680877,0.0
2013-04-15,41.444975,-71.680877,0.04425403707930521
2013-04-16,41.444975,-71.680877,0.0
2013-04-17,41.444975,-71.680877,1.2448720385930316
2013-04-18,41.444975,-71.680877,0.0
2013-04-19,41.444975,-71.680877,0.0001551516214165937
2013-04-20,41.444975,-71.680877,14.104543487324587
2013-04-21,41.444975,-71.680877,0.039938064728765224
2013-04-22,41.444975,-71.680877,0.5298291564791404
2013-04-23,41.444975,-71.680877,10.323587391841562
2013-04-24,41.444975,-71.680877,2.3780617338555237
2013-04-25,41.444975,-71.680877,0.062217725773544945
2013-04-26,41.444975,-71.680877,0.0
2013-04-27,41.444975,-71.680877,0.09895745837125977
2013-04-28,41.444975,-71.680877,0.0
2013-04-29,41.444975,-71.680877,0.26897168180446296
2013-04-30,41.444975,-71.680877,0.03060171277649958
2013-05-01,41.444975,-71.680877,0.0
2013-05-02,41.444975,-71.680877,0.0
2013-05-03,41.444975,-71.680877,0.0
2013-05-04,41.444975,-71.680877,0.003282528476540601
2013-05-05,41.444975,-71.680877,0.0
2013-05-06,41.444975,-71.680877,0.0
2013-05-07,41.444975,-71.680877,0.0
2013-05-08,41.444975,-71.680877,0.3379577092092412
2013-05-09,41.444975,-71.680877,11.240497457472372
2013-05-10,41.444975,-71.680877,0.0011636371172755867
2013-05-11,41.444975,-71.680877,22.06771144010834
2013-05-12,41.444975,-71.680877,16.425155588184428
2013-05-13,41.444975,-71.680877,0.0
2013-05-14,41.444975,-71.680877,0.0069529359921730646
2013-05-15,41.444975,-71.680877,1.4534512712531935
2013-05-16,41.444975,-71.680877,0.02257130967229402
2013-05-17,41.444975,-71.680877,0.06045275844365469
2013-05-18,41.444975,-71.680877,0.18919796396921065
2013-05-19,41.444975,-71.680877,8.375222009333429
2013-05-20,41.444975,-71.680877,1.3870554218293563
2013-05-21,41.444975,-71.680877,0.0
2013-05-22,41.444975,-71.680877,0.06132949740852446
2013-05-23,41.444975,-71.680877,0.049829664551198645
2013-05-24,41.444975,-71.680877,27.438217449415824
2013-05-25,41.444975,-71.680877,2.5573783876893135
2013-05-26,41.444975,-71.680877,0.26710711943789245
2013-05-27,41.444975,-71.680877,0.0
2013-05-28,41.444975,-71.680877,4.733896432295003
2013-05-29,41.444975,-71.680877,2.328869313362562
2013-05-30,41.444975,-71.680877,0.10692309654678989
2013-05-31,41.444975,-71.680877,0.0
2013-06-01,41.444975,-71.680877,0.0
2013-06-02,41.444975,-71.680877,0.02674146551860384
2013-06-03,41.444975,-71.680877,31.235652750239154
2013-06-04,41.444975,-71.680877,0.11571024049951822
2013-06-05,41.444975,-71.680877,0.0
2013-06-06,41.444975,-71.680877,0.4367460455071988
2013-06-07,41.444975,-71.680877,63.876734685232464
2013-06-08,41.444975,-71.680877,4.093383271430571
2013-06-09,41.444975,-71.680877,0.0
2013-06-10,41.444975,-71.680877,24.16008152272279
2013-06-11,41.444975,-71.680877,38.467337104999125
2013-06-12,41.444975,-71.680877,0.0003473483673520236
2013-06-13,41.444975,-71.680877,9.607314107048024
2013-06-14,41.444975,-71.680877,15.703124175767124
2013-06-15,41.444975,-71.680877,0.0
2013-06-16,41.444975,-71.680877,1.168205329761174
2013-06-17,41.444975,-71.680877,0.43294490592452256
2013-06-18,41.444975,-71.680877,7.647427630836961
2013-06-19,41.444975,-71.680877,16.490961797742575
2013-06-20,41.444975,-71.680877,0.0
2013-06-21,41.444975,-71.680877,0.0
2013-06-22,41.444975,-71.680877,0.0
2013-06-23,41.444975,-71.680877,0.016412641771284417
2013-06-24,41.444975,-71.680877,0.09176088542800233
2013-06-25,41.444975,-71.680877,0.17404529758608264
2013-06-26,41.444975,-71.680877,1.6944819919138356
2013-06-27,41.444975,-71.680877,0.8568907658873136
2013-06-28,41.444975,-71.680877,5.917263982395596
2013-06-29,41.444975,-71.680877,6.577630283693254
2013-06-30,41.444975,-71.680877,2.7259367673359876
2013-07-01,41.444975,-71.680877,3.2730489450988913
2013-07-02,41.444975,-71.680877,4.038152675364012
2013-07-03,41.444975,-71.680877,1.609104349001948
2013-07-04,41.444975,-71.680877,0.03322696011921009
2013-07-05,41.444975,-71.680877,0.00023272743212489084
2013-07-06,41.444975,-71.680877,0.005294772523478188
2013-07-07,41.444975,-71.680877,0.0
2013-07-08,41.444975,-71.680877,0.0
2013-07-09,41.444975,-71.680877,8.524546110980248
2013-07-10,41.444975,-71.680877,0.02010133591084729
2013-07-11,41.444975,-71.680877,12.463769720521283
2013-07-12,41.444975,-71.680877,1.0948700833009013
2013-07-13,41.444975,-71.680877,1.0021268430252477
2013-07-14,41.444975,-71.680877,0.002160918152020429
2013-07-15,41.444975,-71.680877,0.0
2013-07-16,41.444975,-71.680877,0.03518931401559315
2013-07-17,41.444975,-71.680877,0.02297769994720279
2013-07-18,41.444975,-71.680877,0.03662883579297464
2013-07-19,41.444975,-71.680877,0.019039762607005777
2013-07-20,41.444975,-71.680877,0.0
2013-07-21,41.444975,-71.680877,3.9682476126518895
2013-07-22,41.444975,-71.680877,1.9776940485633074
2013-07-23,41.444975,-71.680877,4.670481633166729
2013-07-24,41.444975,-71.680877,2.6101758444586163
2013-07-25,41.444975,-71.680877,10.189070881441284
2013-07-26,41.444975,-71.680877,17.648959714406853
2013-07-27,41.444975,-71.680877,0.0014662214173163813
2013-07-28,41.444975,-71.680877,2.5367474976065174
2013-07-29,41.444975,-71.680877,0.7361354848496698
2013-07-30,41.444975,-71.680877,0.0
2013-07-31,41.444975,-71.680877,0.0001736741836760118
2013-08-01,41.444975,-71.680877,3.5907279574107647
2013-08-02,41.444975,-71.680877,8.845417365930729
2013-08-03,41.444975,-71.680877,6.930746623270449
2013-08-04,41.444975,-71.680877,0.016846395654826454
2013-08-05,41.444975,-71.680877,0.13257264683184133
2013-08-06,41.444975,-71.680877,7.757581070829686e-05
2013-08-07,41.444975,-71.680877,0.004873333726792856
2013-08-08,41.444975,-71.680877,2.3083963127477913
2013-08-09,41.444975,-71.680877,15.064390739103253
2013-08-10,41.444975,-71.680877,0.28955795533176665
2013-08-11,41.444975,-71.680877,0.0
2013-08-12,41.444975,-71.680877,0.24381592926837797
2013-08-13,41.444975,-71.680877,15.885109833534425
2013-08-14,41.444975,-71.680877,0.0006981822819250492
2013-08-15,41.444975,-71.680877,0.0
2013-08-16,41.444975,-71.680877,0.0
2013-08-17,41.444975,-71.680877,0.06355976499818952
2013-08-18,41.444975,-71.680877,4.423561357625627
2013-08-19,41.444975,-71.680877,2.395433047192364
2013-08-20,41.444975,-71.680877,1.4408167907525757
2013-08-21,41.444975,-71.680877,0.0
2013-08-22,41.444975,-71.680877,5.924275097116645
2013-08-23,41.444975,-71.680877,0.35353053040965443
2013-08-24,41.444975,-71.680877,0.06229658356982565
2013-08-25,41.444975,-71.680877,0.0
2013-08-26,41.444975,-71.680877,3.519899744216841
2013-08-27,41.444975,-71.680877,33.60527112071748
2013-08-28,41.444975,-71.680877,0.03357566055256035
2013-08-29,41.444975,-71.680877,0.06265047682891356
2013-08-30,41.444975,-71.680877,0.03806724819846197
2013-08-31,41.444975,-71.680877,0.555686745535232
2013-09-01,41.444975,-71.680877,5.817640693132141
2013-09-02,41.444975,-71.680877,13.04740926665453
2013-09-03,41.444975,-71.680877,32.0491831130519
2013-09-04,41.444975,-71.680877,0.6352909122890763
2013-09-05,41.444975,-71.680877,1.8267058860713936
2013-09-06,41.444975,-71.680877,0.27635709670060465
2013-09-07,41.444975,-71.680877,0.0
2013-09-08,41.444975,-71.680877,0.8588993444294687
2013-09-09,41.444975,-71.680877,1.4579303911206372
2013-09-10,41.444975,-71.680877,0.9009005766995524
2013-09-11,41.444975,-71.680877,0.0
2013-09-12,41.444975,-71.680877,0.053851339711873225
2013-09-13,41.444975,-71.680877,3.9564899529174182
2013-09-14,41.444975,-71.680877,0.0
2013-09-15,41.444975,-71.680877,0.021060567249629993
2013-09-16,41.444975,-71.680877,2.0288239873369864
2013-09-17,41.444975,-71.680877,0.0
2013-09-18,41.444975,-71.680877,0.0
2013-09-19,41.444975,-71.680877,0.0
2013-09-20,41.444975,-71.680877,0.0
2013-09-21,41.444975,-71.680877,0.0
2013-09-22,41.444975,-71.680877,16.32036530126866
2013-09-23,41.444975,-71.680877,0.0
2013-09-24,41.444975,-71.680877,0.0
2013-09-25,41.444975,-71.680877,0.0
2013-09-26,41.444975,-71.680877,0.0
2013-09-27,41.444975,-71.680877,0.0
2013-09-28,41.444975,-71.680877,0.0
2013-09-29,41.444975,-71.680877,0.0
2013-09-30,41.444975,-71.680877,0.0
2013-10-01,41.444975,-71.680877,0.0
2013-10-02,41.444975,-71.680877,0.0
2013-10-03,41.444975,-71.680877,0.0
2013-10-04,41.444975,-71.680877,0.0
2013-10-05,41.444975,-71.680877,5.629952665118974
2013-10-06,41.444975,-71.680877,0.6153533950145137
2013-10-07,41.444975,-71.680877,0.0
2013-10-08,41.444975,-71.680877,0.4615252420659607
2013-10-09,41.444975,-71.680877,0.021982023059296255
2013-10-10,41.444975,-71.680877,1.9248791363224484
2013-10-11,41.444975,-71.680877,0.05822597277890973
2013-10-12,41.444975,-71.680877,2.1227336291611163
2013-10-13,41.444975,-71.680877,0.0
2013-10-14,41.444975,-71.680877,0.046961259225203125
2013-10-15,41.444975,-71.680877,0.0
2013-10-16,41.444975,-71.680877,0.47823546229474007
2013-10-17,41.444975,-71.680877,0.0
2013-10-18,41.444975,-71.680877,0.08087185564565078
2013-10-19,41.444975,-71.680877,0.47322187414768346
2013-10-20,41.444975,-71.680877,3.106638702955315
2013-10-21,41.444975,-71.680877,0.0
2013-10-22,41.444975,-71.680877,0.0
2013-10-23,41.444975,-71.680877,3.642386422519873
2013-10-24,41.444975,-71.680877,0.0722156277067304
2013-10-25,41.444975,-71.680877,0.004748749893856982
2013-10-26,41.444975,-71.680877,0.0001551516214165937
2013-10-27,41.444975,-71.680877,0.061158909456609664
2013-10-28,41.444975,-71.680877,0.0
2013-10-29,41.444975,-71.680877,0.012142155709434941
2013-10-30,41.444975,-71.680877,2.9517330485721383
2013-10-31,41.444975,-71.680877,0.7414022639866126
2013-11-01,41.444975,-71.680877,5.681363958974939
2013-11-02,41.444975,-71.680877,0.09059386602973725
2013-11-03,41.444975,-71.680877,3.547744974135364
2013-11-04,41.444975,-71.680877,0.0
2013-11-05,41.444975,-71.680877,0.06832232152899892
2013-11-06,41.444975,-71.680877,0.31843261515759597
2013-11-07,41.444975,-71.680877,25.563141322337867
2013-11-08,41.444975,-71.680877,0.0
2013-11-09,41.444975,-71.680877,0.6645659723076809
2013-11-10,41.444975,-71.680877,0.06725269038826076
2013-11-11,41.444975,-71.680877,0.7257067262802213
2013-11-12,41.444975,-71.680877,5.043786849801753
2013-11-13,41.444975,-71.680877,1.1607083468291994
2013-11-14,41.444975,-71.680877,0.045349443171237666
2013-11-15,41.444975,-71.680877,0.010852585407159037
2013-11-16,41.444975,-71.680877,0.49916844426546897
2013-11-17,41.444975,-71.680877,0.08442920952607386
2013-11-18,41.444975,-71.680877,6.840544698655613
2013-11-19,41.444975,-71.680877,0.0
2013-11-20,41.444975,-71.680877,0.001042045102056072
2013-11-21,41.444975,-71.680877,0.027959924524566086
2013-11-22,41.444975,-71.680877,3.6234703936477293
2013-11-23,41.444975,-71.680877,1.3041158898168472
2013-11-24,41.444975,-71.680877,0.02626022781232481
2013-11-25,41.444975,-71.680877,0.05131774987917838
2013-11-26,41.444975,-71.680877,6.996031190828767
2013-11-27,41.444975,-71.680877,58.0178849071973
2013-11-28,41.444975,-71.680877,0.5395663204588467
2013-11-29,41.444975,-71.680877,0.0439517312966448
2013-11-30,41.444975,-71.680877,0.0168158117829291
2013-12-01,41.444975,-71.680877,1.0235741438537524
2013-12-02,41.444975,-71.680877,0.049456135955301336
2013-12-03,41.444975,-71.680877,0.07622766886224265
2013-12-04,41.444975,-71.680877,0.19964591611105648
2013-12-05,41.444975,-71.680877,0.12594320737771544
2013-12-06,41.444975,-71.680877,14.486175542055229
2013-12-07,41.444975,-71.680877,24.0923528132949
2013-12-08,41.444975,-71.680877,0.035641116641637244
2013-12-09,41.444975,-71.680877,0.5019262648305143
2013-12-10,41.444975,-71.680877,6.379713806331354
2013-12-11,41.444975,-71.680877,0.022483534273456236
2013-12-12,41.444975,-71.680877,0.005036551294255014
2013-12-13,41.444975,-71.680877,0.0
2013-12-14,41.444975,-71.680877,0.21553840915191338
2013-12-15,41.444975,-71.680877,8.82369174840251
2013-12-16,41.444975,-71.680877,0.06687535518629835
2013-12-17,41.444975,-71.680877,1.3939326503533485
2013-12-18,41.444975,-71.680877,0.962518302523389
2013-12-19,41.444975,-71.680877,0.13360363009300985
2013-12-20,41.444975,-71.680877,0.6451608589880663
2013-12-21,41.444975,-71.680877,1.002309359627759
2013-12-22,41.444975,-71.680877,1.805666787544756
2013-12-23,41.444975,-71.680877,27.542931345341575
2013-12-24,41.444975,-71.680877,4.980082214960374
2013-12-25,41.444975,-71.680877,0.9302905257156031
2013-12-26,41.444975,-71.680877,0.11566447570528038
2013-12-27,41.444975,-71.680877,0.0
2013-12-28,41.444975,-71.680877,0.0022207192956186514
2013-12-29,41.444975,-71.680877,30.192285326731586
2013-12-30,41.444975,-71.680877,0.179319828324451
2013-12-31,41.444975,-71.680877,0.0
2014-01-01,41.444975,-71.680877,0.18237269344936846
2014-01-02,41.444975,-71.680877,0.34609099643004254
2014-01-03,41.444975,-71.680877,6.585902864003229
2014-01-04,41.444975,-71.680877,0.0
2014-01-05,41.444975,-71.680877,0.20396272909493685
2014-01-06,41.444975,-71.680877,5.335486228410017
2014-01-07,41.444975,-71.680877,0.5148815251030757
2014-01-08,41.444975,-71.680877,0.0
2014-01-09,41.444975,-71.680877,0.13674544052042367
2014-01-10,41.444975,-71.680877,0.22654805703623698
2014-01-11,41.444975,-71.680877,14.510099300960771
2014-01-12,41.444975,-71.680877,14.861142156412912
2014-01-13,41.444975,-71.680877,0.006252270482939063
2014-01-14,41.444975,-71.680877,62.49943833978776
2014-01-15,41.444975,-71.680877,1.0847698375310704
2014-01-16,41.444975,-71.680877,1.97683065408188
2014-01-17,41.444975,-71.680877,0.002084090204112144
2014-01-18,41.444975,-71.680877,2.0978252657508305
2014-01-19,41.444975,-71.680877,0.008542499858666305
2014-01-20,41.444975,-71.680877,0.2321966454459576
2014-01-21,41.444975,-71.680877,0.3834512754094297
2014-01-22,41.444975,-71.680877,0.02834431801643695
2014-01-23,41.444975,-71.680877,0.0
2014-01-24,41.444975,-71.680877,0.0
2014-01-25,41.444975,-71.680877,0.9942405132597725
2014-01-26,41.444975,-71.680877,0.12536970365049072
2014-01-27,41.444975,-71.680877,0.4717146957059849
2014-01-28,41.444975,-71.680877,0.9242227776929474
2014-01-29,41.444975,-71.680877,0.19612149664935571
2014-01-30,41.444975,-71.680877,0.0
2014-01-31,41.444975,-71.680877,1.2765382071317637
2014-02-01,41.444975,-71.680877,0.5230154776272479
2014-02-02,41.444975,-71.680877,0.007467990189212555
2014-02-03,41.444975,-71.680877,15.72563993208864
2014-02-04,41.444975,-71.680877,0.0
2014-02-05,41.444975,-71.680877,45.071360101865594
2014-02-06,41.444975,-71.680877,0.3842077754509229
2014-02-07,41.444975,-71.680877,0.0014662214173163813
2014-02-08,41.444975,-71.680877,0.0
2014-02-09,41.444975,-71.680877,0.3527563512279789
2014-02-10,41.444975,-71.680877,1.4031681418211162
2014-02-11,41.444975,-71.680877,0.0
2014-02-12,41.444975,-71.680877,0.0
2014-02-13,41.444975,-71.680877,36.47943632356793
2014-02-14,41.444975,-71.680877,13.652913837002592
2014-02-15,41.444975,-71.680877,6.818336277502983
2014-02-16,41.444975,-71.680877,1.5883997044893352
2014-02-17,41.444975,-71.680877,0.0
2014-02-18,41.444975,-71.680877,0.40499127198763385
2014-02-19,41.444975,-71.680877,5.229212126409056
2014-02-20,41.444975,-71.680877,1.108895187935751
2014-02-21,41.444975,-71.680877,15.810813361150204
2014-02-22,41.444975,-71.680877,0.30128396874307733
2014-02-23,41.444975,-71.680877,0.0
2014-02-24,41.444975,-71.680877,0.25525066006851493
2014-02-25,41.444975,-71.680877,0.0
2014-02-26,41.444975,-71.680877,0.025504744651122263
2014-02-27,41.444975,-71.680877,0.0
2014-02-28,41.444975,-71.680877,0.0
2014-03-01,41.444975,-71.680877,0.0
2014-03-02,41.444975,-71.680877,0.2151489738232753
2014-03-03,41.444975,-71.680877,1.8418413193257281
2014-03-04,41.444975,-71.680877,0.0
2014-03-05,41.444975,-71.680877,7.757581070829686e-05
2014-03-06,41.444975,-71.680877,0.0
2014-03-07,41.444975,-71.680877,0.01081778308696748
2014-03-08,41.444975,-71.680877,0.028833387297508298
2014-03-09,41.444975,-71.680877,0.3687814480078012
2014-03-10,41.444975,-71.680877,1.5330418309986409
2014-03-11,41.444975,-71.680877,0.0532519655833274
2014-03-12,41.444975,-71.680877,7.869578345668492
2014-03-13,41.444975,-71.680877,3.9165839337043016
2014-03-14,41.444975,-71.680877,0.0
2014-03-15,41.444975,-71.680877,1.435932506101986
2014-03-16,41.444975,-71.680877,0.0
2014-03-17,41.444975,-71.680877,0.6336217929640954
2014-03-18,41.444975,-71.680877,0.0
2014-03-19,41.444975,-71.680877,0.0001551516214165937
2014-03-20,41.444975,-71.680877,5.019471198447746
2014-03-21,41.444975,-71.680877,0.0001551516214165937
2014-03-22,41.444975,-71.680877,0.004097575764206097
2014-03-23,41.444975,-71.680877,0.1256630892290691
2014-03-24,41.444975,-71.680877,0.0003473483673520236
2014-03-25,41.444975,-71.680877,1.662927963201735
2014-03-26,41.444975,-71.680877,5.929608582668005
2014-03-27,41.444975,-71.680877,0.0003103032428331874
2014-03-28,41.444975,-71.680877,1.1206723496366648
2014-03-29,41.444975,-71.680877,35.48670690042607
2014-03-30,41.444975,-71.680877,88.17609258150075
2014-03-31,41.444975,-71.680877,0.10054662144508113
2014-04-01,41.444975,-71.680877,0.003282528476540601
2014-04-02,41.444975,-71.680877,2.3811174895890637
2014-04-03,41.444975,-71.680877,0.0
2014-04-04,41.444975,-71.680877,1.8739772204963985
2014-04-05,41.444975,-71.680877,1.4051224792764587
2014-04-06,41.444975,-71.680877,0.0
2014-04-07,41.444975,-71.680877,2.668702226466247
2014-04-08,41.444975,-71.680877,15.245889013943067
2014-04-09,41.444975,-71.680877,0.0003473483673520236
2014-04-10,41.444975,-71.680877,0.0
2014-04-11,41.444975,-71.680877,0.6340086243601453
2014-04-12,41.444975,-71.680877,0.2833646682468605
2014-04-13,41.444975,-71.680877,0.05378513363270039
2014-04-14,41.444975,-71.680877,0.0029324428346327626
2014-04-15,41.444975,-71.680877,21.608104663655876
2014-04-16,41.444975,-71.680877,30.661456737485796
2014-04-17,41.444975,-71.680877,0.0
2014-04-18,41.444975,-71.680877,0.0017367417720614412
2014-04-19,41.444975,-71.680877,0.21406705131663115
2014-04-20,41.444975,-71.680877,0.0
2014-04-21,41.444975,-71.680877,0.004773749940100824
2014-04-22,41.444975,-71.680877,0.35531019688328286
2014-04-23,41.444975,-71.680877,5.353625031800549
2014-04-24,41.444975,-71.680877,0.0
2014-04-25,41.444975,-71.680877,0.04620664805453413
2014-04-26,41.444975,-71.680877,11.27344042895451
2014-04-27,41.444975,-71.680877,0.05171786896305456
2014-04-28,41.444975,-71.680877,0.00038787903909186304
2014-04-29,41.444975,-71.680877,0.9842857090927933
2014-04-30,41.444975,-71.680877,50.55564147950183
2014-05-01,41.444975,-71.680877,28.20913267155683
2014-05-02,41.444975,-71.680877,0.09783296871307695
2014-05-03,41.444975,-71.680877,0.0
2014-05-04,41.444975,-71.680877,0.0001551516214165937
2014-05-05,41.444975,-71.680877,0.00260511291688687
2014-05-06,41.444975,-71.680877,0.031829498133017955
2014-05-07,41.444975,-71.680877,2.8973055762051283
2014-05-08,41.444975,-71.680877,0.2317823693617686
2014-05-09,41.444975,-71.680877,0.4300419838077876
2014-05-10,41.444975,-71.680877,1.3977555841008513
2014-05-11,41.444975,-71.680877,4.884229872745948
2014-05-12,41.444975,-71.680877,0.0
2014-05-13,41.444975,-71.680877,0.00038787903909186304
2014-05-14,41.444975,-71.680877,0.0
2014-05-15,41.444975,-71.680877,0.0
2014-05-16,41.444975,-71.680877,0.1414657959796906
2014-05-17,41.444975,-71.680877,20.551357562256097
2014-05-18,41.444975,-71.680877,0.0008313257938612234
2014-05-19,41.444975,-71.680877,0.0
2014-05-20,41.444975,-71.680877,0.45437119202108345
2014-05-21,41.444975,-71.680877,0.16124937756607527
2014-05-22,41.444975,-71.680877,13.519312849331747
2014-05-23,41.444975,-71.680877,0.0
2014-05-24,41.444975,-71.680877,0.0
2014-05-25,41.444975,-71.680877,0.2242700151481229
2014-05-26,41.444975,-71.680877,1.4412092813600164
2014-05-27,41.444975,-71.680877,1.2429542826069264
2014-05-28,41.444975,-71.680877,2.937854499342368
2014-05-29,41.444975,-71.680877,0.01089984846318501
2014-05-30,41.444975,-71.680877,0.04817449225573556
2014-05-31,41.444975,-71.680877,3.6234047197056642
2014-06-01,41.444975,-71.680877,0.0
2014-06-02,41.444975,-71.680877,0.0
2014-06-03,41.444975,-71.680877,0.0
2014-06-04,41.444975,-71.680877,0.20413045876998612
2014-06-05,41.444975,-71.680877,5.75166059622771
2014-06-06,41.444975,-71.680877,0.0
2014-06-07,41.444975,-71.680877,0.015461969611070957
2014-06-08,41.444975,-71.680877,0.011683815296410872
2014-06-09,41.444975,-71.680877,12.099487035034693
2014-06-10,41.444975,-71.680877,1.2315223857598667
2014-06-11,41.444975,-71.680877,0.655050543349895
2014-06-12,41.444975,-71.680877,0.3483676736965546
2014-06-13,41.444975,-71.680877,8.635389781957645
2014-06-14,41.444975,-71.680877,0.44015775188163603
2014-06-15,41.444975,-71.680877,0.0
2014-06-16,41.444975,-71.680877,0.0
2014-06-17,41.444975,-71.680877,0.03866941804116954
2014-06-18,41.444975,-71.680877,0.019695170859243605
2014-06-19,41.444975,-71.680877,7.22183457732618
2014-06-20,41.444975,-71.680877,0.0
2014-06-21,41.444975,-71.680877,0.0012412129713327497
2014-06-22,41.444975,-71.680877,0.0
2014-06-23,41.444975,-71.680877,0.001042045102056072
2014-06-24,41.444975,-71.680877,0.05600698755906557
2014-06-25,41.444975,-71.680877,0.0
2014-06-26,41.444975,-71.680877,8.876433745557067
2014-06-27,41.444975,-71.680877,0.0
2014-06-28,41.444975,-71.680877,0.0
2014-06-29,41.444975,-71.680877,0.02922996798446752
2014-06-30,41.444975,-71.680877,0.0028228031508768414
2014-07-01,41.444975,-71.680877,0.0
2014-07-02,41.444975,-71.680877,0.019321088105964723
2014-07-03,41.444975,-71.680877,0.000521022551028036
2014-07-04,41.444975,-71.680877,62.61014433961121
2014-07-05,41.444975,-71.680877,5.112034353279872
2014-07-06,41.444975,-71.680877,0.0
2014-07-07,41.444975,-71.680877,0.1228050243773063
2014-07-08,41.444975,-71.680877,0.7730475367322212
2014-07-09,41.444975,-71.680877,0.039884136003381365
2014-07-10,41.444975,-71.680877,5.579847169183507
2014-07-11,41.444975,-71.680877,8.997292881399371
2014-07-12,41.444975,-71.680877,0.0
2014-07-13,41.444975,-71.680877,0.057645386453396175
2014-07-14,41.444975,-71.680877,2.0998719457777746
2014-07-15,41.444975,-71.680877,6.300919620432827
2014-07-16,41.444975,-71.680877,17.861796204219583
2014-07-17,41.444975,-71.680877,3.8321560818370894
2014-07-18,41.444975,-71.680877,0.0
2014-07-19,41.444975,-71.680877,1.9069923401853697
2014-07-20,41.444975,-71.680877,0.86317611699489
2014-07-21,41.444975,-71.680877,0.0
2014-07-22,41.444975,-71.680877,0.0
2014-07-23,41.444975,-71.680877,0.009743181950362799
2014-07-24,41.444975,-71.680877,1.0893525301984472
2014-07-25,41.444975,-71.680877,0.055802985935445984
2014-07-26,41.444975,-71.680877,1.0074588440592696
2014-07-27,41.444975,-71.680877,0.5133080636165246
2014-07-28,41.444975,-71.680877,2.155811645390738
2014-07-29,41.444975,-71.680877,0.0
2014-07-30,41.444975,-71.680877,0.0
2014-07-31,41.444975,-71.680877,0.0
2014-08-01,41.444975,-71.680877,0.97089995086373
2014-08-02,41.444975,-71.680877,47.0568651620483
2014-08-03,41.444975,-71.680877,4.423993758722468
2014-08-04,41.444975,-71.680877,0.10224460040307426
2014-08-05,41.444975,-71.680877,0.0
2014-08-06,41.444975,-71.680877,0.0
2014-08-07,41.444975,-71.680877,0.6280914209115689
2014-08-08,41.444975,-71.680877,0.0
2014-08-09,41.444975,-71.680877,0.0
2014-08-10,41.444975,-71.680877,0.010294421827002773
2014-08-11,41.444975,-71.680877,0.0
2014-08-12,41.444975,-71.680877,1.7357386834416832
2014-08-13,41.444975,-71.680877,27.336491048003936
2014-08-14,41.444975,-71.680877,0.0
2014-08-15,41.444975,-71.680877,0.0
2014-08-16,41.444975,-71.680877,1.971196557644383
2014-08-17,41.444975,-71.680877,0.3874591026510416
2014-08-18,41.444975,-71.680877,0.0
2014-08-19,41.444975,-71.680877,0.0
2014-08-20,41.444975,-71.680877,0.0
2014-08-21,41.444975,-71.680877,0.3962439513173356
2014-08-22,41.444975,-71.680877,0.6708711007804785
2014-08-23,41.444975,-71.680877,0.2926911564637347
2014-08-24,41.444975,-71.680877,0.0
2014-08-25,41.444975,-71.680877,0.0
2014-08-26,41.444975,-71.680877,0.004344245052873716
2014-08-27,41.444975,-71.680877,0.0
2014-08-28,41.444975,-71.680877,0.0
2014-08-29,41.444975,-71.680877,0.0
2014-08-30,41.444975,-71.680877,0.0
2014-08-31,41.444975,-71.680877,2.676878513944561
2014-09-01,41.444975,-71.680877,2.7817399777918554
2014-09-02,41.444975,-71.680877,0.04938561585884118
2014-09-03,41.444975,-71.680877,0.0
2014-09-04,41.444975,-71.680877,0.0
2014-09-05,41.444975,-71.680877,0.0010235225074473144
2014-09-06,41.444975,-71.680877,0.08949911078791449
2014-09-07,41.444975,-71.680877,0.526042283263242
2014-09-08,41.444975,-71.680877,0.0
2014-09-09,41.444975,-71.680877,3.1443315419373863
2014-09-10,41.444975,-71.680877,0.0
2014-09-11,41.444975,-71.680877,0.007681192728489747
2014-09-12,41.444975,-71.680877,0.0
2014-09-13,41.444975,-71.680877,3.5563110199616115
2014-09-14,41.444975,-71.680877,0.5162253921171093
2014-09-15,41.444975,-71.680877,0.0
2014-09-16,41.444975,-71.680877,0.04853028925619814
2014-09-17,41.444975,-71.680877,0.0
2014-09-18,41.444975,-71.680877,0.0
2014-09-19,41.444975,-71.680877,0.0
2014-09-20,41.444975,-71.680877,0.0
2014-09-21,41.444975,-71.680877,1.6689227193498253
2014-09-22,41.444975,-71.680877,0.05566387033631104
2014-09-23,41.444975,-71.680877,0.0
2014-09-24,41.444975,-71.680877,0.003282528476540601
2014-09-25,41.444975,-71.680877,9.326177520060966
2014-09-26,41.444975,-71.680877,9.311304570165335
2014-09-27,41.444975,-71.680877,0.0
2014-09-28,41.444975,-71.680877,0.0
2014-09-29,41.444975,-71.680877,0.8903047647148903
2014-09-30,41.444975,-71.680877,6.798322432182469
2014-10-01,41.444975,-71.680877,6.591104450184941
2014-10-02,41.444975,-71.680877,4.85302771556364
2014-10-03,41.444975,-71.680877,0.0
2014-10-04,41.444975,-71.680877,2.3833297017102173
2014-10-05,41.444975,-71.680877,0.0006946967347040472
2014-10-06,41.444975,-71.680877,0.0
2014-10-07,41.444975,-71.680877,0.02571520814992572
2014-10-08,41.444975,-71.680877,5.365125634805034
2014-10-09,41.444975,-71.680877,0.0
2014-10-10,41.444975,-71.680877,0.10521356438826167
2014-10-11,41.444975,-71.680877,19.44996211129384
2014-10-12,41.444975,-71.680877,0.0
2014-10-13,41.444975,-71.680877,0.0016441289642144467
2014-10-14,41.444975,-71.680877,0.0001736741836760118
2014-10-15,41.444975,-71.680877,0.0
2014-10-16,41.444975,-71.680877,30.225627765780853
2014-10-17,41.444975,-71.680877,5.529313983210262
2014-10-18,41.444975,-71.680877,0.0
2014-10-19,41.444975,-71.680877,0.0
2014-10-20,41.444975,-71.680877,0.0003473483673520236
2014-10-21,41.444975,-71.680877,0.20983930537143472
2014-10-22,41.444975,-71.680877,26.69628452410987
2014-10-23,41.444975,-71.680877,7.716208110623973
2014-10-24,41.444975,-71.680877,0.1258395025922482
2014-10-25,41.444975,-71.680877,0.04651492695657028
2014-10-26,41.444975,-71.680877,0.05439716650344571
2014-10-27,41.444975,-71.680877,0.0014484467502063145
2014-10-28,41.444975,-71.680877,0.05252045562464962
2014-10-29,41.444975,-71.680877,3.201444902694596
2014-10-30,41.444975,-71.680877,0.7823805852919288
2014-10-31,41.444975,-71.680877,0.10156979730065065
2014-11-01,41.444975,-71.680877,14.363239540231579
2014-11-02,41.444975,-71.680877,5.6401305409461635
2014-11-03,41.444975,-71.680877,0.0
2014-11-04,41.444975,-71.680877,0.0029324428346327626
2014-11-05,41.444975,-71.680877,0.15676222890686065
2014-11-06,41.444975,-71.680877,18.91742301998495
2014-11-07,41.444975,-71.680877,9.817454740230822
2014-11-08,41.444975,-71.680877,0.0
2014-11-09,41.444975,-71.680877,0.34361662163261264
2014-11-10,41.444975,-71.680877,0.0
2014-11-11,41.444975,-71.680877,0.0003103032428331874
2014-11-12,41.444975,-71.680877,0.28376368140534264
2014-11-13,41.444975,-71.680877,0.0005985983617363328
2014-11-14,41.444975,-71.680877,6.086843824002267
2014-11-15,41.444975,-71.680877,0.0
2014-11-16,41.444975,-71.680877,0.1589437881837515
2014-11-17,41.444975,-71.680877,31.786974747310786
2014-11-18,41.444975,-71.680877,1.0096090602590524
2014-11-19,41.444975,-71.680877,7.757581070829686e-05
2014-11-20,41.444975,-71.680877,0.003803551027568636
2014-11-21,41.444975,-71.680877,0.0
2014-11-22,41.444975,-71.680877,0.0
2014-11-23,41.444975,-71.680877,0.138996842980396
2014-11-24,41.444975,-71.680877,16.592687480521597
2014-11-25,41.444975,-71.680877,3.4649062779848996
2014-11-26,41.444975,-71.680877,42.24126507666844
2014-11-27,41.444975,-71.680877,3.312876193871155
2014-11-28,41.444975,-71.680877,0.0
2014-11-29,41.444975,-71.680877,0.0
2014-11-30,41.444975,-71.680877,0.15817534486615098
2014-12-01,41.444975,-71.680877,0.09182661873990608
2014-12-02,41.444975,-71.680877,3.5544865237159273
2014-12-03,41.444975,-71.680877,3.7092579324519757
2014-12-04,41.444975,-71.680877,0.0
2014-12-05,41.444975,-71.680877,0.08601709344112005
2014-12-06,41.444975,-71.680877,16.362984399292756
2014-12-07,41.444975,-71.680877,26.267976629794305
2014-12-08,41.444975,-71.680877,0.0750511424010653
2014-12-09,41.444975,-71.680877,80.4737815073138
2014-12-10,41.444975,-71.680877,1.1538161841840915
2014-12-11,41.444975,-71.680877,0.2525436252692044
2014-12-12,41.444975,-71.680877,0.01899499957542793
2014-12-13,41.444975,-71.680877,0.0
2014-12-14,41.444975,-71.680877,0.0
2014-12-15,41.444975,-71.680877,0.0
2014-12-16,41.444975,-71.680877,0.010246776610439328
2014-12-17,41.444975,-71.680877,5.862609554966214
2014-12-18,41.444975,-71.680877,0.12836507661359445
2014-12-19,41.444975,-71.680877,0.0
2014-12-20,41.444975,-71.680877,0.0
2014-12-21,41.444975,-71.680877,0.032023939748033865
2014-12-22,41.444975,-71.680877,0.0004249241780603205
2014-12-23,41.444975,-71.680877,3.372418963261452
2014-12-24,41.444975,-71.680877,15.866272117799403
2014-12-25,41.444975,-71.680877,21.35778076969761
2014-12-26,41.444975,-71.680877,0.00181780311554112
2014-12-27,41.444975,-71.680877,0.0
2014-12-28,41.444975,-71.680877,2.8744626866069054
2014-12-29,41.444975,-71.680877,0.517959724984786
2014-12-30,41.444975,-71.680877,0.0004249241780603205
2014-12-31,41.444975,-71.680877,0.0
2015-01-01,41.444975,-71.680877,0.003106117018308774
2015-01-02,41.444975,-71.680877,0.0
2015-01-03,41.444975,-71.680877,3.2283194265492012
2015-01-04,41.444975,-71.680877,25.921836272165546
2015-01-05,41.444975,-71.680877,3.189806445981503
2015-01-06,41.444975,-71.680877,0.20281513925130779
2015-01-07,41.444975,-71.680877,0.0
2015-01-08,41.444975,-71.680877,0.0
2015-01-09,41.444975,-71.680877,0.7424414077102512
2015-01-10,41.444975,-71.680877,0.0
2015-01-11,41.444975,-71.680877,0.0
2015-01-12,41.444975,-71.680877,19.634896674575405
2015-01-13,41.444975,-71.680877,4.700819973618662
2015-01-14,41.444975,-71.680877,0.002763749985026348
2015-01-15,41.444975,-71.680877,0.23966630527232713
2015-01-16,41.444975,-71.680877,0.0
2015-01-17,41.444975,-71.680877,0.0
2015-01-18,41.444975,-71.680877,1.3880320986474919
2015-01-19,41.444975,-71.680877,21.965748362394077
2015-01-20,41.444975,-71.680877,0.015781247300542367
2015-01-21,41.444975,-71.680877,0.10865554305734948
2015-01-22,41.444975,-71.680877,0.012160678081048445
2015-01-23,41.444975,-71.680877,0.016128435863585228
2015-01-24,41.444975,-71.680877,24.841171807519558
2015-01-25,41.444975,-71.680877,0.01026354910189959
2015-01-26,41.444975,-71.680877,2.0345331468181356
2015-01-27,41.444975,-71.680877,12.321816630115894
2015-01-28,41.444975,-71.680877,3.1912131429996
2015-01-29,41.444975,-71.680877,0.0
2015-01-30,41.444975,-71.680877,4.649756122009479
2015-01-31,41.444975,-71.680877,0.0
2015-02-01,41.444975,-71.680877,0.0
2015-02-02,41.444975,-71.680877,14.034381315514926
2015-02-03,41.444975,-71.680877,0.0
2015-02-04,41.444975,-71.680877,0.0
2015-02-05,41.444975,-71.680877,0.08613753818793177
2015-02-06,41.444975,-71.680877,0.0
2015-02-07,41.444975,-71.680877,0.17977298316449614
2015-02-08,41.444975,-71.680877,3.8362731194944253
2015-02-09,41.444975,-71.680877,6.0028810999136875
2015-02-10,41.444975,-71.680877,1.2458121223301046
2015-02-11,41.444975,-71.680877,0.0
2015-02-12,41.444975,-71.680877,0.0
2015-02-13,41.444975,-71.680877,0.0
2015-02-14,41.444975,-71.680877,1.3662230358462732
2015-02-15,41.444975,-71.680877,0.0469190853541242
2015-02-16,41.444975,-71.680877,0.0
2015-02-17,41.444975,-71.680877,0.0
2015-02-18,41.444975,-71.680877,0.005864885669265525
2015-02-19,41.444975,-71.680877,0.0
2015-02-20,41.444975,-71.680877,0.0
2015-02-21,41.444975,-71.680877,3.6543315731677413
2015-02-22,41.444975,-71.680877,31.304771795099327
2015-02-23,41.444975,-71.680877,0.18431365749122067
2015-02-24,41.444975,-71.680877,0.0
2015-02-25,41.444975,-71.680877,0.028660205538505734
2015-02-26,41.444975,-71.680877,0.36009949044504674
2015-02-27,41.444975,-71.680877,0.0
2015-02-28,41.444975,-71.680877,0.0
2015-03-01,41.444975,-71.680877,4.625950315667634
2015-03-02,41.444975,-71.680877,3.875926106522873
2015-03-03,41.444975,-71.680877,1.9711278108930443
2015-03-04,41.444975,-71.680877,21.349273238504363
2015-03-05,41.444975,-71.680877,21.288173730584376
2015-03-06,41.444975,-71.680877,0.8086091223594127
2015-03-07,41.444975,-71.680877,0.0006946967347040472
2015-03-08,41.444975,-71.680877,0.0003473483673520236
2015-03-09,41.444975,-71.680877,0.0
2015-03-10,41.444975,-71.680877,2.629072838775089
2015-03-11,41.444975,-71.680877,5.61043808323191
2015-03-12,41.444975,-71.680877,0.0
2015-03-13,41.444975,-71.680877,0.007086079504109237
2015-03-14,41.444975,-71.680877,22.54293145419483
2015-03-15,41.444975,-71.680877,2.6905869777812783
2015-03-16,41.444975,-71.680877,0.01683482928620751
2015-03-17,41.444975,-71.680877,6.023856253932845
2015-03-18,41.444975,-71.680877,0.0
2015-03-19,41.444975,-71.680877,0.0
2015-03-20,41.444975,-71.680877,3.5839828966580374
2015-03-21,41.444975,-71.680877,1.451983925570806
2015-03-22,41.444975,-71.680877,0.0005024999887686173
2015-03-23,41.444975,-71.680877,0.0
2015-03-24,41.444975,-71.680877,0.0
2015-03-25,41.444975,-71.680877,0.1461917706977479
2015-03-26,41.444975,-71.680877,3.5031025179780357
2015-03-27,41.444975,-71.680877,4.065600744250045
2015-03-28,41.444975,-71.680877,0.1385440064518213
2015-03-29,41.444975,-71.680877,0.0
2015-03-30,41.444975,-71.680877,0.10858561906736214
2015-03-31,41.444975,-71.680877,0.18919876703267408
2015-04-01,41.444975,-71.680877,0.47663251272156937
2015-04-02,41.444975,-71.680877,0.0076521206656090445
2015-04-03,41.444975,-71.680877,17.311004524358875
2015-04-04,41.444975,-71.680877,4.417388952401196
2015-04-05,41.444975,-71.680877,0.14813808617727775
2015-04-06,41.444975,-71.680877,0.7210966279291389
2015-04-07,41.444975,-71.680877,2.19238835752241
2015-04-08,41.444975,-71.680877,0.37023530538766336
2015-04-09,41.444975,-71.680877,0.5781182146899302
2015-04-10,41.444975,-71.680877,5.875231918383662
2015-04-11,41.444975,-71.680877,0.0
2015-04-12,41.444975,-71.680877,0.0
2015-04-13,41.444975,-71.680877,0.062368041665689995
2015-04-14,41.444975,-71.680877,1.951510690449559
2015-04-15,41.444975,-71.680877,6.527658325863515
2015-04-16,41.444975,-71.680877,0.0
2015-04-17,41.444975,-71.680877,8.724889506795897
2015-04-18,41.444975,-71.680877,0.0
2015-04-19,41.444975,-71.680877,0.0
2015-04-20,41.444975,-71.680877,12.67020692241076
2015-04-21,41.444975,-71.680877,2.5381247398502063
2015-04-22,41.444975,-71.680877,4.787108662908151
2015-04-23,41.444975,-71.680877,1.3732670982951083
2015-04-24,41.444975,-71.680877,0.0
2015-04-25,41.444975,-71.680877,0.0
2015-04-26,41.444975,-71.680877,0.0
2015-04-27,41.444975,-71.680877,0.13875071997483196
2015-04-28,41.444975,-71.680877,0.006097613101390417
2015-04-29,41.444975,-71.680877,0.0
2015-04-30,41.444975,-71.680877,0.6784367523557966
2015-05-01,41.444975,-71.680877,0.24239275588524595
2015-05-02,41.444975,-71.680877,0.0
2015-05-03,41.444975,-71.680877,0.006029999865223415
2015-05-04,41.444975,-71.680877,0.0
2015-05-05,41.444975,-71.680877,0.6618327949269547
2015-05-06,41.444975,-71.680877,4.754534432937609
2015-05-07,41.444975,-71.680877,0.0
2015-05-08,41.444975,-71.680877,0.0
2015-05-09,41.444975,-71.680877,0.1390212112429399
2015-05-10,41.444975,-71.680877,0.098336744811269
2015-05-11,41.444975,-71.680877,0.021993320440430647
2015-05-12,41.444975,-71.680877,0.045381762264212255
2015-05-13,41.444975,-71.680877,0.11316082699184202
2015-05-14,41.444975,-71.680877,0.0
2015-05-15,41.444975,-71.680877,1.2243831553776665
2015-05-16,41.444975,-71.680877,4.2708156387831275
2015-05-17,41.444975,-71.680877,13.068021236533536
2015-05-18,41.444975,-71.680877,0.0
2015-05-19,41.444975,-71.680877,4.618913349058602
2015-05-20,41.444975,-71.680877,0.290576930055758
2015-05-21,41.444975,-71.680877,0.1718765873040711
2015-05-22,41.444975,-71.680877,3.569846698513863
2015-05-23,41.444975,-71.680877,0.0017842436029419642
2015-05-24,41.444975,-71.680877,0.0
2015-05-25,41.444975,-71.680877,0.40075463785787585
2015-05-26,41.444975,-71.680877,0.14913861270084233
2015-05-27,41.444975,-71.680877,0.3570398882032161
2015-05-28,41.444975,-71.680877,0.30620085412939113
2015-05-29,41.444975,-71.680877,0.010545528834895748
2015-05-30,41.444975,-71.680877,0.0
2015-05-31,41.444975,-71.680877,0.23095482324639616
2015-06-01,41.444975,-71.680877,2.6558546565182373
2015-06-02,41.444975,-71.680877,17.579014690753574
2015-06-03,41.444975,-71.680877,1.7178831298525654
2015-06-04,41.444975,-71.680877,0.0
2015-06-05,41.444975,-71.680877,0.769665864117026
2015-06-06,41.444975,-71.680877,0.26622118126706035
2015-06-07,41.444975,-71.680877,0.0
2015-06-08,41.444975,-71.680877,0.19245714097123473
2015-06-09,41.444975,-71.680877,0.5406690190350951
2015-06-10,41.444975,-71.680877,0.0
2015-06-11,41.444975,-71.680877,1.5481296409955279
2015-06-12,41.444975,-71.680877,0.5996111401744736
2015-06-13,41.444975,-71.680877,0.1486413681275205
2015-06-14,41.444975,-71.680877,0.0
2015-06-15,41.444975,-71.680877,21.538490018999447
2015-06-16,41.444975,-71.680877,0.6876570266147678
2015-06-17,41.444975,-71.680877,0.0782734660567662
2015-06-18,41.444975,-71.680877,0.5975060418769118
2015-06-19,41.444975,-71.680877,0.16495638532841497
2015-06-20,41.444975,-71.680877,0.033151629957416405
2015-06-21,41.444975,-71.680877,24.67859317295052
2015-06-22,41.444975,-71.680877,0.0
2015-06-23,41.444975,-71.680877,8.13605153962337
2015-06-24,41.444975,-71.680877,6.166894538637696
2015-06-25,41.444975,-71.680877,0.12623512880890536
2015-06-26,41.444975,-71.680877,0.7533902503134002
2015-06-27,41.444975,-71.680877,9.234418476376868
2015-06-28,41.444975,-71.680877,23.785495845100595
2015-06-29,41.444975,-71.680877,0.00451552871087763
2015-06-30,41.444975,-71.680877,0.0
2015-07-01,41.444975,-71.680877,18.92715050485379
2015-07-02,41.444975,-71.680877,0.6648848675157554
2015-07-03,41.444975,-71.680877,2.446890373877188
2015-07-04,41.444975,-71.680877,0.6221476253289489
2015-07-05,41.444975,-71.680877,0.0
2015-07-06,41.444975,-71.680877,0.0
2015-07-07,41.444975,-71.680877,0.05637012236172278
2015-07-08,41.444975,-71.680877,4.015655980172988
2015-07-09,41.444975,-71.680877,0.32851204407685697
2015-07-10,41.444975,-71.680877,0.8846518340997627
2015-07-11,41.444975,-71.680877,0.0
2015-07-12,41.444975,-71.680877,0.026089402030969155
2015-07-13,41.444975,-71.680877,0.7570782125880614
2015-07-14,41.444975,-71.680877,0.9343719346390963
2015-07-15,41.444975,-71.680877,6.5812367514902075
2015-07-16,41.444975,-71.680877,4.748829207948722
2015-07-17,41.444975,-71.680877,0.0
2015-07-18,41.444975,-71.680877,0.5053870787239515
2015-07-19,41.444975,-71.680877,0.7732963234758908
2015-07-20,41.444975,-71.680877,3.1805484968854474
2015-07-21,41.444975,-71.680877,1.4427868253448024
2015-07-22,41.444975,-71.680877,0.060995932299027805
2015-07-23,41.444975,-71.680877,0.0
2015-07-24,41.444975,-71.680877,2.537110665376596
2015-07-25,41.444975,-71.680877,0.009067007890065053
2015-07-26,41.444975,-71.680877,0.9043610607033484
2015-07-27,41.444975,-71.680877,11.582153851917168
2015-07-28,41.444975,-71.680877,1.1549047935491326
2015-07-29,41.444975,-71.680877,0.0
2015-07-30,41.444975,-71.680877,4.229078981619837
2015-07-31,41.444975,-71.680877,3.68519719180146
2015-08-01,41.444975,-71.680877,0.0
2015-08-02,41.444975,-71.680877,0.007294316167283216
2015-08-03,41.444975,-71.680877,0.0
2015-08-04,41.444975,-71.680877,21.91165872649088
2015-08-05,41.444975,-71.680877,0.04545286530233297
2015-08-06,41.444975,-71.680877,0.21848093158350645
2015-08-07,41.444975,-71.680877,0.03226000475592132
2015-08-08,41.444975,-71.680877,0.0
2015-08-09,41.444975,-71.680877,0.25406846337945976
2015-08-10,41.444975,-71.680877,0.0
2015-08-11,41.444975,-71.680877,50.66113237807903
2015-08-12,41.444975,-71.680877,1.0141284522403997
2015-08-13,41.444975,-71.680877,0.0
2015-08-14,41.444975,-71.680877,0.0
2015-08-15,41.444975,-71.680877,0.0
2015-08-16,41.444975,-71.680877,0.1275738692959688
2015-08-17,41.444975,-71.680877,0.0
2015-08-18,41.444975,-71.680877,0.0
2015-08-19,41.444975,-71.680877,0.0
2015-08-20,41.444975,-71.680877,0.0
2015-08-21,41.444975,-71.680877,0.6346844597937884
2015-08-22,41.444975,-71.680877,0.010395158201423126
2015-08-23,41.444975,-71.680877,0.17872009354755486
2015-08-24,41.444975,-71.680877,0.0
2015-08-25,41.444975,-71.680877,0.03812175630401586
2015-08-26,41.444975,-71.680877,0.0
2015-08-27,41.444975,-71.680877,0.0
2015-08-28,41.444975,-71.680877,0.0
2015-08-29,41.444975,-71.680877,0.0
2015-08-30,41.444975,-71.680877,0.0
2015-08-31,41.444975,-71.680877,0.4646501895525163
2015-09-01,41.444975,-71.680877,0.0
2015-09-02,41.444975,-71.680877,0.0
2015-09-03,41.444975,-71.680877,0.0
2015-09-04,41.444975,-71.680877,0.3449838702011943
2015-09-05,41.444975,-71.680877,0.0
2015-09-06,41.444975,-71.680877,0.0
2015-09-07,41.444975,-71.680877,0.0
2015-09-08,41.444975,-71.680877,0.03177502845110108
2015-09-09,41.444975,-71.680877,0.0
2015-09-10,41.444975,-71.680877,37.389438617532
2015-09-11,41.444975,-71.680877,22.539086204127027
2015-09-12,41.444975,-71.680877,0.0001551516214165937
2015-09-13,41.444975,-71.680877,16.673435279558543
2015-09-14,41.444975,-71.680877,0.0015437972280246785
2015-09-15,41.444975,-71.680877,0.0
2015-09-16,41.444975,-71.680877,0.0
2015-09-17,41.444975,-71.680877,0.0
2015-09-18,41.444975,-71.680877,0.0
2015-09-19,41.444975,-71.680877,0.0
2015-09-20,41.444975,-71.680877,0.0
2015-09-21,41.444975,-71.680877,0.0
2015-09-22,41.444975,-71.680877,0.43036274650419065
2015-09-23,41.444975,-71.680877,0.0
2015-09-24,41.444975,-71.680877,0.0
2015-09-25,41.444975,-71.680877,0.0
2015-09-26,41.444975,-71.680877,0.008952480125314882
2015-09-27,41.444975,-71.680877,0.0
2015-09-28,41.444975,-71.680877,0.0
2015-09-29,41.444975,-71.680877,0.05303052910980373
2015-09-30,41.444975,-71.680877,38.56661824913754
2015-10-01,41.444975,-71.680877,4.613334134412543
2015-10-02,41.444975,-71.680877,28.900711197766686
2015-10-03,41.444975,-71.680877,1.5398376105583191
2015-10-04,41.444975,-71.680877,0.0
2015-10-05,41.444975,-71.680877,0.01160633604852951
2015-10-06,41.444975,-71.680877,0.0
2015-10-07,41.444975,-71.680877,0.004748749893856982
2015-10-08,41.444975,-71.680877,0.0
2015-10-09,41.444975,-71.680877,8.24742524271131
2015-10-10,41.444975,-71.680877,1.7499175251569292
2015-10-11,41.444975,-71.680877,0.0
2015-10-12,41.444975,-71.680877,0.0
2015-10-13,41.444975,-71.680877,14.922074439355669
2015-10-14,41.444975,-71.680877,0.0001736741836760118
2015-10-15,41.444975,-71.680877,0.0
2015-10-16,41.444975,-71.680877,0.2108749990474058
2015-10-17,41.444975,-71.680877,0.0
2015-10-18,41.444975,-71.680877,0.0
2015-10-19,41.444975,-71.680877,0.0
2015-10-20,41.444975,-71.680877,0.042668892371126844
2015-10-21,41.444975,-71.680877,0.07954684973227634
2015-10-22,41.444975,-71.680877,0.0
2015-10-23,41.444975,-71.680877,0.01293517988567116
2015-10-24,41.444975,-71.680877,0.0
2015-10-25,41.444975,-71.680877,5.405862028779378
2015-10-26,41.444975,-71.680877,0.0
2015-10-27,41.444975,-71.680877,0.0
2015-10-28,41.444975,-71.680877,8.047674409996144
2015-10-29,41.444975,-71.680877,10.52202301774452
2015-10-30,41.444975,-71.680877,0.0
2015-10-31,41.444975,-71.680877,0.010194933796973825
2015-11-01,41.444975,-71.680877,12.749392466226992
2015-11-02,41.444975,-71.680877,0.0
2015-11-03,41.444975,-71.680877,0.0
2015-11-04,41.444975,-71.680877,0.0
2015-11-05,41.444975,-71.680877,0.0
2015-11-06,41.444975,-71.680877,0.007701212947652963
2015-11-07,41.444975,-71.680877,1.1223718595893157
2015-11-08,41.444975,-71.680877,0.24848034314269518
2015-11-09,41.444975,-71.680877,0.0
2015-11-10,41.444975,-71.680877,21.810781906412213
2015-11-11,41.444975,-71.680877,0.058411087240233715
2015-11-12,41.444975,-71.680877,8.098677910166323
2015-11-13,41.444975,-71.680877,0.0
2015-11-14,41.444975,-71.680877,0.0
2015-11-15,41.444975,-71.680877,0.0003288258050926055
2015-11-16,41.444975,-71.680877,0.009844848155065988
2015-11-17,41.444975,-71.680877,0.0
2015-11-18,41.444975,-71.680877,0.0
2015-11-19,41.444975,-71.680877,1.093584823336746
2015-11-20,41.444975,-71.680877,13.312375571684903
2015-11-21,41.444975,-71.680877,0.0
2015-11-22,41.444975,-71.680877,19.40481726921031
2015-11-23,41.444975,-71.680877,12.037599809761552
2015-11-24,41.444975,-71.680877,0.0
2015-11-25,41.444975,-71.680877,0.0
2015-11-26,41.444975,-71.680877,0.0
2015-11-27,41.444975,-71.680877,0.0
2015-11-28,41.444975,-71.680877,0.967029547937874
2015-11-29,41.444975,-71.680877,0.02700882664086903
2015-11-30,41.444975,-71.680877,0.0
2015-12-01,41.444975,-71.680877,13.960152719101876
2015-12-02,41.444975,-71.680877,6.882059722805311
2015-12-03,41.444975,-71.680877,4.969750137830166
2015-12-04,41.444975,-71.680877,0.0
2015-12-05,41.444975,-71.680877,0.0
2015-12-06,41.444975,-71.680877,0.0
2015-12-07,41.444975,-71.680877,0.0
2015-12-08,41.444975,-71.680877,1.6512353573286815
2015-12-09,41.444975,-71.680877,0.0
2015-12-10,41.444975,-71.680877,0.007763256161662713
2015-12-11,41.444975,-71.680877,0.1496296475921207
2015-12-12,41.444975,-71.680877,0.015387878991370384
2015-12-13,41.444975,-71.680877,0.001008485524758238
2015-12-14,41.444975,-71.680877,0.9287129478913094
2015-12-15,41.444975,-71.680877,9.576500212933698
2015-12-16,41.444975,-71.680877,0.0
2015-12-17,41.444975,-71.680877,33.61660943272042
2015-12-18,41.444975,-71.680877,7.801382085860797
2015-12-19,41.444975,-71.680877,0.003282528476540601
2015-12-20,41.444975,-71.680877,0.0014662214173163813
2015-12-21,41.444975,-71.680877,1.5147245522415616
2015-12-22,41.444975,-71.680877,11.302491499276067
2015-12-23,41.444975,-71.680877,12.000777131276147
2015-12-24,41.444975,-71.680877,30.067287654357006
2015-12-25,41.444975,-71.680877,1.1344614373563249
2015-12-26,41.444975,-71.680877,3.4387079833799614
2015-12-27,41.444975,-71.680877,2.2065140536716967
2015-12-28,41.444975,-71.680877,2.802513895538739
2015-12-29,41.444975,-71.680877,19.782674563538574
2015-12-30,41.444975,-71.680877,0.0
2015-12-31,41.444975,-71.680877,3.210083610648079
2016-01-01,41.444975,-71.680877,2.714952366416666
2016-01-02,41.444975,-71.680877,0.0
2016-01-03,41.444975,-71.680877,0.0
2016-01-04,41.444975,-71.680877,0.0
2016-01-05,41.444975,-71.680877,0.18145750125124427
2016-01-06,41.444975,-71.680877,0.0
2016-01-07,41.444975,-71.680877,0.0
2016-01-08,41.444975,-71.680877,0.0
2016-01-09,41.444975,-71.680877,0.8147155768615053
2016-01-10,41.444975,-71.680877,40.41831237369956
2016-01-11,41.444975,-71.680877,0.0
2016-01-12,41.444975,-71.680877,3.427848076946525
2016-01-13,41.444975,-71.680877,0.20788185704725418
2016-01-14,41.444975,-71.680877,0.009708470441905469
2016-01-15,41.444975,-71.680877,0.0012192048329530854
2016-01-16,41.444975,-71.680877,53.633655697183016
2016-01-17,41.444975,-71.680877,2.265936968114455
2016-01-18,41.444975,-71.680877,0.003978721253251228
2016-01-19,41.444975,-71.680877,0.0
2016-01-20,41.444975,-71.680877,0.0
2016-01-21,41.444975,-71.680877,0.004748749893856982
2016-01-22,41.444975,-71.680877,0.002084090204112144
2016-01-23,41.444975,-71.680877,6.459546459147706
2016-01-24,41.444975,-71.680877,0.026047035769777432
2016-01-25,41.444975,-71.680877,0.07807167973925552
2016-01-26,41.444975,-71.680877,0.3484317546746596
2016-01-27,41.444975,-71.680877,1.163232437981732
2016-01-28,41.444975,-71.680877,0.0
2016-01-29,41.444975,-71.680877,1.1895726875374386
2016-01-30,41.444975,-71.680877,0.05710036856004432
2016-01-31,41.444975,-71.680877,0.7858077608120232
2016-02-01,41.444975,-71.680877,0.4169227241271319
2016-02-02,41.444975,-71.680877,1.5467036101864455
2016-02-03,41.444975,-71.680877,12.48895423059025
2016-02-04,41.444975,-71.680877,27.093305208441897
2016-02-05,41.444975,-71.680877,48.713179553876984
2016-02-06,41.444975,-71.680877,0.0
2016-02-07,41.444975,-71.680877,0.014323825492279244
2016-02-08,41.444975,-71.680877,11.259832044624499
2016-02-09,41.444975,-71.680877,0.0
2016-02-10,41.444975,-71.680877,0.0012377273663132617
2016-02-11,41.444975,-71.680877,0.0
2016-02-12,41.444975,-71.680877,0.40546251058826477
2016-02-13,41.444975,-71.680877,1.6615289067739458
2016-02-14,41.444975,-71.680877,0.0
2016-02-15,41.444975,-71.680877,0.06917290309946017
2016-02-16,41.444975,-71.680877,19.625726265263236
2016-02-17,41.444975,-71.680877,0.0
2016-02-18,41.444975,-71.680877,0.0
2016-02-19,41.444975,-71.680877,0.00025124999438430867
2016-02-20,41.444975,-71.680877,0.670656921149516
2016-02-21,41.444975,-71.680877,0.009489690075563667
2016-02-22,41.444975,-71.680877,1.5753953091874946
2016-02-23,41.444975,-71.680877,2.646211700397219
2016-02-24,41.444975,-71.680877,7.814299616655921
2016-02-25,41.444975,-71.680877,27.185618467242204
2016-02-26,41.444975,-71.680877,0.029389848788211183
2016-02-27,41.444975,-71.680877,0.017281012657315138
2016-02-28,41.444975,-71.680877,0.13508393780723302
2016-02-29,41.444975,-71.680877,0.8515930151934468
2016-03-01,41.444975,-71.680877,0.0
2016-03-02,41.444975,-71.680877,7.5642772373457845
2016-03-03,41.444975,-71.680877,0.006565056953081202
2016-03-04,41.444975,-71.680877,0.03314999073173777
2016-03-05,41.444975,-71.680877,0.059569486947147074
2016-03-06,41.444975,-71.680877,0.0
2016-03-07,41.444975,-71.680877,0.0007537499831529269
2016-03-08,41.444975,-71.680877,0.02695674537863931
2016-03-09,41.444975,-71.680877,0.0017842437185389354
2016-03-10,41.444975,-71.680877,0.376768069833622
2016-03-11,41.444975,-71.680877,9.265479291543192
2016-03-12,41.444975,-71.680877,0.0
2016-03-13,41.444975,-71.680877,0.001939395311056284
2016-03-14,41.444975,-71.680877,25.363650907772442
2016-03-15,41.444975,-71.680877,8.445765830556066
2016-03-16,41.444975,-71.680877,0.015787066385325805
2016-03-17,41.444975,-71.680877,7.2654698217685
2016-03-18,41.444975,-71.680877,0.006873371194023764
2016-03-19,41.444975,-71.680877,0.0
2016-03-20,41.444975,-71.680877,0.008460435987378157
2016-03-21,41.444975,-71.680877,1.7184133098377776
2016-03-22,41.444975,-71.680877,0.009847585429621802
2016-03-23,41.444975,-71.680877,3.960249633411144
2016-03-24,41.444975,-71.680877,0.14434321514387605
2016-03-25,41.444975,-71.680877,2.181621934338801
2016-03-26,41.444975,-71.680877,0.0
2016-03-27,41.444975,-71.680877,0.0
2016-03-28,41.444975,-71.680877,15.68796454888755
2016-03-29,41.444975,-71.680877,0.003126135500264244
2016-03-30,41.444975,-71.680877,0.0
2016-03-31,41.444975,-71.680877,0.011355833093483546
2016-04-01,41.444975,-71.680877,0.9206514609734975
2016-04-02,41.444975,-71.680877,15.971064223696334
2016-04-03,41.444975,-71.680877,5.0496069800767795
2016-04-04,41.444975,-71.680877,8.17609938816012
2016-04-05,41.444975,-71.680877,0.007898882674462461
2016-04-06,41.444975,-71.680877,0.023207689493353282
2016-04-07,41.444975,-71.680877,33.311807843911744
2016-04-08,41.444975,-71.680877,0.10362688586777598
2016-04-09,41.444975,-71.680877,0.0006946967347040472
2016-04-10,41.444975,-71.680877,0.002320303197907658
2016-04-11,41.444975,-71.680877,0.5196774166966034
2016-04-12,41.444975,-71.680877,10.090020120942386
2016-04-13,41.444975,-71.680877,0.0
2016-04-14,41.444975,-71.680877,0.0005024999887686173
2016-04-15,41.444975,-71.680877,0.0
2016-04-16,41.444975,-71.680877,0.0
2016-04-17,41.444975,-71.680877,0.0
2016-04-18,41.444975,-71.680877,0.0
2016-04-19,41.444975,-71.680877,0.2236904135526776
2016-04-20,41.444975,-71.680877,0.0
2016-04-21,41.444975,-71.680877,0.0
2016-04-22,41.444975,-71.680877,0.6899334518265835
2016-04-23,41.444975,-71.680877,8.10831124764043
2016-04-24,41.444975,-71.680877,0.0
2016-04-25,41.444975,-71.680877,0.5594177779820944
2016-04-26,41.444975,-71.680877,6.7681523119655465
2016-04-27,41.444975,-71.680877,0.0
2016-04-28,41.444975,-71.680877,1.2962550265617647
2016-04-29,41.444975,-71.680877,2.9652003341334634
2016-04-30,41.444975,-71.680877,0.1597782329855445
2016-05-01,41.444975,-71.680877,2.468475715591791
2016-05-02,41.444975,-71.680877,0.5898697764929857
2016-05-03,41.444975,-71.680877,11.22177125071805
2016-05-04,41.444975,-71.680877,9.039658371280067
2016-05-05,41.444975,-71.680877,3.9444796258025705
2016-05-06,41.444975,-71.680877,0.30975721669706613
2016-05-07,41.444975,-71.680877,2.162292712848435
2016-05-08,41.444975,-71.680877,1.4694649084525437
2016-05-09,41.444975,-71.680877,0.0001736741836760118
2016-05-10,41.444975,-71.680877,0.0001736741836760118
2016-05-11,41.444975,-71.680877,0.0
2016-05-12,41.444975,-71.680877,0.0
2016-05-13,41.444975,-71.680877,8.939239696043826
2016-05-14,41.444975,-71.680877,5.175105660131915
2016-05-15,41.444975,-71.680877,1.7390652532769482
2016-05-16,41.444975,-71.680877,0.0
2016-05-17,41.444975,-71.680877,0.24141650578845775
2016-05-18,41.444975,-71.680877,0.6843653119353824
2016-05-19,41.444975,-71.680877,0.7681786247391189
2016-05-20,41.444975,-71.680877,0.0
2016-05-21,41.444975,-71.680877,2.7875435888628544
2016-05-22,41.444975,-71.680877,7.309634084748533
2016-05-23,41.444975,-71.680877,0.553720713919881
2016-05-24,41.444975,-71.680877,5.731835714154199
2016-05-25,41.444975,-71.680877,0.6418643439489942
2016-05-26,41.444975,-71.680877,0.0
2016-05-27,41.444975,-71.680877,0.01172977133853105
2016-05-28,41.444975,-71.680877,0.16653251348280762
2016-05-29,41.444975,-71.680877,0.001042045102056072
2016-05-30,41.444975,-71.680877,16.228786810988147
2016-05-31,41.444975,-71.680877,8.20150825930622
2016-06-01,41.444975,-71.680877,0.0
2016-06-02,41.444975,-71.680877,0.0
2016-06-03,41.444975,-71.680877,3.2056125234227357
2016-06-04,41.444975,-71.680877,0.0
2016-06-05,41.444975,-71.680877,2.8504677823149436
2016-06-06,41.444975,-71.680877,1.0222078222884021
2016-06-07,41.444975,-71.680877,0.0
2016-06-08,41.444975,-71.680877,0.5254012450752994
2016-06-09,41.444975,-71.680877,0.0
2016-06-10,41.444975,-71.680877,0.04041253977652513
2016-06-11,41.444975,-71.680877,3.132590729840903
2016-06-12,41.444975,-71.680877,0.0
2016-06-13,41.444975,-71.680877,0.0
2016-06-14,41.444975,-71.680877,0.0
2016-06-15,41.444975,-71.680877,0.0
2016-06-16,41.444975,-71.680877,1.0562810544021537
2016-06-17,41.444975,-71.680877,0.0
2016-06-18,41.444975,-71.680877,0.0
2016-06-19,41.444975,-71.680877,0.0
2016-06-20,41.444975,-71.680877,0.0
2016-06-21,41.444975,-71.680877,7.500545310860974
2016-06-22,41.444975,-71.680877,0.0
2016-06-23,41.444975,-71.680877,0.0
2016-06-24,41.444975,-71.680877,0.0
2016-06-25,41.444975,-71.680877,0.0
2016-06-26,41.444975,-71.680877,0.0
2016-06-27,41.444975,-71.680877,0.0
2016-06-28,41.444975,-71.680877,7.575664218808583
2016-06-29,41.444975,-71.680877,0.11603671359046386
2016-06-30,41.444975,-71.680877,0.0
2016-07-01,41.444975,-71.680877,1.9947972466364465
2016-07-02,41.444975,-71.680877,17.126289730837602
2016-07-03,41.444975,-71.680877,0.0
2016-07-04,41.444975,-71.680877,0.0001736741836760118
2016-07-05,41.444975,-71.680877,22.0484641453724
2016-07-06,41.444975,-71.680877,0.0
2016-07-07,41.444975,-71.680877,0.30553505286187127
2016-07-08,41.444975,-71.680877,0.007086079504109237
2016-07-09,41.444975,-71.680877,0.1939846764883806
2016-07-10,41.444975,-71.680877,0.22696955839142122
2016-07-11,41.444975,-71.680877,0.05908003802861919
2016-07-12,41.444975,-71.680877,0.0
2016-07-13,41.444975,-71.680877,0.0
2016-07-14,41.444975,-71.680877,0.6986856203019782
2016-07-15,41.444975,-71.680877,2.181568204449301
2016-07-16,41.444975,-71.680877,0.02409383511119275
2016-07-17,41.444975,-71.680877,0.8375643349947657
2016-07-18,41.444975,-71.680877,0.30223392334972743
2016-07-19,41.444975,-71.680877,0.4874248873660537
2016-07-20,41.444975,-71.680877,0.0
2016-07-21,41.444975,-71.680877,0.0
2016-07-22,41.444975,-71.680877,0.01466221362695376
2016-07-23,41.444975,-71.680877,8.166942892080662
2016-07-24,41.444975,-71.680877,0.0
2016-07-25,41.444975,-71.680877,2.5406680032730162
2016-07-26,41.444975,-71.680877,8.655630952564664
2016-07-27,41.444975,-71.680877,0.0
2016-07-28,41.444975,-71.680877,0.0
2016-07-29,41.444975,-71.680877,18.31948391726324
2016-07-30,41.444975,-71.680877,0.0011416290366944109
2016-07-31,41.444975,-71.680877,0.9767177092430854
2016-08-01,41.444975,-71.680877,2.7550509089176343
2016-08-02,41.444975,-71.680877,6.150645353285884
2016-08-03,41.444975,-71.680877,0.0
2016-08-04,41.444975,-71.680877,0.0
2016-08-05,41.444975,-71.680877,0.0
2016-08-06,41.444975,-71.680877,0.08256671991896453
2016-08-07,41.444975,-71.680877,0.04966295511445297
2016-08-08,41.444975,-71.680877,1.767513893006466
2016-08-09,41.444975,-71.680877,0.0
2016-08-10,41.444975,-71.680877,8.283781440334295
2016-08-11,41.444975,-71.680877,18.76437709889873
2016-08-12,41.444975,-71.680877,3.8581543262352436
2016-08-13,41.444975,-71.680877,5.4535879967990155
2016-08-14,41.444975,-71.680877,0.0
2016-08-15,41.444975,-71.680877,0.0029324428346327626
2016-08-16,41.444975,-71.680877,0.0
2016-08-17,41.444975,-71.680877,7.855363455907908
2016-08-18,41.444975,-71.680877,3.086194758089599
2016-08-19,41.444975,-71.680877,0.0
2016-08-20,41.444975,-71.680877,0.031424942197774655
2016-08-21,41.444975,-71.680877,0.0
2016-08-22,41.444975,-71.680877,12.162928605170922
2016-08-23,41.444975,-71.680877,0.0
2016-08-24,41.444975,-71.680877,0.0
2016-08-25,41.444975,-71.680877,0.0
2016-08-26,41.444975,-71.680877,0.0006946967347040472
2016-08-27,41.444975,-71.680877,0.0
2016-08-28,41.444975,-71.680877,0.0
2016-08-29,41.444975,-71.680877,0.0
2016-08-30,41.444975,-71.680877,0.0
2016-08-31,41.444975,-71.680877,0.14804206883068277
2016-09-01,41.444975,-71.680877,16.840423192061333
2016-09-02,41.444975,-71.680877,0.0
2016-09-03,41.444975,-71.680877,0.22119318984598696
2016-09-04,41.444975,-71.680877,0.0
2016-09-05,41.444975,-71.680877,4.789732104004093
2016-09-06,41.444975,-71.680877,0.22682364942304414
2016-09-07,41.444975,-71.680877,0.02163989484850319
2016-09-08,41.444975,-71.680877,0.0
2016-09-09,41.444975,-71.680877,0.25658953067671136
2016-09-10,41.444975,-71.680877,0.44844623085044666
2016-09-11,41.444975,-71.680877,0.01183482939796622
2016-09-12,41.444975,-71.680877,0.0
2016-09-13,41.444975,-71.680877,0.0
2016-09-14,41.444975,-71.680877,1.0856431656957792
2016-09-15,41.444975,-71.680877,0.013627648123099302
2016-09-16,41.444975,-71.680877,0.0
2016-09-17,41.444975,-71.680877,0.0
2016-09-18,41.444975,-71.680877,0.4390758789986941
2016-09-19,41.444975,-71.680877,29.943999936305964
2016-09-20,41.444975,-71.680877,5.294226847301097
2016-09-21,41.444975,-71.680877,0.8876036261500004
2016-09-22,41.444975,-71.680877,0.017698474611111334
2016-09-23,41.444975,-71.680877,0.0
2016-09-24,41.444975,-71.680877,0.02169497139930288
2016-09-25,41.444975,-71.680877,0.0
2016-09-26,41.444975,-71.680877,0.0
2016-09-27,41.444975,-71.680877,5.6708717776260915
2016-09-28,41.444975,-71.680877,0.0006946967347040472
2016-09-29,41.444975,-71.680877,7.757581070829686e-05
2016-09-30,41.444975,-71.680877,6.852788075774498
2016-10-01,41.444975,-71.680877,0.6176748236122094
2016-10-02,41.444975,-71.680877,0.12322881061346977
2016-10-03,41.444975,-71.680877,0.0013893934694080945
2016-10-04,41.444975,-71.680877,0.0
2016-10-05,41.444975,-71.680877,0.0
2016-10-06,41.444975,-71.680877,0.0
2016-10-07,41.444975,-71.680877,0.0
2016-10-08,41.444975,-71.680877,4.711024939840404
2016-10-09,41.444975,-71.680877,77.66102552693562
2016-10-10,41.444975,-71.680877,0.03714164652033524
2016-10-11,41.444975,-71.680877,0.0
2016-10-12,41.444975,-71.680877,0.0
2016-10-13,41.444975,-71.680877,0.00025124999438430867
2016-10-14,41.444975,-71.680877,0.0
2016-10-15,41.444975,-71.680877,0.0
2016-10-16,41.444975,-71.680877,0.0
2016-10-17,41.444975,-71.680877,0.6460060423619682
2016-10-18,41.444975,-71.680877,0.0
2016-10-19,41.444975,-71.680877,0.0
2016-10-20,41.444975,-71.680877,0.0
2016-10-21,41.444975,-71.680877,5.526925005317135
2016-10-22,41.444975,-71.680877,0.3364849068146487
2016-10-23,41.444975,-71.680877,0.26182559903158614
2016-10-24,41.444975,-71.680877,2.1592824905096895
2016-10-25,41.444975,-71.680877,0.0
2016-10-26,41.444975,-71.680877,0.0
2016-10-27,41.444975,-71.680877,12.409428079008995
2016-10-28,41.444975,-71.680877,3.4884210156104447
2016-10-29,41.444975,-71.680877,0.12194604446546531
2016-10-30,41.444975,-71.680877,7.396749427321683
2016-10-31,41.444975,-71.680877,3.344839506657481
2016-11-01,41.444975,-71.680877,0.0
2016-11-02,41.444975,-71.680877,0.0018618194569991267
2016-11-03,41.444975,-71.680877,0.0
2016-11-04,41.444975,-71.680877,0.20592246500999045
2016-11-05,41.444975,-71.680877,0.0
2016-11-06,41.444975,-71.680877,0.12833126390205735
2016-11-07,41.444975,-71.680877,0.0
2016-11-08,41.444975,-71.680877,0.0
2016-11-09,41.444975,-71.680877,0.7451895765708257
2016-11-10,41.444975,-71.680877,1.2708903721331404
2016-11-11,41.444975,-71.680877,0.06597996350613214
2016-11-12,41.444975,-71.680877,0.0
2016-11-13,41.444975,-71.680877,0.0
2016-11-14,41.444975,-71.680877,0.0
2016-11-15,41.444975,-71.680877,22.371633723832232
2016-11-16,41.444975,-71.680877,0.0
2016-11-17,41.444975,-71.680877,0.003325303175444894
2016-11-18,41.444975,-71.680877,0.0
2016-11-19,41.444975,-71.680877,0.0
2016-11-20,41.444975,-71.680877,0.428004362455385
2016-11-21,41.444975,-71.680877,0.5211622960990194
2016-11-22,41.444975,-71.680877,0.7201890898186616
2016-11-23,41.444975,-71.680877,0.0
2016-11-24,41.444975,-71.680877,0.6704092814926355
2016-11-25,41.444975,-71.680877,0.04673249736431673
2016-11-26,41.444975,-71.680877,0.022460833944881797
2016-11-27,41.444975,-71.680877,0.0
2016-11-28,41.444975,-71.680877,0.0
2016-11-29,41.444975,-71.680877,60.819461183249196
2016-11-30,41.444975,-71.680877,14.093724643567908
2016-12-01,41.444975,-71.680877,3.987251707287792
2016-12-02,41.444975,-71.680877,1.3434300416365312
2016-12-03,41.444975,-71.680877,0.22453707124736577
2016-12-04,41.444975,-71.680877,0.0
2016-12-05,41.444975,-71.680877,3.4646875501665924
2016-12-06,41.444975,-71.680877,0.013506953227216643
2016-12-07,41.444975,-71.680877,6.764122796669767
2016-12-08,41.444975,-71.680877,0.023562265180702154
2016-12-09,41.444975,-71.680877,0.0008128032027025624
2016-12-10,41.444975,-71.680877,0.0
2016-12-11,41.444975,-71.680877,0.020111135623941498
2016-12-12,41.444975,-71.680877,17.530833655027582
2016-12-13,41.444975,-71.680877,0.0
2016-12-14,41.444975,-71.680877,0.02824608624120814
2016-12-15,41.444975,-71.680877,0.0
2016-12-16,41.444975,-71.680877,0.0
2016-12-17,41.444975,-71.680877,28.928186503762156
2016-12-18,41.444975,-71.680877,13.635238086007554
2016-12-19,41.444975,-71.680877,0.254006689123047
2016-12-20,41.444975,-71.680877,0.0
2016-12-21,41.444975,-71.680877,0.0014739404179072613
2016-12-22,41.444975,-71.680877,0.5286872262422352
2016-12-23,41.444975,-71.680877,0.00025124999438430867
2016-12-24,41.444975,-71.680877,14.985604665371214
2016-12-25,41.444975,-71.680877,0.0
2016-12-26,41.444975,-71.680877,0.026145369265470883
2016-12-27,41.444975,-71.680877,3.548226518580141
2016-12-28,41.444975,-71.680877,0.00023272743212489084
2016-12-29,41.444975,-71.680877,5.869662934303343
2016-12-30,41.444975,-71.680877,0.0
2016-12-31,41.444975,-71.680877,0.2664290784626805
2017-01-01,41.444975,-71.680877,4.126387972098365
2017-01-02,41.444975,-71.680877,5.372911710614966
2017-01-03,41.444975,-71.680877,23.834173871374734
2017-01-04,41.444975,-71.680877,2.0816583606236
2017-01-05,41.444975,-71.680877,0.0004249241780603205
2017-01-06,41.444975,-71.680877,0.5191849541831403
2017-01-07,41.444975,-71.680877,11.45312402766387
2017-01-08,41.444975,-71.680877,0.11808972117345265
2017-01-09,41.444975,-71.680877,0.0
2017-01-10,41.444975,-71.680877,0.08143293068012314
2017-01-11,41.444975,-71.680877,14.13052945066729
2017-01-12,41.444975,-71.680877,30.740730504342725
2017-01-13,41.444975,-71.680877,3.8084558109629176
2017-01-14,41.444975,-71.680877,0.0
2017-01-15,41.444975,-71.680877,0.0005024999887686173
2017-01-16,41.444975,-71.680877,0.0
2017-01-17,41.444975,-71.680877,2.1715477086075685
2017-01-18,41.444975,-71.680877,1.8621313451695978
2017-01-19,41.444975,-71.680877,0.0006946967347040472
2017-01-20,41.444975,-71.680877,0.08063181166938993
2017-01-21,41.444975,-71.680877,0.24667888975169555
2017-01-22,41.444975,-71.680877,0.7513985919804506
2017-01-23,41.444975,-71.680877,7.952720200542933
2017-01-24,41.444975,-71.680877,40.14840559080306
2017-01-25,41.444975,-71.680877,10.463419089950309
2017-01-26,41.444975,-71.680877,0.28894247996140243
2017-01-27,41.444975,-71.680877,0.0008683708860307206
2017-01-28,41.444975,-71.680877,0.0
2017-01-29,41.444975,-71.680877,0.006385908220293564
2017-01-30,41.444975,-71.680877,0.0009309097284995634
2017-01-31,41.444975,-71.680877,0.15968637487638038
2017-02-01,41.444975,-71.680877,0.010414866978488807
2017-02-02,41.444975,-71.680877,0.0
2017-02-03,41.444975,-71.680877,0.0
2017-02-04,41.444975,-71.680877,0.0
2017-02-05,41.444975,-71.680877,0.000849848356120641
2017-02-06,41.444975,-71.680877,0.0
2017-02-07,41.444975,-71.680877,8.860871824468475
2017-02-08,41.444975,-71.680877,3.1922525252443115
2017-02-09,41.444975,-71.680877,34.303294445873064
2017-02-10,41.444975,-71.680877,0.0
2017-02-11,41.444975,-71.680877,0.4052732706412907
2017-02-12,41.444975,-71.680877,14.14687092292431
2017-02-13,41.444975,-71.680877,0.0
2017-02-14,41.444975,-71.680877,0.0
2017-02-15,41.444975,-71.680877,0.4736834999921195
2017-02-16,41.444975,-71.680877,0.00038787903909186304
2017-02-17,41.444975,-71.680877,0.00023272743212489084
2017-02-18,41.444975,-71.680877,0.00038787903909186304
2017-02-19,41.444975,-71.680877,0.13782481595879015
2017-02-20,41.444975,-71.680877,0.0
2017-02-21,41.444975,-71.680877,0.041907677862347566
2017-02-22,41.444975,-71.680877,1.9527286071035201
2017-02-23,41.444975,-71.680877,0.2756360298257268
2017-02-24,41.444975,-71.680877,0.9841163006259931
2017-02-25,41.444975,-71.680877,0.0025565161917031733
2017-02-26,41.444975,-71.680877,4.606463869672731
2017-02-27,41.444975,-71.680877,0.00025124999438430867
2017-02-28,41.444975,-71.680877,2.262132331960025
2017-03-01,41.444975,-71.680877,12.992142990460243
2017-03-02,41.444975,-71.680877,0.19178510066973578
2017-03-03,41.444975,-71.680877,0.004150898751152733
2017-03-04,41.444975,-71.680877,0.0
2017-03-05,41.444975,-71.680877,0.0066186356524184555
2017-03-06,41.444975,-71.680877,0.003282528476540601
2017-03-07,41.444975,-71.680877,5.906829679881923
2017-03-08,41.444975,-71.680877,11.452266479117192
2017-03-09,41.444975,-71.680877,0.0
2017-03-10,41.444975,-71.680877,4.9763068881176915
2017-03-11,41.444975,-71.680877,0.0
2017-03-12,41.444975,-71.680877,0.0
2017-03-13,41.444975,-71.680877,0.0
2017-03-14,41.444975,-71.680877,34.94973561382662
2017-03-15,41.444975,-71.680877,0.0
2017-03-16,41.444975,-71.680877,0.0
2017-03-17,41.444975,-71.680877,0.0
2017-03-18,41.444975,-71.680877,0.002301780696896824
2017-03-19,41.444975,-71.680877,0.002778786938816189
2017-03-20,41.444975,-71.680877,0.0
2017-03-21,41.444975,-71.680877,0.0003103032428331874
2017-03-22,41.444975,-71.680877,0.12505711086334728
2017-03-23,41.444975,-71.680877,0.001042045102056072
2017-03-24,41.444975,-71.680877,2.712380977168616
2017-03-25,41.444975,-71.680877,1.9268335570811606
2017-03-26,41.444975,-71.680877,1.017951194765128
2017-03-27,41.444975,-71.680877,5.473011329338636
2017-03-28,41.444975,-71.680877,10.147817072115222
2017-03-29,41.444975,-71.680877,9.823467808664978
2017-03-30,41.444975,-71.680877,0.0
2017-03-31,41.444975,-71.680877,13.005565541004302
2017-04-01,41.444975,-71.680877,30.676693922157174
2017-04-02,41.444975,-71.680877,0.0
2017-04-03,41.444975,-71.680877,0.27211953156857294
2017-04-04,41.444975,-71.680877,36.03668648590256
2017-04-05,41.444975,-71.680877,2.32587064776675
2017-04-06,41.444975,-71.680877,22.997855061730835
2017-04-07,41.444975,-71.680877,0.005171684660161501
2017-04-08,41.444975,-71.680877,1.1689967836520154
2017-04-09,41.444975,-71.680877,0.0
2017-04-10,41.444975,-71.680877,1.9568769541573112
2017-04-11,41.444975,-71.680877,0.034372825183326454
2017-04-12,41.444975,-71.680877,0.30641370638538945
2017-04-13,41.444975,-71.680877,3.062175044849801
2017-04-14,41.444975,-71.680877,0.02626022781232481
2017-04-15,41.444975,-71.680877,0.15026937140957064
2017-04-16,41.444975,-71.680877,0.45935776190989647
2017-04-17,41.444975,-71.680877,1.832938443925117
2017-04-18,41.444975,-71.680877,0.0014662214173163813
2017-04-19,41.444975,-71.680877,1.2876611707677494
2017-04-20,41.444975,-71.680877,2.6647744679115886
2017-04-21,41.444975,-71.680877,9.582488424552372
2017-04-22,41.444975,-71.680877,5.945198967049475
2017-04-23,41.444975,-71.680877,0.6945395444587121
2017-04-24,41.444975,-71.680877,0.8596184647452382
2017-04-25,41.444975,-71.680877,10.33899344913971
2017-04-26,41.444975,-71.680877,18.471932414226703
2017-04-27,41.444975,-71.680877,0.0
2017-04-28,41.444975,-71.680877,2.846302809060861
2017-04-29,41.444975,-71.680877,2.584354574693201
2017-04-30,41.444975,-71.680877,0.0
2017-05-01,41.444975,-71.680877,0.2957943063483452
2017-05-02,41.444975,-71.680877,14.066048234786514
2017-05-03,41.444975,-71.680877,0.0
2017-05-04,41.444975,-71.680877,0.08767860388072979
2017-05-05,41.444975,-71.680877,25.718189818729915
2017-05-06,41.444975,-71.680877,21.771161812347692
2017-05-07,41.444975,-71.680877,0.8612137119011193
2017-05-08,41.444975,-71.680877,0.03738683672938213
2017-05-09,41.444975,-71.680877,0.12411150414299388
2017-05-10,41.444975,-71.680877,0.2603908747096344
2017-05-11,41.444975,-71.680877,0.0
2017-05-12,41.444975,-71.680877,0.0001736741836760118
2017-05-13,41.444975,-71.680877,6.394697732549272
2017-05-14,41.444975,-71.680877,8.824706387863543
2017-05-15,41.444975,-71.680877,4.412872729224823
2017-05-16,41.444975,-71.680877,0.0
2017-05-17,41.444975,-71.680877,0.0
2017-05-18,41.444975,-71.680877,0.0
2017-05-19,41.444975,-71.680877,0.0
2017-05-20,41.444975,-71.680877,0.009317255524638534
2017-05-21,41.444975,-71.680877,0.0
2017-05-22,41.444975,-71.680877,19.5825932292411
2017-05-23,41.444975,-71.680877,4.264446667039419
2017-05-24,41.444975,-71.680877,12.788012494054929
2017-05-25,41.444975,-71.680877,8.151306078052793
2017-05-26,41.444975,-71.680877,16.492758972560893
2017-05-27,41.444975,-71.680877,0.010365870673744686
2017-05-28,41.444975,-71.680877,0.13438872862632467
2017-05-29,41.444975,-71.680877,19.04783424124641
2017-05-30,41.444975,-71.680877,0.08032942432281139
2017-05-31,41.444975,-71.680877,2.976878435103553
2017-06-01,41.444975,-71.680877,0.0
2017-06-02,41.444975,-71.680877,0.1939787093618383
2017-06-03,41.444975,-71.680877,0.31647878087346665
2017-06-04,41.444975,-71.680877,2.862370906000247
2017-06-05,41.444975,-71.680877,10.956240215043676
2017-06-06,41.444975,-71.680877,17.713902904943414
2017-06-07,41.444975,-71.680877,0.03226300977358541
2017-06-08,41.444975,-71.680877,1.89088132961695
2017-06-09,41.444975,-71.680877,1.9678834931660973
2017-06-10,41.444975,-71.680877,0.0
2017-06-11,41.444975,-71.680877,0.0012157193180814237
2017-06-12,41.444975,-71.680877,0.0
2017-06-13,41.444975,-71.680877,1.4156376667931034
2017-06-14,41.444975,-71.680877,0.004267764569307983
2017-06-15,41.444975,-71.680877,0.11999366417642587
2017-06-16,41.444975,-71.680877,5.084810925232812
2017-06-17,41.444975,-71.680877,0.9556144251595622
2017-06-18,41.444975,-71.680877,0.3316768904116634
2017-06-19,41.444975,-71.680877,0.013902386451574746
2017-06-20,41.444975,-71.680877,9.25045687498756
2017-06-21,41.444975,-71.680877,0.4894027033675448
2017-06-22,41.444975,-71.680877,0.0006981822819250492
2017-06-23,41.444975,-71.680877,0.1309490686977557
2017-06-24,41.444975,-71.680877,30.979962240029273
2017-06-25,41.444975,-71.680877,0.06893310228728274
2017-06-26,41.444975,-71.680877,0.0
2017-06-27,41.444975,-71.680877,0.7977627369290639
2017-06-28,41.444975,-71.680877,0.1909038832418848
2017-06-29,41.444975,-71.680877,0.09454749725849915
2017-06-30,41.444975,-71.680877,1.248804788430987
2017-07-01,41.444975,-71.680877,4.840312145092304
2017-07-02,41.444975,-71.680877,0.000521022551028036
2017-07-03,41.444975,-71.680877,0.20992880475257672
2017-07-04,41.444975,-71.680877,0.0
2017-07-05,41.444975,-71.680877,0.0
2017-07-06,41.444975,-71.680877,0.09430311283407382
2017-07-07,41.444975,-71.680877,7.074438153429306
2017-07-08,41.444975,-71.680877,0.3375252720343703
2017-07-09,41.444975,-71.680877,0.0
2017-07-10,41.444975,-71.680877,0.0
2017-07-11,41.444975,-71.680877,5.523117233107765
2017-07-12,41.444975,-71.680877,1.459739523953587
2017-07-13,41.444975,-71.680877,16.555753643137177
2017-07-14,41.444975,-71.680877,6.70497266017815
2017-07-15,41.444975,-71.680877,1.2184358386219207
2017-07-16,41.444975,-71.680877,0.0
2017-07-17,41.444975,-71.680877,0.0016290921260215777
2017-07-18,41.444975,-71.680877,0.0006946967347040472
2017-07-19,41.444975,-71.680877,0.005462717765489908
2017-07-20,41.444975,-71.680877,0.09985550403963302
2017-07-21,41.444975,-71.680877,0.23307035582960872
2017-07-22,41.444975,-71.680877,0.0
2017-07-23,41.444975,-71.680877,1.2597165367497858
2017-07-24,41.444975,-71.680877,20.941113516367665
2017-07-25,41.444975,-71.680877,0.05599393968636191
2017-07-26,41.444975,-71.680877,0.0
2017-07-27,41.444975,-71.680877,5.225934519696716
2017-07-28,41.444975,-71.680877,0.0003103032428331874
2017-07-29,41.444975,-71.680877,14.445708993247749
2017-07-30,41.444975,-71.680877,0.0
2017-07-31,41.444975,-71.680877,0.0
2017-08-01,41.444975,-71.680877,0.0
2017-08-02,41.444975,-71.680877,0.06933900617807665
2017-08-03,41.444975,-71.680877,0.023567338284158114
2017-08-04,41.444975,-71.680877,0.030102174621536526
2017-08-05,41.444975,-71.680877,4.035143645308396
2017-08-06,41.444975,-71.680877,0.007688911182870569
2017-08-07,41.444975,-71.680877,6.925781379243712
2017-08-08,41.444975,-71.680877,3.490710827998664
2017-08-09,41.444975,-71.680877,0.0
2017-08-10,41.444975,-71.680877,0.013130113906162404
2017-08-11,41.444975,-71.680877,0.0012157193180814237
2017-08-12,41.444975,-71.680877,6.94881510852731
2017-08-13,41.444975,-71.680877,0.0009459466967390175
2017-08-14,41.444975,-71.680877,0.019862035826216023
2017-08-15,41.444975,-71.680877,9.576975098428212
2017-08-16,41.444975,-71.680877,0.0
2017-08-17,41.444975,-71.680877,0.0
2017-08-18,41.444975,-71.680877,5.122661898414919
2017-08-19,41.444975,-71.680877,2.384830070486733
2017-08-20,41.444975,-71.680877,0.000521022551028036
2017-08-21,41.444975,-71.680877,0.02570351118890246
2017-08-22,41.444975,-71.680877,0.022688909678364372
2017-08-23,41.444975,-71.680877,3.9019865376808474
2017-08-24,41.444975,-71.680877,0.0
2017-08-25,41.444975,-71.680877,0.0
2017-08-26,41.444975,-71.680877,0.0
2017-08-27,41.444975,-71.680877,0.0
2017-08-28,41.444975,-71.680877,0.009147414145806127
2017-08-29,41.444975,-71.680877,5.415542602591362
2017-08-30,41.444975,-71.680877,24.332238532120744
2017-08-31,41.444975,-71.680877,0.0013338257502805023
2017-09-01,41.444975,-71.680877,0.0
2017-09-02,41.444975,-71.680877,0.0
2017-09-03,41.444975,-71.680877,24.94649855132424
2017-09-04,41.444975,-71.680877,0.0
2017-09-05,41.444975,-71.680877,0.0
2017-09-06,41.444975,-71.680877,16.154182678199835
2017-09-07,41.444975,-71.680877,21.511383974183627
2017-09-08,41.444975,-71.680877,0.0
2017-09-09,41.444975,-71.680877,0.0
2017-09-10,41.444975,-71.680877,0.0
2017-09-11,41.444975,-71.680877,0.0
2017-09-12,41.444975,-71.680877,0.0
2017-09-13,41.444975,-71.680877,0.0
2017-09-14,41.444975,-71.680877,0.003210682217569472
2017-09-15,41.444975,-71.680877,0.775620097512372
2017-09-16,41.444975,-71.680877,0.0
2017-09-17,41.444975,-71.680877,0.0
2017-09-18,41.444975,-71.680877,0.0009274241668289381
2017-09-19,41.444975,-71.680877,5.746518659220385
2017-09-20,41.444975,-71.680877,1.3103717774185184
2017-09-21,41.444975,-71.680877,5.0169409413871655
2017-09-22,41.444975,-71.680877,2.5212029643196683
2017-09-23,41.444975,-71.680877,0.0
2017-09-24,41.444975,-71.680877,0.0
2017-09-25,41.444975,-71.680877,0.0
2017-09-26,41.444975,-71.680877,0.0
2017-09-27,41.444975,-71.680877,0.0
2017-09-28,41.444975,-71.680877,0.0242312119216523
2017-09-29,41.444975,-71.680877,0.0
2017-09-30,41.444975,-71.680877,11.342829526162985
2017-10-01,41.444975,-71.680877,0.0
2017-10-02,41.444975,-71.680877,0.0
2017-10-03,41.444975,-71.680877,0.0
2017-10-04,41.444975,-71.680877,0.0
2017-10-05,41.444975,-71.680877,0.03991161898993661
2017-10-06,41.444975,-71.680877,5.189156270319305
2017-10-07,41.444975,-71.680877,0.3884278200856854
2017-10-08,41.444975,-71.680877,9.687954223386289
2017-10-09,41.444975,-71.680877,13.023090049698801
2017-10-10,41.444975,-71.680877,0.006659165335223861
2017-10-11,41.444975,-71.680877,0.8665831529341974
2017-10-12,41.444975,-71.680877,2.655591309068198
2017-10-13,41.444975,-71.680877,0.0
2017-10-14,41.444975,-71.680877,1.5665258189021232
2017-10-15,41.444975,-71.680877,0.011444961083878703
2017-10-16,41.444975,-71.680877,1.1674663576263413
2017-10-17,41.444975,-71.680877,0.0
2017-10-18,41.444975,-71.680877,0.0
2017-10-19,41.444975,-71.680877,0.0
2017-10-20,41.444975,-71.680877,0.0
2017-10-21,41.444975,-71.680877,0.0
2017-10-22,41.444975,-71.680877,0.0
2017-10-23,41.444975,-71.680877,0.0
2017-10-24,41.444975,-71.680877,3.5416803571735835
2017-10-25,41.444975,-71.680877,30.934808716117455
2017-10-26,41.444975,-71.680877,29.726859762423796
2017-10-27,41.444975,-71.680877,0.0
2017-10-28,41.444975,-71.680877,0.00733110681347688
2017-10-29,41.444975,-71.680877,13.115575808498736
2017-10-30,41.444975,-71.680877,45.928460195308624
2017-10-31,41.444975,-71.680877,0.0003473483673520236
2017-11-01,41.444975,-71.680877,0.7881606026895225
2017-11-02,41.444975,-71.680877,0.019695170859243605
2017-11-03,41.444975,-71.680877,0.0
2017-11-04,41.444975,-71.680877,0.0
2017-11-05,41.444975,-71.680877,0.3013019489902286
2017-11-06,41.444975,-71.680877,1.3052347778022264
2017-11-07,41.444975,-71.680877,9.175039749051567
2017-11-08,41.444975,-71.680877,10.371084281906748
2017-11-09,41.444975,-71.680877,0.0
2017-11-10,41.444975,-71.680877,0.0
2017-11-11,41.444975,-71.680877,0.0
2017-11-12,41.444975,-71.680877,0.0014662214173163813
2017-11-13,41.444975,-71.680877,5.948421965706723
2017-11-14,41.444975,-71.680877,0.0
2017-11-15,41.444975,-71.680877,0.0
2017-11-16,41.444975,-71.680877,2.1854579457853727
2017-11-17,41.444975,-71.680877,0.0
2017-11-18,41.444975,-71.680877,1.5169582453173938
2017-11-19,41.444975,-71.680877,19.509252537388086
2017-11-20,41.444975,-71.680877,0.0
2017-11-21,41.444975,-71.680877,0.000521022551028036
2017-11-22,41.444975,-71.680877,28.582760056566443
2017-11-23,41.444975,-71.680877,0.0
2017-11-24,41.444975,-71.680877,0.0
2017-11-25,41.444975,-71.680877,0.18002857377584217
2017-11-26,41.444975,-71.680877,1.4783118817185459
2017-11-27,41.444975,-71.680877,0.0
2017-11-28,41.444975,-71.680877,0.0
2017-11-29,41.444975,-71.680877,0.03192378765296846
2017-11-30,41.444975,-71.680877,0.0
2017-12-01,41.444975,-71.680877,2.8025204062223215
2017-12-02,41.444975,-71.680877,0.013303788089838415
2017-12-03,41.444975,-71.680877,0.02788917400963958
2017-12-04,41.444975,-71.680877,0.024096078605947608
2017-12-05,41.444975,-71.680877,0.976252149437597
2017-12-06,41.444975,-71.680877,21.598753016020776
2017-12-07,41.444975,-71.680877,0.000521022551028036
2017-12-08,41.444975,-71.680877,2.2751699798409004
2017-12-09,41.444975,-71.680877,13.34276618151196
2017-12-10,41.444975,-71.680877,1.8211053095150196
2017-12-11,41.444975,-71.680877,0.029369942152513935
2017-12-12,41.444975,-71.680877,10.12003600662927
2017-12-13,41.444975,-71.680877,0.07332530704917271
2017-12-14,41.444975,-71.680877,0.04803899632621887
2017-12-15,41.444975,-71.680877,0.0021616660148204413
2017-12-16,41.444975,-71.680877,0.0
2017-12-17,41.444975,-71.680877,0.0
2017-12-18,41.444975,-71.680877,1.2372467633684852
2017-12-19,41.444975,-71.680877,0.0233316804766666
2017-12-20,41.444975,-71.680877,0.03958797635580712
2017-12-21,41.444975,-71.680877,0.05316715944544999
2017-12-22,41.444975,-71.680877,0.13189214454753645
2017-12-23,41.444975,-71.680877,17.383206120625683
2017-12-24,41.444975,-71.680877,9.828752446314372
2017-12-25,41.444975,-71.680877,1.7188455198999741
2017-12-26,41.444975,-71.680877,0.12183595139637801
2017-12-27,41.444975,-71.680877,0.0
2017-12-28,41.444975,-71.680877,0.0
2017-12-29,41.444975,-71.680877,0.0
2017-12-30,41.444975,-71.680877,0.0
2017-12-31,41.444975,-71.680877,0.11670206340649648
2018-01-01,41.444975,-71.680877,0.0
2018-01-02,41.444975,-71.680877,0.0
2018-01-03,41.444975,-71.680877,0.0
2018-01-04,41.444975,-71.680877,15.379677934071609
2018-01-05,41.444975,-71.680877,0.5333108558760454
2018-01-06,41.444975,-71.680877,0.0
2018-01-07,41.444975,-71.680877,0.0
2018-01-08,41.444975,-71.680877,0.9926336023151584
2018-01-09,41.444975,-71.680877,0.4726251403668084
2018-01-10,41.444975,-71.680877,0.0001736741836760118
2018-01-11,41.444975,-71.680877,0.3221985499402661
2018-01-12,41.444975,-71.680877,18.263794696694184
2018-01-13,41.444975,-71.680877,62.099546464606455
2018-01-14,41.444975,-71.680877,0.046158763638492084
2018-01-15,41.444975,-71.680877,0.20698847297901543
2018-01-16,41.444975,-71.680877,0.0
2018-01-17,41.444975,-71.680877,0.7236727512133839
2018-01-18,41.444975,-71.680877,0.0
2018-01-19,41.444975,-71.680877,0.0
2018-01-20,41.444975,-71.680877,0.0
2018-01-21,41.444975,-71.680877,0.0
2018-01-22,41.444975,-71.680877,0.009864865252437583
2018-01-23,41.444975,-71.680877,32.09162594952808
2018-01-24,41.444975,-71.680877,0.0
2018-01-25,41.444975,-71.680877,0.0031030323127349043
2018-01-26,41.444975,-71.680877,0.0018541001833032181
2018-01-27,41.444975,-71.680877,0.0
2018-01-28,41.444975,-71.680877,17.281382061502526
2018-01-29,41.444975,-71.680877,0.3582116208595685
2018-01-30,41.444975,-71.680877,0.42493255001486074
2018-01-31,41.444975,-71.680877,0.0
2018-02-01,41.444975,-71.680877,0.02332504586888046
2018-02-02,41.444975,-71.680877,1.8528203963924537
2018-02-03,41.444975,-71.680877,0.0
2018-02-04,41.444975,-71.680877,2.5525310282527447
2018-02-05,41.444975,-71.680877,28.420480196893063
2018-02-06,41.444975,-71.680877,0.0
2018-02-07,41.444975,-71.680877,20.414015705130456
2018-02-08,41.444975,-71.680877,2.0683481103725896
2018-02-09,41.444975,-71.680877,0.0
2018-02-10,41.444975,-71.680877,3.1582281479748167
2018-02-11,41.444975,-71.680877,47.082816395811186
2018-02-12,41.444975,-71.680877,14.38761514461642
2018-02-13,41.444975,-71.680877,0.0
2018-02-14,41.444975,-71.680877,0.6628801434036343
2018-02-15,41.444975,-71.680877,3.3232771485068904
2018-02-16,41.444975,-71.680877,11.182747292191287
2018-02-17,41.444975,-71.680877,0.034661720557838664
2018-02-18,41.444975,-71.680877,14.549409072259856
2018-02-19,41.444975,-71.680877,1.447070669750374
2018-02-20,41.444975,-71.680877,4.468769358803549
2018-02-21,41.444975,-71.680877,0.0
2018-02-22,41.444975,-71.680877,2.51037031435211
2018-02-23,41.444975,-71.680877,5.78051627610707
2018-02-24,41.444975,-71.680877,5.861688521705773
2018-02-25,41.444975,-71.680877,22.647385617306966
2018-02-26,41.444975,-71.680877,0.5700338744044497
2018-02-27,41.444975,-71.680877,0.0
2018-02-28,41.444975,-71.680877,0.07795145854350327
2018-03-01,41.444975,-71.680877,0.1375838845726255
2018-03-02,41.444975,-71.680877,58.94444402921701
2018-03-03,41.444975,-71.680877,0.18868074317550707
2018-03-04,41.444975,-71.680877,7.757581070829686e-05
2018-03-05,41.444975,-71.680877,0.07494766380601604
2018-03-06,41.444975,-71.680877,0.03804158886275211
2018-03-07,41.444975,-71.680877,27.67172647785184
2018-03-08,41.444975,-71.680877,1.0687295944328121
2018-03-09,41.444975,-71.680877,0.0
2018-03-10,41.444975,-71.680877,0.0
2018-03-11,41.444975,-71.680877,0.0
2018-03-12,41.444975,-71.680877,2.5034802068452953
2018-03-13,41.444975,-71.680877,28.330646897861083
2018-03-14,41.444975,-71.680877,0.0032612686397253694
2018-03-15,41.444975,-71.680877,1.2147413434073135
2018-03-16,41.444975,-71.680877,0.0
2018-03-17,41.444975,-71.680877,0.0
2018-03-18,41.444975,-71.680877,0.0
2018-03-19,41.444975,-71.680877,0.07184484808297756
2018-03-20,41.444975,-71.680877,0.4066080162112737
2018-03-21,41.444975,-71.680877,2.1086697194504
2018-03-22,41.444975,-71.680877,3.104189363293712
2018-03-23,41.444975,-71.680877,0.0
2018-03-24,41.444975,-71.680877,0.0
2018-03-25,41.444975,-71.680877,0.0
2018-03-26,41.444975,-71.680877,0.0
2018-03-27,41.444975,-71.680877,0.0
2018-03-28,41.444975,-71.680877,0.6594118248672747
2018-03-29,41.444975,-71.680877,1.552977799702058
2018-03-30,41.444975,-71.680877,2.786836772892566
2018-03-31,41.444975,-71.680877,0.0713242600401359
2018-04-01,41.444975,-71.680877,3.431770633931146
2018-04-02,41.444975,-71.680877,6.939038177341128
2018-04-03,41.444975,-71.680877,14.00341905356837
2018-04-04,41.444975,-71.680877,4.1266908946359475
2018-04-05,41.444975,-71.680877,0.0
2018-04-06,41.444975,-71.680877,2.946231745589108
2018-04-07,41.444975,-71.680877,7.109275630598812
2018-04-08,41.444975,-71.680877,0.002279024922023214
2018-04-09,41.444975,-71.680877,0.0
2018-04-10,41.444975,-71.680877,0.9111433854103935
2018-04-11,41.444975,-71.680877,0.0
2018-04-12,41.444975,-71.680877,1.144439413031349
2018-04-13,41.444975,-71.680877,4.493114630768612
2018-04-14,41.444975,-71.680877,0.0
2018-04-15,41.444975,-71.680877,1.354586467695861
2018-04-16,41.444975,-71.680877,41.5751314386088
2018-04-17,41.444975,-71.680877,0.06884508239990686
2018-04-18,41.444975,-71.680877,0.06793269405906871
2018-04-19,41.444975,-71.680877,2.9274219438192333
2018-04-20,41.444975,-71.680877,0.0006946967347040472
2018-04-21,41.444975,-71.680877,0.0003473483673520236
2018-04-22,41.444975,-71.680877,0.0
2018-04-23,41.444975,-71.680877,0.0
2018-04-24,41.444975,-71.680877,0.02807131578661748
2018-04-25,41.444975,-71.680877,32.866536110051186
2018-04-26,41.444975,-71.680877,6.717584954891482
2018-04-27,41.444975,-71.680877,16.646011129491445
2018-04-28,41.444975,-71.680877,0.005904922439080423
2018-04-29,41.444975,-71.680877,0.5941839157405864
2018-04-30,41.444975,-71.680877,0.07606106013429946
2018-05-01,41.444975,-71.680877,0.0
2018-05-02,41.444975,-71.680877,0.0
2018-05-03,41.444975,-71.680877,0.038977080847878307
2018-05-04,41.444975,-71.680877,1.1588465845784575
2018-05-05,41.444975,-71.680877,0.0
2018-05-06,41.444975,-71.680877,10.237971795311854
2018-05-07,41.444975,-71.680877,0.3926229280816949
2018-05-08,41.444975,-71.680877,0.0
2018-05-09,41.444975,-71.680877,0.0
2018-05-10,41.444975,-71.680877,0.012780028264254565
2018-05-11,41.444975,-71.680877,0.7199157953882807
2018-05-12,41.444975,-71.680877,3.09223627623184
2018-05-13,41.444975,-71.680877,1.2089794922889605
2018-05-14,41.444975,-71.680877,0.058480198956763485
2018-05-15,41.444975,-71.680877,10.072928427364792
2018-05-16,41.444975,-71.680877,6.839708008800123
2018-05-17,41.444975,-71.680877,14.160088450540016
2018-05-18,41.444975,-71.680877,0.21050010201540814
2018-05-19,41.444975,-71.680877,6.252654321047598
2018-05-20,41.444975,-71.680877,2.3381471291617717
2018-05-21,41.444975,-71.680877,0.0
2018-05-22,41.444975,-71.680877,5.711881236117246
2018-05-23,41.444975,-71.680877,4.736170738689394
2018-05-24,41.444975,-71.680877,0.007911182612953795
2018-05-25,41.444975,-71.680877,0.0
2018-05-26,41.444975,-71.680877,0.009847585429621802
2018-05-27,41.444975,-71.680877,3.0162359343278804
2018-05-28,41.444975,-71.680877,0.03075723520853285
2018-05-29,41.444975,-71.680877,0.02109910558937582
2018-05-30,41.444975,-71.680877,0.0
2018-05-31,41.444975,-71.680877,0.0
2018-06-01,41.444975,-71.680877,11.269005795981434
2018-06-02,41.444975,-71.680877,1.4861542302360249
2018-06-03,41.444975,-71.680877,0.0
2018-06-04,41.444975,-71.680877,8.283872291570985
2018-06-05,41.444975,-71.680877,0.2888065128993665
2018-06-06,41.444975,-71.680877,0.15916626510079834
2018-06-07,41.444975,-71.680877,0.0
2018-06-08,41.444975,-71.680877,0.0
2018-06-09,41.444975,-71.680877,0.0
2018-06-10,41.444975,-71.680877,0.19522103410376823
2018-06-11,41.444975,-71.680877,4.5307159613643835
2018-06-12,41.444975,-71.680877,0.0
2018-06-13,41.444975,-71.680877,3.048757723440934
2018-06-14,41.444975,-71.680877,0.010597610848505738
2018-06-15,41.444975,-71.680877,0.0956898996418083
2018-06-16,41.444975,-71.680877,0.0
2018-06-17,41.444975,-71.680877,0.0
2018-06-18,41.444975,-71.680877,1.7003529920370462
2018-06-19,41.444975,-71.680877,7.213906874253263
2018-06-20,41.444975,-71.680877,0.00023272743212489084
2018-06-21,41.444975,-71.680877,6.436540097900796
2018-06-22,41.444975,-71.680877,0.0
2018-06-23,41.444975,-71.680877,5.054466886376304
2018-06-24,41.444975,-71.680877,0.0006206064856663748
2018-06-25,41.444975,-71.680877,6.042229355439201
2018-06-26,41.444975,-71.680877,0.0
2018-06-27,41.444975,-71.680877,0.22173546712667158
2018-06-28,41.444975,-71.680877,13.66736220129834
2018-06-29,41.444975,-71.680877,0.08124369044059099
2018-06-30,41.444975,-71.680877,0.0865070617099313
2018-07-01,41.444975,-71.680877,0.017178692243098682
2018-07-02,41.444975,-71.680877,0.0
2018-07-03,41.444975,-71.680877,0.00733110681347688
2018-07-04,41.444975,-71.680877,0.007524853566456689
2018-07-05,41.444975,-71.680877,0.0
2018-07-06,41.444975,-71.680877,17.69522406295518
2018-07-07,41.444975,-71.680877,0.0
2018-07-08,41.444975,-71.680877,0.0
2018-07-09,41.444975,-71.680877,0.0
2018-07-10,41.444975,-71.680877,0.0
2018-07-11,41.444975,-71.680877,5.0282810729868475
2018-07-12,41.444975,-71.680877,0.0
2018-07-13,41.444975,-71.680877,0.0
2018-07-14,41.444975,-71.680877,0.0
2018-07-15,41.444975,-71.680877,5.0892234145144535
2018-07-16,41.444975,-71.680877,0.0
2018-07-17,41.444975,-71.680877,3.2853767085209595
2018-07-18,41.444975,-71.680877,7.134024470558734
2018-07-19,41.444975,-71.680877,0.0
2018-07-20,41.444975,-71.680877,0.0
2018-07-21,41.444975,-71.680877,0.33849517271657614
2018-07-22,41.444975,-71.680877,30.448035334136666
2018-07-23,41.444975,-71.680877,0.12031703221164103
2018-07-24,41.444975,-71.680877,0.0
2018-07-25,41.444975,-71.680877,1.7081141394785693
2018-07-26,41.444975,-71.680877,5.755841288849213
2018-07-27,41.444975,-71.680877,0.0015515161563674522
2018-07-28,41.444975,-71.680877,2.650162955377018
2018-07-29,41.444975,-71.680877,1.86070678956837
2018-07-30,41.444975,-71.680877,4.298956316505464
2018-07-31,41.444975,-71.680877,0.3677408945536333
2018-08-01,41.444975,-71.680877,0.7138182135200234
2018-08-02,41.444975,-71.680877,0.005468446545407518
2018-08-03,41.444975,-71.680877,0.0024314386361628474
2018-08-04,41.444975,-71.680877,35.352166942256574
2018-08-05,41.444975,-71.680877,0.008336360816448576
2018-08-06,41.444975,-71.680877,0.0
2018-08-07,41.444975,-71.680877,0.0
2018-08-08,41.444975,-71.680877,5.860822830180842
2018-08-09,41.444975,-71.680877,4.095688512068351
2018-08-10,41.444975,-71.680877,0.027858207202116285
2018-08-11,41.444975,-71.680877,15.430405103944683
2018-08-12,41.444975,-71.680877,1.2463758771444828
2018-08-13,41.444975,-71.680877,9.482291364495065
2018-08-14,41.444975,-71.680877,0.0
2018-08-15,41.444975,-71.680877,0.2564141949163412
2018-08-16,41.444975,-71.680877,0.0
2018-08-17,41.444975,-71.680877,0.06418208817050435
2018-08-18,41.444975,-71.680877,48.24762111485167
2018-08-19,41.444975,-71.680877,2.3970933258180107
2018-08-20,41.444975,-71.680877,0.002091061298554146
2018-08-21,41.444975,-71.680877,0.0
2018-08-22,41.444975,-71.680877,3.675906058873984
2018-08-23,41.444975,-71.680877,0.34164032045416715
2018-08-24,41.444975,-71.680877,0.0
2018-08-25,41.444975,-71.680877,0.0
2018-08-26,41.444975,-71.680877,0.0
2018-08-27,41.444975,-71.680877,0.16001353957823525
2018-08-28,41.444975,-71.680877,0.005069016055748728
2018-08-29,41.444975,-71.680877,0.0
2018-08-30,41.444975,-71.680877,0.0029324428346327626
2018-08-31,41.444975,-71.680877,0.0004654548642497817
2018-09-01,41.444975,-71.680877,0.0
2018-09-02,41.444975,-71.680877,0.0
2018-09-03,41.444975,-71.680877,0.020888881833941858
2018-09-04,41.444975,-71.680877,0.014260045665379657
2018-09-05,41.444975,-71.680877,0.0
2018-09-06,41.444975,-71.680877,6.1426629820056355
2018-09-07,41.444975,-71.680877,12.214252999232247
2018-09-08,41.444975,-71.680877,15.471592830180027
2018-09-09,41.444975,-71.680877,10.37118262306228
2018-09-10,41.444975,-71.680877,43.41856569810566
2018-09-11,41.444975,-71.680877,0.004306050372569327
2018-09-12,41.444975,-71.680877,14.959754826628066
2018-09-13,41.444975,-71.680877,7.271572502906886
2018-09-14,41.444975,-71.680877,0.0
2018-09-15,41.444975,-71.680877,0.0
2018-09-16,41.444975,-71.680877,0.0
2018-09-17,41.444975,-71.680877,1.435874598250595
2018-09-18,41.444975,-71.680877,18.54209067865236
2018-09-19,41.444975,-71.680877,0.0022199714004693086
2018-09-20,41.444975,-71.680877,0.0
2018-09-21,41.444975,-71.680877,0.0
2018-09-22,41.444975,-71.680877,0.011679187208966605
2018-09-23,41.444975,-71.680877,0.3552810721919591
2018-09-24,41.444975,-71.680877,0.11020957865280344
2018-09-25,41.444975,-71.680877,37.204145678368114
2018-09-26,41.444975,-71.680877,15.043858056305389
2018-09-27,41.444975,-71.680877,3.0488880900138557
2018-09-28,41.444975,-71.680877,13.013919173673958
2018-09-29,41.444975,-71.680877,0.008723985887904465
2018-09-30,41.444975,-71.680877,0.0
2018-10-01,41.444975,-71.680877,0.04740793250179036
2018-10-02,41.444975,-71.680877,3.6509848626616868
2018-10-03,41.444975,-71.680877,38.12475460265142
2018-10-04,41.444975,-71.680877,0.4055686416133145
2018-10-05,41.444975,-71.680877,0.0
2018-10-06,41.444975,-71.680877,0.6744171487265387
2018-10-07,41.444975,-71.680877,0.008702726018277287
2018-10-08,41.444975,-71.680877,0.000521022551028036
2018-10-09,41.444975,-71.680877,0.0
2018-10-10,41.444975,-71.680877,0.0
2018-10-11,41.444975,-71.680877,6.71243120948728
2018-10-12,41.444975,-71.680877,68.33858055199089
2018-10-13,41.444975,-71.680877,3.838498973716507
2018-10-14,41.444975,-71.680877,1.21727661562911
2018-10-15,41.444975,-71.680877,0.364762546720423
2018-10-16,41.444975,-71.680877,1.9732811559887233
2018-10-17,41.444975,-71.680877,0.9844055975222906
2018-10-18,41.444975,-71.680877,0.004748749893856982
2018-10-19,41.444975,-71.680877,0.0
2018-10-20,41.444975,-71.680877,4.062582357135347
2018-10-21,41.444975,-71.680877,1.7183261502603695
2018-10-22,41.444975,-71.680877,0.0
2018-10-23,41.444975,-71.680877,0.0007757580781837261
2018-10-24,41.444975,-71.680877,0.00903105742175526
2018-10-25,41.444975,-71.680877,0.0
2018-10-26,41.444975,-71.680877,0.13534797601355536
2018-10-27,41.444975,-71.680877,19.721810265653215
2018-10-28,41.444975,-71.680877,0.12246599728406392
2018-10-29,41.444975,-71.680877,1.5903422122432094
2018-10-30,41.444975,-71.680877,0.0
2018-10-31,41.444975,-71.680877,0.05201857816974124
2018-11-01,41.444975,-71.680877,1.0279780269532597
2018-11-02,41.444975,-71.680877,17.81641198153454
2018-11-03,41.444975,-71.680877,22.727601988693912
2018-11-04,41.444975,-71.680877,0.0
2018-11-05,41.444975,-71.680877,6.129567872543938
2018-11-06,41.444975,-71.680877,18.797655435075452
2018-11-07,41.444975,-71.680877,4.79053766667225
2018-11-08,41.444975,-71.680877,0.021993320440430647
2018-11-09,41.444975,-71.680877,2.8073098548583326
2018-11-10,41.444975,-71.680877,36.13523346276506
2018-11-11,41.444975,-71.680877,0.0
2018-11-12,41.444975,-71.680877,0.0006946967347040472
2018-11-13,41.444975,-71.680877,30.418904815879113
2018-11-14,41.444975,-71.680877,0.07794414158292524
2018-11-15,41.444975,-71.680877,37.06557482328259
2018-11-16,41.444975,-71.680877,26.875756466945543
2018-11-17,41.444975,-71.680877,0.0
2018-11-18,41.444975,-71.680877,0.06675451498924853
2018-11-19,41.444975,-71.680877,0.8980427933154388
2018-11-20,41.444975,-71.680877,1.2717008503746967
2018-11-21,41.444975,-71.680877,0.0
2018-11-22,41.444975,-71.680877,0.0
2018-11-23,41.444975,-71.680877,0.0
2018-11-24,41.444975,-71.680877,0.30871065605918624
2018-11-25,41.444975,-71.680877,41.81180566945089
2018-11-26,41.444975,-71.680877,10.817749149203788
2018-11-27,41.444975,-71.680877,2.4561269701880675
2018-11-28,41.444975,-71.680877,0.016233493649915363
2018-11-29,41.444975,-71.680877,0.0
2018-11-30,41.444975,-71.680877,0.0061029954649522225
2018-12-01,41.444975,-71.680877,0.0
2018-12-02,41.444975,-71.680877,8.195791969167121
2018-12-03,41.444975,-71.680877,0.00301001864534106
2018-12-04,41.444975,-71.680877,0.0
2018-12-05,41.444975,-71.680877,0.0
2018-12-06,41.444975,-71.680877,0.0
2018-12-07,41.444975,-71.680877,0.052939119913756064
2018-12-08,41.444975,-71.680877,0.0
2018-12-09,41.444975,-71.680877,0.0
2018-12-10,41.444975,-71.680877,0.0
2018-12-11,41.444975,-71.680877,0.0
2018-12-12,41.444975,-71.680877,0.0
2018-12-13,41.444975,-71.680877,3.3105412078194787
2018-12-14,41.444975,-71.680877,0.0003288258050926055
2018-12-15,41.444975,-71.680877,4.4247501915855105
2018-12-16,41.444975,-71.680877,22.619503260284223
2018-12-17,41.444975,-71.680877,15.459354652943613
2018-12-18,41.444975,-71.680877,0.07311046146625144
2018-12-19,41.444975,-71.680877,0.0
2018-12-20,41.444975,-71.680877,0.03127917412030311
2018-12-21,41.444975,-71.680877,57.31162251276584
2018-12-22,41.444975,-71.680877,4.744777211355481
2018-12-23,41.444975,-71.680877,0.0
2018-12-24,41.444975,-71.680877,0.2972495081304202
2018-12-25,41.444975,-71.680877,0.034263284987161205
2018-12-26,41.444975,-71.680877,0.0
2018-12-27,41.444975,-71.680877,0.001718219242151359
2018-12-28,41.444975,-71.680877,33.549777862865
2018-12-29,41.444975,-71.680877,2.099504749603273
2018-12-30,41.444975,-71.680877,0.03939034171848721
2018-12-31,41.444975,-71.680877,7.1696411767793435
2019-01-01,41.444975,-71.680877,26.118655187678236
2019-01-02,41.444975,-71.680877,0.028735313486158882
2019-01-03,41.444975,-71.680877,3.74899451100689
2019-01-04,41.444975,-71.680877,0.09033392554849648
2019-01-05,41.444975,-71.680877,38.5872153597688
2019-01-06,41.444975,-71.680877,0.5180869099839208
2019-01-07,41.444975,-71.680877,0.0
2019-01-08,41.444975,-71.680877,2.0593774875516977
2019-01-09,41.444975,-71.680877,2.899052982529754
2019-01-10,41.444975,-71.680877,0.08259604208687354
2019-01-11,41.444975,-71.680877,0.0001736741836760118
2019-01-12,41.444975,-71.680877,0.0718147755981196
2019-01-13,41.444975,-71.680877,0.0
2019-01-14,41.444975,-71.680877,0.0
2019-01-15,41.444975,-71.680877,0.0
2019-01-16,41.444975,-71.680877,0.0
2019-01-17,41.444975,-71.680877,0.0018363258037477983
2019-01-18,41.444975,-71.680877,1.6023124373564768
2019-01-19,41.444975,-71.680877,0.023062917769942255
2019-01-20,41.444975,-71.680877,83.86523968946123
2019-01-21,41.444975,-71.680877,0.0
2019-01-22,41.444975,-71.680877,0.0
2019-01-23,41.444975,-71.680877,0.459588129793057
2019-01-24,41.444975,-71.680877,45.85811164049145
2019-01-25,41.444975,-71.680877,0.0
2019-01-26,41.444975,-71.680877,0.021765574841786456
2019-01-27,41.444975,-71.680877,0.0015630676207347657
2019-01-28,41.444975,-71.680877,1.587540144439886
2019-01-29,41.444975,-71.680877,2.669824833044347
2019-01-30,41.444975,-71.680877,3.050143707884538
2019-01-31,41.444975,-71.680877,0.0
2019-02-01,41.444975,-71.680877,0.0
2019-02-02,41.444975,-71.680877,0.029173655934196706
2019-02-03,41.444975,-71.680877,0.1157474360357697
2019-02-04,41.444975,-71.680877,0.13758374476290594
2019-02-05,41.444975,-71.680877,0.0
2019-02-06,41.444975,-71.680877,0.13501823010153677
2019-02-07,41.444975,-71.680877,16.044069435542205
2019-02-08,41.444975,-71.680877,14.380820639953475
2019-02-09,41.444975,-71.680877,0.0018768564107889585
2019-02-10,41.444975,-71.680877,0.0
2019-02-11,41.444975,-71.680877,2.3598973499306215
2019-02-12,41.444975,-71.680877,20.760446603374493
2019-02-13,41.444975,-71.680877,11.063328660671997
2019-02-14,41.444975,-71.680877,0.0
2019-02-15,41.444975,-71.680877,3.2556733766944497
2019-02-16,41.444975,-71.680877,5.253043264970047
2019-02-17,41.444975,-71.680877,0.11094993786568828
2019-02-18,41.444975,-71.680877,13.129397099354534
2019-02-19,41.444975,-71.680877,0.6757887052641259
2019-02-20,41.444975,-71.680877,0.4959627975535632
2019-02-21,41.444975,-71.680877,12.13289783994277
2019-02-22,41.444975,-71.680877,1.182594717311797
2019-02-23,41.444975,-71.680877,0.38383748560057196
2019-02-24,41.444975,-71.680877,20.744914459874053
2019-02-25,41.444975,-71.680877,0.0
2019-02-26,41.444975,-71.680877,0.0
2019-02-27,41.444975,-71.680877,0.4875608424691702
2019-02-28,41.444975,-71.680877,1.7126253052870866
2019-03-01,41.444975,-71.680877,0.01078457274534773
2019-03-02,41.444975,-71.680877,9.545729754019828
2019-03-03,41.444975,-71.680877,0.9318547402047277
2019-03-04,41.444975,-71.680877,48.47803142874172
2019-03-05,41.444975,-71.680877,0.0
2019-03-06,41.444975,-71.680877,0.0
2019-03-07,41.444975,-71.680877,0.0
2019-03-08,41.444975,-71.680877,0.0168286071474009
2019-03-09,41.444975,-71.680877,0.0
2019-03-10,41.444975,-71.680877,4.429039569786856
2019-03-11,41.444975,-71.680877,0.35625784447154
2019-03-12,41.444975,-71.680877,0.0
2019-03-13,41.444975,-71.680877,0.010016533336851378
2019-03-14,41.444975,-71.680877,7.757581070829686e-05
2019-03-15,41.444975,-71.680877,3.057860411366308
2019-03-16,41.444975,-71.680877,0.6378976261343687
2019-03-17,41.444975,-71.680877,0.0
2019-03-18,41.444975,-71.680877,0.0
2019-03-19,41.444975,-71.680877,0.0
2019-03-20,41.444975,-71.680877,0.0
2019-03-21,41.444975,-71.680877,1.4086068531540148
2019-03-22,41.444975,-71.680877,25.71863298818117
2019-03-23,41.444975,-71.680877,0.14062583600893247
2019-03-24,41.444975,-71.680877,0.0008683708860307206
2019-03-25,41.444975,-71.680877,1.2970949188379772
2019-03-26,41.444975,-71.680877,0.0
2019-03-27,41.444975,-71.680877,0.00301001864534106
2019-03-28,41.444975,-71.680877,0.0
2019-03-29,41.444975,-71.680877,0.9461923474892888
2019-03-30,41.444975,-71.680877,0.06290148564794372
2019-03-31,41.444975,-71.680877,4.634804367668827
2019-04-01,41.444975,-71.680877,0.0
2019-04-02,41.444975,-71.680877,0.00455730162214015
2019-04-03,41.444975,-71.680877,29.46680871505128
2019-04-04,41.444975,-71.680877,0.0
2019-04-05,41.444975,-71.680877,2.4162858611125024
2019-04-06,41.444975,-71.680877,5.246998721066394
2019-04-07,41.444975,-71.680877,0.02549435614731039
2019-04-08,41.444975,-71.680877,3.904266665013526
2019-04-09,41.444975,-71.680877,1.3515891494924528
2019-04-10,41.444975,-71.680877,0.04655500093184946
2019-04-11,41.444975,-71.680877,0.0001736741836760118
2019-04-12,41.444975,-71.680877,0.352969326456835
2019-04-13,41.444975,-71.680877,19.748253683235138
2019-04-14,41.444975,-71.680877,0.005499762570104757
2019-04-15,41.444975,-71.680877,19.22419248679072
2019-04-16,41.444975,-71.680877,0.0033067806166355625
2019-04-17,41.444975,-71.680877,0.28988702460015714
2019-04-18,41.444975,-71.680877,0.31880787241429986
2019-04-19,41.444975,-71.680877,0.24596822009779537
2019-04-20,41.444975,-71.680877,35.13959616598614
2019-04-21,41.444975,-71.680877,9.134749670542929
2019-04-22,41.444975,-71.680877,4.054343266809862
2019-04-23,41.444975,-71.680877,0.9066660221128949
2019-04-24,41.444975,-71.680877,6.137117568114879
2019-04-25,41.444975,-71.680877,0.012332163148554015
2019-04-26,41.444975,-71.680877,24.06127410561466
2019-04-27,41.444975,-71.680877,16.93176160801883
2019-04-28,41.444975,-71.680877,1.1279100160828925
2019-04-29,41.444975,-71.680877,0.023846070833233517
2019-04-30,41.444975,-71.680877,3.274641583977922
2019-05-01,41.444975,-71.680877,0.13038769567503503
2019-05-02,41.444975,-71.680877,0.3936765748692478
2019-05-03,41.444975,-71.680877,1.2016970990996718
2019-05-04,41.444975,-71.680877,5.736999956503243
2019-05-05,41.444975,-71.680877,25.768118108469345
2019-05-06,41.444975,-71.680877,13.93857232021684
2019-05-07,41.444975,-71.680877,0.0
2019-05-08,41.444975,-71.680877,0.013332275887294335
2019-05-09,41.444975,-71.680877,0.275821892520016
2019-05-10,41.444975,-71.680877,0.6234201208244152
2019-05-11,41.444975,-71.680877,0.3314040604107654
2019-05-12,41.444975,-71.680877,31.13970955390576
2019-05-13,41.444975,-71.680877,3.610712267035588
2019-05-14,41.444975,-71.680877,2.3356352115591346
2019-05-15,41.444975,-71.680877,0.02297769994720279
2019-05-16,41.444975,-71.680877,1.5392689647794833
2019-05-17,41.444975,-71.680877,2.7792972757577274
2019-05-18,41.444975,-71.680877,0.0
2019-05-19,41.444975,-71.680877,0.0
2019-05-20,41.444975,-71.680877,2.1996277959552026
2019-05-21,41.444975,-71.680877,0.0001736741836760118
2019-05-22,41.444975,-71.680877,0.0
2019-05-23,41.444975,-71.680877,1.3765457382347188
2019-05-24,41.444975,-71.680877,0.0
2019-05-25,41.444975,-71.680877,0.0
2019-05-26,41.444975,-71.680877,0.743228492721965
2019-05-27,41.444975,-71.680877,0.0029324428346327626
2019-05-28,41.444975,-71.680877,0.06450215548450536
2019-05-29,41.444975,-71.680877,5.220294334523171
2019-05-30,41.444975,-71.680877,6.0907507011206805
2019-05-31,41.444975,-71.680877,7.560808309066987
2019-06-01,41.444975,-71.680877,0.0
2019-06-02,41.444975,-71.680877,0.1526038848831666
2019-06-03,41.444975,-71.680877,3.4941183791676726
2019-06-04,41.444975,-71.680877,0.0
2019-06-05,41.444975,-71.680877,0.510308811857213
2019-06-06,41.444975,-71.680877,6.33221177005937
2019-06-07,41.444975,-71.680877,0.0
2019-06-08,41.444975,-71.680877,0.0036298768438926244
2019-06-09,41.444975,-71.680877,0.0
2019-06-10,41.444975,-71.680877,3.3487221330403143
2019-06-11,41.444975,-71.680877,16.56867775641981
2019-06-12,41.444975,-71.680877,0.0
2019-06-13,41.444975,-71.680877,17.043617377105893
2019-06-14,41.444975,-71.680877,0.0
2019-06-15,41.444975,-71.680877,0.0
2019-06-16,41.444975,-71.680877,5.305346590784519
2019-06-17,41.444975,-71.680877,1.3570623675647946
2019-06-18,41.444975,-71.680877,7.025962980429555
2019-06-19,41.444975,-71.680877,0.6981881987899439
2019-06-20,41.444975,-71.680877,1.1864810872342473
2019-06-21,41.444975,-71.680877,17.46712612983134
2019-06-22,41.444975,-71.680877,0.0
2019-06-23,41.444975,-71.680877,0.0
2019-06-24,41.444975,-71.680877,0.0
2019-06-25,41.444975,-71.680877,27.902995123666372
2019-06-26,41.444975,-71.680877,0.0
2019-06-27,41.444975,-71.680877,0.0
2019-06-28,41.444975,-71.680877,0.0
2019-06-29,41.444975,-71.680877,0.3064979189972367
2019-06-30,41.444975,-71.680877,3.1400395037100974
2019-07-01,41.444975,-71.680877,0.0001736741836760118
2019-07-02,41.444975,-71.680877,0.35705796633336273
2019-07-03,41.444975,-71.680877,0.0004654548642497817
2019-07-04,41.444975,-71.680877,0.0
2019-07-05,41.444975,-71.680877,0.0
2019-07-06,41.444975,-71.680877,0.024614857662220786
2019-07-07,41.444975,-71.680877,0.2765734573869417
2019-07-08,41.444975,-71.680877,0.517777319084679
2019-07-09,41.444975,-71.680877,0.0
2019-07-10,41.444975,-71.680877,0.0
2019-07-11,41.444975,-71.680877,0.039054906894263434
2019-07-12,41.444975,-71.680877,23.374781423486283
2019-07-13,41.444975,-71.680877,0.0
2019-07-14,41.444975,-71.680877,0.00776674189607955
2019-07-15,41.444975,-71.680877,0.0
2019-07-16,41.444975,-71.680877,0.0
2019-07-17,41.444975,-71.680877,1.7250874349935914
2019-07-18,41.444975,-71.680877,12.127380744555762
2019-07-19,41.444975,-71.680877,0.010036205951601073
2019-07-20,41.444975,-71.680877,0.000521022551028036
2019-07-21,41.444975,-71.680877,0.0
2019-07-22,41.444975,-71.680877,3.5395619399678404
2019-07-23,41.444975,-71.680877,55.318685519590915
2019-07-24,41.444975,-71.680877,13.075771559232942
2019-07-25,41.444975,-71.680877,0.0
2019-07-26,41.444975,-71.680877,0.0003473483673520236
2019-07-27,41.444975,-71.680877,0.16224800475093634
2019-07-28,41.444975,-71.680877,0.0
2019-07-29,41.444975,-71.680877,0.0
2019-07-30,41.444975,-71.680877,0.0
2019-07-31,41.444975,-71.680877,0.0
2019-08-01,41.444975,-71.680877,2.234754935173385
2019-08-02,41.444975,-71.680877,0.0
2019-08-03,41.444975,-71.680877,0.0
2019-08-04,41.444975,-71.680877,0.9985748446543485
2019-08-05,41.444975,-71.680877,0.0
2019-08-06,41.444975,-71.680877,2.340279296524554
2019-08-07,41.444975,-71.680877,0.1287554474530094
2019-08-08,41.444975,-71.680877,1.175496293342122
2019-08-09,41.444975,-71.680877,0.0
2019-08-10,41.444975,-71.680877,0.0
2019-08-11,41.444975,-71.680877,0.02038986759394765
2019-08-12,41.444975,-71.680877,0.0
2019-08-13,41.444975,-71.680877,18.990227562730546
2019-08-14,41.444975,-71.680877,1.5768358691436473
2019-08-15,41.444975,-71.680877,0.00156655316795577
2019-08-16,41.444975,-71.680877,0.13844844218836447
2019-08-17,41.444975,-71.680877,5.728568858405396
2019-08-18,41.444975,-71.680877,0.08432510862945758
2019-08-19,41.444975,-71.680877,9.872509181112125
2019-08-20,41.444975,-71.680877,0.01536220036534912
2019-08-21,41.444975,-71.680877,0.3347534728104085
2019-08-22,41.444975,-71.680877,0.1578384418261432
2019-08-23,41.444975,-71.680877,17.035433779627887
2019-08-24,41.444975,-71.680877,0.1273971846302281
2019-08-25,41.444975,-71.680877,0.0
2019-08-26,41.444975,-71.680877,0.0
2019-08-27,41.444975,-71.680877,0.40442828445877477
2019-08-28,41.444975,-71.680877,17.32674108508245
2019-08-29,41.444975,-71.680877,19.85254382562173
2019-08-30,41.444975,-71.680877,0.0
2019-08-31,41.444975,-71.680877,0.016904193941768952
2019-09-01,41.444975,-71.680877,0.09227266218783434
2019-09-02,41.444975,-71.680877,1.3056708250662916
2019-09-03,41.444975,-71.680877,0.0
2019-09-04,41.444975,-71.680877,0.0
2019-09-05,41.444975,-71.680877,0.04050872188016647
2019-09-06,41.444975,-71.680877,8.1829871889013
2019-09-07,41.444975,-71.680877,9.401505983161945
2019-09-08,41.444975,-71.680877,0.0
2019-09-09,41.444975,-71.680877,0.005448427808386041
2019-09-10,41.444975,-71.680877,0.0
2019-09-11,41.444975,-71.680877,0.01111887282644694
2019-09-12,41.444975,-71.680877,11.246772762717814
2019-09-13,41.444975,-71.680877,0.0
2019-09-14,41.444975,-71.680877,0.0
2019-09-15,41.444975,-71.680877,0.013853299397616273
2019-09-16,41.444975,-71.680877,0.0
2019-09-17,41.444975,-71.680877,0.0
2019-09-18,41.444975,-71.680877,0.0
2019-09-19,41.444975,-71.680877,0.0
2019-09-20,41.444975,-71.680877,0.0
2019-09-21,41.444975,-71.680877,0.0
2019-09-22,41.444975,-71.680877,0.0
2019-09-23,41.444975,-71.680877,0.0
2019-09-24,41.444975,-71.680877,14.144557167308612
2019-09-25,41.444975,-71.680877,0.0
2019-09-26,41.444975,-71.680877,2.319786714946376
2019-09-27,41.444975,-71.680877,0.0
2019-09-28,41.444975,-71.680877,0.0
2019-09-29,41.444975,-71.680877,0.0028703050973543226
2019-09-30,41.444975,-71.680877,0.03158507289814039
2019-10-01,41.444975,-71.680877,0.0
2019-10-02,41.444975,-71.680877,0.502830675233921
2019-10-03,41.444975,-71.680877,1.322312840441147
2019-10-04,41.444975,-71.680877,0.2850550285436386
2019-10-05,41.444975,-71.680877,0.0
2019-10-06,41.444975,-71.680877,0.0
2019-10-07,41.444975,-71.680877,0.005308313722768765
2019-10-08,41.444975,-71.680877,4.288193197704961
2019-10-09,41.444975,-71.680877,20.071049255675526
2019-10-10,41.444975,-71.680877,19.214416382664915
2019-10-11,41.444975,-71.680877,0.2805653877602383
2019-10-12,41.444975,-71.680877,0.0
2019-10-13,41.444975,-71.680877,0.0
2019-10-14,41.444975,-71.680877,0.9304501217278789
2019-10-15,41.444975,-71.680877,0.0
2019-10-16,41.444975,-71.680877,15.70601111752604
2019-10-17,41.444975,-71.680877,39.63385671701063
2019-10-18,41.444975,-71.680877,0.05877592261736507
2019-10-19,41.444975,-71.680877,0.0
2019-10-20,41.444975,-71.680877,6.13805701791195
2019-10-21,41.444975,-71.680877,4.995825015852037
2019-10-22,41.444975,-71.680877,0.009363864068174346
2019-10-23,41.444975,-71.680877,1.157337690190578
2019-10-24,41.444975,-71.680877,0.0
2019-10-25,41.444975,-71.680877,0.0
2019-10-26,41.444975,-71.680877,0.1473698110373085
2019-10-27,41.444975,-71.680877,28.30558180541442
2019-10-28,41.444975,-71.680877,0.0
2019-10-29,41.444975,-71.680877,0.0
2019-10-30,41.444975,-71.680877,0.04011173891244124
2019-10-31,41.444975,-71.680877,9.03901862865876
2019-11-01,41.444975,-71.680877,1.442602144735591
2019-11-02,41.444975,-71.680877,0.0
2019-11-03,41.444975,-71.680877,0.0
2019-11-04,41.444975,-71.680877,0.0
2019-11-05,41.444975,-71.680877,9.857277469054154
2019-11-06,41.444975,-71.680877,0.0
2019-11-07,41.444975,-71.680877,0.6900723675097176
2019-11-08,41.444975,-71.680877,4.231620825156428
2019-11-09,41.444975,-71.680877,0.0
2019-11-10,41.444975,-71.680877,0.0773042580654554
2019-11-11,41.444975,-71.680877,0.05598497950425676
2019-11-12,41.444975,-71.680877,10.012382674827974
2019-11-13,41.444975,-71.680877,0.47924914167804444
2019-11-14,41.444975,-71.680877,0.052658948988611856
2019-11-15,41.444975,-71.680877,0.00849390311968224
2019-11-16,41.444975,-71.680877,0.0
2019-11-17,41.444975,-71.680877,0.026391984965484817
2019-11-18,41.444975,-71.680877,4.672374084918944
2019-11-19,41.444975,-71.680877,1.6252208681179008
2019-11-20,41.444975,-71.680877,0.8372522604851622
2019-11-21,41.444975,-71.680877,0.0
2019-11-22,41.444975,-71.680877,7.645426866537768
2019-11-23,41.444975,-71.680877,0.0
2019-11-24,41.444975,-71.680877,37.61754641252604
2019-11-25,41.444975,-71.680877,0.008530948264901644
2019-11-26,41.444975,-71.680877,0.0746874484145005
2019-11-27,41.444975,-71.680877,9.334575583107766
2019-11-28,41.444975,-71.680877,0.5831691497104581
2019-11-29,41.444975,-71.680877,0.0
2019-11-30,41.444975,-71.680877,0.009497499787713965
2019-12-01,41.444975,-71.680877,10.00146760040072
2019-12-02,41.444975,-71.680877,5.924488123977451
2019-12-03,41.444975,-71.680877,0.9353843105636407
2019-12-04,41.444975,-71.680877,0.6445663754151896
2019-12-05,41.444975,-71.680877,0.0
2019-12-06,41.444975,-71.680877,0.14343349301613634
2019-12-07,41.444975,-71.680877,0.0
2019-12-08,41.444975,-71.680877,0.0
2019-12-09,41.444975,-71.680877,26.767747766789512
2019-12-10,41.444975,-71.680877,45.43223157265218
2019-12-11,41.444975,-71.680877,6.596889653654097
2019-12-12,41.444975,-71.680877,0.0
2019-12-13,41.444975,-71.680877,0.9585565822163116
2019-12-14,41.444975,-71.680877,63.90590878924093
2019-12-15,41.444975,-71.680877,0.004444924066859438
2019-12-16,41.444975,-71.680877,0.03879050232216565
2019-12-17,41.444975,-71.680877,13.182954258081606
2019-12-18,41.444975,-71.680877,0.144899420302782
2019-12-19,41.444975,-71.680877,0.0
2019-12-20,41.444975,-71.680877,0.0
2019-12-21,41.444975,-71.680877,0.0
2019-12-22,41.444975,-71.680877,0.0
2019-12-23,41.444975,-71.680877,0.022177407475547493
2019-12-24,41.444975,-71.680877,0.0
2019-12-25,41.444975,-71.680877,0.0
2019-12-26,41.444975,-71.680877,0.029481025545447244
2019-12-27,41.444975,-71.680877,0.7855743093953704
2019-12-28,41.444975,-71.680877,0.0
2019-12-29,41.444975,-71.680877,1.3050222994237233
2019-12-30,41.444975,-71.680877,43.60690634940205
2019-12-31,41.444975,-71.680877,0.046636410125403635
2020-01-01,41.444975,-71.680877,0.0008683708860307206
2020-01-02,41.444975,-71.680877,0.0
2020-01-03,41.444975,-71.680877,7.699419125250077
2020-01-04,41.444975,-71.680877,18.770620702802923
2020-01-05,41.444975,-71.680877,2.5023150624056303
2020-01-06,41.444975,-71.680877,0.006565056953081202
2020-01-07,41.444975,-71.680877,0.0011636371172755867
2020-01-08,41.444975,-71.680877,2.0134684374005896
2020-01-09,41.444975,-71.680877,0.0
2020-01-10,41.444975,-71.680877,0.04794240532878777
2020-01-11,41.444975,-71.680877,0.5632387771584075
2020-01-12,41.444975,-71.680877,2.931057530047365
2020-01-13,41.444975,-71.680877,0.01531121326243967
2020-01-14,41.444975,-71.680877,0.03340611919408527
2020-01-15,41.444975,-71.680877,0.09794552011130464
2020-01-16,41.444975,-71.680877,0.1625613074578181
2020-01-17,41.444975,-71.680877,0.0
2020-01-18,41.444975,-71.680877,0.18282564753301056
2020-01-19,41.444975,-71.680877,1.7914157969914892
2020-01-20,41.444975,-71.680877,0.0
2020-01-21,41.444975,-71.680877,0.0
2020-01-22,41.444975,-71.680877,0.0
2020-01-23,41.444975,-71.680877,0.0
2020-01-24,41.444975,-71.680877,0.0001736741836760118
2020-01-25,41.444975,-71.680877,20.408134573566752
2020-01-26,41.444975,-71.680877,3.3621513580040587
2020-01-27,41.444975,-71.680877,0.0006946967347040472
2020-01-28,41.444975,-71.680877,0.0
2020-01-29,41.444975,-71.680877,0.0
2020-01-30,41.444975,-71.680877,0.0
2020-01-31,41.444975,-71.680877,0.00849474393075247
2020-02-01,41.444975,-71.680877,2.0249450352102247
2020-02-02,41.444975,-71.680877,0.09739204226023059
2020-02-03,41.444975,-71.680877,0.0
2020-02-04,41.444975,-71.680877,4.574579644666252
2020-02-05,41.444975,-71.680877,4.16233960287283
2020-02-06,41.444975,-71.680877,7.275979898075196
2020-02-07,41.444975,-71.680877,22.17366326764554
2020-02-08,41.444975,-71.680877,0.0
2020-02-09,41.444975,-71.680877,0.0
2020-02-10,41.444975,-71.680877,9.964768133295104
2020-02-11,41.444975,-71.680877,18.84805293356675
2020-02-12,41.444975,-71.680877,0.25647409983970004
2020-02-13,41.444975,-71.680877,30.170024806539978
2020-02-14,41.444975,-71.680877,0.10320391157375515
2020-02-15,41.444975,-71.680877,0.0
2020-02-16,41.444975,-71.680877,0.0
2020-02-17,41.444975,-71.680877,0.0
2020-02-18,41.444975,-71.680877,2.5876302189516607
2020-02-19,41.444975,-71.680877,2.704558549246623
2020-02-20,41.444975,-71.680877,0.7641238698894601
2020-02-21,41.444975,-71.680877,0.0
2020-02-22,41.444975,-71.680877,0.0
2020-02-23,41.444975,-71.680877,0.0
2020-02-24,41.444975,-71.680877,0.0
2020-02-25,41.444975,-71.680877,2.6695814894039183
2020-02-26,41.444975,-71.680877,0.002224204713442305
2020-02-27,41.444975,-71.680877,14.180465355632277
2020-02-28,41.444975,-71.680877,0.0
2020-02-29,41.444975,-71.680877,0.0
2020-03-01,41.444975,-71.680877,0.0
2020-03-02,41.444975,-71.680877,0.00756383424560177
2020-03-03,41.444975,-71.680877,17.092190661139867
2020-03-04,41.444975,-71.680877,5.242361726549173
2020-03-05,41.444975,-71.680877,0.0
2020-03-06,41.444975,-71.680877,4.3787669995129095
2020-03-07,41.444975,-71.680877,1.383483501195099
2020-03-08,41.444975,-71.680877,0.0
2020-03-09,41.444975,-71.680877,0.0
2020-03-10,41.444975,-71.680877,0.17013999963440424
2020-03-11,41.444975,-71.680877,3.159980375711989
2020-03-12,41.444975,-71.680877,0.0
2020-03-13,41.444975,-71.680877,1.1999885829260462
2020-03-14,41.444975,-71.680877,0.0
2020-03-15,41.444975,-71.680877,2.6002515511040682
2020-03-16,41.444975,-71.680877,0.0
2020-03-17,41.444975,-71.680877,0.10286942101078339
2020-03-18,41.444975,-71.680877,1.0338134221941717
2020-03-19,41.444975,-71.680877,14.910215140709061
2020-03-20,41.444975,-71.680877,3.664165041024909
2020-03-21,41.444975,-71.680877,0.24607005724407224
2020-03-22,41.444975,-71.680877,0.0
2020-03-23,41.444975,-71.680877,47.66944126888297
2020-03-24,41.444975,-71.680877,10.187842323045455
2020-03-25,41.444975,-71.680877,0.6995084758182186
2020-03-26,41.444975,-71.680877,0.0
2020-03-27,41.444975,-71.680877,0.14690453491671301
2020-03-28,41.444975,-71.680877,5.490070922731422
2020-03-29,41.444975,-71.680877,15.924959120453789
2020-03-30,41.444975,-71.680877,0.8812274664387348
2020-03-31,41.444975,-71.680877,0.08175935242702034
2020-04-01,41.444975,-71.680877,0.014748749670339564
2020-04-02,41.444975,-71.680877,2.113953916896069
2020-04-03,41.444975,-71.680877,15.293336733523397
2020-04-04,41.444975,-71.680877,0.08270779778385387
2020-04-05,41.444975,-71.680877,0.04583321764880413
2020-04-06,41.444975,-71.680877,0.003282528476540601
2020-04-07,41.444975,-71.680877,0.03344998087673992
2020-04-08,41.444975,-71.680877,3.1539479273828146
2020-04-09,41.444975,-71.680877,11.594173459887466
2020-04-10,41.444975,-71.680877,0.056601955675118866
2020-04-11,41.444975,-71.680877,0.0
2020-04-12,41.444975,-71.680877,0.009668436696834164
2020-04-13,41.444975,-71.680877,33.64843219211187
2020-04-14,41.444975,-71.680877,0.47189789830095064
2020-04-15,41.444975,-71.680877,14.704779792797176
2020-04-16,41.444975,-71.680877,0.0
2020-04-17,41.444975,-71.680877,0.0
2020-04-18,41.444975,-71.680877,9.232048139115074
2020-04-19,41.444975,-71.680877,0.24211428728909862
2020-04-20,41.444975,-71.680877,2.8671274631877117
2020-04-21,41.444975,-71.680877,6.567007259743969
2020-04-22,41.444975,-71.680877,0.0
2020-04-23,41.444975,-71.680877,0.1677112952517823
2020-04-24,41.444975,-71.680877,38.17789104915918
2020-04-25,41.444975,-71.680877,0.7813267601279079
2020-04-26,41.444975,-71.680877,11.885856535542557
2020-04-27,41.444975,-71.680877,0.6147259254749766
2020-04-28,41.444975,-71.680877,0.8265995676123404
2020-04-29,41.444975,-71.680877,0.021684167857128657
2020-04-30,41.444975,-71.680877,9.560559594562003
2020-05-01,41.444975,-71.680877,12.611368176242621
2020-05-02,41.444975,-71.680877,0.2042111965105192
2020-05-03,41.444975,-71.680877,3.4429478662869144
2020-05-04,41.444975,-71.680877,3.3422298175237892
2020-05-05,41.444975,-71.680877,0.0
2020-05-06,41.444975,-71.680877,9.03494198914322
2020-05-07,41.444975,-71.680877,1.7564064244591064
2020-05-08,41.444975,-71.680877,4.477327884548369
2020-05-09,41.444975,-71.680877,6.571894797384373
2020-05-10,41.444975,-71.680877,0.09924190660228804
2020-05-11,41.444975,-71.680877,2.12913304372365
2020-05-12,41.444975,-71.680877,0.0
2020-05-13,41.444975,-71.680877,0.0
2020-05-14,41.444975,-71.680877,0.0
2020-05-15,41.444975,-71.680877,4.840569410072877
2020-05-16,41.444975,-71.680877,5.874099781498578
2020-05-17,41.444975,-71.680877,0.2663809442986758
2020-05-18,41.444975,-71.680877,2.2779564862948605
2020-05-19,41.444975,-71.680877,0.0
2020-05-20,41.444975,-71.680877,7.757581070829686e-05
2020-05-21,41.444975,-71.680877,0.0
2020-05-22,41.444975,-71.680877,0.02840895601500129
2020-05-23,41.444975,-71.680877,25.86976935320115
2020-05-24,41.444975,-71.680877,0.004134621025022481
2020-05-25,41.444975,-71.680877,0.002804280592067515
2020-05-26,41.444975,-71.680877,0.0
2020-05-27,41.444975,-71.680877,0.0
2020-05-28,41.444975,-71.680877,0.05811259556349928
2020-05-29,41.444975,-71.680877,0.9726899246729217
2020-05-30,41.444975,-71.680877,1.6088632564846495
2020-05-31,41.444975,-71.680877,0.0
2020-06-01,41.444975,-71.680877,0.0034562026602166125
2020-06-02,41.444975,-71.680877,0.49043375135085354
2020-06-03,41.444975,-71.680877,1.1820379311850555
2020-06-04,41.444975,-71.680877,5.492687315841788
2020-06-05,41.444975,-71.680877,18.225855077501226
2020-06-06,41.444975,-71.680877,28.878431131491144
2020-06-07,41.444975,-71.680877,0.043986640880861294
2020-06-08,41.444975,-71.680877,0.0
2020-06-09,41.444975,-71.680877,0.06565056708513767
2020-06-10,41.444975,-71.680877,0.0
2020-06-11,41.444975,-71.680877,15.071388739739016
2020-06-12,41.444975,-71.680877,0.5448430376087943
2020-06-13,41.444975,-71.680877,0.0
2020-06-14,41.444975,-71.680877,0.006128489811785364
2020-06-15,41.444975,-71.680877,0.2658901778340649
2020-06-16,41.444975,-71.680877,0.0
2020-06-17,41.444975,-71.680877,0.0
2020-06-18,41.444975,-71.680877,0.0
2020-06-19,41.444975,-71.680877,0.06288906360529944
2020-06-20,41.444975,-71.680877,0.0
2020-06-21,41.444975,-71.680877,0.002715153389240006
2020-06-22,41.444975,-71.680877,0.02297769994720279
2020-06-23,41.444975,-71.680877,0.0003473483673520236
2020-06-24,41.444975,-71.680877,0.03444950481618156
2020-06-25,41.444975,-71.680877,0.0
2020-06-26,41.444975,-71.680877,0.49940592651938404
2020-06-27,41.444975,-71.680877,10.231186136339007
2020-06-28,41.444975,-71.680877,0.8188236788072195
2020-06-29,41.444975,-71.680877,6.448138247502202
2020-06-30,41.444975,-71.680877,3.718563452194206
2020-07-01,41.444975,-71.680877,0.7560513257725064
2020-07-02,41.444975,-71.680877,7.742466922071395
2020-07-03,41.444975,-71.680877,5.910824594790595
2020-07-04,41.444975,-71.680877,0.004654548931490234
2020-07-05,41.444975,-71.680877,0.0
2020-07-06,41.444975,-71.680877,0.0
2020-07-07,41.444975,-71.680877,0.01021102746623195
2020-07-08,41.444975,-71.680877,0.006252764708357389
2020-07-09,41.444975,-71.680877,0.00860155299691602
2020-07-10,41.444975,-71.680877,3.1896425339445145
2020-07-11,41.444975,-71.680877,0.0
2020-07-12,41.444975,-71.680877,0.006175188912098714
2020-07-13,41.444975,-71.680877,0.3718853234357203
2020-07-14,41.444975,-71.680877,9.638440341167364
2020-07-15,41.444975,-71.680877,0.0
2020-07-16,41.444975,-71.680877,0.004576972730642165
2020-07-17,41.444975,-71.680877,1.6888242025221338
2020-07-18,41.444975,-71.680877,0.0
2020-07-19,41.444975,-71.680877,0.0
2020-07-20,41.444975,-71.680877,6.320203409581391
2020-07-21,41.444975,-71.680877,0.0
2020-07-22,41.444975,-71.680877,2.816115630403852
2020-07-23,41.444975,-71.680877,6.239972478636123
2020-07-24,41.444975,-71.680877,6.388410777206888
2020-07-25,41.444975,-71.680877,0.07821227162157604
2020-07-26,41.444975,-71.680877,0.0
2020-07-27,41.444975,-71.680877,0.021947776999361172
2020-07-28,41.444975,-71.680877,0.0
2020-07-29,41.444975,-71.680877,0.0
2020-07-30,41.444975,-71.680877,2.2109332940034236
2020-07-31,41.444975,-71.680877,24.706825832290576
2020-08-01,41.444975,-71.680877,0.0
2020-08-02,41.444975,-71.680877,0.5830219488173628
2020-08-03,41.444975,-71.680877,0.0001736741836760118
2020-08-04,41.444975,-71.680877,1.2500816731800455
2020-08-05,41.444975,-71.680877,7.757581070829686e-05
2020-08-06,41.444975,-71.680877,1.7867284907288954
2020-08-07,41.444975,-71.680877,2.1739454579383115
2020-08-08,41.444975,-71.680877,0.012045854315142147
2020-08-09,41.444975,-71.680877,0.0
2020-08-10,41.444975,-71.680877,0.04016609979667093
2020-08-11,41.444975,-71.680877,0.0
2020-08-12,41.444975,-71.680877,0.31184020832845
2020-08-13,41.444975,-71.680877,6.7377141936720735
2020-08-14,41.444975,-71.680877,1.4399187884581155
2020-08-15,41.444975,-71.680877,0.0005800757994769145
2020-08-16,41.444975,-71.680877,16.005810020656615
2020-08-17,41.444975,-71.680877,1.1509192706432128
2020-08-18,41.444975,-71.680877,10.653254415595063
2020-08-19,41.444975,-71.680877,8.096197426250844
2020-08-20,41.444975,-71.680877,0.0
2020-08-21,41.444975,-71.680877,0.0
2020-08-22,41.444975,-71.680877,0.08457697219798432
2020-08-23,41.444975,-71.680877,0.05966929539097976
2020-08-24,41.444975,-71.680877,2.594305157605551
2020-08-25,41.444975,-71.680877,0.151355609638427
2020-08-26,41.444975,-71.680877,0.0
2020-08-27,41.444975,-71.680877,20.517364090061484
2020-08-28,41.444975,-71.680877,0.8911409493849152
2020-08-29,41.444975,-71.680877,8.254117683491902
2020-08-30,41.444975,-71.680877,0.0
2020-08-31,41.444975,-71.680877,0.6723550247283189
2020-09-01,41.444975,-71.680877,0.05418993242900555
2020-09-02,41.444975,-71.680877,1.2997099689876797
2020-09-03,41.444975,-71.680877,0.3627982017464299
2020-09-04,41.444975,-71.680877,0.5560924542150704
2020-09-05,41.444975,-71.680877,0.0
2020-09-06,41.444975,-71.680877,0.0
2020-09-07,41.444975,-71.680877,0.0
2020-09-08,41.444975,-71.680877,0.0
2020-09-09,41.444975,-71.680877,5.391706729430512
2020-09-10,41.444975,-71.680877,24.03006296008161
2020-09-11,41.444975,-71.680877,1.795313860771914
2020-09-12,41.444975,-71.680877,0.0
2020-09-13,41.444975,-71.680877,0.0
2020-09-14,41.444975,-71.680877,0.17401848691009275
2020-09-15,41.444975,-71.680877,0.0
2020-09-16,41.444975,-71.680877,0.0
2020-09-17,41.444975,-71.680877,7.757581070829686e-05
2020-09-18,41.444975,-71.680877,23.391372378671985
2020-09-19,41.444975,-71.680877,0.0
2020-09-20,41.444975,-71.680877,0.0022982950918773266
2020-09-21,41.444975,-71.680877,0.0
2020-09-22,41.444975,-71.680877,1.0754025656982473
2020-09-23,41.444975,-71.680877,0.0
2020-09-24,41.444975,-71.680877,0.19693352153662888
2020-09-25,41.444975,-71.680877,0.1219745798515418
2020-09-26,41.444975,-71.680877,0.0006981822819250492
2020-09-27,41.444975,-71.680877,0.0
2020-09-28,41.444975,-71.680877,0.05506402823552044
2020-09-29,41.444975,-71.680877,0.13444981685725277
2020-09-30,41.444975,-71.680877,14.054652036217895
2020-10-01,41.444975,-71.680877,0.0
2020-10-02,41.444975,-71.680877,0.6424252655780629
2020-10-03,41.444975,-71.680877,0.0
2020-10-04,41.444975,-71.680877,0.005021514340465173
2020-10-05,41.444975,-71.680877,16.356290556925973
2020-10-06,41.444975,-71.680877,0.0
2020-10-07,41.444975,-71.680877,3.7351079882856015
2020-10-08,41.444975,-71.680877,0.0
2020-10-09,41.444975,-71.680877,0.0
2020-10-10,41.444975,-71.680877,0.0
2020-10-11,41.444975,-71.680877,0.0
2020-10-12,41.444975,-71.680877,27.166984615669104
2020-10-13,41.444975,-71.680877,7.23931223823655
2020-10-14,41.444975,-71.680877,0.003282528476540601
2020-10-15,41.444975,-71.680877,0.008774974630929213
2020-10-16,41.444975,-71.680877,0.25787968715264914
2020-10-17,41.444975,-71.680877,48.734695196082136
2020-10-18,41.444975,-71.680877,0.0
2020-10-19,41.444975,-71.680877,0.004766779061104653
2020-10-20,41.444975,-71.680877,6.599571533876572
2020-10-21,41.444975,-71.680877,0.0
2020-10-22,41.444975,-71.680877,0.001873370863567953
2020-10-23,41.444975,-71.680877,0.000521022551028036
2020-10-24,41.444975,-71.680877,0.0
2020-10-25,41.444975,-71.680877,0.06861345397574897
2020-10-26,41.444975,-71.680877,0.20753267871325953
2020-10-27,41.444975,-71.680877,0.28683035152143094
2020-10-28,41.444975,-71.680877,1.328642354222382
2020-10-29,41.444975,-71.680877,36.37978880195264
2020-10-30,41.444975,-71.680877,16.107380606856317
2020-10-31,41.444975,-71.680877,0.0
2020-11-01,41.444975,-71.680877,7.407089133606517
2020-11-02,41.444975,-71.680877,4.05565687876795
2020-11-03,41.444975,-71.680877,0.7640862270569349
2020-11-04,41.444975,-71.680877,0.004398664251949144
2020-11-05,41.444975,-71.680877,0.0
2020-11-06,41.444975,-71.680877,0.1722545435094973
2020-11-07,41.444975,-71.680877,0.0
2020-11-08,41.444975,-71.680877,0.06858300991977043
2020-11-09,41.444975,-71.680877,0.0
2020-11-10,41.444975,-71.680877,0.0
2020-11-11,41.444975,-71.680877,3.957450327896781
2020-11-12,41.444975,-71.680877,59.00670590540728
2020-11-13,41.444975,-71.680877,4.115129442748059
2020-11-14,41.444975,-71.680877,0.0
2020-11-15,41.444975,-71.680877,0.0001736741836760118
2020-11-16,41.444975,-71.680877,3.2168367215187463
2020-11-17,41.444975,-71.680877,0.007718985852568742
2020-11-18,41.444975,-71.680877,0.006738731136757213
2020-11-19,41.444975,-71.680877,0.0
2020-11-20,41.444975,-71.680877,0.03199685793400896
2020-11-21,41.444975,-71.680877,0.06891941102366482
2020-11-22,41.444975,-71.680877,0.918415014480948
2020-11-23,41.444975,-71.680877,53.05088189109782
2020-11-24,41.444975,-71.680877,0.0
2020-11-25,41.444975,-71.680877,0.5359063706651859
2020-11-26,41.444975,-71.680877,10.922242623513737
2020-11-27,41.444975,-71.680877,0.0
2020-11-28,41.444975,-71.680877,0.0001551516214165937
2020-11-29,41.444975,-71.680877,0.0
2020-11-30,41.444975,-71.680877,28.903888314895152
2020-12-01,41.444975,-71.680877,7.452282095745677
2020-12-02,41.444975,-71.680877,0.0056549141770717275
2020-12-03,41.444975,-71.680877,0.0
2020-12-04,41.444975,-71.680877,6.260677900642859
2020-12-05,41.444975,-71.680877,83.24735017460567
2020-12-06,41.444975,-71.680877,0.0
2020-12-07,41.444975,-71.680877,0.0
2020-12-08,41.444975,-71.680877,0.048225632939953446
2020-12-09,41.444975,-71.680877,0.223739677002101
2020-12-10,41.444975,-71.680877,0.0
2020-12-11,41.444975,-71.680877,0.0
2020-12-12,41.444975,-71.680877,10.697400773462327
2020-12-13,41.444975,-71.680877,0.20234541066478248
2020-12-14,41.444975,-71.680877,14.629638924439423
2020-12-15,41.444975,-71.680877,0.0
2020-12-16,41.444975,-71.680877,0.2801679537336621
2020-12-17,41.444975,-71.680877,6.88349307302487
2020-12-18,41.444975,-71.680877,0.0
2020-12-19,41.444975,-71.680877,0.0
2020-12-20,41.444975,-71.680877,0.0529146658916578
2020-12-21,41.444975,-71.680877,0.04583595736314705
2020-12-22,41.444975,-71.680877,0.00733110681347688
2020-12-23,41.444975,-71.680877,0.0017842436029419642
2020-12-24,41.444975,-71.680877,0.20811377969419748
2020-12-25,41.444975,-71.680877,84.59533608526122
2020-12-26,41.444975,-71.680877,0.18157025944299887
2020-12-27,41.444975,-71.680877,0.0
2020-12-28,41.444975,-71.680877,0.019374666856060884
2020-12-29,41.444975,-71.680877,0.0
2020-12-30,41.444975,-71.680877,0.019695170859243605
2020-12-31,41.444975,-71.680877,9.715317491006376
2021-01-01,41.444975,-71.680877,0.43805128772981705
2021-01-02,41.444975,-71.680877,13.318788441046056
2021-01-03,41.444975,-71.680877,0.3208482790181074
2021-01-04,41.444975,-71.680877,0.11760361281453188
2021-01-05,41.444975,-71.680877,0.0
2021-01-06,41.444975,-71.680877,0.0
2021-01-07,41.444975,-71.680877,0.0
2021-01-08,41.444975,-71.680877,0.0
2021-01-09,41.444975,-71.680877,0.18639910720933914
2021-01-10,41.444975,-71.680877,0.0
2021-01-11,41.444975,-71.680877,2.3882917848631977
2021-01-12,41.444975,-71.680877,0.0
2021-01-13,41.444975,-71.680877,0.0
2021-01-14,41.444975,-71.680877,0.006067045384834489
2021-01-15,41.444975,-71.680877,0.0
2021-01-16,41.444975,-71.680877,71.67260021847376
2021-01-17,41.444975,-71.680877,0.0
2021-01-18,41.444975,-71.680877,0.0
2021-01-19,41.444975,-71.680877,0.0
2021-01-20,41.444975,-71.680877,0.0
2021-01-21,41.444975,-71.680877,0.0
2021-01-22,41.444975,-71.680877,0.0
2021-01-23,41.444975,-71.680877,0.0
2021-01-24,41.444975,-71.680877,0.0
2021-01-25,41.444975,-71.680877,0.009650662436139174
2021-01-26,41.444975,-71.680877,0.010368607980649838
2021-01-27,41.444975,-71.680877,0.0
2021-01-28,41.444975,-71.680877,0.0
2021-01-29,41.444975,-71.680877,0.0
2021-01-30,41.444975,-71.680877,0.0
2021-01-31,41.444975,-71.680877,0.04595539989440558
2021-02-01,41.444975,-71.680877,18.996818484167086
2021-02-02,41.444975,-71.680877,0.5831669012673919
2021-02-03,41.444975,-71.680877,0.000698182339723535
2021-02-04,41.444975,-71.680877,0.0
2021-02-05,41.444975,-71.680877,2.266467591680122
2021-02-06,41.444975,-71.680877,0.0
2021-02-07,41.444975,-71.680877,18.141393102869404
2021-02-08,41.444975,-71.680877,0.0
2021-02-09,41.444975,-71.680877,1.4556106836146836
2021-02-10,41.444975,-71.680877,0.0
2021-02-11,41.444975,-71.680877,0.08686651404436453
2021-02-12,41.444975,-71.680877,0.0
2021-02-13,41.444975,-71.680877,1.193485169449294
2021-02-14,41.444975,-71.680877,4.250495333548217
2021-02-15,41.444975,-71.680877,1.5535394845257957
2021-02-16,41.444975,-71.680877,14.439634757750328
2021-02-17,41.444975,-71.680877,0.0
2021-02-18,41.444975,-71.680877,20.651586080803607
2021-02-19,41.444975,-71.680877,10.105090951752949
2021-02-20,41.444975,-71.680877,0.5628287837216535
2021-02-21,41.444975,-71.680877,0.0
2021-02-22,41.444975,-71.680877,25.873705148813926
2021-02-23,41.444975,-71.680877,0.5940432940787761
2021-02-24,41.444975,-71.680877,0.0036726516074955967
2021-02-25,41.444975,-71.680877,0.12968534011019558
2021-02-26,41.444975,-71.680877,0.0
2021-02-27,41.444975,-71.680877,1.3004735350129748
2021-02-28,41.444975,-71.680877,1.8039453727628143
2021-03-01,41.444975,-71.680877,37.37104238128171
2021-03-02,41.444975,-71.680877,0.0052512498826256
2021-03-03,41.444975,-71.680877,0.0
2021-03-04,41.444975,-71.680877,1.3011299544796369
2021-03-05,41.444975,-71.680877,0.0
2021-03-06,41.444975,-71.680877,0.0
2021-03-07,41.444975,-71.680877,0.0
2021-03-08,41.444975,-71.680877,0.0
2021-03-09,41.444975,-71.680877,0.023555037860705307
2021-03-10,41.444975,-71.680877,0.0
2021-03-11,41.444975,-71.680877,0.012355359672127749
2021-03-12,41.444975,-71.680877,0.6033475890177796
2021-03-13,41.444975,-71.680877,0.0
2021-03-14,41.444975,-71.680877,0.0
2021-03-15,41.444975,-71.680877,0.0
2021-03-16,41.444975,-71.680877,0.0
2021-03-17,41.444975,-71.680877,0.0010049999775372347
2021-03-18,41.444975,-71.680877,14.801546467193685
2021-03-19,41.444975,-71.680877,4.029883834292571
2021-03-20,41.444975,-71.680877,0.0
2021-03-21,41.444975,-71.680877,0.0
2021-03-22,41.444975,-71.680877,0.0
2021-03-23,41.444975,-71.680877,0.0
2021-03-24,41.444975,-71.680877,1.0370902564380997
2021-03-25,41.444975,-71.680877,7.7596182321234775
2021-03-26,41.444975,-71.680877,2.695256881171021
2021-03-27,41.444975,-71.680877,0.0
2021-03-28,41.444975,-71.680877,17.93866790166159
2021-03-29,41.444975,-71.680877,10.903975408830364
2021-03-30,41.444975,-71.680877,0.0
2021-03-31,41.444975,-71.680877,0.12902748690868182
2021-04-01,41.444975,-71.680877,13.665866272137494
2021-04-02,41.444975,-71.680877,0.0
2021-04-03,41.444975,-71.680877,0.0
2021-04-04,41.444975,-71.680877,0.0
2021-04-05,41.444975,-71.680877,0.0
2021-04-06,41.444975,-71.680877,0.0006206064856663748
2021-04-07,41.444975,-71.680877,0.05093410778602327
2021-04-08,41.444975,-71.680877,0.0
2021-04-09,41.444975,-71.680877,0.0
2021-04-10,41.444975,-71.680877,7.757581070829686e-05
2021-04-11,41.444975,-71.680877,5.4509086498732655
2021-04-12,41.444975,-71.680877,0.19828715572365535
2021-04-13,41.444975,-71.680877,0.08568522593084499
2021-04-14,41.444975,-71.680877,0.0873052265476888
2021-04-15,41.444975,-71.680877,16.54240137672972
2021-04-16,41.444975,-71.680877,22.535784074203622
2021-04-17,41.444975,-71.680877,0.10192748489873871
2021-04-18,41.444975,-71.680877,0.010697433785742444
2021-04-19,41.444975,-71.680877,0.0003473483673520236
2021-04-20,41.444975,-71.680877,0.01588614528256334
2021-04-21,41.444975,-71.680877,3.578715226146576
2021-04-22,41.444975,-71.680877,0.0004654548642497817
2021-04-23,41.444975,-71.680877,0.0
2021-04-24,41.444975,-71.680877,0.0
2021-04-25,41.444975,-71.680877,42.62395198709585
2021-04-26,41.444975,-71.680877,0.0
2021-04-27,41.444975,-71.680877,1.445936793486572
2021-04-28,41.444975,-71.680877,0.3769897923611759
2021-04-29,41.444975,-71.680877,8.038712687608411
2021-04-30,41.444975,-71.680877,5.79878777193649
2021-05-01,41.444975,-71.680877,0.7236731865683275
2021-05-02,41.444975,-71.680877,0.8233902894811104
2021-05-03,41.444975,-71.680877,3.8935856254705588
2021-05-04,41.444975,-71.680877,27.544062060331377
2021-05-05,41.444975,-71.680877,9.937941618249456
2021-05-06,41.444975,-71.680877,0.0
2021-05-07,41.444975,-71.680877,0.0
2021-05-08,41.444975,-71.680877,2.885446916815537
2021-05-09,41.444975,-71.680877,2.1458339668556405
2021-05-10,41.444975,-71.680877,11.039567679141305
2021-05-11,41.444975,-71.680877,0.04050100260647056
2021-05-12,41.444975,-71.680877,0.0
2021-05-13,41.444975,-71.680877,0.0
2021-05-14,41.444975,-71.680877,0.0
2021-05-15,41.444975,-71.680877,0.0
2021-05-16,41.444975,-71.680877,0.0
2021-05-17,41.444975,-71.680877,0.03334442753844813
2021-05-18,41.444975,-71.680877,1.2358755984644056
2021-05-19,41.444975,-71.680877,0.0
2021-05-20,41.444975,-71.680877,0.0
2021-05-21,41.444975,-71.680877,0.013596479076222166
2021-05-22,41.444975,-71.680877,0.20526651709228
2021-05-23,41.444975,-71.680877,0.034764678853625115
2021-05-24,41.444975,-71.680877,0.0
2021-05-25,41.444975,-71.680877,0.0
2021-05-26,41.444975,-71.680877,0.3596571073319841
2021-05-27,41.444975,-71.680877,3.41262394360182
2021-05-28,41.444975,-71.680877,1.037153012067496
2021-05-29,41.444975,-71.680877,57.22120732635145
2021-05-30,41.444975,-71.680877,15.50971887078523
2021-05-31,41.444975,-71.680877,3.2964471309718886
2021-06-01,41.444975,-71.680877,0.02291243201637471
2021-06-02,41.444975,-71.680877,0.14107257252146174
2021-06-03,41.444975,-71.680877,6.930152371617512
2021-06-04,41.444975,-71.680877,27.46502907860671
2021-06-05,41.444975,-71.680877,0.0
2021-06-06,41.444975,-71.680877,0.463891937824673
2021-06-07,41.444975,-71.680877,0.0
2021-06-08,41.444975,-71.680877,0.12138740404276727
2021-06-09,41.444975,-71.680877,1.284137297084884
2021-06-10,41.444975,-71.680877,0.009998010803491199
2021-06-11,41.444975,-71.680877,0.0
2021-06-12,41.444975,-71.680877,0.297171951487039
2021-06-13,41.444975,-71.680877,0.0
2021-06-14,41.444975,-71.680877,8.081837436894176
2021-06-15,41.444975,-71.680877,0.4180029732218235
2021-06-16,41.444975,-71.680877,0.0
2021-06-17,41.444975,-71.680877,0.0
2021-06-18,41.444975,-71.680877,0.0010049999775372347
2021-06-19,41.444975,-71.680877,0.4606100321048685
2021-06-20,41.444975,-71.680877,4.812368057310255
2021-06-21,41.444975,-71.680877,0.0001551516214165937
2021-06-22,41.444975,-71.680877,7.365845492163525
2021-06-23,41.444975,-71.680877,1.508175275644683
2021-06-24,41.444975,-71.680877,0.0
2021-06-25,41.444975,-71.680877,0.16358387209364347
2021-06-26,41.444975,-71.680877,0.001160151598953829
2021-06-27,41.444975,-71.680877,0.0010049999775372347
2021-06-28,41.444975,-71.680877,0.0
2021-06-29,41.444975,-71.680877,0.0
2021-06-30,41.444975,-71.680877,0.0
2021-07-01,41.444975,-71.680877,22.97695572153155
2021-07-02,41.444975,-71.680877,36.00296784844603
2021-07-03,41.444975,-71.680877,43.12991791964845
2021-07-04,41.444975,-71.680877,3.2547604556605885
2021-07-05,41.444975,-71.680877,0.0
2021-07-06,41.444975,-71.680877,23.7298274396059
2021-07-07,41.444975,-71.680877,4.98401459606713
2021-07-08,41.444975,-71.680877,1.6442040586657132
2021-07-09,41.444975,-71.680877,49.79653406463815
2021-07-10,41.444975,-71.680877,0.2254071226352375
2021-07-11,41.444975,-71.680877,0.19365778228791664
2021-07-12,41.444975,-71.680877,0.08363943841766573
2021-07-13,41.444975,-71.680877,0.5694943263466345
2021-07-14,41.444975,-71.680877,0.07807529141329199
2021-07-15,41.444975,-71.680877,0.007915416296079836
2021-07-16,41.444975,-71.680877,0.0006761741724446297
2021-07-17,41.444975,-71.680877,0.421658813901334
2021-07-18,41.444975,-71.680877,0.3161058401189185
2021-07-19,41.444975,-71.680877,0.009273239247879206
2021-07-20,41.444975,-71.680877,0.0361078138533652
2021-07-21,41.444975,-71.680877,0.4309764533550109
2021-07-22,41.444975,-71.680877,0.8338611312569898
2021-07-23,41.444975,-71.680877,2.3895512583959633
2021-07-24,41.444975,-71.680877,0.0
2021-07-25,41.444975,-71.680877,8.321755281078651
2021-07-26,41.444975,-71.680877,0.06986015799497974
2021-07-27,41.444975,-71.680877,0.0
2021-07-28,41.444975,-71.680877,6.402333767934299
2021-07-29,41.444975,-71.680877,6.419327656467523
2021-07-30,41.444975,-71.680877,0.8773972804820299
2021-07-31,41.444975,-71.680877,0.0
2021-08-01,41.444975,-71.680877,0.09934422151373722
2021-08-02,41.444975,-71.680877,0.8944587961552708
2021-08-03,41.444975,-71.680877,8.53208995964136
2021-08-04,41.444975,-71.680877,45.63479094886376
2021-08-05,41.444975,-71.680877,31.296086063706948
2021-08-06,41.444975,-71.680877,0.18268864466374984
2021-08-07,41.444975,-71.680877,0.3686924868022082
2021-08-08,41.444975,-71.680877,14.754101303455103
2021-08-09,41.444975,-71.680877,4.763242198323332
2021-08-10,41.444975,-71.680877,0.0
2021-08-11,41.444975,-71.680877,0.23918021366058412
2021-08-12,41.444975,-71.680877,0.14868500544654273
2021-08-13,41.444975,-71.680877,0.023210427379327686
2021-08-14,41.444975,-71.680877,1.0921382809249165
2021-08-15,41.444975,-71.680877,0.001042045102056072
2021-08-16,41.444975,-71.680877,0.0
2021-08-17,41.444975,-71.680877,0.3854240162040105
2021-08-18,41.444975,-71.680877,0.5558193304915525
2021-08-19,41.444975,-71.680877,4.4271488241045835
2021-08-20,41.444975,-71.680877,0.8095196174204053
2021-08-21,41.444975,-71.680877,0.7085372252509036
2021-08-22,41.444975,-71.680877,29.113722096229036
2021-08-23,41.444975,-71.680877,1.1937573016684357
2021-08-24,41.444975,-71.680877,0.11930092282959305
2021-08-25,41.444975,-71.680877,0.0
2021-08-26,41.444975,-71.680877,0.0
2021-08-27,41.444975,-71.680877,0.42042716908621425
2021-08-28,41.444975,-71.680877,0.8939987128752795
2021-08-29,41.444975,-71.680877,0.7783450910605072
2021-08-30,41.444975,-71.680877,0.001008485524758238
2021-08-31,41.444975,-71.680877,0.1810007493250685
2021-09-01,41.444975,-71.680877,15.431617371223975
2021-09-02,41.444975,-71.680877,65.30887534363853
2021-09-03,41.444975,-71.680877,0.0
2021-09-04,41.444975,-71.680877,0.0
2021-09-05,41.444975,-71.680877,0.8839571413069962
2021-09-06,41.444975,-71.680877,1.363210111924285
2021-09-07,41.444975,-71.680877,0.0
2021-09-08,41.444975,-71.680877,0.0
2021-09-09,41.444975,-71.680877,28.466529120508085
2021-09-10,41.444975,-71.680877,4.82371575088951
2021-09-11,41.444975,-71.680877,0.0
2021-09-12,41.444975,-71.680877,0.005096098261209006
2021-09-13,41.444975,-71.680877,0.0015437972280246785
2021-09-14,41.444975,-71.680877,0.0054469319026770055
2021-09-15,41.444975,-71.680877,0.0
2021-09-16,41.444975,-71.680877,10.591308922001687
2021-09-17,41.444975,-71.680877,0.07237512389832922
2021-09-18,41.444975,-71.680877,0.0014662214173163813
2021-09-19,41.444975,-71.680877,0.0
2021-09-20,41.444975,-71.680877,0.0
2021-09-21,41.444975,-71.680877,0.0
2021-09-22,41.444975,-71.680877,0.00025124999438430867
2021-09-23,41.444975,-71.680877,0.0
2021-09-24,41.444975,-71.680877,15.844996300204327
2021-09-25,41.444975,-71.680877,0.0
2021-09-26,41.444975,-71.680877,7.919728245569545
2021-09-27,41.444975,-71.680877,0.0
2021-09-28,41.444975,-71.680877,16.924738711839847
2021-09-29,41.444975,-71.680877,0.24830355977419044
2021-09-30,41.444975,-71.680877,0.012535911771644809
2021-10-01,41.444975,-71.680877,0.0
2021-10-02,41.444975,-71.680877,0.0
2021-10-03,41.444975,-71.680877,0.5426109259441991
2021-10-04,41.444975,-71.680877,8.223540713097124
2021-10-05,41.444975,-71.680877,2.5139122266325638
2021-10-06,41.444975,-71.680877,0.1706914783344369
2021-10-07,41.444975,-71.680877,0.0
2021-10-08,41.444975,-71.680877,0.0
2021-10-09,41.444975,-71.680877,0.0007537499831529269
2021-10-10,41.444975,-71.680877,39.313773726625456
2021-10-11,41.444975,-71.680877,0.042854370501535
2021-10-12,41.444975,-71.680877,0.0
2021-10-13,41.444975,-71.680877,0.0
2021-10-14,41.444975,-71.680877,0.0
2021-10-15,41.444975,-71.680877,0.3074208592782056
2021-10-16,41.444975,-71.680877,0.0
2021-10-17,41.444975,-71.680877,5.945666773888728
2021-10-18,41.444975,-71.680877,0.00733110681347688
2021-10-19,41.444975,-71.680877,0.0
2021-10-20,41.444975,-71.680877,0.0
2021-10-21,41.444975,-71.680877,0.0
2021-10-22,41.444975,-71.680877,0.0
2021-10-23,41.444975,-71.680877,0.511844772909969
2021-10-24,41.444975,-71.680877,0.029436780494991547
2021-10-25,41.444975,-71.680877,8.374572463066984
2021-10-26,41.444975,-71.680877,47.15651109835326
2021-10-27,41.444975,-71.680877,16.537581077756204
2021-10-28,41.444975,-71.680877,0.012061986690321718
2021-10-29,41.444975,-71.680877,0.0
2021-10-30,41.444975,-71.680877,15.441850713686756
2021-10-31,41.444975,-71.680877,17.662799076010984
2021-11-01,41.444975,-71.680877,0.054568213533911586
2021-11-02,41.444975,-71.680877,2.1805615285444375
2021-11-03,41.444975,-71.680877,0.6905384049148937
2021-11-04,41.444975,-71.680877,0.07435933769723185
2021-11-05,41.444975,-71.680877,0.00025124999438430867
2021-11-06,41.444975,-71.680877,0.0
2021-11-07,41.444975,-71.680877,0.0
2021-11-08,41.444975,-71.680877,0.6602192013931675
2021-11-09,41.444975,-71.680877,0.0
2021-11-10,41.444975,-71.680877,0.8991647532411086
2021-11-11,41.444975,-71.680877,0.0034562026602166125
2021-11-12,41.444975,-71.680877,23.650968202988736
2021-11-13,41.444975,-71.680877,0.004398664251949144
2021-11-14,41.444975,-71.680877,0.0
2021-11-15,41.444975,-71.680877,4.129913675627352
2021-11-16,41.444975,-71.680877,0.0
2021-11-17,41.444975,-71.680877,0.043581538416411866
2021-11-18,41.444975,-71.680877,0.1542788414545012
2021-11-19,41.444975,-71.680877,2.8624553138286637
2021-11-20,41.444975,-71.680877,7.757581070829686e-05
2021-11-21,41.444975,-71.680877,0.2715295092661101
2021-11-22,41.444975,-71.680877,10.924912629587226
2021-11-23,41.444975,-71.680877,0.0
2021-11-24,41.444975,-71.680877,7.757581070829686e-05
2021-11-25,41.444975,-71.680877,0.08363886197880774
2021-11-26,41.444975,-71.680877,21.87505194513261
2021-11-27,41.444975,-71.680877,0.0001736741836760118
2021-11-28,41.444975,-71.680877,0.0008683708860307206
2021-11-29,41.444975,-71.680877,0.0
2021-11-30,41.444975,-71.680877,0.09281970076751248
2021-12-01,41.444975,-71.680877,0.0
2021-12-02,41.444975,-71.680877,5.620565811331843
2021-12-03,41.444975,-71.680877,0.0
2021-12-04,41.444975,-71.680877,0.003397897698882545
2021-12-05,41.444975,-71.680877,0.20416082980858666
2021-12-06,41.444975,-71.680877,6.408506369828345
2021-12-07,41.444975,-71.680877,1.2777382296909772
2021-12-08,41.444975,-71.680877,5.485729167624382
2021-12-09,41.444975,-71.680877,0.003803551027568636
2021-12-10,41.444975,-71.680877,2.2310478827756954
2021-12-11,41.444975,-71.680877,2.957557577700683
2021-12-12,41.444975,-71.680877,16.563241722828703
2021-12-13,41.444975,-71.680877,0.0
2021-12-14,41.444975,-71.680877,0.0
2021-12-15,41.444975,-71.680877,2.250004052849556
2021-12-16,41.444975,-71.680877,3.4784427785693035
2021-12-17,41.444975,-71.680877,0.2207674785969633
2021-12-18,41.444975,-71.680877,1.9833779311680557
2021-12-19,41.444975,-71.680877,2.014622295928096
2021-12-20,41.444975,-71.680877,0.0
2021-12-21,41.444975,-71.680877,0.0
2021-12-22,41.444975,-71.680877,0.6212942062026852
2021-12-23,41.444975,-71.680877,0.0
2021-12-24,41.444975,-71.680877,0.028842585616468318
2021-12-25,41.444975,-71.680877,12.231763327952756
2021-12-26,41.444975,-71.680877,0.36018760610788386
2021-12-27,41.444975,-71.680877,0.0
2021-12-28,41.444975,-71.680877,0.5736434379551856
2021-12-29,41.444975,-71.680877,0.8510424072711458
2021-12-30,41.444975,-71.680877,8.658992748365632
2021-12-31,41.444975,-71.680877,0.10942588832994693
2022-01-01,41.444975,-71.680877,6.369867081885914
2022-01-02,41.444975,-71.680877,23.696391019124704
2022-01-03,41.444975,-71.680877,1.843402595488781
2022-01-04,41.444975,-71.680877,0.5099401879101353
2022-01-05,41.444975,-71.680877,6.403331208401065
2022-01-06,41.444975,-71.680877,0.03911783249870626
2022-01-07,41.444975,-71.680877,2.706519685686449
2022-01-08,41.444975,-71.680877,0.0
2022-01-09,41.444975,-71.680877,1.8600872218151285
2022-01-10,41.444975,-71.680877,11.72716166609111
2022-01-11,41.444975,-71.680877,0.0
2022-01-12,41.444975,-71.680877,0.0
2022-01-13,41.444975,-71.680877,0.0
2022-01-14,41.444975,-71.680877,0.1346918307672
2022-01-15,41.444975,-71.680877,0.0
2022-01-16,41.444975,-71.680877,0.010263550194319699
2022-01-17,41.444975,-71.680877,39.6313879087598
2022-01-18,41.444975,-71.680877,0.0
2022-01-19,41.444975,-71.680877,0.008575056908155673
2022-01-20,41.444975,-71.680877,1.307964761406392
2022-01-21,41.444975,-71.680877,0.0
2022-01-22,41.444975,-71.680877,0.0
2022-01-23,41.444975,-71.680877,0.0
2022-01-24,41.444975,-71.680877,0.008301797502305466
2022-01-25,41.444975,-71.680877,0.016412641771284417
2022-01-26,41.444975,-71.680877,0.0
2022-01-27,41.444975,-71.680877,0.0
2022-01-28,41.444975,-71.680877,0.5234521156400821
2022-01-29,41.444975,-71.680877,5.562556221053933
2022-01-30,41.444975,-71.680877,0.6172143019208405
2022-01-31,41.444975,-71.680877,0.0
2022-02-01,41.444975,-71.680877,0.0
2022-02-02,41.444975,-71.680877,0.0
2022-02-03,41.444975,-71.680877,1.7400424875213503
2022-02-04,41.444975,-71.680877,27.05449585425572
2022-02-05,41.444975,-71.680877,2.676304307075
2022-02-06,41.444975,-71.680877,0.0
2022-02-07,41.444975,-71.680877,2.2818188474320635
2022-02-08,41.444975,-71.680877,40.66161558725384
2022-02-09,41.444975,-71.680877,0.0
2022-02-10,41.444975,-71.680877,0.0004654548642497817
2022-02-11,41.444975,-71.680877,0.0
2022-02-12,41.444975,-71.680877,0.007450710460225945
2022-02-13,41.444975,-71.680877,0.017722729898218333
2022-02-14,41.444975,-71.680877,0.0
2022-02-15,41.444975,-71.680877,0.0
2022-02-16,41.444975,-71.680877,0.0
2022-02-17,41.444975,-71.680877,0.027434030067540888
2022-02-18,41.444975,-71.680877,20.895793822383165
2022-02-19,41.444975,-71.680877,0.0
2022-02-20,41.444975,-71.680877,0.026391984965484817
2022-02-21,41.444975,-71.680877,0.0
2022-02-22,41.444975,-71.680877,5.232970408726941
2022-02-23,41.444975,-71.680877,23.492241292044053
2022-02-24,41.444975,-71.680877,1.4471644955469698
2022-02-25,41.444975,-71.680877,36.08619529455817
2022-02-26,41.444975,-71.680877,0.0
2022-02-27,41.444975,-71.680877,0.0
2022-02-28,41.444975,-71.680877,0.0
2022-03-01,41.444975,-71.680877,0.0
2022-03-02,41.444975,-71.680877,2.0466257849654697
2022-03-03,41.444975,-71.680877,2.797557852195047
2022-03-04,41.444975,-71.680877,0.0
2022-03-05,41.444975,-71.680877,7.757581070829686e-05
2022-03-06,41.444975,-71.680877,12.489184493350713
2022-03-07,41.444975,-71.680877,0.8227527416611008
2022-03-08,41.444975,-71.680877,3.841371138350835
2022-03-09,41.444975,-71.680877,6.232931668385411
2022-03-10,41.444975,-71.680877,0.03941669021656859
2022-03-11,41.444975,-71.680877,0.0
2022-03-12,41.444975,-71.680877,16.473785200887633
2022-03-13,41.444975,-71.680877,0.005952424011166252
2022-03-14,41.444975,-71.680877,0.0
2022-03-15,41.444975,-71.680877,0.0960699311903711
2022-03-16,41.444975,-71.680877,1.2804565845208122
2022-03-17,41.444975,-71.680877,9.731644794245666
2022-03-18,41.444975,-71.680877,7.91560563788669
2022-03-19,41.444975,-71.680877,0.5295396478305449
2022-03-20,41.444975,-71.680877,1.6623730579378015
2022-03-21,41.444975,-71.680877,0.004168180408224288
2022-03-22,41.444975,-71.680877,0.0
2022-03-23,41.444975,-71.680877,0.02610584161903035
2022-03-24,41.444975,-71.680877,18.483829415788605
2022-03-25,41.444975,-71.680877,12.815536181770605
2022-03-26,41.444975,-71.680877,0.25079977502750567
2022-03-27,41.444975,-71.680877,1.0411222564389968
2022-03-28,41.444975,-71.680877,0.0055020061585047955
2022-03-29,41.444975,-71.680877,0.0
2022-03-30,41.444975,-71.680877,0.5501494891678891
2022-03-31,41.444975,-71.680877,2.4256473540918755
2022-04-01,41.444975,-71.680877,9.849768478069567
2022-04-02,41.444975,-71.680877,0.0
2022-04-03,41.444975,-71.680877,3.057213098304463
2022-04-04,41.444975,-71.680877,0.10794200035660324
2022-04-05,41.444975,-71.680877,0.0
2022-04-06,41.444975,-71.680877,14.617630345697554
2022-04-07,41.444975,-71.680877,3.9127937641662895
2022-04-08,41.444975,-71.680877,8.444647971761267
2022-04-09,41.444975,-71.680877,0.06749587145701799
2022-04-10,41.444975,-71.680877,0.0
2022-04-11,41.444975,-71.680877,0.0
2022-04-12,41.444975,-71.680877,8.897129468819942
2022-04-13,41.444975,-71.680877,0.0
2022-04-14,41.444975,-71.680877,2.067680474171391
2022-04-15,41.444975,-71.680877,5.052884115826345
2022-04-16,41.444975,-71.680877,0.120057316276903
2022-04-17,41.444975,-71.680877,16.16553477250125
2022-04-18,41.444975,-71.680877,1.4618255376116367
2022-04-19,41.444975,-71.680877,27.001079967650224
2022-04-20,41.444975,-71.680877,0.0
2022-04-21,41.444975,-71.680877,0.005634054966783716
2022-04-22,41.444975,-71.680877,0.0937018680329541
2022-04-23,41.444975,-71.680877,0.0005430306894077001
2022-04-24,41.444975,-71.680877,0.33270713181932143
2022-04-25,41.444975,-71.680877,0.18165977593680904
2022-04-26,41.444975,-71.680877,0.03846242306698011
2022-04-27,41.444975,-71.680877,3.491807401094241
2022-04-28,41.444975,-71.680877,0.0
2022-04-29,41.444975,-71.680877,0.0
2022-04-30,41.444975,-71.680877,0.0
2022-05-01,41.444975,-71.680877,0.0
2022-05-02,41.444975,-71.680877,3.008091469344036
2022-05-03,41.444975,-71.680877,1.8654467787313491
2022-05-04,41.444975,-71.680877,2.756526037845916
2022-05-05,41.444975,-71.680877,0.0
2022-05-06,41.444975,-71.680877,6.559610385090404
2022-05-07,41.444975,-71.680877,20.157585451030887
2022-05-08,41.444975,-71.680877,4.742362181898215
2022-05-09,41.444975,-71.680877,0.0005024999887686173
2022-05-10,41.444975,-71.680877,0.05940065274377347
2022-05-11,41.444975,-71.680877,0.13338850196226398
2022-05-12,41.444975,-71.680877,0.0010049999775372347
2022-05-13,41.444975,-71.680877,0.0
2022-05-14,41.444975,-71.680877,0.2908709217831328
2022-05-15,41.444975,-71.680877,0.47541870009678655
2022-05-16,41.444975,-71.680877,0.0
2022-05-17,41.444975,-71.680877,3.0171368006693067
2022-05-18,41.444975,-71.680877,0.0
2022-05-19,41.444975,-71.680877,12.475816201865996
2022-05-20,41.444975,-71.680877,0.0
2022-05-21,41.444975,-71.680877,8.423845490008848
2022-05-22,41.444975,-71.680877,0.0
2022-05-23,41.444975,-71.680877,0.0014662214173163813
2022-05-24,41.444975,-71.680877,2.37416474059068
2022-05-25,41.444975,-71.680877,0.0
2022-05-26,41.444975,-71.680877,0.6500839454021831
2022-05-27,41.444975,-71.680877,0.004324574190015259
2022-05-28,41.444975,-71.680877,4.9390023029003505
2022-05-29,41.444975,-71.680877,0.0
2022-05-30,41.444975,-71.680877,0.0
2022-05-31,41.444975,-71.680877,0.00025124999438430867
2022-06-01,41.444975,-71.680877,0.3454261428791374
2022-06-02,41.444975,-71.680877,2.8134285474096723
2022-06-03,41.444975,-71.680877,0.027798550491237854
2022-06-04,41.444975,-71.680877,0.000521022551028036
2022-06-05,41.444975,-71.680877,0.0
2022-06-06,41.444975,-71.680877,0.0
2022-06-07,41.444975,-71.680877,0.11990663169100718
2022-06-08,41.444975,-71.680877,9.072990497536713
2022-06-09,41.444975,-71.680877,13.5466584615409
2022-06-10,41.444975,-71.680877,0.0
2022-06-11,41.444975,-71.680877,0.5686403909008448
2022-06-12,41.444975,-71.680877,5.050913143325959
2022-06-13,41.444975,-71.680877,25.963132630778933
2022-06-14,41.444975,-71.680877,0.034357384486197365
2022-06-15,41.444975,-71.680877,0.0
2022-06-16,41.444975,-71.680877,0.008136098103767005
2022-06-17,41.444975,-71.680877,2.733272099897234
2022-06-18,41.444975,-71.680877,0.3699263424513477
2022-06-19,41.444975,-71.680877,10.087457974152677
2022-06-20,41.444975,-71.680877,0.0
2022-06-21,41.444975,-71.680877,0.0
2022-06-22,41.444975,-71.680877,3.727938558308369
2022-06-23,41.444975,-71.680877,0.0
2022-06-24,41.444975,-71.680877,0.3257057365938287
2022-06-25,41.444975,-71.680877,0.004341854688948312
2022-06-26,41.444975,-71.680877,0.0
2022-06-27,41.444975,-71.680877,18.705747661263175
2022-06-28,41.444975,-71.680877,12.151201284379669
2022-06-29,41.444975,-71.680877,0.0
2022-06-30,41.444975,-71.680877,0.0
2022-07-01,41.444975,-71.680877,0.0
2022-07-02,41.444975,-71.680877,3.387946045803453
2022-07-03,41.444975,-71.680877,6.297638131204953
2022-07-04,41.444975,-71.680877,0.0
2022-07-05,41.444975,-71.680877,3.0798585845868813
2022-07-06,41.444975,-71.680877,0.5825926558452158
2022-07-07,41.444975,-71.680877,0.0012157193180814237
2022-07-08,41.444975,-71.680877,0.07269746799091537
2022-07-09,41.444975,-71.680877,0.5290749038415994
2022-07-10,41.444975,-71.680877,0.008031278370397583
2022-07-11,41.444975,-71.680877,0.0
2022-07-12,41.444975,-71.680877,0.055096097999246293
2022-07-13,41.444975,-71.680877,0.6286759239489205
2022-07-14,41.444975,-71.680877,0.056031120472403585
2022-07-15,41.444975,-71.680877,0.003805795151781096
2022-07-16,41.444975,-71.680877,0.9203134495880151
2022-07-17,41.444975,-71.680877,3.32166051254579
2022-07-18,41.444975,-71.680877,20.521986560935424
2022-07-19,41.444975,-71.680877,1.3713040564952617
2022-07-20,41.444975,-71.680877,0.09331746731947305
2022-07-21,41.444975,-71.680877,0.13942041555848633
2022-07-22,41.444975,-71.680877,0.0
2022-07-23,41.444975,-71.680877,0.0
2022-07-24,41.444975,-71.680877,0.0
2022-07-25,41.444975,-71.680877,3.4341071015533853
2022-07-26,41.444975,-71.680877,0.12469905211182547
2022-07-27,41.444975,-71.680877,0.022381199479522502
2022-07-28,41.444975,-71.680877,0.07140517552058269
2022-07-29,41.444975,-71.680877,0.08970184899954517
2022-07-30,41.444975,-71.680877,4.015552822610301
2022-07-31,41.444975,-71.680877,0.0007757580781837261
2022-08-01,41.444975,-71.680877,9.538881994371398
2022-08-02,41.444975,-71.680877,0.0
2022-08-03,41.444975,-71.680877,0.039456220295067214
2022-08-04,41.444975,-71.680877,0.0
2022-08-05,41.444975,-71.680877,0.2175738006389803
2022-08-06,41.444975,-71.680877,0.0005430306894077001
2022-08-07,41.444975,-71.680877,0.006175188912098714
2022-08-08,41.444975,-71.680877,0.019850322480660196
2022-08-09,41.444975,-71.680877,0.12272419463171838
2022-08-10,41.444975,-71.680877,1.1058297599583637
2022-08-11,41.444975,-71.680877,7.171929219078233
2022-08-12,41.444975,-71.680877,0.03714438449231088
2022-08-13,41.444975,-71.680877,4.096846411313419
2022-08-14,41.444975,-71.680877,0.23070494362162938
2022-08-15,41.444975,-71.680877,0.0
2022-08-16,41.444975,-71.680877,0.0006946967347040472
2022-08-17,41.444975,-71.680877,21.594916330072245
2022-08-18,41.444975,-71.680877,0.0
2022-08-19,41.444975,-71.680877,0.0
2022-08-20,41.444975,-71.680877,0.0
2022-08-21,41.444975,-71.680877,0.5509941252931402
2022-08-22,41.444975,-71.680877,12.182681771860056
2022-08-23,41.444975,-71.680877,0.0039772252112446485
2022-08-24,41.444975,-71.680877,0.2477914334548249
2022-08-25,41.444975,-71.680877,0.0
2022-08-26,41.444975,-71.680877,5.543044781429527
2022-08-27,41.444975,-71.680877,1.8366344346895476
2022-08-28,41.444975,-71.680877,0.031223927284706313
2022-08-29,41.444975,-71.680877,0.0
2022-08-30,41.444975,-71.680877,0.006565056953081202
2022-08-31,41.444975,-71.680877,6.446937899443433
2022-09-01,41.444975,-71.680877,0.0
2022-09-02,41.444975,-71.680877,0.0
2022-09-03,41.444975,-71.680877,0.0
2022-09-04,41.444975,-71.680877,0.003269735485216534
2022-09-05,41.444975,-71.680877,1.3010932820461267
2022-09-06,41.444975,-71.680877,53.1995397860466
2022-09-07,41.444975,-71.680877,0.030162723612326123
2022-09-08,41.444975,-71.680877,0.0
2022-09-09,41.444975,-71.680877,0.0
2022-09-10,41.444975,-71.680877,0.0
2022-09-11,41.444975,-71.680877,3.3481332727643043
2022-09-12,41.444975,-71.680877,17.144950450811262
2022-09-13,41.444975,-71.680877,37.42694006700088
2022-09-14,41.444975,-71.680877,0.0
2022-09-15,41.444975,-71.680877,0.32288196253029877
2022-09-16,41.444975,-71.680877,0.0
2022-09-17,41.444975,-71.680877,0.0
2022-09-18,41.444975,-71.680877,0.0
2022-09-19,41.444975,-71.680877,0.0
2022-09-20,41.444975,-71.680877,0.46469630980881843
2022-09-21,41.444975,-71.680877,7.757581070829686e-05
2022-09-22,41.444975,-71.680877,27.66229698267629
2022-09-23,41.444975,-71.680877,0.0
2022-09-24,41.444975,-71.680877,0.0
2022-09-25,41.444975,-71.680877,2.4883565808677606
2022-09-26,41.444975,-71.680877,6.3283404968561445
2022-09-27,41.444975,-71.680877,0.0
2022-09-28,41.444975,-71.680877,0.0
2022-09-29,41.444975,-71.680877,0.1606393981930151
2022-09-30,41.444975,-71.680877,0.09147226697394675
2022-10-01,41.444975,-71.680877,35.737335516286855
2022-10-02,41.444975,-71.680877,1.802893864639411
2022-10-03,41.444975,-71.680877,16.644712886394103
2022-10-04,41.444975,-71.680877,1.7595449329994461
2022-10-05,41.444975,-71.680877,34.56101413779576
2022-10-06,41.444975,-71.680877,23.706034617638974
2022-10-07,41.444975,-71.680877,0.0
2022-10-08,41.444975,-71.680877,1.287741038584397
2022-10-09,41.444975,-71.680877,0.0
2022-10-10,41.444975,-71.680877,0.0034376800979571943
2022-10-11,41.444975,-71.680877,0.0
2022-10-12,41.444975,-71.680877,0.0
2022-10-13,41.444975,-71.680877,5.173075999862638
2022-10-14,41.444975,-71.680877,31.697375924859948
2022-10-15,41.444975,-71.680877,0.8206968656417624
2022-10-16,41.444975,-71.680877,0.028522348881556678
2022-10-17,41.444975,-71.680877,9.941268778243131
2022-10-18,41.444975,-71.680877,3.6386683216591305
2022-10-19,41.444975,-71.680877,0.0
2022-10-20,41.444975,-71.680877,0.0
2022-10-21,41.444975,-71.680877,0.0
2022-10-22,41.444975,-71.680877,0.0
2022-10-23,41.444975,-71.680877,28.737303336921393
2022-10-24,41.444975,-71.680877,17.902076286314117
2022-10-25,41.444975,-71.680877,0.04300169600012041
2022-10-26,41.444975,-71.680877,0.34732686980239724
2022-10-27,41.444975,-71.680877,0.0
2022-10-28,41.444975,-71.680877,0.0
2022-10-29,41.444975,-71.680877,2.608687457332484
2022-10-30,41.444975,-71.680877,0.0
2022-10-31,41.444975,-71.680877,0.7477849349905921
2022-11-01,41.444975,-71.680877,14.937056704053889
2022-11-02,41.444975,-71.680877,1.099645757056838
2022-11-03,41.444975,-71.680877,0.0
2022-11-04,41.444975,-71.680877,0.0
2022-11-05,41.444975,-71.680877,0.0
2022-11-06,41.444975,-71.680877,0.0
2022-11-07,41.444975,-71.680877,0.18716999623662695
2022-11-08,41.444975,-71.680877,0.0
2022-11-09,41.444975,-71.680877,0.0
2022-11-10,41.444975,-71.680877,0.0
2022-11-11,41.444975,-71.680877,0.9789954247218344
2022-11-12,41.444975,-71.680877,2.7400005517098722
2022-11-13,41.444975,-71.680877,8.492633344161908
2022-11-14,41.444975,-71.680877,0.00023272743212489084
2022-11-15,41.444975,-71.680877,0.061827253233889656
2022-11-16,41.444975,-71.680877,43.07842938340903
2022-11-17,41.444975,-71.680877,0.02932442725390752
2022-11-18,41.444975,-71.680877,0.0
2022-11-19,41.444975,-71.680877,0.0003473483673520236
2022-11-20,41.444975,-71.680877,0.0
2022-11-21,41.444975,-71.680877,0.0
2022-11-22,41.444975,-71.680877,0.0029324428346327626
2022-11-23,41.444975,-71.680877,0.0
2022-11-24,41.444975,-71.680877,0.0
2022-11-25,41.444975,-71.680877,2.7862730660154806
2022-11-26,41.444975,-71.680877,0.0
2022-11-27,41.444975,-71.680877,20.952813599261457
2022-11-28,41.444975,-71.680877,0.24945148213756976
2022-11-29,41.444975,-71.680877,0.0
2022-11-30,41.444975,-71.680877,19.524815808826677
2022-12-01,41.444975,-71.680877,1.6620303573566242
2022-12-02,41.444975,-71.680877,0.0
2022-12-03,41.444975,-71.680877,19.347701407431174
2022-12-04,41.444975,-71.680877,0.0
2022-12-05,41.444975,-71.680877,0.27599972029053843
2022-12-06,41.444975,-71.680877,3.2118732876819416
2022-12-07,41.444975,-71.680877,41.69618642821048
2022-12-08,41.444975,-71.680877,0.0
2022-12-09,41.444975,-71.680877,0.0
2022-12-10,41.444975,-71.680877,0.0
2022-12-11,41.444975,-71.680877,0.5761719933909093
2022-12-12,41.444975,-71.680877,1.9182621679845426
2022-12-13,41.444975,-71.680877,0.0
2022-12-14,41.444975,-71.680877,0.0
2022-12-15,41.444975,-71.680877,1.445897029637086
2022-12-16,41.444975,-71.680877,42.45499265634264
2022-12-17,41.444975,-71.680877,0.11238689095375037
2022-12-18,41.444975,-71.680877,0.0
2022-12-19,41.444975,-71.680877,0.0
2022-12-20,41.444975,-71.680877,0.0015630676207347657
2022-12-21,41.444975,-71.680877,0.0
2022-12-22,41.444975,-71.680877,6.892328713880027
2022-12-23,41.444975,-71.680877,40.22427757035492
2022-12-24,41.444975,-71.680877,0.0
2022-12-25,41.444975,-71.680877,0.0
2022-12-26,41.444975,-71.680877,0.0
2022-12-27,41.444975,-71.680877,0.07982291128013308
2022-12-28,41.444975,-71.680877,0.010505237039807012
2022-12-29,41.444975,-71.680877,0.024731588218000623
2022-12-30,41.444975,-71.680877,0.0
2022-12-31,41.444975,-71.680877,13.52911616818349
2023-01-01,41.444975,-71.680877,17.274769230450445
2023-01-02,41.444975,-71.680877,0.022023303584998204
2023-01-03,41.444975,-71.680877,21.83852887079382
2023-01-04,41.444975,-71.680877,3.2385928825796153
2023-01-05,41.444975,-71.680877,3.4020531044171327
2023-01-06,41.444975,-71.680877,0.7154789972776273
2023-01-07,41.444975,-71.680877,0.0001551516214165937
2023-01-08,41.444975,-71.680877,0.0
2023-01-09,41.444975,-71.680877,3.334895094053203
2023-01-10,41.444975,-71.680877,0.0
2023-01-11,41.444975,-71.680877,0.0
2023-01-12,41.444975,-71.680877,0.5205440797052088
2023-01-13,41.444975,-71.680877,25.665267238104313
2023-01-14,41.444975,-71.680877,5.171353866088023
2023-01-15,41.444975,-71.680877,0.5250574055611882
2023-01-16,41.444975,-71.680877,0.5443922995446087
2023-01-17,41.444975,-71.680877,0.055262910384212605
2023-01-18,41.444975,-71.680877,0.0055309854456748395
2023-01-19,41.444975,-71.680877,20.385723881104635
2023-01-20,41.444975,-71.680877,11.14930390501933
2023-01-21,41.444975,-71.680877,0.0
2023-01-22,41.444975,-71.680877,0.4651993470644955
2023-01-23,41.444975,-71.680877,54.33725198326685
2023-01-24,41.444975,-71.680877,0.0
2023-01-25,41.444975,-71.680877,4.451441353275233
2023-01-26,41.444975,-71.680877,44.337616517936425
2023-01-27,41.444975,-71.680877,0.0003473483673520236
2023-01-28,41.444975,-71.680877,0.0
2023-01-29,41.444975,-71.680877,1.0790799030157596
2023-01-30,41.444975,-71.680877,0.058775430555805114
2023-01-31,41.444975,-71.680877,0.14460070669299213
2023-02-01,41.444975,-71.680877,0.16412642749554157
2023-02-02,41.444975,-71.680877,0.0
2023-02-03,41.444975,-71.680877,0.0
2023-02-04,41.444975,-71.680877,0.0
2023-02-05,41.444975,-71.680877,0.000657651610185211
2023-02-06,41.444975,-71.680877,0.03510217450977782
2023-02-07,41.444975,-71.680877,0.0
2023-02-08,41.444975,-71.680877,5.898736311689156
2023-02-09,41.444975,-71.680877,0.5575817455983217
2023-02-10,41.444975,-71.680877,0.2658933034814283
2023-02-11,41.444975,-71.680877,0.0
2023-02-12,41.444975,-71.680877,0.0
2023-02-13,41.444975,-71.680877,12.156600457503453
2023-02-14,41.444975,-71.680877,0.0013893934694080945
2023-02-15,41.444975,-71.680877,1.3106017335517472
2023-02-16,41.444975,-71.680877,2.488390828639139
2023-02-17,41.444975,-71.680877,14.511152468395338
2023-02-18,41.444975,-71.680877,0.04642371896783486
2023-02-19,41.444975,-71.680877,0.00023272743212489084
2023-02-20,41.444975,-71.680877,1.1501115056965223
2023-02-21,41.444975,-71.680877,4.471370990099351
2023-02-22,41.444975,-71.680877,0.040450573739201794
2023-02-23,41.444975,-71.680877,10.813362792316838
2023-02-24,41.444975,-71.680877,1.4598052715747833
2023-02-25,41.444975,-71.680877,0.0
2023-02-26,41.444975,-71.680877,0.04351594034237859
2023-02-27,41.444975,-71.680877,0.0
2023-02-28,41.444975,-71.680877,2.5916851165953743
2023-03-01,41.444975,-71.680877,0.024404138354025936
2023-03-02,41.444975,-71.680877,5.1580729095541304
2023-03-03,41.444975,-71.680877,0.0
2023-03-04,41.444975,-71.680877,9.731104101163004
2023-03-05,41.444975,-71.680877,0.0016290921260215777
2023-03-06,41.444975,-71.680877,0.0
2023-03-07,41.444975,-71.680877,0.000521022551028036
2023-03-08,41.444975,-71.680877,0.0
2023-03-09,41.444975,-71.680877,0.014246249681570946
2023-03-10,41.444975,-71.680877,0.0
2023-03-11,41.444975,-71.680877,9.05781193626939
2023-03-12,41.444975,-71.680877,0.0004654548642497817
2023-03-13,41.444975,-71.680877,6.9962332936951315
2023-03-14,41.444975,-71.680877,34.28186152297597
2023-03-15,41.444975,-71.680877,0.21627846038961135
2023-03-16,41.444975,-71.680877,0.0012747725341809629
2023-03-17,41.444975,-71.680877,0.352077520840834
2023-03-18,41.444975,-71.680877,6.535243272836498
2023-03-19,41.444975,-71.680877,0.0
2023-03-20,41.444975,-71.680877,0.0
2023-03-21,41.444975,-71.680877,0.0
2023-03-22,41.444975,-71.680877,0.5516026601238725
2023-03-23,41.444975,-71.680877,4.893110736767329
2023-03-24,41.444975,-71.680877,0.0
2023-03-25,41.444975,-71.680877,6.483602645326276
2023-03-26,41.444975,-71.680877,0.025212139043731693
2023-03-27,41.444975,-71.680877,1.1294817812823392
2023-03-28,41.444975,-71.680877,2.3690302210889507
2023-03-29,41.444975,-71.680877,0.0
2023-03-30,41.444975,-71.680877,0.2399991648495009
2023-03-31,41.444975,-71.680877,15.508734353203947
2023-04-01,41.444975,-71.680877,37.519115955020354
2023-04-02,41.444975,-71.680877,1.392981237203185
2023-04-03,41.444975,-71.680877,0.0001551516214165937
2023-04-04,41.444975,-71.680877,0.35454026848670317
2023-04-05,41.444975,-71.680877,0.35017663853018854
2023-04-06,41.444975,-71.680877,2.0139421123431487
2023-04-07,41.444975,-71.680877,5.9468538966270845
2023-04-08,41.444975,-71.680877,0.6963908784354272
2023-04-09,41.444975,-71.680877,0.00023272743212489084
2023-04-10,41.444975,-71.680877,0.0
2023-04-11,41.444975,-71.680877,0.0
2023-04-12,41.444975,-71.680877,1.9796682024430776
2023-04-13,41.444975,-71.680877,0.43220205635985265
2023-04-14,41.444975,-71.680877,0.0
2023-04-15,41.444975,-71.680877,4.108952081945799
2023-04-16,41.444975,-71.680877,6.024781438746416
2023-04-17,41.444975,-71.680877,0.7178834736160049
2023-04-18,41.444975,-71.680877,0.06654837532153052
2023-04-19,41.444975,-71.680877,0.0
2023-04-20,41.444975,-71.680877,0.035062769861222094
2023-04-21,41.444975,-71.680877,0.06563290626746451
2023-04-22,41.444975,-71.680877,0.13167698961182006
2023-04-23,41.444975,-71.680877,25.333117041188057
2023-04-24,41.444975,-71.680877,0.0012412129713327497
2023-04-25,41.444975,-71.680877,0.0
2023-04-26,41.444975,-71.680877,0.0
2023-04-27,41.444975,-71.680877,1.800092634706591
2023-04-28,41.444975,-71.680877,0.712046439526915
2023-04-29,41.444975,-71.680877,18.994233922450587
2023-04-30,41.444975,-71.680877,13.151824521795056
2023-05-01,41.444975,-71.680877,11.056912091409192
2023-05-02,41.444975,-71.680877,4.2766886064034235
2023-05-03,41.444975,-71.680877,0.33961155367164625
2023-05-04,41.444975,-71.680877,1.2068542418044548
2023-05-05,41.444975,-71.680877,0.43685221698093124
2023-05-06,41.444975,-71.680877,0.0
2023-05-07,41.444975,-71.680877,0.09876523181184871
2023-05-08,41.444975,-71.680877,10.93766774367173
2023-05-09,41.444975,-71.680877,0.0
2023-05-10,41.444975,-71.680877,0.0
2023-05-11,41.444975,-71.680877,0.0
2023-05-12,41.444975,-71.680877,0.0
2023-05-13,41.444975,-71.680877,0.021161392276559984
2023-05-14,41.444975,-71.680877,0.0
2023-05-15,41.444975,-71.680877,0.499310495620244
2023-05-16,41.444975,-71.680877,0.0
2023-05-17,41.444975,-71.680877,0.0
2023-05-18,41.444975,-71.680877,0.0
2023-05-19,41.444975,-71.680877,0.24436880079851
2023-05-20,41.444975,-71.680877,19.3628085789227
2023-05-21,41.444975,-71.680877,28.347814158249975
2023-05-22,41.444975,-71.680877,0.0001736741836760118
2023-05-23,41.444975,-71.680877,0.0
2023-05-24,41.444975,-71.680877,0.0
2023-05-25,41.444975,-71.680877,0.0997030509154134
2023-05-26,41.444975,-71.680877,0.0
2023-05-27,41.444975,-71.680877,0.0
2023-05-28,41.444975,-71.680877,0.0
2023-05-29,41.444975,-71.680877,0.0
2023-05-30,41.444975,-71.680877,0.0
2023-05-31,41.444975,-71.680877,0.0
2023-06-01,41.444975,-71.680877,0.0
2023-06-02,41.444975,-71.680877,0.0
2023-06-03,41.444975,-71.680877,1.460962235691905
2023-06-04,41.444975,-71.680877,0.008587610649086173
2023-06-05,41.444975,-71.680877,0.03975248993253505
2023-06-06,41.444975,-71.680877,0.17351304834336567
2023-06-07,41.444975,-71.680877,0.0
2023-06-08,41.444975,-71.680877,0.0
2023-06-09,41.444975,-71.680877,1.1380410877306382
2023-06-10,41.444975,-71.680877,2.0777999936340636
2023-06-11,41.444975,-71.680877,0.00038787903909186304
2023-06-12,41.444975,-71.680877,1.2542698986214065
2023-06-13,41.444975,-71.680877,0.6244843851689031
2023-06-14,41.444975,-71.680877,0.09996590453776139
2023-06-15,41.444975,-71.680877,0.0
2023-06-16,41.444975,-71.680877,3.24535685598242
2023-06-17,41.444975,-71.680877,16.94931323911864
2023-06-18,41.444975,-71.680877,11.086816578897691
2023-06-19,41.444975,-71.680877,0.0
2023-06-20,41.444975,-71.680877,0.0
2023-06-21,41.444975,-71.680877,0.0
2023-06-22,41.444975,-71.680877,0.2432032170189216
2023-06-23,41.444975,-71.680877,0.7752750758488631
2023-06-24,41.444975,-71.680877,14.004190710257124
2023-06-25,41.444975,-71.680877,0.0
2023-06-26,41.444975,-71.680877,0.9511730110474474
2023-06-27,41.444975,-71.680877,33.62012298697154
2023-06-28,41.444975,-71.680877,6.333850895350385
2023-06-29,41.444975,-71.680877,0.0634100855449089
2023-06-30,41.444975,-71.680877,0.0
2023-07-01,41.444975,-71.680877,0.0
2023-07-02,41.444975,-71.680877,1.09705049711869
2023-07-03,41.444975,-71.680877,3.4702505404525716
2023-07-04,41.444975,-71.680877,26.742949607394234
2023-07-05,41.444975,-71.680877,0.00307753877508055
2023-07-06,41.444975,-71.680877,0.0
2023-07-07,41.444975,-71.680877,0.0
2023-07-08,41.444975,-71.680877,1.1271971298989094
2023-07-09,41.444975,-71.680877,2.494787470271314
2023-07-10,41.444975,-71.680877,22.958296925602987
2023-07-11,41.444975,-71.680877,0.0
2023-07-12,41.444975,-71.680877,0.0
2023-07-13,41.444975,-71.680877,0.03457642571120259
2023-07-14,41.444975,-71.680877,33.01259204281558
2023-07-15,41.444975,-71.680877,16.852004055904793
2023-07-16,41.444975,-71.680877,82.5723836255863
2023-07-17,41.444975,-71.680877,22.844274537393154
2023-07-18,41.444975,-71.680877,0.34105546242525864
2023-07-19,41.444975,-71.680877,3.8331943542548528
2023-07-20,41.444975,-71.680877,0.0
2023-07-21,41.444975,-71.680877,1.423471114981625
2023-07-22,41.444975,-71.680877,2.2064727958682298
2023-07-23,41.444975,-71.680877,0.21336434791804615
2023-07-24,41.444975,-71.680877,0.0
2023-07-25,41.444975,-71.680877,0.0
2023-07-26,41.444975,-71.680877,0.0
2023-07-27,41.444975,-71.680877,0.0
2023-07-28,41.444975,-71.680877,0.6858738673318726
2023-07-29,41.444975,-71.680877,1.107123770651341
2023-07-30,41.444975,-71.680877,10.238568770548067
2023-07-31,41.444975,-71.680877,0.0
2023-08-01,41.444975,-71.680877,0.0
2023-08-02,41.444975,-71.680877,0.0
2023-08-03,41.444975,-71.680877,0.0
2023-08-04,41.444975,-71.680877,0.40188132046031144
2023-08-05,41.444975,-71.680877,1.810878623229698
2023-08-06,41.444975,-71.680877,0.0
2023-08-07,41.444975,-71.680877,15.098315195347661
2023-08-08,41.444975,-71.680877,17.285547579919434
2023-08-09,41.444975,-71.680877,0.0
2023-08-10,41.444975,-71.680877,14.467582410908859
2023-08-11,41.444975,-71.680877,15.485525581713803
2023-08-12,41.444975,-71.680877,2.295676566145345
2023-08-13,41.444975,-71.680877,33.36772106407554
2023-08-14,41.444975,-71.680877,0.09037455253487536
2023-08-15,41.444975,-71.680877,16.553307431198185
2023-08-16,41.444975,-71.680877,0.710968924147553
2023-08-17,41.444975,-71.680877,2.4985292771993217
2023-08-18,41.444975,-71.680877,4.778192942882097
2023-08-19,41.444975,-71.680877,0.0023272742345511735
2023-08-20,41.444975,-71.680877,0.0
2023-08-21,41.444975,-71.680877,0.17397400375388455
2023-08-22,41.444975,-71.680877,0.6564569970749127
2023-08-23,41.444975,-71.680877,0.0
2023-08-24,41.444975,-71.680877,0.170686065732625
2023-08-25,41.444975,-71.680877,12.903483379546921
2023-08-26,41.444975,-71.680877,0.3149439825648972
2023-08-27,41.444975,-71.680877,0.0
2023-08-28,41.444975,-71.680877,0.16879556585692695
2023-08-29,41.444975,-71.680877,0.7499588091500927
2023-08-30,41.444975,-71.680877,2.740431589169908
2023-08-31,41.444975,-71.680877,0.0
2023-09-01,41.444975,-71.680877,0.0
2023-09-02,41.444975,-71.680877,0.0
2023-09-03,41.444975,-71.680877,0.5903163497107269
2023-09-04,41.444975,-71.680877,0.2652395465150808
2023-09-05,41.444975,-71.680877,0.03094943054513176
2023-09-06,41.444975,-71.680877,0.0
2023-09-07,41.444975,-71.680877,0.0
2023-09-08,41.444975,-71.680877,0.05749050791024834
2023-09-09,41.444975,-71.680877,0.03796749795647188
2023-09-10,41.444975,-71.680877,2.958116096655868
2023-09-11,41.444975,-71.680877,0.10053317261251382
2023-09-12,41.444975,-71.680877,1.6682970229102105
2023-09-13,41.444975,-71.680877,4.579364794315809
2023-09-14,41.444975,-71.680877,0.003994506127500256
2023-09-15,41.444975,-71.680877,0.025166210541543874
2023-09-16,41.444975,-71.680877,13.078304334463391
2023-09-17,41.444975,-71.680877,0.0
2023-09-18,41.444975,-71.680877,47.32825920429998
2023-09-19,41.444975,-71.680877,0.02297769994720279
2023-09-20,41.444975,-71.680877,0.0
2023-09-21,41.444975,-71.680877,0.0
2023-09-22,41.444975,-71.680877,0.02304357791236421
2023-09-23,41.444975,-71.680877,31.223503947001195
2023-09-24,41.444975,-71.680877,0.16696598869612084
2023-09-25,41.444975,-71.680877,12.692481689037486
2023-09-26,41.444975,-71.680877,12.090635970718026
2023-09-27,41.444975,-71.680877,0.0
2023-09-28,41.444975,-71.680877,0.0
2023-09-29,41.444975,-71.680877,19.543111641476177
2023-09-30,41.444975,-71.680877,45.504088646740556
2023-10-01,41.444975,-71.680877,3.3882804135570055
2023-10-02,41.444975,-71.680877,0.0
2023-10-03,41.444975,-71.680877,0.0
2023-10-04,41.444975,-71.680877,0.0
2023-10-05,41.444975,-71.680877,0.0
2023-10-06,41.444975,-71.680877,0.0017772723791026012
2023-10-07,41.444975,-71.680877,3.5523745026697107
2023-10-08,41.444975,-71.680877,0.008512518522350968
2023-10-09,41.444975,-71.680877,0.027220226773377675
2023-10-10,41.444975,-71.680877,0.18758239980587604
2023-10-11,41.444975,-71.680877,0.06431610663218078
2023-10-12,41.444975,-71.680877,0.0
2023-10-13,41.444975,-71.680877,0.0
2023-10-14,41.444975,-71.680877,13.467038989137258
2023-10-15,41.444975,-71.680877,6.528419476545881
2023-10-16,41.444975,-71.680877,0.06918435044741128
2023-10-17,41.444975,-71.680877,0.059315178242946534
2023-10-18,41.444975,-71.680877,0.06329895139418956
2023-10-19,41.444975,-71.680877,0.0
2023-10-20,41.444975,-71.680877,2.3885668027405003
2023-10-21,41.444975,-71.680877,34.52338928647873
2023-10-22,41.444975,-71.680877,0.0
2023-10-23,41.444975,-71.680877,0.13907069055073115
2023-10-24,41.444975,-71.680877,0.0723222889810296
2023-10-25,41.444975,-71.680877,0.07813908545875911
2023-10-26,41.444975,-71.680877,0.0
2023-10-27,41.444975,-71.680877,1.9444921403281195
2023-10-28,41.444975,-71.680877,0.0
2023-10-29,41.444975,-71.680877,7.370900822324133
2023-10-30,41.444975,-71.680877,10.689789327365668
2023-10-31,41.444975,-71.680877,5.173073609128644
2023-11-01,41.444975,-71.680877,0.14240533832350463
2023-11-02,41.444975,-71.680877,0.0
2023-11-03,41.444975,-71.680877,0.03915562407608414
2023-11-04,41.444975,-71.680877,0.13001869718651918
2023-11-05,41.444975,-71.680877,0.1018199375798275
2023-11-06,41.444975,-71.680877,1.510292504095648
2023-11-07,41.444975,-71.680877,24.45731528872986
2023-11-08,41.444975,-71.680877,0.0
2023-11-09,41.444975,-71.680877,2.1932866932227784
2023-11-10,41.444975,-71.680877,1.042752665701544
2023-11-11,41.444975,-71.680877,0.0
2023-11-12,41.444975,-71.680877,0.0
2023-11-13,41.444975,-71.680877,0.0
2023-11-14,41.444975,-71.680877,0.0014662214173163813
2023-11-15,41.444975,-71.680877,0.0
2023-11-16,41.444975,-71.680877,0.002028522456085304
2023-11-17,41.444975,-71.680877,0.005210225316184315
2023-11-18,41.444975,-71.680877,0.30701283533450335
2023-11-19,41.444975,-71.680877,0.0
2023-11-20,41.444975,-71.680877,0.006738731136757213
2023-11-21,41.444975,-71.680877,1.1236697166135658
2023-11-22,41.444975,-71.680877,45.280751669768414
2023-11-23,41.444975,-71.680877,0.4025495536709215
2023-11-24,41.444975,-71.680877,0.0019687214060849986
2023-11-25,41.444975,-71.680877,0.0
2023-11-26,41.444975,-71.680877,1.1129055494162114
2023-11-27,41.444975,-71.680877,9.157616789757293
2023-11-28,41.444975,-71.680877,0.003282528476540601
2023-11-29,41.444975,-71.680877,0.0
2023-11-30,41.444975,-71.680877,0.007433427839111922
2023-12-01,41.444975,-71.680877,4.39819755943686
2023-12-02,41.444975,-71.680877,4.940065852703089
2023-12-03,41.444975,-71.680877,28.913237128960905
2023-12-04,41.444975,-71.680877,0.0001551516214165937
2023-12-05,41.444975,-71.680877,0.0
2023-12-06,41.444975,-71.680877,0.000521022551028036
2023-12-07,41.444975,-71.680877,0.0016811741823312052
2023-12-08,41.444975,-71.680877,0.00025124999438430867
2023-12-09,41.444975,-71.680877,0.47115769688274467
2023-12-10,41.444975,-71.680877,7.539840851224156
2023-12-11,41.444975,-71.680877,69.97090301079355
2023-12-12,41.444975,-71.680877,0.0
2023-12-13,41.444975,-71.680877,0.0
2023-12-14,41.444975,-71.680877,0.039383735293299915
2023-12-15,41.444975,-71.680877,0.16331135487781562
2023-12-16,41.444975,-71.680877,0.05194262689498047
2023-12-17,41.444975,-71.680877,18.510253888943218
2023-12-18,41.444975,-71.680877,70.1811972601043
2023-12-19,41.444975,-71.680877,0.0
2023-12-20,41.444975,-71.680877,0.0
2023-12-21,41.444975,-71.680877,0.0
2023-12-22,41.444975,-71.680877,0.0
2023-12-23,41.444975,-71.680877,0.03788917503320213
2023-12-24,41.444975,-71.680877,2.1426038074849227
2023-12-25,41.444975,-71.680877,0.03564013267083885
2023-12-26,41.444975,-71.680877,0.0
2023-12-27,41.444975,-71.680877,10.385291451163228
2023-12-28,41.444975,-71.680877,19.649322763629346
2023-12-29,41.444975,-71.680877,0.8415259581309713
2023-12-30,41.444975,-71.680877,0.003282528476540601
2023-12-31,41.444975,-71.680877,0.04449067154101184
2024-01-01,41.444975,-71.680877,0.39675176224926756
2024-01-02,41.444975,-71.680877,0.0
2024-01-03,41.444975,-71.680877,0.0
2024-01-04,41.444975,-71.680877,0.9346029819670963
2024-01-05,41.444975,-71.680877,0.0
2024-01-06,41.444975,-71.680877,0.7618513127705754
2024-01-07,41.444975,-71.680877,5.067642541183658
2024-01-08,41.444975,-71.680877,0.0
2024-01-09,41.444975,-71.680877,28.29940927337537
2024-01-10,41.444975,-71.680877,109.88313307881965
2024-01-11,41.444975,-71.680877,0.0
2024-01-12,41.444975,-71.680877,0.0
2024-01-13,41.444975,-71.680877,38.361320190396114
2024-01-14,41.444975,-71.680877,0.0
2024-01-15,41.444975,-71.680877,0.09414033467649102
2024-01-16,41.444975,-71.680877,3.908817497393735
2024-01-17,41.444975,-71.680877,0.0
2024-01-18,41.444975,-71.680877,0.0
2024-01-19,41.444975,-71.680877,0.008842346187241397
2024-01-20,41.444975,-71.680877,0.0
2024-01-21,41.444975,-71.680877,0.0
2024-01-22,41.444975,-71.680877,0.44217419782746736
2024-01-23,41.444975,-71.680877,0.7588262799456023
2024-01-24,41.444975,-71.680877,4.324616308170009
2024-01-25,41.444975,-71.680877,14.63175751881295
2024-01-26,41.444975,-71.680877,2.210095497658044
2024-01-27,41.444975,-71.680877,0.3101503236293947
2024-01-28,41.444975,-71.680877,54.915511980968006
2024-01-29,41.444975,-71.680877,0.21567486705922245
2024-01-30,41.444975,-71.680877,0.0003473483673520236
2024-01-31,41.444975,-71.680877,0.0
2024-02-01,41.444975,-71.680877,0.00417365525975546
2024-02-02,41.444975,-71.680877,0.22536714395456953
2024-02-03,41.444975,-71.680877,0.0
2024-02-04,41.444975,-71.680877,0.0
2024-02-05,41.444975,-71.680877,0.0
2024-02-06,41.444975,-71.680877,0.0
2024-02-07,41.444975,-71.680877,0.0
2024-02-08,41.444975,-71.680877,0.0
2024-02-09,41.444975,-71.680877,0.0009309097284995634
2024-02-10,41.444975,-71.680877,0.0
2024-02-11,41.444975,-71.680877,0.0055078825169402115
2024-02-12,41.444975,-71.680877,0.0
2024-02-13,41.444975,-71.680877,33.159941656274746
2024-02-14,41.444975,-71.680877,0.09736331523634549
2024-02-15,41.444975,-71.680877,0.006733256555296248
2024-02-16,41.444975,-71.680877,0.05507419641642497
2024-02-17,41.444975,-71.680877,0.1537087088031034
2024-02-18,41.444975,-71.680877,0.0
2024-02-19,41.444975,-71.680877,0.0
2024-02-20,41.444975,-71.680877,0.0
2024-02-21,41.444975,-71.680877,0.0
2024-02-22,41.444975,-71.680877,0.0
2024-02-23,41.444975,-71.680877,7.031847739238522
2024-02-24,41.444975,-71.680877,1.3813122801174496
2024-02-25,41.444975,-71.680877,0.0
2024-02-26,41.444975,-71.680877,0.00806633421992077
2024-02-27,41.444975,-71.680877,0.020991313135910922
2024-02-28,41.444975,-71.680877,21.482869272260018
2024-02-29,41.444975,-71.680877,12.354163702437711
2024-03-01,41.444975,-71.680877,0.0
2024-03-02,41.444975,-71.680877,38.12054476166828
2024-03-03,41.444975,-71.680877,13.003270279125626
2024-03-04,41.444975,-71.680877,0.0
2024-03-05,41.444975,-71.680877,3.2030262982393882
2024-03-06,41.444975,-71.680877,5.992151778049574
2024-03-07,41.444975,-71.680877,31.81203112022586
2024-03-08,41.444975,-71.680877,0.4918163318062344
2024-03-09,41.444975,-71.680877,3.3372480634730484
2024-03-10,41.444975,-71.680877,20.733508206059685
2024-03-11,41.444975,-71.680877,0.06443416888748034
2024-03-12,41.444975,-71.680877,0.0
2024-03-13,41.444975,-71.680877,0.0
2024-03-14,41.444975,-71.680877,0.07550165310674282
2024-03-15,41.444975,-71.680877,1.2930855966588846
2024-03-16,41.444975,-71.680877,0.0
2024-03-17,41.444975,-71.680877,0.8217251884609612
2024-03-18,41.444975,-71.680877,0.008894174434211647
2024-03-19,41.444975,-71.680877,0.0
2024-03-20,41.444975,-71.680877,4.543233214701575
2024-03-21,41.444975,-71.680877,0.023686192288152462
2024-03-22,41.444975,-71.680877,0.00025124999438430867
2024-03-23,41.444975,-71.680877,58.46443171230456
2024-03-24,41.444975,-71.680877,2.2068369251007205
2024-03-25,41.444975,-71.680877,0.0048455954858567804
2024-03-26,41.444975,-71.680877,0.004565766990700602
2024-03-27,41.444975,-71.680877,0.1743369040870842
2024-03-28,41.444975,-71.680877,79.29552149355514
2024-03-29,41.444975,-71.680877,51.45475907190466
2024-03-30,41.444975,-71.680877,0.0
2024-03-31,41.444975,-71.680877,0.03941459604317936
2024-04-01,41.444975,-71.680877,1.682025930073943
2024-04-02,41.444975,-71.680877,11.926901962769664
2024-04-03,41.444975,-71.680877,19.88962468710799
2024-04-04,41.444975,-71.680877,17.749804824473422
2024-04-05,41.444975,-71.680877,0.3152337895169811
2024-04-06,41.444975,-71.680877,0.20296618948720574
2024-04-07,41.444975,-71.680877,0.1312046652509619
2024-04-08,41.444975,-71.680877,0.016206011947398548
2024-04-09,41.444975,-71.680877,0.3658268951531134
2024-04-10,41.444975,-71.680877,0.41259473712842687
2024-04-11,41.444975,-71.680877,5.535929526362693
2024-04-12,41.444975,-71.680877,20.66673277708148
2024-04-13,41.444975,-71.680877,0.5587574868889793
2024-04-14,41.444975,-71.680877,7.5941396741231735
2024-04-15,41.444975,-71.680877,9.123543263666198
2024-04-16,41.444975,-71.680877,0.03402472749340212
2024-04-17,41.444975,-71.680877,3.159921988762385
2024-04-18,41.444975,-71.680877,17.918898604849847
2024-04-19,41.444975,-71.680877,0.09053297189644212
2024-04-20,41.444975,-71.680877,6.55670774670129
2024-04-21,41.444975,-71.680877,0.5307356042440607
2024-04-22,41.444975,-71.680877,0.0
2024-04-23,41.444975,-71.680877,0.0
2024-04-24,41.444975,-71.680877,0.6483613070740777
2024-04-25,41.444975,-71.680877,0.0
2024-04-26,41.444975,-71.680877,0.0
2024-04-27,41.444975,-71.680877,0.0
2024-04-28,41.444975,-71.680877,6.3208307419950165
2024-04-29,41.444975,-71.680877,2.670308892149591
2024-04-30,41.444975,-71.680877,0.0
2024-05-01,41.444975,-71.680877,8.495108612130077
2024-05-02,41.444975,-71.680877,0.0010049999775372347
2024-05-03,41.444975,-71.680877,0.08033366028544253
2024-05-04,41.444975,-71.680877,0.1568014150837752
2024-05-05,41.444975,-71.680877,8.687969124310218
2024-05-06,41.444975,-71.680877,3.069409168572479
2024-05-07,41.444975,-71.680877,0.063942424477786
2024-05-08,41.444975,-71.680877,19.595892669845927
2024-05-09,41.444975,-71.680877,5.460508068442192
2024-05-10,41.444975,-71.680877,14.240017936170036
2024-05-11,41.444975,-71.680877,0.0016476146015832732
2024-05-12,41.444975,-71.680877,0.024352657369747482
2024-05-13,41.444975,-71.680877,0.009147414145806127
2024-05-14,41.444975,-71.680877,0.0
2024-05-15,41.444975,-71.680877,25.211115962174084
2024-05-16,41.444975,-71.680877,42.50234509623407
2024-05-17,41.444975,-71.680877,0.6779496824266453
2024-05-18,41.444975,-71.680877,0.23010418841100333
2024-05-19,41.444975,-71.680877,0.42916582222287725
2024-05-20,41.444975,-71.680877,0.003960946744298449
2024-05-21,41.444975,-71.680877,0.0
2024-05-22,41.444975,-71.680877,0.0
2024-05-23,41.444975,-71.680877,21.629731821347512
2024-05-24,41.444975,-71.680877,0.006100604567040078
2024-05-25,41.444975,-71.680877,0.0
2024-05-26,41.444975,-71.680877,0.9171066569792705
2024-05-27,41.444975,-71.680877,0.690260449440154
2024-05-28,41.444975,-71.680877,13.958451051990455
2024-05-29,41.444975,-71.680877,0.0
2024-05-30,41.444975,-71.680877,5.573913628690881
2024-05-31,41.444975,-71.680877,0.048845568767660004
2024-06-01,41.444975,-71.680877,0.0
2024-06-02,41.444975,-71.680877,0.0
2024-06-03,41.444975,-71.680877,0.39479337009058213
2024-06-04,41.444975,-71.680877,0.0
2024-06-05,41.444975,-71.680877,0.001042045102056072
2024-06-06,41.444975,-71.680877,6.8382322910921065
2024-06-07,41.444975,-71.680877,0.04846054352816061
2024-06-08,41.444975,-71.680877,0.0
2024-06-09,41.444975,-71.680877,0.8927283569813074
2024-06-10,41.444975,-71.680877,0.06871476897239473
2024-06-11,41.444975,-71.680877,0.0012157193180814237
2024-06-12,41.444975,-71.680877,0.003647158083641608
2024-06-13,41.444975,-71.680877,0.0
2024-06-14,41.444975,-71.680877,0.2913548573702737
2024-06-15,41.444975,-71.680877,5.478278269994115
2024-06-16,41.444975,-71.680877,0.0
2024-06-17,41.444975,-71.680877,0.0
2024-06-18,41.444975,-71.680877,0.0312618330734578
2024-06-19,41.444975,-71.680877,0.0
2024-06-20,41.444975,-71.680877,0.0
2024-06-21,41.444975,-71.680877,14.180857375474195
2024-06-22,41.444975,-71.680877,11.190785091401699
2024-06-23,41.444975,-71.680877,7.491612890596993
2024-06-24,41.444975,-71.680877,6.764650056117093
2024-06-25,41.444975,-71.680877,0.0
2024-06-26,41.444975,-71.680877,0.0015445450908246883
2024-06-27,41.444975,-71.680877,36.997600635556545
2024-06-28,41.444975,-71.680877,0.0
2024-06-29,41.444975,-71.680877,0.450921016403231
2024-06-30,41.444975,-71.680877,13.806745239340179
2024-07-01,41.444975,-71.680877,5.193976343077102
2024-07-02,41.444975,-71.680877,0.0
2024-07-03,41.444975,-71.680877,0.0
2024-07-04,41.444975,-71.680877,0.04885577878374262
2024-07-05,41.444975,-71.680877,0.529054407777671
2024-07-06,41.444975,-71.680877,8.958010770153942
2024-07-07,41.444975,-71.680877,0.2314864805767422
2024-07-08,41.444975,-71.680877,0.0
2024-07-09,41.444975,-71.680877,7.757581070829686e-05
2024-07-10,41.444975,-71.680877,0.07227778374278164
2024-07-11,41.444975,-71.680877,0.002316817636237035
2024-07-12,41.444975,-71.680877,0.01984982865815954
2024-07-13,41.444975,-71.680877,17.027829951531782
2024-07-14,41.444975,-71.680877,0.0
2024-07-15,41.444975,-71.680877,0.000521022551028036
2024-07-16,41.444975,-71.680877,0.0
2024-07-17,41.444975,-71.680877,0.08473481012386395
2024-07-18,41.444975,-71.680877,11.819216485231001
2024-07-19,41.444975,-71.680877,0.0029779547433941905
2024-07-20,41.444975,-71.680877,0.0015630676207347657
2024-07-21,41.444975,-71.680877,2.17495879462149
2024-07-22,41.444975,-71.680877,0.05626137375004506
2024-07-23,41.444975,-71.680877,7.514713348828898
2024-07-24,41.444975,-71.680877,2.3845974066920697
2024-07-25,41.444975,-71.680877,1.472125406773838
2024-07-26,41.444975,-71.680877,0.0
2024-07-27,41.444975,-71.680877,0.03292711214813955
2024-07-28,41.444975,-71.680877,4.903410571919508
2024-07-29,41.444975,-71.680877,33.1628896175386
2024-07-30,41.444975,-71.680877,0.0006761741724446297
2024-07-31,41.444975,-71.680877,9.708357715740924
2024-08-01,41.444975,-71.680877,0.003282528476540601
2024-08-02,41.444975,-71.680877,0.05252045562464962
2024-08-03,41.444975,-71.680877,1.3281772449085607
2024-08-04,41.444975,-71.680877,6.742034371948297
2024-08-05,41.444975,-71.680877,1.7403062793483177
2024-08-06,41.444975,-71.680877,3.6399235585726943
2024-08-07,41.444975,-71.680877,16.54079634656195
2024-08-08,41.444975,-71.680877,3.032189625421242
2024-08-09,41.444975,-71.680877,5.070370764064773
2024-08-10,41.444975,-71.680877,4.842537065002971
2024-08-11,41.444975,-71.680877,0.0
2024-08-12,41.444975,-71.680877,0.26588483289078796
2024-08-13,41.444975,-71.680877,0.8331326883150806
2024-08-14,41.444975,-71.680877,0.0
2024-08-15,41.444975,-71.680877,0.7833259593335634
2024-08-16,41.444975,-71.680877,0.15805925177528413
2024-08-17,41.444975,-71.680877,0.0
2024-08-18,41.444975,-71.680877,6.175261511316375
2024-08-19,41.444975,-71.680877,38.819491972645146
2024-08-20,41.444975,-71.680877,0.7024085238523539
2024-08-21,41.444975,-71.680877,0.0
2024-08-22,41.444975,-71.680877,0.0
2024-08-23,41.444975,-71.680877,0.0
2024-08-24,41.444975,-71.680877,0.003282528476540601
2024-08-25,41.444975,-71.680877,0.0
2024-08-26,41.444975,-71.680877,26.732035831539953
2024-08-27,41.444975,-71.680877,0.0
2024-08-28,41.444975,-71.680877,0.0005430306894077001
2024-08-29,41.444975,-71.680877,0.07549815312617805
2024-08-30,41.444975,-71.680877,0.0020540162318337923
2024-08-31,41.444975,-71.680877,0.0
2024-09-01,41.444975,-71.680877,8.612970453504028
2024-09-02,41.444975,-71.680877,0.08789674838759964
2024-09-03,41.444975,-71.680877,0.0
2024-09-04,41.444975,-71.680877,0.0
2024-09-05,41.444975,-71.680877,0.0
2024-09-06,41.444975,-71.680877,0.0014662214173163813
2024-09-07,41.444975,-71.680877,0.19141477188749084
2024-09-08,41.444975,-71.680877,0.007162414510080522
2024-09-09,41.444975,-71.680877,0.0
2024-09-10,41.444975,-71.680877,0.0
2024-09-11,41.444975,-71.680877,0.0
2024-09-12,41.444975,-71.680877,0.0
2024-09-13,41.444975,-71.680877,0.0
2024-09-14,41.444975,-71.680877,0.0
2024-09-15,41.444975,-71.680877,0.0
2024-09-16,41.444975,-71.680877,0.0
2024-09-17,41.444975,-71.680877,0.000521022551028036
2024-09-18,41.444975,-71.680877,0.8626850143403636
2024-09-19,41.444975,-71.680877,0.47236948022209313
2024-09-20,41.444975,-71.680877,9.482349765545877
2024-09-21,41.444975,-71.680877,7.238171779130896
2024-09-22,41.444975,-71.680877,2.2548465118019467
2024-09-23,41.444975,-71.680877,1.7375859289361237
2024-09-24,41.444975,-71.680877,0.0
2024-09-25,41.444975,-71.680877,0.1780884672625882
2024-09-26,41.444975,-71.680877,5.554553542236345
2024-09-27,41.444975,-71.680877,3.583378570506887
2024-09-28,41.444975,-71.680877,1.634166576885892
2024-09-29,41.444975,-71.680877,0.5054002062967151
2024-09-30,41.444975,-71.680877,0.044527717917267104
2024-10-01,41.444975,-71.680877,0.0
2024-10-02,41.444975,-71.680877,0.0
2024-10-03,41.444975,-71.680877,0.0
2024-10-04,41.444975,-71.680877,0.010021259613297815
2024-10-05,41.444975,-71.680877,0.0
2024-10-06,41.444975,-71.680877,0.0
2024-10-07,41.444975,-71.680877,20.732556816637825
2024-10-08,41.444975,-71.680877,0.0031806085135829727
2024-10-09,41.444975,-71.680877,0.032825283542568834
2024-10-10,41.444975,-71.680877,0.0
2024-10-11,41.444975,-71.680877,0.0
2024-10-12,41.444975,-71.680877,0.0
2024-10-13,41.444975,-71.680877,0.0
2024-10-14,41.444975,-71.680877,3.1912217947597963
2024-10-15,41.444975,-71.680877,0.017987516802398656
2024-10-16,41.444975,-71.680877,0.0
2024-10-17,41.444975,-71.680877,0.0
2024-10-18,41.444975,-71.680877,0.0
2024-10-19,41.444975,-71.680877,0.0
2024-10-20,41.444975,-71.680877,0.0
2024-10-21,41.444975,-71.680877,0.0
2024-10-22,41.444975,-71.680877,0.0
2024-10-23,41.444975,-71.680877,0.0
2024-10-24,41.444975,-71.680877,0.0
2024-10-25,41.444975,-71.680877,0.0
2024-10-26,41.444975,-71.680877,0.0
2024-10-27,41.444975,-71.680877,0.0
2024-10-28,41.444975,-71.680877,0.17492515152176974
2024-10-29,41.444975,-71.680877,0.03582360672282883
2024-10-30,41.444975,-71.680877,2.8066381197061343
2024-10-31,41.444975,-71.680877,0.0
2024-11-01,41.444975,-71.680877,0.70445262330089
2024-11-02,41.444975,-71.680877,0.0
2024-11-03,41.444975,-71.680877,0.0
2024-11-04,41.444975,-71.680877,0.709951539292013
2024-11-05,41.444975,-71.680877,0.005711229773448952
2024-11-06,41.444975,-71.680877,0.0
2024-11-07,41.444975,-71.680877,0.0003103032428331874
2024-11-08,41.444975,-71.680877,0.0
2024-11-09,41.444975,-71.680877,0.31434558446145155
2024-11-10,41.444975,-71.680877,1.2425542878493738
2024-11-11,41.444975,-71.680877,21.42451138318134
2024-11-12,41.444975,-71.680877,0.0
2024-11-13,41.444975,-71.680877,0.0
2024-11-14,41.444975,-71.680877,0.0
2024-11-15,41.444975,-71.680877,0.6348290315604332
2024-11-16,41.444975,-71.680877,0.0
2024-11-17,41.444975,-71.680877,0.020461220719639284
2024-11-18,41.444975,-71.680877,0.027858207202116285
2024-11-19,41.444975,-71.680877,0.0
2024-11-20,41.444975,-71.680877,0.31589078728407505
2024-11-21,41.444975,-71.680877,35.080438080047465
2024-11-22,41.444975,-71.680877,0.5845725661648278
2024-11-23,41.444975,-71.680877,1.7664513006839913
2024-11-24,41.444975,-71.680877,0.19495649555798467
2024-11-25,41.444975,-71.680877,0.0014889773716970952
2024-11-26,41.444975,-71.680877,6.296908069705262
2024-11-27,41.444975,-71.680877,0.0
2024-11-28,41.444975,-71.680877,17.4397109938903
2024-11-29,41.444975,-71.680877,0.0
2024-11-30,41.444975,-71.680877,0.009847585429621802
2024-12-01,41.444975,-71.680877,0.0005430306894077001
2024-12-02,41.444975,-71.680877,0.0005985983617363328
2024-12-03,41.444975,-71.680877,0.009847585429621802
2024-12-04,41.444975,-71.680877,0.4712948246772212
2024-12-05,41.444975,-71.680877,23.02538226596966
2024-12-06,41.444975,-71.680877,0.0
2024-12-07,41.444975,-71.680877,0.23622759704551843
2024-12-08,41.444975,-71.680877,2.5304103835579568
2024-12-09,41.444975,-71.680877,12.58323707144913
2024-12-10,41.444975,-71.680877,1.1342135520486343
2024-12-11,41.444975,-71.680877,82.50673803283807
2024-12-12,41.444975,-71.680877,24.63940027002411
2024-12-13,41.444975,-71.680877,0.0
2024-12-14,41.444975,-71.680877,0.0
2024-12-15,41.444975,-71.680877,0.1716594439420488
2024-12-16,41.444975,-71.680877,7.592017977681087
2024-12-17,41.444975,-71.680877,4.595795041326649
2024-12-18,41.444975,-71.680877,0.6409266392814104
2024-12-19,41.444975,-71.680877,10.644382223045053
2024-12-20,41.444975,-71.680877,7.56672428501425
2024-12-21,41.444975,-71.680877,0.0
2024-12-22,41.444975,-71.680877,0.0
2024-12-23,41.444975,-71.680877,0.0
2024-12-24,41.444975,-71.680877,1.0466525296838172
2024-12-25,41.444975,-71.680877,0.0
2024-12-26,41.444975,-71.680877,0.0027224710693339385
2024-12-27,41.444975,-71.680877,0.0
2024-12-28,41.444975,-71.680877,6.110144589921932
2024-12-29,41.444975,-71.680877,0.5664642062021334
2024-12-30,41.444975,-71.680877,20.209961292882433
2024-12-31,41.444975,-71.680877,2.328711727882761
2025-01-01,41.444975,-71.680877,46.04188044850477
2025-01-02,41.444975,-71.680877,0.46116679987549736
2025-01-03,41.444975,-71.680877,0.0
2025-01-04,41.444975,-71.680877,0.0
2025-01-05,41.444975,-71.680877,0.0
2025-01-06,41.444975,-71.680877,0.03939607178179409
2025-01-07,41.444975,-71.680877,0.0
2025-01-08,41.444975,-71.680877,0.0
2025-01-09,41.444975,-71.680877,0.4131429659588656
2025-01-10,41.444975,-71.680877,7.757581070829686e-05
2025-01-11,41.444975,-71.680877,0.18790365724517682
2025-01-12,41.444975,-71.680877,0.0
2025-01-13,41.444975,-71.680877,0.0
2025-01-14,41.444975,-71.680877,0.0
2025-01-15,41.444975,-71.680877,0.0
2025-01-16,41.444975,-71.680877,0.0001551516214165937
2025-01-17,41.444975,-71.680877,0.0001551516214165937
2025-01-18,41.444975,-71.680877,7.2360260609681255
2025-01-19,41.444975,-71.680877,3.0027470490036463
2025-01-20,41.444975,-71.680877,2.6826241141545215
2025-01-21,41.444975,-71.680877,0.0014662214173163813
2025-01-22,41.444975,-71.680877,0.0
2025-01-23,41.444975,-71.680877,0.0
2025-01-24,41.444975,-71.680877,0.0
2025-01-25,41.444975,-71.680877,0.0
2025-01-26,41.444975,-71.680877,0.0001736741836760118
2025-01-27,41.444975,-71.680877,0.0006946967347040472
2025-01-28,41.444975,-71.680877,0.0
2025-01-29,41.444975,-71.680877,0.00343494282340138
2025-01-30,41.444975,-71.680877,0.003282528476540601
2025-01-31,41.444975,-71.680877,6.171837546282173
2025-02-01,41.444975,-71.680877,42.36861089489308
2025-02-02,41.444975,-71.680877,0.01906087815200793
2025-02-03,41.444975,-71.680877,0.4680892391901622
2025-02-04,41.444975,-71.680877,0.5619140058003458
2025-02-05,41.444975,-71.680877,0.0
2025-02-06,41.444975,-71.680877,5.041794935663243
2025-02-07,41.444975,-71.680877,0.05252045562464962
2025-02-08,41.444975,-71.680877,0.0
2025-02-09,41.444975,-71.680877,2.218555439193939
2025-02-10,41.444975,-71.680877,0.0
2025-02-11,41.444975,-71.680877,0.0
2025-02-12,41.444975,-71.680877,0.4939679611928103
2025-02-13,41.444975,-71.680877,4.914163595828149
2025-02-14,41.444975,-71.680877,0.0
2025-02-15,41.444975,-71.680877,0.5713408065826009
2025-02-16,41.444975,-71.680877,37.10515158231338
2025-02-17,41.444975,-71.680877,0.0
2025-02-18,41.444975,-71.680877,0.0
2025-02-19,41.444975,-71.680877,0.0
2025-02-20,41.444975,-71.680877,0.0
2025-02-21,41.444975,-71.680877,0.017074784197275088
2025-02-22,41.444975,-71.680877,0.0
2025-02-23,41.444975,-71.680877,0.0
2025-02-24,41.444975,-71.680877,0.10692309654678989
2025-02-25,41.444975,-71.680877,0.12578172133726273
2025-02-26,41.444975,-71.680877,0.017178692243098682
2025-02-27,41.444975,-71.680877,12.796844388198657
2025-02-28,41.444975,-71.680877,1.6016462756711134
2025-03-01,41.444975,-71.680877,0.046792563363429455
2025-03-02,41.444975,-71.680877,0.0
2025-03-03,41.444975,-71.680877,0.0
2025-03-04,41.444975,-71.680877,0.04620675962217739
2025-03-05,41.444975,-71.680877,2.033174241830493
2025-03-06,41.444975,-71.680877,22.287646350945046
2025-03-07,41.444975,-71.680877,0.0
2025-03-08,41.444975,-71.680877,0.0
2025-03-09,41.444975,-71.680877,0.0
2025-03-10,41.444975,-71.680877,0.010263550194319699
2025-03-11,41.444975,-71.680877,0.0
2025-03-12,41.444975,-71.680877,0.0
2025-03-13,41.444975,-71.680877,0.0003103032428331874
2025-03-14,41.444975,-71.680877,0.021042044260020952
2025-03-15,41.444975,-71.680877,0.028219989193628794
2025-03-16,41.444975,-71.680877,0.0
2025-03-17,41.444975,-71.680877,84.9787825243749
2025-03-18,41.444975,-71.680877,5.732271243856275
2025-03-19,41.444975,-71.680877,0.0
2025-03-20,41.444975,-71.680877,0.009903901403514867
2025-03-21,41.444975,-71.680877,6.587633034264131
2025-03-22,41.444975,-71.680877,0.0
2025-03-23,41.444975,-71.680877,0.0
2025-03-24,41.444975,-71.680877,35.04794644054016
2025-03-25,41.444975,-71.680877,2.8241834729890067
2025-03-26,41.444975,-71.680877,0.039293754201352074
2025-03-27,41.444975,-71.680877,0.0014662214173163813
2025-03-28,41.444975,-71.680877,0.00733110681347688
2025-03-29,41.444975,-71.680877,8.096027094325663
2025-03-30,41.444975,-71.680877,4.016773159511454
2025-03-31,41.444975,-71.680877,1.0035747066605747
2025-04-01,41.444975,-71.680877,11.766026858031509
2025-04-02,41.444975,-71.680877,0.0014662214173163813
2025-04-03,41.444975,-71.680877,3.29281374343623
2025-04-04,41.444975,-71.680877,0.5284822444892955
2025-04-05,41.444975,-71.680877,2.232616344994546
2025-04-06,41.444975,-71.680877,12.465781338905952
2025-04-07,41.444975,-71.680877,5.965601657076788
2025-04-08,41.444975,-71.680877,13.852125901055299
2025-04-09,41.444975,-71.680877,7.757581070829686e-05
2025-04-10,41.444975,-71.680877,0.04474874811526369
2025-04-11,41.444975,-71.680877,4.715026520385408
2025-04-12,41.444975,-71.680877,13.255322841890882
2025-04-13,41.444975,-71.680877,10.883394982808895
2025-04-14,41.444975,-71.680877,0.030720189062869552
2025-04-15,41.444975,-71.680877,11.428231049488529
2025-04-16,41.444975,-71.680877,0.012651626814644636
2025-04-17,41.444975,-71.680877,0.008031278370397583
2025-04-18,41.444975,-71.680877,0.39318097308876987
2025-04-19,41.444975,-71.680877,0.1117034997670518
2025-04-20,41.444975,-71.680877,0.14520475188422113
2025-04-21,41.444975,-71.680877,0.1085094308327304
2025-04-22,41.444975,-71.680877,1.364866388667837
2025-04-23,41.444975,-71.680877,0.03721997128667893
2025-04-24,41.444975,-71.680877,0.0
2025-04-25,41.444975,-71.680877,0.0033801227442178286
2025-04-26,41.444975,-71.680877,14.921952832165857
2025-04-27,41.444975,-71.680877,1.2526415754564175
2025-04-28,41.444975,-71.680877,0.1387259725103191
2025-04-29,41.444975,-71.680877,0.0
2025-04-30,41.444975,-71.680877,3.269825503274178
2025-05-01,41.444975,-71.680877,0.0
2025-05-02,41.444975,-71.680877,6.704890632352556
2025-05-03,41.444975,-71.680877,0.0035140142805613938
2025-05-04,41.444975,-71.680877,0.01111887282644694
2025-05-05,41.444975,-71.680877,19.208392440246588
2025-05-06,41.444975,-71.680877,7.9673608793965744
2025-05-07,41.444975,-71.680877,0.007641664211141855
2025-05-08,41.444975,-71.680877,0.007086079504109237
2025-05-09,41.444975,-71.680877,48.59480726009199
2025-05-10,41.444975,-71.680877,2.4831298309174876
2025-05-11,41.444975,-71.680877,0.0
2025-05-12,41.444975,-71.680877,0.0
2025-05-13,41.444975,-71.680877,0.19807908638662236
2025-05-14,41.444975,-71.680877,0.9007662233559761
2025-05-15,41.444975,-71.680877,18.795022515053162
2025-05-16,41.444975,-71.680877,0.23098350493017894
2025-05-17,41.444975,-71.680877,0.6555310216700202
2025-05-18,41.444975,-71.680877,0.0
2025-05-19,41.444975,-71.680877,0.4372927491350999
2025-05-20,41.444975,-71.680877,0.2564018715116056
2025-05-21,41.444975,-71.680877,3.7380104420669853
2025-05-22,41.444975,-71.680877,71.08268397478496
2025-05-23,41.444975,-71.680877,5.916382500596555
2025-05-24,41.444975,-71.680877,0.042604016131408025
2025-05-25,41.444975,-71.680877,0.0202134554919479
2025-05-26,41.444975,-71.680877,0.0
2025-05-27,41.444975,-71.680877,0.0
2025-05-28,41.444975,-71.680877,5.276684175323556
2025-05-29,41.444975,-71.680877,16.792365753674098
2025-05-30,41.444975,-71.680877,1.241552860029721
2025-05-31,41.444975,-71.680877,11.536463500241661
2025-06-01,41.444975,-71.680877,0.0
2025-06-02,41.444975,-71.680877,0.0
2025-06-03,41.444975,-71.680877,0.014673911134187081
2025-06-04,41.444975,-71.680877,0.0
2025-06-05,41.444975,-71.680877,0.14940367046590042
2025-06-06,41.444975,-71.680877,0.3545130583466644
2025-06-07,41.444975,-71.680877,6.673917617239599
2025-06-08,41.444975,-71.680877,0.017594657007796576
2025-06-09,41.444975,-71.680877,1.291921400365044
2025-06-10,41.444975,-71.680877,7.153939721035024
2025-06-11,41.444975,-71.680877,0.0
2025-06-12,41.444975,-71.680877,0.0001551516214165937
2025-06-13,41.444975,-71.680877,0.014481474670749016
2025-06-14,41.444975,-71.680877,16.48523223322277
2025-06-15,41.444975,-71.680877,0.03650536317257877
2025-06-16,41.444975,-71.680877,0.007641410056310069
2025-06-17,41.444975,-71.680877,8.026179807955716
2025-06-18,41.444975,-71.680877,3.709806347380759
2025-06-19,41.444975,-71.680877,0.26610985782512947
2025-06-20,41.444975,-71.680877,0.3009153567421307
2025-06-21,41.444975,-71.680877,0.043455706235337774
2025-06-22,41.444975,-71.680877,1.8732505689898837
2025-06-23,41.444975,-71.680877,0.0
2025-06-24,41.444975,-71.680877,0.0
2025-06-25,41.444975,-71.680877,0.05816701396279595
2025-06-26,41.444975,-71.680877,1.5604041974399192
2025-06-27,41.444975,-71.680877,0.8295439956526421
2025-06-28,41.444975,-71.680877,0.3899963432478414
2025-06-29,41.444975,-71.680877,0.3768565366082317
2025-06-30,41.444975,-71.680877,0.1867626252701799
2025-07-01,41.444975,-71.680877,5.791768018826929
2025-07-02,41.444975,-71.680877,26.046743300733986
2025-07-03,41.444975,-71.680877,0.0019872439683444178
2025-07-04,41.444975,-71.680877,1.5953157573646002
2025-07-05,41.444975,-71.680877,0.009847585429621802
2025-07-06,41.444975,-71.680877,0.0003473483673520236
2025-07-07,41.444975,-71.680877,0.4685084946631465
2025-07-08,41.444975,-71.680877,1.8289875900710528
2025-07-09,41.444975,-71.680877,10.623189271867677
2025-07-10,41.444975,-71.680877,32.479992014356796
2025-07-11,41.444975,-71.680877,1.915075555536576
2025-07-12,41.444975,-71.680877,0.014805065356677981
2025-07-13,41.444975,-71.680877,0.0
2025-07-14,41.444975,-71.680877,0.0014662214173163813
2025-07-15,41.444975,-71.680877,5.606167929353155
2025-07-16,41.444975,-71.680877,0.0
2025-07-17,41.444975,-71.680877,1.4212304662685327
2025-07-18,41.444975,-71.680877,0.0
2025-07-19,41.444975,-71.680877,0.0
2025-07-20,41.444975,-71.680877,1.9675668110318192
2025-07-21,41.444975,-71.680877,2.036801731172203
2025-07-22,41.444975,-71.680877,0.0
2025-07-23,41.444975,-71.680877,0.013303788089838415
2025-07-24,41.444975,-71.680877,0.0
2025-07-25,41.444975,-71.680877,22.01769973689084
2025-07-26,41.444975,-71.680877,1.8625532395508246
2025-07-27,41.444975,-71.680877,6.7040277016479894
2025-07-28,41.444975,-71.680877,0.019994031152453642
2025-07-29,41.444975,-71.680877,0.36568464570418313
2025-07-30,41.444975,-71.680877,0.0
2025-07-31,41.444975,-71.680877,1.2794142248572817
2025-08-01,41.444975,-71.680877,9.755068438429069
2025-08-02,41.444975,-71.680877,0.0
2025-08-03,41.444975,-71.680877,0.0
2025-08-04,41.444975,-71.680877,0.0
2025-08-05,41.444975,-71.680877,0.02820829339023418
2025-08-06,41.444975,-71.680877,0.5263399613208601
2025-08-07,41.444975,-71.680877,6.888625213224551
2025-08-08,41.444975,-71.680877,0.0
2025-08-09,41.444975,-71.680877,0.0
2025-08-10,41.444975,-71.680877,0.0
2025-08-11,41.444975,-71.680877,0.0
2025-08-12,41.444975,-71.680877,0.0
2025-08-13,41.444975,-71.680877,1.717619288782739
2025-08-14,41.444975,-71.680877,1.906163418717406
2025-08-15,41.444975,-71.680877,0.003994506127500256
2025-08-16,41.444975,-71.680877,0.0
2025-08-17,41.444975,-71.680877,0.1889489012104175
2025-08-18,41.444975,-71.680877,0.10767347137194119
2025-08-19,41.444975,-71.680877,0.056790066409631246
2025-08-20,41.444975,-71.680877,11.994541171756502
2025-08-21,41.444975,-71.680877,23.89332129499956
2025-08-22,41.444975,-71.680877,0.0
2025-08-23,41.444975,-71.680877,0.0
2025-08-24,41.444975,-71.680877,0.10285468782498425
2025-08-25,41.444975,-71.680877,0.0348811436351541
2025-08-26,41.444975,-71.680877,0.0
2025-08-27,41.444975,-71.680877,0.013653342915854148
2025-08-28,41.444975,-71.680877,0.013126135902381156
2025-08-29,41.444975,-71.680877,0.5543389097326542
2025-08-30,41.444975,-71.680877,0.0
2025-08-31,41.444975,-71.680877,0.0
2025-09-01,41.444975,-71.680877,5.471024807420937
2025-09-02,41.444975,-71.680877,0.0
2025-09-03,41.444975,-71.680877,0.0
2025-09-04,41.444975,-71.680877,0.0
2025-09-05,41.444975,-71.680877,4.69632008904892
2025-09-06,41.444975,-71.680877,0.5173158261933918
2025-09-07,41.444975,-71.680877,42.03715093065496
2025-09-08,41.444975,-71.680877,3.4347970048106036
2025-09-09,41.444975,-71.680877,0.0
2025-09-10,41.444975,-71.680877,2.489396215484663
2025-09-11,41.444975,-71.680877,0.0
2025-09-12,41.444975,-71.680877,0.0
2025-09-13,41.444975,-71.680877,0.0
2025-09-14,41.444975,-71.680877,0.015061790460833592
2025-09-15,41.444975,-71.680877,0.0
2025-09-16,41.444975,-71.680877,2.1692968881656687
2025-09-17,41.444975,-71.680877,0.4471552589517524
2025-09-18,41.444975,-71.680877,0.0008683708860307206
2025-09-19,41.444975,-71.680877,0.0
2025-09-20,41.444975,-71.680877,0.0
2025-09-21,41.444975,-71.680877,6.771859125578711
2025-09-22,41.444975,-71.680877,0.0
2025-09-23,41.444975,-71.680877,0.0
2025-09-24,41.444975,-71.680877,3.542064834541417
2025-09-25,41.444975,-71.680877,17.32419616142533
2025-09-26,41.444975,-71.680877,0.13608790125720346
2025-09-27,41.444975,-71.680877,0.0595817540430707
2025-09-28,41.444975,-71.680877,21.246882868160057
2025-09-29,41.444975,-71.680877,0.5871994024617703
2025-09-30,41.444975,-71.680877,1.5640868195204636
