date,lat,lon,pr_mm_per_day
2010-01-01,41.492592,-71.628119,1.6523325412057144
2010-01-02,41.492592,-71.628119,0.46267671308124286
2010-01-03,41.492592,-71.628119,0.06225579008448079
2010-01-04,41.492592,-71.628119,0.5184450858807101
2010-01-05,41.492592,-71.628119,0.0
2010-01-06,41.492592,-71.628119,0.0
2010-01-07,41.492592,-71.628119,0.0
2010-01-08,41.492592,-71.628119,0.09130727130435407
2010-01-09,41.492592,-71.628119,0.10147978419315917
2010-01-10,41.492592,-71.628119,0.0
2010-01-11,41.492592,-71.628119,0.3171870513480582
2010-01-12,41.492592,-71.628119,0.21646965058906334
2010-01-13,41.492592,-71.628119,0.0
2010-01-14,41.492592,-71.628119,0.0
2010-01-15,41.492592,-71.628119,0.2994187717716275
2010-01-16,41.492592,-71.628119,0.0
2010-01-17,41.492592,-71.628119,32.08075805518923
2010-01-18,41.492592,-71.628119,25.005485548571194
2010-01-19,41.492592,-71.628119,1.5600690064758698
2010-01-20,41.492592,-71.628119,0.03334372229361763
2010-01-21,41.492592,-71.628119,0.0
2010-01-22,41.492592,-71.628119,7.191877482599954
2010-01-23,41.492592,-71.628119,0.0
2010-01-24,41.492592,-71.628119,6.08102759116841
2010-01-25,41.492592,-71.628119,33.29851101738756
2010-01-26,41.492592,-71.628119,0.6899024480995557
2010-01-27,41.492592,-71.628119,0.11059864782087475
2010-01-28,41.492592,-71.628119,2.401099244597895
2010-01-29,41.492592,-71.628119,0.03710459391586436
2010-01-30,41.492592,-71.628119,0.06601919692039318
2010-01-31,41.492592,-71.628119,3.38477674641831
2010-02-01,41.492592,-71.628119,0.0
2010-02-02,41.492592,-71.628119,3.9527712042049177
2010-02-03,41.492592,-71.628119,0.00998149548502758
2010-02-04,41.492592,-71.628119,0.0
2010-02-05,41.492592,-71.628119,0.005456765114075666
2010-02-06,41.492592,-71.628119,0.7904029870349198
2010-02-07,41.492592,-71.628119,0.0
2010-02-08,41.492592,-71.628119,0.0
2010-02-09,41.492592,-71.628119,0.0
2010-02-10,41.492592,-71.628119,8.862435707053102
2010-02-11,41.492592,-71.628119,1.3570180407733292
2010-02-12,41.492592,-71.628119,0.0
2010-02-13,41.492592,-71.628119,0.0013980521146856257
2010-02-14,41.492592,-71.628119,0.00499074774251379
2010-02-15,41.492592,-71.628119,0.0
2010-02-16,41.492592,-71.628119,0.0028164115227975743
2010-02-17,41.492592,-71.628119,0.01996299097005516
2010-02-18,41.492592,-71.628119,0.0
2010-02-19,41.492592,-71.628119,0.0
2010-02-20,41.492592,-71.628119,0.0
2010-02-21,41.492592,-71.628119,0.0
2010-02-22,41.492592,-71.628119,0.0
2010-02-23,41.492592,-71.628119,3.06304376061182
2010-02-24,41.492592,-71.628119,36.90049287261284
2010-02-25,41.492592,-71.628119,28.95742925687139
2010-02-26,41.492592,-71.628119,42.04749248222903
2010-02-27,41.492592,-71.628119,0.0
2010-02-28,41.492592,-71.628119,1.2144305840585696
2010-03-01,41.492592,-71.628119,0.30846881181689895
2010-03-02,41.492592,-71.628119,0.04907424712420283
2010-03-03,41.492592,-71.628119,5.551728877302181
2010-03-04,41.492592,-71.628119,0.06902466098318052
2010-03-05,41.492592,-71.628119,0.059031397494747936
2010-03-06,41.492592,-71.628119,0.0
2010-03-07,41.492592,-71.628119,0.0
2010-03-08,41.492592,-71.628119,0.0
2010-03-09,41.492592,-71.628119,0.005740799871682971
2010-03-10,41.492592,-71.628119,0.05551305421400152
2010-03-11,41.492592,-71.628119,0.19309531794273857
2010-03-12,41.492592,-71.628119,0.3490942929998617
2010-03-13,41.492592,-71.628119,61.40854243434158
2010-03-14,41.492592,-71.628119,42.68515546303762
2010-03-15,41.492592,-71.628119,5.022305906048909
2010-03-16,41.492592,-71.628119,0.2701149063639223
2010-03-17,41.492592,-71.628119,0.011256250962931797
2010-03-18,41.492592,-71.628119,0.0
2010-03-19,41.492592,-71.628119,0.020358040011636717
2010-03-20,41.492592,-71.628119,0.0
2010-03-21,41.492592,-71.628119,0.0
2010-03-22,41.492592,-71.628119,3.2948937690770697
2010-03-23,41.492592,-71.628119,83.01495257328058
2010-03-24,41.492592,-71.628119,6.449671057234301
2010-03-25,41.492592,-71.628119,0.05000317867379474
2010-03-26,41.492592,-71.628119,25.752178971810007
2010-03-27,41.492592,-71.628119,0.0
2010-03-28,41.492592,-71.628119,0.8198622569591408
2010-03-29,41.492592,-71.628119,102.19273690994488
2010-03-30,41.492592,-71.628119,93.33026435568448
2010-03-31,41.492592,-71.628119,1.1834823839926307
2010-04-01,41.492592,-71.628119,0.0
2010-04-02,41.492592,-71.628119,0.0
2010-04-03,41.492592,-71.628119,0.00332716516167586
2010-04-04,41.492592,-71.628119,0.0
2010-04-05,41.492592,-71.628119,1.279255086455322
2010-04-06,41.492592,-71.628119,0.40345841618535555
2010-04-07,41.492592,-71.628119,0.011144153067780249
2010-04-08,41.492592,-71.628119,0.2731756803684533
2010-04-09,41.492592,-71.628119,15.15034028706421
2010-04-10,41.492592,-71.628119,0.16187641721514476
2010-04-11,41.492592,-71.628119,0.0
2010-04-12,41.492592,-71.628119,0.0
2010-04-13,41.492592,-71.628119,0.012339481441752934
2010-04-14,41.492592,-71.628119,0.0
2010-04-15,41.492592,-71.628119,0.0018843767796738237
2010-04-16,41.492592,-71.628119,4.1187097587303105
2010-04-17,41.492592,-71.628119,13.698111375250777
2010-04-18,41.492592,-71.628119,0.015583246317967479
2010-04-19,41.492592,-71.628119,0.0
2010-04-20,41.492592,-71.628119,0.004484548685233755
2010-04-21,41.492592,-71.628119,0.0
2010-04-22,41.492592,-71.628119,0.2654856056739293
2010-04-23,41.492592,-71.628119,0.443070004860361
2010-04-24,41.492592,-71.628119,0.0
2010-04-25,41.492592,-71.628119,11.716626218263107
2010-04-26,41.492592,-71.628119,5.599237165625294
2010-04-27,41.492592,-71.628119,3.9953978308471867
2010-04-28,41.492592,-71.628119,0.19328511351593036
2010-04-29,41.492592,-71.628119,0.0
2010-04-30,41.492592,-71.628119,0.003905856923454808
2010-05-01,41.492592,-71.628119,0.0
2010-05-02,41.492592,-71.628119,0.8718600565275894
2010-05-03,41.492592,-71.628119,9.05855757276819
2010-05-04,41.492592,-71.628119,0.18579574454822095
2010-05-05,41.492592,-71.628119,0.0
2010-05-06,41.492592,-71.628119,0.3340453184796176
2010-05-07,41.492592,-71.628119,0.0
2010-05-08,41.492592,-71.628119,2.7491999824293067
2010-05-09,41.492592,-71.628119,0.01607426738176733
2010-05-10,41.492592,-71.628119,0.0022422743426168774
2010-05-11,41.492592,-71.628119,0.3330246794320985
2010-05-12,41.492592,-71.628119,2.156960727844527
2010-05-13,41.492592,-71.628119,0.0
2010-05-14,41.492592,-71.628119,5.224200401224551
2010-05-15,41.492592,-71.628119,2.053483011634937
2010-05-16,41.492592,-71.628119,0.0
2010-05-17,41.492592,-71.628119,0.007354948621075241
2010-05-18,41.492592,-71.628119,26.165418449933956
2010-05-19,41.492592,-71.628119,8.043489541014255
2010-05-20,41.492592,-71.628119,0.017870769382644015
2010-05-21,41.492592,-71.628119,0.0
2010-05-22,41.492592,-71.628119,0.11283490466216962
2010-05-23,41.492592,-71.628119,0.31413096857574063
2010-05-24,41.492592,-71.628119,0.020970781633481886
2010-05-25,41.492592,-71.628119,0.09359071608140936
2010-05-26,41.492592,-71.628119,0.0
2010-05-27,41.492592,-71.628119,18.85893513769275
2010-05-28,41.492592,-71.628119,0.0
2010-05-29,41.492592,-71.628119,0.7472141014945971
2010-05-30,41.492592,-71.628119,0.04255362201249913
2010-05-31,41.492592,-71.628119,0.0
2010-06-01,41.492592,-71.628119,7.580111382638451
2010-06-02,41.492592,-71.628119,0.5547931264645164
2010-06-03,41.492592,-71.628119,0.008557211277483035
2010-06-04,41.492592,-71.628119,0.9419972019498672
2010-06-05,41.492592,-71.628119,33.744938170281095
2010-06-06,41.492592,-71.628119,5.923901742976614
2010-06-07,41.492592,-71.628119,0.0
2010-06-08,41.492592,-71.628119,0.1832159920839873
2010-06-09,41.492592,-71.628119,9.830213561903522
2010-06-10,41.492592,-71.628119,1.3618640084818607
2010-06-11,41.492592,-71.628119,0.7317001883495895
2010-06-12,41.492592,-71.628119,2.0470260313715136
2010-06-13,41.492592,-71.628119,3.423914259511725
2010-06-14,41.492592,-71.628119,0.0638960263580185
2010-06-15,41.492592,-71.628119,0.0027961042293712514
2010-06-16,41.492592,-71.628119,0.27482557483548714
2010-06-17,41.492592,-71.628119,0.13501871121973086
2010-06-18,41.492592,-71.628119,0.0
2010-06-19,41.492592,-71.628119,0.0
2010-06-20,41.492592,-71.628119,2.6410321459271957
2010-06-21,41.492592,-71.628119,0.0
2010-06-22,41.492592,-71.628119,1.1609262488567909
2010-06-23,41.492592,-71.628119,9.781486237741136
2010-06-24,41.492592,-71.628119,5.513749388787741
2010-06-25,41.492592,-71.628119,0.006909381642468197
2010-06-26,41.492592,-71.628119,0.04482625591174919
2010-06-27,41.492592,-71.628119,1.791563800241018
2010-06-28,41.492592,-71.628119,1.703159650259187
2010-06-29,41.492592,-71.628119,0.7395691021982961
2010-06-30,41.492592,-71.628119,0.037727800847151376
2010-07-01,41.492592,-71.628119,0.0
2010-07-02,41.492592,-71.628119,0.0
2010-07-03,41.492592,-71.628119,0.008665331289901868
2010-07-04,41.492592,-71.628119,0.17363705654077388
2010-07-05,41.492592,-71.628119,0.0
2010-07-06,41.492592,-71.628119,0.09900956540635057
2010-07-07,41.492592,-71.628119,0.0
2010-07-08,41.492592,-71.628119,0.0
2010-07-09,41.492592,-71.628119,1.3489068932520323
2010-07-10,41.492592,-71.628119,3.201969808184642
2010-07-11,41.492592,-71.628119,1.7459981880397142
2010-07-12,41.492592,-71.628119,0.027637526569872787
2010-07-13,41.492592,-71.628119,20.53246066118082
2010-07-14,41.492592,-71.628119,8.954512082182108
2010-07-15,41.492592,-71.628119,0.21974288139989248
2010-07-16,41.492592,-71.628119,0.1468359601992869
2010-07-17,41.492592,-71.628119,0.22416407766446644
2010-07-18,41.492592,-71.628119,0.013453646055701266
2010-07-19,41.492592,-71.628119,12.619491249304906
2010-07-20,41.492592,-71.628119,2.170980598256405
2010-07-21,41.492592,-71.628119,5.152861870013064
2010-07-22,41.492592,-71.628119,0.4488247264104753
2010-07-23,41.492592,-71.628119,16.16581981556106
2010-07-24,41.492592,-71.628119,9.682091954923306
2010-07-25,41.492592,-71.628119,15.587881471802891
2010-07-26,41.492592,-71.628119,0.0
2010-07-27,41.492592,-71.628119,0.0
2010-07-28,41.492592,-71.628119,0.0
2010-07-29,41.492592,-71.628119,2.4044778409018916
2010-07-30,41.492592,-71.628119,0.0
2010-07-31,41.492592,-71.628119,0.0
2010-08-01,41.492592,-71.628119,0.0
2010-08-02,41.492592,-71.628119,0.0
2010-08-03,41.492592,-71.628119,0.7405169135694193
2010-08-04,41.492592,-71.628119,0.14858583662069696
2010-08-05,41.492592,-71.628119,5.167997010619187
2010-08-06,41.492592,-71.628119,0.3368756646091845
2010-08-07,41.492592,-71.628119,0.02242274259085647
2010-08-08,41.492592,-71.628119,0.0
2010-08-09,41.492592,-71.628119,0.0917647670003016
2010-08-10,41.492592,-71.628119,3.5092840405817034
2010-08-11,41.492592,-71.628119,0.07806364890120548
2010-08-12,41.492592,-71.628119,1.2523953381169324
2010-08-13,41.492592,-71.628119,3.3659680235759173
2010-08-14,41.492592,-71.628119,0.0
2010-08-15,41.492592,-71.628119,0.5797531861499163
2010-08-16,41.492592,-71.628119,1.4482695863923423
2010-08-17,41.492592,-71.628119,3.321099731910783
2010-08-18,41.492592,-71.628119,8.807333248970487
2010-08-19,41.492592,-71.628119,1.0437991458811975
2010-08-20,41.492592,-71.628119,0.01896591195965336
2010-08-21,41.492592,-71.628119,0.4300016064983737
2010-08-22,41.492592,-71.628119,36.74385402849695
2010-08-23,41.492592,-71.628119,9.604377086282254
2010-08-24,41.492592,-71.628119,0.21501164160474154
2010-08-25,41.492592,-71.628119,11.31824188887406
2010-08-26,41.492592,-71.628119,0.2690059189323361
2010-08-27,41.492592,-71.628119,0.0
2010-08-28,41.492592,-71.628119,0.0
2010-08-29,41.492592,-71.628119,0.0
2010-08-30,41.492592,-71.628119,0.0
2010-08-31,41.492592,-71.628119,0.0
2010-09-01,41.492592,-71.628119,0.0
2010-09-02,41.492592,-71.628119,0.0025125023728984315
2010-09-03,41.492592,-71.628119,18.8417243120614
2010-09-04,41.492592,-71.628119,21.9761393503294
2010-09-05,41.492592,-71.628119,0.0
2010-09-06,41.492592,-71.628119,0.0
2010-09-07,41.492592,-71.628119,0.0
2010-09-08,41.492592,-71.628119,0.589301690023089
2010-09-09,41.492592,-71.628119,0.0
2010-09-10,41.492592,-71.628119,0.0
2010-09-11,41.492592,-71.628119,0.0
2010-09-12,41.492592,-71.628119,2.643060597944364
2010-09-13,41.492592,-71.628119,0.1548263255829089
2010-09-14,41.492592,-71.628119,0.0
2010-09-15,41.492592,-71.628119,0.0
2010-09-16,41.492592,-71.628119,1.4900010368524554
2010-09-17,41.492592,-71.628119,22.275957502089398
2010-09-18,41.492592,-71.628119,0.0
2010-09-19,41.492592,-71.628119,0.02661732129340688
2010-09-20,41.492592,-71.628119,0.0022422743426168774
2010-09-21,41.492592,-71.628119,0.0
2010-09-22,41.492592,-71.628119,0.0
2010-09-23,41.492592,-71.628119,3.750847804741576
2010-09-24,41.492592,-71.628119,0.8591044804127396
2010-09-25,41.492592,-71.628119,0.0
2010-09-26,41.492592,-71.628119,0.19027780081183143
2010-09-27,41.492592,-71.628119,0.38280947088771455
2010-09-28,41.492592,-71.628119,3.572618564220244
2010-09-29,41.492592,-71.628119,0.10878270596547053
2010-09-30,41.492592,-71.628119,2.90504221121747
2010-10-01,41.492592,-71.628119,11.477379155564005
2010-10-02,41.492592,-71.628119,0.1520139213502152
2010-10-03,41.492592,-71.628119,0.9731883908597558
2010-10-04,41.492592,-71.628119,7.829300296511598
2010-10-05,41.492592,-71.628119,0.025753151545161647
2010-10-06,41.492592,-71.628119,29.255948876762204
2010-10-07,41.492592,-71.628119,0.0
2010-10-08,41.492592,-71.628119,0.0
2010-10-09,41.492592,-71.628119,0.0
2010-10-10,41.492592,-71.628119,0.0
2010-10-11,41.492592,-71.628119,0.0
2010-10-12,41.492592,-71.628119,4.361486523597662
2010-10-13,41.492592,-71.628119,0.0
2010-10-14,41.492592,-71.628119,0.0
2010-10-15,41.492592,-71.628119,29.12019363808808
2010-10-16,41.492592,-71.628119,0.022620478751951417
2010-10-17,41.492592,-71.628119,0.004259199904799611
2010-10-18,41.492592,-71.628119,0.0
2010-10-19,41.492592,-71.628119,3.555470374088148
2010-10-20,41.492592,-71.628119,0.01913547020521259
2010-10-21,41.492592,-71.628119,1.8389188908972707
2010-10-22,41.492592,-71.628119,0.0
2010-10-23,41.492592,-71.628119,0.0013980521146856257
2010-10-24,41.492592,-71.628119,4.1275024354136995
2010-10-25,41.492592,-71.628119,3.220838313983977
2010-10-26,41.492592,-71.628119,0.7882030194109015
2010-10-27,41.492592,-71.628119,13.627316828516163
2010-10-28,41.492592,-71.628119,0.3486968591265265
2010-10-29,41.492592,-71.628119,0.0
2010-10-30,41.492592,-71.628119,0.1520927428642554
2010-10-31,41.492592,-71.628119,1.4484675334394328
2010-11-01,41.492592,-71.628119,0.0
2010-11-02,41.492592,-71.628119,0.0
2010-11-03,41.492592,-71.628119,0.0
2010-11-04,41.492592,-71.628119,12.489692153474428
2010-11-05,41.492592,-71.628119,26.26453052766908
2010-11-06,41.492592,-71.628119,2.90318003370245
2010-11-07,41.492592,-71.628119,2.156344425359198
2010-11-08,41.492592,-71.628119,11.035368310037223
2010-11-09,41.492592,-71.628119,0.1801048887121573
2010-11-10,41.492592,-71.628119,3.8040886523377218
2010-11-11,41.492592,-71.628119,4.382573511411086
2010-11-12,41.492592,-71.628119,0.0
2010-11-13,41.492592,-71.628119,0.0
2010-11-14,41.492592,-71.628119,0.0013980521146856257
2010-11-15,41.492592,-71.628119,0.12106915069351104
2010-11-16,41.492592,-71.628119,4.911285832713801
2010-11-17,41.492592,-71.628119,30.983564395468136
2010-11-18,41.492592,-71.628119,0.007870399824082776
2010-11-19,41.492592,-71.628119,0.06087226251036643
2010-11-20,41.492592,-71.628119,0.17226062511515158
2010-11-21,41.492592,-71.628119,0.012172675946563466
2010-11-22,41.492592,-71.628119,0.07571578886411585
2010-11-23,41.492592,-71.628119,1.2327110527292546
2010-11-24,41.492592,-71.628119,0.0
2010-11-25,41.492592,-71.628119,0.1553390371281308
2010-11-26,41.492592,-71.628119,4.418292552140661
2010-11-27,41.492592,-71.628119,0.0
2010-11-28,41.492592,-71.628119,0.0
2010-11-29,41.492592,-71.628119,0.03345877672558134
2010-11-30,41.492592,-71.628119,1.9053062735623294
2010-12-01,41.492592,-71.628119,19.17733892533993
2010-12-02,41.492592,-71.628119,0.13038217936022498
2010-12-03,41.492592,-71.628119,0.7675254046898595
2010-12-04,41.492592,-71.628119,0.0025125023728984315
2010-12-05,41.492592,-71.628119,0.0
2010-12-06,41.492592,-71.628119,0.0
2010-12-07,41.492592,-71.628119,0.009421884483356676
2010-12-08,41.492592,-71.628119,0.005957039488920613
2010-12-09,41.492592,-71.628119,0.5381860704725977
2010-12-10,41.492592,-71.628119,0.0
2010-12-11,41.492592,-71.628119,0.002330086771006875
2010-12-12,41.492592,-71.628119,33.06964767962218
2010-12-13,41.492592,-71.628119,79.39574667541842
2010-12-14,41.492592,-71.628119,0.0
2010-12-15,41.492592,-71.628119,0.0
2010-12-16,41.492592,-71.628119,0.06978997937416784
2010-12-17,41.492592,-71.628119,0.0
2010-12-18,41.492592,-71.628119,0.0
2010-12-19,41.492592,-71.628119,0.04032891172870543
2010-12-20,41.492592,-71.628119,0.6376904967570856
2010-12-21,41.492592,-71.628119,0.07794000394191966
2010-12-22,41.492592,-71.628119,0.0
2010-12-23,41.492592,-71.628119,0.3638798175167803
2010-12-24,41.492592,-71.628119,0.0
2010-12-25,41.492592,-71.628119,0.1301648682516413
2010-12-26,41.492592,-71.628119,5.507339058080639
2010-12-27,41.492592,-71.628119,0.32504401649294434
2010-12-28,41.492592,-71.628119,0.01256251139650211
2010-12-29,41.492592,-71.628119,0.0
2010-12-30,41.492592,-71.628119,0.0
2010-12-31,41.492592,-71.628119,0.14959621041288745
2011-01-01,41.492592,-71.628119,0.6723021937527106
2011-01-02,41.492592,-71.628119,4.635813328497308
2011-01-03,41.492592,-71.628119,7.404648594237466
2011-01-04,41.492592,-71.628119,0.01820163160844886
2011-01-05,41.492592,-71.628119,0.181017751081725
2011-01-06,41.492592,-71.628119,0.052295323720056554
2011-01-07,41.492592,-71.628119,0.021356268999661553
2011-01-08,41.492592,-71.628119,1.5876889122343043
2011-01-09,41.492592,-71.628119,1.4881892499434524
2011-01-10,41.492592,-71.628119,0.0
2011-01-11,41.492592,-71.628119,0.04216825535312797
2011-01-12,41.492592,-71.628119,22.433809137752316
2011-01-13,41.492592,-71.628119,0.43713968347680987
2011-01-14,41.492592,-71.628119,0.005592208458742503
2011-01-15,41.492592,-71.628119,1.264811687375482
2011-01-16,41.492592,-71.628119,3.190532090020767
2011-01-17,41.492592,-71.628119,0.8836764250292604
2011-01-18,41.492592,-71.628119,36.35452273532636
2011-01-19,41.492592,-71.628119,2.9479523492664126
2011-01-20,41.492592,-71.628119,0.16353799087710602
2011-01-21,41.492592,-71.628119,7.3855258402486905
2011-01-22,41.492592,-71.628119,0.0
2011-01-23,41.492592,-71.628119,0.4016600003162571
2011-01-24,41.492592,-71.628119,0.0
2011-01-25,41.492592,-71.628119,1.7069092860277677
2011-01-26,41.492592,-71.628119,8.563170723804568
2011-01-27,41.492592,-71.628119,26.531172881044203
2011-01-28,41.492592,-71.628119,0.6765130395366905
2011-01-29,41.492592,-71.628119,0.46689470212373996
2011-01-30,41.492592,-71.628119,0.4616876794843757
2011-01-31,41.492592,-71.628119,0.0
2011-02-01,41.492592,-71.628119,0.7775195958369784
2011-02-02,41.492592,-71.628119,24.66075432025579
2011-02-03,41.492592,-71.628119,0.24111360958098735
2011-02-04,41.492592,-71.628119,0.0
2011-02-05,41.492592,-71.628119,0.6554002090778166
2011-02-06,41.492592,-71.628119,1.741915583618231
2011-02-07,41.492592,-71.628119,0.014661976494072656
2011-02-08,41.492592,-71.628119,7.76935903218467
2011-02-09,41.492592,-71.628119,0.0
2011-02-10,41.492592,-71.628119,0.32576453888789003
2011-02-11,41.492592,-71.628119,0.029149566036363254
2011-02-12,41.492592,-71.628119,0.0
2011-02-13,41.492592,-71.628119,0.0013980521146856257
2011-02-14,41.492592,-71.628119,0.10649619291438152
2011-02-15,41.492592,-71.628119,0.0
2011-02-16,41.492592,-71.628119,0.4878249230925694
2011-02-17,41.492592,-71.628119,0.0
2011-02-18,41.492592,-71.628119,0.36200460096740106
2011-02-19,41.492592,-71.628119,0.05509249358914793
2011-02-20,41.492592,-71.628119,0.0
2011-02-21,41.492592,-71.628119,0.989381055831146
2011-02-22,41.492592,-71.628119,0.006686351423528987
2011-02-23,41.492592,-71.628119,0.0
2011-02-24,41.492592,-71.628119,0.0
2011-02-25,41.492592,-71.628119,66.29580798486113
2011-02-26,41.492592,-71.628119,0.011717570770364423
2011-02-27,41.492592,-71.628119,1.3385333284651129
2011-02-28,41.492592,-71.628119,26.183183126144
2011-03-01,41.492592,-71.628119,5.400360400791274
2011-03-02,41.492592,-71.628119,0.012359645839450758
2011-03-03,41.492592,-71.628119,0.0
2011-03-04,41.492592,-71.628119,0.0
2011-03-05,41.492592,-71.628119,0.0
2011-03-06,41.492592,-71.628119,0.2239514580674034
2011-03-07,41.492592,-71.628119,16.175650652396314
2011-03-08,41.492592,-71.628119,0.0
2011-03-09,41.492592,-71.628119,0.03521486901841876
2011-03-10,41.492592,-71.628119,13.867101430930976
2011-03-11,41.492592,-71.628119,15.229931762708397
2011-03-12,41.492592,-71.628119,0.059860938638868086
2011-03-13,41.492592,-71.628119,0.03295171145380143
2011-03-14,41.492592,-71.628119,0.0
2011-03-15,41.492592,-71.628119,0.0
2011-03-16,41.492592,-71.628119,10.476471284076016
2011-03-17,41.492592,-71.628119,0.0055694395042927385
2011-03-18,41.492592,-71.628119,0.8076133619253539
2011-03-19,41.492592,-71.628119,2.551728156266726
2011-03-20,41.492592,-71.628119,0.0
2011-03-21,41.492592,-71.628119,2.060213125390514
2011-03-22,41.492592,-71.628119,0.0
2011-03-23,41.492592,-71.628119,0.1798004736056047
2011-03-24,41.492592,-71.628119,3.9139246249445816
2011-03-25,41.492592,-71.628119,0.0006281255932246079
2011-03-26,41.492592,-71.628119,0.0
2011-03-27,41.492592,-71.628119,0.03500910848867528
2011-03-28,41.492592,-71.628119,0.0
2011-03-29,41.492592,-71.628119,0.0
2011-03-30,41.492592,-71.628119,0.0
2011-03-31,41.492592,-71.628119,11.921860534259826
2011-04-01,41.492592,-71.628119,5.633538544907736
2011-04-02,41.492592,-71.628119,0.18227435807119138
2011-04-03,41.492592,-71.628119,0.0
2011-04-04,41.492592,-71.628119,6.976546453438906
2011-04-05,41.492592,-71.628119,1.9472468940476604
2011-04-06,41.492592,-71.628119,0.0
2011-04-07,41.492592,-71.628119,0.007748473288138204
2011-04-08,41.492592,-71.628119,0.3732684506758822
2011-04-09,41.492592,-71.628119,2.8018587067752234
2011-04-10,41.492592,-71.628119,0.6931066402975652
2011-04-11,41.492592,-71.628119,4.189011385197205
2011-04-12,41.492592,-71.628119,9.69048638577954
2011-04-13,41.492592,-71.628119,50.19380273416784
2011-04-14,41.492592,-71.628119,0.023296235165442596
2011-04-15,41.492592,-71.628119,0.0
2011-04-16,41.492592,-71.628119,3.531882699188818
2011-04-17,41.492592,-71.628119,27.00528925585579
2011-04-18,41.492592,-71.628119,0.5092524223254624
2011-04-19,41.492592,-71.628119,7.238128955854723
2011-04-20,41.492592,-71.628119,2.1938394416743257
2011-04-21,41.492592,-71.628119,0.0
2011-04-22,41.492592,-71.628119,0.008611199807524457
2011-04-23,41.492592,-71.628119,13.2170800684601
2011-04-24,41.492592,-71.628119,0.5203652455389921
2011-04-25,41.492592,-71.628119,7.281977519940152
2011-04-26,41.492592,-71.628119,0.04462924054325195
2011-04-27,41.492592,-71.628119,0.03467441285718786
2011-04-28,41.492592,-71.628119,4.034669519759592
2011-04-29,41.492592,-71.628119,10.252054387131547
2011-04-30,41.492592,-71.628119,0.0
2011-05-01,41.492592,-71.628119,0.0
2011-05-02,41.492592,-71.628119,0.03747116439494545
2011-05-03,41.492592,-71.628119,5.346513881507583
2011-05-04,41.492592,-71.628119,9.106100699149765
2011-05-05,41.492592,-71.628119,3.818979744628617
2011-05-06,41.492592,-71.628119,0.05222131511461926
2011-05-07,41.492592,-71.628119,5.2547702501018225
2011-05-08,41.492592,-71.628119,2.791856766536211
2011-05-09,41.492592,-71.628119,0.0
2011-05-10,41.492592,-71.628119,0.011393930327701952
2011-05-11,41.492592,-71.628119,0.44014678245063665
2011-05-12,41.492592,-71.628119,0.023354777333980222
2011-05-13,41.492592,-71.628119,0.0
2011-05-14,41.492592,-71.628119,0.6174513218441965
2011-05-15,41.492592,-71.628119,5.560508279611209
2011-05-16,41.492592,-71.628119,8.152778512791615
2011-05-17,41.492592,-71.628119,1.5014568945264473
2011-05-18,41.492592,-71.628119,27.671505400757404
2011-05-19,41.492592,-71.628119,6.588733629088808
2011-05-20,41.492592,-71.628119,0.4269320247323054
2011-05-21,41.492592,-71.628119,0.0
2011-05-22,41.492592,-71.628119,0.7363572793172977
2011-05-23,41.492592,-71.628119,3.584964369063208
2011-05-24,41.492592,-71.628119,11.058520175904544
2011-05-25,41.492592,-71.628119,0.0
2011-05-26,41.492592,-71.628119,0.028893776586346898
2011-05-27,41.492592,-71.628119,0.15616188365853323
2011-05-28,41.492592,-71.628119,0.013365976640037278
2011-05-29,41.492592,-71.628119,1.8663834953192995
2011-05-30,41.492592,-71.628119,2.4689365017237765
2011-05-31,41.492592,-71.628119,0.04933003637288361
2011-06-01,41.492592,-71.628119,7.805210652932712
2011-06-02,41.492592,-71.628119,0.4980335520291717
2011-06-03,41.492592,-71.628119,0.002330086771006875
2011-06-04,41.492592,-71.628119,0.06970490614275801
2011-06-05,41.492592,-71.628119,0.0
2011-06-06,41.492592,-71.628119,0.09506598867629823
2011-06-07,41.492592,-71.628119,0.0
2011-06-08,41.492592,-71.628119,0.4446941718197038
2011-06-09,41.492592,-71.628119,27.522649716857174
2011-06-10,41.492592,-71.628119,16.415201048778215
2011-06-11,41.492592,-71.628119,6.759967615675425
2011-06-12,41.492592,-71.628119,6.221731683437122
2011-06-13,41.492592,-71.628119,0.11974199926346067
2011-06-14,41.492592,-71.628119,1.5240625575928017
2011-06-15,41.492592,-71.628119,0.1368412187415596
2011-06-16,41.492592,-71.628119,0.0
2011-06-17,41.492592,-71.628119,6.5122057715282
2011-06-18,41.492592,-71.628119,5.06075911018411
2011-06-19,41.492592,-71.628119,0.0
2011-06-20,41.492592,-71.628119,0.07496329141896617
2011-06-21,41.492592,-71.628119,0.0
2011-06-22,41.492592,-71.628119,8.999013022149494
2011-06-23,41.492592,-71.628119,23.288500478649713
2011-06-24,41.492592,-71.628119,1.806027149499681
2011-06-25,41.492592,-71.628119,0.3217375340837298
2011-06-26,41.492592,-71.628119,0.0
2011-06-27,41.492592,-71.628119,0.009259776171108913
2011-06-28,41.492592,-71.628119,0.0006281255932246079
2011-06-29,41.492592,-71.628119,7.83133122103669
2011-06-30,41.492592,-71.628119,0.0
2011-07-01,41.492592,-71.628119,0.0
2011-07-02,41.492592,-71.628119,0.0
2011-07-03,41.492592,-71.628119,1.9902381167829275
2011-07-04,41.492592,-71.628119,0.023507634447304426
2011-07-05,41.492592,-71.628119,0.0447216017770783
2011-07-06,41.492592,-71.628119,0.5600176681425236
2011-07-07,41.492592,-71.628119,0.0025125023728984315
2011-07-08,41.492592,-71.628119,12.721447736284263
2011-07-09,41.492592,-71.628119,29.358320426947092
2011-07-10,41.492592,-71.628119,0.0
2011-07-11,41.492592,-71.628119,0.0025125023728984315
2011-07-12,41.492592,-71.628119,2.6404275403078885
2011-07-13,41.492592,-71.628119,4.219118556366512
2011-07-14,41.492592,-71.628119,3.13439664293297
2011-07-15,41.492592,-71.628119,0.0
2011-07-16,41.492592,-71.628119,0.162618112316204
2011-07-17,41.492592,-71.628119,0.0
2011-07-18,41.492592,-71.628119,4.535558265239309
2011-07-19,41.492592,-71.628119,0.0006281255932246079
2011-07-20,41.492592,-71.628119,0.0
2011-07-21,41.492592,-71.628119,0.1449598859681713
2011-07-22,41.492592,-71.628119,0.17437729945036487
2011-07-23,41.492592,-71.628119,0.3005153369658716
2011-07-24,41.492592,-71.628119,2.0445102639536534
2011-07-25,41.492592,-71.628119,3.474244226161889
2011-07-26,41.492592,-71.628119,9.739259427592717
2011-07-27,41.492592,-71.628119,0.18182121712522356
2011-07-28,41.492592,-71.628119,0.0
2011-07-29,41.492592,-71.628119,0.8439851455083632
2011-07-30,41.492592,-71.628119,0.4252752958452186
2011-07-31,41.492592,-71.628119,0.0
2011-08-01,41.492592,-71.628119,1.2860069130594822
2011-08-02,41.492592,-71.628119,0.6651097869779472
2011-08-03,41.492592,-71.628119,1.3825415121326667
2011-08-04,41.492592,-71.628119,2.802749870279386
2011-08-05,41.492592,-71.628119,0.0
2011-08-06,41.492592,-71.628119,4.03583675507392
2011-08-07,41.492592,-71.628119,34.997388945939306
2011-08-08,41.492592,-71.628119,2.9968009589323135
2011-08-09,41.492592,-71.628119,3.9126766431577695
2011-08-10,41.492592,-71.628119,2.6494063550341105
2011-08-11,41.492592,-71.628119,0.0
2011-08-12,41.492592,-71.628119,0.0
2011-08-13,41.492592,-71.628119,0.26198828165063004
2011-08-14,41.492592,-71.628119,16.135563110623565
2011-08-15,41.492592,-71.628119,60.84541487036555
2011-08-16,41.492592,-71.628119,0.21308542304361217
2011-08-17,41.492592,-71.628119,0.01633126518984478
2011-08-18,41.492592,-71.628119,0.3939892640899242
2011-08-19,41.492592,-71.628119,0.12933899765324286
2011-08-20,41.492592,-71.628119,1.3515108941379352
2011-08-21,41.492592,-71.628119,1.5019982088175905
2011-08-22,41.492592,-71.628119,20.3743820641913
2011-08-23,41.492592,-71.628119,1.4312307864912972
2011-08-24,41.492592,-71.628119,0.8971914147373533
2011-08-25,41.492592,-71.628119,2.2694356584834074
2011-08-26,41.492592,-71.628119,2.134855955724569
2011-08-27,41.492592,-71.628119,16.245677234003455
2011-08-28,41.492592,-71.628119,41.31153909213681
2011-08-29,41.492592,-71.628119,0.05328856866480122
2011-08-30,41.492592,-71.628119,0.0
2011-08-31,41.492592,-71.628119,3.1020812325529388
2011-09-01,41.492592,-71.628119,2.340479822649228
2011-09-02,41.492592,-71.628119,0.0
2011-09-03,41.492592,-71.628119,0.03866872957899321
2011-09-04,41.492592,-71.628119,0.0
2011-09-05,41.492592,-71.628119,0.41559480641352065
2011-09-06,41.492592,-71.628119,25.907895634820996
2011-09-07,41.492592,-71.628119,2.5143212705818483
2011-09-08,41.492592,-71.628119,61.91680893939797
2011-09-09,41.492592,-71.628119,3.6218084497685425
2011-09-10,41.492592,-71.628119,0.0
2011-09-11,41.492592,-71.628119,0.0
2011-09-12,41.492592,-71.628119,0.03420904166557981
2011-09-13,41.492592,-71.628119,0.0
2011-09-14,41.492592,-71.628119,0.0
2011-09-15,41.492592,-71.628119,0.11904222389086107
2011-09-16,41.492592,-71.628119,1.2008046816343572
2011-09-17,41.492592,-71.628119,3.200574911832265
2011-09-18,41.492592,-71.628119,0.02741363444094109
2011-09-19,41.492592,-71.628119,0.0
2011-09-20,41.492592,-71.628119,1.6818785168964396
2011-09-21,41.492592,-71.628119,0.019734901753952323
2011-09-22,41.492592,-71.628119,0.7800849755732292
2011-09-23,41.492592,-71.628119,26.294676311902037
2011-09-24,41.492592,-71.628119,9.408597181450348
2011-09-25,41.492592,-71.628119,6.1233252133039215
2011-09-26,41.492592,-71.628119,0.5562170664548836
2011-09-27,41.492592,-71.628119,0.013365976640037278
2011-09-28,41.492592,-71.628119,0.00998149548502758
2011-09-29,41.492592,-71.628119,11.505669170413508
2011-09-30,41.492592,-71.628119,0.0
2011-10-01,41.492592,-71.628119,8.892351820641531
2011-10-02,41.492592,-71.628119,0.0
2011-10-03,41.492592,-71.628119,6.018162818240258
2011-10-04,41.492592,-71.628119,6.451218202730817
2011-10-05,41.492592,-71.628119,0.15976226987149994
2011-10-06,41.492592,-71.628119,0.0
2011-10-07,41.492592,-71.628119,0.0
2011-10-08,41.492592,-71.628119,0.0
2011-10-09,41.492592,-71.628119,0.0
2011-10-10,41.492592,-71.628119,0.0
2011-10-11,41.492592,-71.628119,16.209418256356035
2011-10-12,41.492592,-71.628119,6.008034667261054
2011-10-13,41.492592,-71.628119,20.08111701075498
2011-10-14,41.492592,-71.628119,17.75561930712078
2011-10-15,41.492592,-71.628119,0.8099227979075687
2011-10-16,41.492592,-71.628119,0.0
2011-10-17,41.492592,-71.628119,4.854897267810408
2011-10-18,41.492592,-71.628119,0.07598963372474414
2011-10-19,41.492592,-71.628119,33.31459708763616
2011-10-20,41.492592,-71.628119,6.383519608061638
2011-10-21,41.492592,-71.628119,0.0
2011-10-22,41.492592,-71.628119,0.0
2011-10-23,41.492592,-71.628119,0.0
2011-10-24,41.492592,-71.628119,0.005191234647923362
2011-10-25,41.492592,-71.628119,0.394644305681791
2011-10-26,41.492592,-71.628119,2.4394659778966252
2011-10-27,41.492592,-71.628119,14.600756148564695
2011-10-28,41.492592,-71.628119,2.2325574504488888
2011-10-29,41.492592,-71.628119,22.579556550121968
2011-10-30,41.492592,-71.628119,0.11378032094476619
2011-10-31,41.492592,-71.628119,0.020450697113833453
2011-11-01,41.492592,-71.628119,6.675643103846975
2011-11-02,41.492592,-71.628119,0.0
2011-11-03,41.492592,-71.628119,0.10529848338758371
2011-11-04,41.492592,-71.628119,1.016328577806326
2011-11-05,41.492592,-71.628119,0.0
2011-11-06,41.492592,-71.628119,0.006997051058132187
2011-11-07,41.492592,-71.628119,0.0009320347431237507
2011-11-08,41.492592,-71.628119,0.0
2011-11-09,41.492592,-71.628119,0.0
2011-11-10,41.492592,-71.628119,13.915617362057557
2011-11-11,41.492592,-71.628119,0.4393307497776032
2011-11-12,41.492592,-71.628119,0.019019106862061236
2011-11-13,41.492592,-71.628119,2.565252585924015
2011-11-14,41.492592,-71.628119,0.36938433143700244
2011-11-15,41.492592,-71.628119,1.6620541706808638
2011-11-16,41.492592,-71.628119,20.180562631693036
2011-11-17,41.492592,-71.628119,14.854442982234243
2011-11-18,41.492592,-71.628119,0.004804210429963459
2011-11-19,41.492592,-71.628119,0.3695324908400772
2011-11-20,41.492592,-71.628119,0.04799218185019104
2011-11-21,41.492592,-71.628119,10.66888107691711
2011-11-22,41.492592,-71.628119,0.2115749917946763
2011-11-23,41.492592,-71.628119,42.124434338900514
2011-11-24,41.492592,-71.628119,0.010913530228151332
2011-11-25,41.492592,-71.628119,0.050634834270702506
2011-11-26,41.492592,-71.628119,0.5822478428007928
2011-11-27,41.492592,-71.628119,0.04245301821031536
2011-11-28,41.492592,-71.628119,1.8935053149636525
2011-11-29,41.492592,-71.628119,0.0
2011-11-30,41.492592,-71.628119,19.068937391141045
2011-12-01,41.492592,-71.628119,0.0
2011-12-02,41.492592,-71.628119,0.0
2011-12-03,41.492592,-71.628119,0.0
2011-12-04,41.492592,-71.628119,0.0013980521146856257
2011-12-05,41.492592,-71.628119,0.33328785012277246
2011-12-06,41.492592,-71.628119,8.609578708893912
2011-12-07,41.492592,-71.628119,39.676079221517355
2011-12-08,41.492592,-71.628119,2.453318951541691
2011-12-09,41.492592,-71.628119,0.030014381442253924
2011-12-10,41.492592,-71.628119,3.6322973037818347
2011-12-11,41.492592,-71.628119,0.0
2011-12-12,41.492592,-71.628119,0.07810014922799718
2011-12-13,41.492592,-71.628119,0.059996669972493796
2011-12-14,41.492592,-71.628119,0.21618435158237054
2011-12-15,41.492592,-71.628119,6.627822589960857
2011-12-16,41.492592,-71.628119,2.485629676294142
2011-12-17,41.492592,-71.628119,1.0704962963129885
2011-12-18,41.492592,-71.628119,0.0
2011-12-19,41.492592,-71.628119,0.02073429897030627
2011-12-20,41.492592,-71.628119,1.1037671185946627
2011-12-21,41.492592,-71.628119,9.15127115181956
2011-12-22,41.492592,-71.628119,4.522474383961235
2011-12-23,41.492592,-71.628119,15.805128417872847
2011-12-24,41.492592,-71.628119,0.0
2011-12-25,41.492592,-71.628119,0.04079370330625107
2011-12-26,41.492592,-71.628119,1.0652327888896995
2011-12-27,41.492592,-71.628119,10.091592404205375
2011-12-28,41.492592,-71.628119,17.049472108613955
2011-12-29,41.492592,-71.628119,0.09416653687538525
2011-12-30,41.492592,-71.628119,0.15887043981927393
2011-12-31,41.492592,-71.628119,9.480091048478553
2012-01-01,41.492592,-71.628119,0.0
2012-01-02,41.492592,-71.628119,5.216224220275662
2012-01-03,41.492592,-71.628119,0.05553728012444816
2012-01-04,41.492592,-71.628119,0.0
2012-01-05,41.492592,-71.628119,0.5231024361954175
2012-01-06,41.492592,-71.628119,0.7471389042774352
2012-01-07,41.492592,-71.628119,0.0
2012-01-08,41.492592,-71.628119,0.1253076813981644
2012-01-09,41.492592,-71.628119,0.4962902832365006
2012-01-10,41.492592,-71.628119,0.37808037324327887
2012-01-11,41.492592,-71.628119,0.0668029266836285
2012-01-12,41.492592,-71.628119,47.2350371829975
2012-01-13,41.492592,-71.628119,0.7941728232439562
2012-01-14,41.492592,-71.628119,0.024493077564188448
2012-01-15,41.492592,-71.628119,0.0
2012-01-16,41.492592,-71.628119,0.0
2012-01-17,41.492592,-71.628119,5.790736148593318
2012-01-18,41.492592,-71.628119,0.29141360359626634
2012-01-19,41.492592,-71.628119,0.13453645554513882
2012-01-20,41.492592,-71.628119,1.9965793208576934
2012-01-21,41.492592,-71.628119,7.770338729052534
2012-01-22,41.492592,-71.628119,0.37138438652291844
2012-01-23,41.492592,-71.628119,0.9029288289543453
2012-01-24,41.492592,-71.628119,7.353395789106871
2012-01-25,41.492592,-71.628119,0.0
2012-01-26,41.492592,-71.628119,2.997513534117943
2012-01-27,41.492592,-71.628119,29.192638027211906
2012-01-28,41.492592,-71.628119,0.11429288674494739
2012-01-29,41.492592,-71.628119,0.307690355631615
2012-01-30,41.492592,-71.628119,0.25718323259701054
2012-01-31,41.492592,-71.628119,0.06888959846019566
2012-02-01,41.492592,-71.628119,2.2635563046240326
2012-02-02,41.492592,-71.628119,1.317886717110632
2012-02-03,41.492592,-71.628119,0.25131840762121443
2012-02-04,41.492592,-71.628119,0.009117398864804492
2012-02-05,41.492592,-71.628119,0.0
2012-02-06,41.492592,-71.628119,0.0
2012-02-07,41.492592,-71.628119,0.0
2012-02-08,41.492592,-71.628119,0.5526298409114151
2012-02-09,41.492592,-71.628119,0.07713581755188068
2012-02-10,41.492592,-71.628119,0.0
2012-02-11,41.492592,-71.628119,5.492034973269417
2012-02-12,41.492592,-71.628119,0.0
2012-02-13,41.492592,-71.628119,0.0
2012-02-14,41.492592,-71.628119,0.005432336140185578
2012-02-15,41.492592,-71.628119,0.046824752162984054
2012-02-16,41.492592,-71.628119,2.432688205986983
2012-02-17,41.492592,-71.628119,0.17673036210087792
2012-02-18,41.492592,-71.628119,0.0
2012-02-19,41.492592,-71.628119,0.0
2012-02-20,41.492592,-71.628119,0.0
2012-02-21,41.492592,-71.628119,0.02054558631278703
2012-02-22,41.492592,-71.628119,0.9841136888265648
2012-02-23,41.492592,-71.628119,1.3958596797818053
2012-02-24,41.492592,-71.628119,15.184647142272311
2012-02-25,41.492592,-71.628119,5.092206835410258
2012-02-26,41.492592,-71.628119,0.0
2012-02-27,41.492592,-71.628119,0.0
2012-02-28,41.492592,-71.628119,0.0
2012-02-29,41.492592,-71.628119,6.430304798400535
2012-03-01,41.492592,-71.628119,7.3659285060992845
2012-03-02,41.492592,-71.628119,0.0
2012-03-03,41.492592,-71.628119,4.445461995847341
2012-03-04,41.492592,-71.628119,1.2822805625075766
2012-03-05,41.492592,-71.628119,0.0
2012-03-06,41.492592,-71.628119,0.00166358258083793
2012-03-07,41.492592,-71.628119,0.008518399809599222
2012-03-08,41.492592,-71.628119,0.0
2012-03-09,41.492592,-71.628119,1.8761994316911124
2012-03-10,41.492592,-71.628119,0.0
2012-03-11,41.492592,-71.628119,0.00046601737156187534
2012-03-12,41.492592,-71.628119,0.0
2012-03-13,41.492592,-71.628119,2.824282987252898
2012-03-14,41.492592,-71.628119,0.024052788266589027
2012-03-15,41.492592,-71.628119,0.1479118057318661
2012-03-16,41.492592,-71.628119,0.8776830389125807
2012-03-17,41.492592,-71.628119,0.0
2012-03-18,41.492592,-71.628119,0.0
2012-03-19,41.492592,-71.628119,0.0
2012-03-20,41.492592,-71.628119,0.0
2012-03-21,41.492592,-71.628119,0.0
2012-03-22,41.492592,-71.628119,0.0
2012-03-23,41.492592,-71.628119,0.0
2012-03-24,41.492592,-71.628119,0.3042541602409037
2012-03-25,41.492592,-71.628119,4.695600821433533
2012-03-26,41.492592,-71.628119,0.0476692579392807
2012-03-27,41.492592,-71.628119,0.002291708174062538
2012-03-28,41.492592,-71.628119,14.997713287427366
2012-03-29,41.492592,-71.628119,0.7316648554634796
2012-03-30,41.492592,-71.628119,0.0013980521146856257
2012-03-31,41.492592,-71.628119,0.7719817148706659
2012-04-01,41.492592,-71.628119,2.429138978931928
2012-04-02,41.492592,-71.628119,3.006584351488718
2012-04-03,41.492592,-71.628119,0.0
2012-04-04,41.492592,-71.628119,0.015638747417710316
2012-04-05,41.492592,-71.628119,0.0
2012-04-06,41.492592,-71.628119,0.0
2012-04-07,41.492592,-71.628119,0.0
2012-04-08,41.492592,-71.628119,0.043036920007680515
2012-04-09,41.492592,-71.628119,0.06056300186613342
2012-04-10,41.492592,-71.628119,0.0
2012-04-11,41.492592,-71.628119,0.0067762568592962934
2012-04-12,41.492592,-71.628119,2.5388120799114917
2012-04-13,41.492592,-71.628119,0.02525627776163126
2012-04-14,41.492592,-71.628119,0.022018078573268995
2012-04-15,41.492592,-71.628119,7.652308466949058
2012-04-16,41.492592,-71.628119,0.06329660181585044
2012-04-17,41.492592,-71.628119,0.0
2012-04-18,41.492592,-71.628119,0.6861549523515799
2012-04-19,41.492592,-71.628119,2.467481535936627
2012-04-20,41.492592,-71.628119,0.0
2012-04-21,41.492592,-71.628119,0.0
2012-04-22,41.492592,-71.628119,29.6014370447822
2012-04-23,41.492592,-71.628119,40.781032556849745
2012-04-24,41.492592,-71.628119,0.17360133481114634
2012-04-25,41.492592,-71.628119,0.0
2012-04-26,41.492592,-71.628119,0.056720612946893886
2012-04-27,41.492592,-71.628119,2.9105641694721016
2012-04-28,41.492592,-71.628119,0.0
2012-04-29,41.492592,-71.628119,1.0083210302414163
2012-04-30,41.492592,-71.628119,0.0
2012-05-01,41.492592,-71.628119,14.45809375433991
2012-05-02,41.492592,-71.628119,0.006344063589883006
2012-05-03,41.492592,-71.628119,3.0164255104102735
2012-05-04,41.492592,-71.628119,1.903067042717009
2012-05-05,41.492592,-71.628119,0.0396630670878657
2012-05-06,41.492592,-71.628119,1.3263844114754102
2012-05-07,41.492592,-71.628119,0.0
2012-05-08,41.492592,-71.628119,5.6938231267405435
2012-05-09,41.492592,-71.628119,35.660022153830916
2012-05-10,41.492592,-71.628119,13.542711016989811
2012-05-11,41.492592,-71.628119,0.0006281255932246079
2012-05-12,41.492592,-71.628119,0.0
2012-05-13,41.492592,-71.628119,3.5738819046293058
2012-05-14,41.492592,-71.628119,2.2460453843222736
2012-05-15,41.492592,-71.628119,4.355901265639723
2012-05-16,41.492592,-71.628119,15.212006356787754
2012-05-17,41.492592,-71.628119,0.22433956619518836
2012-05-18,41.492592,-71.628119,0.004396879269569768
2012-05-19,41.492592,-71.628119,0.0
2012-05-20,41.492592,-71.628119,0.012643390535044582
2012-05-21,41.492592,-71.628119,1.6141108350486326
2012-05-22,41.492592,-71.628119,10.044603977719435
2012-05-23,41.492592,-71.628119,0.045455701997427
2012-05-24,41.492592,-71.628119,0.6934793427830485
2012-05-25,41.492592,-71.628119,0.8778040292741728
2012-05-26,41.492592,-71.628119,0.23247298197476585
2012-05-27,41.492592,-71.628119,0.3809769644476252
2012-05-28,41.492592,-71.628119,0.16050570324003982
2012-05-29,41.492592,-71.628119,0.00046601737156187534
2012-05-30,41.492592,-71.628119,5.052806890437588
2012-05-31,41.492592,-71.628119,0.0
2012-06-01,41.492592,-71.628119,0.0
2012-06-02,41.492592,-71.628119,10.522838668751582
2012-06-03,41.492592,-71.628119,4.4204276562471785
2012-06-04,41.492592,-71.628119,0.22558191770871683
2012-06-05,41.492592,-71.628119,2.231102020702972
2012-06-06,41.492592,-71.628119,0.5575494434833765
2012-06-07,41.492592,-71.628119,1.747355754510941
2012-06-08,41.492592,-71.628119,0.0006281255932246079
2012-06-09,41.492592,-71.628119,5.517272904053423
2012-06-10,41.492592,-71.628119,0.021463095228393524
2012-06-11,41.492592,-71.628119,0.0
2012-06-12,41.492592,-71.628119,7.108144426429111
2012-06-13,41.492592,-71.628119,21.03940308668737
2012-06-14,41.492592,-71.628119,0.6412905062599791
2012-06-15,41.492592,-71.628119,0.0
2012-06-16,41.492592,-71.628119,0.0
2012-06-17,41.492592,-71.628119,0.0
2012-06-18,41.492592,-71.628119,0.0
2012-06-19,41.492592,-71.628119,0.005025004745796863
2012-06-20,41.492592,-71.628119,0.0
2012-06-21,41.492592,-71.628119,0.0
2012-06-22,41.492592,-71.628119,0.12440513804440409
2012-06-23,41.492592,-71.628119,2.595533870013263
2012-06-24,41.492592,-71.628119,0.0
2012-06-25,41.492592,-71.628119,46.65337689176463
2012-06-26,41.492592,-71.628119,0.010053988189526493
2012-06-27,41.492592,-71.628119,0.0
2012-06-28,41.492592,-71.628119,0.0
2012-06-29,41.492592,-71.628119,0.7404146240912185
2012-06-30,41.492592,-71.628119,0.09841195015500252
2012-07-01,41.492592,-71.628119,3.4766828262792377
2012-07-02,41.492592,-71.628119,0.42525244047422567
2012-07-03,41.492592,-71.628119,1.2844581729135112
2012-07-04,41.492592,-71.628119,6.369601000415679
2012-07-05,41.492592,-71.628119,0.07895059089465777
2012-07-06,41.492592,-71.628119,1.3618805256549293
2012-07-07,41.492592,-71.628119,8.396700736613296
2012-07-08,41.492592,-71.628119,0.006524243375471256
2012-07-09,41.492592,-71.628119,0.2164320080005706
2012-07-10,41.492592,-71.628119,0.0
2012-07-11,41.492592,-71.628119,0.026907292111402532
2012-07-12,41.492592,-71.628119,0.108523085949231
2012-07-13,41.492592,-71.628119,0.32533569147069147
2012-07-14,41.492592,-71.628119,6.069830333941086
2012-07-15,41.492592,-71.628119,3.926012169227444
2012-07-16,41.492592,-71.628119,6.576965315764031
2012-07-17,41.492592,-71.628119,0.04081372517932518
2012-07-18,41.492592,-71.628119,4.473477150278947
2012-07-19,41.492592,-71.628119,2.243351239620128
2012-07-20,41.492592,-71.628119,16.80195615145344
2012-07-21,41.492592,-71.628119,1.7320348903562144
2012-07-22,41.492592,-71.628119,0.0
2012-07-23,41.492592,-71.628119,1.9817094520930136
2012-07-24,41.492592,-71.628119,2.336159473102172
2012-07-25,41.492592,-71.628119,0.0
2012-07-26,41.492592,-71.628119,0.8003015514349971
2012-07-27,41.492592,-71.628119,4.6650422784829235
2012-07-28,41.492592,-71.628119,7.9038318031566845
2012-07-29,41.492592,-71.628119,13.454678501525878
2012-07-30,41.492592,-71.628119,1.9094034810667846
2012-07-31,41.492592,-71.628119,8.771692739004813
2012-08-01,41.492592,-71.628119,1.9750751652429455
2012-08-02,41.492592,-71.628119,2.648249740435814
2012-08-03,41.492592,-71.628119,0.09811835793636482
2012-08-04,41.492592,-71.628119,0.03167268992830346
2012-08-05,41.492592,-71.628119,0.9394145447702558
2012-08-06,41.492592,-71.628119,8.381397338767945
2012-08-07,41.492592,-71.628119,0.7403980379488415
2012-08-08,41.492592,-71.628119,0.5995206446268149
2012-08-09,41.492592,-71.628119,0.0
2012-08-10,41.492592,-71.628119,12.353069863658053
2012-08-11,41.492592,-71.628119,2.213150635333269
2012-08-12,41.492592,-71.628119,8.169768668026375
2012-08-13,41.492592,-71.628119,0.1306182946475099
2012-08-14,41.492592,-71.628119,0.03803821372412247
2012-08-15,41.492592,-71.628119,9.723084987183645
2012-08-16,41.492592,-71.628119,27.392355330392657
2012-08-17,41.492592,-71.628119,0.0
2012-08-18,41.492592,-71.628119,14.562381673714523
2012-08-19,41.492592,-71.628119,0.32650800067194924
2012-08-20,41.492592,-71.628119,6.179006459776017
2012-08-21,41.492592,-71.628119,1.4400069525578698
2012-08-22,41.492592,-71.628119,0.8583018860564503
2012-08-23,41.492592,-71.628119,0.016959390198081833
2012-08-24,41.492592,-71.628119,0.5451673218179648
2012-08-25,41.492592,-71.628119,0.36430550338165524
2012-08-26,41.492592,-71.628119,0.12138730078314308
2012-08-27,41.492592,-71.628119,0.00565313022202396
2012-08-28,41.492592,-71.628119,3.9349850799964394
2012-08-29,41.492592,-71.628119,0.0
2012-08-30,41.492592,-71.628119,0.0
2012-08-31,41.492592,-71.628119,0.0
2012-09-01,41.492592,-71.628119,0.328713913114709
2012-09-02,41.492592,-71.628119,0.0
2012-09-03,41.492592,-71.628119,0.0
2012-09-04,41.492592,-71.628119,18.04356518142732
2012-09-05,41.492592,-71.628119,18.64556853658001
2012-09-06,41.492592,-71.628119,0.3850653304507887
2012-09-07,41.492592,-71.628119,0.0
2012-09-08,41.492592,-71.628119,0.006281255698251055
2012-09-09,41.492592,-71.628119,5.254348961975315
2012-09-10,41.492592,-71.628119,0.0
2012-09-11,41.492592,-71.628119,0.0
2012-09-12,41.492592,-71.628119,0.0
2012-09-13,41.492592,-71.628119,0.0
2012-09-14,41.492592,-71.628119,0.0
2012-09-15,41.492592,-71.628119,4.3928019435175685
2012-09-16,41.492592,-71.628119,0.0
2012-09-17,41.492592,-71.628119,0.0
2012-09-18,41.492592,-71.628119,2.5381246708231044
2012-09-19,41.492592,-71.628119,31.109105363038996
2012-09-20,41.492592,-71.628119,0.0
2012-09-21,41.492592,-71.628119,8.435981683355218
2012-09-22,41.492592,-71.628119,0.0
2012-09-23,41.492592,-71.628119,0.05496588513563993
2012-09-24,41.492592,-71.628119,0.0
2012-09-25,41.492592,-71.628119,0.0
2012-09-26,41.492592,-71.628119,0.13242909849184092
2012-09-27,41.492592,-71.628119,0.22807138363805385
2012-09-28,41.492592,-71.628119,17.441737261038575
2012-09-29,41.492592,-71.628119,12.859694360391037
2012-09-30,41.492592,-71.628119,10.949191274050905
2012-10-01,41.492592,-71.628119,0.0021295999523998055
2012-10-02,41.492592,-71.628119,13.167311363465208
2012-10-03,41.492592,-71.628119,0.9926976261249865
2012-10-04,41.492592,-71.628119,1.3751144582945036
2012-10-05,41.492592,-71.628119,0.8134465081279285
2012-10-06,41.492592,-71.628119,0.08185147614086107
2012-10-07,41.492592,-71.628119,9.91901661981749
2012-10-08,41.492592,-71.628119,2.3946909617088386
2012-10-09,41.492592,-71.628119,16.38074677219558
2012-10-10,41.492592,-71.628119,0.686035772341177
2012-10-11,41.492592,-71.628119,0.0
2012-10-12,41.492592,-71.628119,0.03743408401078457
2012-10-13,41.492592,-71.628119,0.0027577255456244136
2012-10-14,41.492592,-71.628119,2.1299507178995696
2012-10-15,41.492592,-71.628119,0.49824800103124967
2012-10-16,41.492592,-71.628119,3.784589275119152
2012-10-17,41.492592,-71.628119,0.08413995413551893
2012-10-18,41.492592,-71.628119,0.12585925073268214
2012-10-19,41.492592,-71.628119,2.8063321930461713
2012-10-20,41.492592,-71.628119,24.939082091693617
2012-10-21,41.492592,-71.628119,0.0
2012-10-22,41.492592,-71.628119,0.0
2012-10-23,41.492592,-71.628119,0.5319515273871753
2012-10-24,41.492592,-71.628119,4.530767209947331
2012-10-25,41.492592,-71.628119,0.0
2012-10-26,41.492592,-71.628119,0.0
2012-10-27,41.492592,-71.628119,0.0
2012-10-28,41.492592,-71.628119,0.5077352485684429
2012-10-29,41.492592,-71.628119,3.0892961210649177
2012-10-30,41.492592,-71.628119,6.609945488814292
2012-10-31,41.492592,-71.628119,0.17817155027446657
2012-11-01,41.492592,-71.628119,0.4936457396807068
2012-11-02,41.492592,-71.628119,1.6439999280950484
2012-11-03,41.492592,-71.628119,0.08834384738570658
2012-11-04,41.492592,-71.628119,0.005592208111532496
2012-11-05,41.492592,-71.628119,0.0
2012-11-06,41.492592,-71.628119,0.02296319734811723
2012-11-07,41.492592,-71.628119,25.314411764706325
2012-11-08,41.492592,-71.628119,6.518573171251785
2012-11-09,41.492592,-71.628119,0.028280904803844042
2012-11-10,41.492592,-71.628119,0.10582187059393207
2012-11-11,41.492592,-71.628119,0.3739321633409219
2012-11-12,41.492592,-71.628119,0.0
2012-11-13,41.492592,-71.628119,1.4136905582197135
2012-11-14,41.492592,-71.628119,0.0
2012-11-15,41.492592,-71.628119,0.0
2012-11-16,41.492592,-71.628119,7.129004675808888
2012-11-17,41.492592,-71.628119,0.01049557658719828
2012-11-18,41.492592,-71.628119,0.0
2012-11-19,41.492592,-71.628119,0.010731547614196762
2012-11-20,41.492592,-71.628119,0.005632823045595149
2012-11-21,41.492592,-71.628119,0.08789206474785753
2012-11-22,41.492592,-71.628119,0.0
2012-11-23,41.492592,-71.628119,0.0
2012-11-24,41.492592,-71.628119,0.03648586387313129
2012-11-25,41.492592,-71.628119,0.19360370373095886
2012-11-26,41.492592,-71.628119,0.2175006091455564
2012-11-27,41.492592,-71.628119,1.5047994042865582
2012-11-28,41.492592,-71.628119,0.045793329601098005
2012-11-29,41.492592,-71.628119,0.007870399824082776
2012-11-30,41.492592,-71.628119,0.008611199807524457
2012-12-01,41.492592,-71.628119,0.5173717522322094
2012-12-02,41.492592,-71.628119,0.2847043580984815
2012-12-03,41.492592,-71.628119,2.1273661478405907
2012-12-04,41.492592,-71.628119,0.30021745482342305
2012-12-05,41.492592,-71.628119,0.14696167942472232
2012-12-06,41.492592,-71.628119,0.0
2012-12-07,41.492592,-71.628119,2.021651363478991
2012-12-08,41.492592,-71.628119,17.457822427327553
2012-12-09,41.492592,-71.628119,2.7587686499540944
2012-12-10,41.492592,-71.628119,18.320520221639356
2012-12-11,41.492592,-71.628119,0.5380562053046947
2012-12-12,41.492592,-71.628119,0.5963517639044731
2012-12-13,41.492592,-71.628119,0.08472542645210822
2012-12-14,41.492592,-71.628119,0.011663582357320512
2012-12-15,41.492592,-71.628119,0.00665433032335172
2012-12-16,41.492592,-71.628119,0.18091144438593326
2012-12-17,41.492592,-71.628119,15.247754245310931
2012-12-18,41.492592,-71.628119,20.095145366301093
2012-12-19,41.492592,-71.628119,0.027339624549432798
2012-12-20,41.492592,-71.628119,0.019999999552965164
2012-12-21,41.492592,-71.628119,27.467689433361656
2012-12-22,41.492592,-71.628119,0.03788145400141906
2012-12-23,41.492592,-71.628119,0.00840862006834258
2012-12-24,41.492592,-71.628119,0.008052382438037346
2012-12-25,41.492592,-71.628119,1.6249070311066542
2012-12-26,41.492592,-71.628119,9.43160825111432
2012-12-27,41.492592,-71.628119,23.796979054016393
2012-12-28,41.492592,-71.628119,0.0
2012-12-29,41.492592,-71.628119,14.93278694221425
2012-12-30,41.492592,-71.628119,5.300157801496354
2012-12-31,41.492592,-71.628119,0.20674453162920908
2013-01-01,41.492592,-71.628119,0.7449963957486032
2013-01-02,41.492592,-71.628119,0.9712105642337543
2013-01-03,41.492592,-71.628119,2.3162672317189275
2013-01-04,41.492592,-71.628119,0.0
2013-01-05,41.492592,-71.628119,0.0
2013-01-06,41.492592,-71.628119,2.3357266863448416
2013-01-07,41.492592,-71.628119,0.003262121687735628
2013-01-08,41.492592,-71.628119,0.0
2013-01-09,41.492592,-71.628119,1.6946464091687359
2013-01-10,41.492592,-71.628119,0.0
2013-01-11,41.492592,-71.628119,1.2031676922026022
2013-01-12,41.492592,-71.628119,7.260703744463703
2013-01-13,41.492592,-71.628119,1.0815875125665118
2013-01-14,41.492592,-71.628119,1.3821479056386288
2013-01-15,41.492592,-71.628119,12.456052517995962
2013-01-16,41.492592,-71.628119,23.648832147488772
2013-01-17,41.492592,-71.628119,1.692633104449999
2013-01-18,41.492592,-71.628119,1.667643022440155
2013-01-19,41.492592,-71.628119,0.011211371295428235
2013-01-20,41.492592,-71.628119,0.020180468665895745
2013-01-21,41.492592,-71.628119,0.1403661412714366
2013-01-22,41.492592,-71.628119,0.3593811010819486
2013-01-23,41.492592,-71.628119,0.0
2013-01-24,41.492592,-71.628119,0.0
2013-01-25,41.492592,-71.628119,0.06952321397122736
2013-01-26,41.492592,-71.628119,0.039570990404080957
2013-01-27,41.492592,-71.628119,0.05561129207113466
2013-01-28,41.492592,-71.628119,1.934340297788746
2013-01-29,41.492592,-71.628119,1.597838703215734
2013-01-30,41.492592,-71.628119,2.675936386275921
2013-01-31,41.492592,-71.628119,13.278674339140155
2013-02-01,41.492592,-71.628119,0.0
2013-02-02,41.492592,-71.628119,0.0
2013-02-03,41.492592,-71.628119,0.0
2013-02-04,41.492592,-71.628119,0.0
2013-02-05,41.492592,-71.628119,0.1411497011899448
2013-02-06,41.492592,-71.628119,0.0
2013-02-07,41.492592,-71.628119,0.0
2013-02-08,41.492592,-71.628119,78.97738663709676
2013-02-09,41.492592,-71.628119,55.11594217520277
2013-02-10,41.492592,-71.628119,0.0
2013-02-11,41.492592,-71.628119,1.5408152455416084
2013-02-12,41.492592,-71.628119,0.01330866064670344
2013-02-13,41.492592,-71.628119,0.0
2013-02-14,41.492592,-71.628119,3.020001763312759
2013-02-15,41.492592,-71.628119,0.0
2013-02-16,41.492592,-71.628119,0.046055618002322836
2013-02-17,41.492592,-71.628119,2.09231733332443
2013-02-18,41.492592,-71.628119,0.0
2013-02-19,41.492592,-71.628119,1.176328389722163
2013-02-20,41.492592,-71.628119,2.524697057268259
2013-02-21,41.492592,-71.628119,0.0
2013-02-22,41.492592,-71.628119,0.0
2013-02-23,41.492592,-71.628119,0.19536561233267216
2013-02-24,41.492592,-71.628119,2.1639510529738013
2013-02-25,41.492592,-71.628119,0.0021882859295729662
2013-02-26,41.492592,-71.628119,0.0
2013-02-27,41.492592,-71.628119,17.251780191622256
2013-02-28,41.492592,-71.628119,0.04830591960353961
2013-03-01,41.492592,-71.628119,0.0018843767796738237
2013-03-02,41.492592,-71.628119,0.0
2013-03-03,41.492592,-71.628119,0.0
2013-03-04,41.492592,-71.628119,0.013291680816569533
2013-03-05,41.492592,-71.628119,0.0
2013-03-06,41.492592,-71.628119,0.03287111757291064
2013-03-07,41.492592,-71.628119,1.3218040197750764
2013-03-08,41.492592,-71.628119,2.1834347487921724
2013-03-09,41.492592,-71.628119,0.36981948240385726
2013-03-10,41.492592,-71.628119,0.0037687535593476473
2013-03-11,41.492592,-71.628119,0.19068584645429912
2013-03-12,41.492592,-71.628119,47.46242617334871
2013-03-13,41.492592,-71.628119,0.1062048013687106
2013-03-14,41.492592,-71.628119,0.0
2013-03-15,41.492592,-71.628119,0.26417787222226574
2013-03-16,41.492592,-71.628119,0.418846536054761
2013-03-17,41.492592,-71.628119,0.2507469079350215
2013-03-18,41.492592,-71.628119,0.246616307821235
2013-03-19,41.492592,-71.628119,4.602178738345101
2013-03-20,41.492592,-71.628119,0.0
2013-03-21,41.492592,-71.628119,0.010009251922210083
2013-03-22,41.492592,-71.628119,0.0018843767796738237
2013-03-23,41.492592,-71.628119,0.0
2013-03-24,41.492592,-71.628119,0.0
2013-03-25,41.492592,-71.628119,0.21765132932547937
2013-03-26,41.492592,-71.628119,0.026158752136001957
2013-03-27,41.492592,-71.628119,0.006564857788718899
2013-03-28,41.492592,-71.628119,0.02205118211843097
2013-03-29,41.492592,-71.628119,0.006388799857199416
2013-03-30,41.492592,-71.628119,0.0
2013-03-31,41.492592,-71.628119,0.6887145454050589
2013-04-01,41.492592,-71.628119,1.2996165651572265
2013-04-02,41.492592,-71.628119,0.0
2013-04-03,41.492592,-71.628119,0.0
2013-04-04,41.492592,-71.628119,0.0
2013-04-05,41.492592,-71.628119,1.493633493382613
2013-04-06,41.492592,-71.628119,0.0
2013-04-07,41.492592,-71.628119,0.0022422743426168774
2013-04-08,41.492592,-71.628119,0.0022422743426168774
2013-04-09,41.492592,-71.628119,0.6992738626446664
2013-04-10,41.492592,-71.628119,4.6534561386450095
2013-04-11,41.492592,-71.628119,4.167268734972271
2013-04-12,41.492592,-71.628119,9.398752956619077
2013-04-13,41.492592,-71.628119,0.21029734181752757
2013-04-14,41.492592,-71.628119,0.0
2013-04-15,41.492592,-71.628119,0.15602415764630553
2013-04-16,41.492592,-71.628119,0.007962909816602023
2013-04-17,41.492592,-71.628119,0.6906888640565235
2013-04-18,41.492592,-71.628119,0.0
2013-04-19,41.492592,-71.628119,0.0
2013-04-20,41.492592,-71.628119,15.092740426073643
2013-04-21,41.492592,-71.628119,0.004533982516679416
2013-04-22,41.492592,-71.628119,0.2654023168273199
2013-04-23,41.492592,-71.628119,10.461665321574962
2013-04-24,41.492592,-71.628119,2.30285419482163
2013-04-25,41.492592,-71.628119,0.2783321869668587
2013-04-26,41.492592,-71.628119,0.0
2013-04-27,41.492592,-71.628119,0.04036093733179149
2013-04-28,41.492592,-71.628119,0.00046601737156187534
2013-04-29,41.492592,-71.628119,0.17849081859733718
2013-04-30,41.492592,-71.628119,0.15828765183255142
2013-05-01,41.492592,-71.628119,0.0
2013-05-02,41.492592,-71.628119,0.0
2013-05-03,41.492592,-71.628119,0.0
2013-05-04,41.492592,-71.628119,0.004126651122290701
2013-05-05,41.492592,-71.628119,0.0
2013-05-06,41.492592,-71.628119,0.0
2013-05-07,41.492592,-71.628119,0.0
2013-05-08,41.492592,-71.628119,0.26167490960629897
2013-05-09,41.492592,-71.628119,8.986711794576642
2013-05-10,41.492592,-71.628119,0.09868389760742988
2013-05-11,41.492592,-71.628119,21.102314228376084
2013-05-12,41.492592,-71.628119,16.5509013798276
2013-05-13,41.492592,-71.628119,0.0018640694862475013
2013-05-14,41.492592,-71.628119,0.008070886642689845
2013-05-15,41.492592,-71.628119,1.7775199978160312
2013-05-16,41.492592,-71.628119,0.013692222333871702
2013-05-17,41.492592,-71.628119,0.0
2013-05-18,41.492592,-71.628119,0.11689241949216542
2013-05-19,41.492592,-71.628119,9.856042483400476
2013-05-20,41.492592,-71.628119,1.0926214856335854
2013-05-21,41.492592,-71.628119,0.04418518122517712
2013-05-22,41.492592,-71.628119,0.07440973593859358
2013-05-23,41.492592,-71.628119,0.01972977110502746
2013-05-24,41.492592,-71.628119,26.56517275147968
2013-05-25,41.492592,-71.628119,2.9642562852110537
2013-05-26,41.492592,-71.628119,0.10737337899559377
2013-05-27,41.492592,-71.628119,0.0
2013-05-28,41.492592,-71.628119,2.972527681775841
2013-05-29,41.492592,-71.628119,4.605470930411735
2013-05-30,41.492592,-71.628119,1.640649303187454
2013-05-31,41.492592,-71.628119,0.0
2013-06-01,41.492592,-71.628119,0.0
2013-06-02,41.492592,-71.628119,0.02072092389114655
2013-06-03,41.492592,-71.628119,29.006897665662905
2013-06-04,41.492592,-71.628119,0.15464737203888895
2013-06-05,41.492592,-71.628119,0.0
2013-06-06,41.492592,-71.628119,0.38449215163188427
2013-06-07,41.492592,-71.628119,65.21354739601624
2013-06-08,41.492592,-71.628119,5.142520682919688
2013-06-09,41.492592,-71.628119,0.0
2013-06-10,41.492592,-71.628119,24.098433571891736
2013-06-11,41.492592,-71.628119,38.4351251896945
2013-06-12,41.492592,-71.628119,0.013190638276699345
2013-06-13,41.492592,-71.628119,9.634065179779864
2013-06-14,41.492592,-71.628119,14.611415892138382
2013-06-15,41.492592,-71.628119,0.0
2013-06-16,41.492592,-71.628119,1.1216720124226998
2013-06-17,41.492592,-71.628119,0.24020193192868444
2013-06-18,41.492592,-71.628119,8.015301640719024
2013-06-19,41.492592,-71.628119,15.985767274831193
2013-06-20,41.492592,-71.628119,0.0
2013-06-21,41.492592,-71.628119,0.0
2013-06-22,41.492592,-71.628119,0.0
2013-06-23,41.492592,-71.628119,0.012467622481877452
2013-06-24,41.492592,-71.628119,0.11949915089009809
2013-06-25,41.492592,-71.628119,0.24163993263166958
2013-06-26,41.492592,-71.628119,2.644564001562168
2013-06-27,41.492592,-71.628119,0.8816094527605682
2013-06-28,41.492592,-71.628119,6.28892007382243
2013-06-29,41.492592,-71.628119,6.380699232005476
2013-06-30,41.492592,-71.628119,1.6923725629061472
2013-07-01,41.492592,-71.628119,3.39298237879105
2013-07-02,41.492592,-71.628119,3.80357666856435
2013-07-03,41.492592,-71.628119,1.3610802815097323
2013-07-04,41.492592,-71.628119,0.019464674375321945
2013-07-05,41.492592,-71.628119,0.0
2013-07-06,41.492592,-71.628119,0.0
2013-07-07,41.492592,-71.628119,0.005211541941349684
2013-07-08,41.492592,-71.628119,0.057829776100761385
2013-07-09,41.492592,-71.628119,9.471451704977255
2013-07-10,41.492592,-71.628119,0.016684032404521612
2013-07-11,41.492592,-71.628119,11.865029947540348
2013-07-12,41.492592,-71.628119,0.9122966556684141
2013-07-13,41.492592,-71.628119,1.0316639925342592
2013-07-14,41.492592,-71.628119,0.021619563740095583
2013-07-15,41.492592,-71.628119,0.013818763284936393
2013-07-16,41.492592,-71.628119,0.0
2013-07-17,41.492592,-71.628119,0.027340999191706218
2013-07-18,41.492592,-71.628119,0.024665018186441803
2013-07-19,41.492592,-71.628119,0.013095748075102059
2013-07-20,41.492592,-71.628119,0.043128415013475356
2013-07-21,41.492592,-71.628119,3.5863070232843066
2013-07-22,41.492592,-71.628119,1.3462132979535633
2013-07-23,41.492592,-71.628119,5.098620214131742
2013-07-24,41.492592,-71.628119,1.8834910879367577
2013-07-25,41.492592,-71.628119,10.630863032148866
2013-07-26,41.492592,-71.628119,19.238427385281394
2013-07-27,41.492592,-71.628119,0.04332890450984699
2013-07-28,41.492592,-71.628119,2.2630390909833276
2013-07-29,41.492592,-71.628119,0.723998133450256
2013-07-30,41.492592,-71.628119,0.0
2013-07-31,41.492592,-71.628119,0.005025004745796863
2013-08-01,41.492592,-71.628119,3.371760959517408
2013-08-02,41.492592,-71.628119,9.154344244396025
2013-08-03,41.492592,-71.628119,6.874637963911638
2013-08-04,41.492592,-71.628119,0.06846569328840511
2013-08-05,41.492592,-71.628119,0.07417096544155743
2013-08-06,41.492592,-71.628119,0.0029785197444603066
2013-08-07,41.492592,-71.628119,0.0
2013-08-08,41.492592,-71.628119,1.7694787353098675
2013-08-09,41.492592,-71.628119,15.7973563690962
2013-08-10,41.492592,-71.628119,0.23853277123282207
2013-08-11,41.492592,-71.628119,0.0
2013-08-12,41.492592,-71.628119,0.14717528602124913
2013-08-13,41.492592,-71.628119,15.381484518368694
2013-08-14,41.492592,-71.628119,0.0869776673148442
2013-08-15,41.492592,-71.628119,0.0
2013-08-16,41.492592,-71.628119,0.0
2013-08-17,41.492592,-71.628119,0.12210891999448982
2013-08-18,41.492592,-71.628119,4.054528412959976
2013-08-19,41.492592,-71.628119,2.2648116888656435
2013-08-20,41.492592,-71.628119,1.5044862850234253
2013-08-21,41.492592,-71.628119,0.0
2013-08-22,41.492592,-71.628119,6.4470361083476195
2013-08-23,41.492592,-71.628119,0.34934020790546044
2013-08-24,41.492592,-71.628119,0.0470277621568438
2013-08-25,41.492592,-71.628119,0.0
2013-08-26,41.492592,-71.628119,3.2288918038087204
2013-08-27,41.492592,-71.628119,32.405846832768404
2013-08-28,41.492592,-71.628119,0.0
2013-08-29,41.492592,-71.628119,0.08524911357723647
2013-08-30,41.492592,-71.628119,0.011285953033624087
2013-08-31,41.492592,-71.628119,0.5890524945704579
2013-09-01,41.492592,-71.628119,9.844519121466362
2013-09-02,41.492592,-71.628119,12.753017336563344
2013-09-03,41.492592,-71.628119,29.974392697142857
2013-09-04,41.492592,-71.628119,0.7052431048020879
2013-09-05,41.492592,-71.628119,1.0803549182210286
2013-09-06,41.492592,-71.628119,0.26954901436678486
2013-09-07,41.492592,-71.628119,0.0
2013-09-08,41.492592,-71.628119,0.8046918671449158
2013-09-09,41.492592,-71.628119,2.0029932400232413
2013-09-10,41.492592,-71.628119,0.6763745914151614
2013-09-11,41.492592,-71.628119,0.00046601737156187534
2013-09-12,41.492592,-71.628119,0.006688587326634793
2013-09-13,41.492592,-71.628119,4.3858296646680905
2013-09-14,41.492592,-71.628119,0.0
2013-09-15,41.492592,-71.628119,0.021080193117761308
2013-09-16,41.492592,-71.628119,1.978189669016843
2013-09-17,41.492592,-71.628119,0.0
2013-09-18,41.492592,-71.628119,0.0
2013-09-19,41.492592,-71.628119,0.0
2013-09-20,41.492592,-71.628119,0.0
2013-09-21,41.492592,-71.628119,0.0
2013-09-22,41.492592,-71.628119,15.225589106126204
2013-09-23,41.492592,-71.628119,0.0
2013-09-24,41.492592,-71.628119,0.0
2013-09-25,41.492592,-71.628119,0.004194156257254376
2013-09-26,41.492592,-71.628119,0.0
2013-09-27,41.492592,-71.628119,0.0
2013-09-28,41.492592,-71.628119,0.0
2013-09-29,41.492592,-71.628119,0.0
2013-09-30,41.492592,-71.628119,0.0
2013-10-01,41.492592,-71.628119,0.0
2013-10-02,41.492592,-71.628119,0.0
2013-10-03,41.492592,-71.628119,0.0
2013-10-04,41.492592,-71.628119,0.005353342869586095
2013-10-05,41.492592,-71.628119,6.743019527254733
2013-10-06,41.492592,-71.628119,1.3542090067762218
2013-10-07,41.492592,-71.628119,0.0
2013-10-08,41.492592,-71.628119,0.39917627802228306
2013-10-09,41.492592,-71.628119,0.0
2013-10-10,41.492592,-71.628119,1.751003166561041
2013-10-11,41.492592,-71.628119,0.09380445112722012
2013-10-12,41.492592,-71.628119,1.2601140710601693
2013-10-13,41.492592,-71.628119,0.0
2013-10-14,41.492592,-71.628119,0.010225348556916727
2013-10-15,41.492592,-71.628119,0.0
2013-10-16,41.492592,-71.628119,0.5684896449477285
2013-10-17,41.492592,-71.628119,0.00986759388970217
2013-10-18,41.492592,-71.628119,0.03978224858789253
2013-10-19,41.492592,-71.628119,0.34781124434702254
2013-10-20,41.492592,-71.628119,2.861363322311796
2013-10-21,41.492592,-71.628119,0.0
2013-10-22,41.492592,-71.628119,0.0
2013-10-23,41.492592,-71.628119,2.874176168816589
2013-10-24,41.492592,-71.628119,0.05771834888739236
2013-10-25,41.492592,-71.628119,0.0022422743426168774
2013-10-26,41.492592,-71.628119,0.0
2013-10-27,41.492592,-71.628119,0.0764644642835457
2013-10-28,41.492592,-71.628119,0.005191234647923362
2013-10-29,41.492592,-71.628119,0.008793758539139536
2013-10-30,41.492592,-71.628119,2.3153832931238987
2013-10-31,41.492592,-71.628119,0.7415129575811736
2013-11-01,41.492592,-71.628119,5.914558032407768
2013-11-02,41.492592,-71.628119,0.08510804159159743
2013-11-03,41.492592,-71.628119,4.481536740257378
2013-11-04,41.492592,-71.628119,0.0
2013-11-05,41.492592,-71.628119,0.030338598761169462
2013-11-06,41.492592,-71.628119,0.28979609284319485
2013-11-07,41.492592,-71.628119,24.928090950878495
2013-11-08,41.492592,-71.628119,0.0
2013-11-09,41.492592,-71.628119,0.5921733863324143
2013-11-10,41.492592,-71.628119,0.11960393963518993
2013-11-11,41.492592,-71.628119,0.2013931068125253
2013-11-12,41.492592,-71.628119,5.261224615865655
2013-11-13,41.492592,-71.628119,0.7724223363708544
2013-11-14,41.492592,-71.628119,0.010731547614196762
2013-11-15,41.492592,-71.628119,0.03122372081261781
2013-11-16,41.492592,-71.628119,0.3557998662892806
2013-11-17,41.492592,-71.628119,0.0736114872282359
2013-11-18,41.492592,-71.628119,6.117191503431289
2013-11-19,41.492592,-71.628119,0.0
2013-11-20,41.492592,-71.628119,0.0
2013-11-21,41.492592,-71.628119,0.022963199486731884
2013-11-22,41.492592,-71.628119,3.0429522977707975
2013-11-23,41.492592,-71.628119,1.1670367896358853
2013-11-24,41.492592,-71.628119,0.02073429897030627
2013-11-25,41.492592,-71.628119,0.0
2013-11-26,41.492592,-71.628119,7.510052957306292
2013-11-27,41.492592,-71.628119,59.24131232207515
2013-11-28,41.492592,-71.628119,0.7532599788349844
2013-11-29,41.492592,-71.628119,0.06316323651712669
2013-11-30,41.492592,-71.628119,0.004484548685233755
2013-12-01,41.492592,-71.628119,0.7792690721671657
2013-12-02,41.492592,-71.628119,0.021801837265241222
2013-12-03,41.492592,-71.628119,0.04843890087837215
2013-12-04,41.492592,-71.628119,0.05560448983022399
2013-12-05,41.492592,-71.628119,0.191076516816505
2013-12-06,41.492592,-71.628119,13.28834227370542
2013-12-07,41.492592,-71.628119,23.71444666134526
2013-12-08,41.492592,-71.628119,0.04090861265732025
2013-12-09,41.492592,-71.628119,0.47263865230789603
2013-12-10,41.492592,-71.628119,6.421442903384982
2013-12-11,41.492592,-71.628119,0.02462316451206891
2013-12-12,41.492592,-71.628119,0.0
2013-12-13,41.492592,-71.628119,0.010941429240264805
2013-12-14,41.492592,-71.628119,0.16140160207972776
2013-12-15,41.492592,-71.628119,9.314887756964822
2013-12-16,41.492592,-71.628119,0.062348585298200365
2013-12-17,41.492592,-71.628119,0.9410885730661387
2013-12-18,41.492592,-71.628119,1.0734637904364224
2013-12-19,41.492592,-71.628119,0.2476057236602194
2013-12-20,41.492592,-71.628119,0.7391876370765949
2013-12-21,41.492592,-71.628119,1.0064340295608667
2013-12-22,41.492592,-71.628119,2.270318161445715
2013-12-23,41.492592,-71.628119,28.956099326144457
2013-12-24,41.492592,-71.628119,4.754593892622597
2013-12-25,41.492592,-71.628119,1.1110908424242751
2013-12-26,41.492592,-71.628119,0.07024073949724963
2013-12-27,41.492592,-71.628119,0.0
2013-12-28,41.492592,-71.628119,0.01104261677047111
2013-12-29,41.492592,-71.628119,29.159340573070626
2013-12-30,41.492592,-71.628119,0.17652935664493968
2013-12-31,41.492592,-71.628119,0.0
2014-01-01,41.492592,-71.628119,0.1301351353425555
2014-01-02,41.492592,-71.628119,0.36064804629931846
2014-01-03,41.492592,-71.628119,5.454519931947652
2014-01-04,41.492592,-71.628119,0.01631060809146814
2014-01-05,41.492592,-71.628119,0.2527697876170941
2014-01-06,41.492592,-71.628119,5.704524600725329
2014-01-07,41.492592,-71.628119,0.45470792676559674
2014-01-08,41.492592,-71.628119,0.0
2014-01-09,41.492592,-71.628119,0.10027355581926473
2014-01-10,41.492592,-71.628119,0.17122632686553807
2014-01-11,41.492592,-71.628119,15.120622913318865
2014-01-12,41.492592,-71.628119,15.327410503706531
2014-01-13,41.492592,-71.628119,0.0
2014-01-14,41.492592,-71.628119,61.775252296406315
2014-01-15,41.492592,-71.628119,2.547729570147006
2014-01-16,41.492592,-71.628119,1.8584761467304733
2014-01-17,41.492592,-71.628119,0.010050009491593726
2014-01-18,41.492592,-71.628119,2.0908117849417995
2014-01-19,41.492592,-71.628119,0.02417109651030237
2014-01-20,41.492592,-71.628119,0.06691033229790712
2014-01-21,41.492592,-71.628119,0.22324687647142766
2014-01-22,41.492592,-71.628119,0.026691338459226888
2014-01-23,41.492592,-71.628119,0.0
2014-01-24,41.492592,-71.628119,0.0
2014-01-25,41.492592,-71.628119,0.7118622139561842
2014-01-26,41.492592,-71.628119,0.13143367465138042
2014-01-27,41.492592,-71.628119,0.49567305138145656
2014-01-28,41.492592,-71.628119,0.5314464696830065
2014-01-29,41.492592,-71.628119,0.20522498159076732
2014-01-30,41.492592,-71.628119,0.0
2014-01-31,41.492592,-71.628119,2.8236173636972675
2014-02-01,41.492592,-71.628119,0.2702744952884399
2014-02-02,41.492592,-71.628119,0.05747923891006136
2014-02-03,41.492592,-71.628119,16.473836240227133
2014-02-04,41.492592,-71.628119,0.0
2014-02-05,41.492592,-71.628119,41.015451036402155
2014-02-06,41.492592,-71.628119,0.36033271925907057
2014-02-07,41.492592,-71.628119,0.034935236366661404
2014-02-08,41.492592,-71.628119,0.0
2014-02-09,41.492592,-71.628119,0.34044283072076
2014-02-10,41.492592,-71.628119,1.9912968114479974
2014-02-11,41.492592,-71.628119,0.0
2014-02-12,41.492592,-71.628119,0.0
2014-02-13,41.492592,-71.628119,34.312049440819195
2014-02-14,41.492592,-71.628119,14.475791347514495
2014-02-15,41.492592,-71.628119,7.0414205347804
2014-02-16,41.492592,-71.628119,1.4755040964461623
2014-02-17,41.492592,-71.628119,0.0
2014-02-18,41.492592,-71.628119,0.2508080728452724
2014-02-19,41.492592,-71.628119,4.624753285254292
2014-02-20,41.492592,-71.628119,1.205547239008805
2014-02-21,41.492592,-71.628119,16.017014273029126
2014-02-22,41.492592,-71.628119,0.24285024897149068
2014-02-23,41.492592,-71.628119,0.0
2014-02-24,41.492592,-71.628119,0.1772654736635229
2014-02-25,41.492592,-71.628119,0.0
2014-02-26,41.492592,-71.628119,0.004484548685233755
2014-02-27,41.492592,-71.628119,0.0
2014-02-28,41.492592,-71.628119,0.0
2014-03-01,41.492592,-71.628119,0.0
2014-03-02,41.492592,-71.628119,0.09503767143574525
2014-03-03,41.492592,-71.628119,1.515920093106408
2014-03-04,41.492592,-71.628119,0.0
2014-03-05,41.492592,-71.628119,0.0
2014-03-06,41.492592,-71.628119,0.0
2014-03-07,41.492592,-71.628119,0.008743748590033367
2014-03-08,41.492592,-71.628119,0.04950361849844495
2014-03-09,41.492592,-71.628119,0.4315396206702358
2014-03-10,41.492592,-71.628119,1.8874630873130318
2014-03-11,41.492592,-71.628119,0.034086901733818384
2014-03-12,41.492592,-71.628119,6.801384677815963
2014-03-13,41.492592,-71.628119,3.3416748961232368
2014-03-14,41.492592,-71.628119,0.0
2014-03-15,41.492592,-71.628119,1.809001723039989
2014-03-16,41.492592,-71.628119,0.00816563259492239
2014-03-17,41.492592,-71.628119,0.7873768615352731
2014-03-18,41.492592,-71.628119,0.0
2014-03-19,41.492592,-71.628119,0.0
2014-03-20,41.492592,-71.628119,4.662276723430269
2014-03-21,41.492592,-71.628119,0.0
2014-03-22,41.492592,-71.628119,0.002330086771006875
2014-03-23,41.492592,-71.628119,0.10257725329981215
2014-03-24,41.492592,-71.628119,0.21296000000000748
2014-03-25,41.492592,-71.628119,2.8207887135591565
2014-03-26,41.492592,-71.628119,6.028267219655922
2014-03-27,41.492592,-71.628119,0.0
2014-03-28,41.492592,-71.628119,1.3362434254394713
2014-03-29,41.492592,-71.628119,35.601862284672784
2014-03-30,41.492592,-71.628119,88.66061069228913
2014-03-31,41.492592,-71.628119,0.08213321181613731
2014-04-01,41.492592,-71.628119,0.0022422743426168774
2014-04-02,41.492592,-71.628119,2.2603425340392076
2014-04-03,41.492592,-71.628119,0.0
2014-04-04,41.492592,-71.628119,1.359375465288205
2014-04-05,41.492592,-71.628119,2.8316177724692526
2014-04-06,41.492592,-71.628119,0.0
2014-04-07,41.492592,-71.628119,2.771155210168189
2014-04-08,41.492592,-71.628119,16.10817296204722
2014-04-09,41.492592,-71.628119,0.0045386799638111545
2014-04-10,41.492592,-71.628119,0.0
2014-04-11,41.492592,-71.628119,0.5476114358766832
2014-04-12,41.492592,-71.628119,0.20677569607677204
2014-04-13,41.492592,-71.628119,0.13431694536784583
2014-04-14,41.492592,-71.628119,0.029544747379850106
2014-04-15,41.492592,-71.628119,20.824851820568853
2014-04-16,41.492592,-71.628119,31.18208004548033
2014-04-17,41.492592,-71.628119,0.0
2014-04-18,41.492592,-71.628119,0.0012562511864492158
2014-04-19,41.492592,-71.628119,0.16399663775199858
2014-04-20,41.492592,-71.628119,0.0
2014-04-21,41.492592,-71.628119,0.0
2014-04-22,41.492592,-71.628119,0.22067443427794659
2014-04-23,41.492592,-71.628119,4.898228008333761
2014-04-24,41.492592,-71.628119,0.0
2014-04-25,41.492592,-71.628119,0.03980269812539618
2014-04-26,41.492592,-71.628119,10.247275520887298
2014-04-27,41.492592,-71.628119,0.03081314830733478
2014-04-28,41.492592,-71.628119,0.0
2014-04-29,41.492592,-71.628119,0.33339703628507533
2014-04-30,41.492592,-71.628119,49.65369216604973
2014-05-01,41.492592,-71.628119,28.104808339618554
2014-05-02,41.492592,-71.628119,0.10203874382397451
2014-05-03,41.492592,-71.628119,0.0
2014-05-04,41.492592,-71.628119,0.0
2014-05-05,41.492592,-71.628119,0.0
2014-05-06,41.492592,-71.628119,0.024763885633753643
2014-05-07,41.492592,-71.628119,2.0664742029040943
2014-05-08,41.492592,-71.628119,0.13134027582921637
2014-05-09,41.492592,-71.628119,0.4441903572470172
2014-05-10,41.492592,-71.628119,1.4392550446713235
2014-05-11,41.492592,-71.628119,4.9524071735414115
2014-05-12,41.492592,-71.628119,0.0
2014-05-13,41.492592,-71.628119,0.11127025359814975
2014-05-14,41.492592,-71.628119,0.03687505842625559
2014-05-15,41.492592,-71.628119,0.0
2014-05-16,41.492592,-71.628119,0.12804173474124217
2014-05-17,41.492592,-71.628119,19.407159032523417
2014-05-18,41.492592,-71.628119,0.0
2014-05-19,41.492592,-71.628119,0.0
2014-05-20,41.492592,-71.628119,0.5462881261132142
2014-05-21,41.492592,-71.628119,0.0
2014-05-22,41.492592,-71.628119,13.26663245521076
2014-05-23,41.492592,-71.628119,0.0027577255456244136
2014-05-24,41.492592,-71.628119,0.027515681412909776
2014-05-25,41.492592,-71.628119,0.27519347101623326
2014-05-26,41.492592,-71.628119,2.5045430455450313
2014-05-27,41.492592,-71.628119,1.0704643291454499
2014-05-28,41.492592,-71.628119,2.790348422330385
2014-05-29,41.492592,-71.628119,0.0
2014-05-30,41.492592,-71.628119,0.0034445371160221824
2014-05-31,41.492592,-71.628119,3.8434064961495777
2014-06-01,41.492592,-71.628119,0.0
2014-06-02,41.492592,-71.628119,0.0
2014-06-03,41.492592,-71.628119,0.0
2014-06-04,41.492592,-71.628119,0.14166749374293397
2014-06-05,41.492592,-71.628119,5.550319823788245
2014-06-06,41.492592,-71.628119,0.0
2014-06-07,41.492592,-71.628119,0.010053988189526493
2014-06-08,41.492592,-71.628119,0.0
2014-06-09,41.492592,-71.628119,10.723584267254093
2014-06-10,41.492592,-71.628119,2.058319562944172
2014-06-11,41.492592,-71.628119,0.9779807662291985
2014-06-12,41.492592,-71.628119,0.49631046802718143
2014-06-13,41.492592,-71.628119,9.224672765435278
2014-06-14,41.492592,-71.628119,0.4726023996431936
2014-06-15,41.492592,-71.628119,0.0
2014-06-16,41.492592,-71.628119,0.0
2014-06-17,41.492592,-71.628119,0.011564714694429191
2014-06-18,41.492592,-71.628119,0.03379318194948798
2014-06-19,41.492592,-71.628119,7.530873468998252
2014-06-20,41.492592,-71.628119,0.0
2014-06-21,41.492592,-71.628119,0.0
2014-06-22,41.492592,-71.628119,0.0
2014-06-23,41.492592,-71.628119,0.0
2014-06-24,41.492592,-71.628119,0.05472854306100067
2014-06-25,41.492592,-71.628119,0.16218551363018774
2014-06-26,41.492592,-71.628119,8.108691509972951
2014-06-27,41.492592,-71.628119,0.0
2014-06-28,41.492592,-71.628119,0.0
2014-06-29,41.492592,-71.628119,0.04631196622830484
2014-06-30,41.492592,-71.628119,0.0
2014-07-01,41.492592,-71.628119,0.0
2014-07-02,41.492592,-71.628119,0.06964692473923223
2014-07-03,41.492592,-71.628119,0.0006281255932246079
2014-07-04,41.492592,-71.628119,61.11709823962325
2014-07-05,41.492592,-71.628119,3.8924820534958506
2014-07-06,41.492592,-71.628119,0.0
2014-07-07,41.492592,-71.628119,0.07820994460824306
2014-07-08,41.492592,-71.628119,0.011650434549454388
2014-07-09,41.492592,-71.628119,0.03177235902897789
2014-07-10,41.492592,-71.628119,5.936322621433816
2014-07-11,41.492592,-71.628119,8.759732984216145
2014-07-12,41.492592,-71.628119,0.0
2014-07-13,41.492592,-71.628119,0.05112825576016173
2014-07-14,41.492592,-71.628119,2.717052592256149
2014-07-15,41.492592,-71.628119,5.872743828176552
2014-07-16,41.492592,-71.628119,18.63857005142968
2014-07-17,41.492592,-71.628119,2.7165786849453997
2014-07-18,41.492592,-71.628119,0.0
2014-07-19,41.492592,-71.628119,3.0843827876983108
2014-07-20,41.492592,-71.628119,1.316087044921528
2014-07-21,41.492592,-71.628119,0.0
2014-07-22,41.492592,-71.628119,0.0
2014-07-23,41.492592,-71.628119,0.0012562511864492158
2014-07-24,41.492592,-71.628119,1.0256986323528243
2014-07-25,41.492592,-71.628119,0.04103849977434175
2014-07-26,41.492592,-71.628119,1.7872689541987086
2014-07-27,41.492592,-71.628119,0.8817784578524299
2014-07-28,41.492592,-71.628119,3.016613920541524
2014-07-29,41.492592,-71.628119,0.0
2014-07-30,41.492592,-71.628119,0.0
2014-07-31,41.492592,-71.628119,0.0
2014-08-01,41.492592,-71.628119,0.9600100760218792
2014-08-02,41.492592,-71.628119,46.02840410843129
2014-08-03,41.492592,-71.628119,4.5498256009918405
2014-08-04,41.492592,-71.628119,0.10677886950590297
2014-08-05,41.492592,-71.628119,0.0
2014-08-06,41.492592,-71.628119,0.02602121671355704
2014-08-07,41.492592,-71.628119,0.6144368487789773
2014-08-08,41.492592,-71.628119,0.0
2014-08-09,41.492592,-71.628119,0.0
2014-08-10,41.492592,-71.628119,0.0
2014-08-11,41.492592,-71.628119,0.0
2014-08-12,41.492592,-71.628119,1.8052771793507927
2014-08-13,41.492592,-71.628119,26.937612638672235
2014-08-14,41.492592,-71.628119,0.0
2014-08-15,41.492592,-71.628119,0.0
2014-08-16,41.492592,-71.628119,2.0041402716959067
2014-08-17,41.492592,-71.628119,0.7206498704685314
2014-08-18,41.492592,-71.628119,0.0
2014-08-19,41.492592,-71.628119,0.0
2014-08-20,41.492592,-71.628119,0.0
2014-08-21,41.492592,-71.628119,0.6935038200591289
2014-08-22,41.492592,-71.628119,0.949865238469729
2014-08-23,41.492592,-71.628119,0.36640786829278954
2014-08-24,41.492592,-71.628119,0.0
2014-08-25,41.492592,-71.628119,0.0
2014-08-26,41.492592,-71.628119,0.0
2014-08-27,41.492592,-71.628119,0.0
2014-08-28,41.492592,-71.628119,0.0
2014-08-29,41.492592,-71.628119,0.0
2014-08-30,41.492592,-71.628119,0.0
2014-08-31,41.492592,-71.628119,3.069715227666515
2014-09-01,41.492592,-71.628119,3.418768362248282
2014-09-02,41.492592,-71.628119,0.038100878533430624
2014-09-03,41.492592,-71.628119,0.0
2014-09-04,41.492592,-71.628119,0.0
2014-09-05,41.492592,-71.628119,0.0
2014-09-06,41.492592,-71.628119,0.026378177494453894
2014-09-07,41.492592,-71.628119,1.1975084357913748
2014-09-08,41.492592,-71.628119,0.015172730132950943
2014-09-09,41.492592,-71.628119,2.1446554314710555
2014-09-10,41.492592,-71.628119,0.0
2014-09-11,41.492592,-71.628119,0.013777572320015741
2014-09-12,41.492592,-71.628119,0.0
2014-09-13,41.492592,-71.628119,3.875715926646851
2014-09-14,41.492592,-71.628119,0.4991998039294029
2014-09-15,41.492592,-71.628119,0.0
2014-09-16,41.492592,-71.628119,0.0696412369304947
2014-09-17,41.492592,-71.628119,0.0
2014-09-18,41.492592,-71.628119,0.0
2014-09-19,41.492592,-71.628119,0.0
2014-09-20,41.492592,-71.628119,0.0
2014-09-21,41.492592,-71.628119,1.5447043929295703
2014-09-22,41.492592,-71.628119,0.10922110346543339
2014-09-23,41.492592,-71.628119,0.0
2014-09-24,41.492592,-71.628119,0.0028703999358414855
2014-09-25,41.492592,-71.628119,8.304572240517677
2014-09-26,41.492592,-71.628119,7.602299263911433
2014-09-27,41.492592,-71.628119,0.0
2014-09-28,41.492592,-71.628119,0.0
2014-09-29,41.492592,-71.628119,1.2176675069271965
2014-09-30,41.492592,-71.628119,6.88234903083303
2014-10-01,41.492592,-71.628119,12.821343013595808
2014-10-02,41.492592,-71.628119,3.0448473676593464
2014-10-03,41.492592,-71.628119,0.0
2014-10-04,41.492592,-71.628119,2.5905793663807417
2014-10-05,41.492592,-71.628119,0.0
2014-10-06,41.492592,-71.628119,0.0
2014-10-07,41.492592,-71.628119,0.04000592352795791
2014-10-08,41.492592,-71.628119,4.800285235170935
2014-10-09,41.492592,-71.628119,0.0
2014-10-10,41.492592,-71.628119,0.07639284605072566
2014-10-11,41.492592,-71.628119,17.950746621343256
2014-10-12,41.492592,-71.628119,0.0
2014-10-13,41.492592,-71.628119,0.0
2014-10-14,41.492592,-71.628119,0.0
2014-10-15,41.492592,-71.628119,0.0
2014-10-16,41.492592,-71.628119,28.520868642905345
2014-10-17,41.492592,-71.628119,6.406033489758526
2014-10-18,41.492592,-71.628119,0.0
2014-10-19,41.492592,-71.628119,0.0018843767796738237
2014-10-20,41.492592,-71.628119,0.0
2014-10-21,41.492592,-71.628119,0.22311939178768717
2014-10-22,41.492592,-71.628119,24.403330696516107
2014-10-23,41.492592,-71.628119,9.950474967192573
2014-10-24,41.492592,-71.628119,0.08927684346900548
2014-10-25,41.492592,-71.628119,0.056767650170545254
2014-10-26,41.492592,-71.628119,0.030622057675362416
2014-10-27,41.492592,-71.628119,0.0
2014-10-28,41.492592,-71.628119,0.03587638948187004
2014-10-29,41.492592,-71.628119,2.502811801906423
2014-10-30,41.492592,-71.628119,0.8579260365143758
2014-10-31,41.492592,-71.628119,0.07883669026627518
2014-11-01,41.492592,-71.628119,14.431121579631903
2014-11-02,41.492592,-71.628119,6.813066305950304
2014-11-03,41.492592,-71.628119,0.0
2014-11-04,41.492592,-71.628119,0.0037687535593476473
2014-11-05,41.492592,-71.628119,0.12258173599959858
2014-11-06,41.492592,-71.628119,17.6027701409985
2014-11-07,41.492592,-71.628119,9.177455721444055
2014-11-08,41.492592,-71.628119,0.0012562511864492158
2014-11-09,41.492592,-71.628119,0.18560785146953912
2014-11-10,41.492592,-71.628119,0.0
2014-11-11,41.492592,-71.628119,0.0025125023728984315
2014-11-12,41.492592,-71.628119,0.21054113842020417
2014-11-13,41.492592,-71.628119,0.002330086771006875
2014-11-14,41.492592,-71.628119,5.688509975178628
2014-11-15,41.492592,-71.628119,0.0
2014-11-16,41.492592,-71.628119,0.0937184529928494
2014-11-17,41.492592,-71.628119,32.975880301742166
2014-11-18,41.492592,-71.628119,1.0634003623576656
2014-11-19,41.492592,-71.628119,0.002330086771006875
2014-11-20,41.492592,-71.628119,0.010711816378040926
2014-11-21,41.492592,-71.628119,0.0
2014-11-22,41.492592,-71.628119,0.0
2014-11-23,41.492592,-71.628119,0.2465599348147725
2014-11-24,41.492592,-71.628119,16.02829427604617
2014-11-25,41.492592,-71.628119,2.9573923037692795
2014-11-26,41.492592,-71.628119,44.34373049865321
2014-11-27,41.492592,-71.628119,3.3977617193540914
2014-11-28,41.492592,-71.628119,0.0
2014-11-29,41.492592,-71.628119,0.0
2014-11-30,41.492592,-71.628119,0.25008256863598644
2014-12-01,41.492592,-71.628119,0.29864160022869257
2014-12-02,41.492592,-71.628119,2.812566425787587
2014-12-03,41.492592,-71.628119,3.4658388148476944
2014-12-04,41.492592,-71.628119,0.0
2014-12-05,41.492592,-71.628119,0.06691061666906425
2014-12-06,41.492592,-71.628119,16.680511603240863
2014-12-07,41.492592,-71.628119,24.561894111722356
2014-12-08,41.492592,-71.628119,0.029831823626480052
2014-12-09,41.492592,-71.628119,79.74064912460814
2014-12-10,41.492592,-71.628119,1.1425610756535247
2014-12-11,41.492592,-71.628119,0.3054702452483567
2014-12-12,41.492592,-71.628119,0.018950592855495094
2014-12-13,41.492592,-71.628119,0.0
2014-12-14,41.492592,-71.628119,0.0
2014-12-15,41.492592,-71.628119,0.0
2014-12-16,41.492592,-71.628119,0.008793758539139536
2014-12-17,41.492592,-71.628119,6.935474654180178
2014-12-18,41.492592,-71.628119,0.16098818627574385
2014-12-19,41.492592,-71.628119,0.0
2014-12-20,41.492592,-71.628119,0.0
2014-12-21,41.492592,-71.628119,0.02350307872052746
2014-12-22,41.492592,-71.628119,0.0
2014-12-23,41.492592,-71.628119,4.113996478067382
2014-12-24,41.492592,-71.628119,16.171906671574998
2014-12-25,41.492592,-71.628119,21.376720196536855
2014-12-26,41.492592,-71.628119,0.0031406278491255277
2014-12-27,41.492592,-71.628119,0.0
2014-12-28,41.492592,-71.628119,3.28358076613072
2014-12-29,41.492592,-71.628119,0.7872399906268448
2014-12-30,41.492592,-71.628119,0.0006281255932246079
2014-12-31,41.492592,-71.628119,0.0
2015-01-01,41.492592,-71.628119,0.0
2015-01-02,41.492592,-71.628119,0.0
2015-01-03,41.492592,-71.628119,2.8839396502462558
2015-01-04,41.492592,-71.628119,26.389681531919038
2015-01-05,41.492592,-71.628119,4.030159566296155
2015-01-06,41.492592,-71.628119,0.10918932878195849
2015-01-07,41.492592,-71.628119,0.0
2015-01-08,41.492592,-71.628119,0.0
2015-01-09,41.492592,-71.628119,0.6082185230882124
2015-01-10,41.492592,-71.628119,0.0
2015-01-11,41.492592,-71.628119,0.0
2015-01-12,41.492592,-71.628119,19.46473155951863
2015-01-13,41.492592,-71.628119,4.935767929882687
2015-01-14,41.492592,-71.628119,0.02174105886189578
2015-01-15,41.492592,-71.628119,0.15782536942825798
2015-01-16,41.492592,-71.628119,0.0
2015-01-17,41.492592,-71.628119,0.0
2015-01-18,41.492592,-71.628119,1.458246997552509
2015-01-19,41.492592,-71.628119,21.22934172441975
2015-01-20,41.492592,-71.628119,0.0
2015-01-21,41.492592,-71.628119,0.0
2015-01-22,41.492592,-71.628119,0.0
2015-01-23,41.492592,-71.628119,0.029944485835349928
2015-01-24,41.492592,-71.628119,23.572047483769055
2015-01-25,41.492592,-71.628119,0.0009320347431237507
2015-01-26,41.492592,-71.628119,2.385807375266612
2015-01-27,41.492592,-71.628119,14.032952106032795
2015-01-28,41.492592,-71.628119,2.061186577209442
2015-01-29,41.492592,-71.628119,0.0
2015-01-30,41.492592,-71.628119,4.902422382248739
2015-01-31,41.492592,-71.628119,0.0
2015-02-01,41.492592,-71.628119,0.0
2015-02-02,41.492592,-71.628119,13.281988609205682
2015-02-03,41.492592,-71.628119,0.0
2015-02-04,41.492592,-71.628119,0.0
2015-02-05,41.492592,-71.628119,0.053814584222805065
2015-02-06,41.492592,-71.628119,0.0
2015-02-07,41.492592,-71.628119,0.2488265626589498
2015-02-08,41.492592,-71.628119,3.7008268015013464
2015-02-09,41.492592,-71.628119,5.705711831463408
2015-02-10,41.492592,-71.628119,0.8938841600516887
2015-02-11,41.492592,-71.628119,0.0
2015-02-12,41.492592,-71.628119,0.0
2015-02-13,41.492592,-71.628119,0.0
2015-02-14,41.492592,-71.628119,1.5368373705261469
2015-02-15,41.492592,-71.628119,0.03254010408891083
2015-02-16,41.492592,-71.628119,0.0
2015-02-17,41.492592,-71.628119,0.0
2015-02-18,41.492592,-71.628119,0.0
2015-02-19,41.492592,-71.628119,0.0
2015-02-20,41.492592,-71.628119,0.0
2015-02-21,41.492592,-71.628119,3.2471804563588273
2015-02-22,41.492592,-71.628119,32.021121088537086
2015-02-23,41.492592,-71.628119,0.34996125872944356
2015-02-24,41.492592,-71.628119,0.0
2015-02-25,41.492592,-71.628119,0.06657106122003176
2015-02-26,41.492592,-71.628119,0.4063103101703955
2015-02-27,41.492592,-71.628119,0.0
2015-02-28,41.492592,-71.628119,0.0
2015-03-01,41.492592,-71.628119,4.198313006285918
2015-03-02,41.492592,-71.628119,3.5036857633652403
2015-03-03,41.492592,-71.628119,2.0210893582679508
2015-03-04,41.492592,-71.628119,20.32494760767414
2015-03-05,41.492592,-71.628119,21.723044775753433
2015-03-06,41.492592,-71.628119,0.9504548691970542
2015-03-07,41.492592,-71.628119,0.0
2015-03-08,41.492592,-71.628119,0.0
2015-03-09,41.492592,-71.628119,0.0
2015-03-10,41.492592,-71.628119,2.195160974760872
2015-03-11,41.492592,-71.628119,5.985760231401096
2015-03-12,41.492592,-71.628119,0.0
2015-03-13,41.492592,-71.628119,0.018048260651053673
2015-03-14,41.492592,-71.628119,23.177650137431453
2015-03-15,41.492592,-71.628119,2.8811534882795127
2015-03-16,41.492592,-71.628119,0.043548329116545756
2015-03-17,41.492592,-71.628119,5.015974449824608
2015-03-18,41.492592,-71.628119,0.0009320347431237507
2015-03-19,41.492592,-71.628119,0.0
2015-03-20,41.492592,-71.628119,3.105592227430603
2015-03-21,41.492592,-71.628119,1.4126688510878538
2015-03-22,41.492592,-71.628119,0.0
2015-03-23,41.492592,-71.628119,0.0
2015-03-24,41.492592,-71.628119,0.0
2015-03-25,41.492592,-71.628119,0.10621773675263851
2015-03-26,41.492592,-71.628119,4.687958272900115
2015-03-27,41.492592,-71.628119,4.059995162144183
2015-03-28,41.492592,-71.628119,0.23723341238654455
2015-03-29,41.492592,-71.628119,0.0
2015-03-30,41.492592,-71.628119,0.1123138324937481
2015-03-31,41.492592,-71.628119,0.18189355790352013
2015-04-01,41.492592,-71.628119,0.12498223259557907
2015-04-02,41.492592,-71.628119,0.0
2015-04-03,41.492592,-71.628119,18.480462774871725
2015-04-04,41.492592,-71.628119,4.626099395703535
2015-04-05,41.492592,-71.628119,0.09042120983376999
2015-04-06,41.492592,-71.628119,0.4695212201554737
2015-04-07,41.492592,-71.628119,2.200485829839823
2015-04-08,41.492592,-71.628119,0.6868725305018487
2015-04-09,41.492592,-71.628119,1.0010715874129912
2015-04-10,41.492592,-71.628119,6.109347101115408
2015-04-11,41.492592,-71.628119,0.0
2015-04-12,41.492592,-71.628119,0.0
2015-04-13,41.492592,-71.628119,0.1070127285262525
2015-04-14,41.492592,-71.628119,1.8554535333998488
2015-04-15,41.492592,-71.628119,5.405868872009135
2015-04-16,41.492592,-71.628119,0.0
2015-04-17,41.492592,-71.628119,8.965002457978676
2015-04-18,41.492592,-71.628119,0.0
2015-04-19,41.492592,-71.628119,0.0
2015-04-20,41.492592,-71.628119,12.350587660357894
2015-04-21,41.492592,-71.628119,2.0621444589006797
2015-04-22,41.492592,-71.628119,3.684470938160923
2015-04-23,41.492592,-71.628119,2.0973829019334183
2015-04-24,41.492592,-71.628119,0.0
2015-04-25,41.492592,-71.628119,0.0
2015-04-26,41.492592,-71.628119,0.0
2015-04-27,41.492592,-71.628119,0.15639045599696655
2015-04-28,41.492592,-71.628119,0.0
2015-04-29,41.492592,-71.628119,0.0
2015-04-30,41.492592,-71.628119,0.2807110420172569
2015-05-01,41.492592,-71.628119,0.12636228880571232
2015-05-02,41.492592,-71.628119,0.0
2015-05-03,41.492592,-71.628119,0.04376571696105922
2015-05-04,41.492592,-71.628119,0.0
2015-05-05,41.492592,-71.628119,0.5339594923416471
2015-05-06,41.492592,-71.628119,4.667453191367421
2015-05-07,41.492592,-71.628119,0.0
2015-05-08,41.492592,-71.628119,0.0
2015-05-09,41.492592,-71.628119,0.06092818195779942
2015-05-10,41.492592,-71.628119,0.06278368326389719
2015-05-11,41.492592,-71.628119,0.01130626044404792
2015-05-12,41.492592,-71.628119,0.034935236366661404
2015-05-13,41.492592,-71.628119,0.06951050670940397
2015-05-14,41.492592,-71.628119,0.0
2015-05-15,41.492592,-71.628119,1.1085413571995848
2015-05-16,41.492592,-71.628119,3.1822761247883107
2015-05-17,41.492592,-71.628119,11.873474511619472
2015-05-18,41.492592,-71.628119,0.0
2015-05-19,41.492592,-71.628119,4.877346124543729
2015-05-20,41.492592,-71.628119,1.088599741431885
2015-05-21,41.492592,-71.628119,0.33125256088339206
2015-05-22,41.492592,-71.628119,2.968358819852417
2015-05-23,41.492592,-71.628119,0.0
2015-05-24,41.492592,-71.628119,0.0
2015-05-25,41.492592,-71.628119,0.5103214609823186
2015-05-26,41.492592,-71.628119,0.7648257777815156
2015-05-27,41.492592,-71.628119,0.33466667519024157
2015-05-28,41.492592,-71.628119,0.805797274529542
2015-05-29,41.492592,-71.628119,0.0
2015-05-30,41.492592,-71.628119,0.0025125023728984315
2015-05-31,41.492592,-71.628119,1.3798337190951946
2015-06-01,41.492592,-71.628119,3.2115481024333787
2015-06-02,41.492592,-71.628119,15.511651126089452
2015-06-03,41.492592,-71.628119,0.9802614833171732
2015-06-04,41.492592,-71.628119,0.00166358258083793
2015-06-05,41.492592,-71.628119,0.8173893726912143
2015-06-06,41.492592,-71.628119,0.0808570313277367
2015-06-07,41.492592,-71.628119,0.0
2015-06-08,41.492592,-71.628119,0.11342011067116223
2015-06-09,41.492592,-71.628119,0.6570670794615794
2015-06-10,41.492592,-71.628119,0.0
2015-06-11,41.492592,-71.628119,1.762536547644593
2015-06-12,41.492592,-71.628119,0.21136214397946504
2015-06-13,41.492592,-71.628119,0.0
2015-06-14,41.492592,-71.628119,0.0
2015-06-15,41.492592,-71.628119,23.473026332848832
2015-06-16,41.492592,-71.628119,0.6066346548188563
2015-06-17,41.492592,-71.628119,0.6898649218705707
2015-06-18,41.492592,-71.628119,0.4797500043319729
2015-06-19,41.492592,-71.628119,0.266905496766419
2015-06-20,41.492592,-71.628119,0.032388771854563875
2015-06-21,41.492592,-71.628119,22.602738270140286
2015-06-22,41.492592,-71.628119,0.006388799857199416
2015-06-23,41.492592,-71.628119,10.901084611303471
2015-06-24,41.492592,-71.628119,5.824476562494905
2015-06-25,41.492592,-71.628119,0.07284706449340142
2015-06-26,41.492592,-71.628119,0.8002906595055037
2015-06-27,41.492592,-71.628119,8.20364406805321
2015-06-28,41.492592,-71.628119,24.856734318376986
2015-06-29,41.492592,-71.628119,0.011184416917485005
2015-06-30,41.492592,-71.628119,0.0
2015-07-01,41.492592,-71.628119,17.797318571531726
2015-07-02,41.492592,-71.628119,0.4947217251263118
2015-07-03,41.492592,-71.628119,1.9348115407240747
2015-07-04,41.492592,-71.628119,0.7063405761317807
2015-07-05,41.492592,-71.628119,0.0
2015-07-06,41.492592,-71.628119,0.0
2015-07-07,41.492592,-71.628119,0.04733811161785633
2015-07-08,41.492592,-71.628119,4.528968441774847
2015-07-09,41.492592,-71.628119,0.3712716985582813
2015-07-10,41.492592,-71.628119,0.7793355600714416
2015-07-11,41.492592,-71.628119,0.0
2015-07-12,41.492592,-71.628119,0.0
2015-07-13,41.492592,-71.628119,0.7807975328915171
2015-07-14,41.492592,-71.628119,1.0028718311133606
2015-07-15,41.492592,-71.628119,9.298648572056821
2015-07-16,41.492592,-71.628119,3.660062466410612
2015-07-17,41.492592,-71.628119,0.0
2015-07-18,41.492592,-71.628119,0.522672487040366
2015-07-19,41.492592,-71.628119,0.6200212947622933
2015-07-20,41.492592,-71.628119,3.7073623546332755
2015-07-21,41.492592,-71.628119,1.6036868685752785
2015-07-22,41.492592,-71.628119,0.13185798664739018
2015-07-23,41.492592,-71.628119,0.0
2015-07-24,41.492592,-71.628119,1.154107445952815
2015-07-25,41.492592,-71.628119,0.0
2015-07-26,41.492592,-71.628119,1.035921738402303
2015-07-27,41.492592,-71.628119,13.89089841161982
2015-07-28,41.492592,-71.628119,0.8145440576748658
2015-07-29,41.492592,-71.628119,0.0
2015-07-30,41.492592,-71.628119,4.758134607556352
2015-07-31,41.492592,-71.628119,3.8051690793463058
2015-08-01,41.492592,-71.628119,0.0
2015-08-02,41.492592,-71.628119,0.007922295576959386
2015-08-03,41.492592,-71.628119,0.0
2015-08-04,41.492592,-71.628119,24.02345007026058
2015-08-05,41.492592,-71.628119,0.0
2015-08-06,41.492592,-71.628119,0.08296415360041753
2015-08-07,41.492592,-71.628119,0.07599597776553665
2015-08-08,41.492592,-71.628119,0.0
2015-08-09,41.492592,-71.628119,0.5861895789241585
2015-08-10,41.492592,-71.628119,0.0
2015-08-11,41.492592,-71.628119,48.74663906792365
2015-08-12,41.492592,-71.628119,1.293975035723977
2015-08-13,41.492592,-71.628119,0.0
2015-08-14,41.492592,-71.628119,0.0
2015-08-15,41.492592,-71.628119,0.0
2015-08-16,41.492592,-71.628119,0.23402346876356958
2015-08-17,41.492592,-71.628119,0.0
2015-08-18,41.492592,-71.628119,0.0
2015-08-19,41.492592,-71.628119,0.0
2015-08-20,41.492592,-71.628119,0.0
2015-08-21,41.492592,-71.628119,1.0791429609128982
2015-08-22,41.492592,-71.628119,0.13693137160112875
2015-08-23,41.492592,-71.628119,0.006281255698251055
2015-08-24,41.492592,-71.628119,0.0
2015-08-25,41.492592,-71.628119,0.05141877907697576
2015-08-26,41.492592,-71.628119,0.0
2015-08-27,41.492592,-71.628119,0.0
2015-08-28,41.492592,-71.628119,0.0
2015-08-29,41.492592,-71.628119,0.0
2015-08-30,41.492592,-71.628119,0.18022476191825806
2015-08-31,41.492592,-71.628119,0.569006063308322
2015-09-01,41.492592,-71.628119,0.01671605411609892
2015-09-02,41.492592,-71.628119,0.0
2015-09-03,41.492592,-71.628119,0.0
2015-09-04,41.492592,-71.628119,0.327512727998102
2015-09-05,41.492592,-71.628119,0.0
2015-09-06,41.492592,-71.628119,0.0
2015-09-07,41.492592,-71.628119,0.0
2015-09-08,41.492592,-71.628119,0.023233427934669593
2015-09-09,41.492592,-71.628119,0.0
2015-09-10,41.492592,-71.628119,36.115903848524624
2015-09-11,41.492592,-71.628119,20.461008742403347
2015-09-12,41.492592,-71.628119,0.0
2015-09-13,41.492592,-71.628119,15.636071609370845
2015-09-14,41.492592,-71.628119,0.004822281937281486
2015-09-15,41.492592,-71.628119,0.0
2015-09-16,41.492592,-71.628119,0.0
2015-09-17,41.492592,-71.628119,0.0
2015-09-18,41.492592,-71.628119,0.0
2015-09-19,41.492592,-71.628119,0.0
2015-09-20,41.492592,-71.628119,0.0
2015-09-21,41.492592,-71.628119,0.0
2015-09-22,41.492592,-71.628119,0.993888743240298
2015-09-23,41.492592,-71.628119,0.0
2015-09-24,41.492592,-71.628119,0.0
2015-09-25,41.492592,-71.628119,0.0
2015-09-26,41.492592,-71.628119,0.0
2015-09-27,41.492592,-71.628119,0.0
2015-09-28,41.492592,-71.628119,0.0
2015-09-29,41.492592,-71.628119,0.048338735897551346
2015-09-30,41.492592,-71.628119,41.9604230086805
2015-10-01,41.492592,-71.628119,4.2548291560566796
2015-10-02,41.492592,-71.628119,29.67285974214955
2015-10-03,41.492592,-71.628119,1.7692261119275006
2015-10-04,41.492592,-71.628119,0.0
2015-10-05,41.492592,-71.628119,0.007354948621075241
2015-10-06,41.492592,-71.628119,0.0013980521146856257
2015-10-07,41.492592,-71.628119,0.0028703999358414855
2015-10-08,41.492592,-71.628119,0.0
2015-10-09,41.492592,-71.628119,9.380179106186645
2015-10-10,41.492592,-71.628119,1.280039884260214
2015-10-11,41.492592,-71.628119,0.0
2015-10-12,41.492592,-71.628119,0.0
2015-10-13,41.492592,-71.628119,13.646065009679937
2015-10-14,41.492592,-71.628119,0.0
2015-10-15,41.492592,-71.628119,0.0
2015-10-16,41.492592,-71.628119,0.2751399835560061
2015-10-17,41.492592,-71.628119,0.0033858511388490213
2015-10-18,41.492592,-71.628119,0.0
2015-10-19,41.492592,-71.628119,0.0
2015-10-20,41.492592,-71.628119,0.08116872635238431
2015-10-21,41.492592,-71.628119,0.03543082507586353
2015-10-22,41.492592,-71.628119,0.04585411880184609
2015-10-23,41.492592,-71.628119,0.05164478632737565
2015-10-24,41.492592,-71.628119,0.0
2015-10-25,41.492592,-71.628119,4.191686593787384
2015-10-26,41.492592,-71.628119,0.0
2015-10-27,41.492592,-71.628119,0.00046601737156187534
2015-10-28,41.492592,-71.628119,7.660240857841271
2015-10-29,41.492592,-71.628119,12.99209491734178
2015-10-30,41.492592,-71.628119,0.0
2015-10-31,41.492592,-71.628119,0.009322440351812313
2015-11-01,41.492592,-71.628119,13.500854107143686
2015-11-02,41.492592,-71.628119,0.0
2015-11-03,41.492592,-71.628119,0.0
2015-11-04,41.492592,-71.628119,0.0
2015-11-05,41.492592,-71.628119,0.0
2015-11-06,41.492592,-71.628119,0.011026204618368405
2015-11-07,41.492592,-71.628119,0.887158538794512
2015-11-08,41.492592,-71.628119,0.19318663075128145
2015-11-09,41.492592,-71.628119,0.0
2015-11-10,41.492592,-71.628119,20.80044854148474
2015-11-11,41.492592,-71.628119,0.10854723942930411
2015-11-12,41.492592,-71.628119,6.805814291464307
2015-11-13,41.492592,-71.628119,0.0
2015-11-14,41.492592,-71.628119,0.0
2015-11-15,41.492592,-71.628119,0.0
2015-11-16,41.492592,-71.628119,0.0089058568116961
2015-11-17,41.492592,-71.628119,0.0
2015-11-18,41.492592,-71.628119,0.0
2015-11-19,41.492592,-71.628119,0.9913617550557853
2015-11-20,41.492592,-71.628119,13.814389980724192
2015-11-21,41.492592,-71.628119,0.0
2015-11-22,41.492592,-71.628119,20.768957988994156
2015-11-23,41.492592,-71.628119,12.148877844869746
2015-11-24,41.492592,-71.628119,0.0
2015-11-25,41.492592,-71.628119,0.0
2015-11-26,41.492592,-71.628119,0.0
2015-11-27,41.492592,-71.628119,0.0
2015-11-28,41.492592,-71.628119,1.2340809807372513
2015-11-29,41.492592,-71.628119,0.00046601737156187534
2015-11-30,41.492592,-71.628119,0.0
2015-12-01,41.492592,-71.628119,13.158557704927448
2015-12-02,41.492592,-71.628119,7.378220513168237
2015-12-03,41.492592,-71.628119,4.486277308895935
2015-12-04,41.492592,-71.628119,0.0
2015-12-05,41.492592,-71.628119,0.0
2015-12-06,41.492592,-71.628119,0.0
2015-12-07,41.492592,-71.628119,0.0
2015-12-08,41.492592,-71.628119,1.6194303360995215
2015-12-09,41.492592,-71.628119,0.0
2015-12-10,41.492592,-71.628119,0.03058178747306738
2015-12-11,41.492592,-71.628119,0.18237431045685257
2015-12-12,41.492592,-71.628119,0.009239325400749065
2015-12-13,41.492592,-71.628119,0.0
2015-12-14,41.492592,-71.628119,0.8316506188866997
2015-12-15,41.492592,-71.628119,10.11702401652381
2015-12-16,41.492592,-71.628119,0.0
2015-12-17,41.492592,-71.628119,33.34440199510198
2015-12-18,41.492592,-71.628119,7.132005205011234
2015-12-19,41.492592,-71.628119,0.005848919476501779
2015-12-20,41.492592,-71.628119,0.0
2015-12-21,41.492592,-71.628119,1.8106777236219334
2015-12-22,41.492592,-71.628119,11.28803849075593
2015-12-23,41.492592,-71.628119,11.18240116585876
2015-12-24,41.492592,-71.628119,31.46447673296292
2015-12-25,41.492592,-71.628119,1.1346632233904455
2015-12-26,41.492592,-71.628119,3.1832776484225693
2015-12-27,41.492592,-71.628119,2.338968979960734
2015-12-28,41.492592,-71.628119,3.323625654725545
2015-12-29,41.492592,-71.628119,21.036390033415824
2015-12-30,41.492592,-71.628119,0.0
2015-12-31,41.492592,-71.628119,2.7285324772096065
2016-01-01,41.492592,-71.628119,3.068584828154363
2016-01-02,41.492592,-71.628119,0.0
2016-01-03,41.492592,-71.628119,0.0
2016-01-04,41.492592,-71.628119,0.0
2016-01-05,41.492592,-71.628119,0.10516941806427445
2016-01-06,41.492592,-71.628119,0.0
2016-01-07,41.492592,-71.628119,0.0
2016-01-08,41.492592,-71.628119,0.0
2016-01-09,41.492592,-71.628119,0.7074898004637753
2016-01-10,41.492592,-71.628119,44.97361043985609
2016-01-11,41.492592,-71.628119,0.004259199904799611
2016-01-12,41.492592,-71.628119,2.5981061077340377
2016-01-13,41.492592,-71.628119,0.12662840150953097
2016-01-14,41.492592,-71.628119,0.01964737441503425
2016-01-15,41.492592,-71.628119,0.0
2016-01-16,41.492592,-71.628119,52.59745575876604
2016-01-17,41.492592,-71.628119,2.1823607107167073
2016-01-18,41.492592,-71.628119,0.0
2016-01-19,41.492592,-71.628119,0.0
2016-01-20,41.492592,-71.628119,0.0
2016-01-21,41.492592,-71.628119,0.0028703999358414855
2016-01-22,41.492592,-71.628119,0.018985569279767196
2016-01-23,41.492592,-71.628119,6.11496206249452
2016-01-24,41.492592,-71.628119,0.03549231421527581
2016-01-25,41.492592,-71.628119,0.0022422743426168774
2016-01-26,41.492592,-71.628119,0.317142190108598
2016-01-27,41.492592,-71.628119,1.0858541191446085
2016-01-28,41.492592,-71.628119,0.0
2016-01-29,41.492592,-71.628119,0.03771399730096253
2016-01-30,41.492592,-71.628119,0.04938748383281044
2016-01-31,41.492592,-71.628119,0.6151730787778955
2016-02-01,41.492592,-71.628119,0.5011703681165421
2016-02-02,41.492592,-71.628119,1.1114891431745746
2016-02-03,41.492592,-71.628119,12.403749071666702
2016-02-04,41.492592,-71.628119,24.541311295511893
2016-02-05,41.492592,-71.628119,52.06293681148841
2016-02-06,41.492592,-71.628119,0.00332716516167586
2016-02-07,41.492592,-71.628119,0.010171360143872816
2016-02-08,41.492592,-71.628119,11.545510775925601
2016-02-09,41.492592,-71.628119,0.0
2016-02-10,41.492592,-71.628119,0.0018843767796738237
2016-02-11,41.492592,-71.628119,0.0
2016-02-12,41.492592,-71.628119,0.31436535927389425
2016-02-13,41.492592,-71.628119,2.3246903282504787
2016-02-14,41.492592,-71.628119,0.0
2016-02-15,41.492592,-71.628119,0.05728686483522163
2016-02-16,41.492592,-71.628119,20.37735008979912
2016-02-17,41.492592,-71.628119,0.0018843767796738237
2016-02-18,41.492592,-71.628119,0.0
2016-02-19,41.492592,-71.628119,0.0
2016-02-20,41.492592,-71.628119,0.4102891292149986
2016-02-21,41.492592,-71.628119,0.0022422743426168774
2016-02-22,41.492592,-71.628119,1.1383318016226434
2016-02-23,41.492592,-71.628119,2.225032353486861
2016-02-24,41.492592,-71.628119,8.102575155230609
2016-02-25,41.492592,-71.628119,25.541984887576373
2016-02-26,41.492592,-71.628119,0.02928471935926775
2016-02-27,41.492592,-71.628119,0.025731546744266972
2016-02-28,41.492592,-71.628119,0.1285049525759181
2016-02-29,41.492592,-71.628119,1.2384426937652264
2016-03-01,41.492592,-71.628119,0.0
2016-03-02,41.492592,-71.628119,9.237101853726113
2016-03-03,41.492592,-71.628119,0.005740799871682971
2016-03-04,41.492592,-71.628119,0.07191985144687198
2016-03-05,41.492592,-71.628119,0.044129690657144116
2016-03-06,41.492592,-71.628119,0.0
2016-03-07,41.492592,-71.628119,0.00565313022202396
2016-03-08,41.492592,-71.628119,0.009786365410416893
2016-03-09,41.492592,-71.628119,0.0012562511864492158
2016-03-10,41.492592,-71.628119,0.7996698448225865
2016-03-11,41.492592,-71.628119,9.343360749242382
2016-03-12,41.492592,-71.628119,0.0
2016-03-13,41.492592,-71.628119,0.0
2016-03-14,41.492592,-71.628119,24.422102007562298
2016-03-15,41.492592,-71.628119,8.126119582439832
2016-03-16,41.492592,-71.628119,0.03591772146473791
2016-03-17,41.492592,-71.628119,8.320068383977043
2016-03-18,41.492592,-71.628119,0.0
2016-03-19,41.492592,-71.628119,0.0
2016-03-20,41.492592,-71.628119,0.010765804383484812
2016-03-21,41.492592,-71.628119,1.661932019578754
2016-03-22,41.492592,-71.628119,0.01145204030421212
2016-03-23,41.492592,-71.628119,2.9680409546653035
2016-03-24,41.492592,-71.628119,0.22398787727640282
2016-03-25,41.492592,-71.628119,1.5827515389085693
2016-03-26,41.492592,-71.628119,0.0
2016-03-27,41.492592,-71.628119,0.0
2016-03-28,41.492592,-71.628119,16.07171174590587
2016-03-29,41.492592,-71.628119,0.0
2016-03-30,41.492592,-71.628119,0.0
2016-03-31,41.492592,-71.628119,0.006044709021582113
2016-04-01,41.492592,-71.628119,1.0995977034587474
2016-04-02,41.492592,-71.628119,15.566711569180365
2016-04-03,41.492592,-71.628119,5.378511793893424
2016-04-04,41.492592,-71.628119,6.720992534517885
2016-04-05,41.492592,-71.628119,0.011987798800645977
2016-04-06,41.492592,-71.628119,0.017933640469203177
2016-04-07,41.492592,-71.628119,33.767919047226876
2016-04-08,41.492592,-71.628119,0.06377692466605706
2016-04-09,41.492592,-71.628119,0.006854817228761291
2016-04-10,41.492592,-71.628119,0.0059367320784967795
2016-04-11,41.492592,-71.628119,0.3398985870766834
2016-04-12,41.492592,-71.628119,10.271341672879203
2016-04-13,41.492592,-71.628119,0.0
2016-04-14,41.492592,-71.628119,0.0
2016-04-15,41.492592,-71.628119,0.0
2016-04-16,41.492592,-71.628119,0.0
2016-04-17,41.492592,-71.628119,0.0
2016-04-18,41.492592,-71.628119,0.0
2016-04-19,41.492592,-71.628119,0.26934446780421256
2016-04-20,41.492592,-71.628119,0.0
2016-04-21,41.492592,-71.628119,0.0
2016-04-22,41.492592,-71.628119,0.6486744472071618
2016-04-23,41.492592,-71.628119,8.331573082302844
2016-04-24,41.492592,-71.628119,0.0
2016-04-25,41.492592,-71.628119,0.5410014250763371
2016-04-26,41.492592,-71.628119,7.062099526593782
2016-04-27,41.492592,-71.628119,0.00665433032335172
2016-04-28,41.492592,-71.628119,1.2302943958423054
2016-04-29,41.492592,-71.628119,2.7050692907005955
2016-04-30,41.492592,-71.628119,0.15147783137750284
2016-05-01,41.492592,-71.628119,2.569453894399845
2016-05-02,41.492592,-71.628119,0.7160241294919293
2016-05-03,41.492592,-71.628119,11.281986654843301
2016-05-04,41.492592,-71.628119,8.38056129112358
2016-05-05,41.492592,-71.628119,4.435762139808315
2016-05-06,41.492592,-71.628119,0.38635465123769774
2016-05-07,41.492592,-71.628119,1.5683415464208696
2016-05-08,41.492592,-71.628119,1.3095131506345856
2016-05-09,41.492592,-71.628119,0.0
2016-05-10,41.492592,-71.628119,0.0
2016-05-11,41.492592,-71.628119,0.0
2016-05-12,41.492592,-71.628119,0.0
2016-05-13,41.492592,-71.628119,9.064816844815542
2016-05-14,41.492592,-71.628119,5.120348275787965
2016-05-15,41.492592,-71.628119,1.6282657328992067
2016-05-16,41.492592,-71.628119,0.0
2016-05-17,41.492592,-71.628119,0.2779495319506357
2016-05-18,41.492592,-71.628119,0.7541397725748284
2016-05-19,41.492592,-71.628119,1.077982758590435
2016-05-20,41.492592,-71.628119,0.0
2016-05-21,41.492592,-71.628119,2.2832233317906296
2016-05-22,41.492592,-71.628119,7.022449510886191
2016-05-23,41.492592,-71.628119,0.377315556474091
2016-05-24,41.492592,-71.628119,4.02695702252088
2016-05-25,41.492592,-71.628119,0.5943087164321736
2016-05-26,41.492592,-71.628119,0.0
2016-05-27,41.492592,-71.628119,0.03160806934578708
2016-05-28,41.492592,-71.628119,0.14268320355415845
2016-05-29,41.492592,-71.628119,0.0
2016-05-30,41.492592,-71.628119,20.9259185353035
2016-05-31,41.492592,-71.628119,6.396167985036651
2016-06-01,41.492592,-71.628119,0.0
2016-06-02,41.492592,-71.628119,0.0
2016-06-03,41.492592,-71.628119,2.9368037204992117
2016-06-04,41.492592,-71.628119,0.06482003145591946
2016-06-05,41.492592,-71.628119,3.4150449910177523
2016-06-06,41.492592,-71.628119,0.8548523520603908
2016-06-07,41.492592,-71.628119,0.0
2016-06-08,41.492592,-71.628119,0.779949055990881
2016-06-09,41.492592,-71.628119,0.007456277944990005
2016-06-10,41.492592,-71.628119,0.1254146029064601
2016-06-11,41.492592,-71.628119,3.1589482383150607
2016-06-12,41.492592,-71.628119,0.0093203470840275
2016-06-13,41.492592,-71.628119,0.0
2016-06-14,41.492592,-71.628119,0.0
2016-06-15,41.492592,-71.628119,0.0
2016-06-16,41.492592,-71.628119,0.6839083514592083
2016-06-17,41.492592,-71.628119,0.02324064776829307
2016-06-18,41.492592,-71.628119,0.0035863379574560903
2016-06-19,41.492592,-71.628119,0.0
2016-06-20,41.492592,-71.628119,0.0
2016-06-21,41.492592,-71.628119,8.450793293630852
2016-06-22,41.492592,-71.628119,0.0006281255932246079
2016-06-23,41.492592,-71.628119,0.003993669351844805
2016-06-24,41.492592,-71.628119,0.0
2016-06-25,41.492592,-71.628119,0.0
2016-06-26,41.492592,-71.628119,0.0
2016-06-27,41.492592,-71.628119,0.0396007623640007
2016-06-28,41.492592,-71.628119,5.219745797986468
2016-06-29,41.492592,-71.628119,0.21435408112132323
2016-06-30,41.492592,-71.628119,0.0
2016-07-01,41.492592,-71.628119,1.7967379933190053
2016-07-02,41.492592,-71.628119,16.536602830074255
2016-07-03,41.492592,-71.628119,0.0
2016-07-04,41.492592,-71.628119,0.0009320347431237507
2016-07-05,41.492592,-71.628119,20.70458720464571
2016-07-06,41.492592,-71.628119,0.0
2016-07-07,41.492592,-71.628119,0.40501341767052723
2016-07-08,41.492592,-71.628119,0.012791982529190081
2016-07-09,41.492592,-71.628119,0.16610252043793752
2016-07-10,41.492592,-71.628119,0.2688864001976412
2016-07-11,41.492592,-71.628119,0.22047362672696724
2016-07-12,41.492592,-71.628119,0.0
2016-07-13,41.492592,-71.628119,0.0
2016-07-14,41.492592,-71.628119,0.9600282736735841
2016-07-15,41.492592,-71.628119,2.3175339940005806
2016-07-16,41.492592,-71.628119,0.030089471244347746
2016-07-17,41.492592,-71.628119,1.025314054499295
2016-07-18,41.492592,-71.628119,0.5446603359453028
2016-07-19,41.492592,-71.628119,0.22936102947087408
2016-07-20,41.492592,-71.628119,0.0
2016-07-21,41.492592,-71.628119,0.0
2016-07-22,41.492592,-71.628119,0.0021882859295729662
2016-07-23,41.492592,-71.628119,9.758559429217138
2016-07-24,41.492592,-71.628119,0.0483793376560365
2016-07-25,41.492592,-71.628119,2.18757113422105
2016-07-26,41.492592,-71.628119,6.953307924690236
2016-07-27,41.492592,-71.628119,0.0
2016-07-28,41.492592,-71.628119,0.0
2016-07-29,41.492592,-71.628119,18.651100515150752
2016-07-30,41.492592,-71.628119,0.0
2016-07-31,41.492592,-71.628119,1.0252868070595487
2016-08-01,41.492592,-71.628119,2.2331739196428204
2016-08-02,41.492592,-71.628119,7.87254757371004
2016-08-03,41.492592,-71.628119,0.0
2016-08-04,41.492592,-71.628119,0.0
2016-08-05,41.492592,-71.628119,0.0
2016-08-06,41.492592,-71.628119,2.592410251604435
2016-08-07,41.492592,-71.628119,0.00046601737156187534
2016-08-08,41.492592,-71.628119,1.0806694109263475
2016-08-09,41.492592,-71.628119,0.0
2016-08-10,41.492592,-71.628119,8.709503318815086
2016-08-11,41.492592,-71.628119,12.941503968798855
2016-08-12,41.492592,-71.628119,3.367900827579097
2016-08-13,41.492592,-71.628119,6.139675775842319
2016-08-14,41.492592,-71.628119,0.08139081592207979
2016-08-15,41.492592,-71.628119,0.00665433032335172
2016-08-16,41.492592,-71.628119,0.5625717422674817
2016-08-17,41.492592,-71.628119,7.129636529901764
2016-08-18,41.492592,-71.628119,4.95392057867759
2016-08-19,41.492592,-71.628119,0.0
2016-08-20,41.492592,-71.628119,0.02374664281691517
2016-08-21,41.492592,-71.628119,0.0
2016-08-22,41.492592,-71.628119,11.77052746856037
2016-08-23,41.492592,-71.628119,0.0
2016-08-24,41.492592,-71.628119,0.0
2016-08-25,41.492592,-71.628119,0.0
2016-08-26,41.492592,-71.628119,0.0037687535593476473
2016-08-27,41.492592,-71.628119,0.0
2016-08-28,41.492592,-71.628119,0.0
2016-08-29,41.492592,-71.628119,0.028156172715533213
2016-08-30,41.492592,-71.628119,0.0
2016-08-31,41.492592,-71.628119,0.2795171416138595
2016-09-01,41.492592,-71.628119,19.824097584922676
2016-09-02,41.492592,-71.628119,0.0
2016-09-03,41.492592,-71.628119,0.18610837282413006
2016-09-04,41.492592,-71.628119,0.0
2016-09-05,41.492592,-71.628119,4.499010672423334
2016-09-06,41.492592,-71.628119,0.13327323678827746
2016-09-07,41.492592,-71.628119,0.013959845112981303
2016-09-08,41.492592,-71.628119,0.0
2016-09-09,41.492592,-71.628119,0.43455397216854225
2016-09-10,41.492592,-71.628119,0.3710441794074074
2016-09-11,41.492592,-71.628119,0.013601947550038247
2016-09-12,41.492592,-71.628119,0.0
2016-09-13,41.492592,-71.628119,0.0
2016-09-14,41.492592,-71.628119,1.6496093950237454
2016-09-15,41.492592,-71.628119,0.051581773902752814
2016-09-16,41.492592,-71.628119,0.0
2016-09-17,41.492592,-71.628119,0.0
2016-09-18,41.492592,-71.628119,0.7712446158190831
2016-09-19,41.492592,-71.628119,29.010712800394074
2016-09-20,41.492592,-71.628119,4.920847802308501
2016-09-21,41.492592,-71.628119,0.22898221390079618
2016-09-22,41.492592,-71.628119,0.0009320347431237507
2016-09-23,41.492592,-71.628119,0.0
2016-09-24,41.492592,-71.628119,0.010515450979490118
2016-09-25,41.492592,-71.628119,0.0
2016-09-26,41.492592,-71.628119,0.0
2016-09-27,41.492592,-71.628119,5.151436079145009
2016-09-28,41.492592,-71.628119,0.0018843767796738237
2016-09-29,41.492592,-71.628119,0.0
2016-09-30,41.492592,-71.628119,5.9916435051632515
2016-10-01,41.492592,-71.628119,0.7554761392696343
2016-10-02,41.492592,-71.628119,0.10030803338518283
2016-10-03,41.492592,-71.628119,0.0
2016-10-04,41.492592,-71.628119,0.0
2016-10-05,41.492592,-71.628119,0.0
2016-10-06,41.492592,-71.628119,0.0
2016-10-07,41.492592,-71.628119,0.0
2016-10-08,41.492592,-71.628119,3.8988233383464004
2016-10-09,41.492592,-71.628119,79.76517439734768
2016-10-10,41.492592,-71.628119,0.08882215869428728
2016-10-11,41.492592,-71.628119,0.0
2016-10-12,41.492592,-71.628119,0.0
2016-10-13,41.492592,-71.628119,0.0
2016-10-14,41.492592,-71.628119,0.0
2016-10-15,41.492592,-71.628119,0.0
2016-10-16,41.492592,-71.628119,0.0
2016-10-17,41.492592,-71.628119,1.6212666077365832
2016-10-18,41.492592,-71.628119,0.0
2016-10-19,41.492592,-71.628119,0.0
2016-10-20,41.492592,-71.628119,0.0
2016-10-21,41.492592,-71.628119,4.0474311046504
2016-10-22,41.492592,-71.628119,0.6408266072598675
2016-10-23,41.492592,-71.628119,0.15947892298763247
2016-10-24,41.492592,-71.628119,2.6053723875712276
2016-10-25,41.492592,-71.628119,0.0
2016-10-26,41.492592,-71.628119,0.0
2016-10-27,41.492592,-71.628119,12.536738989750884
2016-10-28,41.492592,-71.628119,3.339939888987011
2016-10-29,41.492592,-71.628119,0.019723556370635015
2016-10-30,41.492592,-71.628119,7.519231291416759
2016-10-31,41.492592,-71.628119,3.377036841687817
2016-11-01,41.492592,-71.628119,0.0
2016-11-02,41.492592,-71.628119,0.026091617328162564
2016-11-03,41.492592,-71.628119,0.11792675398822285
2016-11-04,41.492592,-71.628119,0.44190363547300054
2016-11-05,41.492592,-71.628119,0.0
2016-11-06,41.492592,-71.628119,0.1549066242484644
2016-11-07,41.492592,-71.628119,0.0
2016-11-08,41.492592,-71.628119,0.0
2016-11-09,41.492592,-71.628119,0.6904600964849003
2016-11-10,41.492592,-71.628119,0.7828603113540485
2016-11-11,41.492592,-71.628119,0.0
2016-11-12,41.492592,-71.628119,0.0
2016-11-13,41.492592,-71.628119,0.0
2016-11-14,41.492592,-71.628119,0.0
2016-11-15,41.492592,-71.628119,23.406477559809506
2016-11-16,41.492592,-71.628119,0.0
2016-11-17,41.492592,-71.628119,0.0
2016-11-18,41.492592,-71.628119,0.0
2016-11-19,41.492592,-71.628119,0.0
2016-11-20,41.492592,-71.628119,0.33659551416260247
2016-11-21,41.492592,-71.628119,0.5755795404726592
2016-11-22,41.492592,-71.628119,0.6031063078713756
2016-11-23,41.492592,-71.628119,0.0
2016-11-24,41.492592,-71.628119,2.8411172062599674
2016-11-25,41.492592,-71.628119,0.0
2016-11-26,41.492592,-71.628119,0.0
2016-11-27,41.492592,-71.628119,0.0
2016-11-28,41.492592,-71.628119,0.0
2016-11-29,41.492592,-71.628119,58.42333795157956
2016-11-30,41.492592,-71.628119,13.684781535576386
2016-12-01,41.492592,-71.628119,5.55908039972623
2016-12-02,41.492592,-71.628119,0.5442663374997743
2016-12-03,41.492592,-71.628119,0.11659826414545302
2016-12-04,41.492592,-71.628119,0.0
2016-12-05,41.492592,-71.628119,3.376643154565755
2016-12-06,41.492592,-71.628119,0.0
2016-12-07,41.492592,-71.628119,5.03309270719126
2016-12-08,41.492592,-71.628119,0.004484548685233755
2016-12-09,41.492592,-71.628119,0.0
2016-12-10,41.492592,-71.628119,0.0
2016-12-11,41.492592,-71.628119,0.006726823027850633
2016-12-12,41.492592,-71.628119,17.64703009389669
2016-12-13,41.492592,-71.628119,0.0
2016-12-14,41.492592,-71.628119,0.0012562511864492158
2016-12-15,41.492592,-71.628119,0.0
2016-12-16,41.492592,-71.628119,0.0
2016-12-17,41.492592,-71.628119,25.477046380066124
2016-12-18,41.492592,-71.628119,13.81265934181944
2016-12-19,41.492592,-71.628119,0.0920030213994611
2016-12-20,41.492592,-71.628119,0.0
2016-12-21,41.492592,-71.628119,0.0
2016-12-22,41.492592,-71.628119,0.6445020757485169
2016-12-23,41.492592,-71.628119,0.0
2016-12-24,41.492592,-71.628119,17.019017854296216
2016-12-25,41.492592,-71.628119,0.0
2016-12-26,41.492592,-71.628119,0.011751827773647496
2016-12-27,41.492592,-71.628119,3.602242819240368
2016-12-28,41.492592,-71.628119,0.0
2016-12-29,41.492592,-71.628119,6.962579989763977
2016-12-30,41.492592,-71.628119,0.0
2016-12-31,41.492592,-71.628119,0.2524787702095483
2017-01-01,41.492592,-71.628119,4.434537149394965
2017-01-02,41.492592,-71.628119,3.8861091114541315
2017-01-03,41.492592,-71.628119,25.331404558180086
2017-01-04,41.492592,-71.628119,2.716789425310436
2017-01-05,41.492592,-71.628119,0.0025125023728984315
2017-01-06,41.492592,-71.628119,0.21142034216272443
2017-01-07,41.492592,-71.628119,10.02677106329013
2017-01-08,41.492592,-71.628119,0.165335854448805
2017-01-09,41.492592,-71.628119,0.0
2017-01-10,41.492592,-71.628119,0.15837945167272516
2017-01-11,41.492592,-71.628119,13.900346610371864
2017-01-12,41.492592,-71.628119,30.356006074949434
2017-01-13,41.492592,-71.628119,5.240285718066739
2017-01-14,41.492592,-71.628119,0.0
2017-01-15,41.492592,-71.628119,0.0
2017-01-16,41.492592,-71.628119,0.0018640694862475013
2017-01-17,41.492592,-71.628119,2.6287148113934484
2017-01-18,41.492592,-71.628119,1.3840183688361913
2017-01-19,41.492592,-71.628119,0.03541732058591253
2017-01-20,41.492592,-71.628119,0.12533947021582648
2017-01-21,41.492592,-71.628119,0.19388238667874033
2017-01-22,41.492592,-71.628119,0.882186922784499
2017-01-23,41.492592,-71.628119,7.705109596704727
2017-01-24,41.492592,-71.628119,41.30941236099622
2017-01-25,41.492592,-71.628119,9.988357119888404
2017-01-26,41.492592,-71.628119,0.2021984735934999
2017-01-27,41.492592,-71.628119,0.0
2017-01-28,41.492592,-71.628119,0.0
2017-01-29,41.492592,-71.628119,0.0021882859295729662
2017-01-30,41.492592,-71.628119,0.0
2017-01-31,41.492592,-71.628119,0.045222019294911625
2017-02-01,41.492592,-71.628119,0.004484548685233755
2017-02-02,41.492592,-71.628119,0.0
2017-02-03,41.492592,-71.628119,0.0
2017-02-04,41.492592,-71.628119,0.0
2017-02-05,41.492592,-71.628119,0.024953737782969724
2017-02-06,41.492592,-71.628119,0.0
2017-02-07,41.492592,-71.628119,7.234157329086514
2017-02-08,41.492592,-71.628119,3.662848592179874
2017-02-09,41.492592,-71.628119,36.295462724368576
2017-02-10,41.492592,-71.628119,0.0
2017-02-11,41.492592,-71.628119,0.589761819662284
2017-02-12,41.492592,-71.628119,12.721903005764593
2017-02-13,41.492592,-71.628119,0.0
2017-02-14,41.492592,-71.628119,0.0
2017-02-15,41.492592,-71.628119,0.31395919991333865
2017-02-16,41.492592,-71.628119,0.0
2017-02-17,41.492592,-71.628119,0.0
2017-02-18,41.492592,-71.628119,0.05605217014646547
2017-02-19,41.492592,-71.628119,0.15471318466592365
2017-02-20,41.492592,-71.628119,0.005025004745796863
2017-02-21,41.492592,-71.628119,0.08713319735224319
2017-02-22,41.492592,-71.628119,1.8581518440461313
2017-02-23,41.492592,-71.628119,0.39041294719710284
2017-02-24,41.492592,-71.628119,0.9232845717896891
2017-02-25,41.492592,-71.628119,0.07035006831311628
2017-02-26,41.492592,-71.628119,5.800355911857126
2017-02-27,41.492592,-71.628119,0.0
2017-02-28,41.492592,-71.628119,1.8251874064380045
2017-03-01,41.492592,-71.628119,13.49991387886395
2017-03-02,41.492592,-71.628119,0.19163907742195818
2017-03-03,41.492592,-71.628119,0.015285405142900834
2017-03-04,41.492592,-71.628119,0.0
2017-03-05,41.492592,-71.628119,0.0
2017-03-06,41.492592,-71.628119,0.03704741911340167
2017-03-07,41.492592,-71.628119,6.645462257301989
2017-03-08,41.492592,-71.628119,11.398936021319185
2017-03-09,41.492592,-71.628119,0.0
2017-03-10,41.492592,-71.628119,4.110665318331757
2017-03-11,41.492592,-71.628119,0.0
2017-03-12,41.492592,-71.628119,0.0
2017-03-13,41.492592,-71.628119,0.0
2017-03-14,41.492592,-71.628119,35.146892387738575
2017-03-15,41.492592,-71.628119,0.0
2017-03-16,41.492592,-71.628119,0.0
2017-03-17,41.492592,-71.628119,0.0
2017-03-18,41.492592,-71.628119,0.002330086771006875
2017-03-19,41.492592,-71.628119,0.005328914012693518
2017-03-20,41.492592,-71.628119,0.02534735349262782
2017-03-21,41.492592,-71.628119,0.0
2017-03-22,41.492592,-71.628119,0.30863914320370517
2017-03-23,41.492592,-71.628119,0.0
2017-03-24,41.492592,-71.628119,3.016607355146114
2017-03-25,41.492592,-71.628119,1.7916929338829695
2017-03-26,41.492592,-71.628119,0.8540025953002758
2017-03-27,41.492592,-71.628119,5.853743715957958
2017-03-28,41.492592,-71.628119,8.260023467488608
2017-03-29,41.492592,-71.628119,10.146249353188741
2017-03-30,41.492592,-71.628119,0.0
2017-03-31,41.492592,-71.628119,12.180594673468152
2017-04-01,41.492592,-71.628119,33.47587101697483
2017-04-02,41.492592,-71.628119,0.0
2017-04-03,41.492592,-71.628119,0.41828133504564957
2017-04-04,41.492592,-71.628119,37.46092953072448
2017-04-05,41.492592,-71.628119,1.8571768839299876
2017-04-06,41.492592,-71.628119,22.737007593431205
2017-04-07,41.492592,-71.628119,0.002595617323961681
2017-04-08,41.492592,-71.628119,1.2067605602218383
2017-04-09,41.492592,-71.628119,0.0
2017-04-10,41.492592,-71.628119,1.6786335272333008
2017-04-11,41.492592,-71.628119,0.0980162349691952
2017-04-12,41.492592,-71.628119,0.516411640121476
2017-04-13,41.492592,-71.628119,0.40609569910815196
2017-04-14,41.492592,-71.628119,0.14583213617833984
2017-04-15,41.492592,-71.628119,0.12235313292371269
2017-04-16,41.492592,-71.628119,0.8472933210216469
2017-04-17,41.492592,-71.628119,3.0849039165492362
2017-04-18,41.492592,-71.628119,0.0
2017-04-19,41.492592,-71.628119,1.4530704736122013
2017-04-20,41.492592,-71.628119,1.9819787060012986
2017-04-21,41.492592,-71.628119,9.442862401756459
2017-04-22,41.492592,-71.628119,5.507080241204802
2017-04-23,41.492592,-71.628119,0.697111616950665
2017-04-24,41.492592,-71.628119,0.931046676554076
2017-04-25,41.492592,-71.628119,11.69847172400769
2017-04-26,41.492592,-71.628119,17.250608846362784
2017-04-27,41.492592,-71.628119,0.05369388455649014
2017-04-28,41.492592,-71.628119,1.9017937749288156
2017-04-29,41.492592,-71.628119,2.6209320429500687
2017-04-30,41.492592,-71.628119,0.0
2017-05-01,41.492592,-71.628119,0.5501943163723574
2017-05-02,41.492592,-71.628119,13.595345688368013
2017-05-03,41.492592,-71.628119,0.0
2017-05-04,41.492592,-71.628119,0.07105772238728379
2017-05-05,41.492592,-71.628119,25.66469555345281
2017-05-06,41.492592,-71.628119,20.627672766552234
2017-05-07,41.492592,-71.628119,0.8338850338549537
2017-05-08,41.492592,-71.628119,0.042184965230617676
2017-05-09,41.492592,-71.628119,0.20920765220668264
2017-05-10,41.492592,-71.628119,0.4391133624188216
2017-05-11,41.492592,-71.628119,0.0
2017-05-12,41.492592,-71.628119,0.0
2017-05-13,41.492592,-71.628119,6.2991281159043
2017-05-14,41.492592,-71.628119,9.31311940509591
2017-05-15,41.492592,-71.628119,4.776839146555346
2017-05-16,41.492592,-71.628119,0.0
2017-05-17,41.492592,-71.628119,0.0037281389724950027
2017-05-18,41.492592,-71.628119,0.0
2017-05-19,41.492592,-71.628119,0.013980520626041248
2017-05-20,41.492592,-71.628119,0.005416583428357506
2017-05-21,41.492592,-71.628119,0.01330866064670344
2017-05-22,41.492592,-71.628119,19.241636421248067
2017-05-23,41.492592,-71.628119,4.237916765934573
2017-05-24,41.492592,-71.628119,12.019354035855857
2017-05-25,41.492592,-71.628119,8.621302819647697
2017-05-26,41.492592,-71.628119,18.30671939811818
2017-05-27,41.492592,-71.628119,0.09257265922031539
2017-05-28,41.492592,-71.628119,0.25368251441278755
2017-05-29,41.492592,-71.628119,18.57777742642701
2017-05-30,41.492592,-71.628119,0.11262415222838243
2017-05-31,41.492592,-71.628119,3.995815111392182
2017-06-01,41.492592,-71.628119,0.08285390884605408
2017-06-02,41.492592,-71.628119,0.15516831360113714
2017-06-03,41.492592,-71.628119,0.1121137196367808
2017-06-04,41.492592,-71.628119,2.341550747580351
2017-06-05,41.492592,-71.628119,9.383974644516304
2017-06-06,41.492592,-71.628119,17.714989124207488
2017-06-07,41.492592,-71.628119,0.06288657631857711
2017-06-08,41.492592,-71.628119,1.5123943713438035
2017-06-09,41.492592,-71.628119,2.7096353619016744
2017-06-10,41.492592,-71.628119,0.0
2017-06-11,41.492592,-71.628119,0.0012562511864492158
2017-06-12,41.492592,-71.628119,0.0
2017-06-13,41.492592,-71.628119,2.751288875719003
2017-06-14,41.492592,-71.628119,0.0
2017-06-15,41.492592,-71.628119,0.12279270877105063
2017-06-16,41.492592,-71.628119,4.839662022369887
2017-06-17,41.492592,-71.628119,0.5704759810523513
2017-06-18,41.492592,-71.628119,0.4498744534585122
2017-06-19,41.492592,-71.628119,0.07693946751101298
2017-06-20,41.492592,-71.628119,8.252078765865932
2017-06-21,41.492592,-71.628119,1.591096190131059
2017-06-22,41.492592,-71.628119,0.00466017354201375
2017-06-23,41.492592,-71.628119,0.15515134145450266
2017-06-24,41.492592,-71.628119,32.16208180503586
2017-06-25,41.492592,-71.628119,0.047087764118547495
2017-06-26,41.492592,-71.628119,0.0
2017-06-27,41.492592,-71.628119,0.4124729002912786
2017-06-28,41.492592,-71.628119,0.1682463425860188
2017-06-29,41.492592,-71.628119,0.5723199120839991
2017-06-30,41.492592,-71.628119,1.3896888244089214
2017-07-01,41.492592,-71.628119,4.5349252314021555
2017-07-02,41.492592,-71.628119,0.0
2017-07-03,41.492592,-71.628119,0.14171020347788169
2017-07-04,41.492592,-71.628119,0.0
2017-07-05,41.492592,-71.628119,0.0
2017-07-06,41.492592,-71.628119,0.11363959940288099
2017-07-07,41.492592,-71.628119,8.17877714415421
2017-07-08,41.492592,-71.628119,0.18130152330959637
2017-07-09,41.492592,-71.628119,0.0
2017-07-10,41.492592,-71.628119,0.0
2017-07-11,41.492592,-71.628119,5.368418489925078
2017-07-12,41.492592,-71.628119,2.1340277662354086
2017-07-13,41.492592,-71.628119,19.69697634567156
2017-07-14,41.492592,-71.628119,6.067912978918182
2017-07-15,41.492592,-71.628119,1.0319321779436503
2017-07-16,41.492592,-71.628119,0.0
2017-07-17,41.492592,-71.628119,0.0018640694862475013
2017-07-18,41.492592,-71.628119,0.004396879269569768
2017-07-19,41.492592,-71.628119,0.0
2017-07-20,41.492592,-71.628119,0.14343260163787003
2017-07-21,41.492592,-71.628119,0.1754869140661894
2017-07-22,41.492592,-71.628119,0.16967094488143208
2017-07-23,41.492592,-71.628119,1.2378563351593992
2017-07-24,41.492592,-71.628119,17.116030641864587
2017-07-25,41.492592,-71.628119,0.11131587353698515
2017-07-26,41.492592,-71.628119,0.0
2017-07-27,41.492592,-71.628119,6.88336090203977
2017-07-28,41.492592,-71.628119,0.006402749536861156
2017-07-29,41.492592,-71.628119,12.717831551365283
2017-07-30,41.492592,-71.628119,0.0
2017-07-31,41.492592,-71.628119,0.0
2017-08-01,41.492592,-71.628119,0.0
2017-08-02,41.492592,-71.628119,0.07573841987642399
2017-08-03,41.492592,-71.628119,0.0706519769643343
2017-08-04,41.492592,-71.628119,0.036953252299024006
2017-08-05,41.492592,-71.628119,3.859075404893225
2017-08-06,41.492592,-71.628119,0.003905856923454808
2017-08-07,41.492592,-71.628119,7.095898661172896
2017-08-08,41.492592,-71.628119,3.1275168284459243
2017-08-09,41.492592,-71.628119,0.0
2017-08-10,41.492592,-71.628119,0.00896909737046751
2017-08-11,41.492592,-71.628119,0.0
2017-08-12,41.492592,-71.628119,6.8702086114395104
2017-08-13,41.492592,-71.628119,0.0012562511864492158
2017-08-14,41.492592,-71.628119,0.01122503133073265
2017-08-15,41.492592,-71.628119,9.14427913397833
2017-08-16,41.492592,-71.628119,0.0
2017-08-17,41.492592,-71.628119,0.0
2017-08-18,41.492592,-71.628119,4.976211796735461
2017-08-19,41.492592,-71.628119,2.3179115513374153
2017-08-20,41.492592,-71.628119,0.0
2017-08-21,41.492592,-71.628119,0.029438287087936305
2017-08-22,41.492592,-71.628119,0.03515755255709488
2017-08-23,41.492592,-71.628119,3.691013663122647
2017-08-24,41.492592,-71.628119,0.0
2017-08-25,41.492592,-71.628119,0.0
2017-08-26,41.492592,-71.628119,0.0
2017-08-27,41.492592,-71.628119,0.0
2017-08-28,41.492592,-71.628119,0.0022422743426168774
2017-08-29,41.492592,-71.628119,5.211075828082986
2017-08-30,41.492592,-71.628119,24.408513955200604
2017-08-31,41.492592,-71.628119,0.0
2017-09-01,41.492592,-71.628119,0.0
2017-09-02,41.492592,-71.628119,0.0
2017-09-03,41.492592,-71.628119,27.296744601421665
2017-09-04,41.492592,-71.628119,0.0
2017-09-05,41.492592,-71.628119,0.0
2017-09-06,41.492592,-71.628119,12.648890054926317
2017-09-07,41.492592,-71.628119,19.664238487816377
2017-09-08,41.492592,-71.628119,0.0
2017-09-09,41.492592,-71.628119,0.0
2017-09-10,41.492592,-71.628119,0.0
2017-09-11,41.492592,-71.628119,0.0
2017-09-12,41.492592,-71.628119,0.0
2017-09-13,41.492592,-71.628119,0.0
2017-09-14,41.492592,-71.628119,0.0
2017-09-15,41.492592,-71.628119,1.2853740884345175
2017-09-16,41.492592,-71.628119,0.0
2017-09-17,41.492592,-71.628119,0.0
2017-09-18,41.492592,-71.628119,0.0
2017-09-19,41.492592,-71.628119,6.571085159755519
2017-09-20,41.492592,-71.628119,0.9576880615767863
2017-09-21,41.492592,-71.628119,5.543224571346139
2017-09-22,41.492592,-71.628119,2.495486535978945
2017-09-23,41.492592,-71.628119,0.0
2017-09-24,41.492592,-71.628119,0.0
2017-09-25,41.492592,-71.628119,0.0
2017-09-26,41.492592,-71.628119,0.0
2017-09-27,41.492592,-71.628119,0.0
2017-09-28,41.492592,-71.628119,0.028228872910458978
2017-09-29,41.492592,-71.628119,0.0
2017-09-30,41.492592,-71.628119,13.113219787038048
2017-10-01,41.492592,-71.628119,0.0
2017-10-02,41.492592,-71.628119,0.0
2017-10-03,41.492592,-71.628119,0.0
2017-10-04,41.492592,-71.628119,0.0
2017-10-05,41.492592,-71.628119,0.01887022948405877
2017-10-06,41.492592,-71.628119,4.917067985469935
2017-10-07,41.492592,-71.628119,0.45440660618555384
2017-10-08,41.492592,-71.628119,9.79284340017728
2017-10-09,41.492592,-71.628119,11.089382142356946
2017-10-10,41.492592,-71.628119,0.005790233703128631
2017-10-11,41.492592,-71.628119,0.9033403848170357
2017-10-12,41.492592,-71.628119,2.2302670952079717
2017-10-13,41.492592,-71.628119,0.0
2017-10-14,41.492592,-71.628119,0.8160593046344227
2017-10-15,41.492592,-71.628119,0.006418359296353239
2017-10-16,41.492592,-71.628119,1.052955967405484
2017-10-17,41.492592,-71.628119,0.0
2017-10-18,41.492592,-71.628119,0.005592208458742503
2017-10-19,41.492592,-71.628119,0.0
2017-10-20,41.492592,-71.628119,0.0
2017-10-21,41.492592,-71.628119,0.0
2017-10-22,41.492592,-71.628119,0.0
2017-10-23,41.492592,-71.628119,0.0
2017-10-24,41.492592,-71.628119,3.4863462939656102
2017-10-25,41.492592,-71.628119,33.05992980177549
2017-10-26,41.492592,-71.628119,29.19201082243633
2017-10-27,41.492592,-71.628119,0.0
2017-10-28,41.492592,-71.628119,0.00332716516167586
2017-10-29,41.492592,-71.628119,11.97289819506474
2017-10-30,41.492592,-71.628119,48.07547833561909
2017-10-31,41.492592,-71.628119,0.0
2017-11-01,41.492592,-71.628119,0.27320052515947335
2017-11-02,41.492592,-71.628119,0.019980125500734743
2017-11-03,41.492592,-71.628119,0.0
2017-11-04,41.492592,-71.628119,0.0
2017-11-05,41.492592,-71.628119,0.8646370867139793
2017-11-06,41.492592,-71.628119,1.7034162588303976
2017-11-07,41.492592,-71.628119,8.535959261301779
2017-11-08,41.492592,-71.628119,9.604559759802816
2017-11-09,41.492592,-71.628119,0.0
2017-11-10,41.492592,-71.628119,0.0
2017-11-11,41.492592,-71.628119,0.0
2017-11-12,41.492592,-71.628119,0.0
2017-11-13,41.492592,-71.628119,5.606082020078802
2017-11-14,41.492592,-71.628119,0.0
2017-11-15,41.492592,-71.628119,0.0
2017-11-16,41.492592,-71.628119,3.8666411579749824
2017-11-17,41.492592,-71.628119,0.0
2017-11-18,41.492592,-71.628119,1.3963089312960872
2017-11-19,41.492592,-71.628119,19.08621601902832
2017-11-20,41.492592,-71.628119,0.0
2017-11-21,41.492592,-71.628119,0.0
2017-11-22,41.492592,-71.628119,29.911766526688595
2017-11-23,41.492592,-71.628119,0.0
2017-11-24,41.492592,-71.628119,0.0
2017-11-25,41.492592,-71.628119,0.16876492344360242
2017-11-26,41.492592,-71.628119,0.9643613239381907
2017-11-27,41.492592,-71.628119,0.0
2017-11-28,41.492592,-71.628119,0.00166358258083793
2017-11-29,41.492592,-71.628119,0.0
2017-11-30,41.492592,-71.628119,0.0
2017-12-01,41.492592,-71.628119,3.018701043541421
2017-12-02,41.492592,-71.628119,0.00896909737046751
2017-12-03,41.492592,-71.628119,0.0536062770521468
2017-12-04,41.492592,-71.628119,0.012467622481877452
2017-12-05,41.492592,-71.628119,0.7858650797701456
2017-12-06,41.492592,-71.628119,22.39105750474432
2017-12-07,41.492592,-71.628119,0.0
2017-12-08,41.492592,-71.628119,2.3070044881957603
2017-12-09,41.492592,-71.628119,12.853499204253557
2017-12-10,41.492592,-71.628119,1.7743504169759063
2017-12-11,41.492592,-71.628119,0.054492127156168864
2017-12-12,41.492592,-71.628119,9.640567845043726
2017-12-13,41.492592,-71.628119,0.0907999871537174
2017-12-14,41.492592,-71.628119,0.10673952180312077
2017-12-15,41.492592,-71.628119,0.0
2017-12-16,41.492592,-71.628119,0.0018843767796738237
2017-12-17,41.492592,-71.628119,0.0
2017-12-18,41.492592,-71.628119,0.819156565894678
2017-12-19,41.492592,-71.628119,0.022700190771749874
2017-12-20,41.492592,-71.628119,0.03430321883439505
2017-12-21,41.492592,-71.628119,0.02843377174578945
2017-12-22,41.492592,-71.628119,0.06071087486666816
2017-12-23,41.492592,-71.628119,18.455450017285735
2017-12-24,41.492592,-71.628119,8.762513829519744
2017-12-25,41.492592,-71.628119,1.6559734010352516
2017-12-26,41.492592,-71.628119,0.31379363779041625
2017-12-27,41.492592,-71.628119,0.0
2017-12-28,41.492592,-71.628119,0.0
2017-12-29,41.492592,-71.628119,0.0
2017-12-30,41.492592,-71.628119,0.0
2017-12-31,41.492592,-71.628119,0.28490987993318534
2018-01-01,41.492592,-71.628119,0.0
2018-01-02,41.492592,-71.628119,0.0
2018-01-03,41.492592,-71.628119,0.0
2018-01-04,41.492592,-71.628119,12.876593232870169
2018-01-05,41.492592,-71.628119,0.6527713457758827
2018-01-06,41.492592,-71.628119,0.0
2018-01-07,41.492592,-71.628119,0.0
2018-01-08,41.492592,-71.628119,0.8710511611938226
2018-01-09,41.492592,-71.628119,0.9426645505168068
2018-01-10,41.492592,-71.628119,0.0
2018-01-11,41.492592,-71.628119,0.1553381706758678
2018-01-12,41.492592,-71.628119,16.5439935791008
2018-01-13,41.492592,-71.628119,68.89612731262973
2018-01-14,41.492592,-71.628119,0.0
2018-01-15,41.492592,-71.628119,0.25689879971592683
2018-01-16,41.492592,-71.628119,0.0
2018-01-17,41.492592,-71.628119,0.5381601513442942
2018-01-18,41.492592,-71.628119,0.0
2018-01-19,41.492592,-71.628119,0.0
2018-01-20,41.492592,-71.628119,0.0
2018-01-21,41.492592,-71.628119,0.0
2018-01-22,41.492592,-71.628119,0.007625176534359283
2018-01-23,41.492592,-71.628119,32.29247465205997
2018-01-24,41.492592,-71.628119,0.0
2018-01-25,41.492592,-71.628119,0.0
2018-01-26,41.492592,-71.628119,0.020286555359757694
2018-01-27,41.492592,-71.628119,0.0
2018-01-28,41.492592,-71.628119,15.914959859189402
2018-01-29,41.492592,-71.628119,0.6070909495350109
2018-01-30,41.492592,-71.628119,0.5513061759555635
2018-01-31,41.492592,-71.628119,0.0
2018-02-01,41.492592,-71.628119,0.030195787157352105
2018-02-02,41.492592,-71.628119,1.9676422837160803
2018-02-03,41.492592,-71.628119,0.0
2018-02-04,41.492592,-71.628119,2.335148880835545
2018-02-05,41.492592,-71.628119,24.995446879420854
2018-02-06,41.492592,-71.628119,0.0
2018-02-07,41.492592,-71.628119,19.716801874743226
2018-02-08,41.492592,-71.628119,1.9768710156862475
2018-02-09,41.492592,-71.628119,0.0
2018-02-10,41.492592,-71.628119,3.1156518217137954
2018-02-11,41.492592,-71.628119,50.428199654463626
2018-02-12,41.492592,-71.628119,11.701585031836665
2018-02-13,41.492592,-71.628119,0.0
2018-02-14,41.492592,-71.628119,0.23925562529464406
2018-02-15,41.492592,-71.628119,2.527763966718749
2018-02-16,41.492592,-71.628119,12.035659981930676
2018-02-17,41.492592,-71.628119,0.030523178216861693
2018-02-18,41.492592,-71.628119,14.326748683144789
2018-02-19,41.492592,-71.628119,1.6904432069850523
2018-02-20,41.492592,-71.628119,4.732587695321076
2018-02-21,41.492592,-71.628119,0.03599223282848489
2018-02-22,41.492592,-71.628119,2.4334845903673594
2018-02-23,41.492592,-71.628119,5.99383585868117
2018-02-24,41.492592,-71.628119,6.969922550500719
2018-02-25,41.492592,-71.628119,22.57718156908974
2018-02-26,41.492592,-71.628119,0.6800583253092202
2018-02-27,41.492592,-71.628119,0.0
2018-02-28,41.492592,-71.628119,0.5921952952966663
2018-03-01,41.492592,-71.628119,0.0588794760382962
2018-03-02,41.492592,-71.628119,59.386777966413604
2018-03-03,41.492592,-71.628119,0.3537155904714312
2018-03-04,41.492592,-71.628119,0.0
2018-03-05,41.492592,-71.628119,0.08038051946356764
2018-03-06,41.492592,-71.628119,0.00896909737046751
2018-03-07,41.492592,-71.628119,29.963068725200653
2018-03-08,41.492592,-71.628119,1.3427440877794268
2018-03-09,41.492592,-71.628119,0.0
2018-03-10,41.492592,-71.628119,0.0
2018-03-11,41.492592,-71.628119,0.0
2018-03-12,41.492592,-71.628119,0.3625972421025607
2018-03-13,41.492592,-71.628119,29.739903798208516
2018-03-14,41.492592,-71.628119,0.053305044985930555
2018-03-15,41.492592,-71.628119,0.9709597755496475
2018-03-16,41.492592,-71.628119,0.0
2018-03-17,41.492592,-71.628119,0.0
2018-03-18,41.492592,-71.628119,0.0
2018-03-19,41.492592,-71.628119,0.0
2018-03-20,41.492592,-71.628119,0.3270414770654589
2018-03-21,41.492592,-71.628119,2.1669637021656354
2018-03-22,41.492592,-71.628119,3.3781327389048434
2018-03-23,41.492592,-71.628119,0.0
2018-03-24,41.492592,-71.628119,0.0
2018-03-25,41.492592,-71.628119,0.00499074774251379
2018-03-26,41.492592,-71.628119,0.0
2018-03-27,41.492592,-71.628119,0.0
2018-03-28,41.492592,-71.628119,0.7962415445634726
2018-03-29,41.492592,-71.628119,1.019012173423232
2018-03-30,41.492592,-71.628119,2.593040601899072
2018-03-31,41.492592,-71.628119,0.033634113886284706
2018-04-01,41.492592,-71.628119,4.385086230029501
2018-04-02,41.492592,-71.628119,6.089776300728053
2018-04-03,41.492592,-71.628119,14.845461418317687
2018-04-04,41.492592,-71.628119,5.481855300474751
2018-04-05,41.492592,-71.628119,0.0
2018-04-06,41.492592,-71.628119,2.625445147954895
2018-04-07,41.492592,-71.628119,5.592197280110453
2018-04-08,41.492592,-71.628119,0.008317912594323242
2018-04-09,41.492592,-71.628119,0.0
2018-04-10,41.492592,-71.628119,0.6984517118964987
2018-04-11,41.492592,-71.628119,0.0
2018-04-12,41.492592,-71.628119,1.0778089459181652
2018-04-13,41.492592,-71.628119,5.213741689474527
2018-04-14,41.492592,-71.628119,0.0027961042293712514
2018-04-15,41.492592,-71.628119,1.5016309854291758
2018-04-16,41.492592,-71.628119,38.29741545649705
2018-04-17,41.492592,-71.628119,0.06277759752750442
2018-04-18,41.492592,-71.628119,0.08781018532059456
2018-04-19,41.492592,-71.628119,2.6063482875780335
2018-04-20,41.492592,-71.628119,0.0
2018-04-21,41.492592,-71.628119,0.0
2018-04-22,41.492592,-71.628119,0.0
2018-04-23,41.492592,-71.628119,0.0
2018-04-24,41.492592,-71.628119,0.20298547018078045
2018-04-25,41.492592,-71.628119,31.630327193603783
2018-04-26,41.492592,-71.628119,7.5745766640917465
2018-04-27,41.492592,-71.628119,19.380708978000385
2018-04-28,41.492592,-71.628119,0.0
2018-04-29,41.492592,-71.628119,0.6442243354064541
2018-04-30,41.492592,-71.628119,0.03811866507745537
2018-05-01,41.492592,-71.628119,0.0006281255932246079
2018-05-02,41.492592,-71.628119,0.0
2018-05-03,41.492592,-71.628119,0.007811713846909616
2018-05-04,41.492592,-71.628119,1.0747027277459922
2018-05-05,41.492592,-71.628119,0.01996299097005516
2018-05-06,41.492592,-71.628119,9.38865854024297
2018-05-07,41.492592,-71.628119,0.35909898923059863
2018-05-08,41.492592,-71.628119,0.0
2018-05-09,41.492592,-71.628119,0.0
2018-05-10,41.492592,-71.628119,0.006726823027850633
2018-05-11,41.492592,-71.628119,0.4669142580725709
2018-05-12,41.492592,-71.628119,2.9823097289184197
2018-05-13,41.492592,-71.628119,1.1007766113933153
2018-05-14,41.492592,-71.628119,0.049104973171773675
2018-05-15,41.492592,-71.628119,12.109688665274358
2018-05-16,41.492592,-71.628119,6.624708367717065
2018-05-17,41.492592,-71.628119,13.87471627060466
2018-05-18,41.492592,-71.628119,0.10602237837477049
2018-05-19,41.492592,-71.628119,6.204583662138616
2018-05-20,41.492592,-71.628119,2.6930433371444087
2018-05-21,41.492592,-71.628119,0.0
2018-05-22,41.492592,-71.628119,6.297769130302241
2018-05-23,41.492592,-71.628119,3.4732908967665206
2018-05-24,41.492592,-71.628119,0.0
2018-05-25,41.492592,-71.628119,0.0
2018-05-26,41.492592,-71.628119,0.030217465445258412
2018-05-27,41.492592,-71.628119,2.6815486215863764
2018-05-28,41.492592,-71.628119,0.02692095214670695
2018-05-29,41.492592,-71.628119,0.03484373959908897
2018-05-30,41.492592,-71.628119,0.0
2018-05-31,41.492592,-71.628119,0.0
2018-06-01,41.492592,-71.628119,11.046001720417012
2018-06-02,41.492592,-71.628119,0.6302995196515083
2018-06-03,41.492592,-71.628119,0.0018843767796738237
2018-06-04,41.492592,-71.628119,8.688930355400947
2018-06-05,41.492592,-71.628119,0.2317962783241462
2018-06-06,41.492592,-71.628119,0.05690309259772816
2018-06-07,41.492592,-71.628119,0.0
2018-06-08,41.492592,-71.628119,0.0
2018-06-09,41.492592,-71.628119,0.04990747556593945
2018-06-10,41.492592,-71.628119,0.09992354379849937
2018-06-11,41.492592,-71.628119,2.926681888181931
2018-06-12,41.492592,-71.628119,0.0
2018-06-13,41.492592,-71.628119,2.698947644174172
2018-06-14,41.492592,-71.628119,0.04378956651313953
2018-06-15,41.492592,-71.628119,0.17022202698905536
2018-06-16,41.492592,-71.628119,0.00332716516167586
2018-06-17,41.492592,-71.628119,0.0
2018-06-18,41.492592,-71.628119,1.6583067070314195
2018-06-19,41.492592,-71.628119,9.389559961618664
2018-06-20,41.492592,-71.628119,0.09017474793288367
2018-06-21,41.492592,-71.628119,4.518563852903259
2018-06-22,41.492592,-71.628119,0.0
2018-06-23,41.492592,-71.628119,5.016966987597849
2018-06-24,41.492592,-71.628119,0.02563095378665561
2018-06-25,41.492592,-71.628119,5.623809723916704
2018-06-26,41.492592,-71.628119,0.0
2018-06-27,41.492592,-71.628119,0.18647645910982658
2018-06-28,41.492592,-71.628119,15.723394592316678
2018-06-29,41.492592,-71.628119,0.14435858165067258
2018-06-30,41.492592,-71.628119,0.009786365410416893
2018-07-01,41.492592,-71.628119,0.04233391658505216
2018-07-02,41.492592,-71.628119,0.004396879269569768
2018-07-03,41.492592,-71.628119,0.03659881739816728
2018-07-04,41.492592,-71.628119,0.12970511355005016
2018-07-05,41.492592,-71.628119,0.0
2018-07-06,41.492592,-71.628119,16.1437509543673
2018-07-07,41.492592,-71.628119,0.0
2018-07-08,41.492592,-71.628119,0.0
2018-07-09,41.492592,-71.628119,0.0
2018-07-10,41.492592,-71.628119,0.0
2018-07-11,41.492592,-71.628119,3.2666466983820404
2018-07-12,41.492592,-71.628119,0.0
2018-07-13,41.492592,-71.628119,0.0
2018-07-14,41.492592,-71.628119,0.10315117672486634
2018-07-15,41.492592,-71.628119,5.06394576643223
2018-07-16,41.492592,-71.628119,0.00565313022202396
2018-07-17,41.492592,-71.628119,3.1357128045150886
2018-07-18,41.492592,-71.628119,6.905925126798978
2018-07-19,41.492592,-71.628119,0.0
2018-07-20,41.492592,-71.628119,0.0
2018-07-21,41.492592,-71.628119,0.1687987050483958
2018-07-22,41.492592,-71.628119,30.441831616577907
2018-07-23,41.492592,-71.628119,0.1712703265296123
2018-07-24,41.492592,-71.628119,0.0
2018-07-25,41.492592,-71.628119,1.8652778975735465
2018-07-26,41.492592,-71.628119,5.698135101836867
2018-07-27,41.492592,-71.628119,0.0
2018-07-28,41.492592,-71.628119,2.4484815849452186
2018-07-29,41.492592,-71.628119,2.299213127416926
2018-07-30,41.492592,-71.628119,4.0304231029763375
2018-07-31,41.492592,-71.628119,0.41650305598094595
2018-08-01,41.492592,-71.628119,0.883435085060149
2018-08-02,41.492592,-71.628119,0.01507501423739059
2018-08-03,41.492592,-71.628119,0.0
2018-08-04,41.492592,-71.628119,37.27231347386983
2018-08-05,41.492592,-71.628119,0.0
2018-08-06,41.492592,-71.628119,0.0
2018-08-07,41.492592,-71.628119,0.0
2018-08-08,41.492592,-71.628119,8.151600923998913
2018-08-09,41.492592,-71.628119,4.112814190772806
2018-08-10,41.492592,-71.628119,0.04685119974613355
2018-08-11,41.492592,-71.628119,14.415086014314909
2018-08-12,41.492592,-71.628119,1.7153916744379425
2018-08-13,41.492592,-71.628119,7.615687596301159
2018-08-14,41.492592,-71.628119,0.0
2018-08-15,41.492592,-71.628119,0.2401331697624396
2018-08-16,41.492592,-71.628119,0.0
2018-08-17,41.492592,-71.628119,0.12191825613683116
2018-08-18,41.492592,-71.628119,45.469353370181416
2018-08-19,41.492592,-71.628119,2.567359818331373
2018-08-20,41.492592,-71.628119,0.013048486750942513
2018-08-21,41.492592,-71.628119,0.0
2018-08-22,41.492592,-71.628119,4.070185563567865
2018-08-23,41.492592,-71.628119,0.5175869617154868
2018-08-24,41.492592,-71.628119,0.0
2018-08-25,41.492592,-71.628119,0.0
2018-08-26,41.492592,-71.628119,0.0
2018-08-27,41.492592,-71.628119,0.09185279794692754
2018-08-28,41.492592,-71.628119,0.10272642806492478
2018-08-29,41.492592,-71.628119,0.0
2018-08-30,41.492592,-71.628119,0.08212237299421205
2018-08-31,41.492592,-71.628119,0.010317425474696485
2018-09-01,41.492592,-71.628119,0.018475466320736714
2018-09-02,41.492592,-71.628119,0.0
2018-09-03,41.492592,-71.628119,0.02667529549794168
2018-09-04,41.492592,-71.628119,0.0
2018-09-05,41.492592,-71.628119,0.0009320347431237507
2018-09-06,41.492592,-71.628119,7.1929566967517715
2018-09-07,41.492592,-71.628119,11.514026491976669
2018-09-08,41.492592,-71.628119,15.368646985347201
2018-09-09,41.492592,-71.628119,7.520004965565296
2018-09-10,41.492592,-71.628119,40.24236474285899
2018-09-11,41.492592,-71.628119,0.052149751457888374
2018-09-12,41.492592,-71.628119,19.161730810910232
2018-09-13,41.492592,-71.628119,9.561853371138756
2018-09-14,41.492592,-71.628119,0.0
2018-09-15,41.492592,-71.628119,0.0
2018-09-16,41.492592,-71.628119,0.0
2018-09-17,41.492592,-71.628119,1.14308654843865
2018-09-18,41.492592,-71.628119,19.01807044661574
2018-09-19,41.492592,-71.628119,0.0025125023728984315
2018-09-20,41.492592,-71.628119,0.0
2018-09-21,41.492592,-71.628119,0.05922616917338393
2018-09-22,41.492592,-71.628119,0.03110187059837345
2018-09-23,41.492592,-71.628119,0.2885838139272571
2018-09-24,41.492592,-71.628119,0.05624078672523544
2018-09-25,41.492592,-71.628119,35.94416819187455
2018-09-26,41.492592,-71.628119,16.061271912065465
2018-09-27,41.492592,-71.628119,2.7801825308647685
2018-09-28,41.492592,-71.628119,12.015632306604381
2018-09-29,41.492592,-71.628119,0.0
2018-09-30,41.492592,-71.628119,0.0
2018-10-01,41.492592,-71.628119,0.05189030014072181
2018-10-02,41.492592,-71.628119,3.0346958185234425
2018-10-03,41.492592,-71.628119,35.54328477904272
2018-10-04,41.492592,-71.628119,0.4162030778428862
2018-10-05,41.492592,-71.628119,0.0
2018-10-06,41.492592,-71.628119,0.6757557209270638
2018-10-07,41.492592,-71.628119,0.007051182423512088
2018-10-08,41.492592,-71.628119,0.0
2018-10-09,41.492592,-71.628119,0.0
2018-10-10,41.492592,-71.628119,0.0
2018-10-11,41.492592,-71.628119,6.82397578041332
2018-10-12,41.492592,-71.628119,68.72593027571892
2018-10-13,41.492592,-71.628119,4.149212574132942
2018-10-14,41.492592,-71.628119,1.2453461654664761
2018-10-15,41.492592,-71.628119,0.4344488992915851
2018-10-16,41.492592,-71.628119,1.8394404742124466
2018-10-17,41.492592,-71.628119,0.9277509726931856
2018-10-18,41.492592,-71.628119,0.0022422743426168774
2018-10-19,41.492592,-71.628119,0.0006281255932246079
2018-10-20,41.492592,-71.628119,3.994465580642306
2018-10-21,41.492592,-71.628119,2.211492914802166
2018-10-22,41.492592,-71.628119,0.004259199904799611
2018-10-23,41.492592,-71.628119,0.0018843767796738237
2018-10-24,41.492592,-71.628119,0.0
2018-10-25,41.492592,-71.628119,0.015535324156819014
2018-10-26,41.492592,-71.628119,0.10078705923466645
2018-10-27,41.492592,-71.628119,20.069725568410647
2018-10-28,41.492592,-71.628119,0.06187360912923554
2018-10-29,41.492592,-71.628119,1.7233895512509712
2018-10-30,41.492592,-71.628119,0.0
2018-10-31,41.492592,-71.628119,0.09411752919063114
2018-11-01,41.492592,-71.628119,1.155251037113366
2018-11-02,41.492592,-71.628119,16.9455141647557
2018-11-03,41.492592,-71.628119,21.84692916815432
2018-11-04,41.492592,-71.628119,0.0
2018-11-05,41.492592,-71.628119,5.0967191151596065
2018-11-06,41.492592,-71.628119,22.653966070593366
2018-11-07,41.492592,-71.628119,5.061299863491409
2018-11-08,41.492592,-71.628119,0.0
2018-11-09,41.492592,-71.628119,2.9682218472356654
2018-11-10,41.492592,-71.628119,36.63994824357784
2018-11-11,41.492592,-71.628119,0.0
2018-11-12,41.492592,-71.628119,0.0025125023728984315
2018-11-13,41.492592,-71.628119,29.842940502155397
2018-11-14,41.492592,-71.628119,0.08136408636925976
2018-11-15,41.492592,-71.628119,35.05534495917161
2018-11-16,41.492592,-71.628119,28.89183944424662
2018-11-17,41.492592,-71.628119,0.0
2018-11-18,41.492592,-71.628119,0.050824346493265074
2018-11-19,41.492592,-71.628119,0.5668012119448107
2018-11-20,41.492592,-71.628119,1.2331809990811142
2018-11-21,41.492592,-71.628119,0.00332716516167586
2018-11-22,41.492592,-71.628119,0.0
2018-11-23,41.492592,-71.628119,0.0
2018-11-24,41.492592,-71.628119,0.7711333507344346
2018-11-25,41.492592,-71.628119,38.93323128747933
2018-11-26,41.492592,-71.628119,12.82831420816642
2018-11-27,41.492592,-71.628119,2.6411258612226853
2018-11-28,41.492592,-71.628119,0.015044735622173873
2018-11-29,41.492592,-71.628119,0.0
2018-11-30,41.492592,-71.628119,0.0
2018-12-01,41.492592,-71.628119,0.0
2018-12-02,41.492592,-71.628119,8.907529637410326
2018-12-03,41.492592,-71.628119,0.02084963841880469
2018-12-04,41.492592,-71.628119,0.0
2018-12-05,41.492592,-71.628119,0.0
2018-12-06,41.492592,-71.628119,0.0
2018-12-07,41.492592,-71.628119,0.0
2018-12-08,41.492592,-71.628119,0.0
2018-12-09,41.492592,-71.628119,0.0
2018-12-10,41.492592,-71.628119,0.0
2018-12-11,41.492592,-71.628119,0.0
2018-12-12,41.492592,-71.628119,0.0
2018-12-13,41.492592,-71.628119,4.121258208472687
2018-12-14,41.492592,-71.628119,0.0
2018-12-15,41.492592,-71.628119,3.5355975896351866
2018-12-16,41.492592,-71.628119,27.843590772245538
2018-12-17,41.492592,-71.628119,13.746963149352988
2018-12-18,41.492592,-71.628119,0.03330273350739585
2018-12-19,41.492592,-71.628119,0.0
2018-12-20,41.492592,-71.628119,0.035066070872352535
2018-12-21,41.492592,-71.628119,53.561061806336674
2018-12-22,41.492592,-71.628119,7.022862492020978
2018-12-23,41.492592,-71.628119,0.00046601737156187534
2018-12-24,41.492592,-71.628119,0.46215089334329557
2018-12-25,41.492592,-71.628119,0.012325964897220699
2018-12-26,41.492592,-71.628119,0.0
2018-12-27,41.492592,-71.628119,0.0
2018-12-28,41.492592,-71.628119,31.44744947738167
2018-12-29,41.492592,-71.628119,2.2931842099845183
2018-12-30,41.492592,-71.628119,0.034935246195282606
2018-12-31,41.492592,-71.628119,5.953897139101059
2019-01-01,41.492592,-71.628119,25.761904806389367
2019-01-02,41.492592,-71.628119,0.004862896554329141
2019-01-03,41.492592,-71.628119,4.288976731991297
2019-01-04,41.492592,-71.628119,0.03152633535984751
2019-01-05,41.492592,-71.628119,36.12444938129823
2019-01-06,41.492592,-71.628119,0.6110886957607926
2019-01-07,41.492592,-71.628119,0.09985233123191992
2019-01-08,41.492592,-71.628119,1.779562068581515
2019-01-09,41.492592,-71.628119,2.580912290849768
2019-01-10,41.492592,-71.628119,0.31737099206441055
2019-01-11,41.492592,-71.628119,0.0
2019-01-12,41.492592,-71.628119,0.0022422743426168774
2019-01-13,41.492592,-71.628119,0.0
2019-01-14,41.492592,-71.628119,0.0
2019-01-15,41.492592,-71.628119,0.004396879269569768
2019-01-16,41.492592,-71.628119,0.013122123334153109
2019-01-17,41.492592,-71.628119,0.0006281255932246079
2019-01-18,41.492592,-71.628119,0.6241895363657903
2019-01-19,41.492592,-71.628119,0.024953737782969724
2019-01-20,41.492592,-71.628119,83.98554073092892
2019-01-21,41.492592,-71.628119,0.0
2019-01-22,41.492592,-71.628119,0.0
2019-01-23,41.492592,-71.628119,0.3146090209438061
2019-01-24,41.492592,-71.628119,47.65460737503535
2019-01-25,41.492592,-71.628119,0.012311582256034456
2019-01-26,41.492592,-71.628119,0.016959390198081833
2019-01-27,41.492592,-71.628119,0.002330086771006875
2019-01-28,41.492592,-71.628119,1.793909319904004
2019-01-29,41.492592,-71.628119,1.892580247257317
2019-01-30,41.492592,-71.628119,3.9502448233397596
2019-01-31,41.492592,-71.628119,0.0
2019-02-01,41.492592,-71.628119,0.0
2019-02-02,41.492592,-71.628119,0.03955385614592419
2019-02-03,41.492592,-71.628119,0.4874944816515818
2019-02-04,41.492592,-71.628119,0.0933792794859341
2019-02-05,41.492592,-71.628119,0.013818763284936393
2019-02-06,41.492592,-71.628119,0.290941511556983
2019-02-07,41.492592,-71.628119,15.488420020651544
2019-02-08,41.492592,-71.628119,15.56727585682917
2019-02-09,41.492592,-71.628119,0.0
2019-02-10,41.492592,-71.628119,0.0
2019-02-11,41.492592,-71.628119,2.247282498410754
2019-02-12,41.492592,-71.628119,20.11643693006508
2019-02-13,41.492592,-71.628119,11.9286133280799
2019-02-14,41.492592,-71.628119,0.0
2019-02-15,41.492592,-71.628119,3.3091530626046133
2019-02-16,41.492592,-71.628119,4.665111226454047
2019-02-17,41.492592,-71.628119,0.3121017431750738
2019-02-18,41.492592,-71.628119,12.359335045360362
2019-02-19,41.492592,-71.628119,0.27146308646341677
2019-02-20,41.492592,-71.628119,0.7762029250608653
2019-02-21,41.492592,-71.628119,12.250859522898107
2019-02-22,41.492592,-71.628119,0.2917657542575123
2019-02-23,41.492592,-71.628119,0.507835015752887
2019-02-24,41.492592,-71.628119,22.382941099720146
2019-02-25,41.492592,-71.628119,0.0
2019-02-26,41.492592,-71.628119,0.0
2019-02-27,41.492592,-71.628119,0.4344278571788275
2019-02-28,41.492592,-71.628119,1.5966297227834838
2019-03-01,41.492592,-71.628119,0.01256251139650211
2019-03-02,41.492592,-71.628119,9.434319494897142
2019-03-03,41.492592,-71.628119,0.9524400602476013
2019-03-04,41.492592,-71.628119,50.14652576205206
2019-03-05,41.492592,-71.628119,0.0
2019-03-06,41.492592,-71.628119,0.0
2019-03-07,41.492592,-71.628119,0.0
2019-03-08,41.492592,-71.628119,0.004484548685233755
2019-03-09,41.492592,-71.628119,0.0
2019-03-10,41.492592,-71.628119,4.608529554662771
2019-03-11,41.492592,-71.628119,0.30336157300748673
2019-03-12,41.492592,-71.628119,0.0
2019-03-13,41.492592,-71.628119,0.0
2019-03-14,41.492592,-71.628119,0.0727306161633023
2019-03-15,41.492592,-71.628119,4.308430213411804
2019-03-16,41.492592,-71.628119,0.5676880851102108
2019-03-17,41.492592,-71.628119,0.0
2019-03-18,41.492592,-71.628119,0.0
2019-03-19,41.492592,-71.628119,0.0
2019-03-20,41.492592,-71.628119,0.0
2019-03-21,41.492592,-71.628119,0.10564938463202667
2019-03-22,41.492592,-71.628119,24.239985664133656
2019-03-23,41.492592,-71.628119,0.11496147425616951
2019-03-24,41.492592,-71.628119,0.00166358258083793
2019-03-25,41.492592,-71.628119,0.7578937731749557
2019-03-26,41.492592,-71.628119,0.004259199904799611
2019-03-27,41.492592,-71.628119,0.0017222685580110912
2019-03-28,41.492592,-71.628119,0.0
2019-03-29,41.492592,-71.628119,0.7686756211899939
2019-03-30,41.492592,-71.628119,0.02738067207139746
2019-03-31,41.492592,-71.628119,4.44799410677845
2019-04-01,41.492592,-71.628119,0.0
2019-04-02,41.492592,-71.628119,0.0028703999358414855
2019-04-03,41.492592,-71.628119,33.12370479616501
2019-04-04,41.492592,-71.628119,0.0
2019-04-05,41.492592,-71.628119,2.236222650715488
2019-04-06,41.492592,-71.628119,5.05461712721486
2019-04-07,41.492592,-71.628119,0.07625926794252608
2019-04-08,41.492592,-71.628119,6.6721507973427725
2019-04-09,41.492592,-71.628119,1.2406238273484849
2019-04-10,41.492592,-71.628119,0.044765037169629256
2019-04-11,41.492592,-71.628119,0.0
2019-04-12,41.492592,-71.628119,0.5206059195115944
2019-04-13,41.492592,-71.628119,20.046623169622787
2019-04-14,41.492592,-71.628119,0.024222189015656315
2019-04-15,41.492592,-71.628119,18.624886049338144
2019-04-16,41.492592,-71.628119,0.0
2019-04-17,41.492592,-71.628119,0.26688864579663013
2019-04-18,41.492592,-71.628119,0.5399502525054725
2019-04-19,41.492592,-71.628119,0.20044180850514964
2019-04-20,41.492592,-71.628119,33.772600283573
2019-04-21,41.492592,-71.628119,8.62477217143109
2019-04-22,41.492592,-71.628119,3.688488167887642
2019-04-23,41.492592,-71.628119,0.6992242189707762
2019-04-24,41.492592,-71.628119,5.062239582246829
2019-04-25,41.492592,-71.628119,0.0
2019-04-26,41.492592,-71.628119,21.834389083365394
2019-04-27,41.492592,-71.628119,13.322692876259534
2019-04-28,41.492592,-71.628119,1.5546708394081585
2019-04-29,41.492592,-71.628119,0.02163265289447108
2019-04-30,41.492592,-71.628119,3.462941373252229
2019-05-01,41.492592,-71.628119,0.07784031923851913
2019-05-02,41.492592,-71.628119,0.37959268782276234
2019-05-03,41.492592,-71.628119,1.2877624741445777
2019-05-04,41.492592,-71.628119,7.262487458787652
2019-05-05,41.492592,-71.628119,23.767076447085397
2019-05-06,41.492592,-71.628119,16.063936864720795
2019-05-07,41.492592,-71.628119,0.0
2019-05-08,41.492592,-71.628119,0.21414909254377903
2019-05-09,41.492592,-71.628119,0.17650097695860636
2019-05-10,41.492592,-71.628119,0.7127893558784663
2019-05-11,41.492592,-71.628119,0.5015219696540506
2019-05-12,41.492592,-71.628119,30.12466870613754
2019-05-13,41.492592,-71.628119,3.4540691616320616
2019-05-14,41.492592,-71.628119,3.407180565474107
2019-05-15,41.492592,-71.628119,0.045116937788699296
2019-05-16,41.492592,-71.628119,0.9293655657760329
2019-05-17,41.492592,-71.628119,2.316676503989429
2019-05-18,41.492592,-71.628119,0.0
2019-05-19,41.492592,-71.628119,0.004459686810209182
2019-05-20,41.492592,-71.628119,2.591369992009113
2019-05-21,41.492592,-71.628119,0.03327165037729297
2019-05-22,41.492592,-71.628119,0.0
2019-05-23,41.492592,-71.628119,1.142219378382856
2019-05-24,41.492592,-71.628119,0.007456277944990005
2019-05-25,41.492592,-71.628119,0.0
2019-05-26,41.492592,-71.628119,0.5005001424424881
2019-05-27,41.492592,-71.628119,0.07991600360164391
2019-05-28,41.492592,-71.628119,0.049664281024016266
2019-05-29,41.492592,-71.628119,3.2678536470403903
2019-05-30,41.492592,-71.628119,6.4649321167560325
2019-05-31,41.492592,-71.628119,6.840993686002375
2019-06-01,41.492592,-71.628119,0.00332716516167586
2019-06-02,41.492592,-71.628119,0.34883448532633504
2019-06-03,41.492592,-71.628119,2.7794558326894094
2019-06-04,41.492592,-71.628119,0.0
2019-06-05,41.492592,-71.628119,0.33062818751068596
2019-06-06,41.492592,-71.628119,5.487902523578495
2019-06-07,41.492592,-71.628119,0.0
2019-06-08,41.492592,-71.628119,0.004126651122290701
2019-06-09,41.492592,-71.628119,0.0
2019-06-10,41.492592,-71.628119,2.789743582595176
2019-06-11,41.492592,-71.628119,17.97326159227402
2019-06-12,41.492592,-71.628119,0.0
2019-06-13,41.492592,-71.628119,17.408065325225643
2019-06-14,41.492592,-71.628119,0.04325314648205337
2019-06-15,41.492592,-71.628119,0.0
2019-06-16,41.492592,-71.628119,5.8889031320379015
2019-06-17,41.492592,-71.628119,1.570824262191031
2019-06-18,41.492592,-71.628119,8.61802719793761
2019-06-19,41.492592,-71.628119,0.5895943133068254
2019-06-20,41.492592,-71.628119,1.5302733142130645
2019-06-21,41.492592,-71.628119,17.196052138435018
2019-06-22,41.492592,-71.628119,0.041050492859035496
2019-06-23,41.492592,-71.628119,0.0
2019-06-24,41.492592,-71.628119,0.0
2019-06-25,41.492592,-71.628119,26.62252027757044
2019-06-26,41.492592,-71.628119,0.0
2019-06-27,41.492592,-71.628119,0.0
2019-06-28,41.492592,-71.628119,0.0
2019-06-29,41.492592,-71.628119,0.8672939080600274
2019-06-30,41.492592,-71.628119,3.0731541546572583
2019-07-01,41.492592,-71.628119,0.0018843767796738237
2019-07-02,41.492592,-71.628119,0.7461821293650862
2019-07-03,41.492592,-71.628119,0.0
2019-07-04,41.492592,-71.628119,0.0
2019-07-05,41.492592,-71.628119,0.0
2019-07-06,41.492592,-71.628119,0.07340253897090691
2019-07-07,41.492592,-71.628119,0.407746593526843
2019-07-08,41.492592,-71.628119,0.3090522061502228
2019-07-09,41.492592,-71.628119,0.0
2019-07-10,41.492592,-71.628119,0.0
2019-07-11,41.492592,-71.628119,0.01335629147617778
2019-07-12,41.492592,-71.628119,24.475432228310883
2019-07-13,41.492592,-71.628119,0.0
2019-07-14,41.492592,-71.628119,0.0
2019-07-15,41.492592,-71.628119,0.0
2019-07-16,41.492592,-71.628119,0.0025125023728984315
2019-07-17,41.492592,-71.628119,1.7880896903140968
2019-07-18,41.492592,-71.628119,8.700495219383265
2019-07-19,41.492592,-71.628119,0.0028703999358414855
2019-07-20,41.492592,-71.628119,0.0
2019-07-21,41.492592,-71.628119,0.0
2019-07-22,41.492592,-71.628119,3.4489059529392647
2019-07-23,41.492592,-71.628119,54.99445564950232
2019-07-24,41.492592,-71.628119,14.380921608879158
2019-07-25,41.492592,-71.628119,0.0
2019-07-26,41.492592,-71.628119,0.0
2019-07-27,41.492592,-71.628119,0.18162038023709037
2019-07-28,41.492592,-71.628119,0.0
2019-07-29,41.492592,-71.628119,0.0
2019-07-30,41.492592,-71.628119,0.0
2019-07-31,41.492592,-71.628119,0.0
2019-08-01,41.492592,-71.628119,0.7314389768620415
2019-08-02,41.492592,-71.628119,0.2482310964105173
2019-08-03,41.492592,-71.628119,0.0
2019-08-04,41.492592,-71.628119,0.6925222003327821
2019-08-05,41.492592,-71.628119,0.0
2019-08-06,41.492592,-71.628119,2.5115977122672466
2019-08-07,41.492592,-71.628119,0.1941385672347942
2019-08-08,41.492592,-71.628119,0.5385529522577035
2019-08-09,41.492592,-71.628119,0.0
2019-08-10,41.492592,-71.628119,0.003527652067085431
2019-08-11,41.492592,-71.628119,0.013453646055701266
2019-08-12,41.492592,-71.628119,0.00332716516167586
2019-08-13,41.492592,-71.628119,16.644079202862567
2019-08-14,41.492592,-71.628119,0.9951981844023119
2019-08-15,41.492592,-71.628119,0.0
2019-08-16,41.492592,-71.628119,0.08351853441886038
2019-08-17,41.492592,-71.628119,6.346436240033844
2019-08-18,41.492592,-71.628119,0.014980124854775883
2019-08-19,41.492592,-71.628119,16.181725879961483
2019-08-20,41.492592,-71.628119,0.0018843767796738237
2019-08-21,41.492592,-71.628119,0.44890072658794355
2019-08-22,41.492592,-71.628119,1.1302995443783639
2019-08-23,41.492592,-71.628119,15.417709922024327
2019-08-24,41.492592,-71.628119,0.11146136250526818
2019-08-25,41.492592,-71.628119,0.0
2019-08-26,41.492592,-71.628119,0.0
2019-08-27,41.492592,-71.628119,0.3827063161060579
2019-08-28,41.492592,-71.628119,17.838901551316198
2019-08-29,41.492592,-71.628119,17.99063570950001
2019-08-30,41.492592,-71.628119,0.0
2019-08-31,41.492592,-71.628119,0.0
2019-09-01,41.492592,-71.628119,0.08737285975519075
2019-09-02,41.492592,-71.628119,1.1550237260313143
2019-09-03,41.492592,-71.628119,0.0009320347431237507
2019-09-04,41.492592,-71.628119,0.3123793295523312
2019-09-05,41.492592,-71.628119,0.20004077435422069
2019-09-06,41.492592,-71.628119,7.963838791181893
2019-09-07,41.492592,-71.628119,9.280063869019045
2019-09-08,41.492592,-71.628119,0.01593629824016097
2019-09-09,41.492592,-71.628119,0.007780494735525476
2019-09-10,41.492592,-71.628119,0.0
2019-09-11,41.492592,-71.628119,0.02467592508934055
2019-09-12,41.492592,-71.628119,11.875909817263329
2019-09-13,41.492592,-71.628119,0.0
2019-09-14,41.492592,-71.628119,0.0
2019-09-15,41.492592,-71.628119,0.07557123545543416
2019-09-16,41.492592,-71.628119,0.0027577255456244136
2019-09-17,41.492592,-71.628119,0.0
2019-09-18,41.492592,-71.628119,0.0
2019-09-19,41.492592,-71.628119,0.0
2019-09-20,41.492592,-71.628119,0.0
2019-09-21,41.492592,-71.628119,0.0
2019-09-22,41.492592,-71.628119,0.0
2019-09-23,41.492592,-71.628119,0.0
2019-09-24,41.492592,-71.628119,12.32707116413915
2019-09-25,41.492592,-71.628119,0.0
2019-09-26,41.492592,-71.628119,2.763006197333522
2019-09-27,41.492592,-71.628119,0.0
2019-09-28,41.492592,-71.628119,0.0
2019-09-29,41.492592,-71.628119,0.0
2019-09-30,41.492592,-71.628119,0.028726335953532387
2019-10-01,41.492592,-71.628119,0.0
2019-10-02,41.492592,-71.628119,0.1347654138207404
2019-10-03,41.492592,-71.628119,0.9336289402999772
2019-10-04,41.492592,-71.628119,0.16180431371011253
2019-10-05,41.492592,-71.628119,0.0
2019-10-06,41.492592,-71.628119,0.0
2019-10-07,41.492592,-71.628119,0.048203562490609614
2019-10-08,41.492592,-71.628119,3.6231440381136224
2019-10-09,41.492592,-71.628119,22.48669309320587
2019-10-10,41.492592,-71.628119,15.695232653479051
2019-10-11,41.492592,-71.628119,0.1893929900120657
2019-10-12,41.492592,-71.628119,0.0
2019-10-13,41.492592,-71.628119,0.0
2019-10-14,41.492592,-71.628119,0.7677345035120287
2019-10-15,41.492592,-71.628119,0.0
2019-10-16,41.492592,-71.628119,14.14751133832068
2019-10-17,41.492592,-71.628119,39.29638226451506
2019-10-18,41.492592,-71.628119,0.021303448928161738
2019-10-19,41.492592,-71.628119,0.0
2019-10-20,41.492592,-71.628119,6.052910636500518
2019-10-21,41.492592,-71.628119,5.786219575186991
2019-10-22,41.492592,-71.628119,0.0866473359527221
2019-10-23,41.492592,-71.628119,1.9259783368786434
2019-10-24,41.492592,-71.628119,0.0
2019-10-25,41.492592,-71.628119,0.0006281255932246079
2019-10-26,41.492592,-71.628119,0.19605735507274066
2019-10-27,41.492592,-71.628119,28.570345735236653
2019-10-28,41.492592,-71.628119,0.0
2019-10-29,41.492592,-71.628119,0.0
2019-10-30,41.492592,-71.628119,0.0022422743426168774
2019-10-31,41.492592,-71.628119,9.79346253232096
2019-11-01,41.492592,-71.628119,1.2709243861607489
2019-11-02,41.492592,-71.628119,0.0
2019-11-03,41.492592,-71.628119,0.0
2019-11-04,41.492592,-71.628119,0.0
2019-11-05,41.492592,-71.628119,11.097432191801047
2019-11-06,41.492592,-71.628119,0.0
2019-11-07,41.492592,-71.628119,0.7365403483777072
2019-11-08,41.492592,-71.628119,4.133921585644947
2019-11-09,41.492592,-71.628119,0.0
2019-11-10,41.492592,-71.628119,0.06398333352490089
2019-11-11,41.492592,-71.628119,0.058498522100460415
2019-11-12,41.492592,-71.628119,9.836407894328554
2019-11-13,41.492592,-71.628119,0.9007326842210444
2019-11-14,41.492592,-71.628119,0.007354948621075241
2019-11-15,41.492592,-71.628119,0.0
2019-11-16,41.492592,-71.628119,0.0
2019-11-17,41.492592,-71.628119,0.05583561490660649
2019-11-18,41.492592,-71.628119,4.9949357978573845
2019-11-19,41.492592,-71.628119,1.367401043842453
2019-11-20,41.492592,-71.628119,0.31855934277442766
2019-11-21,41.492592,-71.628119,0.0
2019-11-22,41.492592,-71.628119,8.357286675595
2019-11-23,41.492592,-71.628119,0.0
2019-11-24,41.492592,-71.628119,38.82190564689642
2019-11-25,41.492592,-71.628119,0.02236883383497001
2019-11-26,41.492592,-71.628119,0.050848632399545006
2019-11-27,41.492592,-71.628119,6.691723152595026
2019-11-28,41.492592,-71.628119,0.5890639736196857
2019-11-29,41.492592,-71.628119,0.0
2019-11-30,41.492592,-71.628119,0.004484548685233755
2019-12-01,41.492592,-71.628119,7.848393519027119
2019-12-02,41.492592,-71.628119,3.0229739514430793
2019-12-03,41.492592,-71.628119,1.0295585161623955
2019-12-04,41.492592,-71.628119,1.011781085677503
2019-12-05,41.492592,-71.628119,0.0
2019-12-06,41.492592,-71.628119,0.304941418089966
2019-12-07,41.492592,-71.628119,0.009421883547376584
2019-12-08,41.492592,-71.628119,0.0
2019-12-09,41.492592,-71.628119,27.54290111163297
2019-12-10,41.492592,-71.628119,45.507737741884554
2019-12-11,41.492592,-71.628119,6.068972068457583
2019-12-12,41.492592,-71.628119,0.0
2019-12-13,41.492592,-71.628119,1.0399806712171018
2019-12-14,41.492592,-71.628119,66.07694224152223
2019-12-15,41.492592,-71.628119,0.0
2019-12-16,41.492592,-71.628119,0.20957693349467166
2019-12-17,41.492592,-71.628119,12.188261633880616
2019-12-18,41.492592,-71.628119,0.14107902125939556
2019-12-19,41.492592,-71.628119,0.0
2019-12-20,41.492592,-71.628119,0.0
2019-12-21,41.492592,-71.628119,0.0
2019-12-22,41.492592,-71.628119,0.0961189520763212
2019-12-23,41.492592,-71.628119,0.0022422743426168774
2019-12-24,41.492592,-71.628119,0.0
2019-12-25,41.492592,-71.628119,0.0
2019-12-26,41.492592,-71.628119,0.03421684252435781
2019-12-27,41.492592,-71.628119,0.5720115665131232
2019-12-28,41.492592,-71.628119,0.0
2019-12-29,41.492592,-71.628119,1.1694074277413913
2019-12-30,41.492592,-71.628119,44.78191137353901
2019-12-31,41.492592,-71.628119,0.040544432827037236
2020-01-01,41.492592,-71.628119,0.0
2020-01-02,41.492592,-71.628119,0.004259199904799611
2020-01-03,41.492592,-71.628119,8.005431665136662
2020-01-04,41.492592,-71.628119,17.396880677886067
2020-01-05,41.492592,-71.628119,2.0405276716307545
2020-01-06,41.492592,-71.628119,0.004484548685233755
2020-01-07,41.492592,-71.628119,0.0
2020-01-08,41.492592,-71.628119,1.6510727033683181
2020-01-09,41.492592,-71.628119,0.0
2020-01-10,41.492592,-71.628119,0.12517893132747646
2020-01-11,41.492592,-71.628119,0.506383450173334
2020-01-12,41.492592,-71.628119,2.9556427991212257
2020-01-13,41.492592,-71.628119,0.00499074774251379
2020-01-14,41.492592,-71.628119,0.10316083459817814
2020-01-15,41.492592,-71.628119,0.06835312253910762
2020-01-16,41.492592,-71.628119,0.4581088150316903
2020-01-17,41.492592,-71.628119,0.0
2020-01-18,41.492592,-71.628119,0.11302809668676758
2020-01-19,41.492592,-71.628119,1.6364976444944848
2020-01-20,41.492592,-71.628119,0.0
2020-01-21,41.492592,-71.628119,0.0
2020-01-22,41.492592,-71.628119,0.0
2020-01-23,41.492592,-71.628119,0.0
2020-01-24,41.492592,-71.628119,0.0
2020-01-25,41.492592,-71.628119,19.852583864226084
2020-01-26,41.492592,-71.628119,4.353855429789267
2020-01-27,41.492592,-71.628119,0.0012562511864492158
2020-01-28,41.492592,-71.628119,0.0
2020-01-29,41.492592,-71.628119,0.0
2020-01-30,41.492592,-71.628119,0.0
2020-01-31,41.492592,-71.628119,0.004194156257254376
2020-02-01,41.492592,-71.628119,1.9196472983970472
2020-02-02,41.492592,-71.628119,0.16096765751708395
2020-02-03,41.492592,-71.628119,0.0
2020-02-04,41.492592,-71.628119,4.514370515983443
2020-02-05,41.492592,-71.628119,4.539318448618293
2020-02-06,41.492592,-71.628119,7.396565238421621
2020-02-07,41.492592,-71.628119,24.27876009901652
2020-02-08,41.492592,-71.628119,0.0
2020-02-09,41.492592,-71.628119,0.0
2020-02-10,41.492592,-71.628119,9.68792804253843
2020-02-11,41.492592,-71.628119,18.859254284238958
2020-02-12,41.492592,-71.628119,0.16037667938164984
2020-02-13,41.492592,-71.628119,27.309533262473977
2020-02-14,41.492592,-71.628119,0.07616937394165535
2020-02-15,41.492592,-71.628119,0.0
2020-02-16,41.492592,-71.628119,0.0
2020-02-17,41.492592,-71.628119,0.0
2020-02-18,41.492592,-71.628119,1.9759686854217469
2020-02-19,41.492592,-71.628119,2.660086492246257
2020-02-20,41.492592,-71.628119,0.46716948528621993
2020-02-21,41.492592,-71.628119,0.0
2020-02-22,41.492592,-71.628119,0.0
2020-02-23,41.492592,-71.628119,0.0
2020-02-24,41.492592,-71.628119,0.0
2020-02-25,41.492592,-71.628119,2.879105421381865
2020-02-26,41.492592,-71.628119,0.0
2020-02-27,41.492592,-71.628119,14.589957382390692
2020-02-28,41.492592,-71.628119,0.0
2020-02-29,41.492592,-71.628119,0.0
2020-03-01,41.492592,-71.628119,0.0
2020-03-02,41.492592,-71.628119,0.005981468462810702
2020-03-03,41.492592,-71.628119,24.561962976628863
2020-03-04,41.492592,-71.628119,5.191772032335611
2020-03-05,41.492592,-71.628119,0.0
2020-03-06,41.492592,-71.628119,3.9759491582233184
2020-03-07,41.492592,-71.628119,2.5278518930812166
2020-03-08,41.492592,-71.628119,0.0
2020-03-09,41.492592,-71.628119,0.0012562511864492158
2020-03-10,41.492592,-71.628119,0.23705110391857578
2020-03-11,41.492592,-71.628119,4.071005754586368
2020-03-12,41.492592,-71.628119,0.0
2020-03-13,41.492592,-71.628119,2.491515662577616
2020-03-14,41.492592,-71.628119,0.0
2020-03-15,41.492592,-71.628119,2.8962827396320137
2020-03-16,41.492592,-71.628119,0.0
2020-03-17,41.492592,-71.628119,0.049121159023281506
2020-03-18,41.492592,-71.628119,1.035205041803791
2020-03-19,41.492592,-71.628119,14.45504234709372
2020-03-20,41.492592,-71.628119,2.540812751945329
2020-03-21,41.492592,-71.628119,0.3301124125954184
2020-03-22,41.492592,-71.628119,0.0
2020-03-23,41.492592,-71.628119,43.59185541981757
2020-03-24,41.492592,-71.628119,9.061509170434153
2020-03-25,41.492592,-71.628119,0.6571497218418629
2020-03-26,41.492592,-71.628119,0.008935558852193375
2020-03-27,41.492592,-71.628119,0.18136212448331243
2020-03-28,41.492592,-71.628119,6.05209038193302
2020-03-29,41.492592,-71.628119,13.042328927581785
2020-03-30,41.492592,-71.628119,1.3103745535989053
2020-03-31,41.492592,-71.628119,0.04198230467816851
2020-04-01,41.492592,-71.628119,0.008449091585861724
2020-04-02,41.492592,-71.628119,2.5743074207938204
2020-04-03,41.492592,-71.628119,13.74932312664557
2020-04-04,41.492592,-71.628119,0.03539078007674685
2020-04-05,41.492592,-71.628119,0.02890173491819252
2020-04-06,41.492592,-71.628119,0.016179060892411334
2020-04-07,41.492592,-71.628119,0.00896909737046751
2020-04-08,41.492592,-71.628119,2.6003475705203583
2020-04-09,41.492592,-71.628119,14.967988946514106
2020-04-10,41.492592,-71.628119,0.014709897242150482
2020-04-11,41.492592,-71.628119,0.0
2020-04-12,41.492592,-71.628119,0.0022422743426168774
2020-04-13,41.492592,-71.628119,32.96357383058356
2020-04-14,41.492592,-71.628119,0.26180247276483815
2020-04-15,41.492592,-71.628119,14.623716894115882
2020-04-16,41.492592,-71.628119,0.0
2020-04-17,41.492592,-71.628119,0.034935236366661404
2020-04-18,41.492592,-71.628119,10.220798476868652
2020-04-19,41.492592,-71.628119,0.19089827762652045
2020-04-20,41.492592,-71.628119,2.5339042718906026
2020-04-21,41.492592,-71.628119,7.312110720718468
2020-04-22,41.492592,-71.628119,0.0
2020-04-23,41.492592,-71.628119,0.21230620832059394
2020-04-24,41.492592,-71.628119,35.21457426370352
2020-04-25,41.492592,-71.628119,1.0932983087171662
2020-04-26,41.492592,-71.628119,11.162655463475513
2020-04-27,41.492592,-71.628119,0.31159010940889853
2020-04-28,41.492592,-71.628119,1.4102348589066438
2020-04-29,41.492592,-71.628119,0.015638747417710316
2020-04-30,41.492592,-71.628119,9.996551417293281
2020-05-01,41.492592,-71.628119,12.924515424396807
2020-05-02,41.492592,-71.628119,0.25014554729612465
2020-05-03,41.492592,-71.628119,2.5394973725482592
2020-05-04,41.492592,-71.628119,3.1697242864341995
2020-05-05,41.492592,-71.628119,0.0
2020-05-06,41.492592,-71.628119,7.420840086554527
2020-05-07,41.492592,-71.628119,1.3599459412674761
2020-05-08,41.492592,-71.628119,4.5939686051805575
2020-05-09,41.492592,-71.628119,5.560359588739063
2020-05-10,41.492592,-71.628119,0.32489654123750666
2020-05-11,41.492592,-71.628119,1.9326511239942263
2020-05-12,41.492592,-71.628119,0.0
2020-05-13,41.492592,-71.628119,0.0
2020-05-14,41.492592,-71.628119,0.0
2020-05-15,41.492592,-71.628119,5.304095902262597
2020-05-16,41.492592,-71.628119,8.250678451409136
2020-05-17,41.492592,-71.628119,0.27549058207267774
2020-05-18,41.492592,-71.628119,2.9570393449369305
2020-05-19,41.492592,-71.628119,0.0013980521146856257
2020-05-20,41.492592,-71.628119,0.07805829714029994
2020-05-21,41.492592,-71.628119,0.0
2020-05-22,41.492592,-71.628119,0.0
2020-05-23,41.492592,-71.628119,24.882363744909778
2020-05-24,41.492592,-71.628119,0.0
2020-05-25,41.492592,-71.628119,0.2184861722885045
2020-05-26,41.492592,-71.628119,0.0
2020-05-27,41.492592,-71.628119,0.0
2020-05-28,41.492592,-71.628119,0.05391669367303828
2020-05-29,41.492592,-71.628119,0.8458771107808611
2020-05-30,41.492592,-71.628119,1.6698087106373214
2020-05-31,41.492592,-71.628119,0.0
2020-06-01,41.492592,-71.628119,0.0022422743426168774
2020-06-02,41.492592,-71.628119,0.7414873381314286
2020-06-03,41.492592,-71.628119,1.4552692845574988
2020-06-04,41.492592,-71.628119,4.520739383711013
2020-06-05,41.492592,-71.628119,17.866061839198874
2020-06-06,41.492592,-71.628119,29.00612554095507
2020-06-07,41.492592,-71.628119,0.0
2020-06-08,41.492592,-71.628119,0.0
2020-06-09,41.492592,-71.628119,0.1015014733470563
2020-06-10,41.492592,-71.628119,0.16198462053656165
2020-06-11,41.492592,-71.628119,15.432070366284245
2020-06-12,41.492592,-71.628119,0.5769257153077008
2020-06-13,41.492592,-71.628119,0.0
2020-06-14,41.492592,-71.628119,0.0
2020-06-15,41.492592,-71.628119,0.19804019061614817
2020-06-16,41.492592,-71.628119,0.0
2020-06-17,41.492592,-71.628119,0.0
2020-06-18,41.492592,-71.628119,0.06967533708111674
2020-06-19,41.492592,-71.628119,0.36923528477191325
2020-06-20,41.492592,-71.628119,0.07269346876211928
2020-06-21,41.492592,-71.628119,0.0
2020-06-22,41.492592,-71.628119,0.11275873195127242
2020-06-23,41.492592,-71.628119,0.0
2020-06-24,41.492592,-71.628119,0.032064698363574395
2020-06-25,41.492592,-71.628119,0.02003339089024067
2020-06-26,41.492592,-71.628119,0.5595322552532823
2020-06-27,41.492592,-71.628119,10.36002362110438
2020-06-28,41.492592,-71.628119,0.7997207123992949
2020-06-29,41.492592,-71.628119,5.6062478211099895
2020-06-30,41.492592,-71.628119,3.7146254184241814
2020-07-01,41.492592,-71.628119,0.5291190732758637
2020-07-02,41.492592,-71.628119,5.913614204277729
2020-07-03,41.492592,-71.628119,5.022093613066309
2020-07-04,41.492592,-71.628119,0.006281255698251055
2020-07-05,41.492592,-71.628119,0.0
2020-07-06,41.492592,-71.628119,0.0
2020-07-07,41.492592,-71.628119,0.0
2020-07-08,41.492592,-71.628119,0.007786851971885042
2020-07-09,41.492592,-71.628119,0.0029198337672871463
2020-07-10,41.492592,-71.628119,2.6864136952779685
2020-07-11,41.492592,-71.628119,0.0
2020-07-12,41.492592,-71.628119,0.0
2020-07-13,41.492592,-71.628119,0.48438049714775533
2020-07-14,41.492592,-71.628119,7.83035512385951
2020-07-15,41.492592,-71.628119,0.041925496679682026
2020-07-16,41.492592,-71.628119,0.008793757603159442
2020-07-17,41.492592,-71.628119,2.5593027896827794
2020-07-18,41.492592,-71.628119,0.0
2020-07-19,41.492592,-71.628119,0.0
2020-07-20,41.492592,-71.628119,6.685869022052
2020-07-21,41.492592,-71.628119,0.0
2020-07-22,41.492592,-71.628119,2.503686693318311
2020-07-23,41.492592,-71.628119,6.168897041485361
2020-07-24,41.492592,-71.628119,3.873302995102053
2020-07-25,41.492592,-71.628119,0.2689241511230142
2020-07-26,41.492592,-71.628119,0.0
2020-07-27,41.492592,-71.628119,0.05284820126933108
2020-07-28,41.492592,-71.628119,0.0
2020-07-29,41.492592,-71.628119,0.0
2020-07-30,41.492592,-71.628119,1.55658978977793
2020-07-31,41.492592,-71.628119,26.216786671996992
2020-08-01,41.492592,-71.628119,0.0
2020-08-02,41.492592,-71.628119,0.4668737109817077
2020-08-03,41.492592,-71.628119,0.0
2020-08-04,41.492592,-71.628119,1.1132720364159217
2020-08-05,41.492592,-71.628119,0.0
2020-08-06,41.492592,-71.628119,1.6872760136821783
2020-08-07,41.492592,-71.628119,1.6067668910951458
2020-08-08,41.492592,-71.628119,0.12332029030374128
2020-08-09,41.492592,-71.628119,0.0
2020-08-10,41.492592,-71.628119,0.029419794484300963
2020-08-11,41.492592,-71.628119,0.0
2020-08-12,41.492592,-71.628119,0.36983427763264126
2020-08-13,41.492592,-71.628119,6.319437577338462
2020-08-14,41.492592,-71.628119,1.5863340660286005
2020-08-15,41.492592,-71.628119,0.02988703460469438
2020-08-16,41.492592,-71.628119,19.80040453429984
2020-08-17,41.492592,-71.628119,1.3086297239300426
2020-08-18,41.492592,-71.628119,9.62740338358742
2020-08-19,41.492592,-71.628119,7.7071950670096205
2020-08-20,41.492592,-71.628119,0.0
2020-08-21,41.492592,-71.628119,0.0
2020-08-22,41.492592,-71.628119,0.5117179250109696
2020-08-23,41.492592,-71.628119,0.0
2020-08-24,41.492592,-71.628119,2.4263604267073826
2020-08-25,41.492592,-71.628119,0.20014403594194885
2020-08-26,41.492592,-71.628119,0.0
2020-08-27,41.492592,-71.628119,17.124557367744927
2020-08-28,41.492592,-71.628119,0.7790865946651423
2020-08-29,41.492592,-71.628119,7.778077856188398
2020-08-30,41.492592,-71.628119,0.0
2020-08-31,41.492592,-71.628119,0.6776618439594947
2020-09-01,41.492592,-71.628119,0.03914558806094929
2020-09-02,41.492592,-71.628119,1.4508662332767877
2020-09-03,41.492592,-71.628119,0.24006142495860827
2020-09-04,41.492592,-71.628119,0.40424176986377586
2020-09-05,41.492592,-71.628119,0.0
2020-09-06,41.492592,-71.628119,0.0
2020-09-07,41.492592,-71.628119,0.0
2020-09-08,41.492592,-71.628119,0.005592208458742503
2020-09-09,41.492592,-71.628119,4.9976149745402365
2020-09-10,41.492592,-71.628119,22.591747944687828
2020-09-11,41.492592,-71.628119,1.9423131805718608
2020-09-12,41.492592,-71.628119,0.0
2020-09-13,41.492592,-71.628119,0.0
2020-09-14,41.492592,-71.628119,1.039392451174452
2020-09-15,41.492592,-71.628119,0.0
2020-09-16,41.492592,-71.628119,0.0
2020-09-17,41.492592,-71.628119,0.0
2020-09-18,41.492592,-71.628119,21.509599622984194
2020-09-19,41.492592,-71.628119,0.0
2020-09-20,41.492592,-71.628119,0.0029785197444603066
2020-09-21,41.492592,-71.628119,0.0
2020-09-22,41.492592,-71.628119,0.5890535066143433
2020-09-23,41.492592,-71.628119,0.0
2020-09-24,41.492592,-71.628119,0.08296415360041753
2020-09-25,41.492592,-71.628119,0.08296415360041753
2020-09-26,41.492592,-71.628119,0.0
2020-09-27,41.492592,-71.628119,0.0
2020-09-28,41.492592,-71.628119,0.13325656582525516
2020-09-29,41.492592,-71.628119,0.23468998857776358
2020-09-30,41.492592,-71.628119,13.944410846390628
2020-10-01,41.492592,-71.628119,0.0
2020-10-02,41.492592,-71.628119,0.4805359193198312
2020-10-03,41.492592,-71.628119,0.0
2020-10-04,41.492592,-71.628119,0.01633126518984478
2020-10-05,41.492592,-71.628119,13.91135386984033
2020-10-06,41.492592,-71.628119,0.0
2020-10-07,41.492592,-71.628119,3.219248069577834
2020-10-08,41.492592,-71.628119,0.004259199904799611
2020-10-09,41.492592,-71.628119,0.0
2020-10-10,41.492592,-71.628119,0.0
2020-10-11,41.492592,-71.628119,0.0
2020-10-12,41.492592,-71.628119,26.400766793864253
2020-10-13,41.492592,-71.628119,7.976862509762584
2020-10-14,41.492592,-71.628119,0.0022422743426168774
2020-10-15,41.492592,-71.628119,0.0440224296092186
2020-10-16,41.492592,-71.628119,0.34073327141216314
2020-10-17,41.492592,-71.628119,49.64348672662035
2020-10-18,41.492592,-71.628119,0.0
2020-10-19,41.492592,-71.628119,0.0
2020-10-20,41.492592,-71.628119,6.429259261763631
2020-10-21,41.492592,-71.628119,0.02261252088809584
2020-10-22,41.492592,-71.628119,0.0
2020-10-23,41.492592,-71.628119,0.0
2020-10-24,41.492592,-71.628119,0.0
2020-10-25,41.492592,-71.628119,0.04662881573462957
2020-10-26,41.492592,-71.628119,0.30630781651242944
2020-10-27,41.492592,-71.628119,0.47075182395943777
2020-10-28,41.492592,-71.628119,1.3867806433158327
2020-10-29,41.492592,-71.628119,36.420014018368995
2020-10-30,41.492592,-71.628119,16.42840434730751
2020-10-31,41.492592,-71.628119,0.0
2020-11-01,41.492592,-71.628119,7.285282411148572
2020-11-02,41.492592,-71.628119,4.171112197835267
2020-11-03,41.492592,-71.628119,0.3800162475713441
2020-11-04,41.492592,-71.628119,0.0
2020-11-05,41.492592,-71.628119,0.0
2020-11-06,41.492592,-71.628119,0.17754517138636275
2020-11-07,41.492592,-71.628119,0.0
2020-11-08,41.492592,-71.628119,0.280260904834658
2020-11-09,41.492592,-71.628119,0.0
2020-11-10,41.492592,-71.628119,0.0
2020-11-11,41.492592,-71.628119,3.8227314584845784
2020-11-12,41.492592,-71.628119,57.68855117814576
2020-11-13,41.492592,-71.628119,3.366308419256999
2020-11-14,41.492592,-71.628119,0.0
2020-11-15,41.492592,-71.628119,0.0
2020-11-16,41.492592,-71.628119,4.107210724602502
2020-11-17,41.492592,-71.628119,0.0
2020-11-18,41.492592,-71.628119,0.03723207991412457
2020-11-19,41.492592,-71.628119,0.0
2020-11-20,41.492592,-71.628119,0.11618947342213676
2020-11-21,41.492592,-71.628119,0.07334566788850894
2020-11-22,41.492592,-71.628119,1.0572504393900608
2020-11-23,41.492592,-71.628119,52.173825548906514
2020-11-24,41.492592,-71.628119,0.0
2020-11-25,41.492592,-71.628119,0.3273954352670544
2020-11-26,41.492592,-71.628119,9.599283647345947
2020-11-27,41.492592,-71.628119,0.0
2020-11-28,41.492592,-71.628119,0.0
2020-11-29,41.492592,-71.628119,0.0
2020-11-30,41.492592,-71.628119,29.082504165901
2020-12-01,41.492592,-71.628119,9.765415153936782
2020-12-02,41.492592,-71.628119,0.0
2020-12-03,41.492592,-71.628119,0.0
2020-12-04,41.492592,-71.628119,5.823366762722726
2020-12-05,41.492592,-71.628119,82.51058663717716
2020-12-06,41.492592,-71.628119,0.002654303301134842
2020-12-07,41.492592,-71.628119,0.0
2020-12-08,41.492592,-71.628119,0.02242274259085647
2020-12-09,41.492592,-71.628119,0.23753099597731298
2020-12-10,41.492592,-71.628119,0.0
2020-12-11,41.492592,-71.628119,0.0
2020-12-12,41.492592,-71.628119,11.243002491993648
2020-12-13,41.492592,-71.628119,0.16944285698772046
2020-12-14,41.492592,-71.628119,13.056442132792013
2020-12-15,41.492592,-71.628119,0.0
2020-12-16,41.492592,-71.628119,0.1383639585526432
2020-12-17,41.492592,-71.628119,6.43265115349784
2020-12-18,41.492592,-71.628119,0.0
2020-12-19,41.492592,-71.628119,0.0
2020-12-20,41.492592,-71.628119,0.17905354456461756
2020-12-21,41.492592,-71.628119,0.11285769966204759
2020-12-22,41.492592,-71.628119,0.03987700479204666
2020-12-23,41.492592,-71.628119,0.00046601737156187534
2020-12-24,41.492592,-71.628119,0.2171929569111141
2020-12-25,41.492592,-71.628119,83.38232086001167
2020-12-26,41.492592,-71.628119,0.19259065186492375
2020-12-27,41.492592,-71.628119,0.0
2020-12-28,41.492592,-71.628119,0.5117046356932637
2020-12-29,41.492592,-71.628119,0.0
2020-12-30,41.492592,-71.628119,0.02117769048694689
2020-12-31,41.492592,-71.628119,9.633420240982305
2021-01-01,41.492592,-71.628119,0.28875124822140136
2021-01-02,41.492592,-71.628119,12.57126204679895
2021-01-03,41.492592,-71.628119,0.3492089522290137
2021-01-04,41.492592,-71.628119,0.16599236992592217
2021-01-05,41.492592,-71.628119,0.0
2021-01-06,41.492592,-71.628119,0.0
2021-01-07,41.492592,-71.628119,0.0
2021-01-08,41.492592,-71.628119,0.0
2021-01-09,41.492592,-71.628119,0.31366157857429683
2021-01-10,41.492592,-71.628119,0.12476869635164245
2021-01-11,41.492592,-71.628119,2.6522876544732625
2021-01-12,41.492592,-71.628119,0.0
2021-01-13,41.492592,-71.628119,0.0012562511864492158
2021-01-14,41.492592,-71.628119,0.03974603635206901
2021-01-15,41.492592,-71.628119,0.0
2021-01-16,41.492592,-71.628119,70.99029938079644
2021-01-17,41.492592,-71.628119,0.0
2021-01-18,41.492592,-71.628119,0.0
2021-01-19,41.492592,-71.628119,0.0
2021-01-20,41.492592,-71.628119,0.0
2021-01-21,41.492592,-71.628119,0.0
2021-01-22,41.492592,-71.628119,0.0
2021-01-23,41.492592,-71.628119,0.0
2021-01-24,41.492592,-71.628119,0.0
2021-01-25,41.492592,-71.628119,0.03035081574520434
2021-01-26,41.492592,-71.628119,0.007354948621075241
2021-01-27,41.492592,-71.628119,0.00998149548502758
2021-01-28,41.492592,-71.628119,0.0
2021-01-29,41.492592,-71.628119,0.0
2021-01-30,41.492592,-71.628119,0.0
2021-01-31,41.492592,-71.628119,0.4798791979885927
2021-02-01,41.492592,-71.628119,19.109218739625412
2021-02-02,41.492592,-71.628119,0.7645256967522287
2021-02-03,41.492592,-71.628119,0.0
2021-02-04,41.492592,-71.628119,0.0
2021-02-05,41.492592,-71.628119,1.4368215832119666
2021-02-06,41.492592,-71.628119,0.0
2021-02-07,41.492592,-71.628119,17.676335889364694
2021-02-08,41.492592,-71.628119,0.0
2021-02-09,41.492592,-71.628119,1.303804048670971
2021-02-10,41.492592,-71.628119,0.0
2021-02-11,41.492592,-71.628119,0.01533802283537509
2021-02-12,41.492592,-71.628119,0.0
2021-02-13,41.492592,-71.628119,1.3800877834470067
2021-02-14,41.492592,-71.628119,4.157541469771123
2021-02-15,41.492592,-71.628119,1.690057023367952
2021-02-16,41.492592,-71.628119,17.106254801732195
2021-02-17,41.492592,-71.628119,0.0
2021-02-18,41.492592,-71.628119,16.949523643058594
2021-02-19,41.492592,-71.628119,9.370556062213177
2021-02-20,41.492592,-71.628119,0.5046791285686899
2021-02-21,41.492592,-71.628119,0.0
2021-02-22,41.492592,-71.628119,22.174847673548367
2021-02-23,41.492592,-71.628119,0.6448614341059798
2021-02-24,41.492592,-71.628119,0.0
2021-02-25,41.492592,-71.628119,0.02571239230761783
2021-02-26,41.492592,-71.628119,0.0
2021-02-27,41.492592,-71.628119,0.3896690848764058
2021-02-28,41.492592,-71.628119,1.1421705152321884
2021-03-01,41.492592,-71.628119,39.17809182665347
2021-03-02,41.492592,-71.628119,0.01321449054794137
2021-03-03,41.492592,-71.628119,0.0
2021-03-04,41.492592,-71.628119,1.5203130527551574
2021-03-05,41.492592,-71.628119,0.0
2021-03-06,41.492592,-71.628119,0.0
2021-03-07,41.492592,-71.628119,0.0
2021-03-08,41.492592,-71.628119,0.0
2021-03-09,41.492592,-71.628119,0.017222399615048914
2021-03-10,41.492592,-71.628119,0.0
2021-03-11,41.492592,-71.628119,0.09277036561716837
2021-03-12,41.492592,-71.628119,0.43811050840622845
2021-03-13,41.492592,-71.628119,0.0
2021-03-14,41.492592,-71.628119,0.0
2021-03-15,41.492592,-71.628119,0.0
2021-03-16,41.492592,-71.628119,0.0
2021-03-17,41.492592,-71.628119,0.0
2021-03-18,41.492592,-71.628119,14.438837423839951
2021-03-19,41.492592,-71.628119,4.13010178832295
2021-03-20,41.492592,-71.628119,0.0
2021-03-21,41.492592,-71.628119,0.0
2021-03-22,41.492592,-71.628119,0.0
2021-03-23,41.492592,-71.628119,0.0
2021-03-24,41.492592,-71.628119,1.0574115202561434
2021-03-25,41.492592,-71.628119,8.36644854749287
2021-03-26,41.492592,-71.628119,2.6336772690460926
2021-03-27,41.492592,-71.628119,0.008003524403454667
2021-03-28,41.492592,-71.628119,15.779473989331914
2021-03-29,41.492592,-71.628119,10.165239098063978
2021-03-30,41.492592,-71.628119,0.0
2021-03-31,41.492592,-71.628119,0.004155777660310039
2021-04-01,41.492592,-71.628119,14.075135402949163
2021-04-02,41.492592,-71.628119,0.0
2021-04-03,41.492592,-71.628119,0.0
2021-04-04,41.492592,-71.628119,0.0
2021-04-05,41.492592,-71.628119,0.0
2021-04-06,41.492592,-71.628119,0.0010941429647864831
2021-04-07,41.492592,-71.628119,0.0
2021-04-08,41.492592,-71.628119,0.0
2021-04-09,41.492592,-71.628119,0.0
2021-04-10,41.492592,-71.628119,0.06842826648292075
2021-04-11,41.492592,-71.628119,7.516102481896225
2021-04-12,41.492592,-71.628119,0.33411487151018965
2021-04-13,41.492592,-71.628119,0.0022422743426168774
2021-04-14,41.492592,-71.628119,0.006922755351661952
2021-04-15,41.492592,-71.628119,13.759233280751527
2021-04-16,41.492592,-71.628119,20.24695445995917
2021-04-17,41.492592,-71.628119,0.10917100199715052
2021-04-18,41.492592,-71.628119,0.008611199807524457
2021-04-19,41.492592,-71.628119,0.0006281255932246079
2021-04-20,41.492592,-71.628119,0.027609133053075392
2021-04-21,41.492592,-71.628119,2.1566898770493745
2021-04-22,41.492592,-71.628119,0.2968530669869521
2021-04-23,41.492592,-71.628119,0.0
2021-04-24,41.492592,-71.628119,0.0
2021-04-25,41.492592,-71.628119,45.297871882677676
2021-04-26,41.492592,-71.628119,0.0
2021-04-27,41.492592,-71.628119,1.3546190454705904
2021-04-28,41.492592,-71.628119,0.3969617660199316
2021-04-29,41.492592,-71.628119,8.829195524289565
2021-04-30,41.492592,-71.628119,5.522854425425397
2021-05-01,41.492592,-71.628119,0.9815339492658481
2021-05-02,41.492592,-71.628119,0.6756897637208076
2021-05-03,41.492592,-71.628119,3.8247698754413455
2021-05-04,41.492592,-71.628119,29.00187612846766
2021-05-05,41.492592,-71.628119,10.569003045792948
2021-05-06,41.492592,-71.628119,0.0
2021-05-07,41.492592,-71.628119,0.0
2021-05-08,41.492592,-71.628119,3.580839228149953
2021-05-09,41.492592,-71.628119,2.573690520192021
2021-05-10,41.492592,-71.628119,10.974316908883845
2021-05-11,41.492592,-71.628119,0.1011021435553462
2021-05-12,41.492592,-71.628119,0.0
2021-05-13,41.492592,-71.628119,0.0
2021-05-14,41.492592,-71.628119,0.0
2021-05-15,41.492592,-71.628119,0.0
2021-05-16,41.492592,-71.628119,0.0
2021-05-17,41.492592,-71.628119,0.002330086771006875
2021-05-18,41.492592,-71.628119,0.5565671405344993
2021-05-19,41.492592,-71.628119,0.0
2021-05-20,41.492592,-71.628119,0.0
2021-05-21,41.492592,-71.628119,0.0
2021-05-22,41.492592,-71.628119,0.42777376786781235
2021-05-23,41.492592,-71.628119,0.031682518761965386
2021-05-24,41.492592,-71.628119,0.03653377206502859
2021-05-25,41.492592,-71.628119,0.0
2021-05-26,41.492592,-71.628119,0.4455422551488793
2021-05-27,41.492592,-71.628119,3.0686931951683953
2021-05-28,41.492592,-71.628119,1.0514177422273747
2021-05-29,41.492592,-71.628119,55.31046901618684
2021-05-30,41.492592,-71.628119,14.382135588744744
2021-05-31,41.492592,-71.628119,2.9549074931548214
2021-06-01,41.492592,-71.628119,0.05738890258820515
2021-06-02,41.492592,-71.628119,0.04833215153079048
2021-06-03,41.492592,-71.628119,7.067293970706574
2021-06-04,41.492592,-71.628119,26.26412209323693
2021-06-05,41.492592,-71.628119,0.0
2021-06-06,41.492592,-71.628119,0.058154145828416395
2021-06-07,41.492592,-71.628119,0.0
2021-06-08,41.492592,-71.628119,0.13540927443812564
2021-06-09,41.492592,-71.628119,1.7142333915956414
2021-06-10,41.492592,-71.628119,0.0
2021-06-11,41.492592,-71.628119,0.01025238234796626
2021-06-12,41.492592,-71.628119,0.30817424000508375
2021-06-13,41.492592,-71.628119,0.0
2021-06-14,41.492592,-71.628119,7.26573473845223
2021-06-15,41.492592,-71.628119,0.16961690017692446
2021-06-16,41.492592,-71.628119,0.0
2021-06-17,41.492592,-71.628119,0.0
2021-06-18,41.492592,-71.628119,0.0
2021-06-19,41.492592,-71.628119,0.36114254265933704
2021-06-20,41.492592,-71.628119,4.862314988313809
2021-06-21,41.492592,-71.628119,0.0
2021-06-22,41.492592,-71.628119,8.801407355732207
2021-06-23,41.492592,-71.628119,3.453965376678354
2021-06-24,41.492592,-71.628119,0.0
2021-06-25,41.492592,-71.628119,0.13620211418666814
2021-06-26,41.492592,-71.628119,0.006388799857199416
2021-06-27,41.492592,-71.628119,0.0
2021-06-28,41.492592,-71.628119,0.0
2021-06-29,41.492592,-71.628119,0.0
2021-06-30,41.492592,-71.628119,0.0
2021-07-01,41.492592,-71.628119,23.909649656995576
2021-07-02,41.492592,-71.628119,34.63323076205096
2021-07-03,41.492592,-71.628119,51.41158987390814
2021-07-04,41.492592,-71.628119,3.6158020938303084
2021-07-05,41.492592,-71.628119,0.0
2021-07-06,41.492592,-71.628119,21.598750656498495
2021-07-07,41.492592,-71.628119,5.002837868441349
2021-07-08,41.492592,-71.628119,1.299679054375584
2021-07-09,41.492592,-71.628119,46.18377482336292
2021-07-10,41.492592,-71.628119,0.21537387307673636
2021-07-11,41.492592,-71.628119,0.11799550597643894
2021-07-12,41.492592,-71.628119,0.21126506132463252
2021-07-13,41.492592,-71.628119,0.40805050553525724
2021-07-14,41.492592,-71.628119,0.06456629177497616
2021-07-15,41.492592,-71.628119,0.0
2021-07-16,41.492592,-71.628119,0.15326079526376046
2021-07-17,41.492592,-71.628119,0.3876209892647572
2021-07-18,41.492592,-71.628119,0.15508700399835978
2021-07-19,41.492592,-71.628119,0.013582215849674891
2021-07-20,41.492592,-71.628119,0.03283065078136419
2021-07-21,41.492592,-71.628119,0.31640493185435264
2021-07-22,41.492592,-71.628119,0.9409272688619325
2021-07-23,41.492592,-71.628119,3.298467949324377
2021-07-24,41.492592,-71.628119,0.0
2021-07-25,41.492592,-71.628119,10.107127616810834
2021-07-26,41.492592,-71.628119,0.0
2021-07-27,41.492592,-71.628119,0.0
2021-07-28,41.492592,-71.628119,6.974001868577627
2021-07-29,41.492592,-71.628119,5.174122442947665
2021-07-30,41.492592,-71.628119,0.3577283056012399
2021-07-31,41.492592,-71.628119,0.0
2021-08-01,41.492592,-71.628119,0.07558614036689267
2021-08-02,41.492592,-71.628119,1.009121067709125
2021-08-03,41.492592,-71.628119,7.194286361350498
2021-08-04,41.492592,-71.628119,46.389204612382976
2021-08-05,41.492592,-71.628119,34.096618561450676
2021-08-06,41.492592,-71.628119,0.0022422743426168774
2021-08-07,41.492592,-71.628119,0.29060421016656496
2021-08-08,41.492592,-71.628119,14.082987222559193
2021-08-09,41.492592,-71.628119,2.73456652052663
2021-08-10,41.492592,-71.628119,0.004214463550680699
2021-08-11,41.492592,-71.628119,0.4019648780258431
2021-08-12,41.492592,-71.628119,0.13711124737209301
2021-08-13,41.492592,-71.628119,0.021353172748657032
2021-08-14,41.492592,-71.628119,1.793160082121106
2021-08-15,41.492592,-71.628119,0.0037687535593476473
2021-08-16,41.492592,-71.628119,0.0
2021-08-17,41.492592,-71.628119,0.42906686402281086
2021-08-18,41.492592,-71.628119,0.7220754428359184
2021-08-19,41.492592,-71.628119,4.666791461108665
2021-08-20,41.492592,-71.628119,0.6368908974617519
2021-08-21,41.492592,-71.628119,0.9486157237965227
2021-08-22,41.492592,-71.628119,24.619364986469975
2021-08-23,41.492592,-71.628119,1.1825974803004795
2021-08-24,41.492592,-71.628119,0.7756641641724604
2021-08-25,41.492592,-71.628119,0.0
2021-08-26,41.492592,-71.628119,0.0
2021-08-27,41.492592,-71.628119,2.2766940183851134
2021-08-28,41.492592,-71.628119,0.8366014311696898
2021-08-29,41.492592,-71.628119,0.9823248144990585
2021-08-30,41.492592,-71.628119,0.0
2021-08-31,41.492592,-71.628119,0.04861423874106059
2021-09-01,41.492592,-71.628119,13.778574273503935
2021-09-02,41.492592,-71.628119,71.74023667172588
2021-09-03,41.492592,-71.628119,0.0
2021-09-04,41.492592,-71.628119,0.0
2021-09-05,41.492592,-71.628119,0.8011472463564214
2021-09-06,41.492592,-71.628119,1.3308462082294064
2021-09-07,41.492592,-71.628119,0.0
2021-09-08,41.492592,-71.628119,0.0
2021-09-09,41.492592,-71.628119,27.13454044217412
2021-09-10,41.492592,-71.628119,4.771601940294176
2021-09-11,41.492592,-71.628119,0.0
2021-09-12,41.492592,-71.628119,0.004592668493852576
2021-09-13,41.492592,-71.628119,0.005191234647923362
2021-09-14,41.492592,-71.628119,0.02485479523071272
2021-09-15,41.492592,-71.628119,0.0
2021-09-16,41.492592,-71.628119,10.464876029974242
2021-09-17,41.492592,-71.628119,0.0320199672251732
2021-09-18,41.492592,-71.628119,0.0
2021-09-19,41.492592,-71.628119,0.0
2021-09-20,41.492592,-71.628119,0.0
2021-09-21,41.492592,-71.628119,0.0
2021-09-22,41.492592,-71.628119,0.029944485835349928
2021-09-23,41.492592,-71.628119,0.0
2021-09-24,41.492592,-71.628119,14.642080544192044
2021-09-25,41.492592,-71.628119,0.0
2021-09-26,41.492592,-71.628119,8.414836064940182
2021-09-27,41.492592,-71.628119,0.00332716516167586
2021-09-28,41.492592,-71.628119,16.112085997435756
2021-09-29,41.492592,-71.628119,0.7870756827025518
2021-09-30,41.492592,-71.628119,0.0
2021-10-01,41.492592,-71.628119,0.0
2021-10-02,41.492592,-71.628119,0.004259199904799611
2021-10-03,41.492592,-71.628119,0.6852820525052375
2021-10-04,41.492592,-71.628119,12.028711928802254
2021-10-05,41.492592,-71.628119,3.8590802766813037
2021-10-06,41.492592,-71.628119,0.30541909895735825
2021-10-07,41.492592,-71.628119,0.0
2021-10-08,41.492592,-71.628119,0.0
2021-10-09,41.492592,-71.628119,0.09244025243573142
2021-10-10,41.492592,-71.628119,34.616753017116324
2021-10-11,41.492592,-71.628119,0.054380185232946986
2021-10-12,41.492592,-71.628119,0.0
2021-10-13,41.492592,-71.628119,0.0
2021-10-14,41.492592,-71.628119,0.0
2021-10-15,41.492592,-71.628119,0.5223795646491642
2021-10-16,41.492592,-71.628119,0.022935154320952632
2021-10-17,41.492592,-71.628119,6.130349816932041
2021-10-18,41.492592,-71.628119,0.0
2021-10-19,41.492592,-71.628119,0.005025004745796863
2021-10-20,41.492592,-71.628119,0.0
2021-10-21,41.492592,-71.628119,0.0
2021-10-22,41.492592,-71.628119,0.0
2021-10-23,41.492592,-71.628119,0.7581242727176827
2021-10-24,41.492592,-71.628119,0.08226274305917584
2021-10-25,41.492592,-71.628119,8.770609264778136
2021-10-26,41.492592,-71.628119,45.31702080678129
2021-10-27,41.492592,-71.628119,16.040134741418044
2021-10-28,41.492592,-71.628119,0.005025004745796863
2021-10-29,41.492592,-71.628119,0.0
2021-10-30,41.492592,-71.628119,15.25826383292818
2021-10-31,41.492592,-71.628119,15.754607381350338
2021-11-01,41.492592,-71.628119,0.028893776586346898
2021-11-02,41.492592,-71.628119,1.7960495933207838
2021-11-03,41.492592,-71.628119,0.6092386800441707
2021-11-04,41.492592,-71.628119,0.0031743090857406283
2021-11-05,41.492592,-71.628119,0.00816563259492239
2021-11-06,41.492592,-71.628119,0.0
2021-11-07,41.492592,-71.628119,0.0
2021-11-08,41.492592,-71.628119,0.3785171131753648
2021-11-09,41.492592,-71.628119,0.0
2021-11-10,41.492592,-71.628119,0.8619152779244194
2021-11-11,41.492592,-71.628119,0.0034985255290660936
2021-11-12,41.492592,-71.628119,26.239668490993825
2021-11-13,41.492592,-71.628119,0.004259199904799611
2021-11-14,41.492592,-71.628119,0.0
2021-11-15,41.492592,-71.628119,3.67265206151799
2021-11-16,41.492592,-71.628119,0.0
2021-11-17,41.492592,-71.628119,0.13592018069352726
2021-11-18,41.492592,-71.628119,0.3896190574963361
2021-11-19,41.492592,-71.628119,3.2274147431664564
2021-11-20,41.492592,-71.628119,0.0
2021-11-21,41.492592,-71.628119,0.1974048287849069
2021-11-22,41.492592,-71.628119,10.05449958931477
2021-11-23,41.492592,-71.628119,0.0
2021-11-24,41.492592,-71.628119,0.0
2021-11-25,41.492592,-71.628119,0.1236963292652961
2021-11-26,41.492592,-71.628119,19.963352250457877
2021-11-27,41.492592,-71.628119,0.0
2021-11-28,41.492592,-71.628119,0.0
2021-11-29,41.492592,-71.628119,0.0
2021-11-30,41.492592,-71.628119,0.07534619466039931
2021-12-01,41.492592,-71.628119,0.0
2021-12-02,41.492592,-71.628119,5.458833142502278
2021-12-03,41.492592,-71.628119,0.05489822361831965
2021-12-04,41.492592,-71.628119,0.0
2021-12-05,41.492592,-71.628119,0.13414364025743591
2021-12-06,41.492592,-71.628119,8.876397487330337
2021-12-07,41.492592,-71.628119,1.3141842519543414
2021-12-08,41.492592,-71.628119,4.582311959350304
2021-12-09,41.492592,-71.628119,0.006456737893297575
2021-12-10,41.492592,-71.628119,1.5899168054557207
2021-12-11,41.492592,-71.628119,3.100487604162985
2021-12-12,41.492592,-71.628119,19.418083805856817
2021-12-13,41.492592,-71.628119,0.0
2021-12-14,41.492592,-71.628119,0.0
2021-12-15,41.492592,-71.628119,1.6811610270993298
2021-12-16,41.492592,-71.628119,3.2556220011664037
2021-12-17,41.492592,-71.628119,0.3044817629634027
2021-12-18,41.492592,-71.628119,2.3201307042505483
2021-12-19,41.492592,-71.628119,1.6636889296150157
2021-12-20,41.492592,-71.628119,0.0
2021-12-21,41.492592,-71.628119,0.0
2021-12-22,41.492592,-71.628119,0.7302816343785793
2021-12-23,41.492592,-71.628119,0.0
2021-12-24,41.492592,-71.628119,0.04777983610657767
2021-12-25,41.492592,-71.628119,12.034868627927096
2021-12-26,41.492592,-71.628119,0.3360731433658866
2021-12-27,41.492592,-71.628119,0.0
2021-12-28,41.492592,-71.628119,0.40923529156182253
2021-12-29,41.492592,-71.628119,0.9629457341061763
2021-12-30,41.492592,-71.628119,5.744830554101834
2021-12-31,41.492592,-71.628119,0.10742678711180007
2022-01-01,41.492592,-71.628119,5.232139733862601
2022-01-02,41.492592,-71.628119,23.583450319918178
2022-01-03,41.492592,-71.628119,1.704922549792619
2022-01-04,41.492592,-71.628119,0.4420853609762217
2022-01-05,41.492592,-71.628119,5.958428022835527
2022-01-06,41.492592,-71.628119,0.04899980790052129
2022-01-07,41.492592,-71.628119,2.700150837964004
2022-01-08,41.492592,-71.628119,0.0
2022-01-09,41.492592,-71.628119,1.6454358028910903
2022-01-10,41.492592,-71.628119,11.80661392200851
2022-01-11,41.492592,-71.628119,0.0
2022-01-12,41.492592,-71.628119,0.0
2022-01-13,41.492592,-71.628119,0.0
2022-01-14,41.492592,-71.628119,0.14504704630340168
2022-01-15,41.492592,-71.628119,0.0
2022-01-16,41.492592,-71.628119,0.0
2022-01-17,41.492592,-71.628119,39.66627200619853
2022-01-18,41.492592,-71.628119,0.0
2022-01-19,41.492592,-71.628119,0.005740799871682971
2022-01-20,41.492592,-71.628119,1.5144595231867688
2022-01-21,41.492592,-71.628119,0.0
2022-01-22,41.492592,-71.628119,0.0032824288943594493
2022-01-23,41.492592,-71.628119,0.0
2022-01-24,41.492592,-71.628119,0.017793209331937197
2022-01-25,41.492592,-71.628119,0.011211371295428235
2022-01-26,41.492592,-71.628119,0.0
2022-01-27,41.492592,-71.628119,0.0
2022-01-28,41.492592,-71.628119,0.29671767206140537
2022-01-29,41.492592,-71.628119,5.925064797654879
2022-01-30,41.492592,-71.628119,1.2230059003920277
2022-01-31,41.492592,-71.628119,0.010830414967221674
2022-02-01,41.492592,-71.628119,0.0
2022-02-02,41.492592,-71.628119,0.0
2022-02-03,41.492592,-71.628119,1.839174703578922
2022-02-04,41.492592,-71.628119,30.308864109985905
2022-02-05,41.492592,-71.628119,3.45825749962124
2022-02-06,41.492592,-71.628119,0.0
2022-02-07,41.492592,-71.628119,2.1344431813275335
2022-02-08,41.492592,-71.628119,37.48981201138471
2022-02-09,41.492592,-71.628119,0.0
2022-02-10,41.492592,-71.628119,0.0
2022-02-11,41.492592,-71.628119,0.0
2022-02-12,41.492592,-71.628119,0.02412389921262645
2022-02-13,41.492592,-71.628119,0.02018768886684149
2022-02-14,41.492592,-71.628119,0.0
2022-02-15,41.492592,-71.628119,0.0
2022-02-16,41.492592,-71.628119,0.0
2022-02-17,41.492592,-71.628119,0.0
2022-02-18,41.492592,-71.628119,23.208612704055213
2022-02-19,41.492592,-71.628119,0.0
2022-02-20,41.492592,-71.628119,0.022558607984150436
2022-02-21,41.492592,-71.628119,0.0
2022-02-22,41.492592,-71.628119,5.168674037309746
2022-02-23,41.492592,-71.628119,20.57746951612078
2022-02-24,41.492592,-71.628119,3.435723476410715
2022-02-25,41.492592,-71.628119,34.94043626979403
2022-02-26,41.492592,-71.628119,0.0
2022-02-27,41.492592,-71.628119,0.0
2022-02-28,41.492592,-71.628119,0.0
2022-03-01,41.492592,-71.628119,0.0
2022-03-02,41.492592,-71.628119,1.8062965225400323
2022-03-03,41.492592,-71.628119,2.7869381793761114
2022-03-04,41.492592,-71.628119,0.0
2022-03-05,41.492592,-71.628119,0.0
2022-03-06,41.492592,-71.628119,13.13516253544532
2022-03-07,41.492592,-71.628119,0.8395308708351475
2022-03-08,41.492592,-71.628119,5.794277647317197
2022-03-09,41.492592,-71.628119,5.508987973426136
2022-03-10,41.492592,-71.628119,0.015695920815974297
2022-03-11,41.492592,-71.628119,0.0
2022-03-12,41.492592,-71.628119,17.038797143698982
2022-03-13,41.492592,-71.628119,0.0
2022-03-14,41.492592,-71.628119,0.0
2022-03-15,41.492592,-71.628119,0.06264216720500296
2022-03-16,41.492592,-71.628119,1.0039796387790179
2022-03-17,41.492592,-71.628119,9.985534172840286
2022-03-18,41.492592,-71.628119,7.265328076092576
2022-03-19,41.492592,-71.628119,1.3373568014719044
2022-03-20,41.492592,-71.628119,0.7809414016499319
2022-03-21,41.492592,-71.628119,0.0
2022-03-22,41.492592,-71.628119,0.002330086771006875
2022-03-23,41.492592,-71.628119,0.0838515722753024
2022-03-24,41.492592,-71.628119,16.928316730293695
2022-03-25,41.492592,-71.628119,12.98881259818467
2022-03-26,41.492592,-71.628119,0.16844801677700463
2022-03-27,41.492592,-71.628119,0.4950055805504909
2022-03-28,41.492592,-71.628119,0.059162776969618254
2022-03-29,41.492592,-71.628119,0.0
2022-03-30,41.492592,-71.628119,0.06951050670940397
2022-03-31,41.492592,-71.628119,2.3714854523489
2022-04-01,41.492592,-71.628119,8.866436908161125
2022-04-02,41.492592,-71.628119,0.0
2022-04-03,41.492592,-71.628119,2.9081179579471907
2022-04-04,41.492592,-71.628119,0.15707378855536622
2022-04-05,41.492592,-71.628119,0.0
2022-04-06,41.492592,-71.628119,13.321688599283547
2022-04-07,41.492592,-71.628119,3.232331621844798
2022-04-08,41.492592,-71.628119,10.070410268052731
2022-04-09,41.492592,-71.628119,0.1002650109703797
2022-04-10,41.492592,-71.628119,0.07511650059466056
2022-04-11,41.492592,-71.628119,0.0
2022-04-12,41.492592,-71.628119,8.069662894721318
2022-04-13,41.492592,-71.628119,0.0
2022-04-14,41.492592,-71.628119,1.7956394936165343
2022-04-15,41.492592,-71.628119,4.676397278136319
2022-04-16,41.492592,-71.628119,0.07469790471602823
2022-04-17,41.492592,-71.628119,13.44849625933309
2022-04-18,41.492592,-71.628119,0.808268601951466
2022-04-19,41.492592,-71.628119,32.08461357437388
2022-04-20,41.492592,-71.628119,0.0
2022-04-21,41.492592,-71.628119,0.0
2022-04-22,41.492592,-71.628119,0.06252465220945896
2022-04-23,41.492592,-71.628119,0.0
2022-04-24,41.492592,-71.628119,0.3115482681411876
2022-04-25,41.492592,-71.628119,0.09651268629880158
2022-04-26,41.492592,-71.628119,0.06774044701389895
2022-04-27,41.492592,-71.628119,3.637113708290496
2022-04-28,41.492592,-71.628119,0.0
2022-04-29,41.492592,-71.628119,0.0
2022-04-30,41.492592,-71.628119,0.0
2022-05-01,41.492592,-71.628119,0.0
2022-05-02,41.492592,-71.628119,1.9069027556528357
2022-05-03,41.492592,-71.628119,2.333676941290527
2022-05-04,41.492592,-71.628119,3.1187709267110297
2022-05-05,41.492592,-71.628119,0.0
2022-05-06,41.492592,-71.628119,6.452152769047097
2022-05-07,41.492592,-71.628119,18.823614939572806
2022-05-08,41.492592,-71.628119,4.152550315834164
2022-05-09,41.492592,-71.628119,0.0012562511864492158
2022-05-10,41.492592,-71.628119,0.028467452447750893
2022-05-11,41.492592,-71.628119,0.09971530120149219
2022-05-12,41.492592,-71.628119,0.0
2022-05-13,41.492592,-71.628119,0.0
2022-05-14,41.492592,-71.628119,0.2275115539143564
2022-05-15,41.492592,-71.628119,0.7661716984439088
2022-05-16,41.492592,-71.628119,0.003993669351844805
2022-05-17,41.492592,-71.628119,3.272565344309834
2022-05-18,41.492592,-71.628119,0.0
2022-05-19,41.492592,-71.628119,12.046842102098005
2022-05-20,41.492592,-71.628119,0.0
2022-05-21,41.492592,-71.628119,7.804767255233166
2022-05-22,41.492592,-71.628119,0.0
2022-05-23,41.492592,-71.628119,0.00665433032335172
2022-05-24,41.492592,-71.628119,2.698776822474315
2022-05-25,41.492592,-71.628119,0.0
2022-05-26,41.492592,-71.628119,0.3289744821553885
2022-05-27,41.492592,-71.628119,0.004999999888241291
2022-05-28,41.492592,-71.628119,4.660266102229288
2022-05-29,41.492592,-71.628119,0.0
2022-05-30,41.492592,-71.628119,0.0
2022-05-31,41.492592,-71.628119,0.00046601737156187534
2022-06-01,41.492592,-71.628119,0.6120220810814494
2022-06-02,41.492592,-71.628119,3.2579141740826763
2022-06-03,41.492592,-71.628119,0.02190288050709648
2022-06-04,41.492592,-71.628119,0.0
2022-06-05,41.492592,-71.628119,0.0
2022-06-06,41.492592,-71.628119,0.0
2022-06-07,41.492592,-71.628119,0.19088127741284175
2022-06-08,41.492592,-71.628119,11.519151056693403
2022-06-09,41.492592,-71.628119,12.307982247253912
2022-06-10,41.492592,-71.628119,0.0
2022-06-11,41.492592,-71.628119,0.6549065997753344
2022-06-12,41.492592,-71.628119,3.8240185189413083
2022-06-13,41.492592,-71.628119,26.99199804704134
2022-06-14,41.492592,-71.628119,0.054963564896884316
2022-06-15,41.492592,-71.628119,0.0
2022-06-16,41.492592,-71.628119,0.02190281550858062
2022-06-17,41.492592,-71.628119,4.393621763601984
2022-06-18,41.492592,-71.628119,0.11554444991768746
2022-06-19,41.492592,-71.628119,10.426345031654545
2022-06-20,41.492592,-71.628119,0.0
2022-06-21,41.492592,-71.628119,0.0
2022-06-22,41.492592,-71.628119,2.9355213014086905
2022-06-23,41.492592,-71.628119,0.0
2022-06-24,41.492592,-71.628119,0.4054612192893374
2022-06-25,41.492592,-71.628119,0.0
2022-06-26,41.492592,-71.628119,0.0
2022-06-27,41.492592,-71.628119,18.917967897730417
2022-06-28,41.492592,-71.628119,10.939531769701428
2022-06-29,41.492592,-71.628119,0.0
2022-06-30,41.492592,-71.628119,0.006281255698251055
2022-07-01,41.492592,-71.628119,0.007456277944990005
2022-07-02,41.492592,-71.628119,3.0142949577820337
2022-07-03,41.492592,-71.628119,5.708900803739132
2022-07-04,41.492592,-71.628119,0.0
2022-07-05,41.492592,-71.628119,4.172547493676446
2022-07-06,41.492592,-71.628119,0.4810703374617652
2022-07-07,41.492592,-71.628119,0.0
2022-07-08,41.492592,-71.628119,0.0511200935652346
2022-07-09,41.492592,-71.628119,0.3345239155326373
2022-07-10,41.492592,-71.628119,0.13258041019855205
2022-07-11,41.492592,-71.628119,0.0
2022-07-12,41.492592,-71.628119,0.025293143779666412
2022-07-13,41.492592,-71.628119,0.45648924752169057
2022-07-14,41.492592,-71.628119,0.0062359436944616825
2022-07-15,41.492592,-71.628119,0.04325314648205337
2022-07-16,41.492592,-71.628119,0.7655087583610918
2022-07-17,41.492592,-71.628119,2.918330891574567
2022-07-18,41.492592,-71.628119,18.94021116657731
2022-07-19,41.492592,-71.628119,1.9377327946104284
2022-07-20,41.492592,-71.628119,0.06116952992028724
2022-07-21,41.492592,-71.628119,0.08056495713527172
2022-07-22,41.492592,-71.628119,0.004194156257254376
2022-07-23,41.492592,-71.628119,0.0
2022-07-24,41.492592,-71.628119,0.0
2022-07-25,41.492592,-71.628119,2.968434195820121
2022-07-26,41.492592,-71.628119,0.08130028012338401
2022-07-27,41.492592,-71.628119,0.0
2022-07-28,41.492592,-71.628119,0.034444797091483174
2022-07-29,41.492592,-71.628119,0.2705238131736799
2022-07-30,41.492592,-71.628119,4.386159484613891
2022-07-31,41.492592,-71.628119,0.0
2022-08-01,41.492592,-71.628119,10.61802627343812
2022-08-02,41.492592,-71.628119,0.0
2022-08-03,41.492592,-71.628119,0.06950925629624291
2022-08-04,41.492592,-71.628119,0.0
2022-08-05,41.492592,-71.628119,0.10754873045727409
2022-08-06,41.492592,-71.628119,0.006524243375471256
2022-08-07,41.492592,-71.628119,0.0018843767796738237
2022-08-08,41.492592,-71.628119,0.01847865080149813
2022-08-09,41.492592,-71.628119,0.7082049306808572
2022-08-10,41.492592,-71.628119,1.316489604753542
2022-08-11,41.492592,-71.628119,7.204707370846342
2022-08-12,41.492592,-71.628119,0.04593673135803211
2022-08-13,41.492592,-71.628119,2.8134086730064762
2022-08-14,41.492592,-71.628119,0.23775613495810285
2022-08-15,41.492592,-71.628119,0.0037687533253526243
2022-08-16,41.492592,-71.628119,0.008842616252924687
2022-08-17,41.492592,-71.628119,20.7197949823433
2022-08-18,41.492592,-71.628119,0.0
2022-08-19,41.492592,-71.628119,0.0
2022-08-20,41.492592,-71.628119,0.0
2022-08-21,41.492592,-71.628119,0.2916680999850763
2022-08-22,41.492592,-71.628119,10.697443569418825
2022-08-23,41.492592,-71.628119,0.0022422743426168774
2022-08-24,41.492592,-71.628119,0.15138601268718677
2022-08-25,41.492592,-71.628119,0.0
2022-08-26,41.492592,-71.628119,8.612674250331887
2022-08-27,41.492592,-71.628119,1.1934977746164972
2022-08-28,41.492592,-71.628119,0.025833596749305052
2022-08-29,41.492592,-71.628119,0.0
2022-08-30,41.492592,-71.628119,0.008253302244581403
2022-08-31,41.492592,-71.628119,6.857671100827637
2022-09-01,41.492592,-71.628119,0.0
2022-09-02,41.492592,-71.628119,0.0
2022-09-03,41.492592,-71.628119,0.0
2022-09-04,41.492592,-71.628119,0.0
2022-09-05,41.492592,-71.628119,4.199628342705558
2022-09-06,41.492592,-71.628119,51.85482504098626
2022-09-07,41.492592,-71.628119,0.027962476865101615
2022-09-08,41.492592,-71.628119,0.0
2022-09-09,41.492592,-71.628119,0.0
2022-09-10,41.492592,-71.628119,0.0
2022-09-11,41.492592,-71.628119,2.9684422272008453
2022-09-12,41.492592,-71.628119,14.459710037569964
2022-09-13,41.492592,-71.628119,37.97754288185327
2022-09-14,41.492592,-71.628119,0.0
2022-09-15,41.492592,-71.628119,0.24136372322284264
2022-09-16,41.492592,-71.628119,0.0
2022-09-17,41.492592,-71.628119,0.0
2022-09-18,41.492592,-71.628119,0.0
2022-09-19,41.492592,-71.628119,0.0
2022-09-20,41.492592,-71.628119,0.5327910597252201
2022-09-21,41.492592,-71.628119,0.0
2022-09-22,41.492592,-71.628119,28.097107727246872
2022-09-23,41.492592,-71.628119,0.0
2022-09-24,41.492592,-71.628119,0.0
2022-09-25,41.492592,-71.628119,1.5800116683613132
2022-09-26,41.492592,-71.628119,5.922651165491131
2022-09-27,41.492592,-71.628119,0.0
2022-09-28,41.492592,-71.628119,0.0
2022-09-29,41.492592,-71.628119,0.0228828244274759
2022-09-30,41.492592,-71.628119,0.0022422743426168774
2022-10-01,41.492592,-71.628119,36.669801223304525
2022-10-02,41.492592,-71.628119,1.5087150368756013
2022-10-03,41.492592,-71.628119,12.580577910282297
2022-10-04,41.492592,-71.628119,3.784394414883591
2022-10-05,41.492592,-71.628119,33.03161159868626
2022-10-06,41.492592,-71.628119,23.18335807035156
2022-10-07,41.492592,-71.628119,0.0
2022-10-08,41.492592,-71.628119,1.1769280947961158
2022-10-09,41.492592,-71.628119,0.0
2022-10-10,41.492592,-71.628119,0.0028703999358414855
2022-10-11,41.492592,-71.628119,0.006281255698251055
2022-10-12,41.492592,-71.628119,0.0
2022-10-13,41.492592,-71.628119,5.481128976067803
2022-10-14,41.492592,-71.628119,33.15187058432091
2022-10-15,41.492592,-71.628119,0.6672285521311656
2022-10-16,41.492592,-71.628119,0.0
2022-10-17,41.492592,-71.628119,5.020048691124133
2022-10-18,41.492592,-71.628119,4.796400120694309
2022-10-19,41.492592,-71.628119,0.0
2022-10-20,41.492592,-71.628119,0.0
2022-10-21,41.492592,-71.628119,0.0
2022-10-22,41.492592,-71.628119,0.0
2022-10-23,41.492592,-71.628119,28.92257302592471
2022-10-24,41.492592,-71.628119,15.160138967128631
2022-10-25,41.492592,-71.628119,0.046838270478808675
2022-10-26,41.492592,-71.628119,0.20166076897312424
2022-10-27,41.492592,-71.628119,0.0
2022-10-28,41.492592,-71.628119,0.0
2022-10-29,41.492592,-71.628119,3.2246958746789582
2022-10-30,41.492592,-71.628119,0.0
2022-10-31,41.492592,-71.628119,0.6095636223551335
2022-11-01,41.492592,-71.628119,14.180009315903947
2022-11-02,41.492592,-71.628119,0.9860630862922423
2022-11-03,41.492592,-71.628119,0.0
2022-11-04,41.492592,-71.628119,0.004396879269569768
2022-11-05,41.492592,-71.628119,0.0
2022-11-06,41.492592,-71.628119,0.0
2022-11-07,41.492592,-71.628119,0.2578499355780526
2022-11-08,41.492592,-71.628119,0.0
2022-11-09,41.492592,-71.628119,0.0
2022-11-10,41.492592,-71.628119,0.0
2022-11-11,41.492592,-71.628119,1.0791449669419126
2022-11-12,41.492592,-71.628119,3.4185277094743496
2022-11-13,41.492592,-71.628119,9.283503109719401
2022-11-14,41.492592,-71.628119,0.0
2022-11-15,41.492592,-71.628119,0.05041094682338522
2022-11-16,41.492592,-71.628119,39.78773244891138
2022-11-17,41.492592,-71.628119,0.0
2022-11-18,41.492592,-71.628119,0.0
2022-11-19,41.492592,-71.628119,0.0
2022-11-20,41.492592,-71.628119,0.0
2022-11-21,41.492592,-71.628119,0.0
2022-11-22,41.492592,-71.628119,0.0
2022-11-23,41.492592,-71.628119,0.0
2022-11-24,41.492592,-71.628119,0.0
2022-11-25,41.492592,-71.628119,2.9574616556431264
2022-11-26,41.492592,-71.628119,0.0
2022-11-27,41.492592,-71.628119,21.529897062374
2022-11-28,41.492592,-71.628119,0.3301539314276063
2022-11-29,41.492592,-71.628119,0.0
2022-11-30,41.492592,-71.628119,18.48284088953297
2022-12-01,41.492592,-71.628119,1.161036412191747
2022-12-02,41.492592,-71.628119,0.0
2022-12-03,41.492592,-71.628119,20.31316889645564
2022-12-04,41.492592,-71.628119,0.0
2022-12-05,41.492592,-71.628119,0.015550935299186726
2022-12-06,41.492592,-71.628119,3.048180804394371
2022-12-07,41.492592,-71.628119,40.96143157694458
2022-12-08,41.492592,-71.628119,0.0
2022-12-09,41.492592,-71.628119,0.0
2022-12-10,41.492592,-71.628119,0.0
2022-12-11,41.492592,-71.628119,0.21804106938268097
2022-12-12,41.492592,-71.628119,1.5700572601995908
2022-12-13,41.492592,-71.628119,0.0
2022-12-14,41.492592,-71.628119,0.0
2022-12-15,41.492592,-71.628119,1.045791243548912
2022-12-16,41.492592,-71.628119,45.06357217921163
2022-12-17,41.492592,-71.628119,0.0
2022-12-18,41.492592,-71.628119,0.0
2022-12-19,41.492592,-71.628119,0.0
2022-12-20,41.492592,-71.628119,0.0
2022-12-21,41.492592,-71.628119,0.0
2022-12-22,41.492592,-71.628119,5.0783352124597485
2022-12-23,41.492592,-71.628119,36.27729841515783
2022-12-24,41.492592,-71.628119,0.0
2022-12-25,41.492592,-71.628119,0.0
2022-12-26,41.492592,-71.628119,0.0
2022-12-27,41.492592,-71.628119,0.09593088038383087
2022-12-28,41.492592,-71.628119,0.006726823027850633
2022-12-29,41.492592,-71.628119,0.0032824288943594493
2022-12-30,41.492592,-71.628119,0.0
2022-12-31,41.492592,-71.628119,12.97455135079054
2023-01-01,41.492592,-71.628119,17.959072645457233
2023-01-02,41.492592,-71.628119,0.006388799857199416
2023-01-03,41.492592,-71.628119,20.223422603733162
2023-01-04,41.492592,-71.628119,4.298012818667293
2023-01-05,41.492592,-71.628119,3.4157099008023675
2023-01-06,41.492592,-71.628119,0.3603645080026414
2023-01-07,41.492592,-71.628119,0.0
2023-01-08,41.492592,-71.628119,0.0
2023-01-09,41.492592,-71.628119,3.7558153133643803
2023-01-10,41.492592,-71.628119,0.0
2023-01-11,41.492592,-71.628119,0.0
2023-01-12,41.492592,-71.628119,0.3793010633676209
2023-01-13,41.492592,-71.628119,24.375500238238892
2023-01-14,41.492592,-71.628119,2.9787890741218166
2023-01-15,41.492592,-71.628119,0.5032579339600112
2023-01-16,41.492592,-71.628119,0.7479376078286457
2023-01-17,41.492592,-71.628119,0.016959390198081833
2023-01-18,41.492592,-71.628119,0.0
2023-01-19,41.492592,-71.628119,24.26761989167537
2023-01-20,41.492592,-71.628119,12.666667078393116
2023-01-21,41.492592,-71.628119,0.0
2023-01-22,41.492592,-71.628119,0.5214573267969762
2023-01-23,41.492592,-71.628119,48.405241350010016
2023-01-24,41.492592,-71.628119,0.0
2023-01-25,41.492592,-71.628119,5.073592312739666
2023-01-26,41.492592,-71.628119,44.579690257278926
2023-01-27,41.492592,-71.628119,0.0
2023-01-28,41.492592,-71.628119,0.0
2023-01-29,41.492592,-71.628119,1.6522114197888136
2023-01-30,41.492592,-71.628119,0.011934386388265062
2023-01-31,41.492592,-71.628119,0.17668251483120032
2023-02-01,41.492592,-71.628119,0.4288756722249474
2023-02-02,41.492592,-71.628119,0.0
2023-02-03,41.492592,-71.628119,0.0
2023-02-04,41.492592,-71.628119,0.1059438142604156
2023-02-05,41.492592,-71.628119,0.0012562511864492158
2023-02-06,41.492592,-71.628119,0.025813577799824
2023-02-07,41.492592,-71.628119,0.0
2023-02-08,41.492592,-71.628119,6.173287714009119
2023-02-09,41.492592,-71.628119,0.5144004540593756
2023-02-10,41.492592,-71.628119,0.3010979859070603
2023-02-11,41.492592,-71.628119,0.0
2023-02-12,41.492592,-71.628119,0.0
2023-02-13,41.492592,-71.628119,10.933258854801444
2023-02-14,41.492592,-71.628119,0.005025004745796863
2023-02-15,41.492592,-71.628119,1.7960950401864293
2023-02-16,41.492592,-71.628119,2.9118720201598487
2023-02-17,41.492592,-71.628119,14.544860574497369
2023-02-18,41.492592,-71.628119,0.08431982765332696
2023-02-19,41.492592,-71.628119,0.0
2023-02-20,41.492592,-71.628119,0.7687372383999909
2023-02-21,41.492592,-71.628119,4.780717593215511
2023-02-22,41.492592,-71.628119,0.02040733063748747
2023-02-23,41.492592,-71.628119,10.91369365132374
2023-02-24,41.492592,-71.628119,1.2495423548478368
2023-02-25,41.492592,-71.628119,0.0
2023-02-26,41.492592,-71.628119,0.007537507118695295
2023-02-27,41.492592,-71.628119,0.0
2023-02-28,41.492592,-71.628119,2.071277996017728
2023-03-01,41.492592,-71.628119,0.013453646055701266
2023-03-02,41.492592,-71.628119,4.833456031163344
2023-03-03,41.492592,-71.628119,0.03194399809599035
2023-03-04,41.492592,-71.628119,10.590332326146473
2023-03-05,41.492592,-71.628119,0.0
2023-03-06,41.492592,-71.628119,0.0
2023-03-07,41.492592,-71.628119,0.0
2023-03-08,41.492592,-71.628119,0.0
2023-03-09,41.492592,-71.628119,0.013778005451362721
2023-03-10,41.492592,-71.628119,0.00827317663687324
2023-03-11,41.492592,-71.628119,11.736442447011065
2023-03-12,41.492592,-71.628119,0.0
2023-03-13,41.492592,-71.628119,6.281994631952574
2023-03-14,41.492592,-71.628119,35.99299545644958
2023-03-15,41.492592,-71.628119,0.020180468665895745
2023-03-16,41.492592,-71.628119,0.008712529305044223
2023-03-17,41.492592,-71.628119,0.3538937111036641
2023-03-18,41.492592,-71.628119,6.401328156393708
2023-03-19,41.492592,-71.628119,0.0
2023-03-20,41.492592,-71.628119,0.0
2023-03-21,41.492592,-71.628119,0.0
2023-03-22,41.492592,-71.628119,0.48071281213272243
2023-03-23,41.492592,-71.628119,5.528574789527215
2023-03-24,41.492592,-71.628119,0.13947541654982534
2023-03-25,41.492592,-71.628119,6.04518499047725
2023-03-26,41.492592,-71.628119,0.23955588668279942
2023-03-27,41.492592,-71.628119,0.7148464411793003
2023-03-28,41.492592,-71.628119,2.951677571053584
2023-03-29,41.492592,-71.628119,0.0
2023-03-30,41.492592,-71.628119,0.31493634888832056
2023-03-31,41.492592,-71.628119,15.157162534082682
2023-04-01,41.492592,-71.628119,36.78500479757448
2023-04-02,41.492592,-71.628119,0.8729807604899299
2023-04-03,41.492592,-71.628119,0.009585878157797316
2023-04-04,41.492592,-71.628119,0.24607466768784406
2023-04-05,41.492592,-71.628119,0.3466064806491074
2023-04-06,41.492592,-71.628119,3.7156823906047465
2023-04-07,41.492592,-71.628119,5.30731641219522
2023-04-08,41.492592,-71.628119,0.6226062686744399
2023-04-09,41.492592,-71.628119,0.0006281255932246079
2023-04-10,41.492592,-71.628119,0.0
2023-04-11,41.492592,-71.628119,0.0
2023-04-12,41.492592,-71.628119,2.9862697044259026
2023-04-13,41.492592,-71.628119,0.23838528164867062
2023-04-14,41.492592,-71.628119,0.002330086771006875
2023-04-15,41.492592,-71.628119,4.395005039641671
2023-04-16,41.492592,-71.628119,9.003762469435422
2023-04-17,41.492592,-71.628119,0.6820670005505797
2023-04-18,41.492592,-71.628119,0.02807587281288043
2023-04-19,41.492592,-71.628119,0.0
2023-04-20,41.492592,-71.628119,0.018843767094753168
2023-04-21,41.492592,-71.628119,0.06840629983694868
2023-04-22,41.492592,-71.628119,0.31232456438316547
2023-04-23,41.492592,-71.628119,26.76712721740482
2023-04-24,41.492592,-71.628119,0.0
2023-04-25,41.492592,-71.628119,0.0
2023-04-26,41.492592,-71.628119,0.0
2023-04-27,41.492592,-71.628119,1.5090512805063232
2023-04-28,41.492592,-71.628119,0.5178743631573927
2023-04-29,41.492592,-71.628119,13.00909830525274
2023-04-30,41.492592,-71.628119,13.858329590742208
2023-05-01,41.492592,-71.628119,11.23708239706103
2023-05-02,41.492592,-71.628119,4.474892112054363
2023-05-03,41.492592,-71.628119,0.2521063061190676
2023-05-04,41.492592,-71.628119,1.27280138622436
2023-05-05,41.492592,-71.628119,0.4486797397418176
2023-05-06,41.492592,-71.628119,0.0
2023-05-07,41.492592,-71.628119,0.0679889898092716
2023-05-08,41.492592,-71.628119,11.074053686984241
2023-05-09,41.492592,-71.628119,0.0
2023-05-10,41.492592,-71.628119,0.0
2023-05-11,41.492592,-71.628119,0.0
2023-05-12,41.492592,-71.628119,0.0
2023-05-13,41.492592,-71.628119,0.08185365730311801
2023-05-14,41.492592,-71.628119,0.0
2023-05-15,41.492592,-71.628119,0.05157230862721973
2023-05-16,41.492592,-71.628119,0.004072662592249279
2023-05-17,41.492592,-71.628119,0.0
2023-05-18,41.492592,-71.628119,0.0
2023-05-19,41.492592,-71.628119,0.10449576737926099
2023-05-20,41.492592,-71.628119,17.833492766756798
2023-05-21,41.492592,-71.628119,30.967661839459986
2023-05-22,41.492592,-71.628119,0.0
2023-05-23,41.492592,-71.628119,0.0
2023-05-24,41.492592,-71.628119,0.09676938874960916
2023-05-25,41.492592,-71.628119,0.22481626876561644
2023-05-26,41.492592,-71.628119,0.0
2023-05-27,41.492592,-71.628119,0.0
2023-05-28,41.492592,-71.628119,0.0
2023-05-29,41.492592,-71.628119,0.0
2023-05-30,41.492592,-71.628119,0.0
2023-05-31,41.492592,-71.628119,0.0
2023-06-01,41.492592,-71.628119,0.0
2023-06-02,41.492592,-71.628119,0.0
2023-06-03,41.492592,-71.628119,1.7680154351516595
2023-06-04,41.492592,-71.628119,0.012521896575654444
2023-06-05,41.492592,-71.628119,0.09932429458217147
2023-06-06,41.492592,-71.628119,0.5144930373365069
2023-06-07,41.492592,-71.628119,0.01025238234796626
2023-06-08,41.492592,-71.628119,0.0
2023-06-09,41.492592,-71.628119,0.9425217594923735
2023-06-10,41.492592,-71.628119,2.606978608086124
2023-06-11,41.492592,-71.628119,0.0
2023-06-12,41.492592,-71.628119,1.3135177231494608
2023-06-13,41.492592,-71.628119,0.8293524516029334
2023-06-14,41.492592,-71.628119,0.1856531815162199
2023-06-15,41.492592,-71.628119,0.0
2023-06-16,41.492592,-71.628119,2.8573587294000142
2023-06-17,41.492592,-71.628119,17.27037218462618
2023-06-18,41.492592,-71.628119,11.1364360939007
2023-06-19,41.492592,-71.628119,0.0
2023-06-20,41.492592,-71.628119,0.0
2023-06-21,41.492592,-71.628119,0.0
2023-06-22,41.492592,-71.628119,0.17876882755976548
2023-06-23,41.492592,-71.628119,0.7385214104807911
2023-06-24,41.492592,-71.628119,14.428271303802555
2023-06-25,41.492592,-71.628119,0.0025125023728984315
2023-06-26,41.492592,-71.628119,1.0680309942249255
2023-06-27,41.492592,-71.628119,33.18857449807742
2023-06-28,41.492592,-71.628119,6.651497185366428
2023-06-29,41.492592,-71.628119,0.08420349072536924
2023-06-30,41.492592,-71.628119,0.0
2023-07-01,41.492592,-71.628119,0.0
2023-07-02,41.492592,-71.628119,1.4410892301350444
2023-07-03,41.492592,-71.628119,4.216138113541483
2023-07-04,41.492592,-71.628119,30.072356951764025
2023-07-05,41.492592,-71.628119,0.006990260313020624
2023-07-06,41.492592,-71.628119,0.0
2023-07-07,41.492592,-71.628119,0.0037281389724950027
2023-07-08,41.492592,-71.628119,0.5885451119877676
2023-07-09,41.492592,-71.628119,2.5722676632083035
2023-07-10,41.492592,-71.628119,23.452998102053296
2023-07-11,41.492592,-71.628119,0.0
2023-07-12,41.492592,-71.628119,0.0
2023-07-13,41.492592,-71.628119,0.112001810670282
2023-07-14,41.492592,-71.628119,33.356212524814815
2023-07-15,41.492592,-71.628119,19.95191971276286
2023-07-16,41.492592,-71.628119,77.02794976377503
2023-07-17,41.492592,-71.628119,21.753527602929285
2023-07-18,41.492592,-71.628119,0.3242151807607178
2023-07-19,41.492592,-71.628119,2.97739522268368
2023-07-20,41.492592,-71.628119,0.0
2023-07-21,41.492592,-71.628119,2.9613261669670123
2023-07-22,41.492592,-71.628119,1.67028567356525
2023-07-23,41.492592,-71.628119,0.21443962236920666
2023-07-24,41.492592,-71.628119,0.02429259000170246
2023-07-25,41.492592,-71.628119,0.0
2023-07-26,41.492592,-71.628119,0.0
2023-07-27,41.492592,-71.628119,0.0
2023-07-28,41.492592,-71.628119,0.5730738369979299
2023-07-29,41.492592,-71.628119,0.5945026463025262
2023-07-30,41.492592,-71.628119,11.456707088515069
2023-07-31,41.492592,-71.628119,0.0
2023-08-01,41.492592,-71.628119,0.0
2023-08-02,41.492592,-71.628119,0.0
2023-08-03,41.492592,-71.628119,0.0
2023-08-04,41.492592,-71.628119,0.44750784849100983
2023-08-05,41.492592,-71.628119,1.1840840638164314
2023-08-06,41.492592,-71.628119,0.0018640694862475013
2023-08-07,41.492592,-71.628119,14.872729338702214
2023-08-08,41.492592,-71.628119,17.627610619458643
2023-08-09,41.492592,-71.628119,0.0
2023-08-10,41.492592,-71.628119,13.693879839956624
2023-08-11,41.492592,-71.628119,12.192046852596375
2023-08-12,41.492592,-71.628119,1.856409059804722
2023-08-13,41.492592,-71.628119,33.209860833271065
2023-08-14,41.492592,-71.628119,0.3926376050491705
2023-08-15,41.492592,-71.628119,17.461046000301693
2023-08-16,41.492592,-71.628119,0.8029129217288395
2023-08-17,41.492592,-71.628119,1.734760967177994
2023-08-18,41.492592,-71.628119,5.577132833616243
2023-08-19,41.492592,-71.628119,0.0
2023-08-20,41.492592,-71.628119,0.013514503688491882
2023-08-21,41.492592,-71.628119,0.1986313972358444
2023-08-22,41.492592,-71.628119,1.1842614678796337
2023-08-23,41.492592,-71.628119,0.0
2023-08-24,41.492592,-71.628119,0.09668803060999341
2023-08-25,41.492592,-71.628119,14.92519685942636
2023-08-26,41.492592,-71.628119,0.2617796283437075
2023-08-27,41.492592,-71.628119,0.0
2023-08-28,41.492592,-71.628119,0.5004293561304556
2023-08-29,41.492592,-71.628119,0.8776272080041028
2023-08-30,41.492592,-71.628119,2.514200059266337
2023-08-31,41.492592,-71.628119,0.0
2023-09-01,41.492592,-71.628119,0.0
2023-09-02,41.492592,-71.628119,0.0013980521146856257
2023-09-03,41.492592,-71.628119,0.6762972664553231
2023-09-04,41.492592,-71.628119,0.17583606014742703
2023-09-05,41.492592,-71.628119,0.03778504769889254
2023-09-06,41.492592,-71.628119,0.0
2023-09-07,41.492592,-71.628119,0.004396879269569768
2023-09-08,41.492592,-71.628119,0.10349758749860866
2023-09-09,41.492592,-71.628119,0.016594273904826793
2023-09-10,41.492592,-71.628119,2.677916907339505
2023-09-11,41.492592,-71.628119,0.753755117353972
2023-09-12,41.492592,-71.628119,1.1911778270449243
2023-09-13,41.492592,-71.628119,4.660078340862513
2023-09-14,41.492592,-71.628119,0.016684032404521612
2023-09-15,41.492592,-71.628119,0.028015373408092507
2023-09-16,41.492592,-71.628119,17.35413133368677
2023-09-17,41.492592,-71.628119,0.0
2023-09-18,41.492592,-71.628119,45.564644834336285
2023-09-19,41.492592,-71.628119,0.015695920815974297
2023-09-20,41.492592,-71.628119,0.0
2023-09-21,41.492592,-71.628119,0.0
2023-09-22,41.492592,-71.628119,0.0163980517794095
2023-09-23,41.492592,-71.628119,29.8529890266487
2023-09-24,41.492592,-71.628119,1.5692441354468056
2023-09-25,41.492592,-71.628119,11.342592845564385
2023-09-26,41.492592,-71.628119,12.945181917838122
2023-09-27,41.492592,-71.628119,0.0
2023-09-28,41.492592,-71.628119,0.0
2023-09-29,41.492592,-71.628119,17.67822597909492
2023-09-30,41.492592,-71.628119,44.87396833417776
2023-10-01,41.492592,-71.628119,3.689847796649457
2023-10-02,41.492592,-71.628119,0.0
2023-10-03,41.492592,-71.628119,0.0
2023-10-04,41.492592,-71.628119,0.0
2023-10-05,41.492592,-71.628119,0.0
2023-10-06,41.492592,-71.628119,0.0
2023-10-07,41.492592,-71.628119,3.4714256172121556
2023-10-08,41.492592,-71.628119,0.0244515857809778
2023-10-09,41.492592,-71.628119,0.0
2023-10-10,41.492592,-71.628119,0.1432364635767732
2023-10-11,41.492592,-71.628119,0.12115693612824864
2023-10-12,41.492592,-71.628119,0.0
2023-10-13,41.492592,-71.628119,0.011184416917485005
2023-10-14,41.492592,-71.628119,12.561924842703021
2023-10-15,41.492592,-71.628119,6.248033469096615
2023-10-16,41.492592,-71.628119,0.06039642476525093
2023-10-17,41.492592,-71.628119,0.0475611434445657
2023-10-18,41.492592,-71.628119,0.04260321292737683
2023-10-19,41.492592,-71.628119,0.0
2023-10-20,41.492592,-71.628119,2.091900139110593
2023-10-21,41.492592,-71.628119,36.79381934219667
2023-10-22,41.492592,-71.628119,0.02003874775838315
2023-10-23,41.492592,-71.628119,0.16695217228044215
2023-10-24,41.492592,-71.628119,0.033634113886284706
2023-10-25,41.492592,-71.628119,0.10755859662934691
2023-10-26,41.492592,-71.628119,0.02396201749990886
2023-10-27,41.492592,-71.628119,2.238722385524428
2023-10-28,41.492592,-71.628119,0.0
2023-10-29,41.492592,-71.628119,7.133604452070892
2023-10-30,41.492592,-71.628119,11.296424926736218
2023-10-31,41.492592,-71.628119,4.516763468461333
2023-11-01,41.492592,-71.628119,0.17834124990408207
2023-11-02,41.492592,-71.628119,0.0
2023-11-03,41.492592,-71.628119,0.034985253987358585
2023-11-04,41.492592,-71.628119,0.09842010442283321
2023-11-05,41.492592,-71.628119,0.06529618563679562
2023-11-06,41.492592,-71.628119,1.043664603315318
2023-11-07,41.492592,-71.628119,22.999425095916706
2023-11-08,41.492592,-71.628119,0.0
2023-11-09,41.492592,-71.628119,2.6962511804138134
2023-11-10,41.492592,-71.628119,1.019504820150793
2023-11-11,41.492592,-71.628119,0.0
2023-11-12,41.492592,-71.628119,0.0
2023-11-13,41.492592,-71.628119,0.0
2023-11-14,41.492592,-71.628119,0.043854606888415665
2023-11-15,41.492592,-71.628119,0.0
2023-11-16,41.492592,-71.628119,0.00499074774251379
2023-11-17,41.492592,-71.628119,0.0
2023-11-18,41.492592,-71.628119,0.5742709333852565
2023-11-19,41.492592,-71.628119,0.0
2023-11-20,41.492592,-71.628119,0.019054817175580295
2023-11-21,41.492592,-71.628119,1.3149693837292689
2023-11-22,41.492592,-71.628119,43.44230797338104
2023-11-23,41.492592,-71.628119,0.3028811808754883
2023-11-24,41.492592,-71.628119,0.0
2023-11-25,41.492592,-71.628119,0.0
2023-11-26,41.492592,-71.628119,0.5188242427659148
2023-11-27,41.492592,-71.628119,10.168434301107958
2023-11-28,41.492592,-71.628119,0.0028703999358414855
2023-11-29,41.492592,-71.628119,0.0
2023-11-30,41.492592,-71.628119,0.005740799871682971
2023-12-01,41.492592,-71.628119,3.8135970584313785
2023-12-02,41.492592,-71.628119,3.7387245938209284
2023-12-03,41.492592,-71.628119,27.756603621975795
2023-12-04,41.492592,-71.628119,0.16077598789389438
2023-12-05,41.492592,-71.628119,0.19426743169855915
2023-12-06,41.492592,-71.628119,0.0006281255932246079
2023-12-07,41.492592,-71.628119,0.0
2023-12-08,41.492592,-71.628119,0.0
2023-12-09,41.492592,-71.628119,0.32700237387958936
2023-12-10,41.492592,-71.628119,7.983477391895779
2023-12-11,41.492592,-71.628119,68.3324569037237
2023-12-12,41.492592,-71.628119,0.00046601737156187534
2023-12-13,41.492592,-71.628119,0.0
2023-12-14,41.492592,-71.628119,0.0
2023-12-15,41.492592,-71.628119,0.15987270590564315
2023-12-16,41.492592,-71.628119,0.06465178750793643
2023-12-17,41.492592,-71.628119,18.28935915782458
2023-12-18,41.492592,-71.628119,72.08214670294196
2023-12-19,41.492592,-71.628119,0.0
2023-12-20,41.492592,-71.628119,0.0
2023-12-21,41.492592,-71.628119,0.0
2023-12-22,41.492592,-71.628119,0.0
2023-12-23,41.492592,-71.628119,0.052305366917326505
2023-12-24,41.492592,-71.628119,1.68318407714998
2023-12-25,41.492592,-71.628119,0.004837891666578558
2023-12-26,41.492592,-71.628119,0.0
2023-12-27,41.492592,-71.628119,9.182725980322815
2023-12-28,41.492592,-71.628119,19.538393691651176
2023-12-29,41.492592,-71.628119,0.7748767601711225
2023-12-30,41.492592,-71.628119,0.0022422743426168774
2023-12-31,41.492592,-71.628119,0.03731519863128564
2024-01-01,41.492592,-71.628119,1.026545345801659
2024-01-02,41.492592,-71.628119,0.0
2024-01-03,41.492592,-71.628119,0.0
2024-01-04,41.492592,-71.628119,1.2244116836850247
2024-01-05,41.492592,-71.628119,0.0
2024-01-06,41.492592,-71.628119,0.5498336184015379
2024-01-07,41.492592,-71.628119,5.417902537474103
2024-01-08,41.492592,-71.628119,0.0
2024-01-09,41.492592,-71.628119,23.83905408321999
2024-01-10,41.492592,-71.628119,110.5099554804221
2024-01-11,41.492592,-71.628119,0.0
2024-01-12,41.492592,-71.628119,0.0
2024-01-13,41.492592,-71.628119,41.316040533900356
2024-01-14,41.492592,-71.628119,0.008317912594323242
2024-01-15,41.492592,-71.628119,0.29147016305675244
2024-01-16,41.492592,-71.628119,3.8716860943034503
2024-01-17,41.492592,-71.628119,0.0
2024-01-18,41.492592,-71.628119,0.0
2024-01-19,41.492592,-71.628119,0.0
2024-01-20,41.492592,-71.628119,0.0
2024-01-21,41.492592,-71.628119,0.0
2024-01-22,41.492592,-71.628119,0.6523764469141835
2024-01-23,41.492592,-71.628119,0.6986638322617243
2024-01-24,41.492592,-71.628119,4.488185581966706
2024-01-25,41.492592,-71.628119,16.218322123191285
2024-01-26,41.492592,-71.628119,2.1786414337292057
2024-01-27,41.492592,-71.628119,1.8487406565745148
2024-01-28,41.492592,-71.628119,50.93988250073167
2024-01-29,41.492592,-71.628119,0.16101178027748073
2024-01-30,41.492592,-71.628119,0.0
2024-01-31,41.492592,-71.628119,0.0
2024-02-01,41.492592,-71.628119,0.0
2024-02-02,41.492592,-71.628119,0.0946491866040634
2024-02-03,41.492592,-71.628119,0.0
2024-02-04,41.492592,-71.628119,0.0
2024-02-05,41.492592,-71.628119,0.0
2024-02-06,41.492592,-71.628119,0.0
2024-02-07,41.492592,-71.628119,0.0
2024-02-08,41.492592,-71.628119,0.0
2024-02-09,41.492592,-71.628119,0.011934386388265062
2024-02-10,41.492592,-71.628119,0.0
2024-02-11,41.492592,-71.628119,0.020163478185331145
2024-02-12,41.492592,-71.628119,0.0
2024-02-13,41.492592,-71.628119,31.809865607339294
2024-02-14,41.492592,-71.628119,0.056684985411615006
2024-02-15,41.492592,-71.628119,0.014972242917674964
2024-02-16,41.492592,-71.628119,0.22867405031256544
2024-02-17,41.492592,-71.628119,0.12095167816810957
2024-02-18,41.492592,-71.628119,0.0
2024-02-19,41.492592,-71.628119,0.0
2024-02-20,41.492592,-71.628119,0.0
2024-02-21,41.492592,-71.628119,0.0
2024-02-22,41.492592,-71.628119,0.0
2024-02-23,41.492592,-71.628119,6.988132850567571
2024-02-24,41.492592,-71.628119,1.487737366949041
2024-02-25,41.492592,-71.628119,0.0
2024-02-26,41.492592,-71.628119,0.0
2024-02-27,41.492592,-71.628119,0.0
2024-02-28,41.492592,-71.628119,20.07538361030549
2024-02-29,41.492592,-71.628119,12.965700196561986
2024-03-01,41.492592,-71.628119,0.0
2024-03-02,41.492592,-71.628119,36.72994991165222
2024-03-03,41.492592,-71.628119,12.299554456231393
2024-03-04,41.492592,-71.628119,0.0
2024-03-05,41.492592,-71.628119,3.395583255613636
2024-03-06,41.492592,-71.628119,5.756368940643932
2024-03-07,41.492592,-71.628119,28.86023153032271
2024-03-08,41.492592,-71.628119,0.5041832084880306
2024-03-09,41.492592,-71.628119,3.603940769428321
2024-03-10,41.492592,-71.628119,22.332238917368063
2024-03-11,41.492592,-71.628119,0.02611112254599326
2024-03-12,41.492592,-71.628119,0.0
2024-03-13,41.492592,-71.628119,0.0
2024-03-14,41.492592,-71.628119,0.10143446695986744
2024-03-15,41.492592,-71.628119,0.8062736460660894
2024-03-16,41.492592,-71.628119,0.0
2024-03-17,41.492592,-71.628119,0.9069753725590405
2024-03-18,41.492592,-71.628119,0.005653130690014005
2024-03-19,41.492592,-71.628119,0.0
2024-03-20,41.492592,-71.628119,4.345728146267283
2024-03-21,41.492592,-71.628119,0.012030732065991067
2024-03-22,41.492592,-71.628119,0.05284307893424672
2024-03-23,41.492592,-71.628119,58.26309202308182
2024-03-24,41.492592,-71.628119,2.520419151696515
2024-03-25,41.492592,-71.628119,0.0022422743426168774
2024-03-26,41.492592,-71.628119,0.0
2024-03-27,41.492592,-71.628119,1.211554077788119
2024-03-28,41.492592,-71.628119,81.8657276560362
2024-03-29,41.492592,-71.628119,50.979000551665266
2024-03-30,41.492592,-71.628119,0.0006281255932246079
2024-03-31,41.492592,-71.628119,0.03688574381213732
2024-04-01,41.492592,-71.628119,0.6955721512335422
2024-04-02,41.492592,-71.628119,10.81578689701069
2024-04-03,41.492592,-71.628119,20.260724514702332
2024-04-04,41.492592,-71.628119,17.025094653941334
2024-04-05,41.492592,-71.628119,0.36530707808331386
2024-04-06,41.492592,-71.628119,0.15651087691425006
2024-04-07,41.492592,-71.628119,0.11577188441442025
2024-04-08,41.492592,-71.628119,0.0059367320784967795
2024-04-09,41.492592,-71.628119,0.5455994953799764
2024-04-10,41.492592,-71.628119,0.35787406780269587
2024-04-11,41.492592,-71.628119,5.571224457604896
2024-04-12,41.492592,-71.628119,23.256358614491035
2024-04-13,41.492592,-71.628119,0.3400019973191903
2024-04-14,41.492592,-71.628119,7.338285025400631
2024-04-15,41.492592,-71.628119,7.723332894769225
2024-04-16,41.492592,-71.628119,0.1642390967615124
2024-04-17,41.492592,-71.628119,2.8893445898544017
2024-04-18,41.492592,-71.628119,16.44764838262486
2024-04-19,41.492592,-71.628119,0.0966714489737372
2024-04-20,41.492592,-71.628119,7.2499284366505945
2024-04-21,41.492592,-71.628119,0.3465608550706442
2024-04-22,41.492592,-71.628119,0.0
2024-04-23,41.492592,-71.628119,0.0
2024-04-24,41.492592,-71.628119,0.8311207962834841
2024-04-25,41.492592,-71.628119,0.0
2024-04-26,41.492592,-71.628119,0.0
2024-04-27,41.492592,-71.628119,0.02595517196603111
2024-04-28,41.492592,-71.628119,6.410592836014577
2024-04-29,41.492592,-71.628119,2.4206993992901706
2024-04-30,41.492592,-71.628119,0.010819936684844805
2024-05-01,41.492592,-71.628119,8.907334642036197
2024-05-02,41.492592,-71.628119,0.0
2024-05-03,41.492592,-71.628119,0.08707408881145451
2024-05-04,41.492592,-71.628119,0.5009084898525848
2024-05-05,41.492592,-71.628119,8.544035176184407
2024-05-06,41.492592,-71.628119,3.506831813086421
2024-05-07,41.492592,-71.628119,0.10016275186546333
2024-05-08,41.492592,-71.628119,18.187778143152247
2024-05-09,41.492592,-71.628119,5.673589482202407
2024-05-10,41.492592,-71.628119,13.225554638895728
2024-05-11,41.492592,-71.628119,0.0
2024-05-12,41.492592,-71.628119,0.002708291714178753
2024-05-13,41.492592,-71.628119,0.013955866415048535
2024-05-14,41.492592,-71.628119,0.0
2024-05-15,41.492592,-71.628119,25.058821561485562
2024-05-16,41.492592,-71.628119,43.60539888207708
2024-05-17,41.492592,-71.628119,0.2947737594677632
2024-05-18,41.492592,-71.628119,0.4383716159290221
2024-05-19,41.492592,-71.628119,0.6606546577856847
2024-05-20,41.492592,-71.628119,0.0
2024-05-21,41.492592,-71.628119,0.0
2024-05-22,41.492592,-71.628119,0.0
2024-05-23,41.492592,-71.628119,19.735796492104715
2024-05-24,41.492592,-71.628119,0.0
2024-05-25,41.492592,-71.628119,0.0
2024-05-26,41.492592,-71.628119,0.6347251050836925
2024-05-27,41.492592,-71.628119,0.7090045858625807
2024-05-28,41.492592,-71.628119,16.97949845841885
2024-05-29,41.492592,-71.628119,0.0
2024-05-30,41.492592,-71.628119,4.947452343646793
2024-05-31,41.492592,-71.628119,0.1388157616015214
2024-06-01,41.492592,-71.628119,0.0
2024-06-02,41.492592,-71.628119,0.0
2024-06-03,41.492592,-71.628119,0.23649099342178315
2024-06-04,41.492592,-71.628119,0.0
2024-06-05,41.492592,-71.628119,0.0
2024-06-06,41.492592,-71.628119,5.726850781417972
2024-06-07,41.492592,-71.628119,0.04848319383732618
2024-06-08,41.492592,-71.628119,0.0
2024-06-09,41.492592,-71.628119,1.9540035580432953
2024-06-10,41.492592,-71.628119,0.0444948091896816
2024-06-11,41.492592,-71.628119,0.0
2024-06-12,41.492592,-71.628119,0.0
2024-06-13,41.492592,-71.628119,0.0
2024-06-14,41.492592,-71.628119,0.31046981704174265
2024-06-15,41.492592,-71.628119,6.425401568284741
2024-06-16,41.492592,-71.628119,0.0
2024-06-17,41.492592,-71.628119,0.10465778356215735
2024-06-18,41.492592,-71.628119,0.0
2024-06-19,41.492592,-71.628119,0.0018640694862475013
2024-06-20,41.492592,-71.628119,0.0
2024-06-21,41.492592,-71.628119,13.077739264637971
2024-06-22,41.492592,-71.628119,11.697031156173802
2024-06-23,41.492592,-71.628119,7.258310401201904
2024-06-24,41.492592,-71.628119,6.389466873497782
2024-06-25,41.492592,-71.628119,0.0
2024-06-26,41.492592,-71.628119,0.0006281255932246079
2024-06-27,41.492592,-71.628119,37.775145224222705
2024-06-28,41.492592,-71.628119,0.0
2024-06-29,41.492592,-71.628119,0.3942168518461992
2024-06-30,41.492592,-71.628119,14.467794719109072
2024-07-01,41.492592,-71.628119,3.204412124353472
2024-07-02,41.492592,-71.628119,0.0
2024-07-03,41.492592,-71.628119,0.0
2024-07-04,41.492592,-71.628119,0.09711247116472597
2024-07-05,41.492592,-71.628119,1.2302687700982748
2024-07-06,41.492592,-71.628119,6.938380013137713
2024-07-07,41.492592,-71.628119,0.558173669880958
2024-07-08,41.492592,-71.628119,0.022590629257932704
2024-07-09,41.492592,-71.628119,0.029283340682388324
2024-07-10,41.492592,-71.628119,0.10842117734921786
2024-07-11,41.492592,-71.628119,0.025810250747914147
2024-07-12,41.492592,-71.628119,0.019230072827704132
2024-07-13,41.492592,-71.628119,16.557659769987428
2024-07-14,41.492592,-71.628119,0.0006281255932246079
2024-07-15,41.492592,-71.628119,0.0012562511864492158
2024-07-16,41.492592,-71.628119,0.0
2024-07-17,41.492592,-71.628119,0.03783932684658835
2024-07-18,41.492592,-71.628119,11.453653443234884
2024-07-19,41.492592,-71.628119,0.0
2024-07-20,41.492592,-71.628119,0.0
2024-07-21,41.492592,-71.628119,2.66054441995358
2024-07-22,41.492592,-71.628119,0.03628841718741955
2024-07-23,41.492592,-71.628119,7.379045154559874
2024-07-24,41.492592,-71.628119,2.7168795188326236
2024-07-25,41.492592,-71.628119,1.4716806407708847
2024-07-26,41.492592,-71.628119,0.0
2024-07-27,41.492592,-71.628119,0.11156258609337785
2024-07-28,41.492592,-71.628119,4.259081988624657
2024-07-29,41.492592,-71.628119,37.76589716076401
2024-07-30,41.492592,-71.628119,0.004396879269569768
2024-07-31,41.492592,-71.628119,8.016592044889457
2024-08-01,41.492592,-71.628119,0.01063058685712563
2024-08-02,41.492592,-71.628119,0.06757516630167647
2024-08-03,41.492592,-71.628119,1.958795928229797
2024-08-04,41.492592,-71.628119,7.829774564127122
2024-08-05,41.492592,-71.628119,2.082643345438561
2024-08-06,41.492592,-71.628119,3.812167195811481
2024-08-07,41.492592,-71.628119,18.947483898915074
2024-08-08,41.492592,-71.628119,2.900363126312648
2024-08-09,41.492592,-71.628119,4.370629455315275
2024-08-10,41.492592,-71.628119,4.398536500548919
2024-08-11,41.492592,-71.628119,0.07779812146002775
2024-08-12,41.492592,-71.628119,0.3693703216857559
2024-08-13,41.492592,-71.628119,0.7343518218450971
2024-08-14,41.492592,-71.628119,0.0
2024-08-15,41.492592,-71.628119,0.6749432331715434
2024-08-16,41.492592,-71.628119,0.1421550557893301
2024-08-17,41.492592,-71.628119,0.0
2024-08-18,41.492592,-71.628119,6.17481361959578
2024-08-19,41.492592,-71.628119,38.16944324170342
2024-08-20,41.492592,-71.628119,0.8369745144435708
2024-08-21,41.492592,-71.628119,0.0
2024-08-22,41.492592,-71.628119,0.0
2024-08-23,41.492592,-71.628119,0.0
2024-08-24,41.492592,-71.628119,0.004754776715515309
2024-08-25,41.492592,-71.628119,0.0
2024-08-26,41.492592,-71.628119,22.22803181997294
2024-08-27,41.492592,-71.628119,0.0
2024-08-28,41.492592,-71.628119,0.017194785752797384
2024-08-29,41.492592,-71.628119,0.05157230862721973
2024-08-30,41.492592,-71.628119,0.0
2024-08-31,41.492592,-71.628119,0.005922782485637541
2024-09-01,41.492592,-71.628119,7.768620648783026
2024-09-02,41.492592,-71.628119,0.04979011653887843
2024-09-03,41.492592,-71.628119,0.0
2024-09-04,41.492592,-71.628119,0.0
2024-09-05,41.492592,-71.628119,0.0
2024-09-06,41.492592,-71.628119,0.0
2024-09-07,41.492592,-71.628119,0.18130879496692165
2024-09-08,41.492592,-71.628119,0.0012562511864492158
2024-09-09,41.492592,-71.628119,0.0
2024-09-10,41.492592,-71.628119,0.0
2024-09-11,41.492592,-71.628119,0.0
2024-09-12,41.492592,-71.628119,0.0
2024-09-13,41.492592,-71.628119,0.0
2024-09-14,41.492592,-71.628119,0.0
2024-09-15,41.492592,-71.628119,0.0
2024-09-16,41.492592,-71.628119,0.0
2024-09-17,41.492592,-71.628119,0.0
2024-09-18,41.492592,-71.628119,0.4575603286861551
2024-09-19,41.492592,-71.628119,0.4706950446181201
2024-09-20,41.492592,-71.628119,10.07854506550313
2024-09-21,41.492592,-71.628119,10.300033313675476
2024-09-22,41.492592,-71.628119,2.6558296352325805
2024-09-23,41.492592,-71.628119,1.265661197235735
2024-09-24,41.492592,-71.628119,0.1045990957676796
2024-09-25,41.492592,-71.628119,0.46634979398557475
2024-09-26,41.492592,-71.628119,5.5198836642772715
2024-09-27,41.492592,-71.628119,2.9840220087284037
2024-09-28,41.492592,-71.628119,1.4883384993606197
2024-09-29,41.492592,-71.628119,0.498728464476538
2024-09-30,41.492592,-71.628119,0.08903854266492567
2024-10-01,41.492592,-71.628119,0.0
2024-10-02,41.492592,-71.628119,0.0
2024-10-03,41.492592,-71.628119,0.0
2024-10-04,41.492592,-71.628119,0.06757307527362907
2024-10-05,41.492592,-71.628119,0.19725084631540907
2024-10-06,41.492592,-71.628119,0.05715942816445674
2024-10-07,41.492592,-71.628119,21.142920406377094
2024-10-08,41.492592,-71.628119,0.0
2024-10-09,41.492592,-71.628119,0.057283687207723075
2024-10-10,41.492592,-71.628119,0.0
2024-10-11,41.492592,-71.628119,0.0
2024-10-12,41.492592,-71.628119,0.0018640694862475013
2024-10-13,41.492592,-71.628119,0.0
2024-10-14,41.492592,-71.628119,3.3860657104331455
2024-10-15,41.492592,-71.628119,0.0
2024-10-16,41.492592,-71.628119,0.0
2024-10-17,41.492592,-71.628119,0.0
2024-10-18,41.492592,-71.628119,0.03374302472803044
2024-10-19,41.492592,-71.628119,0.0
2024-10-20,41.492592,-71.628119,0.0
2024-10-21,41.492592,-71.628119,0.0
2024-10-22,41.492592,-71.628119,0.0
2024-10-23,41.492592,-71.628119,0.0
2024-10-24,41.492592,-71.628119,0.0
2024-10-25,41.492592,-71.628119,0.0
2024-10-26,41.492592,-71.628119,0.01330866064670344
2024-10-27,41.492592,-71.628119,0.0
2024-10-28,41.492592,-71.628119,0.08546284254250454
2024-10-29,41.492592,-71.628119,0.2439164615970525
2024-10-30,41.492592,-71.628119,2.348067909662284
2024-10-31,41.492592,-71.628119,0.021035825454632125
2024-11-01,41.492592,-71.628119,0.8407490927709221
2024-11-02,41.492592,-71.628119,0.11991037019730075
2024-11-03,41.492592,-71.628119,0.0
2024-11-04,41.492592,-71.628119,0.7560686009592559
2024-11-05,41.492592,-71.628119,0.007456277944990005
2024-11-06,41.492592,-71.628119,0.0
2024-11-07,41.492592,-71.628119,0.0037281389724950027
2024-11-08,41.492592,-71.628119,0.0
2024-11-09,41.492592,-71.628119,0.12377323216306474
2024-11-10,41.492592,-71.628119,1.255232584625499
2024-11-11,41.492592,-71.628119,20.733053424850926
2024-11-12,41.492592,-71.628119,0.0
2024-11-13,41.492592,-71.628119,0.0
2024-11-14,41.492592,-71.628119,0.0
2024-11-15,41.492592,-71.628119,0.3722175684397077
2024-11-16,41.492592,-71.628119,0.0
2024-11-17,41.492592,-71.628119,0.017753027336352627
2024-11-18,41.492592,-71.628119,0.3695318950029405
2024-11-19,41.492592,-71.628119,0.0
2024-11-20,41.492592,-71.628119,0.26441170869417746
2024-11-21,41.492592,-71.628119,36.1188587799864
2024-11-22,41.492592,-71.628119,0.26939835324887507
2024-11-23,41.492592,-71.628119,2.200279375218957
2024-11-24,41.492592,-71.628119,0.19671300324653282
2024-11-25,41.492592,-71.628119,0.0
2024-11-26,41.492592,-71.628119,6.656754449985521
2024-11-27,41.492592,-71.628119,0.0
2024-11-28,41.492592,-71.628119,17.30946573841454
2024-11-29,41.492592,-71.628119,0.0
2024-11-30,41.492592,-71.628119,0.01852353022495054
2024-12-01,41.492592,-71.628119,0.0
2024-12-02,41.492592,-71.628119,0.0
2024-12-03,41.492592,-71.628119,0.013601947550038247
2024-12-04,41.492592,-71.628119,0.3175264297033226
2024-12-05,41.492592,-71.628119,22.301610271295687
2024-12-06,41.492592,-71.628119,0.0
2024-12-07,41.492592,-71.628119,0.23746269517480806
2024-12-08,41.492592,-71.628119,2.1377211465524173
2024-12-09,41.492592,-71.628119,12.677704591662927
2024-12-10,41.492592,-71.628119,0.9073640994241646
2024-12-11,41.492592,-71.628119,84.09902602077786
2024-12-12,41.492592,-71.628119,23.702128918435353
2024-12-13,41.492592,-71.628119,0.045386098473330916
2024-12-14,41.492592,-71.628119,0.0
2024-12-15,41.492592,-71.628119,0.02206484544556957
2024-12-16,41.492592,-71.628119,6.190278965594301
2024-12-17,41.492592,-71.628119,4.537450665566997
2024-12-18,41.492592,-71.628119,0.7111752602145898
2024-12-19,41.492592,-71.628119,11.308521134624968
2024-12-20,41.492592,-71.628119,8.132630411942369
2024-12-21,41.492592,-71.628119,0.008125018242064769
2024-12-22,41.492592,-71.628119,0.0
2024-12-23,41.492592,-71.628119,0.00332716516167586
2024-12-24,41.492592,-71.628119,1.0294870239975085
2024-12-25,41.492592,-71.628119,0.0
2024-12-26,41.492592,-71.628119,0.0
2024-12-27,41.492592,-71.628119,0.0
2024-12-28,41.492592,-71.628119,5.518065560693963
2024-12-29,41.492592,-71.628119,0.5373120470030127
2024-12-30,41.492592,-71.628119,21.003225949515798
2024-12-31,41.492592,-71.628119,2.1716785165735386
2025-01-01,41.492592,-71.628119,48.23329940373992
2025-01-02,41.492592,-71.628119,0.3610032241438653
2025-01-03,41.492592,-71.628119,0.0
2025-01-04,41.492592,-71.628119,0.0
2025-01-05,41.492592,-71.628119,0.0
2025-01-06,41.492592,-71.628119,0.1295029532305238
2025-01-07,41.492592,-71.628119,0.0
2025-01-08,41.492592,-71.628119,0.0
2025-01-09,41.492592,-71.628119,0.24568608118953628
2025-01-10,41.492592,-71.628119,0.0
2025-01-11,41.492592,-71.628119,0.005740799871682971
2025-01-12,41.492592,-71.628119,0.0
2025-01-13,41.492592,-71.628119,0.003955290754900469
2025-01-14,41.492592,-71.628119,0.0
2025-01-15,41.492592,-71.628119,0.0
2025-01-16,41.492592,-71.628119,0.0
2025-01-17,41.492592,-71.628119,0.0013980521146856257
2025-01-18,41.492592,-71.628119,7.09044215602104
2025-01-19,41.492592,-71.628119,3.4735901893453227
2025-01-20,41.492592,-71.628119,2.31119880680586
2025-01-21,41.492592,-71.628119,0.00166358258083793
2025-01-22,41.492592,-71.628119,0.16570247019464512
2025-01-23,41.492592,-71.628119,0.0
2025-01-24,41.492592,-71.628119,0.0
2025-01-25,41.492592,-71.628119,0.0
2025-01-26,41.492592,-71.628119,0.0
2025-01-27,41.492592,-71.628119,0.0
2025-01-28,41.492592,-71.628119,0.0
2025-01-29,41.492592,-71.628119,0.005515451091248827
2025-01-30,41.492592,-71.628119,0.0022422743426168774
2025-01-31,41.492592,-71.628119,5.450897020377274
2025-02-01,41.492592,-71.628119,38.78786851266204
2025-02-02,41.492592,-71.628119,0.014972242917674964
2025-02-03,41.492592,-71.628119,0.44622791522788086
2025-02-04,41.492592,-71.628119,0.6320162164833735
2025-02-05,41.492592,-71.628119,0.0
2025-02-06,41.492592,-71.628119,3.9555376903095647
2025-02-07,41.492592,-71.628119,0.03587638948187004
2025-02-08,41.492592,-71.628119,0.0
2025-02-09,41.492592,-71.628119,1.658325563679412
2025-02-10,41.492592,-71.628119,0.0
2025-02-11,41.492592,-71.628119,0.0
2025-02-12,41.492592,-71.628119,0.5910622492771334
2025-02-13,41.492592,-71.628119,5.019427511636244
2025-02-14,41.492592,-71.628119,0.0
2025-02-15,41.492592,-71.628119,0.7401652823498918
2025-02-16,41.492592,-71.628119,36.49643987693173
2025-02-17,41.492592,-71.628119,0.0
2025-02-18,41.492592,-71.628119,0.0
2025-02-19,41.492592,-71.628119,0.0
2025-02-20,41.492592,-71.628119,0.00665433032335172
2025-02-21,41.492592,-71.628119,0.0
2025-02-22,41.492592,-71.628119,0.0
2025-02-23,41.492592,-71.628119,0.0
2025-02-24,41.492592,-71.628119,0.1742475472164887
2025-02-25,41.492592,-71.628119,0.11010747120222761
2025-02-26,41.492592,-71.628119,0.2546006195161756
2025-02-27,41.492592,-71.628119,12.104379421954798
2025-02-28,41.492592,-71.628119,1.0899835591555045
2025-03-01,41.492592,-71.628119,0.026286384596838734
2025-03-02,41.492592,-71.628119,0.0
2025-03-03,41.492592,-71.628119,0.0
2025-03-04,41.492592,-71.628119,0.016432165800161574
2025-03-05,41.492592,-71.628119,1.9514042800046032
2025-03-06,41.492592,-71.628119,21.176922717463434
2025-03-07,41.492592,-71.628119,0.0
2025-03-08,41.492592,-71.628119,0.0
2025-03-09,41.492592,-71.628119,0.0
2025-03-10,41.492592,-71.628119,0.004396879269569768
2025-03-11,41.492592,-71.628119,0.0
2025-03-12,41.492592,-71.628119,0.0
2025-03-13,41.492592,-71.628119,0.008783929965885118
2025-03-14,41.492592,-71.628119,0.014185336611756411
2025-03-15,41.492592,-71.628119,0.016202119037942025
2025-03-16,41.492592,-71.628119,0.01663517475112648
2025-03-17,41.492592,-71.628119,84.25629419978382
2025-03-18,41.492592,-71.628119,5.670579242773732
2025-03-19,41.492592,-71.628119,0.0
2025-03-20,41.492592,-71.628119,0.004484548685233755
2025-03-21,41.492592,-71.628119,7.991686882748993
2025-03-22,41.492592,-71.628119,0.0
2025-03-23,41.492592,-71.628119,0.0
2025-03-24,41.492592,-71.628119,33.597564666249795
2025-03-25,41.492592,-71.628119,1.8911812140259892
2025-03-26,41.492592,-71.628119,0.18822684435795684
2025-03-27,41.492592,-71.628119,0.0006281255932246079
2025-03-28,41.492592,-71.628119,0.0
2025-03-29,41.492592,-71.628119,9.569958543958133
2025-03-30,41.492592,-71.628119,3.8025238942871575
2025-03-31,41.492592,-71.628119,1.1878662500319406
2025-04-01,41.492592,-71.628119,10.85878022165101
2025-04-02,41.492592,-71.628119,0.03659881739816728
2025-04-03,41.492592,-71.628119,3.7838145031802544
2025-04-04,41.492592,-71.628119,1.1230282829151028
2025-04-05,41.492592,-71.628119,3.1367504804319744
2025-04-06,41.492592,-71.628119,11.616994035036393
2025-04-07,41.492592,-71.628119,7.164791322902675
2025-04-08,41.492592,-71.628119,13.39044477867064
2025-04-09,41.492592,-71.628119,0.0
2025-04-10,41.492592,-71.628119,0.03147690100467929
2025-04-11,41.492592,-71.628119,5.118016022677647
2025-04-12,41.492592,-71.628119,13.009454621597714
2025-04-13,41.492592,-71.628119,10.46398673263717
2025-04-14,41.492592,-71.628119,0.02924445518498294
2025-04-15,41.492592,-71.628119,11.403306454236048
2025-04-16,41.492592,-71.628119,0.0006281255932246079
2025-04-17,41.492592,-71.628119,0.004484548685233755
2025-04-18,41.492592,-71.628119,0.07724393922986739
2025-04-19,41.492592,-71.628119,0.0447722565352627
2025-04-20,41.492592,-71.628119,0.3014544435001443
2025-04-21,41.492592,-71.628119,0.09633545665517813
2025-04-22,41.492592,-71.628119,1.4946441878483816
2025-04-23,41.492592,-71.628119,0.013453646055701266
2025-04-24,41.492592,-71.628119,0.0
2025-04-25,41.492592,-71.628119,0.059623442753879596
2025-04-26,41.492592,-71.628119,13.43911499070261
2025-04-27,41.492592,-71.628119,1.5392446859176863
2025-04-28,41.492592,-71.628119,0.06278368326389719
2025-04-29,41.492592,-71.628119,0.0
2025-04-30,41.492592,-71.628119,3.8090003291854346
2025-05-01,41.492592,-71.628119,0.0
2025-05-02,41.492592,-71.628119,5.723711397585957
2025-05-03,41.492592,-71.628119,0.0009320347431237507
2025-05-04,41.492592,-71.628119,0.13458427609363766
2025-05-05,41.492592,-71.628119,19.99045316181746
2025-05-06,41.492592,-71.628119,7.354267014863808
2025-05-07,41.492592,-71.628119,0.07636697889362454
2025-05-08,41.492592,-71.628119,0.011393930327701952
2025-05-09,41.492592,-71.628119,45.20900135353552
2025-05-10,41.492592,-71.628119,2.716707861764106
2025-05-11,41.492592,-71.628119,0.0
2025-05-12,41.492592,-71.628119,0.0
2025-05-13,41.492592,-71.628119,0.10257970482556539
2025-05-14,41.492592,-71.628119,0.6072896523230001
2025-05-15,41.492592,-71.628119,20.68499800710379
2025-05-16,41.492592,-71.628119,0.1162096472541132
2025-05-17,41.492592,-71.628119,0.8090645698270982
2025-05-18,41.492592,-71.628119,0.1840776369215224
2025-05-19,41.492592,-71.628119,0.4962120246142005
2025-05-20,41.492592,-71.628119,0.18792714702517013
2025-05-21,41.492592,-71.628119,3.2158449458132035
2025-05-22,41.492592,-71.628119,71.18631243162486
2025-05-23,41.492592,-71.628119,6.440408201131123
2025-05-24,41.492592,-71.628119,0.03522534850343019
2025-05-25,41.492592,-71.628119,0.03237951964672301
2025-05-26,41.492592,-71.628119,0.0
2025-05-27,41.492592,-71.628119,0.0
2025-05-28,41.492592,-71.628119,2.8509483675094827
2025-05-29,41.492592,-71.628119,18.63086600950852
2025-05-30,41.492592,-71.628119,1.0222224774570077
2025-05-31,41.492592,-71.628119,12.14598103200606
2025-06-01,41.492592,-71.628119,0.023300869098908775
2025-06-02,41.492592,-71.628119,0.0
2025-06-03,41.492592,-71.628119,0.013590892402339426
2025-06-04,41.492592,-71.628119,0.0
2025-06-05,41.492592,-71.628119,0.17966691005423702
2025-06-06,41.492592,-71.628119,0.5171005582270117
2025-06-07,41.492592,-71.628119,6.438993760441111
2025-06-08,41.492592,-71.628119,0.023361790167770218
2025-06-09,41.492592,-71.628119,1.3209305673724905
2025-06-10,41.492592,-71.628119,6.911935196038584
2025-06-11,41.492592,-71.628119,0.0
2025-06-12,41.492592,-71.628119,0.0
2025-06-13,41.492592,-71.628119,0.0
2025-06-14,41.492592,-71.628119,14.815842189542975
2025-06-15,41.492592,-71.628119,0.11486831043125245
2025-06-16,41.492592,-71.628119,0.025229980670256485
2025-06-17,41.492592,-71.628119,6.443964062172901
2025-06-18,41.492592,-71.628119,4.29821284821227
2025-06-19,41.492592,-71.628119,0.20032819594958576
2025-06-20,41.492592,-71.628119,0.30580156703845324
2025-06-21,41.492592,-71.628119,0.020686668868354494
2025-06-22,41.492592,-71.628119,1.9897017025472097
2025-06-23,41.492592,-71.628119,0.0
2025-06-24,41.492592,-71.628119,0.6382517825251823
2025-06-25,41.492592,-71.628119,0.1745728241589871
2025-06-26,41.492592,-71.628119,3.2027576652444725
2025-06-27,41.492592,-71.628119,0.5140395755492114
2025-06-28,41.492592,-71.628119,0.5822135596055571
2025-06-29,41.492592,-71.628119,0.27450317159856813
2025-06-30,41.492592,-71.628119,0.14140701568411262
2025-07-01,41.492592,-71.628119,3.8591594108380485
2025-07-02,41.492592,-71.628119,25.704910800264866
2025-07-03,41.492592,-71.628119,1.4930636012730845
2025-07-04,41.492592,-71.628119,1.8846404005516588
2025-07-05,41.492592,-71.628119,0.1564002936262859
2025-07-06,41.492592,-71.628119,0.0
2025-07-07,41.492592,-71.628119,0.46535422147147176
2025-07-08,41.492592,-71.628119,2.3324980228013543
2025-07-09,41.492592,-71.628119,11.709699525541058
2025-07-10,41.492592,-71.628119,30.01526366577901
2025-07-11,41.492592,-71.628119,1.8331774386978978
2025-07-12,41.492592,-71.628119,0.004484548685233755
2025-07-13,41.492592,-71.628119,0.01996299097005516
2025-07-14,41.492592,-71.628119,0.03992598194011032
2025-07-15,41.492592,-71.628119,5.753952066707781
2025-07-16,41.492592,-71.628119,0.10933490394129956
2025-07-17,41.492592,-71.628119,1.0000055972952842
2025-07-18,41.492592,-71.628119,0.0
2025-07-19,41.492592,-71.628119,0.0
2025-07-20,41.492592,-71.628119,2.187714452054482
2025-07-21,41.492592,-71.628119,1.5607923906159615
2025-07-22,41.492592,-71.628119,0.0
2025-07-23,41.492592,-71.628119,0.0911520128005595
2025-07-24,41.492592,-71.628119,0.00565313022202396
2025-07-25,41.492592,-71.628119,16.172263325159097
2025-07-26,41.492592,-71.628119,1.999184243961614
2025-07-27,41.492592,-71.628119,12.25763790020726
2025-07-28,41.492592,-71.628119,0.0
2025-07-29,41.492592,-71.628119,0.4828900424483198
2025-07-30,41.492592,-71.628119,0.10327589107815953
2025-07-31,41.492592,-71.628119,0.704951880116108
2025-08-01,41.492592,-71.628119,9.424778925501458
2025-08-02,41.492592,-71.628119,0.0
2025-08-03,41.492592,-71.628119,0.0
2025-08-04,41.492592,-71.628119,0.0
2025-08-05,41.492592,-71.628119,0.018146552313282
2025-08-06,41.492592,-71.628119,0.48161125878930244
2025-08-07,41.492592,-71.628119,5.974347431922955
2025-08-08,41.492592,-71.628119,0.0
2025-08-09,41.492592,-71.628119,0.0
2025-08-10,41.492592,-71.628119,0.0
2025-08-11,41.492592,-71.628119,0.0
2025-08-12,41.492592,-71.628119,0.0
2025-08-13,41.492592,-71.628119,2.045531840726679
2025-08-14,41.492592,-71.628119,1.2536063176447765
2025-08-15,41.492592,-71.628119,0.006524243375471256
2025-08-16,41.492592,-71.628119,0.0
2025-08-17,41.492592,-71.628119,0.2492700149750613
2025-08-18,41.492592,-71.628119,0.3118981510415376
2025-08-19,41.492592,-71.628119,0.2896691575975545
2025-08-20,41.492592,-71.628119,12.628429909357576
2025-08-21,41.492592,-71.628119,23.263640197589815
2025-08-22,41.492592,-71.628119,0.0
2025-08-23,41.492592,-71.628119,0.0
2025-08-24,41.492592,-71.628119,0.1994474377082085
2025-08-25,41.492592,-71.628119,0.018836546994475217
2025-08-26,41.492592,-71.628119,0.0
2025-08-27,41.492592,-71.628119,0.002492195079472109
2025-08-28,41.492592,-71.628119,0.012273203968956528
2025-08-29,41.492592,-71.628119,2.1329977792755273
2025-08-30,41.492592,-71.628119,0.0
2025-08-31,41.492592,-71.628119,0.0
2025-09-01,41.492592,-71.628119,5.743207116841518
2025-09-02,41.492592,-71.628119,0.0
2025-09-03,41.492592,-71.628119,0.0
2025-09-04,41.492592,-71.628119,0.0
2025-09-05,41.492592,-71.628119,4.468597537088085
2025-09-06,41.492592,-71.628119,0.4140196869677364
2025-09-07,41.492592,-71.628119,41.35294784419899
2025-09-08,41.492592,-71.628119,4.23316484624732
2025-09-09,41.492592,-71.628119,0.0
2025-09-10,41.492592,-71.628119,1.9456054115128738
2025-09-11,41.492592,-71.628119,0.0
2025-09-12,41.492592,-71.628119,0.0
2025-09-13,41.492592,-71.628119,0.0
2025-09-14,41.492592,-71.628119,0.07884839150506613
2025-09-15,41.492592,-71.628119,0.0
2025-09-16,41.492592,-71.628119,2.120051342030932
2025-09-17,41.492592,-71.628119,0.47628688861363644
2025-09-18,41.492592,-71.628119,0.06914427446321868
2025-09-19,41.492592,-71.628119,0.0
2025-09-20,41.492592,-71.628119,0.0
2025-09-21,41.492592,-71.628119,6.957741047250771
2025-09-22,41.492592,-71.628119,0.0
2025-09-23,41.492592,-71.628119,0.0
2025-09-24,41.492592,-71.628119,7.539406127253914
2025-09-25,41.492592,-71.628119,17.862389564864344
2025-09-26,41.492592,-71.628119,0.1449136935100712
2025-09-27,41.492592,-71.628119,0.005112674278458363
2025-09-28,41.492592,-71.628119,20.22538630043895
2025-09-29,41.492592,-71.628119,0.3356923862180188
2025-09-30,41.492592,-71.628119,1.4946550922582549
