date,lat,lon,pr_mm_per_day
2010-01-01,41.909466,-71.913863,1.9127155291822193
2010-01-02,41.909466,-71.913863,0.40991621626737473
2010-01-03,41.909466,-71.913863,0.28550535256736126
2010-01-04,41.909466,-71.913863,0.5708074957242331
2010-01-05,41.909466,-71.913863,0.0
2010-01-06,41.909466,-71.913863,0.0
2010-01-07,41.909466,-71.913863,0.18250505127005803
2010-01-08,41.909466,-71.913863,0.27960369394369855
2010-01-09,41.909466,-71.913863,0.0
2010-01-10,41.909466,-71.913863,0.0
2010-01-11,41.909466,-71.913863,0.5505994939353087
2010-01-12,41.909466,-71.913863,1.0197165347907018
2010-01-13,41.909466,-71.913863,1.3809573959203327
2010-01-14,41.909466,-71.913863,0.0
2010-01-15,41.909466,-71.913863,0.10302008674145538
2010-01-16,41.909466,-71.913863,0.0
2010-01-17,41.909466,-71.913863,15.612399260538426
2010-01-18,41.909466,-71.913863,6.794438849246501
2010-01-19,41.909466,-71.913863,0.7243061561937572
2010-01-20,41.909466,-71.913863,0.05558456524110818
2010-01-21,41.909466,-71.913863,0.0
2010-01-22,41.909466,-71.913863,0.86807990102144
2010-01-23,41.909466,-71.913863,0.0
2010-01-24,41.909466,-71.913863,0.011758484960620782
2010-01-25,41.909466,-71.913863,41.146513978716634
2010-01-26,41.909466,-71.913863,2.78476834399409
2010-01-27,41.909466,-71.913863,0.0
2010-01-28,41.909466,-71.913863,0.010985067899447972
2010-01-29,41.909466,-71.913863,0.0
2010-01-30,41.909466,-71.913863,0.5165518542304401
2010-01-31,41.909466,-71.913863,3.074018986682962
2010-02-01,41.909466,-71.913863,0.04897250112415023
2010-02-02,41.909466,-71.913863,0.0631507463871429
2010-02-03,41.909466,-71.913863,0.05778220394010612
2010-02-04,41.909466,-71.913863,0.27719701757607074
2010-02-05,41.909466,-71.913863,0.20079244994537457
2010-02-06,41.909466,-71.913863,0.5308169714302141
2010-02-07,41.909466,-71.913863,0.0
2010-02-08,41.909466,-71.913863,0.0
2010-02-09,41.909466,-71.913863,0.025605972005978278
2010-02-10,41.909466,-71.913863,1.3761255058115887
2010-02-11,41.909466,-71.913863,1.255116188308588
2010-02-12,41.909466,-71.913863,0.0
2010-02-13,41.909466,-71.913863,0.0520381239507309
2010-02-14,41.909466,-71.913863,2.4412651538443626
2010-02-15,41.909466,-71.913863,0.01783979960124842
2010-02-16,41.909466,-71.913863,0.02494604676224137
2010-02-17,41.909466,-71.913863,0.011080099752340955
2010-02-18,41.909466,-71.913863,0.0025887241349099536
2010-02-19,41.909466,-71.913863,0.02042017448520682
2010-02-20,41.909466,-71.913863,0.0
2010-02-21,41.909466,-71.913863,0.0
2010-02-22,41.909466,-71.913863,0.0
2010-02-23,41.909466,-71.913863,0.3135631108976984
2010-02-24,41.909466,-71.913863,11.371026909474697
2010-02-25,41.909466,-71.913863,20.429989900859518
2010-02-26,41.909466,-71.913863,31.516266917107988
2010-02-27,41.909466,-71.913863,0.0
2010-02-28,41.909466,-71.913863,0.009375673866476066
2010-03-01,41.909466,-71.913863,0.2630929299132352
2010-03-02,41.909466,-71.913863,0.01915964968848186
2010-03-03,41.909466,-71.913863,2.2100935397049257
2010-03-04,41.909466,-71.913863,0.02080353557102192
2010-03-05,41.909466,-71.913863,0.26549802079021456
2010-03-06,41.909466,-71.913863,0.0
2010-03-07,41.909466,-71.913863,0.0
2010-03-08,41.909466,-71.913863,0.0
2010-03-09,41.909466,-71.913863,0.0
2010-03-10,41.909466,-71.913863,0.0
2010-03-11,41.909466,-71.913863,0.21671119543532708
2010-03-12,41.909466,-71.913863,0.0
2010-03-13,41.909466,-71.913863,24.320107149057925
2010-03-14,41.909466,-71.913863,35.95277570673611
2010-03-15,41.909466,-71.913863,8.184258668424226
2010-03-16,41.909466,-71.913863,0.005371935064460164
2010-03-17,41.909466,-71.913863,0.0
2010-03-18,41.909466,-71.913863,0.0
2010-03-19,41.909466,-71.913863,0.0
2010-03-20,41.909466,-71.913863,0.0
2010-03-21,41.909466,-71.913863,0.0
2010-03-22,41.909466,-71.913863,4.660699833341261
2010-03-23,41.909466,-71.913863,74.14300982868289
2010-03-24,41.909466,-71.913863,6.57657595164168
2010-03-25,41.909466,-71.913863,0.0
2010-03-26,41.909466,-71.913863,12.834269084644461
2010-03-27,41.909466,-71.913863,0.0
2010-03-28,41.909466,-71.913863,0.0
2010-03-29,41.909466,-71.913863,106.27781847619018
2010-03-30,41.909466,-71.913863,86.73111957149254
2010-03-31,41.909466,-71.913863,4.909995860752462
2010-04-01,41.909466,-71.913863,0.0
2010-04-02,41.909466,-71.913863,0.0
2010-04-03,41.909466,-71.913863,0.0
2010-04-04,41.909466,-71.913863,0.008055716896102585
2010-04-05,41.909466,-71.913863,0.003271400714650804
2010-04-06,41.909466,-71.913863,3.8579433699992585
2010-04-07,41.909466,-71.913863,0.0
2010-04-08,41.909466,-71.913863,0.0
2010-04-09,41.909466,-71.913863,12.001340464815309
2010-04-10,41.909466,-71.913863,0.055770463486339746
2010-04-11,41.909466,-71.913863,0.0597713357765193
2010-04-12,41.909466,-71.913863,0.0
2010-04-13,41.909466,-71.913863,2.2052749161916183
2010-04-14,41.909466,-71.913863,0.0
2010-04-15,41.909466,-71.913863,0.0
2010-04-16,41.909466,-71.913863,1.6936156447936062
2010-04-17,41.909466,-71.913863,11.004045920666368
2010-04-18,41.909466,-71.913863,0.0
2010-04-19,41.909466,-71.913863,0.0
2010-04-20,41.909466,-71.913863,0.01031216273148584
2010-04-21,41.909466,-71.913863,0.0
2010-04-22,41.909466,-71.913863,1.712477851825749
2010-04-23,41.909466,-71.913863,0.0
2010-04-24,41.909466,-71.913863,0.007568948726194897
2010-04-25,41.909466,-71.913863,8.929860079976175
2010-04-26,41.909466,-71.913863,2.432268213317751
2010-04-27,41.909466,-71.913863,8.108592730998955
2010-04-28,41.909466,-71.913863,0.005092187828705642
2010-04-29,41.909466,-71.913863,0.0
2010-04-30,41.909466,-71.913863,0.019340074709468632
2010-05-01,41.909466,-71.913863,0.0
2010-05-02,41.909466,-71.913863,0.3986284916158497
2010-05-03,41.909466,-71.913863,19.61710971195381
2010-05-04,41.909466,-71.913863,0.8429468090887772
2010-05-05,41.909466,-71.913863,0.0
2010-05-06,41.909466,-71.913863,1.725252430965195
2010-05-07,41.909466,-71.913863,0.0
2010-05-08,41.909466,-71.913863,16.612849573451797
2010-05-09,41.909466,-71.913863,0.0010743870529160702
2010-05-10,41.909466,-71.913863,0.0
2010-05-11,41.909466,-71.913863,1.6375513107808182
2010-05-12,41.909466,-71.913863,1.6068874859792162
2010-05-13,41.909466,-71.913863,0.0
2010-05-14,41.909466,-71.913863,6.010629135086762
2010-05-15,41.909466,-71.913863,0.0
2010-05-16,41.909466,-71.913863,0.0
2010-05-17,41.909466,-71.913863,0.037212936726064
2010-05-18,41.909466,-71.913863,18.20206686637835
2010-05-19,41.909466,-71.913863,7.091496909540579
2010-05-20,41.909466,-71.913863,0.0
2010-05-21,41.909466,-71.913863,0.0
2010-05-22,41.909466,-71.913863,0.0335342148857391
2010-05-23,41.909466,-71.913863,0.8615497249170636
2010-05-24,41.909466,-71.913863,0.0
2010-05-25,41.909466,-71.913863,0.0
2010-05-26,41.909466,-71.913863,0.0
2010-05-27,41.909466,-71.913863,1.8098344459056133
2010-05-28,41.909466,-71.913863,0.0
2010-05-29,41.909466,-71.913863,0.49791866396689133
2010-05-30,41.909466,-71.913863,0.1677498302578309
2010-05-31,41.909466,-71.913863,0.0
2010-06-01,41.909466,-71.913863,19.101792558520742
2010-06-02,41.909466,-71.913863,0.0
2010-06-03,41.909466,-71.913863,4.7599833406088905
2010-06-04,41.909466,-71.913863,0.6151756028987824
2010-06-05,41.909466,-71.913863,5.674544647311674
2010-06-06,41.909466,-71.913863,4.184242695250987
2010-06-07,41.909466,-71.913863,0.0
2010-06-08,41.909466,-71.913863,0.04943257163364295
2010-06-09,41.909466,-71.913863,16.66727639597809
2010-06-10,41.909466,-71.913863,3.179130245075217
2010-06-11,41.909466,-71.913863,0.0012943620674549768
2010-06-12,41.909466,-71.913863,1.1957514381995364
2010-06-13,41.909466,-71.913863,10.045993734373344
2010-06-14,41.909466,-71.913863,0.0
2010-06-15,41.909466,-71.913863,0.0021487741058321404
2010-06-16,41.909466,-71.913863,0.345274246582129
2010-06-17,41.909466,-71.913863,0.3769776722067658
2010-06-18,41.909466,-71.913863,0.0
2010-06-19,41.909466,-71.913863,0.0
2010-06-20,41.909466,-71.913863,3.5827094079976267
2010-06-21,41.909466,-71.913863,0.0
2010-06-22,41.909466,-71.913863,1.5619609060491526
2010-06-23,41.909466,-71.913863,6.2616929797297445
2010-06-24,41.909466,-71.913863,1.6222508411391425
2010-06-25,41.909466,-71.913863,0.004053399909399776
2010-06-26,41.909466,-71.913863,0.7347468767969179
2010-06-27,41.909466,-71.913863,0.4539724861385786
2010-06-28,41.909466,-71.913863,1.4445626189889036
2010-06-29,41.909466,-71.913863,2.73722162112605
2010-06-30,41.909466,-71.913863,0.0
2010-07-01,41.909466,-71.913863,0.0
2010-07-02,41.909466,-71.913863,0.0
2010-07-03,41.909466,-71.913863,0.0
2010-07-04,41.909466,-71.913863,0.5188224532731935
2010-07-05,41.909466,-71.913863,0.0
2010-07-06,41.909466,-71.913863,0.005858703097959289
2010-07-07,41.909466,-71.913863,0.007766172404729861
2010-07-08,41.909466,-71.913863,0.0
2010-07-09,41.909466,-71.913863,0.0
2010-07-10,41.909466,-71.913863,9.39966658785634
2010-07-11,41.909466,-71.913863,0.049617287067017755
2010-07-12,41.909466,-71.913863,0.07718998516256309
2010-07-13,41.909466,-71.913863,9.551877715299597
2010-07-14,41.909466,-71.913863,10.036793111081424
2010-07-15,41.909466,-71.913863,0.0
2010-07-16,41.909466,-71.913863,0.0
2010-07-17,41.909466,-71.913863,0.720230312639468
2010-07-18,41.909466,-71.913863,0.0070209869199988765
2010-07-19,41.909466,-71.913863,5.050324424342629
2010-07-20,41.909466,-71.913863,0.7658471930604271
2010-07-21,41.909466,-71.913863,7.427337285929533
2010-07-22,41.909466,-71.913863,0.7908596053861809
2010-07-23,41.909466,-71.913863,17.853785224917072
2010-07-24,41.909466,-71.913863,17.99538394746813
2010-07-25,41.909466,-71.913863,2.832475264437504
2010-07-26,41.909466,-71.913863,0.0
2010-07-27,41.909466,-71.913863,0.0
2010-07-28,41.909466,-71.913863,0.0
2010-07-29,41.909466,-71.913863,4.441504586833684
2010-07-30,41.909466,-71.913863,0.0
2010-07-31,41.909466,-71.913863,0.0
2010-08-01,41.909466,-71.913863,0.0
2010-08-02,41.909466,-71.913863,0.0
2010-08-03,41.909466,-71.913863,0.14567816274956114
2010-08-04,41.909466,-71.913863,0.0
2010-08-05,41.909466,-71.913863,10.289521642467884
2010-08-06,41.909466,-71.913863,0.0
2010-08-07,41.909466,-71.913863,0.0
2010-08-08,41.909466,-71.913863,0.0
2010-08-09,41.909466,-71.913863,0.4585036074010378
2010-08-10,41.909466,-71.913863,7.784759981811554
2010-08-11,41.909466,-71.913863,0.0
2010-08-12,41.909466,-71.913863,2.051472783127358
2010-08-13,41.909466,-71.913863,1.3541844022273497
2010-08-14,41.909466,-71.913863,0.0
2010-08-15,41.909466,-71.913863,1.0485990477324818
2010-08-16,41.909466,-71.913863,0.7619391322932034
2010-08-17,41.909466,-71.913863,4.6918597153381265
2010-08-18,41.909466,-71.913863,7.747448572839696
2010-08-19,41.909466,-71.913863,0.4436980424173046
2010-08-20,41.909466,-71.913863,0.2691438708125096
2010-08-21,41.909466,-71.913863,3.8546636670741536
2010-08-22,41.909466,-71.913863,38.811766927488456
2010-08-23,41.909466,-71.913863,6.453269353606748
2010-08-24,41.909466,-71.913863,0.0
2010-08-25,41.909466,-71.913863,5.888442021148889
2010-08-26,41.909466,-71.913863,0.5783256929408915
2010-08-27,41.909466,-71.913863,0.0
2010-08-28,41.909466,-71.913863,0.0
2010-08-29,41.909466,-71.913863,0.0
2010-08-30,41.909466,-71.913863,0.0
2010-08-31,41.909466,-71.913863,0.0
2010-09-01,41.909466,-71.913863,0.0
2010-09-02,41.909466,-71.913863,0.0
2010-09-03,41.909466,-71.913863,12.87865040465381
2010-09-04,41.909466,-71.913863,14.668040950122816
2010-09-05,41.909466,-71.913863,0.0
2010-09-06,41.909466,-71.913863,0.0
2010-09-07,41.909466,-71.913863,0.14706585103654007
2010-09-08,41.909466,-71.913863,5.335547996037597
2010-09-09,41.909466,-71.913863,0.0
2010-09-10,41.909466,-71.913863,0.0
2010-09-11,41.909466,-71.913863,0.0
2010-09-12,41.909466,-71.913863,2.0089730100692704
2010-09-13,41.909466,-71.913863,0.013542250682183947
2010-09-14,41.909466,-71.913863,0.0
2010-09-15,41.909466,-71.913863,0.0
2010-09-16,41.909466,-71.913863,2.4461153041033277
2010-09-17,41.909466,-71.913863,11.838708057597607
2010-09-18,41.909466,-71.913863,0.0
2010-09-19,41.909466,-71.913863,0.0
2010-09-20,41.909466,-71.913863,0.0
2010-09-21,41.909466,-71.913863,0.0
2010-09-22,41.909466,-71.913863,0.0
2010-09-23,41.909466,-71.913863,1.2327911077021327
2010-09-24,41.909466,-71.913863,0.21470327669353065
2010-09-25,41.909466,-71.913863,0.0
2010-09-26,41.909466,-71.913863,0.38033438832079536
2010-09-27,41.909466,-71.913863,0.5482682620713794
2010-09-28,41.909466,-71.913863,15.441408262517221
2010-09-29,41.909466,-71.913863,0.005640149835021851
2010-09-30,41.909466,-71.913863,1.446901019467578
2010-10-01,41.909466,-71.913863,11.52253381524121
2010-10-02,41.909466,-71.913863,6.642589098620369
2010-10-03,41.909466,-71.913863,0.7869345961391725
2010-10-04,41.909466,-71.913863,12.332536820023943
2010-10-05,41.909466,-71.913863,0.0
2010-10-06,41.909466,-71.913863,38.44510830720955
2010-10-07,41.909466,-71.913863,0.0
2010-10-08,41.909466,-71.913863,0.0
2010-10-09,41.909466,-71.913863,0.0
2010-10-10,41.909466,-71.913863,0.0
2010-10-11,41.909466,-71.913863,0.009060534713278567
2010-10-12,41.909466,-71.913863,2.279440219083859
2010-10-13,41.909466,-71.913863,0.0
2010-10-14,41.909466,-71.913863,0.21495106933498725
2010-10-15,41.909466,-71.913863,29.08994458539039
2010-10-16,41.909466,-71.913863,0.042975480515681314
2010-10-17,41.909466,-71.913863,0.0043940273234694665
2010-10-18,41.909466,-71.913863,0.0054201748204829436
2010-10-19,41.909466,-71.913863,0.02326449786635092
2010-10-20,41.909466,-71.913863,0.6687493541325791
2010-10-21,41.909466,-71.913863,3.203877592403142
2010-10-22,41.909466,-71.913863,0.0
2010-10-23,41.909466,-71.913863,0.0
2010-10-24,41.909466,-71.913863,3.645210409298932
2010-10-25,41.909466,-71.913863,6.383594352850167
2010-10-26,41.909466,-71.913863,2.433141822033697
2010-10-27,41.909466,-71.913863,15.2405416055406
2010-10-28,41.909466,-71.913863,0.0
2010-10-29,41.909466,-71.913863,0.0
2010-10-30,41.909466,-71.913863,0.3217215448785173
2010-10-31,41.909466,-71.913863,0.020371934729184037
2010-11-01,41.909466,-71.913863,0.0
2010-11-02,41.909466,-71.913863,0.0
2010-11-03,41.909466,-71.913863,0.0
2010-11-04,41.909466,-71.913863,22.266648076935414
2010-11-05,41.909466,-71.913863,25.22375211781291
2010-11-06,41.909466,-71.913863,2.312505168086506
2010-11-07,41.909466,-71.913863,1.4808687746824427
2010-11-08,41.909466,-71.913863,17.78036107004672
2010-11-09,41.909466,-71.913863,0.0
2010-11-10,41.909466,-71.913863,3.6103446475208267
2010-11-11,41.909466,-71.913863,0.0018989128806253329
2010-11-12,41.909466,-71.913863,0.0
2010-11-13,41.909466,-71.913863,0.0
2010-11-14,41.909466,-71.913863,0.0
2010-11-15,41.909466,-71.913863,0.005946599867082806
2010-11-16,41.909466,-71.913863,2.5218475257419057
2010-11-17,41.909466,-71.913863,25.611096982914496
2010-11-18,41.909466,-71.913863,0.0
2010-11-19,41.909466,-71.913863,0.021584219769886216
2010-11-20,41.909466,-71.913863,0.03919646153666463
2010-11-21,41.909466,-71.913863,0.0
2010-11-22,41.909466,-71.913863,0.443463232251978
2010-11-23,41.909466,-71.913863,1.6102255550835123
2010-11-24,41.909466,-71.913863,0.0
2010-11-25,41.909466,-71.913863,0.0
2010-11-26,41.909466,-71.913863,8.442893300020964
2010-11-27,41.909466,-71.913863,0.3350424645262208
2010-11-28,41.909466,-71.913863,0.0
2010-11-29,41.909466,-71.913863,0.0
2010-11-30,41.909466,-71.913863,1.1370917863651226
2010-12-01,41.909466,-71.913863,33.32523602314533
2010-12-02,41.909466,-71.913863,0.2840030037818648
2010-12-03,41.909466,-71.913863,0.4754513145715465
2010-12-04,41.909466,-71.913863,0.016747293504534213
2010-12-05,41.909466,-71.913863,0.0
2010-12-06,41.909466,-71.913863,0.0
2010-12-07,41.909466,-71.913863,0.0
2010-12-08,41.909466,-71.913863,0.0
2010-12-09,41.909466,-71.913863,0.0
2010-12-10,41.909466,-71.913863,0.0021970136617347332
2010-12-11,41.909466,-71.913863,0.9586127924815977
2010-12-12,41.909466,-71.913863,27.412594364847514
2010-12-13,41.909466,-71.913863,45.863342992284295
2010-12-14,41.909466,-71.913863,0.0
2010-12-15,41.909466,-71.913863,0.0
2010-12-16,41.909466,-71.913863,0.0
2010-12-17,41.909466,-71.913863,0.0
2010-12-18,41.909466,-71.913863,0.0
2010-12-19,41.909466,-71.913863,0.0029293515489796445
2010-12-20,41.909466,-71.913863,0.4810574386728517
2010-12-21,41.909466,-71.913863,1.6008397377211283
2010-12-22,41.909466,-71.913863,0.0
2010-12-23,41.909466,-71.913863,1.4711667179603842
2010-12-24,41.909466,-71.913863,0.0
2010-12-25,41.909466,-71.913863,0.049525871030112446
2010-12-26,41.909466,-71.913863,1.9707965321785077
2010-12-27,41.909466,-71.913863,0.044999998062849045
2010-12-28,41.909466,-71.913863,0.0
2010-12-29,41.909466,-71.913863,0.03864344272846788
2010-12-30,41.909466,-71.913863,0.0
2010-12-31,41.909466,-71.913863,1.1600417959322944
2011-01-01,41.909466,-71.913863,2.4628634838285386
2011-01-02,41.909466,-71.913863,5.014750502490775
2011-01-03,41.909466,-71.913863,3.7473086633688597
2011-01-04,41.909466,-71.913863,0.0
2011-01-05,41.909466,-71.913863,0.0
2011-01-06,41.909466,-71.913863,0.0
2011-01-07,41.909466,-71.913863,0.06705877807324326
2011-01-08,41.909466,-71.913863,0.10214548654611
2011-01-09,41.909466,-71.913863,1.7276053133677178
2011-01-10,41.909466,-71.913863,0.0
2011-01-11,41.909466,-71.913863,0.19391087909267682
2011-01-12,41.909466,-71.913863,19.907363626234037
2011-01-13,41.909466,-71.913863,0.9771909184013866
2011-01-14,41.909466,-71.913863,2.0553687332661275
2011-01-15,41.909466,-71.913863,2.6457314928158544
2011-01-16,41.909466,-71.913863,0.9175456394453533
2011-01-17,41.909466,-71.913863,0.0761875650886421
2011-01-18,41.909466,-71.913863,22.490037796032823
2011-01-19,41.909466,-71.913863,1.432815378536864
2011-01-20,41.909466,-71.913863,1.1626755257552428
2011-01-21,41.909466,-71.913863,8.596612829880378
2011-01-22,41.909466,-71.913863,0.0928847324802784
2011-01-23,41.909466,-71.913863,0.06036136865172824
2011-01-24,41.909466,-71.913863,0.0
2011-01-25,41.909466,-71.913863,1.5188403480807877
2011-01-26,41.909466,-71.913863,3.861579443067639
2011-01-27,41.909466,-71.913863,15.738481779685381
2011-01-28,41.909466,-71.913863,1.741337916198619
2011-01-29,41.909466,-71.913863,0.9293661458499902
2011-01-30,41.909466,-71.913863,0.0
2011-01-31,41.909466,-71.913863,0.0
2011-02-01,41.909466,-71.913863,7.271316166012149
2011-02-02,41.909466,-71.913863,18.751098710140102
2011-02-03,41.909466,-71.913863,0.3239175587673495
2011-02-04,41.909466,-71.913863,0.0
2011-02-05,41.909466,-71.913863,1.787201671886502
2011-02-06,41.909466,-71.913863,0.05858702879705585
2011-02-07,41.909466,-71.913863,0.08821240783699616
2011-02-08,41.909466,-71.913863,9.145875593223995
2011-02-09,41.909466,-71.913863,0.0
2011-02-10,41.909466,-71.913863,0.27810493199655456
2011-02-11,41.909466,-71.913863,0.0
2011-02-12,41.909466,-71.913863,0.18230858697258726
2011-02-13,41.909466,-71.913863,0.0
2011-02-14,41.909466,-71.913863,0.6106255703337846
2011-02-15,41.909466,-71.913863,0.004053399909399776
2011-02-16,41.909466,-71.913863,0.031157677190610387
2011-02-17,41.909466,-71.913863,0.0
2011-02-18,41.909466,-71.913863,0.6346309912495959
2011-02-19,41.909466,-71.913863,0.02848369214827971
2011-02-20,41.909466,-71.913863,0.0
2011-02-21,41.909466,-71.913863,0.15400207840777466
2011-02-22,41.909466,-71.913863,0.019875288937415095
2011-02-23,41.909466,-71.913863,0.0
2011-02-24,41.909466,-71.913863,0.0
2011-02-25,41.909466,-71.913863,47.042688756808076
2011-02-26,41.909466,-71.913863,0.4305127663893913
2011-02-27,41.909466,-71.913863,1.791301046521033
2011-02-28,41.909466,-71.913863,36.76333967851889
2011-03-01,41.909466,-71.913863,1.9790144345805307
2011-03-02,41.909466,-71.913863,0.01858938327686884
2011-03-03,41.909466,-71.913863,0.0
2011-03-04,41.909466,-71.913863,0.0038830862023649304
2011-03-05,41.909466,-71.913863,1.1831500597086828
2011-03-06,41.909466,-71.913863,8.465234683239045
2011-03-07,41.909466,-71.913863,34.06224775496875
2011-03-08,41.909466,-71.913863,0.0
2011-03-09,41.909466,-71.913863,0.0
2011-03-10,41.909466,-71.913863,2.553016751339756
2011-03-11,41.909466,-71.913863,19.92410315452599
2011-03-12,41.909466,-71.913863,0.0
2011-03-13,41.909466,-71.913863,0.0
2011-03-14,41.909466,-71.913863,0.0
2011-03-15,41.909466,-71.913863,0.0021487741058321404
2011-03-16,41.909466,-71.913863,14.262030047931372
2011-03-17,41.909466,-71.913863,0.0
2011-03-18,41.909466,-71.913863,2.162631226077755
2011-03-19,41.909466,-71.913863,0.34094632110600454
2011-03-20,41.909466,-71.913863,0.0
2011-03-21,41.909466,-71.913863,2.7611413394031104
2011-03-22,41.909466,-71.913863,0.0
2011-03-23,41.909466,-71.913863,9.936595780565675
2011-03-24,41.909466,-71.913863,1.6322642746604683
2011-03-25,41.909466,-71.913863,0.0
2011-03-26,41.909466,-71.913863,0.0
2011-03-27,41.909466,-71.913863,0.005126365347122942
2011-03-28,41.909466,-71.913863,0.0
2011-03-29,41.909466,-71.913863,0.0
2011-03-30,41.909466,-71.913863,0.0
2011-03-31,41.909466,-71.913863,10.592428769428693
2011-04-01,41.909466,-71.913863,4.371030550016602
2011-04-02,41.909466,-71.913863,2.0383477151692206
2011-04-03,41.909466,-71.913863,0.0
2011-04-04,41.909466,-71.913863,10.298622454632529
2011-04-05,41.909466,-71.913863,1.1876000894300252
2011-04-06,41.909466,-71.913863,0.0
2011-04-07,41.909466,-71.913863,0.2348558077219589
2011-04-08,41.909466,-71.913863,0.5060990177253807
2011-04-09,41.909466,-71.913863,0.014870998118926698
2011-04-10,41.909466,-71.913863,2.801977694325473
2011-04-11,41.909466,-71.913863,0.00949456404942657
2011-04-12,41.909466,-71.913863,14.954082543716913
2011-04-13,41.909466,-71.913863,44.21608315249387
2011-04-14,41.909466,-71.913863,0.006886272346574235
2011-04-15,41.909466,-71.913863,0.0
2011-04-16,41.909466,-71.913863,4.853579326749274
2011-04-17,41.909466,-71.913863,31.957504724524433
2011-04-18,41.909466,-71.913863,0.019719144159990903
2011-04-19,41.909466,-71.913863,6.42785234686093
2011-04-20,41.909466,-71.913863,1.2504649385823423
2011-04-21,41.909466,-71.913863,0.0
2011-04-22,41.909466,-71.913863,0.008570923135602964
2011-04-23,41.909466,-71.913863,17.928221750043082
2011-04-24,41.909466,-71.913863,1.2064608779000925
2011-04-25,41.909466,-71.913863,6.233454841171298
2011-04-26,41.909466,-71.913863,0.0
2011-04-27,41.909466,-71.913863,0.0
2011-04-28,41.909466,-71.913863,1.8989789394367262
2011-04-29,41.909466,-71.913863,0.2893263253598043
2011-04-30,41.909466,-71.913863,0.0
2011-05-01,41.909466,-71.913863,0.0
2011-05-02,41.909466,-71.913863,0.0
2011-05-03,41.909466,-71.913863,0.23170343016265432
2011-05-04,41.909466,-71.913863,5.535276502643957
2011-05-05,41.909466,-71.913863,0.9415752223114324
2011-05-06,41.909466,-71.913863,0.2604286457626405
2011-05-07,41.909466,-71.913863,0.3681475500853283
2011-05-08,41.909466,-71.913863,0.10697997436286924
2011-05-09,41.909466,-71.913863,0.16768541863318082
2011-05-10,41.909466,-71.913863,0.0
2011-05-11,41.909466,-71.913863,0.0
2011-05-12,41.909466,-71.913863,0.0
2011-05-13,41.909466,-71.913863,0.29477506139030013
2011-05-14,41.909466,-71.913863,0.0
2011-05-15,41.909466,-71.913863,20.06405348763337
2011-05-16,41.909466,-71.913863,3.3488233991127037
2011-05-17,41.909466,-71.913863,2.9231237317743766
2011-05-18,41.909466,-71.913863,19.949321244346457
2011-05-19,41.909466,-71.913863,5.100491868864798
2011-05-20,41.909466,-71.913863,5.630708637874508
2011-05-21,41.909466,-71.913863,0.2693222779048971
2011-05-22,41.909466,-71.913863,0.3162238669199069
2011-05-23,41.909466,-71.913863,1.7768235757488329
2011-05-24,41.909466,-71.913863,6.635637227422791
2011-05-25,41.909466,-71.913863,0.3755875545009214
2011-05-26,41.909466,-71.913863,0.0
2011-05-27,41.909466,-71.913863,0.2919801643309493
2011-05-28,41.909466,-71.913863,0.0
2011-05-29,41.909466,-71.913863,1.6225183732058839
2011-05-30,41.909466,-71.913863,25.406952393868117
2011-05-31,41.909466,-71.913863,0.0
2011-06-01,41.909466,-71.913863,3.9751604553675532
2011-06-02,41.909466,-71.913863,4.9580533753229155
2011-06-03,41.909466,-71.913863,0.0
2011-06-04,41.909466,-71.913863,0.04449259670494239
2011-06-05,41.909466,-71.913863,0.0
2011-06-06,41.909466,-71.913863,0.07020259233040015
2011-06-07,41.909466,-71.913863,0.0
2011-06-08,41.909466,-71.913863,0.0036616892998159907
2011-06-09,41.909466,-71.913863,38.64101163148553
2011-06-10,41.909466,-71.913863,2.836806865772001
2011-06-11,41.909466,-71.913863,7.162382396553599
2011-06-12,41.909466,-71.913863,23.792669925281793
2011-06-13,41.909466,-71.913863,0.30131069826491
2011-06-14,41.909466,-71.913863,0.010085259976503119
2011-06-15,41.909466,-71.913863,0.18017058558141763
2011-06-16,41.909466,-71.913863,0.0
2011-06-17,41.909466,-71.913863,12.618179769615233
2011-06-18,41.909466,-71.913863,4.238391182841843
2011-06-19,41.909466,-71.913863,0.04567884920792863
2011-06-20,41.909466,-71.913863,0.29427281057173965
2011-06-21,41.909466,-71.913863,0.0
2011-06-22,41.909466,-71.913863,5.03599538199177
2011-06-23,41.909466,-71.913863,22.040292276820512
2011-06-24,41.909466,-71.913863,1.6193713243815475
2011-06-25,41.909466,-71.913863,0.5403447685219152
2011-06-26,41.909466,-71.913863,2.0217384735759305
2011-06-27,41.909466,-71.913863,0.08739744583396841
2011-06-28,41.909466,-71.913863,0.0
2011-06-29,41.909466,-71.913863,3.5328411595810993
2011-06-30,41.909466,-71.913863,0.0
2011-07-01,41.909466,-71.913863,0.0
2011-07-02,41.909466,-71.913863,0.0
2011-07-03,41.909466,-71.913863,2.88087526152211
2011-07-04,41.909466,-71.913863,0.032905383585557973
2011-07-05,41.909466,-71.913863,0.0
2011-07-06,41.909466,-71.913863,0.04109173505174356
2011-07-07,41.909466,-71.913863,1.1965352134425016
2011-07-08,41.909466,-71.913863,23.839078481524716
2011-07-09,41.909466,-71.913863,17.763962716771548
2011-07-10,41.909466,-71.913863,0.0
2011-07-11,41.909466,-71.913863,0.0
2011-07-12,41.909466,-71.913863,0.15389261781489172
2011-07-13,41.909466,-71.913863,0.6155734747744959
2011-07-14,41.909466,-71.913863,0.8182260057905917
2011-07-15,41.909466,-71.913863,0.0
2011-07-16,41.909466,-71.913863,0.1801370635848735
2011-07-17,41.909466,-71.913863,0.0
2011-07-18,41.909466,-71.913863,2.503285100197808
2011-07-19,41.909466,-71.913863,0.037899464692409346
2011-07-20,41.909466,-71.913863,0.0
2011-07-21,41.909466,-71.913863,0.010743870128920328
2011-07-22,41.909466,-71.913863,0.007595651522501331
2011-07-23,41.909466,-71.913863,0.20776205239425372
2011-07-24,41.909466,-71.913863,3.450815271150046
2011-07-25,41.909466,-71.913863,8.89946408861469
2011-07-26,41.909466,-71.913863,5.2772886526083385
2011-07-27,41.909466,-71.913863,0.0
2011-07-28,41.909466,-71.913863,0.010252730694245885
2011-07-29,41.909466,-71.913863,0.16251832879973144
2011-07-30,41.909466,-71.913863,0.0
2011-07-31,41.909466,-71.913863,0.0
2011-08-01,41.909466,-71.913863,2.628717380199214
2011-08-02,41.909466,-71.913863,0.12627067823425855
2011-08-03,41.909466,-71.913863,1.28253950736286
2011-08-04,41.909466,-71.913863,2.014017138900156
2011-08-05,41.909466,-71.913863,0.0
2011-08-06,41.909466,-71.913863,2.0656444618085597
2011-08-07,41.909466,-71.913863,14.863514906877159
2011-08-08,41.909466,-71.913863,1.5180255006917
2011-08-09,41.909466,-71.913863,10.338133497543756
2011-08-10,41.909466,-71.913863,6.630564374824174
2011-08-11,41.909466,-71.913863,0.0
2011-08-12,41.909466,-71.913863,0.0
2011-08-13,41.909466,-71.913863,2.829626756927707
2011-08-14,41.909466,-71.913863,27.486517007473537
2011-08-15,41.909466,-71.913863,56.026945450745345
2011-08-16,41.909466,-71.913863,0.05489022422313543
2011-08-17,41.909466,-71.913863,0.0
2011-08-18,41.909466,-71.913863,0.30107774677582777
2011-08-19,41.909466,-71.913863,0.0975336310114939
2011-08-20,41.909466,-71.913863,1.4414904943389348
2011-08-21,41.909466,-71.913863,10.52621130581878
2011-08-22,41.909466,-71.913863,13.678397728105354
2011-08-23,41.909466,-71.913863,0.13443673545469548
2011-08-24,41.909466,-71.913863,0.0
2011-08-25,41.909466,-71.913863,2.6514875514055287
2011-08-26,41.909466,-71.913863,0.5554646469352925
2011-08-27,41.909466,-71.913863,20.491425400835325
2011-08-28,41.909466,-71.913863,59.93750774601746
2011-08-29,41.909466,-71.913863,0.0
2011-08-30,41.909466,-71.913863,0.0
2011-08-31,41.909466,-71.913863,0.0
2011-09-01,41.909466,-71.913863,0.287812468214218
2011-09-02,41.909466,-71.913863,0.0
2011-09-03,41.909466,-71.913863,0.0
2011-09-04,41.909466,-71.913863,0.0
2011-09-05,41.909466,-71.913863,0.07037051227505274
2011-09-06,41.909466,-71.913863,30.028304090054277
2011-09-07,41.909466,-71.913863,15.46782691592817
2011-09-08,41.909466,-71.913863,43.25199784420915
2011-09-09,41.909466,-71.913863,0.25904895061037186
2011-09-10,41.909466,-71.913863,0.0
2011-09-11,41.909466,-71.913863,0.0
2011-09-12,41.909466,-71.913863,0.05042903794914086
2011-09-13,41.909466,-71.913863,0.0
2011-09-14,41.909466,-71.913863,0.0
2011-09-15,41.909466,-71.913863,0.7518868318565931
2011-09-16,41.909466,-71.913863,0.2121045846983897
2011-09-17,41.909466,-71.913863,0.12076955378886339
2011-09-18,41.909466,-71.913863,0.0
2011-09-19,41.909466,-71.913863,0.0
2011-09-20,41.909466,-71.913863,1.2909829951238931
2011-09-21,41.909466,-71.913863,0.0
2011-09-22,41.909466,-71.913863,0.3376630157173192
2011-09-23,41.909466,-71.913863,25.79949873067059
2011-09-24,41.909466,-71.913863,38.73061457383008
2011-09-25,41.909466,-71.913863,7.161459609377931
2011-09-26,41.909466,-71.913863,0.6047825824915745
2011-09-27,41.909466,-71.913863,0.0
2011-09-28,41.909466,-71.913863,0.011568396156749778
2011-09-29,41.909466,-71.913863,9.371406109507133
2011-09-30,41.909466,-71.913863,0.014381386613948038
2011-10-01,41.909466,-71.913863,5.108135230619945
2011-10-02,41.909466,-71.913863,0.0
2011-10-03,41.909466,-71.913863,1.2420232243759024
2011-10-04,41.909466,-71.913863,9.339573711202634
2011-10-05,41.909466,-71.913863,0.1956865972512127
2011-10-06,41.909466,-71.913863,0.0
2011-10-07,41.909466,-71.913863,0.0
2011-10-08,41.909466,-71.913863,0.0
2011-10-09,41.909466,-71.913863,0.0
2011-10-10,41.909466,-71.913863,0.0
2011-10-11,41.909466,-71.913863,0.007595651522501331
2011-10-12,41.909466,-71.913863,7.350524539706177
2011-10-13,41.909466,-71.913863,24.360864381552254
2011-10-14,41.909466,-71.913863,26.248331464376065
2011-10-15,41.909466,-71.913863,1.5473123234550952
2011-10-16,41.909466,-71.913863,0.34395340874621366
2011-10-17,41.909466,-71.913863,2.3603442093623053
2011-10-18,41.909466,-71.913863,0.0014646757744898222
2011-10-19,41.909466,-71.913863,34.0020475427132
2011-10-20,41.909466,-71.913863,12.803997683799004
2011-10-21,41.909466,-71.913863,0.0
2011-10-22,41.909466,-71.913863,0.0
2011-10-23,41.909466,-71.913863,0.0
2011-10-24,41.909466,-71.913863,0.07821394970661645
2011-10-25,41.909466,-71.913863,0.0
2011-10-26,41.909466,-71.913863,0.36529899802437316
2011-10-27,41.909466,-71.913863,13.091041713809505
2011-10-28,41.909466,-71.913863,0.06430943950898567
2011-10-29,41.909466,-71.913863,21.995767260842182
2011-10-30,41.909466,-71.913863,1.5619037617285554
2011-10-31,41.909466,-71.913863,0.0
2011-11-01,41.909466,-71.913863,1.3035334408087067
2011-11-02,41.909466,-71.913863,0.0
2011-11-03,41.909466,-71.913863,0.0
2011-11-04,41.909466,-71.913863,0.2528499539306508
2011-11-05,41.909466,-71.913863,0.0
2011-11-06,41.909466,-71.913863,0.0
2011-11-07,41.909466,-71.913863,0.0
2011-11-08,41.909466,-71.913863,0.0
2011-11-09,41.909466,-71.913863,0.0
2011-11-10,41.909466,-71.913863,9.038974092027638
2011-11-11,41.909466,-71.913863,0.0
2011-11-12,41.909466,-71.913863,0.0
2011-11-13,41.909466,-71.913863,1.4231973597402394
2011-11-14,41.909466,-71.913863,0.5847594915867815
2011-11-15,41.909466,-71.913863,2.830744488092096
2011-11-16,41.909466,-71.913863,14.120504055834797
2011-11-17,41.909466,-71.913863,12.298475479913806
2011-11-18,41.909466,-71.913863,0.3076859217553793
2011-11-19,41.909466,-71.913863,0.2948568750022342
2011-11-20,41.909466,-71.913863,0.004487637015535287
2011-11-21,41.909466,-71.913863,4.095994840188804
2011-11-22,41.909466,-71.913863,0.0
2011-11-23,41.909466,-71.913863,48.13492523709214
2011-11-24,41.909466,-71.913863,0.0
2011-11-25,41.909466,-71.913863,0.0
2011-11-26,41.909466,-71.913863,0.0
2011-11-27,41.909466,-71.913863,0.9319215800009573
2011-11-28,41.909466,-71.913863,2.6822477019403186
2011-11-29,41.909466,-71.913863,0.29641715965843907
2011-11-30,41.909466,-71.913863,31.692169336999672
2011-12-01,41.909466,-71.913863,0.0
2011-12-02,41.909466,-71.913863,0.0
2011-12-03,41.909466,-71.913863,0.0
2011-12-04,41.909466,-71.913863,0.0
2011-12-05,41.909466,-71.913863,0.0
2011-12-06,41.909466,-71.913863,10.964698120444014
2011-12-07,41.909466,-71.913863,37.32329753356278
2011-12-08,41.909466,-71.913863,13.335852557814514
2011-12-09,41.909466,-71.913863,0.0
2011-12-10,41.909466,-71.913863,1.2200421138543174
2011-12-11,41.909466,-71.913863,0.0
2011-12-12,41.909466,-71.913863,0.6133819787490339
2011-12-13,41.909466,-71.913863,0.6759034761840602
2011-12-14,41.909466,-71.913863,0.0
2011-12-15,41.909466,-71.913863,4.81364423070504
2011-12-16,41.909466,-71.913863,0.4581909265581138
2011-12-17,41.909466,-71.913863,0.7971554791980755
2011-12-18,41.909466,-71.913863,0.0
2011-12-19,41.909466,-71.913863,0.0
2011-12-20,41.909466,-71.913863,0.9704048423048648
2011-12-21,41.909466,-71.913863,5.651245538008511
2011-12-22,41.909466,-71.913863,1.20993655890042
2011-12-23,41.909466,-71.913863,24.22254809291644
2011-12-24,41.909466,-71.913863,0.23319203364021807
2011-12-25,41.909466,-71.913863,0.0
2011-12-26,41.909466,-71.913863,0.01453729809952193
2011-12-27,41.909466,-71.913863,3.2729643749798236
2011-12-28,41.909466,-71.913863,10.892511552786596
2011-12-29,41.909466,-71.913863,0.0
2011-12-30,41.909466,-71.913863,0.07339228647911203
2011-12-31,41.909466,-71.913863,4.004070046768718
2012-01-01,41.909466,-71.913863,0.0
2012-01-02,41.909466,-71.913863,2.375670925176263
2012-01-03,41.909466,-71.913863,0.0
2012-01-04,41.909466,-71.913863,0.0
2012-01-05,41.909466,-71.913863,0.0
2012-01-06,41.909466,-71.913863,0.37204309589871076
2012-01-07,41.909466,-71.913863,0.009669483276124446
2012-01-08,41.909466,-71.913863,0.22926889099982067
2012-01-09,41.909466,-71.913863,0.0
2012-01-10,41.909466,-71.913863,0.09031524224398271
2012-01-11,41.909466,-71.913863,0.0
2012-01-12,41.909466,-71.913863,33.36028135845263
2012-01-13,41.909466,-71.913863,0.07612058525963455
2012-01-14,41.909466,-71.913863,0.0
2012-01-15,41.909466,-71.913863,0.0
2012-01-16,41.909466,-71.913863,0.0
2012-01-17,41.909466,-71.913863,3.992633195355296
2012-01-18,41.909466,-71.913863,0.0040037386018957144
2012-01-19,41.909466,-71.913863,0.04403899756604508
2012-01-20,41.909466,-71.913863,1.121542804872586
2012-01-21,41.909466,-71.913863,10.224625818095609
2012-01-22,41.909466,-71.913863,0.2603690656025449
2012-01-23,41.909466,-71.913863,3.552649604560016
2012-01-24,41.909466,-71.913863,5.3041917283595525
2012-01-25,41.909466,-71.913863,0.05888419033627115
2012-01-26,41.909466,-71.913863,4.330975441957298
2012-01-27,41.909466,-71.913863,30.899899376481873
2012-01-28,41.909466,-71.913863,0.26200052103069127
2012-01-29,41.909466,-71.913863,0.0
2012-01-30,41.909466,-71.913863,0.016115805193380493
2012-01-31,41.909466,-71.913863,0.009669483276124446
2012-02-01,41.909466,-71.913863,0.0
2012-02-02,41.909466,-71.913863,0.23832121189719974
2012-02-03,41.909466,-71.913863,0.0
2012-02-04,41.909466,-71.913863,0.0
2012-02-05,41.909466,-71.913863,0.0
2012-02-06,41.909466,-71.913863,0.3874167240446648
2012-02-07,41.909466,-71.913863,0.0
2012-02-08,41.909466,-71.913863,0.2117964900592266
2012-02-09,41.909466,-71.913863,0.17349260918322004
2012-02-10,41.909466,-71.913863,0.0
2012-02-11,41.909466,-71.913863,1.6726999188734193
2012-02-12,41.909466,-71.913863,0.5022973260905355
2012-02-13,41.909466,-71.913863,0.0
2012-02-14,41.909466,-71.913863,0.0
2012-02-15,41.909466,-71.913863,0.0
2012-02-16,41.909466,-71.913863,2.8891846253920153
2012-02-17,41.909466,-71.913863,0.6428018308818164
2012-02-18,41.909466,-71.913863,0.0
2012-02-19,41.909466,-71.913863,0.061806616152046724
2012-02-20,41.909466,-71.913863,0.0038830862023649304
2012-02-21,41.909466,-71.913863,0.41813357083849484
2012-02-22,41.909466,-71.913863,0.0
2012-02-23,41.909466,-71.913863,0.049717956624817414
2012-02-24,41.909466,-71.913863,4.7611322677270005
2012-02-25,41.909466,-71.913863,8.690365601724094
2012-02-26,41.909466,-71.913863,0.0
2012-02-27,41.909466,-71.913863,0.0
2012-02-28,41.909466,-71.913863,0.0064718100961811565
2012-02-29,41.909466,-71.913863,5.583291371149192
2012-03-01,41.909466,-71.913863,5.338995950896837
2012-03-02,41.909466,-71.913863,0.014672012319246478
2012-03-03,41.909466,-71.913863,12.756309507911846
2012-03-04,41.909466,-71.913863,0.8133826782607104
2012-03-05,41.909466,-71.913863,0.3447409359997967
2012-03-06,41.909466,-71.913863,0.0
2012-03-07,41.909466,-71.913863,0.0
2012-03-08,41.909466,-71.913863,0.0
2012-03-09,41.909466,-71.913863,4.212197369254253
2012-03-10,41.909466,-71.913863,0.0
2012-03-11,41.909466,-71.913863,0.0
2012-03-12,41.909466,-71.913863,0.005468414576505725
2012-03-13,41.909466,-71.913863,0.6865362602412158
2012-03-14,41.909466,-71.913863,0.0
2012-03-15,41.909466,-71.913863,0.0
2012-03-16,41.909466,-71.913863,0.9907933816473676
2012-03-17,41.909466,-71.913863,0.0
2012-03-18,41.909466,-71.913863,0.0
2012-03-19,41.909466,-71.913863,0.0
2012-03-20,41.909466,-71.913863,0.0
2012-03-21,41.909466,-71.913863,0.0
2012-03-22,41.909466,-71.913863,0.0
2012-03-23,41.909466,-71.913863,0.0
2012-03-24,41.909466,-71.913863,0.607313998901154
2012-03-25,41.909466,-71.913863,5.944222375364002
2012-03-26,41.909466,-71.913863,0.33580767331475336
2012-03-27,41.909466,-71.913863,0.0037978257612506657
2012-03-28,41.909466,-71.913863,9.122315816795716
2012-03-29,41.909466,-71.913863,0.08750986663427751
2012-03-30,41.909466,-71.913863,0.0
2012-03-31,41.909466,-71.913863,4.159819609445297
2012-04-01,41.909466,-71.913863,2.0955772469435514
2012-04-02,41.909466,-71.913863,0.6701872710440303
2012-04-03,41.909466,-71.913863,0.0
2012-04-04,41.909466,-71.913863,0.0
2012-04-05,41.909466,-71.913863,0.0
2012-04-06,41.909466,-71.913863,0.0
2012-04-07,41.909466,-71.913863,0.0
2012-04-08,41.909466,-71.913863,0.006591040848795636
2012-04-09,41.909466,-71.913863,0.0
2012-04-10,41.909466,-71.913863,0.11068406052106272
2012-04-11,41.909466,-71.913863,0.04952773428476564
2012-04-12,41.909466,-71.913863,7.268709409235261
2012-04-13,41.909466,-71.913863,0.010525210487768388
2012-04-14,41.909466,-71.913863,0.4812925474353596
2012-04-15,41.909466,-71.913863,3.4783452832175454
2012-04-16,41.909466,-71.913863,0.013292390518077424
2012-04-17,41.909466,-71.913863,0.0
2012-04-18,41.909466,-71.913863,0.18562544415184531
2012-04-19,41.909466,-71.913863,0.21283235135450773
2012-04-20,41.909466,-71.913863,0.0
2012-04-21,41.909466,-71.913863,0.0
2012-04-22,41.909466,-71.913863,30.381130411983616
2012-04-23,41.909466,-71.913863,39.55263078203248
2012-04-24,41.909466,-71.913863,0.0
2012-04-25,41.909466,-71.913863,0.26115443988778375
2012-04-26,41.909466,-71.913863,0.0
2012-04-27,41.909466,-71.913863,2.519174799759458
2012-04-28,41.909466,-71.913863,0.0
2012-04-29,41.909466,-71.913863,0.7220359686181311
2012-04-30,41.909466,-71.913863,0.0010743870529160702
2012-05-01,41.909466,-71.913863,15.755485107191294
2012-05-02,41.909466,-71.913863,0.005177448269819907
2012-05-03,41.909466,-71.913863,4.1763963850853
2012-05-04,41.909466,-71.913863,2.21619808225224
2012-05-05,41.909466,-71.913863,0.0759698978652451
2012-05-06,41.909466,-71.913863,0.3918958078273994
2012-05-07,41.909466,-71.913863,0.0
2012-05-08,41.909466,-71.913863,11.047223965519992
2012-05-09,41.909466,-71.913863,17.442049088447426
2012-05-10,41.909466,-71.913863,24.357382917032822
2012-05-11,41.909466,-71.913863,0.0
2012-05-12,41.909466,-71.913863,0.0
2012-05-13,41.909466,-71.913863,4.503208554502693
2012-05-14,41.909466,-71.913863,1.878666065869618
2012-05-15,41.909466,-71.913863,11.426554290519116
2012-05-16,41.909466,-71.913863,1.086383431003542
2012-05-17,41.909466,-71.913863,0.0348115917193203
2012-05-18,41.909466,-71.913863,0.0
2012-05-19,41.909466,-71.913863,0.0
2012-05-20,41.909466,-71.913863,0.0
2012-05-21,41.909466,-71.913863,0.00426766200099638
2012-05-22,41.909466,-71.913863,12.624801647301028
2012-05-23,41.909466,-71.913863,0.0
2012-05-24,41.909466,-71.913863,0.24620554955640556
2012-05-25,41.909466,-71.913863,0.264267627818103
2012-05-26,41.909466,-71.913863,0.10484333783088344
2012-05-27,41.909466,-71.913863,0.053528704137806866
2012-05-28,41.909466,-71.913863,1.096135974093505
2012-05-29,41.909466,-71.913863,0.0
2012-05-30,41.909466,-71.913863,4.987915360462095
2012-05-31,41.909466,-71.913863,0.058114373224204194
2012-06-01,41.909466,-71.913863,0.007446874775182832
2012-06-02,41.909466,-71.913863,18.82362996786826
2012-06-03,41.909466,-71.913863,3.583605236856231
2012-06-04,41.909466,-71.913863,0.4652419148922724
2012-06-05,41.909466,-71.913863,0.16424041628804226
2012-06-06,41.909466,-71.913863,0.529815237179426
2012-06-07,41.909466,-71.913863,1.830361073190293
2012-06-08,41.909466,-71.913863,0.2845892938514269
2012-06-09,41.909466,-71.913863,4.069472236014361
2012-06-10,41.909466,-71.913863,0.013973852167710396
2012-06-11,41.909466,-71.913863,0.0
2012-06-12,41.909466,-71.913863,3.043644031613506
2012-06-13,41.909466,-71.913863,16.071469353407494
2012-06-14,41.909466,-71.913863,0.0
2012-06-15,41.909466,-71.913863,0.0
2012-06-16,41.909466,-71.913863,0.0
2012-06-17,41.909466,-71.913863,0.0
2012-06-18,41.909466,-71.913863,0.0
2012-06-19,41.909466,-71.913863,0.0
2012-06-20,41.909466,-71.913863,0.0
2012-06-21,41.909466,-71.913863,0.0
2012-06-22,41.909466,-71.913863,15.049709954598406
2012-06-23,41.909466,-71.913863,4.906992727597345
2012-06-24,41.909466,-71.913863,0.09522053921097393
2012-06-25,41.909466,-71.913863,37.211635284584744
2012-06-26,41.909466,-71.913863,0.8619438960521005
2012-06-27,41.909466,-71.913863,0.0018989128806253329
2012-06-28,41.909466,-71.913863,0.0
2012-06-29,41.909466,-71.913863,0.8440268087447129
2012-06-30,41.909466,-71.913863,0.0
2012-07-01,41.909466,-71.913863,8.507595065239693
2012-07-02,41.909466,-71.913863,0.2949859935738021
2012-07-03,41.909466,-71.913863,1.2243577395771013
2012-07-04,41.909466,-71.913863,4.292178827989808
2012-07-05,41.909466,-71.913863,0.17987530832527576
2012-07-06,41.909466,-71.913863,2.17182240441056
2012-07-07,41.909466,-71.913863,4.039258377240136
2012-07-08,41.909466,-71.913863,0.0
2012-07-09,41.909466,-71.913863,0.0
2012-07-10,41.909466,-71.913863,0.0
2012-07-11,41.909466,-71.913863,0.0
2012-07-12,41.909466,-71.913863,0.405886918333027
2012-07-13,41.909466,-71.913863,0.7702055896070368
2012-07-14,41.909466,-71.913863,4.785507831476873
2012-07-15,41.909466,-71.913863,2.2408677709293032
2012-07-16,41.909466,-71.913863,5.488313430942883
2012-07-17,41.909466,-71.913863,0.005126365347122942
2012-07-18,41.909466,-71.913863,9.714980517572048
2012-07-19,41.909466,-71.913863,0.3824260068156333
2012-07-20,41.909466,-71.913863,16.862544464062772
2012-07-21,41.909466,-71.913863,0.2241887563163291
2012-07-22,41.909466,-71.913863,0.0
2012-07-23,41.909466,-71.913863,4.7031595420004555
2012-07-24,41.909466,-71.913863,0.9599501136761524
2012-07-25,41.909466,-71.913863,0.31143470153616315
2012-07-26,41.909466,-71.913863,1.0550928060024733
2012-07-27,41.909466,-71.913863,6.680588650799533
2012-07-28,41.909466,-71.913863,6.424500235817431
2012-07-29,41.909466,-71.913863,3.4816682767284677
2012-07-30,41.909466,-71.913863,0.0064718100961811565
2012-07-31,41.909466,-71.913863,3.07495297400805
2012-08-01,41.909466,-71.913863,1.077271837139941
2012-08-02,41.909466,-71.913863,4.865995556951662
2012-08-03,41.909466,-71.913863,0.008055716896102585
2012-08-04,41.909466,-71.913863,0.0
2012-08-05,41.909466,-71.913863,12.968635274296023
2012-08-06,41.909466,-71.913863,4.094820110399984
2012-08-07,41.909466,-71.913863,0.8626462038731857
2012-08-08,41.909466,-71.913863,0.2433915774127801
2012-08-09,41.909466,-71.913863,0.0
2012-08-10,41.909466,-71.913863,19.508614846231744
2012-08-11,41.909466,-71.913863,0.4307678764907632
2012-08-12,41.909466,-71.913863,1.209878925468176
2012-08-13,41.909466,-71.913863,0.0
2012-08-14,41.909466,-71.913863,0.36655046024693105
2012-08-15,41.909466,-71.913863,17.784013136471852
2012-08-16,41.909466,-71.913863,9.71930855006846
2012-08-17,41.909466,-71.913863,0.0
2012-08-18,41.909466,-71.913863,24.077881230267913
2012-08-19,41.909466,-71.913863,0.0
2012-08-20,41.909466,-71.913863,0.868527899530458
2012-08-21,41.909466,-71.913863,5.948210882632532
2012-08-22,41.909466,-71.913863,0.18167058828170518
2012-08-23,41.909466,-71.913863,0.00319327494808031
2012-08-24,41.909466,-71.913863,0.00319327494808031
2012-08-25,41.909466,-71.913863,0.003613449880321963
2012-08-26,41.909466,-71.913863,0.0
2012-08-27,41.909466,-71.913863,0.37823074064689693
2012-08-28,41.909466,-71.913863,9.153523849636471
2012-08-29,41.909466,-71.913863,0.0
2012-08-30,41.909466,-71.913863,0.0
2012-08-31,41.909466,-71.913863,0.0
2012-09-01,41.909466,-71.913863,0.12627566468078355
2012-09-02,41.909466,-71.913863,0.11790801987977148
2012-09-03,41.909466,-71.913863,0.0
2012-09-04,41.909466,-71.913863,6.167156120574261
2012-09-05,41.909466,-71.913863,23.972134678631452
2012-09-06,41.909466,-71.913863,0.4284604766671052
2012-09-07,41.909466,-71.913863,0.0
2012-09-08,41.909466,-71.913863,0.0
2012-09-09,41.909466,-71.913863,15.830088244352625
2012-09-10,41.909466,-71.913863,0.0
2012-09-11,41.909466,-71.913863,0.0
2012-09-12,41.909466,-71.913863,0.0
2012-09-13,41.909466,-71.913863,0.0
2012-09-14,41.909466,-71.913863,0.0
2012-09-15,41.909466,-71.913863,4.666322746101265
2012-09-16,41.909466,-71.913863,0.0
2012-09-17,41.909466,-71.913863,0.0
2012-09-18,41.909466,-71.913863,0.8557944092662181
2012-09-19,41.909466,-71.913863,15.801431570399924
2012-09-20,41.909466,-71.913863,0.0
2012-09-21,41.909466,-71.913863,4.424121329419755
2012-09-22,41.909466,-71.913863,0.0
2012-09-23,41.909466,-71.913863,0.6562004747413664
2012-09-24,41.909466,-71.913863,0.0
2012-09-25,41.909466,-71.913863,0.0
2012-09-26,41.909466,-71.913863,0.7577021820162113
2012-09-27,41.909466,-71.913863,0.19464942854052775
2012-09-28,41.909466,-71.913863,31.033426538015867
2012-09-29,41.909466,-71.913863,12.203645386240536
2012-09-30,41.909466,-71.913863,5.913022707437687
2012-10-01,41.909466,-71.913863,0.0
2012-10-02,41.909466,-71.913863,17.535052817383015
2012-10-03,41.909466,-71.913863,3.2732829136067325
2012-10-04,41.909466,-71.913863,1.020131510143675
2012-10-05,41.909466,-71.913863,6.4372617948737085
2012-10-06,41.909466,-71.913863,0.28246747620114376
2012-10-07,41.909466,-71.913863,7.651972620023205
2012-10-08,41.909466,-71.913863,1.5249204996328554
2012-10-09,41.909466,-71.913863,32.632899720066504
2012-10-10,41.909466,-71.913863,0.0
2012-10-11,41.909466,-71.913863,0.0
2012-10-12,41.909466,-71.913863,0.36101632260357575
2012-10-13,41.909466,-71.913863,1.2181300198568894
2012-10-14,41.909466,-71.913863,8.852215397537972
2012-10-15,41.909466,-71.913863,0.06335393419272004
2012-10-16,41.909466,-71.913863,5.176052317186031
2012-10-17,41.909466,-71.913863,0.0
2012-10-18,41.909466,-71.913863,0.40416983959808794
2012-10-19,41.909466,-71.913863,5.923453175323363
2012-10-20,41.909466,-71.913863,5.06222615048951
2012-10-21,41.909466,-71.913863,0.0
2012-10-22,41.909466,-71.913863,0.0
2012-10-23,41.909466,-71.913863,0.2017463972895065
2012-10-24,41.909466,-71.913863,2.633975498269814
2012-10-25,41.909466,-71.913863,0.0
2012-10-26,41.909466,-71.913863,0.0
2012-10-27,41.909466,-71.913863,0.0
2012-10-28,41.909466,-71.913863,0.020312502619247143
2012-10-29,41.909466,-71.913863,4.031987082548593
2012-10-30,41.909466,-71.913863,0.8829402432477954
2012-10-31,41.909466,-71.913863,0.06703802415431494
2012-11-01,41.909466,-71.913863,0.003223161158748211
2012-11-02,41.909466,-71.913863,0.0478226587005286
2012-11-03,41.909466,-71.913863,0.06822954097986296
2012-11-04,41.909466,-71.913863,0.0
2012-11-05,41.909466,-71.913863,0.0
2012-11-06,41.909466,-71.913863,0.0
2012-11-07,41.909466,-71.913863,22.723432155813
2012-11-08,41.909466,-71.913863,7.305316485640912
2012-11-09,41.909466,-71.913863,0.0
2012-11-10,41.909466,-71.913863,0.0021487741058321404
2012-11-11,41.909466,-71.913863,0.04659839015907653
2012-11-12,41.909466,-71.913863,0.0
2012-11-13,41.909466,-71.913863,7.314363322850261
2012-11-14,41.909466,-71.913863,0.0
2012-11-15,41.909466,-71.913863,0.0
2012-11-16,41.909466,-71.913863,1.9855338949327224
2012-11-17,41.909466,-71.913863,0.0
2012-11-18,41.909466,-71.913863,0.0
2012-11-19,41.909466,-71.913863,0.0
2012-11-20,41.909466,-71.913863,0.2522375997047707
2012-11-21,41.909466,-71.913863,0.09531393277714875
2012-11-22,41.909466,-71.913863,0.0
2012-11-23,41.909466,-71.913863,0.0
2012-11-24,41.909466,-71.913863,0.0
2012-11-25,41.909466,-71.913863,0.04000571162756814
2012-11-26,41.909466,-71.913863,0.0
2012-11-27,41.909466,-71.913863,0.49254592436441347
2012-11-28,41.909466,-71.913863,0.0014646757744898222
2012-11-29,41.909466,-71.913863,0.0
2012-11-30,41.909466,-71.913863,0.01674144524621279
2012-12-01,41.909466,-71.913863,0.011819572314129638
2012-12-02,41.909466,-71.913863,0.031383912944582086
2012-12-03,41.909466,-71.913863,3.4954132054961264
2012-12-04,41.909466,-71.913863,0.025035705194124888
2012-12-05,41.909466,-71.913863,2.2694270899049473
2012-12-06,41.909466,-71.913863,0.0
2012-12-07,41.909466,-71.913863,2.2182999638988408
2012-12-08,41.909466,-71.913863,9.203185595840145
2012-12-09,41.909466,-71.913863,0.6685672677591162
2012-12-10,41.909466,-71.913863,10.705770268883015
2012-12-11,41.909466,-71.913863,0.07987002204528933
2012-12-12,41.909466,-71.913863,0.06189505950816365
2012-12-13,41.909466,-71.913863,0.0
2012-12-14,41.909466,-71.913863,0.0
2012-12-15,41.909466,-71.913863,0.027445112111567714
2012-12-16,41.909466,-71.913863,0.18429501583000255
2012-12-17,41.909466,-71.913863,14.477004321913661
2012-12-18,41.909466,-71.913863,29.65757536430992
2012-12-19,41.909466,-71.913863,0.0
2012-12-20,41.909466,-71.913863,0.0
2012-12-21,41.909466,-71.913863,32.5002947435694
2012-12-22,41.909466,-71.913863,0.0
2012-12-23,41.909466,-71.913863,0.0
2012-12-24,41.909466,-71.913863,0.0
2012-12-25,41.909466,-71.913863,4.07362507868193
2012-12-26,41.909466,-71.913863,3.8283354513685515
2012-12-27,41.909466,-71.913863,25.95837811922353
2012-12-28,41.909466,-71.913863,0.281499188683755
2012-12-29,41.909466,-71.913863,10.719535258149035
2012-12-30,41.909466,-71.913863,4.920818460249967
2012-12-31,41.909466,-71.913863,0.6902735227219358
2013-01-01,41.909466,-71.913863,1.3636981262727492
2013-01-02,41.909466,-71.913863,0.0
2013-01-03,41.909466,-71.913863,0.2159533058396531
2013-01-04,41.909466,-71.913863,0.0474728230767336
2013-01-05,41.909466,-71.913863,0.0
2013-01-06,41.909466,-71.913863,2.5519832332467494
2013-01-07,41.909466,-71.913863,0.0
2013-01-08,41.909466,-71.913863,0.0
2013-01-09,41.909466,-71.913863,2.047982869573913
2013-01-10,41.909466,-71.913863,0.0
2013-01-11,41.909466,-71.913863,2.5714780775402026
2013-01-12,41.909466,-71.913863,5.1024716546013185
2013-01-13,41.909466,-71.913863,0.5071442954569275
2013-01-14,41.909466,-71.913863,1.702579545771785
2013-01-15,41.909466,-71.913863,12.602532819083196
2013-01-16,41.909466,-71.913863,24.11843789867598
2013-01-17,41.909466,-71.913863,0.5362784981513447
2013-01-18,41.909466,-71.913863,1.5510209593374766
2013-01-19,41.909466,-71.913863,0.12006517438214341
2013-01-20,41.909466,-71.913863,0.08559718138809215
2013-01-21,41.909466,-71.913863,0.12539075248173623
2013-01-22,41.909466,-71.913863,2.421196070819445
2013-01-23,41.909466,-71.913863,0.0
2013-01-24,41.909466,-71.913863,0.0
2013-01-25,41.909466,-71.913863,0.0
2013-01-26,41.909466,-71.913863,0.16279697754588973
2013-01-27,41.909466,-71.913863,0.0
2013-01-28,41.909466,-71.913863,1.6705202133896848
2013-01-29,41.909466,-71.913863,0.605845778358391
2013-01-30,41.909466,-71.913863,4.193059773475256
2013-01-31,41.909466,-71.913863,15.09932705443531
2013-02-01,41.909466,-71.913863,0.0
2013-02-02,41.909466,-71.913863,0.0
2013-02-03,41.909466,-71.913863,0.005696738641875998
2013-02-04,41.909466,-71.913863,0.03858379595527102
2013-02-05,41.909466,-71.913863,0.005696738641875998
2013-02-06,41.909466,-71.913863,0.0
2013-02-07,41.909466,-71.913863,0.21712400820582886
2013-02-08,41.909466,-71.913863,39.741443515598746
2013-02-09,41.909466,-71.913863,52.529374268029905
2013-02-10,41.909466,-71.913863,0.0
2013-02-11,41.909466,-71.913863,3.7150775910744844
2013-02-12,41.909466,-71.913863,0.0
2013-02-13,41.909466,-71.913863,0.0
2013-02-14,41.909466,-71.913863,3.376423031467234
2013-02-15,41.909466,-71.913863,0.0
2013-02-16,41.909466,-71.913863,0.9739889704450161
2013-02-17,41.909466,-71.913863,4.141827679899196
2013-02-18,41.909466,-71.913863,0.20728730361123812
2013-02-19,41.909466,-71.913863,0.16672852959064352
2013-02-20,41.909466,-71.913863,0.3756102778155524
2013-02-21,41.909466,-71.913863,0.04097527088742875
2013-02-22,41.909466,-71.913863,0.14569169397442736
2013-02-23,41.909466,-71.913863,0.3301283882083092
2013-02-24,41.909466,-71.913863,1.4852962582595337
2013-02-25,41.909466,-71.913863,0.02433436087428687
2013-02-26,41.909466,-71.913863,0.0038830862023649304
2013-02-27,41.909466,-71.913863,11.564269614074723
2013-02-28,41.909466,-71.913863,0.12385564615063877
2013-03-01,41.909466,-71.913863,0.0
2013-03-02,41.909466,-71.913863,0.0
2013-03-03,41.909466,-71.913863,0.0
2013-03-04,41.909466,-71.913863,0.0
2013-03-05,41.909466,-71.913863,0.0
2013-03-06,41.909466,-71.913863,0.0
2013-03-07,41.909466,-71.913863,3.5754692852675505
2013-03-08,41.909466,-71.913863,22.33733125984262
2013-03-09,41.909466,-71.913863,0.3077043753178504
2013-03-10,41.909466,-71.913863,0.0
2013-03-11,41.909466,-71.913863,0.9453329122415206
2013-03-12,41.909466,-71.913863,37.67015948724958
2013-03-13,41.909466,-71.913863,0.0
2013-03-14,41.909466,-71.913863,0.0
2013-03-15,41.909466,-71.913863,0.10258788862171003
2013-03-16,41.909466,-71.913863,0.027271080748927416
2013-03-17,41.909466,-71.913863,0.0
2013-03-18,41.909466,-71.913863,1.507662974626064
2013-03-19,41.909466,-71.913863,9.189301257812065
2013-03-20,41.909466,-71.913863,0.0
2013-03-21,41.909466,-71.913863,0.012802986002989139
2013-03-22,41.909466,-71.913863,0.07134523594317652
2013-03-23,41.909466,-71.913863,0.0
2013-03-24,41.909466,-71.913863,0.0
2013-03-25,41.909466,-71.913863,0.15135963067766275
2013-03-26,41.909466,-71.913863,0.0
2013-03-27,41.909466,-71.913863,0.0
2013-03-28,41.909466,-71.913863,0.02692582209321172
2013-03-29,41.909466,-71.913863,0.0
2013-03-30,41.909466,-71.913863,0.0
2013-03-31,41.909466,-71.913863,0.9032090387159
2013-04-01,41.909466,-71.913863,1.7014086202069778
2013-04-02,41.909466,-71.913863,0.0
2013-04-03,41.909466,-71.913863,0.0
2013-04-04,41.909466,-71.913863,0.005946599867082806
2013-04-05,41.909466,-71.913863,0.0012943620674549768
2013-04-06,41.909466,-71.913863,0.0
2013-04-07,41.909466,-71.913863,0.0
2013-04-08,41.909466,-71.913863,0.0025887241349099536
2013-04-09,41.909466,-71.913863,0.6292563635954092
2013-04-10,41.909466,-71.913863,7.027050306441726
2013-04-11,41.909466,-71.913863,4.731158940043469
2013-04-12,41.909466,-71.913863,9.057691028297414
2013-04-13,41.909466,-71.913863,0.8906434390348874
2013-04-14,41.909466,-71.913863,0.0
2013-04-15,41.909466,-71.913863,0.0
2013-04-16,41.909466,-71.913863,0.0
2013-04-17,41.909466,-71.913863,0.6354551398396286
2013-04-18,41.909466,-71.913863,0.0
2013-04-19,41.909466,-71.913863,0.0
2013-04-20,41.909466,-71.913863,22.8970438357931
2013-04-21,41.909466,-71.913863,0.7690284999914014
2013-04-22,41.909466,-71.913863,0.5215540453898141
2013-04-23,41.909466,-71.913863,0.6407752428638236
2013-04-24,41.909466,-71.913863,0.014437975484513806
2013-04-25,41.909466,-71.913863,0.8327410878605241
2013-04-26,41.909466,-71.913863,0.0
2013-04-27,41.909466,-71.913863,0.0
2013-04-28,41.909466,-71.913863,0.0
2013-04-29,41.909466,-71.913863,0.0010743870529160702
2013-04-30,41.909466,-71.913863,0.0
2013-05-01,41.909466,-71.913863,0.0
2013-05-02,41.909466,-71.913863,0.0
2013-05-03,41.909466,-71.913863,0.0
2013-05-04,41.909466,-71.913863,0.0
2013-05-05,41.909466,-71.913863,0.0
2013-05-06,41.909466,-71.913863,0.0
2013-05-07,41.909466,-71.913863,0.0
2013-05-08,41.909466,-71.913863,1.7594802081637502
2013-05-09,41.909466,-71.913863,8.020670721987983
2013-05-10,41.909466,-71.913863,4.423679919986315
2013-05-11,41.909466,-71.913863,14.022167318817468
2013-05-12,41.909466,-71.913863,3.961684531864849
2013-05-13,41.909466,-71.913863,0.0
2013-05-14,41.909466,-71.913863,0.0
2013-05-15,41.909466,-71.913863,4.51866141184788
2013-05-16,41.909466,-71.913863,0.0
2013-05-17,41.909466,-71.913863,0.0
2013-05-18,41.909466,-71.913863,0.012160199728199327
2013-05-19,41.909466,-71.913863,4.206775110331768
2013-05-20,41.909466,-71.913863,0.017822553459172812
2013-05-21,41.909466,-71.913863,14.784681395921043
2013-05-22,41.909466,-71.913863,2.3933728720586154
2013-05-23,41.909466,-71.913863,2.5665323690930353
2013-05-24,41.909466,-71.913863,8.850039868295411
2013-05-25,41.909466,-71.913863,0.3249341969958085
2013-05-26,41.909466,-71.913863,0.031422382549290744
2013-05-27,41.909466,-71.913863,0.0
2013-05-28,41.909466,-71.913863,0.10446899938561452
2013-05-29,41.909466,-71.913863,10.996017640564459
2013-05-30,41.909466,-71.913863,35.393677857496456
2013-05-31,41.909466,-71.913863,0.0
2013-06-01,41.909466,-71.913863,0.0
2013-06-02,41.909466,-71.913863,0.027909028253177443
2013-06-03,41.909466,-71.913863,14.75387549404263
2013-06-04,41.909466,-71.913863,0.0
2013-06-05,41.909466,-71.913863,0.0
2013-06-06,41.909466,-71.913863,2.6310832938824316
2013-06-07,41.909466,-71.913863,70.04979091003595
2013-06-08,41.909466,-71.913863,14.968747339402375
2013-06-09,41.909466,-71.913863,0.0
2013-06-10,41.909466,-71.913863,8.93681965778507
2013-06-11,41.909466,-71.913863,32.37679178550118
2013-06-12,41.909466,-71.913863,0.0
2013-06-13,41.909466,-71.913863,11.059370374399194
2013-06-14,41.909466,-71.913863,26.390253520527303
2013-06-15,41.909466,-71.913863,0.0
2013-06-16,41.909466,-71.913863,0.2032022641951561
2013-06-17,41.909466,-71.913863,1.7991626507117364
2013-06-18,41.909466,-71.913863,26.882924562136814
2013-06-19,41.909466,-71.913863,11.233086959315253
2013-06-20,41.909466,-71.913863,0.0
2013-06-21,41.909466,-71.913863,0.0
2013-06-22,41.909466,-71.913863,0.0
2013-06-23,41.909466,-71.913863,0.0
2013-06-24,41.909466,-71.913863,0.06350270063038355
2013-06-25,41.909466,-71.913863,3.989713118012863
2013-06-26,41.909466,-71.913863,5.705410850416118
2013-06-27,41.909466,-71.913863,1.5333875391883152
2013-06-28,41.909466,-71.913863,1.1894373366590099
2013-06-29,41.909466,-71.913863,1.2026618495915682
2013-06-30,41.909466,-71.913863,0.9950095783817517
2013-07-01,41.909466,-71.913863,1.8050579873446293
2013-07-02,41.909466,-71.913863,1.4824232376951039
2013-07-03,41.909466,-71.913863,0.8491227132233178
2013-07-04,41.909466,-71.913863,0.0
2013-07-05,41.909466,-71.913863,0.0
2013-07-06,41.909466,-71.913863,0.0
2013-07-07,41.909466,-71.913863,1.4460037398466676
2013-07-08,41.909466,-71.913863,0.07245861737862712
2013-07-09,41.909466,-71.913863,2.3518265531213407
2013-07-10,41.909466,-71.913863,2.507569658080623
2013-07-11,41.909466,-71.913863,6.735016720845458
2013-07-12,41.909466,-71.913863,0.3890820537443641
2013-07-13,41.909466,-71.913863,0.22783849450597032
2013-07-14,41.909466,-71.913863,0.0
2013-07-15,41.909466,-71.913863,0.030307664138036674
2013-07-16,41.909466,-71.913863,0.0
2013-07-17,41.909466,-71.913863,0.0
2013-07-18,41.909466,-71.913863,0.008106799818799552
2013-07-19,41.909466,-71.913863,0.0
2013-07-20,41.909466,-71.913863,6.616839363592305
2013-07-21,41.909466,-71.913863,0.5569312918733516
2013-07-22,41.909466,-71.913863,1.3522432947317033
2013-07-23,41.909466,-71.913863,15.415032632023664
2013-07-24,41.909466,-71.913863,0.0021487741058321404
2013-07-25,41.909466,-71.913863,22.917832998515028
2013-07-26,41.909466,-71.913863,21.84120138557655
2013-07-27,41.909466,-71.913863,0.0
2013-07-28,41.909466,-71.913863,0.2651060267542333
2013-07-29,41.909466,-71.913863,0.038153175424404155
2013-07-30,41.909466,-71.913863,0.0
2013-07-31,41.909466,-71.913863,0.0038830862023649304
2013-08-01,41.909466,-71.913863,3.2694563897660234
2013-08-02,41.909466,-71.913863,8.045851317399336
2013-08-03,41.909466,-71.913863,5.35554186944882
2013-08-04,41.909466,-71.913863,1.9325813945026438
2013-08-05,41.909466,-71.913863,0.0
2013-08-06,41.909466,-71.913863,0.0
2013-08-07,41.909466,-71.913863,0.0
2013-08-08,41.909466,-71.913863,1.1374825376650792
2013-08-09,41.909466,-71.913863,34.63624557394776
2013-08-10,41.909466,-71.913863,0.47621174774601954
2013-08-11,41.909466,-71.913863,0.0
2013-08-12,41.909466,-71.913863,0.0
2013-08-13,41.909466,-71.913863,7.371865073540521
2013-08-14,41.909466,-71.913863,0.28929840598787465
2013-08-15,41.909466,-71.913863,0.0
2013-08-16,41.909466,-71.913863,0.0
2013-08-17,41.909466,-71.913863,0.0
2013-08-18,41.909466,-71.913863,4.480269013517497
2013-08-19,41.909466,-71.913863,1.7120902309966812
2013-08-20,41.909466,-71.913863,0.18706206451078677
2013-08-21,41.909466,-71.913863,0.0
2013-08-22,41.909466,-71.913863,2.7383667787901085
2013-08-23,41.909466,-71.913863,0.24261211401825708
2013-08-24,41.909466,-71.913863,0.0
2013-08-25,41.909466,-71.913863,0.0
2013-08-26,41.909466,-71.913863,5.635303060120055
2013-08-27,41.909466,-71.913863,19.585174082412607
2013-08-28,41.909466,-71.913863,0.022974954707340442
2013-08-29,41.909466,-71.913863,0.6103941984588686
2013-08-30,41.909466,-71.913863,0.0
2013-08-31,41.909466,-71.913863,2.8979576611812083
2013-09-01,41.909466,-71.913863,15.552634952450727
2013-09-02,41.909466,-71.913863,2.361391203124658
2013-09-03,41.909466,-71.913863,1.4614358090185084
2013-09-04,41.909466,-71.913863,0.0
2013-09-05,41.909466,-71.913863,1.2729154315711746
2013-09-06,41.909466,-71.913863,0.0
2013-09-07,41.909466,-71.913863,0.28318538047522895
2013-09-08,41.909466,-71.913863,1.3507278495430461
2013-09-09,41.909466,-71.913863,0.2433697566313401
2013-09-10,41.909466,-71.913863,1.4179630940888996
2013-09-11,41.909466,-71.913863,0.0
2013-09-12,41.909466,-71.913863,0.08098430021818925
2013-09-13,41.909466,-71.913863,25.688575701347055
2013-09-14,41.909466,-71.913863,0.0
2013-09-15,41.909466,-71.913863,0.5837678238891811
2013-09-16,41.909466,-71.913863,2.8772770745939455
2013-09-17,41.909466,-71.913863,0.0
2013-09-18,41.909466,-71.913863,0.0
2013-09-19,41.909466,-71.913863,0.0
2013-09-20,41.909466,-71.913863,0.0
2013-09-21,41.909466,-71.913863,0.0
2013-09-22,41.909466,-71.913863,26.427960363407614
2013-09-23,41.909466,-71.913863,0.0
2013-09-24,41.909466,-71.913863,0.0
2013-09-25,41.909466,-71.913863,0.0
2013-09-26,41.909466,-71.913863,0.0
2013-09-27,41.909466,-71.913863,0.0
2013-09-28,41.909466,-71.913863,0.0
2013-09-29,41.909466,-71.913863,0.0
2013-09-30,41.909466,-71.913863,0.0
2013-10-01,41.909466,-71.913863,0.0
2013-10-02,41.909466,-71.913863,0.0
2013-10-03,41.909466,-71.913863,0.0
2013-10-04,41.909466,-71.913863,4.670284765930519
2013-10-05,41.909466,-71.913863,0.6747222988079535
2013-10-06,41.909466,-71.913863,7.184837040726697
2013-10-07,41.909466,-71.913863,0.3247141170886358
2013-10-08,41.909466,-71.913863,0.5563652199297462
2013-10-09,41.909466,-71.913863,0.029293596328976802
2013-10-10,41.909466,-71.913863,1.766965522236684
2013-10-11,41.909466,-71.913863,0.037978261856907794
2013-10-12,41.909466,-71.913863,0.8503063116597417
2013-10-13,41.909466,-71.913863,0.0
2013-10-14,41.909466,-71.913863,0.0
2013-10-15,41.909466,-71.913863,0.0
2013-10-16,41.909466,-71.913863,2.072632970321909
2013-10-17,41.909466,-71.913863,0.17189495693479434
2013-10-18,41.909466,-71.913863,1.7736404838357842
2013-10-19,41.909466,-71.913863,0.6582044979859878
2013-10-20,41.909466,-71.913863,0.663803093908135
2013-10-21,41.909466,-71.913863,0.0
2013-10-22,41.909466,-71.913863,0.354658145742573
2013-10-23,41.909466,-71.913863,0.4061227956460788
2013-10-24,41.909466,-71.913863,0.0
2013-10-25,41.909466,-71.913863,0.0
2013-10-26,41.909466,-71.913863,0.0
2013-10-27,41.909466,-71.913863,0.8343566402814573
2013-10-28,41.909466,-71.913863,0.0
2013-10-29,41.909466,-71.913863,0.0
2013-10-30,41.909466,-71.913863,0.5916363795565355
2013-10-31,41.909466,-71.913863,1.7588068939493233
2013-11-01,41.909466,-71.913863,16.391592913710316
2013-11-02,41.909466,-71.913863,0.0
2013-11-03,41.909466,-71.913863,0.16580512060016633
2013-11-04,41.909466,-71.913863,0.0
2013-11-05,41.909466,-71.913863,0.0
2013-11-06,41.909466,-71.913863,0.028006929823984287
2013-11-07,41.909466,-71.913863,25.067473394222514
2013-11-08,41.909466,-71.913863,0.0
2013-11-09,41.909466,-71.913863,0.0
2013-11-10,41.909466,-71.913863,0.21958773762250816
2013-11-11,41.909466,-71.913863,0.0
2013-11-12,41.909466,-71.913863,8.487870996702602
2013-11-13,41.909466,-71.913863,0.0
2013-11-14,41.909466,-71.913863,0.5342207602783631
2013-11-15,41.909466,-71.913863,0.0
2013-11-16,41.909466,-71.913863,0.09266322336151739
2013-11-17,41.909466,-71.913863,0.04686962478367431
2013-11-18,41.909466,-71.913863,6.057080083062279
2013-11-19,41.909466,-71.913863,0.0
2013-11-20,41.909466,-71.913863,0.0
2013-11-21,41.909466,-71.913863,0.0
2013-11-22,41.909466,-71.913863,4.740148421376986
2013-11-23,41.909466,-71.913863,1.428800194821546
2013-11-24,41.909466,-71.913863,0.05552122669457843
2013-11-25,41.909466,-71.913863,0.0
2013-11-26,41.909466,-71.913863,1.290885980812052
2013-11-27,41.909466,-71.913863,51.48163292272942
2013-11-28,41.909466,-71.913863,0.22109730043207862
2013-11-29,41.909466,-71.913863,0.0
2013-11-30,41.909466,-71.913863,0.0
2013-12-01,41.909466,-71.913863,0.0
2013-12-02,41.909466,-71.913863,0.0
2013-12-03,41.909466,-71.913863,0.4662617933646225
2013-12-04,41.909466,-71.913863,0.0
2013-12-05,41.909466,-71.913863,0.07300605401414363
2013-12-06,41.909466,-71.913863,11.626330351467367
2013-12-07,41.909466,-71.913863,25.365397637409867
2013-12-08,41.909466,-71.913863,0.5975760116789508
2013-12-09,41.909466,-71.913863,0.07328424884015894
2013-12-10,41.909466,-71.913863,3.383353408197255
2013-12-11,41.909466,-71.913863,0.10283529908670765
2013-12-12,41.909466,-71.913863,0.0
2013-12-13,41.909466,-71.913863,0.015177448046302491
2013-12-14,41.909466,-71.913863,1.7465893000645145
2013-12-15,41.909466,-71.913863,8.40389773965591
2013-12-16,41.909466,-71.913863,0.1235998627209764
2013-12-17,41.909466,-71.913863,0.615272161695067
2013-12-18,41.909466,-71.913863,0.16763875951195972
2013-12-19,41.909466,-71.913863,1.3319967481074209
2013-12-20,41.909466,-71.913863,0.7831677706579825
2013-12-21,41.909466,-71.913863,0.5535200268317897
2013-12-22,41.909466,-71.913863,9.0549702258965
2013-12-23,41.909466,-71.913863,31.226382492374075
2013-12-24,41.909466,-71.913863,0.10452478562404388
2013-12-25,41.909466,-71.913863,0.0007323378872449111
2013-12-26,41.909466,-71.913863,0.0025887241349099536
2013-12-27,41.909466,-71.913863,0.0
2013-12-28,41.909466,-71.913863,0.015691025495416278
2013-12-29,41.909466,-71.913863,34.24487423915985
2013-12-30,41.909466,-71.913863,0.0522770064016515
2013-12-31,41.909466,-71.913863,0.0
2014-01-01,41.909466,-71.913863,0.0
2014-01-02,41.909466,-71.913863,1.0817767446919113
2014-01-03,41.909466,-71.913863,4.301705218488142
2014-01-04,41.909466,-71.913863,0.0
2014-01-05,41.909466,-71.913863,0.0
2014-01-06,41.909466,-71.913863,11.466151262520356
2014-01-07,41.909466,-71.913863,0.0
2014-01-08,41.909466,-71.913863,0.0
2014-01-09,41.909466,-71.913863,0.025958231717845073
2014-01-10,41.909466,-71.913863,1.001603810588639
2014-01-11,41.909466,-71.913863,24.389681247725495
2014-01-12,41.909466,-71.913863,10.78289362648837
2014-01-13,41.909466,-71.913863,0.017479630709736304
2014-01-14,41.909466,-71.913863,46.172777533682186
2014-01-15,41.909466,-71.913863,0.7173659973589518
2014-01-16,41.909466,-71.913863,0.06751028142646115
2014-01-17,41.909466,-71.913863,0.0
2014-01-18,41.909466,-71.913863,0.555232145352509
2014-01-19,41.909466,-71.913863,0.0
2014-01-20,41.909466,-71.913863,0.0
2014-01-21,41.909466,-71.913863,0.07595652371381559
2014-01-22,41.909466,-71.913863,0.03040049818799144
2014-01-23,41.909466,-71.913863,0.0
2014-01-24,41.909466,-71.913863,0.0
2014-01-25,41.909466,-71.913863,1.0265771723442414
2014-01-26,41.909466,-71.913863,0.05701077216407393
2014-01-27,41.909466,-71.913863,0.5947609592162166
2014-01-28,41.909466,-71.913863,0.0
2014-01-29,41.909466,-71.913863,0.26691658490358056
2014-01-30,41.909466,-71.913863,0.0
2014-01-31,41.909466,-71.913863,0.04638280482402177
2014-02-01,41.909466,-71.913863,0.03831929937696372
2014-02-02,41.909466,-71.913863,0.9599012818799229
2014-02-03,41.909466,-71.913863,5.224298388778006
2014-02-04,41.909466,-71.913863,0.06561112469685082
2014-02-05,41.909466,-71.913863,30.74843112862894
2014-02-06,41.909466,-71.913863,0.068025731241401
2014-02-07,41.909466,-71.913863,0.03883937069665878
2014-02-08,41.909466,-71.913863,0.0
2014-02-09,41.909466,-71.913863,0.04241962370997284
2014-02-10,41.909466,-71.913863,0.43442454649805695
2014-02-11,41.909466,-71.913863,0.0
2014-02-12,41.909466,-71.913863,0.0
2014-02-13,41.909466,-71.913863,15.207953957387735
2014-02-14,41.909466,-71.913863,12.554855495435813
2014-02-15,41.909466,-71.913863,4.709857842382545
2014-02-16,41.909466,-71.913863,0.6771480295079375
2014-02-17,41.909466,-71.913863,0.0
2014-02-18,41.909466,-71.913863,0.9994827054470956
2014-02-19,41.909466,-71.913863,5.332817776176516
2014-02-20,41.909466,-71.913863,1.0031356916091214
2014-02-21,41.909466,-71.913863,10.142555764011707
2014-02-22,41.909466,-71.913863,0.0
2014-02-23,41.909466,-71.913863,0.06623621819703239
2014-02-24,41.909466,-71.913863,0.5947465332908871
2014-02-25,41.909466,-71.913863,1.036520725524146
2014-02-26,41.909466,-71.913863,0.039877172969032655
2014-02-27,41.909466,-71.913863,0.0
2014-02-28,41.909466,-71.913863,0.0
2014-03-01,41.909466,-71.913863,0.06635227596920361
2014-03-02,41.909466,-71.913863,0.38013714227601214
2014-03-03,41.909466,-71.913863,0.7281133165197242
2014-03-04,41.909466,-71.913863,0.007595651522501331
2014-03-05,41.909466,-71.913863,0.20750227047910272
2014-03-06,41.909466,-71.913863,0.0
2014-03-07,41.909466,-71.913863,0.0
2014-03-08,41.909466,-71.913863,0.010354896539639814
2014-03-09,41.909466,-71.913863,0.6838247855778237
2014-03-10,41.909466,-71.913863,4.463347740063485
2014-03-11,41.909466,-71.913863,0.16388325271917897
2014-03-12,41.909466,-71.913863,3.940424667638322
2014-03-13,41.909466,-71.913863,6.367303454067914
2014-03-14,41.909466,-71.913863,0.11016214099813881
2014-03-15,41.909466,-71.913863,1.4352875936121476
2014-03-16,41.909466,-71.913863,0.011393477283751997
2014-03-17,41.909466,-71.913863,1.9622834585906381
2014-03-18,41.909466,-71.913863,0.0
2014-03-19,41.909466,-71.913863,0.0
2014-03-20,41.909466,-71.913863,6.599625675116281
2014-03-21,41.909466,-71.913863,0.0
2014-03-22,41.909466,-71.913863,0.4014455697295912
2014-03-23,41.909466,-71.913863,0.38364850542904205
2014-03-24,41.909466,-71.913863,0.0
2014-03-25,41.909466,-71.913863,0.0
2014-03-26,41.909466,-71.913863,1.3891106251832375
2014-03-27,41.909466,-71.913863,0.0
2014-03-28,41.909466,-71.913863,0.4345554598120241
2014-03-29,41.909466,-71.913863,21.725522268820466
2014-03-30,41.909466,-71.913863,88.61980225189524
2014-03-31,41.909466,-71.913863,7.32716705354394
2014-04-01,41.909466,-71.913863,0.0
2014-04-02,41.909466,-71.913863,1.7885553705681843
2014-04-03,41.909466,-71.913863,0.0
2014-04-04,41.909466,-71.913863,1.8802237043575627
2014-04-05,41.909466,-71.913863,2.20408234457881
2014-04-06,41.909466,-71.913863,0.0
2014-04-07,41.909466,-71.913863,1.3839737401775298
2014-04-08,41.909466,-71.913863,8.699867485910396
2014-04-09,41.909466,-71.913863,0.0
2014-04-10,41.909466,-71.913863,0.0
2014-04-11,41.909466,-71.913863,0.2353969270232265
2014-04-12,41.909466,-71.913863,2.621143742691498
2014-04-13,41.909466,-71.913863,0.37210388297489516
2014-04-14,41.909466,-71.913863,0.0
2014-04-15,41.909466,-71.913863,19.297301750948236
2014-04-16,41.909466,-71.913863,21.715132041277453
2014-04-17,41.909466,-71.913863,0.0
2014-04-18,41.909466,-71.913863,0.0
2014-04-19,41.909466,-71.913863,0.30723765844371087
2014-04-20,41.909466,-71.913863,0.0
2014-04-21,41.909466,-71.913863,0.0
2014-04-22,41.909466,-71.913863,2.0777298881242166
2014-04-23,41.909466,-71.913863,6.162152732441578
2014-04-24,41.909466,-71.913863,0.0
2014-04-25,41.909466,-71.913863,0.14291785479303348
2014-04-26,41.909466,-71.913863,17.84004862100213
2014-04-27,41.909466,-71.913863,0.0708920578865575
2014-04-28,41.909466,-71.913863,0.0
2014-04-29,41.909466,-71.913863,1.3498562960193625
2014-04-30,41.909466,-71.913863,45.90510002016016
2014-05-01,41.909466,-71.913863,29.363914508833435
2014-05-02,41.909466,-71.913863,0.0
2014-05-03,41.909466,-71.913863,0.0
2014-05-04,41.909466,-71.913863,2.4006331007813726
2014-05-05,41.909466,-71.913863,0.0
2014-05-06,41.909466,-71.913863,0.0
2014-05-07,41.909466,-71.913863,0.0
2014-05-08,41.909466,-71.913863,0.0
2014-05-09,41.909466,-71.913863,1.059385612400653
2014-05-10,41.909466,-71.913863,7.061764290751128
2014-05-11,41.909466,-71.913863,5.3717705354306045
2014-05-12,41.909466,-71.913863,0.0
2014-05-13,41.909466,-71.913863,0.03226665644222902
2014-05-14,41.909466,-71.913863,0.0
2014-05-15,41.909466,-71.913863,0.0
2014-05-16,41.909466,-71.913863,0.6962092982733763
2014-05-17,41.909466,-71.913863,21.93567472624216
2014-05-18,41.909466,-71.913863,0.0
2014-05-19,41.909466,-71.913863,0.0
2014-05-20,41.909466,-71.913863,0.02425623621535694
2014-05-21,41.909466,-71.913863,0.0
2014-05-22,41.909466,-71.913863,6.4700112068239495
2014-05-23,41.909466,-71.913863,0.1645432017679017
2014-05-24,41.909466,-71.913863,0.26237493251711613
2014-05-25,41.909466,-71.913863,0.9935074535558585
2014-05-26,41.909466,-71.913863,2.1189908079156283
2014-05-27,41.909466,-71.913863,0.7824013481884982
2014-05-28,41.909466,-71.913863,0.5938843987428544
2014-05-29,41.909466,-71.913863,0.0
2014-05-30,41.909466,-71.913863,9.159294399281555
2014-05-31,41.909466,-71.913863,4.095897880653036
2014-06-01,41.909466,-71.913863,0.0
2014-06-02,41.909466,-71.913863,0.0
2014-06-03,41.909466,-71.913863,0.0
2014-06-04,41.909466,-71.913863,2.566367508362391
2014-06-05,41.909466,-71.913863,13.546140326153946
2014-06-06,41.909466,-71.913863,0.0
2014-06-07,41.909466,-71.913863,0.0
2014-06-08,41.909466,-71.913863,1.1116732009310049
2014-06-09,41.909466,-71.913863,1.19410738427798
2014-06-10,41.909466,-71.913863,0.24272807104880395
2014-06-11,41.909466,-71.913863,1.5453653623332366
2014-06-12,41.909466,-71.913863,0.1969626450135958
2014-06-13,41.909466,-71.913863,7.398815666121642
2014-06-14,41.909466,-71.913863,0.1201055075415631
2014-06-15,41.909466,-71.913863,0.0
2014-06-16,41.909466,-71.913863,0.0
2014-06-17,41.909466,-71.913863,0.0170902155719279
2014-06-18,41.909466,-71.913863,1.4291391878107096
2014-06-19,41.909466,-71.913863,10.398603245656338
2014-06-20,41.909466,-71.913863,0.0
2014-06-21,41.909466,-71.913863,0.0
2014-06-22,41.909466,-71.913863,0.0
2014-06-23,41.909466,-71.913863,0.0
2014-06-24,41.909466,-71.913863,0.03276661851281164
2014-06-25,41.909466,-71.913863,0.0
2014-06-26,41.909466,-71.913863,8.007270099832846
2014-06-27,41.909466,-71.913863,0.0190743888936675
2014-06-28,41.909466,-71.913863,0.0
2014-06-29,41.909466,-71.913863,0.011182398870348671
2014-06-30,41.909466,-71.913863,0.020658710156582664
2014-07-01,41.909466,-71.913863,0.0
2014-07-02,41.909466,-71.913863,0.0
2014-07-03,41.909466,-71.913863,0.7028743140181682
2014-07-04,41.909466,-71.913863,53.19931307904561
2014-07-05,41.909466,-71.913863,1.1227787212186833
2014-07-06,41.909466,-71.913863,0.0
2014-07-07,41.909466,-71.913863,0.0
2014-07-08,41.909466,-71.913863,2.330566683113632
2014-07-09,41.909466,-71.913863,0.0
2014-07-10,41.909466,-71.913863,2.708057070235591
2014-07-11,41.909466,-71.913863,1.7110129131490877
2014-07-12,41.909466,-71.913863,0.0
2014-07-13,41.909466,-71.913863,0.0
2014-07-14,41.909466,-71.913863,7.143839262062375
2014-07-15,41.909466,-71.913863,17.693727232543317
2014-07-16,41.909466,-71.913863,21.94862303414274
2014-07-17,41.909466,-71.913863,0.8177985364771726
2014-07-18,41.909466,-71.913863,0.0
2014-07-19,41.909466,-71.913863,1.2992905762177591
2014-07-20,41.909466,-71.913863,0.7331632348497634
2014-07-21,41.909466,-71.913863,0.0
2014-07-22,41.909466,-71.913863,0.0
2014-07-23,41.909466,-71.913863,0.0
2014-07-24,41.909466,-71.913863,15.894200081069611
2014-07-25,41.909466,-71.913863,0.08280455443228885
2014-07-26,41.909466,-71.913863,0.5347316684372395
2014-07-27,41.909466,-71.913863,4.416617339534463
2014-07-28,41.909466,-71.913863,3.179134932848645
2014-07-29,41.909466,-71.913863,0.0
2014-07-30,41.909466,-71.913863,0.0
2014-07-31,41.909466,-71.913863,0.0
2014-08-01,41.909466,-71.913863,0.03235028745851827
2014-08-02,41.909466,-71.913863,30.93480030220163
2014-08-03,41.909466,-71.913863,7.202134010000628
2014-08-04,41.909466,-71.913863,0.0
2014-08-05,41.909466,-71.913863,0.0
2014-08-06,41.909466,-71.913863,0.14396348608501097
2014-08-07,41.909466,-71.913863,2.2643152460164657
2014-08-08,41.909466,-71.913863,0.0
2014-08-09,41.909466,-71.913863,0.0
2014-08-10,41.909466,-71.913863,0.0
2014-08-11,41.909466,-71.913863,0.0
2014-08-12,41.909466,-71.913863,1.9117552726602116
2014-08-13,41.909466,-71.913863,39.93589888350212
2014-08-14,41.909466,-71.913863,0.0
2014-08-15,41.909466,-71.913863,1.3397316690183632
2014-08-16,41.909466,-71.913863,0.08588775268996282
2014-08-17,41.909466,-71.913863,0.11210566367683587
2014-08-18,41.909466,-71.913863,0.0
2014-08-19,41.909466,-71.913863,0.0
2014-08-20,41.909466,-71.913863,0.004297548211664281
2014-08-21,41.909466,-71.913863,0.9114926191434483
2014-08-22,41.909466,-71.913863,0.7536392816242763
2014-08-23,41.909466,-71.913863,0.0
2014-08-24,41.909466,-71.913863,0.0
2014-08-25,41.909466,-71.913863,0.0
2014-08-26,41.909466,-71.913863,0.0
2014-08-27,41.909466,-71.913863,0.0
2014-08-28,41.909466,-71.913863,0.8797299716866067
2014-08-29,41.909466,-71.913863,0.0
2014-08-30,41.909466,-71.913863,0.0
2014-08-31,41.909466,-71.913863,8.517323147334029
2014-09-01,41.909466,-71.913863,2.6221908580138216
2014-09-02,41.909466,-71.913863,0.0
2014-09-03,41.909466,-71.913863,0.0
2014-09-04,41.909466,-71.913863,0.0
2014-09-05,41.909466,-71.913863,0.0
2014-09-06,41.909466,-71.913863,0.18642772627136178
2014-09-07,41.909466,-71.913863,2.833947503297041
2014-09-08,41.909466,-71.913863,0.04966400251911918
2014-09-09,41.909466,-71.913863,0.07959519985695818
2014-09-10,41.909466,-71.913863,0.0
2014-09-11,41.909466,-71.913863,0.0
2014-09-12,41.909466,-71.913863,0.0
2014-09-13,41.909466,-71.913863,5.084319441026984
2014-09-14,41.909466,-71.913863,0.06472651101245286
2014-09-15,41.909466,-71.913863,0.0
2014-09-16,41.909466,-71.913863,0.004872212814166736
2014-09-17,41.909466,-71.913863,0.0
2014-09-18,41.909466,-71.913863,0.0
2014-09-19,41.909466,-71.913863,0.005262501535740488
2014-09-20,41.909466,-71.913863,0.0
2014-09-21,41.909466,-71.913863,1.5870821070247165
2014-09-22,41.909466,-71.913863,0.0
2014-09-23,41.909466,-71.913863,0.00319327494808031
2014-09-24,41.909466,-71.913863,0.0
2014-09-25,41.909466,-71.913863,4.084144628990941
2014-09-26,41.909466,-71.913863,16.510710994754486
2014-09-27,41.909466,-71.913863,0.0
2014-09-28,41.909466,-71.913863,0.0
2014-09-29,41.909466,-71.913863,0.519532232731217
2014-09-30,41.909466,-71.913863,3.686931986607882
2014-10-01,41.909466,-71.913863,9.932573335392146
2014-10-02,41.909466,-71.913863,7.471402730559313
2014-10-03,41.909466,-71.913863,0.0
2014-10-04,41.909466,-71.913863,7.174591121082789
2014-10-05,41.909466,-71.913863,0.0
2014-10-06,41.909466,-71.913863,0.0
2014-10-07,41.909466,-71.913863,0.854589928725384
2014-10-08,41.909466,-71.913863,7.426700025701858
2014-10-09,41.909466,-71.913863,0.0
2014-10-10,41.909466,-71.913863,0.05104582448995926
2014-10-11,41.909466,-71.913863,20.14068602893335
2014-10-12,41.909466,-71.913863,0.0
2014-10-13,41.909466,-71.913863,0.0
2014-10-14,41.909466,-71.913863,0.0
2014-10-15,41.909466,-71.913863,0.0
2014-10-16,41.909466,-71.913863,40.92169063167688
2014-10-17,41.909466,-71.913863,2.6073908445908045
2014-10-18,41.909466,-71.913863,0.1072110063104681
2014-10-19,41.909466,-71.913863,0.0
2014-10-20,41.909466,-71.913863,0.0
2014-10-21,41.909466,-71.913863,0.24122004828692473
2014-10-22,41.909466,-71.913863,13.8073781373845
2014-10-23,41.909466,-71.913863,13.420565888683086
2014-10-24,41.909466,-71.913863,1.6108403758388794
2014-10-25,41.909466,-71.913863,0.0
2014-10-26,41.909466,-71.913863,0.0
2014-10-27,41.909466,-71.913863,0.0
2014-10-28,41.909466,-71.913863,0.34286011880504474
2014-10-29,41.909466,-71.913863,0.056087679151042354
2014-10-30,41.909466,-71.913863,0.24287640250004647
2014-10-31,41.909466,-71.913863,0.0
2014-11-01,41.909466,-71.913863,4.818138860144889
2014-11-02,41.909466,-71.913863,0.7966503767361205
2014-11-03,41.909466,-71.913863,0.0
2014-11-04,41.909466,-71.913863,0.0025887241349099536
2014-11-05,41.909466,-71.913863,1.3104944032108323
2014-11-06,41.909466,-71.913863,8.822053323462312
2014-11-07,41.909466,-71.913863,2.3332178170716
2014-11-08,41.909466,-71.913863,0.0
2014-11-09,41.909466,-71.913863,0.011598175443304099
2014-11-10,41.909466,-71.913863,0.0
2014-11-11,41.909466,-71.913863,0.0
2014-11-12,41.909466,-71.913863,0.0
2014-11-13,41.909466,-71.913863,0.005078125654811786
2014-11-14,41.909466,-71.913863,3.3959160687656635
2014-11-15,41.909466,-71.913863,0.0
2014-11-16,41.909466,-71.913863,0.0
2014-11-17,41.909466,-71.913863,48.95992201691974
2014-11-18,41.909466,-71.913863,2.259486113023399
2014-11-19,41.909466,-71.913863,0.0
2014-11-20,41.909466,-71.913863,0.0
2014-11-21,41.909466,-71.913863,0.0
2014-11-22,41.909466,-71.913863,0.0
2014-11-23,41.909466,-71.913863,0.49152612877717056
2014-11-24,41.909466,-71.913863,13.645401985728418
2014-11-25,41.909466,-71.913863,0.07427424748662673
2014-11-26,41.909466,-71.913863,49.260085535773925
2014-11-27,41.909466,-71.913863,2.747723819950964
2014-11-28,41.909466,-71.913863,0.015940886366922993
2014-11-29,41.909466,-71.913863,0.0
2014-11-30,41.909466,-71.913863,0.009889458490783539
2014-12-01,41.909466,-71.913863,0.23124222464408278
2014-12-02,41.909466,-71.913863,1.306105124783285
2014-12-03,41.909466,-71.913863,7.19370885971665
2014-12-04,41.909466,-71.913863,0.0
2014-12-05,41.909466,-71.913863,0.4800710748104512
2014-12-06,41.909466,-71.913863,20.914851523882767
2014-12-07,41.909466,-71.913863,19.956576898928198
2014-12-08,41.909466,-71.913863,0.024422358158322298
2014-12-09,41.909466,-71.913863,65.75254397967207
2014-12-10,41.909466,-71.913863,0.2898519893213016
2014-12-11,41.909466,-71.913863,0.03552554969473949
2014-12-12,41.909466,-71.913863,0.0
2014-12-13,41.909466,-71.913863,0.0
2014-12-14,41.909466,-71.913863,0.0
2014-12-15,41.909466,-71.913863,0.0
2014-12-16,41.909466,-71.913863,0.0
2014-12-17,41.909466,-71.913863,13.411716888406076
2014-12-18,41.909466,-71.913863,0.0
2014-12-19,41.909466,-71.913863,0.0
2014-12-20,41.909466,-71.913863,0.0
2014-12-21,41.909466,-71.913863,0.0012943620674549768
2014-12-22,41.909466,-71.913863,0.0
2014-12-23,41.909466,-71.913863,0.8544919574605713
2014-12-24,41.909466,-71.913863,18.94436840760172
2014-12-25,41.909466,-71.913863,21.498193022443512
2014-12-26,41.909466,-71.913863,0.0
2014-12-27,41.909466,-71.913863,0.0
2014-12-28,41.909466,-71.913863,4.9847600960555205
2014-12-29,41.909466,-71.913863,0.5608870428729216
2014-12-30,41.909466,-71.913863,0.0
2014-12-31,41.909466,-71.913863,0.0
2015-01-01,41.909466,-71.913863,0.032043738251029553
2015-01-02,41.909466,-71.913863,0.0
2015-01-03,41.909466,-71.913863,3.2242376983341314
2015-01-04,41.909466,-71.913863,27.791034965131157
2015-01-05,41.909466,-71.913863,6.178759117942912
2015-01-06,41.909466,-71.913863,0.153637346365676
2015-01-07,41.909466,-71.913863,0.1758998458127831
2015-01-08,41.909466,-71.913863,0.0
2015-01-09,41.909466,-71.913863,0.2774463234101712
2015-01-10,41.909466,-71.913863,0.0
2015-01-11,41.909466,-71.913863,0.0
2015-01-12,41.909466,-71.913863,14.294271208860529
2015-01-13,41.909466,-71.913863,1.9400646231251841
2015-01-14,41.909466,-71.913863,0.0
2015-01-15,41.909466,-71.913863,0.035884555792957816
2015-01-16,41.909466,-71.913863,0.0510591586991546
2015-01-17,41.909466,-71.913863,0.0
2015-01-18,41.909466,-71.913863,5.81230125489198
2015-01-19,41.909466,-71.913863,19.983504884807203
2015-01-20,41.909466,-71.913863,0.03917149040209391
2015-01-21,41.909466,-71.913863,0.09658105257388627
2015-01-22,41.909466,-71.913863,0.03374619580622076
2015-01-23,41.909466,-71.913863,0.04686962478367431
2015-01-24,41.909466,-71.913863,17.389966672131678
2015-01-25,41.909466,-71.913863,0.22680299512400898
2015-01-26,41.909466,-71.913863,3.5906441667829556
2015-01-27,41.909466,-71.913863,24.653558738888886
2015-01-28,41.909466,-71.913863,0.11010354936506289
2015-01-29,41.909466,-71.913863,0.0
2015-01-30,41.909466,-71.913863,3.8467040306498324
2015-01-31,41.909466,-71.913863,0.0
2015-02-01,41.909466,-71.913863,0.0
2015-02-02,41.909466,-71.913863,14.055010675196504
2015-02-03,41.909466,-71.913863,0.0
2015-02-04,41.909466,-71.913863,0.0
2015-02-05,41.909466,-71.913863,1.4055213416147998
2015-02-06,41.909466,-71.913863,0.3705649612989819
2015-02-07,41.909466,-71.913863,0.3351322733605011
2015-02-08,41.909466,-71.913863,6.772049667551419
2015-02-09,41.909466,-71.913863,8.393400760326058
2015-02-10,41.909466,-71.913863,0.14580606734878504
2015-02-11,41.909466,-71.913863,0.19247760604737468
2015-02-12,41.909466,-71.913863,0.051270645300983325
2015-02-13,41.909466,-71.913863,0.0
2015-02-14,41.909466,-71.913863,0.29757416412587173
2015-02-15,41.909466,-71.913863,0.3028032397654915
2015-02-16,41.909466,-71.913863,0.0
2015-02-17,41.909466,-71.913863,0.0
2015-02-18,41.909466,-71.913863,0.0789560897311595
2015-02-19,41.909466,-71.913863,0.0
2015-02-20,41.909466,-71.913863,0.0
2015-02-21,41.909466,-71.913863,4.393406289212521
2015-02-22,41.909466,-71.913863,15.227619235278242
2015-02-23,41.909466,-71.913863,0.27630031029268687
2015-02-24,41.909466,-71.913863,0.0
2015-02-25,41.909466,-71.913863,0.005860124849560758
2015-02-26,41.909466,-71.913863,0.12735707130037746
2015-02-27,41.909466,-71.913863,0.0
2015-02-28,41.909466,-71.913863,0.0
2015-03-01,41.909466,-71.913863,2.1119497679526615
2015-03-02,41.909466,-71.913863,1.9099324809660077
2015-03-03,41.909466,-71.913863,1.1360755116950627
2015-03-04,41.909466,-71.913863,17.145139907126527
2015-03-05,41.909466,-71.913863,23.662168077758885
2015-03-06,41.909466,-71.913863,0.18651159831388017
2015-03-07,41.909466,-71.913863,0.13341619136900768
2015-03-08,41.909466,-71.913863,0.13612218895967398
2015-03-09,41.909466,-71.913863,0.0
2015-03-10,41.909466,-71.913863,0.6125232046558626
2015-03-11,41.909466,-71.913863,5.405852879464306
2015-03-12,41.909466,-71.913863,0.0
2015-03-13,41.909466,-71.913863,0.0
2015-03-14,41.909466,-71.913863,17.28211285577052
2015-03-15,41.909466,-71.913863,1.4288435741826322
2015-03-16,41.909466,-71.913863,0.0
2015-03-17,41.909466,-71.913863,3.3059032623331763
2015-03-18,41.909466,-71.913863,0.0
2015-03-19,41.909466,-71.913863,0.0
2015-03-20,41.909466,-71.913863,2.5169653234355804
2015-03-21,41.909466,-71.913863,0.9837257387035808
2015-03-22,41.909466,-71.913863,0.014186900060401509
2015-03-23,41.909466,-71.913863,0.0
2015-03-24,41.909466,-71.913863,0.0021487741058321404
2015-03-25,41.909466,-71.913863,0.7016888181204223
2015-03-26,41.909466,-71.913863,3.9505012174252125
2015-03-27,41.909466,-71.913863,6.323515880105628
2015-03-28,41.909466,-71.913863,1.0249151312671556
2015-03-29,41.909466,-71.913863,0.0
2015-03-30,41.909466,-71.913863,0.47011832901861944
2015-03-31,41.909466,-71.913863,0.020035598245361455
2015-04-01,41.909466,-71.913863,0.005177448269819907
2015-04-02,41.909466,-71.913863,0.032281520031730945
2015-04-03,41.909466,-71.913863,10.172474349645746
2015-04-04,41.909466,-71.913863,7.353183556683185
2015-04-05,41.909466,-71.913863,0.37412298835109065
2015-04-06,41.909466,-71.913863,0.4928037249769227
2015-04-07,41.909466,-71.913863,3.0176359140769806
2015-04-08,41.909466,-71.913863,0.7616727548045308
2015-04-09,41.909466,-71.913863,13.084343219568753
2015-04-10,41.909466,-71.913863,7.18114015869917
2015-04-11,41.909466,-71.913863,0.0
2015-04-12,41.909466,-71.913863,0.0
2015-04-13,41.909466,-71.913863,0.0
2015-04-14,41.909466,-71.913863,2.442638103582845
2015-04-15,41.909466,-71.913863,0.04036368680180188
2015-04-16,41.909466,-71.913863,0.0
2015-04-17,41.909466,-71.913863,7.125642551354217
2015-04-18,41.909466,-71.913863,0.0
2015-04-19,41.909466,-71.913863,0.0
2015-04-20,41.909466,-71.913863,11.466458279931825
2015-04-21,41.909466,-71.913863,9.392569571020854
2015-04-22,41.909466,-71.913863,1.7071534528912438
2015-04-23,41.909466,-71.913863,0.43768337519185563
2015-04-24,41.909466,-71.913863,0.0
2015-04-25,41.909466,-71.913863,0.0
2015-04-26,41.909466,-71.913863,0.0
2015-04-27,41.909466,-71.913863,0.011893199734165612
2015-04-28,41.909466,-71.913863,0.0
2015-04-29,41.909466,-71.913863,0.0
2015-04-30,41.909466,-71.913863,0.020813100088610103
2015-05-01,41.909466,-71.913863,0.0
2015-05-02,41.909466,-71.913863,0.0
2015-05-03,41.909466,-71.913863,0.0
2015-05-04,41.909466,-71.913863,0.0
2015-05-05,41.909466,-71.913863,0.2696423725812319
2015-05-06,41.909466,-71.913863,0.24080617364997253
2015-05-07,41.909466,-71.913863,0.0
2015-05-08,41.909466,-71.913863,0.0
2015-05-09,41.909466,-71.913863,0.0
2015-05-10,41.909466,-71.913863,0.0
2015-05-11,41.909466,-71.913863,0.0
2015-05-12,41.909466,-71.913863,0.03301339688879258
2015-05-13,41.909466,-71.913863,0.1403658851636906
2015-05-14,41.909466,-71.913863,0.0
2015-05-15,41.909466,-71.913863,0.0
2015-05-16,41.909466,-71.913863,0.043872125950411414
2015-05-17,41.909466,-71.913863,1.31873919889197
2015-05-18,41.909466,-71.913863,0.0
2015-05-19,41.909466,-71.913863,4.275514390809299
2015-05-20,41.909466,-71.913863,14.374549951297615
2015-05-21,41.909466,-71.913863,0.0012943620674549768
2015-05-22,41.909466,-71.913863,0.17443243976262043
2015-05-23,41.909466,-71.913863,0.0
2015-05-24,41.909466,-71.913863,0.0
2015-05-25,41.909466,-71.913863,0.0851418531182924
2015-05-26,41.909466,-71.913863,0.07735586620899557
2015-05-27,41.909466,-71.913863,0.007973299821782694
2015-05-28,41.909466,-71.913863,0.2616542289635992
2015-05-29,41.909466,-71.913863,0.06670847559212079
2015-05-30,41.909466,-71.913863,0.0
2015-05-31,41.909466,-71.913863,30.299541025489546
2015-06-01,41.909466,-71.913863,16.20962024579882
2015-06-02,41.909466,-71.913863,16.389282129582558
2015-06-03,41.909466,-71.913863,0.019926372132929186
2015-06-04,41.909466,-71.913863,0.0
2015-06-05,41.909466,-71.913863,0.07108009785741616
2015-06-06,41.909466,-71.913863,0.14536886123988152
2015-06-07,41.909466,-71.913863,0.0
2015-06-08,41.909466,-71.913863,0.3206180582945355
2015-06-09,41.909466,-71.913863,2.155305884202849
2015-06-10,41.909466,-71.913863,0.0
2015-06-11,41.909466,-71.913863,0.0025887241349099536
2015-06-12,41.909466,-71.913863,0.008840559457645931
2015-06-13,41.909466,-71.913863,0.2322149535817277
2015-06-14,41.909466,-71.913863,0.0
2015-06-15,41.909466,-71.913863,30.793944762827437
2015-06-16,41.909466,-71.913863,0.45398253421353385
2015-06-17,41.909466,-71.913863,4.619772233746523
2015-06-18,41.909466,-71.913863,0.0
2015-06-19,41.909466,-71.913863,0.13975521222701454
2015-06-20,41.909466,-71.913863,0.0
2015-06-21,41.909466,-71.913863,20.756125271386914
2015-06-22,41.909466,-71.913863,0.0
2015-06-23,41.909466,-71.913863,5.676650054047662
2015-06-24,41.909466,-71.913863,2.3182021273785245
2015-06-25,41.909466,-71.913863,3.743966583837495
2015-06-26,41.909466,-71.913863,0.6081650313723014
2015-06-27,41.909466,-71.913863,7.074496514838092
2015-06-28,41.909466,-71.913863,31.677642657892395
2015-06-29,41.909466,-71.913863,0.0
2015-06-30,41.909466,-71.913863,0.0
2015-07-01,41.909466,-71.913863,13.54181303395853
2015-07-02,41.909466,-71.913863,0.10436699219999637
2015-07-03,41.909466,-71.913863,5.204010689933545
2015-07-04,41.909466,-71.913863,0.9735847055566909
2015-07-05,41.909466,-71.913863,0.0
2015-07-06,41.909466,-71.913863,0.5007567824964735
2015-07-07,41.909466,-71.913863,0.0
2015-07-08,41.909466,-71.913863,1.333253219068845
2015-07-09,41.909466,-71.913863,0.1406661796840496
2015-07-10,41.909466,-71.913863,6.930983261370364
2015-07-11,41.909466,-71.913863,0.0
2015-07-12,41.909466,-71.913863,0.0
2015-07-13,41.909466,-71.913863,0.06672288354554981
2015-07-14,41.909466,-71.913863,0.7143451036940076
2015-07-15,41.909466,-71.913863,5.738189401277876
2015-07-16,41.909466,-71.913863,0.05221032202487588
2015-07-17,41.909466,-71.913863,0.0
2015-07-18,41.909466,-71.913863,5.630884058412439
2015-07-19,41.909466,-71.913863,0.5809482212800418
2015-07-20,41.909466,-71.913863,1.8792483285105077
2015-07-21,41.909466,-71.913863,1.6943281599945959
2015-07-22,41.909466,-71.913863,6.06580933832038
2015-07-23,41.909466,-71.913863,0.0
2015-07-24,41.909466,-71.913863,7.414715875715878
2015-07-25,41.909466,-71.913863,0.1514885742610457
2015-07-26,41.909466,-71.913863,0.9540566699354511
2015-07-27,41.909466,-71.913863,0.821859956994676
2015-07-28,41.909466,-71.913863,0.0
2015-07-29,41.909466,-71.913863,0.0
2015-07-30,41.909466,-71.913863,10.045023709522393
2015-07-31,41.909466,-71.913863,0.5385525526797637
2015-08-01,41.909466,-71.913863,0.0
2015-08-02,41.909466,-71.913863,0.0
2015-08-03,41.909466,-71.913863,0.0
2015-08-04,41.909466,-71.913863,9.518053761671014
2015-08-05,41.909466,-71.913863,0.0
2015-08-06,41.909466,-71.913863,0.008788054646938933
2015-08-07,41.909466,-71.913863,0.0
2015-08-08,41.909466,-71.913863,0.0
2015-08-09,41.909466,-71.913863,0.05049181948551943
2015-08-10,41.909466,-71.913863,0.0
2015-08-11,41.909466,-71.913863,37.80249151074246
2015-08-12,41.909466,-71.913863,1.716442019545621
2015-08-13,41.909466,-71.913863,0.0
2015-08-14,41.909466,-71.913863,0.0
2015-08-15,41.909466,-71.913863,0.0
2015-08-16,41.909466,-71.913863,17.029024981429604
2015-08-17,41.909466,-71.913863,0.0
2015-08-18,41.909466,-71.913863,0.0
2015-08-19,41.909466,-71.913863,0.0
2015-08-20,41.909466,-71.913863,0.0
2015-08-21,41.909466,-71.913863,4.327037637454228
2015-08-22,41.909466,-71.913863,0.7830491485380108
2015-08-23,41.909466,-71.913863,0.0
2015-08-24,41.909466,-71.913863,0.0
2015-08-25,41.909466,-71.913863,0.0
2015-08-26,41.909466,-71.913863,0.0
2015-08-27,41.909466,-71.913863,0.0
2015-08-28,41.909466,-71.913863,0.0
2015-08-29,41.909466,-71.913863,0.0
2015-08-30,41.909466,-71.913863,0.0
2015-08-31,41.909466,-71.913863,0.0
2015-09-01,41.909466,-71.913863,0.0
2015-09-02,41.909466,-71.913863,0.0
2015-09-03,41.909466,-71.913863,0.0
2015-09-04,41.909466,-71.913863,0.13188199116505986
2015-09-05,41.909466,-71.913863,0.0
2015-09-06,41.909466,-71.913863,0.0
2015-09-07,41.909466,-71.913863,0.0
2015-09-08,41.909466,-71.913863,0.0
2015-09-09,41.909466,-71.913863,0.0
2015-09-10,41.909466,-71.913863,26.324903563903828
2015-09-11,41.909466,-71.913863,5.652000863884731
2015-09-12,41.909466,-71.913863,0.02815767501458283
2015-09-13,41.909466,-71.913863,19.967783847536886
2015-09-14,41.909466,-71.913863,0.09959607275709759
2015-09-15,41.909466,-71.913863,0.0
2015-09-16,41.909466,-71.913863,0.0
2015-09-17,41.909466,-71.913863,0.0
2015-09-18,41.909466,-71.913863,0.0
2015-09-19,41.909466,-71.913863,0.0
2015-09-20,41.909466,-71.913863,0.0
2015-09-21,41.909466,-71.913863,0.0
2015-09-22,41.909466,-71.913863,0.3107810109090837
2015-09-23,41.909466,-71.913863,0.08775768597152359
2015-09-24,41.909466,-71.913863,0.0
2015-09-25,41.909466,-71.913863,0.0
2015-09-26,41.909466,-71.913863,0.02443963130028165
2015-09-27,41.909466,-71.913863,0.0
2015-09-28,41.909466,-71.913863,0.0
2015-09-29,41.909466,-71.913863,0.0
2015-09-30,41.909466,-71.913863,61.009587624838446
2015-10-01,41.909466,-71.913863,2.864839074597247
2015-10-02,41.909466,-71.913863,28.77337097273529
2015-10-03,41.909466,-71.913863,4.010507280937762
2015-10-04,41.909466,-71.913863,0.0
2015-10-05,41.909466,-71.913863,0.006202174015231916
2015-10-06,41.909466,-71.913863,0.0
2015-10-07,41.909466,-71.913863,0.014586752939232495
2015-10-08,41.909466,-71.913863,0.030082838282130715
2015-10-09,41.909466,-71.913863,1.6478391382624142
2015-10-10,41.909466,-71.913863,0.32335675862414087
2015-10-11,41.909466,-71.913863,0.0
2015-10-12,41.909466,-71.913863,0.0
2015-10-13,41.909466,-71.913863,2.5788568541658012
2015-10-14,41.909466,-71.913863,0.0
2015-10-15,41.909466,-71.913863,0.0
2015-10-16,41.909466,-71.913863,0.38304372978230855
2015-10-17,41.909466,-71.913863,0.0
2015-10-18,41.909466,-71.913863,0.0
2015-10-19,41.909466,-71.913863,0.0
2015-10-20,41.909466,-71.913863,0.01069673853011729
2015-10-21,41.909466,-71.913863,0.756713710512462
2015-10-22,41.909466,-71.913863,0.007446874775182832
2015-10-23,41.909466,-71.913863,0.005371935064460164
2015-10-24,41.909466,-71.913863,0.0018989128806253329
2015-10-25,41.909466,-71.913863,5.472069639273038
2015-10-26,41.909466,-71.913863,0.0
2015-10-27,41.909466,-71.913863,0.0
2015-10-28,41.909466,-71.913863,5.704071584582545
2015-10-29,41.909466,-71.913863,14.963989025031612
2015-10-30,41.909466,-71.913863,0.0
2015-10-31,41.909466,-71.913863,0.0037978257612506657
2015-11-01,41.909466,-71.913863,6.796572168568969
2015-11-02,41.909466,-71.913863,0.0
2015-11-03,41.909466,-71.913863,0.0
2015-11-04,41.909466,-71.913863,0.0
2015-11-05,41.909466,-71.913863,0.0
2015-11-06,41.909466,-71.913863,0.0
2015-11-07,41.909466,-71.913863,0.07693871327636474
2015-11-08,41.909466,-71.913863,0.0014646757744898222
2015-11-09,41.909466,-71.913863,0.0
2015-11-10,41.909466,-71.913863,15.651557558002837
2015-11-11,41.909466,-71.913863,3.871701243231159
2015-11-12,41.909466,-71.913863,1.472602891319474
2015-11-13,41.909466,-71.913863,0.0
2015-11-14,41.909466,-71.913863,0.0
2015-11-15,41.909466,-71.913863,0.0
2015-11-16,41.909466,-71.913863,0.0
2015-11-17,41.909466,-71.913863,0.0
2015-11-18,41.909466,-71.913863,0.0
2015-11-19,41.909466,-71.913863,1.4166829507488674
2015-11-20,41.909466,-71.913863,20.306838879585513
2015-11-21,41.909466,-71.913863,0.0
2015-11-22,41.909466,-71.913863,11.766698771387762
2015-11-23,41.909466,-71.913863,8.50928013312685
2015-11-24,41.909466,-71.913863,0.0
2015-11-25,41.909466,-71.913863,0.0
2015-11-26,41.909466,-71.913863,0.0
2015-11-27,41.909466,-71.913863,0.0
2015-11-28,41.909466,-71.913863,7.640472386923375
2015-11-29,41.909466,-71.913863,0.004615424089609842
2015-11-30,41.909466,-71.913863,0.0
2015-12-01,41.909466,-71.913863,5.2122738737722
2015-12-02,41.909466,-71.913863,11.725289012596699
2015-12-03,41.909466,-71.913863,1.197340687494975
2015-12-04,41.909466,-71.913863,0.0
2015-12-05,41.909466,-71.913863,0.0
2015-12-06,41.909466,-71.913863,0.0
2015-12-07,41.909466,-71.913863,0.11521696571369108
2015-12-08,41.909466,-71.913863,0.023636515564393924
2015-12-09,41.909466,-71.913863,0.0
2015-12-10,41.909466,-71.913863,0.0
2015-12-11,41.909466,-71.913863,0.0
2015-12-12,41.909466,-71.913863,0.0
2015-12-13,41.909466,-71.913863,1.423983769551443
2015-12-14,41.909466,-71.913863,0.0
2015-12-15,41.909466,-71.913863,8.071656812340848
2015-12-16,41.909466,-71.913863,0.0
2015-12-17,41.909466,-71.913863,30.843993899057956
2015-12-18,41.909466,-71.913863,1.8611923489563476
2015-12-19,41.909466,-71.913863,0.0
2015-12-20,41.909466,-71.913863,0.0
2015-12-21,41.909466,-71.913863,0.1404990801220784
2015-12-22,41.909466,-71.913863,13.989733508068914
2015-12-23,41.909466,-71.913863,14.943977761482191
2015-12-24,41.909466,-71.913863,24.09640080605433
2015-12-25,41.909466,-71.913863,0.10852214213677876
2015-12-26,41.909466,-71.913863,2.125654070019662
2015-12-27,41.909466,-71.913863,4.13561168351253
2015-12-28,41.909466,-71.913863,3.017199891801941
2015-12-29,41.909466,-71.913863,31.02936700719487
2015-12-30,41.909466,-71.913863,0.0
2015-12-31,41.909466,-71.913863,7.706259968130371
2016-01-01,41.909466,-71.913863,0.32276973271457365
2016-01-02,41.909466,-71.913863,0.0
2016-01-03,41.909466,-71.913863,0.0
2016-01-04,41.909466,-71.913863,0.0
2016-01-05,41.909466,-71.913863,0.0
2016-01-06,41.909466,-71.913863,0.0
2016-01-07,41.909466,-71.913863,0.04367499519328237
2016-01-08,41.909466,-71.913863,0.0
2016-01-09,41.909466,-71.913863,0.0
2016-01-10,41.909466,-71.913863,52.6902129152836
2016-01-11,41.909466,-71.913863,0.0
2016-01-12,41.909466,-71.913863,0.3322212264102078
2016-01-13,41.909466,-71.913863,0.0021487741058321404
2016-01-14,41.909466,-71.913863,0.0
2016-01-15,41.909466,-71.913863,0.0
2016-01-16,41.909466,-71.913863,24.172149847172243
2016-01-17,41.909466,-71.913863,0.7589257272269082
2016-01-18,41.909466,-71.913863,0.15259443559843403
2016-01-19,41.909466,-71.913863,0.0
2016-01-20,41.909466,-71.913863,0.0
2016-01-21,41.909466,-71.913863,0.0
2016-01-22,41.909466,-71.913863,0.0
2016-01-23,41.909466,-71.913863,16.287033293000366
2016-01-24,41.909466,-71.913863,2.98049162676857
2016-01-25,41.909466,-71.913863,0.0
2016-01-26,41.909466,-71.913863,0.007595651522501331
2016-01-27,41.909466,-71.913863,0.4051963595470917
2016-01-28,41.909466,-71.913863,0.0
2016-01-29,41.909466,-71.913863,0.12242187242439481
2016-01-30,41.909466,-71.913863,0.0
2016-01-31,41.909466,-71.913863,0.11706430237859594
2016-02-01,41.909466,-71.913863,0.21910326639904731
2016-02-02,41.909466,-71.913863,0.0
2016-02-03,41.909466,-71.913863,15.709642466102276
2016-02-04,41.909466,-71.913863,16.530088403736585
2016-02-05,41.909466,-71.913863,45.14635428430967
2016-02-06,41.909466,-71.913863,0.0007323378872449111
2016-02-07,41.909466,-71.913863,0.0
2016-02-08,41.909466,-71.913863,16.97496953177952
2016-02-09,41.909466,-71.913863,0.6511749684505377
2016-02-10,41.909466,-71.913863,0.007595651522501331
2016-02-11,41.909466,-71.913863,0.007520709570532679
2016-02-12,41.909466,-71.913863,0.0
2016-02-13,41.909466,-71.913863,0.0
2016-02-14,41.909466,-71.913863,0.0
2016-02-15,41.909466,-71.913863,0.9510932916833901
2016-02-16,41.909466,-71.913863,22.498176993068896
2016-02-17,41.909466,-71.913863,0.0
2016-02-18,41.909466,-71.913863,0.0
2016-02-19,41.909466,-71.913863,0.0
2016-02-20,41.909466,-71.913863,0.09094227562221568
2016-02-21,41.909466,-71.913863,0.0
2016-02-22,41.909466,-71.913863,0.6808319445257344
2016-02-23,41.909466,-71.913863,0.43031623268235336
2016-02-24,41.909466,-71.913863,11.434812070952322
2016-02-25,41.909466,-71.913863,25.381985262042832
2016-02-26,41.909466,-71.913863,0.0
2016-02-27,41.909466,-71.913863,0.0
2016-02-28,41.909466,-71.913863,0.006446322317496422
2016-02-29,41.909466,-71.913863,2.6715739583508142
2016-03-01,41.909466,-71.913863,0.0
2016-03-02,41.909466,-71.913863,11.573079671475192
2016-03-03,41.909466,-71.913863,0.0
2016-03-04,41.909466,-71.913863,0.05603527537392558
2016-03-05,41.909466,-71.913863,0.0
2016-03-06,41.909466,-71.913863,0.0
2016-03-07,41.909466,-71.913863,0.0
2016-03-08,41.909466,-71.913863,0.0
2016-03-09,41.909466,-71.913863,0.0
2016-03-10,41.909466,-71.913863,4.79207912004876
2016-03-11,41.909466,-71.913863,10.806193497104603
2016-03-12,41.909466,-71.913863,0.0
2016-03-13,41.909466,-71.913863,0.0012943620674549768
2016-03-14,41.909466,-71.913863,12.773708505231369
2016-03-15,41.909466,-71.913863,0.44357641742015763
2016-03-16,41.909466,-71.913863,0.2639488935902221
2016-03-17,41.909466,-71.913863,7.790874694577139
2016-03-18,41.909466,-71.913863,0.03383166223294107
2016-03-19,41.909466,-71.913863,0.0
2016-03-20,41.909466,-71.913863,0.0
2016-03-21,41.909466,-71.913863,2.400092790893439
2016-03-22,41.909466,-71.913863,0.0
2016-03-23,41.909466,-71.913863,10.76406439792711
2016-03-24,41.909466,-71.913863,0.0
2016-03-25,41.909466,-71.913863,0.9955944360306969
2016-03-26,41.909466,-71.913863,0.0
2016-03-27,41.909466,-71.913863,0.0
2016-03-28,41.909466,-71.913863,23.914536003859094
2016-03-29,41.909466,-71.913863,0.0
2016-03-30,41.909466,-71.913863,0.0
2016-03-31,41.909466,-71.913863,0.0
2016-04-01,41.909466,-71.913863,2.153117283806707
2016-04-02,41.909466,-71.913863,7.426386189638189
2016-04-03,41.909466,-71.913863,5.739977922494585
2016-04-04,41.909466,-71.913863,0.9296266626169906
2016-04-05,41.909466,-71.913863,0.0
2016-04-06,41.909466,-71.913863,0.01500692716407396
2016-04-07,41.909466,-71.913863,24.85623426371018
2016-04-08,41.909466,-71.913863,0.2975166176142163
2016-04-09,41.909466,-71.913863,0.0
2016-04-10,41.909466,-71.913863,0.007520709570532679
2016-04-11,41.909466,-71.913863,0.22798286618329572
2016-04-12,41.909466,-71.913863,8.826955116583562
2016-04-13,41.909466,-71.913863,0.0
2016-04-14,41.909466,-71.913863,0.0
2016-04-15,41.909466,-71.913863,0.0
2016-04-16,41.909466,-71.913863,0.0
2016-04-17,41.909466,-71.913863,0.0
2016-04-18,41.909466,-71.913863,0.0
2016-04-19,41.909466,-71.913863,0.4949918716234662
2016-04-20,41.909466,-71.913863,0.0
2016-04-21,41.909466,-71.913863,0.0
2016-04-22,41.909466,-71.913863,0.4010844275283476
2016-04-23,41.909466,-71.913863,18.031984163348806
2016-04-24,41.909466,-71.913863,0.0
2016-04-25,41.909466,-71.913863,0.00949456404942657
2016-04-26,41.909466,-71.913863,6.025076369161064
2016-04-27,41.909466,-71.913863,0.0
2016-04-28,41.909466,-71.913863,0.022123385658255355
2016-04-29,41.909466,-71.913863,2.365398950922316
2016-04-30,41.909466,-71.913863,0.03816667300365858
2016-05-01,41.909466,-71.913863,2.816477482857502
2016-05-02,41.909466,-71.913863,5.500244085198149
2016-05-03,41.909466,-71.913863,12.008970422516363
2016-05-04,41.909466,-71.913863,3.8368425027536937
2016-05-05,41.909466,-71.913863,3.848680606186081
2016-05-06,41.909466,-71.913863,0.29872503959285324
2016-05-07,41.909466,-71.913863,4.718579700811886
2016-05-08,41.909466,-71.913863,2.054739975029137
2016-05-09,41.909466,-71.913863,0.0
2016-05-10,41.909466,-71.913863,0.0
2016-05-11,41.909466,-71.913863,0.0
2016-05-12,41.909466,-71.913863,0.0
2016-05-13,41.909466,-71.913863,5.2060549775800125
2016-05-14,41.909466,-71.913863,5.904923250479452
2016-05-15,41.909466,-71.913863,1.7734189768097444
2016-05-16,41.909466,-71.913863,0.0
2016-05-17,41.909466,-71.913863,0.19729515052168367
2016-05-18,41.909466,-71.913863,0.49311072750852963
2016-05-19,41.909466,-71.913863,0.40938162320943233
2016-05-20,41.909466,-71.913863,0.5537956301197946
2016-05-21,41.909466,-71.913863,0.7999463619902184
2016-05-22,41.909466,-71.913863,1.8543544908819432
2016-05-23,41.909466,-71.913863,0.0
2016-05-24,41.909466,-71.913863,6.536942121169611
2016-05-25,41.909466,-71.913863,0.0
2016-05-26,41.909466,-71.913863,0.19718174914726289
2016-05-27,41.909466,-71.913863,0.0
2016-05-28,41.909466,-71.913863,0.15001467761824971
2016-05-29,41.909466,-71.913863,0.0
2016-05-30,41.909466,-71.913863,16.600880902624095
2016-05-31,41.909466,-71.913863,1.5865901714775448
2016-06-01,41.909466,-71.913863,0.0
2016-06-02,41.909466,-71.913863,0.0
2016-06-03,41.909466,-71.913863,5.099129039528251
2016-06-04,41.909466,-71.913863,0.0
2016-06-05,41.909466,-71.913863,8.810637756119556
2016-06-06,41.909466,-71.913863,3.554017058444724
2016-06-07,41.909466,-71.913863,0.18777402397857268
2016-06-08,41.909466,-71.913863,0.345960199083232
2016-06-09,41.909466,-71.913863,0.0
2016-06-10,41.909466,-71.913863,0.04012703030353842
2016-06-11,41.909466,-71.913863,3.7236291071498284
2016-06-12,41.909466,-71.913863,0.0027590378419447992
2016-06-13,41.909466,-71.913863,0.011464675550972404
2016-06-14,41.909466,-71.913863,0.0
2016-06-15,41.909466,-71.913863,0.0
2016-06-16,41.909466,-71.913863,0.6348661767938847
2016-06-17,41.909466,-71.913863,0.0
2016-06-18,41.909466,-71.913863,0.0
2016-06-19,41.909466,-71.913863,0.0
2016-06-20,41.909466,-71.913863,0.0
2016-06-21,41.909466,-71.913863,5.005060399428058
2016-06-22,41.909466,-71.913863,0.2890902646087267
2016-06-23,41.909466,-71.913863,0.027300626784604983
2016-06-24,41.909466,-71.913863,0.0
2016-06-25,41.909466,-71.913863,0.0
2016-06-26,41.909466,-71.913863,0.0
2016-06-27,41.909466,-71.913863,0.16150698870425564
2016-06-28,41.909466,-71.913863,0.46719673563559094
2016-06-29,41.909466,-71.913863,2.361628356194409
2016-06-30,41.909466,-71.913863,0.0
2016-07-01,41.909466,-71.913863,3.7667029937124994
2016-07-02,41.909466,-71.913863,7.337049623328328
2016-07-03,41.909466,-71.913863,0.0
2016-07-04,41.909466,-71.913863,0.14146179107644596
2016-07-05,41.909466,-71.913863,12.022437574942195
2016-07-06,41.909466,-71.913863,0.0
2016-07-07,41.909466,-71.913863,10.407453705158654
2016-07-08,41.909466,-71.913863,0.0
2016-07-09,41.909466,-71.913863,0.004297548211664281
2016-07-10,41.909466,-71.913863,1.3584356411910914
2016-07-11,41.909466,-71.913863,0.3196277015491368
2016-07-12,41.909466,-71.913863,0.005177448269819907
2016-07-13,41.909466,-71.913863,0.0
2016-07-14,41.909466,-71.913863,2.1397666849663137
2016-07-15,41.909466,-71.913863,0.0
2016-07-16,41.909466,-71.913863,0.01783979960124842
2016-07-17,41.909466,-71.913863,0.25165070245570775
2016-07-18,41.909466,-71.913863,5.247230041994788
2016-07-19,41.909466,-71.913863,0.9122151191090626
2016-07-20,41.909466,-71.913863,0.01898912809885314
2016-07-21,41.909466,-71.913863,0.0
2016-07-22,41.909466,-71.913863,0.943238035422445
2016-07-23,41.909466,-71.913863,1.3468901109227318
2016-07-24,41.909466,-71.913863,0.003223161158748211
2016-07-25,41.909466,-71.913863,0.634045193058788
2016-07-26,41.909466,-71.913863,1.8071181681255355
2016-07-27,41.909466,-71.913863,0.0
2016-07-28,41.909466,-71.913863,0.0
2016-07-29,41.909466,-71.913863,20.187624032820363
2016-07-30,41.909466,-71.913863,0.13646872220159212
2016-07-31,41.909466,-71.913863,3.640206202100122
2016-08-01,41.909466,-71.913863,10.677715635034835
2016-08-02,41.909466,-71.913863,14.665039157207062
2016-08-03,41.909466,-71.913863,0.0
2016-08-04,41.909466,-71.913863,0.0
2016-08-05,41.909466,-71.913863,0.0
2016-08-06,41.909466,-71.913863,1.8462971767590945
2016-08-07,41.909466,-71.913863,0.0
2016-08-08,41.909466,-71.913863,0.0
2016-08-09,41.909466,-71.913863,0.0
2016-08-10,41.909466,-71.913863,8.835950802848947
2016-08-11,41.909466,-71.913863,0.16639489697126128
2016-08-12,41.909466,-71.913863,20.115187299037025
2016-08-13,41.909466,-71.913863,3.2810017557785733
2016-08-14,41.909466,-71.913863,4.437812891007175
2016-08-15,41.909466,-71.913863,0.007595651522501331
2016-08-16,41.909466,-71.913863,1.4328324956830127
2016-08-17,41.909466,-71.913863,1.4293716099328067
2016-08-18,41.909466,-71.913863,0.46904232096931725
2016-08-19,41.909466,-71.913863,0.0
2016-08-20,41.909466,-71.913863,0.0
2016-08-21,41.909466,-71.913863,0.015035598661925512
2016-08-22,41.909466,-71.913863,11.09699733993539
2016-08-23,41.909466,-71.913863,0.0
2016-08-24,41.909466,-71.913863,0.0
2016-08-25,41.909466,-71.913863,0.0
2016-08-26,41.909466,-71.913863,0.0
2016-08-27,41.909466,-71.913863,0.0
2016-08-28,41.909466,-71.913863,0.0
2016-08-29,41.909466,-71.913863,0.027699371020383962
2016-08-30,41.909466,-71.913863,0.0
2016-08-31,41.909466,-71.913863,1.9293207592570134
2016-09-01,41.909466,-71.913863,17.97830095757453
2016-09-02,41.909466,-71.913863,0.0
2016-09-03,41.909466,-71.913863,0.008975274031070573
2016-09-04,41.909466,-71.913863,0.0
2016-09-05,41.909466,-71.913863,0.8246421039762223
2016-09-06,41.909466,-71.913863,0.005858703097959289
2016-09-07,41.909466,-71.913863,0.0
2016-09-08,41.909466,-71.913863,0.0
2016-09-09,41.909466,-71.913863,2.349227011637172
2016-09-10,41.909466,-71.913863,0.17182230344408603
2016-09-11,41.909466,-71.913863,0.09975726811671864
2016-09-12,41.909466,-71.913863,0.0
2016-09-13,41.909466,-71.913863,0.0
2016-09-14,41.909466,-71.913863,0.701099993016142
2016-09-15,41.909466,-71.913863,0.10268926804933765
2016-09-16,41.909466,-71.913863,0.0
2016-09-17,41.909466,-71.913863,0.0
2016-09-18,41.909466,-71.913863,0.16577070756463597
2016-09-19,41.909466,-71.913863,27.321462382022037
2016-09-20,41.909466,-71.913863,0.016998027985163644
2016-09-21,41.909466,-71.913863,0.0
2016-09-22,41.909466,-71.913863,0.0
2016-09-23,41.909466,-71.913863,0.06824459742967423
2016-09-24,41.909466,-71.913863,0.370868615646401
2016-09-25,41.909466,-71.913863,0.0
2016-09-26,41.909466,-71.913863,0.0
2016-09-27,41.909466,-71.913863,7.924962576806058
2016-09-28,41.909466,-71.913863,0.0018067249401609814
2016-09-29,41.909466,-71.913863,0.0
2016-09-30,41.909466,-71.913863,12.285668914896316
2016-10-01,41.909466,-71.913863,2.359422428790449
2016-10-02,41.909466,-71.913863,0.0021970136617347332
2016-10-03,41.909466,-71.913863,1.60423103034654
2016-10-04,41.909466,-71.913863,0.0
2016-10-05,41.909466,-71.913863,0.0
2016-10-06,41.909466,-71.913863,0.0
2016-10-07,41.909466,-71.913863,0.0
2016-10-08,41.909466,-71.913863,1.2198027269058564
2016-10-09,41.909466,-71.913863,53.73231890515696
2016-10-10,41.909466,-71.913863,0.026346999255453463
2016-10-11,41.909466,-71.913863,0.0
2016-10-12,41.909466,-71.913863,0.0018989128806253329
2016-10-13,41.909466,-71.913863,0.2533663647415468
2016-10-14,41.909466,-71.913863,0.0
2016-10-15,41.909466,-71.913863,0.0
2016-10-16,41.909466,-71.913863,0.0
2016-10-17,41.909466,-71.913863,0.2850445574662637
2016-10-18,41.909466,-71.913863,0.0
2016-10-19,41.909466,-71.913863,0.0
2016-10-20,41.909466,-71.913863,0.0
2016-10-21,41.909466,-71.913863,23.92512771020217
2016-10-22,41.909466,-71.913863,5.060584795754326
2016-10-23,41.909466,-71.913863,0.44916464971021747
2016-10-24,41.909466,-71.913863,1.4551836319363032
2016-10-25,41.909466,-71.913863,0.0
2016-10-26,41.909466,-71.913863,0.0
2016-10-27,41.909466,-71.913863,14.139009279217033
2016-10-28,41.909466,-71.913863,3.234406241166279
2016-10-29,41.909466,-71.913863,0.5957585885059004
2016-10-30,41.909466,-71.913863,4.212681308068995
2016-10-31,41.909466,-71.913863,2.4223770868959438
2016-11-01,41.909466,-71.913863,0.0
2016-11-02,41.909466,-71.913863,0.00891989980062421
2016-11-03,41.909466,-71.913863,0.04530267260201792
2016-11-04,41.909466,-71.913863,0.0
2016-11-05,41.909466,-71.913863,0.0
2016-11-06,41.909466,-71.913863,0.13889955190770525
2016-11-07,41.909466,-71.913863,0.0
2016-11-08,41.909466,-71.913863,0.0
2016-11-09,41.909466,-71.913863,0.05659398281902635
2016-11-10,41.909466,-71.913863,0.3026017921724401
2016-11-11,41.909466,-71.913863,0.047654573482603255
2016-11-12,41.909466,-71.913863,0.0
2016-11-13,41.909466,-71.913863,0.5561249894012182
2016-11-14,41.909466,-71.913863,0.0
2016-11-15,41.909466,-71.913863,23.148788174618915
2016-11-16,41.909466,-71.913863,0.0
2016-11-17,41.909466,-71.913863,0.0
2016-11-18,41.909466,-71.913863,0.0
2016-11-19,41.909466,-71.913863,0.0
2016-11-20,41.909466,-71.913863,1.0078384344265394
2016-11-21,41.909466,-71.913863,0.7953598102210528
2016-11-22,41.909466,-71.913863,0.0
2016-11-23,41.909466,-71.913863,0.0
2016-11-24,41.909466,-71.913863,1.958014528681877
2016-11-25,41.909466,-71.913863,0.20562292669292287
2016-11-26,41.909466,-71.913863,0.0
2016-11-27,41.909466,-71.913863,0.0
2016-11-28,41.909466,-71.913863,0.0
2016-11-29,41.909466,-71.913863,46.092220950924556
2016-11-30,41.909466,-71.913863,27.098442644848795
2016-12-01,41.909466,-71.913863,7.962068822412351
2016-12-02,41.909466,-71.913863,0.0
2016-12-03,41.909466,-71.913863,0.0
2016-12-04,41.909466,-71.913863,0.0
2016-12-05,41.909466,-71.913863,2.3357968481481968
2016-12-06,41.909466,-71.913863,0.0021487741058321404
2016-12-07,41.909466,-71.913863,3.32689750714483
2016-12-08,41.909466,-71.913863,0.0
2016-12-09,41.909466,-71.913863,0.016115805193380493
2016-12-10,41.909466,-71.913863,0.0
2016-12-11,41.909466,-71.913863,0.0
2016-12-12,41.909466,-71.913863,18.899962280446207
2016-12-13,41.909466,-71.913863,0.203403508711475
2016-12-14,41.909466,-71.913863,0.006104273151825262
2016-12-15,41.909466,-71.913863,0.0
2016-12-16,41.909466,-71.913863,0.0
2016-12-17,41.909466,-71.913863,18.57322449150683
2016-12-18,41.909466,-71.913863,18.60125418642367
2016-12-19,41.909466,-71.913863,6.709929432890879
2016-12-20,41.909466,-71.913863,0.0
2016-12-21,41.909466,-71.913863,0.20594748925353515
2016-12-22,41.909466,-71.913863,1.6091634824187562
2016-12-23,41.909466,-71.913863,0.04047378724162571
2016-12-24,41.909466,-71.913863,15.517610974150132
2016-12-25,41.909466,-71.913863,0.0
2016-12-26,41.909466,-71.913863,0.0170902155719279
2016-12-27,41.909466,-71.913863,2.038438169261164
2016-12-28,41.909466,-71.913863,0.0
2016-12-29,41.909466,-71.913863,10.40522395859872
2016-12-30,41.909466,-71.913863,0.5292116620892029
2016-12-31,41.909466,-71.913863,0.4553289164635093
2017-01-01,41.909466,-71.913863,6.797420718631051
2017-01-02,41.909466,-71.913863,0.031064689618919443
2017-01-03,41.909466,-71.913863,27.30640442746461
2017-01-04,41.909466,-71.913863,2.0923768045853235
2017-01-05,41.909466,-71.913863,0.0
2017-01-06,41.909466,-71.913863,0.6184223954927714
2017-01-07,41.909466,-71.913863,5.348820312504014
2017-01-08,41.909466,-71.913863,0.0
2017-01-09,41.909466,-71.913863,0.0
2017-01-10,41.909466,-71.913863,0.9134994080734182
2017-01-11,41.909466,-71.913863,10.424052028140823
2017-01-12,41.909466,-71.913863,25.809127985823682
2017-01-13,41.909466,-71.913863,7.1312288966561965
2017-01-14,41.909466,-71.913863,0.012168548738057155
2017-01-15,41.909466,-71.913863,0.0
2017-01-16,41.909466,-71.913863,0.0
2017-01-17,41.909466,-71.913863,2.4540218459613095
2017-01-18,41.909466,-71.913863,1.1814092894733261
2017-01-19,41.909466,-71.913863,0.0
2017-01-20,41.909466,-71.913863,0.0
2017-01-21,41.909466,-71.913863,0.0
2017-01-22,41.909466,-71.913863,0.0
2017-01-23,41.909466,-71.913863,2.22596904423958
2017-01-24,41.909466,-71.913863,46.66016001778772
2017-01-25,41.909466,-71.913863,3.1243706738501733
2017-01-26,41.909466,-71.913863,0.40691876051570813
2017-01-27,41.909466,-71.913863,0.0
2017-01-28,41.909466,-71.913863,0.0
2017-01-29,41.909466,-71.913863,0.0
2017-01-30,41.909466,-71.913863,0.0
2017-01-31,41.909466,-71.913863,0.4480118661586806
2017-02-01,41.909466,-71.913863,0.0
2017-02-02,41.909466,-71.913863,1.8275518374827722
2017-02-03,41.909466,-71.913863,0.0
2017-02-04,41.909466,-71.913863,0.0
2017-02-05,41.909466,-71.913863,0.005696738641875998
2017-02-06,41.909466,-71.913863,0.5201027995697938
2017-02-07,41.909466,-71.913863,9.161222786909144
2017-02-08,41.909466,-71.913863,6.945741529176943
2017-02-09,41.909466,-71.913863,27.784304942808575
2017-02-10,41.909466,-71.913863,0.027096502782921663
2017-02-11,41.909466,-71.913863,3.661655580770508
2017-02-12,41.909466,-71.913863,14.552184022316693
2017-02-13,41.909466,-71.913863,0.0
2017-02-14,41.909466,-71.913863,0.2637818325137557
2017-02-15,41.909466,-71.913863,0.0
2017-02-16,41.909466,-71.913863,0.038235033762374866
2017-02-17,41.909466,-71.913863,0.026759698848052346
2017-02-18,41.909466,-71.913863,0.0
2017-02-19,41.909466,-71.913863,0.0
2017-02-20,41.909466,-71.913863,0.34154326135033464
2017-02-21,41.909466,-71.913863,0.0
2017-02-22,41.909466,-71.913863,2.015306487328129
2017-02-23,41.909466,-71.913863,0.0
2017-02-24,41.909466,-71.913863,0.0
2017-02-25,41.909466,-71.913863,0.0
2017-02-26,41.909466,-71.913863,7.681129186863726
2017-02-27,41.909466,-71.913863,0.0
2017-02-28,41.909466,-71.913863,0.10033029314431556
2017-03-01,41.909466,-71.913863,8.585802659392977
2017-03-02,41.909466,-71.913863,0.633833057245181
2017-03-03,41.909466,-71.913863,0.0
2017-03-04,41.909466,-71.913863,0.0014646757744898222
2017-03-05,41.909466,-71.913863,0.0
2017-03-06,41.909466,-71.913863,0.0
2017-03-07,41.909466,-71.913863,2.793695280711736
2017-03-08,41.909466,-71.913863,13.447938976942616
2017-03-09,41.909466,-71.913863,0.0
2017-03-10,41.909466,-71.913863,1.0078144177325274
2017-03-11,41.909466,-71.913863,0.0
2017-03-12,41.909466,-71.913863,0.006196461092289614
2017-03-13,41.909466,-71.913863,0.0
2017-03-14,41.909466,-71.913863,26.372291857650097
2017-03-15,41.909466,-71.913863,0.0
2017-03-16,41.909466,-71.913863,0.0
2017-03-17,41.909466,-71.913863,0.0
2017-03-18,41.909466,-71.913863,0.18163663378037656
2017-03-19,41.909466,-71.913863,0.029293514398527926
2017-03-20,41.909466,-71.913863,0.04360005465611409
2017-03-21,41.909466,-71.913863,1.5472675323259801
2017-03-22,41.909466,-71.913863,0.0
2017-03-23,41.909466,-71.913863,0.0
2017-03-24,41.909466,-71.913863,8.153157516791861
2017-03-25,41.909466,-71.913863,7.604871176953336
2017-03-26,41.909466,-71.913863,0.2296004551226706
2017-03-27,41.909466,-71.913863,14.044458211782992
2017-03-28,41.909466,-71.913863,8.012951012200817
2017-03-29,41.909466,-71.913863,9.829399149309438
2017-03-30,41.909466,-71.913863,0.015191303045002663
2017-03-31,41.909466,-71.913863,11.233948808291423
2017-04-01,41.909466,-71.913863,22.454044104007263
2017-04-02,41.909466,-71.913863,0.2394835762422202
2017-04-03,41.909466,-71.913863,0.4503609366354297
2017-04-04,41.909466,-71.913863,30.230313050675782
2017-04-05,41.909466,-71.913863,0.6528926821913134
2017-04-06,41.909466,-71.913863,24.579080244150028
2017-04-07,41.909466,-71.913863,0.0
2017-04-08,41.909466,-71.913863,0.04055106509248683
2017-04-09,41.909466,-71.913863,0.0
2017-04-10,41.909466,-71.913863,0.0
2017-04-11,41.909466,-71.913863,0.2585622897655462
2017-04-12,41.909466,-71.913863,1.1805985809095865
2017-04-13,41.909466,-71.913863,3.727022707262612
2017-04-14,41.909466,-71.913863,0.0007323378872449111
2017-04-15,41.909466,-71.913863,1.3227591606980078
2017-04-16,41.909466,-71.913863,1.9150790914040217
2017-04-17,41.909466,-71.913863,3.3822875745992893
2017-04-18,41.909466,-71.913863,0.037434335798456495
2017-04-19,41.909466,-71.913863,1.9040514597681533
2017-04-20,41.909466,-71.913863,1.2032910625077293
2017-04-21,41.909466,-71.913863,5.936124724929009
2017-04-22,41.909466,-71.913863,1.6979434323596736
2017-04-23,41.909466,-71.913863,0.2240577279611708
2017-04-24,41.909466,-71.913863,0.5256865242309139
2017-04-25,41.909466,-71.913863,14.558412335602327
2017-04-26,41.909466,-71.913863,13.612305409938633
2017-04-27,41.909466,-71.913863,0.0
2017-04-28,41.909466,-71.913863,2.0780527930277612
2017-04-29,41.909466,-71.913863,1.0645871991107214
2017-04-30,41.909466,-71.913863,3.2678021571983025
2017-05-01,41.909466,-71.913863,0.09801393503079671
2017-05-02,41.909466,-71.913863,7.009868879132805
2017-05-03,41.909466,-71.913863,0.0
2017-05-04,41.909466,-71.913863,0.0
2017-05-05,41.909466,-71.913863,29.20796218702521
2017-05-06,41.909466,-71.913863,14.242209461419058
2017-05-07,41.909466,-71.913863,1.5555538806663458
2017-05-08,41.909466,-71.913863,0.0
2017-05-09,41.909466,-71.913863,0.0037978257612506657
2017-05-10,41.909466,-71.913863,0.010814754465230256
2017-05-11,41.909466,-71.913863,0.0
2017-05-12,41.909466,-71.913863,0.0
2017-05-13,41.909466,-71.913863,6.004422035212491
2017-05-14,41.909466,-71.913863,28.884386175613358
2017-05-15,41.909466,-71.913863,5.076003953578535
2017-05-16,41.909466,-71.913863,0.0
2017-05-17,41.909466,-71.913863,0.03807823488723588
2017-05-18,41.909466,-71.913863,0.0
2017-05-19,41.909466,-71.913863,1.2835871334666038
2017-05-20,41.909466,-71.913863,0.005858703097959289
2017-05-21,41.909466,-71.913863,0.0
2017-05-22,41.909466,-71.913863,9.940167487288262
2017-05-23,41.909466,-71.913863,1.624023211024597
2017-05-24,41.909466,-71.913863,6.938623303358005
2017-05-25,41.909466,-71.913863,11.306927812740536
2017-05-26,41.909466,-71.913863,30.694964730299233
2017-05-27,41.909466,-71.913863,0.2642843495642895
2017-05-28,41.909466,-71.913863,2.179221538414059
2017-05-29,41.909466,-71.913863,1.5536698763568977
2017-05-30,41.909466,-71.913863,0.011893199734165612
2017-05-31,41.909466,-71.913863,0.045336568102353744
2017-06-01,41.909466,-71.913863,3.6044746027485908
2017-06-02,41.909466,-71.913863,0.8228224284995875
2017-06-03,41.909466,-71.913863,0.0
2017-06-04,41.909466,-71.913863,4.1894841440756485
2017-06-05,41.909466,-71.913863,5.973517551019864
2017-06-06,41.909466,-71.913863,16.763845850136928
2017-06-07,41.909466,-71.913863,0.0
2017-06-08,41.909466,-71.913863,1.6663340335300674
2017-06-09,41.909466,-71.913863,0.1444543977499355
2017-06-10,41.909466,-71.913863,0.0
2017-06-11,41.909466,-71.913863,0.05131677155470674
2017-06-12,41.909466,-71.913863,0.0
2017-06-13,41.909466,-71.913863,2.955288959194308
2017-06-14,41.909466,-71.913863,0.10981687133435161
2017-06-15,41.909466,-71.913863,0.0
2017-06-16,41.909466,-71.913863,11.526512207895918
2017-06-17,41.909466,-71.913863,2.702770683755056
2017-06-18,41.909466,-71.913863,0.01977312200075265
2017-06-19,41.909466,-71.913863,1.5665079462232931
2017-06-20,41.909466,-71.913863,18.06911552253174
2017-06-21,41.909466,-71.913863,0.028475965966196948
2017-06-22,41.909466,-71.913863,0.0
2017-06-23,41.909466,-71.913863,0.15190794558124204
2017-06-24,41.909466,-71.913863,11.95879152568594
2017-06-25,41.909466,-71.913863,0.08272780287441722
2017-06-26,41.909466,-71.913863,0.0
2017-06-27,41.909466,-71.913863,4.111398048530921
2017-06-28,41.909466,-71.913863,0.06623712470536117
2017-06-29,41.909466,-71.913863,0.3590456973839693
2017-06-30,41.909466,-71.913863,6.52941120553451
2017-07-01,41.909466,-71.913863,2.104235962950174
2017-07-02,41.909466,-71.913863,0.4042114603884839
2017-07-03,41.909466,-71.913863,0.22559622216040354
2017-07-04,41.909466,-71.913863,0.0
2017-07-05,41.909466,-71.913863,0.0
2017-07-06,41.909466,-71.913863,0.0
2017-07-07,41.909466,-71.913863,12.044839608625352
2017-07-08,41.909466,-71.913863,0.0
2017-07-09,41.909466,-71.913863,0.05677011704064643
2017-07-10,41.909466,-71.913863,0.0
2017-07-11,41.909466,-71.913863,9.70472108946307
2017-07-12,41.909466,-71.913863,13.824548815095818
2017-07-13,41.909466,-71.913863,19.09428151379479
2017-07-14,41.909466,-71.913863,6.521622933634416
2017-07-15,41.909466,-71.913863,0.0
2017-07-16,41.909466,-71.913863,0.0
2017-07-17,41.909466,-71.913863,0.07469846477179806
2017-07-18,41.909466,-71.913863,2.880212536946859
2017-07-19,41.909466,-71.913863,0.7852987505324085
2017-07-20,41.909466,-71.913863,0.43386634392629053
2017-07-21,41.909466,-71.913863,0.020184582142781092
2017-07-22,41.909466,-71.913863,1.3149345453101047
2017-07-23,41.909466,-71.913863,2.4382312562042596
2017-07-24,41.909466,-71.913863,9.372768478574956
2017-07-25,41.909466,-71.913863,0.0
2017-07-26,41.909466,-71.913863,0.0
2017-07-27,41.909466,-71.913863,6.308521864091424
2017-07-28,41.909466,-71.913863,0.005177448269819907
2017-07-29,41.909466,-71.913863,0.8287362651674388
2017-07-30,41.909466,-71.913863,0.0
2017-07-31,41.909466,-71.913863,0.0
2017-08-01,41.909466,-71.913863,0.0
2017-08-02,41.909466,-71.913863,14.90222125673137
2017-08-03,41.909466,-71.913863,0.6809801530445654
2017-08-04,41.909466,-71.913863,0.0
2017-08-05,41.909466,-71.913863,11.971469484201558
2017-08-06,41.909466,-71.913863,0.0
2017-08-07,41.909466,-71.913863,4.378693165380369
2017-08-08,41.909466,-71.913863,0.11059268802729609
2017-08-09,41.909466,-71.913863,0.0
2017-08-10,41.909466,-71.913863,0.0
2017-08-11,41.909466,-71.913863,0.002631250767870244
2017-08-12,41.909466,-71.913863,10.666736375776535
2017-08-13,41.909466,-71.913863,0.02041335420552552
2017-08-14,41.909466,-71.913863,0.12342004612923196
2017-08-15,41.909466,-71.913863,2.231029751682652
2017-08-16,41.909466,-71.913863,0.0
2017-08-17,41.909466,-71.913863,0.0
2017-08-18,41.909466,-71.913863,1.1387345358701826
2017-08-19,41.909466,-71.913863,0.45840827865142986
2017-08-20,41.909466,-71.913863,0.0
2017-08-21,41.909466,-71.913863,0.0
2017-08-22,41.909466,-71.913863,0.0
2017-08-23,41.909466,-71.913863,1.7236445815362889
2017-08-24,41.909466,-71.913863,0.0
2017-08-25,41.909466,-71.913863,0.0
2017-08-26,41.909466,-71.913863,0.0
2017-08-27,41.909466,-71.913863,0.0
2017-08-28,41.909466,-71.913863,0.0
2017-08-29,41.909466,-71.913863,1.6865451667662872
2017-08-30,41.909466,-71.913863,20.80416223208199
2017-08-31,41.909466,-71.913863,0.0
2017-09-01,41.909466,-71.913863,0.0
2017-09-02,41.909466,-71.913863,0.0010743870529160702
2017-09-03,41.909466,-71.913863,28.59945791762443
2017-09-04,41.909466,-71.913863,0.0
2017-09-05,41.909466,-71.913863,0.0
2017-09-06,41.909466,-71.913863,10.225300505237223
2017-09-07,41.909466,-71.913863,33.13756321617627
2017-09-08,41.909466,-71.913863,0.0
2017-09-09,41.909466,-71.913863,0.0
2017-09-10,41.909466,-71.913863,0.0
2017-09-11,41.909466,-71.913863,0.0
2017-09-12,41.909466,-71.913863,0.0
2017-09-13,41.909466,-71.913863,0.0
2017-09-14,41.909466,-71.913863,0.0
2017-09-15,41.909466,-71.913863,0.7668116602170731
2017-09-16,41.909466,-71.913863,0.0
2017-09-17,41.909466,-71.913863,0.0
2017-09-18,41.909466,-71.913863,0.0
2017-09-19,41.909466,-71.913863,0.9731212863480304
2017-09-20,41.909466,-71.913863,0.6377101934888862
2017-09-21,41.909466,-71.913863,4.42173194113474
2017-09-22,41.909466,-71.913863,0.0
2017-09-23,41.909466,-71.913863,0.0
2017-09-24,41.909466,-71.913863,0.0
2017-09-25,41.909466,-71.913863,0.0
2017-09-26,41.909466,-71.913863,0.0
2017-09-27,41.909466,-71.913863,0.0
2017-09-28,41.909466,-71.913863,0.02404055220140762
2017-09-29,41.909466,-71.913863,0.0
2017-09-30,41.909466,-71.913863,0.7692462241761403
2017-10-01,41.909466,-71.913863,0.0
2017-10-02,41.909466,-71.913863,0.0
2017-10-03,41.909466,-71.913863,0.0
2017-10-04,41.909466,-71.913863,0.0
2017-10-05,41.909466,-71.913863,0.0
2017-10-06,41.909466,-71.913863,1.0905448616063165
2017-10-07,41.909466,-71.913863,2.2944827071956424
2017-10-08,41.909466,-71.913863,6.892083313806088
2017-10-09,41.909466,-71.913863,9.097385722887623
2017-10-10,41.909466,-71.913863,0.009081864456827689
2017-10-11,41.909466,-71.913863,0.7391646499999318
2017-10-12,41.909466,-71.913863,5.950864351436694
2017-10-13,41.909466,-71.913863,0.0
2017-10-14,41.909466,-71.913863,0.0
2017-10-15,41.909466,-71.913863,0.0
2017-10-16,41.909466,-71.913863,0.4737077281604444
2017-10-17,41.909466,-71.913863,0.0
2017-10-18,41.909466,-71.913863,0.0
2017-10-19,41.909466,-71.913863,0.0
2017-10-20,41.909466,-71.913863,0.0
2017-10-21,41.909466,-71.913863,0.164499719970259
2017-10-22,41.909466,-71.913863,0.0
2017-10-23,41.909466,-71.913863,0.0
2017-10-24,41.909466,-71.913863,17.822376019701817
2017-10-25,41.909466,-71.913863,21.290947095505075
2017-10-26,41.909466,-71.913863,35.019187156605675
2017-10-27,41.909466,-71.913863,0.0
2017-10-28,41.909466,-71.913863,0.0
2017-10-29,41.909466,-71.913863,16.487013330726867
2017-10-30,41.909466,-71.913863,53.84507966206976
2017-10-31,41.909466,-71.913863,0.0
2017-11-01,41.909466,-71.913863,0.06875925375081457
2017-11-02,41.909466,-71.913863,0.0
2017-11-03,41.909466,-71.913863,0.01302867394047035
2017-11-04,41.909466,-71.913863,0.0
2017-11-05,41.909466,-71.913863,0.03645753996393499
2017-11-06,41.909466,-71.913863,0.6773648629634939
2017-11-07,41.909466,-71.913863,1.383605452825006
2017-11-08,41.909466,-71.913863,8.649998540930389
2017-11-09,41.909466,-71.913863,0.0
2017-11-10,41.909466,-71.913863,0.0
2017-11-11,41.909466,-71.913863,0.0
2017-11-12,41.909466,-71.913863,1.0836050651662934
2017-11-13,41.909466,-71.913863,2.358920445453675
2017-11-14,41.909466,-71.913863,0.0
2017-11-15,41.909466,-71.913863,0.0
2017-11-16,41.909466,-71.913863,1.9512979447739764
2017-11-17,41.909466,-71.913863,0.0
2017-11-18,41.909466,-71.913863,2.8248794623633926
2017-11-19,41.909466,-71.913863,26.727366723415372
2017-11-20,41.909466,-71.913863,0.023979772524516423
2017-11-21,41.909466,-71.913863,0.0
2017-11-22,41.909466,-71.913863,24.02599749826215
2017-11-23,41.909466,-71.913863,0.0
2017-11-24,41.909466,-71.913863,0.0
2017-11-25,41.909466,-71.913863,0.0
2017-11-26,41.909466,-71.913863,0.006200752199918825
2017-11-27,41.909466,-71.913863,0.0
2017-11-28,41.909466,-71.913863,0.0
2017-11-29,41.909466,-71.913863,0.0
2017-11-30,41.909466,-71.913863,0.0
2017-12-01,41.909466,-71.913863,3.035007602476992
2017-12-02,41.909466,-71.913863,0.007766172404729861
2017-12-03,41.909466,-71.913863,0.0
2017-12-04,41.909466,-71.913863,0.0
2017-12-05,41.909466,-71.913863,0.19162281657899888
2017-12-06,41.909466,-71.913863,25.545676593033214
2017-12-07,41.909466,-71.913863,0.0
2017-12-08,41.909466,-71.913863,0.05090596066775173
2017-12-09,41.909466,-71.913863,13.199426480604563
2017-12-10,41.909466,-71.913863,2.477717037525238
2017-12-11,41.909466,-71.913863,0.0
2017-12-12,41.909466,-71.913863,3.8441558380835104
2017-12-13,41.909466,-71.913863,0.0
2017-12-14,41.909466,-71.913863,0.8943292114775043
2017-12-15,41.909466,-71.913863,0.03637843258419947
2017-12-16,41.909466,-71.913863,0.0
2017-12-17,41.909466,-71.913863,0.0
2017-12-18,41.909466,-71.913863,0.02070979307927963
2017-12-19,41.909466,-71.913863,0.0
2017-12-20,41.909466,-71.913863,0.04695410416454324
2017-12-21,41.909466,-71.913863,0.0
2017-12-22,41.909466,-71.913863,0.1834045188873686
2017-12-23,41.909466,-71.913863,25.78110664470218
2017-12-24,41.909466,-71.913863,5.006113241270332
2017-12-25,41.909466,-71.913863,4.141433623459135
2017-12-26,41.909466,-71.913863,0.0
2017-12-27,41.909466,-71.913863,0.0
2017-12-28,41.909466,-71.913863,0.0
2017-12-29,41.909466,-71.913863,0.0
2017-12-30,41.909466,-71.913863,0.007323378599631981
2017-12-31,41.909466,-71.913863,0.0
2018-01-01,41.909466,-71.913863,0.0
2018-01-02,41.909466,-71.913863,5.119764645703228
2018-01-03,41.909466,-71.913863,0.0
2018-01-04,41.909466,-71.913863,23.170805050622636
2018-01-05,41.909466,-71.913863,1.3416998563895772
2018-01-06,41.909466,-71.913863,0.0
2018-01-07,41.909466,-71.913863,0.017015273619959248
2018-01-08,41.909466,-71.913863,1.023071791227958
2018-01-09,41.909466,-71.913863,0.3111594802539049
2018-01-10,41.909466,-71.913863,0.0
2018-01-11,41.909466,-71.913863,0.5485625360822947
2018-01-12,41.909466,-71.913863,14.68164779861367
2018-01-13,41.909466,-71.913863,40.28416792599984
2018-01-14,41.909466,-71.913863,0.0
2018-01-15,41.909466,-71.913863,0.0
2018-01-16,41.909466,-71.913863,0.0
2018-01-17,41.909466,-71.913863,0.7193769016926721
2018-01-18,41.909466,-71.913863,0.0
2018-01-19,41.909466,-71.913863,0.0
2018-01-20,41.909466,-71.913863,0.018479948593968322
2018-01-21,41.909466,-71.913863,0.0
2018-01-22,41.909466,-71.913863,0.0
2018-01-23,41.909466,-71.913863,34.93192431417946
2018-01-24,41.909466,-71.913863,0.0
2018-01-25,41.909466,-71.913863,0.0
2018-01-26,41.909466,-71.913863,0.0
2018-01-27,41.909466,-71.913863,0.0
2018-01-28,41.909466,-71.913863,13.21285807409849
2018-01-29,41.909466,-71.913863,0.14789943488938273
2018-01-30,41.909466,-71.913863,0.7860852601492188
2018-01-31,41.909466,-71.913863,0.0
2018-02-01,41.909466,-71.913863,0.6238245084154246
2018-02-02,41.909466,-71.913863,4.487219396253696
2018-02-03,41.909466,-71.913863,0.0
2018-02-04,41.909466,-71.913863,0.6953340761699023
2018-02-05,41.909466,-71.913863,18.378310771453375
2018-02-06,41.909466,-71.913863,0.0038830862023649304
2018-02-07,41.909466,-71.913863,17.462972259942084
2018-02-08,41.909466,-71.913863,1.0117422798088112
2018-02-09,41.909466,-71.913863,0.043701813366368476
2018-02-10,41.909466,-71.913863,1.711092685206845
2018-02-11,41.909466,-71.913863,44.293600857132446
2018-02-12,41.909466,-71.913863,1.7935519357755154
2018-02-13,41.909466,-71.913863,0.0
2018-02-14,41.909466,-71.913863,0.06364079648882542
2018-02-15,41.909466,-71.913863,1.4736063003412194
2018-02-16,41.909466,-71.913863,10.693080844573819
2018-02-17,41.909466,-71.913863,0.35163806843821444
2018-02-18,41.909466,-71.913863,14.776297155160373
2018-02-19,41.909466,-71.913863,3.6477565131034346
2018-02-20,41.909466,-71.913863,6.97153021427383
2018-02-21,41.909466,-71.913863,0.0
2018-02-22,41.909466,-71.913863,4.174946941504505
2018-02-23,41.909466,-71.913863,9.203160791751182
2018-02-24,41.909466,-71.913863,14.517628086673527
2018-02-25,41.909466,-71.913863,19.52304883275937
2018-02-26,41.909466,-71.913863,0.0684617024584559
2018-02-27,41.909466,-71.913863,0.0
2018-02-28,41.909466,-71.913863,0.17337535093807907
2018-03-01,41.909466,-71.913863,0.5314395347417827
2018-03-02,41.909466,-71.913863,47.71582913331159
2018-03-03,41.909466,-71.913863,2.2922507074160405
2018-03-04,41.909466,-71.913863,0.0
2018-03-05,41.909466,-71.913863,0.2351082682207315
2018-03-06,41.909466,-71.913863,0.0
2018-03-07,41.909466,-71.913863,9.05984467604545
2018-03-08,41.909466,-71.913863,9.262448108557292
2018-03-09,41.909466,-71.913863,0.0
2018-03-10,41.909466,-71.913863,0.0
2018-03-11,41.909466,-71.913863,0.0
2018-03-12,41.909466,-71.913863,0.0
2018-03-13,41.909466,-71.913863,31.95847021262927
2018-03-14,41.909466,-71.913863,0.4371417060368265
2018-03-15,41.909466,-71.913863,2.9148135464479905
2018-03-16,41.909466,-71.913863,0.0
2018-03-17,41.909466,-71.913863,0.0
2018-03-18,41.909466,-71.913863,0.0
2018-03-19,41.909466,-71.913863,0.0
2018-03-20,41.909466,-71.913863,0.009520392397775279
2018-03-21,41.909466,-71.913863,5.924319045261593
2018-03-22,41.909466,-71.913863,2.696035903599892
2018-03-23,41.909466,-71.913863,0.0
2018-03-24,41.909466,-71.913863,0.0
2018-03-25,41.909466,-71.913863,0.0
2018-03-26,41.909466,-71.913863,0.0
2018-03-27,41.909466,-71.913863,0.0
2018-03-28,41.909466,-71.913863,0.7633203045467396
2018-03-29,41.909466,-71.913863,0.22304056931070537
2018-03-30,41.909466,-71.913863,1.6449680758815317
2018-03-31,41.909466,-71.913863,0.0
2018-04-01,41.909466,-71.913863,0.8994769461540335
2018-04-02,41.909466,-71.913863,1.0737553615085262
2018-04-03,41.909466,-71.913863,13.513035305308973
2018-04-04,41.909466,-71.913863,5.170860378632749
2018-04-05,41.909466,-71.913863,0.0
2018-04-06,41.909466,-71.913863,1.501417303414207
2018-04-07,41.909466,-71.913863,0.0029293515489796445
2018-04-08,41.909466,-71.913863,0.0
2018-04-09,41.909466,-71.913863,0.0
2018-04-10,41.909466,-71.913863,0.0007323378872449111
2018-04-11,41.909466,-71.913863,0.0
2018-04-12,41.909466,-71.913863,2.8048400664436386
2018-04-13,41.909466,-71.913863,6.787521543012892
2018-04-14,41.909466,-71.913863,0.0
2018-04-15,41.909466,-71.913863,2.596987818773157
2018-04-16,41.909466,-71.913863,40.03393979581333
2018-04-17,41.909466,-71.913863,0.0014646757744898222
2018-04-18,41.909466,-71.913863,0.0010743870529160702
2018-04-19,41.909466,-71.913863,9.716708282219836
2018-04-20,41.909466,-71.913863,0.0
2018-04-21,41.909466,-71.913863,0.0
2018-04-22,41.909466,-71.913863,0.0
2018-04-23,41.909466,-71.913863,0.0
2018-04-24,41.909466,-71.913863,0.0
2018-04-25,41.909466,-71.913863,29.29052417328904
2018-04-26,41.909466,-71.913863,14.895554478207481
2018-04-27,41.909466,-71.913863,14.09684542658088
2018-04-28,41.909466,-71.913863,0.0
2018-04-29,41.909466,-71.913863,0.587517641539303
2018-04-30,41.909466,-71.913863,0.007595651522501331
2018-05-01,41.909466,-71.913863,0.0
2018-05-02,41.909466,-71.913863,0.0
2018-05-03,41.909466,-71.913863,0.17118306368137026
2018-05-04,41.909466,-71.913863,1.689478783827487
2018-05-05,41.909466,-71.913863,0.005696738641875998
2018-05-06,41.909466,-71.913863,5.354984336159485
2018-05-07,41.909466,-71.913863,1.0026345811694768
2018-05-08,41.909466,-71.913863,0.0
2018-05-09,41.909466,-71.913863,0.025980229515584305
2018-05-10,41.909466,-71.913863,0.20503306155720125
2018-05-11,41.909466,-71.913863,0.47437976728109355
2018-05-12,41.909466,-71.913863,2.667107470298801
2018-05-13,41.909466,-71.913863,0.303547636419775
2018-05-14,41.909466,-71.913863,0.0
2018-05-15,41.909466,-71.913863,19.4965624654054
2018-05-16,41.909466,-71.913863,2.276691922272485
2018-05-17,41.909466,-71.913863,10.176447250882221
2018-05-18,41.909466,-71.913863,0.16726776320454056
2018-05-19,41.909466,-71.913863,7.570920410473694
2018-05-20,41.909466,-71.913863,3.291571863747271
2018-05-21,41.909466,-71.913863,0.0
2018-05-22,41.909466,-71.913863,6.772514569792173
2018-05-23,41.909466,-71.913863,0.013184925473611338
2018-05-24,41.909466,-71.913863,0.0021487741058321404
2018-05-25,41.909466,-71.913863,0.0
2018-05-26,41.909466,-71.913863,0.013292390518077424
2018-05-27,41.909466,-71.913863,1.6194462333594404
2018-05-28,41.909466,-71.913863,0.10650852133134317
2018-05-29,41.909466,-71.913863,0.0
2018-05-30,41.909466,-71.913863,0.0
2018-05-31,41.909466,-71.913863,0.0
2018-06-01,41.909466,-71.913863,1.7054823532168284
2018-06-02,41.909466,-71.913863,0.2612374696253867
2018-06-03,41.909466,-71.913863,0.0
2018-06-04,41.909466,-71.913863,8.795881817695106
2018-06-05,41.909466,-71.913863,1.4402409477378992
2018-06-06,41.909466,-71.913863,0.04377433225697951
2018-06-07,41.909466,-71.913863,0.0
2018-06-08,41.909466,-71.913863,0.0
2018-06-09,41.909466,-71.913863,0.03184110822645058
2018-06-10,41.909466,-71.913863,0.14385048822676116
2018-06-11,41.909466,-71.913863,0.14745698399434348
2018-06-12,41.909466,-71.913863,0.0
2018-06-13,41.909466,-71.913863,0.6484147524865963
2018-06-14,41.909466,-71.913863,0.0
2018-06-15,41.909466,-71.913863,0.10621252170930133
2018-06-16,41.909466,-71.913863,0.0
2018-06-17,41.909466,-71.913863,0.0
2018-06-18,41.909466,-71.913863,4.396830652721858
2018-06-19,41.909466,-71.913863,18.812723756473723
2018-06-20,41.909466,-71.913863,0.02190198906024695
2018-06-21,41.909466,-71.913863,0.0
2018-06-22,41.909466,-71.913863,0.04789139818349024
2018-06-23,41.909466,-71.913863,1.987751853189612
2018-06-24,41.909466,-71.913863,8.455776645695602
2018-06-25,41.909466,-71.913863,1.7245507473015784
2018-06-26,41.909466,-71.913863,0.0
2018-06-27,41.909466,-71.913863,0.16444828136342424
2018-06-28,41.909466,-71.913863,34.103925325997636
2018-06-29,41.909466,-71.913863,1.9884362786677603
2018-06-30,41.909466,-71.913863,0.0
2018-07-01,41.909466,-71.913863,0.5307688370182748
2018-07-02,41.909466,-71.913863,0.0
2018-07-03,41.909466,-71.913863,0.9675253018929525
2018-07-04,41.909466,-71.913863,0.0
2018-07-05,41.909466,-71.913863,0.0
2018-07-06,41.909466,-71.913863,13.697998233408912
2018-07-07,41.909466,-71.913863,0.0
2018-07-08,41.909466,-71.913863,0.0
2018-07-09,41.909466,-71.913863,0.0
2018-07-10,41.909466,-71.913863,0.0
2018-07-11,41.909466,-71.913863,0.6186336852482976
2018-07-12,41.909466,-71.913863,0.0
2018-07-13,41.909466,-71.913863,0.0
2018-07-14,41.909466,-71.913863,0.19652722473668596
2018-07-15,41.909466,-71.913863,3.6705745232936495
2018-07-16,41.909466,-71.913863,1.9421775049364731
2018-07-17,41.909466,-71.913863,37.69157702564711
2018-07-18,41.909466,-71.913863,9.973830355235272
2018-07-19,41.909466,-71.913863,0.0
2018-07-20,41.909466,-71.913863,0.0
2018-07-21,41.909466,-71.913863,0.04158005384645458
2018-07-22,41.909466,-71.913863,18.428648560041648
2018-07-23,41.909466,-71.913863,2.2304451925837094
2018-07-24,41.909466,-71.913863,0.0
2018-07-25,41.909466,-71.913863,1.2209755657969992
2018-07-26,41.909466,-71.913863,19.93405354503888
2018-07-27,41.909466,-71.913863,0.0
2018-07-28,41.909466,-71.913863,0.733353234820437
2018-07-29,41.909466,-71.913863,0.06517031129112565
2018-07-30,41.909466,-71.913863,2.506500243022884
2018-07-31,41.909466,-71.913863,0.14851059243998332
2018-08-01,41.909466,-71.913863,0.02229369987920106
2018-08-02,41.909466,-71.913863,0.7162403287180794
2018-08-03,41.909466,-71.913863,1.3212308000830666
2018-08-04,41.909466,-71.913863,29.455678807667358
2018-08-05,41.909466,-71.913863,0.0
2018-08-06,41.909466,-71.913863,0.0
2018-08-07,41.909466,-71.913863,0.0
2018-08-08,41.909466,-71.913863,13.75200891302532
2018-08-09,41.909466,-71.913863,16.89917081195072
2018-08-10,41.909466,-71.913863,0.0
2018-08-11,41.909466,-71.913863,17.735687330987872
2018-08-12,41.909466,-71.913863,12.095764199081186
2018-08-13,41.909466,-71.913863,19.300470688604157
2018-08-14,41.909466,-71.913863,0.10741351119753545
2018-08-15,41.909466,-71.913863,0.0892489071578911
2018-08-16,41.909466,-71.913863,0.0
2018-08-17,41.909466,-71.913863,0.049721572642254214
2018-08-18,41.909466,-71.913863,32.34984076814405
2018-08-19,41.909466,-71.913863,0.05518492215192826
2018-08-20,41.909466,-71.913863,0.0
2018-08-21,41.909466,-71.913863,0.0
2018-08-22,41.909466,-71.913863,4.203639685567334
2018-08-23,41.909466,-71.913863,0.8877481316142842
2018-08-24,41.909466,-71.913863,0.0
2018-08-25,41.909466,-71.913863,0.0
2018-08-26,41.909466,-71.913863,0.0
2018-08-27,41.909466,-71.913863,0.0
2018-08-28,41.909466,-71.913863,0.0
2018-08-29,41.909466,-71.913863,0.0
2018-08-30,41.909466,-71.913863,0.0
2018-08-31,41.909466,-71.913863,0.0
2018-09-01,41.909466,-71.913863,0.0
2018-09-02,41.909466,-71.913863,0.0
2018-09-03,41.909466,-71.913863,0.0
2018-09-04,41.909466,-71.913863,0.0007323378872449111
2018-09-05,41.909466,-71.913863,0.0
2018-09-06,41.909466,-71.913863,13.048155994729816
2018-09-07,41.909466,-71.913863,5.255720136544387
2018-09-08,41.909466,-71.913863,7.8916404728969445
2018-09-09,41.909466,-71.913863,0.28984151660406154
2018-09-10,41.909466,-71.913863,32.6417994178791
2018-09-11,41.909466,-71.913863,0.7114374298433825
2018-09-12,41.909466,-71.913863,27.03748540082987
2018-09-13,41.909466,-71.913863,25.077465547144627
2018-09-14,41.909466,-71.913863,0.0
2018-09-15,41.909466,-71.913863,0.0
2018-09-16,41.909466,-71.913863,0.0
2018-09-17,41.909466,-71.913863,0.48113069674503367
2018-09-18,41.909466,-71.913863,23.926153887788008
2018-09-19,41.909466,-71.913863,0.0
2018-09-20,41.909466,-71.913863,0.0
2018-09-21,41.909466,-71.913863,0.9279900909458232
2018-09-22,41.909466,-71.913863,1.3810378314841807
2018-09-23,41.909466,-71.913863,0.5246856647363414
2018-09-24,41.909466,-71.913863,0.0
2018-09-25,41.909466,-71.913863,32.25559717746099
2018-09-26,41.909466,-71.913863,9.036592721995767
2018-09-27,41.909466,-71.913863,6.006195765062069
2018-09-28,41.909466,-71.913863,10.91894059712926
2018-09-29,41.909466,-71.913863,0.0
2018-09-30,41.909466,-71.913863,0.0
2018-10-01,41.909466,-71.913863,0.003223161158748211
2018-10-02,41.909466,-71.913863,17.774684553659124
2018-10-03,41.909466,-71.913863,22.71864350842649
2018-10-04,41.909466,-71.913863,0.19102110333436845
2018-10-05,41.909466,-71.913863,0.0
2018-10-06,41.909466,-71.913863,0.11548130446188223
2018-10-07,41.909466,-71.913863,0.0
2018-10-08,41.909466,-71.913863,0.0
2018-10-09,41.909466,-71.913863,0.0
2018-10-10,41.909466,-71.913863,0.0
2018-10-11,41.909466,-71.913863,13.587702419799689
2018-10-12,41.909466,-71.913863,39.809705623693716
2018-10-13,41.909466,-71.913863,4.920835139936209
2018-10-14,41.909466,-71.913863,0.0702008642942819
2018-10-15,41.909466,-71.913863,0.9580110833603003
2018-10-16,41.909466,-71.913863,1.8831742947689354
2018-10-17,41.909466,-71.913863,0.641012304786224
2018-10-18,41.909466,-71.913863,0.0
2018-10-19,41.909466,-71.913863,0.0
2018-10-20,41.909466,-71.913863,1.949142249364202
2018-10-21,41.909466,-71.913863,1.4232185287673815
2018-10-22,41.909466,-71.913863,0.0
2018-10-23,41.909466,-71.913863,0.47286927582979915
2018-10-24,41.909466,-71.913863,0.2794070824308382
2018-10-25,41.909466,-71.913863,0.22231525763360654
2018-10-26,41.909466,-71.913863,0.0
2018-10-27,41.909466,-71.913863,14.317355360494618
2018-10-28,41.909466,-71.913863,0.007885402916250613
2018-10-29,41.909466,-71.913863,7.317191401533351
2018-10-30,41.909466,-71.913863,0.0
2018-10-31,41.909466,-71.913863,0.0
2018-11-01,41.909466,-71.913863,0.024447978463866375
2018-11-02,41.909466,-71.913863,10.403374379199876
2018-11-03,41.909466,-71.913863,38.472728556598646
2018-11-04,41.909466,-71.913863,0.0
2018-11-05,41.909466,-71.913863,6.087085579225356
2018-11-06,41.909466,-71.913863,24.926749141103652
2018-11-07,41.909466,-71.913863,7.36809135566706
2018-11-08,41.909466,-71.913863,0.0
2018-11-09,41.909466,-71.913863,13.44478516334126
2018-11-10,41.909466,-71.913863,31.773850675788143
2018-11-11,41.909466,-71.913863,0.0
2018-11-12,41.909466,-71.913863,0.013399187565207943
2018-11-13,41.909466,-71.913863,39.318374440207236
2018-11-14,41.909466,-71.913863,0.36416517983954033
2018-11-15,41.909466,-71.913863,13.133511277026157
2018-11-16,41.909466,-71.913863,17.034501485431672
2018-11-17,41.909466,-71.913863,0.0
2018-11-18,41.909466,-71.913863,0.005371935064460164
2018-11-19,41.909466,-71.913863,0.00949456404942657
2018-11-20,41.909466,-71.913863,0.09312087495002785
2018-11-21,41.909466,-71.913863,0.0
2018-11-22,41.909466,-71.913863,0.0
2018-11-23,41.909466,-71.913863,0.0
2018-11-24,41.909466,-71.913863,0.04367499519328237
2018-11-25,41.909466,-71.913863,28.197569164245362
2018-11-26,41.909466,-71.913863,15.393359181586348
2018-11-27,41.909466,-71.913863,1.983421345909698
2018-11-28,41.909466,-71.913863,0.0
2018-11-29,41.909466,-71.913863,0.0
2018-11-30,41.909466,-71.913863,0.0
2018-12-01,41.909466,-71.913863,0.0
2018-12-02,41.909466,-71.913863,9.97673174403072
2018-12-03,41.909466,-71.913863,0.0
2018-12-04,41.909466,-71.913863,0.0
2018-12-05,41.909466,-71.913863,0.0
2018-12-06,41.909466,-71.913863,0.005696738641875998
2018-12-07,41.909466,-71.913863,0.0
2018-12-08,41.909466,-71.913863,0.1641055792641065
2018-12-09,41.909466,-71.913863,0.0
2018-12-10,41.909466,-71.913863,0.0
2018-12-11,41.909466,-71.913863,0.0
2018-12-12,41.909466,-71.913863,0.0
2018-12-13,41.909466,-71.913863,5.798834490703791
2018-12-14,41.909466,-71.913863,0.0
2018-12-15,41.909466,-71.913863,2.3282877799383583
2018-12-16,41.909466,-71.913863,28.799607378387556
2018-12-17,41.909466,-71.913863,15.022365241022058
2018-12-18,41.909466,-71.913863,0.0
2018-12-19,41.909466,-71.913863,0.0677563150115422
2018-12-20,41.909466,-71.913863,0.11707777629799523
2018-12-21,41.909466,-71.913863,52.67276456233289
2018-12-22,41.909466,-71.913863,9.597152462598189
2018-12-23,41.909466,-71.913863,0.0
2018-12-24,41.909466,-71.913863,0.411445213357997
2018-12-25,41.909466,-71.913863,0.0
2018-12-26,41.909466,-71.913863,0.0
2018-12-27,41.909466,-71.913863,0.0
2018-12-28,41.909466,-71.913863,22.907089406679553
2018-12-29,41.909466,-71.913863,1.4119367990400664
2018-12-30,41.909466,-71.913863,0.0
2018-12-31,41.909466,-71.913863,5.621525978063392
2019-01-01,41.909466,-71.913863,28.972888311646372
2019-01-02,41.909466,-71.913863,0.0
2019-01-03,41.909466,-71.913863,6.320599041510832
2019-01-04,41.909466,-71.913863,0.0
2019-01-05,41.909466,-71.913863,23.243894987763934
2019-01-06,41.909466,-71.913863,0.02669763111830568
2019-01-07,41.909466,-71.913863,0.0
2019-01-08,41.909466,-71.913863,3.6394156331879515
2019-01-09,41.909466,-71.913863,4.498131283627829
2019-01-10,41.909466,-71.913863,0.0
2019-01-11,41.909466,-71.913863,0.0
2019-01-12,41.909466,-71.913863,0.0
2019-01-13,41.909466,-71.913863,0.5219110585508173
2019-01-14,41.909466,-71.913863,0.028475965966196948
2019-01-15,41.909466,-71.913863,0.0
2019-01-16,41.909466,-71.913863,0.0
2019-01-17,41.909466,-71.913863,0.0
2019-01-18,41.909466,-71.913863,0.0
2019-01-19,41.909466,-71.913863,0.0
2019-01-20,41.909466,-71.913863,52.28764376184311
2019-01-21,41.909466,-71.913863,0.0
2019-01-22,41.909466,-71.913863,0.0
2019-01-23,41.909466,-71.913863,0.5400481332053642
2019-01-24,41.909466,-71.913863,58.553839209286195
2019-01-25,41.909466,-71.913863,0.08241907436129087
2019-01-26,41.909466,-71.913863,0.0
2019-01-27,41.909466,-71.913863,0.42647921502643604
2019-01-28,41.909466,-71.913863,0.0
2019-01-29,41.909466,-71.913863,0.0007323378872449111
2019-01-30,41.909466,-71.913863,6.872885562044425
2019-01-31,41.909466,-71.913863,0.0
2019-02-01,41.909466,-71.913863,0.0
2019-02-02,41.909466,-71.913863,0.0
2019-02-03,41.909466,-71.913863,0.10917295088075031
2019-02-04,41.909466,-71.913863,0.46277054321619443
2019-02-05,41.909466,-71.913863,0.6885737299812914
2019-02-06,41.909466,-71.913863,0.7791138291915701
2019-02-07,41.909466,-71.913863,15.751019009192074
2019-02-08,41.909466,-71.913863,20.845320338220592
2019-02-09,41.909466,-71.913863,0.0
2019-02-10,41.909466,-71.913863,0.010354896539639814
2019-02-11,41.909466,-71.913863,0.09046916037879059
2019-02-12,41.909466,-71.913863,14.979801259209154
2019-02-13,41.909466,-71.913863,19.25298831704405
2019-02-14,41.909466,-71.913863,0.0
2019-02-15,41.909466,-71.913863,1.6128474545484883
2019-02-16,41.909466,-71.913863,0.539380302245449
2019-02-17,41.909466,-71.913863,0.0
2019-02-18,41.909466,-71.913863,8.360336873978886
2019-02-19,41.909466,-71.913863,0.0
2019-02-20,41.909466,-71.913863,0.25348846637607464
2019-02-21,41.909466,-71.913863,7.722381331910886
2019-02-22,41.909466,-71.913863,0.021970135798895944
2019-02-23,41.909466,-71.913863,0.0
2019-02-24,41.909466,-71.913863,23.269261124830845
2019-02-25,41.909466,-71.913863,0.025631460266850467
2019-02-26,41.909466,-71.913863,0.0
2019-02-27,41.909466,-71.913863,0.0
2019-02-28,41.909466,-71.913863,0.07969223292243768
2019-03-01,41.909466,-71.913863,0.0
2019-03-02,41.909466,-71.913863,10.011844399078166
2019-03-03,41.909466,-71.913863,0.13819376316113438
2019-03-04,41.909466,-71.913863,35.46694617627175
2019-03-05,41.909466,-71.913863,0.0
2019-03-06,41.909466,-71.913863,0.0
2019-03-07,41.909466,-71.913863,0.0
2019-03-08,41.909466,-71.913863,0.0
2019-03-09,41.909466,-71.913863,0.0
2019-03-10,41.909466,-71.913863,6.247490109112257
2019-03-11,41.909466,-71.913863,0.0
2019-03-12,41.909466,-71.913863,0.0
2019-03-13,41.909466,-71.913863,0.13511065846623033
2019-03-14,41.909466,-71.913863,0.13730675180990537
2019-03-15,41.909466,-71.913863,4.094058835286904
2019-03-16,41.909466,-71.913863,15.534771821880588
2019-03-17,41.909466,-71.913863,0.0
2019-03-18,41.909466,-71.913863,0.0
2019-03-19,41.909466,-71.913863,0.0
2019-03-20,41.909466,-71.913863,0.0
2019-03-21,41.909466,-71.913863,0.07927367905360935
2019-03-22,41.909466,-71.913863,10.476742893307831
2019-03-23,41.909466,-71.913863,0.23515707973095873
2019-03-24,41.909466,-71.913863,0.48846827257543274
2019-03-25,41.909466,-71.913863,0.0014646757744898222
2019-03-26,41.909466,-71.913863,0.0
2019-03-27,41.909466,-71.913863,0.0
2019-03-28,41.909466,-71.913863,0.0
2019-03-29,41.909466,-71.913863,1.5332052032895147
2019-03-30,41.909466,-71.913863,0.0
2019-03-31,41.909466,-71.913863,5.29730331626877
2019-04-01,41.909466,-71.913863,0.0
2019-04-02,41.909466,-71.913863,0.0
2019-04-03,41.909466,-71.913863,7.104984692800128
2019-04-04,41.909466,-71.913863,0.0
2019-04-05,41.909466,-71.913863,1.0588202053643228
2019-04-06,41.909466,-71.913863,0.9464384512962659
2019-04-07,41.909466,-71.913863,0.0
2019-04-08,41.909466,-71.913863,15.182799961364456
2019-04-09,41.909466,-71.913863,1.3956364811447257
2019-04-10,41.909466,-71.913863,0.0
2019-04-11,41.909466,-71.913863,0.003925612835325221
2019-04-12,41.909466,-71.913863,0.6816106075012321
2019-04-13,41.909466,-71.913863,26.679092712838564
2019-04-14,41.909466,-71.913863,0.09389614430352952
2019-04-15,41.909466,-71.913863,21.978291722340852
2019-04-16,41.909466,-71.913863,0.0
2019-04-17,41.909466,-71.913863,0.03401759272992345
2019-04-18,41.909466,-71.913863,0.28422653869196524
2019-04-19,41.909466,-71.913863,0.0427139470205456
2019-04-20,41.909466,-71.913863,22.218189438819433
2019-04-21,41.909466,-71.913863,2.481916334014457
2019-04-22,41.909466,-71.913863,17.70274199222396
2019-04-23,41.909466,-71.913863,2.2093275207828276
2019-04-24,41.909466,-71.913863,2.517553560645406
2019-04-25,41.909466,-71.913863,0.0
2019-04-26,41.909466,-71.913863,18.1493804368969
2019-04-27,41.909466,-71.913863,39.613278809379075
2019-04-28,41.909466,-71.913863,1.013851338937507
2019-04-29,41.909466,-71.913863,0.0025887241349099536
2019-04-30,41.909466,-71.913863,3.9157288822723606
2019-05-01,41.909466,-71.913863,0.0
2019-05-02,41.909466,-71.913863,0.8122280200510145
2019-05-03,41.909466,-71.913863,1.8850656873548972
2019-05-04,41.909466,-71.913863,4.160345708213383
2019-05-05,41.909466,-71.913863,13.63207524864182
2019-05-06,41.909466,-71.913863,10.957319191913491
2019-05-07,41.909466,-71.913863,0.6546587706209345
2019-05-08,41.909466,-71.913863,1.7081537807375504
2019-05-09,41.909466,-71.913863,0.0
2019-05-10,41.909466,-71.913863,0.7845746350371373
2019-05-11,41.909466,-71.913863,0.8347931289742115
2019-05-12,41.909466,-71.913863,36.23147490661123
2019-05-13,41.909466,-71.913863,7.859794978775856
2019-05-14,41.909466,-71.913863,1.7106003050316734
2019-05-15,41.909466,-71.913863,0.0
2019-05-16,41.909466,-71.913863,0.03225699296521426
2019-05-17,41.909466,-71.913863,1.6621023506577817
2019-05-18,41.909466,-71.913863,0.0989933709915406
2019-05-19,41.909466,-71.913863,0.017082073849870125
2019-05-20,41.909466,-71.913863,10.366436373485227
2019-05-21,41.909466,-71.913863,0.0
2019-05-22,41.909466,-71.913863,0.0
2019-05-23,41.909466,-71.913863,0.07154523171540653
2019-05-24,41.909466,-71.913863,0.5566324509611572
2019-05-25,41.909466,-71.913863,0.0
2019-05-26,41.909466,-71.913863,2.0692038644392405
2019-05-27,41.909466,-71.913863,0.007153065165414266
2019-05-28,41.909466,-71.913863,1.0858640540417799
2019-05-29,41.909466,-71.913863,4.65805057826566
2019-05-30,41.909466,-71.913863,2.541629216872611
2019-05-31,41.909466,-71.913863,4.0586570109228735
2019-06-01,41.909466,-71.913863,0.0
2019-06-02,41.909466,-71.913863,0.17027071391142806
2019-06-03,41.909466,-71.913863,1.929724043571051
2019-06-04,41.909466,-71.913863,0.0
2019-06-05,41.909466,-71.913863,0.4816286035404968
2019-06-06,41.909466,-71.913863,1.8459540837143091
2019-06-07,41.909466,-71.913863,0.0
2019-06-08,41.909466,-71.913863,0.0
2019-06-09,41.909466,-71.913863,0.0
2019-06-10,41.909466,-71.913863,0.14688445878713977
2019-06-11,41.909466,-71.913863,17.47317444765809
2019-06-12,41.909466,-71.913863,0.0
2019-06-13,41.909466,-71.913863,20.67060167310678
2019-06-14,41.909466,-71.913863,0.45179418272499683
2019-06-15,41.909466,-71.913863,0.0
2019-06-16,41.909466,-71.913863,10.297984966305425
2019-06-17,41.909466,-71.913863,0.09932556885527681
2019-06-18,41.909466,-71.913863,12.858346550084885
2019-06-19,41.909466,-71.913863,0.15305009954304152
2019-06-20,41.909466,-71.913863,2.6028815574697766
2019-06-21,41.909466,-71.913863,11.98364260872266
2019-06-22,41.909466,-71.913863,0.19274434274968488
2019-06-23,41.909466,-71.913863,0.0
2019-06-24,41.909466,-71.913863,0.6280842326691252
2019-06-25,41.909466,-71.913863,7.796109583253603
2019-06-26,41.909466,-71.913863,0.0
2019-06-27,41.909466,-71.913863,0.0
2019-06-28,41.909466,-71.913863,0.0
2019-06-29,41.909466,-71.913863,5.096804643740915
2019-06-30,41.909466,-71.913863,2.5336227374801625
2019-07-01,41.909466,-71.913863,0.0
2019-07-02,41.909466,-71.913863,0.3272409599608471
2019-07-03,41.909466,-71.913863,0.0
2019-07-04,41.909466,-71.913863,0.1538076881602184
2019-07-05,41.909466,-71.913863,0.0
2019-07-06,41.909466,-71.913863,9.613950023240038
2019-07-07,41.909466,-71.913863,1.7932185883648124
2019-07-08,41.909466,-71.913863,0.0
2019-07-09,41.909466,-71.913863,0.0
2019-07-10,41.909466,-71.913863,0.0
2019-07-11,41.909466,-71.913863,0.032183158128890874
2019-07-12,41.909466,-71.913863,11.579850464644835
2019-07-13,41.909466,-71.913863,0.0
2019-07-14,41.909466,-71.913863,0.0
2019-07-15,41.909466,-71.913863,0.0
2019-07-16,41.909466,-71.913863,0.0
2019-07-17,41.909466,-71.913863,10.536467284466317
2019-07-18,41.909466,-71.913863,2.4519793868766104
2019-07-19,41.909466,-71.913863,0.0
2019-07-20,41.909466,-71.913863,0.1188173120758143
2019-07-21,41.909466,-71.913863,0.4005281187006018
2019-07-22,41.909466,-71.913863,18.10937118526683
2019-07-23,41.909466,-71.913863,46.29102764493047
2019-07-24,41.909466,-71.913863,8.070345417456306
2019-07-25,41.909466,-71.913863,0.691278779461525
2019-07-26,41.909466,-71.913863,0.0
2019-07-27,41.909466,-71.913863,0.2497321608818399
2019-07-28,41.909466,-71.913863,0.0
2019-07-29,41.909466,-71.913863,0.7110288975282116
2019-07-30,41.909466,-71.913863,0.0
2019-07-31,41.909466,-71.913863,3.297699099802285
2019-08-01,41.909466,-71.913863,0.42339792541424676
2019-08-02,41.909466,-71.913863,0.0
2019-08-03,41.909466,-71.913863,0.03605771747772228
2019-08-04,41.909466,-71.913863,0.0
2019-08-05,41.909466,-71.913863,0.0
2019-08-06,41.909466,-71.913863,0.7612897327020273
2019-08-07,41.909466,-71.913863,2.151620583621839
2019-08-08,41.909466,-71.913863,16.368672628469778
2019-08-09,41.909466,-71.913863,0.017507961463960352
2019-08-10,41.909466,-71.913863,0.0
2019-08-11,41.909466,-71.913863,0.0
2019-08-12,41.909466,-71.913863,0.0
2019-08-13,41.909466,-71.913863,3.2805485415215045
2019-08-14,41.909466,-71.913863,0.22593638681798875
2019-08-15,41.909466,-71.913863,0.0
2019-08-16,41.909466,-71.913863,0.002539062827405893
2019-08-17,41.909466,-71.913863,0.022659921955095527
2019-08-18,41.909466,-71.913863,7.290976070732899
2019-08-19,41.909466,-71.913863,17.999887768603863
2019-08-20,41.909466,-71.913863,0.0
2019-08-21,41.909466,-71.913863,12.83897834687605
2019-08-22,41.909466,-71.913863,9.796484869981484
2019-08-23,41.909466,-71.913863,2.312978299175449
2019-08-24,41.909466,-71.913863,0.0
2019-08-25,41.909466,-71.913863,0.0
2019-08-26,41.909466,-71.913863,0.0
2019-08-27,41.909466,-71.913863,0.5629414510076467
2019-08-28,41.909466,-71.913863,21.714076623216915
2019-08-29,41.909466,-71.913863,5.349918535516842
2019-08-30,41.909466,-71.913863,0.0
2019-08-31,41.909466,-71.913863,0.0
2019-09-01,41.909466,-71.913863,0.01384748684523731
2019-09-02,41.909466,-71.913863,4.738550829608772
2019-09-03,41.909466,-71.913863,11.107543787111197
2019-09-04,41.909466,-71.913863,11.86593194558388
2019-09-05,41.909466,-71.913863,0.0
2019-09-06,41.909466,-71.913863,4.093404041298576
2019-09-07,41.909466,-71.913863,0.6948636845437022
2019-09-08,41.909466,-71.913863,0.0
2019-09-09,41.909466,-71.913863,0.0
2019-09-10,41.909466,-71.913863,0.0
2019-09-11,41.909466,-71.913863,0.0029293515489796445
2019-09-12,41.909466,-71.913863,4.760331466250285
2019-09-13,41.909466,-71.913863,0.0
2019-09-14,41.909466,-71.913863,3.048676773534626
2019-09-15,41.909466,-71.913863,0.5732783719879084
2019-09-16,41.909466,-71.913863,0.0
2019-09-17,41.909466,-71.913863,0.0
2019-09-18,41.909466,-71.913863,0.0
2019-09-19,41.909466,-71.913863,0.0
2019-09-20,41.909466,-71.913863,0.0
2019-09-21,41.909466,-71.913863,0.0
2019-09-22,41.909466,-71.913863,0.0
2019-09-23,41.909466,-71.913863,0.0021970136617347332
2019-09-24,41.909466,-71.913863,1.6579643294654902
2019-09-25,41.909466,-71.913863,0.0
2019-09-26,41.909466,-71.913863,3.7344341230978593
2019-09-27,41.909466,-71.913863,0.0
2019-09-28,41.909466,-71.913863,0.0
2019-09-29,41.909466,-71.913863,0.10202142960301108
2019-09-30,41.909466,-71.913863,0.624531170400377
2019-10-01,41.909466,-71.913863,3.175984933325137
2019-10-02,41.909466,-71.913863,0.15510856945848647
2019-10-03,41.909466,-71.913863,1.525961096871326
2019-10-04,41.909466,-71.913863,0.34144601728234425
2019-10-05,41.909466,-71.913863,0.0
2019-10-06,41.909466,-71.913863,0.0
2019-10-07,41.909466,-71.913863,0.02049830086112319
2019-10-08,41.909466,-71.913863,3.3556165702223697
2019-10-09,41.909466,-71.913863,21.374972152520105
2019-10-10,41.909466,-71.913863,8.403846713836309
2019-10-11,41.909466,-71.913863,0.0
2019-10-12,41.909466,-71.913863,0.012943620192362313
2019-10-13,41.909466,-71.913863,0.0
2019-10-14,41.909466,-71.913863,0.0
2019-10-15,41.909466,-71.913863,0.0
2019-10-16,41.909466,-71.913863,11.544048208287633
2019-10-17,41.909466,-71.913863,43.10125790399728
2019-10-18,41.909466,-71.913863,0.0
2019-10-19,41.909466,-71.913863,0.0
2019-10-20,41.909466,-71.913863,4.233641210732369
2019-10-21,41.909466,-71.913863,2.9266961955857282
2019-10-22,41.909466,-71.913863,0.15372773662026504
2019-10-23,41.909466,-71.913863,0.833107088937641
2019-10-24,41.909466,-71.913863,0.0
2019-10-25,41.909466,-71.913863,0.0
2019-10-26,41.909466,-71.913863,0.37832567461289807
2019-10-27,41.909466,-71.913863,45.87353372687097
2019-10-28,41.909466,-71.913863,0.0
2019-10-29,41.909466,-71.913863,0.0
2019-10-30,41.909466,-71.913863,0.8415553492991206
2019-10-31,41.909466,-71.913863,6.732502637347612
2019-11-01,41.909466,-71.913863,0.44972721972670965
2019-11-02,41.909466,-71.913863,0.0
2019-11-03,41.909466,-71.913863,0.0
2019-11-04,41.909466,-71.913863,0.0
2019-11-05,41.909466,-71.913863,2.6219713526322863
2019-11-06,41.909466,-71.913863,0.0
2019-11-07,41.909466,-71.913863,7.324628391176982
2019-11-08,41.909466,-71.913863,2.3232669366605627
2019-11-09,41.909466,-71.913863,0.0
2019-11-10,41.909466,-71.913863,0.0
2019-11-11,41.909466,-71.913863,0.0
2019-11-12,41.909466,-71.913863,5.7821902012931545
2019-11-13,41.909466,-71.913863,0.0
2019-11-14,41.909466,-71.913863,0.005946599867082806
2019-11-15,41.909466,-71.913863,0.0043940273234694665
2019-11-16,41.909466,-71.913863,0.0
2019-11-17,41.909466,-71.913863,0.04380429925210147
2019-11-18,41.909466,-71.913863,8.876253807031107
2019-11-19,41.909466,-71.913863,4.174119780746617
2019-11-20,41.909466,-71.913863,1.0964172472092364
2019-11-21,41.909466,-71.913863,0.0
2019-11-22,41.909466,-71.913863,7.059419313618931
2019-11-23,41.909466,-71.913863,0.0
2019-11-24,41.909466,-71.913863,47.466827464458206
2019-11-25,41.909466,-71.913863,0.013133841605039737
2019-11-26,41.909466,-71.913863,0.0
2019-11-27,41.909466,-71.913863,3.4709525051452133
2019-11-28,41.909466,-71.913863,0.12220952204886333
2019-11-29,41.909466,-71.913863,0.0
2019-11-30,41.909466,-71.913863,0.0
2019-12-01,41.909466,-71.913863,8.753944802765863
2019-12-02,41.909466,-71.913863,8.840468120127948
2019-12-03,41.909466,-71.913863,1.6981943766507743
2019-12-04,41.909466,-71.913863,0.006250413434725944
2019-12-05,41.909466,-71.913863,0.0
2019-12-06,41.909466,-71.913863,0.0
2019-12-07,41.909466,-71.913863,0.0
2019-12-08,41.909466,-71.913863,0.09204745009858815
2019-12-09,41.909466,-71.913863,17.8792904338544
2019-12-10,41.909466,-71.913863,35.57859190126594
2019-12-11,41.909466,-71.913863,13.495014297657333
2019-12-12,41.909466,-71.913863,0.011649258366001064
2019-12-13,41.909466,-71.913863,1.5499591548589178
2019-12-14,41.909466,-71.913863,63.85563159568437
2019-12-15,41.909466,-71.913863,0.0
2019-12-16,41.909466,-71.913863,0.032281520031730945
2019-12-17,41.909466,-71.913863,13.942724429331081
2019-12-18,41.909466,-71.913863,0.005858703097959289
2019-12-19,41.909466,-71.913863,0.0
2019-12-20,41.909466,-71.913863,0.0
2019-12-21,41.909466,-71.913863,0.0
2019-12-22,41.909466,-71.913863,0.0
2019-12-23,41.909466,-71.913863,0.0
2019-12-24,41.909466,-71.913863,0.0
2019-12-25,41.909466,-71.913863,0.024685867094429232
2019-12-26,41.909466,-71.913863,0.04392485818698965
2019-12-27,41.909466,-71.913863,0.012160199728199327
2019-12-28,41.909466,-71.913863,0.0
2019-12-29,41.909466,-71.913863,0.9982275257232736
2019-12-30,41.909466,-71.913863,42.68689660300791
2019-12-31,41.909466,-71.913863,0.0
2020-01-01,41.909466,-71.913863,0.0
2020-01-02,41.909466,-71.913863,0.003223161158748211
2020-01-03,41.909466,-71.913863,3.017073195730296
2020-01-04,41.909466,-71.913863,8.656322562620428
2020-01-05,41.909466,-71.913863,2.325155122810851
2020-01-06,41.909466,-71.913863,0.0
2020-01-07,41.909466,-71.913863,0.0
2020-01-08,41.909466,-71.913863,0.6336033524385001
2020-01-09,41.909466,-71.913863,0.0
2020-01-10,41.909466,-71.913863,0.06516273545112303
2020-01-11,41.909466,-71.913863,0.13882794438803792
2020-01-12,41.909466,-71.913863,12.180566368739328
2020-01-13,41.909466,-71.913863,0.0029293515489796445
2020-01-14,41.909466,-71.913863,0.0
2020-01-15,41.909466,-71.913863,0.0
2020-01-16,41.909466,-71.913863,0.2511536650101875
2020-01-17,41.909466,-71.913863,0.0021970136617347332
2020-01-18,41.909466,-71.913863,2.440657661526246
2020-01-19,41.909466,-71.913863,5.597827075948721
2020-01-20,41.909466,-71.913863,0.0
2020-01-21,41.909466,-71.913863,0.0
2020-01-22,41.909466,-71.913863,0.0
2020-01-23,41.909466,-71.913863,0.0
2020-01-24,41.909466,-71.913863,0.0
2020-01-25,41.909466,-71.913863,15.093666276274067
2020-01-26,41.909466,-71.913863,12.573439099497886
2020-01-27,41.909466,-71.913863,0.0
2020-01-28,41.909466,-71.913863,0.0
2020-01-29,41.909466,-71.913863,0.0
2020-01-30,41.909466,-71.913863,0.0
2020-01-31,41.909466,-71.913863,0.01475727370885466
2020-02-01,41.909466,-71.913863,0.29269460201304115
2020-02-02,41.909466,-71.913863,0.0
2020-02-03,41.909466,-71.913863,0.012466649519166555
2020-02-04,41.909466,-71.913863,0.5450305823083472
2020-02-05,41.909466,-71.913863,1.709348363979391
2020-02-06,41.909466,-71.913863,9.704792451478996
2020-02-07,41.909466,-71.913863,24.730326416481894
2020-02-08,41.909466,-71.913863,0.0
2020-02-09,41.909466,-71.913863,0.09966587895293949
2020-02-10,41.909466,-71.913863,5.536406411992895
2020-02-11,41.909466,-71.913863,14.237653110105933
2020-02-12,41.909466,-71.913863,0.17203691239203223
2020-02-13,41.909466,-71.913863,27.577149430128088
2020-02-14,41.909466,-71.913863,0.36599015497882453
2020-02-15,41.909466,-71.913863,0.0
2020-02-16,41.909466,-71.913863,0.21150420912274168
2020-02-17,41.909466,-71.913863,0.0
2020-02-18,41.909466,-71.913863,0.12255962589361243
2020-02-19,41.909466,-71.913863,2.1198668845952784
2020-02-20,41.909466,-71.913863,0.0
2020-02-21,41.909466,-71.913863,0.0
2020-02-22,41.909466,-71.913863,0.0
2020-02-23,41.909466,-71.913863,0.0
2020-02-24,41.909466,-71.913863,0.0
2020-02-25,41.909466,-71.913863,0.4808890552937046
2020-02-26,41.909466,-71.913863,4.002090422877135
2020-02-27,41.909466,-71.913863,16.1075117734579
2020-02-28,41.909466,-71.913863,0.026058355282154798
2020-02-29,41.909466,-71.913863,0.0
2020-03-01,41.909466,-71.913863,0.0
2020-03-02,41.909466,-71.913863,0.0
2020-03-03,41.909466,-71.913863,5.991562683495585
2020-03-04,41.909466,-71.913863,3.0841193184579403
2020-03-05,41.909466,-71.913863,0.0
2020-03-06,41.909466,-71.913863,0.050446103947629925
2020-03-07,41.909466,-71.913863,0.018461696358439368
2020-03-08,41.909466,-71.913863,0.05696738429655942
2020-03-09,41.909466,-71.913863,0.0
2020-03-10,41.909466,-71.913863,0.0
2020-03-11,41.909466,-71.913863,0.45798126319763943
2020-03-12,41.909466,-71.913863,0.009060534713278567
2020-03-13,41.909466,-71.913863,3.6885070313632324
2020-03-14,41.909466,-71.913863,0.0
2020-03-15,41.909466,-71.913863,2.882636510171513
2020-03-16,41.909466,-71.913863,0.0
2020-03-17,41.909466,-71.913863,0.010252730694245885
2020-03-18,41.909466,-71.913863,0.0
2020-03-19,41.909466,-71.913863,13.235836775256828
2020-03-20,41.909466,-71.913863,1.5143548055520162
2020-03-21,41.909466,-71.913863,0.4758744070621773
2020-03-22,41.909466,-71.913863,0.0
2020-03-23,41.909466,-71.913863,26.00695361341372
2020-03-24,41.909466,-71.913863,44.65197637327606
2020-03-25,41.909466,-71.913863,0.0058104634056481315
2020-03-26,41.909466,-71.913863,0.044179008397625105
2020-03-27,41.909466,-71.913863,1.4847782186884741
2020-03-28,41.909466,-71.913863,6.489211640651643
2020-03-29,41.909466,-71.913863,11.763223875395571
2020-03-30,41.909466,-71.913863,4.564739533826843
2020-03-31,41.909466,-71.913863,0.013331172575940435
2020-04-01,41.909466,-71.913863,0.003223161158748211
2020-04-02,41.909466,-71.913863,1.0225886300071223
2020-04-03,41.909466,-71.913863,17.722208193375284
2020-04-04,41.909466,-71.913863,0.0
2020-04-05,41.909466,-71.913863,0.014999999664723873
2020-04-06,41.909466,-71.913863,0.21194915948176685
2020-04-07,41.909466,-71.913863,0.0
2020-04-08,41.909466,-71.913863,4.308841278680595
2020-04-09,41.909466,-71.913863,11.88899964245182
2020-04-10,41.909466,-71.913863,0.0018989128806253329
2020-04-11,41.909466,-71.913863,0.0
2020-04-12,41.909466,-71.913863,0.015310947665817054
2020-04-13,41.909466,-71.913863,43.8538511792157
2020-04-14,41.909466,-71.913863,0.287458810291645
2020-04-15,41.909466,-71.913863,5.308341886232467
2020-04-16,41.909466,-71.913863,0.013292390518077424
2020-04-17,41.909466,-71.913863,0.05140500911870697
2020-04-18,41.909466,-71.913863,14.548587368146734
2020-04-19,41.909466,-71.913863,0.19086823777709683
2020-04-20,41.909466,-71.913863,0.49582971455880354
2020-04-21,41.909466,-71.913863,10.606371151175567
2020-04-22,41.909466,-71.913863,0.0
2020-04-23,41.909466,-71.913863,0.07213381504847269
2020-04-24,41.909466,-71.913863,19.962703549232476
2020-04-25,41.909466,-71.913863,0.019040784795550558
2020-04-26,41.909466,-71.913863,2.2115155199236614
2020-04-27,41.909466,-71.913863,0.0
2020-04-28,41.909466,-71.913863,0.0
2020-04-29,41.909466,-71.913863,0.0
2020-04-30,41.909466,-71.913863,9.649007126705163
2020-05-01,41.909466,-71.913863,19.304091649655586
2020-05-02,41.909466,-71.913863,0.0
2020-05-03,41.909466,-71.913863,0.5415951697137903
2020-05-04,41.909466,-71.913863,1.7326951111726248
2020-05-05,41.909466,-71.913863,0.0
2020-05-06,41.909466,-71.913863,3.414360497008463
2020-05-07,41.909466,-71.913863,0.382032087944445
2020-05-08,41.909466,-71.913863,3.4202050698071487
2020-05-09,41.909466,-71.913863,3.623384105167225
2020-05-10,41.909466,-71.913863,0.0
2020-05-11,41.909466,-71.913863,6.103218412023591
2020-05-12,41.909466,-71.913863,0.8486617768883133
2020-05-13,41.909466,-71.913863,0.0
2020-05-14,41.909466,-71.913863,0.0
2020-05-15,41.909466,-71.913863,4.376869236283617
2020-05-16,41.909466,-71.913863,12.296007197310608
2020-05-17,41.909466,-71.913863,0.0
2020-05-18,41.909466,-71.913863,0.7142793322193802
2020-05-19,41.909466,-71.913863,0.278273603463253
2020-05-20,41.909466,-71.913863,0.2656792744599882
2020-05-21,41.909466,-71.913863,0.0
2020-05-22,41.909466,-71.913863,0.0
2020-05-23,41.909466,-71.913863,2.391451903975883
2020-05-24,41.909466,-71.913863,0.0
2020-05-25,41.909466,-71.913863,0.0
2020-05-26,41.909466,-71.913863,0.0
2020-05-27,41.909466,-71.913863,0.0
2020-05-28,41.909466,-71.913863,0.0
2020-05-29,41.909466,-71.913863,0.0
2020-05-30,41.909466,-71.913863,3.386486816030476
2020-05-31,41.909466,-71.913863,0.0
2020-06-01,41.909466,-71.913863,0.0
2020-06-02,41.909466,-71.913863,1.6741684129786878
2020-06-03,41.909466,-71.913863,0.8130821662391572
2020-06-04,41.909466,-71.913863,1.0033154226137657
2020-06-05,41.909466,-71.913863,10.322822064868214
2020-06-06,41.909466,-71.913863,9.063266970045603
2020-06-07,41.909466,-71.913863,0.0
2020-06-08,41.909466,-71.913863,0.0
2020-06-09,41.909466,-71.913863,0.03789419142730978
2020-06-10,41.909466,-71.913863,0.05639001718144959
2020-06-11,41.909466,-71.913863,5.482206524798124
2020-06-12,41.909466,-71.913863,0.0
2020-06-13,41.909466,-71.913863,0.0
2020-06-14,41.909466,-71.913863,0.0
2020-06-15,41.909466,-71.913863,0.014646757199263963
2020-06-16,41.909466,-71.913863,0.0
2020-06-17,41.909466,-71.913863,0.0
2020-06-18,41.909466,-71.913863,0.0
2020-06-19,41.909466,-71.913863,0.0
2020-06-20,41.909466,-71.913863,0.0
2020-06-21,41.909466,-71.913863,0.31874169332839347
2020-06-22,41.909466,-71.913863,0.0
2020-06-23,41.909466,-71.913863,0.0
2020-06-24,41.909466,-71.913863,0.48273415480507986
2020-06-25,41.909466,-71.913863,0.0
2020-06-26,41.909466,-71.913863,0.0
2020-06-27,41.909466,-71.913863,17.52504670072859
2020-06-28,41.909466,-71.913863,23.766845820203677
2020-06-29,41.909466,-71.913863,2.7109709446301045
2020-06-30,41.909466,-71.913863,2.5761630268246645
2020-07-01,41.909466,-71.913863,2.9909084645224366
2020-07-02,41.909466,-71.913863,2.1654731335973065
2020-07-03,41.909466,-71.913863,9.332794074981887
2020-07-04,41.909466,-71.913863,0.0
2020-07-05,41.909466,-71.913863,0.0
2020-07-06,41.909466,-71.913863,0.0
2020-07-07,41.909466,-71.913863,0.0
2020-07-08,41.909466,-71.913863,0.0029293515489796445
2020-07-09,41.909466,-71.913863,0.0
2020-07-10,41.909466,-71.913863,2.7448702848549082
2020-07-11,41.909466,-71.913863,0.0
2020-07-12,41.909466,-71.913863,0.0
2020-07-13,41.909466,-71.913863,2.92525751638017
2020-07-14,41.909466,-71.913863,2.360816539327901
2020-07-15,41.909466,-71.913863,0.0
2020-07-16,41.909466,-71.913863,0.14061952831880328
2020-07-17,41.909466,-71.913863,1.361643950156736
2020-07-18,41.909466,-71.913863,0.0
2020-07-19,41.909466,-71.913863,0.0
2020-07-20,41.909466,-71.913863,1.3744194057147137
2020-07-21,41.909466,-71.913863,0.0
2020-07-22,41.909466,-71.913863,1.5689266051917872
2020-07-23,41.909466,-71.913863,10.491721863270845
2020-07-24,41.909466,-71.913863,4.481412054202871
2020-07-25,41.909466,-71.913863,0.03688937470140233
2020-07-26,41.909466,-71.913863,0.0
2020-07-27,41.909466,-71.913863,1.3512312774817714
2020-07-28,41.909466,-71.913863,11.76062235839568
2020-07-29,41.909466,-71.913863,0.0007323378872449111
2020-07-30,41.909466,-71.913863,0.5169849995267155
2020-07-31,41.909466,-71.913863,5.690926766716559
2020-08-01,41.909466,-71.913863,0.0
2020-08-02,41.909466,-71.913863,0.21136771541544483
2020-08-03,41.909466,-71.913863,0.0
2020-08-04,41.909466,-71.913863,2.2133426966125067
2020-08-05,41.909466,-71.913863,0.0
2020-08-06,41.909466,-71.913863,0.0012943620674549768
2020-08-07,41.909466,-71.913863,0.9393938613551991
2020-08-08,41.909466,-71.913863,1.2687697729345337
2020-08-09,41.909466,-71.913863,0.0
2020-08-10,41.909466,-71.913863,0.0
2020-08-11,41.909466,-71.913863,0.04789139818349024
2020-08-12,41.909466,-71.913863,0.40518029462395894
2020-08-13,41.909466,-71.913863,0.16291612847038298
2020-08-14,41.909466,-71.913863,0.04945699498367282
2020-08-15,41.909466,-71.913863,0.0
2020-08-16,41.909466,-71.913863,29.595112278096966
2020-08-17,41.909466,-71.913863,1.5168091486842987
2020-08-18,41.909466,-71.913863,11.393390686885976
2020-08-19,41.909466,-71.913863,1.2970828981925715
2020-08-20,41.909466,-71.913863,0.0
2020-08-21,41.909466,-71.913863,0.0
2020-08-22,41.909466,-71.913863,0.8108882226415766
2020-08-23,41.909466,-71.913863,0.023861341620420064
2020-08-24,41.909466,-71.913863,5.087834738203307
2020-08-25,41.909466,-71.913863,0.6927816312459163
2020-08-26,41.909466,-71.913863,0.0
2020-08-27,41.909466,-71.913863,19.114069958483043
2020-08-28,41.909466,-71.913863,0.1922433808467236
2020-08-29,41.909466,-71.913863,6.3693227734061395
2020-08-30,41.909466,-71.913863,0.551914557575526
2020-08-31,41.909466,-71.913863,0.18427826176981346
2020-09-01,41.909466,-71.913863,0.06556248071988799
2020-09-02,41.909466,-71.913863,10.338098695406865
2020-09-03,41.909466,-71.913863,9.15775474903931
2020-09-04,41.909466,-71.913863,0.016205043211453864
2020-09-05,41.909466,-71.913863,0.0
2020-09-06,41.909466,-71.913863,0.0
2020-09-07,41.909466,-71.913863,0.0
2020-09-08,41.909466,-71.913863,0.0
2020-09-09,41.909466,-71.913863,0.5178346761107947
2020-09-10,41.909466,-71.913863,9.491750581993296
2020-09-11,41.909466,-71.913863,0.16281496048400113
2020-09-12,41.909466,-71.913863,0.0
2020-09-13,41.909466,-71.913863,0.0
2020-09-14,41.909466,-71.913863,0.9964120030545844
2020-09-15,41.909466,-71.913863,0.0
2020-09-16,41.909466,-71.913863,0.0
2020-09-17,41.909466,-71.913863,0.0
2020-09-18,41.909466,-71.913863,5.5288090774810055
2020-09-19,41.909466,-71.913863,0.0
2020-09-20,41.909466,-71.913863,0.0
2020-09-21,41.909466,-71.913863,0.0
2020-09-22,41.909466,-71.913863,0.19496846913246857
2020-09-23,41.909466,-71.913863,0.0
2020-09-24,41.909466,-71.913863,0.005946599867082806
2020-09-25,41.909466,-71.913863,0.0
2020-09-26,41.909466,-71.913863,0.0
2020-09-27,41.909466,-71.913863,0.0
2020-09-28,41.909466,-71.913863,0.16267048168407358
2020-09-29,41.909466,-71.913863,0.024710901616709052
2020-09-30,41.909466,-71.913863,23.998484471474143
2020-10-01,41.909466,-71.913863,0.0
2020-10-02,41.909466,-71.913863,1.2063287877687736
2020-10-03,41.909466,-71.913863,0.0
2020-10-04,41.909466,-71.913863,0.0
2020-10-05,41.909466,-71.913863,0.3991698507218732
2020-10-06,41.909466,-71.913863,0.0
2020-10-07,41.909466,-71.913863,5.353333496120254
2020-10-08,41.909466,-71.913863,0.0
2020-10-09,41.909466,-71.913863,0.0
2020-10-10,41.909466,-71.913863,0.0
2020-10-11,41.909466,-71.913863,0.0
2020-10-12,41.909466,-71.913863,23.852257216397764
2020-10-13,41.909466,-71.913863,18.223736754905033
2020-10-14,41.909466,-71.913863,0.0
2020-10-15,41.909466,-71.913863,0.0
2020-10-16,41.909466,-71.913863,0.0
2020-10-17,41.909466,-71.913863,50.54187583562499
2020-10-18,41.909466,-71.913863,0.0
2020-10-19,41.909466,-71.913863,1.7905106244490094
2020-10-20,41.909466,-71.913863,0.04385374720281597
2020-10-21,41.909466,-71.913863,0.0
2020-10-22,41.909466,-71.913863,0.0
2020-10-23,41.909466,-71.913863,0.0
2020-10-24,41.909466,-71.913863,0.0
2020-10-25,41.909466,-71.913863,1.0848628507810743
2020-10-26,41.909466,-71.913863,0.003613449880321963
2020-10-27,41.909466,-71.913863,1.7126854994396403
2020-10-28,41.909466,-71.913863,4.408884402026487
2020-10-29,41.909466,-71.913863,26.787296256873404
2020-10-30,41.909466,-71.913863,12.13450592219922
2020-10-31,41.909466,-71.913863,0.432820756022205
2020-11-01,41.909466,-71.913863,12.829943069539402
2020-11-02,41.909466,-71.913863,2.2663681774641913
2020-11-03,41.909466,-71.913863,0.4371327382116098
2020-11-04,41.909466,-71.913863,0.0
2020-11-05,41.909466,-71.913863,0.0
2020-11-06,41.909466,-71.913863,0.0
2020-11-07,41.909466,-71.913863,0.0
2020-11-08,41.909466,-71.913863,0.06965522612366706
2020-11-09,41.909466,-71.913863,0.0
2020-11-10,41.909466,-71.913863,0.0
2020-11-11,41.909466,-71.913863,2.0715091609270777
2020-11-12,41.909466,-71.913863,34.095560624889174
2020-11-13,41.909466,-71.913863,1.3409148485817863
2020-11-14,41.909466,-71.913863,0.0
2020-11-15,41.909466,-71.913863,0.2373171463677555
2020-11-16,41.909466,-71.913863,5.70663833548046
2020-11-17,41.909466,-71.913863,0.0
2020-11-18,41.909466,-71.913863,0.0
2020-11-19,41.909466,-71.913863,0.0021487741058321404
2020-11-20,41.909466,-71.913863,0.011393477283751997
2020-11-21,41.909466,-71.913863,0.012892644634992845
2020-11-22,41.909466,-71.913863,0.0010743870529160702
2020-11-23,41.909466,-71.913863,60.30972348621186
2020-11-24,41.909466,-71.913863,0.0
2020-11-25,41.909466,-71.913863,1.3456864315583394
2020-11-26,41.909466,-71.913863,10.573268462464192
2020-11-27,41.909466,-71.913863,0.0
2020-11-28,41.909466,-71.913863,0.0
2020-11-29,41.909466,-71.913863,0.0
2020-11-30,41.909466,-71.913863,32.866346356901445
2020-12-01,41.909466,-71.913863,3.1594965365585956
2020-12-02,41.909466,-71.913863,0.0
2020-12-03,41.909466,-71.913863,0.0
2020-12-04,41.909466,-71.913863,0.5288557767854247
2020-12-05,41.909466,-71.913863,96.59828367587018
2020-12-06,41.909466,-71.913863,0.41351353741003855
2020-12-07,41.909466,-71.913863,0.0
2020-12-08,41.909466,-71.913863,0.0
2020-12-09,41.909466,-71.913863,0.005952312790025109
2020-12-10,41.909466,-71.913863,0.0
2020-12-11,41.909466,-71.913863,0.0
2020-12-12,41.909466,-71.913863,1.125688334151573
2020-12-13,41.909466,-71.913863,0.5724725392743572
2020-12-14,41.909466,-71.913863,4.107556348692429
2020-12-15,41.909466,-71.913863,0.0
2020-12-16,41.909466,-71.913863,0.03404768666960531
2020-12-17,41.909466,-71.913863,15.831986300632467
2020-12-18,41.909466,-71.913863,0.0
2020-12-19,41.909466,-71.913863,0.0
2020-12-20,41.909466,-71.913863,2.3129349811259687
2020-12-21,41.909466,-71.913863,0.0
2020-12-22,41.909466,-71.913863,0.0025887241349099536
2020-12-23,41.909466,-71.913863,0.0
2020-12-24,41.909466,-71.913863,0.0
2020-12-25,41.909466,-71.913863,82.7205225201839
2020-12-26,41.909466,-71.913863,0.007595651522501331
2020-12-27,41.909466,-71.913863,0.0
2020-12-28,41.909466,-71.913863,0.0
2020-12-29,41.909466,-71.913863,0.0
2020-12-30,41.909466,-71.913863,0.0
2020-12-31,41.909466,-71.913863,2.9493939728850616
2021-01-01,41.909466,-71.913863,0.2905802966167691
2021-01-02,41.909466,-71.913863,8.086084797357513
2021-01-03,41.909466,-71.913863,0.0
2021-01-04,41.909466,-71.913863,0.3856300287763421
2021-01-05,41.909466,-71.913863,0.0
2021-01-06,41.909466,-71.913863,0.0
2021-01-07,41.909466,-71.913863,0.0
2021-01-08,41.909466,-71.913863,0.0
2021-01-09,41.909466,-71.913863,0.0
2021-01-10,41.909466,-71.913863,0.0
2021-01-11,41.909466,-71.913863,0.3028309970884438
2021-01-12,41.909466,-71.913863,0.0
2021-01-13,41.909466,-71.913863,0.0
2021-01-14,41.909466,-71.913863,0.08397694795335979
2021-01-15,41.909466,-71.913863,0.0
2021-01-16,41.909466,-71.913863,74.4594889001174
2021-01-17,41.909466,-71.913863,0.0
2021-01-18,41.909466,-71.913863,0.0
2021-01-19,41.909466,-71.913863,0.0
2021-01-20,41.909466,-71.913863,0.0
2021-01-21,41.909466,-71.913863,0.0
2021-01-22,41.909466,-71.913863,0.0
2021-01-23,41.909466,-71.913863,0.0
2021-01-24,41.909466,-71.913863,0.0
2021-01-25,41.909466,-71.913863,0.7495867721895781
2021-01-26,41.909466,-71.913863,0.08152840643989342
2021-01-27,41.909466,-71.913863,0.0
2021-01-28,41.909466,-71.913863,0.0
2021-01-29,41.909466,-71.913863,0.0
2021-01-30,41.909466,-71.913863,0.0
2021-01-31,41.909466,-71.913863,0.005946599867082806
2021-02-01,41.909466,-71.913863,11.555212146269133
2021-02-02,41.909466,-71.913863,2.2608700823582257
2021-02-03,41.909466,-71.913863,0.0
2021-02-04,41.909466,-71.913863,0.0
2021-02-05,41.909466,-71.913863,5.19923848409618
2021-02-06,41.909466,-71.913863,0.005696738641875998
2021-02-07,41.909466,-71.913863,27.866450509225096
2021-02-08,41.909466,-71.913863,0.0
2021-02-09,41.909466,-71.913863,0.5942411204344463
2021-02-10,41.909466,-71.913863,0.0
2021-02-11,41.909466,-71.913863,0.3689178036290318
2021-02-12,41.909466,-71.913863,0.014476443765046247
2021-02-13,41.909466,-71.913863,0.6163754821139752
2021-02-14,41.909466,-71.913863,1.9571120241287596
2021-02-15,41.909466,-71.913863,1.9478489444280647
2021-02-16,41.909466,-71.913863,30.78549929732521
2021-02-17,41.909466,-71.913863,0.3080984674106625
2021-02-18,41.909466,-71.913863,2.6778101868296162
2021-02-19,41.909466,-71.913863,1.0745200268650554
2021-02-20,41.909466,-71.913863,0.23324908891597748
2021-02-21,41.909466,-71.913863,0.2375375244374944
2021-02-22,41.909466,-71.913863,7.7232546037707985
2021-02-23,41.909466,-71.913863,0.11178059245172534
2021-02-24,41.909466,-71.913863,0.0
2021-02-25,41.909466,-71.913863,0.0028811119930770516
2021-02-26,41.909466,-71.913863,0.0
2021-02-27,41.909466,-71.913863,1.2720560580578517
2021-02-28,41.909466,-71.913863,0.18549126860268797
2021-03-01,41.909466,-71.913863,12.78852733650456
2021-03-02,41.909466,-71.913863,0.16037115248372477
2021-03-03,41.909466,-71.913863,0.0
2021-03-04,41.909466,-71.913863,0.0
2021-03-05,41.909466,-71.913863,0.0
2021-03-06,41.909466,-71.913863,0.0
2021-03-07,41.909466,-71.913863,0.0
2021-03-08,41.909466,-71.913863,0.13627207089032756
2021-03-09,41.909466,-71.913863,0.0
2021-03-10,41.909466,-71.913863,0.0
2021-03-11,41.909466,-71.913863,0.022137347412672325
2021-03-12,41.909466,-71.913863,0.713488775259117
2021-03-13,41.909466,-71.913863,0.0
2021-03-14,41.909466,-71.913863,0.026859676923262316
2021-03-15,41.909466,-71.913863,0.0
2021-03-16,41.909466,-71.913863,0.5456016404102291
2021-03-17,41.909466,-71.913863,0.0
2021-03-18,41.909466,-71.913863,16.742899564505752
2021-03-19,41.909466,-71.913863,4.761268609012973
2021-03-20,41.909466,-71.913863,0.0
2021-03-21,41.909466,-71.913863,0.0
2021-03-22,41.909466,-71.913863,0.0
2021-03-23,41.909466,-71.913863,0.0
2021-03-24,41.909466,-71.913863,0.7991683806383295
2021-03-25,41.909466,-71.913863,12.317312241592866
2021-03-26,41.909466,-71.913863,1.5201852670144471
2021-03-27,41.909466,-71.913863,0.0
2021-03-28,41.909466,-71.913863,14.856939992448453
2021-03-29,41.909466,-71.913863,13.003290307787118
2021-03-30,41.909466,-71.913863,0.0
2021-03-31,41.909466,-71.913863,1.2305668549508557
2021-04-01,41.909466,-71.913863,15.820222299262108
2021-04-02,41.909466,-71.913863,0.0
2021-04-03,41.909466,-71.913863,0.45410487274888867
2021-04-04,41.909466,-71.913863,0.0
2021-04-05,41.909466,-71.913863,0.0
2021-04-06,41.909466,-71.913863,0.0
2021-04-07,41.909466,-71.913863,0.0
2021-04-08,41.909466,-71.913863,0.0
2021-04-09,41.909466,-71.913863,0.0
2021-04-10,41.909466,-71.913863,0.043684746822245164
2021-04-11,41.909466,-71.913863,7.491246373689408
2021-04-12,41.909466,-71.913863,1.5321194847667625
2021-04-13,41.909466,-71.913863,0.0014646757744898222
2021-04-14,41.909466,-71.913863,0.0
2021-04-15,41.909466,-71.913863,7.543208355896878
2021-04-16,41.909466,-71.913863,7.284444978910015
2021-04-17,41.909466,-71.913863,0.2438142398332666
2021-04-18,41.909466,-71.913863,0.0
2021-04-19,41.909466,-71.913863,0.0
2021-04-20,41.909466,-71.913863,0.0
2021-04-21,41.909466,-71.913863,7.993748470397626
2021-04-22,41.909466,-71.913863,0.0
2021-04-23,41.909466,-71.913863,0.0
2021-04-24,41.909466,-71.913863,0.0
2021-04-25,41.909466,-71.913863,19.449426899887435
2021-04-26,41.909466,-71.913863,0.0
2021-04-27,41.909466,-71.913863,0.3397270640874976
2021-04-28,41.909466,-71.913863,6.8005782961206735
2021-04-29,41.909466,-71.913863,20.804370917556668
2021-04-30,41.909466,-71.913863,6.459889672612222
2021-05-01,41.909466,-71.913863,0.9512433786667644
2021-05-02,41.909466,-71.913863,9.046077233136566
2021-05-03,41.909466,-71.913863,2.105320460724158
2021-05-04,41.909466,-71.913863,24.877998378974834
2021-05-05,41.909466,-71.913863,7.517702901680543
2021-05-06,41.909466,-71.913863,0.0
2021-05-07,41.909466,-71.913863,0.18539475170464292
2021-05-08,41.909466,-71.913863,0.026500381368855082
2021-05-09,41.909466,-71.913863,0.7726523774513161
2021-05-10,41.909466,-71.913863,13.310786358290702
2021-05-11,41.909466,-71.913863,0.019778810098427038
2021-05-12,41.909466,-71.913863,0.0
2021-05-13,41.909466,-71.913863,0.0
2021-05-14,41.909466,-71.913863,0.0
2021-05-15,41.909466,-71.913863,0.0
2021-05-16,41.909466,-71.913863,0.33065807613042625
2021-05-17,41.909466,-71.913863,1.3657153159771978
2021-05-18,41.909466,-71.913863,0.8962296337965112
2021-05-19,41.909466,-71.913863,0.0
2021-05-20,41.909466,-71.913863,0.0
2021-05-21,41.909466,-71.913863,0.424340402674011
2021-05-22,41.909466,-71.913863,0.25268294053532425
2021-05-23,41.909466,-71.913863,0.12282865001903026
2021-05-24,41.909466,-71.913863,0.0018989128806253329
2021-05-25,41.909466,-71.913863,0.0
2021-05-26,41.909466,-71.913863,0.0
2021-05-27,41.909466,-71.913863,17.230699361859905
2021-05-28,41.909466,-71.913863,3.2469102616777543
2021-05-29,41.909466,-71.913863,43.78877369640116
2021-05-30,41.909466,-71.913863,10.158090492406942
2021-05-31,41.909466,-71.913863,3.641367657885851
2021-06-01,41.909466,-71.913863,0.025460938195034297
2021-06-02,41.909466,-71.913863,0.17154147453743857
2021-06-03,41.909466,-71.913863,0.7908590607371228
2021-06-04,41.909466,-71.913863,13.466838710500287
2021-06-05,41.909466,-71.913863,0.0
2021-06-06,41.909466,-71.913863,0.0
2021-06-07,41.909466,-71.913863,0.0
2021-06-08,41.909466,-71.913863,1.5299329513503601
2021-06-09,41.909466,-71.913863,1.3933844728809817
2021-06-10,41.909466,-71.913863,0.2708949414948927
2021-06-11,41.909466,-71.913863,0.07859850281350342
2021-06-12,41.909466,-71.913863,1.912723821365818
2021-06-13,41.909466,-71.913863,0.0
2021-06-14,41.909466,-71.913863,20.983536086712007
2021-06-15,41.909466,-71.913863,0.4504328727468533
2021-06-16,41.909466,-71.913863,0.0
2021-06-17,41.909466,-71.913863,0.0
2021-06-18,41.909466,-71.913863,0.0
2021-06-19,41.909466,-71.913863,1.7671476412751028
2021-06-20,41.909466,-71.913863,6.137562983199729
2021-06-21,41.909466,-71.913863,0.0018989128806253329
2021-06-22,41.909466,-71.913863,7.112913258613065
2021-06-23,41.909466,-71.913863,2.438136763953929
2021-06-24,41.909466,-71.913863,0.0
2021-06-25,41.909466,-71.913863,0.0
2021-06-26,41.909466,-71.913863,0.0
2021-06-27,41.909466,-71.913863,0.6439795646999291
2021-06-28,41.909466,-71.913863,0.0
2021-06-29,41.909466,-71.913863,1.0452831399748124
2021-06-30,41.909466,-71.913863,5.191052598700623
2021-07-01,41.909466,-71.913863,10.799599832157996
2021-07-02,41.909466,-71.913863,32.628111805936825
2021-07-03,41.909466,-71.913863,15.075340542412155
2021-07-04,41.909466,-71.913863,4.504809645010511
2021-07-05,41.909466,-71.913863,0.012083288184336523
2021-07-06,41.909466,-71.913863,17.33090424724742
2021-07-07,41.909466,-71.913863,8.52371680575672
2021-07-08,41.909466,-71.913863,19.83682055327951
2021-07-09,41.909466,-71.913863,64.57276500359318
2021-07-10,41.909466,-71.913863,3.2109641898290473
2021-07-11,41.909466,-71.913863,0.0010743870529160702
2021-07-12,41.909466,-71.913863,22.835339061619273
2021-07-13,41.909466,-71.913863,0.4178791596307103
2021-07-14,41.909466,-71.913863,0.3416688709974773
2021-07-15,41.909466,-71.913863,10.860483312698609
2021-07-16,41.909466,-71.913863,5.898376198992399
2021-07-17,41.909466,-71.913863,21.036337846035806
2021-07-18,41.909466,-71.913863,11.70185579352707
2021-07-19,41.909466,-71.913863,0.0
2021-07-20,41.909466,-71.913863,0.023026037630037407
2021-07-21,41.909466,-71.913863,0.08712760086961804
2021-07-22,41.909466,-71.913863,0.0
2021-07-23,41.909466,-71.913863,0.09645029405869346
2021-07-24,41.909466,-71.913863,0.0
2021-07-25,41.909466,-71.913863,6.954740413086545
2021-07-26,41.909466,-71.913863,0.0
2021-07-27,41.909466,-71.913863,1.626767993550644
2021-07-28,41.909466,-71.913863,6.915780925407313
2021-07-29,41.909466,-71.913863,2.1866981292771097
2021-07-30,41.909466,-71.913863,0.0
2021-07-31,41.909466,-71.913863,0.0
2021-08-01,41.909466,-71.913863,0.18737540877117187
2021-08-02,41.909466,-71.913863,0.0
2021-08-03,41.909466,-71.913863,0.1268486032419451
2021-08-04,41.909466,-71.913863,14.282879839107302
2021-08-05,41.909466,-71.913863,10.498597758483115
2021-08-06,41.909466,-71.913863,0.0
2021-08-07,41.909466,-71.913863,0.05682154387194709
2021-08-08,41.909466,-71.913863,6.002360139110741
2021-08-09,41.909466,-71.913863,2.6968527990095756
2021-08-10,41.909466,-71.913863,0.0
2021-08-11,41.909466,-71.913863,0.0
2021-08-12,41.909466,-71.913863,10.411182173981008
2021-08-13,41.909466,-71.913863,9.315011005648817
2021-08-14,41.909466,-71.913863,5.713513789790883
2021-08-15,41.909466,-71.913863,0.0
2021-08-16,41.909466,-71.913863,0.0010743870529160702
2021-08-17,41.909466,-71.913863,0.0018989128806253329
2021-08-18,41.909466,-71.913863,1.0866649974654758
2021-08-19,41.909466,-71.913863,39.485510024789136
2021-08-20,41.909466,-71.913863,0.0
2021-08-21,41.909466,-71.913863,0.0
2021-08-22,41.909466,-71.913863,27.107483831627984
2021-08-23,41.909466,-71.913863,10.189874232222081
2021-08-24,41.909466,-71.913863,0.069111307491087
2021-08-25,41.909466,-71.913863,0.0
2021-08-26,41.909466,-71.913863,0.0
2021-08-27,41.909466,-71.913863,0.0
2021-08-28,41.909466,-71.913863,0.7540345464126628
2021-08-29,41.909466,-71.913863,0.2727611572415418
2021-08-30,41.909466,-71.913863,0.0
2021-08-31,41.909466,-71.913863,2.6246588897201244
2021-09-01,41.909466,-71.913863,17.244123492281584
2021-09-02,41.909466,-71.913863,79.61255933064702
2021-09-03,41.909466,-71.913863,0.0
2021-09-04,41.909466,-71.913863,0.0
2021-09-05,41.909466,-71.913863,7.070156312603692
2021-09-06,41.909466,-71.913863,0.04843261019334828
2021-09-07,41.909466,-71.913863,0.0
2021-09-08,41.909466,-71.913863,0.0
2021-09-09,41.909466,-71.913863,29.474100472196366
2021-09-10,41.909466,-71.913863,6.034832465565171
2021-09-11,41.909466,-71.913863,0.0
2021-09-12,41.909466,-71.913863,0.0
2021-09-13,41.909466,-71.913863,0.007936485870670978
2021-09-14,41.909466,-71.913863,0.08003252250507922
2021-09-15,41.909466,-71.913863,0.0
2021-09-16,41.909466,-71.913863,12.415337410438417
2021-09-17,41.909466,-71.913863,0.0
2021-09-18,41.909466,-71.913863,0.022004155870015793
2021-09-19,41.909466,-71.913863,0.0
2021-09-20,41.909466,-71.913863,0.0
2021-09-21,41.909466,-71.913863,0.0
2021-09-22,41.909466,-71.913863,0.0
2021-09-23,41.909466,-71.913863,0.0
2021-09-24,41.909466,-71.913863,10.376054245302647
2021-09-25,41.909466,-71.913863,0.0
2021-09-26,41.909466,-71.913863,1.887176312366417
2021-09-27,41.909466,-71.913863,0.03761411212425275
2021-09-28,41.909466,-71.913863,12.46131246195714
2021-09-29,41.909466,-71.913863,0.042286124667016645
2021-09-30,41.909466,-71.913863,0.0
2021-10-01,41.909466,-71.913863,0.0
2021-10-02,41.909466,-71.913863,0.012892644634992845
2021-10-03,41.909466,-71.913863,0.9280784285499705
2021-10-04,41.909466,-71.913863,36.77326180429521
2021-10-05,41.909466,-71.913863,11.270766686771834
2021-10-06,41.909466,-71.913863,0.0
2021-10-07,41.909466,-71.913863,0.0
2021-10-08,41.909466,-71.913863,0.0
2021-10-09,41.909466,-71.913863,0.0
2021-10-10,41.909466,-71.913863,9.033552797323646
2021-10-11,41.909466,-71.913863,0.0
2021-10-12,41.909466,-71.913863,0.0
2021-10-13,41.909466,-71.913863,0.0
2021-10-14,41.909466,-71.913863,0.0
2021-10-15,41.909466,-71.913863,0.0
2021-10-16,41.909466,-71.913863,0.0
2021-10-17,41.909466,-71.913863,9.218244900206425
2021-10-18,41.909466,-71.913863,0.007595651522501331
2021-10-19,41.909466,-71.913863,0.0
2021-10-20,41.909466,-71.913863,0.0
2021-10-21,41.909466,-71.913863,0.007520709570532679
2021-10-22,41.909466,-71.913863,0.0
2021-10-23,41.909466,-71.913863,0.0
2021-10-24,41.909466,-71.913863,0.21540761766487476
2021-10-25,41.909466,-71.913863,8.89597158167296
2021-10-26,41.909466,-71.913863,29.20449897314407
2021-10-27,41.909466,-71.913863,10.41998776378094
2021-10-28,41.909466,-71.913863,0.0
2021-10-29,41.909466,-71.913863,0.0
2021-10-30,41.909466,-71.913863,16.410553348706937
2021-10-31,41.909466,-71.913863,19.804429491803678
2021-11-01,41.909466,-71.913863,0.0
2021-11-02,41.909466,-71.913863,0.012411275529813918
2021-11-03,41.909466,-71.913863,0.0
2021-11-04,41.909466,-71.913863,0.0
2021-11-05,41.909466,-71.913863,0.0
2021-11-06,41.909466,-71.913863,0.0
2021-11-07,41.909466,-71.913863,0.0
2021-11-08,41.909466,-71.913863,0.09214726458564358
2021-11-09,41.909466,-71.913863,0.0
2021-11-10,41.909466,-71.913863,0.42242561411509927
2021-11-11,41.909466,-71.913863,0.5040049982662365
2021-11-12,41.909466,-71.913863,21.605838282478008
2021-11-13,41.909466,-71.913863,5.203306358476377
2021-11-14,41.909466,-71.913863,0.0
2021-11-15,41.909466,-71.913863,2.725497321829282
2021-11-16,41.909466,-71.913863,0.0
2021-11-17,41.909466,-71.913863,0.0
2021-11-18,41.909466,-71.913863,0.07975434593806531
2021-11-19,41.909466,-71.913863,10.22326020301184
2021-11-20,41.909466,-71.913863,0.0010743870529160702
2021-11-21,41.909466,-71.913863,2.141236998389541
2021-11-22,41.909466,-71.913863,12.496618035293421
2021-11-23,41.909466,-71.913863,0.0
2021-11-24,41.909466,-71.913863,0.005696738641875998
2021-11-25,41.909466,-71.913863,0.03687657443039015
2021-11-26,41.909466,-71.913863,5.937625366031477
2021-11-27,41.909466,-71.913863,0.0
2021-11-28,41.909466,-71.913863,0.003223161158748211
2021-11-29,41.909466,-71.913863,0.0
2021-11-30,41.909466,-71.913863,0.0
2021-12-01,41.909466,-71.913863,0.0036616892998159907
2021-12-02,41.909466,-71.913863,4.012802960625209
2021-12-03,41.909466,-71.913863,1.9090970047326945
2021-12-04,41.909466,-71.913863,0.0
2021-12-05,41.909466,-71.913863,0.010525210487768388
2021-12-06,41.909466,-71.913863,3.254357511102176
2021-12-07,41.909466,-71.913863,4.912137135092816
2021-12-08,41.909466,-71.913863,1.149290180105122
2021-12-09,41.909466,-71.913863,0.0
2021-12-10,41.909466,-71.913863,0.12922129279622246
2021-12-11,41.909466,-71.913863,10.497293511932185
2021-12-12,41.909466,-71.913863,17.571812393185592
2021-12-13,41.909466,-71.913863,0.023298516732002127
2021-12-14,41.909466,-71.913863,0.0
2021-12-15,41.909466,-71.913863,3.1787408020339765
2021-12-16,41.909466,-71.913863,10.009281298625615
2021-12-17,41.909466,-71.913863,0.12912608012692378
2021-12-18,41.909466,-71.913863,1.086319156365128
2021-12-19,41.909466,-71.913863,4.722718894591356
2021-12-20,41.909466,-71.913863,0.0
2021-12-21,41.909466,-71.913863,0.0
2021-12-22,41.909466,-71.913863,0.8584223103145496
2021-12-23,41.909466,-71.913863,0.0
2021-12-24,41.909466,-71.913863,0.08655946499304434
2021-12-25,41.909466,-71.913863,16.032857404191063
2021-12-26,41.909466,-71.913863,1.995948100083161
2021-12-27,41.909466,-71.913863,0.0
2021-12-28,41.909466,-71.913863,0.11108689233630384
2021-12-29,41.909466,-71.913863,2.1502469146302197
2021-12-30,41.909466,-71.913863,0.019287436649950047
2021-12-31,41.909466,-71.913863,0.019415430288543468
2022-01-01,41.909466,-71.913863,1.2283147857524865
2022-01-02,41.909466,-71.913863,16.17724977072603
2022-01-03,41.909466,-71.913863,0.3621222760271874
2022-01-04,41.909466,-71.913863,0.0
2022-01-05,41.909466,-71.913863,2.3813070751787184
2022-01-06,41.909466,-71.913863,0.049815928476534904
2022-01-07,41.909466,-71.913863,7.232340065929663
2022-01-08,41.909466,-71.913863,0.0
2022-01-09,41.909466,-71.913863,4.359925959647421
2022-01-10,41.909466,-71.913863,5.994865738137354
2022-01-11,41.909466,-71.913863,0.0
2022-01-12,41.909466,-71.913863,0.0
2022-01-13,41.909466,-71.913863,0.0
2022-01-14,41.909466,-71.913863,0.17368686937166744
2022-01-15,41.909466,-71.913863,0.0
2022-01-16,41.909466,-71.913863,0.0
2022-01-17,41.909466,-71.913863,18.090761998110064
2022-01-18,41.909466,-71.913863,0.0
2022-01-19,41.909466,-71.913863,0.0
2022-01-20,41.909466,-71.913863,8.229738103935405
2022-01-21,41.909466,-71.913863,0.4960198125077976
2022-01-22,41.909466,-71.913863,0.6556524672222848
2022-01-23,41.909466,-71.913863,0.0
2022-01-24,41.909466,-71.913863,0.0012943620674549768
2022-01-25,41.909466,-71.913863,1.5427727912448779
2022-01-26,41.909466,-71.913863,0.0
2022-01-27,41.909466,-71.913863,0.0
2022-01-28,41.909466,-71.913863,0.5030078898447535
2022-01-29,41.909466,-71.913863,21.26582180290404
2022-01-30,41.909466,-71.913863,1.4226632138697692
2022-01-31,41.909466,-71.913863,0.0
2022-02-01,41.909466,-71.913863,0.0
2022-02-02,41.909466,-71.913863,0.08487657497904748
2022-02-03,41.909466,-71.913863,1.5354108624976277
2022-02-04,41.909466,-71.913863,40.22530551121361
2022-02-05,41.909466,-71.913863,1.3223225509686132
2022-02-06,41.909466,-71.913863,0.0
2022-02-07,41.909466,-71.913863,0.6739367843751196
2022-02-08,41.909466,-71.913863,13.681915845338901
2022-02-09,41.909466,-71.913863,0.0014646757744898222
2022-02-10,41.909466,-71.913863,0.012943620192362313
2022-02-11,41.909466,-71.913863,0.0
2022-02-12,41.909466,-71.913863,0.0
2022-02-13,41.909466,-71.913863,0.040222608833557924
2022-02-14,41.909466,-71.913863,0.6096713557689735
2022-02-15,41.909466,-71.913863,0.0
2022-02-16,41.909466,-71.913863,0.0
2022-02-17,41.909466,-71.913863,0.030758193174006163
2022-02-18,41.909466,-71.913863,32.49745487499858
2022-02-19,41.909466,-71.913863,0.0
2022-02-20,41.909466,-71.913863,0.0
2022-02-21,41.909466,-71.913863,0.0
2022-02-22,41.909466,-71.913863,8.667581336355513
2022-02-23,41.909466,-71.913863,16.98183433430175
2022-02-24,41.909466,-71.913863,0.15409003897696227
2022-02-25,41.909466,-71.913863,36.26120476364391
2022-02-26,41.909466,-71.913863,0.036079345085581416
2022-02-27,41.909466,-71.913863,0.0
2022-02-28,41.909466,-71.913863,0.12911062210355673
2022-03-01,41.909466,-71.913863,0.017589938729741704
2022-03-02,41.909466,-71.913863,3.241359907578101
2022-03-03,41.909466,-71.913863,4.576364810772261
2022-03-04,41.909466,-71.913863,0.0
2022-03-05,41.909466,-71.913863,0.0
2022-03-06,41.909466,-71.913863,6.851420472117013
2022-03-07,41.909466,-71.913863,2.6791939517156442
2022-03-08,41.909466,-71.913863,7.303916532552739
2022-03-09,41.909466,-71.913863,1.3060266060353398
2022-03-10,41.909466,-71.913863,0.0
2022-03-11,41.909466,-71.913863,0.0
2022-03-12,41.909466,-71.913863,18.172438697650936
2022-03-13,41.909466,-71.913863,0.0
2022-03-14,41.909466,-71.913863,0.0
2022-03-15,41.909466,-71.913863,0.040551812523943576
2022-03-16,41.909466,-71.913863,1.8994480105690623
2022-03-17,41.909466,-71.913863,3.3726389169124658
2022-03-18,41.909466,-71.913863,0.04194759167297349
2022-03-19,41.909466,-71.913863,0.19163565854972864
2022-03-20,41.909466,-71.913863,8.014598691820119
2022-03-21,41.909466,-71.913863,0.3633464090428044
2022-03-22,41.909466,-71.913863,0.0
2022-03-23,41.909466,-71.913863,0.0
2022-03-24,41.909466,-71.913863,14.110151478987996
2022-03-25,41.909466,-71.913863,17.50361107847275
2022-03-26,41.909466,-71.913863,0.7910249590845684
2022-03-27,41.909466,-71.913863,0.13335264247298254
2022-03-28,41.909466,-71.913863,0.0
2022-03-29,41.909466,-71.913863,0.0
2022-03-30,41.909466,-71.913863,0.0
2022-03-31,41.909466,-71.913863,0.4483557404339841
2022-04-01,41.909466,-71.913863,9.60581614700726
2022-04-02,41.909466,-71.913863,0.0
2022-04-03,41.909466,-71.913863,1.9927297882550155
2022-04-04,41.909466,-71.913863,0.0
2022-04-05,41.909466,-71.913863,0.0
2022-04-06,41.909466,-71.913863,4.01092895761119
2022-04-07,41.909466,-71.913863,2.6955162166004674
2022-04-08,41.909466,-71.913863,6.438533260333256
2022-04-09,41.909466,-71.913863,3.4216995085770137
2022-04-10,41.909466,-71.913863,0.0
2022-04-11,41.909466,-71.913863,0.0
2022-04-12,41.909466,-71.913863,11.614947846644473
2022-04-13,41.909466,-71.913863,0.0
2022-04-14,41.909466,-71.913863,5.321255519707474
2022-04-15,41.909466,-71.913863,6.21280334702598
2022-04-16,41.909466,-71.913863,0.22483046451879246
2022-04-17,41.909466,-71.913863,6.497683533714074
2022-04-18,41.909466,-71.913863,0.1289553457730704
2022-04-19,41.909466,-71.913863,37.88258471958507
2022-04-20,41.909466,-71.913863,0.0
2022-04-21,41.909466,-71.913863,0.2681917584874797
2022-04-22,41.909466,-71.913863,0.0
2022-04-23,41.909466,-71.913863,0.049193485227559335
2022-04-24,41.909466,-71.913863,0.1424797467782693
2022-04-25,41.909466,-71.913863,0.0
2022-04-26,41.909466,-71.913863,0.0029293515489796445
2022-04-27,41.909466,-71.913863,3.4420123586155875
2022-04-28,41.909466,-71.913863,0.0
2022-04-29,41.909466,-71.913863,0.0
2022-04-30,41.909466,-71.913863,0.0
2022-05-01,41.909466,-71.913863,0.0
2022-05-02,41.909466,-71.913863,0.6148949480813799
2022-05-03,41.909466,-71.913863,0.2650430821099752
2022-05-04,41.909466,-71.913863,9.309842110617868
2022-05-05,41.909466,-71.913863,1.2015155873249574
2022-05-06,41.909466,-71.913863,1.711164881708718
2022-05-07,41.909466,-71.913863,3.17683482894957
2022-05-08,41.909466,-71.913863,0.15691297473975668
2022-05-09,41.909466,-71.913863,0.0
2022-05-10,41.909466,-71.913863,0.0
2022-05-11,41.909466,-71.913863,0.0
2022-05-12,41.909466,-71.913863,0.0
2022-05-13,41.909466,-71.913863,0.0
2022-05-14,41.909466,-71.913863,0.22228899159545545
2022-05-15,41.909466,-71.913863,3.332356316323316
2022-05-16,41.909466,-71.913863,0.5748047570571387
2022-05-17,41.909466,-71.913863,2.466454781334835
2022-05-18,41.909466,-71.913863,0.0
2022-05-19,41.909466,-71.913863,11.415902192392121
2022-05-20,41.909466,-71.913863,0.0
2022-05-21,41.909466,-71.913863,0.3860036166999371
2022-05-22,41.909466,-71.913863,0.0
2022-05-23,41.909466,-71.913863,8.033508819298625
2022-05-24,41.909466,-71.913863,0.8644916546025236
2022-05-25,41.909466,-71.913863,0.0
2022-05-26,41.909466,-71.913863,0.08410804347167028
2022-05-27,41.909466,-71.913863,0.0
2022-05-28,41.909466,-71.913863,12.95888000378176
2022-05-29,41.909466,-71.913863,0.0
2022-05-30,41.909466,-71.913863,0.0
2022-05-31,41.909466,-71.913863,0.3134525129607827
2022-06-01,41.909466,-71.913863,2.5998692562205257
2022-06-02,41.909466,-71.913863,3.6056536470890945
2022-06-03,41.909466,-71.913863,0.336955079213558
2022-06-04,41.909466,-71.913863,0.0049560513672709675
2022-06-05,41.909466,-71.913863,0.0
2022-06-06,41.909466,-71.913863,0.0
2022-06-07,41.909466,-71.913863,0.16934731084108534
2022-06-08,41.909466,-71.913863,7.105237834780523
2022-06-09,41.909466,-71.913863,19.49203422737691
2022-06-10,41.909466,-71.913863,0.0
2022-06-11,41.909466,-71.913863,1.7583938517767725
2022-06-12,41.909466,-71.913863,0.0
2022-06-13,41.909466,-71.913863,7.6134874224553215
2022-06-14,41.909466,-71.913863,0.0
2022-06-15,41.909466,-71.913863,0.0
2022-06-16,41.909466,-71.913863,0.013673223278861472
2022-06-17,41.909466,-71.913863,6.727323103759219
2022-06-18,41.909466,-71.913863,0.0
2022-06-19,41.909466,-71.913863,15.324127154052126
2022-06-20,41.909466,-71.913863,0.0
2022-06-21,41.909466,-71.913863,0.049371734188858464
2022-06-22,41.909466,-71.913863,5.869609288900433
2022-06-23,41.909466,-71.913863,0.0
2022-06-24,41.909466,-71.913863,0.14083071026310212
2022-06-25,41.909466,-71.913863,0.0
2022-06-26,41.909466,-71.913863,0.0
2022-06-27,41.909466,-71.913863,19.25773214113515
2022-06-28,41.909466,-71.913863,0.32454637665341113
2022-06-29,41.909466,-71.913863,0.0
2022-06-30,41.909466,-71.913863,0.010743870128920328
2022-07-01,41.909466,-71.913863,0.0
2022-07-02,41.909466,-71.913863,15.164099163872471
2022-07-03,41.909466,-71.913863,0.9462977500385948
2022-07-04,41.909466,-71.913863,0.0
2022-07-05,41.909466,-71.913863,2.7870898796052397
2022-07-06,41.909466,-71.913863,0.17959094807246223
2022-07-07,41.909466,-71.913863,0.0
2022-07-08,41.909466,-71.913863,0.0
2022-07-09,41.909466,-71.913863,0.3246573855112205
2022-07-10,41.909466,-71.913863,0.0
2022-07-11,41.909466,-71.913863,0.0
2022-07-12,41.909466,-71.913863,1.6648946181368598
2022-07-13,41.909466,-71.913863,6.7250054142727285
2022-07-14,41.909466,-71.913863,0.9242660900891371
2022-07-15,41.909466,-71.913863,0.0
2022-07-16,41.909466,-71.913863,1.6598321074922462
2022-07-17,41.909466,-71.913863,0.09456051804007523
2022-07-18,41.909466,-71.913863,13.844848139964382
2022-07-19,41.909466,-71.913863,3.1315397313403954
2022-07-20,41.909466,-71.913863,0.0
2022-07-21,41.909466,-71.913863,0.30298562623388514
2022-07-22,41.909466,-71.913863,0.0
2022-07-23,41.909466,-71.913863,0.0
2022-07-24,41.909466,-71.913863,0.0
2022-07-25,41.909466,-71.913863,4.678957945280691
2022-07-26,41.909466,-71.913863,1.6059232258342553
2022-07-27,41.909466,-71.913863,0.0
2022-07-28,41.909466,-71.913863,0.013182081697591271
2022-07-29,41.909466,-71.913863,1.6375652649892307
2022-07-30,41.909466,-71.913863,1.1748548504716327
2022-07-31,41.909466,-71.913863,0.0038830862023649304
2022-08-01,41.909466,-71.913863,9.210010997772455
2022-08-02,41.909466,-71.913863,0.2511124437805241
2022-08-03,41.909466,-71.913863,0.0
2022-08-04,41.909466,-71.913863,0.0
2022-08-05,41.909466,-71.913863,0.09060533748903654
2022-08-06,41.909466,-71.913863,0.0
2022-08-07,41.909466,-71.913863,0.0
2022-08-08,41.909466,-71.913863,0.5380107716134439
2022-08-09,41.909466,-71.913863,0.9150849387799738
2022-08-10,41.909466,-71.913863,0.04733436209599959
2022-08-11,41.909466,-71.913863,0.9706749678635155
2022-08-12,41.909466,-71.913863,0.00949456404942657
2022-08-13,41.909466,-71.913863,10.130569453554017
2022-08-14,41.909466,-71.913863,0.05148789238969029
2022-08-15,41.909466,-71.913863,0.24698221097507572
2022-08-16,41.909466,-71.913863,0.0
2022-08-17,41.909466,-71.913863,5.555325242025825
2022-08-18,41.909466,-71.913863,0.0
2022-08-19,41.909466,-71.913863,0.0
2022-08-20,41.909466,-71.913863,0.11265280347344439
2022-08-21,41.909466,-71.913863,0.015379096587003082
2022-08-22,41.909466,-71.913863,13.28340146376771
2022-08-23,41.909466,-71.913863,13.19032853518324
2022-08-24,41.909466,-71.913863,2.971372277970368
2022-08-25,41.909466,-71.913863,0.0
2022-08-26,41.909466,-71.913863,13.849489736561436
2022-08-27,41.909466,-71.913863,0.0
2022-08-28,41.909466,-71.913863,0.0
2022-08-29,41.909466,-71.913863,0.0
2022-08-30,41.909466,-71.913863,0.0
2022-08-31,41.909466,-71.913863,3.4795206577013578
2022-09-01,41.909466,-71.913863,0.0
2022-09-02,41.909466,-71.913863,0.0
2022-09-03,41.909466,-71.913863,0.0
2022-09-04,41.909466,-71.913863,0.06985219917811766
2022-09-05,41.909466,-71.913863,21.623553500832802
2022-09-06,41.909466,-71.913863,70.74248970159132
2022-09-07,41.909466,-71.913863,0.009139874815163115
2022-09-08,41.909466,-71.913863,0.0
2022-09-09,41.909466,-71.913863,0.0
2022-09-10,41.909466,-71.913863,0.0
2022-09-11,41.909466,-71.913863,5.724795820322392
2022-09-12,41.909466,-71.913863,3.045291511446548
2022-09-13,41.909466,-71.913863,11.695810756433778
2022-09-14,41.909466,-71.913863,0.0
2022-09-15,41.909466,-71.913863,0.0
2022-09-16,41.909466,-71.913863,0.0
2022-09-17,41.909466,-71.913863,0.0
2022-09-18,41.909466,-71.913863,0.0
2022-09-19,41.909466,-71.913863,0.02617962872507918
2022-09-20,41.909466,-71.913863,2.736947287041276
2022-09-21,41.909466,-71.913863,0.0
2022-09-22,41.909466,-71.913863,25.053159123090918
2022-09-23,41.909466,-71.913863,0.0
2022-09-24,41.909466,-71.913863,0.0
2022-09-25,41.909466,-71.913863,0.42938197583869453
2022-09-26,41.909466,-71.913863,4.027371012473761
2022-09-27,41.909466,-71.913863,0.5441375158374346
2022-09-28,41.909466,-71.913863,0.0
2022-09-29,41.909466,-71.913863,0.0
2022-09-30,41.909466,-71.913863,0.06794933993944999
2022-10-01,41.909466,-71.913863,19.012821552921405
2022-10-02,41.909466,-71.913863,0.01752070854653451
2022-10-03,41.909466,-71.913863,4.967781042817737
2022-10-04,41.909466,-71.913863,0.8373290826439587
2022-10-05,41.909466,-71.913863,14.146603183949836
2022-10-06,41.909466,-71.913863,9.372327745584869
2022-10-07,41.909466,-71.913863,0.017950548062141147
2022-10-08,41.909466,-71.913863,2.428834388399097
2022-10-09,41.909466,-71.913863,0.0
2022-10-10,41.909466,-71.913863,0.029770326828183286
2022-10-11,41.909466,-71.913863,0.0
2022-10-12,41.909466,-71.913863,0.0
2022-10-13,41.909466,-71.913863,3.0411503387684067
2022-10-14,41.909466,-71.913863,52.142049378547924
2022-10-15,41.909466,-71.913863,0.0
2022-10-16,41.909466,-71.913863,0.0
2022-10-17,41.909466,-71.913863,0.6404554927271597
2022-10-18,41.909466,-71.913863,5.332744873209895
2022-10-19,41.909466,-71.913863,0.0
2022-10-20,41.909466,-71.913863,0.0
2022-10-21,41.909466,-71.913863,0.0
2022-10-22,41.909466,-71.913863,0.0
2022-10-23,41.909466,-71.913863,20.56704271690092
2022-10-24,41.909466,-71.913863,14.397688614220325
2022-10-25,41.909466,-71.913863,0.07042256999697005
2022-10-26,41.909466,-71.913863,1.3399179035084572
2022-10-27,41.909466,-71.913863,0.0
2022-10-28,41.909466,-71.913863,0.4812559936710985
2022-10-29,41.909466,-71.913863,0.0014646757744898222
2022-10-30,41.909466,-71.913863,0.0
2022-10-31,41.909466,-71.913863,0.0
2022-11-01,41.909466,-71.913863,14.086495261227347
2022-11-02,41.909466,-71.913863,0.0
2022-11-03,41.909466,-71.913863,0.0
2022-11-04,41.909466,-71.913863,0.0
2022-11-05,41.909466,-71.913863,0.0
2022-11-06,41.909466,-71.913863,1.5340177092835507
2022-11-07,41.909466,-71.913863,0.22758781506745113
2022-11-08,41.909466,-71.913863,0.0
2022-11-09,41.909466,-71.913863,0.0
2022-11-10,41.909466,-71.913863,0.0
2022-11-11,41.909466,-71.913863,11.898335919381694
2022-11-12,41.909466,-71.913863,10.278627059104519
2022-11-13,41.909466,-71.913863,2.9337592405224764
2022-11-14,41.909466,-71.913863,0.0037978257612506657
2022-11-15,41.909466,-71.913863,0.0
2022-11-16,41.909466,-71.913863,20.13540896123632
2022-11-17,41.909466,-71.913863,0.011989886262258212
2022-11-18,41.909466,-71.913863,0.0
2022-11-19,41.909466,-71.913863,0.0
2022-11-20,41.909466,-71.913863,0.0
2022-11-21,41.909466,-71.913863,0.0
2022-11-22,41.909466,-71.913863,0.0
2022-11-23,41.909466,-71.913863,0.0
2022-11-24,41.909466,-71.913863,0.0
2022-11-25,41.909466,-71.913863,0.19769439708562922
2022-11-26,41.909466,-71.913863,0.0
2022-11-27,41.909466,-71.913863,29.16249712616124
2022-11-28,41.909466,-71.913863,1.296841020892955
2022-11-29,41.909466,-71.913863,0.0
2022-11-30,41.909466,-71.913863,14.418449660498453
2022-12-01,41.909466,-71.913863,0.476664941555504
2022-12-02,41.909466,-71.913863,0.0014646757744898222
2022-12-03,41.909466,-71.913863,17.118618177983624
2022-12-04,41.909466,-71.913863,0.0
2022-12-05,41.909466,-71.913863,0.45814191516542446
2022-12-06,41.909466,-71.913863,3.4609301836953152
2022-12-07,41.909466,-71.913863,31.491081504682185
2022-12-08,41.909466,-71.913863,0.0
2022-12-09,41.909466,-71.913863,0.0
2022-12-10,41.909466,-71.913863,0.0
2022-12-11,41.909466,-71.913863,0.03494715429570332
2022-12-12,41.909466,-71.913863,0.41234072240109476
2022-12-13,41.909466,-71.913863,0.0
2022-12-14,41.909466,-71.913863,0.0
2022-12-15,41.909466,-71.913863,0.4137442009186559
2022-12-16,41.909466,-71.913863,27.17328340919524
2022-12-17,41.909466,-71.913863,0.0
2022-12-18,41.909466,-71.913863,0.0
2022-12-19,41.909466,-71.913863,0.0
2022-12-20,41.909466,-71.913863,0.0
2022-12-21,41.909466,-71.913863,0.0
2022-12-22,41.909466,-71.913863,1.2922155938264388
2022-12-23,41.909466,-71.913863,30.594870604021114
2022-12-24,41.909466,-71.913863,0.0
2022-12-25,41.909466,-71.913863,0.0
2022-12-26,41.909466,-71.913863,0.0025887241349099536
2022-12-27,41.909466,-71.913863,0.0
2022-12-28,41.909466,-71.913863,0.0
2022-12-29,41.909466,-71.913863,0.0
2022-12-30,41.909466,-71.913863,0.0
2022-12-31,41.909466,-71.913863,15.236672615077751
2023-01-01,41.909466,-71.913863,16.94776619695976
2023-01-02,41.909466,-71.913863,0.0
2023-01-03,41.909466,-71.913863,23.818477509011583
2023-01-04,41.909466,-71.913863,12.285674045819013
2023-01-05,41.909466,-71.913863,1.997345581295598
2023-01-06,41.909466,-71.913863,0.05736029848442861
2023-01-07,41.909466,-71.913863,0.0
2023-01-08,41.909466,-71.913863,0.0
2023-01-09,41.909466,-71.913863,0.0
2023-01-10,41.909466,-71.913863,0.3640476824628582
2023-01-11,41.909466,-71.913863,0.0
2023-01-12,41.909466,-71.913863,0.0021970136617347332
2023-01-13,41.909466,-71.913863,20.525969185201657
2023-01-14,41.909466,-71.913863,0.99195205464505
2023-01-15,41.909466,-71.913863,4.616666921253683
2023-01-16,41.909466,-71.913863,1.5797458173325114
2023-01-17,41.909466,-71.913863,0.25936136573142743
2023-01-18,41.909466,-71.913863,0.0
2023-01-19,41.909466,-71.913863,27.627801236170363
2023-01-20,41.909466,-71.913863,12.472876559966044
2023-01-21,41.909466,-71.913863,0.0
2023-01-22,41.909466,-71.913863,0.7564464608815399
2023-01-23,41.909466,-71.913863,24.84631483794252
2023-01-24,41.909466,-71.913863,0.0
2023-01-25,41.909466,-71.913863,3.678156400390979
2023-01-26,41.909466,-71.913863,45.0701059844859
2023-01-27,41.909466,-71.913863,0.0
2023-01-28,41.909466,-71.913863,0.0
2023-01-29,41.909466,-71.913863,0.15378764559414276
2023-01-30,41.909466,-71.913863,0.0
2023-01-31,41.909466,-71.913863,0.0
2023-02-01,41.909466,-71.913863,0.3073910200144258
2023-02-02,41.909466,-71.913863,0.0
2023-02-03,41.909466,-71.913863,0.0
2023-02-04,41.909466,-71.913863,0.0
2023-02-05,41.909466,-71.913863,0.0
2023-02-06,41.909466,-71.913863,0.0
2023-02-07,41.909466,-71.913863,0.03515658998893105
2023-02-08,41.909466,-71.913863,1.5284061807899991
2023-02-09,41.909466,-71.913863,1.626927788875748
2023-02-10,41.909466,-71.913863,0.1659425170483359
2023-02-11,41.909466,-71.913863,0.0
2023-02-12,41.909466,-71.913863,0.0
2023-02-13,41.909466,-71.913863,1.1924683958420186
2023-02-14,41.909466,-71.913863,0.011818257782196962
2023-02-15,41.909466,-71.913863,1.3572539195006768
2023-02-16,41.909466,-71.913863,4.558486504526662
2023-02-17,41.909466,-71.913863,14.276832559358498
2023-02-18,41.909466,-71.913863,0.6638242267377191
2023-02-19,41.909466,-71.913863,0.0
2023-02-20,41.909466,-71.913863,0.0025887241349099536
2023-02-21,41.909466,-71.913863,3.1457568877304034
2023-02-22,41.909466,-71.913863,0.23725809987868152
2023-02-23,41.909466,-71.913863,17.697271320684163
2023-02-24,41.909466,-71.913863,0.1292490512152608
2023-02-25,41.909466,-71.913863,0.907916976233084
2023-02-26,41.909466,-71.913863,0.0
2023-02-27,41.909466,-71.913863,0.0
2023-02-28,41.909466,-71.913863,2.2894693035896125
2023-03-01,41.909466,-71.913863,0.1631824082744439
2023-03-02,41.909466,-71.913863,14.581349882246986
2023-03-03,41.909466,-71.913863,0.015532344809459721
2023-03-04,41.909466,-71.913863,14.132810074375923
2023-03-05,41.909466,-71.913863,0.0
2023-03-06,41.909466,-71.913863,0.0
2023-03-07,41.909466,-71.913863,0.06399616482780551
2023-03-08,41.909466,-71.913863,0.0
2023-03-09,41.909466,-71.913863,0.0
2023-03-10,41.909466,-71.913863,0.0
2023-03-11,41.909466,-71.913863,0.6321175912183872
2023-03-12,41.909466,-71.913863,0.0
2023-03-13,41.909466,-71.913863,5.40387639008696
2023-03-14,41.909466,-71.913863,35.34374875907664
2023-03-15,41.909466,-71.913863,0.20932266268119445
2023-03-16,41.909466,-71.913863,0.0070209869199988765
2023-03-17,41.909466,-71.913863,0.7759426383028404
2023-03-18,41.909466,-71.913863,1.6702790222647113
2023-03-19,41.909466,-71.913863,0.0
2023-03-20,41.909466,-71.913863,0.0
2023-03-21,41.909466,-71.913863,0.0
2023-03-22,41.909466,-71.913863,0.0
2023-03-23,41.909466,-71.913863,6.065721170675053
2023-03-24,41.909466,-71.913863,0.2311557527301712
2023-03-25,41.909466,-71.913863,2.496441387072417
2023-03-26,41.909466,-71.913863,0.9861519766172812
2023-03-27,41.909466,-71.913863,6.7434533488046045
2023-03-28,41.909466,-71.913863,1.6457899969300673
2023-03-29,41.909466,-71.913863,0.0
2023-03-30,41.909466,-71.913863,0.051270645300983325
2023-03-31,41.909466,-71.913863,6.411442540070641
2023-04-01,41.909466,-71.913863,20.658256269480976
2023-04-02,41.909466,-71.913863,0.7694687521098088
2023-04-03,41.909466,-71.913863,0.006884850458564202
2023-04-04,41.909466,-71.913863,0.0
2023-04-05,41.909466,-71.913863,0.041085943832376175
2023-04-06,41.909466,-71.913863,3.3828188004290882
2023-04-07,41.909466,-71.913863,0.35571099757707636
2023-04-08,41.909466,-71.913863,0.0
2023-04-09,41.909466,-71.913863,0.0
2023-04-10,41.909466,-71.913863,0.0
2023-04-11,41.909466,-71.913863,0.2037997454355353
2023-04-12,41.909466,-71.913863,0.2948022371938491
2023-04-13,41.909466,-71.913863,0.0
2023-04-14,41.909466,-71.913863,0.0
2023-04-15,41.909466,-71.913863,0.01863201030656794
2023-04-16,41.909466,-71.913863,3.2204659292450084
2023-04-17,41.909466,-71.913863,0.20480233783144458
2023-04-18,41.909466,-71.913863,0.0
2023-04-19,41.909466,-71.913863,0.0
2023-04-20,41.909466,-71.913863,0.0
2023-04-21,41.909466,-71.913863,0.2583501265555792
2023-04-22,41.909466,-71.913863,0.009060534713278567
2023-04-23,41.909466,-71.913863,54.46450882524983
2023-04-24,41.909466,-71.913863,0.0
2023-04-25,41.909466,-71.913863,0.0
2023-04-26,41.909466,-71.913863,0.0
2023-04-27,41.909466,-71.913863,1.4937909383130916
2023-04-28,41.909466,-71.913863,0.0
2023-04-29,41.909466,-71.913863,16.09809792555273
2023-04-30,41.909466,-71.913863,14.79313881738155
2023-05-01,41.909466,-71.913863,19.128697221619372
2023-05-02,41.909466,-71.913863,6.107306702725751
2023-05-03,41.909466,-71.913863,0.0
2023-05-04,41.909466,-71.913863,0.3571467951894979
2023-05-05,41.909466,-71.913863,0.0
2023-05-06,41.909466,-71.913863,0.0
2023-05-07,41.909466,-71.913863,0.2080268243467075
2023-05-08,41.909466,-71.913863,10.80468594586
2023-05-09,41.909466,-71.913863,0.029080519045936226
2023-05-10,41.909466,-71.913863,0.0
2023-05-11,41.909466,-71.913863,0.0
2023-05-12,41.909466,-71.913863,0.0
2023-05-13,41.909466,-71.913863,0.0018989128806253329
2023-05-14,41.909466,-71.913863,0.0
2023-05-15,41.909466,-71.913863,0.0
2023-05-16,41.909466,-71.913863,0.0
2023-05-17,41.909466,-71.913863,0.6209317101044027
2023-05-18,41.909466,-71.913863,0.0
2023-05-19,41.909466,-71.913863,0.0
2023-05-20,41.909466,-71.913863,23.353819228290426
2023-05-21,41.909466,-71.913863,7.9755041729751195
2023-05-22,41.909466,-71.913863,0.0
2023-05-23,41.909466,-71.913863,0.0
2023-05-24,41.909466,-71.913863,0.5336017892119119
2023-05-25,41.909466,-71.913863,0.08595096103136263
2023-05-26,41.909466,-71.913863,0.0
2023-05-27,41.909466,-71.913863,0.0
2023-05-28,41.909466,-71.913863,0.0
2023-05-29,41.909466,-71.913863,0.0
2023-05-30,41.909466,-71.913863,0.0
2023-05-31,41.909466,-71.913863,0.0
2023-06-01,41.909466,-71.913863,0.0
2023-06-02,41.909466,-71.913863,5.03817015129898
2023-06-03,41.909466,-71.913863,8.074349955827497
2023-06-04,41.909466,-71.913863,0.010184375657411284
2023-06-05,41.909466,-71.913863,0.005371935064460164
2023-06-06,41.909466,-71.913863,1.680349683622182
2023-06-07,41.909466,-71.913863,0.0
2023-06-08,41.909466,-71.913863,0.3878669638498573
2023-06-09,41.909466,-71.913863,2.278363153481269
2023-06-10,41.909466,-71.913863,0.0
2023-06-11,41.909466,-71.913863,0.05931611556737151
2023-06-12,41.909466,-71.913863,0.34350025315566024
2023-06-13,41.909466,-71.913863,2.0493668092830624
2023-06-14,41.909466,-71.913863,1.8978003278225581
2023-06-15,41.909466,-71.913863,0.0
2023-06-16,41.909466,-71.913863,0.30694393623619703
2023-06-17,41.909466,-71.913863,9.639193395245487
2023-06-18,41.909466,-71.913863,6.861438981588781
2023-06-19,41.909466,-71.913863,0.0
2023-06-20,41.909466,-71.913863,0.4697010201441111
2023-06-21,41.909466,-71.913863,0.0
2023-06-22,41.909466,-71.913863,0.0007323378872449111
2023-06-23,41.909466,-71.913863,0.2330659546176603
2023-06-24,41.909466,-71.913863,17.81412859777631
2023-06-25,41.909466,-71.913863,0.0
2023-06-26,41.909466,-71.913863,0.48422278632796034
2023-06-27,41.909466,-71.913863,32.11975975847038
2023-06-28,41.909466,-71.913863,1.2046789573326944
2023-06-29,41.909466,-71.913863,0.06299417438036693
2023-06-30,41.909466,-71.913863,0.0
2023-07-01,41.909466,-71.913863,0.0076809119636155965
2023-07-02,41.909466,-71.913863,8.340383881223474
2023-07-03,41.909466,-71.913863,19.37585229487022
2023-07-04,41.909466,-71.913863,45.6775177814522
2023-07-05,41.909466,-71.913863,0.0
2023-07-06,41.909466,-71.913863,0.0
2023-07-07,41.909466,-71.913863,0.0
2023-07-08,41.909466,-71.913863,1.5509211621789105
2023-07-09,41.909466,-71.913863,0.09974133469360594
2023-07-10,41.909466,-71.913863,32.246958867701814
2023-07-11,41.909466,-71.913863,0.0
2023-07-12,41.909466,-71.913863,0.0
2023-07-13,41.909466,-71.913863,0.2763742634484431
2023-07-14,41.909466,-71.913863,35.400526645928174
2023-07-15,41.909466,-71.913863,0.36136828601343346
2023-07-16,41.909466,-71.913863,66.1255104535026
2023-07-17,41.909466,-71.913863,5.368641681178356
2023-07-18,41.909466,-71.913863,0.0
2023-07-19,41.909466,-71.913863,1.0557438515310795
2023-07-20,41.909466,-71.913863,0.0
2023-07-21,41.909466,-71.913863,11.613281195633295
2023-07-22,41.909466,-71.913863,2.3255827151190913
2023-07-23,41.909466,-71.913863,0.0
2023-07-24,41.909466,-71.913863,0.0
2023-07-25,41.909466,-71.913863,8.841659226411423
2023-07-26,41.909466,-71.913863,2.2050548177199243
2023-07-27,41.909466,-71.913863,13.846680801257037
2023-07-28,41.909466,-71.913863,2.942865727877948
2023-07-29,41.909466,-71.913863,5.208970062828592
2023-07-30,41.909466,-71.913863,12.011853311170356
2023-07-31,41.909466,-71.913863,0.0
2023-08-01,41.909466,-71.913863,0.0
2023-08-02,41.909466,-71.913863,0.0
2023-08-03,41.909466,-71.913863,0.0
2023-08-04,41.909466,-71.913863,0.20927842026708715
2023-08-05,41.909466,-71.913863,1.6278671400310987
2023-08-06,41.909466,-71.913863,0.12363463884861216
2023-08-07,41.909466,-71.913863,9.767552874222995
2023-08-08,41.909466,-71.913863,19.154736163219688
2023-08-09,41.909466,-71.913863,0.0
2023-08-10,41.909466,-71.913863,13.198224340299808
2023-08-11,41.909466,-71.913863,0.7105246910231953
2023-08-12,41.909466,-71.913863,1.581684876103954
2023-08-13,41.909466,-71.913863,15.311508847405932
2023-08-14,41.909466,-71.913863,0.42768611229252174
2023-08-15,41.909466,-71.913863,22.17401664064402
2023-08-16,41.909466,-71.913863,0.14348166632730733
2023-08-17,41.909466,-71.913863,0.9280892790236182
2023-08-18,41.909466,-71.913863,24.250138864356764
2023-08-19,41.909466,-71.913863,0.0
2023-08-20,41.909466,-71.913863,0.0
2023-08-21,41.909466,-71.913863,0.0
2023-08-22,41.909466,-71.913863,0.05410527029374538
2023-08-23,41.909466,-71.913863,0.0
2023-08-24,41.909466,-71.913863,0.43549349663736125
2023-08-25,41.909466,-71.913863,18.1697056499772
2023-08-26,41.909466,-71.913863,0.17163850137076114
2023-08-27,41.909466,-71.913863,0.0
2023-08-28,41.909466,-71.913863,0.0
2023-08-29,41.909466,-71.913863,2.314630465571363
2023-08-30,41.909466,-71.913863,6.325326600850775
2023-08-31,41.909466,-71.913863,0.0
2023-09-01,41.909466,-71.913863,0.0
2023-09-02,41.909466,-71.913863,0.3193476654351546
2023-09-03,41.909466,-71.913863,1.641995501881124
2023-09-04,41.909466,-71.913863,0.0
2023-09-05,41.909466,-71.913863,0.0
2023-09-06,41.909466,-71.913863,0.0
2023-09-07,41.909466,-71.913863,0.0
2023-09-08,41.909466,-71.913863,6.746050039909067
2023-09-09,41.909466,-71.913863,8.626410675041969
2023-09-10,41.909466,-71.913863,20.88479467436674
2023-09-11,41.909466,-71.913863,12.88269376910907
2023-09-12,41.909466,-71.913863,4.561516767715871
2023-09-13,41.909466,-71.913863,24.862724887545436
2023-09-14,41.909466,-71.913863,0.0
2023-09-15,41.909466,-71.913863,1.6127104457350285
2023-09-16,41.909466,-71.913863,11.478294247820216
2023-09-17,41.909466,-71.913863,0.0
2023-09-18,41.909466,-71.913863,37.058011280724884
2023-09-19,41.909466,-71.913863,0.042670700619228
2023-09-20,41.909466,-71.913863,0.0
2023-09-21,41.909466,-71.913863,0.0
2023-09-22,41.909466,-71.913863,0.0
2023-09-23,41.909466,-71.913863,13.221126508245865
2023-09-24,41.909466,-71.913863,4.410793739251085
2023-09-25,41.909466,-71.913863,21.049666671073194
2023-09-26,41.909466,-71.913863,7.5025403079328195
2023-09-27,41.909466,-71.913863,0.0
2023-09-28,41.909466,-71.913863,0.0
2023-09-29,41.909466,-71.913863,26.926872386507473
2023-09-30,41.909466,-71.913863,15.181071640368664
2023-10-01,41.909466,-71.913863,0.5250042575925163
2023-10-02,41.909466,-71.913863,0.0
2023-10-03,41.909466,-71.913863,0.0
2023-10-04,41.909466,-71.913863,0.0
2023-10-05,41.909466,-71.913863,0.0
2023-10-06,41.909466,-71.913863,0.0
2023-10-07,41.909466,-71.913863,1.8164452987700754
2023-10-08,41.909466,-71.913863,0.586757360123547
2023-10-09,41.909466,-71.913863,0.0
2023-10-10,41.909466,-71.913863,0.0
2023-10-11,41.909466,-71.913863,0.0
2023-10-12,41.909466,-71.913863,0.0
2023-10-13,41.909466,-71.913863,0.0
2023-10-14,41.909466,-71.913863,7.366537806355402
2023-10-15,41.909466,-71.913863,0.5964997084251986
2023-10-16,41.909466,-71.913863,0.0487559783817751
2023-10-17,41.909466,-71.913863,0.0
2023-10-18,41.909466,-71.913863,0.0
2023-10-19,41.909466,-71.913863,0.0
2023-10-20,41.909466,-71.913863,2.008825650724906
2023-10-21,41.909466,-71.913863,43.14569852638401
2023-10-22,41.909466,-71.913863,0.0
2023-10-23,41.909466,-71.913863,0.0
2023-10-24,41.909466,-71.913863,0.0
2023-10-25,41.909466,-71.913863,0.12895134702803585
2023-10-26,41.909466,-71.913863,0.05049619248765624
2023-10-27,41.909466,-71.913863,0.3955810694919236
2023-10-28,41.909466,-71.913863,0.0
2023-10-29,41.909466,-71.913863,9.668266367761198
2023-10-30,41.909466,-71.913863,18.159209808828493
2023-10-31,41.909466,-71.913863,2.5765862582877634
2023-11-01,41.909466,-71.913863,0.1472608476440217
2023-11-02,41.909466,-71.913863,0.0
2023-11-03,41.909466,-71.913863,0.0
2023-11-04,41.909466,-71.913863,0.0
2023-11-05,41.909466,-71.913863,0.0064718100961811565
2023-11-06,41.909466,-71.913863,1.827310533469344
2023-11-07,41.909466,-71.913863,7.022035613089148
2023-11-08,41.909466,-71.913863,0.0
2023-11-09,41.909466,-71.913863,2.5761261341041903
2023-11-10,41.909466,-71.913863,0.5476005346500786
2023-11-11,41.909466,-71.913863,0.0
2023-11-12,41.909466,-71.913863,0.0
2023-11-13,41.909466,-71.913863,0.0
2023-11-14,41.909466,-71.913863,0.03104450076648974
2023-11-15,41.909466,-71.913863,0.0
2023-11-16,41.909466,-71.913863,0.0
2023-11-17,41.909466,-71.913863,0.09966587895293949
2023-11-18,41.909466,-71.913863,3.3021885392788892
2023-11-19,41.909466,-71.913863,0.15678811808283755
2023-11-20,41.909466,-71.913863,0.0
2023-11-21,41.909466,-71.913863,1.1892215354992677
2023-11-22,41.909466,-71.913863,41.90827452862707
2023-11-23,41.909466,-71.913863,0.0
2023-11-24,41.909466,-71.913863,0.0
2023-11-25,41.909466,-71.913863,0.0
2023-11-26,41.909466,-71.913863,0.050870127390561265
2023-11-27,41.909466,-71.913863,9.994037670936477
2023-11-28,41.909466,-71.913863,0.35215081224676675
2023-11-29,41.909466,-71.913863,0.0
2023-11-30,41.909466,-71.913863,0.0
2023-12-01,41.909466,-71.913863,6.263226529182032
2023-12-02,41.909466,-71.913863,4.184776492536099
2023-12-03,41.909466,-71.913863,17.403773869087054
2023-12-04,41.909466,-71.913863,4.021977147512801
2023-12-05,41.909466,-71.913863,0.0
2023-12-06,41.909466,-71.913863,1.3867762179398562
2023-12-07,41.909466,-71.913863,0.014910681143998888
2023-12-08,41.909466,-71.913863,0.0
2023-12-09,41.909466,-71.913863,0.38061395382511937
2023-12-10,41.909466,-71.913863,19.077972382366845
2023-12-11,41.909466,-71.913863,59.184723283555954
2023-12-12,41.909466,-71.913863,0.0
2023-12-13,41.909466,-71.913863,0.0
2023-12-14,41.909466,-71.913863,0.0
2023-12-15,41.909466,-71.913863,0.010525210487768388
2023-12-16,41.909466,-71.913863,0.0
2023-12-17,41.909466,-71.913863,12.82519201978243
2023-12-18,41.909466,-71.913863,92.37459130392755
2023-12-19,41.909466,-71.913863,0.0
2023-12-20,41.909466,-71.913863,0.0
2023-12-21,41.909466,-71.913863,0.0
2023-12-22,41.909466,-71.913863,0.0
2023-12-23,41.909466,-71.913863,0.0
2023-12-24,41.909466,-71.913863,0.6913854763899256
2023-12-25,41.909466,-71.913863,0.0
2023-12-26,41.909466,-71.913863,0.0
2023-12-27,41.909466,-71.913863,3.7174574270601313
2023-12-28,41.909466,-71.913863,29.166990569491166
2023-12-29,41.909466,-71.913863,0.07664199006566107
2023-12-30,41.909466,-71.913863,0.0029293515489796445
2023-12-31,41.909466,-71.913863,0.0
2024-01-01,41.909466,-71.913863,0.0025887241349099536
2024-01-02,41.909466,-71.913863,0.0
2024-01-03,41.909466,-71.913863,0.893926712554511
2024-01-04,41.909466,-71.913863,0.1409983794986832
2024-01-05,41.909466,-71.913863,0.0
2024-01-06,41.909466,-71.913863,0.015702658757588295
2024-01-07,41.909466,-71.913863,4.523458127288475
2024-01-08,41.909466,-71.913863,0.0
2024-01-09,41.909466,-71.913863,24.519878952961033
2024-01-10,41.909466,-71.913863,100.87452429462964
2024-01-11,41.909466,-71.913863,0.0
2024-01-12,41.909466,-71.913863,0.0
2024-01-13,41.909466,-71.913863,10.719972548796598
2024-01-14,41.909466,-71.913863,0.8008158039091029
2024-01-15,41.909466,-71.913863,0.0
2024-01-16,41.909466,-71.913863,2.1387549750263104
2024-01-17,41.909466,-71.913863,0.3728692725667895
2024-01-18,41.909466,-71.913863,0.0
2024-01-19,41.909466,-71.913863,1.1536532629842484
2024-01-20,41.909466,-71.913863,0.025340941650378996
2024-01-21,41.909466,-71.913863,0.0
2024-01-22,41.909466,-71.913863,1.4656672574954526
2024-01-23,41.909466,-71.913863,2.3384661155967805
2024-01-24,41.909466,-71.913863,5.869311267189296
2024-01-25,41.909466,-71.913863,32.587631252291125
2024-01-26,41.909466,-71.913863,12.872481453801083
2024-01-27,41.909466,-71.913863,0.012943620192362313
2024-01-28,41.909466,-71.913863,38.176135743760234
2024-01-29,41.909466,-71.913863,0.0
2024-01-30,41.909466,-71.913863,0.009375673866476066
2024-01-31,41.909466,-71.913863,0.0
2024-02-01,41.909466,-71.913863,0.3474147931663061
2024-02-02,41.909466,-71.913863,0.011393477283751997
2024-02-03,41.909466,-71.913863,0.0
2024-02-04,41.909466,-71.913863,0.0
2024-02-05,41.909466,-71.913863,0.0
2024-02-06,41.909466,-71.913863,0.0
2024-02-07,41.909466,-71.913863,0.0
2024-02-08,41.909466,-71.913863,0.0
2024-02-09,41.909466,-71.913863,0.0
2024-02-10,41.909466,-71.913863,0.008788054646938933
2024-02-11,41.909466,-71.913863,0.031064689618919443
2024-02-12,41.909466,-71.913863,0.0
2024-02-13,41.909466,-71.913863,16.71310003688356
2024-02-14,41.909466,-71.913863,0.0
2024-02-15,41.909466,-71.913863,0.11594126459796693
2024-02-16,41.909466,-71.913863,0.07275551423921861
2024-02-17,41.909466,-71.913863,0.0
2024-02-18,41.909466,-71.913863,0.0
2024-02-19,41.909466,-71.913863,0.0
2024-02-20,41.909466,-71.913863,0.0
2024-02-21,41.909466,-71.913863,0.0
2024-02-22,41.909466,-71.913863,0.0
2024-02-23,41.909466,-71.913863,7.280135996665307
2024-02-24,41.909466,-71.913863,1.496858693431525
2024-02-25,41.909466,-71.913863,0.0
2024-02-26,41.909466,-71.913863,0.029982860206920744
2024-02-27,41.909466,-71.913863,0.0
2024-02-28,41.909466,-71.913863,16.77882813704513
2024-02-29,41.909466,-71.913863,11.60488097088007
2024-03-01,41.909466,-71.913863,0.0
2024-03-02,41.909466,-71.913863,26.148498963230306
2024-03-03,41.909466,-71.913863,10.010333267000043
2024-03-04,41.909466,-71.913863,0.0
2024-03-05,41.909466,-71.913863,1.9491087024052194
2024-03-06,41.909466,-71.913863,14.435370105456839
2024-03-07,41.909466,-71.913863,46.192612336769415
2024-03-08,41.909466,-71.913863,0.03394714938275439
2024-03-09,41.909466,-71.913863,0.8733523180035894
2024-03-10,41.909466,-71.913863,27.547206090033423
2024-03-11,41.909466,-71.913863,0.0
2024-03-12,41.909466,-71.913863,0.0
2024-03-13,41.909466,-71.913863,0.0
2024-03-14,41.909466,-71.913863,0.015624665758706049
2024-03-15,41.909466,-71.913863,0.24515791394368402
2024-03-16,41.909466,-71.913863,0.0
2024-03-17,41.909466,-71.913863,1.8407272558240624
2024-03-18,41.909466,-71.913863,0.0
2024-03-19,41.909466,-71.913863,0.0
2024-03-20,41.909466,-71.913863,0.7644068790951806
2024-03-21,41.909466,-71.913863,0.0007323378872449111
2024-03-22,41.909466,-71.913863,0.09741228327578004
2024-03-23,41.909466,-71.913863,53.19533678556188
2024-03-24,41.909466,-71.913863,1.5153492730434244
2024-03-25,41.909466,-71.913863,0.11494243953005069
2024-03-26,41.909466,-71.913863,0.0
2024-03-27,41.909466,-71.913863,2.987670245119032
2024-03-28,41.909466,-71.913863,63.565959000873164
2024-03-29,41.909466,-71.913863,25.38301990697746
2024-03-30,41.909466,-71.913863,0.0
2024-03-31,41.909466,-71.913863,0.0
2024-04-01,41.909466,-71.913863,0.7960037372767429
2024-04-02,41.909466,-71.913863,8.11683365507059
2024-04-03,41.909466,-71.913863,24.773451631491657
2024-04-04,41.909466,-71.913863,8.364998527060802
2024-04-05,41.909466,-71.913863,0.008975274031070573
2024-04-06,41.909466,-71.913863,0.19832381086900605
2024-04-07,41.909466,-71.913863,0.0
2024-04-08,41.909466,-71.913863,0.0
2024-04-09,41.909466,-71.913863,0.1982617172290648
2024-04-10,41.909466,-71.913863,0.1410925273204819
2024-04-11,41.909466,-71.913863,8.73040445827631
2024-04-12,41.909466,-71.913863,17.800547667571678
2024-04-13,41.909466,-71.913863,0.20236153881906105
2024-04-14,41.909466,-71.913863,3.149347882623693
2024-04-15,41.909466,-71.913863,0.5052958222908179
2024-04-16,41.909466,-71.913863,0.011649258366001064
2024-04-17,41.909466,-71.913863,0.0863986977002904
2024-04-18,41.909466,-71.913863,12.664423581622424
2024-04-19,41.909466,-71.913863,0.0
2024-04-20,41.909466,-71.913863,9.247387664837781
2024-04-21,41.909466,-71.913863,0.039903620559034514
2024-04-22,41.909466,-71.913863,0.0
2024-04-23,41.909466,-71.913863,0.0
2024-04-24,41.909466,-71.913863,1.5783495079573542
2024-04-25,41.909466,-71.913863,0.0
2024-04-26,41.909466,-71.913863,0.0
2024-04-27,41.909466,-71.913863,0.0
2024-04-28,41.909466,-71.913863,10.349287178270174
2024-04-29,41.909466,-71.913863,2.6008880284803677
2024-04-30,41.909466,-71.913863,0.01933896655224889
2024-05-01,41.909466,-71.913863,7.794887899842578
2024-05-02,41.909466,-71.913863,0.0
2024-05-03,41.909466,-71.913863,0.0038830862023649304
2024-05-04,41.909466,-71.913863,0.0
2024-05-05,41.909466,-71.913863,10.08988590050009
2024-05-06,41.909466,-71.913863,3.2090067810172807
2024-05-07,41.909466,-71.913863,0.0
2024-05-08,41.909466,-71.913863,13.46646618215063
2024-05-09,41.909466,-71.913863,1.1856203267654204
2024-05-10,41.909466,-71.913863,5.970813335702193
2024-05-11,41.909466,-71.913863,0.0
2024-05-12,41.909466,-71.913863,0.8057230299566893
2024-05-13,41.909466,-71.913863,0.0
2024-05-14,41.909466,-71.913863,0.0
2024-05-15,41.909466,-71.913863,12.245313458337897
2024-05-16,41.909466,-71.913863,41.876763743965
2024-05-17,41.909466,-71.913863,0.08630764577431983
2024-05-18,41.909466,-71.913863,1.7215301590529553
2024-05-19,41.909466,-71.913863,0.3294703237362073
2024-05-20,41.909466,-71.913863,0.0
2024-05-21,41.909466,-71.913863,0.0
2024-05-22,41.909466,-71.913863,0.0
2024-05-23,41.909466,-71.913863,17.933179258960575
2024-05-24,41.909466,-71.913863,0.0
2024-05-25,41.909466,-71.913863,0.6432321535815136
2024-05-26,41.909466,-71.913863,1.1131827817609845
2024-05-27,41.909466,-71.913863,2.2367068010742903
2024-05-28,41.909466,-71.913863,4.421152782150758
2024-05-29,41.909466,-71.913863,0.03545477174562938
2024-05-30,41.909466,-71.913863,13.147819612150665
2024-05-31,41.909466,-71.913863,0.0
2024-06-01,41.909466,-71.913863,0.0
2024-06-02,41.909466,-71.913863,0.0
2024-06-03,41.909466,-71.913863,0.36353640656662756
2024-06-04,41.909466,-71.913863,0.0
2024-06-05,41.909466,-71.913863,0.0
2024-06-06,41.909466,-71.913863,0.8049969753957034
2024-06-07,41.909466,-71.913863,0.33320939336570743
2024-06-08,41.909466,-71.913863,0.0
2024-06-09,41.909466,-71.913863,4.023455281644681
2024-06-10,41.909466,-71.913863,0.06201451542990365
2024-06-11,41.909466,-71.913863,0.005696738641875998
2024-06-12,41.909466,-71.913863,0.0
2024-06-13,41.909466,-71.913863,0.0
2024-06-14,41.909466,-71.913863,2.9100974740492425
2024-06-15,41.909466,-71.913863,5.352248667381694
2024-06-16,41.909466,-71.913863,0.0
2024-06-17,41.909466,-71.913863,0.024422358158322298
2024-06-18,41.909466,-71.913863,0.0
2024-06-19,41.909466,-71.913863,0.0
2024-06-20,41.909466,-71.913863,0.6689642322601994
2024-06-21,41.909466,-71.913863,18.337452115276793
2024-06-22,41.909466,-71.913863,8.726071227993414
2024-06-23,41.909466,-71.913863,11.235987596590011
2024-06-24,41.909466,-71.913863,3.9183154261571924
2024-06-25,41.909466,-71.913863,0.0
2024-06-26,41.909466,-71.913863,0.0341804311438558
2024-06-27,41.909466,-71.913863,25.780620731385902
2024-06-28,41.909466,-71.913863,0.0
2024-06-29,41.909466,-71.913863,0.317777006263917
2024-06-30,41.909466,-71.913863,19.102949646465373
2024-07-01,41.909466,-71.913863,0.9544665468223159
2024-07-02,41.909466,-71.913863,0.0
2024-07-03,41.909466,-71.913863,0.036846685245753144
2024-07-04,41.909466,-71.913863,2.8276204121477537
2024-07-05,41.909466,-71.913863,1.0891037644943948
2024-07-06,41.909466,-71.913863,13.351142962833897
2024-07-07,41.909466,-71.913863,0.5719285864958528
2024-07-08,41.909466,-71.913863,0.0
2024-07-09,41.909466,-71.913863,1.0730046314814587
2024-07-10,41.909466,-71.913863,2.9334017866379036
2024-07-11,41.909466,-71.913863,1.8448191747920113
2024-07-12,41.909466,-71.913863,0.0837816366167206
2024-07-13,41.909466,-71.913863,9.83861303319381
2024-07-14,41.909466,-71.913863,0.0
2024-07-15,41.909466,-71.913863,0.00949456404942657
2024-07-16,41.909466,-71.913863,0.0
2024-07-17,41.909466,-71.913863,0.7119942823294854
2024-07-18,41.909466,-71.913863,10.511873123012817
2024-07-19,41.909466,-71.913863,0.0
2024-07-20,41.909466,-71.913863,0.7420344493324309
2024-07-21,41.909466,-71.913863,5.340651119841676
2024-07-22,41.909466,-71.913863,2.6788049814675037
2024-07-23,41.909466,-71.913863,7.722135758812177
2024-07-24,41.909466,-71.913863,3.506272888580849
2024-07-25,41.909466,-71.913863,1.2551118265500323
2024-07-26,41.909466,-71.913863,0.0
2024-07-27,41.909466,-71.913863,0.0
2024-07-28,41.909466,-71.913863,2.372650355687858
2024-07-29,41.909466,-71.913863,30.683205220444403
2024-07-30,41.909466,-71.913863,0.005177448269819907
2024-07-31,41.909466,-71.913863,0.05491419084294734
2024-08-01,41.909466,-71.913863,0.0
2024-08-02,41.909466,-71.913863,0.41803649949290195
2024-08-03,41.909466,-71.913863,7.985642135964495
2024-08-04,41.909466,-71.913863,21.648424532241343
2024-08-05,41.909466,-71.913863,0.10176564543418654
2024-08-06,41.909466,-71.913863,4.028639926834817
2024-08-07,41.909466,-71.913863,20.456512649312952
2024-08-08,41.909466,-71.913863,0.442186578136158
2024-08-09,41.909466,-71.913863,0.4137238472647783
2024-08-10,41.909466,-71.913863,2.0280405618710144
2024-08-11,41.909466,-71.913863,0.02963983071075276
2024-08-12,41.909466,-71.913863,1.0858440231083097
2024-08-13,41.909466,-71.913863,0.0
2024-08-14,41.909466,-71.913863,0.0
2024-08-15,41.909466,-71.913863,0.0
2024-08-16,41.909466,-71.913863,4.536150038969716
2024-08-17,41.909466,-71.913863,0.0
2024-08-18,41.909466,-71.913863,20.79894761601095
2024-08-19,41.909466,-71.913863,28.286125800659132
2024-08-20,41.909466,-71.913863,2.741299491471945
2024-08-21,41.909466,-71.913863,0.0
2024-08-22,41.909466,-71.913863,0.0
2024-08-23,41.909466,-71.913863,0.0
2024-08-24,41.909466,-71.913863,0.0
2024-08-25,41.909466,-71.913863,0.0
2024-08-26,41.909466,-71.913863,4.9538011068600545
2024-08-27,41.909466,-71.913863,0.0
2024-08-28,41.909466,-71.913863,0.036529160999867506
2024-08-29,41.909466,-71.913863,0.0
2024-08-30,41.909466,-71.913863,0.0
2024-08-31,41.909466,-71.913863,0.0
2024-09-01,41.909466,-71.913863,8.155143997986622
2024-09-02,41.909466,-71.913863,0.0
2024-09-03,41.909466,-71.913863,0.0
2024-09-04,41.909466,-71.913863,0.0
2024-09-05,41.909466,-71.913863,0.0
2024-09-06,41.909466,-71.913863,0.0
2024-09-07,41.909466,-71.913863,0.10425082342902475
2024-09-08,41.909466,-71.913863,0.35369291698493543
2024-09-09,41.909466,-71.913863,0.0
2024-09-10,41.909466,-71.913863,0.0
2024-09-11,41.909466,-71.913863,0.0
2024-09-12,41.909466,-71.913863,0.0
2024-09-13,41.909466,-71.913863,0.0
2024-09-14,41.909466,-71.913863,0.0
2024-09-15,41.909466,-71.913863,0.0
2024-09-16,41.909466,-71.913863,0.0
2024-09-17,41.909466,-71.913863,0.3835116958044824
2024-09-18,41.909466,-71.913863,1.0508830015116033
2024-09-19,41.909466,-71.913863,0.2773339247469359
2024-09-20,41.909466,-71.913863,0.05178454772195448
2024-09-21,41.909466,-71.913863,16.770673352940676
2024-09-22,41.909466,-71.913863,0.6798195370499022
2024-09-23,41.909466,-71.913863,1.1991123123508793
2024-09-24,41.909466,-71.913863,0.0
2024-09-25,41.909466,-71.913863,2.0353340457040043
2024-09-26,41.909466,-71.913863,6.533687077396801
2024-09-27,41.909466,-71.913863,0.09604066706187299
2024-09-28,41.909466,-71.913863,0.04295044759436299
2024-09-29,41.909466,-71.913863,0.3738699366434393
2024-09-30,41.909466,-71.913863,0.0190743888936675
2024-10-01,41.909466,-71.913863,1.3229617300066994
2024-10-02,41.909466,-71.913863,0.0
2024-10-03,41.909466,-71.913863,0.0
2024-10-04,41.909466,-71.913863,0.7199757218027244
2024-10-05,41.909466,-71.913863,0.19671826162311096
2024-10-06,41.909466,-71.913863,0.0
2024-10-07,41.909466,-71.913863,2.1220960269154756
2024-10-08,41.909466,-71.913863,0.0
2024-10-09,41.909466,-71.913863,0.0
2024-10-10,41.909466,-71.913863,0.0
2024-10-11,41.909466,-71.913863,0.024759142973693332
2024-10-12,41.909466,-71.913863,0.0
2024-10-13,41.909466,-71.913863,3.329740098917589
2024-10-14,41.909466,-71.913863,0.0
2024-10-15,41.909466,-71.913863,0.0
2024-10-16,41.909466,-71.913863,0.0
2024-10-17,41.909466,-71.913863,0.6809208909587693
2024-10-18,41.909466,-71.913863,0.0
2024-10-19,41.909466,-71.913863,0.0
2024-10-20,41.909466,-71.913863,0.0
2024-10-21,41.909466,-71.913863,0.0
2024-10-22,41.909466,-71.913863,0.0
2024-10-23,41.909466,-71.913863,0.0
2024-10-24,41.909466,-71.913863,0.11077611329940175
2024-10-25,41.909466,-71.913863,0.0
2024-10-26,41.909466,-71.913863,0.0
2024-10-27,41.909466,-71.913863,0.0
2024-10-28,41.909466,-71.913863,0.0007323378872449111
2024-10-29,41.909466,-71.913863,0.10936249035361903
2024-10-30,41.909466,-71.913863,3.1269239381384306
2024-10-31,41.909466,-71.913863,0.030382606090005326
2024-11-01,41.909466,-71.913863,0.033687541994814524
2024-11-02,41.909466,-71.913863,0.0
2024-11-03,41.909466,-71.913863,0.0
2024-11-04,41.909466,-71.913863,0.6007189043685038
2024-11-05,41.909466,-71.913863,0.019415430288543468
2024-11-06,41.909466,-71.913863,0.0
2024-11-07,41.909466,-71.913863,0.0037978257612506657
2024-11-08,41.909466,-71.913863,0.0
2024-11-09,41.909466,-71.913863,0.0037978257612506657
2024-11-10,41.909466,-71.913863,0.743096204130275
2024-11-11,41.909466,-71.913863,20.606854734221372
2024-11-12,41.909466,-71.913863,0.0
2024-11-13,41.909466,-71.913863,0.0
2024-11-14,41.909466,-71.913863,0.0
2024-11-15,41.909466,-71.913863,0.0
2024-11-16,41.909466,-71.913863,0.0
2024-11-17,41.909466,-71.913863,0.1149594100592552
2024-11-18,41.909466,-71.913863,2.4259086149829936
2024-11-19,41.909466,-71.913863,0.0
2024-11-20,41.909466,-71.913863,0.0
2024-11-21,41.909466,-71.913863,18.23748862941295
2024-11-22,41.909466,-71.913863,2.10235944260861
2024-11-23,41.909466,-71.913863,7.349029141385204
2024-11-24,41.909466,-71.913863,0.0
2024-11-25,41.909466,-71.913863,0.0
2024-11-26,41.909466,-71.913863,8.782144982406523
2024-11-27,41.909466,-71.913863,0.0
2024-11-28,41.909466,-71.913863,28.52277867612667
2024-11-29,41.909466,-71.913863,0.0
2024-11-30,41.909466,-71.913863,0.0018989128806253329
2024-12-01,41.909466,-71.913863,0.0007323378872449111
2024-12-02,41.909466,-71.913863,0.0
2024-12-03,41.909466,-71.913863,0.0
2024-12-04,41.909466,-71.913863,0.4937116401052323
2024-12-05,41.909466,-71.913863,15.888242963399549
2024-12-06,41.909466,-71.913863,0.0
2024-12-07,41.909466,-71.913863,0.01898912809885314
2024-12-08,41.909466,-71.913863,4.460797274834292
2024-12-09,41.909466,-71.913863,8.165202247431482
2024-12-10,41.909466,-71.913863,0.28718167525257915
2024-12-11,41.909466,-71.913863,72.45186856303094
2024-12-12,41.909466,-71.913863,20.612426400887074
2024-12-13,41.909466,-71.913863,0.0
2024-12-14,41.909466,-71.913863,0.0
2024-12-15,41.909466,-71.913863,0.13331929222458144
2024-12-16,41.909466,-71.913863,0.6964288474282342
2024-12-17,41.909466,-71.913863,7.413914796541649
2024-12-18,41.909466,-71.913863,1.4574520072194375
2024-12-19,41.909466,-71.913863,9.033995874567257
2024-12-20,41.909466,-71.913863,1.4412451236719659
2024-12-21,41.909466,-71.913863,0.0
2024-12-22,41.909466,-71.913863,0.0
2024-12-23,41.909466,-71.913863,0.0
2024-12-24,41.909466,-71.913863,3.6460049344007777
2024-12-25,41.909466,-71.913863,0.0
2024-12-26,41.909466,-71.913863,0.0
2024-12-27,41.909466,-71.913863,0.0
2024-12-28,41.909466,-71.913863,2.357682396008514
2024-12-29,41.909466,-71.913863,2.0926885967095297
2024-12-30,41.909466,-71.913863,22.97131476610797
2024-12-31,41.909466,-71.913863,0.0
2025-01-01,41.909466,-71.913863,41.088217359494315
2025-01-02,41.909466,-71.913863,0.445817873976598
2025-01-03,41.909466,-71.913863,0.0
2025-01-04,41.909466,-71.913863,0.0
2025-01-05,41.909466,-71.913863,0.06661199928199824
2025-01-06,41.909466,-71.913863,0.13008163390228594
2025-01-07,41.909466,-71.913863,0.0
2025-01-08,41.909466,-71.913863,0.0
2025-01-09,41.909466,-71.913863,0.026670040416168835
2025-01-10,41.909466,-71.913863,0.0
2025-01-11,41.909466,-71.913863,1.6690145361829298
2025-01-12,41.909466,-71.913863,0.1085130937453644
2025-01-13,41.909466,-71.913863,0.0
2025-01-14,41.909466,-71.913863,0.0
2025-01-15,41.909466,-71.913863,0.0
2025-01-16,41.909466,-71.913863,0.0
2025-01-17,41.909466,-71.913863,0.0007323378872449111
2025-01-18,41.909466,-71.913863,9.943763761909553
2025-01-19,41.909466,-71.913863,1.381025856770091
2025-01-20,41.909466,-71.913863,2.391867739191778
2025-01-21,41.909466,-71.913863,0.3493792083958262
2025-01-22,41.909466,-71.913863,0.0014646757744898222
2025-01-23,41.909466,-71.913863,0.0
2025-01-24,41.909466,-71.913863,0.0
2025-01-25,41.909466,-71.913863,0.0
2025-01-26,41.909466,-71.913863,0.03591221554684851
2025-01-27,41.909466,-71.913863,0.0
2025-01-28,41.909466,-71.913863,0.13821326905972503
2025-01-29,41.909466,-71.913863,2.132098691090871
2025-01-30,41.909466,-71.913863,0.0
2025-01-31,41.909466,-71.913863,6.769411155428987
2025-02-01,41.909466,-71.913863,11.868361127791383
2025-02-02,41.909466,-71.913863,0.0
2025-02-03,41.909466,-71.913863,1.994699210236579
2025-02-04,41.909466,-71.913863,0.2345482844624469
2025-02-05,41.909466,-71.913863,0.0
2025-02-06,41.909466,-71.913863,2.9024823411537364
2025-02-07,41.909466,-71.913863,0.02848369214827971
2025-02-08,41.909466,-71.913863,0.007766172404729861
2025-02-09,41.909466,-71.913863,0.9985925499804755
2025-02-10,41.909466,-71.913863,0.0
2025-02-11,41.909466,-71.913863,0.0
2025-02-12,41.909466,-71.913863,0.6595491858573324
2025-02-13,41.909466,-71.913863,7.942620530032239
2025-02-14,41.909466,-71.913863,0.0
2025-02-15,41.909466,-71.913863,3.648272828091818
2025-02-16,41.909466,-71.913863,30.763139116011637
2025-02-17,41.909466,-71.913863,0.3835790899049851
2025-02-18,41.909466,-71.913863,0.0
2025-02-19,41.909466,-71.913863,0.0
2025-02-20,41.909466,-71.913863,0.0
2025-02-21,41.909466,-71.913863,0.0
2025-02-22,41.909466,-71.913863,0.0
2025-02-23,41.909466,-71.913863,0.0
2025-02-24,41.909466,-71.913863,0.0018989128806253329
2025-02-25,41.909466,-71.913863,1.1588297670638266
2025-02-26,41.909466,-71.913863,0.10134205639663328
2025-02-27,41.909466,-71.913863,7.261887263458873
2025-02-28,41.909466,-71.913863,0.007885402916250613
2025-03-01,41.909466,-71.913863,0.26928941775031834
2025-03-02,41.909466,-71.913863,0.0
2025-03-03,41.909466,-71.913863,0.0
2025-03-04,41.909466,-71.913863,0.004615424089609842
2025-03-05,41.909466,-71.913863,1.1720552256435435
2025-03-06,41.909466,-71.913863,24.147392603799005
2025-03-07,41.909466,-71.913863,0.0
2025-03-08,41.909466,-71.913863,0.0
2025-03-09,41.909466,-71.913863,0.0
2025-03-10,41.909466,-71.913863,0.0
2025-03-11,41.909466,-71.913863,0.0
2025-03-12,41.909466,-71.913863,0.0
2025-03-13,41.909466,-71.913863,0.029122627494850284
2025-03-14,41.909466,-71.913863,0.0
2025-03-15,41.909466,-71.913863,0.0
2025-03-16,41.909466,-71.913863,0.8162047850164668
2025-03-17,41.909466,-71.913863,62.83505202325383
2025-03-18,41.909466,-71.913863,0.4652546460071194
2025-03-19,41.909466,-71.913863,0.0
2025-03-20,41.909466,-71.913863,0.15614605128086306
2025-03-21,41.909466,-71.913863,2.1231246676675526
2025-03-22,41.909466,-71.913863,0.0
2025-03-23,41.909466,-71.913863,0.23207847206733856
2025-03-24,41.909466,-71.913863,41.877503900795794
2025-03-25,41.909466,-71.913863,0.0
2025-03-26,41.909466,-71.913863,0.0
2025-03-27,41.909466,-71.913863,0.0
2025-03-28,41.909466,-71.913863,0.0
2025-03-29,41.909466,-71.913863,2.958085349437412
2025-03-30,41.909466,-71.913863,3.206482552165198
2025-03-31,41.909466,-71.913863,1.363501125918843
2025-04-01,41.909466,-71.913863,18.956127646985824
2025-04-02,41.909466,-71.913863,0.5737258045482551
2025-04-03,41.909466,-71.913863,11.875859583069351
2025-04-04,41.909466,-71.913863,1.2781321021871446
2025-04-05,41.909466,-71.913863,14.220869667140326
2025-04-06,41.909466,-71.913863,6.54599475277856
2025-04-07,41.909466,-71.913863,3.625463346445103
2025-04-08,41.909466,-71.913863,0.4907461255707246
2025-04-09,41.909466,-71.913863,0.0
2025-04-10,41.909466,-71.913863,0.0
2025-04-11,41.909466,-71.913863,2.8739809740997067
2025-04-12,41.909466,-71.913863,13.060303191716825
2025-04-13,41.909466,-71.913863,1.173450083501535
2025-04-14,41.909466,-71.913863,0.0
2025-04-15,41.909466,-71.913863,7.3929868252014215
2025-04-16,41.909466,-71.913863,0.0
2025-04-17,41.909466,-71.913863,0.0
2025-04-18,41.909466,-71.913863,0.006196461092289614
2025-04-19,41.909466,-71.913863,0.44114393117474393
2025-04-20,41.909466,-71.913863,0.5535275731843105
2025-04-21,41.909466,-71.913863,0.00951752311444448
2025-04-22,41.909466,-71.913863,2.942376252992995
2025-04-23,41.909466,-71.913863,0.303375904647057
2025-04-24,41.909466,-71.913863,0.0
2025-04-25,41.909466,-71.913863,0.0
2025-04-26,41.909466,-71.913863,13.858700116815658
2025-04-27,41.909466,-71.913863,3.443101982697896
2025-04-28,41.909466,-71.913863,0.0
2025-04-29,41.909466,-71.913863,0.0
2025-04-30,41.909466,-71.913863,0.3926263082180946
2025-05-01,41.909466,-71.913863,0.0
2025-05-02,41.909466,-71.913863,6.830024289541856
2025-05-03,41.909466,-71.913863,3.886263762314718
2025-05-04,41.909466,-71.913863,1.4427960365252388
2025-05-05,41.909466,-71.913863,18.98532007837298
2025-05-06,41.909466,-71.913863,6.278171611430384
2025-05-07,41.909466,-71.913863,0.0
2025-05-08,41.909466,-71.913863,0.12691237065647812
2025-05-09,41.909466,-71.913863,31.855280570403345
2025-05-10,41.909466,-71.913863,1.3004410077145157
2025-05-11,41.909466,-71.913863,0.0
2025-05-12,41.909466,-71.913863,0.0
2025-05-13,41.909466,-71.913863,0.0
2025-05-14,41.909466,-71.913863,0.5374648819805181
2025-05-15,41.909466,-71.913863,30.246311267240884
2025-05-16,41.909466,-71.913863,0.0
2025-05-17,41.909466,-71.913863,1.008493876970794
2025-05-18,41.909466,-71.913863,0.434146857407952
2025-05-19,41.909466,-71.913863,0.005177448269819907
2025-05-20,41.909466,-71.913863,0.0
2025-05-21,41.909466,-71.913863,0.5150936510376404
2025-05-22,41.909466,-71.913863,72.76596578978003
2025-05-23,41.909466,-71.913863,12.111556362373896
2025-05-24,41.909466,-71.913863,1.026086426879315
2025-05-25,41.909466,-71.913863,0.01164333815525871
2025-05-26,41.909466,-71.913863,0.0
2025-05-27,41.909466,-71.913863,0.0
2025-05-28,41.909466,-71.913863,0.016724539699158526
2025-05-29,41.909466,-71.913863,13.116249625570676
2025-05-30,41.909466,-71.913863,0.017850117690153655
2025-05-31,41.909466,-71.913863,13.345613133162383
2025-06-01,41.909466,-71.913863,0.7211102218981071
2025-06-02,41.909466,-71.913863,0.0
2025-06-03,41.909466,-71.913863,0.0
2025-06-04,41.909466,-71.913863,0.0
2025-06-05,41.909466,-71.913863,0.0
2025-06-06,41.909466,-71.913863,0.0
2025-06-07,41.909466,-71.913863,13.95046712043149
2025-06-08,41.909466,-71.913863,1.3876268419009696
2025-06-09,41.909466,-71.913863,9.560815275418072
2025-06-10,41.909466,-71.913863,3.094002251536228
2025-06-11,41.909466,-71.913863,0.0
2025-06-12,41.909466,-71.913863,0.0
2025-06-13,41.909466,-71.913863,5.989410605406973
2025-06-14,41.909466,-71.913863,8.009508855083403
2025-06-15,41.909466,-71.913863,0.007226899760643926
2025-06-16,41.909466,-71.913863,0.03436698434012588
2025-06-17,41.909466,-71.913863,5.157391278575219
2025-06-18,41.909466,-71.913863,2.8150385227881487
2025-06-19,41.909466,-71.913863,0.11494133117456594
2025-06-20,41.909466,-71.913863,1.4342669088459115
2025-06-21,41.909466,-71.913863,0.0
2025-06-22,41.909466,-71.913863,6.556638296257454
2025-06-23,41.909466,-71.913863,0.0
2025-06-24,41.909466,-71.913863,0.0
2025-06-25,41.909466,-71.913863,0.40294372491985525
2025-06-26,41.909466,-71.913863,0.7873013647206727
2025-06-27,41.909466,-71.913863,0.4078342994520162
2025-06-28,41.909466,-71.913863,0.004053399909399776
2025-06-29,41.909466,-71.913863,0.04980769331732176
2025-06-30,41.909466,-71.913863,0.26503026873460095
2025-07-01,41.909466,-71.913863,7.087764895064246
2025-07-02,41.909466,-71.913863,17.834300946245477
2025-07-03,41.909466,-71.913863,18.50716812606535
2025-07-04,41.909466,-71.913863,1.7890730804044956
2025-07-05,41.909466,-71.913863,0.0064718100961811565
2025-07-06,41.909466,-71.913863,0.0021487741058321404
2025-07-07,41.909466,-71.913863,0.9572784799383315
2025-07-08,41.909466,-71.913863,0.8447719370933797
2025-07-09,41.909466,-71.913863,21.45014097575217
2025-07-10,41.909466,-71.913863,21.78463493601802
2025-07-11,41.909466,-71.913863,0.5459164834131986
2025-07-12,41.909466,-71.913863,0.0
2025-07-13,41.909466,-71.913863,0.0
2025-07-14,41.909466,-71.913863,0.24096228299888472
2025-07-15,41.909466,-71.913863,8.272690216496063
2025-07-16,41.909466,-71.913863,0.0
2025-07-17,41.909466,-71.913863,0.0
2025-07-18,41.909466,-71.913863,0.0
2025-07-19,41.909466,-71.913863,0.0
2025-07-20,41.909466,-71.913863,8.884237717834239
2025-07-21,41.909466,-71.913863,0.7295842741756275
2025-07-22,41.909466,-71.913863,0.0
2025-07-23,41.909466,-71.913863,0.0
2025-07-24,41.909466,-71.913863,0.0
2025-07-25,41.909466,-71.913863,10.369933681257725
2025-07-26,41.909466,-71.913863,0.7260650561581101
2025-07-27,41.909466,-71.913863,9.18067215934769
2025-07-28,41.909466,-71.913863,0.0
2025-07-29,41.909466,-71.913863,0.0
2025-07-30,41.909466,-71.913863,0.0
2025-07-31,41.909466,-71.913863,2.930875826589997
2025-08-01,41.909466,-71.913863,10.050285079283151
2025-08-02,41.909466,-71.913863,0.0
2025-08-03,41.909466,-71.913863,0.0
2025-08-04,41.909466,-71.913863,0.0
2025-08-05,41.909466,-71.913863,0.0029293515489796445
2025-08-06,41.909466,-71.913863,0.4450202976030068
2025-08-07,41.909466,-71.913863,1.142705689946776
2025-08-08,41.909466,-71.913863,0.0
2025-08-09,41.909466,-71.913863,0.0
2025-08-10,41.909466,-71.913863,0.0
2025-08-11,41.909466,-71.913863,0.0
2025-08-12,41.909466,-71.913863,0.0
2025-08-13,41.909466,-71.913863,1.1679990801478208
2025-08-14,41.909466,-71.913863,0.8972162798533249
2025-08-15,41.909466,-71.913863,0.0
2025-08-16,41.909466,-71.913863,0.0
2025-08-17,41.909466,-71.913863,0.2457484751027919
2025-08-18,41.909466,-71.913863,1.1190303892857072
2025-08-19,41.909466,-71.913863,0.2750697677427707
2025-08-20,41.909466,-71.913863,13.900178907077365
2025-08-21,41.909466,-71.913863,18.315331131038835
2025-08-22,41.909466,-71.913863,0.7329956494481481
2025-08-23,41.909466,-71.913863,0.0
2025-08-24,41.909466,-71.913863,0.8348619943055919
2025-08-25,41.909466,-71.913863,0.0
2025-08-26,41.909466,-71.913863,0.0
2025-08-27,41.909466,-71.913863,0.0
2025-08-28,41.909466,-71.913863,0.0
2025-08-29,41.909466,-71.913863,5.608198749694478
2025-08-30,41.909466,-71.913863,0.0
2025-08-31,41.909466,-71.913863,0.0
2025-09-01,41.909466,-71.913863,2.6730838840391087
2025-09-02,41.909466,-71.913863,0.0
2025-09-03,41.909466,-71.913863,0.0
2025-09-04,41.909466,-71.913863,0.0
2025-09-05,41.909466,-71.913863,8.260800909139938
2025-09-06,41.909466,-71.913863,8.583074674113744
2025-09-07,41.909466,-71.913863,35.985553404013444
2025-09-08,41.909466,-71.913863,0.02815240297716035
2025-09-09,41.909466,-71.913863,0.0
2025-09-10,41.909466,-71.913863,1.0244188521065767
2025-09-11,41.909466,-71.913863,0.0
2025-09-12,41.909466,-71.913863,0.0
2025-09-13,41.909466,-71.913863,0.0
2025-09-14,41.909466,-71.913863,0.03206261257152659
2025-09-15,41.909466,-71.913863,0.0
2025-09-16,41.909466,-71.913863,0.14182633160845243
2025-09-17,41.909466,-71.913863,0.4101020932176711
2025-09-18,41.909466,-71.913863,0.0
2025-09-19,41.909466,-71.913863,0.0
2025-09-20,41.909466,-71.913863,0.0
2025-09-21,41.909466,-71.913863,0.0036616892998159907
2025-09-22,41.909466,-71.913863,0.0
2025-09-23,41.909466,-71.913863,0.0
2025-09-24,41.909466,-71.913863,23.46871340864751
2025-09-25,41.909466,-71.913863,14.116620935042707
2025-09-26,41.909466,-71.913863,0.04598933262994167
2025-09-27,41.909466,-71.913863,0.15086019435831852
2025-09-28,41.909466,-71.913863,10.877138830278449
2025-09-29,41.909466,-71.913863,0.04304483818646339
2025-09-30,41.909466,-71.913863,0.21106714334964374
