date,lat,lon,pr_mm_per_day
2010-01-01,41.629991,-71.478888,1.4861154997582564
2010-01-02,41.629991,-71.478888,0.587411658043207
2010-01-03,41.629991,-71.478888,0.199436377391901
2010-01-04,41.629991,-71.478888,0.2824679000596004
2010-01-05,41.629991,-71.478888,0.0
2010-01-06,41.629991,-71.478888,0.0
2010-01-07,41.629991,-71.478888,0.10098424724446634
2010-01-08,41.629991,-71.478888,0.2507979377820456
2010-01-09,41.629991,-71.478888,0.0
2010-01-10,41.629991,-71.478888,0.0
2010-01-11,41.629991,-71.478888,0.2712560923876642
2010-01-12,41.629991,-71.478888,0.1894595387461512
2010-01-13,41.629991,-71.478888,0.01670940654478812
2010-01-14,41.629991,-71.478888,0.0
2010-01-15,41.629991,-71.478888,0.9684971459685949
2010-01-16,41.629991,-71.478888,0.0
2010-01-17,41.629991,-71.478888,27.634862713454858
2010-01-18,41.629991,-71.478888,20.584457220606556
2010-01-19,41.629991,-71.478888,0.5926289489424823
2010-01-20,41.629991,-71.478888,0.011138331036939944
2010-01-21,41.629991,-71.478888,0.0
2010-01-22,41.629991,-71.478888,0.36317878884721294
2010-01-23,41.629991,-71.478888,0.0
2010-01-24,41.629991,-71.478888,1.3082179736711228
2010-01-25,41.629991,-71.478888,38.30156405386804
2010-01-26,41.629991,-71.478888,0.9827778677791869
2010-01-27,41.629991,-71.478888,0.058270603087054736
2010-01-28,41.629991,-71.478888,0.6867221825765405
2010-01-29,41.629991,-71.478888,0.016466504015192333
2010-01-30,41.629991,-71.478888,0.017074250336262097
2010-01-31,41.629991,-71.478888,3.6986815913817717
2010-02-01,41.629991,-71.478888,0.0
2010-02-02,41.629991,-71.478888,0.026886228248604527
2010-02-03,41.629991,-71.478888,0.0011554415121986196
2010-02-04,41.629991,-71.478888,0.0
2010-02-05,41.629991,-71.478888,0.5110777251611467
2010-02-06,41.629991,-71.478888,2.2671692780586397
2010-02-07,41.629991,-71.478888,0.0
2010-02-08,41.629991,-71.478888,0.0
2010-02-09,41.629991,-71.478888,0.0
2010-02-10,41.629991,-71.478888,5.788492867893568
2010-02-11,41.629991,-71.478888,1.8833450280523891
2010-02-12,41.629991,-71.478888,0.0
2010-02-13,41.629991,-71.478888,0.032686865663586674
2010-02-14,41.629991,-71.478888,0.0
2010-02-15,41.629991,-71.478888,0.0
2010-02-16,41.629991,-71.478888,0.016310432496265365
2010-02-17,41.629991,-71.478888,0.0
2010-02-18,41.629991,-71.478888,0.0
2010-02-19,41.629991,-71.478888,0.014666156397850117
2010-02-20,41.629991,-71.478888,0.0
2010-02-21,41.629991,-71.478888,0.0
2010-02-22,41.629991,-71.478888,0.0
2010-02-23,41.629991,-71.478888,2.3734935104974673
2010-02-24,41.629991,-71.478888,37.13338542062948
2010-02-25,41.629991,-71.478888,25.74837436639755
2010-02-26,41.629991,-71.478888,37.843076946270315
2010-02-27,41.629991,-71.478888,0.0
2010-02-28,41.629991,-71.478888,0.5714004121700895
2010-03-01,41.629991,-71.478888,1.2033834178073248
2010-03-02,41.629991,-71.478888,0.10737748733362361
2010-03-03,41.629991,-71.478888,11.3702089007229
2010-03-04,41.629991,-71.478888,0.15859884381859446
2010-03-05,41.629991,-71.478888,0.272308402932961
2010-03-06,41.629991,-71.478888,0.005688216796809368
2010-03-07,41.629991,-71.478888,0.0
2010-03-08,41.629991,-71.478888,0.008533925186186384
2010-03-09,41.629991,-71.478888,0.0
2010-03-10,41.629991,-71.478888,0.0002890228802937335
2010-03-11,41.629991,-71.478888,0.14705451504386147
2010-03-12,41.629991,-71.478888,0.024388863116891365
2010-03-13,41.629991,-71.478888,51.497809933945554
2010-03-14,41.629991,-71.478888,49.136284589971
2010-03-15,41.629991,-71.478888,7.050881046471064
2010-03-16,41.629991,-71.478888,0.09765619614343488
2010-03-17,41.629991,-71.478888,0.016223041938271725
2010-03-18,41.629991,-71.478888,0.0
2010-03-19,41.629991,-71.478888,0.07193221695740507
2010-03-20,41.629991,-71.478888,0.0
2010-03-21,41.629991,-71.478888,0.007111070991497876
2010-03-22,41.629991,-71.478888,9.147350819629445
2010-03-23,41.629991,-71.478888,81.63103785604079
2010-03-24,41.629991,-71.478888,9.416203227759398
2010-03-25,41.629991,-71.478888,0.011983138568289815
2010-03-26,41.629991,-71.478888,20.551026779121468
2010-03-27,41.629991,-71.478888,0.0
2010-03-28,41.629991,-71.478888,0.9386552998683646
2010-03-29,41.629991,-71.478888,99.61488669579477
2010-03-30,41.629991,-71.478888,98.58861634469862
2010-03-31,41.629991,-71.478888,4.545609529585022
2010-04-01,41.629991,-71.478888,0.01990875931858927
2010-04-02,41.629991,-71.478888,0.004710977007947557
2010-04-03,41.629991,-71.478888,0.007111070991497876
2010-04-04,41.629991,-71.478888,0.0
2010-04-05,41.629991,-71.478888,0.5281367576295949
2010-04-06,41.629991,-71.478888,0.3241165212764667
2010-04-07,41.629991,-71.478888,0.0799240601546508
2010-04-08,41.629991,-71.478888,0.0010004499776379875
2010-04-09,41.629991,-71.478888,13.925453072060705
2010-04-10,41.629991,-71.478888,0.7198205829512964
2010-04-11,41.629991,-71.478888,0.04070714692810312
2010-04-12,41.629991,-71.478888,0.0
2010-04-13,41.629991,-71.478888,0.4499369048166226
2010-04-14,41.629991,-71.478888,0.0
2010-04-15,41.629991,-71.478888,0.0
2010-04-16,41.629991,-71.478888,3.0417109265575766
2010-04-17,41.629991,-71.478888,13.72804426769887
2010-04-18,41.629991,-71.478888,0.0010004499776379875
2010-04-19,41.629991,-71.478888,0.0
2010-04-20,41.629991,-71.478888,0.0
2010-04-21,41.629991,-71.478888,0.0
2010-04-22,41.629991,-71.478888,1.688989680900834
2010-04-23,41.629991,-71.478888,0.0012894728579317212
2010-04-24,41.629991,-71.478888,0.0
2010-04-25,41.629991,-71.478888,12.340746417912875
2010-04-26,41.629991,-71.478888,3.8260239604414035
2010-04-27,41.629991,-71.478888,4.310077713176001
2010-04-28,41.629991,-71.478888,0.525642047110837
2010-04-29,41.629991,-71.478888,0.24513012939943374
2010-04-30,41.629991,-71.478888,0.009157741315349889
2010-05-01,41.629991,-71.478888,0.0
2010-05-02,41.629991,-71.478888,0.2893830422216001
2010-05-03,41.629991,-71.478888,13.057349633244263
2010-05-04,41.629991,-71.478888,0.1512309461052671
2010-05-05,41.629991,-71.478888,0.0
2010-05-06,41.629991,-71.478888,0.951423825608255
2010-05-07,41.629991,-71.478888,0.0
2010-05-08,41.629991,-71.478888,6.541670601266376
2010-05-09,41.629991,-71.478888,0.011312032151944058
2010-05-10,41.629991,-71.478888,0.026133180349382057
2010-05-11,41.629991,-71.478888,0.15850390264804867
2010-05-12,41.629991,-71.478888,2.1325940083210297
2010-05-13,41.629991,-71.478888,0.002134281292032762
2010-05-14,41.629991,-71.478888,4.435908013579327
2010-05-15,41.629991,-71.478888,0.5711299511102201
2010-05-16,41.629991,-71.478888,0.0
2010-05-17,41.629991,-71.478888,0.0
2010-05-18,41.629991,-71.478888,19.898617908620647
2010-05-19,41.629991,-71.478888,10.42837599931238
2010-05-20,41.629991,-71.478888,0.5397341952312563
2010-05-21,41.629991,-71.478888,0.0
2010-05-22,41.629991,-71.478888,0.19599188158885847
2010-05-23,41.629991,-71.478888,0.15996713939246054
2010-05-24,41.629991,-71.478888,0.34088013230869774
2010-05-25,41.629991,-71.478888,0.0
2010-05-26,41.629991,-71.478888,0.0
2010-05-27,41.629991,-71.478888,15.595823452900754
2010-05-28,41.629991,-71.478888,0.005688216796809368
2010-05-29,41.629991,-71.478888,1.708677961515923
2010-05-30,41.629991,-71.478888,0.24778811320938282
2010-05-31,41.629991,-71.478888,0.0
2010-06-01,41.629991,-71.478888,9.859978470997829
2010-06-02,41.629991,-71.478888,0.538617509223125
2010-06-03,41.629991,-71.478888,0.0012894728579317212
2010-06-04,41.629991,-71.478888,1.024314288911258
2010-06-05,41.629991,-71.478888,18.352667173179572
2010-06-06,41.629991,-71.478888,3.9931270042418463
2010-06-07,41.629991,-71.478888,0.0
2010-06-08,41.629991,-71.478888,0.17375202553235639
2010-06-09,41.629991,-71.478888,12.822876202777232
2010-06-10,41.629991,-71.478888,4.310344289757204
2010-06-11,41.629991,-71.478888,4.600910721555792
2010-06-12,41.629991,-71.478888,1.6077996772652647
2010-06-13,41.629991,-71.478888,13.555254372513012
2010-06-14,41.629991,-71.478888,0.010115800864115388
2010-06-15,41.629991,-71.478888,0.04039919295217957
2010-06-16,41.629991,-71.478888,0.2589522772597853
2010-06-17,41.629991,-71.478888,0.4279519574828502
2010-06-18,41.629991,-71.478888,0.0
2010-06-19,41.629991,-71.478888,0.0
2010-06-20,41.629991,-71.478888,2.264764959985821
2010-06-21,41.629991,-71.478888,0.0
2010-06-22,41.629991,-71.478888,1.2075065064484631
2010-06-23,41.629991,-71.478888,10.149417083843515
2010-06-24,41.629991,-71.478888,1.489200013165036
2010-06-25,41.629991,-71.478888,0.0
2010-06-26,41.629991,-71.478888,0.46113264578725355
2010-06-27,41.629991,-71.478888,0.6938425154570992
2010-06-28,41.629991,-71.478888,1.0859588226128154
2010-06-29,41.629991,-71.478888,1.6707411398785208
2010-06-30,41.629991,-71.478888,0.04648584036672074
2010-07-01,41.629991,-71.478888,0.0
2010-07-02,41.629991,-71.478888,0.0
2010-07-03,41.629991,-71.478888,0.007981339349296486
2010-07-04,41.629991,-71.478888,0.02666878596156827
2010-07-05,41.629991,-71.478888,0.0
2010-07-06,41.629991,-71.478888,0.10487046400911029
2010-07-07,41.629991,-71.478888,0.0
2010-07-08,41.629991,-71.478888,0.012094259992284183
2010-07-09,41.629991,-71.478888,0.6678288892186006
2010-07-10,41.629991,-71.478888,3.234778517602548
2010-07-11,41.629991,-71.478888,3.7155157659021176
2010-07-12,41.629991,-71.478888,0.16683613365347022
2010-07-13,41.629991,-71.478888,17.68030515596037
2010-07-14,41.629991,-71.478888,10.850496229651975
2010-07-15,41.629991,-71.478888,0.060471306322074966
2010-07-16,41.629991,-71.478888,0.0
2010-07-17,41.629991,-71.478888,0.13865403175884145
2010-07-18,41.629991,-71.478888,0.0
2010-07-19,41.629991,-71.478888,15.817753642145181
2010-07-20,41.629991,-71.478888,1.2215651699268573
2010-07-21,41.629991,-71.478888,3.5797594899953245
2010-07-22,41.629991,-71.478888,1.0283836896329102
2010-07-23,41.629991,-71.478888,15.54046236304318
2010-07-24,41.629991,-71.478888,12.306888568647283
2010-07-25,41.629991,-71.478888,7.395907100868559
2010-07-26,41.629991,-71.478888,0.0
2010-07-27,41.629991,-71.478888,0.0
2010-07-28,41.629991,-71.478888,0.0
2010-07-29,41.629991,-71.478888,3.530249197878861
2010-07-30,41.629991,-71.478888,0.0
2010-07-31,41.629991,-71.478888,0.0
2010-08-01,41.629991,-71.478888,0.0
2010-08-02,41.629991,-71.478888,0.0
2010-08-03,41.629991,-71.478888,0.871608302452744
2010-08-04,41.629991,-71.478888,0.1440052021875689
2010-08-05,41.629991,-71.478888,4.5041729959269095
2010-08-06,41.629991,-71.478888,0.14185930022068943
2010-08-07,41.629991,-71.478888,0.0
2010-08-08,41.629991,-71.478888,0.0
2010-08-09,41.629991,-71.478888,0.05833416199111156
2010-08-10,41.629991,-71.478888,6.621424582522917
2010-08-11,41.629991,-71.478888,0.28601101802859297
2010-08-12,41.629991,-71.478888,1.5665519248667628
2010-08-13,41.629991,-71.478888,1.369517001140132
2010-08-14,41.629991,-71.478888,0.0
2010-08-15,41.629991,-71.478888,0.6531510878270901
2010-08-16,41.629991,-71.478888,2.184649659674766
2010-08-17,41.629991,-71.478888,3.0489200812049466
2010-08-18,41.629991,-71.478888,8.330127936473255
2010-08-19,41.629991,-71.478888,0.8380016314398645
2010-08-20,41.629991,-71.478888,0.03593175884209909
2010-08-21,41.629991,-71.478888,1.0533144728430759
2010-08-22,41.629991,-71.478888,32.230183158539525
2010-08-23,41.629991,-71.478888,17.86837602957994
2010-08-24,41.629991,-71.478888,0.027470803731364457
2010-08-25,41.629991,-71.478888,8.136746630776873
2010-08-26,41.629991,-71.478888,1.6565006815578551
2010-08-27,41.629991,-71.478888,0.0
2010-08-28,41.629991,-71.478888,0.0
2010-08-29,41.629991,-71.478888,0.0305801653812122
2010-08-30,41.629991,-71.478888,0.0
2010-08-31,41.629991,-71.478888,0.0
2010-09-01,41.629991,-71.478888,0.0
2010-09-02,41.629991,-71.478888,0.0
2010-09-03,41.629991,-71.478888,15.697010179260195
2010-09-04,41.629991,-71.478888,28.64301621089521
2010-09-05,41.629991,-71.478888,0.0
2010-09-06,41.629991,-71.478888,0.0
2010-09-07,41.629991,-71.478888,0.0
2010-09-08,41.629991,-71.478888,1.507638131880125
2010-09-09,41.629991,-71.478888,0.0
2010-09-10,41.629991,-71.478888,0.009243752292558305
2010-09-11,41.629991,-71.478888,0.0
2010-09-12,41.629991,-71.478888,0.5002066306110853
2010-09-13,41.629991,-71.478888,0.02627846272982517
2010-09-14,41.629991,-71.478888,0.03128519291220801
2010-09-15,41.629991,-71.478888,0.0
2010-09-16,41.629991,-71.478888,0.6818633658777604
2010-09-17,41.629991,-71.478888,21.3819457786723
2010-09-18,41.629991,-71.478888,0.0
2010-09-19,41.629991,-71.478888,0.025608179231041875
2010-09-20,41.629991,-71.478888,0.05617714043709787
2010-09-21,41.629991,-71.478888,0.0
2010-09-22,41.629991,-71.478888,0.0
2010-09-23,41.629991,-71.478888,3.8088861122142768
2010-09-24,41.629991,-71.478888,0.05343258394363172
2010-09-25,41.629991,-71.478888,0.0
2010-09-26,41.629991,-71.478888,0.42344894928386545
2010-09-27,41.629991,-71.478888,0.31025956009687594
2010-09-28,41.629991,-71.478888,2.91020682277385
2010-09-29,41.629991,-71.478888,0.19666358566919973
2010-09-30,41.629991,-71.478888,2.914283991472966
2010-10-01,41.629991,-71.478888,11.339330773598938
2010-10-02,41.629991,-71.478888,0.6577317788903976
2010-10-03,41.629991,-71.478888,0.7413357778022963
2010-10-04,41.629991,-71.478888,7.2446180341272886
2010-10-05,41.629991,-71.478888,0.0
2010-10-06,41.629991,-71.478888,38.71890813995382
2010-10-07,41.629991,-71.478888,0.0
2010-10-08,41.629991,-71.478888,0.0
2010-10-09,41.629991,-71.478888,0.0
2010-10-10,41.629991,-71.478888,0.0
2010-10-11,41.629991,-71.478888,0.0
2010-10-12,41.629991,-71.478888,2.1895915393484686
2010-10-13,41.629991,-71.478888,0.0
2010-10-14,41.629991,-71.478888,0.0
2010-10-15,41.629991,-71.478888,33.02586421816118
2010-10-16,41.629991,-71.478888,0.02987993994364943
2010-10-17,41.629991,-71.478888,0.009821798053145774
2010-10-18,41.629991,-71.478888,0.013154091244008528
2010-10-19,41.629991,-71.478888,4.335371213973711
2010-10-20,41.629991,-71.478888,0.054644976117434456
2010-10-21,41.629991,-71.478888,2.7974717545163874
2010-10-22,41.629991,-71.478888,0.0
2010-10-23,41.629991,-71.478888,0.012245102225472268
2010-10-24,41.629991,-71.478888,3.2054657434505973
2010-10-25,41.629991,-71.478888,1.7376118601583599
2010-10-26,41.629991,-71.478888,0.5270211613367319
2010-10-27,41.629991,-71.478888,11.477690340947145
2010-10-28,41.629991,-71.478888,0.35690501750389736
2010-10-29,41.629991,-71.478888,0.015998199642413214
2010-10-30,41.629991,-71.478888,0.036180900041003536
2010-10-31,41.629991,-71.478888,0.434051826854598
2010-11-01,41.629991,-71.478888,0.0
2010-11-02,41.629991,-71.478888,0.0
2010-11-03,41.629991,-71.478888,0.0
2010-11-04,41.629991,-71.478888,14.606785828302579
2010-11-05,41.629991,-71.478888,25.478044979797886
2010-11-06,41.629991,-71.478888,1.1415107791540877
2010-11-07,41.629991,-71.478888,2.445926160240147
2010-11-08,41.629991,-71.478888,12.880378765655857
2010-11-09,41.629991,-71.478888,0.2861658478396455
2010-11-10,41.629991,-71.478888,4.252448358533239
2010-11-11,41.629991,-71.478888,3.3830351291296483
2010-11-12,41.629991,-71.478888,0.0
2010-11-13,41.629991,-71.478888,0.0
2010-11-14,41.629991,-71.478888,0.006644275986656543
2010-11-15,41.629991,-71.478888,0.0655979628693882
2010-11-16,41.629991,-71.478888,5.433612613168627
2010-11-17,41.629991,-71.478888,30.356970870843014
2010-11-18,41.629991,-71.478888,0.0031331312786984176
2010-11-19,41.629991,-71.478888,0.08406785183550841
2010-11-20,41.629991,-71.478888,0.503991568274264
2010-11-21,41.629991,-71.478888,0.022117169823736238
2010-11-22,41.629991,-71.478888,0.04847043574930035
2010-11-23,41.629991,-71.478888,3.4102771530597478
2010-11-24,41.629991,-71.478888,0.0
2010-11-25,41.629991,-71.478888,0.06972209960007972
2010-11-26,41.629991,-71.478888,4.348189021348309
2010-11-27,41.629991,-71.478888,0.0
2010-11-28,41.629991,-71.478888,0.0
2010-11-29,41.629991,-71.478888,0.0
2010-11-30,41.629991,-71.478888,0.9483471026050964
2010-12-01,41.629991,-71.478888,21.1320059885653
2010-12-02,41.629991,-71.478888,0.4990950681422246
2010-12-03,41.629991,-71.478888,0.1031473009526211
2010-12-04,41.629991,-71.478888,0.008532325195214052
2010-12-05,41.629991,-71.478888,0.0
2010-12-06,41.629991,-71.478888,0.0
2010-12-07,41.629991,-71.478888,0.032014221368195823
2010-12-08,41.629991,-71.478888,0.003423754149964483
2010-12-09,41.629991,-71.478888,0.0
2010-12-10,41.629991,-71.478888,0.0
2010-12-11,41.629991,-71.478888,0.10774770840392514
2010-12-12,41.629991,-71.478888,30.35834222888364
2010-12-13,41.629991,-71.478888,78.92310787208407
2010-12-14,41.629991,-71.478888,0.0
2010-12-15,41.629991,-71.478888,0.0
2010-12-16,41.629991,-71.478888,0.030831248216823124
2010-12-17,41.629991,-71.478888,0.04834984436214908
2010-12-18,41.629991,-71.478888,0.0
2010-12-19,41.629991,-71.478888,0.026781726114152457
2010-12-20,41.629991,-71.478888,1.7925890103188318
2010-12-21,41.629991,-71.478888,0.88442541275429
2010-12-22,41.629991,-71.478888,0.0
2010-12-23,41.629991,-71.478888,0.16508890719379055
2010-12-24,41.629991,-71.478888,0.02399729946361982
2010-12-25,41.629991,-71.478888,0.09084793354329342
2010-12-26,41.629991,-71.478888,5.400059324459535
2010-12-27,41.629991,-71.478888,0.10718101887833123
2010-12-28,41.629991,-71.478888,0.001422854194688508
2010-12-29,41.629991,-71.478888,0.025596975055885672
2010-12-30,41.629991,-71.478888,0.0
2010-12-31,41.629991,-71.478888,0.36116225931624746
2011-01-01,41.629991,-71.478888,0.3864046768656466
2011-01-02,41.629991,-71.478888,3.165929351040159
2011-01-03,41.629991,-71.478888,5.32401141714431
2011-01-04,41.629991,-71.478888,0.03206820004406276
2011-01-05,41.629991,-71.478888,0.016362822841376967
2011-01-06,41.629991,-71.478888,0.016362822841376967
2011-01-07,41.629991,-71.478888,0.12657642020811105
2011-01-08,41.629991,-71.478888,0.3775537952798358
2011-01-09,41.629991,-71.478888,1.4440443962752991
2011-01-10,41.629991,-71.478888,0.0
2011-01-11,41.629991,-71.478888,0.03759562531745206
2011-01-12,41.629991,-71.478888,31.31712043510749
2011-01-13,41.629991,-71.478888,0.2493151064646603
2011-01-14,41.629991,-71.478888,0.05360035383774253
2011-01-15,41.629991,-71.478888,1.3720290858316304
2011-01-16,41.629991,-71.478888,2.4477998670690417
2011-01-17,41.629991,-71.478888,0.3166133235616024
2011-01-18,41.629991,-71.478888,30.39808621055992
2011-01-19,41.629991,-71.478888,2.4096228734166365
2011-01-20,41.629991,-71.478888,0.10520044832023491
2011-01-21,41.629991,-71.478888,9.311738187305998
2011-01-22,41.629991,-71.478888,0.0
2011-01-23,41.629991,-71.478888,0.004045020198490226
2011-01-24,41.629991,-71.478888,0.0
2011-01-25,41.629991,-71.478888,1.7158814142264172
2011-01-26,41.629991,-71.478888,5.382341767726241
2011-01-27,41.629991,-71.478888,24.22231066696537
2011-01-28,41.629991,-71.478888,0.6073622856013507
2011-01-29,41.629991,-71.478888,0.5189862486530482
2011-01-30,41.629991,-71.478888,0.20623647278337426
2011-01-31,41.629991,-71.478888,0.0
2011-02-01,41.629991,-71.478888,1.0414406563092071
2011-02-02,41.629991,-71.478888,26.382104331327927
2011-02-03,41.629991,-71.478888,0.0
2011-02-04,41.629991,-71.478888,0.0
2011-02-05,41.629991,-71.478888,0.5993373218798493
2011-02-06,41.629991,-71.478888,1.7517830921978979
2011-02-07,41.629991,-71.478888,0.06119757880671769
2011-02-08,41.629991,-71.478888,8.023336436927147
2011-02-09,41.629991,-71.478888,0.0
2011-02-10,41.629991,-71.478888,0.24886065615635708
2011-02-11,41.629991,-71.478888,0.0
2011-02-12,41.629991,-71.478888,0.0
2011-02-13,41.629991,-71.478888,0.007269912384465859
2011-02-14,41.629991,-71.478888,0.28668802075976524
2011-02-15,41.629991,-71.478888,0.0
2011-02-16,41.629991,-71.478888,0.0008670686408812013
2011-02-17,41.629991,-71.478888,0.0
2011-02-18,41.629991,-71.478888,0.03441562144776061
2011-02-19,41.629991,-71.478888,0.0
2011-02-20,41.629991,-71.478888,0.0
2011-02-21,41.629991,-71.478888,0.3073672191217516
2011-02-22,41.629991,-71.478888,0.1557523390637393
2011-02-23,41.629991,-71.478888,0.0
2011-02-24,41.629991,-71.478888,0.0
2011-02-25,41.629991,-71.478888,59.9164287731104
2011-02-26,41.629991,-71.478888,0.006932649073191716
2011-02-27,41.629991,-71.478888,1.84140314380683
2011-02-28,41.629991,-71.478888,17.513548793694447
2011-03-01,41.629991,-71.478888,3.688253992564682
2011-03-02,41.629991,-71.478888,0.0061360813350983395
2011-03-03,41.629991,-71.478888,0.0
2011-03-04,41.629991,-71.478888,0.000711427097344254
2011-03-05,41.629991,-71.478888,0.008532325195214052
2011-03-06,41.629991,-71.478888,0.09389729326467008
2011-03-07,41.629991,-71.478888,21.36015542041579
2011-03-08,41.629991,-71.478888,0.0
2011-03-09,41.629991,-71.478888,0.0208060873269246
2011-03-10,41.629991,-71.478888,6.32021963520037
2011-03-11,41.629991,-71.478888,14.003581317018114
2011-03-12,41.629991,-71.478888,0.008870668515819809
2011-03-13,41.629991,-71.478888,0.00866808648057616
2011-03-14,41.629991,-71.478888,0.0
2011-03-15,41.629991,-71.478888,0.011376433593618736
2011-03-16,41.629991,-71.478888,11.064405551082647
2011-03-17,41.629991,-71.478888,0.004621766048794478
2011-03-18,41.629991,-71.478888,0.9101265340595894
2011-03-19,41.629991,-71.478888,1.0736011623283885
2011-03-20,41.629991,-71.478888,0.0
2011-03-21,41.629991,-71.478888,5.126750820682256
2011-03-22,41.629991,-71.478888,0.0874575295358779
2011-03-23,41.629991,-71.478888,1.354249446798499
2011-03-24,41.629991,-71.478888,1.740455261743271
2011-03-25,41.629991,-71.478888,0.000711427097344254
2011-03-26,41.629991,-71.478888,0.0
2011-03-27,41.629991,-71.478888,0.008866168462087808
2011-03-28,41.629991,-71.478888,0.0
2011-03-29,41.629991,-71.478888,0.0
2011-03-30,41.629991,-71.478888,0.0
2011-03-31,41.629991,-71.478888,13.888396315768606
2011-04-01,41.629991,-71.478888,8.029960688478917
2011-04-02,41.629991,-71.478888,0.14403631883038287
2011-04-03,41.629991,-71.478888,0.0035571353542076423
2011-04-04,41.629991,-71.478888,7.34608735339414
2011-04-05,41.629991,-71.478888,2.901321893276089
2011-04-06,41.629991,-71.478888,0.0
2011-04-07,41.629991,-71.478888,0.017444264025877898
2011-04-08,41.629991,-71.478888,1.7149452441360196
2011-04-09,41.629991,-71.478888,1.0369272116349557
2011-04-10,41.629991,-71.478888,0.9524281724771797
2011-04-11,41.629991,-71.478888,4.348817533869113
2011-04-12,41.629991,-71.478888,8.05256068990307
2011-04-13,41.629991,-71.478888,57.57357563600658
2011-04-14,41.629991,-71.478888,0.039422173937555066
2011-04-15,41.629991,-71.478888,0.035284742293054824
2011-04-16,41.629991,-71.478888,2.7416663301897133
2011-04-17,41.629991,-71.478888,20.971442632857453
2011-04-18,41.629991,-71.478888,0.0053351429578499185
2011-04-19,41.629991,-71.478888,4.976763378181577
2011-04-20,41.629991,-71.478888,4.188262628545166
2011-04-21,41.629991,-71.478888,0.0
2011-04-22,41.629991,-71.478888,0.001422854194688508
2011-04-23,41.629991,-71.478888,12.468880884247566
2011-04-24,41.629991,-71.478888,0.39087905325282435
2011-04-25,41.629991,-71.478888,2.7183825815918565
2011-04-26,41.629991,-71.478888,0.042634498128314574
2011-04-27,41.629991,-71.478888,0.3054308329710057
2011-04-28,41.629991,-71.478888,6.11458326545152
2011-04-29,41.629991,-71.478888,10.670179437549075
2011-04-30,41.629991,-71.478888,0.0
2011-05-01,41.629991,-71.478888,0.0
2011-05-02,41.629991,-71.478888,0.05748599182465857
2011-05-03,41.629991,-71.478888,5.932655833871788
2011-05-04,41.629991,-71.478888,6.781535717591624
2011-05-05,41.629991,-71.478888,6.141116505275629
2011-05-06,41.629991,-71.478888,0.04729558935782158
2011-05-07,41.629991,-71.478888,2.676729652054504
2011-05-08,41.629991,-71.478888,8.487953683313089
2011-05-09,41.629991,-71.478888,0.1720933587589343
2011-05-10,41.629991,-71.478888,0.14084818681695627
2011-05-11,41.629991,-71.478888,0.16112926349862616
2011-05-12,41.629991,-71.478888,0.0028889287849847064
2011-05-13,41.629991,-71.478888,0.008535524647402233
2011-05-14,41.629991,-71.478888,2.5165342071291144
2011-05-15,41.629991,-71.478888,9.41076363342792
2011-05-16,41.629991,-71.478888,7.974766338202747
2011-05-17,41.629991,-71.478888,1.9460097881829133
2011-05-18,41.629991,-71.478888,12.750939329235816
2011-05-19,41.629991,-71.478888,9.298726428430665
2011-05-20,41.629991,-71.478888,0.8402459720955313
2011-05-21,41.629991,-71.478888,0.0
2011-05-22,41.629991,-71.478888,0.002000899955275975
2011-05-23,41.629991,-71.478888,3.2024423809806737
2011-05-24,41.629991,-71.478888,10.676835578801903
2011-05-25,41.629991,-71.478888,0.08470247004768086
2011-05-26,41.629991,-71.478888,0.0
2011-05-27,41.629991,-71.478888,0.12782040746266238
2011-05-28,41.629991,-71.478888,0.004979989813923405
2011-05-29,41.629991,-71.478888,0.27972236966923403
2011-05-30,41.629991,-71.478888,3.5262995085026487
2011-05-31,41.629991,-71.478888,0.0
2011-06-01,41.629991,-71.478888,2.4540101619829344
2011-06-02,41.629991,-71.478888,1.1511481139637056
2011-06-03,41.629991,-71.478888,0.0072223216934093025
2011-06-04,41.629991,-71.478888,0.13777406683867224
2011-06-05,41.629991,-71.478888,0.024177321902654793
2011-06-06,41.629991,-71.478888,0.6461480889307206
2011-06-07,41.629991,-71.478888,0.0
2011-06-08,41.629991,-71.478888,1.5115620787981812
2011-06-09,41.629991,-71.478888,25.442471374527702
2011-06-10,41.629991,-71.478888,10.288423597053193
2011-06-11,41.629991,-71.478888,4.945631584162478
2011-06-12,41.629991,-71.478888,16.129994937173226
2011-06-13,41.629991,-71.478888,0.2299381056968507
2011-06-14,41.629991,-71.478888,2.445567903165543
2011-06-15,41.629991,-71.478888,0.011894278523000304
2011-06-16,41.629991,-71.478888,0.0
2011-06-17,41.629991,-71.478888,5.9191874110583536
2011-06-18,41.629991,-71.478888,4.682707882193376
2011-06-19,41.629991,-71.478888,0.0
2011-06-20,41.629991,-71.478888,0.08303971469695307
2011-06-21,41.629991,-71.478888,0.0
2011-06-22,41.629991,-71.478888,10.010940816985334
2011-06-23,41.629991,-71.478888,20.531300972085504
2011-06-24,41.629991,-71.478888,2.919553375343789
2011-06-25,41.629991,-71.478888,0.0698339988876371
2011-06-26,41.629991,-71.478888,0.029152510551634613
2011-06-27,41.629991,-71.478888,0.008826148048424784
2011-06-28,41.629991,-71.478888,0.0
2011-06-29,41.629991,-71.478888,6.147528762346334
2011-06-30,41.629991,-71.478888,0.0
2011-07-01,41.629991,-71.478888,0.0
2011-07-02,41.629991,-71.478888,0.004268562584065524
2011-07-03,41.629991,-71.478888,2.753215248222934
2011-07-04,41.629991,-71.478888,0.2659398296788926
2011-07-05,41.629991,-71.478888,0.1705922550592035
2011-07-06,41.629991,-71.478888,0.04777160436229168
2011-07-07,41.629991,-71.478888,0.025596975055885672
2011-07-08,41.629991,-71.478888,15.164346236429129
2011-07-09,41.629991,-71.478888,23.04212114836205
2011-07-10,41.629991,-71.478888,0.0
2011-07-11,41.629991,-71.478888,0.0
2011-07-12,41.629991,-71.478888,0.317823410800167
2011-07-13,41.629991,-71.478888,2.827434818730568
2011-07-14,41.629991,-71.478888,4.7713678181987085
2011-07-15,41.629991,-71.478888,0.0
2011-07-16,41.629991,-71.478888,0.9760107762650441
2011-07-17,41.629991,-71.478888,0.0
2011-07-18,41.629991,-71.478888,3.913405351315127
2011-07-19,41.629991,-71.478888,0.18273761274058456
2011-07-20,41.629991,-71.478888,0.0
2011-07-21,41.629991,-71.478888,0.11219621967489751
2011-07-22,41.629991,-71.478888,0.03665124729500688
2011-07-23,41.629991,-71.478888,0.5958678631210648
2011-07-24,41.629991,-71.478888,3.6663919010324006
2011-07-25,41.629991,-71.478888,5.656450760706541
2011-07-26,41.629991,-71.478888,10.533970640702195
2011-07-27,41.629991,-71.478888,0.0
2011-07-28,41.629991,-71.478888,0.0
2011-07-29,41.629991,-71.478888,1.569270372698841
2011-07-30,41.629991,-71.478888,0.044735707206836645
2011-07-31,41.629991,-71.478888,0.0
2011-08-01,41.629991,-71.478888,0.49502554392614784
2011-08-02,41.629991,-71.478888,0.0818934720399143
2011-08-03,41.629991,-71.478888,1.6796887351649272
2011-08-04,41.629991,-71.478888,2.8069880732451584
2011-08-05,41.629991,-71.478888,0.01991995925569362
2011-08-06,41.629991,-71.478888,3.9199968637789113
2011-08-07,41.629991,-71.478888,39.11926562975592
2011-08-08,41.629991,-71.478888,8.395865095027387
2011-08-09,41.629991,-71.478888,5.615532752397735
2011-08-10,41.629991,-71.478888,3.0555288799867344
2011-08-11,41.629991,-71.478888,0.0
2011-08-12,41.629991,-71.478888,0.0
2011-08-13,41.629991,-71.478888,0.0
2011-08-14,41.629991,-71.478888,11.888930135360596
2011-08-15,41.629991,-71.478888,55.36939894796155
2011-08-16,41.629991,-71.478888,0.4882888571989818
2011-08-17,41.629991,-71.478888,0.0
2011-08-18,41.629991,-71.478888,0.07446178163914663
2011-08-19,41.629991,-71.478888,0.15241801665263455
2011-08-20,41.629991,-71.478888,1.4178368563085564
2011-08-21,41.629991,-71.478888,1.5846042736190364
2011-08-22,41.629991,-71.478888,18.56195101739494
2011-08-23,41.629991,-71.478888,0.2472743067112247
2011-08-24,41.629991,-71.478888,0.19167628063438552
2011-08-25,41.629991,-71.478888,1.890313707796373
2011-08-26,41.629991,-71.478888,1.1210932005358365
2011-08-27,41.629991,-71.478888,14.31445100313131
2011-08-28,41.629991,-71.478888,41.5208672951542
2011-08-29,41.629991,-71.478888,0.051193950111771344
2011-08-30,41.629991,-71.478888,0.0
2011-08-31,41.629991,-71.478888,0.05820435959030802
2011-09-01,41.629991,-71.478888,0.10547543050423713
2011-09-02,41.629991,-71.478888,0.0
2011-09-03,41.629991,-71.478888,0.11196245903596798
2011-09-04,41.629991,-71.478888,0.1728112021133835
2011-09-05,41.629991,-71.478888,0.4221834625893379
2011-09-06,41.629991,-71.478888,25.548547598187106
2011-09-07,41.629991,-71.478888,3.356786671702723
2011-09-08,41.629991,-71.478888,69.45687065375664
2011-09-09,41.629991,-71.478888,3.5267479738030096
2011-09-10,41.629991,-71.478888,0.0
2011-09-11,41.629991,-71.478888,0.0
2011-09-12,41.629991,-71.478888,0.1489593053524148
2011-09-13,41.629991,-71.478888,0.010666606487246813
2011-09-14,41.629991,-71.478888,0.0
2011-09-15,41.629991,-71.478888,0.8764536429149556
2011-09-16,41.629991,-71.478888,0.333807822410035
2011-09-17,41.629991,-71.478888,2.5235690242433337
2011-09-18,41.629991,-71.478888,0.008291972423368854
2011-09-19,41.629991,-71.478888,0.0
2011-09-20,41.629991,-71.478888,1.3458638393578448
2011-09-21,41.629991,-71.478888,0.007825698203300419
2011-09-22,41.629991,-71.478888,0.43339408820035225
2011-09-23,41.629991,-71.478888,18.48518559523787
2011-09-24,41.629991,-71.478888,13.835638997623796
2011-09-25,41.629991,-71.478888,3.196975663462534
2011-09-26,41.629991,-71.478888,0.6370250852396813
2011-09-27,41.629991,-71.478888,0.021242401494611735
2011-09-28,41.629991,-71.478888,0.12630084837005046
2011-09-29,41.629991,-71.478888,10.642143919066314
2011-09-30,41.629991,-71.478888,0.0
2011-10-01,41.629991,-71.478888,12.337555966472042
2011-10-02,41.629991,-71.478888,0.005156591413774255
2011-10-03,41.629991,-71.478888,2.88686578893744
2011-10-04,41.629991,-71.478888,8.26886730656235
2011-10-05,41.629991,-71.478888,0.5036869062625834
2011-10-06,41.629991,-71.478888,0.0
2011-10-07,41.629991,-71.478888,0.0
2011-10-08,41.629991,-71.478888,0.0
2011-10-09,41.629991,-71.478888,0.0
2011-10-10,41.629991,-71.478888,0.0
2011-10-11,41.629991,-71.478888,4.151810784883015
2011-10-12,41.629991,-71.478888,6.977265946610509
2011-10-13,41.629991,-71.478888,21.57513343298703
2011-10-14,41.629991,-71.478888,14.609818743682977
2011-10-15,41.629991,-71.478888,4.678646293537137
2011-10-16,41.629991,-71.478888,0.19234091076245058
2011-10-17,41.629991,-71.478888,4.930573229168548
2011-10-18,41.629991,-71.478888,0.032431353523992935
2011-10-19,41.629991,-71.478888,36.27344848310052
2011-10-20,41.629991,-71.478888,7.324757230395094
2011-10-21,41.629991,-71.478888,0.0
2011-10-22,41.629991,-71.478888,0.0
2011-10-23,41.629991,-71.478888,0.0
2011-10-24,41.629991,-71.478888,0.018577145358276655
2011-10-25,41.629991,-71.478888,0.5082948382209174
2011-10-26,41.629991,-71.478888,1.718355924280039
2011-10-27,41.629991,-71.478888,15.220404879452417
2011-10-28,41.629991,-71.478888,1.0064947044907802
2011-10-29,41.629991,-71.478888,27.20714635238707
2011-10-30,41.629991,-71.478888,0.14200771793699302
2011-10-31,41.629991,-71.478888,0.0011554415121986196
2011-11-01,41.629991,-71.478888,1.8438591259495576
2011-11-02,41.629991,-71.478888,0.0
2011-11-03,41.629991,-71.478888,0.19313975024281624
2011-11-04,41.629991,-71.478888,1.452442594075432
2011-11-05,41.629991,-71.478888,0.0
2011-11-06,41.629991,-71.478888,0.007999099821206607
2011-11-07,41.629991,-71.478888,0.024222141759478334
2011-11-08,41.629991,-71.478888,0.0
2011-11-09,41.629991,-71.478888,0.0
2011-11-10,41.629991,-71.478888,14.59017902739273
2011-11-11,41.629991,-71.478888,1.018713835894919
2011-11-12,41.629991,-71.478888,0.0
2011-11-13,41.629991,-71.478888,1.9677197227019454
2011-11-14,41.629991,-71.478888,0.336746336373316
2011-11-15,41.629991,-71.478888,1.5908173680374105
2011-11-16,41.629991,-71.478888,19.27211981127249
2011-11-17,41.629991,-71.478888,14.15036599661893
2011-11-18,41.629991,-71.478888,0.001422854194688508
2011-11-19,41.629991,-71.478888,0.02562403544647735
2011-11-20,41.629991,-71.478888,0.012089890711160046
2011-11-21,41.629991,-71.478888,9.410434747388988
2011-11-22,41.629991,-71.478888,0.10164181304405673
2011-11-23,41.629991,-71.478888,45.132429468697794
2011-11-24,41.629991,-71.478888,0.003423754149964483
2011-11-25,41.629991,-71.478888,0.028118271991374472
2011-11-26,41.629991,-71.478888,0.4342939978523098
2011-11-27,41.629991,-71.478888,0.4141854536542668
2011-11-28,41.629991,-71.478888,2.067385088050396
2011-11-29,41.629991,-71.478888,0.0
2011-11-30,41.629991,-71.478888,20.088288331222383
2011-12-01,41.629991,-71.478888,0.0
2011-12-02,41.629991,-71.478888,0.0
2011-12-03,41.629991,-71.478888,0.0
2011-12-04,41.629991,-71.478888,0.03215226155308921
2011-12-05,41.629991,-71.478888,0.36826747383882075
2011-12-06,41.629991,-71.478888,8.570489780112853
2011-12-07,41.629991,-71.478888,43.11203692259878
2011-12-08,41.629991,-71.478888,4.034155391803985
2011-12-09,41.629991,-71.478888,0.019005949671730128
2011-12-10,41.629991,-71.478888,2.987238852175551
2011-12-11,41.629991,-71.478888,0.0
2011-12-12,41.629991,-71.478888,0.11323385817105082
2011-12-13,41.629991,-71.478888,0.08342863160693027
2011-12-14,41.629991,-71.478888,0.08999068512550676
2011-12-15,41.629991,-71.478888,8.776991197761832
2011-12-16,41.629991,-71.478888,0.7099571310347816
2011-12-17,41.629991,-71.478888,1.0152516740090582
2011-12-18,41.629991,-71.478888,0.0
2011-12-19,41.629991,-71.478888,0.03079743687424393
2011-12-20,41.629991,-71.478888,0.683530122444286
2011-12-21,41.629991,-71.478888,8.669446039525983
2011-12-22,41.629991,-71.478888,4.830191133208673
2011-12-23,41.629991,-71.478888,15.048488823864762
2011-12-24,41.629991,-71.478888,0.0
2011-12-25,41.629991,-71.478888,0.055065050097140016
2011-12-26,41.629991,-71.478888,2.843128691234466
2011-12-27,41.629991,-71.478888,6.3661815472291226
2011-12-28,41.629991,-71.478888,17.756376613793325
2011-12-29,41.629991,-71.478888,0.021187350961852883
2011-12-30,41.629991,-71.478888,0.2706046632497414
2011-12-31,41.629991,-71.478888,6.690497428452479
2012-01-01,41.629991,-71.478888,0.0
2012-01-02,41.629991,-71.478888,5.084549127939339
2012-01-03,41.629991,-71.478888,0.004624366084699736
2012-01-04,41.629991,-71.478888,0.0
2012-01-05,41.629991,-71.478888,0.10277956246514124
2012-01-06,41.629991,-71.478888,0.5984803889065796
2012-01-07,41.629991,-71.478888,0.0
2012-01-08,41.629991,-71.478888,0.07990200786174204
2012-01-09,41.629991,-71.478888,0.10619465893664776
2012-01-10,41.629991,-71.478888,0.5695650551864613
2012-01-11,41.629991,-71.478888,0.1638254990416378
2012-01-12,41.629991,-71.478888,46.91344171680757
2012-01-13,41.629991,-71.478888,0.4654807803748419
2012-01-14,41.629991,-71.478888,0.023299371968426574
2012-01-15,41.629991,-71.478888,0.0
2012-01-16,41.629991,-71.478888,0.0
2012-01-17,41.629991,-71.478888,4.500117970226501
2012-01-18,41.629991,-71.478888,0.06137890302673145
2012-01-19,41.629991,-71.478888,0.029155710930822133
2012-01-20,41.629991,-71.478888,1.3374898826591024
2012-01-21,41.629991,-71.478888,9.482727039179549
2012-01-22,41.629991,-71.478888,0.9193551542257593
2012-01-23,41.629991,-71.478888,1.3907001020531558
2012-01-24,41.629991,-71.478888,6.1027540376160925
2012-01-25,41.629991,-71.478888,0.09466515620351776
2012-01-26,41.629991,-71.478888,3.8350996631787875
2012-01-27,41.629991,-71.478888,32.25764567217303
2012-01-28,41.629991,-71.478888,0.08175148009462754
2012-01-29,41.629991,-71.478888,0.14615438793312352
2012-01-30,41.629991,-71.478888,0.3766199959329381
2012-01-31,41.629991,-71.478888,0.21482345382439055
2012-02-01,41.629991,-71.478888,0.9714126107769205
2012-02-02,41.629991,-71.478888,0.09958260017382005
2012-02-03,41.629991,-71.478888,0.06240560044673792
2012-02-04,41.629991,-71.478888,0.002134281292032762
2012-02-05,41.629991,-71.478888,0.0
2012-02-06,41.629991,-71.478888,0.0
2012-02-07,41.629991,-71.478888,0.0
2012-02-08,41.629991,-71.478888,0.06908642061521514
2012-02-09,41.629991,-71.478888,0.1512361128434742
2012-02-10,41.629991,-71.478888,0.0
2012-02-11,41.629991,-71.478888,1.9416880350693908
2012-02-12,41.629991,-71.478888,0.0
2012-02-13,41.629991,-71.478888,0.0
2012-02-14,41.629991,-71.478888,0.0
2012-02-15,41.629991,-71.478888,0.009869168280180517
2012-02-16,41.629991,-71.478888,3.0052151104300324
2012-02-17,41.629991,-71.478888,2.6836125006311313
2012-02-18,41.629991,-71.478888,0.0
2012-02-19,41.629991,-71.478888,0.005688216796809368
2012-02-20,41.629991,-71.478888,0.0
2012-02-21,41.629991,-71.478888,0.2687857630314684
2012-02-22,41.629991,-71.478888,0.8967164045209861
2012-02-23,41.629991,-71.478888,0.562247227402169
2012-02-24,41.629991,-71.478888,8.716864624801808
2012-02-25,41.629991,-71.478888,4.856637240937692
2012-02-26,41.629991,-71.478888,0.0
2012-02-27,41.629991,-71.478888,0.0
2012-02-28,41.629991,-71.478888,0.0
2012-02-29,41.629991,-71.478888,8.234114602369116
2012-03-01,41.629991,-71.478888,5.744982825774635
2012-03-02,41.629991,-71.478888,0.0
2012-03-03,41.629991,-71.478888,4.730832512825571
2012-03-04,41.629991,-71.478888,0.5889760818557006
2012-03-05,41.629991,-71.478888,0.0
2012-03-06,41.629991,-71.478888,0.0025782957068871274
2012-03-07,41.629991,-71.478888,0.001156091521174934
2012-03-08,41.629991,-71.478888,0.0
2012-03-09,41.629991,-71.478888,2.3910602934899168
2012-03-10,41.629991,-71.478888,0.0
2012-03-11,41.629991,-71.478888,0.0038445583760426715
2012-03-12,41.629991,-71.478888,0.02906329959248153
2012-03-13,41.629991,-71.478888,1.940713073765417
2012-03-14,41.629991,-71.478888,0.03686301687611893
2012-03-15,41.629991,-71.478888,0.23464139033932785
2012-03-16,41.629991,-71.478888,1.9246892569277565
2012-03-17,41.629991,-71.478888,0.0
2012-03-18,41.629991,-71.478888,0.0
2012-03-19,41.629991,-71.478888,0.0
2012-03-20,41.629991,-71.478888,0.0
2012-03-21,41.629991,-71.478888,0.0
2012-03-22,41.629991,-71.478888,0.0
2012-03-23,41.629991,-71.478888,0.039551705415904505
2012-03-24,41.629991,-71.478888,0.22984560550841407
2012-03-25,41.629991,-71.478888,4.532049193367887
2012-03-26,41.629991,-71.478888,1.0080707175202268
2012-03-27,41.629991,-71.478888,0.003555535495748938
2012-03-28,41.629991,-71.478888,15.487521569803341
2012-03-29,41.629991,-71.478888,0.16163952170581966
2012-03-30,41.629991,-71.478888,0.0030013499329139635
2012-03-31,41.629991,-71.478888,0.9754075924840293
2012-04-01,41.629991,-71.478888,2.4774385278509508
2012-04-02,41.629991,-71.478888,2.8338256141294016
2012-04-03,41.629991,-71.478888,0.0
2012-04-04,41.629991,-71.478888,0.008377763420825676
2012-04-05,41.629991,-71.478888,0.0
2012-04-06,41.629991,-71.478888,0.0
2012-04-07,41.629991,-71.478888,0.0
2012-04-08,41.629991,-71.478888,0.0
2012-04-09,41.629991,-71.478888,0.026966511977884643
2012-04-10,41.629991,-71.478888,0.005866418520146177
2012-04-11,41.629991,-71.478888,0.015020739443364302
2012-04-12,41.629991,-71.478888,1.7245233982707346
2012-04-13,41.629991,-71.478888,0.0002890228802937335
2012-04-14,41.629991,-71.478888,0.000578045760587467
2012-04-15,41.629991,-71.478888,6.850176851364108
2012-04-16,41.629991,-71.478888,0.2104331491782378
2012-04-17,41.629991,-71.478888,0.0
2012-04-18,41.629991,-71.478888,1.126415995872782
2012-04-19,41.629991,-71.478888,1.3332404393481114
2012-04-20,41.629991,-71.478888,0.0
2012-04-21,41.629991,-71.478888,0.0
2012-04-22,41.629991,-71.478888,27.331341159955095
2012-04-23,41.629991,-71.478888,43.51580573956616
2012-04-24,41.629991,-71.478888,0.1372364361101166
2012-04-25,41.629991,-71.478888,0.0
2012-04-26,41.629991,-71.478888,0.02874290997065813
2012-04-27,41.629991,-71.478888,2.00442689703026
2012-04-28,41.629991,-71.478888,0.0
2012-04-29,41.629991,-71.478888,1.336629187256559
2012-04-30,41.629991,-71.478888,0.2910822799946674
2012-05-01,41.629991,-71.478888,13.667472195670332
2012-05-02,41.629991,-71.478888,0.008136981025347061
2012-05-03,41.629991,-71.478888,2.8560828030957666
2012-05-04,41.629991,-71.478888,1.4193215905745886
2012-05-05,41.629991,-71.478888,0.4329074581576443
2012-05-06,41.629991,-71.478888,0.24875962608770066
2012-05-07,41.629991,-71.478888,0.0
2012-05-08,41.629991,-71.478888,5.262912512781045
2012-05-09,41.629991,-71.478888,33.266954619692086
2012-05-10,41.629991,-71.478888,15.940787107472383
2012-05-11,41.629991,-71.478888,0.000711427097344254
2012-05-12,41.629991,-71.478888,0.0
2012-05-13,41.629991,-71.478888,0.7387061464411949
2012-05-14,41.629991,-71.478888,2.6056200434596426
2012-05-15,41.629991,-71.478888,4.342734420130001
2012-05-16,41.629991,-71.478888,15.683573396652392
2012-05-17,41.629991,-71.478888,1.0604027958877973
2012-05-18,41.629991,-71.478888,0.0
2012-05-19,41.629991,-71.478888,0.0
2012-05-20,41.629991,-71.478888,0.011449613751317166
2012-05-21,41.629991,-71.478888,0.9523024971264439
2012-05-22,41.629991,-71.478888,15.014593063535203
2012-05-23,41.629991,-71.478888,0.7482404848668323
2012-05-24,41.629991,-71.478888,0.10533003468515792
2012-05-25,41.629991,-71.478888,0.35667591604652504
2012-05-26,41.629991,-71.478888,0.13228539896940103
2012-05-27,41.629991,-71.478888,1.389657433587631
2012-05-28,41.629991,-71.478888,0.257208618160255
2012-05-29,41.629991,-71.478888,0.004910788929088212
2012-05-30,41.629991,-71.478888,3.922440116108502
2012-05-31,41.629991,-71.478888,0.0
2012-06-01,41.629991,-71.478888,0.014931969089367673
2012-06-02,41.629991,-71.478888,9.835146840372644
2012-06-03,41.629991,-71.478888,12.838268957475929
2012-06-04,41.629991,-71.478888,2.268090284341976
2012-06-05,41.629991,-71.478888,2.601273686637464
2012-06-06,41.629991,-71.478888,0.8824075836735612
2012-06-07,41.629991,-71.478888,2.3542218577541174
2012-06-08,41.629991,-71.478888,0.1398112844345047
2012-06-09,41.629991,-71.478888,5.003854916960458
2012-06-10,41.629991,-71.478888,0.05421763920179643
2012-06-11,41.629991,-71.478888,0.0
2012-06-12,41.629991,-71.478888,3.004283982331867
2012-06-13,41.629991,-71.478888,19.159303004213953
2012-06-14,41.629991,-71.478888,0.0
2012-06-15,41.629991,-71.478888,0.0
2012-06-16,41.629991,-71.478888,0.0
2012-06-17,41.629991,-71.478888,0.0
2012-06-18,41.629991,-71.478888,0.0
2012-06-19,41.629991,-71.478888,0.0
2012-06-20,41.629991,-71.478888,0.0
2012-06-21,41.629991,-71.478888,0.0
2012-06-22,41.629991,-71.478888,1.0844748048317925
2012-06-23,41.629991,-71.478888,2.1116533734611824
2012-06-24,41.629991,-71.478888,0.0
2012-06-25,41.629991,-71.478888,39.65632480355098
2012-06-26,41.629991,-71.478888,0.010044169938868534
2012-06-27,41.629991,-71.478888,0.04266162438680081
2012-06-28,41.629991,-71.478888,0.07021424170066166
2012-06-29,41.629991,-71.478888,0.8131748322304831
2012-06-30,41.629991,-71.478888,0.5905979178635306
2012-07-01,41.629991,-71.478888,4.55604677951209
2012-07-02,41.629991,-71.478888,0.0002890228802937335
2012-07-03,41.629991,-71.478888,1.5949497965864978
2012-07-04,41.629991,-71.478888,6.148685745418678
2012-07-05,41.629991,-71.478888,0.02328942206963812
2012-07-06,41.629991,-71.478888,1.1776636742715032
2012-07-07,41.629991,-71.478888,5.111943558844443
2012-07-08,41.629991,-71.478888,0.004046320431781686
2012-07-09,41.629991,-71.478888,0.04966948567433088
2012-07-10,41.629991,-71.478888,0.0
2012-07-11,41.629991,-71.478888,0.006399643894153621
2012-07-12,41.629991,-71.478888,0.012244881815285161
2012-07-13,41.629991,-71.478888,0.09155448649146897
2012-07-14,41.629991,-71.478888,6.963841591883275
2012-07-15,41.629991,-71.478888,2.2546784103110245
2012-07-16,41.629991,-71.478888,5.615214994037409
2012-07-17,41.629991,-71.478888,0.1189268915260143
2012-07-18,41.629991,-71.478888,6.43218934085137
2012-07-19,41.629991,-71.478888,1.468683882942611
2012-07-20,41.629991,-71.478888,16.2246927753712
2012-07-21,41.629991,-71.478888,2.16563774300572
2012-07-22,41.629991,-71.478888,0.0
2012-07-23,41.629991,-71.478888,2.2657760871333243
2012-07-24,41.629991,-71.478888,2.0564845177196647
2012-07-25,41.629991,-71.478888,0.47568165656950906
2012-07-26,41.629991,-71.478888,0.5737204163609685
2012-07-27,41.629991,-71.478888,5.576873338481551
2012-07-28,41.629991,-71.478888,9.389866654783953
2012-07-29,41.629991,-71.478888,7.399973299288173
2012-07-30,41.629991,-71.478888,0.536007526043156
2012-07-31,41.629991,-71.478888,9.939082418059881
2012-08-01,41.629991,-71.478888,4.3593228649579565
2012-08-02,41.629991,-71.478888,3.5430213007796594
2012-08-03,41.629991,-71.478888,0.08863661554961555
2012-08-04,41.629991,-71.478888,0.05748581994131626
2012-08-05,41.629991,-71.478888,1.059324982274095
2012-08-06,41.629991,-71.478888,6.886377827649045
2012-08-07,41.629991,-71.478888,0.5026700504663447
2012-08-08,41.629991,-71.478888,0.7435401585242138
2012-08-09,41.629991,-71.478888,0.0
2012-08-10,41.629991,-71.478888,15.629094370327692
2012-08-11,41.629991,-71.478888,1.5003714706296356
2012-08-12,41.629991,-71.478888,9.247326788522939
2012-08-13,41.629991,-71.478888,0.1137566582215627
2012-08-14,41.629991,-71.478888,0.008532325195214052
2012-08-15,41.629991,-71.478888,5.253442256770655
2012-08-16,41.629991,-71.478888,27.820153154926235
2012-08-17,41.629991,-71.478888,0.0
2012-08-18,41.629991,-71.478888,12.274589453201079
2012-08-19,41.629991,-71.478888,0.11648604225854439
2012-08-20,41.629991,-71.478888,4.211094748374072
2012-08-21,41.629991,-71.478888,1.7025543668341248
2012-08-22,41.629991,-71.478888,0.7065535230952218
2012-08-23,41.629991,-71.478888,0.0
2012-08-24,41.629991,-71.478888,0.7805059917942248
2012-08-25,41.629991,-71.478888,0.6688110076234245
2012-08-26,41.629991,-71.478888,0.02200989988073239
2012-08-27,41.629991,-71.478888,0.19420029093249322
2012-08-28,41.629991,-71.478888,4.987936667691334
2012-08-29,41.629991,-71.478888,0.0
2012-08-30,41.629991,-71.478888,0.0
2012-08-31,41.629991,-71.478888,0.0
2012-09-01,41.629991,-71.478888,0.8394309110286813
2012-09-02,41.629991,-71.478888,0.0
2012-09-03,41.629991,-71.478888,0.0
2012-09-04,41.629991,-71.478888,18.411267329976905
2012-09-05,41.629991,-71.478888,25.01320744516953
2012-09-06,41.629991,-71.478888,0.6728072204241276
2012-09-07,41.629991,-71.478888,0.0
2012-09-08,41.629991,-71.478888,0.0
2012-09-09,41.629991,-71.478888,5.706122971196524
2012-09-10,41.629991,-71.478888,0.0
2012-09-11,41.629991,-71.478888,0.0
2012-09-12,41.629991,-71.478888,0.0
2012-09-13,41.629991,-71.478888,0.0
2012-09-14,41.629991,-71.478888,0.0
2012-09-15,41.629991,-71.478888,0.38201237225129936
2012-09-16,41.629991,-71.478888,0.0
2012-09-17,41.629991,-71.478888,0.0
2012-09-18,41.629991,-71.478888,1.1302190762569608
2012-09-19,41.629991,-71.478888,26.730450310385574
2012-09-20,41.629991,-71.478888,0.0
2012-09-21,41.629991,-71.478888,11.003143480808376
2012-09-22,41.629991,-71.478888,0.0
2012-09-23,41.629991,-71.478888,0.025960778246056276
2012-09-24,41.629991,-71.478888,0.0
2012-09-25,41.629991,-71.478888,0.0
2012-09-26,41.629991,-71.478888,0.21326987547039813
2012-09-27,41.629991,-71.478888,0.12077737131495889
2012-09-28,41.629991,-71.478888,15.149257572696172
2012-09-29,41.629991,-71.478888,10.94563093164841
2012-09-30,41.629991,-71.478888,10.956533970931261
2012-10-01,41.629991,-71.478888,0.06810433244993726
2012-10-02,41.629991,-71.478888,13.313165899212459
2012-10-03,41.629991,-71.478888,1.1341308365025173
2012-10-04,41.629991,-71.478888,2.869842010926807
2012-10-05,41.629991,-71.478888,2.040761838307932
2012-10-06,41.629991,-71.478888,0.2808426999014917
2012-10-07,41.629991,-71.478888,8.588888299963095
2012-10-08,41.629991,-71.478888,1.1904480276757328
2012-10-09,41.629991,-71.478888,16.458241938413938
2012-10-10,41.629991,-71.478888,1.093761122206087
2012-10-11,41.629991,-71.478888,0.0
2012-10-12,41.629991,-71.478888,0.13758590822795913
2012-10-13,41.629991,-71.478888,0.031047390912140104
2012-10-14,41.629991,-71.478888,8.630065809611771
2012-10-15,41.629991,-71.478888,0.2973054772443018
2012-10-16,41.629991,-71.478888,3.740992590749967
2012-10-17,41.629991,-71.478888,0.0
2012-10-18,41.629991,-71.478888,0.034148500672524194
2012-10-19,41.629991,-71.478888,2.76231726944839
2012-10-20,41.629991,-71.478888,18.731760277523197
2012-10-21,41.629991,-71.478888,0.0
2012-10-22,41.629991,-71.478888,0.002310883024397239
2012-10-23,41.629991,-71.478888,0.1620085987373263
2012-10-24,41.629991,-71.478888,4.51493225679248
2012-10-25,41.629991,-71.478888,0.1734906032968255
2012-10-26,41.629991,-71.478888,0.0
2012-10-27,41.629991,-71.478888,0.0
2012-10-28,41.629991,-71.478888,0.2064715252711004
2012-10-29,41.629991,-71.478888,2.478357978520484
2012-10-30,41.629991,-71.478888,7.239891433262979
2012-10-31,41.629991,-71.478888,0.5471989704840046
2012-11-01,41.629991,-71.478888,0.4154592162930302
2012-11-02,41.629991,-71.478888,1.7879634747774509
2012-11-03,41.629991,-71.478888,0.06646119369855817
2012-11-04,41.629991,-71.478888,0.04559667557932623
2012-11-05,41.629991,-71.478888,0.0
2012-11-06,41.629991,-71.478888,0.0
2012-11-07,41.629991,-71.478888,26.805014957356622
2012-11-08,41.629991,-71.478888,4.622031646703398
2012-11-09,41.629991,-71.478888,0.03982071755961024
2012-11-10,41.629991,-71.478888,0.05634156071250242
2012-11-11,41.629991,-71.478888,0.29035091447598776
2012-11-12,41.629991,-71.478888,0.0
2012-11-13,41.629991,-71.478888,1.1744025828973297
2012-11-14,41.629991,-71.478888,0.09173089302045581
2012-11-15,41.629991,-71.478888,0.0
2012-11-16,41.629991,-71.478888,8.79954510170116
2012-11-17,41.629991,-71.478888,0.0
2012-11-18,41.629991,-71.478888,0.0
2012-11-19,41.629991,-71.478888,0.0
2012-11-20,41.629991,-71.478888,0.0061360813350983395
2012-11-21,41.629991,-71.478888,0.009158091351306505
2012-11-22,41.629991,-71.478888,0.0068436583090079875
2012-11-23,41.629991,-71.478888,0.008532325195214052
2012-11-24,41.629991,-71.478888,0.06584225529063269
2012-11-25,41.629991,-71.478888,0.0
2012-11-26,41.629991,-71.478888,0.0
2012-11-27,41.629991,-71.478888,0.5850423265642406
2012-11-28,41.629991,-71.478888,0.06184257629618889
2012-11-29,41.629991,-71.478888,0.0017118770749822414
2012-11-30,41.629991,-71.478888,0.01635642340754214
2012-12-01,41.629991,-71.478888,0.18302451251113
2012-12-02,41.629991,-71.478888,0.36967117495984947
2012-12-03,41.629991,-71.478888,2.558119010433107
2012-12-04,41.629991,-71.478888,0.3519545661241918
2012-12-05,41.629991,-71.478888,0.1506803794913196
2012-12-06,41.629991,-71.478888,0.0
2012-12-07,41.629991,-71.478888,2.7593907106742996
2012-12-08,41.629991,-71.478888,15.089745804767158
2012-12-09,41.629991,-71.478888,1.8376414035068467
2012-12-10,41.629991,-71.478888,21.941647003592323
2012-12-11,41.629991,-71.478888,0.7795323667000607
2012-12-12,41.629991,-71.478888,1.288179353528935
2012-12-13,41.629991,-71.478888,0.07164260706199445
2012-12-14,41.629991,-71.478888,0.007510694833779186
2012-12-15,41.629991,-71.478888,0.025063750211634712
2012-12-16,41.629991,-71.478888,1.1484874305417663
2012-12-17,41.629991,-71.478888,10.656081437490288
2012-12-18,41.629991,-71.478888,18.107101318503336
2012-12-19,41.629991,-71.478888,0.049268911494472885
2012-12-20,41.629991,-71.478888,0.009690016707361318
2012-12-21,41.629991,-71.478888,29.359585219092352
2012-12-22,41.629991,-71.478888,0.04270964634459494
2012-12-23,41.629991,-71.478888,0.0076034557859893295
2012-12-24,41.629991,-71.478888,0.0008670686408812013
2012-12-25,41.629991,-71.478888,2.932878452649752
2012-12-26,41.629991,-71.478888,4.825667134543588
2012-12-27,41.629991,-71.478888,27.516188047016602
2012-12-28,41.629991,-71.478888,0.0
2012-12-29,41.629991,-71.478888,14.79227609961223
2012-12-30,41.629991,-71.478888,6.251521304715245
2012-12-31,41.629991,-71.478888,2.040496865518264
2013-01-01,41.629991,-71.478888,1.4866890242029918
2013-01-02,41.629991,-71.478888,0.16722375105485449
2013-01-03,41.629991,-71.478888,1.2315848809711603
2013-01-04,41.629991,-71.478888,0.02561137285412061
2013-01-05,41.629991,-71.478888,0.0
2013-01-06,41.629991,-71.478888,3.1871630976260685
2013-01-07,41.629991,-71.478888,0.5473121677493317
2013-01-08,41.629991,-71.478888,0.0
2013-01-09,41.629991,-71.478888,1.351782004505103
2013-01-10,41.629991,-71.478888,0.0
2013-01-11,41.629991,-71.478888,0.9698883227574162
2013-01-12,41.629991,-71.478888,6.4059409130948906
2013-01-13,41.629991,-71.478888,0.9154872536948973
2013-01-14,41.629991,-71.478888,3.190217809936916
2013-01-15,41.629991,-71.478888,10.813630170096376
2013-01-16,41.629991,-71.478888,23.85471163984153
2013-01-17,41.629991,-71.478888,1.440199990620231
2013-01-18,41.629991,-71.478888,1.4337480077839113
2013-01-19,41.629991,-71.478888,0.24317989187671354
2013-01-20,41.629991,-71.478888,0.0
2013-01-21,41.629991,-71.478888,0.21773200948316343
2013-01-22,41.629991,-71.478888,0.5479911461040993
2013-01-23,41.629991,-71.478888,0.0
2013-01-24,41.629991,-71.478888,0.0
2013-01-25,41.629991,-71.478888,0.002445564379106656
2013-01-26,41.629991,-71.478888,0.05232929196128628
2013-01-27,41.629991,-71.478888,0.0
2013-01-28,41.629991,-71.478888,3.0357245014559293
2013-01-29,41.629991,-71.478888,0.0
2013-01-30,41.629991,-71.478888,3.085629430463358
2013-01-31,41.629991,-71.478888,12.528198720941944
2013-02-01,41.629991,-71.478888,0.002134281292032762
2013-02-02,41.629991,-71.478888,0.0
2013-02-03,41.629991,-71.478888,0.0
2013-02-04,41.629991,-71.478888,0.0
2013-02-05,41.629991,-71.478888,0.01602963926839976
2013-02-06,41.629991,-71.478888,0.0
2013-02-07,41.629991,-71.478888,0.00995517938990256
2013-02-08,41.629991,-71.478888,80.63638427100796
2013-02-09,41.629991,-71.478888,55.452859861523365
2013-02-10,41.629991,-71.478888,0.0
2013-02-11,41.629991,-71.478888,3.2907250476841843
2013-02-12,41.629991,-71.478888,0.0
2013-02-13,41.629991,-71.478888,0.0
2013-02-14,41.629991,-71.478888,5.612752545779838
2013-02-15,41.629991,-71.478888,0.0
2013-02-16,41.629991,-71.478888,0.033062848973328354
2013-02-17,41.629991,-71.478888,0.7286515031117412
2013-02-18,41.629991,-71.478888,0.0
2013-02-19,41.629991,-71.478888,1.1916294573464987
2013-02-20,41.629991,-71.478888,3.1291058562505767
2013-02-21,41.629991,-71.478888,0.103812355998473
2013-02-22,41.629991,-71.478888,0.0
2013-02-23,41.629991,-71.478888,0.16240126800573196
2013-02-24,41.629991,-71.478888,0.8284955629030674
2013-02-25,41.629991,-71.478888,0.027064650166910686
2013-02-26,41.629991,-71.478888,0.0
2013-02-27,41.629991,-71.478888,12.948898706599575
2013-02-28,41.629991,-71.478888,0.026335462941362485
2013-03-01,41.629991,-71.478888,0.002134281292032762
2013-03-02,41.629991,-71.478888,0.0
2013-03-03,41.629991,-71.478888,0.0
2013-03-04,41.629991,-71.478888,0.02306735025625603
2013-03-05,41.629991,-71.478888,0.0
2013-03-06,41.629991,-71.478888,0.04873875389374435
2013-03-07,41.629991,-71.478888,3.2793164897143052
2013-03-08,41.629991,-71.478888,2.668944687790898
2013-03-09,41.629991,-71.478888,0.3499247226379543
2013-03-10,41.629991,-71.478888,0.0
2013-03-11,41.629991,-71.478888,1.4251958221238583
2013-03-12,41.629991,-71.478888,42.737518259982984
2013-03-13,41.629991,-71.478888,0.0924407247615264
2013-03-14,41.629991,-71.478888,0.0
2013-03-15,41.629991,-71.478888,0.02006600032334207
2013-03-16,41.629991,-71.478888,0.0643266396016039
2013-03-17,41.629991,-71.478888,0.0035571353542076423
2013-03-18,41.629991,-71.478888,0.4973297188504797
2013-03-19,41.629991,-71.478888,6.329659612184654
2013-03-20,41.629991,-71.478888,0.0
2013-03-21,41.629991,-71.478888,0.00993399900610568
2013-03-22,41.629991,-71.478888,0.0
2013-03-23,41.629991,-71.478888,0.0
2013-03-24,41.629991,-71.478888,0.0
2013-03-25,41.629991,-71.478888,0.07998798794841121
2013-03-26,41.629991,-71.478888,0.025201631415775163
2013-03-27,41.629991,-71.478888,0.03293651933092226
2013-03-28,41.629991,-71.478888,0.05506716773118614
2013-03-29,41.629991,-71.478888,0.011533675128128015
2013-03-30,41.629991,-71.478888,0.03200941927476278
2013-03-31,41.629991,-71.478888,0.7263318109812105
2013-04-01,41.629991,-71.478888,1.2126156243513089
2013-04-02,41.629991,-71.478888,0.0
2013-04-03,41.629991,-71.478888,0.0
2013-04-04,41.629991,-71.478888,0.0
2013-04-05,41.629991,-71.478888,0.3952618760329767
2013-04-06,41.629991,-71.478888,0.0
2013-04-07,41.629991,-71.478888,0.008537125168131049
2013-04-08,41.629991,-71.478888,0.010666606487246813
2013-04-09,41.629991,-71.478888,0.40776882225563393
2013-04-10,41.629991,-71.478888,6.60616572324218
2013-04-11,41.629991,-71.478888,4.9999509336530865
2013-04-12,41.629991,-71.478888,9.758001140790089
2013-04-13,41.629991,-71.478888,0.19582337485575513
2013-04-14,41.629991,-71.478888,0.0
2013-04-15,41.629991,-71.478888,0.1128489025581904
2013-04-16,41.629991,-71.478888,0.008292622647562926
2013-04-17,41.629991,-71.478888,0.6002857651222692
2013-04-18,41.629991,-71.478888,0.0
2013-04-19,41.629991,-71.478888,0.0
2013-04-20,41.629991,-71.478888,15.583544798077014
2013-04-21,41.629991,-71.478888,0.0
2013-04-22,41.629991,-71.478888,0.23908502876040388
2013-04-23,41.629991,-71.478888,7.37437782493029
2013-04-24,41.629991,-71.478888,3.4925773517313665
2013-04-25,41.629991,-71.478888,0.49422835692732653
2013-04-26,41.629991,-71.478888,0.0
2013-04-27,41.629991,-71.478888,0.006402843743584659
2013-04-28,41.629991,-71.478888,0.010777207234016631
2013-04-29,41.629991,-71.478888,0.0
2013-04-30,41.629991,-71.478888,0.0025782957068871274
2013-05-01,41.629991,-71.478888,0.0
2013-05-02,41.629991,-71.478888,0.002844108398404684
2013-05-03,41.629991,-71.478888,0.0
2013-05-04,41.629991,-71.478888,0.004979989813923405
2013-05-05,41.629991,-71.478888,0.0
2013-05-06,41.629991,-71.478888,0.0
2013-05-07,41.629991,-71.478888,0.0
2013-05-08,41.629991,-71.478888,0.42636014716184184
2013-05-09,41.629991,-71.478888,6.134226119233444
2013-05-10,41.629991,-71.478888,0.2671600953766713
2013-05-11,41.629991,-71.478888,19.9631798260043
2013-05-12,41.629991,-71.478888,11.943595988911248
2013-05-13,41.629991,-71.478888,0.002311533033373554
2013-05-14,41.629991,-71.478888,0.0050022497018416025
2013-05-15,41.629991,-71.478888,3.1691133749732394
2013-05-16,41.629991,-71.478888,0.014157570802748425
2013-05-17,41.629991,-71.478888,0.0
2013-05-18,41.629991,-71.478888,1.0520957791669652
2013-05-19,41.629991,-71.478888,7.247575266635002
2013-05-20,41.629991,-71.478888,0.18931710145884362
2013-05-21,41.629991,-71.478888,4.315255905425284
2013-05-22,41.629991,-71.478888,0.89886539892747
2013-05-23,41.629991,-71.478888,0.12346445617411964
2013-05-24,41.629991,-71.478888,24.678601290143025
2013-05-25,41.629991,-71.478888,2.3779171924825704
2013-05-26,41.629991,-71.478888,0.09714645728450422
2013-05-27,41.629991,-71.478888,0.0
2013-05-28,41.629991,-71.478888,0.4677403322601987
2013-05-29,41.629991,-71.478888,7.130604743441238
2013-05-30,41.629991,-71.478888,9.265061313582851
2013-05-31,41.629991,-71.478888,0.0
2013-06-01,41.629991,-71.478888,0.0
2013-06-02,41.629991,-71.478888,0.0
2013-06-03,41.629991,-71.478888,27.833711618054146
2013-06-04,41.629991,-71.478888,0.14151177024315856
2013-06-05,41.629991,-71.478888,0.1507489424037702
2013-06-06,41.629991,-71.478888,0.6909650354318275
2013-06-07,41.629991,-71.478888,58.50342258814359
2013-06-08,41.629991,-71.478888,7.731388489736933
2013-06-09,41.629991,-71.478888,0.0
2013-06-10,41.629991,-71.478888,22.2880488743298
2013-06-11,41.629991,-71.478888,40.74943647036367
2013-06-12,41.629991,-71.478888,0.008532325195214052
2013-06-13,41.629991,-71.478888,9.146738205760835
2013-06-14,41.629991,-71.478888,13.788977499608226
2013-06-15,41.629991,-71.478888,0.0
2013-06-16,41.629991,-71.478888,1.1675511973826382
2013-06-17,41.629991,-71.478888,0.1607997044973071
2013-06-18,41.629991,-71.478888,7.9419138439890435
2013-06-19,41.629991,-71.478888,13.397231614947005
2013-06-20,41.629991,-71.478888,0.0
2013-06-21,41.629991,-71.478888,0.0
2013-06-22,41.629991,-71.478888,0.0
2013-06-23,41.629991,-71.478888,0.07928051032214417
2013-06-24,41.629991,-71.478888,0.3057789984759918
2013-06-25,41.629991,-71.478888,0.5213088192023302
2013-06-26,41.629991,-71.478888,4.890054462911031
2013-06-27,41.629991,-71.478888,1.2666111793414703
2013-06-28,41.629991,-71.478888,7.396867715743285
2013-06-29,41.629991,-71.478888,4.377642671966933
2013-06-30,41.629991,-71.478888,4.518831285392164
2013-07-01,41.629991,-71.478888,3.610305350663359
2013-07-02,41.629991,-71.478888,3.3669193040290115
2013-07-03,41.629991,-71.478888,2.2237324919209263
2013-07-04,41.629991,-71.478888,0.03590695896100249
2013-07-05,41.629991,-71.478888,0.0
2013-07-06,41.629991,-71.478888,0.1497650795917515
2013-07-07,41.629991,-71.478888,0.07546164328639443
2013-07-08,41.629991,-71.478888,0.413507453758494
2013-07-09,41.629991,-71.478888,5.282717297166732
2013-07-10,41.629991,-71.478888,0.3758034335306938
2013-07-11,41.629991,-71.478888,13.626665713669977
2013-07-12,41.629991,-71.478888,0.7336754112755557
2013-07-13,41.629991,-71.478888,1.3998009990346112
2013-07-14,41.629991,-71.478888,0.37790218224818367
2013-07-15,41.629991,-71.478888,0.11190685020653654
2013-07-16,41.629991,-71.478888,0.0
2013-07-17,41.629991,-71.478888,0.0
2013-07-18,41.629991,-71.478888,0.19171209438122733
2013-07-19,41.629991,-71.478888,0.002134281292032762
2013-07-20,41.629991,-71.478888,0.43069868638784836
2013-07-21,41.629991,-71.478888,2.960003739453787
2013-07-22,41.629991,-71.478888,1.0356588760874987
2013-07-23,41.629991,-71.478888,6.663208491001812
2013-07-24,41.629991,-71.478888,0.7516200370858593
2013-07-25,41.629991,-71.478888,13.397312437823356
2013-07-26,41.629991,-71.478888,19.076795834674133
2013-07-27,41.629991,-71.478888,0.5084048379583193
2013-07-28,41.629991,-71.478888,1.4110405719163377
2013-07-29,41.629991,-71.478888,1.269180846689576
2013-07-30,41.629991,-71.478888,0.0
2013-07-31,41.629991,-71.478888,0.0320142192479778
2013-08-01,41.629991,-71.478888,2.829932284170095
2013-08-02,41.629991,-71.478888,9.576348737762633
2013-08-03,41.629991,-71.478888,5.756971983452792
2013-08-04,41.629991,-71.478888,0.05750968516480087
2013-08-05,41.629991,-71.478888,0.029958938364467794
2013-08-06,41.629991,-71.478888,0.0002890228802937335
2013-08-07,41.629991,-71.478888,0.0
2013-08-08,41.629991,-71.478888,1.1924629009567695
2013-08-09,41.629991,-71.478888,17.61722763510551
2013-08-10,41.629991,-71.478888,0.24841211737051863
2013-08-11,41.629991,-71.478888,0.0
2013-08-12,41.629991,-71.478888,0.37890013385571725
2013-08-13,41.629991,-71.478888,13.188146119360258
2013-08-14,41.629991,-71.478888,0.3568287151890557
2013-08-15,41.629991,-71.478888,0.0
2013-08-16,41.629991,-71.478888,0.0
2013-08-17,41.629991,-71.478888,0.21627216847242767
2013-08-18,41.629991,-71.478888,4.503090333703475
2013-08-19,41.629991,-71.478888,3.281073801159237
2013-08-20,41.629991,-71.478888,1.7862021030121393
2013-08-21,41.629991,-71.478888,0.0
2013-08-22,41.629991,-71.478888,8.932340313077432
2013-08-23,41.629991,-71.478888,0.6766602726240423
2013-08-24,41.629991,-71.478888,0.0002890228802937335
2013-08-25,41.629991,-71.478888,0.0
2013-08-26,41.629991,-71.478888,1.97832782570309
2013-08-27,41.629991,-71.478888,24.0572011117546
2013-08-28,41.629991,-71.478888,0.0
2013-08-29,41.629991,-71.478888,0.18040253902543157
2013-08-30,41.629991,-71.478888,0.01617683096453923
2013-08-31,41.629991,-71.478888,1.0124829763179717
2013-09-01,41.629991,-71.478888,18.67642294794607
2013-09-02,41.629991,-71.478888,12.305003266768459
2013-09-03,41.629991,-71.478888,23.709136333507505
2013-09-04,41.629991,-71.478888,0.6892508907330004
2013-09-05,41.629991,-71.478888,0.36635195890114053
2013-09-06,41.629991,-71.478888,0.13900694317770002
2013-09-07,41.629991,-71.478888,0.03537373199772559
2013-09-08,41.629991,-71.478888,0.681370256582188
2013-09-09,41.629991,-71.478888,0.7278798646079984
2013-09-10,41.629991,-71.478888,0.5679220994054892
2013-09-11,41.629991,-71.478888,0.014512765384018297
2013-09-12,41.629991,-71.478888,0.010932199199012779
2013-09-13,41.629991,-71.478888,7.238794830028584
2013-09-14,41.629991,-71.478888,0.0
2013-09-15,41.629991,-71.478888,0.01637803334031873
2013-09-16,41.629991,-71.478888,2.593290432279832
2013-09-17,41.629991,-71.478888,0.0
2013-09-18,41.629991,-71.478888,0.0
2013-09-19,41.629991,-71.478888,0.0
2013-09-20,41.629991,-71.478888,0.0
2013-09-21,41.629991,-71.478888,0.0
2013-09-22,41.629991,-71.478888,13.528817141566162
2013-09-23,41.629991,-71.478888,0.0
2013-09-24,41.629991,-71.478888,0.0
2013-09-25,41.629991,-71.478888,0.0026012058688088934
2013-09-26,41.629991,-71.478888,0.0
2013-09-27,41.629991,-71.478888,0.0
2013-09-28,41.629991,-71.478888,0.0
2013-09-29,41.629991,-71.478888,0.0
2013-09-30,41.629991,-71.478888,0.0
2013-10-01,41.629991,-71.478888,0.0
2013-10-02,41.629991,-71.478888,0.0
2013-10-03,41.629991,-71.478888,0.0
2013-10-04,41.629991,-71.478888,0.10485580288231361
2013-10-05,41.629991,-71.478888,3.393508251796065
2013-10-06,41.629991,-71.478888,2.098269352665877
2013-10-07,41.629991,-71.478888,0.0
2013-10-08,41.629991,-71.478888,0.25367752029551427
2013-10-09,41.629991,-71.478888,0.0
2013-10-10,41.629991,-71.478888,1.6174529582318995
2013-10-11,41.629991,-71.478888,0.22064062546940558
2013-10-12,41.629991,-71.478888,0.6417690357167551
2013-10-13,41.629991,-71.478888,0.0
2013-10-14,41.629991,-71.478888,0.0
2013-10-15,41.629991,-71.478888,0.0
2013-10-16,41.629991,-71.478888,0.33542315202016904
2013-10-17,41.629991,-71.478888,0.5382875141764124
2013-10-18,41.629991,-71.478888,0.0039995499106033035
2013-10-19,41.629991,-71.478888,0.4728085975814158
2013-10-20,41.629991,-71.478888,2.584069637320036
2013-10-21,41.629991,-71.478888,0.003555535495748938
2013-10-22,41.629991,-71.478888,0.0
2013-10-23,41.629991,-71.478888,2.4765078510134355
2013-10-24,41.629991,-71.478888,0.005202411737617787
2013-10-25,41.629991,-71.478888,0.0
2013-10-26,41.629991,-71.478888,0.0
2013-10-27,41.629991,-71.478888,0.05911014749072847
2013-10-28,41.629991,-71.478888,0.027555084611586022
2013-10-29,41.629991,-71.478888,0.0
2013-10-30,41.629991,-71.478888,0.7666604087575235
2013-10-31,41.629991,-71.478888,1.9538692593367184
2013-11-01,41.629991,-71.478888,8.041605974077447
2013-11-02,41.629991,-71.478888,0.2754135295000726
2013-11-03,41.629991,-71.478888,3.9322020616879865
2013-11-04,41.629991,-71.478888,0.0
2013-11-05,41.629991,-71.478888,0.0002890228802937335
2013-11-06,41.629991,-71.478888,0.27590647057261125
2013-11-07,41.629991,-71.478888,22.67573804897605
2013-11-08,41.629991,-71.478888,0.007999099821206607
2013-11-09,41.629991,-71.478888,0.06458156617545324
2013-11-10,41.629991,-71.478888,0.11720577886604995
2013-11-11,41.629991,-71.478888,0.011293972766825222
2013-11-12,41.629991,-71.478888,6.236173498519744
2013-11-13,41.629991,-71.478888,0.07592756595148381
2013-11-14,41.629991,-71.478888,0.0
2013-11-15,41.629991,-71.478888,0.004268562584065524
2013-11-16,41.629991,-71.478888,0.3781543051013981
2013-11-17,41.629991,-71.478888,0.598429303592148
2013-11-18,41.629991,-71.478888,6.027636382050002
2013-11-19,41.629991,-71.478888,0.0
2013-11-20,41.629991,-71.478888,0.0
2013-11-21,41.629991,-71.478888,0.0
2013-11-22,41.629991,-71.478888,2.9027481803039916
2013-11-23,41.629991,-71.478888,1.5294610427397661
2013-11-24,41.629991,-71.478888,0.0017341372817624027
2013-11-25,41.629991,-71.478888,0.0
2013-11-26,41.629991,-71.478888,8.978298375744588
2013-11-27,41.629991,-71.478888,58.74319151613607
2013-11-28,41.629991,-71.478888,0.6686012349163398
2013-11-29,41.629991,-71.478888,0.025609772864638395
2013-11-30,41.629991,-71.478888,0.0
2013-12-01,41.629991,-71.478888,0.2323076132942662
2013-12-02,41.629991,-71.478888,0.007111070991497876
2013-12-03,41.629991,-71.478888,0.01848750458511661
2013-12-04,41.629991,-71.478888,0.017271211330580648
2013-12-05,41.629991,-71.478888,1.1212335763924774
2013-12-06,41.629991,-71.478888,12.045672439293437
2013-12-07,41.629991,-71.478888,27.814836788722086
2013-12-08,41.629991,-71.478888,0.3380079673503851
2013-12-09,41.629991,-71.478888,0.1597650125651445
2013-12-10,41.629991,-71.478888,4.859253929695963
2013-12-11,41.629991,-71.478888,0.027431953999756016
2013-12-12,41.629991,-71.478888,0.0
2013-12-13,41.629991,-71.478888,0.03008963956450286
2013-12-14,41.629991,-71.478888,0.41914526504668925
2013-12-15,41.629991,-71.478888,10.061363705480783
2013-12-16,41.629991,-71.478888,0.02256248321286479
2013-12-17,41.629991,-71.478888,1.1712780022385156
2013-12-18,41.629991,-71.478888,0.0603627217027069
2013-12-19,41.629991,-71.478888,0.21395479289412184
2013-12-20,41.629991,-71.478888,1.0401800837385833
2013-12-21,41.629991,-71.478888,1.7836882435512997
2013-12-22,41.629991,-71.478888,3.295816921866859
2013-12-23,41.629991,-71.478888,29.400506512973063
2013-12-24,41.629991,-71.478888,2.399742122059067
2013-12-25,41.629991,-71.478888,1.4628750156037509
2013-12-26,41.629991,-71.478888,0.02995933054558933
2013-12-27,41.629991,-71.478888,0.0
2013-12-28,41.629991,-71.478888,0.24580015946816605
2013-12-29,41.629991,-71.478888,27.261028080596393
2013-12-30,41.629991,-71.478888,0.40744251442990453
2013-12-31,41.629991,-71.478888,0.0
2014-01-01,41.629991,-71.478888,0.07625626609786738
2014-01-02,41.629991,-71.478888,0.15369734329838158
2014-01-03,41.629991,-71.478888,4.543459545194779
2014-01-04,41.629991,-71.478888,0.27481759753394214
2014-01-05,41.629991,-71.478888,0.2116684357079454
2014-01-06,41.629991,-71.478888,6.313320007611725
2014-01-07,41.629991,-71.478888,0.25370353510047894
2014-01-08,41.629991,-71.478888,0.0
2014-01-09,41.629991,-71.478888,0.003466324536595858
2014-01-10,41.629991,-71.478888,0.2673582106447403
2014-01-11,41.629991,-71.478888,12.697694640174557
2014-01-12,41.629991,-71.478888,17.780392024816834
2014-01-13,41.629991,-71.478888,0.0767909230486311
2014-01-14,41.629991,-71.478888,61.48159138427789
2014-01-15,41.629991,-71.478888,2.4054890322994904
2014-01-16,41.629991,-71.478888,3.0937082283923316
2014-01-17,41.629991,-71.478888,0.012094261052393196
2014-01-18,41.629991,-71.478888,1.7751405359470414
2014-01-19,41.629991,-71.478888,0.02510011163544771
2014-01-20,41.629991,-71.478888,0.13653160304306988
2014-01-21,41.629991,-71.478888,0.024655446549048898
2014-01-22,41.629991,-71.478888,0.029871198201074124
2014-01-23,41.629991,-71.478888,0.0
2014-01-24,41.629991,-71.478888,0.0
2014-01-25,41.629991,-71.478888,1.113200828925866
2014-01-26,41.629991,-71.478888,0.1082364360715656
2014-01-27,41.629991,-71.478888,0.6687439412855496
2014-01-28,41.629991,-71.478888,0.02731863263845188
2014-01-29,41.629991,-71.478888,0.03257018557946996
2014-01-30,41.629991,-71.478888,0.0
2014-01-31,41.629991,-71.478888,5.421423256659445
2014-02-01,41.629991,-71.478888,0.05935305187059575
2014-02-02,41.629991,-71.478888,0.11439549085637556
2014-02-03,41.629991,-71.478888,12.804606287583033
2014-02-04,41.629991,-71.478888,0.0
2014-02-05,41.629991,-71.478888,21.04389475097183
2014-02-06,41.629991,-71.478888,0.0008670686408812013
2014-02-07,41.629991,-71.478888,0.02310882938310136
2014-02-08,41.629991,-71.478888,0.0
2014-02-09,41.629991,-71.478888,0.023988900840925233
2014-02-10,41.629991,-71.478888,1.995356638158074
2014-02-11,41.629991,-71.478888,0.0
2014-02-12,41.629991,-71.478888,0.0
2014-02-13,41.629991,-71.478888,50.31889551514343
2014-02-14,41.629991,-71.478888,14.313315074862148
2014-02-15,41.629991,-71.478888,7.360826276058402
2014-02-16,41.629991,-71.478888,2.1422763403386416
2014-02-17,41.629991,-71.478888,0.0
2014-02-18,41.629991,-71.478888,0.5715299494156074
2014-02-19,41.629991,-71.478888,5.522444268463965
2014-02-20,41.629991,-71.478888,0.7438262233167297
2014-02-21,41.629991,-71.478888,17.903109041778922
2014-02-22,41.629991,-71.478888,0.10598987845488103
2014-02-23,41.629991,-71.478888,0.0
2014-02-24,41.629991,-71.478888,0.10368389875842857
2014-02-25,41.629991,-71.478888,1.5358185965902813
2014-02-26,41.629991,-71.478888,0.000711427097344254
2014-02-27,41.629991,-71.478888,0.0
2014-02-28,41.629991,-71.478888,0.0
2014-03-01,41.629991,-71.478888,0.0
2014-03-02,41.629991,-71.478888,0.16165223167476728
2014-03-03,41.629991,-71.478888,1.941017522251287
2014-03-04,41.629991,-71.478888,0.03199639928482643
2014-03-05,41.629991,-71.478888,0.0
2014-03-06,41.629991,-71.478888,0.0
2014-03-07,41.629991,-71.478888,0.003423754149964483
2014-03-08,41.629991,-71.478888,0.016245302198886594
2014-03-09,41.629991,-71.478888,0.3378800258513945
2014-03-10,41.629991,-71.478888,2.1267157397395824
2014-03-11,41.629991,-71.478888,0.0
2014-03-12,41.629991,-71.478888,7.9617386580599785
2014-03-13,41.629991,-71.478888,3.764835989320661
2014-03-14,41.629991,-71.478888,0.0
2014-03-15,41.629991,-71.478888,0.9444623027399202
2014-03-16,41.629991,-71.478888,0.0
2014-03-17,41.629991,-71.478888,6.330057528854602
2014-03-18,41.629991,-71.478888,0.0
2014-03-19,41.629991,-71.478888,0.0
2014-03-20,41.629991,-71.478888,4.185067858955939
2014-03-21,41.629991,-71.478888,0.0
2014-03-22,41.629991,-71.478888,0.03717801001311659
2014-03-23,41.629991,-71.478888,0.04606722771713128
2014-03-24,41.629991,-71.478888,0.10400598589221133
2014-03-25,41.629991,-71.478888,4.938138591031798
2014-03-26,41.629991,-71.478888,4.429544568115879
2014-03-27,41.629991,-71.478888,0.0
2014-03-28,41.629991,-71.478888,1.784012941933864
2014-03-29,41.629991,-71.478888,32.81509669572159
2014-03-30,41.629991,-71.478888,84.99946643895646
2014-03-31,41.629991,-71.478888,0.37723602862239414
2014-04-01,41.629991,-71.478888,0.0
2014-04-02,41.629991,-71.478888,0.37228941425754664
2014-04-03,41.629991,-71.478888,0.0
2014-04-04,41.629991,-71.478888,0.29237906559385324
2014-04-05,41.629991,-71.478888,3.714682123326094
2014-04-06,41.629991,-71.478888,0.0
2014-04-07,41.629991,-71.478888,2.291313206779787
2014-04-08,41.629991,-71.478888,16.993763736454866
2014-04-09,41.629991,-71.478888,0.007268311863737046
2014-04-10,41.629991,-71.478888,0.0
2014-04-11,41.629991,-71.478888,0.42617651717031463
2014-04-12,41.629991,-71.478888,0.4814651977367345
2014-04-13,41.629991,-71.478888,0.17996645194530006
2014-04-14,41.629991,-71.478888,0.020532924953952907
2014-04-15,41.629991,-71.478888,17.43053582242373
2014-04-16,41.629991,-71.478888,34.79990675459925
2014-04-17,41.629991,-71.478888,0.0
2014-04-18,41.629991,-71.478888,0.0
2014-04-19,41.629991,-71.478888,0.15694053367495767
2014-04-20,41.629991,-71.478888,0.0
2014-04-21,41.629991,-71.478888,0.0
2014-04-22,41.629991,-71.478888,0.007511344519868325
2014-04-23,41.629991,-71.478888,5.743998779040829
2014-04-24,41.629991,-71.478888,0.0
2014-04-25,41.629991,-71.478888,0.004557585464359259
2014-04-26,41.629991,-71.478888,10.4241712583981
2014-04-27,41.629991,-71.478888,0.004001149901575635
2014-04-28,41.629991,-71.478888,0.0
2014-04-29,41.629991,-71.478888,0.05235903166926975
2014-04-30,41.629991,-71.478888,43.25717585192092
2014-05-01,41.629991,-71.478888,32.127449589037724
2014-05-02,41.629991,-71.478888,0.08560440557435964
2014-05-03,41.629991,-71.478888,0.0
2014-05-04,41.629991,-71.478888,0.03599594845045549
2014-05-05,41.629991,-71.478888,0.03199981879947033
2014-05-06,41.629991,-71.478888,0.0
2014-05-07,41.629991,-71.478888,0.6803309038855792
2014-05-08,41.629991,-71.478888,0.14385388355755974
2014-05-09,41.629991,-71.478888,0.436227670208857
2014-05-10,41.629991,-71.478888,2.1007148851325264
2014-05-11,41.629991,-71.478888,6.947362723896031
2014-05-12,41.629991,-71.478888,0.01990875931858927
2014-05-13,41.629991,-71.478888,0.29774594670283266
2014-05-14,41.629991,-71.478888,0.4770185102749704
2014-05-15,41.629991,-71.478888,0.0
2014-05-16,41.629991,-71.478888,0.06785501054681803
2014-05-17,41.629991,-71.478888,16.758856974236142
2014-05-18,41.629991,-71.478888,0.0
2014-05-19,41.629991,-71.478888,0.0
2014-05-20,41.629991,-71.478888,1.6197517744876044
2014-05-21,41.629991,-71.478888,0.04550573437447494
2014-05-22,41.629991,-71.478888,9.595774019525198
2014-05-23,41.629991,-71.478888,0.047670565357792134
2014-05-24,41.629991,-71.478888,0.24043961102433994
2014-05-25,41.629991,-71.478888,0.28816188355025757
2014-05-26,41.629991,-71.478888,1.934209325939042
2014-05-27,41.629991,-71.478888,0.34984063716300895
2014-05-28,41.629991,-71.478888,1.1061444194480643
2014-05-29,41.629991,-71.478888,0.0
2014-05-30,41.629991,-71.478888,0.000578045760587467
2014-05-31,41.629991,-71.478888,2.253995183741795
2014-06-01,41.629991,-71.478888,0.0
2014-06-02,41.629991,-71.478888,0.0
2014-06-03,41.629991,-71.478888,0.0
2014-06-04,41.629991,-71.478888,0.7375165264570982
2014-06-05,41.629991,-71.478888,5.727820922217276
2014-06-06,41.629991,-71.478888,0.0
2014-06-07,41.629991,-71.478888,0.0
2014-06-08,41.629991,-71.478888,0.3574751655387345
2014-06-09,41.629991,-71.478888,3.7255038820000506
2014-06-10,41.629991,-71.478888,4.874745924456483
2014-06-11,41.629991,-71.478888,1.8020951190204966
2014-06-12,41.629991,-71.478888,1.286279807549169
2014-06-13,41.629991,-71.478888,8.836005052695224
2014-06-14,41.629991,-71.478888,0.5091124494487438
2014-06-15,41.629991,-71.478888,0.000711427097344254
2014-06-16,41.629991,-71.478888,0.0
2014-06-17,41.629991,-71.478888,0.000578045760587467
2014-06-18,41.629991,-71.478888,0.06033298420588673
2014-06-19,41.629991,-71.478888,9.33438941005421
2014-06-20,41.629991,-71.478888,0.0
2014-06-21,41.629991,-71.478888,0.0
2014-06-22,41.629991,-71.478888,0.024264273262695313
2014-06-23,41.629991,-71.478888,0.0
2014-06-24,41.629991,-71.478888,0.13126132866212245
2014-06-25,41.629991,-71.478888,0.5604019802277946
2014-06-26,41.629991,-71.478888,7.274495686089931
2014-06-27,41.629991,-71.478888,0.0
2014-06-28,41.629991,-71.478888,0.0
2014-06-29,41.629991,-71.478888,0.0014444643924923532
2014-06-30,41.629991,-71.478888,0.053593825175083036
2014-07-01,41.629991,-71.478888,0.07110271154938655
2014-07-02,41.629991,-71.478888,0.0022899228355697087
2014-07-03,41.629991,-71.478888,0.008532325195214052
2014-07-04,41.629991,-71.478888,61.43872738843207
2014-07-05,41.629991,-71.478888,5.259773106088453
2014-07-06,41.629991,-71.478888,0.0
2014-07-07,41.629991,-71.478888,0.017874718442929035
2014-07-08,41.629991,-71.478888,0.17209950540974564
2014-07-09,41.629991,-71.478888,0.1273121872942754
2014-07-10,41.629991,-71.478888,5.6430084441062265
2014-07-11,41.629991,-71.478888,5.821846284130155
2014-07-12,41.629991,-71.478888,0.0
2014-07-13,41.629991,-71.478888,0.024404193605951727
2014-07-14,41.629991,-71.478888,3.869726775616826
2014-07-15,41.629991,-71.478888,4.033818406710125
2014-07-16,41.629991,-71.478888,19.932736543444225
2014-07-17,41.629991,-71.478888,3.774068583509992
2014-07-18,41.629991,-71.478888,0.0
2014-07-19,41.629991,-71.478888,1.841179112990521
2014-07-20,41.629991,-71.478888,3.6647621163141886
2014-07-21,41.629991,-71.478888,0.0
2014-07-22,41.629991,-71.478888,0.0
2014-07-23,41.629991,-71.478888,0.0
2014-07-24,41.629991,-71.478888,0.796527430833448
2014-07-25,41.629991,-71.478888,0.0
2014-07-26,41.629991,-71.478888,2.693895213335873
2014-07-27,41.629991,-71.478888,0.8683149397221912
2014-07-28,41.629991,-71.478888,4.027342098984536
2014-07-29,41.629991,-71.478888,0.0
2014-07-30,41.629991,-71.478888,0.0
2014-07-31,41.629991,-71.478888,0.0
2014-08-01,41.629991,-71.478888,0.7262032881830761
2014-08-02,41.629991,-71.478888,43.4037672211848
2014-08-03,41.629991,-71.478888,4.740171435480009
2014-08-04,41.629991,-71.478888,0.17029119744932839
2014-08-05,41.629991,-71.478888,0.0
2014-08-06,41.629991,-71.478888,0.10047298178535738
2014-08-07,41.629991,-71.478888,2.307383240901977
2014-08-08,41.629991,-71.478888,0.0
2014-08-09,41.629991,-71.478888,0.0
2014-08-10,41.629991,-71.478888,0.0
2014-08-11,41.629991,-71.478888,0.0
2014-08-12,41.629991,-71.478888,0.5599632972838435
2014-08-13,41.629991,-71.478888,25.74033073698824
2014-08-14,41.629991,-71.478888,0.0
2014-08-15,41.629991,-71.478888,0.0
2014-08-16,41.629991,-71.478888,0.42296085979676507
2014-08-17,41.629991,-71.478888,1.9762903349027388
2014-08-18,41.629991,-71.478888,0.0
2014-08-19,41.629991,-71.478888,0.0
2014-08-20,41.629991,-71.478888,0.0
2014-08-21,41.629991,-71.478888,0.7467154100712246
2014-08-22,41.629991,-71.478888,3.3896287937198206
2014-08-23,41.629991,-71.478888,0.9825049590907347
2014-08-24,41.629991,-71.478888,0.0
2014-08-25,41.629991,-71.478888,0.0
2014-08-26,41.629991,-71.478888,0.0
2014-08-27,41.629991,-71.478888,0.0
2014-08-28,41.629991,-71.478888,0.014220541462266938
2014-08-29,41.629991,-71.478888,0.0
2014-08-30,41.629991,-71.478888,0.0
2014-08-31,41.629991,-71.478888,2.7069837861279265
2014-09-01,41.629991,-71.478888,2.449071953347058
2014-09-02,41.629991,-71.478888,0.0033113330020352275
2014-09-03,41.629991,-71.478888,0.008532325195214052
2014-09-04,41.629991,-71.478888,0.0
2014-09-05,41.629991,-71.478888,0.0
2014-09-06,41.629991,-71.478888,0.004290822737010975
2014-09-07,41.629991,-71.478888,1.4794371351536921
2014-09-08,41.629991,-71.478888,0.07892635887854833
2014-09-09,41.629991,-71.478888,1.1248794962582436
2014-09-10,41.629991,-71.478888,0.0
2014-09-11,41.629991,-71.478888,0.06404073627116173
2014-09-12,41.629991,-71.478888,0.0
2014-09-13,41.629991,-71.478888,4.95557100194325
2014-09-14,41.629991,-71.478888,0.6739082478050744
2014-09-15,41.629991,-71.478888,0.0
2014-09-16,41.629991,-71.478888,0.06507500037724034
2014-09-17,41.629991,-71.478888,0.0
2014-09-18,41.629991,-71.478888,0.0
2014-09-19,41.629991,-71.478888,0.017066249851643952
2014-09-20,41.629991,-71.478888,0.0
2014-09-21,41.629991,-71.478888,2.271580652230709
2014-09-22,41.629991,-71.478888,0.20347921218525417
2014-09-23,41.629991,-71.478888,0.010666606487246813
2014-09-24,41.629991,-71.478888,0.017776076958015877
2014-09-25,41.629991,-71.478888,6.992895941694995
2014-09-26,41.629991,-71.478888,2.790489666840677
2014-09-27,41.629991,-71.478888,0.0
2014-09-28,41.629991,-71.478888,0.0
2014-09-29,41.629991,-71.478888,1.0629243399708144
2014-09-30,41.629991,-71.478888,8.193701481385387
2014-10-01,41.629991,-71.478888,15.466547939985578
2014-10-02,41.629991,-71.478888,1.2461878274664635
2014-10-03,41.629991,-71.478888,0.06542089365695354
2014-10-04,41.629991,-71.478888,2.5476310547524883
2014-10-05,41.629991,-71.478888,0.0
2014-10-06,41.629991,-71.478888,0.0
2014-10-07,41.629991,-71.478888,0.05517390866032067
2014-10-08,41.629991,-71.478888,6.791357079532418
2014-10-09,41.629991,-71.478888,0.0
2014-10-10,41.629991,-71.478888,0.06813603002543173
2014-10-11,41.629991,-71.478888,18.278983791984807
2014-10-12,41.629991,-71.478888,0.0
2014-10-13,41.629991,-71.478888,0.0
2014-10-14,41.629991,-71.478888,0.0
2014-10-15,41.629991,-71.478888,0.0
2014-10-16,41.629991,-71.478888,28.194899348295465
2014-10-17,41.629991,-71.478888,9.060119628914576
2014-10-18,41.629991,-71.478888,0.052528095359905144
2014-10-19,41.629991,-71.478888,0.0
2014-10-20,41.629991,-71.478888,0.0
2014-10-21,41.629991,-71.478888,0.15827459865664678
2014-10-22,41.629991,-71.478888,21.362332733387234
2014-10-23,41.629991,-71.478888,13.061983450512098
2014-10-24,41.629991,-71.478888,0.11598810872927964
2014-10-25,41.629991,-71.478888,0.12269638234082555
2014-10-26,41.629991,-71.478888,0.019065550345704077
2014-10-27,41.629991,-71.478888,0.0
2014-10-28,41.629991,-71.478888,0.0
2014-10-29,41.629991,-71.478888,1.4056770564666676
2014-10-30,41.629991,-71.478888,0.6849242496656258
2014-10-31,41.629991,-71.478888,0.10268846855621741
2014-11-01,41.629991,-71.478888,14.645782691485003
2014-11-02,41.629991,-71.478888,8.607859100554254
2014-11-03,41.629991,-71.478888,0.0
2014-11-04,41.629991,-71.478888,0.0
2014-11-05,41.629991,-71.478888,0.07157174410334706
2014-11-06,41.629991,-71.478888,13.10545206871409
2014-11-07,41.629991,-71.478888,9.272562011289025
2014-11-08,41.629991,-71.478888,0.0
2014-11-09,41.629991,-71.478888,0.03880488869846352
2014-11-10,41.629991,-71.478888,0.0
2014-11-11,41.629991,-71.478888,0.0
2014-11-12,41.629991,-71.478888,0.0
2014-11-13,41.629991,-71.478888,0.09965962694029179
2014-11-14,41.629991,-71.478888,6.187224021088206
2014-11-15,41.629991,-71.478888,0.0
2014-11-16,41.629991,-71.478888,0.03752596569376398
2014-11-17,41.629991,-71.478888,34.0208043327059
2014-11-18,41.629991,-71.478888,1.6537297239654123
2014-11-19,41.629991,-71.478888,0.0014451143476339602
2014-11-20,41.629991,-71.478888,0.005556435451024913
2014-11-21,41.629991,-71.478888,0.00577720734577534
2014-11-22,41.629991,-71.478888,0.002844108398404684
2014-11-23,41.629991,-71.478888,0.33131704668347983
2014-11-24,41.629991,-71.478888,15.514095649286284
2014-11-25,41.629991,-71.478888,2.366789659876843
2014-11-26,41.629991,-71.478888,49.19833957098245
2014-11-27,41.629991,-71.478888,3.5341928238191542
2014-11-28,41.629991,-71.478888,0.0
2014-11-29,41.629991,-71.478888,0.0
2014-11-30,41.629991,-71.478888,0.03185230593825769
2014-12-01,41.629991,-71.478888,0.4553092220135106
2014-12-02,41.629991,-71.478888,3.030735675271097
2014-12-03,41.629991,-71.478888,3.6572085154357117
2014-12-04,41.629991,-71.478888,0.0
2014-12-05,41.629991,-71.478888,0.0028902286952679204
2014-12-06,41.629991,-71.478888,14.386372512425094
2014-12-07,41.629991,-71.478888,21.87830573112464
2014-12-08,41.629991,-71.478888,0.0020225101530798196
2014-12-09,41.629991,-71.478888,79.56919303547049
2014-12-10,41.629991,-71.478888,1.888443977622054
2014-12-11,41.629991,-71.478888,0.12715549979639346
2014-12-12,41.629991,-71.478888,0.0
2014-12-13,41.629991,-71.478888,0.0
2014-12-14,41.629991,-71.478888,0.0
2014-12-15,41.629991,-71.478888,0.0
2014-12-16,41.629991,-71.478888,0.0
2014-12-17,41.629991,-71.478888,8.573125251154972
2014-12-18,41.629991,-71.478888,0.12064727202186241
2014-12-19,41.629991,-71.478888,0.0
2014-12-20,41.629991,-71.478888,0.0
2014-12-21,41.629991,-71.478888,0.0012894728579317212
2014-12-22,41.629991,-71.478888,0.0
2014-12-23,41.629991,-71.478888,3.2320204409546056
2014-12-24,41.629991,-71.478888,16.386417689023567
2014-12-25,41.629991,-71.478888,25.038266391293277
2014-12-26,41.629991,-71.478888,0.0
2014-12-27,41.629991,-71.478888,0.002844108398404684
2014-12-28,41.629991,-71.478888,4.731534978072622
2014-12-29,41.629991,-71.478888,1.6530614869791904
2014-12-30,41.629991,-71.478888,0.0
2014-12-31,41.629991,-71.478888,0.0
2015-01-01,41.629991,-71.478888,0.005688216796809368
2015-01-02,41.629991,-71.478888,0.0
2015-01-03,41.629991,-71.478888,2.7883735816116477
2015-01-04,41.629991,-71.478888,25.05474675836686
2015-01-05,41.629991,-71.478888,6.5952838030314
2015-01-06,41.629991,-71.478888,0.33253969613573187
2015-01-07,41.629991,-71.478888,0.0
2015-01-08,41.629991,-71.478888,0.0
2015-01-09,41.629991,-71.478888,0.7211683548511967
2015-01-10,41.629991,-71.478888,0.0
2015-01-11,41.629991,-71.478888,0.0
2015-01-12,41.629991,-71.478888,17.40731667341924
2015-01-13,41.629991,-71.478888,5.275697828784244
2015-01-14,41.629991,-71.478888,0.015584795189120525
2015-01-15,41.629991,-71.478888,0.0
2015-01-16,41.629991,-71.478888,0.0
2015-01-17,41.629991,-71.478888,0.0
2015-01-18,41.629991,-71.478888,1.3373823686663684
2015-01-19,41.629991,-71.478888,20.461152074958992
2015-01-20,41.629991,-71.478888,0.12674116761102674
2015-01-21,41.629991,-71.478888,0.1791788317482775
2015-01-22,41.629991,-71.478888,0.0
2015-01-23,41.629991,-71.478888,0.0
2015-01-24,41.629991,-71.478888,24.240308229805255
2015-01-25,41.629991,-71.478888,0.006266262557396835
2015-01-26,41.629991,-71.478888,3.0579220847757806
2015-01-27,41.629991,-71.478888,16.218759657066695
2015-01-28,41.629991,-71.478888,0.8399458904762955
2015-01-29,41.629991,-71.478888,0.0
2015-01-30,41.629991,-71.478888,4.247640105785929
2015-01-31,41.629991,-71.478888,0.0
2015-02-01,41.629991,-71.478888,0.0
2015-02-02,41.629991,-71.478888,14.122313178141475
2015-02-03,41.629991,-71.478888,0.0
2015-02-04,41.629991,-71.478888,0.0
2015-02-05,41.629991,-71.478888,0.0
2015-02-06,41.629991,-71.478888,0.0
2015-02-07,41.629991,-71.478888,0.04435907195502196
2015-02-08,41.629991,-71.478888,3.4717766663428735
2015-02-09,41.629991,-71.478888,5.535273794070168
2015-02-10,41.629991,-71.478888,1.058595609657805
2015-02-11,41.629991,-71.478888,0.0
2015-02-12,41.629991,-71.478888,0.0
2015-02-13,41.629991,-71.478888,0.0
2015-02-14,41.629991,-71.478888,1.3175919187755623
2015-02-15,41.629991,-71.478888,0.000578045760587467
2015-02-16,41.629991,-71.478888,0.0
2015-02-17,41.629991,-71.478888,0.20478293074695578
2015-02-18,41.629991,-71.478888,0.0
2015-02-19,41.629991,-71.478888,0.0
2015-02-20,41.629991,-71.478888,0.0
2015-02-21,41.629991,-71.478888,3.9975762415056
2015-02-22,41.629991,-71.478888,30.36748302123638
2015-02-23,41.629991,-71.478888,0.39348340070287124
2015-02-24,41.629991,-71.478888,0.0
2015-02-25,41.629991,-71.478888,0.15482430812861586
2015-02-26,41.629991,-71.478888,0.13761233562532726
2015-02-27,41.629991,-71.478888,0.0
2015-02-28,41.629991,-71.478888,0.0
2015-03-01,41.629991,-71.478888,4.221663346136073
2015-03-02,41.629991,-71.478888,2.7703830982530477
2015-03-03,41.629991,-71.478888,1.500800210071624
2015-03-04,41.629991,-71.478888,15.806029116602094
2015-03-05,41.629991,-71.478888,22.62476133987352
2015-03-06,41.629991,-71.478888,1.5591461523085621
2015-03-07,41.629991,-71.478888,0.0011554415121986196
2015-03-08,41.629991,-71.478888,0.0
2015-03-09,41.629991,-71.478888,0.0
2015-03-10,41.629991,-71.478888,1.3632075683613958
2015-03-11,41.629991,-71.478888,6.308776979530609
2015-03-12,41.629991,-71.478888,0.0
2015-03-13,41.629991,-71.478888,0.0071142707084152846
2015-03-14,41.629991,-71.478888,23.122819072752325
2015-03-15,41.629991,-71.478888,3.8921195729491904
2015-03-16,41.629991,-71.478888,0.14973641256376857
2015-03-17,41.629991,-71.478888,3.513652593567793
2015-03-18,41.629991,-71.478888,0.003423754149964483
2015-03-19,41.629991,-71.478888,0.0
2015-03-20,41.629991,-71.478888,1.6291583062499067
2015-03-21,41.629991,-71.478888,0.9639587534014464
2015-03-22,41.629991,-71.478888,0.005688216796809368
2015-03-23,41.629991,-71.478888,0.0
2015-03-24,41.629991,-71.478888,0.0
2015-03-25,41.629991,-71.478888,0.16045139650996693
2015-03-26,41.629991,-71.478888,9.340566339005118
2015-03-27,41.629991,-71.478888,4.415899497476338
2015-03-28,41.629991,-71.478888,0.5245978016410375
2015-03-29,41.629991,-71.478888,0.0
2015-03-30,41.629991,-71.478888,0.4039292545655383
2015-03-31,41.629991,-71.478888,0.0808638789931652
2015-04-01,41.629991,-71.478888,0.030978399389840677
2015-04-02,41.629991,-71.478888,0.017074250336262097
2015-04-03,41.629991,-71.478888,18.99719412423298
2015-04-04,41.629991,-71.478888,4.627808249567366
2015-04-05,41.629991,-71.478888,0.0
2015-04-06,41.629991,-71.478888,0.1195779846151476
2015-04-07,41.629991,-71.478888,2.8654184923335437
2015-04-08,41.629991,-71.478888,1.1068836552749644
2015-04-09,41.629991,-71.478888,2.4386401189939484
2015-04-10,41.629991,-71.478888,5.699522886797186
2015-04-11,41.629991,-71.478888,0.22816506013573168
2015-04-12,41.629991,-71.478888,0.0
2015-04-13,41.629991,-71.478888,0.012316682446033074
2015-04-14,41.629991,-71.478888,1.8220837497995412
2015-04-15,41.629991,-71.478888,1.226200745206269
2015-04-16,41.629991,-71.478888,0.0
2015-04-17,41.629991,-71.478888,9.058697986813062
2015-04-18,41.629991,-71.478888,0.011376433593618736
2015-04-19,41.629991,-71.478888,0.0
2015-04-20,41.629991,-71.478888,10.757829760594776
2015-04-21,41.629991,-71.478888,2.197754830432456
2015-04-22,41.629991,-71.478888,1.3387941417389808
2015-04-23,41.629991,-71.478888,3.80402677862107
2015-04-24,41.629991,-71.478888,0.0
2015-04-25,41.629991,-71.478888,0.0
2015-04-26,41.629991,-71.478888,0.0
2015-04-27,41.629991,-71.478888,0.08040550807947972
2015-04-28,41.629991,-71.478888,0.0
2015-04-29,41.629991,-71.478888,0.5259910181930206
2015-04-30,41.629991,-71.478888,1.3151528348401864
2015-05-01,41.629991,-71.478888,0.11021520053654336
2015-05-02,41.629991,-71.478888,0.0
2015-05-03,41.629991,-71.478888,0.25902763740881546
2015-05-04,41.629991,-71.478888,0.0
2015-05-05,41.629991,-71.478888,0.8765339581731632
2015-05-06,41.629991,-71.478888,2.7124425931918026
2015-05-07,41.629991,-71.478888,0.0
2015-05-08,41.629991,-71.478888,0.0
2015-05-09,41.629991,-71.478888,0.0
2015-05-10,41.629991,-71.478888,0.0
2015-05-11,41.629991,-71.478888,0.0
2015-05-12,41.629991,-71.478888,0.09893052330931378
2015-05-13,41.629991,-71.478888,0.0
2015-05-14,41.629991,-71.478888,0.0
2015-05-15,41.629991,-71.478888,0.2801900335711876
2015-05-16,41.629991,-71.478888,1.1049705907298373
2015-05-17,41.629991,-71.478888,6.354983523292947
2015-05-18,41.629991,-71.478888,0.0
2015-05-19,41.629991,-71.478888,5.182109989069655
2015-05-20,41.629991,-71.478888,24.73523638716143
2015-05-21,41.629991,-71.478888,2.8636680672276897
2015-05-22,41.629991,-71.478888,1.9513318230979688
2015-05-23,41.629991,-71.478888,0.0
2015-05-24,41.629991,-71.478888,0.0
2015-05-25,41.629991,-71.478888,0.6503058418461289
2015-05-26,41.629991,-71.478888,1.3073191167912899
2015-05-27,41.629991,-71.478888,0.23402633221993108
2015-05-28,41.629991,-71.478888,0.40893281418840266
2015-05-29,41.629991,-71.478888,0.0
2015-05-30,41.629991,-71.478888,0.05193417638345341
2015-05-31,41.629991,-71.478888,2.098402777337371
2015-06-01,41.629991,-71.478888,3.4351505116287644
2015-06-02,41.629991,-71.478888,11.28063891091201
2015-06-03,41.629991,-71.478888,0.4337093183868216
2015-06-04,41.629991,-71.478888,0.0
2015-06-05,41.629991,-71.478888,2.4541148942501088
2015-06-06,41.629991,-71.478888,0.18627610459118416
2015-06-07,41.629991,-71.478888,0.0
2015-06-08,41.629991,-71.478888,0.35499308593409307
2015-06-09,41.629991,-71.478888,0.25136853897578953
2015-06-10,41.629991,-71.478888,0.0
2015-06-11,41.629991,-71.478888,0.41241268552154053
2015-06-12,41.629991,-71.478888,0.14909707806316763
2015-06-13,41.629991,-71.478888,0.021242182044616625
2015-06-14,41.629991,-71.478888,0.0
2015-06-15,41.629991,-71.478888,31.94340315739262
2015-06-16,41.629991,-71.478888,0.7906321337160203
2015-06-17,41.629991,-71.478888,0.40228889081883484
2015-06-18,41.629991,-71.478888,0.12422989090190649
2015-06-19,41.629991,-71.478888,0.31980797435336683
2015-06-20,41.629991,-71.478888,0.07582021465391531
2015-06-21,41.629991,-71.478888,19.974643496245623
2015-06-22,41.629991,-71.478888,0.021044398852366482
2015-06-23,41.629991,-71.478888,12.055570156908795
2015-06-24,41.629991,-71.478888,2.24364849425702
2015-06-25,41.629991,-71.478888,0.009822228082370495
2015-06-26,41.629991,-71.478888,1.3256392800391428
2015-06-27,41.629991,-71.478888,6.137121429191589
2015-06-28,41.629991,-71.478888,28.188212860605308
2015-06-29,41.629991,-71.478888,0.006936549127049611
2015-06-30,41.629991,-71.478888,0.0
2015-07-01,41.629991,-71.478888,15.794342113793414
2015-07-02,41.629991,-71.478888,0.5621080527792156
2015-07-03,41.629991,-71.478888,1.6356979264894604
2015-07-04,41.629991,-71.478888,0.36047408357155997
2015-07-05,41.629991,-71.478888,0.0
2015-07-06,41.629991,-71.478888,0.0
2015-07-07,41.629991,-71.478888,0.15597593917153546
2015-07-08,41.629991,-71.478888,3.547385137483749
2015-07-09,41.629991,-71.478888,0.3874047154811493
2015-07-10,41.629991,-71.478888,1.1505439936695188
2015-07-11,41.629991,-71.478888,0.0
2015-07-12,41.629991,-71.478888,0.0035571353542076423
2015-07-13,41.629991,-71.478888,1.1671465874966016
2015-07-14,41.629991,-71.478888,1.3735300316201648
2015-07-15,41.629991,-71.478888,11.384863588632546
2015-07-16,41.629991,-71.478888,2.1654706432934723
2015-07-17,41.629991,-71.478888,0.0
2015-07-18,41.629991,-71.478888,0.4243079046474163
2015-07-19,41.629991,-71.478888,0.10024623466051741
2015-07-20,41.629991,-71.478888,4.857808945393887
2015-07-21,41.629991,-71.478888,1.3033552536936903
2015-07-22,41.629991,-71.478888,1.2998615797264246
2015-07-23,41.629991,-71.478888,0.0
2015-07-24,41.629991,-71.478888,0.7982820266249286
2015-07-25,41.629991,-71.478888,0.0
2015-07-26,41.629991,-71.478888,0.8185515772328965
2015-07-27,41.629991,-71.478888,20.741985999433627
2015-07-28,41.629991,-71.478888,2.1644756825266045
2015-07-29,41.629991,-71.478888,0.00995997962784681
2015-07-30,41.629991,-71.478888,4.0029079593984855
2015-07-31,41.629991,-71.478888,3.2257880017767913
2015-08-01,41.629991,-71.478888,0.1016788547952206
2015-08-02,41.629991,-71.478888,0.004913389126497594
2015-08-03,41.629991,-71.478888,0.0
2015-08-04,41.629991,-71.478888,24.844648025296834
2015-08-05,41.629991,-71.478888,0.0
2015-08-06,41.629991,-71.478888,0.0
2015-08-07,41.629991,-71.478888,0.012805687487169318
2015-08-08,41.629991,-71.478888,0.0
2015-08-09,41.629991,-71.478888,0.32431879075968034
2015-08-10,41.629991,-71.478888,0.0
2015-08-11,41.629991,-71.478888,46.988469462036306
2015-08-12,41.629991,-71.478888,1.0388115398684403
2015-08-13,41.629991,-71.478888,0.0
2015-08-14,41.629991,-71.478888,0.0
2015-08-15,41.629991,-71.478888,0.0
2015-08-16,41.629991,-71.478888,0.29390240888571667
2015-08-17,41.629991,-71.478888,0.0
2015-08-18,41.629991,-71.478888,0.21046402889853738
2015-08-19,41.629991,-71.478888,0.0
2015-08-20,41.629991,-71.478888,0.0
2015-08-21,41.629991,-71.478888,1.282331552552135
2015-08-22,41.629991,-71.478888,1.044583849770958
2015-08-23,41.629991,-71.478888,0.5957556853055737
2015-08-24,41.629991,-71.478888,0.0
2015-08-25,41.629991,-71.478888,0.03653011505159025
2015-08-26,41.629991,-71.478888,0.0071142707084152846
2015-08-27,41.629991,-71.478888,0.0
2015-08-28,41.629991,-71.478888,0.0
2015-08-29,41.629991,-71.478888,0.0
2015-08-30,41.629991,-71.478888,0.6593512415346945
2015-08-31,41.629991,-71.478888,1.0913302685093642
2015-09-01,41.629991,-71.478888,0.025711335915637235
2015-09-02,41.629991,-71.478888,0.0
2015-09-03,41.629991,-71.478888,0.0
2015-09-04,41.629991,-71.478888,0.37092415149942626
2015-09-05,41.629991,-71.478888,0.0
2015-09-06,41.629991,-71.478888,0.0
2015-09-07,41.629991,-71.478888,0.0
2015-09-08,41.629991,-71.478888,0.0
2015-09-09,41.629991,-71.478888,0.0
2015-09-10,41.629991,-71.478888,32.18865778999937
2015-09-11,41.629991,-71.478888,17.34231623377471
2015-09-12,41.629991,-71.478888,0.0
2015-09-13,41.629991,-71.478888,16.140859976649395
2015-09-14,41.629991,-71.478888,0.014155620560359579
2015-09-15,41.629991,-71.478888,0.0
2015-09-16,41.629991,-71.478888,0.0
2015-09-17,41.629991,-71.478888,0.0
2015-09-18,41.629991,-71.478888,0.0
2015-09-19,41.629991,-71.478888,0.0
2015-09-20,41.629991,-71.478888,0.0
2015-09-21,41.629991,-71.478888,0.0
2015-09-22,41.629991,-71.478888,0.0
2015-09-23,41.629991,-71.478888,0.0
2015-09-24,41.629991,-71.478888,0.0
2015-09-25,41.629991,-71.478888,0.0
2015-09-26,41.629991,-71.478888,0.002844108398404684
2015-09-27,41.629991,-71.478888,0.0
2015-09-28,41.629991,-71.478888,0.0
2015-09-29,41.629991,-71.478888,0.3785617351429603
2015-09-30,41.629991,-71.478888,48.31148773607031
2015-10-01,41.629991,-71.478888,4.74680731455383
2015-10-02,41.629991,-71.478888,33.3435281543263
2015-10-03,41.629991,-71.478888,2.0241427331357427
2015-10-04,41.629991,-71.478888,0.0
2015-10-05,41.629991,-71.478888,0.0
2015-10-06,41.629991,-71.478888,0.0008670686408812013
2015-10-07,41.629991,-71.478888,0.013687316618015975
2015-10-08,41.629991,-71.478888,0.0
2015-10-09,41.629991,-71.478888,6.304881340674483
2015-10-10,41.629991,-71.478888,0.6344359550053057
2015-10-11,41.629991,-71.478888,0.0
2015-10-12,41.629991,-71.478888,0.0
2015-10-13,41.629991,-71.478888,12.839974866574813
2015-10-14,41.629991,-71.478888,0.0
2015-10-15,41.629991,-71.478888,0.0
2015-10-16,41.629991,-71.478888,0.5721045166163714
2015-10-17,41.629991,-71.478888,0.0002890228802937335
2015-10-18,41.629991,-71.478888,0.0
2015-10-19,41.629991,-71.478888,0.0
2015-10-20,41.629991,-71.478888,0.023848758200214752
2015-10-21,41.629991,-71.478888,0.03679658725192707
2015-10-22,41.629991,-71.478888,0.2638843650863745
2015-10-23,41.629991,-71.478888,0.051648553924764
2015-10-24,41.629991,-71.478888,0.0
2015-10-25,41.629991,-71.478888,2.4194053680357657
2015-10-26,41.629991,-71.478888,0.0
2015-10-27,41.629991,-71.478888,0.002155891489836607
2015-10-28,41.629991,-71.478888,5.981620246395567
2015-10-29,41.629991,-71.478888,14.421374384606757
2015-10-30,41.629991,-71.478888,0.0
2015-10-31,41.629991,-71.478888,0.05082195791713498
2015-11-01,41.629991,-71.478888,9.16441619908824
2015-11-02,41.629991,-71.478888,0.0
2015-11-03,41.629991,-71.478888,0.0
2015-11-04,41.629991,-71.478888,0.0
2015-11-05,41.629991,-71.478888,0.0
2015-11-06,41.629991,-71.478888,0.007845707615348198
2015-11-07,41.629991,-71.478888,0.07827106998201887
2015-11-08,41.629991,-71.478888,0.04242438289839601
2015-11-09,41.629991,-71.478888,0.0
2015-11-10,41.629991,-71.478888,20.87278761330517
2015-11-11,41.629991,-71.478888,0.8639639142414157
2015-11-12,41.629991,-71.478888,3.6063029056626954
2015-11-13,41.629991,-71.478888,0.0
2015-11-14,41.629991,-71.478888,0.0
2015-11-15,41.629991,-71.478888,0.0
2015-11-16,41.629991,-71.478888,0.05317302242237751
2015-11-17,41.629991,-71.478888,0.0
2015-11-18,41.629991,-71.478888,0.0
2015-11-19,41.629991,-71.478888,0.8823339598884584
2015-11-20,41.629991,-71.478888,15.005342723447548
2015-11-21,41.629991,-71.478888,0.0
2015-11-22,41.629991,-71.478888,22.46805225413129
2015-11-23,41.629991,-71.478888,15.199174531259366
2015-11-24,41.629991,-71.478888,0.0
2015-11-25,41.629991,-71.478888,0.0
2015-11-26,41.629991,-71.478888,0.0
2015-11-27,41.629991,-71.478888,0.0
2015-11-28,41.629991,-71.478888,2.14524585426205
2015-11-29,41.629991,-71.478888,0.14366748315420724
2015-11-30,41.629991,-71.478888,0.0
2015-12-01,41.629991,-71.478888,10.723930416240561
2015-12-02,41.629991,-71.478888,11.904187074082913
2015-12-03,41.629991,-71.478888,4.455858651623565
2015-12-04,41.629991,-71.478888,0.0
2015-12-05,41.629991,-71.478888,0.0
2015-12-06,41.629991,-71.478888,0.0
2015-12-07,41.629991,-71.478888,0.0
2015-12-08,41.629991,-71.478888,1.3532804486554713
2015-12-09,41.629991,-71.478888,0.0
2015-12-10,41.629991,-71.478888,0.008821348075507787
2015-12-11,41.629991,-71.478888,0.08273374152743057
2015-12-12,41.629991,-71.478888,0.0
2015-12-13,41.629991,-71.478888,0.16300998885504284
2015-12-14,41.629991,-71.478888,1.0750401027606786
2015-12-15,41.629991,-71.478888,9.34609052285111
2015-12-16,41.629991,-71.478888,0.0
2015-12-17,41.629991,-71.478888,33.82494704990381
2015-12-18,41.629991,-71.478888,6.292931686031178
2015-12-19,41.629991,-71.478888,0.015932418537249176
2015-12-20,41.629991,-71.478888,0.002844108398404684
2015-12-21,41.629991,-71.478888,0.5073769337755393
2015-12-22,41.629991,-71.478888,12.443550337651937
2015-12-23,41.629991,-71.478888,9.011482366756805
2015-12-24,41.629991,-71.478888,34.39129588112711
2015-12-25,41.629991,-71.478888,0.341565452700525
2015-12-26,41.629991,-71.478888,2.1366699849037043
2015-12-27,41.629991,-71.478888,3.371187142359474
2015-12-28,41.629991,-71.478888,2.781658050328842
2015-12-29,41.629991,-71.478888,24.060496591174367
2015-12-30,41.629991,-71.478888,0.017064650390428104
2015-12-31,41.629991,-71.478888,2.74545173794107
2016-01-01,41.629991,-71.478888,2.226996740597789
2016-01-02,41.629991,-71.478888,0.0
2016-01-03,41.629991,-71.478888,0.0
2016-01-04,41.629991,-71.478888,0.0
2016-01-05,41.629991,-71.478888,0.0
2016-01-06,41.629991,-71.478888,0.0
2016-01-07,41.629991,-71.478888,0.0
2016-01-08,41.629991,-71.478888,0.0
2016-01-09,41.629991,-71.478888,0.013580695193918892
2016-01-10,41.629991,-71.478888,56.571667644077706
2016-01-11,41.629991,-71.478888,0.000578045760587467
2016-01-12,41.629991,-71.478888,1.4047561652703333
2016-01-13,41.629991,-71.478888,0.3496589524044242
2016-01-14,41.629991,-71.478888,0.11005661692473973
2016-01-15,41.629991,-71.478888,0.001422854194688508
2016-01-16,41.629991,-71.478888,44.442044878668284
2016-01-17,41.629991,-71.478888,2.200109427043079
2016-01-18,41.629991,-71.478888,0.0
2016-01-19,41.629991,-71.478888,0.0
2016-01-20,41.629991,-71.478888,0.0
2016-01-21,41.629991,-71.478888,0.0
2016-01-22,41.629991,-71.478888,0.0022899228355697087
2016-01-23,41.629991,-71.478888,6.171373230552634
2016-01-24,41.629991,-71.478888,0.02596267821064435
2016-01-25,41.629991,-71.478888,0.0
2016-01-26,41.629991,-71.478888,0.10693918577862169
2016-01-27,41.629991,-71.478888,0.4194178927607268
2016-01-28,41.629991,-71.478888,0.0
2016-01-29,41.629991,-71.478888,0.019075150026510806
2016-01-30,41.629991,-71.478888,0.0030013499329139635
2016-01-31,41.629991,-71.478888,0.3173498286080815
2016-02-01,41.629991,-71.478888,0.3889659605243655
2016-02-02,41.629991,-71.478888,0.32415292494241155
2016-02-03,41.629991,-71.478888,10.73648307010826
2016-02-04,41.629991,-71.478888,23.43872381576669
2016-02-05,41.629991,-71.478888,49.25645783972837
2016-02-06,41.629991,-71.478888,0.0
2016-02-07,41.629991,-71.478888,0.004133581256336405
2016-02-08,41.629991,-71.478888,12.177843678530428
2016-02-09,41.629991,-71.478888,0.013865299007254465
2016-02-10,41.629991,-71.478888,0.000711427097344254
2016-02-11,41.629991,-71.478888,0.0
2016-02-12,41.629991,-71.478888,0.013561815920711227
2016-02-13,41.629991,-71.478888,0.27027244300597947
2016-02-14,41.629991,-71.478888,0.0
2016-02-15,41.629991,-71.478888,0.030908547312392023
2016-02-16,41.629991,-71.478888,20.69339520756647
2016-02-17,41.629991,-71.478888,0.8440943604057745
2016-02-18,41.629991,-71.478888,0.0
2016-02-19,41.629991,-71.478888,0.002134281292032762
2016-02-20,41.629991,-71.478888,1.3065050005678285
2016-02-21,41.629991,-71.478888,0.000711427097344254
2016-02-22,41.629991,-71.478888,1.3360084455660037
2016-02-23,41.629991,-71.478888,1.129510806116613
2016-02-24,41.629991,-71.478888,9.930273965104512
2016-02-25,41.629991,-71.478888,30.759537180845257
2016-02-26,41.629991,-71.478888,0.006647526085251751
2016-02-27,41.629991,-71.478888,0.02326469176726093
2016-02-28,41.629991,-71.478888,0.020623385205851597
2016-02-29,41.629991,-71.478888,1.407322497383045
2016-03-01,41.629991,-71.478888,0.0979441178221416
2016-03-02,41.629991,-71.478888,9.18012836012361
2016-03-03,41.629991,-71.478888,0.0
2016-03-04,41.629991,-71.478888,0.032179320722663794
2016-03-05,41.629991,-71.478888,0.008535524647402233
2016-03-06,41.629991,-71.478888,0.0
2016-03-07,41.629991,-71.478888,0.009243532097588956
2016-03-08,41.629991,-71.478888,0.20687846316434266
2016-03-09,41.629991,-71.478888,0.3072750921533157
2016-03-10,41.629991,-71.478888,3.669520669598866
2016-03-11,41.629991,-71.478888,11.451833821940513
2016-03-12,41.629991,-71.478888,0.0
2016-03-13,41.629991,-71.478888,0.0
2016-03-14,41.629991,-71.478888,18.795990969781943
2016-03-15,41.629991,-71.478888,9.054524100495575
2016-03-16,41.629991,-71.478888,0.39422208430086847
2016-03-17,41.629991,-71.478888,8.677940157879613
2016-03-18,41.629991,-71.478888,0.0753728722701277
2016-03-19,41.629991,-71.478888,0.0
2016-03-20,41.629991,-71.478888,0.014842758130214594
2016-03-21,41.629991,-71.478888,1.5772101319886644
2016-03-22,41.629991,-71.478888,0.0022899228355697087
2016-03-23,41.629991,-71.478888,1.7116574620981009
2016-03-24,41.629991,-71.478888,0.49033903081448693
2016-03-25,41.629991,-71.478888,0.6555558819127257
2016-03-26,41.629991,-71.478888,0.0
2016-03-27,41.629991,-71.478888,0.0
2016-03-28,41.629991,-71.478888,17.678841906317697
2016-03-29,41.629991,-71.478888,0.0
2016-03-30,41.629991,-71.478888,0.0
2016-03-31,41.629991,-71.478888,0.000578045760587467
2016-04-01,41.629991,-71.478888,1.6775664028321602
2016-04-02,41.629991,-71.478888,14.62913764571234
2016-04-03,41.629991,-71.478888,5.2946826494755
2016-04-04,41.629991,-71.478888,4.567406122004777
2016-04-05,41.629991,-71.478888,0.021333212974493625
2016-04-06,41.629991,-71.478888,0.00271232705262023
2016-04-07,41.629991,-71.478888,33.1769076058008
2016-04-08,41.629991,-71.478888,0.016362822841376967
2016-04-09,41.629991,-71.478888,0.006136080805043836
2016-04-10,41.629991,-71.478888,0.029113569960954863
2016-04-11,41.629991,-71.478888,0.09489844576001437
2016-04-12,41.629991,-71.478888,9.670251077639966
2016-04-13,41.629991,-71.478888,0.0
2016-04-14,41.629991,-71.478888,0.0
2016-04-15,41.629991,-71.478888,0.0
2016-04-16,41.629991,-71.478888,0.0
2016-04-17,41.629991,-71.478888,0.0
2016-04-18,41.629991,-71.478888,0.0011554415121986196
2016-04-19,41.629991,-71.478888,0.5039288910219294
2016-04-20,41.629991,-71.478888,0.0
2016-04-21,41.629991,-71.478888,0.002845708389377016
2016-04-22,41.629991,-71.478888,0.8739355284803925
2016-04-23,41.629991,-71.478888,11.157907645332406
2016-04-24,41.629991,-71.478888,0.0
2016-04-25,41.629991,-71.478888,0.2546322678968181
2016-04-26,41.629991,-71.478888,6.43560123203856
2016-04-27,41.629991,-71.478888,0.03413090130158502
2016-04-28,41.629991,-71.478888,0.7257967798850324
2016-04-29,41.629991,-71.478888,2.4860666201585264
2016-04-30,41.629991,-71.478888,0.3268449488694977
2016-05-01,41.629991,-71.478888,2.6537364699881625
2016-05-02,41.629991,-71.478888,0.9672805126868957
2016-05-03,41.629991,-71.478888,10.467688302050776
2016-05-04,41.629991,-71.478888,8.175928229397313
2016-05-05,41.629991,-71.478888,7.25626384094612
2016-05-06,41.629991,-71.478888,1.5274719367152225
2016-05-07,41.629991,-71.478888,0.5295974447239484
2016-05-08,41.629991,-71.478888,1.0102055622058723
2016-05-09,41.629991,-71.478888,0.0
2016-05-10,41.629991,-71.478888,0.0
2016-05-11,41.629991,-71.478888,0.0
2016-05-12,41.629991,-71.478888,0.0
2016-05-13,41.629991,-71.478888,9.453595971544631
2016-05-14,41.629991,-71.478888,6.115471344084497
2016-05-15,41.629991,-71.478888,1.585604866129376
2016-05-16,41.629991,-71.478888,0.0
2016-05-17,41.629991,-71.478888,0.2779454139848228
2016-05-18,41.629991,-71.478888,0.2872327855714064
2016-05-19,41.629991,-71.478888,1.2411171404878472
2016-05-20,41.629991,-71.478888,0.0
2016-05-21,41.629991,-71.478888,1.4208337397416244
2016-05-22,41.629991,-71.478888,7.570546327687183
2016-05-23,41.629991,-71.478888,0.1333335589316595
2016-05-24,41.629991,-71.478888,2.2346864302404557
2016-05-25,41.629991,-71.478888,0.07099318728567806
2016-05-26,41.629991,-71.478888,0.0
2016-05-27,41.629991,-71.478888,0.13315018264746867
2016-05-28,41.629991,-71.478888,0.2732212987506406
2016-05-29,41.629991,-71.478888,0.03412930078085621
2016-05-30,41.629991,-71.478888,20.025167820961645
2016-05-31,41.629991,-71.478888,3.2168292293601404
2016-06-01,41.629991,-71.478888,0.0
2016-06-02,41.629991,-71.478888,0.0
2016-06-03,41.629991,-71.478888,2.5403675632182616
2016-06-04,41.629991,-71.478888,0.05174313738889112
2016-06-05,41.629991,-71.478888,3.0960946245683645
2016-06-06,41.629991,-71.478888,0.6826431394428445
2016-06-07,41.629991,-71.478888,0.0
2016-06-08,41.629991,-71.478888,2.8676645366377094
2016-06-09,41.629991,-71.478888,0.030947169614032505
2016-06-10,41.629991,-71.478888,0.2545655283070165
2016-06-11,41.629991,-71.478888,2.1557194983949235
2016-06-12,41.629991,-71.478888,0.009335992886284776
2016-06-13,41.629991,-71.478888,0.028444283965991503
2016-06-14,41.629991,-71.478888,0.0
2016-06-15,41.629991,-71.478888,0.0
2016-06-16,41.629991,-71.478888,0.2523444530208486
2016-06-17,41.629991,-71.478888,0.0
2016-06-18,41.629991,-71.478888,0.01584363743758933
2016-06-19,41.629991,-71.478888,0.0
2016-06-20,41.629991,-71.478888,0.0
2016-06-21,41.629991,-71.478888,9.83914273038582
2016-06-22,41.629991,-71.478888,0.0
2016-06-23,41.629991,-71.478888,0.040202581141173976
2016-06-24,41.629991,-71.478888,0.0
2016-06-25,41.629991,-71.478888,0.0
2016-06-26,41.629991,-71.478888,0.0
2016-06-27,41.629991,-71.478888,0.12184742261180437
2016-06-28,41.629991,-71.478888,3.6174229435649243
2016-06-29,41.629991,-71.478888,0.41568086402425547
2016-06-30,41.629991,-71.478888,0.0
2016-07-01,41.629991,-71.478888,3.4896540169414196
2016-07-02,41.629991,-71.478888,12.878000412477522
2016-07-03,41.629991,-71.478888,0.0
2016-07-04,41.629991,-71.478888,0.01196087931809553
2016-07-05,41.629991,-71.478888,17.36814856066271
2016-07-06,41.629991,-71.478888,0.0
2016-07-07,41.629991,-71.478888,0.7592487821139423
2016-07-08,41.629991,-71.478888,0.0043333931774770604
2016-07-09,41.629991,-71.478888,0.18778700061109244
2016-07-10,41.629991,-71.478888,0.19610305829459343
2016-07-11,41.629991,-71.478888,0.03764529478804244
2016-07-12,41.629991,-71.478888,0.0
2016-07-13,41.629991,-71.478888,0.0071142707084152846
2016-07-14,41.629991,-71.478888,1.0757965911719376
2016-07-15,41.629991,-71.478888,4.957970051608395
2016-07-16,41.629991,-71.478888,0.0
2016-07-17,41.629991,-71.478888,1.4482467681233349
2016-07-18,41.629991,-71.478888,0.6077627372271154
2016-07-19,41.629991,-71.478888,0.7746189540102392
2016-07-20,41.629991,-71.478888,0.0
2016-07-21,41.629991,-71.478888,0.0
2016-07-22,41.629991,-71.478888,0.00271232705262023
2016-07-23,41.629991,-71.478888,10.236822951233382
2016-07-24,41.629991,-71.478888,0.508753646060169
2016-07-25,41.629991,-71.478888,0.6210832289474638
2016-07-26,41.629991,-71.478888,4.734363617284515
2016-07-27,41.629991,-71.478888,0.0
2016-07-28,41.629991,-71.478888,0.0
2016-07-29,41.629991,-71.478888,18.3670542133648
2016-07-30,41.629991,-71.478888,0.028619065081978784
2016-07-31,41.629991,-71.478888,1.5729244051328728
2016-08-01,41.629991,-71.478888,1.3016025581337343
2016-08-02,41.629991,-71.478888,8.976867525209443
2016-08-03,41.629991,-71.478888,0.0
2016-08-04,41.629991,-71.478888,0.0
2016-08-05,41.629991,-71.478888,0.0
2016-08-06,41.629991,-71.478888,1.084078029723722
2016-08-07,41.629991,-71.478888,0.02233526254586109
2016-08-08,41.629991,-71.478888,0.012427984337142917
2016-08-09,41.629991,-71.478888,0.0
2016-08-10,41.629991,-71.478888,7.964453508126036
2016-08-11,41.629991,-71.478888,2.032708507002207
2016-08-12,41.629991,-71.478888,14.712619046789118
2016-08-13,41.629991,-71.478888,10.562937746652636
2016-08-14,41.629991,-71.478888,2.0041181928492655
2016-08-15,41.629991,-71.478888,0.008088090800608093
2016-08-16,41.629991,-71.478888,1.43206573627091
2016-08-17,41.629991,-71.478888,3.363963699396521
2016-08-18,41.629991,-71.478888,3.733348035414285
2016-08-19,41.629991,-71.478888,0.0
2016-08-20,41.629991,-71.478888,0.004046320431781686
2016-08-21,41.629991,-71.478888,0.0
2016-08-22,41.629991,-71.478888,9.424227300081249
2016-08-23,41.629991,-71.478888,0.0
2016-08-24,41.629991,-71.478888,0.0
2016-08-25,41.629991,-71.478888,0.00577720734577534
2016-08-26,41.629991,-71.478888,0.09581121887557327
2016-08-27,41.629991,-71.478888,0.0
2016-08-28,41.629991,-71.478888,0.0
2016-08-29,41.629991,-71.478888,0.21464635937067833
2016-08-30,41.629991,-71.478888,0.0
2016-08-31,41.629991,-71.478888,1.2747101606216675
2016-09-01,41.629991,-71.478888,25.47908483982832
2016-09-02,41.629991,-71.478888,0.0
2016-09-03,41.629991,-71.478888,0.004468724487328083
2016-09-04,41.629991,-71.478888,0.0
2016-09-05,41.629991,-71.478888,4.112519580152208
2016-09-06,41.629991,-71.478888,0.03775394651356158
2016-09-07,41.629991,-71.478888,0.0
2016-09-08,41.629991,-71.478888,0.0
2016-09-09,41.629991,-71.478888,0.5850274208470507
2016-09-10,41.629991,-71.478888,0.08018260928306971
2016-09-11,41.629991,-71.478888,0.027996850119197364
2016-09-12,41.629991,-71.478888,0.0
2016-09-13,41.629991,-71.478888,0.0
2016-09-14,41.629991,-71.478888,3.0723525129592644
2016-09-15,41.629991,-71.478888,0.04788821857544299
2016-09-16,41.629991,-71.478888,0.0
2016-09-17,41.629991,-71.478888,0.0
2016-09-18,41.629991,-71.478888,1.6945439307538503
2016-09-19,41.629991,-71.478888,24.804819275071857
2016-09-20,41.629991,-71.478888,1.8690539910134716
2016-09-21,41.629991,-71.478888,0.002134281292032762
2016-09-22,41.629991,-71.478888,0.02946408464164174
2016-09-23,41.629991,-71.478888,0.0
2016-09-24,41.629991,-71.478888,0.06237261377362782
2016-09-25,41.629991,-71.478888,0.0
2016-09-26,41.629991,-71.478888,0.0
2016-09-27,41.629991,-71.478888,4.263103928183588
2016-09-28,41.629991,-71.478888,0.0
2016-09-29,41.629991,-71.478888,0.0
2016-09-30,41.629991,-71.478888,7.508491781719849
2016-10-01,41.629991,-71.478888,1.7601033821004246
2016-10-02,41.629991,-71.478888,0.2836956193898268
2016-10-03,41.629991,-71.478888,0.0
2016-10-04,41.629991,-71.478888,0.0
2016-10-05,41.629991,-71.478888,0.0
2016-10-06,41.629991,-71.478888,0.0
2016-10-07,41.629991,-71.478888,0.0
2016-10-08,41.629991,-71.478888,2.335571188241673
2016-10-09,41.629991,-71.478888,82.47014337601182
2016-10-10,41.629991,-71.478888,0.33028650365706647
2016-10-11,41.629991,-71.478888,0.0
2016-10-12,41.629991,-71.478888,0.0
2016-10-13,41.629991,-71.478888,0.0
2016-10-14,41.629991,-71.478888,0.0
2016-10-15,41.629991,-71.478888,0.0
2016-10-16,41.629991,-71.478888,0.0
2016-10-17,41.629991,-71.478888,3.9053383020384915
2016-10-18,41.629991,-71.478888,0.007999099821206607
2016-10-19,41.629991,-71.478888,0.0
2016-10-20,41.629991,-71.478888,0.0
2016-10-21,41.629991,-71.478888,1.9312879986626135
2016-10-22,41.629991,-71.478888,0.8903470819338755
2016-10-23,41.629991,-71.478888,0.06859124588365774
2016-10-24,41.629991,-71.478888,2.79922952435109
2016-10-25,41.629991,-71.478888,0.0
2016-10-26,41.629991,-71.478888,0.0
2016-10-27,41.629991,-71.478888,15.99003202893417
2016-10-28,41.629991,-71.478888,3.3461989637813203
2016-10-29,41.629991,-71.478888,0.34373249845250564
2016-10-30,41.629991,-71.478888,5.987382643040533
2016-10-31,41.629991,-71.478888,3.702775015929092
2016-11-01,41.629991,-71.478888,0.0
2016-11-02,41.629991,-71.478888,0.12850312887111554
2016-11-03,41.629991,-71.478888,0.9594026995640247
2016-11-04,41.629991,-71.478888,0.16445441664794044
2016-11-05,41.629991,-71.478888,0.0
2016-11-06,41.629991,-71.478888,2.4710420084839124
2016-11-07,41.629991,-71.478888,0.0
2016-11-08,41.629991,-71.478888,0.0
2016-11-09,41.629991,-71.478888,0.7493864360550608
2016-11-10,41.629991,-71.478888,0.3185704047950062
2016-11-11,41.629991,-71.478888,0.01039897339456982
2016-11-12,41.629991,-71.478888,0.0
2016-11-13,41.629991,-71.478888,0.0
2016-11-14,41.629991,-71.478888,0.0
2016-11-15,41.629991,-71.478888,30.048365013420064
2016-11-16,41.629991,-71.478888,0.0
2016-11-17,41.629991,-71.478888,0.0
2016-11-18,41.629991,-71.478888,0.0
2016-11-19,41.629991,-71.478888,0.0
2016-11-20,41.629991,-71.478888,0.15312360097458536
2016-11-21,41.629991,-71.478888,0.02322507268984219
2016-11-22,41.629991,-71.478888,0.07975077273162562
2016-11-23,41.629991,-71.478888,0.0
2016-11-24,41.629991,-71.478888,1.1226371578172945
2016-11-25,41.629991,-71.478888,0.012620865870001087
2016-11-26,41.629991,-71.478888,0.0
2016-11-27,41.629991,-71.478888,0.0
2016-11-28,41.629991,-71.478888,0.0
2016-11-29,41.629991,-71.478888,53.36963736504032
2016-11-30,41.629991,-71.478888,11.694664551805392
2016-12-01,41.629991,-71.478888,6.150887525911961
2016-12-02,41.629991,-71.478888,0.000578045760587467
2016-12-03,41.629991,-71.478888,0.01039897339456982
2016-12-04,41.629991,-71.478888,0.0
2016-12-05,41.629991,-71.478888,2.9847265433420183
2016-12-06,41.629991,-71.478888,0.0
2016-12-07,41.629991,-71.478888,3.3094087932963863
2016-12-08,41.629991,-71.478888,0.0
2016-12-09,41.629991,-71.478888,0.0
2016-12-10,41.629991,-71.478888,0.0
2016-12-11,41.629991,-71.478888,0.0
2016-12-12,41.629991,-71.478888,15.442572141173507
2016-12-13,41.629991,-71.478888,0.0
2016-12-14,41.629991,-71.478888,0.01778567783114722
2016-12-15,41.629991,-71.478888,0.0
2016-12-16,41.629991,-71.478888,0.016087410601566293
2016-12-17,41.629991,-71.478888,18.266308389781052
2016-12-18,41.629991,-71.478888,16.04899673929787
2016-12-19,41.629991,-71.478888,0.5713582344236291
2016-12-20,41.629991,-71.478888,0.0
2016-12-21,41.629991,-71.478888,0.0011554415121986196
2016-12-22,41.629991,-71.478888,0.38136234994024026
2016-12-23,41.629991,-71.478888,0.0
2016-12-24,41.629991,-71.478888,17.723518571275402
2016-12-25,41.629991,-71.478888,0.0
2016-12-26,41.629991,-71.478888,0.21334653019344374
2016-12-27,41.629991,-71.478888,5.031211963146418
2016-12-28,41.629991,-71.478888,0.0
2016-12-29,41.629991,-71.478888,10.958274259016747
2016-12-30,41.629991,-71.478888,0.030751965948931113
2016-12-31,41.629991,-71.478888,2.147932863010235
2017-01-01,41.629991,-71.478888,6.834502105089799
2017-01-02,41.629991,-71.478888,1.1818090139329311
2017-01-03,41.629991,-71.478888,25.77043018721951
2017-01-04,41.629991,-71.478888,6.263191088296895
2017-01-05,41.629991,-71.478888,0.00995997962784681
2017-01-06,41.629991,-71.478888,0.02417892109884339
2017-01-07,41.629991,-71.478888,6.073681471816067
2017-01-08,41.629991,-71.478888,0.37609535111789655
2017-01-09,41.629991,-71.478888,0.0
2017-01-10,41.629991,-71.478888,0.16283729827009077
2017-01-11,41.629991,-71.478888,12.52125065824157
2017-01-12,41.629991,-71.478888,31.767442207293524
2017-01-13,41.629991,-71.478888,7.817379296944054
2017-01-14,41.629991,-71.478888,0.0
2017-01-15,41.629991,-71.478888,0.0
2017-01-16,41.629991,-71.478888,0.075021696888893
2017-01-17,41.629991,-71.478888,3.1498197083255564
2017-01-18,41.629991,-71.478888,0.7230613781366368
2017-01-19,41.629991,-71.478888,0.07042217247297447
2017-01-20,41.629991,-71.478888,0.31939357574848637
2017-01-21,41.629991,-71.478888,0.10198384539526277
2017-01-22,41.629991,-71.478888,0.1731595705150523
2017-01-23,41.629991,-71.478888,5.273762713825291
2017-01-24,41.629991,-71.478888,45.97496408426427
2017-01-25,41.629991,-71.478888,7.463606927798488
2017-01-26,41.629991,-71.478888,0.041172795726391875
2017-01-27,41.629991,-71.478888,0.0
2017-01-28,41.629991,-71.478888,0.0
2017-01-29,41.629991,-71.478888,0.000578045760587467
2017-01-30,41.629991,-71.478888,0.0
2017-01-31,41.629991,-71.478888,0.20098085986301734
2017-02-01,41.629991,-71.478888,0.008532325195214052
2017-02-02,41.629991,-71.478888,0.0
2017-02-03,41.629991,-71.478888,0.0
2017-02-04,41.629991,-71.478888,0.0
2017-02-05,41.629991,-71.478888,0.0
2017-02-06,41.629991,-71.478888,0.0
2017-02-07,41.629991,-71.478888,6.379448516617718
2017-02-08,41.629991,-71.478888,3.838110617067306
2017-02-09,41.629991,-71.478888,27.862221839484548
2017-02-10,41.629991,-71.478888,0.0
2017-02-11,41.629991,-71.478888,1.4974405916033713
2017-02-12,41.629991,-71.478888,18.473687007355856
2017-02-13,41.629991,-71.478888,0.610862536466837
2017-02-14,41.629991,-71.478888,0.0762591376529313
2017-02-15,41.629991,-71.478888,0.21643078603312166
2017-02-16,41.629991,-71.478888,0.06897323009805517
2017-02-17,41.629991,-71.478888,0.0
2017-02-18,41.629991,-71.478888,0.14229208506757918
2017-02-19,41.629991,-71.478888,0.5221661643510778
2017-02-20,41.629991,-71.478888,0.0
2017-02-21,41.629991,-71.478888,0.006736387091273419
2017-02-22,41.629991,-71.478888,2.990969494448844
2017-02-23,41.629991,-71.478888,0.18943069141738006
2017-02-24,41.629991,-71.478888,1.3683039602829143
2017-02-25,41.629991,-71.478888,1.1906150163913878
2017-02-26,41.629991,-71.478888,5.429346001996917
2017-02-27,41.629991,-71.478888,0.0
2017-02-28,41.629991,-71.478888,0.23905440574752904
2017-03-01,41.629991,-71.478888,13.510707504811243
2017-03-02,41.629991,-71.478888,0.3473194149186786
2017-03-03,41.629991,-71.478888,0.014384183622935653
2017-03-04,41.629991,-71.478888,0.0
2017-03-05,41.629991,-71.478888,0.015998199642413214
2017-03-06,41.629991,-71.478888,0.009026310245705091
2017-03-07,41.629991,-71.478888,7.709034193536734
2017-03-08,41.629991,-71.478888,14.229265060054065
2017-03-09,41.629991,-71.478888,0.0
2017-03-10,41.629991,-71.478888,3.4405795828930916
2017-03-11,41.629991,-71.478888,0.0
2017-03-12,41.629991,-71.478888,0.0
2017-03-13,41.629991,-71.478888,0.0
2017-03-14,41.629991,-71.478888,30.522151797328064
2017-03-15,41.629991,-71.478888,0.0
2017-03-16,41.629991,-71.478888,0.0
2017-03-17,41.629991,-71.478888,0.0
2017-03-18,41.629991,-71.478888,0.0878387344529176
2017-03-19,41.629991,-71.478888,0.022266061661025897
2017-03-20,41.629991,-71.478888,0.04722795114866421
2017-03-21,41.629991,-71.478888,0.0
2017-03-22,41.629991,-71.478888,0.31481873891165446
2017-03-23,41.629991,-71.478888,0.0
2017-03-24,41.629991,-71.478888,5.247045056970878
2017-03-25,41.629991,-71.478888,4.163083718729618
2017-03-26,41.629991,-71.478888,0.6004217032384166
2017-03-27,41.629991,-71.478888,5.922232592992988
2017-03-28,41.629991,-71.478888,5.341133949929893
2017-03-29,41.629991,-71.478888,10.654355906529785
2017-03-30,41.629991,-71.478888,0.0
2017-03-31,41.629991,-71.478888,9.150797733106835
2017-04-01,41.629991,-71.478888,35.89295347717717
2017-04-02,41.629991,-71.478888,0.0
2017-04-03,41.629991,-71.478888,0.12554542590090348
2017-04-04,41.629991,-71.478888,29.29588805690044
2017-04-05,41.629991,-71.478888,1.0417940079714574
2017-04-06,41.629991,-71.478888,25.12025655711188
2017-04-07,41.629991,-71.478888,0.007689116752085343
2017-04-08,41.629991,-71.478888,0.9296493533129051
2017-04-09,41.629991,-71.478888,0.0
2017-04-10,41.629991,-71.478888,1.418450208163268
2017-04-11,41.629991,-71.478888,0.3042042093892574
2017-04-12,41.629991,-71.478888,0.5976733163225945
2017-04-13,41.629991,-71.478888,6.707845823738352
2017-04-14,41.629991,-71.478888,0.01965030387813249
2017-04-15,41.629991,-71.478888,0.038063279681254863
2017-04-16,41.629991,-71.478888,2.6209777357569193
2017-04-17,41.629991,-71.478888,3.0203177431394694
2017-04-18,41.629991,-71.478888,0.0
2017-04-19,41.629991,-71.478888,1.5670797514885049
2017-04-20,41.629991,-71.478888,2.5947857352087396
2017-04-21,41.629991,-71.478888,8.173078398270688
2017-04-22,41.629991,-71.478888,4.985905735635666
2017-04-23,41.629991,-71.478888,0.7355585250263273
2017-04-24,41.629991,-71.478888,0.801434554754344
2017-04-25,41.629991,-71.478888,11.515118053429005
2017-04-26,41.629991,-71.478888,15.392904978524372
2017-04-27,41.629991,-71.478888,0.5539412461395729
2017-04-28,41.629991,-71.478888,5.309598753096109
2017-04-29,41.629991,-71.478888,2.0327826198299435
2017-04-30,41.629991,-71.478888,0.1431026105250792
2017-05-01,41.629991,-71.478888,0.25786546972428814
2017-05-02,41.629991,-71.478888,13.732805784985617
2017-05-03,41.629991,-71.478888,0.0
2017-05-04,41.629991,-71.478888,0.010293522445481061
2017-05-05,41.629991,-71.478888,22.11100519529111
2017-05-06,41.629991,-71.478888,20.0260848257768
2017-05-07,41.629991,-71.478888,0.6104507499326052
2017-05-08,41.629991,-71.478888,0.06553224299370325
2017-05-09,41.629991,-71.478888,1.380920308752561
2017-05-10,41.629991,-71.478888,0.3159000159433072
2017-05-11,41.629991,-71.478888,0.000711427097344254
2017-05-12,41.629991,-71.478888,0.0
2017-05-13,41.629991,-71.478888,5.330235057099331
2017-05-14,41.629991,-71.478888,11.274525669044614
2017-05-15,41.629991,-71.478888,6.251482744114727
2017-05-16,41.629991,-71.478888,0.002844108398404684
2017-05-17,41.629991,-71.478888,0.23108672564644847
2017-05-18,41.629991,-71.478888,0.0011554415121986196
2017-05-19,41.629991,-71.478888,1.1209929758878097
2017-05-20,41.629991,-71.478888,0.07879182406342003
2017-05-21,41.629991,-71.478888,0.0
2017-05-22,41.629991,-71.478888,16.556102072148505
2017-05-23,41.629991,-71.478888,3.49915911558601
2017-05-24,41.629991,-71.478888,10.143672649123852
2017-05-25,41.629991,-71.478888,8.76115055044172
2017-05-26,41.629991,-71.478888,27.855653206787146
2017-05-27,41.629991,-71.478888,0.9173505234993644
2017-05-28,41.629991,-71.478888,0.1962738744090614
2017-05-29,41.629991,-71.478888,15.38293884729764
2017-05-30,41.629991,-71.478888,0.1706545881516819
2017-05-31,41.629991,-71.478888,3.6933269640965496
2017-06-01,41.629991,-71.478888,0.07695524537495385
2017-06-02,41.629991,-71.478888,1.0016746591716295
2017-06-03,41.629991,-71.478888,0.0
2017-06-04,41.629991,-71.478888,1.8862594536592612
2017-06-05,41.629991,-71.478888,8.355664340594885
2017-06-06,41.629991,-71.478888,15.953067755875487
2017-06-07,41.629991,-71.478888,0.028034679279178767
2017-06-08,41.629991,-71.478888,0.5307336831885028
2017-06-09,41.629991,-71.478888,4.521884758130296
2017-06-10,41.629991,-71.478888,0.0
2017-06-11,41.629991,-71.478888,0.11451735789759619
2017-06-12,41.629991,-71.478888,0.0
2017-06-13,41.629991,-71.478888,4.564778512060181
2017-06-14,41.629991,-71.478888,0.013865298146383431
2017-06-15,41.629991,-71.478888,0.03357063462536628
2017-06-16,41.629991,-71.478888,8.051712387012213
2017-06-17,41.629991,-71.478888,1.627419689685079
2017-06-18,41.629991,-71.478888,0.7365269530223437
2017-06-19,41.629991,-71.478888,0.723168422511028
2017-06-20,41.629991,-71.478888,7.799289554577069
2017-06-21,41.629991,-71.478888,1.1436842351159404
2017-06-22,41.629991,-71.478888,0.03773415536338645
2017-06-23,41.629991,-71.478888,0.09109604897896811
2017-06-24,41.629991,-71.478888,30.208221462395905
2017-06-25,41.629991,-71.478888,0.0
2017-06-26,41.629991,-71.478888,0.0
2017-06-27,41.629991,-71.478888,0.2774098599921365
2017-06-28,41.629991,-71.478888,0.057685688970789906
2017-06-29,41.629991,-71.478888,0.7718325077107279
2017-06-30,41.629991,-71.478888,2.1754698641318435
2017-07-01,41.629991,-71.478888,2.82012184623628
2017-07-02,41.629991,-71.478888,0.014842758130214594
2017-07-03,41.629991,-71.478888,0.01680748792777577
2017-07-04,41.629991,-71.478888,0.0
2017-07-05,41.629991,-71.478888,0.0
2017-07-06,41.629991,-71.478888,0.17662396806617067
2017-07-07,41.629991,-71.478888,17.53812638450145
2017-07-08,41.629991,-71.478888,0.019825427145334976
2017-07-09,41.629991,-71.478888,0.0
2017-07-10,41.629991,-71.478888,0.0
2017-07-11,41.629991,-71.478888,5.4184333573915495
2017-07-12,41.629991,-71.478888,3.1462908179066527
2017-07-13,41.629991,-71.478888,18.335665378937527
2017-07-14,41.629991,-71.478888,5.559037258353003
2017-07-15,41.629991,-71.478888,0.9021774861606222
2017-07-16,41.629991,-71.478888,0.0
2017-07-17,41.629991,-71.478888,0.18613293049757007
2017-07-18,41.629991,-71.478888,0.0
2017-07-19,41.629991,-71.478888,0.0
2017-07-20,41.629991,-71.478888,0.29517718424689227
2017-07-21,41.629991,-71.478888,0.09630157674558136
2017-07-22,41.629991,-71.478888,1.8891392640545628
2017-07-23,41.629991,-71.478888,2.581432718240979
2017-07-24,41.629991,-71.478888,11.834301091732367
2017-07-25,41.629991,-71.478888,0.37518468056380033
2017-07-26,41.629991,-71.478888,0.0
2017-07-27,41.629991,-71.478888,6.866821496000536
2017-07-28,41.629991,-71.478888,0.06673582741941689
2017-07-29,41.629991,-71.478888,8.102399381410619
2017-07-30,41.629991,-71.478888,0.0
2017-07-31,41.629991,-71.478888,0.0
2017-08-01,41.629991,-71.478888,0.0
2017-08-02,41.629991,-71.478888,0.10377673304097779
2017-08-03,41.629991,-71.478888,0.42057588526804085
2017-08-04,41.629991,-71.478888,0.10508717782628577
2017-08-05,41.629991,-71.478888,3.9487485278677292
2017-08-06,41.629991,-71.478888,0.0
2017-08-07,41.629991,-71.478888,7.42935267479117
2017-08-08,41.629991,-71.478888,3.489939441572598
2017-08-09,41.629991,-71.478888,0.0
2017-08-10,41.629991,-71.478888,0.0
2017-08-11,41.629991,-71.478888,0.0
2017-08-12,41.629991,-71.478888,7.1031804970394194
2017-08-13,41.629991,-71.478888,0.027463844195185026
2017-08-14,41.629991,-71.478888,0.23573075419157571
2017-08-15,41.629991,-71.478888,8.647049764528385
2017-08-16,41.629991,-71.478888,0.0
2017-08-17,41.629991,-71.478888,0.0
2017-08-18,41.629991,-71.478888,5.905752135345953
2017-08-19,41.629991,-71.478888,1.7751106722773011
2017-08-20,41.629991,-71.478888,0.0
2017-08-21,41.629991,-71.478888,0.0
2017-08-22,41.629991,-71.478888,0.07190763161254189
2017-08-23,41.629991,-71.478888,3.478342849862371
2017-08-24,41.629991,-71.478888,0.0
2017-08-25,41.629991,-71.478888,0.0
2017-08-26,41.629991,-71.478888,0.0
2017-08-27,41.629991,-71.478888,0.0
2017-08-28,41.629991,-71.478888,0.0
2017-08-29,41.629991,-71.478888,4.537576731443819
2017-08-30,41.629991,-71.478888,22.7293613330182
2017-08-31,41.629991,-71.478888,0.0
2017-09-01,41.629991,-71.478888,0.0
2017-09-02,41.629991,-71.478888,0.008532325195214052
2017-09-03,41.629991,-71.478888,28.41103853168979
2017-09-04,41.629991,-71.478888,0.0
2017-09-05,41.629991,-71.478888,0.0
2017-09-06,41.629991,-71.478888,20.55381309082618
2017-09-07,41.629991,-71.478888,10.340917017644342
2017-09-08,41.629991,-71.478888,0.0
2017-09-09,41.629991,-71.478888,0.0
2017-09-10,41.629991,-71.478888,0.0
2017-09-11,41.629991,-71.478888,0.0
2017-09-12,41.629991,-71.478888,0.0
2017-09-13,41.629991,-71.478888,0.0
2017-09-14,41.629991,-71.478888,0.0
2017-09-15,41.629991,-71.478888,2.337860479080588
2017-09-16,41.629991,-71.478888,0.0
2017-09-17,41.629991,-71.478888,0.0
2017-09-18,41.629991,-71.478888,0.0
2017-09-19,41.629991,-71.478888,8.775982047246192
2017-09-20,41.629991,-71.478888,3.458686439873731
2017-09-21,41.629991,-71.478888,2.1743081713332155
2017-09-22,41.629991,-71.478888,2.557242557689414
2017-09-23,41.629991,-71.478888,0.0
2017-09-24,41.629991,-71.478888,0.0
2017-09-25,41.629991,-71.478888,0.0
2017-09-26,41.629991,-71.478888,0.0
2017-09-27,41.629991,-71.478888,0.005688216796809368
2017-09-28,41.629991,-71.478888,0.06610932079701985
2017-09-29,41.629991,-71.478888,0.0
2017-09-30,41.629991,-71.478888,14.8625612993213
2017-10-01,41.629991,-71.478888,0.14932929375361842
2017-10-02,41.629991,-71.478888,0.0
2017-10-03,41.629991,-71.478888,0.0
2017-10-04,41.629991,-71.478888,0.0
2017-10-05,41.629991,-71.478888,0.3045452306490117
2017-10-06,41.629991,-71.478888,4.788421437717904
2017-10-07,41.629991,-71.478888,0.5268018029060122
2017-10-08,41.629991,-71.478888,8.483775971910463
2017-10-09,41.629991,-71.478888,7.90757337022135
2017-10-10,41.629991,-71.478888,0.011376433593618736
2017-10-11,41.629991,-71.478888,0.3708974225083375
2017-10-12,41.629991,-71.478888,2.6640805341573595
2017-10-13,41.629991,-71.478888,0.0
2017-10-14,41.629991,-71.478888,0.13577785696724418
2017-10-15,41.629991,-71.478888,0.003555535495748938
2017-10-16,41.629991,-71.478888,0.6617444778628299
2017-10-17,41.629991,-71.478888,0.0
2017-10-18,41.629991,-71.478888,0.0034682745635248053
2017-10-19,41.629991,-71.478888,0.0
2017-10-20,41.629991,-71.478888,0.0
2017-10-21,41.629991,-71.478888,0.0
2017-10-22,41.629991,-71.478888,0.0
2017-10-23,41.629991,-71.478888,0.0
2017-10-24,41.629991,-71.478888,2.952787968395524
2017-10-25,41.629991,-71.478888,32.11580479379701
2017-10-26,41.629991,-71.478888,32.57448657550103
2017-10-27,41.629991,-71.478888,0.024888749132512673
2017-10-28,41.629991,-71.478888,0.002310883024397239
2017-10-29,41.629991,-71.478888,9.50502501031424
2017-10-30,41.629991,-71.478888,51.34827739116327
2017-10-31,41.629991,-71.478888,0.0
2017-11-01,41.629991,-71.478888,0.17703941028376396
2017-11-02,41.629991,-71.478888,0.09672245163630136
2017-11-03,41.629991,-71.478888,0.0
2017-11-04,41.629991,-71.478888,0.010666606487246813
2017-11-05,41.629991,-71.478888,2.5613118338613465
2017-11-06,41.629991,-71.478888,1.053432577181655
2017-11-07,41.629991,-71.478888,8.946729041902405
2017-11-08,41.629991,-71.478888,7.7153178684171015
2017-11-09,41.629991,-71.478888,0.0
2017-11-10,41.629991,-71.478888,0.0
2017-11-11,41.629991,-71.478888,0.0
2017-11-12,41.629991,-71.478888,0.0
2017-11-13,41.629991,-71.478888,4.890811894977235
2017-11-14,41.629991,-71.478888,0.04124517254005481
2017-11-15,41.629991,-71.478888,0.0
2017-11-16,41.629991,-71.478888,8.504373973368438
2017-11-17,41.629991,-71.478888,0.0
2017-11-18,41.629991,-71.478888,1.0837489021954725
2017-11-19,41.629991,-71.478888,17.692905605847546
2017-11-20,41.629991,-71.478888,0.0
2017-11-21,41.629991,-71.478888,0.0
2017-11-22,41.629991,-71.478888,28.68013087349808
2017-11-23,41.629991,-71.478888,0.0
2017-11-24,41.629991,-71.478888,0.0
2017-11-25,41.629991,-71.478888,0.09204115761662594
2017-11-26,41.629991,-71.478888,1.014263416252083
2017-11-27,41.629991,-71.478888,0.0
2017-11-28,41.629991,-71.478888,0.002310883024397239
2017-11-29,41.629991,-71.478888,0.0
2017-11-30,41.629991,-71.478888,0.0
2017-12-01,41.629991,-71.478888,2.836330337676892
2017-12-02,41.629991,-71.478888,0.0
2017-12-03,41.629991,-71.478888,0.03154427252324763
2017-12-04,41.629991,-71.478888,0.0
2017-12-05,41.629991,-71.478888,0.5073085625816678
2017-12-06,41.629991,-71.478888,21.904049132147524
2017-12-07,41.629991,-71.478888,0.0
2017-12-08,41.629991,-71.478888,2.2230617301872795
2017-12-09,41.629991,-71.478888,14.518609400873641
2017-12-10,41.629991,-71.478888,2.689970737648376
2017-12-11,41.629991,-71.478888,0.1719847607733467
2017-12-12,41.629991,-71.478888,9.670417808831754
2017-12-13,41.629991,-71.478888,0.17243956204811123
2017-12-14,41.629991,-71.478888,0.06910681938157798
2017-12-15,41.629991,-71.478888,0.0
2017-12-16,41.629991,-71.478888,0.0
2017-12-17,41.629991,-71.478888,0.0
2017-12-18,41.629991,-71.478888,0.28498427920779357
2017-12-19,41.629991,-71.478888,0.0
2017-12-20,41.629991,-71.478888,0.03735019094253615
2017-12-21,41.629991,-71.478888,0.0
2017-12-22,41.629991,-71.478888,0.01858354505713873
2017-12-23,41.629991,-71.478888,19.954444034884805
2017-12-24,41.629991,-71.478888,6.905133047590796
2017-12-25,41.629991,-71.478888,1.5695002415901615
2017-12-26,41.629991,-71.478888,0.457683949142512
2017-12-27,41.629991,-71.478888,0.0
2017-12-28,41.629991,-71.478888,0.0
2017-12-29,41.629991,-71.478888,0.0
2017-12-30,41.629991,-71.478888,0.0
2017-12-31,41.629991,-71.478888,0.003757297389983828
2018-01-01,41.629991,-71.478888,0.0
2018-01-02,41.629991,-71.478888,0.0
2018-01-03,41.629991,-71.478888,0.0
2018-01-04,41.629991,-71.478888,13.631236730757205
2018-01-05,41.629991,-71.478888,0.5732822682336511
2018-01-06,41.629991,-71.478888,0.0
2018-01-07,41.629991,-71.478888,0.002310883024397239
2018-01-08,41.629991,-71.478888,0.48935002292028473
2018-01-09,41.629991,-71.478888,1.7898138390189007
2018-01-10,41.629991,-71.478888,0.0
2018-01-11,41.629991,-71.478888,0.024779657215696776
2018-01-12,41.629991,-71.478888,15.330001660399454
2018-01-13,41.629991,-71.478888,66.51104599297555
2018-01-14,41.629991,-71.478888,0.0
2018-01-15,41.629991,-71.478888,0.06759690168369856
2018-01-16,41.629991,-71.478888,0.0
2018-01-17,41.629991,-71.478888,0.8388032955883858
2018-01-18,41.629991,-71.478888,0.0
2018-01-19,41.629991,-71.478888,0.0
2018-01-20,41.629991,-71.478888,0.0
2018-01-21,41.629991,-71.478888,0.0
2018-01-22,41.629991,-71.478888,0.0
2018-01-23,41.629991,-71.478888,46.832622931656466
2018-01-24,41.629991,-71.478888,0.0
2018-01-25,41.629991,-71.478888,0.0
2018-01-26,41.629991,-71.478888,0.0
2018-01-27,41.629991,-71.478888,0.0
2018-01-28,41.629991,-71.478888,7.92365836085127
2018-01-29,41.629991,-71.478888,1.580234506224545
2018-01-30,41.629991,-71.478888,0.4491358067846356
2018-01-31,41.629991,-71.478888,0.0
2018-02-01,41.629991,-71.478888,0.039443563166424826
2018-02-02,41.629991,-71.478888,1.8971822124710456
2018-02-03,41.629991,-71.478888,0.0
2018-02-04,41.629991,-71.478888,2.55929181551433
2018-02-05,41.629991,-71.478888,22.167378991999865
2018-02-06,41.629991,-71.478888,0.0
2018-02-07,41.629991,-71.478888,14.508269573853706
2018-02-08,41.629991,-71.478888,1.8629064530740425
2018-02-09,41.629991,-71.478888,0.0
2018-02-10,41.629991,-71.478888,2.7233655015147753
2018-02-11,41.629991,-71.478888,50.815561451712085
2018-02-12,41.629991,-71.478888,8.799675012542059
2018-02-13,41.629991,-71.478888,0.0
2018-02-14,41.629991,-71.478888,0.09839475339571396
2018-02-15,41.629991,-71.478888,1.4501054085142295
2018-02-16,41.629991,-71.478888,13.491514719257095
2018-02-17,41.629991,-71.478888,0.22940519784559307
2018-02-18,41.629991,-71.478888,12.535438533394366
2018-02-19,41.629991,-71.478888,1.9747137640403036
2018-02-20,41.629991,-71.478888,5.439376725573519
2018-02-21,41.629991,-71.478888,0.12935245316613372
2018-02-22,41.629991,-71.478888,2.8763139192700744
2018-02-23,41.629991,-71.478888,5.333673436446976
2018-02-24,41.629991,-71.478888,10.803563688414615
2018-02-25,41.629991,-71.478888,26.670319549687086
2018-02-26,41.629991,-71.478888,0.06243849490193848
2018-02-27,41.629991,-71.478888,0.0
2018-02-28,41.629991,-71.478888,0.8112902587163995
2018-03-01,41.629991,-71.478888,0.2624480196246339
2018-03-02,41.629991,-71.478888,67.61500103920223
2018-03-03,41.629991,-71.478888,0.21598420092132842
2018-03-04,41.629991,-71.478888,0.0
2018-03-05,41.629991,-71.478888,0.18833354076998415
2018-03-06,41.629991,-71.478888,0.0
2018-03-07,41.629991,-71.478888,20.74119640511997
2018-03-08,41.629991,-71.478888,2.9835945029308735
2018-03-09,41.629991,-71.478888,0.0
2018-03-10,41.629991,-71.478888,0.0
2018-03-11,41.629991,-71.478888,0.0
2018-03-12,41.629991,-71.478888,0.0
2018-03-13,41.629991,-71.478888,35.335921055479425
2018-03-14,41.629991,-71.478888,0.08732929050403353
2018-03-15,41.629991,-71.478888,0.0011554415121986196
2018-03-16,41.629991,-71.478888,0.0
2018-03-17,41.629991,-71.478888,0.0
2018-03-18,41.629991,-71.478888,0.0
2018-03-19,41.629991,-71.478888,0.0
2018-03-20,41.629991,-71.478888,0.1536526500382929
2018-03-21,41.629991,-71.478888,1.8083114461194632
2018-03-22,41.629991,-71.478888,1.09984609687676
2018-03-23,41.629991,-71.478888,0.0
2018-03-24,41.629991,-71.478888,0.04266162438680081
2018-03-25,41.629991,-71.478888,0.0
2018-03-26,41.629991,-71.478888,0.0
2018-03-27,41.629991,-71.478888,0.0
2018-03-28,41.629991,-71.478888,1.002932822651418
2018-03-29,41.629991,-71.478888,0.4656870840981637
2018-03-30,41.629991,-71.478888,2.6795841104401403
2018-03-31,41.629991,-71.478888,0.22461454777148823
2018-04-01,41.629991,-71.478888,3.546580306175483
2018-04-02,41.629991,-71.478888,3.077407142047001
2018-04-03,41.629991,-71.478888,11.559562639182133
2018-04-04,41.629991,-71.478888,5.8975984786958024
2018-04-05,41.629991,-71.478888,0.0
2018-04-06,41.629991,-71.478888,2.756569784049817
2018-04-07,41.629991,-71.478888,3.0237039075764116
2018-04-08,41.629991,-71.478888,0.001422854194688508
2018-04-09,41.629991,-71.478888,0.0
2018-04-10,41.629991,-71.478888,0.08591420706582124
2018-04-11,41.629991,-71.478888,0.0
2018-04-12,41.629991,-71.478888,0.7553195996444363
2018-04-13,41.629991,-71.478888,11.83734684671145
2018-04-14,41.629991,-71.478888,0.2202888046222136
2018-04-15,41.629991,-71.478888,2.242545167480897
2018-04-16,41.629991,-71.478888,36.79003603873696
2018-04-17,41.629991,-71.478888,0.06240416372244084
2018-04-18,41.629991,-71.478888,0.09226018202198874
2018-04-19,41.629991,-71.478888,2.95765835548528
2018-04-20,41.629991,-71.478888,0.011376433593618736
2018-04-21,41.629991,-71.478888,0.0
2018-04-22,41.629991,-71.478888,0.0
2018-04-23,41.629991,-71.478888,0.0
2018-04-24,41.629991,-71.478888,0.0002890228802937335
2018-04-25,41.629991,-71.478888,29.713833312533186
2018-04-26,41.629991,-71.478888,10.929813581834363
2018-04-27,41.629991,-71.478888,22.851000196419314
2018-04-28,41.629991,-71.478888,0.0
2018-04-29,41.629991,-71.478888,0.23426984671588097
2018-04-30,41.629991,-71.478888,0.0
2018-05-01,41.629991,-71.478888,0.000711427097344254
2018-05-02,41.629991,-71.478888,0.0
2018-05-03,41.629991,-71.478888,0.016176179879474124
2018-05-04,41.629991,-71.478888,1.369277859174379
2018-05-05,41.629991,-71.478888,0.033685065856493765
2018-05-06,41.629991,-71.478888,7.6158559560211145
2018-05-07,41.629991,-71.478888,0.31403096410276454
2018-05-08,41.629991,-71.478888,0.0
2018-05-09,41.629991,-71.478888,0.0
2018-05-10,41.629991,-71.478888,0.0
2018-05-11,41.629991,-71.478888,0.19038842992539232
2018-05-12,41.629991,-71.478888,3.4159309046763173
2018-05-13,41.629991,-71.478888,1.3270308428688833
2018-05-14,41.629991,-71.478888,0.0447118460527963
2018-05-15,41.629991,-71.478888,13.260270054793224
2018-05-16,41.629991,-71.478888,6.027198801638999
2018-05-17,41.629991,-71.478888,13.623500349394579
2018-05-18,41.629991,-71.478888,0.04802187726155913
2018-05-19,41.629991,-71.478888,6.0259606084931985
2018-05-20,41.629991,-71.478888,3.9647532306904676
2018-05-21,41.629991,-71.478888,0.0
2018-05-22,41.629991,-71.478888,6.75419558498325
2018-05-23,41.629991,-71.478888,1.663950770286087
2018-05-24,41.629991,-71.478888,0.0
2018-05-25,41.629991,-71.478888,0.005688216796809368
2018-05-26,41.629991,-71.478888,0.014932399118592395
2018-05-27,41.629991,-71.478888,1.5674997857689363
2018-05-28,41.629991,-71.478888,0.05581831619647108
2018-05-29,41.629991,-71.478888,0.03171187539875173
2018-05-30,41.629991,-71.478888,0.0
2018-05-31,41.629991,-71.478888,0.008532325195214052
2018-06-01,41.629991,-71.478888,10.61713260983683
2018-06-02,41.629991,-71.478888,0.4184147045200495
2018-06-03,41.629991,-71.478888,0.0
2018-06-04,41.629991,-71.478888,8.755299266248734
2018-06-05,41.629991,-71.478888,0.5054073487607291
2018-06-06,41.629991,-71.478888,0.3195490979456436
2018-06-07,41.629991,-71.478888,0.0
2018-06-08,41.629991,-71.478888,0.0
2018-06-09,41.629991,-71.478888,0.0
2018-06-10,41.629991,-71.478888,0.0
2018-06-11,41.629991,-71.478888,1.1687666243071089
2018-06-12,41.629991,-71.478888,0.0
2018-06-13,41.629991,-71.478888,1.4067818240186412
2018-06-14,41.629991,-71.478888,0.0665589137643473
2018-06-15,41.629991,-71.478888,0.1252111712528067
2018-06-16,41.629991,-71.478888,0.017331622037326022
2018-06-17,41.629991,-71.478888,0.0
2018-06-18,41.629991,-71.478888,2.1118166356810075
2018-06-19,41.629991,-71.478888,15.338009833034326
2018-06-20,41.629991,-71.478888,0.05200136792324114
2018-06-21,41.629991,-71.478888,1.6201055888988467
2018-06-22,41.629991,-71.478888,0.0
2018-06-23,41.629991,-71.478888,4.602181682920965
2018-06-24,41.629991,-71.478888,0.2669880986932729
2018-06-25,41.629991,-71.478888,4.5745648604751805
2018-06-26,41.629991,-71.478888,0.0
2018-06-27,41.629991,-71.478888,0.09264749154561676
2018-06-28,41.629991,-71.478888,19.25338926891319
2018-06-29,41.629991,-71.478888,0.06387333548397386
2018-06-30,41.629991,-71.478888,0.14695775983438003
2018-07-01,41.629991,-71.478888,0.2043107755621637
2018-07-02,41.629991,-71.478888,0.0
2018-07-03,41.629991,-71.478888,0.0
2018-07-04,41.629991,-71.478888,0.24411829337530322
2018-07-05,41.629991,-71.478888,0.0
2018-07-06,41.629991,-71.478888,12.860506177359005
2018-07-07,41.629991,-71.478888,0.0
2018-07-08,41.629991,-71.478888,0.0
2018-07-09,41.629991,-71.478888,0.0
2018-07-10,41.629991,-71.478888,0.0
2018-07-11,41.629991,-71.478888,0.27305392074860557
2018-07-12,41.629991,-71.478888,0.0
2018-07-13,41.629991,-71.478888,0.0
2018-07-14,41.629991,-71.478888,0.9920774958348835
2018-07-15,41.629991,-71.478888,3.3170316495247167
2018-07-16,41.629991,-71.478888,0.0
2018-07-17,41.629991,-71.478888,4.071323746895976
2018-07-18,41.629991,-71.478888,8.381632533646926
2018-07-19,41.629991,-71.478888,0.0
2018-07-20,41.629991,-71.478888,0.0
2018-07-21,41.629991,-71.478888,0.0
2018-07-22,41.629991,-71.478888,30.35327745577522
2018-07-23,41.629991,-71.478888,0.3314903952730066
2018-07-24,41.629991,-71.478888,0.0
2018-07-25,41.629991,-71.478888,1.6401829959851189
2018-07-26,41.629991,-71.478888,4.269820644835428
2018-07-27,41.629991,-71.478888,0.0
2018-07-28,41.629991,-71.478888,1.8862315410792752
2018-07-29,41.629991,-71.478888,3.7713399702880777
2018-07-30,41.629991,-71.478888,3.7332278824202647
2018-07-31,41.629991,-71.478888,0.1185513844901186
2018-08-01,41.629991,-71.478888,0.8796153914397464
2018-08-02,41.629991,-71.478888,0.0
2018-08-03,41.629991,-71.478888,0.0
2018-08-04,41.629991,-71.478888,47.748277410164214
2018-08-05,41.629991,-71.478888,0.0
2018-08-06,41.629991,-71.478888,0.0
2018-08-07,41.629991,-71.478888,0.0
2018-08-08,41.629991,-71.478888,5.564665817368603
2018-08-09,41.629991,-71.478888,3.9539609778976077
2018-08-10,41.629991,-71.478888,0.11684365557735979
2018-08-11,41.629991,-71.478888,15.053621961459585
2018-08-12,41.629991,-71.478888,3.713004942598908
2018-08-13,41.629991,-71.478888,4.93386709507851
2018-08-14,41.629991,-71.478888,0.0
2018-08-15,41.629991,-71.478888,0.4335685072587867
2018-08-16,41.629991,-71.478888,0.04550573437447494
2018-08-17,41.629991,-71.478888,0.09251297310734038
2018-08-18,41.629991,-71.478888,39.02994524896782
2018-08-19,41.629991,-71.478888,1.1441848493812519
2018-08-20,41.629991,-71.478888,0.1318229130880365
2018-08-21,41.629991,-71.478888,0.0
2018-08-22,41.629991,-71.478888,4.733967101207249
2018-08-23,41.629991,-71.478888,0.020075780491962195
2018-08-24,41.629991,-71.478888,0.0
2018-08-25,41.629991,-71.478888,0.0
2018-08-26,41.629991,-71.478888,0.0
2018-08-27,41.629991,-71.478888,0.0
2018-08-28,41.629991,-71.478888,0.3041475974207586
2018-08-29,41.629991,-71.478888,0.0
2018-08-30,41.629991,-71.478888,0.3518395636987792
2018-08-31,41.629991,-71.478888,0.1803255787166055
2018-09-01,41.629991,-71.478888,0.7574948301421971
2018-09-02,41.629991,-71.478888,0.0
2018-09-03,41.629991,-71.478888,0.08733976181302519
2018-09-04,41.629991,-71.478888,0.002845708389377016
2018-09-05,41.629991,-71.478888,0.0510653683506887
2018-09-06,41.629991,-71.478888,11.824081366605986
2018-09-07,41.629991,-71.478888,11.636588877399245
2018-09-08,41.629991,-71.478888,16.81573361053576
2018-09-09,41.629991,-71.478888,4.21493109126186
2018-09-10,41.629991,-71.478888,30.682906204941535
2018-09-11,41.629991,-71.478888,0.12496974948156006
2018-09-12,41.629991,-71.478888,23.70185596261251
2018-09-13,41.629991,-71.478888,14.589386782595014
2018-09-14,41.629991,-71.478888,0.0
2018-09-15,41.629991,-71.478888,0.0
2018-09-16,41.629991,-71.478888,0.0
2018-09-17,41.629991,-71.478888,0.47912579695858615
2018-09-18,41.629991,-71.478888,16.196574852691842
2018-09-19,41.629991,-71.478888,0.01155623517541425
2018-09-20,41.629991,-71.478888,0.002844108398404684
2018-09-21,41.629991,-71.478888,0.8795119711578063
2018-09-22,41.629991,-71.478888,0.008537125168131049
2018-09-23,41.629991,-71.478888,0.1923829727637794
2018-09-24,41.629991,-71.478888,0.0017118770749822414
2018-09-25,41.629991,-71.478888,29.880343654430757
2018-09-26,41.629991,-71.478888,18.06075464618323
2018-09-27,41.629991,-71.478888,4.614007193108819
2018-09-28,41.629991,-71.478888,10.532347577966101
2018-09-29,41.629991,-71.478888,0.0
2018-09-30,41.629991,-71.478888,0.09083420527284343
2018-10-01,41.629991,-71.478888,0.42034108699014505
2018-10-02,41.629991,-71.478888,2.5929225628769865
2018-10-03,41.629991,-71.478888,35.92250892351531
2018-10-04,41.629991,-71.478888,0.035059027671220544
2018-10-05,41.629991,-71.478888,0.0
2018-10-06,41.629991,-71.478888,0.12571427927887685
2018-10-07,41.629991,-71.478888,0.027797687991815267
2018-10-08,41.629991,-71.478888,0.0
2018-10-09,41.629991,-71.478888,0.0
2018-10-10,41.629991,-71.478888,0.0039995499106033035
2018-10-11,41.629991,-71.478888,7.303084176097445
2018-10-12,41.629991,-71.478888,61.51149323874291
2018-10-13,41.629991,-71.478888,5.368520049550795
2018-10-14,41.629991,-71.478888,0.5936689245100755
2018-10-15,41.629991,-71.478888,0.3431046836661885
2018-10-16,41.629991,-71.478888,1.9091633632583607
2018-10-17,41.629991,-71.478888,0.031635093360895226
2018-10-18,41.629991,-71.478888,0.0
2018-10-19,41.629991,-71.478888,0.0
2018-10-20,41.629991,-71.478888,3.5116658781871553
2018-10-21,41.629991,-71.478888,3.125856873384151
2018-10-22,41.629991,-71.478888,0.011956079345178536
2018-10-23,41.629991,-71.478888,0.9261739883310447
2018-10-24,41.629991,-71.478888,0.002844108398404684
2018-10-25,41.629991,-71.478888,0.370075257583374
2018-10-26,41.629991,-71.478888,0.05524289990555625
2018-10-27,41.629991,-71.478888,18.341286033234244
2018-10-28,41.629991,-71.478888,0.0044674244693754545
2018-10-29,41.629991,-71.478888,2.2646944056340237
2018-10-30,41.629991,-71.478888,0.0
2018-10-31,41.629991,-71.478888,0.014401773996071194
2018-11-01,41.629991,-71.478888,1.4350556852828882
2018-11-02,41.629991,-71.478888,17.785021528585418
2018-11-03,41.629991,-71.478888,26.661414850878877
2018-11-04,41.629991,-71.478888,0.0
2018-11-05,41.629991,-71.478888,2.569325769070894
2018-11-06,41.629991,-71.478888,17.55190780995217
2018-11-07,41.629991,-71.478888,5.723833403029004
2018-11-08,41.629991,-71.478888,0.0
2018-11-09,41.629991,-71.478888,3.198786003872701
2018-11-10,41.629991,-71.478888,40.77432284268471
2018-11-11,41.629991,-71.478888,0.0
2018-11-12,41.629991,-71.478888,0.02710882085905312
2018-11-13,41.629991,-71.478888,31.215553138552522
2018-11-14,41.629991,-71.478888,0.06468325785322437
2018-11-15,41.629991,-71.478888,32.87197473072573
2018-11-16,41.629991,-71.478888,27.89232149674293
2018-11-17,41.629991,-71.478888,0.0
2018-11-18,41.629991,-71.478888,0.005155641431778238
2018-11-19,41.629991,-71.478888,0.07276407093186503
2018-11-20,41.629991,-71.478888,1.4076195689215711
2018-11-21,41.629991,-71.478888,0.0
2018-11-22,41.629991,-71.478888,0.0
2018-11-23,41.629991,-71.478888,0.0
2018-11-24,41.629991,-71.478888,0.2974573184753939
2018-11-25,41.629991,-71.478888,40.997109204889156
2018-11-26,41.629991,-71.478888,11.68665823126897
2018-11-27,41.629991,-71.478888,1.7784881947808506
2018-11-28,41.629991,-71.478888,0.0
2018-11-29,41.629991,-71.478888,0.0
2018-11-30,41.629991,-71.478888,0.007111070991497876
2018-12-01,41.629991,-71.478888,0.011376433593618736
2018-12-02,41.629991,-71.478888,12.247074900754809
2018-12-03,41.629991,-71.478888,0.18548494625680248
2018-12-04,41.629991,-71.478888,0.0
2018-12-05,41.629991,-71.478888,0.0
2018-12-06,41.629991,-71.478888,0.0
2018-12-07,41.629991,-71.478888,0.0
2018-12-08,41.629991,-71.478888,0.0
2018-12-09,41.629991,-71.478888,0.0
2018-12-10,41.629991,-71.478888,0.0
2018-12-11,41.629991,-71.478888,0.0
2018-12-12,41.629991,-71.478888,0.0
2018-12-13,41.629991,-71.478888,1.0809491565294989
2018-12-14,41.629991,-71.478888,0.0
2018-12-15,41.629991,-71.478888,2.707784657016476
2018-12-16,41.629991,-71.478888,23.673482476617046
2018-12-17,41.629991,-71.478888,9.784323217482939
2018-12-18,41.629991,-71.478888,0.01229312254016225
2018-12-19,41.629991,-71.478888,0.0
2018-12-20,41.629991,-71.478888,0.22275778867674578
2018-12-21,41.629991,-71.478888,56.208683660091296
2018-12-22,41.629991,-71.478888,9.32110273393389
2018-12-23,41.629991,-71.478888,0.0002890228802937335
2018-12-24,41.629991,-71.478888,0.02234297057304519
2018-12-25,41.629991,-71.478888,0.008402143443159073
2018-12-26,41.629991,-71.478888,0.0
2018-12-27,41.629991,-71.478888,0.0
2018-12-28,41.629991,-71.478888,27.286041949198875
2018-12-29,41.629991,-71.478888,3.259172104604091
2018-12-30,41.629991,-71.478888,0.000578045760587467
2018-12-31,41.629991,-71.478888,5.834429338502652
2019-01-01,41.629991,-71.478888,27.45650826222424
2019-01-02,41.629991,-71.478888,0.006691866623878391
2019-01-03,41.629991,-71.478888,5.035728544175158
2019-01-04,41.629991,-71.478888,0.0002890228802937335
2019-01-05,41.629991,-71.478888,28.439882943630252
2019-01-06,41.629991,-71.478888,1.0708786320669867
2019-01-07,41.629991,-71.478888,0.03872852595771632
2019-01-08,41.629991,-71.478888,2.249222656400616
2019-01-09,41.629991,-71.478888,2.710580672290873
2019-01-10,41.629991,-71.478888,0.9886747336143216
2019-01-11,41.629991,-71.478888,0.0
2019-01-12,41.629991,-71.478888,0.0
2019-01-13,41.629991,-71.478888,0.0
2019-01-14,41.629991,-71.478888,0.0
2019-01-15,41.629991,-71.478888,0.03414849855230617
2019-01-16,41.629991,-71.478888,0.0
2019-01-17,41.629991,-71.478888,0.0
2019-01-18,41.629991,-71.478888,0.682780440585804
2019-01-19,41.629991,-71.478888,0.017064650390428104
2019-01-20,41.629991,-71.478888,81.46694016280637
2019-01-21,41.629991,-71.478888,0.0
2019-01-22,41.629991,-71.478888,0.0
2019-01-23,41.629991,-71.478888,0.24789699880980562
2019-01-24,41.629991,-71.478888,49.17128076410498
2019-01-25,41.629991,-71.478888,0.0014451143476339602
2019-01-26,41.629991,-71.478888,0.019916757154126975
2019-01-27,41.629991,-71.478888,0.022248081172146314
2019-01-28,41.629991,-71.478888,0.8542323925964005
2019-01-29,41.629991,-71.478888,0.16323040944380285
2019-01-30,41.629991,-71.478888,2.9460864292171114
2019-01-31,41.629991,-71.478888,0.0
2019-02-01,41.629991,-71.478888,0.0
2019-02-02,41.629991,-71.478888,0.004313082889956428
2019-02-03,41.629991,-71.478888,1.0834755030243333
2019-02-04,41.629991,-71.478888,0.0
2019-02-05,41.629991,-71.478888,0.03557135566229444
2019-02-06,41.629991,-71.478888,0.010069979679158672
2019-02-07,41.629991,-71.478888,16.25473764104105
2019-02-08,41.629991,-71.478888,18.401834408765858
2019-02-09,41.629991,-71.478888,0.034129298661830273
2019-02-10,41.629991,-71.478888,0.0
2019-02-11,41.629991,-71.478888,0.3333636048340543
2019-02-12,41.629991,-71.478888,17.241252434824474
2019-02-13,41.629991,-71.478888,16.762569988184364
2019-02-14,41.629991,-71.478888,0.0
2019-02-15,41.629991,-71.478888,3.880375029175267
2019-02-16,41.629991,-71.478888,3.5777832277222257
2019-02-17,41.629991,-71.478888,0.10029093563966127
2019-02-18,41.629991,-71.478888,11.455301631117488
2019-02-19,41.629991,-71.478888,0.04346419264149291
2019-02-20,41.629991,-71.478888,0.4706201123330632
2019-02-21,41.629991,-71.478888,13.075406593536481
2019-02-22,41.629991,-71.478888,0.06779849226956464
2019-02-23,41.629991,-71.478888,0.12556697872884964
2019-02-24,41.629991,-71.478888,21.34257260680641
2019-02-25,41.629991,-71.478888,0.0
2019-02-26,41.629991,-71.478888,0.0
2019-02-27,41.629991,-71.478888,1.2662315074000374
2019-02-28,41.629991,-71.478888,0.19625679401301346
2019-03-01,41.629991,-71.478888,0.27463553042599953
2019-03-02,41.629991,-71.478888,7.8045034273461535
2019-03-03,41.629991,-71.478888,0.31612955868252546
2019-03-04,41.629991,-71.478888,49.98259102612251
2019-03-05,41.629991,-71.478888,0.0
2019-03-06,41.629991,-71.478888,0.0
2019-03-07,41.629991,-71.478888,0.0
2019-03-08,41.629991,-71.478888,0.0
2019-03-09,41.629991,-71.478888,0.0
2019-03-10,41.629991,-71.478888,7.461645693132846
2019-03-11,41.629991,-71.478888,0.17100538797918957
2019-03-12,41.629991,-71.478888,0.002844108398404684
2019-03-13,41.629991,-71.478888,0.0
2019-03-14,41.629991,-71.478888,0.36325304226886085
2019-03-15,41.629991,-71.478888,6.136528341509805
2019-03-16,41.629991,-71.478888,0.4415981895669155
2019-03-17,41.629991,-71.478888,0.0
2019-03-18,41.629991,-71.478888,0.0
2019-03-19,41.629991,-71.478888,0.0
2019-03-20,41.629991,-71.478888,0.0
2019-03-21,41.629991,-71.478888,0.15860468091506505
2019-03-22,41.629991,-71.478888,19.458434226597586
2019-03-23,41.629991,-71.478888,0.23289232532847634
2019-03-24,41.629991,-71.478888,0.008537125168131049
2019-03-25,41.629991,-71.478888,0.55568403646254
2019-03-26,41.629991,-71.478888,0.0028889287849847064
2019-03-27,41.629991,-71.478888,0.0002890228802937335
2019-03-28,41.629991,-71.478888,0.0
2019-03-29,41.629991,-71.478888,0.932327191009809
2019-03-30,41.629991,-71.478888,0.09480165989642846
2019-03-31,41.629991,-71.478888,3.9734086500551333
2019-04-01,41.629991,-71.478888,0.0
2019-04-02,41.629991,-71.478888,0.0
2019-04-03,41.629991,-71.478888,30.456022133046485
2019-04-04,41.629991,-71.478888,0.0
2019-04-05,41.629991,-71.478888,1.6677645236193408
2019-04-06,41.629991,-71.478888,3.0997604261460365
2019-04-07,41.629991,-71.478888,0.015983639152447757
2019-04-08,41.629991,-71.478888,14.384955202510199
2019-04-09,41.629991,-71.478888,1.883634671124912
2019-04-10,41.629991,-71.478888,0.0
2019-04-11,41.629991,-71.478888,0.0
2019-04-12,41.629991,-71.478888,0.824831295507896
2019-04-13,41.629991,-71.478888,18.441494021854474
2019-04-14,41.629991,-71.478888,0.3241877487890228
2019-04-15,41.629991,-71.478888,17.26240270540609
2019-04-16,41.629991,-71.478888,0.300414788867286
2019-04-17,41.629991,-71.478888,0.06482364780454558
2019-04-18,41.629991,-71.478888,0.5680102402538785
2019-04-19,41.629991,-71.478888,0.15803312219142002
2019-04-20,41.629991,-71.478888,28.69484575082281
2019-04-21,41.629991,-71.478888,8.990306664994664
2019-04-22,41.629991,-71.478888,3.697309364759413
2019-04-23,41.629991,-71.478888,0.9661286048037937
2019-04-24,41.629991,-71.478888,5.528040609447654
2019-04-25,41.629991,-71.478888,0.002844108398404684
2019-04-26,41.629991,-71.478888,19.646867679291915
2019-04-27,41.629991,-71.478888,12.781709067563387
2019-04-28,41.629991,-71.478888,2.333003013571887
2019-04-29,41.629991,-71.478888,0.003868418573795165
2019-04-30,41.629991,-71.478888,3.7089655582493135
2019-05-01,41.629991,-71.478888,0.14238969562755063
2019-05-02,41.629991,-71.478888,1.0672716985189008
2019-05-03,41.629991,-71.478888,1.5644656971750786
2019-05-04,41.629991,-71.478888,7.501077482642685
2019-05-05,41.629991,-71.478888,21.11578253927134
2019-05-06,41.629991,-71.478888,15.19848077569217
2019-05-07,41.629991,-71.478888,0.0
2019-05-08,41.629991,-71.478888,0.504067206023912
2019-05-09,41.629991,-71.478888,0.03664137605215356
2019-05-10,41.629991,-71.478888,1.1683347361424326
2019-05-11,41.629991,-71.478888,0.710735603559503
2019-05-12,41.629991,-71.478888,28.215481847567517
2019-05-13,41.629991,-71.478888,4.599139473038581
2019-05-14,41.629991,-71.478888,3.920916930612329
2019-05-15,41.629991,-71.478888,0.033659494571278925
2019-05-16,41.629991,-71.478888,0.03601601862847524
2019-05-17,41.629991,-71.478888,1.7684572836696126
2019-05-18,41.629991,-71.478888,0.2252184988214186
2019-05-19,41.629991,-71.478888,0.07799255476340677
2019-05-20,41.629991,-71.478888,3.468925878752164
2019-05-21,41.629991,-71.478888,0.17091462786809444
2019-05-22,41.629991,-71.478888,0.0
2019-05-23,41.629991,-71.478888,0.1955440659861737
2019-05-24,41.629991,-71.478888,0.38627993070011
2019-05-25,41.629991,-71.478888,0.0
2019-05-26,41.629991,-71.478888,0.6820164111084657
2019-05-27,41.629991,-71.478888,0.07347263065314874
2019-05-28,41.629991,-71.478888,0.10776189898812069
2019-05-29,41.629991,-71.478888,1.39973235624882
2019-05-30,41.629991,-71.478888,6.3021531916686095
2019-05-31,41.629991,-71.478888,6.5640151788988375
2019-06-01,41.629991,-71.478888,0.0
2019-06-02,41.629991,-71.478888,0.3084847950712669
2019-06-03,41.629991,-71.478888,1.734131747963463
2019-06-04,41.629991,-71.478888,0.0
2019-06-05,41.629991,-71.478888,0.0954036855300904
2019-06-06,41.629991,-71.478888,4.174587265374433
2019-06-07,41.629991,-71.478888,0.0
2019-06-08,41.629991,-71.478888,0.010843208219611291
2019-06-09,41.629991,-71.478888,0.0
2019-06-10,41.629991,-71.478888,1.2593180510747302
2019-06-11,41.629991,-71.478888,20.806416621002533
2019-06-12,41.629991,-71.478888,0.0
2019-06-13,41.629991,-71.478888,18.100429116212332
2019-06-14,41.629991,-71.478888,0.0
2019-06-15,41.629991,-71.478888,0.0039995499106033035
2019-06-16,41.629991,-71.478888,7.200983488782735
2019-06-17,41.629991,-71.478888,0.4857118631506228
2019-06-18,41.629991,-71.478888,13.573494009511977
2019-06-19,41.629991,-71.478888,0.674736830301111
2019-06-20,41.629991,-71.478888,2.32082643246043
2019-06-21,41.629991,-71.478888,15.893120130577543
2019-06-22,41.629991,-71.478888,1.519149369368804
2019-06-23,41.629991,-71.478888,0.0
2019-06-24,41.629991,-71.478888,0.02275286718723747
2019-06-25,41.629991,-71.478888,19.576889358354425
2019-06-26,41.629991,-71.478888,0.0
2019-06-27,41.629991,-71.478888,0.0
2019-06-28,41.629991,-71.478888,0.0
2019-06-29,41.629991,-71.478888,4.378188454332526
2019-06-30,41.629991,-71.478888,3.8195387046920843
2019-07-01,41.629991,-71.478888,0.0
2019-07-02,41.629991,-71.478888,1.180579218434831
2019-07-03,41.629991,-71.478888,0.0
2019-07-04,41.629991,-71.478888,0.017064650390428104
2019-07-05,41.629991,-71.478888,0.0
2019-07-06,41.629991,-71.478888,0.31271463195198185
2019-07-07,41.629991,-71.478888,2.332675514631757
2019-07-08,41.629991,-71.478888,0.031612472995493565
2019-07-09,41.629991,-71.478888,0.0
2019-07-10,41.629991,-71.478888,0.0
2019-07-11,41.629991,-71.478888,0.18128034996701092
2019-07-12,41.629991,-71.478888,26.148343755827995
2019-07-13,41.629991,-71.478888,0.0
2019-07-14,41.629991,-71.478888,0.0
2019-07-15,41.629991,-71.478888,0.0
2019-07-16,41.629991,-71.478888,0.0
2019-07-17,41.629991,-71.478888,1.247150784292127
2019-07-18,41.629991,-71.478888,3.9691582698571857
2019-07-19,41.629991,-71.478888,0.02275286718723747
2019-07-20,41.629991,-71.478888,0.04550573437447494
2019-07-21,41.629991,-71.478888,0.22184045189702645
2019-07-22,41.629991,-71.478888,2.3224417667791344
2019-07-23,41.629991,-71.478888,55.541259316861826
2019-07-24,41.629991,-71.478888,14.691161200186718
2019-07-25,41.629991,-71.478888,0.0
2019-07-26,41.629991,-71.478888,0.0
2019-07-27,41.629991,-71.478888,0.7216896985737971
2019-07-28,41.629991,-71.478888,0.0
2019-07-29,41.629991,-71.478888,0.05226112252102165
2019-07-30,41.629991,-71.478888,0.0
2019-07-31,41.629991,-71.478888,0.0
2019-08-01,41.629991,-71.478888,0.612186960198032
2019-08-02,41.629991,-71.478888,0.061783040103189704
2019-08-03,41.629991,-71.478888,0.003466324536595858
2019-08-04,41.629991,-71.478888,0.08864118440347259
2019-08-05,41.629991,-71.478888,0.0
2019-08-06,41.629991,-71.478888,3.323761726220601
2019-08-07,41.629991,-71.478888,0.27139950809177765
2019-08-08,41.629991,-71.478888,1.010590268776094
2019-08-09,41.629991,-71.478888,0.12034245928216941
2019-08-10,41.629991,-71.478888,1.2516351597672735
2019-08-11,41.629991,-71.478888,0.000711427097344254
2019-08-12,41.629991,-71.478888,0.0
2019-08-13,41.629991,-71.478888,13.467321109894083
2019-08-14,41.629991,-71.478888,1.4758923954378935
2019-08-15,41.629991,-71.478888,0.1481606136615063
2019-08-16,41.629991,-71.478888,0.0
2019-08-17,41.629991,-71.478888,5.3277396210387575
2019-08-18,41.629991,-71.478888,0.008981139715499038
2019-08-19,41.629991,-71.478888,18.14588234123924
2019-08-20,41.629991,-71.478888,0.011382833557508064
2019-08-21,41.629991,-71.478888,0.42835902511066243
2019-08-22,41.629991,-71.478888,7.025896462542239
2019-08-23,41.629991,-71.478888,9.011856216935435
2019-08-24,41.629991,-71.478888,0.08098197085745917
2019-08-25,41.629991,-71.478888,0.0
2019-08-26,41.629991,-71.478888,0.0
2019-08-27,41.629991,-71.478888,0.026407001227814975
2019-08-28,41.629991,-71.478888,20.047330315223167
2019-08-29,41.629991,-71.478888,13.93580823456237
2019-08-30,41.629991,-71.478888,0.0
2019-08-31,41.629991,-71.478888,0.0
2019-09-01,41.629991,-71.478888,0.10359148207279567
2019-09-02,41.629991,-71.478888,1.7718861670934891
2019-09-03,41.629991,-71.478888,0.0059112389067262
2019-09-04,41.629991,-71.478888,2.7571959799777455
2019-09-05,41.629991,-71.478888,1.6446200880996777
2019-09-06,41.629991,-71.478888,7.88720417630097
2019-09-07,41.629991,-71.478888,10.73790926408957
2019-09-08,41.629991,-71.478888,0.02602313841725641
2019-09-09,41.629991,-71.478888,0.08939677329085888
2019-09-10,41.629991,-71.478888,0.0
2019-09-11,41.629991,-71.478888,0.4133909913992238
2019-09-12,41.629991,-71.478888,6.353051717944956
2019-09-13,41.629991,-71.478888,0.0
2019-09-14,41.629991,-71.478888,0.0
2019-09-15,41.629991,-71.478888,0.4447788635462828
2019-09-16,41.629991,-71.478888,0.005978839668075434
2019-09-17,41.629991,-71.478888,0.0
2019-09-18,41.629991,-71.478888,0.0
2019-09-19,41.629991,-71.478888,0.0
2019-09-20,41.629991,-71.478888,0.0
2019-09-21,41.629991,-71.478888,0.0
2019-09-22,41.629991,-71.478888,0.0
2019-09-23,41.629991,-71.478888,0.0
2019-09-24,41.629991,-71.478888,8.532077199555603
2019-09-25,41.629991,-71.478888,0.0
2019-09-26,41.629991,-71.478888,2.908267890758892
2019-09-27,41.629991,-71.478888,0.0
2019-09-28,41.629991,-71.478888,0.0
2019-09-29,41.629991,-71.478888,0.00968776670741267
2019-09-30,41.629991,-71.478888,0.31363896103096583
2019-10-01,41.629991,-71.478888,0.0
2019-10-02,41.629991,-71.478888,0.13599626241012502
2019-10-03,41.629991,-71.478888,1.0256306858491415
2019-10-04,41.629991,-71.478888,0.06341540260282395
2019-10-05,41.629991,-71.478888,0.0
2019-10-06,41.629991,-71.478888,0.0
2019-10-07,41.629991,-71.478888,0.04686258832854304
2019-10-08,41.629991,-71.478888,4.632143357804877
2019-10-09,41.629991,-71.478888,26.221507918741327
2019-10-10,41.629991,-71.478888,8.456841050924046
2019-10-11,41.629991,-71.478888,0.2064939887513182
2019-10-12,41.629991,-71.478888,0.006399643894153621
2019-10-13,41.629991,-71.478888,0.0
2019-10-14,41.629991,-71.478888,0.6058746462105749
2019-10-15,41.629991,-71.478888,0.0
2019-10-16,41.629991,-71.478888,9.767006184958522
2019-10-17,41.629991,-71.478888,35.998823711388525
2019-10-18,41.629991,-71.478888,0.0315777540053479
2019-10-19,41.629991,-71.478888,0.0
2019-10-20,41.629991,-71.478888,5.401444998254629
2019-10-21,41.629991,-71.478888,6.284003915749948
2019-10-22,41.629991,-71.478888,0.36720616178206433
2019-10-23,41.629991,-71.478888,2.219928840210672
2019-10-24,41.629991,-71.478888,0.0
2019-10-25,41.629991,-71.478888,0.05184016028633212
2019-10-26,41.629991,-71.478888,0.7703650713383599
2019-10-27,41.629991,-71.478888,32.24464354086792
2019-10-28,41.629991,-71.478888,0.0
2019-10-29,41.629991,-71.478888,0.0
2019-10-30,41.629991,-71.478888,0.0
2019-10-31,41.629991,-71.478888,9.848010169779018
2019-11-01,41.629991,-71.478888,0.8531600356024299
2019-11-02,41.629991,-71.478888,0.0
2019-11-03,41.629991,-71.478888,0.0
2019-11-04,41.629991,-71.478888,0.0
2019-11-05,41.629991,-71.478888,9.442367506670038
2019-11-06,41.629991,-71.478888,0.0
2019-11-07,41.629991,-71.478888,0.68428761188541
2019-11-08,41.629991,-71.478888,3.6277752901234313
2019-11-09,41.629991,-71.478888,0.0
2019-11-10,41.629991,-71.478888,0.08904882943963587
2019-11-11,41.629991,-71.478888,0.03020707961825942
2019-11-12,41.629991,-71.478888,10.807816323859436
2019-11-13,41.629991,-71.478888,0.9020429416985961
2019-11-14,41.629991,-71.478888,0.0
2019-11-15,41.629991,-71.478888,0.0
2019-11-16,41.629991,-71.478888,0.0
2019-11-17,41.629991,-71.478888,0.028601564180227496
2019-11-18,41.629991,-71.478888,6.868164158603105
2019-11-19,41.629991,-71.478888,0.7624939900257678
2019-11-20,41.629991,-71.478888,0.0428555216756797
2019-11-21,41.629991,-71.478888,0.0
2019-11-22,41.629991,-71.478888,9.554788296195659
2019-11-23,41.629991,-71.478888,0.0
2019-11-24,41.629991,-71.478888,38.018799879346446
2019-11-25,41.629991,-71.478888,0.08197248484111797
2019-11-26,41.629991,-71.478888,0.02702942999089389
2019-11-27,41.629991,-71.478888,7.7756276493150045
2019-11-28,41.629991,-71.478888,0.6667634133038259
2019-11-29,41.629991,-71.478888,0.0
2019-11-30,41.629991,-71.478888,0.0
2019-12-01,41.629991,-71.478888,9.396839846563779
2019-12-02,41.629991,-71.478888,1.5657673617670058
2019-12-03,41.629991,-71.478888,1.7264424753601912
2019-12-04,41.629991,-71.478888,0.016267992381056768
2019-12-05,41.629991,-71.478888,0.0
2019-12-06,41.629991,-71.478888,1.0965031419803504
2019-12-07,41.629991,-71.478888,0.011382833557508064
2019-12-08,41.629991,-71.478888,0.0
2019-12-09,41.629991,-71.478888,28.908122545521714
2019-12-10,41.629991,-71.478888,46.84303497492488
2019-12-11,41.629991,-71.478888,8.74586464740915
2019-12-12,41.629991,-71.478888,0.010666606487246813
2019-12-13,41.629991,-71.478888,1.1638394121443607
2019-12-14,41.629991,-71.478888,66.60458588143867
2019-12-15,41.629991,-71.478888,0.0851459937735989
2019-12-16,41.629991,-71.478888,0.004046320431781686
2019-12-17,41.629991,-71.478888,8.310807464973271
2019-12-18,41.629991,-71.478888,0.06342630139942819
2019-12-19,41.629991,-71.478888,0.0
2019-12-20,41.629991,-71.478888,0.0
2019-12-21,41.629991,-71.478888,0.0
2019-12-22,41.629991,-71.478888,0.11036773682800605
2019-12-23,41.629991,-71.478888,0.0
2019-12-24,41.629991,-71.478888,0.0
2019-12-25,41.629991,-71.478888,0.002844108398404684
2019-12-26,41.629991,-71.478888,0.08833900511455996
2019-12-27,41.629991,-71.478888,0.9246172335962979
2019-12-28,41.629991,-71.478888,0.0
2019-12-29,41.629991,-71.478888,0.9224928037054791
2019-12-30,41.629991,-71.478888,37.725121582843194
2019-12-31,41.629991,-71.478888,0.03813313084411884
2020-01-01,41.629991,-71.478888,0.01991995925569362
2020-01-02,41.629991,-71.478888,0.02137599298016262
2020-01-03,41.629991,-71.478888,8.93317626272523
2020-01-04,41.629991,-71.478888,14.203775388560757
2020-01-05,41.629991,-71.478888,2.1092630763402402
2020-01-06,41.629991,-71.478888,0.0
2020-01-07,41.629991,-71.478888,0.0
2020-01-08,41.629991,-71.478888,1.9707021037894183
2020-01-09,41.629991,-71.478888,0.0
2020-01-10,41.629991,-71.478888,0.2244659648082633
2020-01-11,41.629991,-71.478888,2.7542875075350035
2020-01-12,41.629991,-71.478888,3.3024481382445217
2020-01-13,41.629991,-71.478888,0.7121918993175336
2020-01-14,41.629991,-71.478888,0.03892850689694569
2020-01-15,41.629991,-71.478888,0.0
2020-01-16,41.629991,-71.478888,0.07840314228781829
2020-01-17,41.629991,-71.478888,0.0
2020-01-18,41.629991,-71.478888,0.07301780782886487
2020-01-19,41.629991,-71.478888,1.1058733106364291
2020-01-20,41.629991,-71.478888,0.0
2020-01-21,41.629991,-71.478888,0.0
2020-01-22,41.629991,-71.478888,0.0
2020-01-23,41.629991,-71.478888,0.0
2020-01-24,41.629991,-71.478888,0.002844108398404684
2020-01-25,41.629991,-71.478888,13.256274830763937
2020-01-26,41.629991,-71.478888,9.76373502728048
2020-01-27,41.629991,-71.478888,0.0
2020-01-28,41.629991,-71.478888,0.0
2020-01-29,41.629991,-71.478888,0.0
2020-01-30,41.629991,-71.478888,0.0
2020-01-31,41.629991,-71.478888,0.02295557884825062
2020-02-01,41.629991,-71.478888,2.378070696249277
2020-02-02,41.629991,-71.478888,0.042468821008845456
2020-02-03,41.629991,-71.478888,0.0011554415121986196
2020-02-04,41.629991,-71.478888,3.669125955723267
2020-02-05,41.629991,-71.478888,2.896549361410353
2020-02-06,41.629991,-71.478888,7.2368681243761355
2020-02-07,41.629991,-71.478888,27.17978749844981
2020-02-08,41.629991,-71.478888,0.0
2020-02-09,41.629991,-71.478888,0.0
2020-02-10,41.629991,-71.478888,9.71370898702108
2020-02-11,41.629991,-71.478888,17.95906517584383
2020-02-12,41.629991,-71.478888,0.06853362163701837
2020-02-13,41.629991,-71.478888,25.285575756580236
2020-02-14,41.629991,-71.478888,0.5201747446813008
2020-02-15,41.629991,-71.478888,0.0
2020-02-16,41.629991,-71.478888,0.0
2020-02-17,41.629991,-71.478888,0.0
2020-02-18,41.629991,-71.478888,0.8324216335331038
2020-02-19,41.629991,-71.478888,2.4956832960938327
2020-02-20,41.629991,-71.478888,0.0
2020-02-21,41.629991,-71.478888,0.0
2020-02-22,41.629991,-71.478888,0.0
2020-02-23,41.629991,-71.478888,0.0
2020-02-24,41.629991,-71.478888,0.0
2020-02-25,41.629991,-71.478888,2.3089232725615867
2020-02-26,41.629991,-71.478888,0.005688216796809368
2020-02-27,41.629991,-71.478888,17.609492888881
2020-02-28,41.629991,-71.478888,0.0
2020-02-29,41.629991,-71.478888,0.0
2020-03-01,41.629991,-71.478888,0.0
2020-03-02,41.629991,-71.478888,0.0022899228355697087
2020-03-03,41.629991,-71.478888,10.22904792231172
2020-03-04,41.629991,-71.478888,6.325812876032846
2020-03-05,41.629991,-71.478888,0.011376433593618736
2020-03-06,41.629991,-71.478888,3.8542062079731685
2020-03-07,41.629991,-71.478888,7.13469486091298
2020-03-08,41.629991,-71.478888,0.0
2020-03-09,41.629991,-71.478888,0.0
2020-03-10,41.629991,-71.478888,0.181267991321862
2020-03-11,41.629991,-71.478888,1.7268650329836388
2020-03-12,41.629991,-71.478888,0.0
2020-03-13,41.629991,-71.478888,0.8389651596842957
2020-03-14,41.629991,-71.478888,0.0
2020-03-15,41.629991,-71.478888,0.6461945618383715
2020-03-16,41.629991,-71.478888,0.0
2020-03-17,41.629991,-71.478888,0.07703992033647286
2020-03-18,41.629991,-71.478888,0.7846410512114241
2020-03-19,41.629991,-71.478888,12.631702280740779
2020-03-20,41.629991,-71.478888,3.0583267887635537
2020-03-21,41.629991,-71.478888,0.7417592280597429
2020-03-22,41.629991,-71.478888,0.0
2020-03-23,41.629991,-71.478888,55.15646105348451
2020-03-24,41.629991,-71.478888,8.93695139390875
2020-03-25,41.629991,-71.478888,0.6519232438112506
2020-03-26,41.629991,-71.478888,0.010115620773842874
2020-03-27,41.629991,-71.478888,0.47223466169526307
2020-03-28,41.629991,-71.478888,6.6547573280923515
2020-03-29,41.629991,-71.478888,10.125029312737297
2020-03-30,41.629991,-71.478888,3.247113368063718
2020-03-31,41.629991,-71.478888,0.015651396406600838
2020-04-01,41.629991,-71.478888,0.008822948066480117
2020-04-02,41.629991,-71.478888,4.402476618555953
2020-04-03,41.629991,-71.478888,9.716744755808582
2020-04-04,41.629991,-71.478888,0.16231205244003272
2020-04-05,41.629991,-71.478888,0.0035571353542076423
2020-04-06,41.629991,-71.478888,0.03413068004710271
2020-04-07,41.629991,-71.478888,0.0
2020-04-08,41.629991,-71.478888,2.8593528871754255
2020-04-09,41.629991,-71.478888,26.71839821383856
2020-04-10,41.629991,-71.478888,0.11287609326858708
2020-04-11,41.629991,-71.478888,0.0
2020-04-12,41.629991,-71.478888,0.11163325131504673
2020-04-13,41.629991,-71.478888,27.8390675694726
2020-04-14,41.629991,-71.478888,0.013872447384372946
2020-04-15,41.629991,-71.478888,13.77838952766376
2020-04-16,41.629991,-71.478888,0.0
2020-04-17,41.629991,-71.478888,0.002310883024397239
2020-04-18,41.629991,-71.478888,13.936889931095312
2020-04-19,41.629991,-71.478888,0.40783406527809757
2020-04-20,41.629991,-71.478888,1.3815454133614062
2020-04-21,41.629991,-71.478888,7.650457025665201
2020-04-22,41.629991,-71.478888,0.0
2020-04-23,41.629991,-71.478888,0.033843465783434265
2020-04-24,41.629991,-71.478888,31.890261488605482
2020-04-25,41.629991,-71.478888,1.3439476003930653
2020-04-26,41.629991,-71.478888,8.983361012858408
2020-04-27,41.629991,-71.478888,0.40579465964854083
2020-04-28,41.629991,-71.478888,1.014032964641778
2020-04-29,41.629991,-71.478888,0.007847958091218618
2020-04-30,41.629991,-71.478888,8.365904871383101
2020-05-01,41.629991,-71.478888,17.18238863610799
2020-05-02,41.629991,-71.478888,0.09507904828537
2020-05-03,41.629991,-71.478888,2.0512327747378434
2020-05-04,41.629991,-71.478888,4.096764564626554
2020-05-05,41.629991,-71.478888,0.0
2020-05-06,41.629991,-71.478888,2.8799142855632964
2020-05-07,41.629991,-71.478888,1.9221591807346645
2020-05-08,41.629991,-71.478888,4.090136990249789
2020-05-09,41.629991,-71.478888,5.540343292256913
2020-05-10,41.629991,-71.478888,0.06313819172430413
2020-05-11,41.629991,-71.478888,1.4141700141399385
2020-05-12,41.629991,-71.478888,0.0
2020-05-13,41.629991,-71.478888,0.0
2020-05-14,41.629991,-71.478888,0.0
2020-05-15,41.629991,-71.478888,5.722237327121043
2020-05-16,41.629991,-71.478888,12.14719843684288
2020-05-17,41.629991,-71.478888,0.20737982101025734
2020-05-18,41.629991,-71.478888,3.426691063895903
2020-05-19,41.629991,-71.478888,0.445452471071016
2020-05-20,41.629991,-71.478888,0.49848054851425627
2020-05-21,41.629991,-71.478888,0.0
2020-05-22,41.629991,-71.478888,0.0
2020-05-23,41.629991,-71.478888,12.086119375286122
2020-05-24,41.629991,-71.478888,0.18788986387454149
2020-05-25,41.629991,-71.478888,0.024447763392039704
2020-05-26,41.629991,-71.478888,0.0
2020-05-27,41.629991,-71.478888,0.0
2020-05-28,41.629991,-71.478888,0.0035571353542076423
2020-05-29,41.629991,-71.478888,0.9601573718044536
2020-05-30,41.629991,-71.478888,2.247285998357679
2020-05-31,41.629991,-71.478888,0.0
2020-06-01,41.629991,-71.478888,0.0
2020-06-02,41.629991,-71.478888,1.5074197092766246
2020-06-03,41.629991,-71.478888,2.5473425835935344
2020-06-04,41.629991,-71.478888,2.5607553965658103
2020-06-05,41.629991,-71.478888,17.108577954592736
2020-06-06,41.629991,-71.478888,30.090910103496693
2020-06-07,41.629991,-71.478888,0.0
2020-06-08,41.629991,-71.478888,0.0
2020-06-09,41.629991,-71.478888,0.006069480863011359
2020-06-10,41.629991,-71.478888,0.7131140774418736
2020-06-11,41.629991,-71.478888,16.20550946345821
2020-06-12,41.629991,-71.478888,0.44036884532387144
2020-06-13,41.629991,-71.478888,0.0
2020-06-14,41.629991,-71.478888,0.0
2020-06-15,41.629991,-71.478888,1.130504828002478
2020-06-16,41.629991,-71.478888,0.0
2020-06-17,41.629991,-71.478888,0.0
2020-06-18,41.629991,-71.478888,0.5104677136665218
2020-06-19,41.629991,-71.478888,0.23940142359841884
2020-06-20,41.629991,-71.478888,0.1764200012020177
2020-06-21,41.629991,-71.478888,0.33721969778880645
2020-06-22,41.629991,-71.478888,0.4082123744014025
2020-06-23,41.629991,-71.478888,0.0
2020-06-24,41.629991,-71.478888,0.03731399222180545
2020-06-25,41.629991,-71.478888,0.019430953154448358
2020-06-26,41.629991,-71.478888,0.8154812487752152
2020-06-27,41.629991,-71.478888,11.586222384577042
2020-06-28,41.629991,-71.478888,0.52515353418198
2020-06-29,41.629991,-71.478888,2.631172530639345
2020-06-30,41.629991,-71.478888,2.0625151593622904
2020-07-01,41.629991,-71.478888,1.6214284004115402
2020-07-02,41.629991,-71.478888,1.8129868065505752
2020-07-03,41.629991,-71.478888,3.322177740774962
2020-07-04,41.629991,-71.478888,0.3270724663462951
2020-07-05,41.629991,-71.478888,0.0
2020-07-06,41.629991,-71.478888,0.002845708389377016
2020-07-07,41.629991,-71.478888,0.0
2020-07-08,41.629991,-71.478888,0.13683169043049526
2020-07-09,41.629991,-71.478888,0.050043089784764724
2020-07-10,41.629991,-71.478888,0.8104187427755976
2020-07-11,41.629991,-71.478888,0.03128519291220801
2020-07-12,41.629991,-71.478888,0.0
2020-07-13,41.629991,-71.478888,1.2409107090063758
2020-07-14,41.629991,-71.478888,10.156874529096232
2020-07-15,41.629991,-71.478888,0.24493921596264923
2020-07-16,41.629991,-71.478888,0.0
2020-07-17,41.629991,-71.478888,3.6794911418982292
2020-07-18,41.629991,-71.478888,0.0
2020-07-19,41.629991,-71.478888,0.0
2020-07-20,41.629991,-71.478888,4.754861346446876
2020-07-21,41.629991,-71.478888,0.0
2020-07-22,41.629991,-71.478888,2.1015899481804756
2020-07-23,41.629991,-71.478888,6.289354402853833
2020-07-24,41.629991,-71.478888,2.0481674581081593
2020-07-25,41.629991,-71.478888,0.405901847362097
2020-07-26,41.629991,-71.478888,0.0
2020-07-27,41.629991,-71.478888,0.005202411737617787
2020-07-28,41.629991,-71.478888,0.2977472302964028
2020-07-29,41.629991,-71.478888,0.0
2020-07-30,41.629991,-71.478888,0.3228821164673542
2020-07-31,41.629991,-71.478888,22.15974912226386
2020-08-01,41.629991,-71.478888,0.014220541462266938
2020-08-02,41.629991,-71.478888,0.36812155635367716
2020-08-03,41.629991,-71.478888,0.0
2020-08-04,41.629991,-71.478888,1.3189569142132438
2020-08-05,41.629991,-71.478888,0.0
2020-08-06,41.629991,-71.478888,0.4538048865395479
2020-08-07,41.629991,-71.478888,2.7365235485609327
2020-08-08,41.629991,-71.478888,0.380968766920024
2020-08-09,41.629991,-71.478888,0.0
2020-08-10,41.629991,-71.478888,0.0
2020-08-11,41.629991,-71.478888,0.0
2020-08-12,41.629991,-71.478888,0.12419009224739588
2020-08-13,41.629991,-71.478888,6.566673773320655
2020-08-14,41.629991,-71.478888,1.055257128158235
2020-08-15,41.629991,-71.478888,1.049913869263985
2020-08-16,41.629991,-71.478888,21.145546494482534
2020-08-17,41.629991,-71.478888,2.3560484473316237
2020-08-18,41.629991,-71.478888,9.156907441124224
2020-08-19,41.629991,-71.478888,5.223885317108777
2020-08-20,41.629991,-71.478888,0.0
2020-08-21,41.629991,-71.478888,0.002844108398404684
2020-08-22,41.629991,-71.478888,1.8947951627293178
2020-08-23,41.629991,-71.478888,0.0
2020-08-24,41.629991,-71.478888,0.914359226003703
2020-08-25,41.629991,-71.478888,0.8601565825305804
2020-08-26,41.629991,-71.478888,0.0
2020-08-27,41.629991,-71.478888,16.320446569411693
2020-08-28,41.629991,-71.478888,1.089352878725943
2020-08-29,41.629991,-71.478888,7.203486595577128
2020-08-30,41.629991,-71.478888,0.0
2020-08-31,41.629991,-71.478888,0.04017418084534134
2020-09-01,41.629991,-71.478888,0.5194665268852191
2020-09-02,41.629991,-71.478888,2.250316924256828
2020-09-03,41.629991,-71.478888,0.08833991386633894
2020-09-04,41.629991,-71.478888,0.14820469924216062
2020-09-05,41.629991,-71.478888,0.0
2020-09-06,41.629991,-71.478888,0.0
2020-09-07,41.629991,-71.478888,0.0
2020-09-08,41.629991,-71.478888,0.047576755924004815
2020-09-09,41.629991,-71.478888,4.468939247173072
2020-09-10,41.629991,-71.478888,14.075231934070027
2020-09-11,41.629991,-71.478888,2.3940105963379064
2020-09-12,41.629991,-71.478888,0.0
2020-09-13,41.629991,-71.478888,0.0
2020-09-14,41.629991,-71.478888,3.879593971325364
2020-09-15,41.629991,-71.478888,0.0
2020-09-16,41.629991,-71.478888,0.0
2020-09-17,41.629991,-71.478888,0.0
2020-09-18,41.629991,-71.478888,18.768275370285444
2020-09-19,41.629991,-71.478888,0.0
2020-09-20,41.629991,-71.478888,0.002423304172326496
2020-09-21,41.629991,-71.478888,0.0
2020-09-22,41.629991,-71.478888,0.024744486316060535
2020-09-23,41.629991,-71.478888,0.011201211657257243
2020-09-24,41.629991,-71.478888,0.017064650390428104
2020-09-25,41.629991,-71.478888,0.0
2020-09-26,41.629991,-71.478888,0.014220541462266938
2020-09-27,41.629991,-71.478888,0.015651396406600838
2020-09-28,41.629991,-71.478888,1.9160506835945903
2020-09-29,41.629991,-71.478888,0.9571642293198048
2020-09-30,41.629991,-71.478888,14.79834713663573
2020-10-01,41.629991,-71.478888,0.0
2020-10-02,41.629991,-71.478888,0.24997661606708352
2020-10-03,41.629991,-71.478888,0.0
2020-10-04,41.629991,-71.478888,0.0
2020-10-05,41.629991,-71.478888,8.94101866459675
2020-10-06,41.629991,-71.478888,0.0
2020-10-07,41.629991,-71.478888,4.344789159052257
2020-10-08,41.629991,-71.478888,0.07488607151202249
2020-10-09,41.629991,-71.478888,0.0
2020-10-10,41.629991,-71.478888,0.0
2020-10-11,41.629991,-71.478888,0.0
2020-10-12,41.629991,-71.478888,23.532088485313814
2020-10-13,41.629991,-71.478888,10.172207240599967
2020-10-14,41.629991,-71.478888,0.051222749948677274
2020-10-15,41.629991,-71.478888,0.13833293486389003
2020-10-16,41.629991,-71.478888,0.16060730292445985
2020-10-17,41.629991,-71.478888,52.135387232732334
2020-10-18,41.629991,-71.478888,0.0
2020-10-19,41.629991,-71.478888,0.0
2020-10-20,41.629991,-71.478888,3.9589246540432104
2020-10-21,41.629991,-71.478888,0.0540684599282178
2020-10-22,41.629991,-71.478888,0.02489994853956252
2020-10-23,41.629991,-71.478888,0.002134281292032762
2020-10-24,41.629991,-71.478888,0.0
2020-10-25,41.629991,-71.478888,0.15396964915112366
2020-10-26,41.629991,-71.478888,0.9446232563804711
2020-10-27,41.629991,-71.478888,1.9591398375502966
2020-10-28,41.629991,-71.478888,2.353146726442832
2020-10-29,41.629991,-71.478888,29.88394174113654
2020-10-30,41.629991,-71.478888,18.227222806816457
2020-10-31,41.629991,-71.478888,0.0
2020-11-01,41.629991,-71.478888,5.876630624572015
2020-11-02,41.629991,-71.478888,5.118273205847419
2020-11-03,41.629991,-71.478888,0.31810429209434465
2020-11-04,41.629991,-71.478888,0.0
2020-11-05,41.629991,-71.478888,0.0
2020-11-06,41.629991,-71.478888,0.0041574415079236055
2020-11-07,41.629991,-71.478888,0.022931067851061315
2020-11-08,41.629991,-71.478888,0.04208549927614777
2020-11-09,41.629991,-71.478888,0.0
2020-11-10,41.629991,-71.478888,0.0
2020-11-11,41.629991,-71.478888,3.0855722265753465
2020-11-12,41.629991,-71.478888,51.07307623502449
2020-11-13,41.629991,-71.478888,2.601043881868697
2020-11-14,41.629991,-71.478888,0.0
2020-11-15,41.629991,-71.478888,0.0
2020-11-16,41.629991,-71.478888,5.116108684093521
2020-11-17,41.629991,-71.478888,0.0
2020-11-18,41.629991,-71.478888,0.1603047583353661
2020-11-19,41.629991,-71.478888,0.001422854194688508
2020-11-20,41.629991,-71.478888,1.063177910176287
2020-11-21,41.629991,-71.478888,0.01716264180005969
2020-11-22,41.629991,-71.478888,0.34295533859688815
2020-11-23,41.629991,-71.478888,58.10399616456707
2020-11-24,41.629991,-71.478888,0.0
2020-11-25,41.629991,-71.478888,0.4536234366988103
2020-11-26,41.629991,-71.478888,10.630404073012318
2020-11-27,41.629991,-71.478888,0.0
2020-11-28,41.629991,-71.478888,0.0
2020-11-29,41.629991,-71.478888,0.0
2020-11-30,41.629991,-71.478888,25.33332449905351
2020-12-01,41.629991,-71.478888,11.73839608497097
2020-12-02,41.629991,-71.478888,0.0
2020-12-03,41.629991,-71.478888,0.0
2020-12-04,41.629991,-71.478888,6.768967733344198
2020-12-05,41.629991,-71.478888,84.10421164318697
2020-12-06,41.629991,-71.478888,0.09774683473868166
2020-12-07,41.629991,-71.478888,0.0
2020-12-08,41.629991,-71.478888,0.0
2020-12-09,41.629991,-71.478888,0.9301179084288554
2020-12-10,41.629991,-71.478888,0.0
2020-12-11,41.629991,-71.478888,0.0
2020-12-12,41.629991,-71.478888,12.316824774086848
2020-12-13,41.629991,-71.478888,0.3060829658148456
2020-12-14,41.629991,-71.478888,8.846246263568451
2020-12-15,41.629991,-71.478888,0.0
2020-12-16,41.629991,-71.478888,0.03601601862847524
2020-12-17,41.629991,-71.478888,6.015442098538045
2020-12-18,41.629991,-71.478888,0.0
2020-12-19,41.629991,-71.478888,0.0
2020-12-20,41.629991,-71.478888,0.30524502969274375
2020-12-21,41.629991,-71.478888,0.09745634647186283
2020-12-22,41.629991,-71.478888,0.028589050287401746
2020-12-23,41.629991,-71.478888,0.0002890228802937335
2020-12-24,41.629991,-71.478888,0.4797361611235545
2020-12-25,41.629991,-71.478888,83.3140499864537
2020-12-26,41.629991,-71.478888,0.7252134981485467
2020-12-27,41.629991,-71.478888,0.0
2020-12-28,41.629991,-71.478888,0.71132733462465
2020-12-29,41.629991,-71.478888,0.0
2020-12-30,41.629991,-71.478888,0.000711427097344254
2020-12-31,41.629991,-71.478888,7.3054345857997545
2021-01-01,41.629991,-71.478888,0.0
2021-01-02,41.629991,-71.478888,10.731745900672472
2021-01-03,41.629991,-71.478888,0.2866231662912406
2021-01-04,41.629991,-71.478888,0.3927476271987794
2021-01-05,41.629991,-71.478888,0.0
2021-01-06,41.629991,-71.478888,0.0
2021-01-07,41.629991,-71.478888,0.0
2021-01-08,41.629991,-71.478888,0.0
2021-01-09,41.629991,-71.478888,0.0
2021-01-10,41.629991,-71.478888,0.0
2021-01-11,41.629991,-71.478888,1.594911860631457
2021-01-12,41.629991,-71.478888,0.0
2021-01-13,41.629991,-71.478888,0.0
2021-01-14,41.629991,-71.478888,0.07495855411028957
2021-01-15,41.629991,-71.478888,0.0
2021-01-16,41.629991,-71.478888,69.16566859935119
2021-01-17,41.629991,-71.478888,0.0
2021-01-18,41.629991,-71.478888,0.0
2021-01-19,41.629991,-71.478888,0.0
2021-01-20,41.629991,-71.478888,0.0
2021-01-21,41.629991,-71.478888,0.0
2021-01-22,41.629991,-71.478888,0.0
2021-01-23,41.629991,-71.478888,0.0
2021-01-24,41.629991,-71.478888,0.0
2021-01-25,41.629991,-71.478888,3.63389595566211
2021-01-26,41.629991,-71.478888,0.06755087174069635
2021-01-27,41.629991,-71.478888,0.0
2021-01-28,41.629991,-71.478888,0.0
2021-01-29,41.629991,-71.478888,0.0
2021-01-30,41.629991,-71.478888,0.0
2021-01-31,41.629991,-71.478888,0.0002890228802937335
2021-02-01,41.629991,-71.478888,21.726050358546058
2021-02-02,41.629991,-71.478888,0.7946582291040538
2021-02-03,41.629991,-71.478888,0.0
2021-02-04,41.629991,-71.478888,0.0
2021-02-05,41.629991,-71.478888,4.528196295460695
2021-02-06,41.629991,-71.478888,0.0
2021-02-07,41.629991,-71.478888,18.908303065900576
2021-02-08,41.629991,-71.478888,0.0
2021-02-09,41.629991,-71.478888,1.543459706799163
2021-02-10,41.629991,-71.478888,0.0
2021-02-11,41.629991,-71.478888,0.008532325195214052
2021-02-12,41.629991,-71.478888,0.0
2021-02-13,41.629991,-71.478888,0.9248978592526703
2021-02-14,41.629991,-71.478888,4.578933007869149
2021-02-15,41.629991,-71.478888,1.3059971335441243
2021-02-16,41.629991,-71.478888,19.581467851061994
2021-02-17,41.629991,-71.478888,0.0
2021-02-18,41.629991,-71.478888,7.5761117712432515
2021-02-19,41.629991,-71.478888,9.711710133202153
2021-02-20,41.629991,-71.478888,0.3669948373029464
2021-02-21,41.629991,-71.478888,0.0
2021-02-22,41.629991,-71.478888,21.707248632883402
2021-02-23,41.629991,-71.478888,1.2245069810373896
2021-02-24,41.629991,-71.478888,0.0
2021-02-25,41.629991,-71.478888,0.05920409565862783
2021-02-26,41.629991,-71.478888,0.0
2021-02-27,41.629991,-71.478888,1.3344153368860305
2021-02-28,41.629991,-71.478888,0.6164584786941513
2021-03-01,41.629991,-71.478888,34.35178030309033
2021-03-02,41.629991,-71.478888,0.0030013499329139635
2021-03-03,41.629991,-71.478888,0.0
2021-03-04,41.629991,-71.478888,0.9949020185709424
2021-03-05,41.629991,-71.478888,0.0
2021-03-06,41.629991,-71.478888,0.003466324536595858
2021-03-07,41.629991,-71.478888,0.0
2021-03-08,41.629991,-71.478888,0.0
2021-03-09,41.629991,-71.478888,0.01990875931858927
2021-03-10,41.629991,-71.478888,0.0
2021-03-11,41.629991,-71.478888,0.5733573351309418
2021-03-12,41.629991,-71.478888,0.36603500310895765
2021-03-13,41.629991,-71.478888,0.005688216796809368
2021-03-14,41.629991,-71.478888,0.0
2021-03-15,41.629991,-71.478888,0.0
2021-03-16,41.629991,-71.478888,0.0
2021-03-17,41.629991,-71.478888,0.0
2021-03-18,41.629991,-71.478888,14.45041495140144
2021-03-19,41.629991,-71.478888,4.747759528652724
2021-03-20,41.629991,-71.478888,0.0
2021-03-21,41.629991,-71.478888,0.0
2021-03-22,41.629991,-71.478888,0.0
2021-03-23,41.629991,-71.478888,0.0
2021-03-24,41.629991,-71.478888,0.7883471802195692
2021-03-25,41.629991,-71.478888,8.546222057850118
2021-03-26,41.629991,-71.478888,2.3867421722739186
2021-03-27,41.629991,-71.478888,0.0002890228802937335
2021-03-28,41.629991,-71.478888,12.7911070119516
2021-03-29,41.629991,-71.478888,12.146454036051631
2021-03-30,41.629991,-71.478888,0.0
2021-03-31,41.629991,-71.478888,0.06703059808176297
2021-04-01,41.629991,-71.478888,17.313176635858195
2021-04-02,41.629991,-71.478888,0.0
2021-04-03,41.629991,-71.478888,0.0
2021-04-04,41.629991,-71.478888,0.0
2021-04-05,41.629991,-71.478888,0.14648518800399615
2021-04-06,41.629991,-71.478888,0.0010004499776379875
2021-04-07,41.629991,-71.478888,0.0
2021-04-08,41.629991,-71.478888,0.0
2021-04-09,41.629991,-71.478888,0.0
2021-04-10,41.629991,-71.478888,0.1540874569779735
2021-04-11,41.629991,-71.478888,10.586320436470645
2021-04-12,41.629991,-71.478888,1.2256312681186174
2021-04-13,41.629991,-71.478888,0.021775628457888625
2021-04-14,41.629991,-71.478888,0.04520097968503329
2021-04-15,41.629991,-71.478888,5.311140764329492
2021-04-16,41.629991,-71.478888,12.9422911563104
2021-04-17,41.629991,-71.478888,0.8588901971300353
2021-04-18,41.629991,-71.478888,0.0
2021-04-19,41.629991,-71.478888,0.0
2021-04-20,41.629991,-71.478888,0.0405761441657789
2021-04-21,41.629991,-71.478888,0.6746981592302466
2021-04-22,41.629991,-71.478888,1.5411754880588209
2021-04-23,41.629991,-71.478888,0.0
2021-04-24,41.629991,-71.478888,0.0
2021-04-25,41.629991,-71.478888,42.88201978047825
2021-04-26,41.629991,-71.478888,0.0
2021-04-27,41.629991,-71.478888,0.4488729231573934
2021-04-28,41.629991,-71.478888,2.255092136287265
2021-04-29,41.629991,-71.478888,14.298592218158676
2021-04-30,41.629991,-71.478888,6.806033237190398
2021-05-01,41.629991,-71.478888,1.3089570974804472
2021-05-02,41.629991,-71.478888,1.5128968204184639
2021-05-03,41.629991,-71.478888,3.5895804290747013
2021-05-04,41.629991,-71.478888,32.172191697122415
2021-05-05,41.629991,-71.478888,9.402363541426087
2021-05-06,41.629991,-71.478888,0.0
2021-05-07,41.629991,-71.478888,0.0
2021-05-08,41.629991,-71.478888,3.152046977542893
2021-05-09,41.629991,-71.478888,2.3341305676373563
2021-05-10,41.629991,-71.478888,12.102037240577033
2021-05-11,41.629991,-71.478888,0.0
2021-05-12,41.629991,-71.478888,0.0
2021-05-13,41.629991,-71.478888,0.0
2021-05-14,41.629991,-71.478888,0.0
2021-05-15,41.629991,-71.478888,0.0
2021-05-16,41.629991,-71.478888,0.0
2021-05-17,41.629991,-71.478888,0.9434824428614024
2021-05-18,41.629991,-71.478888,0.002134281292032762
2021-05-19,41.629991,-71.478888,0.0
2021-05-20,41.629991,-71.478888,0.0
2021-05-21,41.629991,-71.478888,0.14719020387975326
2021-05-22,41.629991,-71.478888,1.3011018488754675
2021-05-23,41.629991,-71.478888,0.009532775172852039
2021-05-24,41.629991,-71.478888,0.05126313469949677
2021-05-25,41.629991,-71.478888,0.012531875105817356
2021-05-26,41.629991,-71.478888,0.42876917934916103
2021-05-27,41.629991,-71.478888,3.0212344655059513
2021-05-28,41.629991,-71.478888,1.3147234028639703
2021-05-29,41.629991,-71.478888,51.75173100625565
2021-05-30,41.629991,-71.478888,12.648739669733922
2021-05-31,41.629991,-71.478888,2.8573322701277943
2021-06-01,41.629991,-71.478888,0.015807038612705916
2021-06-02,41.629991,-71.478888,0.500583261209448
2021-06-03,41.629991,-71.478888,6.081196149072396
2021-06-04,41.629991,-71.478888,23.449407098828857
2021-06-05,41.629991,-71.478888,0.09403565844437002
2021-06-06,41.629991,-71.478888,0.0
2021-06-07,41.629991,-71.478888,0.0
2021-06-08,41.629991,-71.478888,0.14102665288938476
2021-06-09,41.629991,-71.478888,2.287583511139216
2021-06-10,41.629991,-71.478888,0.0
2021-06-11,41.629991,-71.478888,0.08752938933064679
2021-06-12,41.629991,-71.478888,1.0287009064939419
2021-06-13,41.629991,-71.478888,0.0
2021-06-14,41.629991,-71.478888,10.437466277449317
2021-06-15,41.629991,-71.478888,0.1786986841475747
2021-06-16,41.629991,-71.478888,0.0
2021-06-17,41.629991,-71.478888,0.0
2021-06-18,41.629991,-71.478888,0.0
2021-06-19,41.629991,-71.478888,0.8059023335708639
2021-06-20,41.629991,-71.478888,5.6887701843807745
2021-06-21,41.629991,-71.478888,0.0
2021-06-22,41.629991,-71.478888,8.788127636117206
2021-06-23,41.629991,-71.478888,3.4970591397574733
2021-06-24,41.629991,-71.478888,0.0
2021-06-25,41.629991,-71.478888,0.07804659832430867
2021-06-26,41.629991,-71.478888,0.023532324859937927
2021-06-27,41.629991,-71.478888,0.07412640527474737
2021-06-28,41.629991,-71.478888,0.0
2021-06-29,41.629991,-71.478888,0.0
2021-06-30,41.629991,-71.478888,0.0011554415121986196
2021-07-01,41.629991,-71.478888,19.74738789327443
2021-07-02,41.629991,-71.478888,30.871659502274177
2021-07-03,41.629991,-71.478888,68.78429456394385
2021-07-04,41.629991,-71.478888,3.067655925128656
2021-07-05,41.629991,-71.478888,0.0
2021-07-06,41.629991,-71.478888,16.36804502119838
2021-07-07,41.629991,-71.478888,9.087369289031583
2021-07-08,41.629991,-71.478888,2.817695131432261
2021-07-09,41.629991,-71.478888,43.17043438076217
2021-07-10,41.629991,-71.478888,0.7690008256967005
2021-07-11,41.629991,-71.478888,0.22416788162591125
2021-07-12,41.629991,-71.478888,2.756873997316662
2021-07-13,41.629991,-71.478888,0.44496928116420287
2021-07-14,41.629991,-71.478888,0.06793993506331224
2021-07-15,41.629991,-71.478888,0.005688216796809368
2021-07-16,41.629991,-71.478888,0.8578607027437672
2021-07-17,41.629991,-71.478888,0.5897198286107893
2021-07-18,41.629991,-71.478888,0.27614888433476653
2021-07-19,41.629991,-71.478888,0.05106354803223338
2021-07-20,41.629991,-71.478888,0.024888749132512673
2021-07-21,41.629991,-71.478888,0.1817236143441775
2021-07-22,41.629991,-71.478888,0.021667616380631832
2021-07-23,41.629991,-71.478888,1.2348754027120104
2021-07-24,41.629991,-71.478888,0.0
2021-07-25,41.629991,-71.478888,10.353829186177833
2021-07-26,41.629991,-71.478888,0.0
2021-07-27,41.629991,-71.478888,0.0
2021-07-28,41.629991,-71.478888,8.24106214765769
2021-07-29,41.629991,-71.478888,3.86319525074973
2021-07-30,41.629991,-71.478888,0.015318032995973032
2021-07-31,41.629991,-71.478888,0.0
2021-08-01,41.629991,-71.478888,0.0
2021-08-02,41.629991,-71.478888,1.2098083611201165
2021-08-03,41.629991,-71.478888,2.552712085183049
2021-08-04,41.629991,-71.478888,42.766073580943164
2021-08-05,41.629991,-71.478888,43.016672977508
2021-08-06,41.629991,-71.478888,0.0
2021-08-07,41.629991,-71.478888,0.18454704455390492
2021-08-08,41.629991,-71.478888,11.018484783769052
2021-08-09,41.629991,-71.478888,0.6029479798912188
2021-08-10,41.629991,-71.478888,0.05308627983301317
2021-08-11,41.629991,-71.478888,0.7134116484571388
2021-08-12,41.629991,-71.478888,0.36882036490999826
2021-08-13,41.629991,-71.478888,0.9483850674746239
2021-08-14,41.629991,-71.478888,2.04413696483385
2021-08-15,41.629991,-71.478888,0.0
2021-08-16,41.629991,-71.478888,0.0
2021-08-17,41.629991,-71.478888,0.3347552395690603
2021-08-18,41.629991,-71.478888,1.3853591426947753
2021-08-19,41.629991,-71.478888,8.294884305380265
2021-08-20,41.629991,-71.478888,0.30855318879792215
2021-08-21,41.629991,-71.478888,0.6988278885232793
2021-08-22,41.629991,-71.478888,17.962842431278983
2021-08-23,41.629991,-71.478888,1.2344121378417647
2021-08-24,41.629991,-71.478888,2.129080871906823
2021-08-25,41.629991,-71.478888,0.0
2021-08-26,41.629991,-71.478888,0.0
2021-08-27,41.629991,-71.478888,2.830089584306556
2021-08-28,41.629991,-71.478888,0.8460534252475014
2021-08-29,41.629991,-71.478888,2.3456920221474604
2021-08-30,41.629991,-71.478888,0.007111070991497876
2021-08-31,41.629991,-71.478888,0.44573133619534966
2021-09-01,41.629991,-71.478888,13.524924500249854
2021-09-02,41.629991,-71.478888,76.34047900963385
2021-09-03,41.629991,-71.478888,0.0
2021-09-04,41.629991,-71.478888,0.0
2021-09-05,41.629991,-71.478888,2.5726632077830467
2021-09-06,41.629991,-71.478888,1.235801374672378
2021-09-07,41.629991,-71.478888,0.0
2021-09-08,41.629991,-71.478888,0.0
2021-09-09,41.629991,-71.478888,28.901633175204918
2021-09-10,41.629991,-71.478888,6.355177320690632
2021-09-11,41.629991,-71.478888,0.0
2021-09-12,41.629991,-71.478888,0.013976339498309709
2021-09-13,41.629991,-71.478888,0.15918361012247717
2021-09-14,41.629991,-71.478888,0.0035571353542076423
2021-09-15,41.629991,-71.478888,0.002134281292032762
2021-09-16,41.629991,-71.478888,7.454440859094727
2021-09-17,41.629991,-71.478888,0.002844108398404684
2021-09-18,41.629991,-71.478888,0.0
2021-09-19,41.629991,-71.478888,1.119256662951231
2021-09-20,41.629991,-71.478888,0.0
2021-09-21,41.629991,-71.478888,0.0
2021-09-22,41.629991,-71.478888,0.0
2021-09-23,41.629991,-71.478888,0.0
2021-09-24,41.629991,-71.478888,10.7782084742483
2021-09-25,41.629991,-71.478888,0.0
2021-09-26,41.629991,-71.478888,8.824619486471699
2021-09-27,41.629991,-71.478888,0.0
2021-09-28,41.629991,-71.478888,13.866228156174152
2021-09-29,41.629991,-71.478888,0.5596790216446137
2021-09-30,41.629991,-71.478888,0.0
2021-10-01,41.629991,-71.478888,0.0
2021-10-02,41.629991,-71.478888,0.000578045760587467
2021-10-03,41.629991,-71.478888,1.2300888930805336
2021-10-04,41.629991,-71.478888,22.00865143198486
2021-10-05,41.629991,-71.478888,9.697677176722253
2021-10-06,41.629991,-71.478888,0.4679043079808884
2021-10-07,41.629991,-71.478888,0.0
2021-10-08,41.629991,-71.478888,0.0
2021-10-09,41.629991,-71.478888,0.5298181593631646
2021-10-10,41.629991,-71.478888,22.77425178599821
2021-10-11,41.629991,-71.478888,0.28166278515730503
2021-10-12,41.629991,-71.478888,0.0
2021-10-13,41.629991,-71.478888,0.0
2021-10-14,41.629991,-71.478888,0.1450959370623987
2021-10-15,41.629991,-71.478888,1.501075516386191
2021-10-16,41.629991,-71.478888,0.10108152496173385
2021-10-17,41.629991,-71.478888,8.700941724625988
2021-10-18,41.629991,-71.478888,0.0
2021-10-19,41.629991,-71.478888,0.0
2021-10-20,41.629991,-71.478888,0.0
2021-10-21,41.629991,-71.478888,0.006932649073191716
2021-10-22,41.629991,-71.478888,0.0
2021-10-23,41.629991,-71.478888,0.33542042013797396
2021-10-24,41.629991,-71.478888,0.3417855769371976
2021-10-25,41.629991,-71.478888,10.225516026857845
2021-10-26,41.629991,-71.478888,26.90155047488488
2021-10-27,41.629991,-71.478888,11.571188699520679
2021-10-28,41.629991,-71.478888,0.002845708389377016
2021-10-29,41.629991,-71.478888,0.0
2021-10-30,41.629991,-71.478888,19.79346658817194
2021-10-31,41.629991,-71.478888,17.330953284143632
2021-11-01,41.629991,-71.478888,0.03697340864950441
2021-11-02,41.629991,-71.478888,1.599470040477338
2021-11-03,41.629991,-71.478888,0.7465673041343354
2021-11-04,41.629991,-71.478888,0.0012894728579317212
2021-11-05,41.629991,-71.478888,0.0
2021-11-06,41.629991,-71.478888,0.0
2021-11-07,41.629991,-71.478888,0.12016398989571415
2021-11-08,41.629991,-71.478888,0.0754802732999801
2021-11-09,41.629991,-71.478888,0.0
2021-11-10,41.629991,-71.478888,0.39090522699245034
2021-11-11,41.629991,-71.478888,0.000711427097344254
2021-11-12,41.629991,-71.478888,31.23319967370585
2021-11-13,41.629991,-71.478888,0.13159164423734312
2021-11-14,41.629991,-71.478888,0.0
2021-11-15,41.629991,-71.478888,4.251683520195918
2021-11-16,41.629991,-71.478888,0.0
2021-11-17,41.629991,-71.478888,0.24634268687041905
2021-11-18,41.629991,-71.478888,0.7001126269470985
2021-11-19,41.629991,-71.478888,3.724904006545236
2021-11-20,41.629991,-71.478888,0.0
2021-11-21,41.629991,-71.478888,0.15007176330224314
2021-11-22,41.629991,-71.478888,9.475001030390766
2021-11-23,41.629991,-71.478888,0.0
2021-11-24,41.629991,-71.478888,0.0
2021-11-25,41.629991,-71.478888,0.19651983069899967
2021-11-26,41.629991,-71.478888,13.2427368092386
2021-11-27,41.629991,-71.478888,0.002844108398404684
2021-11-28,41.629991,-71.478888,0.004979989813923405
2021-11-29,41.629991,-71.478888,0.0
2021-11-30,41.629991,-71.478888,0.0
2021-12-01,41.629991,-71.478888,0.0
2021-12-02,41.629991,-71.478888,4.127087147574101
2021-12-03,41.629991,-71.478888,0.028174831548243857
2021-12-04,41.629991,-71.478888,0.0
2021-12-05,41.629991,-71.478888,0.09812253974044777
2021-12-06,41.629991,-71.478888,6.6848256168267834
2021-12-07,41.629991,-71.478888,2.0625866121499805
2021-12-08,41.629991,-71.478888,3.1816194302880008
2021-12-09,41.629991,-71.478888,0.0014451143476339602
2021-12-10,41.629991,-71.478888,0.09479528523337022
2021-12-11,41.629991,-71.478888,3.4923747526640905
2021-12-12,41.629991,-71.478888,25.359653016744158
2021-12-13,41.629991,-71.478888,2.5204139747447294
2021-12-14,41.629991,-71.478888,0.0
2021-12-15,41.629991,-71.478888,1.8166181421122123
2021-12-16,41.629991,-71.478888,4.2233601999242625
2021-12-17,41.629991,-71.478888,0.29886163112792385
2021-12-18,41.629991,-71.478888,3.1052662722988575
2021-12-19,41.629991,-71.478888,2.298871817185883
2021-12-20,41.629991,-71.478888,0.0
2021-12-21,41.629991,-71.478888,0.0
2021-12-22,41.629991,-71.478888,0.9082627878542551
2021-12-23,41.629991,-71.478888,0.0
2021-12-24,41.629991,-71.478888,0.0
2021-12-25,41.629991,-71.478888,9.208222998929426
2021-12-26,41.629991,-71.478888,0.6221703718769771
2021-12-27,41.629991,-71.478888,0.017779277337203393
2021-12-28,41.629991,-71.478888,0.4203121188300084
2021-12-29,41.629991,-71.478888,0.5876422824881851
2021-12-30,41.629991,-71.478888,2.249017362902138
2021-12-31,41.629991,-71.478888,0.049389115145655506
2022-01-01,41.629991,-71.478888,3.928671059952504
2022-01-02,41.629991,-71.478888,20.96737275944767
2022-01-03,41.629991,-71.478888,1.7287511865451466
2022-01-04,41.629991,-71.478888,0.46593810913264866
2022-01-05,41.629991,-71.478888,6.55004366123706
2022-01-06,41.629991,-71.478888,0.550903198371251
2022-01-07,41.629991,-71.478888,3.168938282768128
2022-01-08,41.629991,-71.478888,0.0
2022-01-09,41.629991,-71.478888,1.2862295628416813
2022-01-10,41.629991,-71.478888,11.14851153383278
2022-01-11,41.629991,-71.478888,0.0
2022-01-12,41.629991,-71.478888,0.0
2022-01-13,41.629991,-71.478888,0.0
2022-01-14,41.629991,-71.478888,0.2917245388846038
2022-01-15,41.629991,-71.478888,0.0
2022-01-16,41.629991,-71.478888,0.0
2022-01-17,41.629991,-71.478888,38.139808005451314
2022-01-18,41.629991,-71.478888,0.0
2022-01-19,41.629991,-71.478888,0.0
2022-01-20,41.629991,-71.478888,2.062707419001493
2022-01-21,41.629991,-71.478888,0.0
2022-01-22,41.629991,-71.478888,1.2564630235488456
2022-01-23,41.629991,-71.478888,0.002844108398404684
2022-01-24,41.629991,-71.478888,0.0
2022-01-25,41.629991,-71.478888,0.004621766048794478
2022-01-26,41.629991,-71.478888,0.0
2022-01-27,41.629991,-71.478888,0.0
2022-01-28,41.629991,-71.478888,0.0
2022-01-29,41.629991,-71.478888,7.968343890210064
2022-01-30,41.629991,-71.478888,0.004913388695819932
2022-01-31,41.629991,-71.478888,0.0
2022-02-01,41.629991,-71.478888,0.0
2022-02-02,41.629991,-71.478888,0.0
2022-02-03,41.629991,-71.478888,2.6027563700737897
2022-02-04,41.629991,-71.478888,43.12411746071077
2022-02-05,41.629991,-71.478888,3.5560738881224374
2022-02-06,41.629991,-71.478888,0.0
2022-02-07,41.629991,-71.478888,1.2435369269887209
2022-02-08,41.629991,-71.478888,38.15165329980271
2022-02-09,41.629991,-71.478888,0.0
2022-02-10,41.629991,-71.478888,0.0
2022-02-11,41.629991,-71.478888,0.0
2022-02-12,41.629991,-71.478888,0.002310883024397239
2022-02-13,41.629991,-71.478888,0.0156481943050342
2022-02-14,41.629991,-71.478888,0.0
2022-02-15,41.629991,-71.478888,0.0
2022-02-16,41.629991,-71.478888,0.0
2022-02-17,41.629991,-71.478888,0.0
2022-02-18,41.629991,-71.478888,20.51780679563337
2022-02-19,41.629991,-71.478888,0.001422854194688508
2022-02-20,41.629991,-71.478888,0.000578045760587467
2022-02-21,41.629991,-71.478888,0.0
2022-02-22,41.629991,-71.478888,4.69243476765893
2022-02-23,41.629991,-71.478888,16.289288731092178
2022-02-24,41.629991,-71.478888,2.449073630298173
2022-02-25,41.629991,-71.478888,30.00643052595353
2022-02-26,41.629991,-71.478888,0.0
2022-02-27,41.629991,-71.478888,0.0
2022-02-28,41.629991,-71.478888,0.0
2022-03-01,41.629991,-71.478888,0.0
2022-03-02,41.629991,-71.478888,2.1135557144451296
2022-03-03,41.629991,-71.478888,3.8929197726070806
2022-03-04,41.629991,-71.478888,0.0
2022-03-05,41.629991,-71.478888,0.0
2022-03-06,41.629991,-71.478888,9.523496932366557
2022-03-07,41.629991,-71.478888,1.1945891818704164
2022-03-08,41.629991,-71.478888,11.007546219676962
2022-03-09,41.629991,-71.478888,3.5366007771539048
2022-03-10,41.629991,-71.478888,0.0
2022-03-11,41.629991,-71.478888,0.0
2022-03-12,41.629991,-71.478888,17.697934128077684
2022-03-13,41.629991,-71.478888,0.0
2022-03-14,41.629991,-71.478888,0.0
2022-03-15,41.629991,-71.478888,0.014117419992836198
2022-03-16,41.629991,-71.478888,1.1391560717700826
2022-03-17,41.629991,-71.478888,7.954958624456927
2022-03-18,41.629991,-71.478888,5.87790156909056
2022-03-19,41.629991,-71.478888,1.783626869177837
2022-03-20,41.629991,-71.478888,0.30228137184459974
2022-03-21,41.629991,-71.478888,0.0
2022-03-22,41.629991,-71.478888,0.0014451143476339602
2022-03-23,41.629991,-71.478888,0.2752676255177413
2022-03-24,41.629991,-71.478888,12.691495398879406
2022-03-25,41.629991,-71.478888,14.740599321453114
2022-03-26,41.629991,-71.478888,0.11670461599569965
2022-03-27,41.629991,-71.478888,0.3071636921945244
2022-03-28,41.629991,-71.478888,0.14105305879984154
2022-03-29,41.629991,-71.478888,0.0
2022-03-30,41.629991,-71.478888,0.08914553995933099
2022-03-31,41.629991,-71.478888,2.8887878082176437
2022-04-01,41.629991,-71.478888,5.833490469958889
2022-04-02,41.629991,-71.478888,0.09278984369005062
2022-04-03,41.629991,-71.478888,2.683230402618264
2022-04-04,41.629991,-71.478888,0.08851082737389951
2022-04-05,41.629991,-71.478888,0.0
2022-04-06,41.629991,-71.478888,10.831893558178248
2022-04-07,41.629991,-71.478888,3.6189254603115595
2022-04-08,41.629991,-71.478888,14.462555026683708
2022-04-09,41.629991,-71.478888,0.0497758950952161
2022-04-10,41.629991,-71.478888,0.021721055914640165
2022-04-11,41.629991,-71.478888,0.0
2022-04-12,41.629991,-71.478888,8.239278703460878
2022-04-13,41.629991,-71.478888,0.03476111633512489
2022-04-14,41.629991,-71.478888,2.5184202522125974
2022-04-15,41.629991,-71.478888,4.1410479746176545
2022-04-16,41.629991,-71.478888,0.0026012058688088934
2022-04-17,41.629991,-71.478888,8.663075345212745
2022-04-18,41.629991,-71.478888,0.6013561666763795
2022-04-19,41.629991,-71.478888,31.91756568878602
2022-04-20,41.629991,-71.478888,0.0
2022-04-21,41.629991,-71.478888,0.0
2022-04-22,41.629991,-71.478888,0.0
2022-04-23,41.629991,-71.478888,0.016176181601216186
2022-04-24,41.629991,-71.478888,0.9618935700834861
2022-04-25,41.629991,-71.478888,0.4970982047687015
2022-04-26,41.629991,-71.478888,0.11326600879859988
2022-04-27,41.629991,-71.478888,4.475326500468685
2022-04-28,41.629991,-71.478888,0.0
2022-04-29,41.629991,-71.478888,0.0
2022-04-30,41.629991,-71.478888,0.0
2022-05-01,41.629991,-71.478888,0.0
2022-05-02,41.629991,-71.478888,1.091070759593769
2022-05-03,41.629991,-71.478888,3.4746446508477895
2022-05-04,41.629991,-71.478888,3.5508549191042302
2022-05-05,41.629991,-71.478888,0.00764407617053597
2022-05-06,41.629991,-71.478888,5.459370731384563
2022-05-07,41.629991,-71.478888,14.813790196983781
2022-05-08,41.629991,-71.478888,1.8245582943287502
2022-05-09,41.629991,-71.478888,0.0
2022-05-10,41.629991,-71.478888,0.02617662133720195
2022-05-11,41.629991,-71.478888,0.19415216799847115
2022-05-12,41.629991,-71.478888,0.0
2022-05-13,41.629991,-71.478888,0.002844108398404684
2022-05-14,41.629991,-71.478888,0.12906237248995298
2022-05-15,41.629991,-71.478888,2.9325406029150516
2022-05-16,41.629991,-71.478888,0.008377763420825676
2022-05-17,41.629991,-71.478888,5.343276020048073
2022-05-18,41.629991,-71.478888,0.0
2022-05-19,41.629991,-71.478888,9.937648182730593
2022-05-20,41.629991,-71.478888,0.0
2022-05-21,41.629991,-71.478888,3.803632801325524
2022-05-22,41.629991,-71.478888,0.0
2022-05-23,41.629991,-71.478888,0.022665036239305134
2022-05-24,41.629991,-71.478888,5.1195868061224346
2022-05-25,41.629991,-71.478888,0.0
2022-05-26,41.629991,-71.478888,0.06833463394622696
2022-05-27,41.629991,-71.478888,0.0002890228802937335
2022-05-28,41.629991,-71.478888,3.564798082286543
2022-05-29,41.629991,-71.478888,0.16229287822352612
2022-05-30,41.629991,-71.478888,0.01990875931858927
2022-05-31,41.629991,-71.478888,0.03806285098059557
2022-06-01,41.629991,-71.478888,0.9738817753761739
2022-06-02,41.629991,-71.478888,3.662306619481096
2022-06-03,41.629991,-71.478888,0.3222347739591952
2022-06-04,41.629991,-71.478888,0.0
2022-06-05,41.629991,-71.478888,0.0
2022-06-06,41.629991,-71.478888,0.0
2022-06-07,41.629991,-71.478888,1.231219462526128
2022-06-08,41.629991,-71.478888,14.67582428914
2022-06-09,41.629991,-71.478888,14.776931437476362
2022-06-10,41.629991,-71.478888,0.0
2022-06-11,41.629991,-71.478888,0.6148396078662877
2022-06-12,41.629991,-71.478888,1.2309797519437626
2022-06-13,41.629991,-71.478888,33.315768914128384
2022-06-14,41.629991,-71.478888,0.0014451143476339602
2022-06-15,41.629991,-71.478888,0.04977727714275863
2022-06-16,41.629991,-71.478888,0.4322248438477952
2022-06-17,41.629991,-71.478888,6.8976275246702015
2022-06-18,41.629991,-71.478888,0.030286330958983115
2022-06-19,41.629991,-71.478888,5.982174702649598
2022-06-20,41.629991,-71.478888,0.02275286718723747
2022-06-21,41.629991,-71.478888,0.0
2022-06-22,41.629991,-71.478888,1.5044363095901878
2022-06-23,41.629991,-71.478888,0.0
2022-06-24,41.629991,-71.478888,0.20232848256049063
2022-06-25,41.629991,-71.478888,0.0
2022-06-26,41.629991,-71.478888,0.0
2022-06-27,41.629991,-71.478888,17.22181469650864
2022-06-28,41.629991,-71.478888,7.110228203538537
2022-06-29,41.629991,-71.478888,0.0
2022-06-30,41.629991,-71.478888,0.0
2022-07-01,41.629991,-71.478888,0.016718627137092934
2022-07-02,41.629991,-71.478888,3.505749627763738
2022-07-03,41.629991,-71.478888,5.648707170050809
2022-07-04,41.629991,-71.478888,0.0
2022-07-05,41.629991,-71.478888,4.40958721768721
2022-07-06,41.629991,-71.478888,0.6458114805177497
2022-07-07,41.629991,-71.478888,0.0
2022-07-08,41.629991,-71.478888,0.1443486943443041
2022-07-09,41.629991,-71.478888,0.2860465803008373
2022-07-10,41.629991,-71.478888,0.002310883024397239
2022-07-11,41.629991,-71.478888,0.0
2022-07-12,41.629991,-71.478888,0.011376433593618736
2022-07-13,41.629991,-71.478888,0.2529867624955171
2022-07-14,41.629991,-71.478888,0.2329173970109723
2022-07-15,41.629991,-71.478888,0.0
2022-07-16,41.629991,-71.478888,0.6795995637248532
2022-07-17,41.629991,-71.478888,2.856464304232879
2022-07-18,41.629991,-71.478888,12.417459267692779
2022-07-19,41.629991,-71.478888,4.064422682831299
2022-07-20,41.629991,-71.478888,0.0
2022-07-21,41.629991,-71.478888,0.0
2022-07-22,41.629991,-71.478888,0.003312632966153149
2022-07-23,41.629991,-71.478888,0.0
2022-07-24,41.629991,-71.478888,0.0
2022-07-25,41.629991,-71.478888,2.197765455977478
2022-07-26,41.629991,-71.478888,1.1881439443024562
2022-07-27,41.629991,-71.478888,0.0
2022-07-28,41.629991,-71.478888,0.0
2022-07-29,41.629991,-71.478888,0.5592930763931088
2022-07-30,41.629991,-71.478888,4.357890659907607
2022-07-31,41.629991,-71.478888,0.0
2022-08-01,41.629991,-71.478888,11.653522538031966
2022-08-02,41.629991,-71.478888,0.0
2022-08-03,41.629991,-71.478888,0.01990875931858927
2022-08-04,41.629991,-71.478888,0.0
2022-08-05,41.629991,-71.478888,0.04097296014937716
2022-08-06,41.629991,-71.478888,0.43111604064939135
2022-08-07,41.629991,-71.478888,0.07501464837278318
2022-08-08,41.629991,-71.478888,0.1322559747442617
2022-08-09,41.629991,-71.478888,2.9311993639922562
2022-08-10,41.629991,-71.478888,1.8098726128723208
2022-08-11,41.629991,-71.478888,6.312581358369416
2022-08-12,41.629991,-71.478888,0.0713304404554812
2022-08-13,41.629991,-71.478888,1.9134823244648302
2022-08-14,41.629991,-71.478888,0.1973238163806978
2022-08-15,41.629991,-71.478888,0.004268562584065524
2022-08-16,41.629991,-71.478888,0.129630758470868
2022-08-17,41.629991,-71.478888,14.717637765844616
2022-08-18,41.629991,-71.478888,0.0
2022-08-19,41.629991,-71.478888,0.0
2022-08-20,41.629991,-71.478888,0.002844108398404684
2022-08-21,41.629991,-71.478888,0.3110509551292151
2022-08-22,41.629991,-71.478888,8.331383763581865
2022-08-23,41.629991,-71.478888,0.004445164316430002
2022-08-24,41.629991,-71.478888,0.06630688220507222
2022-08-25,41.629991,-71.478888,0.0
2022-08-26,41.629991,-71.478888,12.122883103590306
2022-08-27,41.629991,-71.478888,1.6000340710691545
2022-08-28,41.629991,-71.478888,0.0
2022-08-29,41.629991,-71.478888,0.0
2022-08-30,41.629991,-71.478888,0.0
2022-08-31,41.629991,-71.478888,7.460739334450471
2022-09-01,41.629991,-71.478888,0.0
2022-09-02,41.629991,-71.478888,0.0
2022-09-03,41.629991,-71.478888,0.0
2022-09-04,41.629991,-71.478888,0.017686865998862794
2022-09-05,41.629991,-71.478888,11.447593654413442
2022-09-06,41.629991,-71.478888,48.33601216140558
2022-09-07,41.629991,-71.478888,0.13937669865672897
2022-09-08,41.629991,-71.478888,0.05243838301723114
2022-09-09,41.629991,-71.478888,0.0
2022-09-10,41.629991,-71.478888,0.0
2022-09-11,41.629991,-71.478888,1.7456174361370789
2022-09-12,41.629991,-71.478888,7.387874105080636
2022-09-13,41.629991,-71.478888,33.59372904715833
2022-09-14,41.629991,-71.478888,0.0
2022-09-15,41.629991,-71.478888,0.04136645255475485
2022-09-16,41.629991,-71.478888,0.0
2022-09-17,41.629991,-71.478888,0.0
2022-09-18,41.629991,-71.478888,0.0
2022-09-19,41.629991,-71.478888,0.0
2022-09-20,41.629991,-71.478888,0.5303950734735571
2022-09-21,41.629991,-71.478888,0.0
2022-09-22,41.629991,-71.478888,33.4616312754153
2022-09-23,41.629991,-71.478888,0.0
2022-09-24,41.629991,-71.478888,0.0
2022-09-25,41.629991,-71.478888,0.9282419910707933
2022-09-26,41.629991,-71.478888,10.59164770162741
2022-09-27,41.629991,-71.478888,0.02079794678913964
2022-09-28,41.629991,-71.478888,0.0
2022-09-29,41.629991,-71.478888,0.055461192585533725
2022-09-30,41.629991,-71.478888,0.3878680836154035
2022-10-01,41.629991,-71.478888,36.67380136063566
2022-10-02,41.629991,-71.478888,0.6912929560535434
2022-10-03,41.629991,-71.478888,8.583708793489658
2022-10-04,41.629991,-71.478888,8.054396445132317
2022-10-05,41.629991,-71.478888,16.359210693128624
2022-10-06,41.629991,-71.478888,24.00838393674136
2022-10-07,41.629991,-71.478888,0.0
2022-10-08,41.629991,-71.478888,2.0503232290016555
2022-10-09,41.629991,-71.478888,0.0
2022-10-10,41.629991,-71.478888,0.007825698203300419
2022-10-11,41.629991,-71.478888,0.0
2022-10-12,41.629991,-71.478888,0.0
2022-10-13,41.629991,-71.478888,7.323155495732442
2022-10-14,41.629991,-71.478888,43.47509094557113
2022-10-15,41.629991,-71.478888,0.4785732439702637
2022-10-16,41.629991,-71.478888,0.014939969971824715
2022-10-17,41.629991,-71.478888,3.3491021483775123
2022-10-18,41.629991,-71.478888,5.37401496267037
2022-10-19,41.629991,-71.478888,0.0
2022-10-20,41.629991,-71.478888,0.0
2022-10-21,41.629991,-71.478888,0.0
2022-10-22,41.629991,-71.478888,0.0
2022-10-23,41.629991,-71.478888,23.44805063807186
2022-10-24,41.629991,-71.478888,8.420777195886288
2022-10-25,41.629991,-71.478888,0.3167901753778604
2022-10-26,41.629991,-71.478888,0.6335493090333366
2022-10-27,41.629991,-71.478888,0.0
2022-10-28,41.629991,-71.478888,0.0
2022-10-29,41.629991,-71.478888,3.338906765929524
2022-10-30,41.629991,-71.478888,0.0
2022-10-31,41.629991,-71.478888,0.2910022416824246
2022-11-01,41.629991,-71.478888,9.104862898791469
2022-11-02,41.629991,-71.478888,0.985292881207932
2022-11-03,41.629991,-71.478888,0.0
2022-11-04,41.629991,-71.478888,0.0
2022-11-05,41.629991,-71.478888,0.0
2022-11-06,41.629991,-71.478888,0.0
2022-11-07,41.629991,-71.478888,0.06458728860411904
2022-11-08,41.629991,-71.478888,0.0
2022-11-09,41.629991,-71.478888,0.0
2022-11-10,41.629991,-71.478888,0.0
2022-11-11,41.629991,-71.478888,1.2894680664291946
2022-11-12,41.629991,-71.478888,2.2452473478820987
2022-11-13,41.629991,-71.478888,12.660317780744558
2022-11-14,41.629991,-71.478888,0.014220541462266938
2022-11-15,41.629991,-71.478888,0.0
2022-11-16,41.629991,-71.478888,29.43413796810472
2022-11-17,41.629991,-71.478888,0.00577720734577534
2022-11-18,41.629991,-71.478888,0.0
2022-11-19,41.629991,-71.478888,0.0
2022-11-20,41.629991,-71.478888,0.0
2022-11-21,41.629991,-71.478888,0.0
2022-11-22,41.629991,-71.478888,0.0
2022-11-23,41.629991,-71.478888,0.0
2022-11-24,41.629991,-71.478888,0.0
2022-11-25,41.629991,-71.478888,2.6797607043310725
2022-11-26,41.629991,-71.478888,0.0
2022-11-27,41.629991,-71.478888,28.158578783031015
2022-11-28,41.629991,-71.478888,0.17610184221721986
2022-11-29,41.629991,-71.478888,0.0
2022-11-30,41.629991,-71.478888,20.265600188380727
2022-12-01,41.629991,-71.478888,1.7371327075441108
2022-12-02,41.629991,-71.478888,0.0
2022-12-03,41.629991,-71.478888,20.138140461183298
2022-12-04,41.629991,-71.478888,0.0
2022-12-05,41.629991,-71.478888,0.0
2022-12-06,41.629991,-71.478888,2.9012915485112805
2022-12-07,41.629991,-71.478888,44.28153005078609
2022-12-08,41.629991,-71.478888,0.0
2022-12-09,41.629991,-71.478888,0.0
2022-12-10,41.629991,-71.478888,0.0
2022-12-11,41.629991,-71.478888,0.004266962593093192
2022-12-12,41.629991,-71.478888,1.3988544975394506
2022-12-13,41.629991,-71.478888,0.0
2022-12-14,41.629991,-71.478888,0.0
2022-12-15,41.629991,-71.478888,0.0870704087929951
2022-12-16,41.629991,-71.478888,31.56426104483487
2022-12-17,41.629991,-71.478888,0.0
2022-12-18,41.629991,-71.478888,0.0
2022-12-19,41.629991,-71.478888,0.0
2022-12-20,41.629991,-71.478888,0.0
2022-12-21,41.629991,-71.478888,0.0
2022-12-22,41.629991,-71.478888,2.0462230862828865
2022-12-23,41.629991,-71.478888,35.475811192506704
2022-12-24,41.629991,-71.478888,0.0
2022-12-25,41.629991,-71.478888,0.0
2022-12-26,41.629991,-71.478888,0.0
2022-12-27,41.629991,-71.478888,0.40894768988815755
2022-12-28,41.629991,-71.478888,0.0
2022-12-29,41.629991,-71.478888,0.0043333931774770604
2022-12-30,41.629991,-71.478888,0.0
2022-12-31,41.629991,-71.478888,15.881489354851485
2023-01-01,41.629991,-71.478888,20.315795373710806
2023-01-02,41.629991,-71.478888,0.0008670686408812013
2023-01-03,41.629991,-71.478888,15.269595225562808
2023-01-04,41.629991,-71.478888,6.402640524428333
2023-01-05,41.629991,-71.478888,3.0260489086094746
2023-01-06,41.629991,-71.478888,0.05354422242236636
2023-01-07,41.629991,-71.478888,0.0
2023-01-08,41.629991,-71.478888,0.0
2023-01-09,41.629991,-71.478888,4.113915176106342
2023-01-10,41.629991,-71.478888,0.0
2023-01-11,41.629991,-71.478888,0.0035571353542076423
2023-01-12,41.629991,-71.478888,0.07055310276798543
2023-01-13,41.629991,-71.478888,28.325054635860262
2023-01-14,41.629991,-71.478888,4.065473213448708
2023-01-15,41.629991,-71.478888,1.3406654500927342
2023-01-16,41.629991,-71.478888,1.0626556368081062
2023-01-17,41.629991,-71.478888,0.01146542414258471
2023-01-18,41.629991,-71.478888,0.0
2023-01-19,41.629991,-71.478888,23.906340579616867
2023-01-20,41.629991,-71.478888,17.53803497928652
2023-01-21,41.629991,-71.478888,0.0
2023-01-22,41.629991,-71.478888,0.2743177446009734
2023-01-23,41.629991,-71.478888,40.83094313852428
2023-01-24,41.629991,-71.478888,0.0
2023-01-25,41.629991,-71.478888,4.581829665196657
2023-01-26,41.629991,-71.478888,45.901054275563766
2023-01-27,41.629991,-71.478888,0.0
2023-01-28,41.629991,-71.478888,0.017064650390428104
2023-01-29,41.629991,-71.478888,1.64864312988753
2023-01-30,41.629991,-71.478888,0.007825698203300419
2023-01-31,41.629991,-71.478888,0.06503060865296552
2023-02-01,41.629991,-71.478888,0.1464530265339843
2023-02-02,41.629991,-71.478888,0.0
2023-02-03,41.629991,-71.478888,0.0
2023-02-04,41.629991,-71.478888,0.03201280734444045
2023-02-05,41.629991,-71.478888,0.0
2023-02-06,41.629991,-71.478888,0.013294872564743359
2023-02-07,41.629991,-71.478888,0.0
2023-02-08,41.629991,-71.478888,7.630099409214375
2023-02-09,41.629991,-71.478888,0.6860979729170966
2023-02-10,41.629991,-71.478888,1.213071733668634
2023-02-11,41.629991,-71.478888,0.0
2023-02-12,41.629991,-71.478888,0.0
2023-02-13,41.629991,-71.478888,9.054691900844016
2023-02-14,41.629991,-71.478888,0.002134281292032762
2023-02-15,41.629991,-71.478888,1.8118803803006747
2023-02-16,41.629991,-71.478888,2.6629769052235894
2023-02-17,41.629991,-71.478888,14.13696024422999
2023-02-18,41.629991,-71.478888,0.29821704695526075
2023-02-19,41.629991,-71.478888,0.009421954015895115
2023-02-20,41.629991,-71.478888,1.9536347349269536
2023-02-21,41.629991,-71.478888,4.892281434660381
2023-02-22,41.629991,-71.478888,0.08843498467177768
2023-02-23,41.629991,-71.478888,12.00539122744932
2023-02-24,41.629991,-71.478888,0.4780007955736779
2023-02-25,41.629991,-71.478888,0.0
2023-02-26,41.629991,-71.478888,0.011382833557508064
2023-02-27,41.629991,-71.478888,0.0
2023-02-28,41.629991,-71.478888,1.6235960910960057
2023-03-01,41.629991,-71.478888,0.002310883024397239
2023-03-02,41.629991,-71.478888,3.084704011969485
2023-03-03,41.629991,-71.478888,0.009935949086748257
2023-03-04,41.629991,-71.478888,13.277524613644147
2023-03-05,41.629991,-71.478888,0.0
2023-03-06,41.629991,-71.478888,0.0
2023-03-07,41.629991,-71.478888,0.24242178843692538
2023-03-08,41.629991,-71.478888,0.0
2023-03-09,41.629991,-71.478888,0.006555285437690569
2023-03-10,41.629991,-71.478888,0.0008670686408812013
2023-03-11,41.629991,-71.478888,16.90905970769033
2023-03-12,41.629991,-71.478888,0.0
2023-03-13,41.629991,-71.478888,6.545653160250834
2023-03-14,41.629991,-71.478888,36.904256245390954
2023-03-15,41.629991,-71.478888,0.0
2023-03-16,41.629991,-71.478888,0.04818820177275526
2023-03-17,41.629991,-71.478888,0.2695162634615925
2023-03-18,41.629991,-71.478888,4.929997387276297
2023-03-19,41.629991,-71.478888,0.03412930078085621
2023-03-20,41.629991,-71.478888,0.0
2023-03-21,41.629991,-71.478888,0.0
2023-03-22,41.629991,-71.478888,0.0776684896190527
2023-03-23,41.629991,-71.478888,7.872154414324589
2023-03-24,41.629991,-71.478888,0.29658560481546137
2023-03-25,41.629991,-71.478888,5.078830054981363
2023-03-26,41.629991,-71.478888,0.3833437300812867
2023-03-27,41.629991,-71.478888,2.6873093896410616
2023-03-28,41.629991,-71.478888,3.585331072297866
2023-03-29,41.629991,-71.478888,0.0
2023-03-30,41.629991,-71.478888,0.014936767870258074
2023-03-31,41.629991,-71.478888,8.929275108916347
2023-04-01,41.629991,-71.478888,37.942553149635444
2023-04-02,41.629991,-71.478888,0.3663448291889983
2023-04-03,41.629991,-71.478888,0.3290672681335227
2023-04-04,41.629991,-71.478888,0.49091214080918727
2023-04-05,41.629991,-71.478888,0.48510369847772183
2023-04-06,41.629991,-71.478888,7.149034194792326
2023-04-07,41.629991,-71.478888,3.599159809733939
2023-04-08,41.629991,-71.478888,0.1662854613723443
2023-04-09,41.629991,-71.478888,0.0
2023-04-10,41.629991,-71.478888,0.0
2023-04-11,41.629991,-71.478888,0.0
2023-04-12,41.629991,-71.478888,1.3738055519030348
2023-04-13,41.629991,-71.478888,0.012294422558114877
2023-04-14,41.629991,-71.478888,0.0050022497018416025
2023-04-15,41.629991,-71.478888,0.9369067984750223
2023-04-16,41.629991,-71.478888,13.947227431678392
2023-04-17,41.629991,-71.478888,0.6348832043498276
2023-04-18,41.629991,-71.478888,0.0
2023-04-19,41.629991,-71.478888,0.0
2023-04-20,41.629991,-71.478888,0.10807612019889096
2023-04-21,41.629991,-71.478888,0.13758296227979763
2023-04-22,41.629991,-71.478888,0.30727702269630264
2023-04-23,41.629991,-71.478888,29.200733503712307
2023-04-24,41.629991,-71.478888,0.03982231808033906
2023-04-25,41.629991,-71.478888,0.03697340864950441
2023-04-26,41.629991,-71.478888,0.0
2023-04-27,41.629991,-71.478888,0.35358536442204846
2023-04-28,41.629991,-71.478888,0.04662885454350629
2023-04-29,41.629991,-71.478888,4.322621841966972
2023-04-30,41.629991,-71.478888,15.98396697704297
2023-05-01,41.629991,-71.478888,10.702788919929551
2023-05-02,41.629991,-71.478888,3.624788692859635
2023-05-03,41.629991,-71.478888,0.8422315037522827
2023-05-04,41.629991,-71.478888,0.7970539912553123
2023-05-05,41.629991,-71.478888,0.19515025831634675
2023-05-06,41.629991,-71.478888,0.268804238943041
2023-05-07,41.629991,-71.478888,0.01762194531217319
2023-05-08,41.629991,-71.478888,13.929620370725143
2023-05-09,41.629991,-71.478888,0.0
2023-05-10,41.629991,-71.478888,0.0
2023-05-11,41.629991,-71.478888,0.0
2023-05-12,41.629991,-71.478888,0.0
2023-05-13,41.629991,-71.478888,0.3859071988301259
2023-05-14,41.629991,-71.478888,0.0
2023-05-15,41.629991,-71.478888,0.0
2023-05-16,41.629991,-71.478888,0.004846608344652992
2023-05-17,41.629991,-71.478888,0.0
2023-05-18,41.629991,-71.478888,0.0
2023-05-19,41.629991,-71.478888,0.0
2023-05-20,41.629991,-71.478888,14.372596940264502
2023-05-21,41.629991,-71.478888,33.312529896979306
2023-05-22,41.629991,-71.478888,0.0
2023-05-23,41.629991,-71.478888,0.0
2023-05-24,41.629991,-71.478888,0.07487810687868895
2023-05-25,41.629991,-71.478888,0.6473403192981999
2023-05-26,41.629991,-71.478888,0.0
2023-05-27,41.629991,-71.478888,0.0
2023-05-28,41.629991,-71.478888,0.0
2023-05-29,41.629991,-71.478888,0.0
2023-05-30,41.629991,-71.478888,0.0
2023-05-31,41.629991,-71.478888,0.0
2023-06-01,41.629991,-71.478888,0.0
2023-06-02,41.629991,-71.478888,0.006932649073191716
2023-06-03,41.629991,-71.478888,2.004629914595731
2023-06-04,41.629991,-71.478888,0.04657646453017492
2023-06-05,41.629991,-71.478888,0.28842753269143934
2023-06-06,41.629991,-71.478888,1.5783240677283814
2023-06-07,41.629991,-71.478888,0.0063585034741315515
2023-06-08,41.629991,-71.478888,0.13936131734915083
2023-06-09,41.629991,-71.478888,2.2312271818339475
2023-06-10,41.629991,-71.478888,3.923645122406231
2023-06-11,41.629991,-71.478888,0.0
2023-06-12,41.629991,-71.478888,1.0292249836273903
2023-06-13,41.629991,-71.478888,2.2179533178201467
2023-06-14,41.629991,-71.478888,0.6078503435566016
2023-06-15,41.629991,-71.478888,0.0
2023-06-16,41.629991,-71.478888,1.706492917957515
2023-06-17,41.629991,-71.478888,16.711732761372488
2023-06-18,41.629991,-71.478888,8.43605174201845
2023-06-19,41.629991,-71.478888,0.0
2023-06-20,41.629991,-71.478888,0.0
2023-06-21,41.629991,-71.478888,0.0
2023-06-22,41.629991,-71.478888,0.34777097287736614
2023-06-23,41.629991,-71.478888,0.4531723187916536
2023-06-24,41.629991,-71.478888,15.571189387168562
2023-06-25,41.629991,-71.478888,0.18575623283709833
2023-06-26,41.629991,-71.478888,0.02829660269500446
2023-06-27,41.629991,-71.478888,36.87759803993083
2023-06-28,41.629991,-71.478888,7.132326382893545
2023-06-29,41.629991,-71.478888,0.19461433149031454
2023-06-30,41.629991,-71.478888,0.0
2023-07-01,41.629991,-71.478888,0.0
2023-07-02,41.629991,-71.478888,1.1591756952300858
2023-07-03,41.629991,-71.478888,5.763485552052432
2023-07-04,41.629991,-71.478888,41.9803274726387
2023-07-05,41.629991,-71.478888,0.06549567380532628
2023-07-06,41.629991,-71.478888,0.0
2023-07-07,41.629991,-71.478888,0.033153141030195434
2023-07-08,41.629991,-71.478888,0.3342087347373415
2023-07-09,41.629991,-71.478888,1.9924561776218437
2023-07-10,41.629991,-71.478888,23.85717125249919
2023-07-11,41.629991,-71.478888,0.03128519291220801
2023-07-12,41.629991,-71.478888,0.0
2023-07-13,41.629991,-71.478888,0.14915416034099976
2023-07-14,41.629991,-71.478888,26.27778149869838
2023-07-15,41.629991,-71.478888,20.201823959304203
2023-07-16,41.629991,-71.478888,69.3482766428224
2023-07-17,41.629991,-71.478888,18.314525121942935
2023-07-18,41.629991,-71.478888,0.25577901892131155
2023-07-19,41.629991,-71.478888,0.8264698726100628
2023-07-20,41.629991,-71.478888,0.09102586654837692
2023-07-21,41.629991,-71.478888,3.016472446207313
2023-07-22,41.629991,-71.478888,0.5918294704035421
2023-07-23,41.629991,-71.478888,0.02456694606316563
2023-07-24,41.629991,-71.478888,0.013868547330272901
2023-07-25,41.629991,-71.478888,0.0
2023-07-26,41.629991,-71.478888,0.3061869597488434
2023-07-27,41.629991,-71.478888,0.0
2023-07-28,41.629991,-71.478888,2.5364687928761436
2023-07-29,41.629991,-71.478888,1.7196561663674426
2023-07-30,41.629991,-71.478888,13.067077856154366
2023-07-31,41.629991,-71.478888,0.0
2023-08-01,41.629991,-71.478888,0.0
2023-08-02,41.629991,-71.478888,0.0
2023-08-03,41.629991,-71.478888,0.0
2023-08-04,41.629991,-71.478888,0.38267996403299587
2023-08-05,41.629991,-71.478888,0.8025822019214842
2023-08-06,41.629991,-71.478888,0.2096666497674664
2023-08-07,41.629991,-71.478888,14.711338193516374
2023-08-08,41.629991,-71.478888,17.688819588550704
2023-08-09,41.629991,-71.478888,0.1678151959634115
2023-08-10,41.629991,-71.478888,14.761587398542732
2023-08-11,41.629991,-71.478888,9.49282876016648
2023-08-12,41.629991,-71.478888,1.501221261539083
2023-08-13,41.629991,-71.478888,24.93496687401707
2023-08-14,41.629991,-71.478888,0.9630164138603108
2023-08-15,41.629991,-71.478888,17.137278263325996
2023-08-16,41.629991,-71.478888,1.8363475515173047
2023-08-17,41.629991,-71.478888,1.6369748470613672
2023-08-18,41.629991,-71.478888,9.01904137602821
2023-08-19,41.629991,-71.478888,0.0
2023-08-20,41.629991,-71.478888,0.15904211606650237
2023-08-21,41.629991,-71.478888,0.8483384618248377
2023-08-22,41.629991,-71.478888,3.0120546506949832
2023-08-23,41.629991,-71.478888,0.0
2023-08-24,41.629991,-71.478888,0.0
2023-08-25,41.629991,-71.478888,12.961245060814033
2023-08-26,41.629991,-71.478888,0.5475677853630281
2023-08-27,41.629991,-71.478888,0.0
2023-08-28,41.629991,-71.478888,0.7828551379914866
2023-08-29,41.629991,-71.478888,1.0599045485499863
2023-08-30,41.629991,-71.478888,3.196717479725761
2023-08-31,41.629991,-71.478888,0.0
2023-09-01,41.629991,-71.478888,0.0
2023-09-02,41.629991,-71.478888,0.01126604182023326
2023-09-03,41.629991,-71.478888,1.2879128925219883
2023-09-04,41.629991,-71.478888,0.0
2023-09-05,41.629991,-71.478888,0.005202411737617787
2023-09-06,41.629991,-71.478888,0.0
2023-09-07,41.629991,-71.478888,0.0
2023-09-08,41.629991,-71.478888,0.3453513694367807
2023-09-09,41.629991,-71.478888,0.2659469509715768
2023-09-10,41.629991,-71.478888,1.511940008018837
2023-09-11,41.629991,-71.478888,1.4322110525532696
2023-09-12,41.629991,-71.478888,1.143130150854064
2023-09-13,41.629991,-71.478888,5.856169500231975
2023-09-14,41.629991,-71.478888,0.1486959248013217
2023-09-15,41.629991,-71.478888,0.05286193625938357
2023-09-16,41.629991,-71.478888,33.04323371209286
2023-09-17,41.629991,-71.478888,0.0
2023-09-18,41.629991,-71.478888,42.821496823229616
2023-09-19,41.629991,-71.478888,0.02399729946361982
2023-09-20,41.629991,-71.478888,0.0
2023-09-21,41.629991,-71.478888,0.0
2023-09-22,41.629991,-71.478888,0.0017341372817624027
2023-09-23,41.629991,-71.478888,28.09918060640396
2023-09-24,41.629991,-71.478888,1.7949867085891942
2023-09-25,41.629991,-71.478888,11.035568818459657
2023-09-26,41.629991,-71.478888,8.60941778732491
2023-09-27,41.629991,-71.478888,0.0
2023-09-28,41.629991,-71.478888,0.0
2023-09-29,41.629991,-71.478888,12.675515172154157
2023-09-30,41.629991,-71.478888,37.91891554494275
2023-10-01,41.629991,-71.478888,4.0740065609547536
2023-10-02,41.629991,-71.478888,0.0
2023-10-03,41.629991,-71.478888,0.0
2023-10-04,41.629991,-71.478888,0.0
2023-10-05,41.629991,-71.478888,0.0
2023-10-06,41.629991,-71.478888,0.0
2023-10-07,41.629991,-71.478888,4.398294411093649
2023-10-08,41.629991,-71.478888,0.06677999716019073
2023-10-09,41.629991,-71.478888,0.0
2023-10-10,41.629991,-71.478888,0.10337552134766204
2023-10-11,41.629991,-71.478888,0.15921435805103532
2023-10-12,41.629991,-71.478888,0.0
2023-10-13,41.629991,-71.478888,0.006936549127049611
2023-10-14,41.629991,-71.478888,10.771678301679662
2023-10-15,41.629991,-71.478888,5.062348326339671
2023-10-16,41.629991,-71.478888,0.2374025962893085
2023-10-17,41.629991,-71.478888,0.11044003110650064
2023-10-18,41.629991,-71.478888,0.16024896780608483
2023-10-19,41.629991,-71.478888,0.0
2023-10-20,41.629991,-71.478888,2.429423401669056
2023-10-21,41.629991,-71.478888,37.76215699604347
2023-10-22,41.629991,-71.478888,0.12594366760604833
2023-10-23,41.629991,-71.478888,0.3510908581727812
2023-10-24,41.629991,-71.478888,0.11989750719956865
2023-10-25,41.629991,-71.478888,0.09634444117036278
2023-10-26,41.629991,-71.478888,0.08484535613014153
2023-10-27,41.629991,-71.478888,2.4473375931246766
2023-10-28,41.629991,-71.478888,0.0
2023-10-29,41.629991,-71.478888,6.846124800036432
2023-10-30,41.629991,-71.478888,12.625995530833846
2023-10-31,41.629991,-71.478888,3.887517128963707
2023-11-01,41.629991,-71.478888,0.19742576058820294
2023-11-02,41.629991,-71.478888,0.0
2023-11-03,41.629991,-71.478888,0.02417892109884339
2023-11-04,41.629991,-71.478888,0.06000543662493603
2023-11-05,41.629991,-71.478888,0.02399729946361982
2023-11-06,41.629991,-71.478888,0.6011978865716013
2023-11-07,41.629991,-71.478888,15.990472373968284
2023-11-08,41.629991,-71.478888,0.0
2023-11-09,41.629991,-71.478888,2.779352359813937
2023-11-10,41.629991,-71.478888,0.7592871879352262
2023-11-11,41.629991,-71.478888,0.0
2023-11-12,41.629991,-71.478888,0.0
2023-11-13,41.629991,-71.478888,0.0
2023-11-14,41.629991,-71.478888,0.44182889802118996
2023-11-15,41.629991,-71.478888,0.007825698203300419
2023-11-16,41.629991,-71.478888,0.0
2023-11-17,41.629991,-71.478888,0.0767909230486311
2023-11-18,41.629991,-71.478888,1.2757545691979324
2023-11-19,41.629991,-71.478888,0.05706015078776769
2023-11-20,41.629991,-71.478888,0.28240739721481023
2023-11-21,41.629991,-71.478888,0.5119857223167157
2023-11-22,41.629991,-71.478888,46.04667083287192
2023-11-23,41.629991,-71.478888,0.03926205246422932
2023-11-24,41.629991,-71.478888,0.02204304008086555
2023-11-25,41.629991,-71.478888,0.0
2023-11-26,41.629991,-71.478888,0.0771590133953283
2023-11-27,41.629991,-71.478888,8.390091608183189
2023-11-28,41.629991,-71.478888,0.0
2023-11-29,41.629991,-71.478888,0.0
2023-11-30,41.629991,-71.478888,0.022754467707966287
2023-12-01,41.629991,-71.478888,4.70709790221544
2023-12-02,41.629991,-71.478888,4.39167590544702
2023-12-03,41.629991,-71.478888,23.672712589884075
2023-12-04,41.629991,-71.478888,1.0742416519543965
2023-12-05,41.629991,-71.478888,0.43886315424194944
2023-12-06,41.629991,-71.478888,0.002134281292032762
2023-12-07,41.629991,-71.478888,0.006133831202636065
2023-12-08,41.629991,-71.478888,0.0
2023-12-09,41.629991,-71.478888,0.421822762464498
2023-12-10,41.629991,-71.478888,10.749790561384724
2023-12-11,41.629991,-71.478888,72.40258338175384
2023-12-12,41.629991,-71.478888,0.0002890228802937335
2023-12-13,41.629991,-71.478888,0.0
2023-12-14,41.629991,-71.478888,0.0
2023-12-15,41.629991,-71.478888,0.06300804755623289
2023-12-16,41.629991,-71.478888,0.0314540631417448
2023-12-17,41.629991,-71.478888,16.005675676694253
2023-12-18,41.629991,-71.478888,75.27398851828328
2023-12-19,41.629991,-71.478888,0.0
2023-12-20,41.629991,-71.478888,0.0
2023-12-21,41.629991,-71.478888,0.0
2023-12-22,41.629991,-71.478888,0.0
2023-12-23,41.629991,-71.478888,0.06386745441491591
2023-12-24,41.629991,-71.478888,0.26781264148195427
2023-12-25,41.629991,-71.478888,0.034893550206750494
2023-12-26,41.629991,-71.478888,0.0
2023-12-27,41.629991,-71.478888,7.128382019638596
2023-12-28,41.629991,-71.478888,17.714251912249452
2023-12-29,41.629991,-71.478888,0.3363136818629462
2023-12-30,41.629991,-71.478888,0.000711427097344254
2023-12-31,41.629991,-71.478888,0.006932649073191716
2024-01-01,41.629991,-71.478888,0.5886497578340659
2024-01-02,41.629991,-71.478888,0.0
2024-01-03,41.629991,-71.478888,0.0
2024-01-04,41.629991,-71.478888,1.049981992989453
2024-01-05,41.629991,-71.478888,0.0
2024-01-06,41.629991,-71.478888,0.2418445468117577
2024-01-07,41.629991,-71.478888,5.066428757497037
2024-01-08,41.629991,-71.478888,0.0
2024-01-09,41.629991,-71.478888,26.92175277540905
2024-01-10,41.629991,-71.478888,103.37587166274609
2024-01-11,41.629991,-71.478888,0.0
2024-01-12,41.629991,-71.478888,0.0
2024-01-13,41.629991,-71.478888,42.27549000503806
2024-01-14,41.629991,-71.478888,0.02275286718723747
2024-01-15,41.629991,-71.478888,0.17392315269137876
2024-01-16,41.629991,-71.478888,3.5906004544579844
2024-01-17,41.629991,-71.478888,0.0
2024-01-18,41.629991,-71.478888,0.0
2024-01-19,41.629991,-71.478888,0.025063750211634712
2024-01-20,41.629991,-71.478888,0.028441082924533876
2024-01-21,41.629991,-71.478888,0.0
2024-01-22,41.629991,-71.478888,0.6281392748609368
2024-01-23,41.629991,-71.478888,0.6332536614281892
2024-01-24,41.629991,-71.478888,5.692024521026113
2024-01-25,41.629991,-71.478888,22.114559797832268
2024-01-26,41.629991,-71.478888,3.167999669635959
2024-01-27,41.629991,-71.478888,0.8231670793113115
2024-01-28,41.629991,-71.478888,49.11823581213289
2024-01-29,41.629991,-71.478888,0.03798389841970018
2024-01-30,41.629991,-71.478888,0.0
2024-01-31,41.629991,-71.478888,0.004268562584065524
2024-02-01,41.629991,-71.478888,0.1116316556946399
2024-02-02,41.629991,-71.478888,0.1411639733203851
2024-02-03,41.629991,-71.478888,0.0
2024-02-04,41.629991,-71.478888,0.0
2024-02-05,41.629991,-71.478888,0.0
2024-02-06,41.629991,-71.478888,0.0
2024-02-07,41.629991,-71.478888,0.0
2024-02-08,41.629991,-71.478888,0.0
2024-02-09,41.629991,-71.478888,0.0
2024-02-10,41.629991,-71.478888,0.0
2024-02-11,41.629991,-71.478888,0.001156091521174934
2024-02-12,41.629991,-71.478888,0.0
2024-02-13,41.629991,-71.478888,24.752744258711118
2024-02-14,41.629991,-71.478888,0.0
2024-02-15,41.629991,-71.478888,0.004621766048794478
2024-02-16,41.629991,-71.478888,0.09773858250953735
2024-02-17,41.629991,-71.478888,0.20318964813242402
2024-02-18,41.629991,-71.478888,0.0
2024-02-19,41.629991,-71.478888,0.0
2024-02-20,41.629991,-71.478888,0.0
2024-02-21,41.629991,-71.478888,0.0
2024-02-22,41.629991,-71.478888,0.0
2024-02-23,41.629991,-71.478888,6.915424019336816
2024-02-24,41.629991,-71.478888,1.716693220058558
2024-02-25,41.629991,-71.478888,0.0
2024-02-26,41.629991,-71.478888,0.0
2024-02-27,41.629991,-71.478888,0.0
2024-02-28,41.629991,-71.478888,13.657390507810279
2024-02-29,41.629991,-71.478888,18.175839665922574
2024-03-01,41.629991,-71.478888,0.0
2024-03-02,41.629991,-71.478888,31.16110472450955
2024-03-03,41.629991,-71.478888,10.332145398362451
2024-03-04,41.629991,-71.478888,0.0
2024-03-05,41.629991,-71.478888,3.236113863788556
2024-03-06,41.629991,-71.478888,5.159834177858718
2024-03-07,41.629991,-71.478888,34.21492491791106
2024-03-08,41.629991,-71.478888,0.26475320548990333
2024-03-09,41.629991,-71.478888,3.443743307157811
2024-03-10,41.629991,-71.478888,26.85656769667653
2024-03-11,41.629991,-71.478888,0.0
2024-03-12,41.629991,-71.478888,0.0
2024-03-13,41.629991,-71.478888,0.0
2024-03-14,41.629991,-71.478888,0.047630734914587414
2024-03-15,41.629991,-71.478888,0.6622928816255857
2024-03-16,41.629991,-71.478888,0.0
2024-03-17,41.629991,-71.478888,1.2535834818977485
2024-03-18,41.629991,-71.478888,0.001422854194688508
2024-03-19,41.629991,-71.478888,0.0
2024-03-20,41.629991,-71.478888,4.981093796359647
2024-03-21,41.629991,-71.478888,0.025049191840695192
2024-03-22,41.629991,-71.478888,0.1795153718857867
2024-03-23,41.629991,-71.478888,56.75932091192179
2024-03-24,41.629991,-71.478888,2.975784028871597
2024-03-25,41.629991,-71.478888,0.0
2024-03-26,41.629991,-71.478888,0.006932649073191716
2024-03-27,41.629991,-71.478888,1.4503007576969684
2024-03-28,41.629991,-71.478888,86.76205850316214
2024-03-29,41.629991,-71.478888,47.346561109204934
2024-03-30,41.629991,-71.478888,0.0
2024-03-31,41.629991,-71.478888,0.22219916859148556
2024-04-01,41.629991,-71.478888,0.9659552169785964
2024-04-02,41.629991,-71.478888,9.931422487905786
2024-04-03,41.629991,-71.478888,23.812023125062225
2024-04-04,41.629991,-71.478888,19.30192147135664
2024-04-05,41.629991,-71.478888,0.05909267713096341
2024-04-06,41.629991,-71.478888,0.3790602324516794
2024-04-07,41.629991,-71.478888,0.2522706636406158
2024-04-08,41.629991,-71.478888,0.11937035945682412
2024-04-09,41.629991,-71.478888,0.022539234277431992
2024-04-10,41.629991,-71.478888,0.12587109534417673
2024-04-11,41.629991,-71.478888,5.687734610331271
2024-04-12,41.629991,-71.478888,19.16086158538435
2024-04-13,41.629991,-71.478888,0.3179840269874586
2024-04-14,41.629991,-71.478888,5.797896598082905
2024-04-15,41.629991,-71.478888,4.270616667298113
2024-04-16,41.629991,-71.478888,0.30362820136622093
2024-04-17,41.629991,-71.478888,1.1919757596101097
2024-04-18,41.629991,-71.478888,11.321407252672424
2024-04-19,41.629991,-71.478888,0.0
2024-04-20,41.629991,-71.478888,9.772227597775762
2024-04-21,41.629991,-71.478888,0.11548187510742924
2024-04-22,41.629991,-71.478888,0.0
2024-04-23,41.629991,-71.478888,0.0
2024-04-24,41.629991,-71.478888,1.7222304098297936
2024-04-25,41.629991,-71.478888,0.0
2024-04-26,41.629991,-71.478888,0.0
2024-04-27,41.629991,-71.478888,0.12535257066459188
2024-04-28,41.629991,-71.478888,5.281541508904283
2024-04-29,41.629991,-71.478888,3.267681256839517
2024-04-30,41.629991,-71.478888,0.18832058627486248
2024-05-01,41.629991,-71.478888,8.978274951003474
2024-05-02,41.629991,-71.478888,0.0
2024-05-03,41.629991,-71.478888,0.008448264377448209
2024-05-04,41.629991,-71.478888,0.36558441575045486
2024-05-05,41.629991,-71.478888,8.439492531817685
2024-05-06,41.629991,-71.478888,4.026795217369828
2024-05-07,41.629991,-71.478888,0.06397289564031772
2024-05-08,41.629991,-71.478888,19.709997058915626
2024-05-09,41.629991,-71.478888,3.169864398802164
2024-05-10,41.629991,-71.478888,11.883550810278019
2024-05-11,41.629991,-71.478888,0.24788310433887437
2024-05-12,41.629991,-71.478888,0.08099123152096398
2024-05-13,41.629991,-71.478888,0.0
2024-05-14,41.629991,-71.478888,0.014228541416830569
2024-05-15,41.629991,-71.478888,23.954339772688066
2024-05-16,41.629991,-71.478888,37.708497400612856
2024-05-17,41.629991,-71.478888,0.22658189138355636
2024-05-18,41.629991,-71.478888,1.1631137457640268
2024-05-19,41.629991,-71.478888,2.332602395911665
2024-05-20,41.629991,-71.478888,0.0
2024-05-21,41.629991,-71.478888,0.0
2024-05-22,41.629991,-71.478888,0.0
2024-05-23,41.629991,-71.478888,19.730465929411796
2024-05-24,41.629991,-71.478888,0.004268562584065524
2024-05-25,41.629991,-71.478888,0.0
2024-05-26,41.629991,-71.478888,0.8563871205770002
2024-05-27,41.629991,-71.478888,0.4654019079013684
2024-05-28,41.629991,-71.478888,15.904767061152443
2024-05-29,41.629991,-71.478888,0.0
2024-05-30,41.629991,-71.478888,5.617685094927124
2024-05-31,41.629991,-71.478888,0.0
2024-06-01,41.629991,-71.478888,0.0
2024-06-02,41.629991,-71.478888,0.0
2024-06-03,41.629991,-71.478888,0.18179410360092307
2024-06-04,41.629991,-71.478888,0.0
2024-06-05,41.629991,-71.478888,0.0
2024-06-06,41.629991,-71.478888,2.3688082111423507
2024-06-07,41.629991,-71.478888,0.12946695322301405
2024-06-08,41.629991,-71.478888,0.0
2024-06-09,41.629991,-71.478888,3.152111859714683
2024-06-10,41.629991,-71.478888,0.0
2024-06-11,41.629991,-71.478888,0.0
2024-06-12,41.629991,-71.478888,0.0
2024-06-13,41.629991,-71.478888,0.0
2024-06-14,41.629991,-71.478888,0.5203161996161891
2024-06-15,41.629991,-71.478888,8.913423240367674
2024-06-16,41.629991,-71.478888,0.0
2024-06-17,41.629991,-71.478888,0.14689026818108356
2024-06-18,41.629991,-71.478888,0.0
2024-06-19,41.629991,-71.478888,0.034489553953423555
2024-06-20,41.629991,-71.478888,0.05403806009944548
2024-06-21,41.629991,-71.478888,9.30728598919402
2024-06-22,41.629991,-71.478888,16.816260925128134
2024-06-23,41.629991,-71.478888,8.204491261625272
2024-06-24,41.629991,-71.478888,5.612341965664039
2024-06-25,41.629991,-71.478888,0.0
2024-06-26,41.629991,-71.478888,0.02399729946361982
2024-06-27,41.629991,-71.478888,33.63127828212816
2024-06-28,41.629991,-71.478888,0.0
2024-06-29,41.629991,-71.478888,0.24561134009169933
2024-06-30,41.629991,-71.478888,16.32172664315863
2024-07-01,41.629991,-71.478888,0.9312182331718548
2024-07-02,41.629991,-71.478888,0.0
2024-07-03,41.629991,-71.478888,0.0
2024-07-04,41.629991,-71.478888,0.12122673302694027
2024-07-05,41.629991,-71.478888,2.567183424075021
2024-07-06,41.629991,-71.478888,5.739767136627893
2024-07-07,41.629991,-71.478888,0.4894160073701822
2024-07-08,41.629991,-71.478888,0.06664427405385455
2024-07-09,41.629991,-71.478888,0.24744940430999673
2024-07-10,41.629991,-71.478888,0.14051792468812932
2024-07-11,41.629991,-71.478888,0.20603388026255257
2024-07-12,41.629991,-71.478888,0.022510264684496094
2024-07-13,41.629991,-71.478888,13.45636056133017
2024-07-14,41.629991,-71.478888,0.0
2024-07-15,41.629991,-71.478888,0.05599370023839473
2024-07-16,41.629991,-71.478888,0.0
2024-07-17,41.629991,-71.478888,0.044441312057387654
2024-07-18,41.629991,-71.478888,11.56984658440318
2024-07-19,41.629991,-71.478888,0.0
2024-07-20,41.629991,-71.478888,0.0
2024-07-21,41.629991,-71.478888,3.966602582064273
2024-07-22,41.629991,-71.478888,0.08992544596827638
2024-07-23,41.629991,-71.478888,8.453075886073787
2024-07-24,41.629991,-71.478888,3.450874510188436
2024-07-25,41.629991,-71.478888,1.8884605504367638
2024-07-26,41.629991,-71.478888,0.0
2024-07-27,41.629991,-71.478888,0.0012894728579317212
2024-07-28,41.629991,-71.478888,5.95615596531888
2024-07-29,41.629991,-71.478888,38.20961012731795
2024-07-30,41.629991,-71.478888,0.1529685749326555
2024-07-31,41.629991,-71.478888,5.506501497826709
2024-08-01,41.629991,-71.478888,0.17479803123441554
2024-08-02,41.629991,-71.478888,0.024582095546642375
2024-08-03,41.629991,-71.478888,1.775718281706446
2024-08-04,41.629991,-71.478888,6.214043537583877
2024-08-05,41.629991,-71.478888,1.4449828735884793
2024-08-06,41.629991,-71.478888,6.822848635651981
2024-08-07,41.629991,-71.478888,20.674209595351673
2024-08-08,41.629991,-71.478888,2.138904999825965
2024-08-09,41.629991,-71.478888,3.3020794150361183
2024-08-10,41.629991,-71.478888,4.256509324055074
2024-08-11,41.629991,-71.478888,1.6168558662141423
2024-08-12,41.629991,-71.478888,2.119430099534166
2024-08-13,41.629991,-71.478888,0.0063585034741315515
2024-08-14,41.629991,-71.478888,0.0
2024-08-15,41.629991,-71.478888,2.241799612149844
2024-08-16,41.629991,-71.478888,0.1754583072291746
2024-08-17,41.629991,-71.478888,0.0
2024-08-18,41.629991,-71.478888,6.189881658463079
2024-08-19,41.629991,-71.478888,38.491495644361876
2024-08-20,41.629991,-71.478888,1.4230949316121158
2024-08-21,41.629991,-71.478888,0.0
2024-08-22,41.629991,-71.478888,0.0
2024-08-23,41.629991,-71.478888,0.0
2024-08-24,41.629991,-71.478888,0.0
2024-08-25,41.629991,-71.478888,0.0
2024-08-26,41.629991,-71.478888,10.429816940889882
2024-08-27,41.629991,-71.478888,0.0
2024-08-28,41.629991,-71.478888,0.24884177701636126
2024-08-29,41.629991,-71.478888,0.003555535495748938
2024-08-30,41.629991,-71.478888,0.0
2024-08-31,41.629991,-71.478888,0.0028889287849847064
2024-09-01,41.629991,-71.478888,5.076076961745675
2024-09-02,41.629991,-71.478888,0.010932199199012779
2024-09-03,41.629991,-71.478888,0.0
2024-09-04,41.629991,-71.478888,0.0
2024-09-05,41.629991,-71.478888,0.0
2024-09-06,41.629991,-71.478888,0.0
2024-09-07,41.629991,-71.478888,0.036070079650082
2024-09-08,41.629991,-71.478888,0.000711427097344254
2024-09-09,41.629991,-71.478888,0.0
2024-09-10,41.629991,-71.478888,0.0
2024-09-11,41.629991,-71.478888,0.0
2024-09-12,41.629991,-71.478888,0.0
2024-09-13,41.629991,-71.478888,0.0
2024-09-14,41.629991,-71.478888,0.0
2024-09-15,41.629991,-71.478888,0.0
2024-09-16,41.629991,-71.478888,0.0
2024-09-17,41.629991,-71.478888,0.0
2024-09-18,41.629991,-71.478888,0.07139356630318033
2024-09-19,41.629991,-71.478888,0.4083723252914998
2024-09-20,41.629991,-71.478888,11.492006318695788
2024-09-21,41.629991,-71.478888,20.848678834891135
2024-09-22,41.629991,-71.478888,3.9315810270512164
2024-09-23,41.629991,-71.478888,0.6355025245876189
2024-09-24,41.629991,-71.478888,0.02003143969245457
2024-09-25,41.629991,-71.478888,0.8187199930997862
2024-09-26,41.629991,-71.478888,5.281023578161491
2024-09-27,41.629991,-71.478888,2.013469452770642
2024-09-28,41.629991,-71.478888,0.49201861449782514
2024-09-29,41.629991,-71.478888,0.7588530860581546
2024-09-30,41.629991,-71.478888,0.03581868795424599
2024-10-01,41.629991,-71.478888,0.0775071536946741
2024-10-02,41.629991,-71.478888,0.0
2024-10-03,41.629991,-71.478888,0.0
2024-10-04,41.629991,-71.478888,0.09498907724425386
2024-10-05,41.629991,-71.478888,1.266239945387573
2024-10-06,41.629991,-71.478888,0.12307689194847832
2024-10-07,41.629991,-71.478888,18.89973973641297
2024-10-08,41.629991,-71.478888,0.0
2024-10-09,41.629991,-71.478888,0.1830760873038666
2024-10-10,41.629991,-71.478888,0.0
2024-10-11,41.629991,-71.478888,0.0
2024-10-12,41.629991,-71.478888,0.3553657962047686
2024-10-13,41.629991,-71.478888,0.4732795948533545
2024-10-14,41.629991,-71.478888,3.2711544038736857
2024-10-15,41.629991,-71.478888,0.0
2024-10-16,41.629991,-71.478888,0.0
2024-10-17,41.629991,-71.478888,0.0
2024-10-18,41.629991,-71.478888,0.10110557466519435
2024-10-19,41.629991,-71.478888,0.0
2024-10-20,41.629991,-71.478888,0.0
2024-10-21,41.629991,-71.478888,0.0
2024-10-22,41.629991,-71.478888,0.0
2024-10-23,41.629991,-71.478888,0.0
2024-10-24,41.629991,-71.478888,0.004268562584065524
2024-10-25,41.629991,-71.478888,0.0
2024-10-26,41.629991,-71.478888,0.001422854194688508
2024-10-27,41.629991,-71.478888,0.0
2024-10-28,41.629991,-71.478888,0.0002890228802937335
2024-10-29,41.629991,-71.478888,0.28058750549599376
2024-10-30,41.629991,-71.478888,3.061027828369459
2024-10-31,41.629991,-71.478888,1.29235754004286
2024-11-01,41.629991,-71.478888,0.08458840631599113
2024-11-02,41.629991,-71.478888,0.027164902962939594
2024-11-03,41.629991,-71.478888,0.0
2024-11-04,41.629991,-71.478888,1.0381466726274065
2024-11-05,41.629991,-71.478888,0.3292086761630809
2024-11-06,41.629991,-71.478888,0.0
2024-11-07,41.629991,-71.478888,0.045243981177019194
2024-11-08,41.629991,-71.478888,0.0
2024-11-09,41.629991,-71.478888,0.0
2024-11-10,41.629991,-71.478888,1.457862358868978
2024-11-11,41.629991,-71.478888,17.68998440210364
2024-11-12,41.629991,-71.478888,0.0
2024-11-13,41.629991,-71.478888,0.0
2024-11-14,41.629991,-71.478888,0.0
2024-11-15,41.629991,-71.478888,0.0
2024-11-16,41.629991,-71.478888,0.0
2024-11-17,41.629991,-71.478888,0.029719926021365445
2024-11-18,41.629991,-71.478888,0.9965953014748314
2024-11-19,41.629991,-71.478888,0.0
2024-11-20,41.629991,-71.478888,0.0
2024-11-21,41.629991,-71.478888,41.389410649584995
2024-11-22,41.629991,-71.478888,0.1915469324482897
2024-11-23,41.629991,-71.478888,7.607183681844983
2024-11-24,41.629991,-71.478888,0.03059136637842556
2024-11-25,41.629991,-71.478888,0.0
2024-11-26,41.629991,-71.478888,8.011196118830645
2024-11-27,41.629991,-71.478888,0.37960055905741785
2024-11-28,41.629991,-71.478888,16.517896197617354
2024-11-29,41.629991,-71.478888,0.0
2024-11-30,41.629991,-71.478888,0.002000899955275975
2024-12-01,41.629991,-71.478888,0.0
2024-12-02,41.629991,-71.478888,0.0
2024-12-03,41.629991,-71.478888,0.0
2024-12-04,41.629991,-71.478888,0.07858302358153585
2024-12-05,41.629991,-71.478888,21.20923536839592
2024-12-06,41.629991,-71.478888,0.004979989813923405
2024-12-07,41.629991,-71.478888,0.348100139048867
2024-12-08,41.629991,-71.478888,5.220950467874937
2024-12-09,41.629991,-71.478888,8.743426921051768
2024-12-10,41.629991,-71.478888,0.49049237525732514
2024-12-11,41.629991,-71.478888,83.18232428459986
2024-12-12,41.629991,-71.478888,29.191036574244688
2024-12-13,41.629991,-71.478888,0.1133842141924148
2024-12-14,41.629991,-71.478888,0.0
2024-12-15,41.629991,-71.478888,0.0
2024-12-16,41.629991,-71.478888,1.8595474112115387
2024-12-17,41.629991,-71.478888,4.484446511388535
2024-12-18,41.629991,-71.478888,1.095018502792934
2024-12-19,41.629991,-71.478888,10.872911411270245
2024-12-20,41.629991,-71.478888,7.791495831593677
2024-12-21,41.629991,-71.478888,0.004623066066747108
2024-12-22,41.629991,-71.478888,0.0
2024-12-23,41.629991,-71.478888,0.020086739886764734
2024-12-24,41.629991,-71.478888,0.5149274537009063
2024-12-25,41.629991,-71.478888,0.0
2024-12-26,41.629991,-71.478888,0.0
2024-12-27,41.629991,-71.478888,0.0
2024-12-28,41.629991,-71.478888,6.904024454187928
2024-12-29,41.629991,-71.478888,0.7523530337278332
2024-12-30,41.629991,-71.478888,21.845192217823442
2024-12-31,41.629991,-71.478888,1.8716053400893362
2025-01-01,41.629991,-71.478888,48.26313334028237
2025-01-02,41.629991,-71.478888,0.4287519126005622
2025-01-03,41.629991,-71.478888,0.0
2025-01-04,41.629991,-71.478888,0.0
2025-01-05,41.629991,-71.478888,0.0
2025-01-06,41.629991,-71.478888,0.04779917392197882
2025-01-07,41.629991,-71.478888,0.0
2025-01-08,41.629991,-71.478888,0.0
2025-01-09,41.629991,-71.478888,0.010114499985049579
2025-01-10,41.629991,-71.478888,0.0
2025-01-11,41.629991,-71.478888,0.001422854194688508
2025-01-12,41.629991,-71.478888,0.0
2025-01-13,41.629991,-71.478888,0.002844108398404684
2025-01-14,41.629991,-71.478888,0.0
2025-01-15,41.629991,-71.478888,0.016362822841376967
2025-01-16,41.629991,-71.478888,0.0
2025-01-17,41.629991,-71.478888,0.24910901524826556
2025-01-18,41.629991,-71.478888,7.728203909389624
2025-01-19,41.629991,-71.478888,3.753619660696833
2025-01-20,41.629991,-71.478888,1.84790841584255
2025-01-21,41.629991,-71.478888,0.0
2025-01-22,41.629991,-71.478888,1.301307241031382
2025-01-23,41.629991,-71.478888,0.0
2025-01-24,41.629991,-71.478888,0.0
2025-01-25,41.629991,-71.478888,0.0
2025-01-26,41.629991,-71.478888,0.002310883024397239
2025-01-27,41.629991,-71.478888,0.0
2025-01-28,41.629991,-71.478888,0.03981751863717854
2025-01-29,41.629991,-71.478888,0.030619965467690274
2025-01-30,41.629991,-71.478888,0.0
2025-01-31,41.629991,-71.478888,5.997206964090632
2025-02-01,41.629991,-71.478888,29.545775389878962
2025-02-02,41.629991,-71.478888,0.09305681811820357
2025-02-03,41.629991,-71.478888,0.7458896878561738
2025-02-04,41.629991,-71.478888,0.3622585741128952
2025-02-05,41.629991,-71.478888,0.0
2025-02-06,41.629991,-71.478888,3.430945530579637
2025-02-07,41.629991,-71.478888,0.0
2025-02-08,41.629991,-71.478888,0.0
2025-02-09,41.629991,-71.478888,1.8691879226517518
2025-02-10,41.629991,-71.478888,0.0
2025-02-11,41.629991,-71.478888,0.0
2025-02-12,41.629991,-71.478888,0.7321857888259748
2025-02-13,41.629991,-71.478888,5.035215769558929
2025-02-14,41.629991,-71.478888,0.0
2025-02-15,41.629991,-71.478888,0.9899785683250155
2025-02-16,41.629991,-71.478888,39.98065649365196
2025-02-17,41.629991,-71.478888,0.0
2025-02-18,41.629991,-71.478888,0.0
2025-02-19,41.629991,-71.478888,0.0
2025-02-20,41.629991,-71.478888,0.0
2025-02-21,41.629991,-71.478888,0.07892680923195815
2025-02-22,41.629991,-71.478888,0.0
2025-02-23,41.629991,-71.478888,0.0
2025-02-24,41.629991,-71.478888,0.10173407346257839
2025-02-25,41.629991,-71.478888,0.27061452299903355
2025-02-26,41.629991,-71.478888,0.19331109962117488
2025-02-27,41.629991,-71.478888,11.188563320627367
2025-02-28,41.629991,-71.478888,0.6604466908932695
2025-03-01,41.629991,-71.478888,0.0
2025-03-02,41.629991,-71.478888,0.0
2025-03-03,41.629991,-71.478888,0.0
2025-03-04,41.629991,-71.478888,0.030596974944126963
2025-03-05,41.629991,-71.478888,3.926914454018646
2025-03-06,41.629991,-71.478888,20.115181762914098
2025-03-07,41.629991,-71.478888,0.000711427097344254
2025-03-08,41.629991,-71.478888,0.0
2025-03-09,41.629991,-71.478888,0.0
2025-03-10,41.629991,-71.478888,0.0
2025-03-11,41.629991,-71.478888,0.0
2025-03-12,41.629991,-71.478888,0.0
2025-03-13,41.629991,-71.478888,0.004290172781869369
2025-03-14,41.629991,-71.478888,0.003712777030258217
2025-03-15,41.629991,-71.478888,0.004266962593093192
2025-03-16,41.629991,-71.478888,0.015510014849955142
2025-03-17,41.629991,-71.478888,88.87278997028987
2025-03-18,41.629991,-71.478888,4.228780801224161
2025-03-19,41.629991,-71.478888,0.0
2025-03-20,41.629991,-71.478888,0.002845708389377016
2025-03-21,41.629991,-71.478888,7.20908993026391
2025-03-22,41.629991,-71.478888,0.0
2025-03-23,41.629991,-71.478888,0.0
2025-03-24,41.629991,-71.478888,32.24326522668992
2025-03-25,41.629991,-71.478888,0.0428530671800929
2025-03-26,41.629991,-71.478888,0.6949688473865396
2025-03-27,41.629991,-71.478888,0.0
2025-03-28,41.629991,-71.478888,0.000711427097344254
2025-03-29,41.629991,-71.478888,7.514715216509219
2025-03-30,41.629991,-71.478888,4.642985862579427
2025-03-31,41.629991,-71.478888,1.1144925369208847
2025-04-01,41.629991,-71.478888,9.659864587727895
2025-04-02,41.629991,-71.478888,0.18424830675672696
2025-04-03,41.629991,-71.478888,7.218685437703051
2025-04-04,41.629991,-71.478888,2.457133048985772
2025-04-05,41.629991,-71.478888,4.09797678675357
2025-04-06,41.629991,-71.478888,9.027472743575736
2025-04-07,41.629991,-71.478888,6.56815683732208
2025-04-08,41.629991,-71.478888,9.542175822361035
2025-04-09,41.629991,-71.478888,0.0
2025-04-10,41.629991,-71.478888,0.0010004499776379875
2025-04-11,41.629991,-71.478888,4.746368999966521
2025-04-12,41.629991,-71.478888,10.003471649905936
2025-04-13,41.629991,-71.478888,10.488212169765855
2025-04-14,41.629991,-71.478888,0.0
2025-04-15,41.629991,-71.478888,10.857644398970665
2025-04-16,41.629991,-71.478888,0.0
2025-04-17,41.629991,-71.478888,0.0
2025-04-18,41.629991,-71.478888,0.49373341946424876
2025-04-19,41.629991,-71.478888,0.41767171694611294
2025-04-20,41.629991,-71.478888,0.40634539353847754
2025-04-21,41.629991,-71.478888,0.0347585674216695
2025-04-22,41.629991,-71.478888,1.7412750981604888
2025-04-23,41.629991,-71.478888,0.003466324536595858
2025-04-24,41.629991,-71.478888,0.0
2025-04-25,41.629991,-71.478888,0.4324841271034116
2025-04-26,41.629991,-71.478888,14.001200908076548
2025-04-27,41.629991,-71.478888,2.1576114477693022
2025-04-28,41.629991,-71.478888,0.0
2025-04-29,41.629991,-71.478888,0.0
2025-04-30,41.629991,-71.478888,5.0610281051829995
2025-05-01,41.629991,-71.478888,0.0
2025-05-02,41.629991,-71.478888,11.140195286826142
2025-05-03,41.629991,-71.478888,0.002000899955275975
2025-05-04,41.629991,-71.478888,0.511179753712969
2025-05-05,41.629991,-71.478888,19.740710669529037
2025-05-06,41.629991,-71.478888,7.016510031532134
2025-05-07,41.629991,-71.478888,0.7816755704579966
2025-05-08,41.629991,-71.478888,0.0
2025-05-09,41.629991,-71.478888,33.435766607185904
2025-05-10,41.629991,-71.478888,3.3567494534432276
2025-05-11,41.629991,-71.478888,0.0
2025-05-12,41.629991,-71.478888,0.0
2025-05-13,41.629991,-71.478888,0.03365512623478611
2025-05-14,41.629991,-71.478888,0.4888659619981264
2025-05-15,41.629991,-71.478888,22.460962205021747
2025-05-16,41.629991,-71.478888,1.908483048271338
2025-05-17,41.629991,-71.478888,0.8950938287422935
2025-05-18,41.629991,-71.478888,0.02899114925073385
2025-05-19,41.629991,-71.478888,0.2791457890565864
2025-05-20,41.629991,-71.478888,0.1109202429007207
2025-05-21,41.629991,-71.478888,1.1571381610454774
2025-05-22,41.629991,-71.478888,66.78475943953481
2025-05-23,41.629991,-71.478888,13.309210391843518
2025-05-24,41.629991,-71.478888,0.016385084319458676
2025-05-25,41.629991,-71.478888,0.03749933566385061
2025-05-26,41.629991,-71.478888,0.0
2025-05-27,41.629991,-71.478888,0.0
2025-05-28,41.629991,-71.478888,0.8742679803245242
2025-05-29,41.629991,-71.478888,16.406158512071706
2025-05-30,41.629991,-71.478888,0.431698754101027
2025-05-31,41.629991,-71.478888,14.390032527263902
2025-06-01,41.629991,-71.478888,0.3296334266885531
2025-06-02,41.629991,-71.478888,0.0
2025-06-03,41.629991,-71.478888,0.3497839702647775
2025-06-04,41.629991,-71.478888,0.0
2025-06-05,41.629991,-71.478888,0.12132135598302418
2025-06-06,41.629991,-71.478888,0.5372574799484248
2025-06-07,41.629991,-71.478888,7.832709392077145
2025-06-08,41.629991,-71.478888,0.027789706401541957
2025-06-09,41.629991,-71.478888,2.6931543997217364
2025-06-10,41.629991,-71.478888,5.6962589917777855
2025-06-11,41.629991,-71.478888,0.0
2025-06-12,41.629991,-71.478888,0.0
2025-06-13,41.629991,-71.478888,0.12505452162063863
2025-06-14,41.629991,-71.478888,10.49655759228324
2025-06-15,41.629991,-71.478888,0.3912713060275163
2025-06-16,41.629991,-71.478888,0.7388003993574672
2025-06-17,41.629991,-71.478888,5.123781685530336
2025-06-18,41.629991,-71.478888,4.002021135539992
2025-06-19,41.629991,-71.478888,0.4776260559368124
2025-06-20,41.629991,-71.478888,0.24450525766681397
2025-06-21,41.629991,-71.478888,0.0
2025-06-22,41.629991,-71.478888,2.827585746902765
2025-06-23,41.629991,-71.478888,0.0
2025-06-24,41.629991,-71.478888,0.23544771776950324
2025-06-25,41.629991,-71.478888,1.9067576668232085
2025-06-26,41.629991,-71.478888,4.346940763909752
2025-06-27,41.629991,-71.478888,1.086585287559669
2025-06-28,41.629991,-71.478888,0.7275601955716366
2025-06-29,41.629991,-71.478888,0.3240002602564332
2025-06-30,41.629991,-71.478888,0.0
2025-07-01,41.629991,-71.478888,1.1468426547171016
2025-07-02,41.629991,-71.478888,14.605890077426704
2025-07-03,41.629991,-71.478888,1.1861033553693996
2025-07-04,41.629991,-71.478888,3.436359621132992
2025-07-05,41.629991,-71.478888,3.776198573506389
2025-07-06,41.629991,-71.478888,0.0
2025-07-07,41.629991,-71.478888,0.08178691436184528
2025-07-08,41.629991,-71.478888,2.711174372192972
2025-07-09,41.629991,-71.478888,18.59104755285092
2025-07-10,41.629991,-71.478888,26.95107146765925
2025-07-11,41.629991,-71.478888,0.5789028306646808
2025-07-12,41.629991,-71.478888,0.0
2025-07-13,41.629991,-71.478888,0.051200352194686605
2025-07-14,41.629991,-71.478888,0.0
2025-07-15,41.629991,-71.478888,8.910244726316266
2025-07-16,41.629991,-71.478888,0.24787374346798008
2025-07-17,41.629991,-71.478888,0.3863476120936938
2025-07-18,41.629991,-71.478888,0.09173889933328933
2025-07-19,41.629991,-71.478888,0.0
2025-07-20,41.629991,-71.478888,3.0696103740526484
2025-07-21,41.629991,-71.478888,3.030491099451741
2025-07-22,41.629991,-71.478888,0.0
2025-07-23,41.629991,-71.478888,0.008626165779912856
2025-07-24,41.629991,-71.478888,0.0
2025-07-25,41.629991,-71.478888,14.273724273272093
2025-07-26,41.629991,-71.478888,0.28922583516319256
2025-07-27,41.629991,-71.478888,14.785202076617647
2025-07-28,41.629991,-71.478888,0.04125273131019404
2025-07-29,41.629991,-71.478888,0.2562791130878264
2025-07-30,41.629991,-71.478888,0.08185863928326628
2025-07-31,41.629991,-71.478888,0.9860888629698856
2025-08-01,41.629991,-71.478888,9.692270769835854
2025-08-02,41.629991,-71.478888,0.0
2025-08-03,41.629991,-71.478888,0.0
2025-08-04,41.629991,-71.478888,0.0
2025-08-05,41.629991,-71.478888,0.000578045760587467
2025-08-06,41.629991,-71.478888,2.0164256252028663
2025-08-07,41.629991,-71.478888,5.884653881647227
2025-08-08,41.629991,-71.478888,0.0
2025-08-09,41.629991,-71.478888,0.0
2025-08-10,41.629991,-71.478888,0.0
2025-08-11,41.629991,-71.478888,0.0
2025-08-12,41.629991,-71.478888,0.0
2025-08-13,41.629991,-71.478888,1.0563076884668736
2025-08-14,41.629991,-71.478888,0.4367714104479813
2025-08-15,41.629991,-71.478888,0.5630600079699184
2025-08-16,41.629991,-71.478888,0.0
2025-08-17,41.629991,-71.478888,0.2794697239785204
2025-08-18,41.629991,-71.478888,0.39586152087336784
2025-08-19,41.629991,-71.478888,0.1837112487255664
2025-08-20,41.629991,-71.478888,12.254549352447736
2025-08-21,41.629991,-71.478888,22.7561389683754
2025-08-22,41.629991,-71.478888,0.0
2025-08-23,41.629991,-71.478888,0.0
2025-08-24,41.629991,-71.478888,0.733272424234126
2025-08-25,41.629991,-71.478888,0.03004649892210131
2025-08-26,41.629991,-71.478888,0.0
2025-08-27,41.629991,-71.478888,0.09146893376312734
2025-08-28,41.629991,-71.478888,0.004268562584065524
2025-08-29,41.629991,-71.478888,3.620028254297921
2025-08-30,41.629991,-71.478888,0.0
2025-08-31,41.629991,-71.478888,0.0
2025-09-01,41.629991,-71.478888,2.833419326946568
2025-09-02,41.629991,-71.478888,0.0
2025-09-03,41.629991,-71.478888,0.0
2025-09-04,41.629991,-71.478888,0.0
2025-09-05,41.629991,-71.478888,4.650526147478948
2025-09-06,41.629991,-71.478888,2.3998757028871758
2025-09-07,41.629991,-71.478888,37.965013372566034
2025-09-08,41.629991,-71.478888,3.3196515025677007
2025-09-09,41.629991,-71.478888,0.0
2025-09-10,41.629991,-71.478888,1.5198604630081323
2025-09-11,41.629991,-71.478888,0.0
2025-09-12,41.629991,-71.478888,0.0
2025-09-13,41.629991,-71.478888,0.0
2025-09-14,41.629991,-71.478888,0.23108918406642595
2025-09-15,41.629991,-71.478888,0.0
2025-09-16,41.629991,-71.478888,0.7574028389802371
2025-09-17,41.629991,-71.478888,1.3436037447635234
2025-09-18,41.629991,-71.478888,0.7087273578096218
2025-09-19,41.629991,-71.478888,0.0
2025-09-20,41.629991,-71.478888,0.0
2025-09-21,41.629991,-71.478888,5.255103129524958
2025-09-22,41.629991,-71.478888,0.0
2025-09-23,41.629991,-71.478888,0.0
2025-09-24,41.629991,-71.478888,23.058037180314077
2025-09-25,41.629991,-71.478888,19.962589828396077
2025-09-26,41.629991,-71.478888,0.07614123066420289
2025-09-27,41.629991,-71.478888,0.004268562584065524
2025-09-28,41.629991,-71.478888,16.294608517875112
2025-09-29,41.629991,-71.478888,0.6391347947940417
2025-09-30,41.629991,-71.478888,0.448240363532745
