date,lat,lon,pr_mm_per_day
2010-01-01,41.830925,-71.350331,1.44865875797338
2010-01-02,41.830925,-71.350331,1.2466212809596298
2010-01-03,41.830925,-71.350331,0.23450558189307738
2010-01-04,41.830925,-71.350331,0.26752039521388965
2010-01-05,41.830925,-71.350331,0.0
2010-01-06,41.830925,-71.350331,0.0
2010-01-07,41.830925,-71.350331,0.10546488591353985
2010-01-08,41.830925,-71.350331,0.15580147915774045
2010-01-09,41.830925,-71.350331,0.12368583046916148
2010-01-10,41.830925,-71.350331,0.0
2010-01-11,41.830925,-71.350331,0.37023245744184985
2010-01-12,41.830925,-71.350331,0.5429871839896929
2010-01-13,41.830925,-71.350331,2.9312599748042983e-05
2010-01-14,41.830925,-71.350331,0.0
2010-01-15,41.830925,-71.350331,1.2024192077572016
2010-01-16,41.830925,-71.350331,0.0
2010-01-17,41.830925,-71.350331,20.509174136349102
2010-01-18,41.830925,-71.350331,16.43353769695813
2010-01-19,41.830925,-71.350331,2.197873216986789
2010-01-20,41.830925,-71.350331,0.0
2010-01-21,41.830925,-71.350331,0.0
2010-01-22,41.830925,-71.350331,0.24690725462187202
2010-01-23,41.830925,-71.350331,0.0
2010-01-24,41.830925,-71.350331,6.659634063387965
2010-01-25,41.830925,-71.350331,36.522566246950824
2010-01-26,41.830925,-71.350331,1.5079399016439616
2010-01-27,41.830925,-71.350331,0.0
2010-01-28,41.830925,-71.350331,0.29640340082346195
2010-01-29,41.830925,-71.350331,0.00019951856729420042
2010-01-30,41.830925,-71.350331,3.171513892615582e-06
2010-01-31,41.830925,-71.350331,3.1870779655450123
2010-02-01,41.830925,-71.350331,0.0002145115487803967
2010-02-02,41.830925,-71.350331,0.042758811261422
2010-02-03,41.830925,-71.350331,0.22409231591845746
2010-02-04,41.830925,-71.350331,0.0
2010-02-05,41.830925,-71.350331,7.294481775793615e-05
2010-02-06,41.830925,-71.350331,0.6378397073041427
2010-02-07,41.830925,-71.350331,0.0
2010-02-08,41.830925,-71.350331,0.0
2010-02-09,41.830925,-71.350331,0.0
2010-02-10,41.830925,-71.350331,1.852546288846292
2010-02-11,41.830925,-71.350331,2.7673899704170686
2010-02-12,41.830925,-71.350331,0.0
2010-02-13,41.830925,-71.350331,0.27881185463990443
2010-02-14,41.830925,-71.350331,0.1947851070558505
2010-02-15,41.830925,-71.350331,0.39969069756308706
2010-02-16,41.830925,-71.350331,0.7894347265093304
2010-02-17,41.830925,-71.350331,0.012380940347094027
2010-02-18,41.830925,-71.350331,0.0
2010-02-19,41.830925,-71.350331,0.0
2010-02-20,41.830925,-71.350331,0.0
2010-02-21,41.830925,-71.350331,0.0
2010-02-22,41.830925,-71.350331,0.0
2010-02-23,41.830925,-71.350331,0.4109013405173681
2010-02-24,41.830925,-71.350331,43.17118791184203
2010-02-25,41.830925,-71.350331,24.343795395377658
2010-02-26,41.830925,-71.350331,35.17431268354011
2010-02-27,41.830925,-71.350331,0.0
2010-02-28,41.830925,-71.350331,2.5372111140924657e-05
2010-03-01,41.830925,-71.350331,0.6523921386168822
2010-03-02,41.830925,-71.350331,0.04355126265441246
2010-03-03,41.830925,-71.350331,6.842418472767485
2010-03-04,41.830925,-71.350331,0.528102327579173
2010-03-05,41.830925,-71.350331,0.22780766064008007
2010-03-06,41.830925,-71.350331,0.008065589752353825
2010-03-07,41.830925,-71.350331,0.0
2010-03-08,41.830925,-71.350331,0.0260979261866412
2010-03-09,41.830925,-71.350331,0.0
2010-03-10,41.830925,-71.350331,0.0
2010-03-11,41.830925,-71.350331,0.19273754866185644
2010-03-12,41.830925,-71.350331,0.0038276859703003717
2010-03-13,41.830925,-71.350331,29.29639534102404
2010-03-14,41.830925,-71.350331,48.731158322906964
2010-03-15,41.830925,-71.350331,6.111088043836758
2010-03-16,41.830925,-71.350331,0.29114092523244256
2010-03-17,41.830925,-71.350331,0.003808656886944678
2010-03-18,41.830925,-71.350331,0.0
2010-03-19,41.830925,-71.350331,0.005709813816524405
2010-03-20,41.830925,-71.350331,0.0
2010-03-21,41.830925,-71.350331,0.0
2010-03-22,41.830925,-71.350331,7.641612683570312
2010-03-23,41.830925,-71.350331,80.0349558027475
2010-03-24,41.830925,-71.350331,10.204312864983736
2010-03-25,41.830925,-71.350331,0.0
2010-03-26,41.830925,-71.350331,17.350088857230503
2010-03-27,41.830925,-71.350331,0.0
2010-03-28,41.830925,-71.350331,0.1436420104405394
2010-03-29,41.830925,-71.350331,108.5481624916341
2010-03-30,41.830925,-71.350331,110.92826365982737
2010-03-31,41.830925,-71.350331,10.448379982401008
2010-04-01,41.830925,-71.350331,0.06051883095591769
2010-04-02,41.830925,-71.350331,0.010459533387167812
2010-04-03,41.830925,-71.350331,0.0
2010-04-04,41.830925,-71.350331,0.00479973178646384
2010-04-05,41.830925,-71.350331,0.9292160265678044
2010-04-06,41.830925,-71.350331,0.9046010865971059
2010-04-07,41.830925,-71.350331,0.12710842039436188
2010-04-08,41.830925,-71.350331,0.0
2010-04-09,41.830925,-71.350331,15.297109064377361
2010-04-10,41.830925,-71.350331,0.9041251889712498
2010-04-11,41.830925,-71.350331,0.051647705883305695
2010-04-12,41.830925,-71.350331,0.0
2010-04-13,41.830925,-71.350331,1.2633741028295493
2010-04-14,41.830925,-71.350331,0.0
2010-04-15,41.830925,-71.350331,0.0
2010-04-16,41.830925,-71.350331,0.7258503572083175
2010-04-17,41.830925,-71.350331,12.02503189834122
2010-04-18,41.830925,-71.350331,0.020231248794121272
2010-04-19,41.830925,-71.350331,0.0
2010-04-20,41.830925,-71.350331,0.0
2010-04-21,41.830925,-71.350331,0.0
2010-04-22,41.830925,-71.350331,5.17101100104158
2010-04-23,41.830925,-71.350331,0.0
2010-04-24,41.830925,-71.350331,0.0
2010-04-25,41.830925,-71.350331,8.955023922611936
2010-04-26,41.830925,-71.350331,1.624487864146754
2010-04-27,41.830925,-71.350331,4.9005522091922495
2010-04-28,41.830925,-71.350331,0.30318462192282014
2010-04-29,41.830925,-71.350331,0.0
2010-04-30,41.830925,-71.350331,0.004032794876176912
2010-05-01,41.830925,-71.350331,0.019068658669391333
2010-05-02,41.830925,-71.350331,0.22042367530406792
2010-05-03,41.830925,-71.350331,9.788165758280819
2010-05-04,41.830925,-71.350331,0.17651105867568168
2010-05-05,41.830925,-71.350331,0.0
2010-05-06,41.830925,-71.350331,1.836070557093176
2010-05-07,41.830925,-71.350331,0.0
2010-05-08,41.830925,-71.350331,18.31565930437785
2010-05-09,41.830925,-71.350331,0.0
2010-05-10,41.830925,-71.350331,0.007841451763121593
2010-05-11,41.830925,-71.350331,0.5035904191154534
2010-05-12,41.830925,-71.350331,2.2757813315861815
2010-05-13,41.830925,-71.350331,0.0
2010-05-14,41.830925,-71.350331,3.878548180401336
2010-05-15,41.830925,-71.350331,0.035310951050276235
2010-05-16,41.830925,-71.350331,0.0
2010-05-17,41.830925,-71.350331,0.0
2010-05-18,41.830925,-71.350331,16.83117452353764
2010-05-19,41.830925,-71.350331,12.764489630857057
2010-05-20,41.830925,-71.350331,0.06875879944474822
2010-05-21,41.830925,-71.350331,1.2686055570462328e-05
2010-05-22,41.830925,-71.350331,0.02857126861456238
2010-05-23,41.830925,-71.350331,0.4526738190766798
2010-05-24,41.830925,-71.350331,0.0886892304646074
2010-05-25,41.830925,-71.350331,0.0
2010-05-26,41.830925,-71.350331,0.0
2010-05-27,41.830925,-71.350331,5.220543606944286
2010-05-28,41.830925,-71.350331,0.0
2010-05-29,41.830925,-71.350331,5.530702595217278
2010-05-30,41.830925,-71.350331,0.21362963659842293
2010-05-31,41.830925,-71.350331,0.0
2010-06-01,41.830925,-71.350331,13.28683045933986
2010-06-02,41.830925,-71.350331,0.37903404048433603
2010-06-03,41.830925,-71.350331,0.024196769257061473
2010-06-04,41.830925,-71.350331,1.8900569691352
2010-06-05,41.830925,-71.350331,12.225624150798343
2010-06-06,41.830925,-71.350331,4.201658991950909
2010-06-07,41.830925,-71.350331,0.0
2010-06-08,41.830925,-71.350331,0.0
2010-06-09,41.830925,-71.350331,11.312758138493187
2010-06-10,41.830925,-71.350331,6.704940274756402
2010-06-11,41.830925,-71.350331,0.12567261592251106
2010-06-12,41.830925,-71.350331,0.8150114918725193
2010-06-13,41.830925,-71.350331,18.65489796907725
2010-06-14,41.830925,-71.350331,0.021114552072704976
2010-06-15,41.830925,-71.350331,0.00036578404623324734
2010-06-16,41.830925,-71.350331,0.2168988744061272
2010-06-17,41.830925,-71.350331,0.09055848821978846
2010-06-18,41.830925,-71.350331,0.0
2010-06-19,41.830925,-71.350331,0.0
2010-06-20,41.830925,-71.350331,2.6926609874821517
2010-06-21,41.830925,-71.350331,0.0
2010-06-22,41.830925,-71.350331,1.243911526735339
2010-06-23,41.830925,-71.350331,5.910019007159723
2010-06-24,41.830925,-71.350331,0.0937993564768762
2010-06-25,41.830925,-71.350331,0.0009505784647898618
2010-06-26,41.830925,-71.350331,0.14958204132915387
2010-06-27,41.830925,-71.350331,0.13830062939496857
2010-06-28,41.830925,-71.350331,3.851014872311587
2010-06-29,41.830925,-71.350331,1.8285700654583676
2010-06-30,41.830925,-71.350331,0.0
2010-07-01,41.830925,-71.350331,0.0
2010-07-02,41.830925,-71.350331,0.0
2010-07-03,41.830925,-71.350331,0.07367247257903986
2010-07-04,41.830925,-71.350331,0.028229564884404982
2010-07-05,41.830925,-71.350331,0.18941556504712975
2010-07-06,41.830925,-71.350331,0.07958902474798725
2010-07-07,41.830925,-71.350331,0.0
2010-07-08,41.830925,-71.350331,0.0
2010-07-09,41.830925,-71.350331,0.251186171040343
2010-07-10,41.830925,-71.350331,9.206090113597334
2010-07-11,41.830925,-71.350331,1.2395937865787687
2010-07-12,41.830925,-71.350331,0.0
2010-07-13,41.830925,-71.350331,14.720103940012008
2010-07-14,41.830925,-71.350331,12.52578201823106
2010-07-15,41.830925,-71.350331,0.0
2010-07-16,41.830925,-71.350331,0.0
2010-07-17,41.830925,-71.350331,0.49123956348902353
2010-07-18,41.830925,-71.350331,0.0
2010-07-19,41.830925,-71.350331,8.103471386144033
2010-07-20,41.830925,-71.350331,0.025916880892509764
2010-07-21,41.830925,-71.350331,3.232136074281594
2010-07-22,41.830925,-71.350331,0.47309567925609003
2010-07-23,41.830925,-71.350331,13.002651929150343
2010-07-24,41.830925,-71.350331,13.332312343110663
2010-07-25,41.830925,-71.350331,5.838767967731067
2010-07-26,41.830925,-71.350331,0.0
2010-07-27,41.830925,-71.350331,0.0
2010-07-28,41.830925,-71.350331,3.171513774467491e-05
2010-07-29,41.830925,-71.350331,5.2132630482073985
2010-07-30,41.830925,-71.350331,0.0
2010-07-31,41.830925,-71.350331,0.1324480970962047
2010-08-01,41.830925,-71.350331,0.0
2010-08-02,41.830925,-71.350331,0.0
2010-08-03,41.830925,-71.350331,0.03815316923703978
2010-08-04,41.830925,-71.350331,0.0
2010-08-05,41.830925,-71.350331,3.127150193735833
2010-08-06,41.830925,-71.350331,0.0
2010-08-07,41.830925,-71.350331,0.008280870286464237
2010-08-08,41.830925,-71.350331,0.0
2010-08-09,41.830925,-71.350331,0.034115927696260775
2010-08-10,41.830925,-71.350331,6.415645545819661
2010-08-11,41.830925,-71.350331,0.021926734434479074
2010-08-12,41.830925,-71.350331,0.9676334520869804
2010-08-13,41.830925,-71.350331,0.8611206003279898
2010-08-14,41.830925,-71.350331,0.0
2010-08-15,41.830925,-71.350331,0.6470445320620624
2010-08-16,41.830925,-71.350331,1.4058149979858297
2010-08-17,41.830925,-71.350331,11.042403597629198
2010-08-18,41.830925,-71.350331,7.291890238678533
2010-08-19,41.830925,-71.350331,0.7699885574167344
2010-08-20,41.830925,-71.350331,0.16356214222453191
2010-08-21,41.830925,-71.350331,1.3082390867246687
2010-08-22,41.830925,-71.350331,34.496413585542555
2010-08-23,41.830925,-71.350331,9.774763276010248
2010-08-24,41.830925,-71.350331,0.0
2010-08-25,41.830925,-71.350331,21.318128162461246
2010-08-26,41.830925,-71.350331,0.49880863541950304
2010-08-27,41.830925,-71.350331,0.0
2010-08-28,41.830925,-71.350331,0.0
2010-08-29,41.830925,-71.350331,4.7572706617012364e-05
2010-08-30,41.830925,-71.350331,0.0
2010-08-31,41.830925,-71.350331,0.0
2010-09-01,41.830925,-71.350331,0.0
2010-09-02,41.830925,-71.350331,0.0
2010-09-03,41.830925,-71.350331,13.574560650414064
2010-09-04,41.830925,-71.350331,33.909050347248034
2010-09-05,41.830925,-71.350331,0.0
2010-09-06,41.830925,-71.350331,0.0
2010-09-07,41.830925,-71.350331,0.0
2010-09-08,41.830925,-71.350331,2.24105531777468
2010-09-09,41.830925,-71.350331,0.0019074999573649547
2010-09-10,41.830925,-71.350331,0.0
2010-09-11,41.830925,-71.350331,0.0
2010-09-12,41.830925,-71.350331,0.020799355038094824
2010-09-13,41.830925,-71.350331,0.008098842846902859
2010-09-14,41.830925,-71.350331,0.0
2010-09-15,41.830925,-71.350331,0.0
2010-09-16,41.830925,-71.350331,0.2914941204180054
2010-09-17,41.830925,-71.350331,17.698723425536304
2010-09-18,41.830925,-71.350331,0.0
2010-09-19,41.830925,-71.350331,0.0
2010-09-20,41.830925,-71.350331,0.09407315837807625
2010-09-21,41.830925,-71.350331,0.0
2010-09-22,41.830925,-71.350331,0.0
2010-09-23,41.830925,-71.350331,3.0507471821733203
2010-09-24,41.830925,-71.350331,0.05326752595894413
2010-09-25,41.830925,-71.350331,0.0
2010-09-26,41.830925,-71.350331,0.143567709260912
2010-09-27,41.830925,-71.350331,0.6975742606563471
2010-09-28,41.830925,-71.350331,0.7265799661675275
2010-09-29,41.830925,-71.350331,0.020450018181993594
2010-09-30,41.830925,-71.350331,3.770787158755454
2010-10-01,41.830925,-71.350331,12.778356415664176
2010-10-02,41.830925,-71.350331,0.13572739214665114
2010-10-03,41.830925,-71.350331,0.7513712952562267
2010-10-04,41.830925,-71.350331,7.321566418794528
2010-10-05,41.830925,-71.350331,0.0
2010-10-06,41.830925,-71.350331,48.18301211619204
2010-10-07,41.830925,-71.350331,0.0
2010-10-08,41.830925,-71.350331,0.0
2010-10-09,41.830925,-71.350331,0.0
2010-10-10,41.830925,-71.350331,0.0
2010-10-11,41.830925,-71.350331,0.0
2010-10-12,41.830925,-71.350331,5.4791583316306145
2010-10-13,41.830925,-71.350331,0.0
2010-10-14,41.830925,-71.350331,0.0
2010-10-15,41.830925,-71.350331,32.97467110385945
2010-10-16,41.830925,-71.350331,2.430856579564332
2010-10-17,41.830925,-71.350331,0.0
2010-10-18,41.830925,-71.350331,1.5857568872337455e-05
2010-10-19,41.830925,-71.350331,2.75228457390462
2010-10-20,41.830925,-71.350331,0.003014060372313769
2010-10-21,41.830925,-71.350331,3.4641696299127647
2010-10-22,41.830925,-71.350331,0.0019011569295797235
2010-10-23,41.830925,-71.350331,0.006663563264029761
2010-10-24,41.830925,-71.350331,3.3536719777247717
2010-10-25,41.830925,-71.350331,1.0452155397913772
2010-10-26,41.830925,-71.350331,0.43468468708014896
2010-10-27,41.830925,-71.350331,5.028334277238523
2010-10-28,41.830925,-71.350331,0.3204133085708655
2010-10-29,41.830925,-71.350331,0.002858078422154818
2010-10-30,41.830925,-71.350331,0.3736165213125355
2010-10-31,41.830925,-71.350331,2.676615568156664
2010-11-01,41.830925,-71.350331,0.0
2010-11-02,41.830925,-71.350331,0.0
2010-11-03,41.830925,-71.350331,0.0
2010-11-04,41.830925,-71.350331,17.597869682571904
2010-11-05,41.830925,-71.350331,29.51343795907625
2010-11-06,41.830925,-71.350331,0.8459986740813655
2010-11-07,41.830925,-71.350331,3.2190105025637767
2010-11-08,41.830925,-71.350331,5.599821195093926
2010-11-09,41.830925,-71.350331,0.024852952789599748
2010-11-10,41.830925,-71.350331,5.82157898651143
2010-11-11,41.830925,-71.350331,0.35063198770793447
2010-11-12,41.830925,-71.350331,0.0
2010-11-13,41.830925,-71.350331,0.0
2010-11-14,41.830925,-71.350331,0.0
2010-11-15,41.830925,-71.350331,9.514541677846638e-06
2010-11-16,41.830925,-71.350331,2.9460399399510098
2010-11-17,41.830925,-71.350331,39.81901374117976
2010-11-18,41.830925,-71.350331,0.0
2010-11-19,41.830925,-71.350331,0.0
2010-11-20,41.830925,-71.350331,0.2102623954023136
2010-11-21,41.830925,-71.350331,0.0
2010-11-22,41.830925,-71.350331,0.3154521175055551
2010-11-23,41.830925,-71.350331,2.6044773060085644
2010-11-24,41.830925,-71.350331,0.0
2010-11-25,41.830925,-71.350331,0.010917325146723411
2010-11-26,41.830925,-71.350331,4.794999511652095
2010-11-27,41.830925,-71.350331,0.0
2010-11-28,41.830925,-71.350331,0.0
2010-11-29,41.830925,-71.350331,0.0
2010-11-30,41.830925,-71.350331,0.17229990596854078
2010-12-01,41.830925,-71.350331,23.39182580761494
2010-12-02,41.830925,-71.350331,3.9564997740110655
2010-12-03,41.830925,-71.350331,0.08046358443083211
2010-12-04,41.830925,-71.350331,9.514541677846638e-06
2010-12-05,41.830925,-71.350331,0.0
2010-12-06,41.830925,-71.350331,0.0
2010-12-07,41.830925,-71.350331,0.0
2010-12-08,41.830925,-71.350331,3.171513892615582e-06
2010-12-09,41.830925,-71.350331,0.0
2010-12-10,41.830925,-71.350331,0.062305894950985916
2010-12-11,41.830925,-71.350331,0.002873935992208636
2010-12-12,41.830925,-71.350331,28.018441754590974
2010-12-13,41.830925,-71.350331,65.27695774119915
2010-12-14,41.830925,-71.350331,0.0
2010-12-15,41.830925,-71.350331,0.0
2010-12-16,41.830925,-71.350331,3.171513892615582e-06
2010-12-17,41.830925,-71.350331,1.9029083355693276e-05
2010-12-18,41.830925,-71.350331,0.0
2010-12-19,41.830925,-71.350331,0.017842220517415613
2010-12-20,41.830925,-71.350331,1.2111059216493514
2010-12-21,41.830925,-71.350331,0.7356277862359204
2010-12-22,41.830925,-71.350331,0.0
2010-12-23,41.830925,-71.350331,0.37168390034953736
2010-12-24,41.830925,-71.350331,0.002851735394369587
2010-12-25,41.830925,-71.350331,0.5197344833778328
2010-12-26,41.830925,-71.350331,13.126012229844623
2010-12-27,41.830925,-71.350331,9.514541677846638e-06
2010-12-28,41.830925,-71.350331,0.09678707702824589
2010-12-29,41.830925,-71.350331,0.0479752314625434
2010-12-30,41.830925,-71.350331,0.0
2010-12-31,41.830925,-71.350331,0.2822811312891966
2011-01-01,41.830925,-71.350331,0.12876132410947239
2011-01-02,41.830925,-71.350331,3.454125505961734
2011-01-03,41.830925,-71.350331,6.45067034553477
2011-01-04,41.830925,-71.350331,0.03629515313442561
2011-01-05,41.830925,-71.350331,0.0
2011-01-06,41.830925,-71.350331,0.0
2011-01-07,41.830925,-71.350331,0.008555206006049722
2011-01-08,41.830925,-71.350331,0.10050603587778298
2011-01-09,41.830925,-71.350331,8.806560376894563
2011-01-10,41.830925,-71.350331,0.0
2011-01-11,41.830925,-71.350331,0.2559380139704354
2011-01-12,41.830925,-71.350331,21.992609328926854
2011-01-13,41.830925,-71.350331,0.6632902263252693
2011-01-14,41.830925,-71.350331,0.07192577253339603
2011-01-15,41.830925,-71.350331,0.7219199784166308
2011-01-16,41.830925,-71.350331,0.7874371782603552
2011-01-17,41.830925,-71.350331,0.33606678129591355
2011-01-18,41.830925,-71.350331,27.05774384049234
2011-01-19,41.830925,-71.350331,1.9902216471712375
2011-01-20,41.830925,-71.350331,0.6148728078113087
2011-01-21,41.830925,-71.350331,10.597521478691
2011-01-22,41.830925,-71.350331,0.0
2011-01-23,41.830925,-71.350331,0.02422685083771789
2011-01-24,41.830925,-71.350331,0.0
2011-01-25,41.830925,-71.350331,1.7744842563552234
2011-01-26,41.830925,-71.350331,5.359887578628892
2011-01-27,41.830925,-71.350331,20.093422230599835
2011-01-28,41.830925,-71.350331,2.009418915511067
2011-01-29,41.830925,-71.350331,0.4603111155591047
2011-01-30,41.830925,-71.350331,0.21373812167687697
2011-01-31,41.830925,-71.350331,0.0
2011-02-01,41.830925,-71.350331,1.0466430429578109
2011-02-02,41.830925,-71.350331,32.521758622626976
2011-02-03,41.830925,-71.350331,0.4345495112245092
2011-02-04,41.830925,-71.350331,0.0
2011-02-05,41.830925,-71.350331,0.8539207887562847
2011-02-06,41.830925,-71.350331,2.1268931022523505
2011-02-07,41.830925,-71.350331,0.09380297173024729
2011-02-08,41.830925,-71.350331,7.2397138492543025
2011-02-09,41.830925,-71.350331,0.0
2011-02-10,41.830925,-71.350331,0.23136352012500488
2011-02-11,41.830925,-71.350331,0.0
2011-02-12,41.830925,-71.350331,0.0
2011-02-13,41.830925,-71.350331,0.09139436186919096
2011-02-14,41.830925,-71.350331,0.0786665759781968
2011-02-15,41.830925,-71.350331,0.0
2011-02-16,41.830925,-71.350331,0.0
2011-02-17,41.830925,-71.350331,0.0
2011-02-18,41.830925,-71.350331,0.11545953755653925
2011-02-19,41.830925,-71.350331,0.0
2011-02-20,41.830925,-71.350331,0.0
2011-02-21,41.830925,-71.350331,0.5591572128434573
2011-02-22,41.830925,-71.350331,3.4886653409510124e-05
2011-02-23,41.830925,-71.350331,0.0
2011-02-24,41.830925,-71.350331,0.0
2011-02-25,41.830925,-71.350331,55.721375810315685
2011-02-26,41.830925,-71.350331,0.049096126863655554
2011-02-27,41.830925,-71.350331,0.5653286203212988
2011-02-28,41.830925,-71.350331,23.887645247520346
2011-03-01,41.830925,-71.350331,4.217770547052713
2011-03-02,41.830925,-71.350331,0.0019074999573649547
2011-03-03,41.830925,-71.350331,0.0
2011-03-04,41.830925,-71.350331,6.343027785231164e-06
2011-03-05,41.830925,-71.350331,0.0028786454611333893
2011-03-06,41.830925,-71.350331,0.019097686571861283
2011-03-07,41.830925,-71.350331,25.68836760921513
2011-03-08,41.830925,-71.350331,0.0
2011-03-09,41.830925,-71.350331,0.0
2011-03-10,41.830925,-71.350331,3.092314324355664
2011-03-11,41.830925,-71.350331,15.021240725685502
2011-03-12,41.830925,-71.350331,0.0
2011-03-13,41.830925,-71.350331,0.0003142708563079605
2011-03-14,41.830925,-71.350331,0.0
2011-03-15,41.830925,-71.350331,0.022053594985457774
2011-03-16,41.830925,-71.350331,11.19295287858207
2011-03-17,41.830925,-71.350331,0.02089041467938315
2011-03-18,41.830925,-71.350331,4.063044711187511
2011-03-19,41.830925,-71.350331,0.05040263502889876
2011-03-20,41.830925,-71.350331,0.0
2011-03-21,41.830925,-71.350331,2.207934990343688
2011-03-22,41.830925,-71.350331,0.011429142175317398
2011-03-23,41.830925,-71.350331,0.8394407223226401
2011-03-24,41.830925,-71.350331,0.8320735376381804
2011-03-25,41.830925,-71.350331,0.0
2011-03-26,41.830925,-71.350331,0.0
2011-03-27,41.830925,-71.350331,0.37432376918050314
2011-03-28,41.830925,-71.350331,0.0
2011-03-29,41.830925,-71.350331,0.0
2011-03-30,41.830925,-71.350331,0.0
2011-03-31,41.830925,-71.350331,17.679621203033797
2011-04-01,41.830925,-71.350331,9.231503259101514
2011-04-02,41.830925,-71.350331,0.3043829875104896
2011-04-03,41.830925,-71.350331,0.0
2011-04-04,41.830925,-71.350331,11.821401188893963
2011-04-05,41.830925,-71.350331,1.7729367705675396
2011-04-06,41.830925,-71.350331,0.0
2011-04-07,41.830925,-71.350331,0.08697628671676519
2011-04-08,41.830925,-71.350331,2.4910848371698124
2011-04-09,41.830925,-71.350331,0.07688731140251355
2011-04-10,41.830925,-71.350331,0.2028426694872752
2011-04-11,41.830925,-71.350331,0.49139282938730877
2011-04-12,41.830925,-71.350331,12.15071324739282
2011-04-13,41.830925,-71.350331,60.092767823615844
2011-04-14,41.830925,-71.350331,0.0019011569295797235
2011-04-15,41.830925,-71.350331,0.029764422029942138
2011-04-16,41.830925,-71.350331,1.9161363429695775
2011-04-17,41.830925,-71.350331,23.269786102724954
2011-04-18,41.830925,-71.350331,0.7950674963508708
2011-04-19,41.830925,-71.350331,2.1774545542087447
2011-04-20,41.830925,-71.350331,3.0097954256224244
2011-04-21,41.830925,-71.350331,0.0
2011-04-22,41.830925,-71.350331,3.325309454903398e-05
2011-04-23,41.830925,-71.350331,14.67588742784127
2011-04-24,41.830925,-71.350331,0.5425949989081293
2011-04-25,41.830925,-71.350331,1.3035226647032694
2011-04-26,41.830925,-71.350331,2.8543624442798482e-05
2011-04-27,41.830925,-71.350331,0.15700153397323258
2011-04-28,41.830925,-71.350331,1.689015399781004
2011-04-29,41.830925,-71.350331,8.495394421475753
2011-04-30,41.830925,-71.350331,0.0
2011-05-01,41.830925,-71.350331,0.0
2011-05-02,41.830925,-71.350331,0.0
2011-05-03,41.830925,-71.350331,2.016368276851707
2011-05-04,41.830925,-71.350331,8.19669314738389
2011-05-05,41.830925,-71.350331,5.1158858130330565
2011-05-06,41.830925,-71.350331,0.007604627718318894
2011-05-07,41.830925,-71.350331,0.4774652856328132
2011-05-08,41.830925,-71.350331,0.9371090786169566
2011-05-09,41.830925,-71.350331,0.18131604320782435
2011-05-10,41.830925,-71.350331,0.3263255972355035
2011-05-11,41.830925,-71.350331,0.01343640035662464
2011-05-12,41.830925,-71.350331,0.0
2011-05-13,41.830925,-71.350331,0.0
2011-05-14,41.830925,-71.350331,0.6456194335762142
2011-05-15,41.830925,-71.350331,14.433205126806927
2011-05-16,41.830925,-71.350331,10.46955611589837
2011-05-17,41.830925,-71.350331,4.469398999868044
2011-05-18,41.830925,-71.350331,9.99531560951219
2011-05-19,41.830925,-71.350331,12.565683320908958
2011-05-20,41.830925,-71.350331,1.4836696229104784
2011-05-21,41.830925,-71.350331,0.027566775301846966
2011-05-22,41.830925,-71.350331,0.0001076402670552104
2011-05-23,41.830925,-71.350331,3.280403469937856
2011-05-24,41.830925,-71.350331,8.234206367062948
2011-05-25,41.830925,-71.350331,0.0038720871659784703
2011-05-26,41.830925,-71.350331,0.018114906746013116
2011-05-27,41.830925,-71.350331,0.10090060435821399
2011-05-28,41.830925,-71.350331,0.0
2011-05-29,41.830925,-71.350331,0.025678303365483456
2011-05-30,41.830925,-71.350331,5.979964888507443
2011-05-31,41.830925,-71.350331,0.0
2011-06-01,41.830925,-71.350331,2.1041845054523303
2011-06-02,41.830925,-71.350331,5.169268268700206
2011-06-03,41.830925,-71.350331,0.024916865776608232
2011-06-04,41.830925,-71.350331,0.00011244533803608098
2011-06-05,41.830925,-71.350331,0.00017491543145851246
2011-06-06,41.830925,-71.350331,0.18968467123091953
2011-06-07,41.830925,-71.350331,0.0
2011-06-08,41.830925,-71.350331,0.0772718985225771
2011-06-09,41.830925,-71.350331,23.52604185501376
2011-06-10,41.830925,-71.350331,6.006415383869421
2011-06-11,41.830925,-71.350331,4.905492815879976
2011-06-12,41.830925,-71.350331,22.878106280945257
2011-06-13,41.830925,-71.350331,0.5429861018933656
2011-06-14,41.830925,-71.350331,1.773213832779322
2011-06-15,41.830925,-71.350331,0.0
2011-06-16,41.830925,-71.350331,0.0
2011-06-17,41.830925,-71.350331,6.070130213707174
2011-06-18,41.830925,-71.350331,4.307783293850425
2011-06-19,41.830925,-71.350331,0.05654389392596593
2011-06-20,41.830925,-71.350331,0.8136474154508706
2011-06-21,41.830925,-71.350331,0.0
2011-06-22,41.830925,-71.350331,8.723506044163853
2011-06-23,41.830925,-71.350331,21.612713158716094
2011-06-24,41.830925,-71.350331,1.2033471758006258
2011-06-25,41.830925,-71.350331,0.11004486408039052
2011-06-26,41.830925,-71.350331,0.3097033367673855
2011-06-27,41.830925,-71.350331,0.013102783226848203
2011-06-28,41.830925,-71.350331,0.0
2011-06-29,41.830925,-71.350331,4.085039552155914
2011-06-30,41.830925,-71.350331,0.008065589752353825
2011-07-01,41.830925,-71.350331,0.0
2011-07-02,41.830925,-71.350331,0.0
2011-07-03,41.830925,-71.350331,4.218532125701131
2011-07-04,41.830925,-71.350331,0.07252264026153504
2011-07-05,41.830925,-71.350331,0.0
2011-07-06,41.830925,-71.350331,0.06625269905486075
2011-07-07,41.830925,-71.350331,5.38201335276052e-05
2011-07-08,41.830925,-71.350331,19.547932604992013
2011-07-09,41.830925,-71.350331,22.407049442026096
2011-07-10,41.830925,-71.350331,0.0
2011-07-11,41.830925,-71.350331,0.0
2011-07-12,41.830925,-71.350331,0.5376742774741595
2011-07-13,41.830925,-71.350331,2.4630568567552533
2011-07-14,41.830925,-71.350331,4.440831982093893
2011-07-15,41.830925,-71.350331,0.05409700930286212
2011-07-16,41.830925,-71.350331,7.928784908761005e-05
2011-07-17,41.830925,-71.350331,0.0
2011-07-18,41.830925,-71.350331,4.982282204131572
2011-07-19,41.830925,-71.350331,0.001920186012935417
2011-07-20,41.830925,-71.350331,0.0
2011-07-21,41.830925,-71.350331,0.03335587448272502
2011-07-22,41.830925,-71.350331,0.0
2011-07-23,41.830925,-71.350331,0.03985218439680734
2011-07-24,41.830925,-71.350331,2.6764574690292466
2011-07-25,41.830925,-71.350331,4.92604369082189
2011-07-26,41.830925,-71.350331,5.248877533852823
2011-07-27,41.830925,-71.350331,0.0
2011-07-28,41.830925,-71.350331,0.05247390534575027
2011-07-29,41.830925,-71.350331,0.6536643973233043
2011-07-30,41.830925,-71.350331,0.0
2011-07-31,41.830925,-71.350331,0.0
2011-08-01,41.830925,-71.350331,0.34521469354542433
2011-08-02,41.830925,-71.350331,1.4068965363224732
2011-08-03,41.830925,-71.350331,2.33967381248052
2011-08-04,41.830925,-71.350331,2.25510026181864
2011-08-05,41.830925,-71.350331,0.0
2011-08-06,41.830925,-71.350331,2.3896814207985395
2011-08-07,41.830925,-71.350331,29.18242308188883
2011-08-08,41.830925,-71.350331,5.330601834486183
2011-08-09,41.830925,-71.350331,9.914431836465463
2011-08-10,41.830925,-71.350331,5.788764102414905
2011-08-11,41.830925,-71.350331,0.0
2011-08-12,41.830925,-71.350331,0.0
2011-08-13,41.830925,-71.350331,1.4622076549383292
2011-08-14,41.830925,-71.350331,12.816448471518196
2011-08-15,41.830925,-71.350331,54.68821177142768
2011-08-16,41.830925,-71.350331,0.3555994529596604
2011-08-17,41.830925,-71.350331,0.0
2011-08-18,41.830925,-71.350331,0.021863304158989724
2011-08-19,41.830925,-71.350331,1.7992934448686806
2011-08-20,41.830925,-71.350331,0.5972484068717963
2011-08-21,41.830925,-71.350331,1.4254990150656646
2011-08-22,41.830925,-71.350331,12.123129271818105
2011-08-23,41.830925,-71.350331,0.004752892146890271
2011-08-24,41.830925,-71.350331,1.097471918202468
2011-08-25,41.830925,-71.350331,0.9881650187015255
2011-08-26,41.830925,-71.350331,1.4029757068418858
2011-08-27,41.830925,-71.350331,15.38219419093751
2011-08-28,41.830925,-71.350331,43.7424287762331
2011-08-29,41.830925,-71.350331,0.0
2011-08-30,41.830925,-71.350331,0.0
2011-08-31,41.830925,-71.350331,0.00018837047235900628
2011-09-01,41.830925,-71.350331,0.038927795900540185
2011-09-02,41.830925,-71.350331,0.0
2011-09-03,41.830925,-71.350331,0.0
2011-09-04,41.830925,-71.350331,0.024033562653280723
2011-09-05,41.830925,-71.350331,0.08793212048440004
2011-09-06,41.830925,-71.350331,22.377132947958188
2011-09-07,41.830925,-71.350331,5.442175267140878
2011-09-08,41.830925,-71.350331,58.99097417611999
2011-09-09,41.830925,-71.350331,0.726155075639519
2011-09-10,41.830925,-71.350331,0.0
2011-09-11,41.830925,-71.350331,2.69100667638026e-05
2011-09-12,41.830925,-71.350331,0.015053227793649038
2011-09-13,41.830925,-71.350331,0.006654049430588077
2011-09-14,41.830925,-71.350331,0.0
2011-09-15,41.830925,-71.350331,0.23377551691619142
2011-09-16,41.830925,-71.350331,0.10545154784503064
2011-09-17,41.830925,-71.350331,0.025826294447328788
2011-09-18,41.830925,-71.350331,0.0
2011-09-19,41.830925,-71.350331,0.0
2011-09-20,41.830925,-71.350331,1.9768497864785692
2011-09-21,41.830925,-71.350331,0.0
2011-09-22,41.830925,-71.350331,0.5762700398742591
2011-09-23,41.830925,-71.350331,24.844020833906093
2011-09-24,41.830925,-71.350331,26.094211477895314
2011-09-25,41.830925,-71.350331,4.556547269983778
2011-09-26,41.830925,-71.350331,0.014908555547774649
2011-09-27,41.830925,-71.350331,0.015910213029368035
2011-09-28,41.830925,-71.350331,0.04204212981863921
2011-09-29,41.830925,-71.350331,9.258628560542304
2011-09-30,41.830925,-71.350331,0.0
2011-10-01,41.830925,-71.350331,12.65237696059169
2011-10-02,41.830925,-71.350331,0.0
2011-10-03,41.830925,-71.350331,6.376968806428133
2011-10-04,41.830925,-71.350331,10.94199516628942
2011-10-05,41.830925,-71.350331,4.416612502473911
2011-10-06,41.830925,-71.350331,0.0
2011-10-07,41.830925,-71.350331,0.013769060541092995
2011-10-08,41.830925,-71.350331,0.0
2011-10-09,41.830925,-71.350331,0.0
2011-10-10,41.830925,-71.350331,0.0
2011-10-11,41.830925,-71.350331,0.022817054668849313
2011-10-12,41.830925,-71.350331,9.919415912273248
2011-10-13,41.830925,-71.350331,21.034616152219627
2011-10-14,41.830925,-71.350331,9.234114164616555
2011-10-15,41.830925,-71.350331,6.552122571554654
2011-10-16,41.830925,-71.350331,0.2044549745373475
2011-10-17,41.830925,-71.350331,3.6513148868782195
2011-10-18,41.830925,-71.350331,0.0019011569295797235
2011-10-19,41.830925,-71.350331,34.21972301213598
2011-10-20,41.830925,-71.350331,8.775399172148994
2011-10-21,41.830925,-71.350331,0.0
2011-10-22,41.830925,-71.350331,0.0
2011-10-23,41.830925,-71.350331,0.0
2011-10-24,41.830925,-71.350331,0.12272179510877312
2011-10-25,41.830925,-71.350331,0.20975715474805434
2011-10-26,41.830925,-71.350331,0.4736080889391075
2011-10-27,41.830925,-71.350331,17.10922159623877
2011-10-28,41.830925,-71.350331,0.26568856352807435
2011-10-29,41.830925,-71.350331,29.24000392808972
2011-10-30,41.830925,-71.350331,0.38738010355079194
2011-10-31,41.830925,-71.350331,0.17272295946444205
2011-11-01,41.830925,-71.350331,1.5217946966250815
2011-11-02,41.830925,-71.350331,0.0
2011-11-03,41.830925,-71.350331,0.023972630516662645
2011-11-04,41.830925,-71.350331,0.9091974302942251
2011-11-05,41.830925,-71.350331,0.0
2011-11-06,41.830925,-71.350331,0.0019011569295797235
2011-11-07,41.830925,-71.350331,0.0
2011-11-08,41.830925,-71.350331,0.0
2011-11-09,41.830925,-71.350331,0.0
2011-11-10,41.830925,-71.350331,14.624487359319602
2011-11-11,41.830925,-71.350331,1.9117701538356804
2011-11-12,41.830925,-71.350331,0.0
2011-11-13,41.830925,-71.350331,1.4972777895329021
2011-11-14,41.830925,-71.350331,1.0272195269037874
2011-11-15,41.830925,-71.350331,2.7529243839566377
2011-11-16,41.830925,-71.350331,16.259844063717907
2011-11-17,41.830925,-71.350331,16.97196714450391
2011-11-18,41.830925,-71.350331,0.0049897163687520054
2011-11-19,41.830925,-71.350331,6.343027785231164e-06
2011-11-20,41.830925,-71.350331,0.0019011569295797235
2011-11-21,41.830925,-71.350331,5.23060188048921
2011-11-22,41.830925,-71.350331,0.0019011569295797235
2011-11-23,41.830925,-71.350331,48.690254133204405
2011-11-24,41.830925,-71.350331,0.0
2011-11-25,41.830925,-71.350331,0.0019344100241287573
2011-11-26,41.830925,-71.350331,0.01061277947305339
2011-11-27,41.830925,-71.350331,0.2597323547155286
2011-11-28,41.830925,-71.350331,1.970171992227912
2011-11-29,41.830925,-71.350331,0.0
2011-11-30,41.830925,-71.350331,19.13885340591753
2011-12-01,41.830925,-71.350331,0.0
2011-12-02,41.830925,-71.350331,0.0
2011-12-03,41.830925,-71.350331,0.0
2011-12-04,41.830925,-71.350331,0.011444999744189735
2011-12-05,41.830925,-71.350331,0.0195105872859742
2011-12-06,41.830925,-71.350331,9.625381460972507
2011-12-07,41.830925,-71.350331,45.54567745102728
2011-12-08,41.830925,-71.350331,7.509379822337373
2011-12-09,41.830925,-71.350331,0.01780185541726991
2011-12-10,41.830925,-71.350331,6.506100517127218
2011-12-11,41.830925,-71.350331,0.0
2011-12-12,41.830925,-71.350331,0.015016721818780433
2011-12-13,41.830925,-71.350331,0.1320613931407602
2011-12-14,41.830925,-71.350331,0.07206554206249038
2011-12-15,41.830925,-71.350331,3.8688482452923414
2011-12-16,41.830925,-71.350331,0.695974302592783
2011-12-17,41.830925,-71.350331,0.35328244200641795
2011-12-18,41.830925,-71.350331,0.0
2011-12-19,41.830925,-71.350331,0.01333347097231708
2011-12-20,41.830925,-71.350331,1.0469471845526477
2011-12-21,41.830925,-71.350331,7.623828141808374
2011-12-22,41.830925,-71.350331,4.031691756749687
2011-12-23,41.830925,-71.350331,22.733256018202884
2011-12-24,41.830925,-71.350331,0.0
2011-12-25,41.830925,-71.350331,0.028959175945629592
2011-12-26,41.830925,-71.350331,0.5051669119747966
2011-12-27,41.830925,-71.350331,4.516156174122707
2011-12-28,41.830925,-71.350331,12.688317111463714
2011-12-29,41.830925,-71.350331,0.0
2011-12-30,41.830925,-71.350331,0.11406615704489326
2011-12-31,41.830925,-71.350331,8.253232009219158
2012-01-01,41.830925,-71.350331,0.0
2012-01-02,41.830925,-71.350331,5.820099173303691
2012-01-03,41.830925,-71.350331,0.0
2012-01-04,41.830925,-71.350331,0.02856175407701972
2012-01-05,41.830925,-71.350331,0.0
2012-01-06,41.830925,-71.350331,0.2889860544238787
2012-01-07,41.830925,-71.350331,0.0
2012-01-08,41.830925,-71.350331,0.07990886963790711
2012-01-09,41.830925,-71.350331,0.0
2012-01-10,41.830925,-71.350331,0.2212991797198687
2012-01-11,41.830925,-71.350331,0.1597808911132091
2012-01-12,41.830925,-71.350331,48.41412330422029
2012-01-13,41.830925,-71.350331,0.40520630464811513
2012-01-14,41.830925,-71.350331,0.0
2012-01-15,41.830925,-71.350331,0.0
2012-01-16,41.830925,-71.350331,0.0
2012-01-17,41.830925,-71.350331,4.136937308516953
2012-01-18,41.830925,-71.350331,0.02916807643595909
2012-01-19,41.830925,-71.350331,0.0
2012-01-20,41.830925,-71.350331,0.8545280884324116
2012-01-21,41.830925,-71.350331,8.461311778585442
2012-01-22,41.830925,-71.350331,0.13522641916483888
2012-01-23,41.830925,-71.350331,0.48015992460229234
2012-01-24,41.830925,-71.350331,6.653094677098027
2012-01-25,41.830925,-71.350331,0.0
2012-01-26,41.830925,-71.350331,3.5354275993075293
2012-01-27,41.830925,-71.350331,34.481753170242705
2012-01-28,41.830925,-71.350331,0.05884990180387048
2012-01-29,41.830925,-71.350331,0.11690094270731431
2012-01-30,41.830925,-71.350331,0.14137970814832862
2012-01-31,41.830925,-71.350331,0.008065589752353825
2012-02-01,41.830925,-71.350331,0.01897328938183864
2012-02-02,41.830925,-71.350331,0.17646901593000397
2012-02-03,41.830925,-71.350331,0.0
2012-02-04,41.830925,-71.350331,0.13014802362799116
2012-02-05,41.830925,-71.350331,0.0
2012-02-06,41.830925,-71.350331,0.0
2012-02-07,41.830925,-71.350331,0.0
2012-02-08,41.830925,-71.350331,0.2304709234007722
2012-02-09,41.830925,-71.350331,0.012416914048710564
2012-02-10,41.830925,-71.350331,0.0
2012-02-11,41.830925,-71.350331,2.197946673790228
2012-02-12,41.830925,-71.350331,0.0
2012-02-13,41.830925,-71.350331,0.0
2012-02-14,41.830925,-71.350331,0.0
2012-02-15,41.830925,-71.350331,0.0
2012-02-16,41.830925,-71.350331,2.7130400704580517
2012-02-17,41.830925,-71.350331,4.617743844939867
2012-02-18,41.830925,-71.350331,0.0
2012-02-19,41.830925,-71.350331,1.2686055570462328e-05
2012-02-20,41.830925,-71.350331,0.0
2012-02-21,41.830925,-71.350331,0.006960646603969271
2012-02-22,41.830925,-71.350331,0.38534307357542746
2012-02-23,41.830925,-71.350331,0.29135046278847027
2012-02-24,41.830925,-71.350331,4.8958462106519685
2012-02-25,41.830925,-71.350331,4.826090947600883
2012-02-26,41.830925,-71.350331,0.0
2012-02-27,41.830925,-71.350331,0.0
2012-02-28,41.830925,-71.350331,0.0
2012-02-29,41.830925,-71.350331,6.317522944932258
2012-03-01,41.830925,-71.350331,6.255771850704688
2012-03-02,41.830925,-71.350331,0.0
2012-03-03,41.830925,-71.350331,7.762229136342985
2012-03-04,41.830925,-71.350331,0.5595437962479459
2012-03-05,41.830925,-71.350331,0.004221165348535914
2012-03-06,41.830925,-71.350331,0.016184999638235255
2012-03-07,41.830925,-71.350331,0.0
2012-03-08,41.830925,-71.350331,0.0
2012-03-09,41.830925,-71.350331,4.960295392994178
2012-03-10,41.830925,-71.350331,0.0
2012-03-11,41.830925,-71.350331,0.0
2012-03-12,41.830925,-71.350331,0.00571298533041702
2012-03-13,41.830925,-71.350331,1.2637177234517147
2012-03-14,41.830925,-71.350331,0.006673078513943771
2012-03-15,41.830925,-71.350331,0.11763457985456743
2012-03-16,41.830925,-71.350331,2.1542583853261394
2012-03-17,41.830925,-71.350331,0.0
2012-03-18,41.830925,-71.350331,0.0
2012-03-19,41.830925,-71.350331,0.0
2012-03-20,41.830925,-71.350331,0.056084128183188565
2012-03-21,41.830925,-71.350331,0.0
2012-03-22,41.830925,-71.350331,0.0
2012-03-23,41.830925,-71.350331,0.38060843176613307
2012-03-24,41.830925,-71.350331,2.209559531625757
2012-03-25,41.830925,-71.350331,4.013023194431812
2012-03-26,41.830925,-71.350331,0.10593401096128544
2012-03-27,41.830925,-71.350331,0.02088407165159792
2012-03-28,41.830925,-71.350331,9.277185506779475
2012-03-29,41.830925,-71.350331,0.17225196125686154
2012-03-30,41.830925,-71.350331,0.0
2012-03-31,41.830925,-71.350331,2.021765734003762
2012-04-01,41.830925,-71.350331,1.9455955267563105
2012-04-02,41.830925,-71.350331,0.6675551529642603
2012-04-03,41.830925,-71.350331,0.0
2012-04-04,41.830925,-71.350331,0.0
2012-04-05,41.830925,-71.350331,0.0
2012-04-06,41.830925,-71.350331,0.0
2012-04-07,41.830925,-71.350331,0.0
2012-04-08,41.830925,-71.350331,0.0
2012-04-09,41.830925,-71.350331,0.004983373340966774
2012-04-10,41.830925,-71.350331,0.0
2012-04-11,41.830925,-71.350331,0.0001907730003308586
2012-04-12,41.830925,-71.350331,1.0099090692523955
2012-04-13,41.830925,-71.350331,0.0
2012-04-14,41.830925,-71.350331,0.012125294695294539
2012-04-15,41.830925,-71.350331,4.410134330739092
2012-04-16,41.830925,-71.350331,0.9716484349019907
2012-04-17,41.830925,-71.350331,0.0
2012-04-18,41.830925,-71.350331,0.8049066444244106
2012-04-19,41.830925,-71.350331,0.021869647186774956
2012-04-20,41.830925,-71.350331,0.0
2012-04-21,41.830925,-71.350331,0.0
2012-04-22,41.830925,-71.350331,25.623563796217496
2012-04-23,41.830925,-71.350331,45.21253741646204
2012-04-24,41.830925,-71.350331,1.1234974635989181
2012-04-25,41.830925,-71.350331,0.0
2012-04-26,41.830925,-71.350331,0.00669210688670034
2012-04-27,41.830925,-71.350331,4.151307450596339
2012-04-28,41.830925,-71.350331,0.0
2012-04-29,41.830925,-71.350331,1.308099315881126
2012-04-30,41.830925,-71.350331,0.0
2012-05-01,41.830925,-71.350331,14.842891218616444
2012-05-02,41.830925,-71.350331,0.09505784860369473
2012-05-03,41.830925,-71.350331,1.1344441887957044
2012-05-04,41.830925,-71.350331,2.0999289364588667
2012-05-05,41.830925,-71.350331,0.22607829260529727
2012-05-06,41.830925,-71.350331,0.012964180333010694
2012-05-07,41.830925,-71.350331,0.0
2012-05-08,41.830925,-71.350331,9.820721785506267
2012-05-09,41.830925,-71.350331,31.40859941052796
2012-05-10,41.830925,-71.350331,18.383656382368937
2012-05-11,41.830925,-71.350331,0.0
2012-05-12,41.830925,-71.350331,0.0
2012-05-13,41.830925,-71.350331,0.25901856727032
2012-05-14,41.830925,-71.350331,2.70634384548008
2012-05-15,41.830925,-71.350331,4.213097437101872
2012-05-16,41.830925,-71.350331,15.599798277231304
2012-05-17,41.830925,-71.350331,0.5639414427476197
2012-05-18,41.830925,-71.350331,0.0
2012-05-19,41.830925,-71.350331,0.0
2012-05-20,41.830925,-71.350331,0.0
2012-05-21,41.830925,-71.350331,0.5043525958289106
2012-05-22,41.830925,-71.350331,10.44800027239059
2012-05-23,41.830925,-71.350331,1.4499986897318407
2012-05-24,41.830925,-71.350331,0.0936117137420127
2012-05-25,41.830925,-71.350331,0.03778372585470324
2012-05-26,41.830925,-71.350331,0.03080659112470284
2012-05-27,41.830925,-71.350331,0.10871164108100657
2012-05-28,41.830925,-71.350331,0.6542411700676376
2012-05-29,41.830925,-71.350331,0.02499365548268939
2012-05-30,41.830925,-71.350331,2.427688860870979
2012-05-31,41.830925,-71.350331,0.0
2012-06-01,41.830925,-71.350331,0.010456363289747523
2012-06-02,41.830925,-71.350331,12.71950601244072
2012-06-03,41.830925,-71.350331,6.3170856203005465
2012-06-04,41.830925,-71.350331,1.1294706062877355
2012-06-05,41.830925,-71.350331,1.2743746557136755
2012-06-06,41.830925,-71.350331,0.5749195244737634
2012-06-07,41.830925,-71.350331,1.7380538867516737
2012-06-08,41.830925,-71.350331,0.3482739869012006
2012-06-09,41.830925,-71.350331,3.755305884586261
2012-06-10,41.830925,-71.350331,0.2023591229052295
2012-06-11,41.830925,-71.350331,0.0
2012-06-12,41.830925,-71.350331,0.6663745379910072
2012-06-13,41.830925,-71.350331,20.338407083548773
2012-06-14,41.830925,-71.350331,0.0
2012-06-15,41.830925,-71.350331,0.0
2012-06-16,41.830925,-71.350331,0.0
2012-06-17,41.830925,-71.350331,0.0
2012-06-18,41.830925,-71.350331,0.0
2012-06-19,41.830925,-71.350331,0.0
2012-06-20,41.830925,-71.350331,0.0
2012-06-21,41.830925,-71.350331,0.0
2012-06-22,41.830925,-71.350331,5.07505087632898
2012-06-23,41.830925,-71.350331,2.006279854823328
2012-06-24,41.830925,-71.350331,0.0
2012-06-25,41.830925,-71.350331,41.12984334561745
2012-06-26,41.830925,-71.350331,0.3196735592062871
2012-06-27,41.830925,-71.350331,0.09657003286120411
2012-06-28,41.830925,-71.350331,0.05578988656443003
2012-06-29,41.830925,-71.350331,1.3061779766277442
2012-06-30,41.830925,-71.350331,0.0
2012-07-01,41.830925,-71.350331,6.184563017686858
2012-07-02,41.830925,-71.350331,0.7398278786492867
2012-07-03,41.830925,-71.350331,1.1966490943730141
2012-07-04,41.830925,-71.350331,6.836579385364975
2012-07-05,41.830925,-71.350331,0.0009537499786824773
2012-07-06,41.830925,-71.350331,0.33160945396127994
2012-07-07,41.830925,-71.350331,4.428322742300989
2012-07-08,41.830925,-71.350331,0.0
2012-07-09,41.830925,-71.350331,0.010722499184313148
2012-07-10,41.830925,-71.350331,0.0
2012-07-11,41.830925,-71.350331,0.0
2012-07-12,41.830925,-71.350331,2.4670059233953388
2012-07-13,41.830925,-71.350331,0.349932312224865
2012-07-14,41.830925,-71.350331,4.547676644799534
2012-07-15,41.830925,-71.350331,0.8002873315246912
2012-07-16,41.830925,-71.350331,5.186252266695211
2012-07-17,41.830925,-71.350331,0.07008333747037218
2012-07-18,41.830925,-71.350331,10.487576772623704
2012-07-19,41.830925,-71.350331,1.2830497373524374
2012-07-20,41.830925,-71.350331,12.970111616554945
2012-07-21,41.830925,-71.350331,0.9800432527794828
2012-07-22,41.830925,-71.350331,0.0
2012-07-23,41.830925,-71.350331,1.040054851894617
2012-07-24,41.830925,-71.350331,2.5631865342142874
2012-07-25,41.830925,-71.350331,0.1493128677272359
2012-07-26,41.830925,-71.350331,0.5706385625079811
2012-07-27,41.830925,-71.350331,4.238303039603032
2012-07-28,41.830925,-71.350331,9.496538934644708
2012-07-29,41.830925,-71.350331,2.8602140208915627
2012-07-30,41.830925,-71.350331,0.019731556722459034
2012-07-31,41.830925,-71.350331,8.290339847827287
2012-08-01,41.830925,-71.350331,8.200661012218749
2012-08-02,41.830925,-71.350331,2.525246772249612
2012-08-03,41.830925,-71.350331,0.4779039763687729
2012-08-04,41.830925,-71.350331,0.003802313859159447
2012-08-05,41.830925,-71.350331,1.0045078058840802
2012-08-06,41.830925,-71.350331,5.665729134370545
2012-08-07,41.830925,-71.350331,0.14010962197382804
2012-08-08,41.830925,-71.350331,0.00827779437521848
2012-08-09,41.830925,-71.350331,0.008065589752353825
2012-08-10,41.830925,-71.350331,23.43835074318131
2012-08-11,41.830925,-71.350331,1.3320482587925966
2012-08-12,41.830925,-71.350331,7.300099327358206
2012-08-13,41.830925,-71.350331,0.024290954493240976
2012-08-14,41.830925,-71.350331,0.012357519865209169
2012-08-15,41.830925,-71.350331,2.354166004368495
2012-08-16,41.830925,-71.350331,27.50726464857366
2012-08-17,41.830925,-71.350331,0.017110412012099445
2012-08-18,41.830925,-71.350331,12.459079272791525
2012-08-19,41.830925,-71.350331,0.19607953854905744
2012-08-20,41.830925,-71.350331,2.4399390872551985
2012-08-21,41.830925,-71.350331,0.9959854561067059
2012-08-22,41.830925,-71.350331,1.0028080461698292
2012-08-23,41.830925,-71.350331,0.002851735394369587
2012-08-24,41.830925,-71.350331,0.054535887726049226
2012-08-25,41.830925,-71.350331,0.05431617095007018
2012-08-26,41.830925,-71.350331,0.07284944075436306
2012-08-27,41.830925,-71.350331,0.20475234093086936
2012-08-28,41.830925,-71.350331,6.067296684745156
2012-08-29,41.830925,-71.350331,0.0
2012-08-30,41.830925,-71.350331,0.0
2012-08-31,41.830925,-71.350331,0.0
2012-09-01,41.830925,-71.350331,0.36407101499348304
2012-09-02,41.830925,-71.350331,0.0
2012-09-03,41.830925,-71.350331,0.0
2012-09-04,41.830925,-71.350331,9.166177486850987
2012-09-05,41.830925,-71.350331,30.4767148359071
2012-09-06,41.830925,-71.350331,0.043329275814813634
2012-09-07,41.830925,-71.350331,0.0
2012-09-08,41.830925,-71.350331,0.0
2012-09-09,41.830925,-71.350331,4.500849676715303
2012-09-10,41.830925,-71.350331,0.0
2012-09-11,41.830925,-71.350331,0.0
2012-09-12,41.830925,-71.350331,0.0
2012-09-13,41.830925,-71.350331,0.0
2012-09-14,41.830925,-71.350331,0.0
2012-09-15,41.830925,-71.350331,0.00325621348735583
2012-09-16,41.830925,-71.350331,0.0
2012-09-17,41.830925,-71.350331,0.0
2012-09-18,41.830925,-71.350331,0.3107782484563437
2012-09-19,41.830925,-71.350331,21.62382504109596
2012-09-20,41.830925,-71.350331,3.325309454903398e-05
2012-09-21,41.830925,-71.350331,9.856920773725632
2012-09-22,41.830925,-71.350331,0.0
2012-09-23,41.830925,-71.350331,0.12755541931741848
2012-09-24,41.830925,-71.350331,0.0
2012-09-25,41.830925,-71.350331,0.0
2012-09-26,41.830925,-71.350331,0.05200986836457354
2012-09-27,41.830925,-71.350331,0.0019106714712575704
2012-09-28,41.830925,-71.350331,22.237685260885232
2012-09-29,41.830925,-71.350331,11.972469110123942
2012-09-30,41.830925,-71.350331,9.93231467159108
2012-10-01,41.830925,-71.350331,0.020327052069262677
2012-10-02,41.830925,-71.350331,8.969405509861748
2012-10-03,41.830925,-71.350331,1.9224974980556355
2012-10-04,41.830925,-71.350331,0.8368737566900772
2012-10-05,41.830925,-71.350331,2.5192488015628864
2012-10-06,41.830925,-71.350331,0.17472302883953927
2012-10-07,41.830925,-71.350331,9.072456009141872
2012-10-08,41.830925,-71.350331,1.6374487242363274
2012-10-09,41.830925,-71.350331,23.48716141415099
2012-10-10,41.830925,-71.350331,0.4015094295709908
2012-10-11,41.830925,-71.350331,0.0
2012-10-12,41.830925,-71.350331,0.0801624360985669
2012-10-13,41.830925,-71.350331,0.80315056234907
2012-10-14,41.830925,-71.350331,6.728046177027133
2012-10-15,41.830925,-71.350331,0.1400215611681096
2012-10-16,41.830925,-71.350331,3.54831927882984
2012-10-17,41.830925,-71.350331,0.0
2012-10-18,41.830925,-71.350331,0.0
2012-10-19,41.830925,-71.350331,3.4181571499633856
2012-10-20,41.830925,-71.350331,20.4809299206882
2012-10-21,41.830925,-71.350331,0.0
2012-10-22,41.830925,-71.350331,2.6141088952363195e-05
2012-10-23,41.830925,-71.350331,0.021193951942859755
2012-10-24,41.830925,-71.350331,2.867889992656385
2012-10-25,41.830925,-71.350331,0.0
2012-10-26,41.830925,-71.350331,0.0
2012-10-27,41.830925,-71.350331,0.0
2012-10-28,41.830925,-71.350331,0.0779489224608853
2012-10-29,41.830925,-71.350331,1.3404640445936333
2012-10-30,41.830925,-71.350331,10.020779440888749
2012-10-31,41.830925,-71.350331,0.8304733588884216
2012-11-01,41.830925,-71.350331,0.1439597731602137
2012-11-02,41.830925,-71.350331,0.18720389123982176
2012-11-03,41.830925,-71.350331,0.02779080194351295
2012-11-04,41.830925,-71.350331,0.002874704969429335
2012-11-05,41.830925,-71.350331,0.0
2012-11-06,41.830925,-71.350331,0.0
2012-11-07,41.830925,-71.350331,33.65876189719344
2012-11-08,41.830925,-71.350331,3.038579555518589
2012-11-09,41.830925,-71.350331,0.0
2012-11-10,41.830925,-71.350331,0.044560673917369405
2012-11-11,41.830925,-71.350331,3.171513892615582e-06
2012-11-12,41.830925,-71.350331,0.0
2012-11-13,41.830925,-71.350331,5.192337593194832
2012-11-14,41.830925,-71.350331,0.43179208026104177
2012-11-15,41.830925,-71.350331,0.0
2012-11-16,41.830925,-71.350331,2.104419339797349
2012-11-17,41.830925,-71.350331,0.0
2012-11-18,41.830925,-71.350331,0.0
2012-11-19,41.830925,-71.350331,0.0009505784647898618
2012-11-20,41.830925,-71.350331,0.0
2012-11-21,41.830925,-71.350331,0.010073617973683516
2012-11-22,41.830925,-71.350331,0.0
2012-11-23,41.830925,-71.350331,0.002851735394369587
2012-11-24,41.830925,-71.350331,0.0
2012-11-25,41.830925,-71.350331,0.18713605291473667
2012-11-26,41.830925,-71.350331,0.0
2012-11-27,41.830925,-71.350331,0.3534104139269808
2012-11-28,41.830925,-71.350331,1.2686055570462328e-05
2012-11-29,41.830925,-71.350331,0.0
2012-11-30,41.830925,-71.350331,0.010946637746471453
2012-12-01,41.830925,-71.350331,0.010467081056973415
2012-12-02,41.830925,-71.350331,0.17396758150672897
2012-12-03,41.830925,-71.350331,2.7896461081570307
2012-12-04,41.830925,-71.350331,0.048622220005918995
2012-12-05,41.830925,-71.350331,1.1806508381177103
2012-12-06,41.830925,-71.350331,0.0
2012-12-07,41.830925,-71.350331,5.672973382896074
2012-12-08,41.830925,-71.350331,15.03145434905516
2012-12-09,41.830925,-71.350331,0.6438633597611438
2012-12-10,41.830925,-71.350331,22.53898142365426
2012-12-11,41.830925,-71.350331,0.15651334053207663
2012-12-12,41.830925,-71.350331,3.875272872657953
2012-12-13,41.830925,-71.350331,0.7009344320094885
2012-12-14,41.830925,-71.350331,0.0
2012-12-15,41.830925,-71.350331,0.021419626261316282
2012-12-16,41.830925,-71.350331,3.5325676017203396
2012-12-17,41.830925,-71.350331,13.43279406783823
2012-12-18,41.830925,-71.350331,21.369338072656205
2012-12-19,41.830925,-71.350331,0.03732589742056921
2012-12-20,41.830925,-71.350331,0.0
2012-12-21,41.830925,-71.350331,23.981760876949753
2012-12-22,41.830925,-71.350331,2.69100667638026e-05
2012-12-23,41.830925,-71.350331,0.0
2012-12-24,41.830925,-71.350331,0.007604627718318894
2012-12-25,41.830925,-71.350331,5.232169989708641
2012-12-26,41.830925,-71.350331,2.3969732137345305
2012-12-27,41.830925,-71.350331,27.71216168611625
2012-12-28,41.830925,-71.350331,0.056459129768809964
2012-12-29,41.830925,-71.350331,12.305430772511222
2012-12-30,41.830925,-71.350331,6.878276315038213
2012-12-31,41.830925,-71.350331,1.3244515088819668
2013-01-01,41.830925,-71.350331,0.8319551665724058
2013-01-02,41.830925,-71.350331,0.015209255436637788
2013-01-03,41.830925,-71.350331,0.2018337765093654
2013-01-04,41.830925,-71.350331,0.14318320445703764
2013-01-05,41.830925,-71.350331,0.0
2013-01-06,41.830925,-71.350331,1.8833845794528927
2013-01-07,41.830925,-71.350331,0.1421132100280682
2013-01-08,41.830925,-71.350331,0.0
2013-01-09,41.830925,-71.350331,1.3634023839319258
2013-01-10,41.830925,-71.350331,0.0
2013-01-11,41.830925,-71.350331,1.3333195420215285
2013-01-12,41.830925,-71.350331,4.070733741469536
2013-01-13,41.830925,-71.350331,0.10496619780307882
2013-01-14,41.830925,-71.350331,2.418671618691191
2013-01-15,41.830925,-71.350331,7.870984563039587
2013-01-16,41.830925,-71.350331,25.37003347488018
2013-01-17,41.830925,-71.350331,0.3895591650710545
2013-01-18,41.830925,-71.350331,1.344235282474687
2013-01-19,41.830925,-71.350331,0.08755955136125233
2013-01-20,41.830925,-71.350331,0.0
2013-01-21,41.830925,-71.350331,0.161009308052117
2013-01-22,41.830925,-71.350331,5.232441445415763
2013-01-23,41.830925,-71.350331,0.0
2013-01-24,41.830925,-71.350331,0.054028853660837345
2013-01-25,41.830925,-71.350331,0.0
2013-01-26,41.830925,-71.350331,0.27645795263077877
2013-01-27,41.830925,-71.350331,0.0
2013-01-28,41.830925,-71.350331,2.5324622619736914
2013-01-29,41.830925,-71.350331,0.07819237133187686
2013-01-30,41.830925,-71.350331,3.8969429999472425
2013-01-31,41.830925,-71.350331,14.954796184938903
2013-02-01,41.830925,-71.350331,0.0
2013-02-02,41.830925,-71.350331,0.0
2013-02-03,41.830925,-71.350331,0.0
2013-02-04,41.830925,-71.350331,0.0
2013-02-05,41.830925,-71.350331,0.0
2013-02-06,41.830925,-71.350331,0.0
2013-02-07,41.830925,-71.350331,0.008065589752353825
2013-02-08,41.830925,-71.350331,64.39550358590587
2013-02-09,41.830925,-71.350331,66.12940428279322
2013-02-10,41.830925,-71.350331,0.0
2013-02-11,41.830925,-71.350331,6.3986676035957775
2013-02-12,41.830925,-71.350331,0.002858078422154818
2013-02-13,41.830925,-71.350331,0.0
2013-02-14,41.830925,-71.350331,7.5772551220630255
2013-02-15,41.830925,-71.350331,0.0
2013-02-16,41.830925,-71.350331,0.0329974329843558
2013-02-17,41.830925,-71.350331,0.6714640305983721
2013-02-18,41.830925,-71.350331,1.34550333819013e-05
2013-02-19,41.830925,-71.350331,0.414998015957358
2013-02-20,41.830925,-71.350331,3.909837082450797
2013-02-21,41.830925,-71.350331,0.012139614308543998
2013-02-22,41.830925,-71.350331,0.057034705762683234
2013-02-23,41.830925,-71.350331,0.45007887114063216
2013-02-24,41.830925,-71.350331,1.9373950652974783
2013-02-25,41.830925,-71.350331,1.1592602226358093
2013-02-26,41.830925,-71.350331,9.428084059858247e-05
2013-02-27,41.830925,-71.350331,6.902547263062927
2013-02-28,41.830925,-71.350331,0.0028644214499400494
2013-03-01,41.830925,-71.350331,0.003802313859159447
2013-03-02,41.830925,-71.350331,0.0
2013-03-03,41.830925,-71.350331,0.0
2013-03-04,41.830925,-71.350331,0.03629515313442561
2013-03-05,41.830925,-71.350331,0.0
2013-03-06,41.830925,-71.350331,0.014348921182640062
2013-03-07,41.830925,-71.350331,2.0898085550599066
2013-03-08,41.830925,-71.350331,6.66715930951911
2013-03-09,41.830925,-71.350331,0.1583327948632647
2013-03-10,41.830925,-71.350331,0.0
2013-03-11,41.830925,-71.350331,0.13682731770318846
2013-03-12,41.830925,-71.350331,29.842347138755237
2013-03-13,41.830925,-71.350331,0.012098384628530736
2013-03-14,41.830925,-71.350331,0.0
2013-03-15,41.830925,-71.350331,0.0
2013-03-16,41.830925,-71.350331,0.005703470788739174
2013-03-17,41.830925,-71.350331,0.0
2013-03-18,41.830925,-71.350331,1.0726454618896677
2013-03-19,41.830925,-71.350331,12.599822327846718
2013-03-20,41.830925,-71.350331,0.0
2013-03-21,41.830925,-71.350331,0.02590030934623691
2013-03-22,41.830925,-71.350331,0.0
2013-03-23,41.830925,-71.350331,0.0
2013-03-24,41.830925,-71.350331,0.0
2013-03-25,41.830925,-71.350331,0.007637111837562684
2013-03-26,41.830925,-71.350331,0.011406941577478348
2013-03-27,41.830925,-71.350331,0.0
2013-03-28,41.830925,-71.350331,0.20094609793788326
2013-03-29,41.830925,-71.350331,0.0
2013-03-30,41.830925,-71.350331,0.005703470788739174
2013-03-31,41.830925,-71.350331,0.130345676266011
2013-04-01,41.830925,-71.350331,1.5592617620528482
2013-04-02,41.830925,-71.350331,0.0
2013-04-03,41.830925,-71.350331,0.0
2013-04-04,41.830925,-71.350331,0.0
2013-04-05,41.830925,-71.350331,0.04097319251312023
2013-04-06,41.830925,-71.350331,0.0
2013-04-07,41.830925,-71.350331,0.0
2013-04-08,41.830925,-71.350331,3.171513892615582e-06
2013-04-09,41.830925,-71.350331,2.2410317158986537
2013-04-10,41.830925,-71.350331,4.4474091361623875
2013-04-11,41.830925,-71.350331,3.6244924305261312
2013-04-12,41.830925,-71.350331,11.06508704209278
2013-04-13,41.830925,-71.350331,0.6168120173772886
2013-04-14,41.830925,-71.350331,0.0
2013-04-15,41.830925,-71.350331,0.0009505784647898618
2013-04-16,41.830925,-71.350331,0.004752892146890271
2013-04-17,41.830925,-71.350331,1.4413262354485203
2013-04-18,41.830925,-71.350331,0.0
2013-04-19,41.830925,-71.350331,0.0645247180188306
2013-04-20,41.830925,-71.350331,16.99130972424274
2013-04-21,41.830925,-71.350331,0.0
2013-04-22,41.830925,-71.350331,0.05833971876233786
2013-04-23,41.830925,-71.350331,3.8732640480510416
2013-04-24,41.830925,-71.350331,3.891565221429442
2013-04-25,41.830925,-71.350331,1.1904522527212622
2013-04-26,41.830925,-71.350331,0.0
2013-04-27,41.830925,-71.350331,0.0
2013-04-28,41.830925,-71.350331,0.0
2013-04-29,41.830925,-71.350331,1.0728617786933559
2013-04-30,41.830925,-71.350331,0.004032794876176912
2013-05-01,41.830925,-71.350331,0.0
2013-05-02,41.830925,-71.350331,0.0
2013-05-03,41.830925,-71.350331,0.0
2013-05-04,41.830925,-71.350331,0.0
2013-05-05,41.830925,-71.350331,0.0
2013-05-06,41.830925,-71.350331,0.0
2013-05-07,41.830925,-71.350331,0.0
2013-05-08,41.830925,-71.350331,0.12013484432364202
2013-05-09,41.830925,-71.350331,3.8063761768777704
2013-05-10,41.830925,-71.350331,3.0923941124840097
2013-05-11,41.830925,-71.350331,12.854906916776521
2013-05-12,41.830925,-71.350331,6.568189974093336
2013-05-13,41.830925,-71.350331,0.0009537499786824773
2013-05-14,41.830925,-71.350331,0.020231248794121272
2013-05-15,41.830925,-71.350331,3.2676329340804
2013-05-16,41.830925,-71.350331,0.5226060808724212
2013-05-17,41.830925,-71.350331,0.0
2013-05-18,41.830925,-71.350331,0.0218950192967344
2013-05-19,41.830925,-71.350331,2.7985337519678106
2013-05-20,41.830925,-71.350331,0.6890796123131001
2013-05-21,41.830925,-71.350331,9.506850418469224
2013-05-22,41.830925,-71.350331,7.492284535529035
2013-05-23,41.830925,-71.350331,0.14213887995057709
2013-05-24,41.830925,-71.350331,23.23810421531097
2013-05-25,41.830925,-71.350331,1.2420664541713369
2013-05-26,41.830925,-71.350331,0.00400413937241894
2013-05-27,41.830925,-71.350331,0.0
2013-05-28,41.830925,-71.350331,0.03818591540825815
2013-05-29,41.830925,-71.350331,9.87352505923513
2013-05-30,41.830925,-71.350331,21.608924776676027
2013-05-31,41.830925,-71.350331,0.0
2013-06-01,41.830925,-71.350331,0.0
2013-06-02,41.830925,-71.350331,0.0
2013-06-03,41.830925,-71.350331,18.32089005277272
2013-06-04,41.830925,-71.350331,0.17744297755645055
2013-06-05,41.830925,-71.350331,0.04397929413774984
2013-06-06,41.830925,-71.350331,0.10193736367563766
2013-06-07,41.830925,-71.350331,59.77726996017828
2013-06-08,41.830925,-71.350331,17.8205212906852
2013-06-09,41.830925,-71.350331,0.0
2013-06-10,41.830925,-71.350331,18.57893378115935
2013-06-11,41.830925,-71.350331,42.90108257962484
2013-06-12,41.830925,-71.350331,0.0624312499388569
2013-06-13,41.830925,-71.350331,8.255166414493814
2013-06-14,41.830925,-71.350331,19.222881226823226
2013-06-15,41.830925,-71.350331,0.0
2013-06-16,41.830925,-71.350331,0.2889014931094464
2013-06-17,41.830925,-71.350331,0.7743217534891159
2013-06-18,41.830925,-71.350331,10.035611421781834
2013-06-19,41.830925,-71.350331,13.58925807970531
2013-06-20,41.830925,-71.350331,0.0
2013-06-21,41.830925,-71.350331,0.0
2013-06-22,41.830925,-71.350331,0.0
2013-06-23,41.830925,-71.350331,0.009505784293780541
2013-06-24,41.830925,-71.350331,0.0009600930064677085
2013-06-25,41.830925,-71.350331,1.924744516183063
2013-06-26,41.830925,-71.350331,3.1536103619886466
2013-06-27,41.830925,-71.350331,0.37090089387283065
2013-06-28,41.830925,-71.350331,5.444434601110868
2013-06-29,41.830925,-71.350331,2.298292428500634
2013-06-30,41.830925,-71.350331,3.771335769539042
2013-07-01,41.830925,-71.350331,2.3491359533669356
2013-07-02,41.830925,-71.350331,1.708816619277735
2013-07-03,41.830925,-71.350331,1.6652597698935816
2013-07-04,41.830925,-71.350331,0.0038181714280317845
2013-07-05,41.830925,-71.350331,0.0
2013-07-06,41.830925,-71.350331,0.04099856461953523
2013-07-07,41.830925,-71.350331,0.5178701919978458
2013-07-08,41.830925,-71.350331,1.7761962963238132
2013-07-09,41.830925,-71.350331,0.24582102715014298
2013-07-10,41.830925,-71.350331,0.43541227262289683
2013-07-11,41.830925,-71.350331,13.778048236211598
2013-07-12,41.830925,-71.350331,0.164367041080764
2013-07-13,41.830925,-71.350331,0.7814617939834809
2013-07-14,41.830925,-71.350331,0.011467200342028784
2013-07-15,41.830925,-71.350331,0.12617677628968643
2013-07-16,41.830925,-71.350331,0.0
2013-07-17,41.830925,-71.350331,0.0
2013-07-18,41.830925,-71.350331,0.008697924130626679
2013-07-19,41.830925,-71.350331,0.003802313859159447
2013-07-20,41.830925,-71.350331,3.8698487644037813
2013-07-21,41.830925,-71.350331,3.574678794013453
2013-07-22,41.830925,-71.350331,0.23088632277327165
2013-07-23,41.830925,-71.350331,13.157235342309725
2013-07-24,41.830925,-71.350331,2.2887331699730664
2013-07-25,41.830925,-71.350331,15.468054627153338
2013-07-26,41.830925,-71.350331,19.158627530273318
2013-07-27,41.830925,-71.350331,0.3682662594779489
2013-07-28,41.830925,-71.350331,0.5185288699856286
2013-07-29,41.830925,-71.350331,0.8285839698001577
2013-07-30,41.830925,-71.350331,0.0
2013-07-31,41.830925,-71.350331,0.0
2013-08-01,41.830925,-71.350331,3.2067355338895105
2013-08-02,41.830925,-71.350331,8.294749066682684
2013-08-03,41.830925,-71.350331,4.222674045807985
2013-08-04,41.830925,-71.350331,1.3768276867453615
2013-08-05,41.830925,-71.350331,0.0
2013-08-06,41.830925,-71.350331,0.0
2013-08-07,41.830925,-71.350331,0.0
2013-08-08,41.830925,-71.350331,1.020209852070887
2013-08-09,41.830925,-71.350331,26.45134074922393
2013-08-10,41.830925,-71.350331,0.04253982730860101
2013-08-11,41.830925,-71.350331,0.0
2013-08-12,41.830925,-71.350331,0.0
2013-08-13,41.830925,-71.350331,9.607619658700878
2013-08-14,41.830925,-71.350331,0.08328813484161274
2013-08-15,41.830925,-71.350331,0.0
2013-08-16,41.830925,-71.350331,0.0
2013-08-17,41.830925,-71.350331,0.5596041734667165
2013-08-18,41.830925,-71.350331,2.260943620629873
2013-08-19,41.830925,-71.350331,2.2721196803642663
2013-08-20,41.830925,-71.350331,0.6425107819541767
2013-08-21,41.830925,-71.350331,0.0
2013-08-22,41.830925,-71.350331,5.112714584208205
2013-08-23,41.830925,-71.350331,0.14781645995808482
2013-08-24,41.830925,-71.350331,0.0
2013-08-25,41.830925,-71.350331,0.0
2013-08-26,41.830925,-71.350331,1.8367059072801055
2013-08-27,41.830925,-71.350331,20.506733075077694
2013-08-28,41.830925,-71.350331,0.0
2013-08-29,41.830925,-71.350331,0.2757594877295527
2013-08-30,41.830925,-71.350331,0.0
2013-08-31,41.830925,-71.350331,0.6933330788696833
2013-09-01,41.830925,-71.350331,15.035548019817021
2013-09-02,41.830925,-71.350331,17.351542450809596
2013-09-03,41.830925,-71.350331,14.987169519454877
2013-09-04,41.830925,-71.350331,0.16842214935962357
2013-09-05,41.830925,-71.350331,0.29376181001123003
2013-09-06,41.830925,-71.350331,0.8102409166694051
2013-09-07,41.830925,-71.350331,0.0
2013-09-08,41.830925,-71.350331,0.8850430381603254
2013-09-09,41.830925,-71.350331,0.0
2013-09-10,41.830925,-71.350331,1.0911049882075767
2013-09-11,41.830925,-71.350331,0.0
2013-09-12,41.830925,-71.350331,0.0008207569936906356
2013-09-13,41.830925,-71.350331,10.835898378727908
2013-09-14,41.830925,-71.350331,0.0
2013-09-15,41.830925,-71.350331,0.5803454268538523
2013-09-16,41.830925,-71.350331,4.257475936202322
2013-09-17,41.830925,-71.350331,0.0
2013-09-18,41.830925,-71.350331,0.0
2013-09-19,41.830925,-71.350331,0.0
2013-09-20,41.830925,-71.350331,0.0
2013-09-21,41.830925,-71.350331,0.0
2013-09-22,41.830925,-71.350331,14.928797035415439
2013-09-23,41.830925,-71.350331,0.0
2013-09-24,41.830925,-71.350331,0.0
2013-09-25,41.830925,-71.350331,0.0
2013-09-26,41.830925,-71.350331,0.0
2013-09-27,41.830925,-71.350331,0.0
2013-09-28,41.830925,-71.350331,0.0
2013-09-29,41.830925,-71.350331,0.0
2013-09-30,41.830925,-71.350331,0.0
2013-10-01,41.830925,-71.350331,0.0
2013-10-02,41.830925,-71.350331,0.000134550328806618
2013-10-03,41.830925,-71.350331,0.0
2013-10-04,41.830925,-71.350331,3.1912308810891066
2013-10-05,41.830925,-71.350331,1.2869737698389319
2013-10-06,41.830925,-71.350331,2.5168008734732927
2013-10-07,41.830925,-71.350331,0.0
2013-10-08,41.830925,-71.350331,0.06541267655221505
2013-10-09,41.830925,-71.350331,0.0
2013-10-10,41.830925,-71.350331,0.5235912537466328
2013-10-11,41.830925,-71.350331,0.027623862550732563
2013-10-12,41.830925,-71.350331,0.17971323801378625
2013-10-13,41.830925,-71.350331,0.0
2013-10-14,41.830925,-71.350331,0.0
2013-10-15,41.830925,-71.350331,0.0
2013-10-16,41.830925,-71.350331,1.2552609199583111
2013-10-17,41.830925,-71.350331,0.9237144716190319
2013-10-18,41.830925,-71.350331,0.001928066996343526
2013-10-19,41.830925,-71.350331,0.17799261956742018
2013-10-20,41.830925,-71.350331,1.585757144454632
2013-10-21,41.830925,-71.350331,0.0
2013-10-22,41.830925,-71.350331,0.0
2013-10-23,41.830925,-71.350331,2.028969417837246
2013-10-24,41.830925,-71.350331,0.0
2013-10-25,41.830925,-71.350331,0.0
2013-10-26,41.830925,-71.350331,0.0
2013-10-27,41.830925,-71.350331,0.09028266668294954
2013-10-28,41.830925,-71.350331,0.001904328443472339
2013-10-29,41.830925,-71.350331,0.0
2013-10-30,41.830925,-71.350331,0.2038528490120375
2013-10-31,41.830925,-71.350331,0.716434010509213
2013-11-01,41.830925,-71.350331,12.926207922312123
2013-11-02,41.830925,-71.350331,0.013983111801988302
2013-11-03,41.830925,-71.350331,0.10797279705595299
2013-11-04,41.830925,-71.350331,0.0
2013-11-05,41.830925,-71.350331,0.0
2013-11-06,41.830925,-71.350331,0.14946029735332167
2013-11-07,41.830925,-71.350331,20.89333840354143
2013-11-08,41.830925,-71.350331,6.343027785231164e-06
2013-11-09,41.830925,-71.350331,0.10485713150446307
2013-11-10,41.830925,-71.350331,0.008065589752353825
2013-11-11,41.830925,-71.350331,0.0
2013-11-12,41.830925,-71.350331,6.0017534087113145
2013-11-13,41.830925,-71.350331,0.014752892277490933
2013-11-14,41.830925,-71.350331,0.8299740171352843
2013-11-15,41.830925,-71.350331,0.000282555718563296
2013-11-16,41.830925,-71.350331,0.28633794849673877
2013-11-17,41.830925,-71.350331,0.16923275279858074
2013-11-18,41.830925,-71.350331,9.207639084856195
2013-11-19,41.830925,-71.350331,0.0
2013-11-20,41.830925,-71.350331,0.0
2013-11-21,41.830925,-71.350331,0.0
2013-11-22,41.830925,-71.350331,4.373125642118277
2013-11-23,41.830925,-71.350331,2.351904226050287
2013-11-24,41.830925,-71.350331,0.016198454669110962
2013-11-25,41.830925,-71.350331,0.0
2013-11-26,41.830925,-71.350331,5.064034218644396
2013-11-27,41.830925,-71.350331,55.68573954518575
2013-11-28,41.830925,-71.350331,0.6013894781108217
2013-11-29,41.830925,-71.350331,0.01117229741496252
2013-11-30,41.830925,-71.350331,0.0
2013-12-01,41.830925,-71.350331,2.4778059806860977
2013-12-02,41.830925,-71.350331,0.0
2013-12-03,41.830925,-71.350331,0.0067332416752566085
2013-12-04,41.830925,-71.350331,0.0
2013-12-05,41.830925,-71.350331,0.21391399093800478
2013-12-06,41.830925,-71.350331,9.12998683114903
2013-12-07,41.830925,-71.350331,31.50646570981246
2013-12-08,41.830925,-71.350331,0.21861179714840304
2013-12-09,41.830925,-71.350331,0.15281051728759465
2013-12-10,41.830925,-71.350331,3.230881508535403
2013-12-11,41.830925,-71.350331,0.19764687523352908
2013-12-12,41.830925,-71.350331,0.0
2013-12-13,41.830925,-71.350331,1.9029083355693276e-05
2013-12-14,41.830925,-71.350331,0.9060955063706131
2013-12-15,41.830925,-71.350331,9.636128452079651
2013-12-16,41.830925,-71.350331,0.003808656886944678
2013-12-17,41.830925,-71.350331,6.488337235821576
2013-12-18,41.830925,-71.350331,0.05696811496752349
2013-12-19,41.830925,-71.350331,2.4648223203126847
2013-12-20,41.830925,-71.350331,1.1716152046863137
2013-12-21,41.830925,-71.350331,0.26258804117669765
2013-12-22,41.830925,-71.350331,5.28254500852695
2013-12-23,41.830925,-71.350331,28.797347051747945
2013-12-24,41.830925,-71.350331,1.5821275917040714
2013-12-25,41.830925,-71.350331,0.106123630876689
2013-12-26,41.830925,-71.350331,5.228217790472639e-05
2013-12-27,41.830925,-71.350331,0.0
2013-12-28,41.830925,-71.350331,0.018086360286262704
2013-12-29,41.830925,-71.350331,25.018408221346633
2013-12-30,41.830925,-71.350331,1.0736909947429347
2013-12-31,41.830925,-71.350331,0.0
2014-01-01,41.830925,-71.350331,0.0
2014-01-02,41.830925,-71.350331,0.18449747941002043
2014-01-03,41.830925,-71.350331,5.780865713956052
2014-01-04,41.830925,-71.350331,0.09710999782941152
2014-01-05,41.830925,-71.350331,0.013674747484770766
2014-01-06,41.830925,-71.350331,8.354938251602377
2014-01-07,41.830925,-71.350331,0.13539752814527434
2014-01-08,41.830925,-71.350331,0.0
2014-01-09,41.830925,-71.350331,0.0
2014-01-10,41.830925,-71.350331,0.31915921209218323
2014-01-11,41.830925,-71.350331,13.727947384220258
2014-01-12,41.830925,-71.350331,17.245978529391188
2014-01-13,41.830925,-71.350331,0.02551532127852235
2014-01-14,41.830925,-71.350331,54.99216429103866
2014-01-15,41.830925,-71.350331,2.9166373004531123
2014-01-16,41.830925,-71.350331,5.4974027952877185
2014-01-17,41.830925,-71.350331,0.0
2014-01-18,41.830925,-71.350331,1.6103956701607405
2014-01-19,41.830925,-71.350331,0.07259030626885123
2014-01-20,41.830925,-71.350331,0.25991559218365773
2014-01-21,41.830925,-71.350331,0.992609532218577
2014-01-22,41.830925,-71.350331,0.0
2014-01-23,41.830925,-71.350331,0.0
2014-01-24,41.830925,-71.350331,0.0
2014-01-25,41.830925,-71.350331,2.195475533188417
2014-01-26,41.830925,-71.350331,0.05330789106159602
2014-01-27,41.830925,-71.350331,0.9622802070990872
2014-01-28,41.830925,-71.350331,0.07240488503581034
2014-01-29,41.830925,-71.350331,0.019040112212003885
2014-01-30,41.830925,-71.350331,0.0
2014-01-31,41.830925,-71.350331,1.0411448795174663
2014-02-01,41.830925,-71.350331,0.0
2014-02-02,41.830925,-71.350331,0.20804114388110928
2014-02-03,41.830925,-71.350331,6.675387322874929
2014-02-04,41.830925,-71.350331,0.05152343765441911
2014-02-05,41.830925,-71.350331,28.435651941724743
2014-02-06,41.830925,-71.350331,0.0
2014-02-07,41.830925,-71.350331,1.662654727451699e-05
2014-02-08,41.830925,-71.350331,0.012179114828822142
2014-02-09,41.830925,-71.350331,0.0
2014-02-10,41.830925,-71.350331,0.33943310560007256
2014-02-11,41.830925,-71.350331,0.0
2014-02-12,41.830925,-71.350331,0.0
2014-02-13,41.830925,-71.350331,25.34372870534208
2014-02-14,41.830925,-71.350331,13.893540934495688
2014-02-15,41.830925,-71.350331,6.390183001308761
2014-02-16,41.830925,-71.350331,2.0495735756378566
2014-02-17,41.830925,-71.350331,0.0
2014-02-18,41.830925,-71.350331,0.5384326650551214
2014-02-19,41.830925,-71.350331,8.341269470136679
2014-02-20,41.830925,-71.350331,1.4072178639612605
2014-02-21,41.830925,-71.350331,11.049654167637764
2014-02-22,41.830925,-71.350331,0.26156710307991976
2014-02-23,41.830925,-71.350331,0.0019818871298711294
2014-02-24,41.830925,-71.350331,0.5454443324233932
2014-02-25,41.830925,-71.350331,0.0
2014-02-26,41.830925,-71.350331,0.026107440728319047
2014-02-27,41.830925,-71.350331,0.0
2014-02-28,41.830925,-71.350331,0.0
2014-03-01,41.830925,-71.350331,0.0
2014-03-02,41.830925,-71.350331,0.2771812652522818
2014-03-03,41.830925,-71.350331,0.8077008574298341
2014-03-04,41.830925,-71.350331,0.06886707046905846
2014-03-05,41.830925,-71.350331,0.11159608236766433
2014-03-06,41.830925,-71.350331,0.0
2014-03-07,41.830925,-71.350331,0.0
2014-03-08,41.830925,-71.350331,0.05663808128856876
2014-03-09,41.830925,-71.350331,0.2774268618594548
2014-03-10,41.830925,-71.350331,1.7357379779638642
2014-03-11,41.830925,-71.350331,0.013613401141874426
2014-03-12,41.830925,-71.350331,4.742025192642442
2014-03-13,41.830925,-71.350331,4.398518645102628
2014-03-14,41.830925,-71.350331,0.0
2014-03-15,41.830925,-71.350331,0.48466074834939116
2014-03-16,41.830925,-71.350331,0.0
2014-03-17,41.830925,-71.350331,2.437169293318924
2014-03-18,41.830925,-71.350331,0.0
2014-03-19,41.830925,-71.350331,0.0
2014-03-20,41.830925,-71.350331,5.405832919926757
2014-03-21,41.830925,-71.350331,0.0
2014-03-22,41.830925,-71.350331,0.15845419549941994
2014-03-23,41.830925,-71.350331,0.07511789736858869
2014-03-24,41.830925,-71.350331,0.022813883154956697
2014-03-25,41.830925,-71.350331,0.3182519992161076
2014-03-26,41.830925,-71.350331,3.0656865951104737
2014-03-27,41.830925,-71.350331,0.0
2014-03-28,41.830925,-71.350331,1.6088727117627752
2014-03-29,41.830925,-71.350331,30.955811668320525
2014-03-30,41.830925,-71.350331,92.14505814216487
2014-03-31,41.830925,-71.350331,2.213518221206543
2014-04-01,41.830925,-71.350331,0.0
2014-04-02,41.830925,-71.350331,0.0009537499786824773
2014-04-03,41.830925,-71.350331,0.0
2014-04-04,41.830925,-71.350331,0.2694230906363852
2014-04-05,41.830925,-71.350331,3.6528060529086037
2014-04-06,41.830925,-71.350331,0.0
2014-04-07,41.830925,-71.350331,0.5392017038713379
2014-04-08,41.830925,-71.350331,14.52971717901308
2014-04-09,41.830925,-71.350331,0.0
2014-04-10,41.830925,-71.350331,0.0
2014-04-11,41.830925,-71.350331,0.38486203641002126
2014-04-12,41.830925,-71.350331,0.3252849199400061
2014-04-13,41.830925,-71.350331,0.28918846235529727
2014-04-14,41.830925,-71.350331,1.7488529524469585
2014-04-15,41.830925,-71.350331,18.42214663129681
2014-04-16,41.830925,-71.350331,29.517430208307367
2014-04-17,41.830925,-71.350331,0.0
2014-04-18,41.830925,-71.350331,0.0
2014-04-19,41.830925,-71.350331,0.003317623933243752
2014-04-20,41.830925,-71.350331,0.0
2014-04-21,41.830925,-71.350331,0.0
2014-04-22,41.830925,-71.350331,7.044668080212133e-05
2014-04-23,41.830925,-71.350331,6.766666260103083
2014-04-24,41.830925,-71.350331,0.0
2014-04-25,41.830925,-71.350331,0.0
2014-04-26,41.830925,-71.350331,11.340777948810956
2014-04-27,41.830925,-71.350331,1.1786573688027353
2014-04-28,41.830925,-71.350331,0.0
2014-04-29,41.830925,-71.350331,0.03564056910171656
2014-04-30,41.830925,-71.350331,36.34231460357862
2014-05-01,41.830925,-71.350331,32.5866092687231
2014-05-02,41.830925,-71.350331,6.343027548934982e-05
2014-05-03,41.830925,-71.350331,0.0
2014-05-04,41.830925,-71.350331,0.21304433046428017
2014-05-05,41.830925,-71.350331,2.2200597839049964e-05
2014-05-06,41.830925,-71.350331,0.0
2014-05-07,41.830925,-71.350331,0.08300479407217667
2014-05-08,41.830925,-71.350331,2.5372111140924657e-05
2014-05-09,41.830925,-71.350331,0.27391067549111203
2014-05-10,41.830925,-71.350331,1.6946625826608968
2014-05-11,41.830925,-71.350331,7.508154492603469
2014-05-12,41.830925,-71.350331,0.0
2014-05-13,41.830925,-71.350331,0.14866175307880944
2014-05-14,41.830925,-71.350331,0.00010465995550261453
2014-05-15,41.830925,-71.350331,0.0
2014-05-16,41.830925,-71.350331,0.03565128283292067
2014-05-17,41.830925,-71.350331,15.61199015886663
2014-05-18,41.830925,-71.350331,0.04032794725943593
2014-05-19,41.830925,-71.350331,0.05639010689887552
2014-05-20,41.830925,-71.350331,0.7479925587336833
2014-05-21,41.830925,-71.350331,0.0
2014-05-22,41.830925,-71.350331,7.786625151254304
2014-05-23,41.830925,-71.350331,0.0
2014-05-24,41.830925,-71.350331,0.15869835063027873
2014-05-25,41.830925,-71.350331,0.8406010993954325
2014-05-26,41.830925,-71.350331,2.0787905428503093
2014-05-27,41.830925,-71.350331,0.8312377269157314
2014-05-28,41.830925,-71.350331,0.9076319523375641
2014-05-29,41.830925,-71.350331,0.0
2014-05-30,41.830925,-71.350331,0.0715452063233915
2014-05-31,41.830925,-71.350331,4.1544617374135075
2014-06-01,41.830925,-71.350331,0.0
2014-06-02,41.830925,-71.350331,0.0
2014-06-03,41.830925,-71.350331,0.0
2014-06-04,41.830925,-71.350331,2.2292636748087284
2014-06-05,41.830925,-71.350331,9.308428176016452
2014-06-06,41.830925,-71.350331,0.0
2014-06-07,41.830925,-71.350331,0.0
2014-06-08,41.830925,-71.350331,0.0012372811605622092
2014-06-09,41.830925,-71.350331,2.2835612138335133
2014-06-10,41.830925,-71.350331,4.3994479033475695
2014-06-11,41.830925,-71.350331,0.26365280401123753
2014-06-12,41.830925,-71.350331,1.5694083743266336
2014-06-13,41.830925,-71.350331,9.264956043511637
2014-06-14,41.830925,-71.350331,0.14972748789961274
2014-06-15,41.830925,-71.350331,0.0
2014-06-16,41.830925,-71.350331,0.04392669091950831
2014-06-17,41.830925,-71.350331,0.04222910569134885
2014-06-18,41.830925,-71.350331,0.05278980975178895
2014-06-19,41.830925,-71.350331,8.823215526911538
2014-06-20,41.830925,-71.350331,0.0
2014-06-21,41.830925,-71.350331,0.0
2014-06-22,41.830925,-71.350331,0.0
2014-06-23,41.830925,-71.350331,0.0
2014-06-24,41.830925,-71.350331,0.0
2014-06-25,41.830925,-71.350331,0.10573621930248286
2014-06-26,41.830925,-71.350331,6.218434024691444
2014-06-27,41.830925,-71.350331,0.0
2014-06-28,41.830925,-71.350331,0.0
2014-06-29,41.830925,-71.350331,0.0
2014-06-30,41.830925,-71.350331,0.030491455691033516
2014-07-01,41.830925,-71.350331,0.05142003701118218
2014-07-02,41.830925,-71.350331,0.0
2014-07-03,41.830925,-71.350331,0.033729351127343085
2014-07-04,41.830925,-71.350331,66.75581885716764
2014-07-05,41.830925,-71.350331,13.433175895797042
2014-07-06,41.830925,-71.350331,0.0
2014-07-07,41.830925,-71.350331,0.06473999855294102
2014-07-08,41.830925,-71.350331,0.46322479771429514
2014-07-09,41.830925,-71.350331,0.0009569214925750929
2014-07-10,41.830925,-71.350331,1.3115020044976644
2014-07-11,41.830925,-71.350331,5.19891913874058
2014-07-12,41.830925,-71.350331,0.0
2014-07-13,41.830925,-71.350331,0.010456363289747523
2014-07-14,41.830925,-71.350331,3.9662678912716025
2014-07-15,41.830925,-71.350331,5.440702171548246
2014-07-16,41.830925,-71.350331,17.928382789084484
2014-07-17,41.830925,-71.350331,3.374755075530607
2014-07-18,41.830925,-71.350331,0.0
2014-07-19,41.830925,-71.350331,1.11575180959216
2014-07-20,41.830925,-71.350331,1.6491220650037741
2014-07-21,41.830925,-71.350331,0.20955884477195857
2014-07-22,41.830925,-71.350331,0.0
2014-07-23,41.830925,-71.350331,0.017145298665508957
2014-07-24,41.830925,-71.350331,2.8706755883014017
2014-07-25,41.830925,-71.350331,0.0
2014-07-26,41.830925,-71.350331,0.5559704259667241
2014-07-27,41.830925,-71.350331,0.6384406794413613
2014-07-28,41.830925,-71.350331,5.297327141202345
2014-07-29,41.830925,-71.350331,0.0
2014-07-30,41.830925,-71.350331,0.0
2014-07-31,41.830925,-71.350331,0.0
2014-08-01,41.830925,-71.350331,0.7784208262961184
2014-08-02,41.830925,-71.350331,39.991165232649664
2014-08-03,41.830925,-71.350331,3.495263272481206
2014-08-04,41.830925,-71.350331,0.03422082402419889
2014-08-05,41.830925,-71.350331,0.0
2014-08-06,41.830925,-71.350331,1.693775080088805
2014-08-07,41.830925,-71.350331,7.305339344069344
2014-08-08,41.830925,-71.350331,0.0
2014-08-09,41.830925,-71.350331,0.0
2014-08-10,41.830925,-71.350331,0.0
2014-08-11,41.830925,-71.350331,0.0
2014-08-12,41.830925,-71.350331,0.027245607161161645
2014-08-13,41.830925,-71.350331,24.311517968635687
2014-08-14,41.830925,-71.350331,0.0
2014-08-15,41.830925,-71.350331,0.0
2014-08-16,41.830925,-71.350331,0.0005281090342021955
2014-08-17,41.830925,-71.350331,1.601407532156676
2014-08-18,41.830925,-71.350331,0.0
2014-08-19,41.830925,-71.350331,0.0
2014-08-20,41.830925,-71.350331,0.0
2014-08-21,41.830925,-71.350331,0.025744905159000603
2014-08-22,41.830925,-71.350331,4.884846547720238
2014-08-23,41.830925,-71.350331,0.5056170327330792
2014-08-24,41.830925,-71.350331,0.0
2014-08-25,41.830925,-71.350331,0.0
2014-08-26,41.830925,-71.350331,0.0
2014-08-27,41.830925,-71.350331,0.0
2014-08-28,41.830925,-71.350331,0.009752122128503744
2014-08-29,41.830925,-71.350331,0.0
2014-08-30,41.830925,-71.350331,0.0
2014-08-31,41.830925,-71.350331,2.1395052477361767
2014-09-01,41.830925,-71.350331,5.2404952748676035
2014-09-02,41.830925,-71.350331,0.003802313859159447
2014-09-03,41.830925,-71.350331,0.002851735394369587
2014-09-04,41.830925,-71.350331,0.0
2014-09-05,41.830925,-71.350331,0.0
2014-09-06,41.830925,-71.350331,0.001617851719729252
2014-09-07,41.830925,-71.350331,3.343472731051791
2014-09-08,41.830925,-71.350331,0.016209490879432117
2014-09-09,41.830925,-71.350331,0.6512929761824463
2014-09-10,41.830925,-71.350331,0.0
2014-09-11,41.830925,-71.350331,0.0029404421813067037
2014-09-12,41.830925,-71.350331,0.0
2014-09-13,41.830925,-71.350331,4.637242746832717
2014-09-14,41.830925,-71.350331,0.46898004563938367
2014-09-15,41.830925,-71.350331,0.0
2014-09-16,41.830925,-71.350331,0.0009569214925750929
2014-09-17,41.830925,-71.350331,0.0
2014-09-18,41.830925,-71.350331,0.0
2014-09-19,41.830925,-71.350331,4.5939150119496744e-05
2014-09-20,41.830925,-71.350331,0.0
2014-09-21,41.830925,-71.350331,1.5316477918565259
2014-09-22,41.830925,-71.350331,0.4037133146044517
2014-09-23,41.830925,-71.350331,3.959612233426363e-05
2014-09-24,41.830925,-71.350331,0.0
2014-09-25,41.830925,-71.350331,4.805611702008117
2014-09-26,41.830925,-71.350331,0.8271043365572593
2014-09-27,41.830925,-71.350331,0.0
2014-09-28,41.830925,-71.350331,0.0
2014-09-29,41.830925,-71.350331,0.905590079166398
2014-09-30,41.830925,-71.350331,8.103815843083607
2014-10-01,41.830925,-71.350331,22.74928911710998
2014-10-02,41.830925,-71.350331,1.969145943176156
2014-10-03,41.830925,-71.350331,6.343027548934982e-05
2014-10-04,41.830925,-71.350331,1.7801037726698006
2014-10-05,41.830925,-71.350331,0.0
2014-10-06,41.830925,-71.350331,0.0
2014-10-07,41.830925,-71.350331,0.2310274032278717
2014-10-08,41.830925,-71.350331,2.5108476895533025
2014-10-09,41.830925,-71.350331,0.0
2014-10-10,41.830925,-71.350331,0.005722499516795307
2014-10-11,41.830925,-71.350331,22.554101429046966
2014-10-12,41.830925,-71.350331,0.0
2014-10-13,41.830925,-71.350331,0.0
2014-10-14,41.830925,-71.350331,0.0
2014-10-15,41.830925,-71.350331,0.0
2014-10-16,41.830925,-71.350331,28.358442401024885
2014-10-17,41.830925,-71.350331,4.717591989286815
2014-10-18,41.830925,-71.350331,0.2580988720753224
2014-10-19,41.830925,-71.350331,0.0
2014-10-20,41.830925,-71.350331,0.0
2014-10-21,41.830925,-71.350331,0.12202081709800972
2014-10-22,41.830925,-71.350331,17.883699298001613
2014-10-23,41.830925,-71.350331,21.830521801247823
2014-10-24,41.830925,-71.350331,0.0019106714712575704
2014-10-25,41.830925,-71.350331,0.012618081711716448
2014-10-26,41.830925,-71.350331,2.8543624442798482e-05
2014-10-27,41.830925,-71.350331,0.0
2014-10-28,41.830925,-71.350331,0.00811940988588143
2014-10-29,41.830925,-71.350331,0.9733435582658099
2014-10-30,41.830925,-71.350331,0.6946073308700336
2014-10-31,41.830925,-71.350331,0.14726872298243654
2014-11-01,41.830925,-71.350331,8.721491558691907
2014-11-02,41.830925,-71.350331,9.435408361118029
2014-11-03,41.830925,-71.350331,0.0
2014-11-04,41.830925,-71.350331,0.3225645298286488
2014-11-05,41.830925,-71.350331,4.4327916792413555
2014-11-06,41.830925,-71.350331,11.247430306983324
2014-11-07,41.830925,-71.350331,5.678614136603343
2014-11-08,41.830925,-71.350331,0.0
2014-11-09,41.830925,-71.350331,0.00016146040058281214
2014-11-10,41.830925,-71.350331,0.0
2014-11-11,41.830925,-71.350331,0.0
2014-11-12,41.830925,-71.350331,0.0
2014-11-13,41.830925,-71.350331,0.164708277494831
2014-11-14,41.830925,-71.350331,3.7948248596641276
2014-11-15,41.830925,-71.350331,0.0
2014-11-16,41.830925,-71.350331,0.004049421423451429
2014-11-17,41.830925,-71.350331,39.74539377503733
2014-11-18,41.830925,-71.350331,1.515044909085705
2014-11-19,41.830925,-71.350331,0.0
2014-11-20,41.830925,-71.350331,0.02947110480767355
2014-11-21,41.830925,-71.350331,0.008785686271900583
2014-11-22,41.830925,-71.350331,0.0
2014-11-23,41.830925,-71.350331,0.055056991338781475
2014-11-24,41.830925,-71.350331,12.529815229496577
2014-11-25,41.830925,-71.350331,2.7727279963803015
2014-11-26,41.830925,-71.350331,53.97176364494349
2014-11-27,41.830925,-71.350331,4.077160373377571
2014-11-28,41.830925,-71.350331,0.0
2014-11-29,41.830925,-71.350331,0.0
2014-11-30,41.830925,-71.350331,0.004798062315510651
2014-12-01,41.830925,-71.350331,0.20246189576381032
2014-12-02,41.830925,-71.350331,2.56821884030274
2014-12-03,41.830925,-71.350331,3.9468639707548188
2014-12-04,41.830925,-71.350331,0.0
2014-12-05,41.830925,-71.350331,0.07612600978928427
2014-12-06,41.830925,-71.350331,17.315317949255906
2014-12-07,41.830925,-71.350331,20.404356784245973
2014-12-08,41.830925,-71.350331,0.0
2014-12-09,41.830925,-71.350331,75.20321592764421
2014-12-10,41.830925,-71.350331,2.9109646902051796
2014-12-11,41.830925,-71.350331,0.03279791441323069
2014-12-12,41.830925,-71.350331,0.0
2014-12-13,41.830925,-71.350331,0.0
2014-12-14,41.830925,-71.350331,0.0
2014-12-15,41.830925,-71.350331,0.0
2014-12-16,41.830925,-71.350331,0.016125493560972252
2014-12-17,41.830925,-71.350331,13.444307413557102
2014-12-18,41.830925,-71.350331,0.0
2014-12-19,41.830925,-71.350331,0.0
2014-12-20,41.830925,-71.350331,0.0
2014-12-21,41.830925,-71.350331,0.00010783146644152697
2014-12-22,41.830925,-71.350331,0.0
2014-12-23,41.830925,-71.350331,2.131713436076815
2014-12-24,41.830925,-71.350331,17.28916585808937
2014-12-25,41.830925,-71.350331,27.883254961411783
2014-12-26,41.830925,-71.350331,0.0
2014-12-27,41.830925,-71.350331,0.0
2014-12-28,41.830925,-71.350331,4.3359746489030035
2014-12-29,41.830925,-71.350331,1.4872143949686554
2014-12-30,41.830925,-71.350331,0.0
2014-12-31,41.830925,-71.350331,0.0
2015-01-01,41.830925,-71.350331,0.0
2015-01-02,41.830925,-71.350331,0.0
2015-01-03,41.830925,-71.350331,2.417437822856091
2015-01-04,41.830925,-71.350331,31.890238513151598
2015-01-05,41.830925,-71.350331,6.808179058807624
2015-01-06,41.830925,-71.350331,1.6873259628065795
2015-01-07,41.830925,-71.350331,0.0
2015-01-08,41.830925,-71.350331,0.0
2015-01-09,41.830925,-71.350331,0.05433804436106386
2015-01-10,41.830925,-71.350331,0.0
2015-01-11,41.830925,-71.350331,0.0
2015-01-12,41.830925,-71.350331,13.948988256331265
2015-01-13,41.830925,-71.350331,4.535261659202021
2015-01-14,41.830925,-71.350331,0.9514605687755648
2015-01-15,41.830925,-71.350331,0.0
2015-01-16,41.830925,-71.350331,0.05911664288121318
2015-01-17,41.830925,-71.350331,0.0
2015-01-18,41.830925,-71.350331,0.7480807290212754
2015-01-19,41.830925,-71.350331,15.372187205238735
2015-01-20,41.830925,-71.350331,2.5372111140924657e-05
2015-01-21,41.830925,-71.350331,0.0
2015-01-22,41.830925,-71.350331,0.0
2015-01-23,41.830925,-71.350331,0.0
2015-01-24,41.830925,-71.350331,20.57936992336888
2015-01-25,41.830925,-71.350331,0.12512428518437246
2015-01-26,41.830925,-71.350331,2.657076939189092
2015-01-27,41.830925,-71.350331,22.63962409455072
2015-01-28,41.830925,-71.350331,0.23426711812150222
2015-01-29,41.830925,-71.350331,0.0
2015-01-30,41.830925,-71.350331,3.9986391885073016
2015-01-31,41.830925,-71.350331,0.049004248563416564
2015-02-01,41.830925,-71.350331,0.0
2015-02-02,41.830925,-71.350331,13.753772477650614
2015-02-03,41.830925,-71.350331,0.0
2015-02-04,41.830925,-71.350331,0.0
2015-02-05,41.830925,-71.350331,0.01225984502911355
2015-02-06,41.830925,-71.350331,0.0
2015-02-07,41.830925,-71.350331,0.0702603969085607
2015-02-08,41.830925,-71.350331,4.634801123963248
2015-02-09,41.830925,-71.350331,4.719328608399374
2015-02-10,41.830925,-71.350331,0.22365139655509908
2015-02-11,41.830925,-71.350331,0.12976953105487474
2015-02-12,41.830925,-71.350331,0.0
2015-02-13,41.830925,-71.350331,0.0
2015-02-14,41.830925,-71.350331,1.465869217921622
2015-02-15,41.830925,-71.350331,0.0028549069082622024
2015-02-16,41.830925,-71.350331,0.0
2015-02-17,41.830925,-71.350331,0.25166790939088646
2015-02-18,41.830925,-71.350331,0.0
2015-02-19,41.830925,-71.350331,0.0
2015-02-20,41.830925,-71.350331,0.0
2015-02-21,41.830925,-71.350331,5.830976997965644
2015-02-22,41.830925,-71.350331,23.800537104826468
2015-02-23,41.830925,-71.350331,0.34315880082381545
2015-02-24,41.830925,-71.350331,0.0
2015-02-25,41.830925,-71.350331,0.11726464422689362
2015-02-26,41.830925,-71.350331,0.07273786086661474
2015-02-27,41.830925,-71.350331,0.0
2015-02-28,41.830925,-71.350331,0.0
2015-03-01,41.830925,-71.350331,2.8650294979857387
2015-03-02,41.830925,-71.350331,2.755372887819912
2015-03-03,41.830925,-71.350331,0.831127185335905
2015-03-04,41.830925,-71.350331,15.016884237356917
2015-03-05,41.830925,-71.350331,22.537278769213042
2015-03-06,41.830925,-71.350331,0.39501660413661427
2015-03-07,41.830925,-71.350331,0.00418080024588402
2015-03-08,41.830925,-71.350331,0.0
2015-03-09,41.830925,-71.350331,0.0
2015-03-10,41.830925,-71.350331,1.5640860300612045
2015-03-11,41.830925,-71.350331,6.829306126649243
2015-03-12,41.830925,-71.350331,0.0
2015-03-13,41.830925,-71.350331,0.0
2015-03-14,41.830925,-71.350331,22.73233203273155
2015-03-15,41.830925,-71.350331,2.3383689131737158
2015-03-16,41.830925,-71.350331,0.022881816699447076
2015-03-17,41.830925,-71.350331,4.236324884114656
2015-03-18,41.830925,-71.350331,0.01215220476205834
2015-03-19,41.830925,-71.350331,0.0019011569295797235
2015-03-20,41.830925,-71.350331,1.8083209877638087
2015-03-21,41.830925,-71.350331,0.5956785123178301
2015-03-22,41.830925,-71.350331,0.008065589752353825
2015-03-23,41.830925,-71.350331,0.003802313859159447
2015-03-24,41.830925,-71.350331,0.0
2015-03-25,41.830925,-71.350331,0.1617163374728881
2015-03-26,41.830925,-71.350331,5.851575755543832
2015-03-27,41.830925,-71.350331,6.793844702264929
2015-03-28,41.830925,-71.350331,0.45655325934223245
2015-03-29,41.830925,-71.350331,1.5857568872337455e-05
2015-03-30,41.830925,-71.350331,0.730004334459936
2015-03-31,41.830925,-71.350331,0.07090955809765669
2015-04-01,41.830925,-71.350331,5.7087248885596964e-05
2015-04-02,41.830925,-71.350331,0.0969081723261768
2015-04-03,41.830925,-71.350331,14.22052668716459
2015-04-04,41.830925,-71.350331,3.533680340491829
2015-04-05,41.830925,-71.350331,0.11237481810044166
2015-04-06,41.830925,-71.350331,2.5661482874616204
2015-04-07,41.830925,-71.350331,7.447697332250616
2015-04-08,41.830925,-71.350331,0.5419093698617037
2015-04-09,41.830925,-71.350331,6.344284098709209
2015-04-10,41.830925,-71.350331,7.492288841920801
2015-04-11,41.830925,-71.350331,0.14449572254942966
2015-04-12,41.830925,-71.350331,0.0
2015-04-13,41.830925,-71.350331,0.0
2015-04-14,41.830925,-71.350331,1.2571189677632721
2015-04-15,41.830925,-71.350331,0.09210687804597091
2015-04-16,41.830925,-71.350331,0.0
2015-04-17,41.830925,-71.350331,8.16617013614036
2015-04-18,41.830925,-71.350331,0.0
2015-04-19,41.830925,-71.350331,0.0
2015-04-20,41.830925,-71.350331,9.102080311175493
2015-04-21,41.830925,-71.350331,1.9717565234563073
2015-04-22,41.830925,-71.350331,0.022782413435175064
2015-04-23,41.830925,-71.350331,3.400807463546623
2015-04-24,41.830925,-71.350331,0.0
2015-04-25,41.830925,-71.350331,0.0
2015-04-26,41.830925,-71.350331,0.0
2015-04-27,41.830925,-71.350331,0.1095311504491829
2015-04-28,41.830925,-71.350331,0.0
2015-04-29,41.830925,-71.350331,0.1936547010732974
2015-04-30,41.830925,-71.350331,0.2965630539449136
2015-05-01,41.830925,-71.350331,0.02289634251498322
2015-05-02,41.830925,-71.350331,0.0
2015-05-03,41.830925,-71.350331,0.02289634251498322
2015-05-04,41.830925,-71.350331,0.0
2015-05-05,41.830925,-71.350331,0.19727876957718737
2015-05-06,41.830925,-71.350331,0.8285826099151059
2015-05-07,41.830925,-71.350331,0.0
2015-05-08,41.830925,-71.350331,0.0
2015-05-09,41.830925,-71.350331,0.0
2015-05-10,41.830925,-71.350331,0.0
2015-05-11,41.830925,-71.350331,0.0
2015-05-12,41.830925,-71.350331,0.005804959233302872
2015-05-13,41.830925,-71.350331,0.0
2015-05-14,41.830925,-71.350331,0.0
2015-05-15,41.830925,-71.350331,0.00034761953905743104
2015-05-16,41.830925,-71.350331,0.0
2015-05-17,41.830925,-71.350331,1.6055873714602462
2015-05-18,41.830925,-71.350331,0.0
2015-05-19,41.830925,-71.350331,7.901622255730836
2015-05-20,41.830925,-71.350331,7.258660931847541
2015-05-21,41.830925,-71.350331,0.2101787758232702
2015-05-22,41.830925,-71.350331,0.8976010750052626
2015-05-23,41.830925,-71.350331,0.0
2015-05-24,41.830925,-71.350331,0.0
2015-05-25,41.830925,-71.350331,0.012729838122108844
2015-05-26,41.830925,-71.350331,2.2317779571340983
2015-05-27,41.830925,-71.350331,0.6454361977733921
2015-05-28,41.830925,-71.350331,0.014258676440670809
2015-05-29,41.830925,-71.350331,0.0
2015-05-30,41.830925,-71.350331,0.0
2015-05-31,41.830925,-71.350331,28.536272923691797
2015-06-01,41.830925,-71.350331,6.820794714508791
2015-06-02,41.830925,-71.350331,10.775471991948498
2015-06-03,41.830925,-71.350331,0.054281289957824046
2015-06-04,41.830925,-71.350331,0.0
2015-06-05,41.830925,-71.350331,1.8321464036613067
2015-06-06,41.830925,-71.350331,0.73452551499813
2015-06-07,41.830925,-71.350331,0.0
2015-06-08,41.830925,-71.350331,0.4304778700073113
2015-06-09,41.830925,-71.350331,0.1494408881972529
2015-06-10,41.830925,-71.350331,0.0
2015-06-11,41.830925,-71.350331,0.9750041786629402
2015-06-12,41.830925,-71.350331,0.02198890611493398
2015-06-13,41.830925,-71.350331,0.8494495464046903
2015-06-14,41.830925,-71.350331,0.0968812622644254
2015-06-15,41.830925,-71.350331,28.03074315957669
2015-06-16,41.830925,-71.350331,0.485142382753445
2015-06-17,41.830925,-71.350331,1.4869670252919618
2015-06-18,41.830925,-71.350331,0.004848710938099344
2015-06-19,41.830925,-71.350331,0.19662407640772625
2015-06-20,41.830925,-71.350331,0.19597575931275105
2015-06-21,41.830925,-71.350331,24.198605903442022
2015-06-22,41.830925,-71.350331,0.0
2015-06-23,41.830925,-71.350331,7.714900602011887
2015-06-24,41.830925,-71.350331,1.0715009787121916
2015-06-25,41.830925,-71.350331,0.18218461333104008
2015-06-26,41.830925,-71.350331,0.4657076360986972
2015-06-27,41.830925,-71.350331,4.7603013127754235
2015-06-28,41.830925,-71.350331,31.305946354609038
2015-06-29,41.830925,-71.350331,0.0
2015-06-30,41.830925,-71.350331,0.0
2015-07-01,41.830925,-71.350331,18.57283011728606
2015-07-02,41.830925,-71.350331,0.014268190982348656
2015-07-03,41.830925,-71.350331,2.553004053252179
2015-07-04,41.830925,-71.350331,0.15351134721418613
2015-07-05,41.830925,-71.350331,0.0
2015-07-06,41.830925,-71.350331,0.010524904389641765
2015-07-07,41.830925,-71.350331,0.012357519865209169
2015-07-08,41.830925,-71.350331,4.588569148315438
2015-07-09,41.830925,-71.350331,0.27059496169748143
2015-07-10,41.830925,-71.350331,5.574606039929381
2015-07-11,41.830925,-71.350331,0.0
2015-07-12,41.830925,-71.350331,9.514541677846638e-06
2015-07-13,41.830925,-71.350331,0.28521065184378563
2015-07-14,41.830925,-71.350331,3.8196629213205373
2015-07-15,41.830925,-71.350331,11.330508873242163
2015-07-16,41.830925,-71.350331,0.8737642512276649
2015-07-17,41.830925,-71.350331,0.0
2015-07-18,41.830925,-71.350331,1.4631669839703767
2015-07-19,41.830925,-71.350331,0.08154608736009983
2015-07-20,41.830925,-71.350331,0.9075706302615404
2015-07-21,41.830925,-71.350331,0.346651340479603
2015-07-22,41.830925,-71.350331,3.373083323291893
2015-07-23,41.830925,-71.350331,0.0
2015-07-24,41.830925,-71.350331,5.144574307438937
2015-07-25,41.830925,-71.350331,0.0
2015-07-26,41.830925,-71.350331,0.43469605637616276
2015-07-27,41.830925,-71.350331,6.109077577136968
2015-07-28,41.830925,-71.350331,1.2465681668936475
2015-07-29,41.830925,-71.350331,0.0
2015-07-30,41.830925,-71.350331,4.431725467839475
2015-07-31,41.830925,-71.350331,1.441341570807818
2015-08-01,41.830925,-71.350331,0.03897372042050613
2015-08-02,41.830925,-71.350331,0.0
2015-08-03,41.830925,-71.350331,0.0
2015-08-04,41.830925,-71.350331,26.144195926035813
2015-08-05,41.830925,-71.350331,0.0
2015-08-06,41.830925,-71.350331,0.0
2015-08-07,41.830925,-71.350331,0.0
2015-08-08,41.830925,-71.350331,0.0
2015-08-09,41.830925,-71.350331,0.1300217570557684
2015-08-10,41.830925,-71.350331,0.0
2015-08-11,41.830925,-71.350331,44.35443743792477
2015-08-12,41.830925,-71.350331,0.8756524606047857
2015-08-13,41.830925,-71.350331,0.0
2015-08-14,41.830925,-71.350331,0.0
2015-08-15,41.830925,-71.350331,0.0
2015-08-16,41.830925,-71.350331,2.6611443011739233
2015-08-17,41.830925,-71.350331,0.0
2015-08-18,41.830925,-71.350331,0.2319567911142344
2015-08-19,41.830925,-71.350331,0.0
2015-08-20,41.830925,-71.350331,0.0
2015-08-21,41.830925,-71.350331,1.531297202077366
2015-08-22,41.830925,-71.350331,0.0
2015-08-23,41.830925,-71.350331,0.032632592975019296
2015-08-24,41.830925,-71.350331,0.0
2015-08-25,41.830925,-71.350331,0.024250684990282233
2015-08-26,41.830925,-71.350331,0.0009505784647898618
2015-08-27,41.830925,-71.350331,0.0
2015-08-28,41.830925,-71.350331,0.0
2015-08-29,41.830925,-71.350331,0.0
2015-08-30,41.830925,-71.350331,0.1488814096587281
2015-08-31,41.830925,-71.350331,0.40780382115595015
2015-09-01,41.830925,-71.350331,0.0
2015-09-02,41.830925,-71.350331,0.0
2015-09-03,41.830925,-71.350331,0.007639514371728406
2015-09-04,41.830925,-71.350331,0.19002326439478034
2015-09-05,41.830925,-71.350331,0.0
2015-09-06,41.830925,-71.350331,0.0
2015-09-07,41.830925,-71.350331,0.0
2015-09-08,41.830925,-71.350331,0.0
2015-09-09,41.830925,-71.350331,0.0
2015-09-10,41.830925,-71.350331,22.101458916942335
2015-09-11,41.830925,-71.350331,17.9273150504102
2015-09-12,41.830925,-71.350331,0.0
2015-09-13,41.830925,-71.350331,12.22182594476938
2015-09-14,41.830925,-71.350331,0.014950120022900323
2015-09-15,41.830925,-71.350331,0.0
2015-09-16,41.830925,-71.350331,0.0
2015-09-17,41.830925,-71.350331,0.0
2015-09-18,41.830925,-71.350331,0.0
2015-09-19,41.830925,-71.350331,0.0
2015-09-20,41.830925,-71.350331,0.0
2015-09-21,41.830925,-71.350331,0.0
2015-09-22,41.830925,-71.350331,0.044562569882322565
2015-09-23,41.830925,-71.350331,6.7275164403309e-05
2015-09-24,41.830925,-71.350331,0.0
2015-09-25,41.830925,-71.350331,0.0
2015-09-26,41.830925,-71.350331,0.008065589752353825
2015-09-27,41.830925,-71.350331,0.0
2015-09-28,41.830925,-71.350331,0.0
2015-09-29,41.830925,-71.350331,0.0
2015-09-30,41.830925,-71.350331,61.737872582461684
2015-10-01,41.830925,-71.350331,4.129671048092804
2015-10-02,41.830925,-71.350331,25.569746149414552
2015-10-03,41.830925,-71.350331,3.0734637393812374
2015-10-04,41.830925,-71.350331,0.0
2015-10-05,41.830925,-71.350331,0.0019011569295797235
2015-10-06,41.830925,-71.350331,0.0
2015-10-07,41.830925,-71.350331,0.005725671386578223
2015-10-08,41.830925,-71.350331,6.343027548934982e-05
2015-10-09,41.830925,-71.350331,3.6265999091171235
2015-10-10,41.830925,-71.350331,0.9000527158276688
2015-10-11,41.830925,-71.350331,0.0
2015-10-12,41.830925,-71.350331,0.0
2015-10-13,41.830925,-71.350331,11.204446163974541
2015-10-14,41.830925,-71.350331,3.171513892615582e-06
2015-10-15,41.830925,-71.350331,0.0
2015-10-16,41.830925,-71.350331,0.0
2015-10-17,41.830925,-71.350331,0.0
2015-10-18,41.830925,-71.350331,0.0
2015-10-19,41.830925,-71.350331,0.0
2015-10-20,41.830925,-71.350331,0.07437276953139861
2015-10-21,41.830925,-71.350331,0.4244432122892958
2015-10-22,41.830925,-71.350331,0.05373121024227367
2015-10-23,41.830925,-71.350331,0.048809423926280446
2015-10-24,41.830925,-71.350331,0.0
2015-10-25,41.830925,-71.350331,3.263511670127241
2015-10-26,41.830925,-71.350331,0.0
2015-10-27,41.830925,-71.350331,0.003802313859159447
2015-10-28,41.830925,-71.350331,3.9269064362756643
2015-10-29,41.830925,-71.350331,19.345966115726856
2015-10-30,41.830925,-71.350331,0.0
2015-10-31,41.830925,-71.350331,0.0
2015-11-01,41.830925,-71.350331,10.254167878431877
2015-11-02,41.830925,-71.350331,0.02088407165159792
2015-11-03,41.830925,-71.350331,0.0
2015-11-04,41.830925,-71.350331,0.0
2015-11-05,41.830925,-71.350331,0.0
2015-11-06,41.830925,-71.350331,0.024016167130700962
2015-11-07,41.830925,-71.350331,1.34550333819013e-05
2015-11-08,41.830925,-71.350331,0.0049897163687520054
2015-11-09,41.830925,-71.350331,0.0
2015-11-10,41.830925,-71.350331,16.792541430995943
2015-11-11,41.830925,-71.350331,1.8638634226946165
2015-11-12,41.830925,-71.350331,1.1161575820999194
2015-11-13,41.830925,-71.350331,0.008065589752353825
2015-11-14,41.830925,-71.350331,0.0
2015-11-15,41.830925,-71.350331,0.0
2015-11-16,41.830925,-71.350331,0.020211659229164854
2015-11-17,41.830925,-71.350331,0.0
2015-11-18,41.830925,-71.350331,0.0
2015-11-19,41.830925,-71.350331,0.2545713989855899
2015-11-20,41.830925,-71.350331,19.66761084677618
2015-11-21,41.830925,-71.350331,0.0
2015-11-22,41.830925,-71.350331,22.317334784743203
2015-11-23,41.830925,-71.350331,15.74995524695121
2015-11-24,41.830925,-71.350331,0.0
2015-11-25,41.830925,-71.350331,0.0
2015-11-26,41.830925,-71.350331,0.0
2015-11-27,41.830925,-71.350331,0.0
2015-11-28,41.830925,-71.350331,3.9763885425679177
2015-11-29,41.830925,-71.350331,0.04099856461953523
2015-11-30,41.830925,-71.350331,0.0
2015-12-01,41.830925,-71.350331,7.35426230395263
2015-12-02,41.830925,-71.350331,15.77353632224105
2015-12-03,41.830925,-71.350331,3.440936891863007
2015-12-04,41.830925,-71.350331,0.0
2015-12-05,41.830925,-71.350331,0.0
2015-12-06,41.830925,-71.350331,0.0
2015-12-07,41.830925,-71.350331,0.0
2015-12-08,41.830925,-71.350331,0.7213260691619282
2015-12-09,41.830925,-71.350331,0.0
2015-12-10,41.830925,-71.350331,0.0
2015-12-11,41.830925,-71.350331,9.197390229510882e-05
2015-12-12,41.830925,-71.350331,0.004196657814756359
2015-12-13,41.830925,-71.350331,0.00020528382270494638
2015-12-14,41.830925,-71.350331,0.02195201094592684
2015-12-15,41.830925,-71.350331,8.103349969396584
2015-12-16,41.830925,-71.350331,0.0
2015-12-17,41.830925,-71.350331,33.157388147213794
2015-12-18,41.830925,-71.350331,5.57546545932576
2015-12-19,41.830925,-71.350331,2.5372111140924657e-05
2015-12-20,41.830925,-71.350331,0.0
2015-12-21,41.830925,-71.350331,0.6251514078015885
2015-12-22,41.830925,-71.350331,9.341993886768655
2015-12-23,41.830925,-71.350331,7.984266850188322
2015-12-24,41.830925,-71.350331,39.420656812339686
2015-12-25,41.830925,-71.350331,0.238859375658367
2015-12-26,41.830925,-71.350331,1.8608309557622678
2015-12-27,41.830925,-71.350331,4.460013603818238
2015-12-28,41.830925,-71.350331,2.2460868229435684
2015-12-29,41.830925,-71.350331,25.541302026423484
2015-12-30,41.830925,-71.350331,0.004756063660782886
2015-12-31,41.830925,-71.350331,6.272853938658803
2016-01-01,41.830925,-71.350331,0.022480177732755235
2016-01-02,41.830925,-71.350331,0.0
2016-01-03,41.830925,-71.350331,0.0
2016-01-04,41.830925,-71.350331,0.0
2016-01-05,41.830925,-71.350331,0.0
2016-01-06,41.830925,-71.350331,0.0
2016-01-07,41.830925,-71.350331,0.0
2016-01-08,41.830925,-71.350331,0.0
2016-01-09,41.830925,-71.350331,0.438611535538473
2016-01-10,41.830925,-71.350331,58.93900278596883
2016-01-11,41.830925,-71.350331,0.0
2016-01-12,41.830925,-71.350331,1.3207169858282448
2016-01-13,41.830925,-71.350331,0.22648178214386416
2016-01-14,41.830925,-71.350331,2.69100667638026e-05
2016-01-15,41.830925,-71.350331,0.00824050518381235
2016-01-16,41.830925,-71.350331,39.69674716356303
2016-01-17,41.830925,-71.350331,2.2512143726359315
2016-01-18,41.830925,-71.350331,0.01213874972867644
2016-01-19,41.830925,-71.350331,0.0
2016-01-20,41.830925,-71.350331,0.0
2016-01-21,41.830925,-71.350331,0.0
2016-01-22,41.830925,-71.350331,0.0
2016-01-23,41.830925,-71.350331,11.201961436089197
2016-01-24,41.830925,-71.350331,0.10502602439836262
2016-01-25,41.830925,-71.350331,0.0038553650148756124
2016-01-26,41.830925,-71.350331,0.16133579997670866
2016-01-27,41.830925,-71.350331,0.12561090415993717
2016-01-28,41.830925,-71.350331,0.0
2016-01-29,41.830925,-71.350331,0.02685127544661891
2016-01-30,41.830925,-71.350331,0.0
2016-01-31,41.830925,-71.350331,0.021875015393592524
2016-02-01,41.830925,-71.350331,0.36121507323963165
2016-02-02,41.830925,-71.350331,0.009149371808903902
2016-02-03,41.830925,-71.350331,10.455627791319614
2016-02-04,41.830925,-71.350331,23.790493866877114
2016-02-05,41.830925,-71.350331,49.177691255410785
2016-02-06,41.830925,-71.350331,0.0
2016-02-07,41.830925,-71.350331,0.0
2016-02-08,41.830925,-71.350331,12.741619128733912
2016-02-09,41.830925,-71.350331,0.0968998653624012
2016-02-10,41.830925,-71.350331,0.0
2016-02-11,41.830925,-71.350331,0.0
2016-02-12,41.830925,-71.350331,0.0
2016-02-13,41.830925,-71.350331,0.7944294592010819
2016-02-14,41.830925,-71.350331,0.0
2016-02-15,41.830925,-71.350331,0.0029910907991694685
2016-02-16,41.830925,-71.350331,24.863479820593852
2016-02-17,41.830925,-71.350331,0.8889642274934046
2016-02-18,41.830925,-71.350331,0.004752892146890271
2016-02-19,41.830925,-71.350331,0.0
2016-02-20,41.830925,-71.350331,0.12907721242380824
2016-02-21,41.830925,-71.350331,0.028229564884404982
2016-02-22,41.830925,-71.350331,0.4993389525938176
2016-02-23,41.830925,-71.350331,0.9033737963873782
2016-02-24,41.830925,-71.350331,7.79913096588813
2016-02-25,41.830925,-71.350331,27.38766174088653
2016-02-26,41.830925,-71.350331,0.0
2016-02-27,41.830925,-71.350331,0.0
2016-02-28,41.830925,-71.350331,0.35682641908637747
2016-02-29,41.830925,-71.350331,1.4881205820569479
2016-03-01,41.830925,-71.350331,0.04050286269089444
2016-03-02,41.830925,-71.350331,9.09819535661246
2016-03-03,41.830925,-71.350331,0.0
2016-03-04,41.830925,-71.350331,0.061265842049227845
2016-03-05,41.830925,-71.350331,0.0
2016-03-06,41.830925,-71.350331,0.0
2016-03-07,41.830925,-71.350331,0.0
2016-03-08,41.830925,-71.350331,0.1808263325438932
2016-03-09,41.830925,-71.350331,0.04877128115237378
2016-03-10,41.830925,-71.350331,14.113228162824505
2016-03-11,41.830925,-71.350331,8.81598852716949
2016-03-12,41.830925,-71.350331,0.0
2016-03-13,41.830925,-71.350331,0.0
2016-03-14,41.830925,-71.350331,14.104328945633547
2016-03-15,41.830925,-71.350331,8.928505383555468
2016-03-16,41.830925,-71.350331,0.0
2016-03-17,41.830925,-71.350331,7.172434335673893
2016-03-18,41.830925,-71.350331,0.106323661333362
2016-03-19,41.830925,-71.350331,0.0
2016-03-20,41.830925,-71.350331,0.0
2016-03-21,41.830925,-71.350331,1.4539851333786318
2016-03-22,41.830925,-71.350331,0.0
2016-03-23,41.830925,-71.350331,5.58916691914245
2016-03-24,41.830925,-71.350331,0.2174450608786701
2016-03-25,41.830925,-71.350331,0.4070062823540117
2016-03-26,41.830925,-71.350331,0.0
2016-03-27,41.830925,-71.350331,0.0
2016-03-28,41.830925,-71.350331,17.985556230093927
2016-03-29,41.830925,-71.350331,0.0
2016-03-30,41.830925,-71.350331,1.9029083355693276e-05
2016-03-31,41.830925,-71.350331,0.024196769257061473
2016-04-01,41.830925,-71.350331,0.6472947733917488
2016-04-02,41.830925,-71.350331,12.031868803777481
2016-04-03,41.830925,-71.350331,4.1907801976244725
2016-04-04,41.830925,-71.350331,2.512448556644601
2016-04-05,41.830925,-71.350331,0.004752892146890271
2016-04-06,41.830925,-71.350331,0.000134550328806618
2016-04-07,41.830925,-71.350331,34.37958022077426
2016-04-08,41.830925,-71.350331,0.23652336263083823
2016-04-09,41.830925,-71.350331,0.09278293783113271
2016-04-10,41.830925,-71.350331,0.0019375815380213712
2016-04-11,41.830925,-71.350331,0.06479304968108904
2016-04-12,41.830925,-71.350331,9.664328457754813
2016-04-13,41.830925,-71.350331,0.0
2016-04-14,41.830925,-71.350331,0.0
2016-04-15,41.830925,-71.350331,0.0
2016-04-16,41.830925,-71.350331,0.0
2016-04-17,41.830925,-71.350331,0.0
2016-04-18,41.830925,-71.350331,0.00039019596556892633
2016-04-19,41.830925,-71.350331,0.776202883413838
2016-04-20,41.830925,-71.350331,0.0
2016-04-21,41.830925,-71.350331,0.0
2016-04-22,41.830925,-71.350331,0.3811306301097801
2016-04-23,41.830925,-71.350331,12.823040631859705
2016-04-24,41.830925,-71.350331,0.0
2016-04-25,41.830925,-71.350331,0.003802313859159447
2016-04-26,41.830925,-71.350331,4.982855955815747
2016-04-27,41.830925,-71.350331,0.004874852032207333
2016-04-28,41.830925,-71.350331,0.06860656676845081
2016-04-29,41.830925,-71.350331,2.141884227200806
2016-04-30,41.830925,-71.350331,0.26971385844348966
2016-05-01,41.830925,-71.350331,2.0509898766209824
2016-05-02,41.830925,-71.350331,2.6282333306193943
2016-05-03,41.830925,-71.350331,9.955956573944013
2016-05-04,41.830925,-71.350331,6.247636274448064
2016-05-05,41.830925,-71.350331,7.960309300665267
2016-05-06,41.830925,-71.350331,1.2209629078202437
2016-05-07,41.830925,-71.350331,0.7552035906625931
2016-05-08,41.830925,-71.350331,1.1639722477087642
2016-05-09,41.830925,-71.350331,0.0
2016-05-10,41.830925,-71.350331,0.0
2016-05-11,41.830925,-71.350331,0.0
2016-05-12,41.830925,-71.350331,0.0
2016-05-13,41.830925,-71.350331,7.240617041161766
2016-05-14,41.830925,-71.350331,6.919902231872332
2016-05-15,41.830925,-71.350331,1.3150803516583875
2016-05-16,41.830925,-71.350331,0.0
2016-05-17,41.830925,-71.350331,0.5941948609411016
2016-05-18,41.830925,-71.350331,0.05735215608837917
2016-05-19,41.830925,-71.350331,0.07515278401963524
2016-05-20,41.830925,-71.350331,0.10922183224067655
2016-05-21,41.830925,-71.350331,0.22178654564749486
2016-05-22,41.830925,-71.350331,6.44310138505833
2016-05-23,41.830925,-71.350331,0.027573118329632197
2016-05-24,41.830925,-71.350331,5.417180978331845
2016-05-25,41.830925,-71.350331,0.03625518560789308
2016-05-26,41.830925,-71.350331,0.20345759866118368
2016-05-27,41.830925,-71.350331,0.0
2016-05-28,41.830925,-71.350331,1.2686055570462328e-05
2016-05-29,41.830925,-71.350331,0.10078034316401838
2016-05-30,41.830925,-71.350331,19.243764288214823
2016-05-31,41.830925,-71.350331,0.7661406242581655
2016-06-01,41.830925,-71.350331,0.0
2016-06-02,41.830925,-71.350331,0.0
2016-06-03,41.830925,-71.350331,2.2037681063231336
2016-06-04,41.830925,-71.350331,0.0
2016-06-05,41.830925,-71.350331,3.703867751865135
2016-06-06,41.830925,-71.350331,1.7940224876141087
2016-06-07,41.830925,-71.350331,0.1330822271580051
2016-06-08,41.830925,-71.350331,2.00132089822416
2016-06-09,41.830925,-71.350331,0.0
2016-06-10,41.830925,-71.350331,0.0007899065104086667
2016-06-11,41.830925,-71.350331,3.1512249487824295
2016-06-12,41.830925,-71.350331,0.0
2016-06-13,41.830925,-71.350331,0.0028612499360474337
2016-06-14,41.830925,-71.350331,0.0
2016-06-15,41.830925,-71.350331,0.0
2016-06-16,41.830925,-71.350331,0.0909467110085068
2016-06-17,41.830925,-71.350331,0.0
2016-06-18,41.830925,-71.350331,0.0030535608875795275
2016-06-19,41.830925,-71.350331,0.0
2016-06-20,41.830925,-71.350331,0.0
2016-06-21,41.830925,-71.350331,10.052074709321705
2016-06-22,41.830925,-71.350331,9.418523617950314e-05
2016-06-23,41.830925,-71.350331,0.0
2016-06-24,41.830925,-71.350331,0.0
2016-06-25,41.830925,-71.350331,0.0
2016-06-26,41.830925,-71.350331,0.0
2016-06-27,41.830925,-71.350331,0.000134550328806618
2016-06-28,41.830925,-71.350331,1.4225618562465596
2016-06-29,41.830925,-71.350331,1.8200025004689404
2016-06-30,41.830925,-71.350331,0.0
2016-07-01,41.830925,-71.350331,1.5992586096648151
2016-07-02,41.830925,-71.350331,10.7228555395538
2016-07-03,41.830925,-71.350331,3.805816671138655e-05
2016-07-04,41.830925,-71.350331,0.0
2016-07-05,41.830925,-71.350331,18.360532964802438
2016-07-06,41.830925,-71.350331,0.0
2016-07-07,41.830925,-71.350331,1.5909548491299534
2016-07-08,41.830925,-71.350331,0.0
2016-07-09,41.830925,-71.350331,0.04565631276730086
2016-07-10,41.830925,-71.350331,0.8568682914170072
2016-07-11,41.830925,-71.350331,0.028520524395234233
2016-07-12,41.830925,-71.350331,0.0
2016-07-13,41.830925,-71.350331,0.0
2016-07-14,41.830925,-71.350331,1.90179949119955
2016-07-15,41.830925,-71.350331,8.689226496323174
2016-07-16,41.830925,-71.350331,0.0
2016-07-17,41.830925,-71.350331,1.1104433260153355
2016-07-18,41.830925,-71.350331,2.382958138544476
2016-07-19,41.830925,-71.350331,0.07381606268253299
2016-07-20,41.830925,-71.350331,0.0
2016-07-21,41.830925,-71.350331,0.0
2016-07-22,41.830925,-71.350331,0.0
2016-07-23,41.830925,-71.350331,1.8046412488153574
2016-07-24,41.830925,-71.350331,0.09156106605396164
2016-07-25,41.830925,-71.350331,0.028229721432715044
2016-07-26,41.830925,-71.350331,2.752422999445733
2016-07-27,41.830925,-71.350331,0.0
2016-07-28,41.830925,-71.350331,0.0
2016-07-29,41.830925,-71.350331,14.132010396384276
2016-07-30,41.830925,-71.350331,0.036702391598730025
2016-07-31,41.830925,-71.350331,2.714232730633951
2016-08-01,41.830925,-71.350331,0.5228843451720219
2016-08-02,41.830925,-71.350331,16.52316049427001
2016-08-03,41.830925,-71.350331,0.0
2016-08-04,41.830925,-71.350331,0.0
2016-08-05,41.830925,-71.350331,0.0
2016-08-06,41.830925,-71.350331,0.9890163780133592
2016-08-07,41.830925,-71.350331,0.016175690585004794
2016-08-08,41.830925,-71.350331,0.0
2016-08-09,41.830925,-71.350331,0.0
2016-08-10,41.830925,-71.350331,5.964738436932635
2016-08-11,41.830925,-71.350331,0.008082216299628343
2016-08-12,41.830925,-71.350331,18.64882930933052
2016-08-13,41.830925,-71.350331,5.95525329140806
2016-08-14,41.830925,-71.350331,2.8955079891017808
2016-08-15,41.830925,-71.350331,0.010496728389893224
2016-08-16,41.830925,-71.350331,0.6212912530732185
2016-08-17,41.830925,-71.350331,1.4775067673842441
2016-08-18,41.830925,-71.350331,1.539254105578696
2016-08-19,41.830925,-71.350331,0.0
2016-08-20,41.830925,-71.350331,0.0
2016-08-21,41.830925,-71.350331,0.0
2016-08-22,41.830925,-71.350331,9.51000140305461
2016-08-23,41.830925,-71.350331,0.0
2016-08-24,41.830925,-71.350331,0.0
2016-08-25,41.830925,-71.350331,0.0
2016-08-26,41.830925,-71.350331,0.16088572717811706
2016-08-27,41.830925,-71.350331,0.0
2016-08-28,41.830925,-71.350331,0.0
2016-08-29,41.830925,-71.350331,0.0
2016-08-30,41.830925,-71.350331,0.0
2016-08-31,41.830925,-71.350331,1.5541131736438687
2016-09-01,41.830925,-71.350331,23.239424005478792
2016-09-02,41.830925,-71.350331,0.0
2016-09-03,41.830925,-71.350331,0.006669906999460415
2016-09-04,41.830925,-71.350331,0.0
2016-09-05,41.830925,-71.350331,1.4066847908851217
2016-09-06,41.830925,-71.350331,0.14835087677814432
2016-09-07,41.830925,-71.350331,0.0
2016-09-08,41.830925,-71.350331,0.0
2016-09-09,41.830925,-71.350331,0.10896832477671278
2016-09-10,41.830925,-71.350331,0.003843543539172708
2016-09-11,41.830925,-71.350331,0.06457593276615903
2016-09-12,41.830925,-71.350331,0.0
2016-09-13,41.830925,-71.350331,0.0
2016-09-14,41.830925,-71.350331,1.6176497375087775
2016-09-15,41.830925,-71.350331,0.27971240174367784
2016-09-16,41.830925,-71.350331,0.0
2016-09-17,41.830925,-71.350331,0.0
2016-09-18,41.830925,-71.350331,2.0096544748271685
2016-09-19,41.830925,-71.350331,26.91142766834223
2016-09-20,41.830925,-71.350331,2.6612292258052026
2016-09-21,41.830925,-71.350331,0.0
2016-09-22,41.830925,-71.350331,0.005703470788739174
2016-09-23,41.830925,-71.350331,0.0002556456367623222
2016-09-24,41.830925,-71.350331,0.7558230506461351
2016-09-25,41.830925,-71.350331,0.0
2016-09-26,41.830925,-71.350331,0.0
2016-09-27,41.830925,-71.350331,4.430253234801697
2016-09-28,41.830925,-71.350331,0.0
2016-09-29,41.830925,-71.350331,0.0
2016-09-30,41.830925,-71.350331,7.741258660776893
2016-10-01,41.830925,-71.350331,2.562788141633075
2016-10-02,41.830925,-71.350331,0.009158695137608405
2016-10-03,41.830925,-71.350331,0.0
2016-10-04,41.830925,-71.350331,0.0
2016-10-05,41.830925,-71.350331,0.0
2016-10-06,41.830925,-71.350331,0.0
2016-10-07,41.830925,-71.350331,0.0
2016-10-08,41.830925,-71.350331,1.438812065697181
2016-10-09,41.830925,-71.350331,88.34510784719612
2016-10-10,41.830925,-71.350331,1.0559590857594776
2016-10-11,41.830925,-71.350331,0.0
2016-10-12,41.830925,-71.350331,0.0
2016-10-13,41.830925,-71.350331,0.016134351018600265
2016-10-14,41.830925,-71.350331,0.0
2016-10-15,41.830925,-71.350331,0.0
2016-10-16,41.830925,-71.350331,0.0
2016-10-17,41.830925,-71.350331,0.1798845914772822
2016-10-18,41.830925,-71.350331,0.07097365629004233
2016-10-19,41.830925,-71.350331,0.0
2016-10-20,41.830925,-71.350331,0.0
2016-10-21,41.830925,-71.350331,1.029194483487199
2016-10-22,41.830925,-71.350331,1.2852468952072846
2016-10-23,41.830925,-71.350331,1.2185429344227416
2016-10-24,41.830925,-71.350331,1.6567040065905292
2016-10-25,41.830925,-71.350331,0.0
2016-10-26,41.830925,-71.350331,0.0
2016-10-27,41.830925,-71.350331,15.527585954270036
2016-10-28,41.830925,-71.350331,5.135430884245224
2016-10-29,41.830925,-71.350331,1.1329463343192485
2016-10-30,41.830925,-71.350331,4.808126408005099
2016-10-31,41.830925,-71.350331,4.457346693559707
2016-11-01,41.830925,-71.350331,0.0
2016-11-02,41.830925,-71.350331,0.22842622412182992
2016-11-03,41.830925,-71.350331,0.614819975965138
2016-11-04,41.830925,-71.350331,0.033275166533052625
2016-11-05,41.830925,-71.350331,0.0
2016-11-06,41.830925,-71.350331,1.3998774562003982
2016-11-07,41.830925,-71.350331,0.0
2016-11-08,41.830925,-71.350331,0.0
2016-11-09,41.830925,-71.350331,1.5279908965301452
2016-11-10,41.830925,-71.350331,0.5390146521676884
2016-11-11,41.830925,-71.350331,0.008684521272884105
2016-11-12,41.830925,-71.350331,0.0
2016-11-13,41.830925,-71.350331,0.0
2016-11-14,41.830925,-71.350331,0.0
2016-11-15,41.830925,-71.350331,33.00212568866418
2016-11-16,41.830925,-71.350331,0.0
2016-11-17,41.830925,-71.350331,0.0
2016-11-18,41.830925,-71.350331,0.0
2016-11-19,41.830925,-71.350331,0.07259030626885123
2016-11-20,41.830925,-71.350331,0.22593517945260805
2016-11-21,41.830925,-71.350331,0.3057572458387505
2016-11-22,41.830925,-71.350331,6.343027785231164e-06
2016-11-23,41.830925,-71.350331,0.0
2016-11-24,41.830925,-71.350331,0.9029679723260184
2016-11-25,41.830925,-71.350331,0.07263067136899692
2016-11-26,41.830925,-71.350331,0.0
2016-11-27,41.830925,-71.350331,0.008555206006049722
2016-11-28,41.830925,-71.350331,0.028269929984550687
2016-11-29,41.830925,-71.350331,46.751677026411386
2016-11-30,41.830925,-71.350331,15.632982994643582
2016-12-01,41.830925,-71.350331,15.491759953010838
2016-12-02,41.830925,-71.350331,0.0
2016-12-03,41.830925,-71.350331,0.0
2016-12-04,41.830925,-71.350331,0.0
2016-12-05,41.830925,-71.350331,3.050568874728327
2016-12-06,41.830925,-71.350331,0.0
2016-12-07,41.830925,-71.350331,1.5993306874204212
2016-12-08,41.830925,-71.350331,0.0
2016-12-09,41.830925,-71.350331,0.0
2016-12-10,41.830925,-71.350331,0.0
2016-12-11,41.830925,-71.350331,0.0
2016-12-12,41.830925,-71.350331,11.451590091310651
2016-12-13,41.830925,-71.350331,0.004983373340966774
2016-12-14,41.830925,-71.350331,0.0
2016-12-15,41.830925,-71.350331,0.0
2016-12-16,41.830925,-71.350331,0.0
2016-12-17,41.830925,-71.350331,15.936556809510641
2016-12-18,41.830925,-71.350331,16.04157509248068
2016-12-19,41.830925,-71.350331,0.1750123018325749
2016-12-20,41.830925,-71.350331,0.036994814860259684
2016-12-21,41.830925,-71.350331,0.01613117950470765
2016-12-22,41.830925,-71.350331,0.3571249060780137
2016-12-23,41.830925,-71.350331,0.0
2016-12-24,41.830925,-71.350331,17.948002346312283
2016-12-25,41.830925,-71.350331,0.0
2016-12-26,41.830925,-71.350331,0.06864982454817803
2016-12-27,41.830925,-71.350331,5.195229802709632
2016-12-28,41.830925,-71.350331,0.0
2016-12-29,41.830925,-71.350331,13.149474757315957
2016-12-30,41.830925,-71.350331,3.171513774467491e-05
2016-12-31,41.830925,-71.350331,0.4332472086033502
2017-01-01,41.830925,-71.350331,12.086604055259972
2017-01-02,41.830925,-71.350331,0.7141051400140679
2017-01-03,41.830925,-71.350331,25.435315945152603
2017-01-04,41.830925,-71.350331,11.944860641772976
2017-01-05,41.830925,-71.350331,0.0
2017-01-06,41.830925,-71.350331,0.13580834987471577
2017-01-07,41.830925,-71.350331,6.706620796209355
2017-01-08,41.830925,-71.350331,0.4836971452710247
2017-01-09,41.830925,-71.350331,0.0
2017-01-10,41.830925,-71.350331,0.09414413755228307
2017-01-11,41.830925,-71.350331,10.282072886538105
2017-01-12,41.830925,-71.350331,25.45772497980912
2017-01-13,41.830925,-71.350331,5.918862477224148
2017-01-14,41.830925,-71.350331,0.03638933837060511
2017-01-15,41.830925,-71.350331,0.0
2017-01-16,41.830925,-71.350331,0.0
2017-01-17,41.830925,-71.350331,3.959435409613741
2017-01-18,41.830925,-71.350331,2.1383115424781445
2017-01-19,41.830925,-71.350331,0.19672712941862358
2017-01-20,41.830925,-71.350331,0.00016491872005304498
2017-01-21,41.830925,-71.350331,0.0
2017-01-22,41.830925,-71.350331,0.13378765002610543
2017-01-23,41.830925,-71.350331,3.460991213518873
2017-01-24,41.830925,-71.350331,44.798018285867535
2017-01-25,41.830925,-71.350331,5.66245701736167
2017-01-26,41.830925,-71.350331,0.2609162677015908
2017-01-27,41.830925,-71.350331,0.13380155265695826
2017-01-28,41.830925,-71.350331,0.0
2017-01-29,41.830925,-71.350331,0.0
2017-01-30,41.830925,-71.350331,0.0
2017-01-31,41.830925,-71.350331,0.22648493083933408
2017-02-01,41.830925,-71.350331,0.0
2017-02-02,41.830925,-71.350331,0.1869886253925776
2017-02-03,41.830925,-71.350331,0.004936744351214398
2017-02-04,41.830925,-71.350331,1.9029083355693276e-05
2017-02-05,41.830925,-71.350331,0.013308098861176154
2017-02-06,41.830925,-71.350331,0.6129848271882233
2017-02-07,41.830925,-71.350331,8.910637376723296
2017-02-08,41.830925,-71.350331,5.933621528455979
2017-02-09,41.830925,-71.350331,27.62268126883229
2017-02-10,41.830925,-71.350331,0.002930312559809689
2017-02-11,41.830925,-71.350331,0.9281168102713829
2017-02-12,41.830925,-71.350331,15.871065168532
2017-02-13,41.830925,-71.350331,0.0
2017-02-14,41.830925,-71.350331,0.0
2017-02-15,41.830925,-71.350331,0.576689659030466
2017-02-16,41.830925,-71.350331,0.0
2017-02-17,41.830925,-71.350331,0.0
2017-02-18,41.830925,-71.350331,0.03921129715451172
2017-02-19,41.830925,-71.350331,0.15160501213395663
2017-02-20,41.830925,-71.350331,0.0
2017-02-21,41.830925,-71.350331,0.0
2017-02-22,41.830925,-71.350331,1.5081907402195938
2017-02-23,41.830925,-71.350331,0.0
2017-02-24,41.830925,-71.350331,0.22188753959802904
2017-02-25,41.830925,-71.350331,0.5524518222871505
2017-02-26,41.830925,-71.350331,7.729743156801991
2017-02-27,41.830925,-71.350331,0.0
2017-02-28,41.830925,-71.350331,0.015232675741463614
2017-03-01,41.830925,-71.350331,9.99182900657608
2017-03-02,41.830925,-71.350331,0.7690366831964752
2017-03-03,41.830925,-71.350331,0.0
2017-03-04,41.830925,-71.350331,0.0
2017-03-05,41.830925,-71.350331,0.0
2017-03-06,41.830925,-71.350331,0.0
2017-03-07,41.830925,-71.350331,4.898774890631471
2017-03-08,41.830925,-71.350331,14.02547764527305
2017-03-09,41.830925,-71.350331,0.0
2017-03-10,41.830925,-71.350331,1.8721351309245593
2017-03-11,41.830925,-71.350331,0.0
2017-03-12,41.830925,-71.350331,0.0
2017-03-13,41.830925,-71.350331,0.0
2017-03-14,41.830925,-71.350331,30.69701031296764
2017-03-15,41.830925,-71.350331,0.0
2017-03-16,41.830925,-71.350331,0.0
2017-03-17,41.830925,-71.350331,4.0365100145703034e-05
2017-03-18,41.830925,-71.350331,0.007710730029751225
2017-03-19,41.830925,-71.350331,0.012126928252973535
2017-03-20,41.830925,-71.350331,0.0
2017-03-21,41.830925,-71.350331,0.0889636793740871
2017-03-22,41.830925,-71.350331,0.0
2017-03-23,41.830925,-71.350331,0.0
2017-03-24,41.830925,-71.350331,6.64665188316608
2017-03-25,41.830925,-71.350331,5.134305311107699
2017-03-26,41.830925,-71.350331,0.39266450338660774
2017-03-27,41.830925,-71.350331,9.707442296425036
2017-03-28,41.830925,-71.350331,6.462417022292423
2017-03-29,41.830925,-71.350331,10.898084670331286
2017-03-30,41.830925,-71.350331,0.0
2017-03-31,41.830925,-71.350331,8.4963660390051
2017-04-01,41.830925,-71.350331,34.6407461167349
2017-04-02,41.830925,-71.350331,0.0
2017-04-03,41.830925,-71.350331,0.0
2017-04-04,41.830925,-71.350331,31.380010129107177
2017-04-05,41.830925,-71.350331,0.40169358691169
2017-04-06,41.830925,-71.350331,26.329505053227088
2017-04-07,41.830925,-71.350331,0.0076204852871912315
2017-04-08,41.830925,-71.350331,0.00035319358269410295
2017-04-09,41.830925,-71.350331,0.0
2017-04-10,41.830925,-71.350331,0.2460218854132492
2017-04-11,41.830925,-71.350331,0.052552233013057434
2017-04-12,41.830925,-71.350331,0.6105712119357782
2017-04-13,41.830925,-71.350331,0.012433636198631942
2017-04-14,41.830925,-71.350331,0.0
2017-04-15,41.830925,-71.350331,0.006762554275004648
2017-04-16,41.830925,-71.350331,3.162350468398042
2017-04-17,41.830925,-71.350331,3.9732913442959177
2017-04-18,41.830925,-71.350331,2.153070212602725
2017-04-19,41.830925,-71.350331,0.6604683921181422
2017-04-20,41.830925,-71.350331,1.611693532764092
2017-04-21,41.830925,-71.350331,7.1141903924817536
2017-04-22,41.830925,-71.350331,3.9396196336033746
2017-04-23,41.830925,-71.350331,0.13862625277762325
2017-04-24,41.830925,-71.350331,1.8393620089991436
2017-04-25,41.830925,-71.350331,18.04077605609003
2017-04-26,41.830925,-71.350331,14.04202347104413
2017-04-27,41.830925,-71.350331,0.6986411268518455
2017-04-28,41.830925,-71.350331,4.16343364942713
2017-04-29,41.830925,-71.350331,2.1639853506586455
2017-04-30,41.830925,-71.350331,0.6339326737780948
2017-05-01,41.830925,-71.350331,0.11929446919988476
2017-05-02,41.830925,-71.350331,14.857194083792466
2017-05-03,41.830925,-71.350331,0.0
2017-05-04,41.830925,-71.350331,0.0
2017-05-05,41.830925,-71.350331,19.56625680699638
2017-05-06,41.830925,-71.350331,20.66035511348183
2017-05-07,41.830925,-71.350331,0.4191939645038952
2017-05-08,41.830925,-71.350331,0.01436650791656418
2017-05-09,41.830925,-71.350331,1.3702343503854972
2017-05-10,41.830925,-71.350331,0.8668444194978855
2017-05-11,41.830925,-71.350331,0.0
2017-05-12,41.830925,-71.350331,0.0
2017-05-13,41.830925,-71.350331,4.166046315505513
2017-05-14,41.830925,-71.350331,10.28329228155787
2017-05-15,41.830925,-71.350331,7.127843294297804
2017-05-16,41.830925,-71.350331,0.0
2017-05-17,41.830925,-71.350331,0.09780643696575819
2017-05-18,41.830925,-71.350331,0.0019011569295797235
2017-05-19,41.830925,-71.350331,7.644051757643219
2017-05-20,41.830925,-71.350331,0.046268245848810785
2017-05-21,41.830925,-71.350331,0.0
2017-05-22,41.830925,-71.350331,10.222644249090285
2017-05-23,41.830925,-71.350331,1.909444282577808
2017-05-24,41.830925,-71.350331,6.163170514721628
2017-05-25,41.830925,-71.350331,9.511717913326764
2017-05-26,41.830925,-71.350331,39.3849096649199
2017-05-27,41.830925,-71.350331,0.0
2017-05-28,41.830925,-71.350331,0.40874123672044893
2017-05-29,41.830925,-71.350331,7.317525679761656
2017-05-30,41.830925,-71.350331,0.00986850981897357
2017-05-31,41.830925,-71.350331,1.570300330803772
2017-06-01,41.830925,-71.350331,1.6669124861735964
2017-06-02,41.830925,-71.350331,0.9690408560229626
2017-06-03,41.830925,-71.350331,0.5188820027330405
2017-06-04,41.830925,-71.350331,5.321914859649103
2017-06-05,41.830925,-71.350331,6.982676535443169
2017-06-06,41.830925,-71.350331,17.47758950367998
2017-06-07,41.830925,-71.350331,0.0
2017-06-08,41.830925,-71.350331,0.2653375790681418
2017-06-09,41.830925,-71.350331,5.657721970377918
2017-06-10,41.830925,-71.350331,0.0
2017-06-11,41.830925,-71.350331,0.0
2017-06-12,41.830925,-71.350331,0.0
2017-06-13,41.830925,-71.350331,0.3956326197437065
2017-06-14,41.830925,-71.350331,0.060427804704238655
2017-06-15,41.830925,-71.350331,0.0
2017-06-16,41.830925,-71.350331,16.316145497199592
2017-06-17,41.830925,-71.350331,2.3200037705646253
2017-06-18,41.830925,-71.350331,0.32889633565700643
2017-06-19,41.830925,-71.350331,0.0038054853730520627
2017-06-20,41.830925,-71.350331,8.227778236484848
2017-06-21,41.830925,-71.350331,0.07827727828111837
2017-06-22,41.830925,-71.350331,0.0
2017-06-23,41.830925,-71.350331,0.1293319917562245
2017-06-24,41.830925,-71.350331,21.608540566812508
2017-06-25,41.830925,-71.350331,0.0
2017-06-26,41.830925,-71.350331,0.0
2017-06-27,41.830925,-71.350331,0.5591354409076648
2017-06-28,41.830925,-71.350331,0.0
2017-06-29,41.830925,-71.350331,0.3980942207418636
2017-06-30,41.830925,-71.350331,3.477853378466315
2017-07-01,41.830925,-71.350331,1.2629661336275473
2017-07-02,41.830925,-71.350331,0.00824050518381235
2017-07-03,41.830925,-71.350331,0.12046731040288092
2017-07-04,41.830925,-71.350331,0.0
2017-07-05,41.830925,-71.350331,0.0
2017-07-06,41.830925,-71.350331,0.0019011569295797235
2017-07-07,41.830925,-71.350331,14.860808919825537
2017-07-08,41.830925,-71.350331,0.0
2017-07-09,41.830925,-71.350331,0.0
2017-07-10,41.830925,-71.350331,0.0
2017-07-11,41.830925,-71.350331,7.0801405819124605
2017-07-12,41.830925,-71.350331,17.777463092394424
2017-07-13,41.830925,-71.350331,11.494908257129866
2017-07-14,41.830925,-71.350331,3.481747371018836
2017-07-15,41.830925,-71.350331,0.09460554675292994
2017-07-16,41.830925,-71.350331,0.0
2017-07-17,41.830925,-71.350331,0.003898228260086456
2017-07-18,41.830925,-71.350331,0.1417114904581698
2017-07-19,41.830925,-71.350331,0.1970641173695078
2017-07-20,41.830925,-71.350331,0.13975001946679833
2017-07-21,41.830925,-71.350331,0.015019028749995021
2017-07-22,41.830925,-71.350331,1.3481263077937045
2017-07-23,41.830925,-71.350331,2.8382528971208774
2017-07-24,41.830925,-71.350331,10.239265317883559
2017-07-25,41.830925,-71.350331,0.04032794725943593
2017-07-26,41.830925,-71.350331,0.0
2017-07-27,41.830925,-71.350331,8.79896250484295
2017-07-28,41.830925,-71.350331,0.0
2017-07-29,41.830925,-71.350331,3.5288887567068414
2017-07-30,41.830925,-71.350331,0.0
2017-07-31,41.830925,-71.350331,0.0
2017-08-01,41.830925,-71.350331,0.0
2017-08-02,41.830925,-71.350331,0.15577834528822954
2017-08-03,41.830925,-71.350331,0.41430341822502925
2017-08-04,41.830925,-71.350331,0.020912726579495045
2017-08-05,41.830925,-71.350331,5.075509343211157
2017-08-06,41.830925,-71.350331,0.0
2017-08-07,41.830925,-71.350331,5.7436909414665624
2017-08-08,41.830925,-71.350331,1.3650666854267461
2017-08-09,41.830925,-71.350331,0.0
2017-08-10,41.830925,-71.350331,0.0
2017-08-11,41.830925,-71.350331,1.9798061167131814e-05
2017-08-12,41.830925,-71.350331,9.39319791798631
2017-08-13,41.830925,-71.350331,0.8034646670103995
2017-08-14,41.830925,-71.350331,0.18729581466770223
2017-08-15,41.830925,-71.350331,7.112633460055605
2017-08-16,41.830925,-71.350331,0.0
2017-08-17,41.830925,-71.350331,0.0
2017-08-18,41.830925,-71.350331,3.0501495637541685
2017-08-19,41.830925,-71.350331,1.6582465972197866
2017-08-20,41.830925,-71.350331,0.0
2017-08-21,41.830925,-71.350331,0.0009505784647898618
2017-08-22,41.830925,-71.350331,0.0
2017-08-23,41.830925,-71.350331,2.867055361431067
2017-08-24,41.830925,-71.350331,0.0
2017-08-25,41.830925,-71.350331,0.0
2017-08-26,41.830925,-71.350331,0.0
2017-08-27,41.830925,-71.350331,0.0
2017-08-28,41.830925,-71.350331,0.0
2017-08-29,41.830925,-71.350331,4.173597232519901
2017-08-30,41.830925,-71.350331,26.24699277103278
2017-08-31,41.830925,-71.350331,0.0
2017-09-01,41.830925,-71.350331,0.0
2017-09-02,41.830925,-71.350331,0.0019170144984520607
2017-09-03,41.830925,-71.350331,36.749120109604235
2017-09-04,41.830925,-71.350331,0.0
2017-09-05,41.830925,-71.350331,0.02024470383000937
2017-09-06,41.830925,-71.350331,17.533856996208087
2017-09-07,41.830925,-71.350331,9.276737656151193
2017-09-08,41.830925,-71.350331,0.0
2017-09-09,41.830925,-71.350331,0.0
2017-09-10,41.830925,-71.350331,0.0
2017-09-11,41.830925,-71.350331,0.0
2017-09-12,41.830925,-71.350331,0.0
2017-09-13,41.830925,-71.350331,0.17811572920048363
2017-09-14,41.830925,-71.350331,0.08628869670531425
2017-09-15,41.830925,-71.350331,1.4381968401203054
2017-09-16,41.830925,-71.350331,0.0
2017-09-17,41.830925,-71.350331,0.0
2017-09-18,41.830925,-71.350331,0.9964575213928542
2017-09-19,41.830925,-71.350331,7.395532306116706
2017-09-20,41.830925,-71.350331,5.774333163452177
2017-09-21,41.830925,-71.350331,0.5899368317995944
2017-09-22,41.830925,-71.350331,1.2598928352100578
2017-09-23,41.830925,-71.350331,0.0
2017-09-24,41.830925,-71.350331,0.0
2017-09-25,41.830925,-71.350331,0.0619321169329138
2017-09-26,41.830925,-71.350331,0.0
2017-09-27,41.830925,-71.350331,0.011871075125405889
2017-09-28,41.830925,-71.350331,0.014299906120684071
2017-09-29,41.830925,-71.350331,0.0
2017-09-30,41.830925,-71.350331,13.838962663942304
2017-10-01,41.830925,-71.350331,7.61163334227731e-05
2017-10-02,41.830925,-71.350331,0.0
2017-10-03,41.830925,-71.350331,0.0
2017-10-04,41.830925,-71.350331,0.0
2017-10-05,41.830925,-71.350331,9.514541677846638e-06
2017-10-06,41.830925,-71.350331,2.942311105366942
2017-10-07,41.830925,-71.350331,0.9145934094653275
2017-10-08,41.830925,-71.350331,6.445283779305672
2017-10-09,41.830925,-71.350331,6.5254639283446325
2017-10-10,41.830925,-71.350331,0.01304808205161636
2017-10-11,41.830925,-71.350331,0.4776116244564237
2017-10-12,41.830925,-71.350331,0.4982683890097679
2017-10-13,41.830925,-71.350331,0.0
2017-10-14,41.830925,-71.350331,0.030857161007198618
2017-10-15,41.830925,-71.350331,0.0
2017-10-16,41.830925,-71.350331,0.35199089340551853
2017-10-17,41.830925,-71.350331,0.0
2017-10-18,41.830925,-71.350331,0.0
2017-10-19,41.830925,-71.350331,0.0
2017-10-20,41.830925,-71.350331,0.4295388681955824
2017-10-21,41.830925,-71.350331,0.012582765820254388
2017-10-22,41.830925,-71.350331,0.0
2017-10-23,41.830925,-71.350331,0.0
2017-10-24,41.830925,-71.350331,0.7941429575525167
2017-10-25,41.830925,-71.350331,37.79361236888765
2017-10-26,41.830925,-71.350331,36.58854851676039
2017-10-27,41.830925,-71.350331,0.0
2017-10-28,41.830925,-71.350331,1.5857568872337455e-05
2017-10-29,41.830925,-71.350331,9.39416967232464
2017-10-30,41.830925,-71.350331,49.30135955035314
2017-10-31,41.830925,-71.350331,0.0
2017-11-01,41.830925,-71.350331,0.10907117604481022
2017-11-02,41.830925,-71.350331,0.026670113460298996
2017-11-03,41.830925,-71.350331,2.69100667638026e-05
2017-11-04,41.830925,-71.350331,0.0
2017-11-05,41.830925,-71.350331,1.1903687301815196
2017-11-06,41.830925,-71.350331,0.4042185848852865
2017-11-07,41.830925,-71.350331,3.408472134697797
2017-11-08,41.830925,-71.350331,5.250576439403125
2017-11-09,41.830925,-71.350331,0.0
2017-11-10,41.830925,-71.350331,0.0
2017-11-11,41.830925,-71.350331,0.0
2017-11-12,41.830925,-71.350331,0.0
2017-11-13,41.830925,-71.350331,4.897766744919248
2017-11-14,41.830925,-71.350331,0.0048589944583226005
2017-11-15,41.830925,-71.350331,0.0
2017-11-16,41.830925,-71.350331,3.449070853910496
2017-11-17,41.830925,-71.350331,0.0
2017-11-18,41.830925,-71.350331,1.291939750516457
2017-11-19,41.830925,-71.350331,19.191330778639955
2017-11-20,41.830925,-71.350331,0.0
2017-11-21,41.830925,-71.350331,0.0
2017-11-22,41.830925,-71.350331,38.20154392610207
2017-11-23,41.830925,-71.350331,0.0
2017-11-24,41.830925,-71.350331,0.0
2017-11-25,41.830925,-71.350331,2.8543624442798482e-05
2017-11-26,41.830925,-71.350331,0.7017527583593004
2017-11-27,41.830925,-71.350331,0.38761923428385625
2017-11-28,41.830925,-71.350331,0.0
2017-11-29,41.830925,-71.350331,0.0
2017-11-30,41.830925,-71.350331,0.0
2017-12-01,41.830925,-71.350331,1.818975686642925
2017-12-02,41.830925,-71.350331,0.0
2017-12-03,41.830925,-71.350331,0.16674267613059102
2017-12-04,41.830925,-71.350331,0.0
2017-12-05,41.830925,-71.350331,0.3859104498020315
2017-12-06,41.830925,-71.350331,22.28892353619597
2017-12-07,41.830925,-71.350331,0.0
2017-12-08,41.830925,-71.350331,1.629574080689681
2017-12-09,41.830925,-71.350331,12.02668342679393
2017-12-10,41.830925,-71.350331,3.303101684155871
2017-12-11,41.830925,-71.350331,0.4214268401401009
2017-12-12,41.830925,-71.350331,6.129991749161615
2017-12-13,41.830925,-71.350331,0.24937113303093708
2017-12-14,41.830925,-71.350331,0.742089150474532
2017-12-15,41.830925,-71.350331,0.5543602321248249
2017-12-16,41.830925,-71.350331,0.0
2017-12-17,41.830925,-71.350331,0.0
2017-12-18,41.830925,-71.350331,0.09793768258811178
2017-12-19,41.830925,-71.350331,0.0
2017-12-20,41.830925,-71.350331,0.025084859864951847
2017-12-21,41.830925,-71.350331,0.0
2017-12-22,41.830925,-71.350331,0.127204957369652
2017-12-23,41.830925,-71.350331,27.067727227686607
2017-12-24,41.830925,-71.350331,7.234911025044722
2017-12-25,41.830925,-71.350331,2.141096421490453
2017-12-26,41.830925,-71.350331,0.0038847732191859725
2017-12-27,41.830925,-71.350331,0.0
2017-12-28,41.830925,-71.350331,0.0
2017-12-29,41.830925,-71.350331,0.0
2017-12-30,41.830925,-71.350331,0.0
2017-12-31,41.830925,-71.350331,0.0
2018-01-01,41.830925,-71.350331,0.0
2018-01-02,41.830925,-71.350331,0.0
2018-01-03,41.830925,-71.350331,0.0
2018-01-04,41.830925,-71.350331,12.133577856404957
2018-01-05,41.830925,-71.350331,3.1162167536107437
2018-01-06,41.830925,-71.350331,0.0
2018-01-07,41.830925,-71.350331,0.0
2018-01-08,41.830925,-71.350331,0.6357527457182579
2018-01-09,41.830925,-71.350331,1.3146096014532263
2018-01-10,41.830925,-71.350331,0.0
2018-01-11,41.830925,-71.350331,0.040906271094165975
2018-01-12,41.830925,-71.350331,13.649701664627148
2018-01-13,41.830925,-71.350331,54.466976967107804
2018-01-14,41.830925,-71.350331,0.0
2018-01-15,41.830925,-71.350331,0.0008936062294420122
2018-01-16,41.830925,-71.350331,0.0
2018-01-17,41.830925,-71.350331,0.5334874125852566
2018-01-18,41.830925,-71.350331,0.0
2018-01-19,41.830925,-71.350331,0.0
2018-01-20,41.830925,-71.350331,0.0
2018-01-21,41.830925,-71.350331,0.0
2018-01-22,41.830925,-71.350331,0.0
2018-01-23,41.830925,-71.350331,54.76122116651071
2018-01-24,41.830925,-71.350331,0.6204736044179587
2018-01-25,41.830925,-71.350331,0.0
2018-01-26,41.830925,-71.350331,0.0
2018-01-27,41.830925,-71.350331,0.0
2018-01-28,41.830925,-71.350331,6.220774069505485
2018-01-29,41.830925,-71.350331,1.6926754289199346
2018-01-30,41.830925,-71.350331,0.5280355519196763
2018-01-31,41.830925,-71.350331,0.0
2018-02-01,41.830925,-71.350331,0.08868305634767415
2018-02-02,41.830925,-71.350331,1.912724143531777
2018-02-03,41.830925,-71.350331,0.0
2018-02-04,41.830925,-71.350331,1.8269999591547348
2018-02-05,41.830925,-71.350331,20.732402402876993
2018-02-06,41.830925,-71.350331,0.0
2018-02-07,41.830925,-71.350331,16.523894362978208
2018-02-08,41.830925,-71.350331,1.8528022078532036
2018-02-09,41.830925,-71.350331,0.0
2018-02-10,41.830925,-71.350331,1.4471251357152708
2018-02-11,41.830925,-71.350331,49.929412692968725
2018-02-12,41.830925,-71.350331,6.049147449124142
2018-02-13,41.830925,-71.350331,0.0
2018-02-14,41.830925,-71.350331,0.18962209313643927
2018-02-15,41.830925,-71.350331,0.6491229996930263
2018-02-16,41.830925,-71.350331,13.815589311919933
2018-02-17,41.830925,-71.350331,0.08008333943941376
2018-02-18,41.830925,-71.350331,10.07507141502215
2018-02-19,41.830925,-71.350331,1.664054556357625
2018-02-20,41.830925,-71.350331,6.8821615996778975
2018-02-21,41.830925,-71.350331,0.4012596407339817
2018-02-22,41.830925,-71.350331,6.179073916856623
2018-02-23,41.830925,-71.350331,4.692503727057093
2018-02-24,41.830925,-71.350331,12.818343266836076
2018-02-25,41.830925,-71.350331,22.863411747796118
2018-02-26,41.830925,-71.350331,0.42043142835296216
2018-02-27,41.830925,-71.350331,0.0
2018-02-28,41.830925,-71.350331,0.02211699480184129
2018-03-01,41.830925,-71.350331,0.1067959348196736
2018-03-02,41.830925,-71.350331,72.27455814283776
2018-03-03,41.830925,-71.350331,0.47566578028453044
2018-03-04,41.830925,-71.350331,0.0
2018-03-05,41.830925,-71.350331,0.12022127469210309
2018-03-06,41.830925,-71.350331,0.0
2018-03-07,41.830925,-71.350331,8.971473352041262
2018-03-08,41.830925,-71.350331,10.879048448304326
2018-03-09,41.830925,-71.350331,0.0
2018-03-10,41.830925,-71.350331,0.0
2018-03-11,41.830925,-71.350331,0.0
2018-03-12,41.830925,-71.350331,0.0
2018-03-13,41.830925,-71.350331,35.08915086618318
2018-03-14,41.830925,-71.350331,0.12838084165641395
2018-03-15,41.830925,-71.350331,9.418523617950314e-05
2018-03-16,41.830925,-71.350331,0.0
2018-03-17,41.830925,-71.350331,0.0
2018-03-18,41.830925,-71.350331,0.0
2018-03-19,41.830925,-71.350331,0.0
2018-03-20,41.830925,-71.350331,6.660179588010781e-05
2018-03-21,41.830925,-71.350331,1.7974828332648398
2018-03-22,41.830925,-71.350331,0.9625798162226051
2018-03-23,41.830925,-71.350331,0.0
2018-03-24,41.830925,-71.350331,0.11099503399585411
2018-03-25,41.830925,-71.350331,0.0
2018-03-26,41.830925,-71.350331,0.0
2018-03-27,41.830925,-71.350331,0.0
2018-03-28,41.830925,-71.350331,0.795697481642508
2018-03-29,41.830925,-71.350331,0.2523288319864538
2018-03-30,41.830925,-71.350331,2.071155913611427
2018-03-31,41.830925,-71.350331,0.7369552405994122
2018-04-01,41.830925,-71.350331,4.432110602085084
2018-04-02,41.830925,-71.350331,1.1742648478933613
2018-04-03,41.830925,-71.350331,11.388291084699386
2018-04-04,41.830925,-71.350331,9.378858354357885
2018-04-05,41.830925,-71.350331,0.0
2018-04-06,41.830925,-71.350331,1.9435205938506555
2018-04-07,41.830925,-71.350331,0.453345244135992
2018-04-08,41.830925,-71.350331,0.01285173499379313
2018-04-09,41.830925,-71.350331,0.0
2018-04-10,41.830925,-71.350331,0.008065589752353825
2018-04-11,41.830925,-71.350331,0.0
2018-04-12,41.830925,-71.350331,0.2540371763759835
2018-04-13,41.830925,-71.350331,12.876873507066286
2018-04-14,41.830925,-71.350331,0.07070061863072252
2018-04-15,41.830925,-71.350331,0.740952750246874
2018-04-16,41.830925,-71.350331,30.743286936048136
2018-04-17,41.830925,-71.350331,0.008141610483720477
2018-04-18,41.830925,-71.350331,0.022167501943194057
2018-04-19,41.830925,-71.350331,6.868229563709905
2018-04-20,41.830925,-71.350331,0.0019011569295797235
2018-04-21,41.830925,-71.350331,0.0
2018-04-22,41.830925,-71.350331,0.0
2018-04-23,41.830925,-71.350331,0.0
2018-04-24,41.830925,-71.350331,5.38201335276052e-05
2018-04-25,41.830925,-71.350331,27.98063295195724
2018-04-26,41.830925,-71.350331,17.624355025645386
2018-04-27,41.830925,-71.350331,22.032825084813624
2018-04-28,41.830925,-71.350331,0.0
2018-04-29,41.830925,-71.350331,0.1652713079351424
2018-04-30,41.830925,-71.350331,0.11291825953761993
2018-05-01,41.830925,-71.350331,1.2686055570462328e-05
2018-05-02,41.830925,-71.350331,0.0
2018-05-03,41.830925,-71.350331,0.0019399840715963543
2018-05-04,41.830925,-71.350331,1.707175254983583
2018-05-05,41.830925,-71.350331,0.05030420607110987
2018-05-06,41.830925,-71.350331,6.080257957326783
2018-05-07,41.830925,-71.350331,0.6822465046128351
2018-05-08,41.830925,-71.350331,0.0
2018-05-09,41.830925,-71.350331,0.0
2018-05-10,41.830925,-71.350331,0.020653255487103256
2018-05-11,41.830925,-71.350331,0.08709306848426279
2018-05-12,41.830925,-71.350331,2.575964837748583
2018-05-13,41.830925,-71.350331,0.47640482210891777
2018-05-14,41.830925,-71.350331,0.03140397510617976
2018-05-15,41.830925,-71.350331,14.283589048369493
2018-05-16,41.830925,-71.350331,5.658724988666112
2018-05-17,41.830925,-71.350331,10.453817055765592
2018-05-18,41.830925,-71.350331,0.47883043405284953
2018-05-19,41.830925,-71.350331,6.715183987876357
2018-05-20,41.830925,-71.350331,3.341434629614321
2018-05-21,41.830925,-71.350331,5.38201335276052e-05
2018-05-22,41.830925,-71.350331,7.287842039344699
2018-05-23,41.830925,-71.350331,0.3640268680036963
2018-05-24,41.830925,-71.350331,0.0
2018-05-25,41.830925,-71.350331,0.0019074999573649547
2018-05-26,41.830925,-71.350331,0.08536129861386665
2018-05-27,41.830925,-71.350331,1.4095943846842405
2018-05-28,41.830925,-71.350331,0.24741201914810018
2018-05-29,41.830925,-71.350331,0.012864421049363592
2018-05-30,41.830925,-71.350331,0.0
2018-05-31,41.830925,-71.350331,0.01522194149220825
2018-06-01,41.830925,-71.350331,6.591996571489638
2018-06-02,41.830925,-71.350331,0.07602082279859743
2018-06-03,41.830925,-71.350331,0.0
2018-06-04,41.830925,-71.350331,10.393247909470539
2018-06-05,41.830925,-71.350331,2.8629472847390955
2018-06-06,41.830925,-71.350331,0.06381290840461958
2018-06-07,41.830925,-71.350331,0.0
2018-06-08,41.830925,-71.350331,0.0
2018-06-09,41.830925,-71.350331,0.00036328588376796644
2018-06-10,41.830925,-71.350331,0.0
2018-06-11,41.830925,-71.350331,0.29622692180213106
2018-06-12,41.830925,-71.350331,0.0
2018-06-13,41.830925,-71.350331,0.9769934286966192
2018-06-14,41.830925,-71.350331,0.0
2018-06-15,41.830925,-71.350331,0.0
2018-06-16,41.830925,-71.350331,0.13712848533039648
2018-06-17,41.830925,-71.350331,0.0
2018-06-18,41.830925,-71.350331,2.197743805667295
2018-06-19,41.830925,-71.350331,17.567598347936155
2018-06-20,41.830925,-71.350331,0.08296745806491043
2018-06-21,41.830925,-71.350331,0.14131288653780438
2018-06-22,41.830925,-71.350331,0.12107802700446249
2018-06-23,41.830925,-71.350331,3.0336453540168935
2018-06-24,41.830925,-71.350331,0.6784782792727679
2018-06-25,41.830925,-71.350331,3.8044962961273114
2018-06-26,41.830925,-71.350331,0.0
2018-06-27,41.830925,-71.350331,0.14877038533712417
2018-06-28,41.830925,-71.350331,28.329351573341068
2018-06-29,41.830925,-71.350331,0.20276537153213492
2018-06-30,41.830925,-71.350331,0.19383941669801621
2018-07-01,41.830925,-71.350331,0.00015367502306173203
2018-07-02,41.830925,-71.350331,0.0
2018-07-03,41.830925,-71.350331,0.0
2018-07-04,41.830925,-71.350331,0.014258676440670809
2018-07-05,41.830925,-71.350331,0.0
2018-07-06,41.830925,-71.350331,16.1742391451252
2018-07-07,41.830925,-71.350331,0.0
2018-07-08,41.830925,-71.350331,0.0
2018-07-09,41.830925,-71.350331,0.0
2018-07-10,41.830925,-71.350331,0.0
2018-07-11,41.830925,-71.350331,0.044724030272880605
2018-07-12,41.830925,-71.350331,0.0
2018-07-13,41.830925,-71.350331,0.0
2018-07-14,41.830925,-71.350331,0.8831554136229821
2018-07-15,41.830925,-71.350331,2.694543425019916
2018-07-16,41.830925,-71.350331,0.0015204187997229779
2018-07-17,41.830925,-71.350331,4.5215685185929235
2018-07-18,41.830925,-71.350331,11.67598660179009
2018-07-19,41.830925,-71.350331,0.0
2018-07-20,41.830925,-71.350331,0.0
2018-07-21,41.830925,-71.350331,0.0005003343750398515
2018-07-22,41.830925,-71.350331,30.971824828463433
2018-07-23,41.830925,-71.350331,0.18626178530546023
2018-07-24,41.830925,-71.350331,0.0
2018-07-25,41.830925,-71.350331,4.3826568392569145
2018-07-26,41.830925,-71.350331,4.351400978255565
2018-07-27,41.830925,-71.350331,0.0
2018-07-28,41.830925,-71.350331,0.22524269877524436
2018-07-29,41.830925,-71.350331,2.513772311480112
2018-07-30,41.830925,-71.350331,1.5422029659577057
2018-07-31,41.830925,-71.350331,0.08379045293161821
2018-08-01,41.830925,-71.350331,0.14868350607920175
2018-08-02,41.830925,-71.350331,0.0
2018-08-03,41.830925,-71.350331,0.020433074287331203
2018-08-04,41.830925,-71.350331,42.816118481736154
2018-08-05,41.830925,-71.350331,0.0
2018-08-06,41.830925,-71.350331,0.0
2018-08-07,41.830925,-71.350331,0.0
2018-08-08,41.830925,-71.350331,2.6509803337799243
2018-08-09,41.830925,-71.350331,15.218496510214262
2018-08-10,41.830925,-71.350331,0.0
2018-08-11,41.830925,-71.350331,21.258371482850958
2018-08-12,41.830925,-71.350331,5.939330848190527
2018-08-13,41.830925,-71.350331,4.439033096879662
2018-08-14,41.830925,-71.350331,0.10538438928267208
2018-08-15,41.830925,-71.350331,0.03721844924059522
2018-08-16,41.830925,-71.350331,0.0
2018-08-17,41.830925,-71.350331,0.0
2018-08-18,41.830925,-71.350331,32.949717371211406
2018-08-19,41.830925,-71.350331,0.23876527003660736
2018-08-20,41.830925,-71.350331,0.021863304158989724
2018-08-21,41.830925,-71.350331,0.0
2018-08-22,41.830925,-71.350331,6.751942353424743
2018-08-23,41.830925,-71.350331,0.008071932780139056
2018-08-24,41.830925,-71.350331,0.0
2018-08-25,41.830925,-71.350331,0.0
2018-08-26,41.830925,-71.350331,0.0
2018-08-27,41.830925,-71.350331,0.0
2018-08-28,41.830925,-71.350331,0.03052634234916895
2018-08-29,41.830925,-71.350331,0.0
2018-08-30,41.830925,-71.350331,0.0
2018-08-31,41.830925,-71.350331,0.0
2018-09-01,41.830925,-71.350331,0.026616197722352308
2018-09-02,41.830925,-71.350331,0.0
2018-09-03,41.830925,-71.350331,0.007633171342761693
2018-09-04,41.830925,-71.350331,0.016242965749408103
2018-09-05,41.830925,-71.350331,0.003802313859159447
2018-09-06,41.830925,-71.350331,11.741567766030313
2018-09-07,41.830925,-71.350331,9.048672843537407
2018-09-08,41.830925,-71.350331,9.193051148476567
2018-09-09,41.830925,-71.350331,0.2808534812805944
2018-09-10,41.830925,-71.350331,24.308333703910154
2018-09-11,41.830925,-71.350331,0.4818625405691578
2018-09-12,41.830925,-71.350331,21.82347624423906
2018-09-13,41.830925,-71.350331,31.09732482481801
2018-09-14,41.830925,-71.350331,0.0
2018-09-15,41.830925,-71.350331,0.0
2018-09-16,41.830925,-71.350331,0.0
2018-09-17,41.830925,-71.350331,0.1400807013997788
2018-09-18,41.830925,-71.350331,18.142060650150462
2018-09-19,41.830925,-71.350331,1.34550333819013e-05
2018-09-20,41.830925,-71.350331,3.171513892615582e-06
2018-09-21,41.830925,-71.350331,0.1731124636469626
2018-09-22,41.830925,-71.350331,0.10157639378357781
2018-09-23,41.830925,-71.350331,0.034983372890404
2018-09-24,41.830925,-71.350331,1.34550333819013e-05
2018-09-25,41.830925,-71.350331,25.629597093318452
2018-09-26,41.830925,-71.350331,20.019507450936917
2018-09-27,41.830925,-71.350331,6.787328488077983
2018-09-28,41.830925,-71.350331,9.388759033748643
2018-09-29,41.830925,-71.350331,0.0
2018-09-30,41.830925,-71.350331,9.024474196925314e-05
2018-10-01,41.830925,-71.350331,0.3004197709472001
2018-10-02,41.830925,-71.350331,6.466010047248108
2018-10-03,41.830925,-71.350331,31.63138273527127
2018-10-04,41.830925,-71.350331,0.0
2018-10-05,41.830925,-71.350331,0.0
2018-10-06,41.830925,-71.350331,0.11379892882258015
2018-10-07,41.830925,-71.350331,2.2200597839049964e-05
2018-10-08,41.830925,-71.350331,0.0
2018-10-09,41.830925,-71.350331,6.977330681902025e-05
2018-10-10,41.830925,-71.350331,6.343027785231164e-06
2018-10-11,41.830925,-71.350331,9.594641825176224
2018-10-12,41.830925,-71.350331,53.0230781167646
2018-10-13,41.830925,-71.350331,4.641798443746263
2018-10-14,41.830925,-71.350331,0.003802313859159447
2018-10-15,41.830925,-71.350331,0.5374755184511614
2018-10-16,41.830925,-71.350331,1.6688859720021596
2018-10-17,41.830925,-71.350331,0.4634935752843691
2018-10-18,41.830925,-71.350331,1.34550333819013e-05
2018-10-19,41.830925,-71.350331,0.0
2018-10-20,41.830925,-71.350331,2.7097041699486706
2018-10-21,41.830925,-71.350331,3.1088561174222367
2018-10-22,41.830925,-71.350331,0.0
2018-10-23,41.830925,-71.350331,0.0872891891042693
2018-10-24,41.830925,-71.350331,0.03640519593947745
2018-10-25,41.830925,-71.350331,0.007109882804212375
2018-10-26,41.830925,-71.350331,0.0022906795266254693
2018-10-27,41.830925,-71.350331,16.55054228961448
2018-10-28,41.830925,-71.350331,9.418523617950314e-05
2018-10-29,41.830925,-71.350331,3.7842990248419137
2018-10-30,41.830925,-71.350331,0.0
2018-10-31,41.830925,-71.350331,0.0
2018-11-01,41.830925,-71.350331,0.7873257697062915
2018-11-02,41.830925,-71.350331,11.16539200765785
2018-11-03,41.830925,-71.350331,39.260408785444284
2018-11-04,41.830925,-71.350331,0.0
2018-11-05,41.830925,-71.350331,1.1736725213389294
2018-11-06,41.830925,-71.350331,21.420516436626787
2018-11-07,41.830925,-71.350331,4.377050416163824
2018-11-08,41.830925,-71.350331,1.2342358230440522
2018-11-09,41.830925,-71.350331,3.765330898342632
2018-11-10,41.830925,-71.350331,53.89634979777881
2018-11-11,41.830925,-71.350331,0.0
2018-11-12,41.830925,-71.350331,0.0
2018-11-13,41.830925,-71.350331,31.150613212528707
2018-11-14,41.830925,-71.350331,0.02414788293343967
2018-11-15,41.830925,-71.350331,10.096432178014913
2018-11-16,41.830925,-71.350331,29.08228757755649
2018-11-17,41.830925,-71.350331,0.0
2018-11-18,41.830925,-71.350331,0.0
2018-11-19,41.830925,-71.350331,0.06530518610635236
2018-11-20,41.830925,-71.350331,5.61623448074884
2018-11-21,41.830925,-71.350331,0.0
2018-11-22,41.830925,-71.350331,0.0
2018-11-23,41.830925,-71.350331,0.0
2018-11-24,41.830925,-71.350331,0.0
2018-11-25,41.830925,-71.350331,32.64707042222621
2018-11-26,41.830925,-71.350331,14.63733432544218
2018-11-27,41.830925,-71.350331,1.8179542401049833
2018-11-28,41.830925,-71.350331,0.001904328443472339
2018-11-29,41.830925,-71.350331,0.0
2018-11-30,41.830925,-71.350331,6.343027785231164e-06
2018-12-01,41.830925,-71.350331,0.017110412012099445
2018-12-02,41.830925,-71.350331,15.887957734154226
2018-12-03,41.830925,-71.350331,0.006669906999460415
2018-12-04,41.830925,-71.350331,0.0
2018-12-05,41.830925,-71.350331,0.0
2018-12-06,41.830925,-71.350331,0.0
2018-12-07,41.830925,-71.350331,0.0
2018-12-08,41.830925,-71.350331,0.0
2018-12-09,41.830925,-71.350331,0.0
2018-12-10,41.830925,-71.350331,0.00010533333111469728
2018-12-11,41.830925,-71.350331,0.0
2018-12-12,41.830925,-71.350331,0.0
2018-12-13,41.830925,-71.350331,1.8244915111302424
2018-12-14,41.830925,-71.350331,0.0
2018-12-15,41.830925,-71.350331,3.935763316515922
2018-12-16,41.830925,-71.350331,22.803900388118862
2018-12-17,41.830925,-71.350331,6.3586445819327215
2018-12-18,41.830925,-71.350331,0.0
2018-12-19,41.830925,-71.350331,0.0
2018-12-20,41.830925,-71.350331,0.0
2018-12-21,41.830925,-71.350331,50.71361239165362
2018-12-22,41.830925,-71.350331,4.6554337113407165
2018-12-23,41.830925,-71.350331,0.0
2018-12-24,41.830925,-71.350331,0.00011888398409608258
2018-12-25,41.830925,-71.350331,0.07910936076829045
2018-12-26,41.830925,-71.350331,0.0
2018-12-27,41.830925,-71.350331,0.0
2018-12-28,41.830925,-71.350331,30.938455643409466
2018-12-29,41.830925,-71.350331,2.424820341813886
2018-12-30,41.830925,-71.350331,0.0
2018-12-31,41.830925,-71.350331,4.870942335887805
2019-01-01,41.830925,-71.350331,25.493779614049306
2019-01-02,41.830925,-71.350331,0.0
2019-01-03,41.830925,-71.350331,1.493551740348311
2019-01-04,41.830925,-71.350331,0.0
2019-01-05,41.830925,-71.350331,19.203784623230753
2019-01-06,41.830925,-71.350331,1.357705019842009
2019-01-07,41.830925,-71.350331,0.0
2019-01-08,41.830925,-71.350331,1.987226417499282
2019-01-09,41.830925,-71.350331,2.724180659253368
2019-01-10,41.830925,-71.350331,0.042753717250178805
2019-01-11,41.830925,-71.350331,0.0
2019-01-12,41.830925,-71.350331,0.0
2019-01-13,41.830925,-71.350331,0.020893586193275766
2019-01-14,41.830925,-71.350331,0.0
2019-01-15,41.830925,-71.350331,0.0009505784647898618
2019-01-16,41.830925,-71.350331,0.0
2019-01-17,41.830925,-71.350331,0.0
2019-01-18,41.830925,-71.350331,0.022893171004044307
2019-01-19,41.830925,-71.350331,0.0605995611562091
2019-01-20,41.830925,-71.350331,76.16965956793615
2019-01-21,41.830925,-71.350331,0.0
2019-01-22,41.830925,-71.350331,0.0
2019-01-23,41.830925,-71.350331,0.14112729892005205
2019-01-24,41.830925,-71.350331,54.693053692710194
2019-01-25,41.830925,-71.350331,0.0
2019-01-26,41.830925,-71.350331,0.0
2019-01-27,41.830925,-71.350331,0.012098384628530736
2019-01-28,41.830925,-71.350331,0.0021253936786846395
2019-01-29,41.830925,-71.350331,0.006842419902947081
2019-01-30,41.830925,-71.350331,3.4374774765893745
2019-01-31,41.830925,-71.350331,0.0
2019-02-01,41.830925,-71.350331,0.0
2019-02-02,41.830925,-71.350331,0.0
2019-02-03,41.830925,-71.350331,0.04877320481129857
2019-02-04,41.830925,-71.350331,0.0
2019-02-05,41.830925,-71.350331,0.0
2019-02-06,41.830925,-71.350331,0.07973397345546838
2019-02-07,41.830925,-71.350331,15.706526215547841
2019-02-08,41.830925,-71.350331,19.114022078886435
2019-02-09,41.830925,-71.350331,0.0
2019-02-10,41.830925,-71.350331,0.0
2019-02-11,41.830925,-71.350331,0.008590092659459233
2019-02-12,41.830925,-71.350331,13.150012387461643
2019-02-13,41.830925,-71.350331,23.124807304565753
2019-02-14,41.830925,-71.350331,0.03231966886520958
2019-02-15,41.830925,-71.350331,2.5454084032287714
2019-02-16,41.830925,-71.350331,1.6918939910804935
2019-02-17,41.830925,-71.350331,0.0
2019-02-18,41.830925,-71.350331,9.618075281174253
2019-02-19,41.830925,-71.350331,0.0
2019-02-20,41.830925,-71.350331,0.06261719861476545
2019-02-21,41.830925,-71.350331,6.539258317777871
2019-02-22,41.830925,-71.350331,3.919156287295534
2019-02-23,41.830925,-71.350331,0.0
2019-02-24,41.830925,-71.350331,27.36725075671295
2019-02-25,41.830925,-71.350331,0.0
2019-02-26,41.830925,-71.350331,0.0
2019-02-27,41.830925,-71.350331,0.10277741270506659
2019-02-28,41.830925,-71.350331,1.0553014203845408
2019-03-01,41.830925,-71.350331,0.015272685721578985
2019-03-02,41.830925,-71.350331,6.517912148943316
2019-03-03,41.830925,-71.350331,0.27955853233448347
2019-03-04,41.830925,-71.350331,47.24616195726177
2019-03-05,41.830925,-71.350331,0.0
2019-03-06,41.830925,-71.350331,0.0
2019-03-07,41.830925,-71.350331,0.0
2019-03-08,41.830925,-71.350331,0.01791901022349677
2019-03-09,41.830925,-71.350331,0.0
2019-03-10,41.830925,-71.350331,4.681828861490705
2019-03-11,41.830925,-71.350331,0.7784933544670645
2019-03-12,41.830925,-71.350331,0.0
2019-03-13,41.830925,-71.350331,0.0009505784647898618
2019-03-14,41.830925,-71.350331,1.8107588333228053
2019-03-15,41.830925,-71.350331,10.804460993449515
2019-03-16,41.830925,-71.350331,2.5167873943549757
2019-03-17,41.830925,-71.350331,0.0
2019-03-18,41.830925,-71.350331,0.0
2019-03-19,41.830925,-71.350331,0.0
2019-03-20,41.830925,-71.350331,0.0
2019-03-21,41.830925,-71.350331,0.13768797196026167
2019-03-22,41.830925,-71.350331,17.411944624634174
2019-03-23,41.830925,-71.350331,0.2161090797058663
2019-03-24,41.830925,-71.350331,0.04653689301895844
2019-03-25,41.830925,-71.350331,0.030668017926051915
2019-03-26,41.830925,-71.350331,0.0
2019-03-27,41.830925,-71.350331,0.008065589752353825
2019-03-28,41.830925,-71.350331,0.0
2019-03-29,41.830925,-71.350331,0.639509975894558
2019-03-30,41.830925,-71.350331,0.009537499431525216
2019-03-31,41.830925,-71.350331,2.5373336754331186
2019-04-01,41.830925,-71.350331,0.0
2019-04-02,41.830925,-71.350331,0.0
2019-04-03,41.830925,-71.350331,27.790754166292523
2019-04-04,41.830925,-71.350331,0.0
2019-04-05,41.830925,-71.350331,0.8261514373639841
2019-04-06,41.830925,-71.350331,2.1550100226712328
2019-04-07,41.830925,-71.350331,0.0
2019-04-08,41.830925,-71.350331,14.607423436286766
2019-04-09,41.830925,-71.350331,2.92158391743575
2019-04-10,41.830925,-71.350331,0.0
2019-04-11,41.830925,-71.350331,0.09871688552693828
2019-04-12,41.830925,-71.350331,0.03240212539229144
2019-04-13,41.830925,-71.350331,22.130178504403002
2019-04-14,41.830925,-71.350331,0.07354493847919263
2019-04-15,41.830925,-71.350331,18.40504412621758
2019-04-16,41.830925,-71.350331,0.0
2019-04-17,41.830925,-71.350331,6.343027785231164e-06
2019-04-18,41.830925,-71.350331,0.2640413932063776
2019-04-19,41.830925,-71.350331,3.0081580656416557e-05
2019-04-20,41.830925,-71.350331,24.068632680120555
2019-04-21,41.830925,-71.350331,7.896161403551219
2019-04-22,41.830925,-71.350331,8.569184803861711
2019-04-23,41.830925,-71.350331,1.1479081138387985
2019-04-24,41.830925,-71.350331,3.1592510143661956
2019-04-25,41.830925,-71.350331,0.4931273141506129
2019-04-26,41.830925,-71.350331,19.257565277344426
2019-04-27,41.830925,-71.350331,10.0772735781959
2019-04-28,41.830925,-71.350331,1.8645973147298671
2019-04-29,41.830925,-71.350331,0.1723620040165154
2019-04-30,41.830925,-71.350331,5.004529425346896
2019-05-01,41.830925,-71.350331,0.022357200817032616
2019-05-02,41.830925,-71.350331,0.5655800438774273
2019-05-03,41.830925,-71.350331,1.8862827276205336
2019-05-04,41.830925,-71.350331,4.134594266390538
2019-05-05,41.830925,-71.350331,16.723556838644274
2019-05-06,41.830925,-71.350331,13.373609405454019
2019-05-07,41.830925,-71.350331,0.0
2019-05-08,41.830925,-71.350331,1.4805982543591354
2019-05-09,41.830925,-71.350331,6.343027785231164e-06
2019-05-10,41.830925,-71.350331,1.4731081352286184
2019-05-11,41.830925,-71.350331,0.35563676293569385
2019-05-12,41.830925,-71.350331,29.98499469949997
2019-05-13,41.830925,-71.350331,3.8489650008663365
2019-05-14,41.830925,-71.350331,3.2054445602352306
2019-05-15,41.830925,-71.350331,0.0
2019-05-16,41.830925,-71.350331,0.009982604250805886
2019-05-17,41.830925,-71.350331,1.835830504192812
2019-05-18,41.830925,-71.350331,0.010713255940451222
2019-05-19,41.830925,-71.350331,1.2686055570462328e-05
2019-05-20,41.830925,-71.350331,6.813781286876961
2019-05-21,41.830925,-71.350331,2.220059547608684e-05
2019-05-22,41.830925,-71.350331,0.0
2019-05-23,41.830925,-71.350331,0.2994344657093596
2019-05-24,41.830925,-71.350331,0.3907401126461877
2019-05-25,41.830925,-71.350331,0.04436074438911264
2019-05-26,41.830925,-71.350331,1.0172788351733897
2019-05-27,41.830925,-71.350331,0.08817839289995791
2019-05-28,41.830925,-71.350331,0.24960183147792753
2019-05-29,41.830925,-71.350331,1.5172596716729503
2019-05-30,41.830925,-71.350331,5.103839154704698
2019-05-31,41.830925,-71.350331,5.80985103531829
2019-06-01,41.830925,-71.350331,0.0004574711500217876
2019-06-02,41.830925,-71.350331,0.048981699518862144
2019-06-03,41.830925,-71.350331,2.122831757634808
2019-06-04,41.830925,-71.350331,0.0
2019-06-05,41.830925,-71.350331,0.16069579691573038
2019-06-06,41.830925,-71.350331,1.7077790896717857
2019-06-07,41.830925,-71.350331,0.10931652362789322
2019-06-08,41.830925,-71.350331,9.197390229510882e-05
2019-06-09,41.830925,-71.350331,0.0
2019-06-10,41.830925,-71.350331,0.28979232132253885
2019-06-11,41.830925,-71.350331,23.649917204107602
2019-06-12,41.830925,-71.350331,0.0
2019-06-13,41.830925,-71.350331,19.928881237477555
2019-06-14,41.830925,-71.350331,5.38201335276052e-05
2019-06-15,41.830925,-71.350331,0.0009537499786824773
2019-06-16,41.830925,-71.350331,3.208791727206781
2019-06-17,41.830925,-71.350331,0.23288664563027092
2019-06-18,41.830925,-71.350331,11.309852442918439
2019-06-19,41.830925,-71.350331,0.29503923338300353
2019-06-20,41.830925,-71.350331,3.517318647787498
2019-06-21,41.830925,-71.350331,15.368775805624313
2019-06-22,41.830925,-71.350331,0.35466109109950783
2019-06-23,41.830925,-71.350331,0.0
2019-06-24,41.830925,-71.350331,1.9259036067478086
2019-06-25,41.830925,-71.350331,11.908360184028288
2019-06-26,41.830925,-71.350331,0.0
2019-06-27,41.830925,-71.350331,0.0
2019-06-28,41.830925,-71.350331,0.004752892146890271
2019-06-29,41.830925,-71.350331,14.269568979771094
2019-06-30,41.830925,-71.350331,5.26939229701401
2019-07-01,41.830925,-71.350331,0.056459129768809964
2019-07-02,41.830925,-71.350331,0.2182891901044725
2019-07-03,41.830925,-71.350331,0.019999999552965164
2019-07-04,41.830925,-71.350331,0.04359821901187344
2019-07-05,41.830925,-71.350331,0.0
2019-07-06,41.830925,-71.350331,2.003007115366959
2019-07-07,41.830925,-71.350331,3.3349974558518025
2019-07-08,41.830925,-71.350331,0.006654049430588077
2019-07-09,41.830925,-71.350331,0.0
2019-07-10,41.830925,-71.350331,0.0
2019-07-11,41.830925,-71.350331,0.04586667464199897
2019-07-12,41.830925,-71.350331,21.111409454916004
2019-07-13,41.830925,-71.350331,0.0
2019-07-14,41.830925,-71.350331,0.0
2019-07-15,41.830925,-71.350331,0.0
2019-07-16,41.830925,-71.350331,0.0
2019-07-17,41.830925,-71.350331,3.879645308241322
2019-07-18,41.830925,-71.350331,3.925907212929224
2019-07-19,41.830925,-71.350331,3.171513892615582e-06
2019-07-20,41.830925,-71.350331,3.325309454903398e-05
2019-07-21,41.830925,-71.350331,0.5135499232014922
2019-07-22,41.830925,-71.350331,1.5371954359833124
2019-07-23,41.830925,-71.350331,58.47360171713005
2019-07-24,41.830925,-71.350331,15.466207956373815
2019-07-25,41.830925,-71.350331,0.0
2019-07-26,41.830925,-71.350331,0.0
2019-07-27,41.830925,-71.350331,0.214081877792602
2019-07-28,41.830925,-71.350331,0.0
2019-07-29,41.830925,-71.350331,1.5701029243730085
2019-07-30,41.830925,-71.350331,0.0
2019-07-31,41.830925,-71.350331,0.00014800536970710487
2019-08-01,41.830925,-71.350331,0.2259748243096897
2019-08-02,41.830925,-71.350331,0.0
2019-08-03,41.830925,-71.350331,1.7551738509670276
2019-08-04,41.830925,-71.350331,0.5202439903043705
2019-08-05,41.830925,-71.350331,0.0
2019-08-06,41.830925,-71.350331,3.602087297717406
2019-08-07,41.830925,-71.350331,0.7403067480495854
2019-08-08,41.830925,-71.350331,3.3643708939601455
2019-08-09,41.830925,-71.350331,0.31042354044591225
2019-08-10,41.830925,-71.350331,0.22233117542653744
2019-08-11,41.830925,-71.350331,0.0
2019-08-12,41.830925,-71.350331,0.0
2019-08-13,41.830925,-71.350331,8.164668298607939
2019-08-14,41.830925,-71.350331,0.3102364092765897
2019-08-15,41.830925,-71.350331,0.08389655524333701
2019-08-16,41.830925,-71.350331,0.0
2019-08-17,41.830925,-71.350331,0.6383696975026119
2019-08-18,41.830925,-71.350331,0.4978233079260631
2019-08-19,41.830925,-71.350331,14.341986316472433
2019-08-20,41.830925,-71.350331,0.003802313859159447
2019-08-21,41.830925,-71.350331,3.838132851408196
2019-08-22,41.830925,-71.350331,8.997728265171345
2019-08-23,41.830925,-71.350331,4.019744641167891
2019-08-24,41.830925,-71.350331,0.0028549069082622024
2019-08-25,41.830925,-71.350331,0.0
2019-08-26,41.830925,-71.350331,0.0
2019-08-27,41.830925,-71.350331,4.613239333844518
2019-08-28,41.830925,-71.350331,23.29866875699181
2019-08-29,41.830925,-71.350331,13.761906070462135
2019-08-30,41.830925,-71.350331,0.0
2019-08-31,41.830925,-71.350331,0.0
2019-09-01,41.830925,-71.350331,0.06277907550577246
2019-09-02,41.830925,-71.350331,12.921747161817864
2019-09-03,41.830925,-71.350331,0.02499619026654265
2019-09-04,41.830925,-71.350331,0.9506010053826999
2019-09-05,41.830925,-71.350331,0.0009672050120643786
2019-09-06,41.830925,-71.350331,6.710171553763714
2019-09-07,41.830925,-71.350331,9.444182651605196
2019-09-08,41.830925,-71.350331,0.0
2019-09-09,41.830925,-71.350331,0.12791508768845117
2019-09-10,41.830925,-71.350331,0.0
2019-09-11,41.830925,-71.350331,0.017156128683854688
2019-09-12,41.830925,-71.350331,4.894148207797445
2019-09-13,41.830925,-71.350331,0.0
2019-09-14,41.830925,-71.350331,0.006890873298331729
2019-09-15,41.830925,-71.350331,0.09696192530852425
2019-09-16,41.830925,-71.350331,3.171513892615582e-06
2019-09-17,41.830925,-71.350331,0.0
2019-09-18,41.830925,-71.350331,0.0
2019-09-19,41.830925,-71.350331,0.0
2019-09-20,41.830925,-71.350331,0.0
2019-09-21,41.830925,-71.350331,0.0
2019-09-22,41.830925,-71.350331,0.0
2019-09-23,41.830925,-71.350331,0.0
2019-09-24,41.830925,-71.350331,5.412048720938283
2019-09-25,41.830925,-71.350331,0.0
2019-09-26,41.830925,-71.350331,2.7009754148149234
2019-09-27,41.830925,-71.350331,0.0
2019-09-28,41.830925,-71.350331,0.0
2019-09-29,41.830925,-71.350331,0.06541031553898596
2019-09-30,41.830925,-71.350331,0.003079334822006563
2019-10-01,41.830925,-71.350331,0.0
2019-10-02,41.830925,-71.350331,0.11034619953225158
2019-10-03,41.830925,-71.350331,0.7707115910546272
2019-10-04,41.830925,-71.350331,0.03566179492227131
2019-10-05,41.830925,-71.350331,0.0
2019-10-06,41.830925,-71.350331,0.0
2019-10-07,41.830925,-71.350331,0.027620278082974306
2019-10-08,41.830925,-71.350331,2.906040515130101
2019-10-09,41.830925,-71.350331,18.555651976417277
2019-10-10,41.830925,-71.350331,14.010342104063204
2019-10-11,41.830925,-71.350331,0.3087653118437652
2019-10-12,41.830925,-71.350331,0.0009505784647898618
2019-10-13,41.830925,-71.350331,0.0
2019-10-14,41.830925,-71.350331,0.1047290735786769
2019-10-15,41.830925,-71.350331,0.0
2019-10-16,41.830925,-71.350331,3.7824215491853264
2019-10-17,41.830925,-71.350331,40.4852542202676
2019-10-18,41.830925,-71.350331,0.0
2019-10-19,41.830925,-71.350331,0.0
2019-10-20,41.830925,-71.350331,2.7385488413190693
2019-10-21,41.830925,-71.350331,4.893319579255185
2019-10-22,41.830925,-71.350331,0.11935396843329024
2019-10-23,41.830925,-71.350331,1.7322648829684502
2019-10-24,41.830925,-71.350331,0.0
2019-10-25,41.830925,-71.350331,0.002851735394369587
2019-10-26,41.830925,-71.350331,0.23246092194215662
2019-10-27,41.830925,-71.350331,43.82502853140484
2019-10-28,41.830925,-71.350331,0.0
2019-10-29,41.830925,-71.350331,0.0
2019-10-30,41.830925,-71.350331,0.02399636906953383
2019-10-31,41.830925,-71.350331,8.935043512636497
2019-11-01,41.830925,-71.350331,0.7890516488496363
2019-11-02,41.830925,-71.350331,0.0
2019-11-03,41.830925,-71.350331,0.0
2019-11-04,41.830925,-71.350331,0.0
2019-11-05,41.830925,-71.350331,9.80721168567176
2019-11-06,41.830925,-71.350331,0.008555206006049722
2019-11-07,41.830925,-71.350331,2.5067825991137647
2019-11-08,41.830925,-71.350331,4.348543734320864
2019-11-09,41.830925,-71.350331,0.0
2019-11-10,41.830925,-71.350331,1.2686055570462328e-05
2019-11-11,41.830925,-71.350331,0.016158089571471454
2019-11-12,41.830925,-71.350331,9.793193911225599
2019-11-13,41.830925,-71.350331,0.9289116688536038
2019-11-14,41.830925,-71.350331,0.0
2019-11-15,41.830925,-71.350331,0.053448915186182555
2019-11-16,41.830925,-71.350331,0.0
2019-11-17,41.830925,-71.350331,0.48112047519960144
2019-11-18,41.830925,-71.350331,4.215967132840243
2019-11-19,41.830925,-71.350331,1.1999110406477527
2019-11-20,41.830925,-71.350331,0.8956877105850308
2019-11-21,41.830925,-71.350331,0.0
2019-11-22,41.830925,-71.350331,9.358900327862166
2019-11-23,41.830925,-71.350331,0.0
2019-11-24,41.830925,-71.350331,37.78597067728182
2019-11-25,41.830925,-71.350331,0.2158923050941151
2019-11-26,41.830925,-71.350331,0.0
2019-11-27,41.830925,-71.350331,4.599312780932603
2019-11-28,41.830925,-71.350331,3.4242053328979614
2019-11-29,41.830925,-71.350331,0.0
2019-11-30,41.830925,-71.350331,1.34550333819013e-05
2019-12-01,41.830925,-71.350331,6.684775487527091
2019-12-02,41.830925,-71.350331,6.188634950545859
2019-12-03,41.830925,-71.350331,0.6525962699577229
2019-12-04,41.830925,-71.350331,0.010067274935873501
2019-12-05,41.830925,-71.350331,0.0
2019-12-06,41.830925,-71.350331,0.03415832480350524
2019-12-07,41.830925,-71.350331,0.0
2019-12-08,41.830925,-71.350331,0.0
2019-12-09,41.830925,-71.350331,23.738299002900753
2019-12-10,41.830925,-71.350331,45.17800515622854
2019-12-11,41.830925,-71.350331,8.79396886721817
2019-12-12,41.830925,-71.350331,0.0
2019-12-13,41.830925,-71.350331,1.1426723330130653
2019-12-14,41.830925,-71.350331,64.16501577616134
2019-12-15,41.830925,-71.350331,0.15362597170095402
2019-12-16,41.830925,-71.350331,0.0
2019-12-17,41.830925,-71.350331,23.196722431929494
2019-12-18,41.830925,-71.350331,1.242078343413694
2019-12-19,41.830925,-71.350331,0.0
2019-12-20,41.830925,-71.350331,0.0
2019-12-21,41.830925,-71.350331,0.0
2019-12-22,41.830925,-71.350331,0.00010927382473420455
2019-12-23,41.830925,-71.350331,0.1146175840575589
2019-12-24,41.830925,-71.350331,0.0
2019-12-25,41.830925,-71.350331,0.0
2019-12-26,41.830925,-71.350331,0.11788452551716311
2019-12-27,41.830925,-71.350331,0.7603790052140346
2019-12-28,41.830925,-71.350331,0.0
2019-12-29,41.830925,-71.350331,0.5557977713413846
2019-12-30,41.830925,-71.350331,31.368998790791814
2019-12-31,41.830925,-71.350331,0.0019818871298711294
2020-01-01,41.830925,-71.350331,0.010456363289747523
2020-01-02,41.830925,-71.350331,0.23038060146910844
2020-01-03,41.830925,-71.350331,6.6813777102115735
2020-01-04,41.830925,-71.350331,13.390379708629887
2020-01-05,41.830925,-71.350331,3.0711181646991466
2020-01-06,41.830925,-71.350331,0.0
2020-01-07,41.830925,-71.350331,0.0
2020-01-08,41.830925,-71.350331,1.3339450618635222
2020-01-09,41.830925,-71.350331,0.0
2020-01-10,41.830925,-71.350331,0.25354657060476654
2020-01-11,41.830925,-71.350331,0.6621150928090451
2020-01-12,41.830925,-71.350331,2.5149096919290725
2020-01-13,41.830925,-71.350331,2.6254151455740677
2020-01-14,41.830925,-71.350331,0.2965849300916663
2020-01-15,41.830925,-71.350331,0.0019074999573649547
2020-01-16,41.830925,-71.350331,0.2545354322352448
2020-01-17,41.830925,-71.350331,0.0
2020-01-18,41.830925,-71.350331,0.6620070324487835
2020-01-19,41.830925,-71.350331,1.7093745380243324
2020-01-20,41.830925,-71.350331,0.0
2020-01-21,41.830925,-71.350331,0.0
2020-01-22,41.830925,-71.350331,0.0
2020-01-23,41.830925,-71.350331,0.0
2020-01-24,41.830925,-71.350331,0.11450831181086274
2020-01-25,41.830925,-71.350331,5.1176934604020845
2020-01-26,41.830925,-71.350331,18.32485573910152
2020-01-27,41.830925,-71.350331,0.0
2020-01-28,41.830925,-71.350331,0.0
2020-01-29,41.830925,-71.350331,0.0
2020-01-30,41.830925,-71.350331,0.0
2020-01-31,41.830925,-71.350331,0.0795564152118381
2020-02-01,41.830925,-71.350331,2.205804007267571
2020-02-02,41.830925,-71.350331,0.2941171693683587
2020-02-03,41.830925,-71.350331,0.0
2020-02-04,41.830925,-71.350331,2.9960957702778725
2020-02-05,41.830925,-71.350331,2.4468995335554506
2020-02-06,41.830925,-71.350331,9.864464519161894
2020-02-07,41.830925,-71.350331,28.273374807041996
2020-02-08,41.830925,-71.350331,0.0
2020-02-09,41.830925,-71.350331,0.0
2020-02-10,41.830925,-71.350331,7.63729500736437
2020-02-11,41.830925,-71.350331,12.915124250035857
2020-02-12,41.830925,-71.350331,0.3577248671151067
2020-02-13,41.830925,-71.350331,24.490394180473736
2020-02-14,41.830925,-71.350331,0.7617369437713424
2020-02-15,41.830925,-71.350331,0.0
2020-02-16,41.830925,-71.350331,0.0
2020-02-17,41.830925,-71.350331,0.0
2020-02-18,41.830925,-71.350331,0.33109626977316514
2020-02-19,41.830925,-71.350331,2.4708503721750876
2020-02-20,41.830925,-71.350331,0.0
2020-02-21,41.830925,-71.350331,0.0
2020-02-22,41.830925,-71.350331,0.0
2020-02-23,41.830925,-71.350331,0.0
2020-02-24,41.830925,-71.350331,0.0
2020-02-25,41.830925,-71.350331,1.4360018882428551
2020-02-26,41.830925,-71.350331,0.15684678896325313
2020-02-27,41.830925,-71.350331,19.251190425981065
2020-02-28,41.830925,-71.350331,0.024438959852923298
2020-02-29,41.830925,-71.350331,0.0
2020-03-01,41.830925,-71.350331,0.0
2020-03-02,41.830925,-71.350331,0.0019106714712575704
2020-03-03,41.830925,-71.350331,32.22493000962587
2020-03-04,41.830925,-71.350331,4.179610267500923
2020-03-05,41.830925,-71.350331,0.01141962763304881
2020-03-06,41.830925,-71.350331,1.9712180234571541
2020-03-07,41.830925,-71.350331,4.132501090469104
2020-03-08,41.830925,-71.350331,0.0
2020-03-09,41.830925,-71.350331,0.016184999638235255
2020-03-10,41.830925,-71.350331,0.16232752763132802
2020-03-11,41.830925,-71.350331,0.08353628660639167
2020-03-12,41.830925,-71.350331,2.69100667638026e-05
2020-03-13,41.830925,-71.350331,1.231314740263376
2020-03-14,41.830925,-71.350331,0.0
2020-03-15,41.830925,-71.350331,0.09736745422250381
2020-03-16,41.830925,-71.350331,0.1896238349929062
2020-03-17,41.830925,-71.350331,0.00024238180470000092
2020-03-18,41.830925,-71.350331,0.0
2020-03-19,41.830925,-71.350331,9.269680374457344
2020-03-20,41.830925,-71.350331,2.353994977211344
2020-03-21,41.830925,-71.350331,0.1687037238976868
2020-03-22,41.830925,-71.350331,0.0
2020-03-23,41.830925,-71.350331,27.68959860487413
2020-03-24,41.830925,-71.350331,35.950941900544855
2020-03-25,41.830925,-71.350331,0.07018433537141103
2020-03-26,41.830925,-71.350331,1.34550333819013e-05
2020-03-27,41.830925,-71.350331,0.9543334449587324
2020-03-28,41.830925,-71.350331,7.907583056789073
2020-03-29,41.830925,-71.350331,8.472625979268141
2020-03-30,41.830925,-71.350331,3.1799674840649796
2020-03-31,41.830925,-71.350331,0.019933493363867096
2020-04-01,41.830925,-71.350331,0.004983373340966774
2020-04-02,41.830925,-71.350331,6.049554850129495
2020-04-03,41.830925,-71.350331,11.411363203769925
2020-04-04,41.830925,-71.350331,0.2946480908266246
2020-04-05,41.830925,-71.350331,0.0
2020-04-06,41.830925,-71.350331,0.022880390760527097
2020-04-07,41.830925,-71.350331,0.0
2020-04-08,41.830925,-71.350331,2.79972709018825
2020-04-09,41.830925,-71.350331,12.945638788357131
2020-04-10,41.830925,-71.350331,0.23833325792459564
2020-04-11,41.830925,-71.350331,0.0
2020-04-12,41.830925,-71.350331,0.27418363413276337
2020-04-13,41.830925,-71.350331,35.95223934131861
2020-04-14,41.830925,-71.350331,0.001904328443472339
2020-04-15,41.830925,-71.350331,5.642241914114706
2020-04-16,41.830925,-71.350331,0.0
2020-04-17,41.830925,-71.350331,1.9851808341405481
2020-04-18,41.830925,-71.350331,13.766937439105634
2020-04-19,41.830925,-71.350331,0.9876787675248863
2020-04-20,41.830925,-71.350331,1.061253547251099
2020-04-21,41.830925,-71.350331,10.130118620492212
2020-04-22,41.830925,-71.350331,0.0
2020-04-23,41.830925,-71.350331,0.15403960211611492
2020-04-24,41.830925,-71.350331,29.390183485398442
2020-04-25,41.830925,-71.350331,0.05050210987364488
2020-04-26,41.830925,-71.350331,6.510604734212949
2020-04-27,41.830925,-71.350331,0.20587497261008425
2020-04-28,41.830925,-71.350331,0.015209255436637788
2020-04-29,41.830925,-71.350331,0.0
2020-04-30,41.830925,-71.350331,8.552245367352722
2020-05-01,41.830925,-71.350331,19.26507801354806
2020-05-02,41.830925,-71.350331,0.346309919831787
2020-05-03,41.830925,-71.350331,0.5540604780705438
2020-05-04,41.830925,-71.350331,5.381467089100185
2020-05-05,41.830925,-71.350331,0.0
2020-05-06,41.830925,-71.350331,0.49601280401925946
2020-05-07,41.830925,-71.350331,1.8077666496771636
2020-05-08,41.830925,-71.350331,2.03624360990458
2020-05-09,41.830925,-71.350331,4.388201102558687
2020-05-10,41.830925,-71.350331,0.012098384628530736
2020-05-11,41.830925,-71.350331,0.7932863944667141
2020-05-12,41.830925,-71.350331,0.0009553073625964137
2020-05-13,41.830925,-71.350331,0.0009569214925750929
2020-05-14,41.830925,-71.350331,0.00036578404623324734
2020-05-15,41.830925,-71.350331,4.464183812378938
2020-05-16,41.830925,-71.350331,12.2743486234123
2020-05-17,41.830925,-71.350331,0.008785686271900583
2020-05-18,41.830925,-71.350331,0.31086401531227825
2020-05-19,41.830925,-71.350331,0.11195445272904463
2020-05-20,41.830925,-71.350331,1.5857568872337455e-05
2020-05-21,41.830925,-71.350331,0.0
2020-05-22,41.830925,-71.350331,0.0
2020-05-23,41.830925,-71.350331,16.302185135588413
2020-05-24,41.830925,-71.350331,0.1219531367203784
2020-05-25,41.830925,-71.350331,0.7139103057158198
2020-05-26,41.830925,-71.350331,0.0
2020-05-27,41.830925,-71.350331,0.0
2020-05-28,41.830925,-71.350331,0.0
2020-05-29,41.830925,-71.350331,0.2719236676202744
2020-05-30,41.830925,-71.350331,2.784003331506999
2020-05-31,41.830925,-71.350331,0.0
2020-06-01,41.830925,-71.350331,0.0
2020-06-02,41.830925,-71.350331,1.8933045607585934
2020-06-03,41.830925,-71.350331,2.900610074159906
2020-06-04,41.830925,-71.350331,0.3805073070434519
2020-06-05,41.830925,-71.350331,16.179876813143668
2020-06-06,41.830925,-71.350331,20.078443679550674
2020-06-07,41.830925,-71.350331,0.0
2020-06-08,41.830925,-71.350331,0.0
2020-06-09,41.830925,-71.350331,0.0
2020-06-10,41.830925,-71.350331,0.3830039441003269
2020-06-11,41.830925,-71.350331,14.825175323596891
2020-06-12,41.830925,-71.350331,0.2913877800917961
2020-06-13,41.830925,-71.350331,0.0
2020-06-14,41.830925,-71.350331,0.0
2020-06-15,41.830925,-71.350331,0.03540187957311416
2020-06-16,41.830925,-71.350331,0.0
2020-06-17,41.830925,-71.350331,0.0
2020-06-18,41.830925,-71.350331,0.000386924712621306
2020-06-19,41.830925,-71.350331,0.0
2020-06-20,41.830925,-71.350331,0.0
2020-06-21,41.830925,-71.350331,0.08563696723557135
2020-06-22,41.830925,-71.350331,0.05646664478239787
2020-06-23,41.830925,-71.350331,0.017110412012099445
2020-06-24,41.830925,-71.350331,0.04182545315899009
2020-06-25,41.830925,-71.350331,0.0
2020-06-26,41.830925,-71.350331,1.8021684589446756
2020-06-27,41.830925,-71.350331,18.006745403373912
2020-06-28,41.830925,-71.350331,6.20074161992404
2020-06-29,41.830925,-71.350331,5.215085804072503
2020-06-30,41.830925,-71.350331,1.2758309646568988
2020-07-01,41.830925,-71.350331,6.667001557216264
2020-07-02,41.830925,-71.350331,0.24498371153342285
2020-07-03,41.830925,-71.350331,3.0825633672229578
2020-07-04,41.830925,-71.350331,0.9640289840973357
2020-07-05,41.830925,-71.350331,0.0
2020-07-06,41.830925,-71.350331,1.2686055570462328e-05
2020-07-07,41.830925,-71.350331,0.0
2020-07-08,41.830925,-71.350331,0.4056532911727906
2020-07-09,41.830925,-71.350331,0.0
2020-07-10,41.830925,-71.350331,0.016182033613971504
2020-07-11,41.830925,-71.350331,0.18481711276425095
2020-07-12,41.830925,-71.350331,0.0
2020-07-13,41.830925,-71.350331,2.9650848510057974
2020-07-14,41.830925,-71.350331,5.035920306374734
2020-07-15,41.830925,-71.350331,0.016312067099450336
2020-07-16,41.830925,-71.350331,0.0
2020-07-17,41.830925,-71.350331,4.689627853945631
2020-07-18,41.830925,-71.350331,0.0
2020-07-19,41.830925,-71.350331,0.0
2020-07-20,41.830925,-71.350331,3.020227948181705
2020-07-21,41.830925,-71.350331,0.0
2020-07-22,41.830925,-71.350331,1.609010923633074
2020-07-23,41.830925,-71.350331,7.670582476576456
2020-07-24,41.830925,-71.350331,1.9820283861148207
2020-07-25,41.830925,-71.350331,0.001993130831874832
2020-07-26,41.830925,-71.350331,0.0
2020-07-27,41.830925,-71.350331,0.0
2020-07-28,41.830925,-71.350331,8.945875746706426
2020-07-29,41.830925,-71.350331,0.0
2020-07-30,41.830925,-71.350331,0.03884748417442847
2020-07-31,41.830925,-71.350331,6.595445534948995
2020-08-01,41.830925,-71.350331,1.5857568872337455e-05
2020-08-02,41.830925,-71.350331,0.06014170322320446
2020-08-03,41.830925,-71.350331,0.0
2020-08-04,41.830925,-71.350331,2.2394883899111666
2020-08-05,41.830925,-71.350331,0.0
2020-08-06,41.830925,-71.350331,0.05052020931985869
2020-08-07,41.830925,-71.350331,0.8090362457968395
2020-08-08,41.830925,-71.350331,0.02165568287342793
2020-08-09,41.830925,-71.350331,0.0
2020-08-10,41.830925,-71.350331,0.0
2020-08-11,41.830925,-71.350331,0.0
2020-08-12,41.830925,-71.350331,0.013097849048368498
2020-08-13,41.830925,-71.350331,1.3961003685240994
2020-08-14,41.830925,-71.350331,0.1511216322089265
2020-08-15,41.830925,-71.350331,0.031806757378221556
2020-08-16,41.830925,-71.350331,21.53083857683735
2020-08-17,41.830925,-71.350331,5.851997588735404
2020-08-18,41.830925,-71.350331,10.44230800514569
2020-08-19,41.830925,-71.350331,1.2313343934943308
2020-08-20,41.830925,-71.350331,0.0
2020-08-21,41.830925,-71.350331,0.0
2020-08-22,41.830925,-71.350331,7.084143513826222
2020-08-23,41.830925,-71.350331,0.0
2020-08-24,41.830925,-71.350331,1.9881075058468118
2020-08-25,41.830925,-71.350331,0.3500499878007268
2020-08-26,41.830925,-71.350331,0.0
2020-08-27,41.830925,-71.350331,13.521565736427721
2020-08-28,41.830925,-71.350331,0.343755553383446
2020-08-29,41.830925,-71.350331,8.134770368924494
2020-08-30,41.830925,-71.350331,0.2554654044066466
2020-08-31,41.830925,-71.350331,0.18140675482085922
2020-09-01,41.830925,-71.350331,0.020079417699507274
2020-09-02,41.830925,-71.350331,5.543257012147468
2020-09-03,41.830925,-71.350331,0.8554044889422285
2020-09-04,41.830925,-71.350331,0.030517389874332206
2020-09-05,41.830925,-71.350331,0.0
2020-09-06,41.830925,-71.350331,0.0
2020-09-07,41.830925,-71.350331,0.0
2020-09-08,41.830925,-71.350331,0.0
2020-09-09,41.830925,-71.350331,4.05995846201336
2020-09-10,41.830925,-71.350331,8.386999490869421
2020-09-11,41.830925,-71.350331,0.6279506172180928
2020-09-12,41.830925,-71.350331,0.0
2020-09-13,41.830925,-71.350331,0.0
2020-09-14,41.830925,-71.350331,3.9631633231456096
2020-09-15,41.830925,-71.350331,0.0
2020-09-16,41.830925,-71.350331,0.0
2020-09-17,41.830925,-71.350331,0.0
2020-09-18,41.830925,-71.350331,11.163020441023088
2020-09-19,41.830925,-71.350331,0.0
2020-09-20,41.830925,-71.350331,0.0
2020-09-21,41.830925,-71.350331,0.0
2020-09-22,41.830925,-71.350331,0.0
2020-09-23,41.830925,-71.350331,0.0
2020-09-24,41.830925,-71.350331,0.016213750170551475
2020-09-25,41.830925,-71.350331,0.0
2020-09-26,41.830925,-71.350331,0.011406941577478348
2020-09-27,41.830925,-71.350331,0.0
2020-09-28,41.830925,-71.350331,4.2178509374193265
2020-09-29,41.830925,-71.350331,0.3587881830046679
2020-09-30,41.830925,-71.350331,17.41923898837059
2020-10-01,41.830925,-71.350331,0.0
2020-10-02,41.830925,-71.350331,0.0
2020-10-03,41.830925,-71.350331,0.0
2020-10-04,41.830925,-71.350331,0.0
2020-10-05,41.830925,-71.350331,1.613022937203143
2020-10-06,41.830925,-71.350331,0.0
2020-10-07,41.830925,-71.350331,2.5548472212908773
2020-10-08,41.830925,-71.350331,0.06565651710579384
2020-10-09,41.830925,-71.350331,0.0
2020-10-10,41.830925,-71.350331,3.325309454903398e-05
2020-10-11,41.830925,-71.350331,6.343027785231164e-06
2020-10-12,41.830925,-71.350331,21.67053864258051
2020-10-13,41.830925,-71.350331,11.118896270103068
2020-10-14,41.830925,-71.350331,0.0
2020-10-15,41.830925,-71.350331,0.0
2020-10-16,41.830925,-71.350331,0.278466608128321
2020-10-17,41.830925,-71.350331,55.634796074994135
2020-10-18,41.830925,-71.350331,0.0
2020-10-19,41.830925,-71.350331,0.21147565521505235
2020-10-20,41.830925,-71.350331,2.0159440466459912
2020-10-21,41.830925,-71.350331,0.0
2020-10-22,41.830925,-71.350331,0.0
2020-10-23,41.830925,-71.350331,0.0
2020-10-24,41.830925,-71.350331,0.0
2020-10-25,41.830925,-71.350331,0.11701832582236717
2020-10-26,41.830925,-71.350331,2.3077952821930587
2020-10-27,41.830925,-71.350331,0.2796901797764626
2020-10-28,41.830925,-71.350331,6.523465913835333
2020-10-29,41.830925,-71.350331,29.214898142690153
2020-10-30,41.830925,-71.350331,15.498072988440713
2020-10-31,41.830925,-71.350331,0.0
2020-11-01,41.830925,-71.350331,7.233159667128347
2020-11-02,41.830925,-71.350331,6.477157622468887
2020-11-03,41.830925,-71.350331,0.1880611893900619
2020-11-04,41.830925,-71.350331,0.0
2020-11-05,41.830925,-71.350331,0.0
2020-11-06,41.830925,-71.350331,0.0
2020-11-07,41.830925,-71.350331,6.025876455043738e-05
2020-11-08,41.830925,-71.350331,0.0
2020-11-09,41.830925,-71.350331,0.0
2020-11-10,41.830925,-71.350331,0.0
2020-11-11,41.830925,-71.350331,2.7463861249984016
2020-11-12,41.830925,-71.350331,38.16776131439933
2020-11-13,41.830925,-71.350331,1.2470478996223686
2020-11-14,41.830925,-71.350331,0.0
2020-11-15,41.830925,-71.350331,0.0
2020-11-16,41.830925,-71.350331,5.432358931467614
2020-11-17,41.830925,-71.350331,0.0
2020-11-18,41.830925,-71.350331,0.0009505784647898618
2020-11-19,41.830925,-71.350331,0.003802313859159447
2020-11-20,41.830925,-71.350331,0.37871220034716524
2020-11-21,41.830925,-71.350331,0.00460982342364305
2020-11-22,41.830925,-71.350331,0.13137389554708412
2020-11-23,41.830925,-71.350331,61.359352024326945
2020-11-24,41.830925,-71.350331,0.0
2020-11-25,41.830925,-71.350331,1.7501091760735572
2020-11-26,41.830925,-71.350331,9.756594582137481
2020-11-27,41.830925,-71.350331,0.0
2020-11-28,41.830925,-71.350331,0.0
2020-11-29,41.830925,-71.350331,0.0
2020-11-30,41.830925,-71.350331,27.509457853708128
2020-12-01,41.830925,-71.350331,10.038762019472152
2020-12-02,41.830925,-71.350331,0.0
2020-12-03,41.830925,-71.350331,0.0
2020-12-04,41.830925,-71.350331,1.8953549261489175
2020-12-05,41.830925,-71.350331,73.55200351441778
2020-12-06,41.830925,-71.350331,0.30583862509182835
2020-12-07,41.830925,-71.350331,0.0
2020-12-08,41.830925,-71.350331,0.0
2020-12-09,41.830925,-71.350331,0.1799122838564865
2020-12-10,41.830925,-71.350331,0.0
2020-12-11,41.830925,-71.350331,0.0
2020-12-12,41.830925,-71.350331,8.822207861541072
2020-12-13,41.830925,-71.350331,0.11301056292795784
2020-12-14,41.830925,-71.350331,5.740880762758051
2020-12-15,41.830925,-71.350331,0.0
2020-12-16,41.830925,-71.350331,8.073020029140607e-05
2020-12-17,41.830925,-71.350331,11.430087418056264
2020-12-18,41.830925,-71.350331,0.0
2020-12-19,41.830925,-71.350331,0.0
2020-12-20,41.830925,-71.350331,0.37816613139093075
2020-12-21,41.830925,-71.350331,0.0667423115097932
2020-12-22,41.830925,-71.350331,0.020485834453390472
2020-12-23,41.830925,-71.350331,0.04036831235958163
2020-12-24,41.830925,-71.350331,0.0
2020-12-25,41.830925,-71.350331,92.15353866627281
2020-12-26,41.830925,-71.350331,1.5148602866581489
2020-12-27,41.830925,-71.350331,0.0
2020-12-28,41.830925,-71.350331,0.0
2020-12-29,41.830925,-71.350331,0.0
2020-12-30,41.830925,-71.350331,0.002851735394369587
2020-12-31,41.830925,-71.350331,5.908949227280945
2021-01-01,41.830925,-71.350331,0.0
2021-01-02,41.830925,-71.350331,9.021026708805262
2021-01-03,41.830925,-71.350331,0.3265699138429383
2021-01-04,41.830925,-71.350331,0.10764501911577662
2021-01-05,41.830925,-71.350331,0.0
2021-01-06,41.830925,-71.350331,0.0
2021-01-07,41.830925,-71.350331,0.0
2021-01-08,41.830925,-71.350331,0.0
2021-01-09,41.830925,-71.350331,0.0
2021-01-10,41.830925,-71.350331,0.0
2021-01-11,41.830925,-71.350331,0.17917356718503835
2021-01-12,41.830925,-71.350331,0.0
2021-01-13,41.830925,-71.350331,0.0
2021-01-14,41.830925,-71.350331,0.0
2021-01-15,41.830925,-71.350331,1.1413213098000456
2021-01-16,41.830925,-71.350331,69.74076646751716
2021-01-17,41.830925,-71.350331,0.0
2021-01-18,41.830925,-71.350331,0.0
2021-01-19,41.830925,-71.350331,0.0
2021-01-20,41.830925,-71.350331,0.0
2021-01-21,41.830925,-71.350331,0.0
2021-01-22,41.830925,-71.350331,0.0
2021-01-23,41.830925,-71.350331,0.0
2021-01-24,41.830925,-71.350331,0.0
2021-01-25,41.830925,-71.350331,0.16652326577549184
2021-01-26,41.830925,-71.350331,6.7275164403309e-05
2021-01-27,41.830925,-71.350331,0.03136908845277024
2021-01-28,41.830925,-71.350331,0.0
2021-01-29,41.830925,-71.350331,0.0
2021-01-30,41.830925,-71.350331,0.0
2021-01-31,41.830925,-71.350331,0.5433711152341792
2021-02-01,41.830925,-71.350331,16.945948775337627
2021-02-02,41.830925,-71.350331,3.1197457338046783
2021-02-03,41.830925,-71.350331,0.0
2021-02-04,41.830925,-71.350331,0.0
2021-02-05,41.830925,-71.350331,4.740592301208642
2021-02-06,41.830925,-71.350331,0.0
2021-02-07,41.830925,-71.350331,15.690535502846348
2021-02-08,41.830925,-71.350331,0.0
2021-02-09,41.830925,-71.350331,1.2174221660168485
2021-02-10,41.830925,-71.350331,0.0
2021-02-11,41.830925,-71.350331,1.4969098654528596
2021-02-12,41.830925,-71.350331,0.0
2021-02-13,41.830925,-71.350331,0.8340069124938109
2021-02-14,41.830925,-71.350331,4.641868873962675
2021-02-15,41.830925,-71.350331,1.3258928213918075
2021-02-16,41.830925,-71.350331,19.76461015735813
2021-02-17,41.830925,-71.350331,0.0014396885142209381
2021-02-18,41.830925,-71.350331,2.1964198526467222
2021-02-19,41.830925,-71.350331,5.229654529046002
2021-02-20,41.830925,-71.350331,0.4792883148806951
2021-02-21,41.830925,-71.350331,0.0
2021-02-22,41.830925,-71.350331,17.750155853679335
2021-02-23,41.830925,-71.350331,1.900363260565822
2021-02-24,41.830925,-71.350331,0.0
2021-02-25,41.830925,-71.350331,0.6463366344373835
2021-02-26,41.830925,-71.350331,0.0
2021-02-27,41.830925,-71.350331,1.3617598670377078
2021-02-28,41.830925,-71.350331,0.16610639154111156
2021-03-01,41.830925,-71.350331,21.158175906216233
2021-03-02,41.830925,-71.350331,0.04788498673502058
2021-03-03,41.830925,-71.350331,0.0
2021-03-04,41.830925,-71.350331,0.0
2021-03-05,41.830925,-71.350331,0.0
2021-03-06,41.830925,-71.350331,0.0
2021-03-07,41.830925,-71.350331,0.0
2021-03-08,41.830925,-71.350331,0.0
2021-03-09,41.830925,-71.350331,0.0
2021-03-10,41.830925,-71.350331,0.0
2021-03-11,41.830925,-71.350331,0.23090257094429542
2021-03-12,41.830925,-71.350331,0.6925271757781308
2021-03-13,41.830925,-71.350331,0.003802313859159447
2021-03-14,41.830925,-71.350331,0.00043229022294355435
2021-03-15,41.830925,-71.350331,0.0
2021-03-16,41.830925,-71.350331,0.25974038622310025
2021-03-17,41.830925,-71.350331,5.074422228184931e-05
2021-03-18,41.830925,-71.350331,16.474612347228973
2021-03-19,41.830925,-71.350331,5.7449631631605795
2021-03-20,41.830925,-71.350331,0.0
2021-03-21,41.830925,-71.350331,0.0
2021-03-22,41.830925,-71.350331,0.0
2021-03-23,41.830925,-71.350331,0.0
2021-03-24,41.830925,-71.350331,1.0311637408491368
2021-03-25,41.830925,-71.350331,8.755532569185966
2021-03-26,41.830925,-71.350331,2.0686039259345366
2021-03-27,41.830925,-71.350331,0.0
2021-03-28,41.830925,-71.350331,13.457673105068105
2021-03-29,41.830925,-71.350331,12.02682056902646
2021-03-30,41.830925,-71.350331,0.0
2021-03-31,41.830925,-71.350331,0.7632029477434144
2021-04-01,41.830925,-71.350331,16.757486493040087
2021-04-02,41.830925,-71.350331,0.0
2021-04-03,41.830925,-71.350331,0.0
2021-04-04,41.830925,-71.350331,0.0
2021-04-05,41.830925,-71.350331,0.07354088248014129
2021-04-06,41.830925,-71.350331,0.01613117950470765
2021-04-07,41.830925,-71.350331,0.10986469191066862
2021-04-08,41.830925,-71.350331,0.0
2021-04-09,41.830925,-71.350331,0.0
2021-04-10,41.830925,-71.350331,0.02664791286482291
2021-04-11,41.830925,-71.350331,3.915695527584396
2021-04-12,41.830925,-71.350331,2.2694588328615075
2021-04-13,41.830925,-71.350331,0.0370860089631201
2021-04-14,41.830925,-71.350331,0.0
2021-04-15,41.830925,-71.350331,4.646733810085124
2021-04-16,41.830925,-71.350331,8.528306365138548
2021-04-17,41.830925,-71.350331,0.41329333120631845
2021-04-18,41.830925,-71.350331,0.0
2021-04-19,41.830925,-71.350331,0.0
2021-04-20,41.830925,-71.350331,0.0
2021-04-21,41.830925,-71.350331,2.8741476637153753
2021-04-22,41.830925,-71.350331,0.00016809023099196435
2021-04-23,41.830925,-71.350331,0.024196769257061473
2021-04-24,41.830925,-71.350331,0.0
2021-04-25,41.830925,-71.350331,35.61809458763586
2021-04-26,41.830925,-71.350331,0.0
2021-04-27,41.830925,-71.350331,3.059618617656852
2021-04-28,41.830925,-71.350331,11.887266533073012
2021-04-29,41.830925,-71.350331,17.20344325886133
2021-04-30,41.830925,-71.350331,8.009350746916379
2021-05-01,41.830925,-71.350331,2.8267634301138216
2021-05-02,41.830925,-71.350331,4.963794623985919
2021-05-03,41.830925,-71.350331,2.5194773438099296
2021-05-04,41.830925,-71.350331,34.42577679380225
2021-05-05,41.830925,-71.350331,9.018472253039763
2021-05-06,41.830925,-71.350331,0.0
2021-05-07,41.830925,-71.350331,0.0
2021-05-08,41.830925,-71.350331,0.7209152313408238
2021-05-09,41.830925,-71.350331,1.0793480533961652
2021-05-10,41.830925,-71.350331,12.0847942202948
2021-05-11,41.830925,-71.350331,0.0
2021-05-12,41.830925,-71.350331,0.0
2021-05-13,41.830925,-71.350331,0.0
2021-05-14,41.830925,-71.350331,0.0
2021-05-15,41.830925,-71.350331,0.0
2021-05-16,41.830925,-71.350331,0.0
2021-05-17,41.830925,-71.350331,0.14710101396436548
2021-05-18,41.830925,-71.350331,0.008092499819117627
2021-05-19,41.830925,-71.350331,0.05124527315732594
2021-05-20,41.830925,-71.350331,0.0
2021-05-21,41.830925,-71.350331,0.17145210887748327
2021-05-22,41.830925,-71.350331,0.6502603005412831
2021-05-23,41.830925,-71.350331,0.33410428382181145
2021-05-24,41.830925,-71.350331,0.0
2021-05-25,41.830925,-71.350331,1.2686055570462328e-05
2021-05-26,41.830925,-71.350331,0.15784969128680915
2021-05-27,41.830925,-71.350331,8.348618665123265
2021-05-28,41.830925,-71.350331,2.2554058654624
2021-05-29,41.830925,-71.350331,49.397343517491606
2021-05-30,41.830925,-71.350331,9.598892031931404
2021-05-31,41.830925,-71.350331,2.962495920169021
2021-06-01,41.830925,-71.350331,0.0
2021-06-02,41.830925,-71.350331,0.30569068843225083
2021-06-03,41.830925,-71.350331,2.158686155211144
2021-06-04,41.830925,-71.350331,10.380246557307219
2021-06-05,41.830925,-71.350331,0.3393912890748499
2021-06-06,41.830925,-71.350331,0.0
2021-06-07,41.830925,-71.350331,0.0
2021-06-08,41.830925,-71.350331,0.38027098388936054
2021-06-09,41.830925,-71.350331,2.35763844019502
2021-06-10,41.830925,-71.350331,0.00017491543145851246
2021-06-11,41.830925,-71.350331,0.019969229073844373
2021-06-12,41.830925,-71.350331,3.23766434417979
2021-06-13,41.830925,-71.350331,0.0
2021-06-14,41.830925,-71.350331,16.861325410392567
2021-06-15,41.830925,-71.350331,0.5377730373022898
2021-06-16,41.830925,-71.350331,0.0
2021-06-17,41.830925,-71.350331,0.0
2021-06-18,41.830925,-71.350331,0.0
2021-06-19,41.830925,-71.350331,0.9474238781873542
2021-06-20,41.830925,-71.350331,7.3940986653213585
2021-06-21,41.830925,-71.350331,0.0
2021-06-22,41.830925,-71.350331,15.608980108460342
2021-06-23,41.830925,-71.350331,2.95689931917706
2021-06-24,41.830925,-71.350331,0.0
2021-06-25,41.830925,-71.350331,0.002880279018812387
2021-06-26,41.830925,-71.350331,0.01495963456457817
2021-06-27,41.830925,-71.350331,0.008555206006049722
2021-06-28,41.830925,-71.350331,0.0
2021-06-29,41.830925,-71.350331,0.0
2021-06-30,41.830925,-71.350331,1.3122305718360505
2021-07-01,41.830925,-71.350331,15.49655038981627
2021-07-02,41.830925,-71.350331,26.000433814401138
2021-07-03,41.830925,-71.350331,43.87986312125486
2021-07-04,41.830925,-71.350331,5.676678054291889
2021-07-05,41.830925,-71.350331,0.020912726579495045
2021-07-06,41.830925,-71.350331,20.47438966082899
2021-07-07,41.830925,-71.350331,9.727347562447537
2021-07-08,41.830925,-71.350331,24.67069970352096
2021-07-09,41.830925,-71.350331,47.24244704695616
2021-07-10,41.830925,-71.350331,4.5585349915474165
2021-07-11,41.830925,-71.350331,0.02833720515146019
2021-07-12,41.830925,-71.350331,16.53913409069586
2021-07-13,41.830925,-71.350331,0.49790601242061405
2021-07-14,41.830925,-71.350331,0.3151212468063491
2021-07-15,41.830925,-71.350331,0.0019011569295797235
2021-07-16,41.830925,-71.350331,8.50718172231766
2021-07-17,41.830925,-71.350331,0.09040301738535839
2021-07-18,41.830925,-71.350331,2.0772510142794856
2021-07-19,41.830925,-71.350331,0.02285194132166808
2021-07-20,41.830925,-71.350331,0.0
2021-07-21,41.830925,-71.350331,0.4822713876740988
2021-07-22,41.830925,-71.350331,0.05353521952917695
2021-07-23,41.830925,-71.350331,1.7118637008102477
2021-07-24,41.830925,-71.350331,0.0
2021-07-25,41.830925,-71.350331,7.93634057725278
2021-07-26,41.830925,-71.350331,0.0
2021-07-27,41.830925,-71.350331,0.0
2021-07-28,41.830925,-71.350331,4.735528116608869
2021-07-29,41.830925,-71.350331,1.8440594551273752
2021-07-30,41.830925,-71.350331,0.017034411589897408
2021-07-31,41.830925,-71.350331,0.0
2021-08-01,41.830925,-71.350331,0.0
2021-08-02,41.830925,-71.350331,0.3765770388623935
2021-08-03,41.830925,-71.350331,0.0980260627735274
2021-08-04,41.830925,-71.350331,35.759227549071376
2021-08-05,41.830925,-71.350331,42.801898924169436
2021-08-06,41.830925,-71.350331,0.06483418377909575
2021-08-07,41.830925,-71.350331,0.11870429692518229
2021-08-08,41.830925,-71.350331,6.28234259867981
2021-08-09,41.830925,-71.350331,0.7063379056057029
2021-08-10,41.830925,-71.350331,0.0
2021-08-11,41.830925,-71.350331,0.05728208950865211
2021-08-12,41.830925,-71.350331,0.0035885533335466846
2021-08-13,41.830925,-71.350331,4.0166958904417855
2021-08-14,41.830925,-71.350331,3.828506324474951
2021-08-15,41.830925,-71.350331,0.003802313859159447
2021-08-16,41.830925,-71.350331,0.05311240503351259
2021-08-17,41.830925,-71.350331,0.23332733173448755
2021-08-18,41.830925,-71.350331,1.7805536061154354
2021-08-19,41.830925,-71.350331,20.18577951639788
2021-08-20,41.830925,-71.350331,0.17036834263653122
2021-08-21,41.830925,-71.350331,0.042925091894391386
2021-08-22,41.830925,-71.350331,15.583838764649506
2021-08-23,41.830925,-71.350331,2.4443151864833137
2021-08-24,41.830925,-71.350331,2.9322337370495166
2021-08-25,41.830925,-71.350331,0.0
2021-08-26,41.830925,-71.350331,0.0
2021-08-27,41.830925,-71.350331,0.7797164849362246
2021-08-28,41.830925,-71.350331,0.032329183406887424
2021-08-29,41.830925,-71.350331,1.916132967890754
2021-08-30,41.830925,-71.350331,0.04008287368872415
2021-08-31,41.830925,-71.350331,3.604454765054528
2021-09-01,41.830925,-71.350331,9.70706234994565
2021-09-02,41.830925,-71.350331,93.4815043966465
2021-09-03,41.830925,-71.350331,0.0
2021-09-04,41.830925,-71.350331,0.0
2021-09-05,41.830925,-71.350331,6.413272101696136
2021-09-06,41.830925,-71.350331,0.07158939949505624
2021-09-07,41.830925,-71.350331,0.0
2021-09-08,41.830925,-71.350331,0.0
2021-09-09,41.830925,-71.350331,27.654040979074995
2021-09-10,41.830925,-71.350331,5.905955358606385
2021-09-11,41.830925,-71.350331,0.0
2021-09-12,41.830925,-71.350331,0.015209255436637788
2021-09-13,41.830925,-71.350331,0.032153066641248035
2021-09-14,41.830925,-71.350331,0.0
2021-09-15,41.830925,-71.350331,0.0009505784647898618
2021-09-16,41.830925,-71.350331,6.672315834327067
2021-09-17,41.830925,-71.350331,0.180205808768386
2021-09-18,41.830925,-71.350331,0.0
2021-09-19,41.830925,-71.350331,3.767552285681429
2021-09-20,41.830925,-71.350331,0.0
2021-09-21,41.830925,-71.350331,0.0
2021-09-22,41.830925,-71.350331,3.6310871348391247
2021-09-23,41.830925,-71.350331,0.0
2021-09-24,41.830925,-71.350331,6.434155223747741
2021-09-25,41.830925,-71.350331,0.0
2021-09-26,41.830925,-71.350331,10.660531362012838
2021-09-27,41.830925,-71.350331,0.0019074999573649547
2021-09-28,41.830925,-71.350331,10.608924067019258
2021-09-29,41.830925,-71.350331,1.34550333819013e-05
2021-09-30,41.830925,-71.350331,0.0
2021-10-01,41.830925,-71.350331,0.0
2021-10-02,41.830925,-71.350331,0.07620873684558027
2021-10-03,41.830925,-71.350331,0.3377111689535124
2021-10-04,41.830925,-71.350331,38.76914177131147
2021-10-05,41.830925,-71.350331,13.295618963184324
2021-10-06,41.830925,-71.350331,0.07036183229074275
2021-10-07,41.830925,-71.350331,0.0
2021-10-08,41.830925,-71.350331,0.0
2021-10-09,41.830925,-71.350331,0.004039137903962144
2021-10-10,41.830925,-71.350331,12.27828390698075
2021-10-11,41.830925,-71.350331,0.08049877320877777
2021-10-12,41.830925,-71.350331,0.0
2021-10-13,41.830925,-71.350331,0.0
2021-10-14,41.830925,-71.350331,0.0
2021-10-15,41.830925,-71.350331,0.34877851911527386
2021-10-16,41.830925,-71.350331,0.02285511141849764
2021-10-17,41.830925,-71.350331,12.385754006811114
2021-10-18,41.830925,-71.350331,0.0
2021-10-19,41.830925,-71.350331,0.0011793140398007607
2021-10-20,41.830925,-71.350331,0.0
2021-10-21,41.830925,-71.350331,9.514541677846638e-06
2021-10-22,41.830925,-71.350331,0.0
2021-10-23,41.830925,-71.350331,2.457625901959819
2021-10-24,41.830925,-71.350331,0.0
2021-10-25,41.830925,-71.350331,9.776068531199115
2021-10-26,41.830925,-71.350331,17.497799009138387
2021-10-27,41.830925,-71.350331,13.839320962475988
2021-10-28,41.830925,-71.350331,0.0
2021-10-29,41.830925,-71.350331,0.0
2021-10-30,41.830925,-71.350331,18.67657557852182
2021-10-31,41.830925,-71.350331,19.369498319954502
2021-11-01,41.830925,-71.350331,0.0
2021-11-02,41.830925,-71.350331,1.096707972482303
2021-11-03,41.830925,-71.350331,0.16711893271952405
2021-11-04,41.830925,-71.350331,0.0
2021-11-05,41.830925,-71.350331,0.0
2021-11-06,41.830925,-71.350331,0.0
2021-11-07,41.830925,-71.350331,0.06600924886682485
2021-11-08,41.830925,-71.350331,0.004211425696648341
2021-11-09,41.830925,-71.350331,0.0
2021-11-10,41.830925,-71.350331,0.2764097148433691
2021-11-11,41.830925,-71.350331,2.69100667638026e-05
2021-11-12,41.830925,-71.350331,37.21849590844677
2021-11-13,41.830925,-71.350331,0.37451417415579724
2021-11-14,41.830925,-71.350331,0.0
2021-11-15,41.830925,-71.350331,5.08425744629046
2021-11-16,41.830925,-71.350331,0.0
2021-11-17,41.830925,-71.350331,0.0
2021-11-18,41.830925,-71.350331,0.1295514143344579
2021-11-19,41.830925,-71.350331,6.007903329101079
2021-11-20,41.830925,-71.350331,0.01614463453808955
2021-11-21,41.830925,-71.350331,0.14003196819148536
2021-11-22,41.830925,-71.350331,8.09272337267204
2021-11-23,41.830925,-71.350331,0.0
2021-11-24,41.830925,-71.350331,0.0
2021-11-25,41.830925,-71.350331,0.004142916968862598
2021-11-26,41.830925,-71.350331,6.285298812940363
2021-11-27,41.830925,-71.350331,0.004999999888241291
2021-11-28,41.830925,-71.350331,0.0
2021-11-29,41.830925,-71.350331,0.0
2021-11-30,41.830925,-71.350331,0.0
2021-12-01,41.830925,-71.350331,0.0
2021-12-02,41.830925,-71.350331,3.0951749746007384
2021-12-03,41.830925,-71.350331,0.05254521662322935
2021-12-04,41.830925,-71.350331,0.0
2021-12-05,41.830925,-71.350331,1.8230606993495337
2021-12-06,41.830925,-71.350331,13.312333950916393
2021-12-07,41.830925,-71.350331,3.417093597386429
2021-12-08,41.830925,-71.350331,0.5716643362601064
2021-12-09,41.830925,-71.350331,0.02468638551075737
2021-12-10,41.830925,-71.350331,0.06676859532560725
2021-12-11,41.830925,-71.350331,8.904098396925912
2021-12-12,41.830925,-71.350331,14.628272013733017
2021-12-13,41.830925,-71.350331,0.011945447696521727
2021-12-14,41.830925,-71.350331,0.0
2021-12-15,41.830925,-71.350331,0.9788133711102298
2021-12-16,41.830925,-71.350331,7.627620713701686
2021-12-17,41.830925,-71.350331,0.022963617679386532
2021-12-18,41.830925,-71.350331,3.8248574871501346
2021-12-19,41.830925,-71.350331,2.670971458257242
2021-12-20,41.830925,-71.350331,0.0
2021-12-21,41.830925,-71.350331,0.0
2021-12-22,41.830925,-71.350331,0.8890900835743901
2021-12-23,41.830925,-71.350331,0.0
2021-12-24,41.830925,-71.350331,0.0
2021-12-25,41.830925,-71.350331,12.721761618334487
2021-12-26,41.830925,-71.350331,0.7013915921895233
2021-12-27,41.830925,-71.350331,0.0
2021-12-28,41.830925,-71.350331,0.04717930497404671
2021-12-29,41.830925,-71.350331,0.9531500980281811
2021-12-30,41.830925,-71.350331,0.9020060642086991
2021-12-31,41.830925,-71.350331,0.03397109383985555
2022-01-01,41.830925,-71.350331,3.16919803766886
2022-01-02,41.830925,-71.350331,24.30163444835594
2022-01-03,41.830925,-71.350331,0.9099912409761737
2022-01-04,41.830925,-71.350331,0.646592758246103
2022-01-05,41.830925,-71.350331,5.433688815487209
2022-01-06,41.830925,-71.350331,0.006663563972265925
2022-01-07,41.830925,-71.350331,3.3037388904515854
2022-01-08,41.830925,-71.350331,0.0
2022-01-09,41.830925,-71.350331,1.0208635966543576
2022-01-10,41.830925,-71.350331,10.825161469719685
2022-01-11,41.830925,-71.350331,0.0
2022-01-12,41.830925,-71.350331,0.0
2022-01-13,41.830925,-71.350331,0.0
2022-01-14,41.830925,-71.350331,0.041690585487808
2022-01-15,41.830925,-71.350331,0.0
2022-01-16,41.830925,-71.350331,0.0
2022-01-17,41.830925,-71.350331,32.522867541023665
2022-01-18,41.830925,-71.350331,0.0
2022-01-19,41.830925,-71.350331,0.0
2022-01-20,41.830925,-71.350331,4.552467509711108
2022-01-21,41.830925,-71.350331,0.0
2022-01-22,41.830925,-71.350331,0.008097067134706482
2022-01-23,41.830925,-71.350331,0.0
2022-01-24,41.830925,-71.350331,0.02586744441845714
2022-01-25,41.830925,-71.350331,0.03927990015582473
2022-01-26,41.830925,-71.350331,0.0
2022-01-27,41.830925,-71.350331,0.0
2022-01-28,41.830925,-71.350331,0.0015876939039776161
2022-01-29,41.830925,-71.350331,8.01153825804197
2022-01-30,41.830925,-71.350331,0.08166378796349356
2022-01-31,41.830925,-71.350331,0.0
2022-02-01,41.830925,-71.350331,0.0
2022-02-02,41.830925,-71.350331,0.0
2022-02-03,41.830925,-71.350331,0.7073591886108034
2022-02-04,41.830925,-71.350331,43.55399672907269
2022-02-05,41.830925,-71.350331,3.0468592578422435
2022-02-06,41.830925,-71.350331,0.0
2022-02-07,41.830925,-71.350331,0.8035700012132098
2022-02-08,41.830925,-71.350331,27.647410516236693
2022-02-09,41.830925,-71.350331,0.0
2022-02-10,41.830925,-71.350331,0.0
2022-02-11,41.830925,-71.350331,0.0
2022-02-12,41.830925,-71.350331,0.0
2022-02-13,41.830925,-71.350331,3.171513892615582e-06
2022-02-14,41.830925,-71.350331,0.0
2022-02-15,41.830925,-71.350331,0.0
2022-02-16,41.830925,-71.350331,0.0
2022-02-17,41.830925,-71.350331,0.0
2022-02-18,41.830925,-71.350331,19.596060033053035
2022-02-19,41.830925,-71.350331,0.0
2022-02-20,41.830925,-71.350331,0.0
2022-02-21,41.830925,-71.350331,0.0
2022-02-22,41.830925,-71.350331,3.261041148516753
2022-02-23,41.830925,-71.350331,15.825703943641571
2022-02-24,41.830925,-71.350331,0.23705125671309862
2022-02-25,41.830925,-71.350331,52.5988801495877
2022-02-26,41.830925,-71.350331,0.0
2022-02-27,41.830925,-71.350331,0.0
2022-02-28,41.830925,-71.350331,0.014847495472207761
2022-03-01,41.830925,-71.350331,0.0
2022-03-02,41.830925,-71.350331,1.6102505374982319
2022-03-03,41.830925,-71.350331,3.6177727719562727
2022-03-04,41.830925,-71.350331,0.0
2022-03-05,41.830925,-71.350331,0.008065589752353825
2022-03-06,41.830925,-71.350331,6.144128499237453
2022-03-07,41.830925,-71.350331,1.6002203725547979
2022-03-08,41.830925,-71.350331,8.502430414203488
2022-03-09,41.830925,-71.350331,4.197586560805266
2022-03-10,41.830925,-71.350331,0.0
2022-03-11,41.830925,-71.350331,0.0
2022-03-12,41.830925,-71.350331,16.99464957347615
2022-03-13,41.830925,-71.350331,0.0
2022-03-14,41.830925,-71.350331,0.0
2022-03-15,41.830925,-71.350331,0.003802313859159447
2022-03-16,41.830925,-71.350331,1.360759897547122
2022-03-17,41.830925,-71.350331,6.624839151547833
2022-03-18,41.830925,-71.350331,3.125187659373692
2022-03-19,41.830925,-71.350331,1.0420098298032294
2022-03-20,41.830925,-71.350331,0.015049882239984047
2022-03-21,41.830925,-71.350331,0.009532188308276568
2022-03-22,41.830925,-71.350331,0.008555206006049722
2022-03-23,41.830925,-71.350331,0.04032794725943593
2022-03-24,41.830925,-71.350331,19.094493161720948
2022-03-25,41.830925,-71.350331,15.215870039278037
2022-03-26,41.830925,-71.350331,0.6617713818533917
2022-03-27,41.830925,-71.350331,0.2611054949171224
2022-03-28,41.830925,-71.350331,3.4886653409510124e-05
2022-03-29,41.830925,-71.350331,0.0
2022-03-30,41.830925,-71.350331,0.0
2022-03-31,41.830925,-71.350331,1.3325557659039857
2022-04-01,41.830925,-71.350331,2.662728734512935
2022-04-02,41.830925,-71.350331,0.00011734601816195539
2022-04-03,41.830925,-71.350331,1.546983338669872
2022-04-04,41.830925,-71.350331,0.0
2022-04-05,41.830925,-71.350331,0.0
2022-04-06,41.830925,-71.350331,5.225927737333135
2022-04-07,41.830925,-71.350331,2.537680617695301
2022-04-08,41.830925,-71.350331,14.840118225639637
2022-04-09,41.830925,-71.350331,0.0
2022-04-10,41.830925,-71.350331,0.0
2022-04-11,41.830925,-71.350331,0.0
2022-04-12,41.830925,-71.350331,8.493259273108933
2022-04-13,41.830925,-71.350331,0.0002251774846034893
2022-04-14,41.830925,-71.350331,0.23847718886878727
2022-04-15,41.830925,-71.350331,3.913240794954254
2022-04-16,41.830925,-71.350331,0.0649387481248804
2022-04-17,41.830925,-71.350331,9.229870048629115
2022-04-18,41.830925,-71.350331,0.12547206962810425
2022-04-19,41.830925,-71.350331,43.53661963331135
2022-04-20,41.830925,-71.350331,0.0
2022-04-21,41.830925,-71.350331,0.278378338615545
2022-04-22,41.830925,-71.350331,0.0
2022-04-23,41.830925,-71.350331,0.2570779844320794
2022-04-24,41.830925,-71.350331,0.7367764910013066
2022-04-25,41.830925,-71.350331,0.17643504607059887
2022-04-26,41.830925,-71.350331,0.38755070397456487
2022-04-27,41.830925,-71.350331,4.9413229249736546
2022-04-28,41.830925,-71.350331,0.0
2022-04-29,41.830925,-71.350331,0.0
2022-04-30,41.830925,-71.350331,0.002851735394369587
2022-05-01,41.830925,-71.350331,0.0
2022-05-02,41.830925,-71.350331,0.010269965025312883
2022-05-03,41.830925,-71.350331,2.8126983298904507
2022-05-04,41.830925,-71.350331,7.025051361915239
2022-05-05,41.830925,-71.350331,9.514541677846638e-06
2022-05-06,41.830925,-71.350331,2.879090704237365
2022-05-07,41.830925,-71.350331,7.584474169429359
2022-05-08,41.830925,-71.350331,0.12201710733407041
2022-05-09,41.830925,-71.350331,0.0
2022-05-10,41.830925,-71.350331,0.0
2022-05-11,41.830925,-71.350331,0.0019392150962911098
2022-05-12,41.830925,-71.350331,0.0
2022-05-13,41.830925,-71.350331,0.0019011569295797235
2022-05-14,41.830925,-71.350331,0.06775642187682177
2022-05-15,41.830925,-71.350331,6.770773679261049
2022-05-16,41.830925,-71.350331,0.004759235174675502
2022-05-17,41.830925,-71.350331,4.798077362319852
2022-05-18,41.830925,-71.350331,0.0
2022-05-19,41.830925,-71.350331,7.621605148229921
2022-05-20,41.830925,-71.350331,3.805816671138655e-05
2022-05-21,41.830925,-71.350331,1.6293609572333652
2022-05-22,41.830925,-71.350331,0.0
2022-05-23,41.830925,-71.350331,0.45150839574453827
2022-05-24,41.830925,-71.350331,2.1508066699389734
2022-05-25,41.830925,-71.350331,0.0
2022-05-26,41.830925,-71.350331,0.01072152346568149
2022-05-27,41.830925,-71.350331,0.0
2022-05-28,41.830925,-71.350331,7.35127231132269
2022-05-29,41.830925,-71.350331,0.051331234619825986
2022-05-30,41.830925,-71.350331,0.006660392458373308
2022-05-31,41.830925,-71.350331,0.0699564576703737
2022-06-01,41.830925,-71.350331,0.5882236720495794
2022-06-02,41.830925,-71.350331,1.5604468679591843
2022-06-03,41.830925,-71.350331,0.44225038731602817
2022-06-04,41.830925,-71.350331,0.005953749866923768
2022-06-05,41.830925,-71.350331,0.0
2022-06-06,41.830925,-71.350331,0.0
2022-06-07,41.830925,-71.350331,0.12747254217941828
2022-06-08,41.830925,-71.350331,16.660890933826753
2022-06-09,41.830925,-71.350331,12.194995718744364
2022-06-10,41.830925,-71.350331,0.0
2022-06-11,41.830925,-71.350331,0.3145529507775371
2022-06-12,41.830925,-71.350331,0.7322722910096449
2022-06-13,41.830925,-71.350331,27.68166461660926
2022-06-14,41.830925,-71.350331,0.0
2022-06-15,41.830925,-71.350331,2.2200597839049964e-05
2022-06-16,41.830925,-71.350331,0.0576374887882698
2022-06-17,41.830925,-71.350331,3.4199977832253303
2022-06-18,41.830925,-71.350331,0.08187424472557088
2022-06-19,41.830925,-71.350331,4.813018414442228
2022-06-20,41.830925,-71.350331,0.009505784293780541
2022-06-21,41.830925,-71.350331,0.0
2022-06-22,41.830925,-71.350331,0.21500830409484883
2022-06-23,41.830925,-71.350331,0.0
2022-06-24,41.830925,-71.350331,0.032894706868492225
2022-06-25,41.830925,-71.350331,0.0
2022-06-26,41.830925,-71.350331,0.0
2022-06-27,41.830925,-71.350331,23.874440081679076
2022-06-28,41.830925,-71.350331,5.188358845474749
2022-06-29,41.830925,-71.350331,0.0
2022-06-30,41.830925,-71.350331,0.0
2022-07-01,41.830925,-71.350331,0.0
2022-07-02,41.830925,-71.350331,10.95045304739886
2022-07-03,41.830925,-71.350331,2.0232193691723475
2022-07-04,41.830925,-71.350331,0.0
2022-07-05,41.830925,-71.350331,3.9938062697346663
2022-07-06,41.830925,-71.350331,0.4614935419562962
2022-07-07,41.830925,-71.350331,0.0
2022-07-08,41.830925,-71.350331,0.009505784293780541
2022-07-09,41.830925,-71.350331,0.3698595872997631
2022-07-10,41.830925,-71.350331,0.0
2022-07-11,41.830925,-71.350331,0.0
2022-07-12,41.830925,-71.350331,0.0
2022-07-13,41.830925,-71.350331,1.4599328311207487
2022-07-14,41.830925,-71.350331,4.9056949646251145
2022-07-15,41.830925,-71.350331,0.0
2022-07-16,41.830925,-71.350331,0.1796957732897252
2022-07-17,41.830925,-71.350331,1.174240326341184
2022-07-18,41.830925,-71.350331,10.461863434277516
2022-07-19,41.830925,-71.350331,2.793735317690427
2022-07-20,41.830925,-71.350331,0.08392854936127078
2022-07-21,41.830925,-71.350331,0.0
2022-07-22,41.830925,-71.350331,0.0
2022-07-23,41.830925,-71.350331,0.0
2022-07-24,41.830925,-71.350331,0.0
2022-07-25,41.830925,-71.350331,1.835822985282894
2022-07-26,41.830925,-71.350331,0.46038255808804585
2022-07-27,41.830925,-71.350331,0.0
2022-07-28,41.830925,-71.350331,0.0
2022-07-29,41.830925,-71.350331,0.4566232816921594
2022-07-30,41.830925,-71.350331,2.926981102487318
2022-07-31,41.830925,-71.350331,0.0
2022-08-01,41.830925,-71.350331,8.898370720128217
2022-08-02,41.830925,-71.350331,0.0
2022-08-03,41.830925,-71.350331,0.009532694360544344
2022-08-04,41.830925,-71.350331,0.0
2022-08-05,41.830925,-71.350331,0.0
2022-08-06,41.830925,-71.350331,0.0
2022-08-07,41.830925,-71.350331,0.0
2022-08-08,41.830925,-71.350331,0.03629515313442561
2022-08-09,41.830925,-71.350331,10.167570468824549
2022-08-10,41.830925,-71.350331,0.16227849677833886
2022-08-11,41.830925,-71.350331,3.6466195765635927
2022-08-12,41.830925,-71.350331,0.13878744122128495
2022-08-13,41.830925,-71.350331,0.5372704372470288
2022-08-14,41.830925,-71.350331,0.0
2022-08-15,41.830925,-71.350331,0.0
2022-08-16,41.830925,-71.350331,0.20552098017111572
2022-08-17,41.830925,-71.350331,11.287213742632163
2022-08-18,41.830925,-71.350331,0.0
2022-08-19,41.830925,-71.350331,0.0
2022-08-20,41.830925,-71.350331,0.005709813462406326
2022-08-21,41.830925,-71.350331,0.031826769086521295
2022-08-22,41.830925,-71.350331,8.233096246659843
2022-08-23,41.830925,-71.350331,4.599346178307641
2022-08-24,41.830925,-71.350331,0.10568215443766782
2022-08-25,41.830925,-71.350331,0.0
2022-08-26,41.830925,-71.350331,17.659169606706765
2022-08-27,41.830925,-71.350331,0.3018557832306024
2022-08-28,41.830925,-71.350331,0.0
2022-08-29,41.830925,-71.350331,0.0
2022-08-30,41.830925,-71.350331,0.0
2022-08-31,41.830925,-71.350331,7.633610983459502
2022-09-01,41.830925,-71.350331,0.0
2022-09-02,41.830925,-71.350331,0.0
2022-09-03,41.830925,-71.350331,0.0
2022-09-04,41.830925,-71.350331,0.01333664106914663
2022-09-05,41.830925,-71.350331,22.71978731213589
2022-09-06,41.830925,-71.350331,60.325135940114556
2022-09-07,41.830925,-71.350331,0.06679131846818215
2022-09-08,41.830925,-71.350331,0.03147691990975992
2022-09-09,41.830925,-71.350331,0.0
2022-09-10,41.830925,-71.350331,0.0
2022-09-11,41.830925,-71.350331,1.8093779494133315
2022-09-12,41.830925,-71.350331,3.443639707348966
2022-09-13,41.830925,-71.350331,22.508490944661347
2022-09-14,41.830925,-71.350331,0.0
2022-09-15,41.830925,-71.350331,0.0
2022-09-16,41.830925,-71.350331,0.0
2022-09-17,41.830925,-71.350331,0.0
2022-09-18,41.830925,-71.350331,0.0
2022-09-19,41.830925,-71.350331,1.34550333819013e-05
2022-09-20,41.830925,-71.350331,0.6651302480545118
2022-09-21,41.830925,-71.350331,0.0
2022-09-22,41.830925,-71.350331,33.25326053861934
2022-09-23,41.830925,-71.350331,0.0
2022-09-24,41.830925,-71.350331,0.0
2022-09-25,41.830925,-71.350331,0.4814130966831827
2022-09-26,41.830925,-71.350331,4.124134592263891
2022-09-27,41.830925,-71.350331,0.08079525080721364
2022-09-28,41.830925,-71.350331,0.0
2022-09-29,41.830925,-71.350331,0.11939913413701268
2022-09-30,41.830925,-71.350331,0.032078356702874955
2022-10-01,41.830925,-71.350331,33.77094917479349
2022-10-02,41.830925,-71.350331,0.1781142603157398
2022-10-03,41.830925,-71.350331,5.20587163246815
2022-10-04,41.830925,-71.350331,1.8193217028282818
2022-10-05,41.830925,-71.350331,9.71391882182891
2022-10-06,41.830925,-71.350331,26.075414033711688
2022-10-07,41.830925,-71.350331,3.171513892615582e-06
2022-10-08,41.830925,-71.350331,2.9378943420853956
2022-10-09,41.830925,-71.350331,0.0
2022-10-10,41.830925,-71.350331,2.5372111140924657e-05
2022-10-11,41.830925,-71.350331,0.0
2022-10-12,41.830925,-71.350331,0.0
2022-10-13,41.830925,-71.350331,7.800593644923963
2022-10-14,41.830925,-71.350331,50.64057066173353
2022-10-15,41.830925,-71.350331,0.06418711222030293
2022-10-16,41.830925,-71.350331,0.0
2022-10-17,41.830925,-71.350331,2.9967000370079737
2022-10-18,41.830925,-71.350331,6.985206494954891
2022-10-19,41.830925,-71.350331,0.0
2022-10-20,41.830925,-71.350331,0.0
2022-10-21,41.830925,-71.350331,0.0
2022-10-22,41.830925,-71.350331,0.0
2022-10-23,41.830925,-71.350331,16.911728986128292
2022-10-24,41.830925,-71.350331,6.268192805679234
2022-10-25,41.830925,-71.350331,0.6133413805580578
2022-10-26,41.830925,-71.350331,0.9150308564779068
2022-10-27,41.830925,-71.350331,0.0
2022-10-28,41.830925,-71.350331,0.0
2022-10-29,41.830925,-71.350331,0.9311246869508637
2022-10-30,41.830925,-71.350331,0.0
2022-10-31,41.830925,-71.350331,0.2835068334743325
2022-11-01,41.830925,-71.350331,16.338827270628578
2022-11-02,41.830925,-71.350331,0.20627551605879868
2022-11-03,41.830925,-71.350331,0.0
2022-11-04,41.830925,-71.350331,0.0
2022-11-05,41.830925,-71.350331,0.0
2022-11-06,41.830925,-71.350331,8.073020029140607e-05
2022-11-07,41.830925,-71.350331,0.2016651204269861
2022-11-08,41.830925,-71.350331,0.0
2022-11-09,41.830925,-71.350331,0.0
2022-11-10,41.830925,-71.350331,0.0
2022-11-11,41.830925,-71.350331,1.8124005798870044
2022-11-12,41.830925,-71.350331,3.749284864409928
2022-11-13,41.830925,-71.350331,13.561667757405417
2022-11-14,41.830925,-71.350331,0.0
2022-11-15,41.830925,-71.350331,0.03218489679298663
2022-11-16,41.830925,-71.350331,21.81932276641962
2022-11-17,41.830925,-71.350331,0.004035966390069528
2022-11-18,41.830925,-71.350331,0.0
2022-11-19,41.830925,-71.350331,0.0
2022-11-20,41.830925,-71.350331,0.0
2022-11-21,41.830925,-71.350331,0.0
2022-11-22,41.830925,-71.350331,0.0
2022-11-23,41.830925,-71.350331,0.0
2022-11-24,41.830925,-71.350331,0.0
2022-11-25,41.830925,-71.350331,1.143878976699195
2022-11-26,41.830925,-71.350331,0.0
2022-11-27,41.830925,-71.350331,26.818635177162882
2022-11-28,41.830925,-71.350331,1.6029888472335587
2022-11-29,41.830925,-71.350331,0.0
2022-11-30,41.830925,-71.350331,14.73993214656824
2022-12-01,41.830925,-71.350331,1.3248880545268518
2022-12-02,41.830925,-71.350331,0.0
2022-12-03,41.830925,-71.350331,16.222790294510904
2022-12-04,41.830925,-71.350331,0.0
2022-12-05,41.830925,-71.350331,0.0
2022-12-06,41.830925,-71.350331,3.0800415359337068
2022-12-07,41.830925,-71.350331,36.170352867960034
2022-12-08,41.830925,-71.350331,0.0
2022-12-09,41.830925,-71.350331,0.0
2022-12-10,41.830925,-71.350331,0.0
2022-12-11,41.830925,-71.350331,0.0
2022-12-12,41.830925,-71.350331,15.880009998312838
2022-12-13,41.830925,-71.350331,0.0
2022-12-14,41.830925,-71.350331,0.0
2022-12-15,41.830925,-71.350331,0.005858874966523632
2022-12-16,41.830925,-71.350331,36.31504344052192
2022-12-17,41.830925,-71.350331,0.2870747009700736
2022-12-18,41.830925,-71.350331,0.0
2022-12-19,41.830925,-71.350331,0.0
2022-12-20,41.830925,-71.350331,0.0
2022-12-21,41.830925,-71.350331,0.0
2022-12-22,41.830925,-71.350331,1.8785822658329578
2022-12-23,41.830925,-71.350331,35.71074820961978
2022-12-24,41.830925,-71.350331,0.0
2022-12-25,41.830925,-71.350331,0.0
2022-12-26,41.830925,-71.350331,0.0
2022-12-27,41.830925,-71.350331,0.0004297921129651494
2022-12-28,41.830925,-71.350331,0.0
2022-12-29,41.830925,-71.350331,0.0
2022-12-30,41.830925,-71.350331,0.0
2022-12-31,41.830925,-71.350331,15.314735396918843
2023-01-01,41.830925,-71.350331,21.981749332690065
2023-01-02,41.830925,-71.350331,6.343027785231164e-06
2023-01-03,41.830925,-71.350331,18.08867391855864
2023-01-04,41.830925,-71.350331,12.107904683219303
2023-01-05,41.830925,-71.350331,3.009950494262334
2023-01-06,41.830925,-71.350331,0.07102190237108996
2023-01-07,41.830925,-71.350331,0.0
2023-01-08,41.830925,-71.350331,0.0
2023-01-09,41.830925,-71.350331,0.8831916352409177
2023-01-10,41.830925,-71.350331,0.0
2023-01-11,41.830925,-71.350331,0.0
2023-01-12,41.830925,-71.350331,0.18422695760993718
2023-01-13,41.830925,-71.350331,18.540856928507687
2023-01-14,41.830925,-71.350331,7.420418797651408
2023-01-15,41.830925,-71.350331,0.41810727910338524
2023-01-16,41.830925,-71.350331,0.6611732557579452
2023-01-17,41.830925,-71.350331,0.17892166613094773
2023-01-18,41.830925,-71.350331,0.0
2023-01-19,41.830925,-71.350331,27.955710371291186
2023-01-20,41.830925,-71.350331,13.771857962224857
2023-01-21,41.830925,-71.350331,0.0
2023-01-22,41.830925,-71.350331,0.4438683493003204
2023-01-23,41.830925,-71.350331,44.28071311088338
2023-01-24,41.830925,-71.350331,0.0
2023-01-25,41.830925,-71.350331,3.7236314554401915
2023-01-26,41.830925,-71.350331,41.15445093248639
2023-01-27,41.830925,-71.350331,0.0
2023-01-28,41.830925,-71.350331,1.5857568872337455e-05
2023-01-29,41.830925,-71.350331,0.7430479328950246
2023-01-30,41.830925,-71.350331,0.0
2023-01-31,41.830925,-71.350331,0.016669907925339594
2023-02-01,41.830925,-71.350331,0.0
2023-02-02,41.830925,-71.350331,0.0
2023-02-03,41.830925,-71.350331,0.0
2023-02-04,41.830925,-71.350331,0.0
2023-02-05,41.830925,-71.350331,0.0
2023-02-06,41.830925,-71.350331,0.003802313859159447
2023-02-07,41.830925,-71.350331,0.3513562518053001
2023-02-08,41.830925,-71.350331,4.2042210491042615
2023-02-09,41.830925,-71.350331,1.5066215676681334
2023-02-10,41.830925,-71.350331,0.8084691355372646
2023-02-11,41.830925,-71.350331,0.0
2023-02-12,41.830925,-71.350331,0.0
2023-02-13,41.830925,-71.350331,6.065617944764236
2023-02-14,41.830925,-71.350331,0.0
2023-02-15,41.830925,-71.350331,1.7557522787718491
2023-02-16,41.830925,-71.350331,2.8143421327650184
2023-02-17,41.830925,-71.350331,13.720131936772473
2023-02-18,41.830925,-71.350331,0.07288631700826544
2023-02-19,41.830925,-71.350331,0.0
2023-02-20,41.830925,-71.350331,0.48786499521703436
2023-02-21,41.830925,-71.350331,3.0053407395507428
2023-02-22,41.830925,-71.350331,0.06222065851663283
2023-02-23,41.830925,-71.350331,20.115216870241714
2023-02-24,41.830925,-71.350331,0.7319214369345992
2023-02-25,41.830925,-71.350331,0.5030654000190047
2023-02-26,41.830925,-71.350331,0.0
2023-02-27,41.830925,-71.350331,0.0
2023-02-28,41.830925,-71.350331,0.6919487479234235
2023-03-01,41.830925,-71.350331,0.00838501964945676
2023-03-02,41.830925,-71.350331,6.551123212879575
2023-03-03,41.830925,-71.350331,0.036375883334717016
2023-03-04,41.830925,-71.350331,15.364432380768047
2023-03-05,41.830925,-71.350331,0.0
2023-03-06,41.830925,-71.350331,0.0
2023-03-07,41.830925,-71.350331,0.631534463422601
2023-03-08,41.830925,-71.350331,0.0
2023-03-09,41.830925,-71.350331,0.0
2023-03-10,41.830925,-71.350331,0.0
2023-03-11,41.830925,-71.350331,6.901928885993885
2023-03-12,41.830925,-71.350331,0.0
2023-03-13,41.830925,-71.350331,3.06625443279956
2023-03-14,41.830925,-71.350331,40.89969315792258
2023-03-15,41.830925,-71.350331,0.017842220517415613
2023-03-16,41.830925,-71.350331,0.01716980619560084
2023-03-17,41.830925,-71.350331,0.48749615049680856
2023-03-18,41.830925,-71.350331,2.972436700829993
2023-03-19,41.830925,-71.350331,0.0
2023-03-20,41.830925,-71.350331,0.0
2023-03-21,41.830925,-71.350331,0.0
2023-03-22,41.830925,-71.350331,0.0
2023-03-23,41.830925,-71.350331,5.286780840044711
2023-03-24,41.830925,-71.350331,0.036422013685404306
2023-03-25,41.830925,-71.350331,8.1647265284364
2023-03-26,41.830925,-71.350331,1.7985324268254574
2023-03-27,41.830925,-71.350331,5.644680739757479
2023-03-28,41.830925,-71.350331,5.657944551467588
2023-03-29,41.830925,-71.350331,0.0
2023-03-30,41.830925,-71.350331,0.004032794876176912
2023-03-31,41.830925,-71.350331,5.273528118051444
2023-04-01,41.830925,-71.350331,34.46078567225339
2023-04-02,41.830925,-71.350331,0.34351507696378514
2023-04-03,41.830925,-71.350331,2.8543624442798482e-05
2023-04-04,41.830925,-71.350331,0.05799163203585246
2023-04-05,41.830925,-71.350331,0.0686494890508024
2023-04-06,41.830925,-71.350331,3.5819752043153343
2023-04-07,41.830925,-71.350331,2.6221440721150766
2023-04-08,41.830925,-71.350331,1.5857568872337455e-05
2023-04-09,41.830925,-71.350331,0.0
2023-04-10,41.830925,-71.350331,0.0
2023-04-11,41.830925,-71.350331,0.42241942673934846
2023-04-12,41.830925,-71.350331,0.38804951841361485
2023-04-13,41.830925,-71.350331,0.0
2023-04-14,41.830925,-71.350331,2.69100667638026e-05
2023-04-15,41.830925,-71.350331,0.03140714661948163
2023-04-16,41.830925,-71.350331,14.697258119977779
2023-04-17,41.830925,-71.350331,0.79805606818118
2023-04-18,41.830925,-71.350331,0.0
2023-04-19,41.830925,-71.350331,0.037015251156305565
2023-04-20,41.830925,-71.350331,3.171513774467491e-05
2023-04-21,41.830925,-71.350331,0.6200868510744872
2023-04-22,41.830925,-71.350331,0.008055082448438278
2023-04-23,41.830925,-71.350331,23.35149210282893
2023-04-24,41.830925,-71.350331,0.08030287976882125
2023-04-25,41.830925,-71.350331,0.0
2023-04-26,41.830925,-71.350331,0.0
2023-04-27,41.830925,-71.350331,3.018219959676219
2023-04-28,41.830925,-71.350331,0.0
2023-04-29,41.830925,-71.350331,3.8806662918408783
2023-04-30,41.830925,-71.350331,24.530102471021195
2023-05-01,41.830925,-71.350331,15.168016851631329
2023-05-02,41.830925,-71.350331,4.082309882619069
2023-05-03,41.830925,-71.350331,0.0
2023-05-04,41.830925,-71.350331,0.1518421390983593
2023-05-05,41.830925,-71.350331,0.14281356369264295
2023-05-06,41.830925,-71.350331,0.0
2023-05-07,41.830925,-71.350331,0.028552485685570603
2023-05-08,41.830925,-71.350331,7.931060353019619
2023-05-09,41.830925,-71.350331,0.0009505784647898618
2023-05-10,41.830925,-71.350331,0.0
2023-05-11,41.830925,-71.350331,0.0
2023-05-12,41.830925,-71.350331,1.1909215193175138
2023-05-13,41.830925,-71.350331,1.3770162226285476
2023-05-14,41.830925,-71.350331,0.0
2023-05-15,41.830925,-71.350331,0.0
2023-05-16,41.830925,-71.350331,0.05422420270421252
2023-05-17,41.830925,-71.350331,0.08525380909500793
2023-05-18,41.830925,-71.350331,0.0
2023-05-19,41.830925,-71.350331,0.0
2023-05-20,41.830925,-71.350331,11.211505697862247
2023-05-21,41.830925,-71.350331,33.71084377180064
2023-05-22,41.830925,-71.350331,0.0
2023-05-23,41.830925,-71.350331,0.0
2023-05-24,41.830925,-71.350331,0.10142535065760194
2023-05-25,41.830925,-71.350331,0.0640761613384378
2023-05-26,41.830925,-71.350331,0.0
2023-05-27,41.830925,-71.350331,0.0
2023-05-28,41.830925,-71.350331,0.0
2023-05-29,41.830925,-71.350331,0.0
2023-05-30,41.830925,-71.350331,0.0
2023-05-31,41.830925,-71.350331,0.0
2023-06-01,41.830925,-71.350331,0.0
2023-06-02,41.830925,-71.350331,0.7141587159147413
2023-06-03,41.830925,-71.350331,2.1687198162186574
2023-06-04,41.830925,-71.350331,0.01613117950470765
2023-06-05,41.830925,-71.350331,0.20845609973215648
2023-06-06,41.830925,-71.350331,0.5311747023393126
2023-06-07,41.830925,-71.350331,0.09276773493195108
2023-06-08,41.830925,-71.350331,0.15203618302899197
2023-06-09,41.830925,-71.350331,1.4069444320752316
2023-06-10,41.830925,-71.350331,0.4341878657236564
2023-06-11,41.830925,-71.350331,0.0006088392395059983
2023-06-12,41.830925,-71.350331,0.466225004739789
2023-06-13,41.830925,-71.350331,2.782420702000974
2023-06-14,41.830925,-71.350331,1.2305015351594994
2023-06-15,41.830925,-71.350331,0.0
2023-06-16,41.830925,-71.350331,0.6973613189845942
2023-06-17,41.830925,-71.350331,15.670852988205104
2023-06-18,41.830925,-71.350331,8.553570270418657
2023-06-19,41.830925,-71.350331,0.0
2023-06-20,41.830925,-71.350331,0.0
2023-06-21,41.830925,-71.350331,0.0
2023-06-22,41.830925,-71.350331,0.0928857094120998
2023-06-23,41.830925,-71.350331,1.0092612636646647
2023-06-24,41.830925,-71.350331,19.357123784618178
2023-06-25,41.830925,-71.350331,0.0380833959396726
2023-06-26,41.830925,-71.350331,0.028256474951168786
2023-06-27,41.830925,-71.350331,38.9219244489017
2023-06-28,41.830925,-71.350331,6.659111969906188
2023-06-29,41.830925,-71.350331,0.30686879457981026
2023-06-30,41.830925,-71.350331,0.0
2023-07-01,41.830925,-71.350331,0.0
2023-07-02,41.830925,-71.350331,1.4825360540246502
2023-07-03,41.830925,-71.350331,13.994342248982061
2023-07-04,41.830925,-71.350331,45.52778499538819
2023-07-05,41.830925,-71.350331,0.0
2023-07-06,41.830925,-71.350331,0.0
2023-07-07,41.830925,-71.350331,0.004752892146890271
2023-07-08,41.830925,-71.350331,0.007793786884112031
2023-07-09,41.830925,-71.350331,0.4553588593702661
2023-07-10,41.830925,-71.350331,28.163134314740244
2023-07-11,41.830925,-71.350331,1.6557701644150602
2023-07-12,41.830925,-71.350331,0.0
2023-07-13,41.830925,-71.350331,0.13684581564179302
2023-07-14,41.830925,-71.350331,25.223838151742818
2023-07-15,41.830925,-71.350331,7.174799877241377
2023-07-16,41.830925,-71.350331,56.71763715636136
2023-07-17,41.830925,-71.350331,12.146575160708931
2023-07-18,41.830925,-71.350331,0.0
2023-07-19,41.830925,-71.350331,0.031010350191659264
2023-07-20,41.830925,-71.350331,0.29036124911273603
2023-07-21,41.830925,-71.350331,4.185149818637589
2023-07-22,41.830925,-71.350331,4.759840361375286
2023-07-23,41.830925,-71.350331,0.0
2023-07-24,41.830925,-71.350331,0.0
2023-07-25,41.830925,-71.350331,0.0
2023-07-26,41.830925,-71.350331,0.7484264859175684
2023-07-27,41.830925,-71.350331,1.7551908721341933
2023-07-28,41.830925,-71.350331,7.165206908502709
2023-07-29,41.830925,-71.350331,0.7557241878356109
2023-07-30,41.830925,-71.350331,20.924101623134195
2023-07-31,41.830925,-71.350331,0.0
2023-08-01,41.830925,-71.350331,0.0
2023-08-02,41.830925,-71.350331,0.0
2023-08-03,41.830925,-71.350331,0.0
2023-08-04,41.830925,-71.350331,0.3547748279052552
2023-08-05,41.830925,-71.350331,1.687973723041879
2023-08-06,41.830925,-71.350331,0.6599526535786531
2023-08-07,41.830925,-71.350331,12.5299327793174
2023-08-08,41.830925,-71.350331,17.048720470270432
2023-08-09,41.830925,-71.350331,0.05038065704033134
2023-08-10,41.830925,-71.350331,18.17094064427103
2023-08-11,41.830925,-71.350331,3.937488170553176
2023-08-12,41.830925,-71.350331,0.19304354627929615
2023-08-13,41.830925,-71.350331,16.317478518184668
2023-08-14,41.830925,-71.350331,0.4594709761058924
2023-08-15,41.830925,-71.350331,19.000186403704394
2023-08-16,41.830925,-71.350331,0.7949224263831018
2023-08-17,41.830925,-71.350331,1.4472935014456498
2023-08-18,41.830925,-71.350331,19.472962163700423
2023-08-19,41.830925,-71.350331,0.0
2023-08-20,41.830925,-71.350331,0.40253222543291034
2023-08-21,41.830925,-71.350331,0.8143274746194527
2023-08-22,41.830925,-71.350331,2.291873066069836
2023-08-23,41.830925,-71.350331,0.0
2023-08-24,41.830925,-71.350331,0.14579955607689832
2023-08-25,41.830925,-71.350331,15.933342253310206
2023-08-26,41.830925,-71.350331,0.04206062735499904
2023-08-27,41.830925,-71.350331,0.0
2023-08-28,41.830925,-71.350331,0.2462617184085453
2023-08-29,41.830925,-71.350331,1.0259950888095064
2023-08-30,41.830925,-71.350331,4.578010882619108
2023-08-31,41.830925,-71.350331,0.0
2023-09-01,41.830925,-71.350331,0.0
2023-09-02,41.830925,-71.350331,0.029434461650940547
2023-09-03,41.830925,-71.350331,1.278133547701397
2023-09-04,41.830925,-71.350331,0.0
2023-09-05,41.830925,-71.350331,0.0
2023-09-06,41.830925,-71.350331,0.0
2023-09-07,41.830925,-71.350331,0.0
2023-09-08,41.830925,-71.350331,0.03646218758748841
2023-09-09,41.830925,-71.350331,0.15911935698237195
2023-09-10,41.830925,-71.350331,6.224957912175532
2023-09-11,41.830925,-71.350331,12.898891512373458
2023-09-12,41.830925,-71.350331,0.8510415578622107
2023-09-13,41.830925,-71.350331,4.663684164312839
2023-09-14,41.830925,-71.350331,0.3840462339029145
2023-09-15,41.830925,-71.350331,0.0009014871989944662
2023-09-16,41.830925,-71.350331,33.28036739855885
2023-09-17,41.830925,-71.350331,0.0
2023-09-18,41.830925,-71.350331,38.460998133015515
2023-09-19,41.830925,-71.350331,0.0230655886659111
2023-09-20,41.830925,-71.350331,0.0
2023-09-21,41.830925,-71.350331,0.0
2023-09-22,41.830925,-71.350331,0.0
2023-09-23,41.830925,-71.350331,23.449694290936762
2023-09-24,41.830925,-71.350331,2.024518191180063
2023-09-25,41.830925,-71.350331,9.67803482507243
2023-09-26,41.830925,-71.350331,8.826359844760875
2023-09-27,41.830925,-71.350331,0.0
2023-09-28,41.830925,-71.350331,0.0
2023-09-29,41.830925,-71.350331,12.310960469687913
2023-09-30,41.830925,-71.350331,29.48463577629549
2023-10-01,41.830925,-71.350331,2.6001091309941953
2023-10-02,41.830925,-71.350331,0.0
2023-10-03,41.830925,-71.350331,0.0
2023-10-04,41.830925,-71.350331,0.0
2023-10-05,41.830925,-71.350331,0.0
2023-10-06,41.830925,-71.350331,0.0
2023-10-07,41.830925,-71.350331,6.302213651669482
2023-10-08,41.830925,-71.350331,0.052294185711815634
2023-10-09,41.830925,-71.350331,0.05243901869470372
2023-10-10,41.830925,-71.350331,0.048479501881342035
2023-10-11,41.830925,-71.350331,0.019074998863050432
2023-10-12,41.830925,-71.350331,0.0
2023-10-13,41.830925,-71.350331,0.0
2023-10-14,41.830925,-71.350331,5.395258095878217
2023-10-15,41.830925,-71.350331,2.5202384144674457
2023-10-16,41.830925,-71.350331,0.0
2023-10-17,41.830925,-71.350331,0.003843543539172708
2023-10-18,41.830925,-71.350331,0.00017443325286978228
2023-10-19,41.830925,-71.350331,5.38201335276052e-05
2023-10-20,41.830925,-71.350331,3.709251880540428
2023-10-21,41.830925,-71.350331,39.772718081650765
2023-10-22,41.830925,-71.350331,0.557457609212425
2023-10-23,41.830925,-71.350331,0.0002416128370565651
2023-10-24,41.830925,-71.350331,0.013358843083458003
2023-10-25,41.830925,-71.350331,0.21505980906957167
2023-10-26,41.830925,-71.350331,0.06104825403622173
2023-10-27,41.830925,-71.350331,0.47170528726312677
2023-10-28,41.830925,-71.350331,0.0
2023-10-29,41.830925,-71.350331,6.719700290527301
2023-10-30,41.830925,-71.350331,14.783269706558006
2023-10-31,41.830925,-71.350331,4.043729926617257
2023-11-01,41.830925,-71.350331,0.42974644509875903
2023-11-02,41.830925,-71.350331,0.0
2023-11-03,41.830925,-71.350331,1.9029083355693276e-05
2023-11-04,41.830925,-71.350331,0.0
2023-11-05,41.830925,-71.350331,0.05863844991313913
2023-11-06,41.830925,-71.350331,1.1507734957139748
2023-11-07,41.830925,-71.350331,16.926004279387275
2023-11-08,41.830925,-71.350331,0.053232395444704615
2023-11-09,41.830925,-71.350331,0.8071451595834801
2023-11-10,41.830925,-71.350331,0.5191160483365501
2023-11-11,41.830925,-71.350331,0.0
2023-11-12,41.830925,-71.350331,0.0
2023-11-13,41.830925,-71.350331,0.005703470788739174
2023-11-14,41.830925,-71.350331,0.06233751448667447
2023-11-15,41.830925,-71.350331,0.0009569214925750929
2023-11-16,41.830925,-71.350331,0.0
2023-11-17,41.830925,-71.350331,0.0
2023-11-18,41.830925,-71.350331,1.2946095850959742
2023-11-19,41.830925,-71.350331,0.0
2023-11-20,41.830925,-71.350331,0.0
2023-11-21,41.830925,-71.350331,0.12108677257407527
2023-11-22,41.830925,-71.350331,42.80914293310473
2023-11-23,41.830925,-71.350331,0.0009505784647898618
2023-11-24,41.830925,-71.350331,6.343027785231164e-06
2023-11-25,41.830925,-71.350331,0.0
2023-11-26,41.830925,-71.350331,0.06890939252400723
2023-11-27,41.830925,-71.350331,9.086381627403592
2023-11-28,41.830925,-71.350331,0.0011986493944748378
2023-11-29,41.830925,-71.350331,0.0
2023-11-30,41.830925,-71.350331,0.0
2023-12-01,41.830925,-71.350331,3.8879865372552276
2023-12-02,41.830925,-71.350331,3.6935839745774635
2023-12-03,41.830925,-71.350331,23.173142665741484
2023-12-04,41.830925,-71.350331,2.287324859339636
2023-12-05,41.830925,-71.350331,0.21303141896301583
2023-12-06,41.830925,-71.350331,0.0
2023-12-07,41.830925,-71.350331,1.296350201590018
2023-12-08,41.830925,-71.350331,0.0
2023-12-09,41.830925,-71.350331,0.0
2023-12-10,41.830925,-71.350331,8.112060885169031
2023-12-11,41.830925,-71.350331,74.31504968705437
2023-12-12,41.830925,-71.350331,0.0
2023-12-13,41.830925,-71.350331,0.0
2023-12-14,41.830925,-71.350331,0.0
2023-12-15,41.830925,-71.350331,0.0
2023-12-16,41.830925,-71.350331,1.9029083355693276e-05
2023-12-17,41.830925,-71.350331,12.760679279254054
2023-12-18,41.830925,-71.350331,78.75826801930357
2023-12-19,41.830925,-71.350331,0.0
2023-12-20,41.830925,-71.350331,0.0
2023-12-21,41.830925,-71.350331,0.0
2023-12-22,41.830925,-71.350331,0.0
2023-12-23,41.830925,-71.350331,0.0
2023-12-24,41.830925,-71.350331,0.1189599024349628
2023-12-25,41.830925,-71.350331,0.0
2023-12-26,41.830925,-71.350331,0.0
2023-12-27,41.830925,-71.350331,7.207812662215407
2023-12-28,41.830925,-71.350331,17.021919497815205
2023-12-29,41.830925,-71.350331,0.4011500841658051
2023-12-30,41.830925,-71.350331,0.09170462389808351
2023-12-31,41.830925,-71.350331,0.02854569101733704
2024-01-01,41.830925,-71.350331,0.27754916079560044
2024-01-02,41.830925,-71.350331,0.0
2024-01-03,41.830925,-71.350331,0.0
2024-01-04,41.830925,-71.350331,0.07751930260992784
2024-01-05,41.830925,-71.350331,0.0
2024-01-06,41.830925,-71.350331,0.0019487296361967357
2024-01-07,41.830925,-71.350331,3.970829974732071
2024-01-08,41.830925,-71.350331,0.0
2024-01-09,41.830925,-71.350331,30.649143762682577
2024-01-10,41.830925,-71.350331,104.41473395950364
2024-01-11,41.830925,-71.350331,8.390171167782512e-05
2024-01-12,41.830925,-71.350331,0.0
2024-01-13,41.830925,-71.350331,36.68287998298193
2024-01-14,41.830925,-71.350331,0.2551794209216895
2024-01-15,41.830925,-71.350331,0.0
2024-01-16,41.830925,-71.350331,3.258339299204531
2024-01-17,41.830925,-71.350331,0.08931668178347729
2024-01-18,41.830925,-71.350331,0.0
2024-01-19,41.830925,-71.350331,0.008558377519942336
2024-01-20,41.830925,-71.350331,0.0001807762936513052
2024-01-21,41.830925,-71.350331,0.0
2024-01-22,41.830925,-71.350331,0.33312223812923075
2024-01-23,41.830925,-71.350331,1.650960074466004
2024-01-24,41.830925,-71.350331,4.77091594741633
2024-01-25,41.830925,-71.350331,24.06618892838401
2024-01-26,41.830925,-71.350331,6.711235779888788
2024-01-27,41.830925,-71.350331,0.0
2024-01-28,41.830925,-71.350331,43.01467604280826
2024-01-29,41.830925,-71.350331,0.03535868679650153
2024-01-30,41.830925,-71.350331,0.0
2024-01-31,41.830925,-71.350331,0.0
2024-02-01,41.830925,-71.350331,5.074422228184931e-05
2024-02-02,41.830925,-71.350331,0.030418510873275576
2024-02-03,41.830925,-71.350331,0.003802313859159447
2024-02-04,41.830925,-71.350331,0.0
2024-02-05,41.830925,-71.350331,0.0
2024-02-06,41.830925,-71.350331,0.0
2024-02-07,41.830925,-71.350331,0.0
2024-02-08,41.830925,-71.350331,0.0
2024-02-09,41.830925,-71.350331,0.0
2024-02-10,41.830925,-71.350331,0.018521951539768152
2024-02-11,41.830925,-71.350331,0.0
2024-02-12,41.830925,-71.350331,0.0
2024-02-13,41.830925,-71.350331,20.7278757048394
2024-02-14,41.830925,-71.350331,0.0
2024-02-15,41.830925,-71.350331,0.0
2024-02-16,41.830925,-71.350331,3.805816671138655e-05
2024-02-17,41.830925,-71.350331,0.14009306805574784
2024-02-18,41.830925,-71.350331,0.0
2024-02-19,41.830925,-71.350331,0.0
2024-02-20,41.830925,-71.350331,0.0
2024-02-21,41.830925,-71.350331,0.0
2024-02-22,41.830925,-71.350331,0.0
2024-02-23,41.830925,-71.350331,6.799527769555267
2024-02-24,41.830925,-71.350331,3.0397092263730303
2024-02-25,41.830925,-71.350331,0.0
2024-02-26,41.830925,-71.350331,0.006654049430588077
2024-02-27,41.830925,-71.350331,0.0
2024-02-28,41.830925,-71.350331,9.182036816813913
2024-02-29,41.830925,-71.350331,17.39217293323577
2024-03-01,41.830925,-71.350331,0.004762406688568118
2024-03-02,41.830925,-71.350331,21.79001260512046
2024-03-03,41.830925,-71.350331,17.850208734700793
2024-03-04,41.830925,-71.350331,0.0
2024-03-05,41.830925,-71.350331,2.314362864239937
2024-03-06,41.830925,-71.350331,3.9746423703526577
2024-03-07,41.830925,-71.350331,34.283861621765766
2024-03-08,41.830925,-71.350331,0.12766795971720493
2024-03-09,41.830925,-71.350331,0.7690213716708623
2024-03-10,41.830925,-71.350331,31.037219275467944
2024-03-11,41.830925,-71.350331,0.0
2024-03-12,41.830925,-71.350331,0.0
2024-03-13,41.830925,-71.350331,0.0
2024-03-14,41.830925,-71.350331,0.009505784293780541
2024-03-15,41.830925,-71.350331,0.7360209162441618
2024-03-16,41.830925,-71.350331,0.0
2024-03-17,41.830925,-71.350331,2.164165525157929
2024-03-18,41.830925,-71.350331,0.0076648864828693306
2024-03-19,41.830925,-71.350331,0.0
2024-03-20,41.830925,-71.350331,0.8115652006456462
2024-03-21,41.830925,-71.350331,0.007835108735336362
2024-03-22,41.830925,-71.350331,0.0001076402670552104
2024-03-23,41.830925,-71.350331,63.85977672988218
2024-03-24,41.830925,-71.350331,4.062582836252848
2024-03-25,41.830925,-71.350331,0.0006189315205302748
2024-03-26,41.830925,-71.350331,0.014950120022900323
2024-03-27,41.830925,-71.350331,1.0022122304897187
2024-03-28,41.830925,-71.350331,73.62634649246728
2024-03-29,41.830925,-71.350331,48.43746175036317
2024-03-30,41.830925,-71.350331,0.0
2024-03-31,41.830925,-71.350331,4.611205212355932
2024-04-01,41.830925,-71.350331,1.958004268013355
2024-04-02,41.830925,-71.350331,7.423544417363173
2024-04-03,41.830925,-71.350331,20.25543784669455
2024-04-04,41.830925,-71.350331,22.350268249866797
2024-04-05,41.830925,-71.350331,0.0
2024-04-06,41.830925,-71.350331,0.30607121247340285
2024-04-07,41.830925,-71.350331,0.05190003688617084
2024-04-08,41.830925,-71.350331,0.14922687071009383
2024-04-09,41.830925,-71.350331,2.69100667638026e-05
2024-04-10,41.830925,-71.350331,0.0761269850511917
2024-04-11,41.830925,-71.350331,5.376447161755176
2024-04-12,41.830925,-71.350331,22.82073290136359
2024-04-13,41.830925,-71.350331,0.0008880321781435385
2024-04-14,41.830925,-71.350331,3.4629284350149194
2024-04-15,41.830925,-71.350331,1.8762494518748398
2024-04-16,41.830925,-71.350331,0.32823708913755717
2024-04-17,41.830925,-71.350331,1.1610403967055376
2024-04-18,41.830925,-71.350331,7.642492356368543
2024-04-19,41.830925,-71.350331,0.07146481129345815
2024-04-20,41.830925,-71.350331,10.19185718639718
2024-04-21,41.830925,-71.350331,0.0
2024-04-22,41.830925,-71.350331,0.0
2024-04-23,41.830925,-71.350331,0.0
2024-04-24,41.830925,-71.350331,0.9135249062011086
2024-04-25,41.830925,-71.350331,0.0
2024-04-26,41.830925,-71.350331,0.0
2024-04-27,41.830925,-71.350331,0.0
2024-04-28,41.830925,-71.350331,6.0989021849360325
2024-04-29,41.830925,-71.350331,4.508538132571221
2024-04-30,41.830925,-71.350331,0.008603791067580302
2024-05-01,41.830925,-71.350331,5.893388159913819
2024-05-02,41.830925,-71.350331,0.0
2024-05-03,41.830925,-71.350331,0.0
2024-05-04,41.830925,-71.350331,0.11216825636637713
2024-05-05,41.830925,-71.350331,7.464827126685779
2024-05-06,41.830925,-71.350331,4.063264131746935
2024-05-07,41.830925,-71.350331,0.029483790862653275
2024-05-08,41.830925,-71.350331,19.611170742359278
2024-05-09,41.830925,-71.350331,1.0949901296305362
2024-05-10,41.830925,-71.350331,7.120863987488345
2024-05-11,41.830925,-71.350331,0.005003441737908759
2024-05-12,41.830925,-71.350331,0.08750575857691717
2024-05-13,41.830925,-71.350331,0.0
2024-05-14,41.830925,-71.350331,0.0
2024-05-15,41.830925,-71.350331,19.87240716799911
2024-05-16,41.830925,-71.350331,28.01801195824608
2024-05-17,41.830925,-71.350331,0.9428511030698334
2024-05-18,41.830925,-71.350331,0.29824210023814496
2024-05-19,41.830925,-71.350331,0.8362498254436084
2024-05-20,41.830925,-71.350331,0.0
2024-05-21,41.830925,-71.350331,0.0
2024-05-22,41.830925,-71.350331,0.0
2024-05-23,41.830925,-71.350331,25.708723625872043
2024-05-24,41.830925,-71.350331,0.0
2024-05-25,41.830925,-71.350331,0.0
2024-05-26,41.830925,-71.350331,1.2738372135561244
2024-05-27,41.830925,-71.350331,0.014495500442543066
2024-05-28,41.830925,-71.350331,12.5944235797641
2024-05-29,41.830925,-71.350331,0.0
2024-05-30,41.830925,-71.350331,11.72176059994803
2024-05-31,41.830925,-71.350331,0.0
2024-06-01,41.830925,-71.350331,0.0
2024-06-02,41.830925,-71.350331,0.0
2024-06-03,41.830925,-71.350331,0.05106887670461857
2024-06-04,41.830925,-71.350331,0.0
2024-06-05,41.830925,-71.350331,0.0
2024-06-06,41.830925,-71.350331,1.3776099758915132
2024-06-07,41.830925,-71.350331,0.1913443373341368
2024-06-08,41.830925,-71.350331,0.12098384177830777
2024-06-09,41.830925,-71.350331,5.738770584057803
2024-06-10,41.830925,-71.350331,0.0
2024-06-11,41.830925,-71.350331,0.2539701450086014
2024-06-12,41.830925,-71.350331,0.0
2024-06-13,41.830925,-71.350331,0.0
2024-06-14,41.830925,-71.350331,0.7103275641701174
2024-06-15,41.830925,-71.350331,6.463548534703187
2024-06-16,41.830925,-71.350331,0.0
2024-06-17,41.830925,-71.350331,0.47531856121027605
2024-06-18,41.830925,-71.350331,0.0
2024-06-19,41.830925,-71.350331,0.0
2024-06-20,41.830925,-71.350331,0.0790161661275385
2024-06-21,41.830925,-71.350331,7.831346600108629
2024-06-22,41.830925,-71.350331,18.215910001151947
2024-06-23,41.830925,-71.350331,10.998353865528845
2024-06-24,41.830925,-71.350331,4.785923488226457
2024-06-25,41.830925,-71.350331,0.0
2024-06-26,41.830925,-71.350331,0.005234309513816718
2024-06-27,41.830925,-71.350331,29.715849195943488
2024-06-28,41.830925,-71.350331,0.0
2024-06-29,41.830925,-71.350331,0.16523637587787743
2024-06-30,41.830925,-71.350331,15.26800627296601
2024-07-01,41.830925,-71.350331,0.4939375582119355
2024-07-02,41.830925,-71.350331,0.0
2024-07-03,41.830925,-71.350331,0.0
2024-07-04,41.830925,-71.350331,1.1203965556093098
2024-07-05,41.830925,-71.350331,1.9362500236815765
2024-07-06,41.830925,-71.350331,8.732228571034709
2024-07-07,41.830925,-71.350331,0.09130074287124867
2024-07-08,41.830925,-71.350331,0.0
2024-07-09,41.830925,-71.350331,0.6761245403835595
2024-07-10,41.830925,-71.350331,2.3542828181328437
2024-07-11,41.830925,-71.350331,0.09338629808374
2024-07-12,41.830925,-71.350331,0.80998925787314
2024-07-13,41.830925,-71.350331,13.814088016746352
2024-07-14,41.830925,-71.350331,0.07306123844905675
2024-07-15,41.830925,-71.350331,0.014258676440670809
2024-07-16,41.830925,-71.350331,0.0
2024-07-17,41.830925,-71.350331,0.06387133238332299
2024-07-18,41.830925,-71.350331,12.460228290833017
2024-07-19,41.830925,-71.350331,0.0
2024-07-20,41.830925,-71.350331,0.0009505784647898618
2024-07-21,41.830925,-71.350331,4.118551025299924
2024-07-22,41.830925,-71.350331,0.3483653136748976
2024-07-23,41.830925,-71.350331,9.001155618631426
2024-07-24,41.830925,-71.350331,2.2937139229786045
2024-07-25,41.830925,-71.350331,7.387615807637673
2024-07-26,41.830925,-71.350331,0.0
2024-07-27,41.830925,-71.350331,0.0
2024-07-28,41.830925,-71.350331,4.01796471385913
2024-07-29,41.830925,-71.350331,22.536682339182384
2024-07-30,41.830925,-71.350331,0.021863304158989724
2024-07-31,41.830925,-71.350331,0.46597018632815285
2024-08-01,41.830925,-71.350331,0.0
2024-08-02,41.830925,-71.350331,0.008742807493078701
2024-08-03,41.830925,-71.350331,1.2903943466432923
2024-08-04,41.830925,-71.350331,10.261309871233665
2024-08-05,41.830925,-71.350331,14.470902737216303
2024-08-06,41.830925,-71.350331,5.064290005484867
2024-08-07,41.830925,-71.350331,20.837481509192006
2024-08-08,41.830925,-71.350331,0.3245576829475088
2024-08-09,41.830925,-71.350331,2.3023903165299346
2024-08-10,41.830925,-71.350331,1.796375453969536
2024-08-11,41.830925,-71.350331,1.775768707074374
2024-08-12,41.830925,-71.350331,1.0006578536752673
2024-08-13,41.830925,-71.350331,0.04408989618122445
2024-08-14,41.830925,-71.350331,0.0
2024-08-15,41.830925,-71.350331,7.907973224175922
2024-08-16,41.830925,-71.350331,0.3928671524389305
2024-08-17,41.830925,-71.350331,0.0002556456367623222
2024-08-18,41.830925,-71.350331,5.614139540416765
2024-08-19,41.830925,-71.350331,31.961221393131126
2024-08-20,41.830925,-71.350331,3.6560843269541827
2024-08-21,41.830925,-71.350331,0.0
2024-08-22,41.830925,-71.350331,0.0
2024-08-23,41.830925,-71.350331,0.0
2024-08-24,41.830925,-71.350331,0.0
2024-08-25,41.830925,-71.350331,0.0
2024-08-26,41.830925,-71.350331,0.7675660283466811
2024-08-27,41.830925,-71.350331,0.0012696738286223086
2024-08-28,41.830925,-71.350331,0.0003303196092429711
2024-08-29,41.830925,-71.350331,0.0
2024-08-30,41.830925,-71.350331,0.0
2024-08-31,41.830925,-71.350331,0.0
2024-09-01,41.830925,-71.350331,6.092976009188061
2024-09-02,41.830925,-71.350331,3.171513892615582e-06
2024-09-03,41.830925,-71.350331,0.0
2024-09-04,41.830925,-71.350331,0.0
2024-09-05,41.830925,-71.350331,0.0
2024-09-06,41.830925,-71.350331,0.0
2024-09-07,41.830925,-71.350331,0.03207398941307963
2024-09-08,41.830925,-71.350331,0.0
2024-09-09,41.830925,-71.350331,0.0
2024-09-10,41.830925,-71.350331,0.12931853669527443
2024-09-11,41.830925,-71.350331,0.0
2024-09-12,41.830925,-71.350331,0.0
2024-09-13,41.830925,-71.350331,0.0
2024-09-14,41.830925,-71.350331,0.0
2024-09-15,41.830925,-71.350331,0.0
2024-09-16,41.830925,-71.350331,0.0
2024-09-17,41.830925,-71.350331,0.852552357435927
2024-09-18,41.830925,-71.350331,0.01635616580052253
2024-09-19,41.830925,-71.350331,0.1588493249336967
2024-09-20,41.830925,-71.350331,6.864297022827918
2024-09-21,41.830925,-71.350331,27.89666671058139
2024-09-22,41.830925,-71.350331,4.834630271837705
2024-09-23,41.830925,-71.350331,0.029643135523745996
2024-09-24,41.830925,-71.350331,0.004032794876176912
2024-09-25,41.830925,-71.350331,2.2693832873122455
2024-09-26,41.830925,-71.350331,4.3903529448362475
2024-09-27,41.830925,-71.350331,0.7910598103686571
2024-09-28,41.830925,-71.350331,0.1050989612172859
2024-09-29,41.830925,-71.350331,0.08595820819789735
2024-09-30,41.830925,-71.350331,0.04479453190618417
2024-10-01,41.830925,-71.350331,0.3609636438120958
2024-10-02,41.830925,-71.350331,0.0
2024-10-03,41.830925,-71.350331,0.0
2024-10-04,41.830925,-71.350331,0.293581242759247
2024-10-05,41.830925,-71.350331,2.5803426292449365
2024-10-06,41.830925,-71.350331,0.0
2024-10-07,41.830925,-71.350331,14.473577757404826
2024-10-08,41.830925,-71.350331,0.0
2024-10-09,41.830925,-71.350331,0.005703470788739174
2024-10-10,41.830925,-71.350331,0.11516450954467376
2024-10-11,41.830925,-71.350331,0.0
2024-10-12,41.830925,-71.350331,0.0
2024-10-13,41.830925,-71.350331,5.137047982370877
2024-10-14,41.830925,-71.350331,1.3837928545766462
2024-10-15,41.830925,-71.350331,0.0
2024-10-16,41.830925,-71.350331,0.0
2024-10-17,41.830925,-71.350331,0.004032794876176912
2024-10-18,41.830925,-71.350331,0.0
2024-10-19,41.830925,-71.350331,0.0
2024-10-20,41.830925,-71.350331,0.0
2024-10-21,41.830925,-71.350331,0.0
2024-10-22,41.830925,-71.350331,0.0
2024-10-23,41.830925,-71.350331,0.0
2024-10-24,41.830925,-71.350331,0.38264253307039653
2024-10-25,41.830925,-71.350331,0.0
2024-10-26,41.830925,-71.350331,0.0
2024-10-27,41.830925,-71.350331,0.0
2024-10-28,41.830925,-71.350331,0.1371150302970146
2024-10-29,41.830925,-71.350331,0.20890351528653117
2024-10-30,41.830925,-71.350331,3.391470744112184
2024-10-31,41.830925,-71.350331,0.9659956431588617
2024-11-01,41.830925,-71.350331,0.00018837047235900628
2024-11-02,41.830925,-71.350331,0.0
2024-11-03,41.830925,-71.350331,0.0
2024-11-04,41.830925,-71.350331,0.15334212324410723
2024-11-05,41.830925,-71.350331,0.2265601958787617
2024-11-06,41.830925,-71.350331,0.0
2024-11-07,41.830925,-71.350331,1.34550333819013e-05
2024-11-08,41.830925,-71.350331,0.0
2024-11-09,41.830925,-71.350331,0.0
2024-11-10,41.830925,-71.350331,1.2124947703332576
2024-11-11,41.830925,-71.350331,14.118521498998192
2024-11-12,41.830925,-71.350331,0.007604627718318894
2024-11-13,41.830925,-71.350331,0.0
2024-11-14,41.830925,-71.350331,0.0
2024-11-15,41.830925,-71.350331,0.0
2024-11-16,41.830925,-71.350331,0.0
2024-11-17,41.830925,-71.350331,0.0
2024-11-18,41.830925,-71.350331,0.06379729591931804
2024-11-19,41.830925,-71.350331,0.0
2024-11-20,41.830925,-71.350331,0.09279464499871487
2024-11-21,41.830925,-71.350331,46.87828390358382
2024-11-22,41.830925,-71.350331,0.0392882000546968
2024-11-23,41.830925,-71.350331,12.363014949562118
2024-11-24,41.830925,-71.350331,0.0009505784647898618
2024-11-25,41.830925,-71.350331,0.0
2024-11-26,41.830925,-71.350331,7.670782723922538
2024-11-27,41.830925,-71.350331,0.028395163284132163
2024-11-28,41.830925,-71.350331,18.324193081826756
2024-11-29,41.830925,-71.350331,0.15960980045815237
2024-11-30,41.830925,-71.350331,0.0
2024-12-01,41.830925,-71.350331,0.056620590169392776
2024-12-02,41.830925,-71.350331,0.0
2024-12-03,41.830925,-71.350331,0.0
2024-12-04,41.830925,-71.350331,0.03375964079972761
2024-12-05,41.830925,-71.350331,18.131809678025512
2024-12-06,41.830925,-71.350331,0.39562388435283935
2024-12-07,41.830925,-71.350331,1.1623003916713295
2024-12-08,41.830925,-71.350331,3.3475038109619106
2024-12-09,41.830925,-71.350331,7.382624804917481
2024-12-10,41.830925,-71.350331,0.05792184534659359
2024-12-11,41.830925,-71.350331,78.01377209944152
2024-12-12,41.830925,-71.350331,26.250177956372
2024-12-13,41.830925,-71.350331,0.0
2024-12-14,41.830925,-71.350331,0.0
2024-12-15,41.830925,-71.350331,9.514541677846638e-06
2024-12-16,41.830925,-71.350331,0.4122948450413213
2024-12-17,41.830925,-71.350331,5.248360318653235
2024-12-18,41.830925,-71.350331,1.2069144591808307
2024-12-19,41.830925,-71.350331,11.457687341117628
2024-12-20,41.830925,-71.350331,6.385356781271932
2024-12-21,41.830925,-71.350331,0.1497972053990636
2024-12-22,41.830925,-71.350331,0.0
2024-12-23,41.830925,-71.350331,0.0
2024-12-24,41.830925,-71.350331,0.41360240404464194
2024-12-25,41.830925,-71.350331,0.0
2024-12-26,41.830925,-71.350331,0.0
2024-12-27,41.830925,-71.350331,0.0
2024-12-28,41.830925,-71.350331,12.819492594647805
2024-12-29,41.830925,-71.350331,1.3743459030581888
2024-12-30,41.830925,-71.350331,20.286884666543692
2024-12-31,41.830925,-71.350331,0.12334772624720229
2025-01-01,41.830925,-71.350331,48.5111803690607
2025-01-02,41.830925,-71.350331,0.6201806260134185
2025-01-03,41.830925,-71.350331,0.0
2025-01-04,41.830925,-71.350331,0.0
2025-01-05,41.830925,-71.350331,3.930879129685505
2025-01-06,41.830925,-71.350331,0.028752432730316715
2025-01-07,41.830925,-71.350331,0.0
2025-01-08,41.830925,-71.350331,0.0
2025-01-09,41.830925,-71.350331,0.0
2025-01-10,41.830925,-71.350331,0.0
2025-01-11,41.830925,-71.350331,0.08386238863975069
2025-01-12,41.830925,-71.350331,0.0
2025-01-13,41.830925,-71.350331,0.0
2025-01-14,41.830925,-71.350331,0.0
2025-01-15,41.830925,-71.350331,0.0
2025-01-16,41.830925,-71.350331,0.014624366119236676
2025-01-17,41.830925,-71.350331,0.09589840305005869
2025-01-18,41.830925,-71.350331,7.141362128199564
2025-01-19,41.830925,-71.350331,3.169740339089654
2025-01-20,41.830925,-71.350331,2.135485104365938
2025-01-21,41.830925,-71.350331,0.02898148634340829
2025-01-22,41.830925,-71.350331,0.41318029153212005
2025-01-23,41.830925,-71.350331,0.3306892083908375
2025-01-24,41.830925,-71.350331,0.0
2025-01-25,41.830925,-71.350331,0.0
2025-01-26,41.830925,-71.350331,0.018075104069923513
2025-01-27,41.830925,-71.350331,0.43863378128181985
2025-01-28,41.830925,-71.350331,0.18767413117029483
2025-01-29,41.830925,-71.350331,0.015689246554028417
2025-01-30,41.830925,-71.350331,0.0
2025-01-31,41.830925,-71.350331,6.46143358651335
2025-02-01,41.830925,-71.350331,20.183603154743025
2025-02-02,41.830925,-71.350331,3.805816671138655e-05
2025-02-03,41.830925,-71.350331,0.30061642417828494
2025-02-04,41.830925,-71.350331,1.7208622054852403
2025-02-05,41.830925,-71.350331,0.0
2025-02-06,41.830925,-71.350331,3.9851514603539973
2025-02-07,41.830925,-71.350331,4.0365100145703034e-05
2025-02-08,41.830925,-71.350331,0.01613117950470765
2025-02-09,41.830925,-71.350331,2.209904520867161
2025-02-10,41.830925,-71.350331,0.0
2025-02-11,41.830925,-71.350331,0.0
2025-02-12,41.830925,-71.350331,0.9244229421517447
2025-02-13,41.830925,-71.350331,4.905614311563551
2025-02-14,41.830925,-71.350331,0.0
2025-02-15,41.830925,-71.350331,1.8217991070347956
2025-02-16,41.830925,-71.350331,48.76975059547022
2025-02-17,41.830925,-71.350331,0.07053117934563538
2025-02-18,41.830925,-71.350331,0.0
2025-02-19,41.830925,-71.350331,0.0
2025-02-20,41.830925,-71.350331,0.016621999337478932
2025-02-21,41.830925,-71.350331,0.4118558791225505
2025-02-22,41.830925,-71.350331,0.0
2025-02-23,41.830925,-71.350331,0.0
2025-02-24,41.830925,-71.350331,0.0
2025-02-25,41.830925,-71.350331,0.6707735371917198
2025-02-26,41.830925,-71.350331,0.12101641195603165
2025-02-27,41.830925,-71.350331,6.112071794601745
2025-02-28,41.830925,-71.350331,0.19967163226069112
2025-03-01,41.830925,-71.350331,0.02492334110479566
2025-03-02,41.830925,-71.350331,0.0
2025-03-03,41.830925,-71.350331,0.0
2025-03-04,41.830925,-71.350331,0.0
2025-03-05,41.830925,-71.350331,8.318022476802442
2025-03-06,41.830925,-71.350331,17.103550556206642
2025-03-07,41.830925,-71.350331,0.0
2025-03-08,41.830925,-71.350331,0.0
2025-03-09,41.830925,-71.350331,0.0
2025-03-10,41.830925,-71.350331,0.0
2025-03-11,41.830925,-71.350331,0.0
2025-03-12,41.830925,-71.350331,0.0
2025-03-13,41.830925,-71.350331,0.0
2025-03-14,41.830925,-71.350331,0.0
2025-03-15,41.830925,-71.350331,0.0
2025-03-16,41.830925,-71.350331,0.0
2025-03-17,41.830925,-71.350331,84.1703271483742
2025-03-18,41.830925,-71.350331,4.992644286377381
2025-03-19,41.830925,-71.350331,0.0
2025-03-20,41.830925,-71.350331,0.0
2025-03-21,41.830925,-71.350331,8.135115732585298
2025-03-22,41.830925,-71.350331,0.074145119191255
2025-03-23,41.830925,-71.350331,0.0
2025-03-24,41.830925,-71.350331,32.95173285810223
2025-03-25,41.830925,-71.350331,0.0007400268685850975
2025-03-26,41.830925,-71.350331,0.009282575400664142
2025-03-27,41.830925,-71.350331,0.0
2025-03-28,41.830925,-71.350331,0.017136553101051805
2025-03-29,41.830925,-71.350331,2.386693534157769
2025-03-30,41.830925,-71.350331,2.2514434790343065
2025-03-31,41.830925,-71.350331,1.6144921678635287
2025-04-01,41.830925,-71.350331,9.996234198583847
2025-04-02,41.830925,-71.350331,0.9368945344382983
2025-04-03,41.830925,-71.350331,9.622618785978911
2025-04-04,41.830925,-71.350331,0.5760636412556684
2025-04-05,41.830925,-71.350331,7.352255770378006
2025-04-06,41.830925,-71.350331,10.152454552073271
2025-04-07,41.830925,-71.350331,4.578051192651311
2025-04-08,41.830925,-71.350331,5.057131404208529
2025-04-09,41.830925,-71.350331,0.0
2025-04-10,41.830925,-71.350331,0.0
2025-04-11,41.830925,-71.350331,2.957720509311541
2025-04-12,41.830925,-71.350331,10.046881874638283
2025-04-13,41.830925,-71.350331,9.971656653299126
2025-04-14,41.830925,-71.350331,0.0
2025-04-15,41.830925,-71.350331,10.661339083411201
2025-04-16,41.830925,-71.350331,0.0
2025-04-17,41.830925,-71.350331,0.0
2025-04-18,41.830925,-71.350331,0.3239498254775602
2025-04-19,41.830925,-71.350331,0.2781615281143351
2025-04-20,41.830925,-71.350331,0.2678559636076332
2025-04-21,41.830925,-71.350331,0.028366613355627315
2025-04-22,41.830925,-71.350331,1.8039745635382807
2025-04-23,41.830925,-71.350331,1.34550333819013e-05
2025-04-24,41.830925,-71.350331,0.0
2025-04-25,41.830925,-71.350331,0.02718694684645942
2025-04-26,41.830925,-71.350331,11.378533351493369
2025-04-27,41.830925,-71.350331,3.170046433147338
2025-04-28,41.830925,-71.350331,0.0
2025-04-29,41.830925,-71.350331,0.0
2025-04-30,41.830925,-71.350331,4.809267674316099
2025-05-01,41.830925,-71.350331,0.0
2025-05-02,41.830925,-71.350331,8.212843821388342
2025-05-03,41.830925,-71.350331,0.023294153735382572
2025-05-04,41.830925,-71.350331,0.00010783147589336906
2025-05-05,41.830925,-71.350331,14.074910246081197
2025-05-06,41.830925,-71.350331,7.715829906483816
2025-05-07,41.830925,-71.350331,0.6718978168417644
2025-05-08,41.830925,-71.350331,0.07670383359881933
2025-05-09,41.830925,-71.350331,26.19229941588968
2025-05-10,41.830925,-71.350331,3.633823024964167
2025-05-11,41.830925,-71.350331,0.0
2025-05-12,41.830925,-71.350331,0.0
2025-05-13,41.830925,-71.350331,0.07259030626885123
2025-05-14,41.830925,-71.350331,0.7317989361442427
2025-05-15,41.830925,-71.350331,32.19406379854691
2025-05-16,41.830925,-71.350331,0.9587673481970536
2025-05-17,41.830925,-71.350331,1.2975827310745875
2025-05-18,41.830925,-71.350331,0.0001337813535013735
2025-05-19,41.830925,-71.350331,0.11754214643166916
2025-05-20,41.830925,-71.350331,0.12359050094608
2025-05-21,41.830925,-71.350331,0.5378050455667595
2025-05-22,41.830925,-71.350331,59.751239107864386
2025-05-23,41.830925,-71.350331,29.9854462289109
2025-05-24,41.830925,-71.350331,0.5141661746694265
2025-05-25,41.830925,-71.350331,0.009966746681933548
2025-05-26,41.830925,-71.350331,0.006654049430588077
2025-05-27,41.830925,-71.350331,0.0
2025-05-28,41.830925,-71.350331,1.8275623608903655
2025-05-29,41.830925,-71.350331,12.160358349280042
2025-05-30,41.830925,-71.350331,0.04766212789360759
2025-05-31,41.830925,-71.350331,15.34540998445042
2025-06-01,41.830925,-71.350331,0.5847638657190625
2025-06-02,41.830925,-71.350331,0.0
2025-06-03,41.830925,-71.350331,0.0009822936025345366
2025-06-04,41.830925,-71.350331,0.0
2025-06-05,41.830925,-71.350331,0.0
2025-06-06,41.830925,-71.350331,0.0
2025-06-07,41.830925,-71.350331,9.762747492746724
2025-06-08,41.830925,-71.350331,0.012168831309332858
2025-06-09,41.830925,-71.350331,3.2579052737726593
2025-06-10,41.830925,-71.350331,4.379654398307219
2025-06-11,41.830925,-71.350331,0.0
2025-06-12,41.830925,-71.350331,0.0
2025-06-13,41.830925,-71.350331,1.5906801545483338
2025-06-14,41.830925,-71.350331,8.134657315911845
2025-06-15,41.830925,-71.350331,0.1705588604134004
2025-06-16,41.830925,-71.350331,0.5597944702003967
2025-06-17,41.830925,-71.350331,5.488340800805665
2025-06-18,41.830925,-71.350331,4.277186465499153
2025-06-19,41.830925,-71.350331,0.2049548781781822
2025-06-20,41.830925,-71.350331,0.180448922275318
2025-06-21,41.830925,-71.350331,0.0
2025-06-22,41.830925,-71.350331,4.762635963783679
2025-06-23,41.830925,-71.350331,0.0
2025-06-24,41.830925,-71.350331,0.0
2025-06-25,41.830925,-71.350331,1.0940704580780605
2025-06-26,41.830925,-71.350331,2.3487610561524748
2025-06-27,41.830925,-71.350331,0.7343081628357538
2025-06-28,41.830925,-71.350331,1.7904795916932932
2025-06-29,41.830925,-71.350331,0.03908789492772918
2025-06-30,41.830925,-71.350331,0.47434013139622855
2025-07-01,41.830925,-71.350331,0.17166121496534398
2025-07-02,41.830925,-71.350331,8.130767714357152
2025-07-03,41.830925,-71.350331,8.951044145001038
2025-07-04,41.830925,-71.350331,5.902200220252517
2025-07-05,41.830925,-71.350331,2.7234696355486303
2025-07-06,41.830925,-71.350331,0.0
2025-07-07,41.830925,-71.350331,0.09119721486034638
2025-07-08,41.830925,-71.350331,5.145393356130584
2025-07-09,41.830925,-71.350331,21.128890854883508
2025-07-10,41.830925,-71.350331,21.28710848626777
2025-07-11,41.830925,-71.350331,0.3025549616565454
2025-07-12,41.830925,-71.350331,0.014019339619277593
2025-07-13,41.830925,-71.350331,0.2738268271250725
2025-07-14,41.830925,-71.350331,0.3668524917767949
2025-07-15,41.830925,-71.350331,9.913175716633795
2025-07-16,41.830925,-71.350331,0.0
2025-07-17,41.830925,-71.350331,0.21705248423257445
2025-07-18,41.830925,-71.350331,0.0
2025-07-19,41.830925,-71.350331,0.0
2025-07-20,41.830925,-71.350331,3.6734782346617605
2025-07-21,41.830925,-71.350331,3.351758586205029
2025-07-22,41.830925,-71.350331,0.04453565982057116
2025-07-23,41.830925,-71.350331,0.1881818820236635
2025-07-24,41.830925,-71.350331,0.0
2025-07-25,41.830925,-71.350331,17.537797164461182
2025-07-26,41.830925,-71.350331,0.04409104561771443
2025-07-27,41.830925,-71.350331,9.997626300114028
2025-07-28,41.830925,-71.350331,3.805816671138655e-05
2025-07-29,41.830925,-71.350331,0.024695900760671376
2025-07-30,41.830925,-71.350331,0.0
2025-07-31,41.830925,-71.350331,0.3354596815409251
2025-08-01,41.830925,-71.350331,8.287690048178757
2025-08-02,41.830925,-71.350331,0.0
2025-08-03,41.830925,-71.350331,0.0
2025-08-04,41.830925,-71.350331,0.0
2025-08-05,41.830925,-71.350331,0.0
2025-08-06,41.830925,-71.350331,0.9366507322715716
2025-08-07,41.830925,-71.350331,2.028116303589768
2025-08-08,41.830925,-71.350331,0.0
2025-08-09,41.830925,-71.350331,0.0
2025-08-10,41.830925,-71.350331,0.0
2025-08-11,41.830925,-71.350331,0.0
2025-08-12,41.830925,-71.350331,0.0
2025-08-13,41.830925,-71.350331,0.1514196992757361
2025-08-14,41.830925,-71.350331,1.6112684457877922
2025-08-15,41.830925,-71.350331,4.095038487480607
2025-08-16,41.830925,-71.350331,0.0
2025-08-17,41.830925,-71.350331,0.012617584026851786
2025-08-18,41.830925,-71.350331,0.6146426892957417
2025-08-19,41.830925,-71.350331,0.03106236342809393
2025-08-20,41.830925,-71.350331,12.056012569045759
2025-08-21,41.830925,-71.350331,14.83495102888475
2025-08-22,41.830925,-71.350331,0.0
2025-08-23,41.830925,-71.350331,0.0
2025-08-24,41.830925,-71.350331,0.225594491857949
2025-08-25,41.830925,-71.350331,0.0647534535938415
2025-08-26,41.830925,-71.350331,0.0
2025-08-27,41.830925,-71.350331,0.2313717893147708
2025-08-28,41.830925,-71.350331,0.0
2025-08-29,41.830925,-71.350331,11.696703858770322
2025-08-30,41.830925,-71.350331,0.0
2025-08-31,41.830925,-71.350331,0.0
2025-09-01,41.830925,-71.350331,0.5496731510055493
2025-09-02,41.830925,-71.350331,0.0
2025-09-03,41.830925,-71.350331,0.0
2025-09-04,41.830925,-71.350331,0.0
2025-09-05,41.830925,-71.350331,5.109202181901426
2025-09-06,41.830925,-71.350331,6.280688356727397
2025-09-07,41.830925,-71.350331,41.715062574884364
2025-09-08,41.830925,-71.350331,0.4897703844640068
2025-09-09,41.830925,-71.350331,0.0
2025-09-10,41.830925,-71.350331,0.6984115237691939
2025-09-11,41.830925,-71.350331,0.0
2025-09-12,41.830925,-71.350331,0.0
2025-09-13,41.830925,-71.350331,0.0
2025-09-14,41.830925,-71.350331,0.6290134226772545
2025-09-15,41.830925,-71.350331,0.0
2025-09-16,41.830925,-71.350331,0.079763610997798
2025-09-17,41.830925,-71.350331,1.5137427833585615
2025-09-18,41.830925,-71.350331,3.3640953153084325
2025-09-19,41.830925,-71.350331,0.0
2025-09-20,41.830925,-71.350331,0.0
2025-09-21,41.830925,-71.350331,2.248110201728553
2025-09-22,41.830925,-71.350331,0.0
2025-09-23,41.830925,-71.350331,0.004032794876176912
2025-09-24,41.830925,-71.350331,16.8091056879754
2025-09-25,41.830925,-71.350331,16.972572368424046
2025-09-26,41.830925,-71.350331,0.1126194112443249
2025-09-27,41.830925,-71.350331,0.012206024895585945
2025-09-28,41.830925,-71.350331,16.541710230700183
2025-09-29,41.830925,-71.350331,0.7917196453446723
2025-09-30,41.830925,-71.350331,1.432606051213124
