date,lat,lon,pr_mm_per_day
2010-01-01,41.845646,-71.609508,1.2347246350931136
2010-01-02,41.845646,-71.609508,1.0453610527075567
2010-01-03,41.845646,-71.609508,0.13160604411243362
2010-01-04,41.845646,-71.609508,0.10386472083826344
2010-01-05,41.845646,-71.609508,0.0
2010-01-06,41.845646,-71.609508,0.0
2010-01-07,41.845646,-71.609508,0.0
2010-01-08,41.845646,-71.609508,0.3398278990917335
2010-01-09,41.845646,-71.609508,0.03648077836810355
2010-01-10,41.845646,-71.609508,0.0
2010-01-11,41.845646,-71.609508,0.2662883009133641
2010-01-12,41.845646,-71.609508,0.5951393419569581
2010-01-13,41.845646,-71.609508,0.5353469448190421
2010-01-14,41.845646,-71.609508,0.0
2010-01-15,41.845646,-71.609508,0.1440463714446696
2010-01-16,41.845646,-71.609508,0.0
2010-01-17,41.845646,-71.609508,17.58525117178629
2010-01-18,41.845646,-71.609508,12.952103510626888
2010-01-19,41.845646,-71.609508,0.8285189157250803
2010-01-20,41.845646,-71.609508,0.0
2010-01-21,41.845646,-71.609508,0.0
2010-01-22,41.845646,-71.609508,0.2688475442944455
2010-01-23,41.845646,-71.609508,0.0
2010-01-24,41.845646,-71.609508,4.714985384142526
2010-01-25,41.845646,-71.609508,34.83670815975247
2010-01-26,41.845646,-71.609508,4.902750986073483
2010-01-27,41.845646,-71.609508,0.0
2010-01-28,41.845646,-71.609508,0.15490498560456573
2010-01-29,41.845646,-71.609508,0.001057868988216919
2010-01-30,41.845646,-71.609508,0.002975292744972071
2010-01-31,41.845646,-71.609508,0.5567544127217811
2010-02-01,41.845646,-71.609508,0.02323861673101372
2010-02-02,41.845646,-71.609508,0.1448757007038986
2010-02-03,41.845646,-71.609508,0.003911988664217235
2010-02-04,41.845646,-71.609508,0.16505341187351183
2010-02-05,41.845646,-71.609508,0.008842432568588552
2010-02-06,41.845646,-71.609508,0.5517426818576736
2010-02-07,41.845646,-71.609508,0.0
2010-02-08,41.845646,-71.609508,0.0
2010-02-09,41.845646,-71.609508,0.0
2010-02-10,41.845646,-71.609508,0.8435120806943064
2010-02-11,41.845646,-71.609508,1.5451302900465453
2010-02-12,41.845646,-71.609508,0.0
2010-02-13,41.845646,-71.609508,0.012154251165868084
2010-02-14,41.845646,-71.609508,2.804196137424109
2010-02-15,41.845646,-71.609508,0.040549424258497044
2010-02-16,41.845646,-71.609508,0.06908600988429822
2010-02-17,41.845646,-71.609508,0.00580965418275343
2010-02-18,41.845646,-71.609508,0.0
2010-02-19,41.845646,-71.609508,8.815574901807659e-05
2010-02-20,41.845646,-71.609508,0.0
2010-02-21,41.845646,-71.609508,0.0
2010-02-22,41.845646,-71.609508,0.0
2010-02-23,41.845646,-71.609508,0.025683430911699553
2010-02-24,41.845646,-71.609508,24.61384880238898
2010-02-25,41.845646,-71.609508,21.3119262912715
2010-02-26,41.845646,-71.609508,43.91706488734414
2010-02-27,41.845646,-71.609508,0.0
2010-02-28,41.845646,-71.609508,0.04753690037584398
2010-03-01,41.845646,-71.609508,1.5286991763046034
2010-03-02,41.845646,-71.609508,0.008627763034344763
2010-03-03,41.845646,-71.609508,8.041837327318119
2010-03-04,41.845646,-71.609508,0.10897687813215481
2010-03-05,41.845646,-71.609508,0.08860503615703079
2010-03-06,41.845646,-71.609508,0.0
2010-03-07,41.845646,-71.609508,0.0
2010-03-08,41.845646,-71.609508,0.0
2010-03-09,41.845646,-71.609508,0.0
2010-03-10,41.845646,-71.609508,0.0
2010-03-11,41.845646,-71.609508,0.17869467384811227
2010-03-12,41.845646,-71.609508,0.0009643344843771768
2010-03-13,41.845646,-71.609508,33.76196630730805
2010-03-14,41.845646,-71.609508,52.752781640629465
2010-03-15,41.845646,-71.609508,3.2976941468538112
2010-03-16,41.845646,-71.609508,0.10618145021956085
2010-03-17,41.845646,-71.609508,0.0
2010-03-18,41.845646,-71.609508,0.0
2010-03-19,41.845646,-71.609508,0.00017631149803615318
2010-03-20,41.845646,-71.609508,0.0
2010-03-21,41.845646,-71.609508,0.0
2010-03-22,41.845646,-71.609508,6.760778357826999
2010-03-23,41.845646,-71.609508,81.51693900995178
2010-03-24,41.845646,-71.609508,3.6168959406443193
2010-03-25,41.845646,-71.609508,0.0
2010-03-26,41.845646,-71.609508,13.912615195755633
2010-03-27,41.845646,-71.609508,0.0
2010-03-28,41.845646,-71.609508,0.06461460241884995
2010-03-29,41.845646,-71.609508,116.45835655684328
2010-03-30,41.845646,-71.609508,95.60918833416314
2010-03-31,41.845646,-71.609508,4.872188454576865
2010-04-01,41.845646,-71.609508,0.0
2010-04-02,41.845646,-71.609508,0.0
2010-04-03,41.845646,-71.609508,0.0
2010-04-04,41.845646,-71.609508,0.027329419153939556
2010-04-05,41.845646,-71.609508,0.6940228103922452
2010-04-06,41.845646,-71.609508,1.6550849823087255
2010-04-07,41.845646,-71.609508,0.008242634931573557
2010-04-08,41.845646,-71.609508,0.0
2010-04-09,41.845646,-71.609508,17.725734287381307
2010-04-10,41.845646,-71.609508,0.5499130213276348
2010-04-11,41.845646,-71.609508,0.02075503079037537
2010-04-12,41.845646,-71.609508,0.0
2010-04-13,41.845646,-71.609508,0.5165882309053134
2010-04-14,41.845646,-71.609508,0.0
2010-04-15,41.845646,-71.609508,0.0
2010-04-16,41.845646,-71.609508,0.8840167673144507
2010-04-17,41.845646,-71.609508,11.550524065337166
2010-04-18,41.845646,-71.609508,0.038140240538978847
2010-04-19,41.845646,-71.609508,0.0
2010-04-20,41.845646,-71.609508,0.0
2010-04-21,41.845646,-71.609508,0.0
2010-04-22,41.845646,-71.609508,2.0995443440067665
2010-04-23,41.845646,-71.609508,0.0
2010-04-24,41.845646,-71.609508,0.00012954424611628202
2010-04-25,41.845646,-71.609508,9.90694910209787
2010-04-26,41.845646,-71.609508,1.1123951579459126
2010-04-27,41.845646,-71.609508,6.544083188258025
2010-04-28,41.845646,-71.609508,0.1488923765059748
2010-04-29,41.845646,-71.609508,0.0
2010-04-30,41.845646,-71.609508,0.0
2010-05-01,41.845646,-71.609508,0.13319544893482557
2010-05-02,41.845646,-71.609508,0.28280211255546295
2010-05-03,41.845646,-71.609508,15.759907733841393
2010-05-04,41.845646,-71.609508,0.4981158343009001
2010-05-05,41.845646,-71.609508,0.0
2010-05-06,41.845646,-71.609508,1.4353372842701715
2010-05-07,41.845646,-71.609508,0.0
2010-05-08,41.845646,-71.609508,12.05620392730443
2010-05-09,41.845646,-71.609508,0.0
2010-05-10,41.845646,-71.609508,0.004090802783636645
2010-05-11,41.845646,-71.609508,0.41255937801231
2010-05-12,41.845646,-71.609508,1.540776118649901
2010-05-13,41.845646,-71.609508,0.0
2010-05-14,41.845646,-71.609508,4.5557607892786836
2010-05-15,41.845646,-71.609508,0.008990244914336889
2010-05-16,41.845646,-71.609508,0.0
2010-05-17,41.845646,-71.609508,0.0
2010-05-18,41.845646,-71.609508,19.25428349678963
2010-05-19,41.845646,-71.609508,12.672937950171944
2010-05-20,41.845646,-71.609508,0.017021987835733405
2010-05-21,41.845646,-71.609508,0.0
2010-05-22,41.845646,-71.609508,0.01645135360110747
2010-05-23,41.845646,-71.609508,1.1070252305380375
2010-05-24,41.845646,-71.609508,0.00021769999513435861
2010-05-25,41.845646,-71.609508,0.0
2010-05-26,41.845646,-71.609508,0.0
2010-05-27,41.845646,-71.609508,5.640732942358952
2010-05-28,41.845646,-71.609508,0.0
2010-05-29,41.845646,-71.609508,2.338758200771851
2010-05-30,41.845646,-71.609508,0.2867038906505708
2010-05-31,41.845646,-71.609508,0.0
2010-06-01,41.845646,-71.609508,16.637758204065946
2010-06-02,41.845646,-71.609508,0.052403606130416794
2010-06-03,41.845646,-71.609508,0.670935145816024
2010-06-04,41.845646,-71.609508,2.37379796550307
2010-06-05,41.845646,-71.609508,7.286457062595632
2010-06-06,41.845646,-71.609508,4.048365917242103
2010-06-07,41.845646,-71.609508,0.0
2010-06-08,41.845646,-71.609508,0.003497694476233138
2010-06-09,41.845646,-71.609508,15.147788425280979
2010-06-10,41.845646,-71.609508,3.1303371668268083
2010-06-11,41.845646,-71.609508,1.0821569431614297
2010-06-12,41.845646,-71.609508,0.8574057413677874
2010-06-13,41.845646,-71.609508,16.124245493934833
2010-06-14,41.845646,-71.609508,0.0
2010-06-15,41.845646,-71.609508,0.05207923922285469
2010-06-16,41.845646,-71.609508,0.18327395460080145
2010-06-17,41.845646,-71.609508,0.279556038011305
2010-06-18,41.845646,-71.609508,0.0
2010-06-19,41.845646,-71.609508,0.0
2010-06-20,41.845646,-71.609508,5.084502073088171
2010-06-21,41.845646,-71.609508,0.0
2010-06-22,41.845646,-71.609508,0.8113643009830599
2010-06-23,41.845646,-71.609508,6.48011051040043
2010-06-24,41.845646,-71.609508,1.2545591456973826
2010-06-25,41.845646,-71.609508,0.02311959925450056
2010-06-26,41.845646,-71.609508,0.35692169232086557
2010-06-27,41.845646,-71.609508,0.016003823403661084
2010-06-28,41.845646,-71.609508,2.2223397059698184
2010-06-29,41.845646,-71.609508,1.7219627187614406
2010-06-30,41.845646,-71.609508,0.0
2010-07-01,41.845646,-71.609508,0.0
2010-07-02,41.845646,-71.609508,0.0
2010-07-03,41.845646,-71.609508,0.0
2010-07-04,41.845646,-71.609508,0.13047388593374973
2010-07-05,41.845646,-71.609508,0.0
2010-07-06,41.845646,-71.609508,0.0010884999351220073
2010-07-07,41.845646,-71.609508,0.0
2010-07-08,41.845646,-71.609508,0.0
2010-07-09,41.845646,-71.609508,0.013385301184874666
2010-07-10,41.845646,-71.609508,11.348209895386727
2010-07-11,41.845646,-71.609508,0.4133759713779867
2010-07-12,41.845646,-71.609508,0.04371780022117272
2010-07-13,41.845646,-71.609508,14.596082021311377
2010-07-14,41.845646,-71.609508,10.267404974751631
2010-07-15,41.845646,-71.609508,0.0
2010-07-16,41.845646,-71.609508,0.0
2010-07-17,41.845646,-71.609508,0.20153451627761582
2010-07-18,41.845646,-71.609508,0.0
2010-07-19,41.845646,-71.609508,8.69542335690694
2010-07-20,41.845646,-71.609508,0.7331586316672317
2010-07-21,41.845646,-71.609508,3.8123873411022933
2010-07-22,41.845646,-71.609508,0.594666605085244
2010-07-23,41.845646,-71.609508,13.434914511062447
2010-07-24,41.845646,-71.609508,16.544857355700955
2010-07-25,41.845646,-71.609508,3.5339780816543107
2010-07-26,41.845646,-71.609508,0.0
2010-07-27,41.845646,-71.609508,0.0
2010-07-28,41.845646,-71.609508,0.0
2010-07-29,41.845646,-71.609508,4.500347800646531
2010-07-30,41.845646,-71.609508,0.0
2010-07-31,41.845646,-71.609508,0.0
2010-08-01,41.845646,-71.609508,0.0
2010-08-02,41.845646,-71.609508,0.0
2010-08-03,41.845646,-71.609508,0.0
2010-08-04,41.845646,-71.609508,0.003177344138449392
2010-08-05,41.845646,-71.609508,8.1569884070712
2010-08-06,41.845646,-71.609508,0.0009068097469434713
2010-08-07,41.845646,-71.609508,0.0
2010-08-08,41.845646,-71.609508,0.0
2010-08-09,41.845646,-71.609508,0.13280903850788464
2010-08-10,41.845646,-71.609508,9.229204832911018
2010-08-11,41.845646,-71.609508,0.0008815574573401889
2010-08-12,41.845646,-71.609508,0.6963987346909148
2010-08-13,41.845646,-71.609508,1.2264182623054072
2010-08-14,41.845646,-71.609508,0.0
2010-08-15,41.845646,-71.609508,0.8843988251752581
2010-08-16,41.845646,-71.609508,1.2854230457154199
2010-08-17,41.845646,-71.609508,9.467213454214919
2010-08-18,41.845646,-71.609508,12.028474320990963
2010-08-19,41.845646,-71.609508,0.8949453200656001
2010-08-20,41.845646,-71.609508,0.8485175818912012
2010-08-21,41.845646,-71.609508,2.1348723582117244
2010-08-22,41.845646,-71.609508,33.1130577946125
2010-08-23,41.845646,-71.609508,5.98203992433833
2010-08-24,41.845646,-71.609508,0.0
2010-08-25,41.845646,-71.609508,8.216364387688408
2010-08-26,41.845646,-71.609508,0.07127316641467069
2010-08-27,41.845646,-71.609508,0.0
2010-08-28,41.845646,-71.609508,0.0
2010-08-29,41.845646,-71.609508,0.0
2010-08-30,41.845646,-71.609508,0.0
2010-08-31,41.845646,-71.609508,0.0
2010-09-01,41.845646,-71.609508,0.0
2010-09-02,41.845646,-71.609508,0.0
2010-09-03,41.845646,-71.609508,16.04769897944041
2010-09-04,41.845646,-71.609508,19.93486054503602
2010-09-05,41.845646,-71.609508,0.0
2010-09-06,41.845646,-71.609508,0.0
2010-09-07,41.845646,-71.609508,0.0
2010-09-08,41.845646,-71.609508,2.6828131398650275
2010-09-09,41.845646,-71.609508,0.0
2010-09-10,41.845646,-71.609508,0.00404941428653844
2010-09-11,41.845646,-71.609508,0.0
2010-09-12,41.845646,-71.609508,0.6737291706081638
2010-09-13,41.845646,-71.609508,0.00043539999026871723
2010-09-14,41.845646,-71.609508,0.0
2010-09-15,41.845646,-71.609508,0.0
2010-09-16,41.845646,-71.609508,0.32687662607560114
2010-09-17,41.845646,-71.609508,19.09225804064108
2010-09-18,41.845646,-71.609508,0.0
2010-09-19,41.845646,-71.609508,0.0
2010-09-20,41.845646,-71.609508,0.00017631149803615318
2010-09-21,41.845646,-71.609508,0.0
2010-09-22,41.845646,-71.609508,0.0
2010-09-23,41.845646,-71.609508,1.8841057760052848
2010-09-24,41.845646,-71.609508,0.00202470714326922
2010-09-25,41.845646,-71.609508,0.0
2010-09-26,41.845646,-71.609508,0.028724943415162456
2010-09-27,41.845646,-71.609508,1.0545773311011506
2010-09-28,41.845646,-71.609508,6.965831470642659
2010-09-29,41.845646,-71.609508,0.00038863273834884607
2010-09-30,41.845646,-71.609508,2.7398473220187785
2010-10-01,41.845646,-71.609508,11.327720292954176
2010-10-02,41.845646,-71.609508,0.6519603230497234
2010-10-03,41.845646,-71.609508,0.26805213169106995
2010-10-04,41.845646,-71.609508,13.586008412921439
2010-10-05,41.845646,-71.609508,0.0
2010-10-06,41.845646,-71.609508,49.70341882140552
2010-10-07,41.845646,-71.609508,0.0
2010-10-08,41.845646,-71.609508,0.0
2010-10-09,41.845646,-71.609508,0.0
2010-10-10,41.845646,-71.609508,0.0
2010-10-11,41.845646,-71.609508,0.0
2010-10-12,41.845646,-71.609508,0.7380699523572963
2010-10-13,41.845646,-71.609508,0.0
2010-10-14,41.845646,-71.609508,0.0
2010-10-15,41.845646,-71.609508,28.397804220183364
2010-10-16,41.845646,-71.609508,0.7857889462989613
2010-10-17,41.845646,-71.609508,0.0
2010-10-18,41.845646,-71.609508,0.010352622772554889
2010-10-19,41.845646,-71.609508,2.0225156213947617
2010-10-20,41.845646,-71.609508,0.046520934207395864
2010-10-21,41.845646,-71.609508,1.1888618177156682
2010-10-22,41.845646,-71.609508,0.0
2010-10-23,41.845646,-71.609508,0.00017631149803615318
2010-10-24,41.845646,-71.609508,5.211384723293807
2010-10-25,41.845646,-71.609508,0.9285701440249245
2010-10-26,41.845646,-71.609508,1.9115919859158446
2010-10-27,41.845646,-71.609508,7.190530983256915
2010-10-28,41.845646,-71.609508,0.0805532587456684
2010-10-29,41.845646,-71.609508,0.0
2010-10-30,41.845646,-71.609508,0.132748058615277
2010-10-31,41.845646,-71.609508,1.0520158842054328
2010-11-01,41.845646,-71.609508,0.0
2010-11-02,41.845646,-71.609508,0.0
2010-11-03,41.845646,-71.609508,0.0
2010-11-04,41.845646,-71.609508,20.982558025641936
2010-11-05,41.845646,-71.609508,23.133950621101242
2010-11-06,41.845646,-71.609508,2.53732044311965
2010-11-07,41.845646,-71.609508,3.1378779705555258
2010-11-08,41.845646,-71.609508,13.657561471406767
2010-11-09,41.845646,-71.609508,0.15270330200937837
2010-11-10,41.845646,-71.609508,3.5668418869764764
2010-11-11,41.845646,-71.609508,0.47090251535259475
2010-11-12,41.845646,-71.609508,0.0
2010-11-13,41.845646,-71.609508,0.0
2010-11-14,41.845646,-71.609508,0.0
2010-11-15,41.845646,-71.609508,0.0
2010-11-16,41.845646,-71.609508,2.7598187439707096
2010-11-17,41.845646,-71.609508,31.499370503681842
2010-11-18,41.845646,-71.609508,0.0
2010-11-19,41.845646,-71.609508,0.0
2010-11-20,41.845646,-71.609508,0.07686396734763708
2010-11-21,41.845646,-71.609508,0.00025908849223256405
2010-11-22,41.845646,-71.609508,0.43191996539669475
2010-11-23,41.845646,-71.609508,1.4307561990102864
2010-11-24,41.845646,-71.609508,0.0
2010-11-25,41.845646,-71.609508,0.0
2010-11-26,41.845646,-71.609508,8.062927849724748
2010-11-27,41.845646,-71.609508,0.0
2010-11-28,41.845646,-71.609508,0.0
2010-11-29,41.845646,-71.609508,0.0
2010-11-30,41.845646,-71.609508,0.2440042064289216
2010-12-01,41.845646,-71.609508,27.934519805558857
2010-12-02,41.845646,-71.609508,0.9353472772035765
2010-12-03,41.845646,-71.609508,0.16141845954404072
2010-12-04,41.845646,-71.609508,0.022122492278417786
2010-12-05,41.845646,-71.609508,0.0
2010-12-06,41.845646,-71.609508,0.0
2010-12-07,41.845646,-71.609508,0.0
2010-12-08,41.845646,-71.609508,0.0
2010-12-09,41.845646,-71.609508,0.0
2010-12-10,41.845646,-71.609508,0.0
2010-12-11,41.845646,-71.609508,0.4142115604662389
2010-12-12,41.845646,-71.609508,28.123542758648334
2010-12-13,41.845646,-71.609508,56.02418118839338
2010-12-14,41.845646,-71.609508,0.0
2010-12-15,41.845646,-71.609508,0.0
2010-12-16,41.845646,-71.609508,0.0
2010-12-17,41.845646,-71.609508,0.0
2010-12-18,41.845646,-71.609508,0.0
2010-12-19,41.845646,-71.609508,0.0002644672470542298
2010-12-20,41.845646,-71.609508,2.6475428560923886
2010-12-21,41.845646,-71.609508,2.335628232224284
2010-12-22,41.845646,-71.609508,0.0
2010-12-23,41.845646,-71.609508,0.44375871403557615
2010-12-24,41.845646,-71.609508,0.0
2010-12-25,41.845646,-71.609508,0.04264301799208336
2010-12-26,41.845646,-71.609508,3.8551195060208547
2010-12-27,41.845646,-71.609508,0.0
2010-12-28,41.845646,-71.609508,0.014346899679320797
2010-12-29,41.845646,-71.609508,0.08806048273214861
2010-12-30,41.845646,-71.609508,0.0
2010-12-31,41.845646,-71.609508,0.25182787024666553
2011-01-01,41.845646,-71.609508,0.255465591652841
2011-01-02,41.845646,-71.609508,3.2880123122105847
2011-01-03,41.845646,-71.609508,5.441837493742916
2011-01-04,41.845646,-71.609508,0.0020727079378605124
2011-01-05,41.845646,-71.609508,0.0
2011-01-06,41.845646,-71.609508,0.0
2011-01-07,41.845646,-71.609508,0.0
2011-01-08,41.845646,-71.609508,0.17230367919677153
2011-01-09,41.845646,-71.609508,2.4227504386516125
2011-01-10,41.845646,-71.609508,0.0
2011-01-11,41.845646,-71.609508,0.3104116044823685
2011-01-12,41.845646,-71.609508,21.790071956055126
2011-01-13,41.845646,-71.609508,0.2847714637781539
2011-01-14,41.845646,-71.609508,0.3243482220315367
2011-01-15,41.845646,-71.609508,1.3517331537738826
2011-01-16,41.845646,-71.609508,0.5388646756721219
2011-01-17,41.845646,-71.609508,0.2785769742333879
2011-01-18,41.845646,-71.609508,24.960307012390118
2011-01-19,41.845646,-71.609508,1.0775160721315642
2011-01-20,41.845646,-71.609508,0.5678644880767558
2011-01-21,41.845646,-71.609508,11.122848857504962
2011-01-22,41.845646,-71.609508,0.18491011355509862
2011-01-23,41.845646,-71.609508,0.19213274242999173
2011-01-24,41.845646,-71.609508,0.0
2011-01-25,41.845646,-71.609508,2.3212755871589956
2011-01-26,41.845646,-71.609508,5.671482659081432
2011-01-27,41.845646,-71.609508,17.26698031040567
2011-01-28,41.845646,-71.609508,1.925009406922793
2011-01-29,41.845646,-71.609508,0.7606352353347579
2011-01-30,41.845646,-71.609508,0.0
2011-01-31,41.845646,-71.609508,0.0
2011-02-01,41.845646,-71.609508,2.16207874773244
2011-02-02,41.845646,-71.609508,22.162065079112924
2011-02-03,41.845646,-71.609508,0.28939864381382996
2011-02-04,41.845646,-71.609508,0.0
2011-02-05,41.845646,-71.609508,0.7498042749767531
2011-02-06,41.845646,-71.609508,0.4450411017993176
2011-02-07,41.845646,-71.609508,0.5835812025461109
2011-02-08,41.845646,-71.609508,8.21760316235067
2011-02-09,41.845646,-71.609508,0.0
2011-02-10,41.845646,-71.609508,0.00012954424611628202
2011-02-11,41.845646,-71.609508,0.0
2011-02-12,41.845646,-71.609508,0.0
2011-02-13,41.845646,-71.609508,0.006162277178825736
2011-02-14,41.845646,-71.609508,0.09504626698011494
2011-02-15,41.845646,-71.609508,0.0
2011-02-16,41.845646,-71.609508,0.0
2011-02-17,41.845646,-71.609508,0.0
2011-02-18,41.845646,-71.609508,0.026355354029302863
2011-02-19,41.845646,-71.609508,0.0
2011-02-20,41.845646,-71.609508,0.0019365513942511433
2011-02-21,41.845646,-71.609508,0.8556081697014091
2011-02-22,41.845646,-71.609508,0.009508421995320007
2011-02-23,41.845646,-71.609508,0.0
2011-02-24,41.845646,-71.609508,0.0
2011-02-25,41.845646,-71.609508,52.62736981275191
2011-02-26,41.845646,-71.609508,0.15280024710939707
2011-02-27,41.845646,-71.609508,1.0760151992232632
2011-02-28,41.845646,-71.609508,16.52595665257693
2011-03-01,41.845646,-71.609508,3.359959548348407
2011-03-02,41.845646,-71.609508,0.00017631149803615318
2011-03-03,41.845646,-71.609508,0.0
2011-03-04,41.845646,-71.609508,0.0
2011-03-05,41.845646,-71.609508,0.05145978416911605
2011-03-06,41.845646,-71.609508,0.9412872836441653
2011-03-07,41.845646,-71.609508,37.73805801982084
2011-03-08,41.845646,-71.609508,0.0
2011-03-09,41.845646,-71.609508,0.0
2011-03-10,41.845646,-71.609508,1.0463859065060481
2011-03-11,41.845646,-71.609508,13.255965364122101
2011-03-12,41.845646,-71.609508,0.0
2011-03-13,41.845646,-71.609508,0.039840480044104995
2011-03-14,41.845646,-71.609508,0.0
2011-03-15,41.845646,-71.609508,0.10529269816809803
2011-03-16,41.845646,-71.609508,15.505809091075953
2011-03-17,41.845646,-71.609508,0.0020114459957913415
2011-03-18,41.845646,-71.609508,2.4570514008439406
2011-03-19,41.845646,-71.609508,0.04249711405159694
2011-03-20,41.845646,-71.609508,0.0
2011-03-21,41.845646,-71.609508,2.5432646908528564
2011-03-22,41.845646,-71.609508,0.0
2011-03-23,41.845646,-71.609508,0.6023284805613794
2011-03-24,41.845646,-71.609508,0.5730501587967755
2011-03-25,41.845646,-71.609508,0.0
2011-03-26,41.845646,-71.609508,0.0
2011-03-27,41.845646,-71.609508,0.09615099219354578
2011-03-28,41.845646,-71.609508,0.0
2011-03-29,41.845646,-71.609508,0.0
2011-03-30,41.845646,-71.609508,0.0
2011-03-31,41.845646,-71.609508,15.994674384325286
2011-04-01,41.845646,-71.609508,10.5379827411191
2011-04-02,41.845646,-71.609508,0.007039085376807157
2011-04-03,41.845646,-71.609508,0.0
2011-04-04,41.845646,-71.609508,10.092963714506352
2011-04-05,41.845646,-71.609508,1.3594799984980266
2011-04-06,41.845646,-71.609508,0.0
2011-04-07,41.845646,-71.609508,0.001860386673418322
2011-04-08,41.845646,-71.609508,0.37039108724138237
2011-04-09,41.845646,-71.609508,0.016163254983517485
2011-04-10,41.845646,-71.609508,2.7861830781579924
2011-04-11,41.845646,-71.609508,0.17126347240434903
2011-04-12,41.845646,-71.609508,12.506828434694835
2011-04-13,41.845646,-71.609508,46.339036456296775
2011-04-14,41.845646,-71.609508,0.0
2011-04-15,41.845646,-71.609508,0.004584098883258829
2011-04-16,41.845646,-71.609508,2.391848985960941
2011-04-17,41.845646,-71.609508,29.982797481494664
2011-04-18,41.845646,-71.609508,0.07304609001883616
2011-04-19,41.845646,-71.609508,5.930525830760079
2011-04-20,41.845646,-71.609508,1.1886247676928523
2011-04-21,41.845646,-71.609508,0.0
2011-04-22,41.845646,-71.609508,0.004308502778771004
2011-04-23,41.845646,-71.609508,15.754214496486625
2011-04-24,41.845646,-71.609508,0.5934911091737392
2011-04-25,41.845646,-71.609508,3.6721671035188814
2011-04-26,41.845646,-71.609508,0.0008815574573401889
2011-04-27,41.845646,-71.609508,0.009947223857599132
2011-04-28,41.845646,-71.609508,4.3933665510200575
2011-04-29,41.845646,-71.609508,3.774338182281906
2011-04-30,41.845646,-71.609508,0.0
2011-05-01,41.845646,-71.609508,0.0
2011-05-02,41.845646,-71.609508,0.0
2011-05-03,41.845646,-71.609508,0.08969634006647853
2011-05-04,41.845646,-71.609508,8.183392736625002
2011-05-05,41.845646,-71.609508,6.481649074763107
2011-05-06,41.845646,-71.609508,0.02094759378163702
2011-05-07,41.845646,-71.609508,1.120842381079355
2011-05-08,41.845646,-71.609508,0.15106757891111475
2011-05-09,41.845646,-71.609508,0.0
2011-05-10,41.845646,-71.609508,0.019453669330818695
2011-05-11,41.845646,-71.609508,0.07009241695892295
2011-05-12,41.845646,-71.609508,0.0
2011-05-13,41.845646,-71.609508,0.019365513221089804
2011-05-14,41.845646,-71.609508,0.33293117428709096
2011-05-15,41.845646,-71.609508,18.288390561663284
2011-05-16,41.845646,-71.609508,3.665359963094437
2011-05-17,41.845646,-71.609508,1.8595965932276264
2011-05-18,41.845646,-71.609508,13.914609547362652
2011-05-19,41.845646,-71.609508,8.701051065299298
2011-05-20,41.845646,-71.609508,1.685892243374055
2011-05-21,41.845646,-71.609508,0.0
2011-05-22,41.845646,-71.609508,0.0
2011-05-23,41.845646,-71.609508,2.774124592903999
2011-05-24,41.845646,-71.609508,8.478631846931949
2011-05-25,41.845646,-71.609508,0.08948351527497304
2011-05-26,41.845646,-71.609508,0.0
2011-05-27,41.845646,-71.609508,0.20576176176558214
2011-05-28,41.845646,-71.609508,0.06478775166407384
2011-05-29,41.845646,-71.609508,0.7455682119260256
2011-05-30,41.845646,-71.609508,16.302250114730835
2011-05-31,41.845646,-71.609508,0.0
2011-06-01,41.845646,-71.609508,1.1950843002540408
2011-06-02,41.845646,-71.609508,3.6310416070708746
2011-06-03,41.845646,-71.609508,0.0
2011-06-04,41.845646,-71.609508,0.16550446455658865
2011-06-05,41.845646,-71.609508,0.0
2011-06-06,41.845646,-71.609508,0.49810765818278424
2011-06-07,41.845646,-71.609508,0.0
2011-06-08,41.845646,-71.609508,0.3103831406523908
2011-06-09,41.845646,-71.609508,30.60866017346681
2011-06-10,41.845646,-71.609508,6.757948986830031
2011-06-11,41.845646,-71.609508,6.113172169349849
2011-06-12,41.845646,-71.609508,24.21389981312059
2011-06-13,41.845646,-71.609508,0.45987200926800426
2011-06-14,41.845646,-71.609508,0.15098138587266194
2011-06-15,41.845646,-71.609508,0.0
2011-06-16,41.845646,-71.609508,0.0
2011-06-17,41.845646,-71.609508,8.100223429256777
2011-06-18,41.845646,-71.609508,1.952010277579131
2011-06-19,41.845646,-71.609508,0.25373648532550036
2011-06-20,41.845646,-71.609508,1.6662116050470843
2011-06-21,41.845646,-71.609508,0.0
2011-06-22,41.845646,-71.609508,5.793195922169533
2011-06-23,41.845646,-71.609508,22.306381205590196
2011-06-24,41.845646,-71.609508,1.326743777845138
2011-06-25,41.845646,-71.609508,0.5046330120150783
2011-06-26,41.845646,-71.609508,0.0440680536883197
2011-06-27,41.845646,-71.609508,0.18675433241198847
2011-06-28,41.845646,-71.609508,0.002845748498855789
2011-06-29,41.845646,-71.609508,5.663637633126636
2011-06-30,41.845646,-71.609508,0.00202470714326922
2011-07-01,41.845646,-71.609508,0.0
2011-07-02,41.845646,-71.609508,0.0
2011-07-03,41.845646,-71.609508,2.5470420618265415
2011-07-04,41.845646,-71.609508,0.01869537949007645
2011-07-05,41.845646,-71.609508,0.0
2011-07-06,41.845646,-71.609508,0.0
2011-07-07,41.845646,-71.609508,0.0
2011-07-08,41.845646,-71.609508,22.17804223764708
2011-07-09,41.845646,-71.609508,20.766354159658686
2011-07-10,41.845646,-71.609508,0.0
2011-07-11,41.845646,-71.609508,0.0
2011-07-12,41.845646,-71.609508,0.09299381034277296
2011-07-13,41.845646,-71.609508,1.1798087772348138
2011-07-14,41.845646,-71.609508,2.324964126526926
2011-07-15,41.845646,-71.609508,0.0
2011-07-16,41.845646,-71.609508,0.0007934017247424009
2011-07-17,41.845646,-71.609508,0.0
2011-07-18,41.845646,-71.609508,3.9086171624805384
2011-07-19,41.845646,-71.609508,0.018940115380970846
2011-07-20,41.845646,-71.609508,0.0
2011-07-21,41.845646,-71.609508,0.053441270522684874
2011-07-22,41.845646,-71.609508,0.0
2011-07-23,41.845646,-71.609508,0.013938357375049521
2011-07-24,41.845646,-71.609508,3.1564689617120125
2011-07-25,41.845646,-71.609508,7.389506708693264
2011-07-26,41.845646,-71.609508,5.8522531767229
2011-07-27,41.845646,-71.609508,0.0
2011-07-28,41.845646,-71.609508,0.0464357422710604
2011-07-29,41.845646,-71.609508,0.23753992729959955
2011-07-30,41.845646,-71.609508,0.015492411154009147
2011-07-31,41.845646,-71.609508,0.0
2011-08-01,41.845646,-71.609508,0.6069340369119178
2011-08-02,41.845646,-71.609508,0.9600875628905727
2011-08-03,41.845646,-71.609508,1.828671375128946
2011-08-04,41.845646,-71.609508,2.0321896735467617
2011-08-05,41.845646,-71.609508,0.0
2011-08-06,41.845646,-71.609508,2.0279025074148134
2011-08-07,41.845646,-71.609508,22.51790059549148
2011-08-08,41.845646,-71.609508,4.223493412118254
2011-08-09,41.845646,-71.609508,9.543524236005585
2011-08-10,41.845646,-71.609508,6.790801320699532
2011-08-11,41.845646,-71.609508,0.0
2011-08-12,41.845646,-71.609508,0.0
2011-08-13,41.845646,-71.609508,0.6099628113969428
2011-08-14,41.845646,-71.609508,20.084568779403543
2011-08-15,41.845646,-71.609508,63.33788397136982
2011-08-16,41.845646,-71.609508,0.007315286192022375
2011-08-17,41.845646,-71.609508,0.0
2011-08-18,41.845646,-71.609508,0.0
2011-08-19,41.845646,-71.609508,1.8783441331837443
2011-08-20,41.845646,-71.609508,1.0102843027649782
2011-08-21,41.845646,-71.609508,1.4652950939612703
2011-08-22,41.845646,-71.609508,13.430848669476502
2011-08-23,41.845646,-71.609508,0.0
2011-08-24,41.845646,-71.609508,0.0
2011-08-25,41.845646,-71.609508,4.006022577567092
2011-08-26,41.845646,-71.609508,0.281470241987034
2011-08-27,41.845646,-71.609508,16.318113594829104
2011-08-28,41.845646,-71.609508,49.853366922010366
2011-08-29,41.845646,-71.609508,0.0
2011-08-30,41.845646,-71.609508,0.0
2011-08-31,41.845646,-71.609508,0.17587530886337732
2011-09-01,41.845646,-71.609508,0.9297669332702989
2011-09-02,41.845646,-71.609508,0.0
2011-09-03,41.845646,-71.609508,0.0
2011-09-04,41.845646,-71.609508,0.011501151180465009
2011-09-05,41.845646,-71.609508,0.024264121570834178
2011-09-06,41.845646,-71.609508,25.998022710673386
2011-09-07,41.845646,-71.609508,10.788300526909026
2011-09-08,41.845646,-71.609508,55.10876686834962
2011-09-09,41.845646,-71.609508,3.2354218082651216
2011-09-10,41.845646,-71.609508,0.0
2011-09-11,41.845646,-71.609508,0.0038731027885022867
2011-09-12,41.845646,-71.609508,0.10792567411080575
2011-09-13,41.845646,-71.609508,0.0
2011-09-14,41.845646,-71.609508,0.0
2011-09-15,41.845646,-71.609508,1.8205508965157695
2011-09-16,41.845646,-71.609508,0.014983233848827776
2011-09-17,41.845646,-71.609508,0.029072162336285647
2011-09-18,41.845646,-71.609508,0.0
2011-09-19,41.845646,-71.609508,0.0
2011-09-20,41.845646,-71.609508,2.1584312768653033
2011-09-21,41.845646,-71.609508,0.0
2011-09-22,41.845646,-71.609508,0.08738382513456122
2011-09-23,41.845646,-71.609508,27.512494164825824
2011-09-24,41.845646,-71.609508,23.678812915387446
2011-09-25,41.845646,-71.609508,1.6770386855305999
2011-09-26,41.845646,-71.609508,5.33315756907647
2011-09-27,41.845646,-71.609508,0.0
2011-09-28,41.845646,-71.609508,0.06813748655971208
2011-09-29,41.845646,-71.609508,7.819767206074425
2011-09-30,41.845646,-71.609508,0.0
2011-10-01,41.845646,-71.609508,8.707391504862011
2011-10-02,41.845646,-71.609508,0.0008240327044880661
2011-10-03,41.845646,-71.609508,0.7494943096471248
2011-10-04,41.845646,-71.609508,12.108830348612159
2011-10-05,41.845646,-71.609508,0.9934635827236286
2011-10-06,41.845646,-71.609508,0.0
2011-10-07,41.845646,-71.609508,0.0
2011-10-08,41.845646,-71.609508,0.0
2011-10-09,41.845646,-71.609508,0.0
2011-10-10,41.845646,-71.609508,0.0
2011-10-11,41.845646,-71.609508,0.0005235557392867939
2011-10-12,41.845646,-71.609508,8.253493447620722
2011-10-13,41.845646,-71.609508,17.287370350969486
2011-10-14,41.845646,-71.609508,17.28867375813548
2011-10-15,41.845646,-71.609508,4.266167514328599
2011-10-16,41.845646,-71.609508,0.030353856445955257
2011-10-17,41.845646,-71.609508,3.031227200067477
2011-10-18,41.845646,-71.609508,0.0
2011-10-19,41.845646,-71.609508,40.892245788152216
2011-10-20,41.845646,-71.609508,12.968357066451068
2011-10-21,41.845646,-71.609508,0.0
2011-10-22,41.845646,-71.609508,0.0
2011-10-23,41.845646,-71.609508,0.0
2011-10-24,41.845646,-71.609508,0.08369981716364602
2011-10-25,41.845646,-71.609508,0.024966862629548055
2011-10-26,41.845646,-71.609508,0.3436562614895294
2011-10-27,41.845646,-71.609508,14.824557008737353
2011-10-28,41.845646,-71.609508,0.12829125322454868
2011-10-29,41.845646,-71.609508,24.605078134560117
2011-10-30,41.845646,-71.609508,0.5767948303664996
2011-10-31,41.845646,-71.609508,0.5371415101158225
2011-11-01,41.845646,-71.609508,4.045735562208709
2011-11-02,41.845646,-71.609508,0.0
2011-11-03,41.845646,-71.609508,0.0
2011-11-04,41.845646,-71.609508,0.1706910599893588
2011-11-05,41.845646,-71.609508,0.0
2011-11-06,41.845646,-71.609508,0.00017631149803615318
2011-11-07,41.845646,-71.609508,0.0
2011-11-08,41.845646,-71.609508,0.0
2011-11-09,41.845646,-71.609508,0.0
2011-11-10,41.845646,-71.609508,13.597776380584571
2011-11-11,41.845646,-71.609508,0.11443855208040299
2011-11-12,41.845646,-71.609508,0.0
2011-11-13,41.845646,-71.609508,2.8029885599144073
2011-11-14,41.845646,-71.609508,0.06316363482675441
2011-11-15,41.845646,-71.609508,1.178359619765219
2011-11-16,41.845646,-71.609508,13.355613402985464
2011-11-17,41.845646,-71.609508,17.182857865857628
2011-11-18,41.845646,-71.609508,0.014487830456449535
2011-11-19,41.845646,-71.609508,0.1698333265292055
2011-11-20,41.845646,-71.609508,0.0
2011-11-21,41.845646,-71.609508,3.76436401796281
2011-11-22,41.845646,-71.609508,0.0
2011-11-23,41.845646,-71.609508,52.28246275617386
2011-11-24,41.845646,-71.609508,0.0
2011-11-25,41.845646,-71.609508,0.0
2011-11-26,41.845646,-71.609508,0.14799857549275314
2011-11-27,41.845646,-71.609508,0.037325158031837904
2011-11-28,41.845646,-71.609508,0.8584492627259033
2011-11-29,41.845646,-71.609508,0.0
2011-11-30,41.845646,-71.609508,22.728960083207514
2011-12-01,41.845646,-71.609508,0.0
2011-12-02,41.845646,-71.609508,0.0
2011-12-03,41.845646,-71.609508,0.0
2011-12-04,41.845646,-71.609508,0.017074490993134735
2011-12-05,41.845646,-71.609508,0.025792258024100876
2011-12-06,41.845646,-71.609508,7.118367925479249
2011-12-07,41.845646,-71.609508,44.085432761747356
2011-12-08,41.845646,-71.609508,7.959879219340462
2011-12-09,41.845646,-71.609508,0.0
2011-12-10,41.845646,-71.609508,5.502446449063465
2011-12-11,41.845646,-71.609508,0.0
2011-12-12,41.845646,-71.609508,0.007573885821158798
2011-12-13,41.845646,-71.609508,1.9209036775791353
2011-12-14,41.845646,-71.609508,0.0
2011-12-15,41.845646,-71.609508,2.605562665842318
2011-12-16,41.845646,-71.609508,0.9491202079676521
2011-12-17,41.845646,-71.609508,0.10471679790112418
2011-12-18,41.845646,-71.609508,0.0
2011-12-19,41.845646,-71.609508,0.0005289344941084596
2011-12-20,41.845646,-71.609508,0.7027240470330149
2011-12-21,41.845646,-71.609508,7.111572981988894
2011-12-22,41.845646,-71.609508,2.4542845093868366
2011-12-23,41.845646,-71.609508,19.706736091641016
2011-12-24,41.845646,-71.609508,0.0
2011-12-25,41.845646,-71.609508,0.0
2011-12-26,41.845646,-71.609508,0.15225552460800756
2011-12-27,41.845646,-71.609508,3.291022697026577
2011-12-28,41.845646,-71.609508,12.838175111454538
2011-12-29,41.845646,-71.609508,0.0
2011-12-30,41.845646,-71.609508,0.03629904730629327
2011-12-31,41.845646,-71.609508,5.835586545196288
2012-01-01,41.845646,-71.609508,0.0
2012-01-02,41.845646,-71.609508,2.9706407431487105
2012-01-03,41.845646,-71.609508,0.0
2012-01-04,41.845646,-71.609508,0.003265499805366029
2012-01-05,41.845646,-71.609508,0.0014249867314085952
2012-01-06,41.845646,-71.609508,0.4288162981797232
2012-01-07,41.845646,-71.609508,0.0
2012-01-08,41.845646,-71.609508,0.0002644672470542298
2012-01-09,41.845646,-71.609508,0.0
2012-01-10,41.845646,-71.609508,0.07076084837951743
2012-01-11,41.845646,-71.609508,0.029048269831634707
2012-01-12,41.845646,-71.609508,41.49045889439321
2012-01-13,41.845646,-71.609508,0.29872077262523683
2012-01-14,41.845646,-71.609508,0.0
2012-01-15,41.845646,-71.609508,0.0
2012-01-16,41.845646,-71.609508,0.0015545309533953843
2012-01-17,41.845646,-71.609508,2.89893474114832
2012-01-18,41.845646,-71.609508,0.15253954572936518
2012-01-19,41.845646,-71.609508,0.0
2012-01-20,41.845646,-71.609508,0.8792833162629263
2012-01-21,41.845646,-71.609508,15.002477477104165
2012-01-22,41.845646,-71.609508,0.5133067840368539
2012-01-23,41.845646,-71.609508,0.3911285437599079
2012-01-24,41.845646,-71.609508,7.11596422879093
2012-01-25,41.845646,-71.609508,0.005116770518325346
2012-01-26,41.845646,-71.609508,4.679983677624306
2012-01-27,41.845646,-71.609508,32.2648092010077
2012-01-28,41.845646,-71.609508,0.0019754361878336476
2012-01-29,41.845646,-71.609508,0.048605514322054205
2012-01-30,41.845646,-71.609508,0.10263053846670084
2012-01-31,41.845646,-71.609508,0.008537245496567368
2012-02-01,41.845646,-71.609508,0.003389665370051001
2012-02-02,41.845646,-71.609508,0.002115737976433838
2012-02-03,41.845646,-71.609508,0.0
2012-02-04,41.845646,-71.609508,0.022093105617036184
2012-02-05,41.845646,-71.609508,0.0
2012-02-06,41.845646,-71.609508,0.0
2012-02-07,41.845646,-71.609508,0.0
2012-02-08,41.845646,-71.609508,0.4168353478344934
2012-02-09,41.845646,-71.609508,0.01060817006800703
2012-02-10,41.845646,-71.609508,0.0
2012-02-11,41.845646,-71.609508,0.679805770851355
2012-02-12,41.845646,-71.609508,0.0
2012-02-13,41.845646,-71.609508,0.0
2012-02-14,41.845646,-71.609508,0.0
2012-02-15,41.845646,-71.609508,0.0
2012-02-16,41.845646,-71.609508,3.1092219165851307
2012-02-17,41.845646,-71.609508,5.111391030203962
2012-02-18,41.845646,-71.609508,0.0
2012-02-19,41.845646,-71.609508,0.0005289344941084596
2012-02-20,41.845646,-71.609508,0.0
2012-02-21,41.845646,-71.609508,0.2221074425647018
2012-02-22,41.845646,-71.609508,0.05156842508759302
2012-02-23,41.845646,-71.609508,0.26473248157144025
2012-02-24,41.845646,-71.609508,5.833122432989956
2012-02-25,41.845646,-71.609508,5.532298489497895
2012-02-26,41.845646,-71.609508,0.0
2012-02-27,41.845646,-71.609508,0.0
2012-02-28,41.845646,-71.609508,0.0
2012-02-29,41.845646,-71.609508,4.908229195595599
2012-03-01,41.845646,-71.609508,4.957254455678996
2012-03-02,41.845646,-71.609508,0.0
2012-03-03,41.845646,-71.609508,11.07713582672135
2012-03-04,41.845646,-71.609508,1.030340307817883
2012-03-05,41.845646,-71.609508,0.126240293009859
2012-03-06,41.845646,-71.609508,0.0
2012-03-07,41.845646,-71.609508,0.0
2012-03-08,41.845646,-71.609508,0.0
2012-03-09,41.845646,-71.609508,3.194409640763487
2012-03-10,41.845646,-71.609508,0.0
2012-03-11,41.845646,-71.609508,0.0
2012-03-12,41.845646,-71.609508,0.0
2012-03-13,41.845646,-71.609508,0.82177933011047
2012-03-14,41.845646,-71.609508,0.0021769998702440146
2012-03-15,41.845646,-71.609508,0.00017631149803615318
2012-03-16,41.845646,-71.609508,1.6115446503754927
2012-03-17,41.845646,-71.609508,0.0
2012-03-18,41.845646,-71.609508,0.0
2012-03-19,41.845646,-71.609508,0.0
2012-03-20,41.845646,-71.609508,0.0
2012-03-21,41.845646,-71.609508,0.0
2012-03-22,41.845646,-71.609508,0.0
2012-03-23,41.845646,-71.609508,0.04260413139494678
2012-03-24,41.845646,-71.609508,1.024294664211582
2012-03-25,41.845646,-71.609508,4.918759133646462
2012-03-26,41.845646,-71.609508,0.0007052459921446127
2012-03-27,41.845646,-71.609508,0.0
2012-03-28,41.845646,-71.609508,8.889538096805287
2012-03-29,41.845646,-71.609508,0.013669781558147407
2012-03-30,41.845646,-71.609508,0.0
2012-03-31,41.845646,-71.609508,4.144790153614525
2012-04-01,41.845646,-71.609508,2.593552446008542
2012-04-02,41.845646,-71.609508,1.8394501554380682
2012-04-03,41.845646,-71.609508,0.0
2012-04-04,41.845646,-71.609508,0.00025908849223256405
2012-04-05,41.845646,-71.609508,0.0
2012-04-06,41.845646,-71.609508,0.0
2012-04-07,41.845646,-71.609508,0.0
2012-04-08,41.845646,-71.609508,0.006468762474409271
2012-04-09,41.845646,-71.609508,0.0
2012-04-10,41.845646,-71.609508,0.0
2012-04-11,41.845646,-71.609508,0.0840928421800509
2012-04-12,41.845646,-71.609508,1.345119727847513
2012-04-13,41.845646,-71.609508,0.0
2012-04-14,41.845646,-71.609508,0.6034974856351965
2012-04-15,41.845646,-71.609508,4.508423638389177
2012-04-16,41.845646,-71.609508,0.010825010505707867
2012-04-17,41.845646,-71.609508,0.0
2012-04-18,41.845646,-71.609508,2.15414999855905
2012-04-19,41.845646,-71.609508,0.013467063079044706
2012-04-20,41.845646,-71.609508,0.0
2012-04-21,41.845646,-71.609508,0.0
2012-04-22,41.845646,-71.609508,26.377284810050487
2012-04-23,41.845646,-71.609508,44.391630185732296
2012-04-24,41.845646,-71.609508,0.010786123297318895
2012-04-25,41.845646,-71.609508,0.03449622516739616
2012-04-26,41.845646,-71.609508,0.0017362211415739202
2012-04-27,41.845646,-71.609508,4.43742533457225
2012-04-28,41.845646,-71.609508,0.0
2012-04-29,41.845646,-71.609508,1.4552834780043116
2012-04-30,41.845646,-71.609508,0.010002988398865478
2012-05-01,41.845646,-71.609508,13.982241388163002
2012-05-02,41.845646,-71.609508,8.815574901807659e-05
2012-05-03,41.845646,-71.609508,2.1583077789301357
2012-05-04,41.845646,-71.609508,1.5964547632795705
2012-05-05,41.845646,-71.609508,0.21840764954955594
2012-05-06,41.845646,-71.609508,0.05623303571067582
2012-05-07,41.845646,-71.609508,0.0
2012-05-08,41.845646,-71.609508,11.602301022093307
2012-05-09,41.845646,-71.609508,28.639658690998864
2012-05-10,41.845646,-71.609508,18.21055145650274
2012-05-11,41.845646,-71.609508,0.0
2012-05-12,41.845646,-71.609508,0.0
2012-05-13,41.845646,-71.609508,3.500411879054821
2012-05-14,41.845646,-71.609508,2.1356834556937745
2012-05-15,41.845646,-71.609508,6.71066114124584
2012-05-16,41.845646,-71.609508,6.268985299694553
2012-05-17,41.845646,-71.609508,2.383840304406224
2012-05-18,41.845646,-71.609508,0.0
2012-05-19,41.845646,-71.609508,0.0
2012-05-20,41.845646,-71.609508,0.0
2012-05-21,41.845646,-71.609508,0.14091025738817195
2012-05-22,41.845646,-71.609508,13.255684402177055
2012-05-23,41.845646,-71.609508,0.19578314778863531
2012-05-24,41.845646,-71.609508,0.03562918437893636
2012-05-25,41.845646,-71.609508,0.24073884821293481
2012-05-26,41.845646,-71.609508,0.064829565810145
2012-05-27,41.845646,-71.609508,0.0005181769844651281
2012-05-28,41.845646,-71.609508,0.3646781650603891
2012-05-29,41.845646,-71.609508,0.010335856595947978
2012-05-30,41.845646,-71.609508,3.0454217640125734
2012-05-31,41.845646,-71.609508,0.008537245496567368
2012-06-01,41.845646,-71.609508,0.02030887223033937
2012-06-02,41.845646,-71.609508,12.70882421342137
2012-06-03,41.845646,-71.609508,7.721569733921202
2012-06-04,41.845646,-71.609508,0.9605319982210249
2012-06-05,41.845646,-71.609508,0.4373006947037889
2012-06-06,41.845646,-71.609508,0.5444061313198938
2012-06-07,41.845646,-71.609508,2.587994486699536
2012-06-08,41.845646,-71.609508,0.4866001958065432
2012-06-09,41.845646,-71.609508,6.198084806597237
2012-06-10,41.845646,-71.609508,0.19980393700084229
2012-06-11,41.845646,-71.609508,0.0
2012-06-12,41.845646,-71.609508,1.6282820390163768
2012-06-13,41.845646,-71.609508,17.333112877008585
2012-06-14,41.845646,-71.609508,0.0
2012-06-15,41.845646,-71.609508,0.0
2012-06-16,41.845646,-71.609508,0.0
2012-06-17,41.845646,-71.609508,0.0
2012-06-18,41.845646,-71.609508,0.0
2012-06-19,41.845646,-71.609508,0.0
2012-06-20,41.845646,-71.609508,0.0
2012-06-21,41.845646,-71.609508,0.0
2012-06-22,41.845646,-71.609508,5.935679776770672
2012-06-23,41.845646,-71.609508,2.240823429593375
2012-06-24,41.845646,-71.609508,0.0
2012-06-25,41.845646,-71.609508,45.4782524188748
2012-06-26,41.845646,-71.609508,0.35355791866965997
2012-06-27,41.845646,-71.609508,0.09969828763755142
2012-06-28,41.845646,-71.609508,0.002400078806528675
2012-06-29,41.845646,-71.609508,1.0578553602862584
2012-06-30,41.845646,-71.609508,0.0
2012-07-01,41.845646,-71.609508,6.826275584552095
2012-07-02,41.845646,-71.609508,0.9072091629820018
2012-07-03,41.845646,-71.609508,0.4839170075980153
2012-07-04,41.845646,-71.609508,5.276678733907089
2012-07-05,41.845646,-71.609508,0.009682756610544902
2012-07-06,41.845646,-71.609508,0.616488227262778
2012-07-07,41.845646,-71.609508,5.573196966491756
2012-07-08,41.845646,-71.609508,0.0
2012-07-09,41.845646,-71.609508,0.001917911426270445
2012-07-10,41.845646,-71.609508,0.0
2012-07-11,41.845646,-71.609508,0.0
2012-07-12,41.845646,-71.609508,0.738494099355196
2012-07-13,41.845646,-71.609508,0.504198797602216
2012-07-14,41.845646,-71.609508,4.7574843052695215
2012-07-15,41.845646,-71.609508,1.767158473587998
2012-07-16,41.845646,-71.609508,6.242229138611918
2012-07-17,41.845646,-71.609508,0.05260155361212732
2012-07-18,41.845646,-71.609508,7.843828217970708
2012-07-19,41.845646,-71.609508,0.99634838120823
2012-07-20,41.845646,-71.609508,15.810788403709891
2012-07-21,41.845646,-71.609508,0.5293440681298155
2012-07-22,41.845646,-71.609508,0.0
2012-07-23,41.845646,-71.609508,2.600124846587782
2012-07-24,41.845646,-71.609508,1.586263864989546
2012-07-25,41.845646,-71.609508,1.3201271376710084
2012-07-26,41.845646,-71.609508,1.191857944254742
2012-07-27,41.845646,-71.609508,6.4039777645230815
2012-07-28,41.845646,-71.609508,7.334066759399446
2012-07-29,41.845646,-71.609508,2.213405678634505
2012-07-30,41.845646,-71.609508,0.0005289344941084596
2012-07-31,41.845646,-71.609508,7.049605396559745
2012-08-01,41.845646,-71.609508,4.824107320814458
2012-08-02,41.845646,-71.609508,2.1891042710499113
2012-08-03,41.845646,-71.609508,0.24215904446842826
2012-08-04,41.845646,-71.609508,0.056914967856867886
2012-08-05,41.845646,-71.609508,8.698926918016989
2012-08-06,41.845646,-71.609508,5.652003828982543
2012-08-07,41.845646,-71.609508,1.0605218820734337
2012-08-08,41.845646,-71.609508,0.08388944865063726
2012-08-09,41.845646,-71.609508,0.0
2012-08-10,41.845646,-71.609508,15.657268366057247
2012-08-11,41.845646,-71.609508,0.02671179888773298
2012-08-12,41.845646,-71.609508,4.916676475027793
2012-08-13,41.845646,-71.609508,0.00017631149803615318
2012-08-14,41.845646,-71.609508,0.29909743738810535
2012-08-15,41.845646,-71.609508,1.2261205650236862
2012-08-16,41.845646,-71.609508,29.144268522510263
2012-08-17,41.845646,-71.609508,0.002720429337348399
2012-08-18,41.845646,-71.609508,16.171595079843957
2012-08-19,41.845646,-71.609508,0.0
2012-08-20,41.845646,-71.609508,1.0148435829006979
2012-08-21,41.845646,-71.609508,4.189763732483172
2012-08-22,41.845646,-71.609508,1.2380655810518082
2012-08-23,41.845646,-71.609508,0.00034724424125064064
2012-08-24,41.845646,-71.609508,0.03183974640095522
2012-08-25,41.845646,-71.609508,0.0
2012-08-26,41.845646,-71.609508,0.0
2012-08-27,41.845646,-71.609508,0.12050429417386177
2012-08-28,41.845646,-71.609508,8.221464630792378
2012-08-29,41.845646,-71.609508,0.0
2012-08-30,41.845646,-71.609508,0.0
2012-08-31,41.845646,-71.609508,0.0
2012-09-01,41.845646,-71.609508,0.2573896474324912
2012-09-02,41.845646,-71.609508,0.0
2012-09-03,41.845646,-71.609508,0.0
2012-09-04,41.845646,-71.609508,9.277438687354499
2012-09-05,41.845646,-71.609508,24.07376509965369
2012-09-06,41.845646,-71.609508,1.2694242503011612
2012-09-07,41.845646,-71.609508,0.0
2012-09-08,41.845646,-71.609508,0.0
2012-09-09,41.845646,-71.609508,6.174394823242648
2012-09-10,41.845646,-71.609508,0.0
2012-09-11,41.845646,-71.609508,0.0
2012-09-12,41.845646,-71.609508,0.0
2012-09-13,41.845646,-71.609508,0.0
2012-09-14,41.845646,-71.609508,0.0
2012-09-15,41.845646,-71.609508,5.1092600400165535
2012-09-16,41.845646,-71.609508,0.0
2012-09-17,41.845646,-71.609508,0.0
2012-09-18,41.845646,-71.609508,0.10469449232888027
2012-09-19,41.845646,-71.609508,17.65268666386025
2012-09-20,41.845646,-71.609508,0.0
2012-09-21,41.845646,-71.609508,8.6338243426401
2012-09-22,41.845646,-71.609508,0.0
2012-09-23,41.845646,-71.609508,0.019365513221089804
2012-09-24,41.845646,-71.609508,0.0
2012-09-25,41.845646,-71.609508,0.0
2012-09-26,41.845646,-71.609508,0.16420844066730145
2012-09-27,41.845646,-71.609508,0.003954609725079746
2012-09-28,41.845646,-71.609508,29.697037986425435
2012-09-29,41.845646,-71.609508,9.725293986308568
2012-09-30,41.845646,-71.609508,10.60522476020942
2012-10-01,41.845646,-71.609508,0.024372496427841686
2012-10-02,41.845646,-71.609508,13.389176266959888
2012-10-03,41.845646,-71.609508,2.1656532939332913
2012-10-04,41.845646,-71.609508,1.220609845869054
2012-10-05,41.845646,-71.609508,3.0280903668732693
2012-10-06,41.845646,-71.609508,0.30948331250567906
2012-10-07,41.845646,-71.609508,7.600928692647351
2012-10-08,41.845646,-71.609508,0.6277181175457759
2012-10-09,41.845646,-71.609508,29.25249048137981
2012-10-10,41.845646,-71.609508,0.08924484999722783
2012-10-11,41.845646,-71.609508,0.0
2012-10-12,41.845646,-71.609508,0.23561546400732233
2012-10-13,41.845646,-71.609508,0.24090448691303806
2012-10-14,41.845646,-71.609508,9.598945731778048
2012-10-15,41.845646,-71.609508,0.005280682957533837
2012-10-16,41.845646,-71.609508,3.5974949525096487
2012-10-17,41.845646,-71.609508,0.0009949654959615479
2012-10-18,41.845646,-71.609508,0.004782299893106932
2012-10-19,41.845646,-71.609508,2.543774846006429
2012-10-20,41.845646,-71.609508,21.752825494569233
2012-10-21,41.845646,-71.609508,0.0
2012-10-22,41.845646,-71.609508,0.0003058557441524352
2012-10-23,41.845646,-71.609508,0.061707976041874335
2012-10-24,41.845646,-71.609508,2.762399809364294
2012-10-25,41.845646,-71.609508,0.0
2012-10-26,41.845646,-71.609508,0.0
2012-10-27,41.845646,-71.609508,0.0
2012-10-28,41.845646,-71.609508,0.004006755629597829
2012-10-29,41.845646,-71.609508,2.0100571943817833
2012-10-30,41.845646,-71.609508,3.602221639850188
2012-10-31,41.845646,-71.609508,0.34406025302219817
2012-11-01,41.845646,-71.609508,0.07429823044516856
2012-11-02,41.845646,-71.609508,0.02128475543057456
2012-11-03,41.845646,-71.609508,0.0
2012-11-04,41.845646,-71.609508,0.008151604131249516
2012-11-05,41.845646,-71.609508,0.0
2012-11-06,41.845646,-71.609508,0.0
2012-11-07,41.845646,-71.609508,27.204311814457785
2012-11-08,41.845646,-71.609508,4.28524223075804
2012-11-09,41.845646,-71.609508,0.00025908849223256405
2012-11-10,41.845646,-71.609508,0.03198516651054251
2012-11-11,41.845646,-71.609508,0.006038741238962219
2012-11-12,41.845646,-71.609508,0.0
2012-11-13,41.845646,-71.609508,7.420162417568482
2012-11-14,41.845646,-71.609508,0.0
2012-11-15,41.845646,-71.609508,0.0
2012-11-16,41.845646,-71.609508,0.7176608023950299
2012-11-17,41.845646,-71.609508,0.0
2012-11-18,41.845646,-71.609508,0.0
2012-11-19,41.845646,-71.609508,0.0
2012-11-20,41.845646,-71.609508,0.0
2012-11-21,41.845646,-71.609508,0.00038863273834884607
2012-11-22,41.845646,-71.609508,0.0
2012-11-23,41.845646,-71.609508,0.0
2012-11-24,41.845646,-71.609508,0.45487839086984516
2012-11-25,41.845646,-71.609508,0.0019365513942511433
2012-11-26,41.845646,-71.609508,0.0
2012-11-27,41.845646,-71.609508,0.3821481058147631
2012-11-28,41.845646,-71.609508,0.007716204140980798
2012-11-29,41.845646,-71.609508,0.0
2012-11-30,41.845646,-71.609508,0.0
2012-12-01,41.845646,-71.609508,0.47655306901340616
2012-12-02,41.845646,-71.609508,0.05789239876048638
2012-12-03,41.845646,-71.609508,2.7692963133505817
2012-12-04,41.845646,-71.609508,0.0
2012-12-05,41.845646,-71.609508,1.1106428322103143
2012-12-06,41.845646,-71.609508,0.0
2012-12-07,41.845646,-71.609508,2.415935665183843
2012-12-08,41.845646,-71.609508,11.477524212821711
2012-12-09,41.845646,-71.609508,0.7153792970619985
2012-12-10,41.845646,-71.609508,16.01756945575443
2012-12-11,41.845646,-71.609508,0.14563463530969337
2012-12-12,41.845646,-71.609508,0.6861801068114485
2012-12-13,41.845646,-71.609508,0.1225970044074785
2012-12-14,41.845646,-71.609508,0.0
2012-12-15,41.845646,-71.609508,0.00017631149803615318
2012-12-16,41.845646,-71.609508,2.196161735250908
2012-12-17,41.845646,-71.609508,15.018677504291226
2012-12-18,41.845646,-71.609508,29.67884903903312
2012-12-19,41.845646,-71.609508,0.00021769999513435861
2012-12-20,41.845646,-71.609508,0.0
2012-12-21,41.845646,-71.609508,25.136032080370136
2012-12-22,41.845646,-71.609508,0.0
2012-12-23,41.845646,-71.609508,0.0
2012-12-24,41.845646,-71.609508,0.0
2012-12-25,41.845646,-71.609508,4.470153012717519
2012-12-26,41.845646,-71.609508,2.878940607525727
2012-12-27,41.845646,-71.609508,31.99805865853204
2012-12-28,41.845646,-71.609508,0.0
2012-12-29,41.845646,-71.609508,7.217403064613209
2012-12-30,41.845646,-71.609508,5.925395955967439
2012-12-31,41.845646,-71.609508,0.4918311223636953
2013-01-01,41.845646,-71.609508,1.1058886027680321
2013-01-02,41.845646,-71.609508,0.0
2013-01-03,41.845646,-71.609508,0.08858909007377175
2013-01-04,41.845646,-71.609508,0.13896189351678306
2013-01-05,41.845646,-71.609508,0.0
2013-01-06,41.845646,-71.609508,3.0295289114484434
2013-01-07,41.845646,-71.609508,0.5593671519572548
2013-01-08,41.845646,-71.609508,0.0
2013-01-09,41.845646,-71.609508,1.22031905361776
2013-01-10,41.845646,-71.609508,0.0
2013-01-11,41.845646,-71.609508,1.5417686388744734
2013-01-12,41.845646,-71.609508,4.878740427569033
2013-01-13,41.845646,-71.609508,0.14655636222332474
2013-01-14,41.845646,-71.609508,1.4186878697202292
2013-01-15,41.845646,-71.609508,8.570127526136405
2013-01-16,41.845646,-71.609508,23.266321923591224
2013-01-17,41.845646,-71.609508,0.46573836654116296
2013-01-18,41.845646,-71.609508,0.7930033994555644
2013-01-19,41.845646,-71.609508,0.1453933750955321
2013-01-20,41.845646,-71.609508,0.005691496997711578
2013-01-21,41.845646,-71.609508,0.1813210613400823
2013-01-22,41.845646,-71.609508,6.5890901900422865
2013-01-23,41.845646,-71.609508,0.0
2013-01-24,41.845646,-71.609508,0.007716204140980798
2013-01-25,41.845646,-71.609508,0.0
2013-01-26,41.845646,-71.609508,0.15050448322595758
2013-01-27,41.845646,-71.609508,0.0
2013-01-28,41.845646,-71.609508,1.905376665691683
2013-01-29,41.845646,-71.609508,0.1546246794695627
2013-01-30,41.845646,-71.609508,2.844670131156416
2013-01-31,41.845646,-71.609508,16.779976922719957
2013-02-01,41.845646,-71.609508,0.0
2013-02-02,41.845646,-71.609508,0.0
2013-02-03,41.845646,-71.609508,0.0
2013-02-04,41.845646,-71.609508,0.0
2013-02-05,41.845646,-71.609508,0.0
2013-02-06,41.845646,-71.609508,0.0
2013-02-07,41.845646,-71.609508,0.0
2013-02-08,41.845646,-71.609508,72.2866902110133
2013-02-09,41.845646,-71.609508,43.07045346557172
2013-02-10,41.845646,-71.609508,0.0
2013-02-11,41.845646,-71.609508,5.151455376609893
2013-02-12,41.845646,-71.609508,0.006308587257258403
2013-02-13,41.845646,-71.609508,0.0
2013-02-14,41.845646,-71.609508,2.5066714287554404
2013-02-15,41.845646,-71.609508,0.0
2013-02-16,41.845646,-71.609508,0.7113171091596349
2013-02-17,41.845646,-71.609508,3.0363408165508634
2013-02-18,41.845646,-71.609508,0.06466117343387245
2013-02-19,41.845646,-71.609508,0.8213169357208866
2013-02-20,41.845646,-71.609508,2.0226769112261276
2013-02-21,41.845646,-71.609508,0.0
2013-02-22,41.845646,-71.609508,0.0
2013-02-23,41.845646,-71.609508,0.49457041162495285
2013-02-24,41.845646,-71.609508,1.6185892944080242
2013-02-25,41.845646,-71.609508,0.12249860076370583
2013-02-26,41.845646,-71.609508,0.0019365513942511433
2013-02-27,41.845646,-71.609508,8.034166033566603
2013-02-28,41.845646,-71.609508,0.029217355097928388
2013-03-01,41.845646,-71.609508,0.0597607221864054
2013-03-02,41.845646,-71.609508,0.0
2013-03-03,41.845646,-71.609508,0.0
2013-03-04,41.845646,-71.609508,0.0
2013-03-05,41.845646,-71.609508,0.0
2013-03-06,41.845646,-71.609508,0.0
2013-03-07,41.845646,-71.609508,1.9950699357989043
2013-03-08,41.845646,-71.609508,10.822334123490624
2013-03-09,41.845646,-71.609508,0.10677352867629361
2013-03-10,41.845646,-71.609508,0.0
2013-03-11,41.845646,-71.609508,4.016115148976076
2013-03-12,41.845646,-71.609508,43.690175658518854
2013-03-13,41.845646,-71.609508,0.0
2013-03-14,41.845646,-71.609508,0.0
2013-03-15,41.845646,-71.609508,0.0
2013-03-16,41.845646,-71.609508,0.040011521814491406
2013-03-17,41.845646,-71.609508,0.0
2013-03-18,41.845646,-71.609508,0.7076821293851183
2013-03-19,41.845646,-71.609508,10.019337933881813
2013-03-20,41.845646,-71.609508,0.0
2013-03-21,41.845646,-71.609508,0.012871193596272031
2013-03-22,41.845646,-71.609508,0.008537245496567368
2013-03-23,41.845646,-71.609508,0.0
2013-03-24,41.845646,-71.609508,0.0
2013-03-25,41.845646,-71.609508,0.0006530999854030758
2013-03-26,41.845646,-71.609508,0.0
2013-03-27,41.845646,-71.609508,0.0
2013-03-28,41.845646,-71.609508,0.01161930836550686
2013-03-29,41.845646,-71.609508,0.0
2013-03-30,41.845646,-71.609508,0.0
2013-03-31,41.845646,-71.609508,0.3161814914298041
2013-04-01,41.845646,-71.609508,0.9284432886484307
2013-04-02,41.845646,-71.609508,0.0
2013-04-03,41.845646,-71.609508,0.0
2013-04-04,41.845646,-71.609508,0.0
2013-04-05,41.845646,-71.609508,0.20801909850518494
2013-04-06,41.845646,-71.609508,0.0
2013-04-07,41.845646,-71.609508,0.0
2013-04-08,41.845646,-71.609508,0.13598202336732562
2013-04-09,41.845646,-71.609508,3.6080113432576004
2013-04-10,41.845646,-71.609508,6.291114121154195
2013-04-11,41.845646,-71.609508,6.447180425465881
2013-04-12,41.845646,-71.609508,9.076773696439837
2013-04-13,41.845646,-71.609508,0.30612828989404395
2013-04-14,41.845646,-71.609508,0.0
2013-04-15,41.845646,-71.609508,0.0
2013-04-16,41.845646,-71.609508,0.0
2013-04-17,41.845646,-71.609508,0.3835382824091494
2013-04-18,41.845646,-71.609508,0.0
2013-04-19,41.845646,-71.609508,0.0
2013-04-20,41.845646,-71.609508,17.819373079514847
2013-04-21,41.845646,-71.609508,0.0
2013-04-22,41.845646,-71.609508,0.47198897244817684
2013-04-23,41.845646,-71.609508,1.9898218440809092
2013-04-24,41.845646,-71.609508,0.8209765198256529
2013-04-25,41.845646,-71.609508,0.4049646941171314
2013-04-26,41.845646,-71.609508,0.0
2013-04-27,41.845646,-71.609508,0.0
2013-04-28,41.845646,-71.609508,0.0
2013-04-29,41.845646,-71.609508,0.6604100395091509
2013-04-30,41.845646,-71.609508,0.0
2013-05-01,41.845646,-71.609508,0.0
2013-05-02,41.845646,-71.609508,0.00012954424611628202
2013-05-03,41.845646,-71.609508,0.0
2013-05-04,41.845646,-71.609508,0.0
2013-05-05,41.845646,-71.609508,0.0
2013-05-06,41.845646,-71.609508,0.0
2013-05-07,41.845646,-71.609508,0.0
2013-05-08,41.845646,-71.609508,0.07690631706225871
2013-05-09,41.845646,-71.609508,9.395666013377477
2013-05-10,41.845646,-71.609508,4.333100516252104
2013-05-11,41.845646,-71.609508,14.67498917868459
2013-05-12,41.845646,-71.609508,3.7873760649024084
2013-05-13,41.845646,-71.609508,0.023471233982990926
2013-05-14,41.845646,-71.609508,0.0
2013-05-15,41.845646,-71.609508,3.816378442647174
2013-05-16,41.845646,-71.609508,0.09616758944667846
2013-05-17,41.845646,-71.609508,0.0
2013-05-18,41.845646,-71.609508,0.0
2013-05-19,41.845646,-71.609508,3.084659748137679
2013-05-20,41.845646,-71.609508,0.15783140173144433
2013-05-21,41.845646,-71.609508,11.752547902221528
2013-05-22,41.845646,-71.609508,2.0043156479042095
2013-05-23,41.845646,-71.609508,0.5473678170491039
2013-05-24,41.845646,-71.609508,16.58124905980425
2013-05-25,41.845646,-71.609508,1.7728738372366752
2013-05-26,41.845646,-71.609508,0.189772745130595
2013-05-27,41.845646,-71.609508,0.0
2013-05-28,41.845646,-71.609508,0.48680244729610733
2013-05-29,41.845646,-71.609508,9.067926268178773
2013-05-30,41.845646,-71.609508,25.84358145332144
2013-05-31,41.845646,-71.609508,0.0
2013-06-01,41.845646,-71.609508,0.0
2013-06-02,41.845646,-71.609508,0.0
2013-06-03,41.845646,-71.609508,14.863418526709134
2013-06-04,41.845646,-71.609508,0.0
2013-06-05,41.845646,-71.609508,0.0
2013-06-06,41.845646,-71.609508,1.3745856082379229
2013-06-07,41.845646,-71.609508,67.54223771133303
2013-06-08,41.845646,-71.609508,13.947909163256123
2013-06-09,41.845646,-71.609508,0.0
2013-06-10,41.845646,-71.609508,12.936511940033613
2013-06-11,41.845646,-71.609508,44.068352310648976
2013-06-12,41.845646,-71.609508,0.0
2013-06-13,41.845646,-71.609508,9.820316094898509
2013-06-14,41.845646,-71.609508,24.195498062266388
2013-06-15,41.845646,-71.609508,0.0
2013-06-16,41.845646,-71.609508,0.3263281243760481
2013-06-17,41.845646,-71.609508,0.07934086342153944
2013-06-18,41.845646,-71.609508,20.026402689256585
2013-06-19,41.845646,-71.609508,11.1150624403596
2013-06-20,41.845646,-71.609508,0.0
2013-06-21,41.845646,-71.609508,0.0
2013-06-22,41.845646,-71.609508,0.0
2013-06-23,41.845646,-71.609508,0.0
2013-06-24,41.845646,-71.609508,0.0012755689669309892
2013-06-25,41.845646,-71.609508,1.052781357790284
2013-06-26,41.845646,-71.609508,2.899003732965173
2013-06-27,41.845646,-71.609508,0.11291457580220637
2013-06-28,41.845646,-71.609508,2.685202106146921
2013-06-29,41.845646,-71.609508,0.533633386311804
2013-06-30,41.845646,-71.609508,0.9364855970258888
2013-07-01,41.845646,-71.609508,3.3855897948704086
2013-07-02,41.845646,-71.609508,2.0776083371034617
2013-07-03,41.845646,-71.609508,2.337276741476911
2013-07-04,41.845646,-71.609508,0.0
2013-07-05,41.845646,-71.609508,0.0
2013-07-06,41.845646,-71.609508,0.00255651670510393
2013-07-07,41.845646,-71.609508,2.186155253012341
2013-07-08,41.845646,-71.609508,0.9128362294022923
2013-07-09,41.845646,-71.609508,0.5076039608553746
2013-07-10,41.845646,-71.609508,0.3070989903568573
2013-07-11,41.845646,-71.609508,11.364533292187202
2013-07-12,41.845646,-71.609508,0.10854855597101473
2013-07-13,41.845646,-71.609508,0.4315565338820518
2013-07-14,41.845646,-71.609508,0.0019592999156594418
2013-07-15,41.845646,-71.609508,0.02512954278012966
2013-07-16,41.845646,-71.609508,0.0
2013-07-17,41.845646,-71.609508,0.0
2013-07-18,41.845646,-71.609508,0.004915206991406769
2013-07-19,41.845646,-71.609508,0.0
2013-07-20,41.845646,-71.609508,9.123502002060508
2013-07-21,41.845646,-71.609508,1.375670224177443
2013-07-22,41.845646,-71.609508,0.32365616187897817
2013-07-23,41.845646,-71.609508,14.894366474111335
2013-07-24,41.845646,-71.609508,0.27716676341903085
2013-07-25,41.845646,-71.609508,11.429406730385386
2013-07-26,41.845646,-71.609508,21.176021868868265
2013-07-27,41.845646,-71.609508,0.34993249135757987
2013-07-28,41.845646,-71.609508,0.23981454873592523
2013-07-29,41.845646,-71.609508,0.5868001996854184
2013-07-30,41.845646,-71.609508,0.0
2013-07-31,41.845646,-71.609508,0.0
2013-08-01,41.845646,-71.609508,2.7480708749215172
2013-08-02,41.845646,-71.609508,7.9032489939825785
2013-08-03,41.845646,-71.609508,5.379075856985516
2013-08-04,41.845646,-71.609508,0.8434879208939461
2013-08-05,41.845646,-71.609508,0.0
2013-08-06,41.845646,-71.609508,0.0
2013-08-07,41.845646,-71.609508,0.0
2013-08-08,41.845646,-71.609508,0.9635791804579693
2013-08-09,41.845646,-71.609508,29.08058126015145
2013-08-10,41.845646,-71.609508,0.05839143529049829
2013-08-11,41.845646,-71.609508,0.0
2013-08-12,41.845646,-71.609508,0.0
2013-08-13,41.845646,-71.609508,8.885903616533295
2013-08-14,41.845646,-71.609508,0.5176967081506957
2013-08-15,41.845646,-71.609508,0.0
2013-08-16,41.845646,-71.609508,0.0
2013-08-17,41.845646,-71.609508,0.020809497210655857
2013-08-18,41.845646,-71.609508,3.957770434020299
2013-08-19,41.845646,-71.609508,2.0356451792441552
2013-08-20,41.845646,-71.609508,0.5100104037209539
2013-08-21,41.845646,-71.609508,0.0
2013-08-22,41.845646,-71.609508,5.429594011622855
2013-08-23,41.845646,-71.609508,0.12258920146347509
2013-08-24,41.845646,-71.609508,0.0
2013-08-25,41.845646,-71.609508,0.0
2013-08-26,41.845646,-71.609508,2.6635707461915183
2013-08-27,41.845646,-71.609508,19.057436431165428
2013-08-28,41.845646,-71.609508,0.005691496997711578
2013-08-29,41.845646,-71.609508,0.5429042659122831
2013-08-30,41.845646,-71.609508,0.0
2013-08-31,41.845646,-71.609508,1.3261781976611204
2013-09-01,41.845646,-71.609508,11.440999848031764
2013-09-02,41.845646,-71.609508,16.76443295668344
2013-09-03,41.845646,-71.609508,9.140007675857138
2013-09-04,41.845646,-71.609508,0.0026339149608989665
2013-09-05,41.845646,-71.609508,0.467655519671653
2013-09-06,41.845646,-71.609508,0.3453865252514339
2013-09-07,41.845646,-71.609508,0.0
2013-09-08,41.845646,-71.609508,1.0664742150469135
2013-09-09,41.845646,-71.609508,0.0
2013-09-10,41.845646,-71.609508,0.8368171968546528
2013-09-11,41.845646,-71.609508,0.0
2013-09-12,41.845646,-71.609508,0.4336631021114183
2013-09-13,41.845646,-71.609508,14.546095989190187
2013-09-14,41.845646,-71.609508,0.0
2013-09-15,41.845646,-71.609508,0.0
2013-09-16,41.845646,-71.609508,4.190905493045793
2013-09-17,41.845646,-71.609508,0.0
2013-09-18,41.845646,-71.609508,0.0
2013-09-19,41.845646,-71.609508,0.0
2013-09-20,41.845646,-71.609508,0.0
2013-09-21,41.845646,-71.609508,0.0
2013-09-22,41.845646,-71.609508,20.63023505724765
2013-09-23,41.845646,-71.609508,0.0
2013-09-24,41.845646,-71.609508,0.0
2013-09-25,41.845646,-71.609508,0.0
2013-09-26,41.845646,-71.609508,0.0
2013-09-27,41.845646,-71.609508,0.0
2013-09-28,41.845646,-71.609508,0.0
2013-09-29,41.845646,-71.609508,0.0
2013-09-30,41.845646,-71.609508,0.0
2013-10-01,41.845646,-71.609508,0.0
2013-10-02,41.845646,-71.609508,0.007746205577004573
2013-10-03,41.845646,-71.609508,0.0
2013-10-04,41.845646,-71.609508,2.131030075699914
2013-10-05,41.845646,-71.609508,0.9227185621641535
2013-10-06,41.845646,-71.609508,2.944254671540701
2013-10-07,41.845646,-71.609508,0.47337555361102257
2013-10-08,41.845646,-71.609508,0.9633704727821487
2013-10-09,41.845646,-71.609508,0.023284164975311442
2013-10-10,41.845646,-71.609508,1.2397630061385385
2013-10-11,41.845646,-71.609508,0.0002644672470542298
2013-10-12,41.845646,-71.609508,0.19501384574620512
2013-10-13,41.845646,-71.609508,0.0
2013-10-14,41.845646,-71.609508,0.0
2013-10-15,41.845646,-71.609508,0.0
2013-10-16,41.845646,-71.609508,1.1566344949911025
2013-10-17,41.845646,-71.609508,0.44152148938151103
2013-10-18,41.845646,-71.609508,0.5924003616857529
2013-10-19,41.845646,-71.609508,0.26621138754358886
2013-10-20,41.845646,-71.609508,2.262098699800649
2013-10-21,41.845646,-71.609508,0.0
2013-10-22,41.845646,-71.609508,0.0
2013-10-23,41.845646,-71.609508,1.8960994579826638
2013-10-24,41.845646,-71.609508,0.0
2013-10-25,41.845646,-71.609508,0.0
2013-10-26,41.845646,-71.609508,0.0
2013-10-27,41.845646,-71.609508,0.030416245914249754
2013-10-28,41.845646,-71.609508,0.0
2013-10-29,41.845646,-71.609508,0.0
2013-10-30,41.845646,-71.609508,0.3459320930039597
2013-10-31,41.845646,-71.609508,2.810012267315738
2013-11-01,41.845646,-71.609508,16.872917727334286
2013-11-02,41.845646,-71.609508,0.7464533799006873
2013-11-03,41.845646,-71.609508,0.15898882814085125
2013-11-04,41.845646,-71.609508,0.0
2013-11-05,41.845646,-71.609508,0.0
2013-11-06,41.845646,-71.609508,0.10380959186917349
2013-11-07,41.845646,-71.609508,18.4600590034749
2013-11-08,41.845646,-71.609508,0.00017631149803615318
2013-11-09,41.845646,-71.609508,0.5187018307107225
2013-11-10,41.845646,-71.609508,0.013555860120468817
2013-11-11,41.845646,-71.609508,0.0
2013-11-12,41.845646,-71.609508,6.6185046311072355
2013-11-13,41.845646,-71.609508,0.00017631149803615318
2013-11-14,41.845646,-71.609508,0.023220605263051246
2013-11-15,41.845646,-71.609508,0.0
2013-11-16,41.845646,-71.609508,0.002845748498855789
2013-11-17,41.845646,-71.609508,0.0
2013-11-18,41.845646,-71.609508,7.279990939057878
2013-11-19,41.845646,-71.609508,0.0
2013-11-20,41.845646,-71.609508,0.0
2013-11-21,41.845646,-71.609508,0.0
2013-11-22,41.845646,-71.609508,4.14038561718541
2013-11-23,41.845646,-71.609508,2.6978989690731003
2013-11-24,41.845646,-71.609508,0.006132275726381673
2013-11-25,41.845646,-71.609508,0.0
2013-11-26,41.845646,-71.609508,3.45523053079154
2013-11-27,41.845646,-71.609508,55.40128803147702
2013-11-28,41.845646,-71.609508,0.48620816791341637
2013-11-29,41.845646,-71.609508,0.01161930836550686
2013-11-30,41.845646,-71.609508,0.0
2013-12-01,41.845646,-71.609508,0.0022038937747127776
2013-12-02,41.845646,-71.609508,0.0
2013-12-03,41.845646,-71.609508,0.11370759712309711
2013-12-04,41.845646,-71.609508,0.010991423834368732
2013-12-05,41.845646,-71.609508,0.8641717524808122
2013-12-06,41.845646,-71.609508,10.671665105140985
2013-12-07,41.845646,-71.609508,27.735994446119385
2013-12-08,41.845646,-71.609508,0.5618065930545955
2013-12-09,41.845646,-71.609508,0.16951306041361142
2013-12-10,41.845646,-71.609508,2.1080851353887797
2013-12-11,41.845646,-71.609508,0.1472671596419936
2013-12-12,41.845646,-71.609508,0.0
2013-12-13,41.845646,-71.609508,0.0010471114785735878
2013-12-14,41.845646,-71.609508,0.10941459572304969
2013-12-15,41.845646,-71.609508,12.426077091794015
2013-12-16,41.845646,-71.609508,0.0
2013-12-17,41.845646,-71.609508,3.409039703764882
2013-12-18,41.845646,-71.609508,0.31001587106375567
2013-12-19,41.845646,-71.609508,2.419943434091488
2013-12-20,41.845646,-71.609508,0.6227817533662646
2013-12-21,41.845646,-71.609508,0.09050277488528749
2013-12-22,41.845646,-71.609508,7.928890771910111
2013-12-23,41.845646,-71.609508,30.396351033521793
2013-12-24,41.845646,-71.609508,0.3193830119640175
2013-12-25,41.845646,-71.609508,0.055538723595376205
2013-12-26,41.845646,-71.609508,0.0
2013-12-27,41.845646,-71.609508,0.0
2013-12-28,41.845646,-71.609508,0.00035262299607230637
2013-12-29,41.845646,-71.609508,26.94705861180037
2013-12-30,41.845646,-71.609508,0.5601236508154265
2013-12-31,41.845646,-71.609508,0.0
2014-01-01,41.845646,-71.609508,0.0
2014-01-02,41.845646,-71.609508,0.22000243769459482
2014-01-03,41.845646,-71.609508,3.7841250096939483
2014-01-04,41.845646,-71.609508,0.062481151523753796
2014-01-05,41.845646,-71.609508,0.009623926093888475
2014-01-06,41.845646,-71.609508,6.2991903076148965
2014-01-07,41.845646,-71.609508,0.0696714568917659
2014-01-08,41.845646,-71.609508,0.0
2014-01-09,41.845646,-71.609508,0.0
2014-01-10,41.845646,-71.609508,0.7993499209434234
2014-01-11,41.845646,-71.609508,21.76222039246324
2014-01-12,41.845646,-71.609508,18.719377799809806
2014-01-13,41.845646,-71.609508,0.006779330740102002
2014-01-14,41.845646,-71.609508,52.5357685118873
2014-01-15,41.845646,-71.609508,1.89644634644159
2014-01-16,41.845646,-71.609508,1.5722237871409641
2014-01-17,41.845646,-71.609508,0.0
2014-01-18,41.845646,-71.609508,1.5889321682875397
2014-01-19,41.845646,-71.609508,0.029048269831634707
2014-01-20,41.845646,-71.609508,0.015492411154009147
2014-01-21,41.845646,-71.609508,0.10419345718702018
2014-01-22,41.845646,-71.609508,0.03609214560562521
2014-01-23,41.845646,-71.609508,0.0
2014-01-24,41.845646,-71.609508,0.0
2014-01-25,41.845646,-71.609508,0.6137553096233299
2014-01-26,41.845646,-71.609508,0.0066911749418230625
2014-01-27,41.845646,-71.609508,0.6383720705923557
2014-01-28,41.845646,-71.609508,0.033216354516500776
2014-01-29,41.845646,-71.609508,0.0
2014-01-30,41.845646,-71.609508,0.0
2014-01-31,41.845646,-71.609508,0.2651425488506781
2014-02-01,41.845646,-71.609508,0.0
2014-02-02,41.845646,-71.609508,0.4505427502918373
2014-02-03,41.845646,-71.609508,6.287816918222516
2014-02-04,41.845646,-71.609508,0.10042830399065511
2014-02-05,41.845646,-71.609508,32.372247201131565
2014-02-06,41.845646,-71.609508,0.0
2014-02-07,41.845646,-71.609508,0.18556766802544816
2014-02-08,41.845646,-71.609508,0.00580965418275343
2014-02-09,41.845646,-71.609508,0.0
2014-02-10,41.845646,-71.609508,1.2065608515504789
2014-02-11,41.845646,-71.609508,0.0
2014-02-12,41.845646,-71.609508,0.0
2014-02-13,41.845646,-71.609508,19.48244212031148
2014-02-14,41.845646,-71.609508,12.24082838347565
2014-02-15,41.845646,-71.609508,6.51571930244604
2014-02-16,41.845646,-71.609508,1.162296274224679
2014-02-17,41.845646,-71.609508,0.0
2014-02-18,41.845646,-71.609508,0.34784664364836204
2014-02-19,41.845646,-71.609508,9.105556605479343
2014-02-20,41.845646,-71.609508,1.1240303226652348
2014-02-21,41.845646,-71.609508,11.286770041943855
2014-02-22,41.845646,-71.609508,0.11531727571028103
2014-02-23,41.845646,-71.609508,0.0
2014-02-24,41.845646,-71.609508,0.8017283223246228
2014-02-25,41.845646,-71.609508,0.0
2014-02-26,41.845646,-71.609508,0.0
2014-02-27,41.845646,-71.609508,0.0
2014-02-28,41.845646,-71.609508,0.0
2014-03-01,41.845646,-71.609508,0.0
2014-03-02,41.845646,-71.609508,0.5109559098515117
2014-03-03,41.845646,-71.609508,0.7018308292711692
2014-03-04,41.845646,-71.609508,0.1045118198253972
2014-03-05,41.845646,-71.609508,0.08734506548417138
2014-03-06,41.845646,-71.609508,0.0
2014-03-07,41.845646,-71.609508,0.0
2014-03-08,41.845646,-71.609508,0.21962370602872427
2014-03-09,41.845646,-71.609508,0.1736088224593114
2014-03-10,41.845646,-71.609508,2.035467877140201
2014-03-11,41.845646,-71.609508,0.4407575228543596
2014-03-12,41.845646,-71.609508,3.168751174871926
2014-03-13,41.845646,-71.609508,5.798865365311193
2014-03-14,41.845646,-71.609508,0.005691496997711578
2014-03-15,41.845646,-71.609508,0.9651964479694722
2014-03-16,41.845646,-71.609508,0.0
2014-03-17,41.845646,-71.609508,6.502679801502924
2014-03-18,41.845646,-71.609508,0.0
2014-03-19,41.845646,-71.609508,0.0
2014-03-20,41.845646,-71.609508,6.0837886447153045
2014-03-21,41.845646,-71.609508,0.0
2014-03-22,41.845646,-71.609508,0.005629568972843492
2014-03-23,41.845646,-71.609508,0.0013943557362445169
2014-03-24,41.845646,-71.609508,0.1287817722424143
2014-03-25,41.845646,-71.609508,0.061538752971585585
2014-03-26,41.845646,-71.609508,2.2531372656986286
2014-03-27,41.845646,-71.609508,0.0
2014-03-28,41.845646,-71.609508,0.97164476515296
2014-03-29,41.845646,-71.609508,27.307087494879323
2014-03-30,41.845646,-71.609508,95.08791339604636
2014-03-31,41.845646,-71.609508,0.0
2014-04-01,41.845646,-71.609508,0.0
2014-04-02,41.845646,-71.609508,0.045620736782074976
2014-04-03,41.845646,-71.609508,0.0
2014-04-04,41.845646,-71.609508,0.0036955210880702063
2014-04-05,41.845646,-71.609508,3.70934215885928
2014-04-06,41.845646,-71.609508,0.0
2014-04-07,41.845646,-71.609508,0.7945441121545889
2014-04-08,41.845646,-71.609508,11.188844945567762
2014-04-09,41.845646,-71.609508,0.0
2014-04-10,41.845646,-71.609508,0.0
2014-04-11,41.845646,-71.609508,0.18043266251951365
2014-04-12,41.845646,-71.609508,0.9089077712913725
2014-04-13,41.845646,-71.609508,0.13089423855761018
2014-04-14,41.845646,-71.609508,0.29838794547850345
2014-04-15,41.845646,-71.609508,18.168346923936987
2014-04-16,41.845646,-71.609508,28.11243430019355
2014-04-17,41.845646,-71.609508,0.0
2014-04-18,41.845646,-71.609508,0.0
2014-04-19,41.845646,-71.609508,1.3126426549282868
2014-04-20,41.845646,-71.609508,0.0
2014-04-21,41.845646,-71.609508,0.0
2014-04-22,41.845646,-71.609508,1.2457387596159955
2014-04-23,41.845646,-71.609508,7.04680634207911
2014-04-24,41.845646,-71.609508,0.0
2014-04-25,41.845646,-71.609508,0.0
2014-04-26,41.845646,-71.609508,15.469200427698746
2014-04-27,41.845646,-71.609508,0.04198463000891314
2014-04-28,41.845646,-71.609508,0.0
2014-04-29,41.845646,-71.609508,0.6146207052982857
2014-04-30,41.845646,-71.609508,41.385434556630244
2014-05-01,41.845646,-71.609508,30.912399438235585
2014-05-02,41.845646,-71.609508,0.0
2014-05-03,41.845646,-71.609508,0.0
2014-05-04,41.845646,-71.609508,1.4888257671759992
2014-05-05,41.845646,-71.609508,0.0
2014-05-06,41.845646,-71.609508,0.0
2014-05-07,41.845646,-71.609508,0.20679972052199846
2014-05-08,41.845646,-71.609508,8.815574901807659e-05
2014-05-09,41.845646,-71.609508,0.3558788570098126
2014-05-10,41.845646,-71.609508,3.449183357660519
2014-05-11,41.845646,-71.609508,6.718082497594322
2014-05-12,41.845646,-71.609508,0.0
2014-05-13,41.845646,-71.609508,0.0
2014-05-14,41.845646,-71.609508,0.0
2014-05-15,41.845646,-71.609508,0.0
2014-05-16,41.845646,-71.609508,0.1638329855117998
2014-05-17,41.845646,-71.609508,18.001273744102864
2014-05-18,41.845646,-71.609508,0.0
2014-05-19,41.845646,-71.609508,0.0
2014-05-20,41.845646,-71.609508,3.2471386660401005
2014-05-21,41.845646,-71.609508,0.0
2014-05-22,41.845646,-71.609508,7.832810896084496
2014-05-23,41.845646,-71.609508,0.10311148476253026
2014-05-24,41.845646,-71.609508,0.0007052459921446127
2014-05-25,41.845646,-71.609508,0.39656783298221226
2014-05-26,41.845646,-71.609508,2.198383467765351
2014-05-27,41.845646,-71.609508,0.2712855326330613
2014-05-28,41.845646,-71.609508,0.44422785622034466
2014-05-29,41.845646,-71.609508,0.0
2014-05-30,41.845646,-71.609508,0.6031058175525551
2014-05-31,41.845646,-71.609508,5.770121252481274
2014-06-01,41.845646,-71.609508,0.0
2014-06-02,41.845646,-71.609508,0.0
2014-06-03,41.845646,-71.609508,0.0
2014-06-04,41.845646,-71.609508,0.5557458062090481
2014-06-05,41.845646,-71.609508,10.951264305812193
2014-06-06,41.845646,-71.609508,0.0
2014-06-07,41.845646,-71.609508,0.0
2014-06-08,41.845646,-71.609508,0.24754033961101188
2014-06-09,41.845646,-71.609508,2.325173212217093
2014-06-10,41.845646,-71.609508,1.305257929273862
2014-06-11,41.845646,-71.609508,0.5131527633199973
2014-06-12,41.845646,-71.609508,0.3496271391013153
2014-06-13,41.845646,-71.609508,11.122156998497564
2014-06-14,41.845646,-71.609508,0.26797590546643946
2014-06-15,41.845646,-71.609508,0.0
2014-06-16,41.845646,-71.609508,0.0
2014-06-17,41.845646,-71.609508,0.002115737976433838
2014-06-18,41.845646,-71.609508,0.22292989425681997
2014-06-19,41.845646,-71.609508,10.408476052480266
2014-06-20,41.845646,-71.609508,0.0
2014-06-21,41.845646,-71.609508,0.0
2014-06-22,41.845646,-71.609508,0.00017631149803615318
2014-06-23,41.845646,-71.609508,0.0
2014-06-24,41.845646,-71.609508,0.013555860120468817
2014-06-25,41.845646,-71.609508,0.008792418495535798
2014-06-26,41.845646,-71.609508,6.653849933320283
2014-06-27,41.845646,-71.609508,0.0038731027885022867
2014-06-28,41.845646,-71.609508,0.0
2014-06-29,41.845646,-71.609508,0.04424498455683557
2014-06-30,41.845646,-71.609508,0.003188101646088973
2014-07-01,41.845646,-71.609508,0.0
2014-07-02,41.845646,-71.609508,0.0
2014-07-03,41.845646,-71.609508,0.0737586142735566
2014-07-04,41.845646,-71.609508,61.58329318708528
2014-07-05,41.845646,-71.609508,6.259231485378057
2014-07-06,41.845646,-71.609508,0.0
2014-07-07,41.845646,-71.609508,0.0038731027885022867
2014-07-08,41.845646,-71.609508,1.270640026735532
2014-07-09,41.845646,-71.609508,0.0
2014-07-10,41.845646,-71.609508,5.151215818989518
2014-07-11,41.845646,-71.609508,3.091543342524261
2014-07-12,41.845646,-71.609508,0.0
2014-07-13,41.845646,-71.609508,0.0006477212064519128
2014-07-14,41.845646,-71.609508,4.4840011513390525
2014-07-15,41.845646,-71.609508,13.662368275148033
2014-07-16,41.845646,-71.609508,20.138224989147925
2014-07-17,41.845646,-71.609508,2.8527590461957457
2014-07-18,41.845646,-71.609508,0.0
2014-07-19,41.845646,-71.609508,1.1245655485080828
2014-07-20,41.845646,-71.609508,1.1663364801592326
2014-07-21,41.845646,-71.609508,0.0
2014-07-22,41.845646,-71.609508,0.0
2014-07-23,41.845646,-71.609508,0.0
2014-07-24,41.845646,-71.609508,2.118215526153603
2014-07-25,41.845646,-71.609508,0.34824724784445216
2014-07-26,41.845646,-71.609508,0.02191201648929304
2014-07-27,41.845646,-71.609508,1.2490973989221485
2014-07-28,41.845646,-71.609508,4.1308367189129465
2014-07-29,41.845646,-71.609508,0.0
2014-07-30,41.845646,-71.609508,0.0
2014-07-31,41.845646,-71.609508,0.0
2014-08-01,41.845646,-71.609508,0.2660471727100335
2014-08-02,41.845646,-71.609508,35.952159187760294
2014-08-03,41.845646,-71.609508,4.194849455487413
2014-08-04,41.845646,-71.609508,0.0
2014-08-05,41.845646,-71.609508,0.0
2014-08-06,41.845646,-71.609508,0.8997134135025435
2014-08-07,41.845646,-71.609508,6.049138231926914
2014-08-08,41.845646,-71.609508,0.0
2014-08-09,41.845646,-71.609508,0.0
2014-08-10,41.845646,-71.609508,0.0
2014-08-11,41.845646,-71.609508,0.00829083175144205
2014-08-12,41.845646,-71.609508,2.3035600005845462
2014-08-13,41.845646,-71.609508,31.663804265807492
2014-08-14,41.845646,-71.609508,0.0
2014-08-15,41.845646,-71.609508,0.0
2014-08-16,41.845646,-71.609508,0.010993028847481656
2014-08-17,41.845646,-71.609508,0.4451019535028576
2014-08-18,41.845646,-71.609508,0.0
2014-08-19,41.845646,-71.609508,0.0
2014-08-20,41.845646,-71.609508,0.0
2014-08-21,41.845646,-71.609508,0.713163874273386
2014-08-22,41.845646,-71.609508,3.299496385806249
2014-08-23,41.845646,-71.609508,0.18785790578137168
2014-08-24,41.845646,-71.609508,0.0
2014-08-25,41.845646,-71.609508,0.0
2014-08-26,41.845646,-71.609508,0.0
2014-08-27,41.845646,-71.609508,0.0
2014-08-28,41.845646,-71.609508,0.00044077872867009444
2014-08-29,41.845646,-71.609508,0.0
2014-08-30,41.845646,-71.609508,0.00038863273834884607
2014-08-31,41.845646,-71.609508,4.706379349127229
2014-09-01,41.845646,-71.609508,5.74903375320332
2014-09-02,41.845646,-71.609508,0.00038863273834884607
2014-09-03,41.845646,-71.609508,0.0
2014-09-04,41.845646,-71.609508,0.0
2014-09-05,41.845646,-71.609508,0.0
2014-09-06,41.845646,-71.609508,0.24547404960420205
2014-09-07,41.845646,-71.609508,4.80166070509894
2014-09-08,41.845646,-71.609508,0.5635222246858304
2014-09-09,41.845646,-71.609508,0.612879855617843
2014-09-10,41.845646,-71.609508,0.0
2014-09-11,41.845646,-71.609508,0.00038863273834884607
2014-09-12,41.845646,-71.609508,0.0
2014-09-13,41.845646,-71.609508,4.913593873188488
2014-09-14,41.845646,-71.609508,0.23684747603039366
2014-09-15,41.845646,-71.609508,0.0
2014-09-16,41.845646,-71.609508,0.009564599786213865
2014-09-17,41.845646,-71.609508,0.0
2014-09-18,41.845646,-71.609508,0.0
2014-09-19,41.845646,-71.609508,0.0
2014-09-20,41.845646,-71.609508,0.0
2014-09-21,41.845646,-71.609508,0.4179950123946371
2014-09-22,41.845646,-71.609508,0.016683294465203922
2014-09-23,41.845646,-71.609508,0.0
2014-09-24,41.845646,-71.609508,0.0
2014-09-25,41.845646,-71.609508,3.135394323417831
2014-09-26,41.845646,-71.609508,4.9305484388236405
2014-09-27,41.845646,-71.609508,0.0
2014-09-28,41.845646,-71.609508,0.0
2014-09-29,41.845646,-71.609508,0.9248798401840951
2014-09-30,41.845646,-71.609508,6.79084169615066
2014-10-01,41.845646,-71.609508,7.991657882461503
2014-10-02,41.845646,-71.609508,8.633983485950814
2014-10-03,41.845646,-71.609508,0.0
2014-10-04,41.845646,-71.609508,4.827657024122092
2014-10-05,41.845646,-71.609508,0.0
2014-10-06,41.845646,-71.609508,0.0
2014-10-07,41.845646,-71.609508,0.8355591336201129
2014-10-08,41.845646,-71.609508,4.824521615162744
2014-10-09,41.845646,-71.609508,0.0
2014-10-10,41.845646,-71.609508,0.0006170902595468247
2014-10-11,41.845646,-71.609508,27.151244148494204
2014-10-12,41.845646,-71.609508,0.0
2014-10-13,41.845646,-71.609508,0.0
2014-10-14,41.845646,-71.609508,0.0
2014-10-15,41.845646,-71.609508,0.0
2014-10-16,41.845646,-71.609508,26.82651194151739
2014-10-17,41.845646,-71.609508,4.992601507971855
2014-10-18,41.845646,-71.609508,0.09655519903788794
2014-10-19,41.845646,-71.609508,0.0
2014-10-20,41.845646,-71.609508,0.0
2014-10-21,41.845646,-71.609508,0.5852961059617825
2014-10-22,41.845646,-71.609508,16.36930769712238
2014-10-23,41.845646,-71.609508,18.251294925697433
2014-10-24,41.845646,-71.609508,0.20323621732066943
2014-10-25,41.845646,-71.609508,0.00012954424611628202
2014-10-26,41.845646,-71.609508,0.0
2014-10-27,41.845646,-71.609508,0.0
2014-10-28,41.845646,-71.609508,0.0
2014-10-29,41.845646,-71.609508,0.160832410267783
2014-10-30,41.845646,-71.609508,0.3486518932664927
2014-10-31,41.845646,-71.609508,0.11530883353881155
2014-11-01,41.845646,-71.609508,8.003838030471355
2014-11-02,41.845646,-71.609508,2.4010409738631937
2014-11-03,41.845646,-71.609508,0.0
2014-11-04,41.845646,-71.609508,0.09114746157947409
2014-11-05,41.845646,-71.609508,0.0037315309201573794
2014-11-06,41.845646,-71.609508,9.809791742764297
2014-11-07,41.845646,-71.609508,4.184541503311943
2014-11-08,41.845646,-71.609508,0.0
2014-11-09,41.845646,-71.609508,0.37505294368940045
2014-11-10,41.845646,-71.609508,0.0
2014-11-11,41.845646,-71.609508,0.0
2014-11-12,41.845646,-71.609508,0.0
2014-11-13,41.845646,-71.609508,0.051539547219102894
2014-11-14,41.845646,-71.609508,3.854377603285085
2014-11-15,41.845646,-71.609508,0.0
2014-11-16,41.845646,-71.609508,0.0
2014-11-17,41.845646,-71.609508,41.645500812506484
2014-11-18,41.845646,-71.609508,1.4880596084124482
2014-11-19,41.845646,-71.609508,0.0
2014-11-20,41.845646,-71.609508,0.0
2014-11-21,41.845646,-71.609508,0.0
2014-11-22,41.845646,-71.609508,0.0
2014-11-23,41.845646,-71.609508,0.01853483234748879
2014-11-24,41.845646,-71.609508,11.920070807828669
2014-11-25,41.845646,-71.609508,0.8820058179701828
2014-11-26,41.845646,-71.609508,62.24390718566332
2014-11-27,41.845646,-71.609508,3.258584178627352
2014-11-28,41.845646,-71.609508,0.0
2014-11-29,41.845646,-71.609508,0.0
2014-11-30,41.845646,-71.609508,0.0019365513942511433
2014-12-01,41.845646,-71.609508,0.5145119533128176
2014-12-02,41.845646,-71.609508,1.094024298618115
2014-12-03,41.845646,-71.609508,4.903421708791348
2014-12-04,41.845646,-71.609508,0.0
2014-12-05,41.845646,-71.609508,0.3141562084612983
2014-12-06,41.845646,-71.609508,18.164879754185044
2014-12-07,41.845646,-71.609508,22.785820081956565
2014-12-08,41.845646,-71.609508,0.0
2014-12-09,41.845646,-71.609508,73.59155535201002
2014-12-10,41.845646,-71.609508,1.1784005779463858
2014-12-11,41.845646,-71.609508,0.34375059063895874
2014-12-12,41.845646,-71.609508,0.0
2014-12-13,41.845646,-71.609508,0.0
2014-12-14,41.845646,-71.609508,0.0
2014-12-15,41.845646,-71.609508,0.0
2014-12-16,41.845646,-71.609508,0.0
2014-12-17,41.845646,-71.609508,9.141929116697304
2014-12-18,41.845646,-71.609508,0.0
2014-12-19,41.845646,-71.609508,0.0
2014-12-20,41.845646,-71.609508,0.0
2014-12-21,41.845646,-71.609508,0.0
2014-12-22,41.845646,-71.609508,0.0
2014-12-23,41.845646,-71.609508,0.4490715274361967
2014-12-24,41.845646,-71.609508,16.502357117493524
2014-12-25,41.845646,-71.609508,26.970180422286372
2014-12-26,41.845646,-71.609508,0.0020727079378605124
2014-12-27,41.845646,-71.609508,0.0
2014-12-28,41.845646,-71.609508,5.694336166876623
2014-12-29,41.845646,-71.609508,0.9644842116641466
2014-12-30,41.845646,-71.609508,0.0
2014-12-31,41.845646,-71.609508,0.0
2015-01-01,41.845646,-71.609508,0.06946386428370388
2015-01-02,41.845646,-71.609508,0.0
2015-01-03,41.845646,-71.609508,1.8009612157857036
2015-01-04,41.845646,-71.609508,30.58609421379519
2015-01-05,41.845646,-71.609508,4.760396126039183
2015-01-06,41.845646,-71.609508,1.9929931097714537
2015-01-07,41.845646,-71.609508,0.0
2015-01-08,41.845646,-71.609508,0.0
2015-01-09,41.845646,-71.609508,0.1933359834880851
2015-01-10,41.845646,-71.609508,0.0
2015-01-11,41.845646,-71.609508,0.0
2015-01-12,41.845646,-71.609508,14.902665495462868
2015-01-13,41.845646,-71.609508,3.3209857692506866
2015-01-14,41.845646,-71.609508,0.0
2015-01-15,41.845646,-71.609508,0.10927385753712543
2015-01-16,41.845646,-71.609508,0.17928215807822462
2015-01-17,41.845646,-71.609508,0.0
2015-01-18,41.845646,-71.609508,0.8260802495721629
2015-01-19,41.845646,-71.609508,16.032756043061916
2015-01-20,41.845646,-71.609508,0.0016120557390880842
2015-01-21,41.845646,-71.609508,0.0
2015-01-22,41.845646,-71.609508,0.0
2015-01-23,41.845646,-71.609508,0.0
2015-01-24,41.845646,-71.609508,20.16283199673855
2015-01-25,41.845646,-71.609508,0.18989529208407654
2015-01-26,41.845646,-71.609508,3.430970039418877
2015-01-27,41.845646,-71.609508,26.458307494521158
2015-01-28,41.845646,-71.609508,0.03619762947444559
2015-01-29,41.845646,-71.609508,0.0
2015-01-30,41.845646,-71.609508,4.8442180111256885
2015-01-31,41.845646,-71.609508,0.0
2015-02-01,41.845646,-71.609508,0.0
2015-02-02,41.845646,-71.609508,16.288085097330452
2015-02-03,41.845646,-71.609508,0.0
2015-02-04,41.845646,-71.609508,0.0
2015-02-05,41.845646,-71.609508,0.21937392267807462
2015-02-06,41.845646,-71.609508,0.0
2015-02-07,41.845646,-71.609508,0.10280410518059459
2015-02-08,41.845646,-71.609508,5.843349673746206
2015-02-09,41.845646,-71.609508,7.356922838145417
2015-02-10,41.845646,-71.609508,0.058457938637387914
2015-02-11,41.845646,-71.609508,0.0
2015-02-12,41.845646,-71.609508,0.0
2015-02-13,41.845646,-71.609508,0.0
2015-02-14,41.845646,-71.609508,1.147071041651594
2015-02-15,41.845646,-71.609508,0.29311209379196035
2015-02-16,41.845646,-71.609508,0.0
2015-02-17,41.845646,-71.609508,0.08955630368673517
2015-02-18,41.845646,-71.609508,0.077312603465511
2015-02-19,41.845646,-71.609508,0.0
2015-02-20,41.845646,-71.609508,0.0
2015-02-21,41.845646,-71.609508,4.215758958588132
2015-02-22,41.845646,-71.609508,21.17892215896245
2015-02-23,41.845646,-71.609508,0.0
2015-02-24,41.845646,-71.609508,0.0
2015-02-25,41.845646,-71.609508,0.16136084414774257
2015-02-26,41.845646,-71.609508,1.1759502090675675
2015-02-27,41.845646,-71.609508,0.0
2015-02-28,41.845646,-71.609508,0.0
2015-03-01,41.845646,-71.609508,2.7429234765006907
2015-03-02,41.845646,-71.609508,1.9659592109522916
2015-03-03,41.845646,-71.609508,1.0141201393453816
2015-03-04,41.845646,-71.609508,16.902245694164353
2015-03-05,41.845646,-71.609508,23.448652901379123
2015-03-06,41.845646,-71.609508,0.3328736344945919
2015-03-07,41.845646,-71.609508,0.011707463753814124
2015-03-08,41.845646,-71.609508,0.0
2015-03-09,41.845646,-71.609508,0.0
2015-03-10,41.845646,-71.609508,0.783429905098037
2015-03-11,41.845646,-71.609508,5.65597144595814
2015-03-12,41.845646,-71.609508,0.0
2015-03-13,41.845646,-71.609508,0.002845748498855789
2015-03-14,41.845646,-71.609508,20.540445032686737
2015-03-15,41.845646,-71.609508,1.8562883580180498
2015-03-16,41.845646,-71.609508,0.046250287754098535
2015-03-17,41.845646,-71.609508,3.6616557965599426
2015-03-18,41.845646,-71.609508,0.009564599786213865
2015-03-19,41.845646,-71.609508,0.0
2015-03-20,41.845646,-71.609508,2.1503921966468837
2015-03-21,41.845646,-71.609508,0.8249494791837128
2015-03-22,41.845646,-71.609508,0.0
2015-03-23,41.845646,-71.609508,0.0
2015-03-24,41.845646,-71.609508,0.0
2015-03-25,41.845646,-71.609508,0.5167204563889433
2015-03-26,41.845646,-71.609508,3.721146909380107
2015-03-27,41.845646,-71.609508,6.025770898498719
2015-03-28,41.845646,-71.609508,0.4350464124362941
2015-03-29,41.845646,-71.609508,0.00044077872867009444
2015-03-30,41.845646,-71.609508,0.5502532854848728
2015-03-31,41.845646,-71.609508,0.1324631714087802
2015-04-01,41.845646,-71.609508,0.001057868988216919
2015-04-02,41.845646,-71.609508,0.01525480073602202
2015-04-03,41.845646,-71.609508,12.932348388383213
2015-04-04,41.845646,-71.609508,3.7530104666559256
2015-04-05,41.845646,-71.609508,0.2622803320815987
2015-04-06,41.845646,-71.609508,1.1104982946776658
2015-04-07,41.845646,-71.609508,4.309013702007708
2015-04-08,41.845646,-71.609508,0.21388921437242486
2015-04-09,41.845646,-71.609508,11.57071252454203
2015-04-10,41.845646,-71.609508,7.442715480377411
2015-04-11,41.845646,-71.609508,0.2022691418213546
2015-04-12,41.845646,-71.609508,0.0
2015-04-13,41.845646,-71.609508,0.0
2015-04-14,41.845646,-71.609508,1.5207815129802298
2015-04-15,41.845646,-71.609508,0.025388480408016056
2015-04-16,41.845646,-71.609508,0.0
2015-04-17,41.845646,-71.609508,8.159332493143626
2015-04-18,41.845646,-71.609508,0.0
2015-04-19,41.845646,-71.609508,0.0
2015-04-20,41.845646,-71.609508,11.213656697988077
2015-04-21,41.845646,-71.609508,4.555434054162608
2015-04-22,41.845646,-71.609508,1.2026470230634998
2015-04-23,41.845646,-71.609508,1.5423203765342857
2015-04-24,41.845646,-71.609508,0.0
2015-04-25,41.845646,-71.609508,0.0
2015-04-26,41.845646,-71.609508,0.0
2015-04-27,41.845646,-71.609508,0.006250432911423524
2015-04-28,41.845646,-71.609508,0.0
2015-04-29,41.845646,-71.609508,0.029226121981366746
2015-04-30,41.845646,-71.609508,0.0
2015-05-01,41.845646,-71.609508,0.0
2015-05-02,41.845646,-71.609508,0.0
2015-05-03,41.845646,-71.609508,0.0
2015-05-04,41.845646,-71.609508,0.0
2015-05-05,41.845646,-71.609508,0.13311340770866834
2015-05-06,41.845646,-71.609508,0.37989466504637576
2015-05-07,41.845646,-71.609508,0.0
2015-05-08,41.845646,-71.609508,0.0
2015-05-09,41.845646,-71.609508,0.0
2015-05-10,41.845646,-71.609508,0.0
2015-05-11,41.845646,-71.609508,0.0
2015-05-12,41.845646,-71.609508,0.013925878123157504
2015-05-13,41.845646,-71.609508,0.0
2015-05-14,41.845646,-71.609508,0.0
2015-05-15,41.845646,-71.609508,0.2980215484539978
2015-05-16,41.845646,-71.609508,0.004793137275208911
2015-05-17,41.845646,-71.609508,1.5061035094333621
2015-05-18,41.845646,-71.609508,0.0
2015-05-19,41.845646,-71.609508,5.92646571954155
2015-05-20,41.845646,-71.609508,13.24230436810158
2015-05-21,41.845646,-71.609508,0.011989181209646899
2015-05-22,41.845646,-71.609508,0.5501242744789379
2015-05-23,41.845646,-71.609508,0.0
2015-05-24,41.845646,-71.609508,0.0
2015-05-25,41.845646,-71.609508,0.047791752927232624
2015-05-26,41.845646,-71.609508,0.2105633988569367
2015-05-27,41.845646,-71.609508,0.021550909598318745
2015-05-28,41.845646,-71.609508,0.10555178347995874
2015-05-29,41.845646,-71.609508,0.0021128628922872966
2015-05-30,41.845646,-71.609508,0.0
2015-05-31,41.845646,-71.609508,31.634633892202327
2015-06-01,41.845646,-71.609508,9.407923951741463
2015-06-02,41.845646,-71.609508,13.296827192335208
2015-06-03,41.845646,-71.609508,0.0002644672470542298
2015-06-04,41.845646,-71.609508,0.0
2015-06-05,41.845646,-71.609508,0.951367239331179
2015-06-06,41.845646,-71.609508,0.3523449824240431
2015-06-07,41.845646,-71.609508,0.0
2015-06-08,41.845646,-71.609508,0.6336098441332493
2015-06-09,41.845646,-71.609508,0.5180817555374924
2015-06-10,41.845646,-71.609508,0.0
2015-06-11,41.845646,-71.609508,1.8332247008072993
2015-06-12,41.845646,-71.609508,0.9531368059765646
2015-06-13,41.845646,-71.609508,0.09121874880442794
2015-06-14,41.845646,-71.609508,0.00038863273834884607
2015-06-15,41.845646,-71.609508,33.47277891752253
2015-06-16,41.845646,-71.609508,0.3593743472899714
2015-06-17,41.845646,-71.609508,1.8625507468777323
2015-06-18,41.845646,-71.609508,0.1371423051644023
2015-06-19,41.845646,-71.609508,0.12773476622530155
2015-06-20,41.845646,-71.609508,0.0024654862490704164
2015-06-21,41.845646,-71.609508,16.352259836942526
2015-06-22,41.845646,-71.609508,0.0
2015-06-23,41.845646,-71.609508,6.596238277811596
2015-06-24,41.845646,-71.609508,2.843246976802668
2015-06-25,41.845646,-71.609508,0.23037617221035533
2015-06-26,41.845646,-71.609508,0.2687352797203179
2015-06-27,41.845646,-71.609508,6.991900390483531
2015-06-28,41.845646,-71.609508,31.9950667621051
2015-06-29,41.845646,-71.609508,0.0
2015-06-30,41.845646,-71.609508,0.0
2015-07-01,41.845646,-71.609508,12.664909065603561
2015-07-02,41.845646,-71.609508,0.0
2015-07-03,41.845646,-71.609508,2.9726323851403094
2015-07-04,41.845646,-71.609508,0.6546703596854131
2015-07-05,41.845646,-71.609508,0.0
2015-07-06,41.845646,-71.609508,0.0
2015-07-07,41.845646,-71.609508,0.0
2015-07-08,41.845646,-71.609508,3.9142353891824864
2015-07-09,41.845646,-71.609508,0.13832661006558478
2015-07-10,41.845646,-71.609508,6.445504671744143
2015-07-11,41.845646,-71.609508,0.0
2015-07-12,41.845646,-71.609508,0.0
2015-07-13,41.845646,-71.609508,0.31553647627109727
2015-07-14,41.845646,-71.609508,3.0641978938535246
2015-07-15,41.845646,-71.609508,4.961740878783116
2015-07-16,41.845646,-71.609508,0.09460691270481905
2015-07-17,41.845646,-71.609508,0.0
2015-07-18,41.845646,-71.609508,2.3980437470344027
2015-07-19,41.845646,-71.609508,0.1896564044161932
2015-07-20,41.845646,-71.609508,1.2853689232005134
2015-07-21,41.845646,-71.609508,1.087840176572422
2015-07-22,41.845646,-71.609508,5.79061402618124
2015-07-23,41.845646,-71.609508,0.0
2015-07-24,41.845646,-71.609508,8.577471818429093
2015-07-25,41.845646,-71.609508,0.21214413803839752
2015-07-26,41.845646,-71.609508,1.2995024401163928
2015-07-27,41.845646,-71.609508,7.528910538006088
2015-07-28,41.845646,-71.609508,0.008991886432684396
2015-07-29,41.845646,-71.609508,0.0
2015-07-30,41.845646,-71.609508,7.557149278283612
2015-07-31,41.845646,-71.609508,1.2555388841829769
2015-08-01,41.845646,-71.609508,0.01057868948808229
2015-08-02,41.845646,-71.609508,0.0
2015-08-03,41.845646,-71.609508,0.0
2015-08-04,41.845646,-71.609508,22.721592860582998
2015-08-05,41.845646,-71.609508,0.0
2015-08-06,41.845646,-71.609508,0.0
2015-08-07,41.845646,-71.609508,0.0
2015-08-08,41.845646,-71.609508,0.0
2015-08-09,41.845646,-71.609508,0.42772542326394913
2015-08-10,41.845646,-71.609508,0.0
2015-08-11,41.845646,-71.609508,41.59780289138434
2015-08-12,41.845646,-71.609508,0.17618100844599432
2015-08-13,41.845646,-71.609508,0.0
2015-08-14,41.845646,-71.609508,0.0
2015-08-15,41.845646,-71.609508,0.0
2015-08-16,41.845646,-71.609508,7.61776280666017
2015-08-17,41.845646,-71.609508,0.0
2015-08-18,41.845646,-71.609508,0.0
2015-08-19,41.845646,-71.609508,0.0
2015-08-20,41.845646,-71.609508,0.0
2015-08-21,41.845646,-71.609508,1.0747705323581898
2015-08-22,41.845646,-71.609508,0.0
2015-08-23,41.845646,-71.609508,0.08043693585524546
2015-08-24,41.845646,-71.609508,0.0
2015-08-25,41.845646,-71.609508,0.0
2015-08-26,41.845646,-71.609508,0.0
2015-08-27,41.845646,-71.609508,0.0
2015-08-28,41.845646,-71.609508,0.0
2015-08-29,41.845646,-71.609508,0.0
2015-08-30,41.845646,-71.609508,0.0018512708443216253
2015-08-31,41.845646,-71.609508,0.09806503959282364
2015-09-01,41.845646,-71.609508,0.0
2015-09-02,41.845646,-71.609508,0.0
2015-09-03,41.845646,-71.609508,0.0
2015-09-04,41.845646,-71.609508,0.14462622862228294
2015-09-05,41.845646,-71.609508,0.0
2015-09-06,41.845646,-71.609508,0.0
2015-09-07,41.845646,-71.609508,0.0
2015-09-08,41.845646,-71.609508,0.0
2015-09-09,41.845646,-71.609508,0.0
2015-09-10,41.845646,-71.609508,21.4094421152524
2015-09-11,41.845646,-71.609508,13.462004406366091
2015-09-12,41.845646,-71.609508,0.0
2015-09-13,41.845646,-71.609508,15.452636451855064
2015-09-14,41.845646,-71.609508,0.0
2015-09-15,41.845646,-71.609508,0.0
2015-09-16,41.845646,-71.609508,0.0
2015-09-17,41.845646,-71.609508,0.0044901930480491115
2015-09-18,41.845646,-71.609508,0.0
2015-09-19,41.845646,-71.609508,0.0
2015-09-20,41.845646,-71.609508,0.0
2015-09-21,41.845646,-71.609508,0.0
2015-09-22,41.845646,-71.609508,0.3152724803911231
2015-09-23,41.845646,-71.609508,0.15606239894730223
2015-09-24,41.845646,-71.609508,0.0
2015-09-25,41.845646,-71.609508,0.0
2015-09-26,41.845646,-71.609508,0.0
2015-09-27,41.845646,-71.609508,0.0
2015-09-28,41.845646,-71.609508,0.0
2015-09-29,41.845646,-71.609508,0.004520823994954199
2015-09-30,41.845646,-71.609508,61.63236744665876
2015-10-01,41.845646,-71.609508,2.1702644836044733
2015-10-02,41.845646,-71.609508,27.44940119390065
2015-10-03,41.845646,-71.609508,5.990385875179009
2015-10-04,41.845646,-71.609508,0.0
2015-10-05,41.845646,-71.609508,0.0
2015-10-06,41.845646,-71.609508,0.0
2015-10-07,41.845646,-71.609508,0.0006998672209026584
2015-10-08,41.845646,-71.609508,0.07398945991012656
2015-10-09,41.845646,-71.609508,2.851824703931177
2015-10-10,41.845646,-71.609508,0.2745831700899049
2015-10-11,41.845646,-71.609508,0.0
2015-10-12,41.845646,-71.609508,0.0
2015-10-13,41.845646,-71.609508,5.577000769517845
2015-10-14,41.845646,-71.609508,0.0012954424129038257
2015-10-15,41.845646,-71.609508,0.0
2015-10-16,41.845646,-71.609508,0.006718851287358076
2015-10-17,41.845646,-71.609508,0.0
2015-10-18,41.845646,-71.609508,0.0
2015-10-19,41.845646,-71.609508,0.0
2015-10-20,41.845646,-71.609508,0.010561952639836588
2015-10-21,41.845646,-71.609508,0.6653412542949869
2015-10-22,41.845646,-71.609508,0.008774149885176837
2015-10-23,41.845646,-71.609508,0.006264811531300399
2015-10-24,41.845646,-71.609508,0.0
2015-10-25,41.845646,-71.609508,4.304922388996241
2015-10-26,41.845646,-71.609508,0.0
2015-10-27,41.845646,-71.609508,0.00017631149803615318
2015-10-28,41.845646,-71.609508,6.151039744796287
2015-10-29,41.845646,-71.609508,15.319577044458514
2015-10-30,41.845646,-71.609508,0.0
2015-10-31,41.845646,-71.609508,8.815574901807659e-05
2015-11-01,41.845646,-71.609508,6.525572254548459
2015-11-02,41.845646,-71.609508,0.0
2015-11-03,41.845646,-71.609508,0.0
2015-11-04,41.845646,-71.609508,0.0
2015-11-05,41.845646,-71.609508,0.0
2015-11-06,41.845646,-71.609508,0.006074121429807659
2015-11-07,41.845646,-71.609508,0.1095940380313717
2015-11-08,41.845646,-71.609508,0.0011766557005603725
2015-11-09,41.845646,-71.609508,0.0
2015-11-10,41.845646,-71.609508,15.743039605735717
2015-11-11,41.845646,-71.609508,1.9566646444997438
2015-11-12,41.845646,-71.609508,1.0722729991549982
2015-11-13,41.845646,-71.609508,0.005168545201406112
2015-11-14,41.845646,-71.609508,0.0
2015-11-15,41.845646,-71.609508,0.0
2015-11-16,41.845646,-71.609508,0.00035262299607230637
2015-11-17,41.845646,-71.609508,0.0
2015-11-18,41.845646,-71.609508,0.0
2015-11-19,41.845646,-71.609508,0.76773185877376
2015-11-20,41.845646,-71.609508,23.494064327653543
2015-11-21,41.845646,-71.609508,0.0
2015-11-22,41.845646,-71.609508,18.500154254075817
2015-11-23,41.845646,-71.609508,11.860175318136271
2015-11-24,41.845646,-71.609508,0.0
2015-11-25,41.845646,-71.609508,0.0
2015-11-26,41.845646,-71.609508,0.0
2015-11-27,41.845646,-71.609508,0.0
2015-11-28,41.845646,-71.609508,5.007725430239029
2015-11-29,41.845646,-71.609508,8.815574901807659e-05
2015-11-30,41.845646,-71.609508,0.0
2015-12-01,41.845646,-71.609508,7.14149034270422
2015-12-02,41.845646,-71.609508,9.4287745405675
2015-12-03,41.845646,-71.609508,3.129558379862786
2015-12-04,41.845646,-71.609508,0.0
2015-12-05,41.845646,-71.609508,0.0
2015-12-06,41.845646,-71.609508,0.0
2015-12-07,41.845646,-71.609508,0.0
2015-12-08,41.845646,-71.609508,0.12219178258651041
2015-12-09,41.845646,-71.609508,0.0
2015-12-10,41.845646,-71.609508,0.006074121429807659
2015-12-11,41.845646,-71.609508,0.00202470714326922
2015-12-12,41.845646,-71.609508,0.2670683053696238
2015-12-13,41.845646,-71.609508,0.016395781714249335
2015-12-14,41.845646,-71.609508,0.018146199585010445
2015-12-15,41.845646,-71.609508,9.579863421007332
2015-12-16,41.845646,-71.609508,0.0
2015-12-17,41.845646,-71.609508,29.617261948969567
2015-12-18,41.845646,-71.609508,2.702706433354128
2015-12-19,41.845646,-71.609508,0.0
2015-12-20,41.845646,-71.609508,0.0
2015-12-21,41.845646,-71.609508,2.0943468988542864
2015-12-22,41.845646,-71.609508,10.607149086219838
2015-12-23,41.845646,-71.609508,12.815189504938347
2015-12-24,41.845646,-71.609508,33.12508296273921
2015-12-25,41.845646,-71.609508,1.3843763316305897
2015-12-26,41.845646,-71.609508,1.4304733181031237
2015-12-27,41.845646,-71.609508,5.278668018123636
2015-12-28,41.845646,-71.609508,2.372139485450641
2015-12-29,41.845646,-71.609508,27.242417607861068
2015-12-30,41.845646,-71.609508,0.0
2015-12-31,41.845646,-71.609508,10.786980865970458
2016-01-01,41.845646,-71.609508,0.02748479872905666
2016-01-02,41.845646,-71.609508,0.0
2016-01-03,41.845646,-71.609508,0.0
2016-01-04,41.845646,-71.609508,0.0
2016-01-05,41.845646,-71.609508,0.0
2016-01-06,41.845646,-71.609508,0.0
2016-01-07,41.845646,-71.609508,0.0
2016-01-08,41.845646,-71.609508,0.0
2016-01-09,41.845646,-71.609508,0.0
2016-01-10,41.845646,-71.609508,58.787381477677
2016-01-11,41.845646,-71.609508,0.0
2016-01-12,41.845646,-71.609508,0.8360651121549948
2016-01-13,41.845646,-71.609508,0.00044077872867009444
2016-01-14,41.845646,-71.609508,0.030200045507845268
2016-01-15,41.845646,-71.609508,0.00025908849223256405
2016-01-16,41.845646,-71.609508,36.65083337455557
2016-01-17,41.845646,-71.609508,1.8680987991055156
2016-01-18,41.845646,-71.609508,0.0
2016-01-19,41.845646,-71.609508,0.0
2016-01-20,41.845646,-71.609508,0.0
2016-01-21,41.845646,-71.609508,0.0
2016-01-22,41.845646,-71.609508,0.0
2016-01-23,41.845646,-71.609508,8.266471440662148
2016-01-24,41.845646,-71.609508,0.4460634495489095
2016-01-25,41.845646,-71.609508,0.0
2016-01-26,41.845646,-71.609508,0.16055268460795963
2016-01-27,41.845646,-71.609508,0.07690229819391674
2016-01-28,41.845646,-71.609508,0.0
2016-01-29,41.845646,-71.609508,0.0
2016-01-30,41.845646,-71.609508,0.0
2016-01-31,41.845646,-71.609508,0.010919811033130921
2016-02-01,41.845646,-71.609508,0.2414537726712116
2016-02-02,41.845646,-71.609508,0.0
2016-02-03,41.845646,-71.609508,11.515252417980145
2016-02-04,41.845646,-71.609508,17.348589822374727
2016-02-05,41.845646,-71.609508,51.669760680422996
2016-02-06,41.845646,-71.609508,0.0
2016-02-07,41.845646,-71.609508,0.0
2016-02-08,41.845646,-71.609508,13.332221120522872
2016-02-09,41.845646,-71.609508,0.08848267336189358
2016-02-10,41.845646,-71.609508,0.0
2016-02-11,41.845646,-71.609508,0.0
2016-02-12,41.845646,-71.609508,0.0
2016-02-13,41.845646,-71.609508,0.019365513221089804
2016-02-14,41.845646,-71.609508,0.0
2016-02-15,41.845646,-71.609508,0.4952676380225085
2016-02-16,41.845646,-71.609508,23.191582106565235
2016-02-17,41.845646,-71.609508,0.0898862711811514
2016-02-18,41.845646,-71.609508,0.0
2016-02-19,41.845646,-71.609508,0.0
2016-02-20,41.845646,-71.609508,0.1927276809358383
2016-02-21,41.845646,-71.609508,0.0
2016-02-22,41.845646,-71.609508,0.1126611465080942
2016-02-23,41.845646,-71.609508,0.8841908346630483
2016-02-24,41.845646,-71.609508,8.270579783220473
2016-02-25,41.845646,-71.609508,30.31253934256978
2016-02-26,41.845646,-71.609508,0.0
2016-02-27,41.845646,-71.609508,0.0
2016-02-28,41.845646,-71.609508,0.01930010637061113
2016-02-29,41.845646,-71.609508,2.3847795490111228
2016-03-01,41.845646,-71.609508,0.0
2016-03-02,41.845646,-71.609508,11.920777375780482
2016-03-03,41.845646,-71.609508,0.0
2016-03-04,41.845646,-71.609508,0.09168412332050101
2016-03-05,41.845646,-71.609508,0.0
2016-03-06,41.845646,-71.609508,0.0
2016-03-07,41.845646,-71.609508,0.0956459942990475
2016-03-08,41.845646,-71.609508,0.058359084442983045
2016-03-09,41.845646,-71.609508,0.0054909086302023
2016-03-10,41.845646,-71.609508,6.518067449653283
2016-03-11,41.845646,-71.609508,9.703619713313797
2016-03-12,41.845646,-71.609508,0.0
2016-03-13,41.845646,-71.609508,0.00012954424611628202
2016-03-14,41.845646,-71.609508,13.810568756428694
2016-03-15,41.845646,-71.609508,2.9333448714299326
2016-03-16,41.845646,-71.609508,0.0
2016-03-17,41.845646,-71.609508,7.477441583961902
2016-03-18,41.845646,-71.609508,0.007246029011230913
2016-03-19,41.845646,-71.609508,0.0
2016-03-20,41.845646,-71.609508,0.0
2016-03-21,41.845646,-71.609508,1.3820116254428498
2016-03-22,41.845646,-71.609508,0.0
2016-03-23,41.845646,-71.609508,9.898013062194861
2016-03-24,41.845646,-71.609508,0.0
2016-03-25,41.845646,-71.609508,0.5689113266677785
2016-03-26,41.845646,-71.609508,0.0
2016-03-27,41.845646,-71.609508,0.0
2016-03-28,41.845646,-71.609508,21.431219963048555
2016-03-29,41.845646,-71.609508,0.001684075175382169
2016-03-30,41.845646,-71.609508,0.0
2016-03-31,41.845646,-71.609508,0.0
2016-04-01,41.845646,-71.609508,0.794254916400041
2016-04-02,41.845646,-71.609508,13.206110280354801
2016-04-03,41.845646,-71.609508,3.2851131185391593
2016-04-04,41.845646,-71.609508,1.303730676800591
2016-04-05,41.845646,-71.609508,0.0
2016-04-06,41.845646,-71.609508,0.06501564780865905
2016-04-07,41.845646,-71.609508,34.73207787437927
2016-04-08,41.845646,-71.609508,0.07275577192091665
2016-04-09,41.845646,-71.609508,0.0
2016-04-10,41.845646,-71.609508,0.009652755535231941
2016-04-11,41.845646,-71.609508,0.09119293455910192
2016-04-12,41.845646,-71.609508,7.712506609109006
2016-04-13,41.845646,-71.609508,0.0
2016-04-14,41.845646,-71.609508,0.002337175184914742
2016-04-15,41.845646,-71.609508,0.0
2016-04-16,41.845646,-71.609508,0.0
2016-04-17,41.845646,-71.609508,0.0
2016-04-18,41.845646,-71.609508,0.0
2016-04-19,41.845646,-71.609508,0.6227204398331614
2016-04-20,41.845646,-71.609508,0.0
2016-04-21,41.845646,-71.609508,0.0
2016-04-22,41.845646,-71.609508,0.07343956343137878
2016-04-23,41.845646,-71.609508,14.042276310230074
2016-04-24,41.845646,-71.609508,0.0
2016-04-25,41.845646,-71.609508,0.04511818369030099
2016-04-26,41.845646,-71.609508,4.45015999695659
2016-04-27,41.845646,-71.609508,0.029517202175117246
2016-04-28,41.845646,-71.609508,0.008549920002379665
2016-04-29,41.845646,-71.609508,1.9079289356117397
2016-04-30,41.845646,-71.609508,0.19959640218158464
2016-05-01,41.845646,-71.609508,2.203737825258258
2016-05-02,41.845646,-71.609508,2.4615875023117764
2016-05-03,41.845646,-71.609508,11.866878915404701
2016-05-04,41.845646,-71.609508,5.023897295729797
2016-05-05,41.845646,-71.609508,5.1240500662234485
2016-05-06,41.845646,-71.609508,0.31914707537649656
2016-05-07,41.845646,-71.609508,0.14737604139802707
2016-05-08,41.845646,-71.609508,2.040178049480319
2016-05-09,41.845646,-71.609508,0.0
2016-05-10,41.845646,-71.609508,0.014232965337992447
2016-05-11,41.845646,-71.609508,0.0
2016-05-12,41.845646,-71.609508,0.0
2016-05-13,41.845646,-71.609508,6.819564819956298
2016-05-14,41.845646,-71.609508,7.233250670740494
2016-05-15,41.845646,-71.609508,1.4935585589829785
2016-05-16,41.845646,-71.609508,0.0
2016-05-17,41.845646,-71.609508,0.4933497883573346
2016-05-18,41.845646,-71.609508,0.0006477212064519128
2016-05-19,41.845646,-71.609508,0.003349918495527493
2016-05-20,41.845646,-71.609508,0.1780906157499681
2016-05-21,41.845646,-71.609508,0.6734374415459666
2016-05-22,41.845646,-71.609508,5.711485473660828
2016-05-23,41.845646,-71.609508,0.001057868988216919
2016-05-24,41.845646,-71.609508,5.280960461993334
2016-05-25,41.845646,-71.609508,0.0
2016-05-26,41.845646,-71.609508,0.23231403891772429
2016-05-27,41.845646,-71.609508,0.0015545309533953843
2016-05-28,41.845646,-71.609508,0.00035262299607230637
2016-05-29,41.845646,-71.609508,0.0
2016-05-30,41.845646,-71.609508,19.380136153756904
2016-05-31,41.845646,-71.609508,0.7770251899896123
2016-06-01,41.845646,-71.609508,0.0
2016-06-02,41.845646,-71.609508,0.0
2016-06-03,41.845646,-71.609508,2.7199527372724326
2016-06-04,41.845646,-71.609508,0.0
2016-06-05,41.845646,-71.609508,5.919078551349994
2016-06-06,41.845646,-71.609508,2.1433337814853783
2016-06-07,41.845646,-71.609508,0.126476601019199
2016-06-08,41.845646,-71.609508,1.186028679365922
2016-06-09,41.845646,-71.609508,0.0
2016-06-10,41.845646,-71.609508,0.307118961623383
2016-06-11,41.845646,-71.609508,3.1694933631008397
2016-06-12,41.845646,-71.609508,0.0
2016-06-13,41.845646,-71.609508,0.008537245496567368
2016-06-14,41.845646,-71.609508,0.0
2016-06-15,41.845646,-71.609508,0.0
2016-06-16,41.845646,-71.609508,0.4586552887330514
2016-06-17,41.845646,-71.609508,0.0
2016-06-18,41.845646,-71.609508,0.0016749592477637465
2016-06-19,41.845646,-71.609508,0.0
2016-06-20,41.845646,-71.609508,0.0
2016-06-21,41.845646,-71.609508,9.83888827143675
2016-06-22,41.845646,-71.609508,0.0532781815586972
2016-06-23,41.845646,-71.609508,0.005691496997711578
2016-06-24,41.845646,-71.609508,0.0
2016-06-25,41.845646,-71.609508,0.0
2016-06-26,41.845646,-71.609508,0.0
2016-06-27,41.845646,-71.609508,0.16100410721913058
2016-06-28,41.845646,-71.609508,0.8790790735949918
2016-06-29,41.845646,-71.609508,0.43138102971481207
2016-06-30,41.845646,-71.609508,0.0
2016-07-01,41.845646,-71.609508,3.8426488793455214
2016-07-02,41.845646,-71.609508,7.390729303552564
2016-07-03,41.845646,-71.609508,0.0009068097469434713
2016-07-04,41.845646,-71.609508,0.011382993995423156
2016-07-05,41.845646,-71.609508,17.372063801717
2016-07-06,41.845646,-71.609508,0.0
2016-07-07,41.845646,-71.609508,6.390928050211501
2016-07-08,41.845646,-71.609508,0.0
2016-07-09,41.845646,-71.609508,0.0012341805190936494
2016-07-10,41.845646,-71.609508,1.319999407721916
2016-07-11,41.845646,-71.609508,0.0
2016-07-12,41.845646,-71.609508,0.0
2016-07-13,41.845646,-71.609508,0.0
2016-07-14,41.845646,-71.609508,1.7842740521199343
2016-07-15,41.845646,-71.609508,4.439071379238649
2016-07-16,41.845646,-71.609508,0.0
2016-07-17,41.845646,-71.609508,0.4115833606874596
2016-07-18,41.845646,-71.609508,3.91709357412455
2016-07-19,41.845646,-71.609508,0.08204151964109765
2016-07-20,41.845646,-71.609508,0.0
2016-07-21,41.845646,-71.609508,0.0
2016-07-22,41.845646,-71.609508,0.0
2016-07-23,41.845646,-71.609508,0.8634727800614947
2016-07-24,41.845646,-71.609508,0.15429132556606132
2016-07-25,41.845646,-71.609508,0.3741548779237109
2016-07-26,41.845646,-71.609508,2.8943911617537204
2016-07-27,41.845646,-71.609508,0.0
2016-07-28,41.845646,-71.609508,0.0
2016-07-29,41.845646,-71.609508,15.230935830049047
2016-07-30,41.845646,-71.609508,0.054411035604688775
2016-07-31,41.845646,-71.609508,3.9169975286621987
2016-08-01,41.845646,-71.609508,1.8307458802974657
2016-08-02,41.845646,-71.609508,16.909046384983373
2016-08-03,41.845646,-71.609508,0.0
2016-08-04,41.845646,-71.609508,0.0
2016-08-05,41.845646,-71.609508,0.0
2016-08-06,41.845646,-71.609508,1.153749440743269
2016-08-07,41.845646,-71.609508,0.0019953096820654785
2016-08-08,41.845646,-71.609508,0.0
2016-08-09,41.845646,-71.609508,0.0
2016-08-10,41.845646,-71.609508,7.52896868695561
2016-08-11,41.845646,-71.609508,0.010691496885952868
2016-08-12,41.845646,-71.609508,22.46317819134062
2016-08-13,41.845646,-71.609508,4.559331841664527
2016-08-14,41.845646,-71.609508,3.8709144160934135
2016-08-15,41.845646,-71.609508,0.006586919659451122
2016-08-16,41.845646,-71.609508,0.9714096008626706
2016-08-17,41.845646,-71.609508,2.4937106773444846
2016-08-18,41.845646,-71.609508,0.7138471075809045
2016-08-19,41.845646,-71.609508,0.0
2016-08-20,41.845646,-71.609508,0.0
2016-08-21,41.845646,-71.609508,0.0
2016-08-22,41.845646,-71.609508,8.51524680986931
2016-08-23,41.845646,-71.609508,0.0
2016-08-24,41.845646,-71.609508,0.0
2016-08-25,41.845646,-71.609508,0.0
2016-08-26,41.845646,-71.609508,0.0007052459921446127
2016-08-27,41.845646,-71.609508,0.0
2016-08-28,41.845646,-71.609508,0.0
2016-08-29,41.845646,-71.609508,0.003177344138449392
2016-08-30,41.845646,-71.609508,0.0
2016-08-31,41.845646,-71.609508,1.1968474351914324
2016-09-01,41.845646,-71.609508,23.040915870090014
2016-09-02,41.845646,-71.609508,0.0
2016-09-03,41.845646,-71.609508,8.815574901807659e-05
2016-09-04,41.845646,-71.609508,0.0
2016-09-05,41.845646,-71.609508,1.247838474840989
2016-09-06,41.845646,-71.609508,0.0683609310344002
2016-09-07,41.845646,-71.609508,0.0
2016-09-08,41.845646,-71.609508,0.0
2016-09-09,41.845646,-71.609508,0.8990826345437475
2016-09-10,41.845646,-71.609508,0.0
2016-09-11,41.845646,-71.609508,1.0229894573557128
2016-09-12,41.845646,-71.609508,0.0
2016-09-13,41.845646,-71.609508,0.0
2016-09-14,41.845646,-71.609508,1.6216396763940368
2016-09-15,41.845646,-71.609508,0.6272933485175078
2016-09-16,41.845646,-71.609508,0.0
2016-09-17,41.845646,-71.609508,0.0
2016-09-18,41.845646,-71.609508,1.550155605654246
2016-09-19,41.845646,-71.609508,26.18342484594459
2016-09-20,41.845646,-71.609508,0.45855697787057226
2016-09-21,41.845646,-71.609508,0.0
2016-09-22,41.845646,-71.609508,0.0028048476548525915
2016-09-23,41.845646,-71.609508,0.022765987990846313
2016-09-24,41.845646,-71.609508,0.21511218134969937
2016-09-25,41.845646,-71.609508,0.0
2016-09-26,41.845646,-71.609508,0.0
2016-09-27,41.845646,-71.609508,5.776227989339813
2016-09-28,41.845646,-71.609508,0.0
2016-09-29,41.845646,-71.609508,0.0
2016-09-30,41.845646,-71.609508,8.729886781137393
2016-10-01,41.845646,-71.609508,1.7900767701148157
2016-10-02,41.845646,-71.609508,0.06385210186731854
2016-10-03,41.845646,-71.609508,0.016921604042214475
2016-10-04,41.845646,-71.609508,0.013990777904932552
2016-10-05,41.845646,-71.609508,0.0
2016-10-06,41.845646,-71.609508,0.0
2016-10-07,41.845646,-71.609508,0.0
2016-10-08,41.845646,-71.609508,1.1725869854510031
2016-10-09,41.845646,-71.609508,68.02075683649517
2016-10-10,41.845646,-71.609508,0.19184100274004912
2016-10-11,41.845646,-71.609508,0.0
2016-10-12,41.845646,-71.609508,0.0
2016-10-13,41.845646,-71.609508,0.03864703135314233
2016-10-14,41.845646,-71.609508,0.0
2016-10-15,41.845646,-71.609508,0.0
2016-10-16,41.845646,-71.609508,0.0
2016-10-17,41.845646,-71.609508,0.8119829883923637
2016-10-18,41.845646,-71.609508,0.001700211471685872
2016-10-19,41.845646,-71.609508,0.0
2016-10-20,41.845646,-71.609508,0.0
2016-10-21,41.845646,-71.609508,9.658596156369159
2016-10-22,41.845646,-71.609508,13.488564138262358
2016-10-23,41.845646,-71.609508,1.0356309091632412
2016-10-24,41.845646,-71.609508,1.467984881052378
2016-10-25,41.845646,-71.609508,0.0
2016-10-26,41.845646,-71.609508,0.0
2016-10-27,41.845646,-71.609508,15.827918894983414
2016-10-28,41.845646,-71.609508,5.203858183427468
2016-10-29,41.845646,-71.609508,0.7841969874825121
2016-10-30,41.845646,-71.609508,4.049103814435803
2016-10-31,41.845646,-71.609508,2.2202645980439426
2016-11-01,41.845646,-71.609508,0.0
2016-11-02,41.845646,-71.609508,0.05018451266134531
2016-11-03,41.845646,-71.609508,0.23089959189308984
2016-11-04,41.845646,-71.609508,0.030933048346359147
2016-11-05,41.845646,-71.609508,0.0
2016-11-06,41.845646,-71.609508,0.7825408652305266
2016-11-07,41.845646,-71.609508,0.0
2016-11-08,41.845646,-71.609508,0.0
2016-11-09,41.845646,-71.609508,0.08215768625804706
2016-11-10,41.845646,-71.609508,0.16418078293016763
2016-11-11,41.845646,-71.609508,0.7891058929759457
2016-11-12,41.845646,-71.609508,0.0
2016-11-13,41.845646,-71.609508,0.0
2016-11-14,41.845646,-71.609508,0.0
2016-11-15,41.845646,-71.609508,38.35147891468417
2016-11-16,41.845646,-71.609508,0.0
2016-11-17,41.845646,-71.609508,0.0
2016-11-18,41.845646,-71.609508,0.0
2016-11-19,41.845646,-71.609508,0.0
2016-11-20,41.845646,-71.609508,0.09285348768652049
2016-11-21,41.845646,-71.609508,0.3632961177067008
2016-11-22,41.845646,-71.609508,0.002820983968578451
2016-11-23,41.845646,-71.609508,0.0
2016-11-24,41.845646,-71.609508,1.661514251604987
2016-11-25,41.845646,-71.609508,0.05036403448333014
2016-11-26,41.845646,-71.609508,0.0
2016-11-27,41.845646,-71.609508,0.0
2016-11-28,41.845646,-71.609508,0.0
2016-11-29,41.845646,-71.609508,41.16346859529313
2016-11-30,41.845646,-71.609508,18.865374687631345
2016-12-01,41.845646,-71.609508,6.78087220086716
2016-12-02,41.845646,-71.609508,0.0
2016-12-03,41.845646,-71.609508,0.0
2016-12-04,41.845646,-71.609508,0.0
2016-12-05,41.845646,-71.609508,3.1843843457114387
2016-12-06,41.845646,-71.609508,0.0
2016-12-07,41.845646,-71.609508,2.5479564380236277
2016-12-08,41.845646,-71.609508,0.0
2016-12-09,41.845646,-71.609508,0.0
2016-12-10,41.845646,-71.609508,0.0
2016-12-11,41.845646,-71.609508,0.0
2016-12-12,41.845646,-71.609508,15.13725359342982
2016-12-13,41.845646,-71.609508,0.0
2016-12-14,41.845646,-71.609508,0.0
2016-12-15,41.845646,-71.609508,0.0
2016-12-16,41.845646,-71.609508,0.0
2016-12-17,41.845646,-71.609508,15.284537022909344
2016-12-18,41.845646,-71.609508,16.134343331211934
2016-12-19,41.845646,-71.609508,0.44853955209744045
2016-12-20,41.845646,-71.609508,0.0
2016-12-21,41.845646,-71.609508,0.0
2016-12-22,41.845646,-71.609508,0.1942834687198023
2016-12-23,41.845646,-71.609508,0.0
2016-12-24,41.845646,-71.609508,19.60246513159661
2016-12-25,41.845646,-71.609508,0.0
2016-12-26,41.845646,-71.609508,0.005691496997711578
2016-12-27,41.845646,-71.609508,5.117911012865996
2016-12-28,41.845646,-71.609508,0.0
2016-12-29,41.845646,-71.609508,17.433075176627916
2016-12-30,41.845646,-71.609508,0.0
2016-12-31,41.845646,-71.609508,0.9325080074933643
2017-01-01,41.845646,-71.609508,12.09957470171095
2017-01-02,41.845646,-71.609508,0.025876856452163262
2017-01-03,41.845646,-71.609508,30.25256126131523
2017-01-04,41.845646,-71.609508,4.6175143652508
2017-01-05,41.845646,-71.609508,0.0
2017-01-06,41.845646,-71.609508,0.2571088151882861
2017-01-07,41.845646,-71.609508,1.7980485671435422
2017-01-08,41.845646,-71.609508,0.0002644672470542298
2017-01-09,41.845646,-71.609508,0.0
2017-01-10,41.845646,-71.609508,0.010200933595010031
2017-01-11,41.845646,-71.609508,12.434752050676579
2017-01-12,41.845646,-71.609508,27.0299939183278
2017-01-13,41.845646,-71.609508,5.425671982017251
2017-01-14,41.845646,-71.609508,0.0
2017-01-15,41.845646,-71.609508,0.0
2017-01-16,41.845646,-71.609508,0.0
2017-01-17,41.845646,-71.609508,3.1618894475585972
2017-01-18,41.845646,-71.609508,1.965953536680396
2017-01-19,41.845646,-71.609508,0.05454185074848938
2017-01-20,41.845646,-71.609508,0.0
2017-01-21,41.845646,-71.609508,0.0
2017-01-22,41.845646,-71.609508,0.00043539999026871723
2017-01-23,41.845646,-71.609508,2.1319471586113456
2017-01-24,41.845646,-71.609508,43.33743303155426
2017-01-25,41.845646,-71.609508,8.391122067851994
2017-01-26,41.845646,-71.609508,0.27140537988930774
2017-01-27,41.845646,-71.609508,0.00404941428653844
2017-01-28,41.845646,-71.609508,0.0
2017-01-29,41.845646,-71.609508,0.0
2017-01-30,41.845646,-71.609508,0.0
2017-01-31,41.845646,-71.609508,0.11001075658719486
2017-02-01,41.845646,-71.609508,0.0
2017-02-02,41.845646,-71.609508,1.1244820700037976
2017-02-03,41.845646,-71.609508,0.09390969781193115
2017-02-04,41.845646,-71.609508,0.0
2017-02-05,41.845646,-71.609508,0.0
2017-02-06,41.845646,-71.609508,0.554746784037313
2017-02-07,41.845646,-71.609508,6.852098345918709
2017-02-08,41.845646,-71.609508,5.1606300049676825
2017-02-09,41.845646,-71.609508,27.21638791143333
2017-02-10,41.845646,-71.609508,1.2967063301796329
2017-02-11,41.845646,-71.609508,2.7020259930752517
2017-02-12,41.845646,-71.609508,15.549446790873857
2017-02-13,41.845646,-71.609508,0.0
2017-02-14,41.845646,-71.609508,0.0
2017-02-15,41.845646,-71.609508,0.007513566226485354
2017-02-16,41.845646,-71.609508,0.0
2017-02-17,41.845646,-71.609508,0.0
2017-02-18,41.845646,-71.609508,0.0
2017-02-19,41.845646,-71.609508,0.02261882961108283
2017-02-20,41.845646,-71.609508,0.0
2017-02-21,41.845646,-71.609508,0.014735532417669643
2017-02-22,41.845646,-71.609508,2.059109089812347
2017-02-23,41.845646,-71.609508,0.0
2017-02-24,41.845646,-71.609508,0.004495943216342198
2017-02-25,41.845646,-71.609508,0.0
2017-02-26,41.845646,-71.609508,6.637341405961346
2017-02-27,41.845646,-71.609508,0.0
2017-02-28,41.845646,-71.609508,0.21078038289757
2017-03-01,41.845646,-71.609508,8.958300231933002
2017-03-02,41.845646,-71.609508,0.0
2017-03-03,41.845646,-71.609508,0.0
2017-03-04,41.845646,-71.609508,0.0
2017-03-05,41.845646,-71.609508,0.00025908849223256405
2017-03-06,41.845646,-71.609508,0.0
2017-03-07,41.845646,-71.609508,4.09828072020414
2017-03-08,41.845646,-71.609508,17.736778826502956
2017-03-09,41.845646,-71.609508,0.0
2017-03-10,41.845646,-71.609508,1.2096883668063532
2017-03-11,41.845646,-71.609508,0.0
2017-03-12,41.845646,-71.609508,0.0
2017-03-13,41.845646,-71.609508,0.0
2017-03-14,41.845646,-71.609508,27.20655203749037
2017-03-15,41.845646,-71.609508,0.0
2017-03-16,41.845646,-71.609508,0.0
2017-03-17,41.845646,-71.609508,0.0
2017-03-18,41.845646,-71.609508,0.014080612342214036
2017-03-19,41.845646,-71.609508,0.0
2017-03-20,41.845646,-71.609508,0.12029870878938455
2017-03-21,41.845646,-71.609508,0.4666305046873209
2017-03-22,41.845646,-71.609508,0.0
2017-03-23,41.845646,-71.609508,0.0
2017-03-24,41.845646,-71.609508,8.205811777016917
2017-03-25,41.845646,-71.609508,4.731841243872248
2017-03-26,41.845646,-71.609508,0.33433789135841363
2017-03-27,41.845646,-71.609508,12.635187209828194
2017-03-28,41.845646,-71.609508,6.634026093916046
2017-03-29,41.845646,-71.609508,8.693234389263047
2017-03-30,41.845646,-71.609508,0.0
2017-03-31,41.845646,-71.609508,9.66759873603753
2017-04-01,41.845646,-71.609508,33.15787019762383
2017-04-02,41.845646,-71.609508,8.815574901807659e-05
2017-04-03,41.845646,-71.609508,0.00035262299607230637
2017-04-04,41.845646,-71.609508,30.799681628791504
2017-04-05,41.845646,-71.609508,0.4624456521131552
2017-04-06,41.845646,-71.609508,23.457181769946963
2017-04-07,41.845646,-71.609508,8.815574901807659e-05
2017-04-08,41.845646,-71.609508,0.2866736908418651
2017-04-09,41.845646,-71.609508,0.0
2017-04-10,41.845646,-71.609508,0.6215105493485455
2017-04-11,41.845646,-71.609508,0.0014518805634888708
2017-04-12,41.845646,-71.609508,0.0020474556482572297
2017-04-13,41.845646,-71.609508,0.01467374406666254
2017-04-14,41.845646,-71.609508,0.0
2017-04-15,41.845646,-71.609508,0.5023978668663105
2017-04-16,41.845646,-71.609508,2.7752434077090706
2017-04-17,41.845646,-71.609508,3.177972694050315
2017-04-18,41.845646,-71.609508,0.1088834491588366
2017-04-19,41.845646,-71.609508,0.9429234787831574
2017-04-20,41.845646,-71.609508,1.0834112660712205
2017-04-21,41.845646,-71.609508,6.1104005753664214
2017-04-22,41.845646,-71.609508,4.836606403252521
2017-04-23,41.845646,-71.609508,0.23917914165620519
2017-04-24,41.845646,-71.609508,0.5586088852734893
2017-04-25,41.845646,-71.609508,18.748593631632716
2017-04-26,41.845646,-71.609508,14.756377454118212
2017-04-27,41.845646,-71.609508,0.0
2017-04-28,41.845646,-71.609508,3.8901274491868474
2017-04-29,41.845646,-71.609508,1.389427801651943
2017-04-30,41.845646,-71.609508,1.1153077345282156
2017-05-01,41.845646,-71.609508,0.09328034058417412
2017-05-02,41.845646,-71.609508,11.735444895594284
2017-05-03,41.845646,-71.609508,0.0
2017-05-04,41.845646,-71.609508,0.0
2017-05-05,41.845646,-71.609508,29.036850822656923
2017-05-06,41.845646,-71.609508,16.216845545577662
2017-05-07,41.845646,-71.609508,1.0620657871018462
2017-05-08,41.845646,-71.609508,0.0
2017-05-09,41.845646,-71.609508,1.0529651186255995
2017-05-10,41.845646,-71.609508,0.2089996246587361
2017-05-11,41.845646,-71.609508,0.0
2017-05-12,41.845646,-71.609508,0.0
2017-05-13,41.845646,-71.609508,4.788623673834954
2017-05-14,41.845646,-71.609508,13.488515206817738
2017-05-15,41.845646,-71.609508,5.8278767813823436
2017-05-16,41.845646,-71.609508,0.0
2017-05-17,41.845646,-71.609508,0.15268672145601542
2017-05-18,41.845646,-71.609508,0.0
2017-05-19,41.845646,-71.609508,4.615554132430245
2017-05-20,41.845646,-71.609508,0.0017829884504638658
2017-05-21,41.845646,-71.609508,0.0
2017-05-22,41.845646,-71.609508,11.597766029144132
2017-05-23,41.845646,-71.609508,0.9320226392175799
2017-05-24,41.845646,-71.609508,7.280819661504904
2017-05-25,41.845646,-71.609508,11.814935098905629
2017-05-26,41.845646,-71.609508,33.77854505224178
2017-05-27,41.845646,-71.609508,0.1081274865725976
2017-05-28,41.845646,-71.609508,1.0716874485059795
2017-05-29,41.845646,-71.609508,4.905278435090258
2017-05-30,41.845646,-71.609508,0.03632581095610489
2017-05-31,41.845646,-71.609508,0.11207495838460943
2017-06-01,41.845646,-71.609508,0.45669050133106515
2017-06-02,41.845646,-71.609508,1.2799558090391754
2017-06-03,41.845646,-71.609508,0.2259315519642984
2017-06-04,41.845646,-71.609508,3.3017783285980404
2017-06-05,41.845646,-71.609508,5.26144991012679
2017-06-06,41.845646,-71.609508,17.56814403899405
2017-06-07,41.845646,-71.609508,0.0
2017-06-08,41.845646,-71.609508,2.477810789246416
2017-06-09,41.845646,-71.609508,1.0965505667289388
2017-06-10,41.845646,-71.609508,0.0
2017-06-11,41.845646,-71.609508,0.0
2017-06-12,41.845646,-71.609508,0.0
2017-06-13,41.845646,-71.609508,1.9824633685775752
2017-06-14,41.845646,-71.609508,0.040965053171463824
2017-06-15,41.845646,-71.609508,0.0
2017-06-16,41.845646,-71.609508,15.304701028633733
2017-06-17,41.845646,-71.609508,0.9312458802273955
2017-06-18,41.845646,-71.609508,1.0172791798121181
2017-06-19,41.845646,-71.609508,0.004055164356309798
2017-06-20,41.845646,-71.609508,15.830780664762559
2017-06-21,41.845646,-71.609508,0.03287105923926771
2017-06-22,41.845646,-71.609508,0.0
2017-06-23,41.845646,-71.609508,0.21018060137133798
2017-06-24,41.845646,-71.609508,20.067112961269082
2017-06-25,41.845646,-71.609508,0.0
2017-06-26,41.845646,-71.609508,0.0
2017-06-27,41.845646,-71.609508,1.315375716980253
2017-06-28,41.845646,-71.609508,0.11395415448879388
2017-06-29,41.845646,-71.609508,1.256621554822738
2017-06-30,41.845646,-71.609508,4.583100550631171
2017-07-01,41.845646,-71.609508,0.9673950748194318
2017-07-02,41.845646,-71.609508,0.1361606491936784
2017-07-03,41.845646,-71.609508,0.040985990628020566
2017-07-04,41.845646,-71.609508,0.0
2017-07-05,41.845646,-71.609508,0.0
2017-07-06,41.845646,-71.609508,0.006730841785481357
2017-07-07,41.845646,-71.609508,12.161167868067972
2017-07-08,41.845646,-71.609508,0.0
2017-07-09,41.845646,-71.609508,0.0
2017-07-10,41.845646,-71.609508,0.0
2017-07-11,41.845646,-71.609508,8.523946958898799
2017-07-12,41.845646,-71.609508,14.56625475798374
2017-07-13,41.845646,-71.609508,14.992216166676451
2017-07-14,41.845646,-71.609508,4.283990579380907
2017-07-15,41.845646,-71.609508,0.1532656929410985
2017-07-16,41.845646,-71.609508,0.0
2017-07-17,41.845646,-71.609508,0.43564261597153564
2017-07-18,41.845646,-71.609508,1.5695659854809931
2017-07-19,41.845646,-71.609508,0.8503401900598218
2017-07-20,41.845646,-71.609508,0.5210425762662574
2017-07-21,41.845646,-71.609508,0.00385685020231226
2017-07-22,41.845646,-71.609508,1.2173678764362381
2017-07-23,41.845646,-71.609508,3.053778613760141
2017-07-24,41.845646,-71.609508,12.442836870979889
2017-07-25,41.845646,-71.609508,0.0012341805190936494
2017-07-26,41.845646,-71.609508,0.0
2017-07-27,41.845646,-71.609508,6.365336243681268
2017-07-28,41.845646,-71.609508,0.0
2017-07-29,41.845646,-71.609508,2.696739926347777
2017-07-30,41.845646,-71.609508,0.0
2017-07-31,41.845646,-71.609508,0.0
2017-08-01,41.845646,-71.609508,0.0
2017-08-02,41.845646,-71.609508,2.0830899177869173
2017-08-03,41.845646,-71.609508,2.344344096779018
2017-08-04,41.845646,-71.609508,0.06297407602557967
2017-08-05,41.845646,-71.609508,7.660729262186368
2017-08-06,41.845646,-71.609508,0.0
2017-08-07,41.845646,-71.609508,5.695265773470558
2017-08-08,41.845646,-71.609508,0.8741091209633836
2017-08-09,41.845646,-71.609508,0.0
2017-08-10,41.845646,-71.609508,0.0
2017-08-11,41.845646,-71.609508,0.0
2017-08-12,41.845646,-71.609508,9.265598706301608
2017-08-13,41.845646,-71.609508,0.006162277178825736
2017-08-14,41.845646,-71.609508,0.6142235248266588
2017-08-15,41.845646,-71.609508,4.056313196609386
2017-08-16,41.845646,-71.609508,0.0
2017-08-17,41.845646,-71.609508,0.0
2017-08-18,41.845646,-71.609508,1.9279141516493856
2017-08-19,41.845646,-71.609508,2.354334065138705
2017-08-20,41.845646,-71.609508,0.0
2017-08-21,41.845646,-71.609508,0.0
2017-08-22,41.845646,-71.609508,0.0
2017-08-23,41.845646,-71.609508,1.9715476020511096
2017-08-24,41.845646,-71.609508,0.0
2017-08-25,41.845646,-71.609508,0.0
2017-08-26,41.845646,-71.609508,0.0
2017-08-27,41.845646,-71.609508,0.0
2017-08-28,41.845646,-71.609508,0.0
2017-08-29,41.845646,-71.609508,3.0426330280205387
2017-08-30,41.845646,-71.609508,23.37753005191447
2017-08-31,41.845646,-71.609508,0.0
2017-09-01,41.845646,-71.609508,0.0
2017-09-02,41.845646,-71.609508,8.815574901807659e-05
2017-09-03,41.845646,-71.609508,34.53884274703848
2017-09-04,41.845646,-71.609508,0.0
2017-09-05,41.845646,-71.609508,0.0
2017-09-06,41.845646,-71.609508,14.49837727426186
2017-09-07,41.845646,-71.609508,24.175121074415674
2017-09-08,41.845646,-71.609508,0.0
2017-09-09,41.845646,-71.609508,0.0
2017-09-10,41.845646,-71.609508,0.0
2017-09-11,41.845646,-71.609508,0.0
2017-09-12,41.845646,-71.609508,0.0
2017-09-13,41.845646,-71.609508,0.008010672824058802
2017-09-14,41.845646,-71.609508,0.03802865737057619
2017-09-15,41.845646,-71.609508,0.2153903171526312
2017-09-16,41.845646,-71.609508,0.0
2017-09-17,41.845646,-71.609508,0.0
2017-09-18,41.845646,-71.609508,0.5522275466736739
2017-09-19,41.845646,-71.609508,5.541934791854255
2017-09-20,41.845646,-71.609508,3.4158200134360737
2017-09-21,41.845646,-71.609508,1.5604519193741302
2017-09-22,41.845646,-71.609508,0.05818001879395307
2017-09-23,41.845646,-71.609508,0.0
2017-09-24,41.845646,-71.609508,0.0
2017-09-25,41.845646,-71.609508,0.0
2017-09-26,41.845646,-71.609508,0.0
2017-09-27,41.845646,-71.609508,0.0
2017-09-28,41.845646,-71.609508,0.0012341805190936494
2017-09-29,41.845646,-71.609508,0.0
2017-09-30,41.845646,-71.609508,2.1311829134833333
2017-10-01,41.845646,-71.609508,0.0
2017-10-02,41.845646,-71.609508,0.0
2017-10-03,41.845646,-71.609508,0.010622629098456012
2017-10-04,41.845646,-71.609508,0.0
2017-10-05,41.845646,-71.609508,0.0008707999805374345
2017-10-06,41.845646,-71.609508,2.7472312539150967
2017-10-07,41.845646,-71.609508,1.5434850377406122
2017-10-08,41.845646,-71.609508,8.873063686250747
2017-10-09,41.845646,-71.609508,7.485957463315152
2017-10-10,41.845646,-71.609508,0.02517516776455405
2017-10-11,41.845646,-71.609508,0.48845416968392996
2017-10-12,41.845646,-71.609508,3.1798617804306364
2017-10-13,41.845646,-71.609508,0.0
2017-10-14,41.845646,-71.609508,0.0011460247208147072
2017-10-15,41.845646,-71.609508,0.0
2017-10-16,41.845646,-71.609508,0.5522984125323044
2017-10-17,41.845646,-71.609508,0.0
2017-10-18,41.845646,-71.609508,0.0
2017-10-19,41.845646,-71.609508,0.0
2017-10-20,41.845646,-71.609508,0.0019365513942511433
2017-10-21,41.845646,-71.609508,0.6786960804248261
2017-10-22,41.845646,-71.609508,0.0
2017-10-23,41.845646,-71.609508,0.0
2017-10-24,41.845646,-71.609508,3.0604489932945658
2017-10-25,41.845646,-71.609508,27.41119663081103
2017-10-26,41.845646,-71.609508,33.52160347080261
2017-10-27,41.845646,-71.609508,0.0
2017-10-28,41.845646,-71.609508,0.0
2017-10-29,41.845646,-71.609508,12.434430242921158
2017-10-30,41.845646,-71.609508,53.79086219939838
2017-10-31,41.845646,-71.609508,0.0
2017-11-01,41.845646,-71.609508,0.01225379397596059
2017-11-02,41.845646,-71.609508,0.004136299948102606
2017-11-03,41.845646,-71.609508,0.0
2017-11-04,41.845646,-71.609508,0.0
2017-11-05,41.845646,-71.609508,0.6036350867661344
2017-11-06,41.845646,-71.609508,0.31507167186397594
2017-11-07,41.845646,-71.609508,2.175733942519368
2017-11-08,41.845646,-71.609508,8.145653074474321
2017-11-09,41.845646,-71.609508,0.0
2017-11-10,41.845646,-71.609508,0.0
2017-11-11,41.845646,-71.609508,0.0
2017-11-12,41.845646,-71.609508,0.018101844752719257
2017-11-13,41.845646,-71.609508,3.8305448695245388
2017-11-14,41.845646,-71.609508,0.0
2017-11-15,41.845646,-71.609508,0.0
2017-11-16,41.845646,-71.609508,1.5145144211055233
2017-11-17,41.845646,-71.609508,0.0
2017-11-18,41.845646,-71.609508,1.9603812289242226
2017-11-19,41.845646,-71.609508,22.637922639476617
2017-11-20,41.845646,-71.609508,0.0
2017-11-21,41.845646,-71.609508,0.0
2017-11-22,41.845646,-71.609508,33.64660189146996
2017-11-23,41.845646,-71.609508,0.0
2017-11-24,41.845646,-71.609508,0.0
2017-11-25,41.845646,-71.609508,0.0013997344418053169
2017-11-26,41.845646,-71.609508,0.47926269244107716
2017-11-27,41.845646,-71.609508,0.0
2017-11-28,41.845646,-71.609508,0.0
2017-11-29,41.845646,-71.609508,0.0
2017-11-30,41.845646,-71.609508,0.0
2017-12-01,41.845646,-71.609508,3.2488517202598532
2017-12-02,41.845646,-71.609508,0.0
2017-12-03,41.845646,-71.609508,0.0
2017-12-04,41.845646,-71.609508,0.0
2017-12-05,41.845646,-71.609508,0.11037539356656503
2017-12-06,41.845646,-71.609508,23.489132464971775
2017-12-07,41.845646,-71.609508,0.0
2017-12-08,41.845646,-71.609508,0.6582523299688989
2017-12-09,41.845646,-71.609508,13.870295714970618
2017-12-10,41.845646,-71.609508,3.8380084217599757
2017-12-11,41.845646,-71.609508,0.09454527222980068
2017-12-12,41.845646,-71.609508,3.26989134203844
2017-12-13,41.845646,-71.609508,0.0
2017-12-14,41.845646,-71.609508,1.1472601086387069
2017-12-15,41.845646,-71.609508,0.20983040158991728
2017-12-16,41.845646,-71.609508,0.0
2017-12-17,41.845646,-71.609508,0.0006477212064519128
2017-12-18,41.845646,-71.609508,0.0201939536721161
2017-12-19,41.845646,-71.609508,0.0
2017-12-20,41.845646,-71.609508,0.0
2017-12-21,41.845646,-71.609508,0.0
2017-12-22,41.845646,-71.609508,0.04202234459695081
2017-12-23,41.845646,-71.609508,23.35423585900045
2017-12-24,41.845646,-71.609508,7.788529678937364
2017-12-25,41.845646,-71.609508,2.7677394462174765
2017-12-26,41.845646,-71.609508,0.0
2017-12-27,41.845646,-71.609508,0.0
2017-12-28,41.845646,-71.609508,0.0
2017-12-29,41.845646,-71.609508,0.0
2017-12-30,41.845646,-71.609508,0.014228741964216972
2017-12-31,41.845646,-71.609508,0.0
2018-01-01,41.845646,-71.609508,0.0
2018-01-02,41.845646,-71.609508,0.025611735959640128
2018-01-03,41.845646,-71.609508,0.014515485942985573
2018-01-04,41.845646,-71.609508,16.04578163450952
2018-01-05,41.845646,-71.609508,0.32967743769401137
2018-01-06,41.845646,-71.609508,0.0
2018-01-07,41.845646,-71.609508,0.02031309827855423
2018-01-08,41.845646,-71.609508,0.6741922767621442
2018-01-09,41.845646,-71.609508,0.7962965757263313
2018-01-10,41.845646,-71.609508,0.0
2018-01-11,41.845646,-71.609508,0.6199353850047169
2018-01-12,41.845646,-71.609508,10.648652205391246
2018-01-13,41.845646,-71.609508,54.28519030572471
2018-01-14,41.845646,-71.609508,0.0
2018-01-15,41.845646,-71.609508,0.7558947738053907
2018-01-16,41.845646,-71.609508,0.0
2018-01-17,41.845646,-71.609508,0.745239184527767
2018-01-18,41.845646,-71.609508,0.0
2018-01-19,41.845646,-71.609508,0.0
2018-01-20,41.845646,-71.609508,0.0
2018-01-21,41.845646,-71.609508,0.0
2018-01-22,41.845646,-71.609508,0.0
2018-01-23,41.845646,-71.609508,51.62889952805348
2018-01-24,41.845646,-71.609508,0.0
2018-01-25,41.845646,-71.609508,0.0
2018-01-26,41.845646,-71.609508,0.0
2018-01-27,41.845646,-71.609508,0.0
2018-01-28,41.845646,-71.609508,6.583939913860426
2018-01-29,41.845646,-71.609508,1.991826986917963
2018-01-30,41.845646,-71.609508,0.13707876740830852
2018-01-31,41.845646,-71.609508,0.0
2018-02-01,41.845646,-71.609508,0.32985841892304785
2018-02-02,41.845646,-71.609508,1.9791992092946935
2018-02-03,41.845646,-71.609508,0.0
2018-02-04,41.845646,-71.609508,1.0021565061945563
2018-02-05,41.845646,-71.609508,20.10059626380211
2018-02-06,41.845646,-71.609508,0.0
2018-02-07,41.845646,-71.609508,15.431109601241547
2018-02-08,41.845646,-71.609508,1.1968138792344296
2018-02-09,41.845646,-71.609508,0.0
2018-02-10,41.845646,-71.609508,1.3899934261028428
2018-02-11,41.845646,-71.609508,46.00852785794178
2018-02-12,41.845646,-71.609508,4.113923470366218
2018-02-13,41.845646,-71.609508,0.0
2018-02-14,41.845646,-71.609508,0.0038731027885022867
2018-02-15,41.845646,-71.609508,0.31878943297127016
2018-02-16,41.845646,-71.609508,12.930067157476682
2018-02-17,41.845646,-71.609508,0.1885472618722934
2018-02-18,41.845646,-71.609508,12.42614678177099
2018-02-19,41.845646,-71.609508,2.381982740306968
2018-02-20,41.845646,-71.609508,7.754548913465884
2018-02-21,41.845646,-71.609508,0.021700186523465077
2018-02-22,41.845646,-71.609508,3.078432284720041
2018-02-23,41.845646,-71.609508,5.98951526652997
2018-02-24,41.845646,-71.609508,15.73425208554828
2018-02-25,41.845646,-71.609508,24.347094308049275
2018-02-26,41.845646,-71.609508,0.028043690576918353
2018-02-27,41.845646,-71.609508,0.0
2018-02-28,41.845646,-71.609508,0.1281653806646451
2018-03-01,41.845646,-71.609508,0.010940883135999526
2018-03-02,41.845646,-71.609508,58.19336079421104
2018-03-03,41.845646,-71.609508,0.06075098307412238
2018-03-04,41.845646,-71.609508,0.0
2018-03-05,41.845646,-71.609508,0.13247211989436505
2018-03-06,41.845646,-71.609508,0.0
2018-03-07,41.845646,-71.609508,13.17823032989027
2018-03-08,41.845646,-71.609508,8.580440645456937
2018-03-09,41.845646,-71.609508,0.0
2018-03-10,41.845646,-71.609508,0.0
2018-03-11,41.845646,-71.609508,0.0
2018-03-12,41.845646,-71.609508,0.05169610065944766
2018-03-13,41.845646,-71.609508,36.15229985413019
2018-03-14,41.845646,-71.609508,0.24157614005137457
2018-03-15,41.845646,-71.609508,0.031502925464074655
2018-03-16,41.845646,-71.609508,0.0
2018-03-17,41.845646,-71.609508,0.0
2018-03-18,41.845646,-71.609508,0.0
2018-03-19,41.845646,-71.609508,0.0
2018-03-20,41.845646,-71.609508,0.014487830456449535
2018-03-21,41.845646,-71.609508,4.8829278812017165
2018-03-22,41.845646,-71.609508,1.3770240383247712
2018-03-23,41.845646,-71.609508,0.0
2018-03-24,41.845646,-71.609508,0.3012266648971124
2018-03-25,41.845646,-71.609508,0.0
2018-03-26,41.845646,-71.609508,0.0
2018-03-27,41.845646,-71.609508,0.0
2018-03-28,41.845646,-71.609508,0.6923133051682004
2018-03-29,41.845646,-71.609508,0.5214235565919245
2018-03-30,41.845646,-71.609508,2.204276189458431
2018-03-31,41.845646,-71.609508,0.0045783487806469
2018-04-01,41.845646,-71.609508,1.6616876454847018
2018-04-02,41.845646,-71.609508,0.8979967596576468
2018-04-03,41.845646,-71.609508,10.670301384555277
2018-04-04,41.845646,-71.609508,7.743323729171885
2018-04-05,41.845646,-71.609508,0.0
2018-04-06,41.845646,-71.609508,2.3803330348689
2018-04-07,41.845646,-71.609508,0.059653381358667976
2018-04-08,41.845646,-71.609508,0.10095975955044875
2018-04-09,41.845646,-71.609508,0.0
2018-04-10,41.845646,-71.609508,0.0
2018-04-11,41.845646,-71.609508,0.0
2018-04-12,41.845646,-71.609508,0.5985524062979377
2018-04-13,41.845646,-71.609508,10.62302434371191
2018-04-14,41.845646,-71.609508,0.010828781331359609
2018-04-15,41.845646,-71.609508,2.4937321807581716
2018-04-16,41.845646,-71.609508,35.17687827832185
2018-04-17,41.845646,-71.609508,0.025736504309662622
2018-04-18,41.845646,-71.609508,0.004796047972258191
2018-04-19,41.845646,-71.609508,9.980153358262042
2018-04-20,41.845646,-71.609508,0.0
2018-04-21,41.845646,-71.609508,0.0
2018-04-22,41.845646,-71.609508,0.0
2018-04-23,41.845646,-71.609508,0.0
2018-04-24,41.845646,-71.609508,0.00580965418275343
2018-04-25,41.845646,-71.609508,30.687157025761437
2018-04-26,41.845646,-71.609508,15.65454377452212
2018-04-27,41.845646,-71.609508,17.58606481425115
2018-04-28,41.845646,-71.609508,0.0
2018-04-29,41.845646,-71.609508,1.0108436625887962
2018-04-30,41.845646,-71.609508,0.001684075175382169
2018-05-01,41.845646,-71.609508,0.0
2018-05-02,41.845646,-71.609508,0.0
2018-05-03,41.845646,-71.609508,0.022890641682720078
2018-05-04,41.845646,-71.609508,1.980440994617942
2018-05-05,41.845646,-71.609508,0.0019365513942511433
2018-05-06,41.845646,-71.609508,5.659656497429108
2018-05-07,41.845646,-71.609508,1.0960295013546555
2018-05-08,41.845646,-71.609508,0.0
2018-05-09,41.845646,-71.609508,0.0
2018-05-10,41.845646,-71.609508,0.21018836828517845
2018-05-11,41.845646,-71.609508,0.5341020300909451
2018-05-12,41.845646,-71.609508,2.876532133904059
2018-05-13,41.845646,-71.609508,0.403491630595853
2018-05-14,41.845646,-71.609508,0.0
2018-05-15,41.845646,-71.609508,13.916891695742224
2018-05-16,41.845646,-71.609508,3.1350845113234715
2018-05-17,41.845646,-71.609508,10.592862197618311
2018-05-18,41.845646,-71.609508,0.36911551374409063
2018-05-19,41.845646,-71.609508,8.577735598724527
2018-05-20,41.845646,-71.609508,3.6899793580901012
2018-05-21,41.845646,-71.609508,0.0
2018-05-22,41.845646,-71.609508,7.686632343479552
2018-05-23,41.845646,-71.609508,0.14001364010457112
2018-05-24,41.845646,-71.609508,0.0
2018-05-25,41.845646,-71.609508,0.0002644672470542298
2018-05-26,41.845646,-71.609508,0.07943091961911575
2018-05-27,41.845646,-71.609508,1.4388296402975775
2018-05-28,41.845646,-71.609508,0.13129968888822274
2018-05-29,41.845646,-71.609508,0.0007052459921446127
2018-05-30,41.845646,-71.609508,0.0
2018-05-31,41.845646,-71.609508,0.0
2018-06-01,41.845646,-71.609508,4.351055566729203
2018-06-02,41.845646,-71.609508,0.15081311375707301
2018-06-03,41.845646,-71.609508,0.0
2018-06-04,41.845646,-71.609508,7.922580194521802
2018-06-05,41.845646,-71.609508,2.6493193461881615
2018-06-06,41.845646,-71.609508,0.026898154031551415
2018-06-07,41.845646,-71.609508,0.0
2018-06-08,41.845646,-71.609508,0.0
2018-06-09,41.845646,-71.609508,0.11125656694461977
2018-06-10,41.845646,-71.609508,0.01875856722864086
2018-06-11,41.845646,-71.609508,0.2709380874893829
2018-06-12,41.845646,-71.609508,0.0
2018-06-13,41.845646,-71.609508,0.7524797276967244
2018-06-14,41.845646,-71.609508,0.0
2018-06-15,41.845646,-71.609508,0.11396799545285016
2018-06-16,41.845646,-71.609508,0.006988776920397654
2018-06-17,41.845646,-71.609508,0.0
2018-06-18,41.845646,-71.609508,1.3201144536749747
2018-06-19,41.845646,-71.609508,17.070303297633274
2018-06-20,41.845646,-71.609508,0.03531853961140799
2018-06-21,41.845646,-71.609508,0.01447951154360177
2018-06-22,41.845646,-71.609508,0.07789862107944528
2018-06-23,41.845646,-71.609508,2.1182562183130065
2018-06-24,41.845646,-71.609508,1.761424281134933
2018-06-25,41.845646,-71.609508,3.650736686402018
2018-06-26,41.845646,-71.609508,0.0
2018-06-27,41.845646,-71.609508,0.05555416246686748
2018-06-28,41.845646,-71.609508,35.528178608957994
2018-06-29,41.845646,-71.609508,1.368409457690965
2018-06-30,41.845646,-71.609508,0.023390909835119617
2018-07-01,41.845646,-71.609508,0.5302976509256578
2018-07-02,41.845646,-71.609508,0.0
2018-07-03,41.845646,-71.609508,0.08589485628752025
2018-07-04,41.845646,-71.609508,0.04841378593841102
2018-07-05,41.845646,-71.609508,0.0
2018-07-06,41.845646,-71.609508,16.99064859623766
2018-07-07,41.845646,-71.609508,0.0
2018-07-08,41.845646,-71.609508,0.0
2018-07-09,41.845646,-71.609508,0.0
2018-07-10,41.845646,-71.609508,0.0
2018-07-11,41.845646,-71.609508,0.002845748498855789
2018-07-12,41.845646,-71.609508,0.0
2018-07-13,41.845646,-71.609508,0.0
2018-07-14,41.845646,-71.609508,0.8375656626762668
2018-07-15,41.845646,-71.609508,3.502900213323173
2018-07-16,41.845646,-71.609508,0.6447833657058668
2018-07-17,41.845646,-71.609508,13.227598294683082
2018-07-18,41.845646,-71.609508,12.382469509276214
2018-07-19,41.845646,-71.609508,0.0
2018-07-20,41.845646,-71.609508,0.0
2018-07-21,41.845646,-71.609508,0.4238013257018248
2018-07-22,41.845646,-71.609508,27.157301814034533
2018-07-23,41.845646,-71.609508,0.8183894564264811
2018-07-24,41.845646,-71.609508,0.0
2018-07-25,41.845646,-71.609508,1.4004398900511992
2018-07-26,41.845646,-71.609508,11.838763170972518
2018-07-27,41.845646,-71.609508,0.0
2018-07-28,41.845646,-71.609508,0.0002644672470542298
2018-07-29,41.845646,-71.609508,1.2769239927558491
2018-07-30,41.845646,-71.609508,1.3330047436293266
2018-07-31,41.845646,-71.609508,0.00035262299607230637
2018-08-01,41.845646,-71.609508,0.0011460247208147072
2018-08-02,41.845646,-71.609508,0.0
2018-08-03,41.845646,-71.609508,1.463590182071149
2018-08-04,41.845646,-71.609508,40.170445626013375
2018-08-05,41.845646,-71.609508,0.0
2018-08-06,41.845646,-71.609508,0.0
2018-08-07,41.845646,-71.609508,0.0
2018-08-08,41.845646,-71.609508,5.479700177133073
2018-08-09,41.845646,-71.609508,15.327634988991685
2018-08-10,41.845646,-71.609508,0.0
2018-08-11,41.845646,-71.609508,21.548897915103467
2018-08-12,41.845646,-71.609508,3.0920201568930112
2018-08-13,41.845646,-71.609508,10.779354130868237
2018-08-14,41.845646,-71.609508,0.01161930836550686
2018-08-15,41.845646,-71.609508,0.0022920494416294145
2018-08-16,41.845646,-71.609508,0.0
2018-08-17,41.845646,-71.609508,0.0016534442284770808
2018-08-18,41.845646,-71.609508,36.168951482874796
2018-08-19,41.845646,-71.609508,0.579235330402021
2018-08-20,41.845646,-71.609508,0.0
2018-08-21,41.845646,-71.609508,0.0
2018-08-22,41.845646,-71.609508,4.861985102875078
2018-08-23,41.845646,-71.609508,0.05160359411236806
2018-08-24,41.845646,-71.609508,0.0
2018-08-25,41.845646,-71.609508,0.0
2018-08-26,41.845646,-71.609508,0.0
2018-08-27,41.845646,-71.609508,0.0
2018-08-28,41.845646,-71.609508,0.0
2018-08-29,41.845646,-71.609508,0.0
2018-08-30,41.845646,-71.609508,0.0
2018-08-31,41.845646,-71.609508,0.0
2018-09-01,41.845646,-71.609508,0.0
2018-09-02,41.845646,-71.609508,0.0
2018-09-03,41.845646,-71.609508,0.0
2018-09-04,41.845646,-71.609508,0.014126181652411937
2018-09-05,41.845646,-71.609508,0.0
2018-09-06,41.845646,-71.609508,11.706142976730192
2018-09-07,41.845646,-71.609508,8.630652823615831
2018-09-08,41.845646,-71.609508,7.030158175854964
2018-09-09,41.845646,-71.609508,0.30689001708115554
2018-09-10,41.845646,-71.609508,27.2966863950517
2018-09-11,41.845646,-71.609508,1.4673220951441992
2018-09-12,41.845646,-71.609508,31.49235955281924
2018-09-13,41.845646,-71.609508,23.279248584238754
2018-09-14,41.845646,-71.609508,0.0
2018-09-15,41.845646,-71.609508,0.0
2018-09-16,41.845646,-71.609508,0.0
2018-09-17,41.845646,-71.609508,0.5013485140034586
2018-09-18,41.845646,-71.609508,18.182170669151798
2018-09-19,41.845646,-71.609508,0.08742782087828677
2018-09-20,41.845646,-71.609508,0.0
2018-09-21,41.845646,-71.609508,0.20491227347594432
2018-09-22,41.845646,-71.609508,0.2088828178842827
2018-09-23,41.845646,-71.609508,0.0024601071335379372
2018-09-24,41.845646,-71.609508,0.00580965418275343
2018-09-25,41.845646,-71.609508,26.216223599391434
2018-09-26,41.845646,-71.609508,20.61947454850917
2018-09-27,41.845646,-71.609508,8.250908929228096
2018-09-28,41.845646,-71.609508,10.098209782352473
2018-09-29,41.845646,-71.609508,0.0
2018-09-30,41.845646,-71.609508,0.01188377561256109
2018-10-01,41.845646,-71.609508,0.007480840079889712
2018-10-02,41.845646,-71.609508,10.151215178502333
2018-10-03,41.845646,-71.609508,27.365830088651812
2018-10-04,41.845646,-71.609508,0.007250250361276482
2018-10-05,41.845646,-71.609508,0.0
2018-10-06,41.845646,-71.609508,0.07674043253514228
2018-10-07,41.845646,-71.609508,0.0005181769844651281
2018-10-08,41.845646,-71.609508,0.0
2018-10-09,41.845646,-71.609508,0.0
2018-10-10,41.845646,-71.609508,8.815574901807659e-05
2018-10-11,41.845646,-71.609508,9.585351735067473
2018-10-12,41.845646,-71.609508,50.27088000482462
2018-10-13,41.845646,-71.609508,3.9157012475619686
2018-10-14,41.845646,-71.609508,0.0
2018-10-15,41.845646,-71.609508,0.20577848849051125
2018-10-16,41.845646,-71.609508,2.400673436484436
2018-10-17,41.845646,-71.609508,1.9932900803244347
2018-10-18,41.845646,-71.609508,0.0
2018-10-19,41.845646,-71.609508,0.0
2018-10-20,41.845646,-71.609508,2.462990927232152
2018-10-21,41.845646,-71.609508,1.7109804677855611
2018-10-22,41.845646,-71.609508,0.0
2018-10-23,41.845646,-71.609508,0.8503924334684422
2018-10-24,41.845646,-71.609508,0.0007772654766976921
2018-10-25,41.845646,-71.609508,0.9908963510272847
2018-10-26,41.845646,-71.609508,0.05026505678273265
2018-10-27,41.845646,-71.609508,17.53241504456095
2018-10-28,41.845646,-71.609508,0.034512454111451575
2018-10-29,41.845646,-71.609508,4.34014432339773
2018-10-30,41.845646,-71.609508,0.0
2018-10-31,41.845646,-71.609508,0.0
2018-11-01,41.845646,-71.609508,0.40371661170984674
2018-11-02,41.845646,-71.609508,8.698521221407965
2018-11-03,41.845646,-71.609508,42.712677217879
2018-11-04,41.845646,-71.609508,0.0
2018-11-05,41.845646,-71.609508,7.375026865837725
2018-11-06,41.845646,-71.609508,21.109414292957705
2018-11-07,41.845646,-71.609508,4.462282714336161
2018-11-08,41.845646,-71.609508,0.0022904080053833585
2018-11-09,41.845646,-71.609508,6.174650853612259
2018-11-10,41.845646,-71.609508,47.51656709146873
2018-11-11,41.845646,-71.609508,0.0
2018-11-12,41.845646,-71.609508,0.0
2018-11-13,41.845646,-71.609508,38.77299999176542
2018-11-14,41.845646,-71.609508,0.16831234170815323
2018-11-15,41.845646,-71.609508,10.918199649486843
2018-11-16,41.845646,-71.609508,23.90255979084956
2018-11-17,41.845646,-71.609508,0.0006117114883048704
2018-11-18,41.845646,-71.609508,0.0
2018-11-19,41.845646,-71.609508,0.0005289344941084596
2018-11-20,41.845646,-71.609508,1.117611459044964
2018-11-21,41.845646,-71.609508,0.0
2018-11-22,41.845646,-71.609508,0.0
2018-11-23,41.845646,-71.609508,0.0
2018-11-24,41.845646,-71.609508,0.010622629098456012
2018-11-25,41.845646,-71.609508,32.10453010245135
2018-11-26,41.845646,-71.609508,7.987630143972486
2018-11-27,41.845646,-71.609508,2.9692186202497908
2018-11-28,41.845646,-71.609508,0.0
2018-11-29,41.845646,-71.609508,0.0
2018-11-30,41.845646,-71.609508,0.011165268079387208
2018-12-01,41.845646,-71.609508,0.0
2018-12-02,41.845646,-71.609508,12.610948315065272
2018-12-03,41.845646,-71.609508,0.0
2018-12-04,41.845646,-71.609508,0.0
2018-12-05,41.845646,-71.609508,0.0
2018-12-06,41.845646,-71.609508,0.0
2018-12-07,41.845646,-71.609508,0.0
2018-12-08,41.845646,-71.609508,0.0
2018-12-09,41.845646,-71.609508,0.0
2018-12-10,41.845646,-71.609508,0.0
2018-12-11,41.845646,-71.609508,0.0
2018-12-12,41.845646,-71.609508,0.0
2018-12-13,41.845646,-71.609508,2.043065311416208
2018-12-14,41.845646,-71.609508,0.0
2018-12-15,41.845646,-71.609508,2.062394038983114
2018-12-16,41.845646,-71.609508,27.570728728313505
2018-12-17,41.845646,-71.609508,15.20497579728235
2018-12-18,41.845646,-71.609508,0.0
2018-12-19,41.845646,-71.609508,0.0
2018-12-20,41.845646,-71.609508,0.018119214944695986
2018-12-21,41.845646,-71.609508,45.897337495839906
2018-12-22,41.845646,-71.609508,12.731699686682903
2018-12-23,41.845646,-71.609508,0.0
2018-12-24,41.845646,-71.609508,0.06782300026558007
2018-12-25,41.845646,-71.609508,0.0
2018-12-26,41.845646,-71.609508,0.0
2018-12-27,41.845646,-71.609508,0.0
2018-12-28,41.845646,-71.609508,26.57459115485451
2018-12-29,41.845646,-71.609508,0.7765577316301416
2018-12-30,41.845646,-71.609508,0.0
2018-12-31,41.845646,-71.609508,4.199761342754831
2019-01-01,41.845646,-71.609508,27.583415259770643
2019-01-02,41.845646,-71.609508,0.0
2019-01-03,41.845646,-71.609508,0.6390582091923914
2019-01-04,41.845646,-71.609508,0.0
2019-01-05,41.845646,-71.609508,19.88168827940984
2019-01-06,41.845646,-71.609508,0.5050666524252642
2019-01-07,41.845646,-71.609508,0.0
2019-01-08,41.845646,-71.609508,2.5953392137417124
2019-01-09,41.845646,-71.609508,3.6296035713483636
2019-01-10,41.845646,-71.609508,0.0
2019-01-11,41.845646,-71.609508,0.0
2019-01-12,41.845646,-71.609508,0.0
2019-01-13,41.845646,-71.609508,0.9891630875491197
2019-01-14,41.845646,-71.609508,0.0
2019-01-15,41.845646,-71.609508,0.0
2019-01-16,41.845646,-71.609508,0.0
2019-01-17,41.845646,-71.609508,0.0
2019-01-18,41.845646,-71.609508,0.0002644672470542298
2019-01-19,41.845646,-71.609508,0.017428962187549475
2019-01-20,41.845646,-71.609508,67.34914279889533
2019-01-21,41.845646,-71.609508,0.0
2019-01-22,41.845646,-71.609508,0.0
2019-01-23,41.845646,-71.609508,0.1883325707827206
2019-01-24,41.845646,-71.609508,57.766090309511235
2019-01-25,41.845646,-71.609508,0.0
2019-01-26,41.845646,-71.609508,0.0
2019-01-27,41.845646,-71.609508,0.0
2019-01-28,41.845646,-71.609508,2.344612333314317
2019-01-29,41.845646,-71.609508,0.16729763962514224
2019-01-30,41.845646,-71.609508,4.688098599115192
2019-01-31,41.845646,-71.609508,0.0
2019-02-01,41.845646,-71.609508,0.0
2019-02-02,41.845646,-71.609508,0.00025908849223256405
2019-02-03,41.845646,-71.609508,0.06214942266293507
2019-02-04,41.845646,-71.609508,0.0
2019-02-05,41.845646,-71.609508,0.017074490993134735
2019-02-06,41.845646,-71.609508,0.0006477212064519128
2019-02-07,41.845646,-71.609508,16.06863268905008
2019-02-08,41.845646,-71.609508,20.156495195355514
2019-02-09,41.845646,-71.609508,0.0
2019-02-10,41.845646,-71.609508,0.0
2019-02-11,41.845646,-71.609508,0.2389691983531023
2019-02-12,41.845646,-71.609508,14.709023562635736
2019-02-13,41.845646,-71.609508,20.21617383967943
2019-02-14,41.845646,-71.609508,0.0
2019-02-15,41.845646,-71.609508,2.551116820369615
2019-02-16,41.845646,-71.609508,1.05705169885543
2019-02-17,41.845646,-71.609508,0.0
2019-02-18,41.845646,-71.609508,8.922706352483374
2019-02-19,41.845646,-71.609508,0.0
2019-02-20,41.845646,-71.609508,0.10818758834006788
2019-02-21,41.845646,-71.609508,13.659451838654967
2019-02-22,41.845646,-71.609508,0.5351429210443721
2019-02-23,41.845646,-71.609508,0.0
2019-02-24,41.845646,-71.609508,22.826312031015377
2019-02-25,41.845646,-71.609508,0.01614013236046106
2019-02-26,41.845646,-71.609508,0.0
2019-02-27,41.845646,-71.609508,0.0005235557392867939
2019-02-28,41.845646,-71.609508,0.5819001610306792
2019-03-01,41.845646,-71.609508,0.0
2019-03-02,41.845646,-71.609508,8.789415002791504
2019-03-03,41.845646,-71.609508,0.39232999971500826
2019-03-04,41.845646,-71.609508,40.64777994390852
2019-03-05,41.845646,-71.609508,0.0
2019-03-06,41.845646,-71.609508,0.0
2019-03-07,41.845646,-71.609508,0.0
2019-03-08,41.845646,-71.609508,0.019481822568500035
2019-03-09,41.845646,-71.609508,0.0
2019-03-10,41.845646,-71.609508,5.574177432298473
2019-03-11,41.845646,-71.609508,0.041665418367277975
2019-03-12,41.845646,-71.609508,0.048173773007377574
2019-03-13,41.845646,-71.609508,0.0
2019-03-14,41.845646,-71.609508,0.30831327762582755
2019-03-15,41.845646,-71.609508,4.288360037543828
2019-03-16,41.845646,-71.609508,8.408586695111314
2019-03-17,41.845646,-71.609508,0.0
2019-03-18,41.845646,-71.609508,0.0
2019-03-19,41.845646,-71.609508,0.0
2019-03-20,41.845646,-71.609508,0.0
2019-03-21,41.845646,-71.609508,0.012901515182412504
2019-03-22,41.845646,-71.609508,18.174306593946522
2019-03-23,41.845646,-71.609508,0.10730608131017272
2019-03-24,41.845646,-71.609508,0.06938105721691885
2019-03-25,41.845646,-71.609508,0.008173723469646739
2019-03-26,41.845646,-71.609508,0.0
2019-03-27,41.845646,-71.609508,0.0
2019-03-28,41.845646,-71.609508,0.0
2019-03-29,41.845646,-71.609508,0.6453424705522505
2019-03-30,41.845646,-71.609508,0.0031305769260774313
2019-03-31,41.845646,-71.609508,3.4680557671665984
2019-04-01,41.845646,-71.609508,0.0
2019-04-02,41.845646,-71.609508,0.0
2019-04-03,41.845646,-71.609508,14.589544375258265
2019-04-04,41.845646,-71.609508,0.0
2019-04-05,41.845646,-71.609508,0.9310090099131364
2019-04-06,41.845646,-71.609508,1.5776253386840602
2019-04-07,41.845646,-71.609508,0.00025908849223256405
2019-04-08,41.845646,-71.609508,14.289545285186986
2019-04-09,41.845646,-71.609508,4.159383592569265
2019-04-10,41.845646,-71.609508,0.0
2019-04-11,41.845646,-71.609508,0.0
2019-04-12,41.845646,-71.609508,0.0008815574573401889
2019-04-13,41.845646,-71.609508,25.340224350619973
2019-04-14,41.845646,-71.609508,0.2696362989148328
2019-04-15,41.845646,-71.609508,21.728566491517242
2019-04-16,41.845646,-71.609508,0.00017631149803615318
2019-04-17,41.845646,-71.609508,0.0
2019-04-18,41.845646,-71.609508,0.19437005853093636
2019-04-19,41.845646,-71.609508,0.0
2019-04-20,41.845646,-71.609508,22.266800636878603
2019-04-21,41.845646,-71.609508,5.9771589805700005
2019-04-22,41.845646,-71.609508,14.680080428337797
2019-04-23,41.845646,-71.609508,2.234655935342896
2019-04-24,41.845646,-71.609508,4.299812630569488
2019-04-25,41.845646,-71.609508,0.0
2019-04-26,41.845646,-71.609508,21.418370955681105
2019-04-27,41.845646,-71.609508,20.12261527476089
2019-04-28,41.845646,-71.609508,1.3640331498772302
2019-04-29,41.845646,-71.609508,0.04735878803368111
2019-04-30,41.845646,-71.609508,3.1890669140672725
2019-05-01,41.845646,-71.609508,0.027385185555081206
2019-05-02,41.845646,-71.609508,0.40788150499181863
2019-05-03,41.845646,-71.609508,1.7010382719322625
2019-05-04,41.845646,-71.609508,4.005827774761946
2019-05-05,41.845646,-71.609508,17.25172939159082
2019-05-06,41.845646,-71.609508,13.417372112798542
2019-05-07,41.845646,-71.609508,0.014487830456449535
2019-05-08,41.845646,-71.609508,2.12793121945827
2019-05-09,41.845646,-71.609508,0.0
2019-05-10,41.845646,-71.609508,1.3214414013601292
2019-05-11,41.845646,-71.609508,0.48671614472850405
2019-05-12,41.845646,-71.609508,33.02133468376288
2019-05-13,41.845646,-71.609508,2.8160598772954963
2019-05-14,41.845646,-71.609508,1.858696812583689
2019-05-15,41.845646,-71.609508,0.0015545309533953843
2019-05-16,41.845646,-71.609508,0.03453761419455634
2019-05-17,41.845646,-71.609508,1.779482206750437
2019-05-18,41.845646,-71.609508,0.029391140021351347
2019-05-19,41.845646,-71.609508,0.00017631149803615318
2019-05-20,41.845646,-71.609508,8.311312580769197
2019-05-21,41.845646,-71.609508,0.0011460247208147072
2019-05-22,41.845646,-71.609508,0.0
2019-05-23,41.845646,-71.609508,0.07743260993102771
2019-05-24,41.845646,-71.609508,0.27780906599821814
2019-05-25,41.845646,-71.609508,0.0
2019-05-26,41.845646,-71.609508,0.8645206452771427
2019-05-27,41.845646,-71.609508,0.03621152059461992
2019-05-28,41.845646,-71.609508,0.2622076571156544
2019-05-29,41.845646,-71.609508,2.3898936559645665
2019-05-30,41.845646,-71.609508,4.167613645692814
2019-05-31,41.845646,-71.609508,5.23338433049726
2019-06-01,41.845646,-71.609508,0.00017631149803615318
2019-06-02,41.845646,-71.609508,0.00025908849223256405
2019-06-03,41.845646,-71.609508,0.5870333248795451
2019-06-04,41.845646,-71.609508,0.0
2019-06-05,41.845646,-71.609508,0.015551078150227257
2019-06-06,41.845646,-71.609508,1.3187100846116813
2019-06-07,41.845646,-71.609508,0.0
2019-06-08,41.845646,-71.609508,0.023399305968098385
2019-06-09,41.845646,-71.609508,0.0
2019-06-10,41.845646,-71.609508,0.16965106143474593
2019-06-11,41.845646,-71.609508,21.338506867501625
2019-06-12,41.845646,-71.609508,0.0
2019-06-13,41.845646,-71.609508,20.361318200574487
2019-06-14,41.845646,-71.609508,1.8460204631673167
2019-06-15,41.845646,-71.609508,0.00043539999026871723
2019-06-16,41.845646,-71.609508,6.085629049008345
2019-06-17,41.845646,-71.609508,0.23728036993636356
2019-06-18,41.845646,-71.609508,10.519219637166287
2019-06-19,41.845646,-71.609508,0.17123175029119894
2019-06-20,41.845646,-71.609508,2.0285023113746674
2019-06-21,41.845646,-71.609508,13.102357175121249
2019-06-22,41.845646,-71.609508,0.30853102075657135
2019-06-23,41.845646,-71.609508,0.0
2019-06-24,41.845646,-71.609508,0.04189939900963934
2019-06-25,41.845646,-71.609508,8.959676072304887
2019-06-26,41.845646,-71.609508,0.0
2019-06-27,41.845646,-71.609508,0.0
2019-06-28,41.845646,-71.609508,0.0019365513942511433
2019-06-29,41.845646,-71.609508,13.478185999452354
2019-06-30,41.845646,-71.609508,6.682059408194081
2019-07-01,41.845646,-71.609508,0.0
2019-07-02,41.845646,-71.609508,0.5373799732066243
2019-07-03,41.845646,-71.609508,0.023636787971383747
2019-07-04,41.845646,-71.609508,0.06653295042112556
2019-07-05,41.845646,-71.609508,0.0
2019-07-06,41.845646,-71.609508,4.040918801092775
2019-07-07,41.845646,-71.609508,2.818083180922689
2019-07-08,41.845646,-71.609508,0.0
2019-07-09,41.845646,-71.609508,0.0
2019-07-10,41.845646,-71.609508,0.0
2019-07-11,41.845646,-71.609508,0.021572530925052014
2019-07-12,41.845646,-71.609508,15.531926475371966
2019-07-13,41.845646,-71.609508,0.0
2019-07-14,41.845646,-71.609508,0.0
2019-07-15,41.845646,-71.609508,0.0
2019-07-16,41.845646,-71.609508,0.0
2019-07-17,41.845646,-71.609508,6.486247579954412
2019-07-18,41.845646,-71.609508,2.5797459826638494
2019-07-19,41.845646,-71.609508,0.0
2019-07-20,41.845646,-71.609508,0.058853999813403605
2019-07-21,41.845646,-71.609508,0.7921966220321848
2019-07-22,41.845646,-71.609508,7.728649454111121
2019-07-23,41.845646,-71.609508,52.81358581591438
2019-07-24,41.845646,-71.609508,12.092899644843829
2019-07-25,41.845646,-71.609508,5.2275328541053225
2019-07-26,41.845646,-71.609508,0.0
2019-07-27,41.845646,-71.609508,0.0
2019-07-28,41.845646,-71.609508,0.0
2019-07-29,41.845646,-71.609508,1.435896262654124
2019-07-30,41.845646,-71.609508,0.0
2019-07-31,41.845646,-71.609508,0.26319727148861904
2019-08-01,41.845646,-71.609508,0.07114371406158065
2019-08-02,41.845646,-71.609508,0.0
2019-08-03,41.845646,-71.609508,2.9149939329645056
2019-08-04,41.845646,-71.609508,0.0
2019-08-05,41.845646,-71.609508,0.0
2019-08-06,41.845646,-71.609508,2.6643073067700382
2019-08-07,41.845646,-71.609508,1.4021953105919258
2019-08-08,41.845646,-71.609508,7.6142723469706635
2019-08-09,41.845646,-71.609508,0.056433329269324484
2019-08-10,41.845646,-71.609508,0.038632266753104307
2019-08-11,41.845646,-71.609508,0.0
2019-08-12,41.845646,-71.609508,0.0
2019-08-13,41.845646,-71.609508,4.959641082606093
2019-08-14,41.845646,-71.609508,0.24674827233489594
2019-08-15,41.845646,-71.609508,0.01188377561256109
2019-08-16,41.845646,-71.609508,0.00012954424611628202
2019-08-17,41.845646,-71.609508,1.0146468522852443
2019-08-18,41.845646,-71.609508,0.9339445861919011
2019-08-19,41.845646,-71.609508,18.985372589583307
2019-08-20,41.845646,-71.609508,0.0
2019-08-21,41.845646,-71.609508,7.129724411411126
2019-08-22,41.845646,-71.609508,9.762719085909962
2019-08-23,41.845646,-71.609508,2.1863921275857425
2019-08-24,41.845646,-71.609508,0.0
2019-08-25,41.845646,-71.609508,0.0
2019-08-26,41.845646,-71.609508,0.0
2019-08-27,41.845646,-71.609508,2.114261897145303
2019-08-28,41.845646,-71.609508,26.799914818511883
2019-08-29,41.845646,-71.609508,10.35690331573135
2019-08-30,41.845646,-71.609508,0.0
2019-08-31,41.845646,-71.609508,0.0
2019-09-01,41.845646,-71.609508,0.00035262299607230637
2019-09-02,41.845646,-71.609508,12.652371378338916
2019-09-03,41.845646,-71.609508,2.0147182965493196
2019-09-04,41.845646,-71.609508,5.749414324216543
2019-09-05,41.845646,-71.609508,0.0
2019-09-06,41.845646,-71.609508,3.190388619810891
2019-09-07,41.845646,-71.609508,3.0861380361105923
2019-09-08,41.845646,-71.609508,0.0
2019-09-09,41.845646,-71.609508,0.0
2019-09-10,41.845646,-71.609508,0.0
2019-09-11,41.845646,-71.609508,0.05459985149365487
2019-09-12,41.845646,-71.609508,5.992500807926504
2019-09-13,41.845646,-71.609508,0.0
2019-09-14,41.845646,-71.609508,0.00017631149803615318
2019-09-15,41.845646,-71.609508,0.020402381326919208
2019-09-16,41.845646,-71.609508,0.0
2019-09-17,41.845646,-71.609508,0.0
2019-09-18,41.845646,-71.609508,0.0
2019-09-19,41.845646,-71.609508,0.0
2019-09-20,41.845646,-71.609508,0.0
2019-09-21,41.845646,-71.609508,0.0
2019-09-22,41.845646,-71.609508,0.0
2019-09-23,41.845646,-71.609508,0.0
2019-09-24,41.845646,-71.609508,6.103810964151602
2019-09-25,41.845646,-71.609508,0.0
2019-09-26,41.845646,-71.609508,2.4827873912478338
2019-09-27,41.845646,-71.609508,0.0
2019-09-28,41.845646,-71.609508,0.0
2019-09-29,41.845646,-71.609508,0.032047483430947155
2019-09-30,41.845646,-71.609508,0.3856967666739296
2019-10-01,41.845646,-71.609508,0.008537245496567368
2019-10-02,41.845646,-71.609508,0.1881367318001014
2019-10-03,41.845646,-71.609508,0.8913492501999798
2019-10-04,41.845646,-71.609508,0.3776174468742986
2019-10-05,41.845646,-71.609508,0.0
2019-10-06,41.845646,-71.609508,0.0
2019-10-07,41.845646,-71.609508,0.05383171210598383
2019-10-08,41.845646,-71.609508,0.9846337522985902
2019-10-09,41.845646,-71.609508,19.15064183305827
2019-10-10,41.845646,-71.609508,14.629034969983833
2019-10-11,41.845646,-71.609508,0.033109560155095544
2019-10-12,41.845646,-71.609508,0.0
2019-10-13,41.845646,-71.609508,0.0
2019-10-14,41.845646,-71.609508,0.027982779674591805
2019-10-15,41.845646,-71.609508,0.0
2019-10-16,41.845646,-71.609508,8.813905234109008
2019-10-17,41.845646,-71.609508,41.18555565999692
2019-10-18,41.845646,-71.609508,0.0
2019-10-19,41.845646,-71.609508,0.0
2019-10-20,41.845646,-71.609508,3.0629583736341948
2019-10-21,41.845646,-71.609508,4.125743140615003
2019-10-22,41.845646,-71.609508,0.04721675174864221
2019-10-23,41.845646,-71.609508,0.5927050950298297
2019-10-24,41.845646,-71.609508,0.0
2019-10-25,41.845646,-71.609508,0.04455199103246402
2019-10-26,41.845646,-71.609508,0.16935163176060686
2019-10-27,41.845646,-71.609508,42.36575583629115
2019-10-28,41.845646,-71.609508,0.0
2019-10-29,41.845646,-71.609508,0.0
2019-10-30,41.845646,-71.609508,0.004782299893106932
2019-10-31,41.845646,-71.609508,8.87627952784475
2019-11-01,41.845646,-71.609508,0.8012081158851213
2019-11-02,41.845646,-71.609508,0.0
2019-11-03,41.845646,-71.609508,0.0
2019-11-04,41.845646,-71.609508,0.0
2019-11-05,41.845646,-71.609508,9.698085358759435
2019-11-06,41.845646,-71.609508,0.0
2019-11-07,41.845646,-71.609508,4.844241793501177
2019-11-08,41.845646,-71.609508,3.8536893102786967
2019-11-09,41.845646,-71.609508,0.0
2019-11-10,41.845646,-71.609508,0.0
2019-11-11,41.845646,-71.609508,0.0
2019-11-12,41.845646,-71.609508,11.241617889128465
2019-11-13,41.845646,-71.609508,0.016711207628352875
2019-11-14,41.845646,-71.609508,0.002845748498855789
2019-11-15,41.845646,-71.609508,0.09569345034889465
2019-11-16,41.845646,-71.609508,0.0
2019-11-17,41.845646,-71.609508,0.0
2019-11-18,41.845646,-71.609508,1.7289547019885128
2019-11-19,41.845646,-71.609508,1.7048457567542532
2019-11-20,41.845646,-71.609508,0.03185678907253832
2019-11-21,41.845646,-71.609508,0.0
2019-11-22,41.845646,-71.609508,9.362853478046055
2019-11-23,41.845646,-71.609508,0.0
2019-11-24,41.845646,-71.609508,37.54661727237019
2019-11-25,41.845646,-71.609508,0.258833022729776
2019-11-26,41.845646,-71.609508,0.0
2019-11-27,41.845646,-71.609508,4.814430306315505
2019-11-28,41.845646,-71.609508,1.4991051270975193
2019-11-29,41.845646,-71.609508,0.0
2019-11-30,41.845646,-71.609508,0.0
2019-12-01,41.845646,-71.609508,8.24178665979841
2019-12-02,41.845646,-71.609508,4.457664146545763
2019-12-03,41.845646,-71.609508,0.8590488225094604
2019-12-04,41.845646,-71.609508,1.0317847481536904
2019-12-05,41.845646,-71.609508,0.0
2019-12-06,41.845646,-71.609508,0.009124679569918715
2019-12-07,41.845646,-71.609508,0.0
2019-12-08,41.845646,-71.609508,0.0
2019-12-09,41.845646,-71.609508,23.918674935915693
2019-12-10,41.845646,-71.609508,41.353191574669694
2019-12-11,41.845646,-71.609508,10.862194533431845
2019-12-12,41.845646,-71.609508,0.0018711441830616537
2019-12-13,41.845646,-71.609508,0.9048378411762764
2019-12-14,41.845646,-71.609508,66.61661046540917
2019-12-15,41.845646,-71.609508,0.0
2019-12-16,41.845646,-71.609508,0.0
2019-12-17,41.845646,-71.609508,9.51170231758552
2019-12-18,41.845646,-71.609508,0.8079869750041804
2019-12-19,41.845646,-71.609508,0.0
2019-12-20,41.845646,-71.609508,0.0
2019-12-21,41.845646,-71.609508,0.0
2019-12-22,41.845646,-71.609508,0.02030286339402463
2019-12-23,41.845646,-71.609508,0.0
2019-12-24,41.845646,-71.609508,0.0
2019-12-25,41.845646,-71.609508,0.0
2019-12-26,41.845646,-71.609508,0.17192938208092973
2019-12-27,41.845646,-71.609508,0.08816352577165353
2019-12-28,41.845646,-71.609508,0.0
2019-12-29,41.845646,-71.609508,0.48504428980868897
2019-12-30,41.845646,-71.609508,38.240038734833654
2019-12-31,41.845646,-71.609508,0.0
2020-01-01,41.845646,-71.609508,0.0
2020-01-02,41.845646,-71.609508,0.0
2020-01-03,41.845646,-71.609508,4.869248580571407
2020-01-04,41.845646,-71.609508,10.852825259175756
2020-01-05,41.845646,-71.609508,4.204062727720502
2020-01-06,41.845646,-71.609508,0.0
2020-01-07,41.845646,-71.609508,0.0
2020-01-08,41.845646,-71.609508,0.17230001265046102
2020-01-09,41.845646,-71.609508,0.0
2020-01-10,41.845646,-71.609508,0.0
2020-01-11,41.845646,-71.609508,0.0024683607754626934
2020-01-12,41.845646,-71.609508,5.275470277783111
2020-01-13,41.845646,-71.609508,0.14287982881917222
2020-01-14,41.845646,-71.609508,0.01593318988267924
2020-01-15,41.845646,-71.609508,0.0
2020-01-16,41.845646,-71.609508,0.25687880794029466
2020-01-17,41.845646,-71.609508,0.008537245496567368
2020-01-18,41.845646,-71.609508,0.871156898808871
2020-01-19,41.845646,-71.609508,3.7566722779045283
2020-01-20,41.845646,-71.609508,0.0
2020-01-21,41.845646,-71.609508,0.0
2020-01-22,41.845646,-71.609508,0.0
2020-01-23,41.845646,-71.609508,0.0
2020-01-24,41.845646,-71.609508,0.26396505904379053
2020-01-25,41.845646,-71.609508,9.996435159564163
2020-01-26,41.845646,-71.609508,9.57720793767987
2020-01-27,41.845646,-71.609508,0.0
2020-01-28,41.845646,-71.609508,0.0
2020-01-29,41.845646,-71.609508,0.0
2020-01-30,41.845646,-71.609508,0.0
2020-01-31,41.845646,-71.609508,0.15529698471811734
2020-02-01,41.845646,-71.609508,0.9555410219867537
2020-02-02,41.845646,-71.609508,0.10943627561803396
2020-02-03,41.845646,-71.609508,0.002845748498855789
2020-02-04,41.845646,-71.609508,1.3899802182474474
2020-02-05,41.845646,-71.609508,1.9164844886553203
2020-02-06,41.845646,-71.609508,8.81146886899694
2020-02-07,41.845646,-71.609508,32.39683246953211
2020-02-08,41.845646,-71.609508,0.0
2020-02-09,41.845646,-71.609508,0.0
2020-02-10,41.845646,-71.609508,5.834538613582037
2020-02-11,41.845646,-71.609508,14.576899221267977
2020-02-12,41.845646,-71.609508,0.14271267928579423
2020-02-13,41.845646,-71.609508,25.183744807214737
2020-02-14,41.845646,-71.609508,0.31577248463284724
2020-02-15,41.845646,-71.609508,0.0
2020-02-16,41.845646,-71.609508,0.0060801297360604245
2020-02-17,41.845646,-71.609508,0.0
2020-02-18,41.845646,-71.609508,0.19208059660600704
2020-02-19,41.845646,-71.609508,2.0398833823553164
2020-02-20,41.845646,-71.609508,0.0
2020-02-21,41.845646,-71.609508,0.0
2020-02-22,41.845646,-71.609508,0.0
2020-02-23,41.845646,-71.609508,0.0
2020-02-24,41.845646,-71.609508,0.0
2020-02-25,41.845646,-71.609508,1.3027552961918363
2020-02-26,41.845646,-71.609508,0.852912480723663
2020-02-27,41.845646,-71.609508,16.482893668504015
2020-02-28,41.845646,-71.609508,0.0609422881621252
2020-02-29,41.845646,-71.609508,0.0
2020-03-01,41.845646,-71.609508,0.0
2020-03-02,41.845646,-71.609508,0.0
2020-03-03,41.845646,-71.609508,5.374659284824307
2020-03-04,41.845646,-71.609508,2.8814112591558407
2020-03-05,41.845646,-71.609508,0.0027473229174188813
2020-03-06,41.845646,-71.609508,0.1531240441285086
2020-03-07,41.845646,-71.609508,0.14782536978166555
2020-03-08,41.845646,-71.609508,0.0
2020-03-09,41.845646,-71.609508,0.007746205577004573
2020-03-10,41.845646,-71.609508,0.0
2020-03-11,41.845646,-71.609508,0.5814905090050846
2020-03-12,41.845646,-71.609508,0.06502226039447447
2020-03-13,41.845646,-71.609508,3.3737246252430744
2020-03-14,41.845646,-71.609508,0.0
2020-03-15,41.845646,-71.609508,4.152860849019704
2020-03-16,41.845646,-71.609508,0.0007772654766976921
2020-03-17,41.845646,-71.609508,0.011707463753814124
2020-03-18,41.845646,-71.609508,0.0
2020-03-19,41.845646,-71.609508,10.361139273047481
2020-03-20,41.845646,-71.609508,2.1449809760399963
2020-03-21,41.845646,-71.609508,0.3334562409546194
2020-03-22,41.845646,-71.609508,0.0
2020-03-23,41.845646,-71.609508,48.45578055890769
2020-03-24,41.845646,-71.609508,39.68679485825336
2020-03-25,41.845646,-71.609508,0.3344724642565351
2020-03-26,41.845646,-71.609508,0.0024199521308521585
2020-03-27,41.845646,-71.609508,1.4677732146363704
2020-03-28,41.845646,-71.609508,5.994197837689177
2020-03-29,41.845646,-71.609508,9.149686344255159
2020-03-30,41.845646,-71.609508,0.715010089169708
2020-03-31,41.845646,-71.609508,0.0
2020-04-01,41.845646,-71.609508,0.0038731027885022867
2020-04-02,41.845646,-71.609508,2.0560907172160716
2020-04-03,41.845646,-71.609508,14.496433505530955
2020-04-04,41.845646,-71.609508,0.09358412819715291
2020-04-05,41.845646,-71.609508,0.0
2020-04-06,41.845646,-71.609508,0.13169967662995533
2020-04-07,41.845646,-71.609508,0.005691496997711578
2020-04-08,41.845646,-71.609508,3.921508722228309
2020-04-09,41.845646,-71.609508,15.645534377923704
2020-04-10,41.845646,-71.609508,0.22457974162757538
2020-04-11,41.845646,-71.609508,0.0
2020-04-12,41.845646,-71.609508,0.0
2020-04-13,41.845646,-71.609508,40.999507186723704
2020-04-14,41.845646,-71.609508,0.1076934806855849
2020-04-15,41.845646,-71.609508,6.474227524506335
2020-04-16,41.845646,-71.609508,0.0
2020-04-17,41.845646,-71.609508,0.325142553489555
2020-04-18,41.845646,-71.609508,13.05003024614146
2020-04-19,41.845646,-71.609508,1.7127175236188354
2020-04-20,41.845646,-71.609508,0.2914992223354817
2020-04-21,41.845646,-71.609508,12.440056600073769
2020-04-22,41.845646,-71.609508,0.0
2020-04-23,41.845646,-71.609508,0.003551482381688649
2020-04-24,41.845646,-71.609508,23.885492241450542
2020-04-25,41.845646,-71.609508,0.028693892567261754
2020-04-26,41.845646,-71.609508,2.4303178776881516
2020-04-27,41.845646,-71.609508,0.0
2020-04-28,41.845646,-71.609508,0.0018512708443216253
2020-04-29,41.845646,-71.609508,0.0
2020-04-30,41.845646,-71.609508,9.894940682914799
2020-05-01,41.845646,-71.609508,19.063152325484854
2020-05-02,41.845646,-71.609508,0.14552370965701375
2020-05-03,41.845646,-71.609508,0.7920607938945815
2020-05-04,41.845646,-71.609508,3.732404147883021
2020-05-05,41.845646,-71.609508,0.0
2020-05-06,41.845646,-71.609508,0.8023890094462718
2020-05-07,41.845646,-71.609508,0.9345113450151483
2020-05-08,41.845646,-71.609508,2.3514192575437707
2020-05-09,41.845646,-71.609508,4.07849901509263
2020-05-10,41.845646,-71.609508,0.00038863273834884607
2020-05-11,41.845646,-71.609508,0.73910318633634
2020-05-12,41.845646,-71.609508,0.27911967255857084
2020-05-13,41.845646,-71.609508,0.0
2020-05-14,41.845646,-71.609508,0.0
2020-05-15,41.845646,-71.609508,4.638370795155547
2020-05-16,41.845646,-71.609508,15.481534209247355
2020-05-17,41.845646,-71.609508,0.0
2020-05-18,41.845646,-71.609508,0.3029989195184737
2020-05-19,41.845646,-71.609508,0.011953316970209533
2020-05-20,41.845646,-71.609508,0.01070330939092183
2020-05-21,41.845646,-71.609508,0.0
2020-05-22,41.845646,-71.609508,0.0
2020-05-23,41.845646,-71.609508,11.243415915380313
2020-05-24,41.845646,-71.609508,0.005656462947000888
2020-05-25,41.845646,-71.609508,0.007298778117995298
2020-05-26,41.845646,-71.609508,0.0
2020-05-27,41.845646,-71.609508,0.0
2020-05-28,41.845646,-71.609508,0.0
2020-05-29,41.845646,-71.609508,0.03917505729259362
2020-05-30,41.845646,-71.609508,3.46364272196872
2020-05-31,41.845646,-71.609508,0.0
2020-06-01,41.845646,-71.609508,0.0
2020-06-02,41.845646,-71.609508,2.18518992376281
2020-06-03,41.845646,-71.609508,1.9020926128290276
2020-06-04,41.845646,-71.609508,0.5378525625317608
2020-06-05,41.845646,-71.609508,14.961419730557695
2020-06-06,41.845646,-71.609508,16.84121994231221
2020-06-07,41.845646,-71.609508,0.0012954424129038257
2020-06-08,41.845646,-71.609508,0.0
2020-06-09,41.845646,-71.609508,0.0
2020-06-10,41.845646,-71.609508,0.01034904436307525
2020-06-11,41.845646,-71.609508,8.151740286741658
2020-06-12,41.845646,-71.609508,0.0
2020-06-13,41.845646,-71.609508,0.0
2020-06-14,41.845646,-71.609508,0.0
2020-06-15,41.845646,-71.609508,0.19553591972931378
2020-06-16,41.845646,-71.609508,0.0
2020-06-17,41.845646,-71.609508,0.0
2020-06-18,41.845646,-71.609508,0.0
2020-06-19,41.845646,-71.609508,0.0
2020-06-20,41.845646,-71.609508,0.0
2020-06-21,41.845646,-71.609508,0.3190025281637764
2020-06-22,41.845646,-71.609508,0.0
2020-06-23,41.845646,-71.609508,0.0
2020-06-24,41.845646,-71.609508,0.02831353657879425
2020-06-25,41.845646,-71.609508,0.0
2020-06-26,41.845646,-71.609508,0.34226388179563805
2020-06-27,41.845646,-71.609508,17.820463863528296
2020-06-28,41.845646,-71.609508,16.727330639454692
2020-06-29,41.845646,-71.609508,0.923740850578588
2020-06-30,41.845646,-71.609508,1.8175238793508437
2020-07-01,41.845646,-71.609508,1.728521940887112
2020-07-02,41.845646,-71.609508,0.30552264301930815
2020-07-03,41.845646,-71.609508,11.416768189073583
2020-07-04,41.845646,-71.609508,0.4128866751224217
2020-07-05,41.845646,-71.609508,0.0
2020-07-06,41.845646,-71.609508,0.07112993802852963
2020-07-07,41.845646,-71.609508,0.0
2020-07-08,41.845646,-71.609508,0.055012631673033656
2020-07-09,41.845646,-71.609508,0.0
2020-07-10,41.845646,-71.609508,0.09876184445083738
2020-07-11,41.845646,-71.609508,0.0
2020-07-12,41.845646,-71.609508,0.0
2020-07-13,41.845646,-71.609508,1.2079908001870359
2020-07-14,41.845646,-71.609508,2.8315582598095346
2020-07-15,41.845646,-71.609508,0.0035928706740341863
2020-07-16,41.845646,-71.609508,0.0
2020-07-17,41.845646,-71.609508,2.419661352823589
2020-07-18,41.845646,-71.609508,0.0
2020-07-19,41.845646,-71.609508,0.0
2020-07-20,41.845646,-71.609508,2.421097688844357
2020-07-21,41.845646,-71.609508,0.0
2020-07-22,41.845646,-71.609508,1.9966099950351501
2020-07-23,41.845646,-71.609508,7.9417587648736445
2020-07-24,41.845646,-71.609508,2.833832453104504
2020-07-25,41.845646,-71.609508,0.02797809830618104
2020-07-26,41.845646,-71.609508,0.0
2020-07-27,41.845646,-71.609508,0.19130809326415757
2020-07-28,41.845646,-71.609508,11.610848892343988
2020-07-29,41.845646,-71.609508,0.0
2020-07-30,41.845646,-71.609508,1.3966456636685929
2020-07-31,41.845646,-71.609508,6.973442939911624
2020-08-01,41.845646,-71.609508,0.00044077872867009444
2020-08-02,41.845646,-71.609508,0.012925508336313011
2020-08-03,41.845646,-71.609508,0.0
2020-08-04,41.845646,-71.609508,2.256375975109236
2020-08-05,41.845646,-71.609508,0.0
2020-08-06,41.845646,-71.609508,0.005329091684245807
2020-08-07,41.845646,-71.609508,0.8465822260437584
2020-08-08,41.845646,-71.609508,0.03496817977790093
2020-08-09,41.845646,-71.609508,0.0
2020-08-10,41.845646,-71.609508,0.0
2020-08-11,41.845646,-71.609508,0.0
2020-08-12,41.845646,-71.609508,0.36819644159489584
2020-08-13,41.845646,-71.609508,0.4915561379893935
2020-08-14,41.845646,-71.609508,0.004265844336296009
2020-08-15,41.845646,-71.609508,0.00873653483410368
2020-08-16,41.845646,-71.609508,23.226784023659135
2020-08-17,41.845646,-71.609508,6.017056521510683
2020-08-18,41.845646,-71.609508,11.107352420962453
2020-08-19,41.845646,-71.609508,1.8970081840378976
2020-08-20,41.845646,-71.609508,0.0
2020-08-21,41.845646,-71.609508,0.0
2020-08-22,41.845646,-71.609508,3.045296767416267
2020-08-23,41.845646,-71.609508,0.0
2020-08-24,41.845646,-71.609508,3.071228390469828
2020-08-25,41.845646,-71.609508,0.5704453861313656
2020-08-26,41.845646,-71.609508,0.0
2020-08-27,41.845646,-71.609508,14.084254735640403
2020-08-28,41.845646,-71.609508,0.08235338212287652
2020-08-29,41.845646,-71.609508,8.500176789252928
2020-08-30,41.845646,-71.609508,1.6651804206505316
2020-08-31,41.845646,-71.609508,0.00038863273834884607
2020-09-01,41.845646,-71.609508,0.4401562480338184
2020-09-02,41.845646,-71.609508,6.709581672537747
2020-09-03,41.845646,-71.609508,2.369810943515491
2020-09-04,41.845646,-71.609508,0.025774170544029296
2020-09-05,41.845646,-71.609508,0.0
2020-09-06,41.845646,-71.609508,0.0
2020-09-07,41.845646,-71.609508,0.0
2020-09-08,41.845646,-71.609508,0.0
2020-09-09,41.845646,-71.609508,1.130501678981586
2020-09-10,41.845646,-71.609508,9.275601967482178
2020-09-11,41.845646,-71.609508,0.8547973202640395
2020-09-12,41.845646,-71.609508,0.0
2020-09-13,41.845646,-71.609508,0.0
2020-09-14,41.845646,-71.609508,3.8758171635933376
2020-09-15,41.845646,-71.609508,0.0
2020-09-16,41.845646,-71.609508,0.0
2020-09-17,41.845646,-71.609508,0.0
2020-09-18,41.845646,-71.609508,8.724415065993647
2020-09-19,41.845646,-71.609508,0.0
2020-09-20,41.845646,-71.609508,0.0
2020-09-21,41.845646,-71.609508,0.0
2020-09-22,41.845646,-71.609508,0.23763900558249507
2020-09-23,41.845646,-71.609508,0.0
2020-09-24,41.845646,-71.609508,0.018212840491357546
2020-09-25,41.845646,-71.609508,0.0
2020-09-26,41.845646,-71.609508,0.0
2020-09-27,41.845646,-71.609508,0.0
2020-09-28,41.845646,-71.609508,0.09514336450557562
2020-09-29,41.845646,-71.609508,0.060308860648154196
2020-09-30,41.845646,-71.609508,22.82627343309252
2020-10-01,41.845646,-71.609508,0.0
2020-10-02,41.845646,-71.609508,0.2539193349543073
2020-10-03,41.845646,-71.609508,0.0
2020-10-04,41.845646,-71.609508,0.0
2020-10-05,41.845646,-71.609508,0.3777007603546446
2020-10-06,41.845646,-71.609508,0.0
2020-10-07,41.845646,-71.609508,5.659669302899336
2020-10-08,41.845646,-71.609508,0.0002644672470542298
2020-10-09,41.845646,-71.609508,0.0
2020-10-10,41.845646,-71.609508,0.00404941428653844
2020-10-11,41.845646,-71.609508,0.022765987990846313
2020-10-12,41.845646,-71.609508,23.774276700891857
2020-10-13,41.845646,-71.609508,11.653332007071988
2020-10-14,41.845646,-71.609508,0.0
2020-10-15,41.845646,-71.609508,0.0
2020-10-16,41.845646,-71.609508,0.045261620822382366
2020-10-17,41.845646,-71.609508,56.51301842776192
2020-10-18,41.845646,-71.609508,0.0
2020-10-19,41.845646,-71.609508,0.015256096783925442
2020-10-20,41.845646,-71.609508,0.43977224540394044
2020-10-21,41.845646,-71.609508,0.0
2020-10-22,41.845646,-71.609508,0.0
2020-10-23,41.845646,-71.609508,0.0
2020-10-24,41.845646,-71.609508,0.0
2020-10-25,41.845646,-71.609508,0.11090209536748573
2020-10-26,41.845646,-71.609508,0.11937143463691745
2020-10-27,41.845646,-71.609508,1.3928146030951911
2020-10-28,41.845646,-71.609508,8.946394905171541
2020-10-29,41.845646,-71.609508,25.980617054252676
2020-10-30,41.845646,-71.609508,15.344010352838675
2020-10-31,41.845646,-71.609508,0.0
2020-11-01,41.845646,-71.609508,9.05543395814428
2020-11-02,41.845646,-71.609508,4.344728515508928
2020-11-03,41.845646,-71.609508,0.16663608082870457
2020-11-04,41.845646,-71.609508,0.0
2020-11-05,41.845646,-71.609508,0.0
2020-11-06,41.845646,-71.609508,0.0
2020-11-07,41.845646,-71.609508,0.03182141100194079
2020-11-08,41.845646,-71.609508,0.0
2020-11-09,41.845646,-71.609508,0.0
2020-11-10,41.845646,-71.609508,0.0
2020-11-11,41.845646,-71.609508,2.421347231315127
2020-11-12,41.845646,-71.609508,39.0971135102801
2020-11-13,41.845646,-71.609508,0.5326433000835452
2020-11-14,41.845646,-71.609508,0.0
2020-11-15,41.845646,-71.609508,0.0
2020-11-16,41.845646,-71.609508,7.383802978394427
2020-11-17,41.845646,-71.609508,0.005691496997711578
2020-11-18,41.845646,-71.609508,0.0
2020-11-19,41.845646,-71.609508,0.0
2020-11-20,41.845646,-71.609508,0.3575692463304186
2020-11-21,41.845646,-71.609508,0.04397397890561957
2020-11-22,41.845646,-71.609508,0.010527177018552434
2020-11-23,41.845646,-71.609508,62.84068510049422
2020-11-24,41.845646,-71.609508,0.0
2020-11-25,41.845646,-71.609508,1.5435962054647725
2020-11-26,41.845646,-71.609508,7.847124364132027
2020-11-27,41.845646,-71.609508,0.0
2020-11-28,41.845646,-71.609508,0.0
2020-11-29,41.845646,-71.609508,0.0
2020-11-30,41.845646,-71.609508,25.881232489780572
2020-12-01,41.845646,-71.609508,4.649691945563717
2020-12-02,41.845646,-71.609508,0.0
2020-12-03,41.845646,-71.609508,0.0
2020-12-04,41.845646,-71.609508,1.5724488075480503
2020-12-05,41.845646,-71.609508,97.14705617680237
2020-12-06,41.845646,-71.609508,0.5501938630926861
2020-12-07,41.845646,-71.609508,0.0
2020-12-08,41.845646,-71.609508,0.0
2020-12-09,41.845646,-71.609508,0.0387819530849854
2020-12-10,41.845646,-71.609508,0.0
2020-12-11,41.845646,-71.609508,0.0
2020-12-12,41.845646,-71.609508,3.486843021892641
2020-12-13,41.845646,-71.609508,0.022653350081966825
2020-12-14,41.845646,-71.609508,5.189174228013835
2020-12-15,41.845646,-71.609508,0.0
2020-12-16,41.845646,-71.609508,0.07852050348488047
2020-12-17,41.845646,-71.609508,8.305824408733333
2020-12-18,41.845646,-71.609508,0.0
2020-12-19,41.845646,-71.609508,0.0
2020-12-20,41.845646,-71.609508,1.2038011749611361
2020-12-21,41.845646,-71.609508,0.0016749592477637465
2020-12-22,41.845646,-71.609508,0.01129966464781492
2020-12-23,41.845646,-71.609508,0.0
2020-12-24,41.845646,-71.609508,0.00982368827844643
2020-12-25,41.845646,-71.609508,85.26639396053763
2020-12-26,41.845646,-71.609508,0.5647366679631804
2020-12-27,41.845646,-71.609508,0.0
2020-12-28,41.845646,-71.609508,0.0005181769844651281
2020-12-29,41.845646,-71.609508,0.0
2020-12-30,41.845646,-71.609508,0.0
2020-12-31,41.845646,-71.609508,4.7948438620325895
2021-01-01,41.845646,-71.609508,0.0
2021-01-02,41.845646,-71.609508,8.11356819053563
2021-01-03,41.845646,-71.609508,0.6334230720579654
2021-01-04,41.845646,-71.609508,0.5728494436331393
2021-01-05,41.845646,-71.609508,0.0
2021-01-06,41.845646,-71.609508,0.0
2021-01-07,41.845646,-71.609508,0.0
2021-01-08,41.845646,-71.609508,0.0
2021-01-09,41.845646,-71.609508,0.0
2021-01-10,41.845646,-71.609508,0.0
2021-01-11,41.845646,-71.609508,0.0007412557344211525
2021-01-12,41.845646,-71.609508,0.0
2021-01-13,41.845646,-71.609508,0.0
2021-01-14,41.845646,-71.609508,0.00025908849223256405
2021-01-15,41.845646,-71.609508,0.0
2021-01-16,41.845646,-71.609508,71.94775012504118
2021-01-17,41.845646,-71.609508,0.0
2021-01-18,41.845646,-71.609508,0.0
2021-01-19,41.845646,-71.609508,0.0
2021-01-20,41.845646,-71.609508,0.0
2021-01-21,41.845646,-71.609508,0.0
2021-01-22,41.845646,-71.609508,0.0
2021-01-23,41.845646,-71.609508,0.0
2021-01-24,41.845646,-71.609508,0.0
2021-01-25,41.845646,-71.609508,0.1061124343852955
2021-01-26,41.845646,-71.609508,0.062466639259039496
2021-01-27,41.845646,-71.609508,0.0
2021-01-28,41.845646,-71.609508,0.0
2021-01-29,41.845646,-71.609508,0.0
2021-01-30,41.845646,-71.609508,0.0
2021-01-31,41.845646,-71.609508,0.2191126575886058
2021-02-01,41.845646,-71.609508,12.819710382468065
2021-02-02,41.845646,-71.609508,1.039925892084058
2021-02-03,41.845646,-71.609508,0.0
2021-02-04,41.845646,-71.609508,0.0
2021-02-05,41.845646,-71.609508,4.906237894859421
2021-02-06,41.845646,-71.609508,0.0
2021-02-07,41.845646,-71.609508,20.174190463783997
2021-02-08,41.845646,-71.609508,0.0
2021-02-09,41.845646,-71.609508,0.44224967385885566
2021-02-10,41.845646,-71.609508,0.0
2021-02-11,41.845646,-71.609508,0.5189984960809587
2021-02-12,41.845646,-71.609508,0.0
2021-02-13,41.845646,-71.609508,1.131700242841502
2021-02-14,41.845646,-71.609508,2.742355040554737
2021-02-15,41.845646,-71.609508,1.585627036491224
2021-02-16,41.845646,-71.609508,22.057865714918684
2021-02-17,41.845646,-71.609508,0.2024707188524952
2021-02-18,41.845646,-71.609508,3.1304380312085316
2021-02-19,41.845646,-71.609508,2.1620675498726296
2021-02-20,41.845646,-71.609508,0.4686963095682172
2021-02-21,41.845646,-71.609508,0.002845748498855789
2021-02-22,41.845646,-71.609508,14.03154904883363
2021-02-23,41.845646,-71.609508,0.37146356617071674
2021-02-24,41.845646,-71.609508,0.0
2021-02-25,41.845646,-71.609508,0.074562257391181
2021-02-26,41.845646,-71.609508,0.0
2021-02-27,41.845646,-71.609508,0.8584835131494546
2021-02-28,41.845646,-71.609508,0.24573218497348023
2021-03-01,41.845646,-71.609508,15.715284681543341
2021-03-02,41.845646,-71.609508,0.1944589838403798
2021-03-03,41.845646,-71.609508,0.0
2021-03-04,41.845646,-71.609508,0.0
2021-03-05,41.845646,-71.609508,0.0
2021-03-06,41.845646,-71.609508,0.00025908849223256405
2021-03-07,41.845646,-71.609508,0.0
2021-03-08,41.845646,-71.609508,0.0
2021-03-09,41.845646,-71.609508,0.00017631149803615318
2021-03-10,41.845646,-71.609508,0.0
2021-03-11,41.845646,-71.609508,0.14886161918349505
2021-03-12,41.845646,-71.609508,1.057327467110743
2021-03-13,41.845646,-71.609508,0.00025908849223256405
2021-03-14,41.845646,-71.609508,0.0
2021-03-15,41.845646,-71.609508,0.0
2021-03-16,41.845646,-71.609508,0.0697158487501979
2021-03-17,41.845646,-71.609508,0.0004821672421885884
2021-03-18,41.845646,-71.609508,15.31692974556584
2021-03-19,41.845646,-71.609508,4.903723811306444
2021-03-20,41.845646,-71.609508,0.0
2021-03-21,41.845646,-71.609508,0.0
2021-03-22,41.845646,-71.609508,0.0
2021-03-23,41.845646,-71.609508,0.0
2021-03-24,41.845646,-71.609508,0.19878570698060205
2021-03-25,41.845646,-71.609508,10.108256591879329
2021-03-26,41.845646,-71.609508,2.5505688502815564
2021-03-27,41.845646,-71.609508,0.0
2021-03-28,41.845646,-71.609508,16.838979461715248
2021-03-29,41.845646,-71.609508,12.730968641392614
2021-03-30,41.845646,-71.609508,0.0
2021-03-31,41.845646,-71.609508,0.749219233501137
2021-04-01,41.845646,-71.609508,15.022669768575543
2021-04-02,41.845646,-71.609508,0.0
2021-04-03,41.845646,-71.609508,0.0
2021-04-04,41.845646,-71.609508,0.0
2021-04-05,41.845646,-71.609508,0.0
2021-04-06,41.845646,-71.609508,0.0
2021-04-07,41.845646,-71.609508,0.0
2021-04-08,41.845646,-71.609508,0.0
2021-04-09,41.845646,-71.609508,0.0
2021-04-10,41.845646,-71.609508,0.021185051488051235
2021-04-11,41.845646,-71.609508,6.173229356320903
2021-04-12,41.845646,-71.609508,0.930379151879913
2021-04-13,41.845646,-71.609508,0.0006477212064519128
2021-04-14,41.845646,-71.609508,0.006074121429807659
2021-04-15,41.845646,-71.609508,5.181637546479217
2021-04-16,41.845646,-71.609508,12.743691811927047
2021-04-17,41.845646,-71.609508,0.08891403393326197
2021-04-18,41.845646,-71.609508,0.0
2021-04-19,41.845646,-71.609508,0.0
2021-04-20,41.845646,-71.609508,0.0
2021-04-21,41.845646,-71.609508,6.959592843803847
2021-04-22,41.845646,-71.609508,0.10906971345595254
2021-04-23,41.845646,-71.609508,0.0
2021-04-24,41.845646,-71.609508,0.0
2021-04-25,41.845646,-71.609508,29.89560695189937
2021-04-26,41.845646,-71.609508,0.0
2021-04-27,41.845646,-71.609508,3.148708249024069
2021-04-28,41.845646,-71.609508,6.62180780208341
2021-04-29,41.845646,-71.609508,17.910025137267542
2021-04-30,41.845646,-71.609508,4.928736388971156
2021-05-01,41.845646,-71.609508,1.8016191702652793
2021-05-02,41.845646,-71.609508,5.723198055233373
2021-05-03,41.845646,-71.609508,2.8568463670154673
2021-05-04,41.845646,-71.609508,32.16760807323597
2021-05-05,41.845646,-71.609508,7.312544207377385
2021-05-06,41.845646,-71.609508,0.0
2021-05-07,41.845646,-71.609508,0.002845748498855789
2021-05-08,41.845646,-71.609508,0.24134919379605804
2021-05-09,41.845646,-71.609508,1.1022871464017558
2021-05-10,41.845646,-71.609508,13.704920904264808
2021-05-11,41.845646,-71.609508,0.0
2021-05-12,41.845646,-71.609508,0.0
2021-05-13,41.845646,-71.609508,0.0
2021-05-14,41.845646,-71.609508,0.030394035322685083
2021-05-15,41.845646,-71.609508,0.09295446115268184
2021-05-16,41.845646,-71.609508,0.34525925768879295
2021-05-17,41.845646,-71.609508,2.8433964724674086
2021-05-18,41.845646,-71.609508,0.0056891091099884284
2021-05-19,41.845646,-71.609508,0.0
2021-05-20,41.845646,-71.609508,0.0
2021-05-21,41.845646,-71.609508,0.005691496997711578
2021-05-22,41.845646,-71.609508,0.6173947550245034
2021-05-23,41.845646,-71.609508,0.04122230571952589
2021-05-24,41.845646,-71.609508,0.006005802549139343
2021-05-25,41.845646,-71.609508,0.012077482477924438
2021-05-26,41.845646,-71.609508,0.009636325706998456
2021-05-27,41.845646,-71.609508,14.169275279429302
2021-05-28,41.845646,-71.609508,2.491226550288944
2021-05-29,41.845646,-71.609508,44.289840219205814
2021-05-30,41.845646,-71.609508,9.019471931320279
2021-05-31,41.845646,-71.609508,3.91237135999871
2021-06-01,41.845646,-71.609508,0.0
2021-06-02,41.845646,-71.609508,0.8615651069617204
2021-06-03,41.845646,-71.609508,1.7441110681138787
2021-06-04,41.845646,-71.609508,12.207388159166221
2021-06-05,41.845646,-71.609508,0.01967623066255549
2021-06-06,41.845646,-71.609508,0.0
2021-06-07,41.845646,-71.609508,0.0
2021-06-08,41.845646,-71.609508,0.030741280624059675
2021-06-09,41.845646,-71.609508,1.0361809212664115
2021-06-10,41.845646,-71.609508,0.20914754047922068
2021-06-11,41.845646,-71.609508,0.3645197004994786
2021-06-12,41.845646,-71.609508,2.582858695372676
2021-06-13,41.845646,-71.609508,0.0
2021-06-14,41.845646,-71.609508,19.215215224026238
2021-06-15,41.845646,-71.609508,0.3241966514676985
2021-06-16,41.845646,-71.609508,0.0
2021-06-17,41.845646,-71.609508,0.0
2021-06-18,41.845646,-71.609508,0.0
2021-06-19,41.845646,-71.609508,1.5984001826098018
2021-06-20,41.845646,-71.609508,6.911787407617349
2021-06-21,41.845646,-71.609508,0.0
2021-06-22,41.845646,-71.609508,11.873837085597636
2021-06-23,41.845646,-71.609508,2.8738306035155254
2021-06-24,41.845646,-71.609508,0.0
2021-06-25,41.845646,-71.609508,0.0
2021-06-26,41.845646,-71.609508,0.0
2021-06-27,41.845646,-71.609508,0.0
2021-06-28,41.845646,-71.609508,0.0
2021-06-29,41.845646,-71.609508,0.0038731027885022867
2021-06-30,41.845646,-71.609508,3.4902788585720863
2021-07-01,41.845646,-71.609508,10.908442797851242
2021-07-02,41.845646,-71.609508,30.820514454191375
2021-07-03,41.845646,-71.609508,32.321075651327206
2021-07-04,41.845646,-71.609508,3.909070024217887
2021-07-05,41.845646,-71.609508,0.0
2021-07-06,41.845646,-71.609508,19.966666013168723
2021-07-07,41.845646,-71.609508,7.427592818921805
2021-07-08,41.845646,-71.609508,23.159007888136678
2021-07-09,41.845646,-71.609508,61.646284795906745
2021-07-10,41.845646,-71.609508,1.3085334776111892
2021-07-11,41.845646,-71.609508,0.00580965418275343
2021-07-12,41.845646,-71.609508,18.647994743762982
2021-07-13,41.845646,-71.609508,0.7634701300955723
2021-07-14,41.845646,-71.609508,0.27172908011348523
2021-07-15,41.845646,-71.609508,0.0
2021-07-16,41.845646,-71.609508,5.415995406740173
2021-07-17,41.845646,-71.609508,6.1130473999814114
2021-07-18,41.845646,-71.609508,5.8779663672962
2021-07-19,41.845646,-71.609508,0.0034190625023826342
2021-07-20,41.845646,-71.609508,0.0
2021-07-21,41.845646,-71.609508,0.8085101657141761
2021-07-22,41.845646,-71.609508,0.12553082911969418
2021-07-23,41.845646,-71.609508,0.28870096240316895
2021-07-24,41.845646,-71.609508,0.0
2021-07-25,41.845646,-71.609508,7.615541125922767
2021-07-26,41.845646,-71.609508,0.8010732103058258
2021-07-27,41.845646,-71.609508,0.0
2021-07-28,41.845646,-71.609508,9.607123868609705
2021-07-29,41.845646,-71.609508,1.9329637911945952
2021-07-30,41.845646,-71.609508,0.0
2021-07-31,41.845646,-71.609508,0.0
2021-08-01,41.845646,-71.609508,0.0
2021-08-02,41.845646,-71.609508,0.03865436691468168
2021-08-03,41.845646,-71.609508,0.028925339734824577
2021-08-04,41.845646,-71.609508,28.48411472463615
2021-08-05,41.845646,-71.609508,22.822494876104145
2021-08-06,41.845646,-71.609508,0.0
2021-08-07,41.845646,-71.609508,0.0374137346439854
2021-08-08,41.845646,-71.609508,6.191014490330559
2021-08-09,41.845646,-71.609508,1.9872391503635267
2021-08-10,41.845646,-71.609508,0.0
2021-08-11,41.845646,-71.609508,0.015515412089906052
2021-08-12,41.845646,-71.609508,2.1887477933638193
2021-08-13,41.845646,-71.609508,9.606650365971774
2021-08-14,41.845646,-71.609508,4.92341471420801
2021-08-15,41.845646,-71.609508,0.0
2021-08-16,41.845646,-71.609508,0.0
2021-08-17,41.845646,-71.609508,0.06492588410688375
2021-08-18,41.845646,-71.609508,2.667213305832092
2021-08-19,41.845646,-71.609508,28.53465893878694
2021-08-20,41.845646,-71.609508,0.0
2021-08-21,41.845646,-71.609508,0.0
2021-08-22,41.845646,-71.609508,22.228157693443407
2021-08-23,41.845646,-71.609508,3.117816076530892
2021-08-24,41.845646,-71.609508,0.022027446153515446
2021-08-25,41.845646,-71.609508,0.0
2021-08-26,41.845646,-71.609508,0.0
2021-08-27,41.845646,-71.609508,1.7864425012352263
2021-08-28,41.845646,-71.609508,0.022505083015999485
2021-08-29,41.845646,-71.609508,1.340610838585581
2021-08-30,41.845646,-71.609508,0.00809882857307688
2021-08-31,41.845646,-71.609508,0.2847043259085357
2021-09-01,41.845646,-71.609508,11.000007192798712
2021-09-02,41.845646,-71.609508,84.6567027259824
2021-09-03,41.845646,-71.609508,0.0
2021-09-04,41.845646,-71.609508,0.0
2021-09-05,41.845646,-71.609508,6.5577195347402
2021-09-06,41.845646,-71.609508,0.09709203299179243
2021-09-07,41.845646,-71.609508,0.0
2021-09-08,41.845646,-71.609508,0.0
2021-09-09,41.845646,-71.609508,29.828792374362365
2021-09-10,41.845646,-71.609508,6.91648801605695
2021-09-11,41.845646,-71.609508,0.0
2021-09-12,41.845646,-71.609508,0.00012954424611628202
2021-09-13,41.845646,-71.609508,0.018105953468346002
2021-09-14,41.845646,-71.609508,0.0019365513942511433
2021-09-15,41.845646,-71.609508,0.0
2021-09-16,41.845646,-71.609508,10.682560189811786
2021-09-17,41.845646,-71.609508,1.7037247655481471
2021-09-18,41.845646,-71.609508,0.0
2021-09-19,41.845646,-71.609508,0.0
2021-09-20,41.845646,-71.609508,0.0
2021-09-21,41.845646,-71.609508,0.0
2021-09-22,41.845646,-71.609508,0.1496520220224752
2021-09-23,41.845646,-71.609508,0.0
2021-09-24,41.845646,-71.609508,7.7894575173990726
2021-09-25,41.845646,-71.609508,0.0
2021-09-26,41.845646,-71.609508,7.974696504266743
2021-09-27,41.845646,-71.609508,0.0
2021-09-28,41.845646,-71.609508,13.164170568097473
2021-09-29,41.845646,-71.609508,0.009019412738755957
2021-09-30,41.845646,-71.609508,0.0
2021-10-01,41.845646,-71.609508,0.0
2021-10-02,41.845646,-71.609508,0.03825839914485546
2021-10-03,41.845646,-71.609508,0.2799186905925076
2021-10-04,41.845646,-71.609508,38.35053419890284
2021-10-05,41.845646,-71.609508,18.167495412076573
2021-10-06,41.845646,-71.609508,0.0
2021-10-07,41.845646,-71.609508,0.0
2021-10-08,41.845646,-71.609508,0.0
2021-10-09,41.845646,-71.609508,0.0
2021-10-10,41.845646,-71.609508,9.666473436976894
2021-10-11,41.845646,-71.609508,0.009160317169593004
2021-10-12,41.845646,-71.609508,0.0
2021-10-13,41.845646,-71.609508,0.0
2021-10-14,41.845646,-71.609508,0.0
2021-10-15,41.845646,-71.609508,0.10028877491783998
2021-10-16,41.845646,-71.609508,0.00043539999026871723
2021-10-17,41.845646,-71.609508,10.697232304511822
2021-10-18,41.845646,-71.609508,0.0
2021-10-19,41.845646,-71.609508,0.0
2021-10-20,41.845646,-71.609508,0.0
2021-10-21,41.845646,-71.609508,0.0005289344941084596
2021-10-22,41.845646,-71.609508,0.0
2021-10-23,41.845646,-71.609508,0.046437326037411845
2021-10-24,41.845646,-71.609508,0.0
2021-10-25,41.845646,-71.609508,7.971132950319857
2021-10-26,41.845646,-71.609508,28.764195889056513
2021-10-27,41.845646,-71.609508,11.575226135936694
2021-10-28,41.845646,-71.609508,0.0
2021-10-29,41.845646,-71.609508,0.0
2021-10-30,41.845646,-71.609508,11.467377438823275
2021-10-31,41.845646,-71.609508,15.482766371641862
2021-11-01,41.845646,-71.609508,0.0
2021-11-02,41.845646,-71.609508,0.3542439593885275
2021-11-03,41.845646,-71.609508,0.0022920494416294145
2021-11-04,41.845646,-71.609508,0.04709073040538148
2021-11-05,41.845646,-71.609508,0.0
2021-11-06,41.845646,-71.609508,0.0
2021-11-07,41.845646,-71.609508,0.0
2021-11-08,41.845646,-71.609508,1.3113897367444707
2021-11-09,41.845646,-71.609508,0.0
2021-11-10,41.845646,-71.609508,0.5896781505131186
2021-11-11,41.845646,-71.609508,0.0
2021-11-12,41.845646,-71.609508,27.096341919074924
2021-11-13,41.845646,-71.609508,1.352578175192688
2021-11-14,41.845646,-71.609508,0.0
2021-11-15,41.845646,-71.609508,3.858329004298262
2021-11-16,41.845646,-71.609508,0.0
2021-11-17,41.845646,-71.609508,0.0
2021-11-18,41.845646,-71.609508,0.0052785872015572305
2021-11-19,41.845646,-71.609508,9.955485177599696
2021-11-20,41.845646,-71.609508,0.0
2021-11-21,41.845646,-71.609508,0.1584309884326705
2021-11-22,41.845646,-71.609508,8.475776466026879
2021-11-23,41.845646,-71.609508,0.0
2021-11-24,41.845646,-71.609508,0.0
2021-11-25,41.845646,-71.609508,0.050380542391150585
2021-11-26,41.845646,-71.609508,7.640796108155765
2021-11-27,41.845646,-71.609508,0.0
2021-11-28,41.845646,-71.609508,0.06287093528200555
2021-11-29,41.845646,-71.609508,0.0
2021-11-30,41.845646,-71.609508,0.0
2021-12-01,41.845646,-71.609508,0.0
2021-12-02,41.845646,-71.609508,3.3881273398698957
2021-12-03,41.845646,-71.609508,0.7631897576678075
2021-12-04,41.845646,-71.609508,0.0
2021-12-05,41.845646,-71.609508,0.2759915174990203
2021-12-06,41.845646,-71.609508,10.599676892121142
2021-12-07,41.845646,-71.609508,3.6082405447991768
2021-12-08,41.845646,-71.609508,0.35014092275278985
2021-12-09,41.845646,-71.609508,0.0
2021-12-10,41.845646,-71.609508,0.055926116964679515
2021-12-11,41.845646,-71.609508,9.542279051422412
2021-12-12,41.845646,-71.609508,15.084616074218843
2021-12-13,41.845646,-71.609508,0.002115737976433838
2021-12-14,41.845646,-71.609508,0.0
2021-12-15,41.845646,-71.609508,1.6843172720947588
2021-12-16,41.845646,-71.609508,9.786053945852524
2021-12-17,41.845646,-71.609508,0.0028876248132518817
2021-12-18,41.845646,-71.609508,2.7906611976805578
2021-12-19,41.845646,-71.609508,2.331042266019008
2021-12-20,41.845646,-71.609508,0.0
2021-12-21,41.845646,-71.609508,0.0
2021-12-22,41.845646,-71.609508,0.5317830749695717
2021-12-23,41.845646,-71.609508,0.0
2021-12-24,41.845646,-71.609508,0.0011460247208147072
2021-12-25,41.845646,-71.609508,13.362819287731302
2021-12-26,41.845646,-71.609508,0.7988736832038547
2021-12-27,41.845646,-71.609508,0.0
2021-12-28,41.845646,-71.609508,0.1855391294702596
2021-12-29,41.845646,-71.609508,1.885044147125643
2021-12-30,41.845646,-71.609508,0.9116662321442665
2021-12-31,41.845646,-71.609508,0.03601343735246298
2022-01-01,41.845646,-71.609508,0.7720068571449208
2022-01-02,41.845646,-71.609508,16.904242184861076
2022-01-03,41.845646,-71.609508,0.8152519594173839
2022-01-04,41.845646,-71.609508,0.009819287356327866
2022-01-05,41.845646,-71.609508,3.288832287210387
2022-01-06,41.845646,-71.609508,0.0
2022-01-07,41.845646,-71.609508,4.3348452269472935
2022-01-08,41.845646,-71.609508,0.0
2022-01-09,41.845646,-71.609508,1.948415248126516
2022-01-10,41.845646,-71.609508,9.978826067081018
2022-01-11,41.845646,-71.609508,0.0
2022-01-12,41.845646,-71.609508,0.0
2022-01-13,41.845646,-71.609508,0.0
2022-01-14,41.845646,-71.609508,0.5210772888364599
2022-01-15,41.845646,-71.609508,0.0
2022-01-16,41.845646,-71.609508,0.0
2022-01-17,41.845646,-71.609508,24.36081120874455
2022-01-18,41.845646,-71.609508,0.0
2022-01-19,41.845646,-71.609508,0.0
2022-01-20,41.845646,-71.609508,6.041059608780657
2022-01-21,41.845646,-71.609508,0.0
2022-01-22,41.845646,-71.609508,5.3409185360684175
2022-01-23,41.845646,-71.609508,0.0
2022-01-24,41.845646,-71.609508,0.0
2022-01-25,41.845646,-71.609508,0.4812194514111239
2022-01-26,41.845646,-71.609508,0.0
2022-01-27,41.845646,-71.609508,0.0
2022-01-28,41.845646,-71.609508,0.005822878632962629
2022-01-29,41.845646,-71.609508,12.604084881927308
2022-01-30,41.845646,-71.609508,0.0015545309533953843
2022-01-31,41.845646,-71.609508,0.0
2022-02-01,41.845646,-71.609508,0.0
2022-02-02,41.845646,-71.609508,0.0
2022-02-03,41.845646,-71.609508,0.5896649338018416
2022-02-04,41.845646,-71.609508,44.176969717569335
2022-02-05,41.845646,-71.609508,2.552438710794557
2022-02-06,41.845646,-71.609508,0.0
2022-02-07,41.845646,-71.609508,0.46806046047676947
2022-02-08,41.845646,-71.609508,21.483805816985782
2022-02-09,41.845646,-71.609508,0.0
2022-02-10,41.845646,-71.609508,0.0
2022-02-11,41.845646,-71.609508,0.0
2022-02-12,41.845646,-71.609508,0.0
2022-02-13,41.845646,-71.609508,0.03233058671693623
2022-02-14,41.845646,-71.609508,0.02379334069030688
2022-02-15,41.845646,-71.609508,0.0
2022-02-16,41.845646,-71.609508,0.0
2022-02-17,41.845646,-71.609508,0.0
2022-02-18,41.845646,-71.609508,31.06301322682091
2022-02-19,41.845646,-71.609508,0.0
2022-02-20,41.845646,-71.609508,0.0
2022-02-21,41.845646,-71.609508,0.0
2022-02-22,41.845646,-71.609508,5.500043546700538
2022-02-23,41.845646,-71.609508,15.78916913740488
2022-02-24,41.845646,-71.609508,0.30597460140329935
2022-02-25,41.845646,-71.609508,38.82850982129311
2022-02-26,41.845646,-71.609508,0.0
2022-02-27,41.845646,-71.609508,0.0
2022-02-28,41.845646,-71.609508,0.09524364672504053
2022-03-01,41.845646,-71.609508,0.0
2022-03-02,41.845646,-71.609508,2.9569343483733577
2022-03-03,41.845646,-71.609508,3.3143944724847714
2022-03-04,41.845646,-71.609508,0.0
2022-03-05,41.845646,-71.609508,0.0
2022-03-06,41.845646,-71.609508,6.921202262075696
2022-03-07,41.845646,-71.609508,2.68779262998551
2022-03-08,41.845646,-71.609508,8.860459800235638
2022-03-09,41.845646,-71.609508,3.2386140425377095
2022-03-10,41.845646,-71.609508,0.0
2022-03-11,41.845646,-71.609508,0.0
2022-03-12,41.845646,-71.609508,20.42885537998303
2022-03-13,41.845646,-71.609508,0.0
2022-03-14,41.845646,-71.609508,0.0
2022-03-15,41.845646,-71.609508,0.0
2022-03-16,41.845646,-71.609508,1.1670395824491397
2022-03-17,41.845646,-71.609508,5.672853066274422
2022-03-18,41.845646,-71.609508,1.1372289461978562
2022-03-19,41.845646,-71.609508,0.7315249636752813
2022-03-20,41.845646,-71.609508,0.9524587243410821
2022-03-21,41.845646,-71.609508,0.018315335307663782
2022-03-22,41.845646,-71.609508,0.0
2022-03-23,41.845646,-71.609508,0.026648089928570384
2022-03-24,41.845646,-71.609508,13.43173663445964
2022-03-25,41.845646,-71.609508,17.41341926852762
2022-03-26,41.845646,-71.609508,1.3044252351019598
2022-03-27,41.845646,-71.609508,0.009697132818915911
2022-03-28,41.845646,-71.609508,0.0008815574573401889
2022-03-29,41.845646,-71.609508,0.0
2022-03-30,41.845646,-71.609508,0.0
2022-03-31,41.845646,-71.609508,0.8353259442853969
2022-04-01,41.845646,-71.609508,1.553362931076256
2022-04-02,41.845646,-71.609508,0.0
2022-04-03,41.845646,-71.609508,1.3190595484273153
2022-04-04,41.845646,-71.609508,0.0
2022-04-05,41.845646,-71.609508,0.012160259472120849
2022-04-06,41.845646,-71.609508,5.365509318477571
2022-04-07,41.845646,-71.609508,1.8040940064917783
2022-04-08,41.845646,-71.609508,6.071946501634792
2022-04-09,41.845646,-71.609508,0.0
2022-04-10,41.845646,-71.609508,0.0
2022-04-11,41.845646,-71.609508,0.0
2022-04-12,41.845646,-71.609508,10.580812633066097
2022-04-13,41.845646,-71.609508,0.0
2022-04-14,41.845646,-71.609508,0.479405043368608
2022-04-15,41.845646,-71.609508,7.008190613450246
2022-04-16,41.845646,-71.609508,0.15343361283776244
2022-04-17,41.845646,-71.609508,11.081604010669784
2022-04-18,41.845646,-71.609508,0.4875326772667033
2022-04-19,41.845646,-71.609508,42.18549236896433
2022-04-20,41.845646,-71.609508,0.0
2022-04-21,41.845646,-71.609508,0.28718254569246027
2022-04-22,41.845646,-71.609508,0.0
2022-04-23,41.845646,-71.609508,0.0
2022-04-24,41.845646,-71.609508,0.43192445722687256
2022-04-25,41.845646,-71.609508,0.0018297557593538083
2022-04-26,41.845646,-71.609508,0.006736300701528676
2022-04-27,41.845646,-71.609508,4.692145691798468
2022-04-28,41.845646,-71.609508,0.0
2022-04-29,41.845646,-71.609508,0.0
2022-04-30,41.845646,-71.609508,0.0
2022-05-01,41.845646,-71.609508,0.0
2022-05-02,41.845646,-71.609508,0.05485778642761506
2022-05-03,41.845646,-71.609508,1.2421544030893394
2022-05-04,41.845646,-71.609508,10.877609991018153
2022-05-05,41.845646,-71.609508,0.0019394265112382565
2022-05-06,41.845646,-71.609508,2.669551305158811
2022-05-07,41.845646,-71.609508,5.929296604068447
2022-05-08,41.845646,-71.609508,0.011738023385792381
2022-05-09,41.845646,-71.609508,0.0
2022-05-10,41.845646,-71.609508,0.0
2022-05-11,41.845646,-71.609508,0.0008815574573401889
2022-05-12,41.845646,-71.609508,0.0
2022-05-13,41.845646,-71.609508,0.0
2022-05-14,41.845646,-71.609508,0.1454402367270268
2022-05-15,41.845646,-71.609508,1.0219557359083598
2022-05-16,41.845646,-71.609508,0.0
2022-05-17,41.845646,-71.609508,4.867716549130102
2022-05-18,41.845646,-71.609508,0.0
2022-05-19,41.845646,-71.609508,10.30605130408629
2022-05-20,41.845646,-71.609508,0.01901104238738588
2022-05-21,41.845646,-71.609508,1.1448352191170967
2022-05-22,41.845646,-71.609508,0.0
2022-05-23,41.845646,-71.609508,1.0250805930366822
2022-05-24,41.845646,-71.609508,1.9551279187068493
2022-05-25,41.845646,-71.609508,0.00580965418275343
2022-05-26,41.845646,-71.609508,0.16135209876647655
2022-05-27,41.845646,-71.609508,0.0
2022-05-28,41.845646,-71.609508,7.563439093171631
2022-05-29,41.845646,-71.609508,0.0
2022-05-30,41.845646,-71.609508,0.00404941428653844
2022-05-31,41.845646,-71.609508,0.03087854261357418
2022-06-01,41.845646,-71.609508,1.188407226818562
2022-06-02,41.845646,-71.609508,2.2803697872935906
2022-06-03,41.845646,-71.609508,0.283454809963944
2022-06-04,41.845646,-71.609508,0.02286012532828257
2022-06-05,41.845646,-71.609508,0.0
2022-06-06,41.845646,-71.609508,0.0
2022-06-07,41.845646,-71.609508,1.9306064763216284
2022-06-08,41.845646,-71.609508,16.540996246197274
2022-06-09,41.845646,-71.609508,16.129964478468345
2022-06-10,41.845646,-71.609508,0.0
2022-06-11,41.845646,-71.609508,0.09013957964605573
2022-06-12,41.845646,-71.609508,0.12111682250109493
2022-06-13,41.845646,-71.609508,14.943332138179997
2022-06-14,41.845646,-71.609508,0.0
2022-06-15,41.845646,-71.609508,0.0
2022-06-16,41.845646,-71.609508,0.29421251512890406
2022-06-17,41.845646,-71.609508,4.677964371932754
2022-06-18,41.845646,-71.609508,0.06421205172774735
2022-06-19,41.845646,-71.609508,8.11819191857126
2022-06-20,41.845646,-71.609508,0.0
2022-06-21,41.845646,-71.609508,0.0
2022-06-22,41.845646,-71.609508,1.8156851476614462
2022-06-23,41.845646,-71.609508,0.0
2022-06-24,41.845646,-71.609508,0.5338485278640447
2022-06-25,41.845646,-71.609508,0.0
2022-06-26,41.845646,-71.609508,0.0
2022-06-27,41.845646,-71.609508,23.930226171521895
2022-06-28,41.845646,-71.609508,4.216747674656694
2022-06-29,41.845646,-71.609508,0.0019365513942511433
2022-06-30,41.845646,-71.609508,0.0
2022-07-01,41.845646,-71.609508,0.0
2022-07-02,41.845646,-71.609508,12.830940551776456
2022-07-03,41.845646,-71.609508,2.0307387373241004
2022-07-04,41.845646,-71.609508,0.0
2022-07-05,41.845646,-71.609508,3.6519913071825982
2022-07-06,41.845646,-71.609508,0.151915910108705
2022-07-07,41.845646,-71.609508,0.0
2022-07-08,41.845646,-71.609508,0.00025908849223256405
2022-07-09,41.845646,-71.609508,1.1423631973913286
2022-07-10,41.845646,-71.609508,0.0006477212064519128
2022-07-11,41.845646,-71.609508,0.0
2022-07-12,41.845646,-71.609508,0.0
2022-07-13,41.845646,-71.609508,1.0595364663744125
2022-07-14,41.845646,-71.609508,0.6078164021287962
2022-07-15,41.845646,-71.609508,0.0
2022-07-16,41.845646,-71.609508,1.2153956857757384
2022-07-17,41.845646,-71.609508,0.668757481278601
2022-07-18,41.845646,-71.609508,11.940086785118828
2022-07-19,41.845646,-71.609508,3.884057415554128
2022-07-20,41.845646,-71.609508,0.11143523830777087
2022-07-21,41.845646,-71.609508,0.0
2022-07-22,41.845646,-71.609508,0.0
2022-07-23,41.845646,-71.609508,0.0
2022-07-24,41.845646,-71.609508,0.0
2022-07-25,41.845646,-71.609508,3.6155656495043758
2022-07-26,41.845646,-71.609508,1.3869828722634712
2022-07-27,41.845646,-71.609508,0.0
2022-07-28,41.845646,-71.609508,0.0
2022-07-29,41.845646,-71.609508,0.24345169634281388
2022-07-30,41.845646,-71.609508,1.7269989013313487
2022-07-31,41.845646,-71.609508,0.0
2022-08-01,41.845646,-71.609508,10.711752517755034
2022-08-02,41.845646,-71.609508,0.03130323401747566
2022-08-03,41.845646,-71.609508,0.01161930836550686
2022-08-04,41.845646,-71.609508,0.0
2022-08-05,41.845646,-71.609508,0.0
2022-08-06,41.845646,-71.609508,0.0
2022-08-07,41.845646,-71.609508,0.0
2022-08-08,41.845646,-71.609508,0.03699472995506328
2022-08-09,41.845646,-71.609508,6.486164689880549
2022-08-10,41.845646,-71.609508,0.08585532782264105
2022-08-11,41.845646,-71.609508,2.7817389053639743
2022-08-12,41.845646,-71.609508,0.06818586553584383
2022-08-13,41.845646,-71.609508,3.225566830772797
2022-08-14,41.845646,-71.609508,0.16104599535180214
2022-08-15,41.845646,-71.609508,0.0
2022-08-16,41.845646,-71.609508,0.04990705206405073
2022-08-17,41.845646,-71.609508,7.986471260685631
2022-08-18,41.845646,-71.609508,0.0
2022-08-19,41.845646,-71.609508,0.0
2022-08-20,41.845646,-71.609508,0.0
2022-08-21,41.845646,-71.609508,0.0
2022-08-22,41.845646,-71.609508,9.149198041682745
2022-08-23,41.845646,-71.609508,7.485424218061622
2022-08-24,41.845646,-71.609508,0.4776084101628571
2022-08-25,41.845646,-71.609508,0.0
2022-08-26,41.845646,-71.609508,17.659369292641998
2022-08-27,41.845646,-71.609508,0.0
2022-08-28,41.845646,-71.609508,0.0
2022-08-29,41.845646,-71.609508,0.0
2022-08-30,41.845646,-71.609508,0.0
2022-08-31,41.845646,-71.609508,3.8277425337717754
2022-09-01,41.845646,-71.609508,0.0
2022-09-02,41.845646,-71.609508,0.0
2022-09-03,41.845646,-71.609508,0.01161930836550686
2022-09-04,41.845646,-71.609508,0.09943443650563874
2022-09-05,41.845646,-71.609508,33.6272125524395
2022-09-06,41.845646,-71.609508,59.82383101054685
2022-09-07,41.845646,-71.609508,0.0063385886768618895
2022-09-08,41.845646,-71.609508,0.0
2022-09-09,41.845646,-71.609508,0.0
2022-09-10,41.845646,-71.609508,0.0
2022-09-11,41.845646,-71.609508,2.519022542650888
2022-09-12,41.845646,-71.609508,3.692947838749073
2022-09-13,41.845646,-71.609508,16.52540598921272
2022-09-14,41.845646,-71.609508,0.0
2022-09-15,41.845646,-71.609508,0.0
2022-09-16,41.845646,-71.609508,0.0
2022-09-17,41.845646,-71.609508,0.0
2022-09-18,41.845646,-71.609508,0.0
2022-09-19,41.845646,-71.609508,0.028457483928433943
2022-09-20,41.845646,-71.609508,0.8574551847772918
2022-09-21,41.845646,-71.609508,0.0
2022-09-22,41.845646,-71.609508,23.751957782523167
2022-09-23,41.845646,-71.609508,0.0
2022-09-24,41.845646,-71.609508,0.0
2022-09-25,41.845646,-71.609508,1.4017728646084393
2022-09-26,41.845646,-71.609508,4.934877734969037
2022-09-27,41.845646,-71.609508,0.2167558765793146
2022-09-28,41.845646,-71.609508,0.0
2022-09-29,41.845646,-71.609508,0.027481158443056153
2022-09-30,41.845646,-71.609508,0.01146024720814709
2022-10-01,41.845646,-71.609508,30.209449958187815
2022-10-02,41.845646,-71.609508,0.028470066234905608
2022-10-03,41.845646,-71.609508,5.46265213718452
2022-10-04,41.845646,-71.609508,2.4234148652133727
2022-10-05,41.845646,-71.609508,8.51404982808241
2022-10-06,41.845646,-71.609508,25.19949295673549
2022-10-07,41.845646,-71.609508,0.0
2022-10-08,41.845646,-71.609508,2.810306442289235
2022-10-09,41.845646,-71.609508,0.0
2022-10-10,41.845646,-71.609508,0.004015871750252216
2022-10-11,41.845646,-71.609508,0.0
2022-10-12,41.845646,-71.609508,0.0
2022-10-13,41.845646,-71.609508,3.7898399329178467
2022-10-14,41.845646,-71.609508,47.1474755049654
2022-10-15,41.845646,-71.609508,0.020917540929200163
2022-10-16,41.845646,-71.609508,0.0
2022-10-17,41.845646,-71.609508,0.09582421151464901
2022-10-18,41.845646,-71.609508,5.536916931940045
2022-10-19,41.845646,-71.609508,0.0
2022-10-20,41.845646,-71.609508,0.0
2022-10-21,41.845646,-71.609508,0.0
2022-10-22,41.845646,-71.609508,0.0
2022-10-23,41.845646,-71.609508,22.542534211625288
2022-10-24,41.845646,-71.609508,7.16961843435972
2022-10-25,41.845646,-71.609508,0.0
2022-10-26,41.845646,-71.609508,0.1755904115006648
2022-10-27,41.845646,-71.609508,0.0
2022-10-28,41.845646,-71.609508,0.0
2022-10-29,41.845646,-71.609508,0.07881404119403343
2022-10-30,41.845646,-71.609508,0.0
2022-10-31,41.845646,-71.609508,0.01039375342672307
2022-11-01,41.845646,-71.609508,9.874751642468897
2022-11-02,41.845646,-71.609508,0.0
2022-11-03,41.845646,-71.609508,0.0
2022-11-04,41.845646,-71.609508,0.0
2022-11-05,41.845646,-71.609508,0.0
2022-11-06,41.845646,-71.609508,0.0
2022-11-07,41.845646,-71.609508,0.009682756610544902
2022-11-08,41.845646,-71.609508,0.0
2022-11-09,41.845646,-71.609508,0.0
2022-11-10,41.845646,-71.609508,0.0
2022-11-11,41.845646,-71.609508,4.959540736768359
2022-11-12,41.845646,-71.609508,5.657502656775237
2022-11-13,41.845646,-71.609508,6.296521778909996
2022-11-14,41.845646,-71.609508,0.0022920494416294145
2022-11-15,41.845646,-71.609508,0.009682756610544902
2022-11-16,41.845646,-71.609508,19.971955601286012
2022-11-17,41.845646,-71.609508,0.010118491727989901
2022-11-18,41.845646,-71.609508,0.0
2022-11-19,41.845646,-71.609508,0.0
2022-11-20,41.845646,-71.609508,0.0
2022-11-21,41.845646,-71.609508,0.0
2022-11-22,41.845646,-71.609508,0.0
2022-11-23,41.845646,-71.609508,0.0
2022-11-24,41.845646,-71.609508,0.0
2022-11-25,41.845646,-71.609508,0.719564277112047
2022-11-26,41.845646,-71.609508,0.0
2022-11-27,41.845646,-71.609508,33.74804110408723
2022-11-28,41.845646,-71.609508,3.743142599222152
2022-11-29,41.845646,-71.609508,0.0
2022-11-30,41.845646,-71.609508,16.78964411646186
2022-12-01,41.845646,-71.609508,0.47677716022370875
2022-12-02,41.845646,-71.609508,0.0
2022-12-03,41.845646,-71.609508,17.11847903379534
2022-12-04,41.845646,-71.609508,0.0
2022-12-05,41.845646,-71.609508,0.0
2022-12-06,41.845646,-71.609508,2.8611632880314737
2022-12-07,41.845646,-71.609508,35.37201944673488
2022-12-08,41.845646,-71.609508,0.0
2022-12-09,41.845646,-71.609508,0.0
2022-12-10,41.845646,-71.609508,0.0
2022-12-11,41.845646,-71.609508,0.0
2022-12-12,41.845646,-71.609508,1.2508820301108705
2022-12-13,41.845646,-71.609508,0.0
2022-12-14,41.845646,-71.609508,0.0
2022-12-15,41.845646,-71.609508,0.022207494665154835
2022-12-16,41.845646,-71.609508,29.542523939617766
2022-12-17,41.845646,-71.609508,0.0
2022-12-18,41.845646,-71.609508,0.0
2022-12-19,41.845646,-71.609508,0.0
2022-12-20,41.845646,-71.609508,0.0
2022-12-21,41.845646,-71.609508,0.0
2022-12-22,41.845646,-71.609508,1.624616450491086
2022-12-23,41.845646,-71.609508,34.21872134075277
2022-12-24,41.845646,-71.609508,0.0
2022-12-25,41.845646,-71.609508,0.0
2022-12-26,41.845646,-71.609508,0.0
2022-12-27,41.845646,-71.609508,0.0019365513942511433
2022-12-28,41.845646,-71.609508,0.0
2022-12-29,41.845646,-71.609508,0.00038863273834884607
2022-12-30,41.845646,-71.609508,0.0
2022-12-31,41.845646,-71.609508,11.485677375621965
2023-01-01,41.845646,-71.609508,14.783648100751401
2023-01-02,41.845646,-71.609508,0.0011245097179483328
2023-01-03,41.845646,-71.609508,18.010580786407164
2023-01-04,41.845646,-71.609508,14.980742839450361
2023-01-05,41.845646,-71.609508,2.712209678418354
2023-01-06,41.845646,-71.609508,0.009947223857599132
2023-01-07,41.845646,-71.609508,0.0
2023-01-08,41.845646,-71.609508,0.0
2023-01-09,41.845646,-71.609508,0.07895816854210169
2023-01-10,41.845646,-71.609508,0.0
2023-01-11,41.845646,-71.609508,0.0
2023-01-12,41.845646,-71.609508,0.10545764264513582
2023-01-13,41.845646,-71.609508,18.096327889157145
2023-01-14,41.845646,-71.609508,1.1173076251404332
2023-01-15,41.845646,-71.609508,0.4730850733457287
2023-01-16,41.845646,-71.609508,0.9734355777943394
2023-01-17,41.845646,-71.609508,0.7910771032811689
2023-01-18,41.845646,-71.609508,0.0
2023-01-19,41.845646,-71.609508,32.67211548897231
2023-01-20,41.845646,-71.609508,18.46068549885386
2023-01-21,41.845646,-71.609508,0.0
2023-01-22,41.845646,-71.609508,0.24131299522431707
2023-01-23,41.845646,-71.609508,35.427119178194985
2023-01-24,41.845646,-71.609508,0.0
2023-01-25,41.845646,-71.609508,3.666954928628814
2023-01-26,41.845646,-71.609508,45.401147465098546
2023-01-27,41.845646,-71.609508,0.0
2023-01-28,41.845646,-71.609508,0.0
2023-01-29,41.845646,-71.609508,0.06961822699717832
2023-01-30,41.845646,-71.609508,0.0
2023-01-31,41.845646,-71.609508,0.00713199072947453
2023-02-01,41.845646,-71.609508,0.0
2023-02-02,41.845646,-71.609508,0.0
2023-02-03,41.845646,-71.609508,0.0
2023-02-04,41.845646,-71.609508,0.0
2023-02-05,41.845646,-71.609508,0.0
2023-02-06,41.845646,-71.609508,0.0
2023-02-07,41.845646,-71.609508,0.0
2023-02-08,41.845646,-71.609508,3.127083394640729
2023-02-09,41.845646,-71.609508,1.3872499447306945
2023-02-10,41.845646,-71.609508,0.437751619577559
2023-02-11,41.845646,-71.609508,0.0
2023-02-12,41.845646,-71.609508,0.0
2023-02-13,41.845646,-71.609508,4.4909829553031475
2023-02-14,41.845646,-71.609508,0.0
2023-02-15,41.845646,-71.609508,2.3639725027476652
2023-02-16,41.845646,-71.609508,3.591729915912332
2023-02-17,41.845646,-71.609508,15.076408084270712
2023-02-18,41.845646,-71.609508,0.04075573647113534
2023-02-19,41.845646,-71.609508,0.0
2023-02-20,41.845646,-71.609508,0.010123535339214998
2023-02-21,41.845646,-71.609508,3.2516664694266173
2023-02-22,41.845646,-71.609508,0.12224979837124464
2023-02-23,41.845646,-71.609508,19.95747863578028
2023-02-24,41.845646,-71.609508,0.27510938403631285
2023-02-25,41.845646,-71.609508,1.0199235060969756
2023-02-26,41.845646,-71.609508,0.0
2023-02-27,41.845646,-71.609508,0.0
2023-02-28,41.845646,-71.609508,0.541673274984519
2023-03-01,41.845646,-71.609508,0.00038863273834884607
2023-03-02,41.845646,-71.609508,8.12770145310129
2023-03-03,41.845646,-71.609508,0.0
2023-03-04,41.845646,-71.609508,16.66239373344226
2023-03-05,41.845646,-71.609508,0.0
2023-03-06,41.845646,-71.609508,0.11477519743456638
2023-03-07,41.845646,-71.609508,0.1473570929059804
2023-03-08,41.845646,-71.609508,0.0
2023-03-09,41.845646,-71.609508,0.0
2023-03-10,41.845646,-71.609508,0.0
2023-03-11,41.845646,-71.609508,5.787613042599131
2023-03-12,41.845646,-71.609508,0.0
2023-03-13,41.845646,-71.609508,3.7559285215271245
2023-03-14,41.845646,-71.609508,32.985635784997484
2023-03-15,41.845646,-71.609508,0.0
2023-03-16,41.845646,-71.609508,0.006851386906505352
2023-03-17,41.845646,-71.609508,0.20670639222247633
2023-03-18,41.845646,-71.609508,3.3778376041892266
2023-03-19,41.845646,-71.609508,0.0
2023-03-20,41.845646,-71.609508,0.0
2023-03-21,41.845646,-71.609508,0.0
2023-03-22,41.845646,-71.609508,0.0
2023-03-23,41.845646,-71.609508,5.804100631285959
2023-03-24,41.845646,-71.609508,0.18431665229670668
2023-03-25,41.845646,-71.609508,4.868377170042193
2023-03-26,41.845646,-71.609508,1.744824322614051
2023-03-27,41.845646,-71.609508,6.524762800624911
2023-03-28,41.845646,-71.609508,2.7095996488173384
2023-03-29,41.845646,-71.609508,0.0
2023-03-30,41.845646,-71.609508,1.0818321821554375
2023-03-31,41.845646,-71.609508,5.916270115785132
2023-04-01,41.845646,-71.609508,26.50637924909443
2023-04-02,41.845646,-71.609508,0.4905141625530728
2023-04-03,41.845646,-71.609508,0.46924078367172634
2023-04-04,41.845646,-71.609508,0.09747456429380481
2023-04-05,41.845646,-71.609508,0.002027582178154899
2023-04-06,41.845646,-71.609508,4.994681324105995
2023-04-07,41.845646,-71.609508,0.6702959506789645
2023-04-08,41.845646,-71.609508,0.054107981610123895
2023-04-09,41.845646,-71.609508,0.0
2023-04-10,41.845646,-71.609508,0.0
2023-04-11,41.845646,-71.609508,0.5361362316385355
2023-04-12,41.845646,-71.609508,0.5819178955788025
2023-04-13,41.845646,-71.609508,0.0
2023-04-14,41.845646,-71.609508,0.0
2023-04-15,41.845646,-71.609508,0.0
2023-04-16,41.845646,-71.609508,6.651206662692922
2023-04-17,41.845646,-71.609508,1.462538450277708
2023-04-18,41.845646,-71.609508,0.0
2023-04-19,41.845646,-71.609508,0.0
2023-04-20,41.845646,-71.609508,0.020635703416778842
2023-04-21,41.845646,-71.609508,0.22254350692935124
2023-04-22,41.845646,-71.609508,0.025615946493224143
2023-04-23,41.845646,-71.609508,43.42294734635074
2023-04-24,41.845646,-71.609508,0.0009697132556191283
2023-04-25,41.845646,-71.609508,0.0
2023-04-26,41.845646,-71.609508,0.0
2023-04-27,41.845646,-71.609508,2.808577539024055
2023-04-28,41.845646,-71.609508,0.0
2023-04-29,41.845646,-71.609508,6.7862668708670775
2023-04-30,41.845646,-71.609508,18.85942540447129
2023-05-01,41.845646,-71.609508,16.927201093618926
2023-05-02,41.845646,-71.609508,4.510708419364307
2023-05-03,41.845646,-71.609508,0.00035262299607230637
2023-05-04,41.845646,-71.609508,0.09201540529560814
2023-05-05,41.845646,-71.609508,0.014172950380015642
2023-05-06,41.845646,-71.609508,0.0
2023-05-07,41.845646,-71.609508,0.04679919538312827
2023-05-08,41.845646,-71.609508,10.254920430966713
2023-05-09,41.845646,-71.609508,0.0
2023-05-10,41.845646,-71.609508,0.0
2023-05-11,41.845646,-71.609508,0.0
2023-05-12,41.845646,-71.609508,0.040985990628020566
2023-05-13,41.845646,-71.609508,0.03870102644899909
2023-05-14,41.845646,-71.609508,0.0
2023-05-15,41.845646,-71.609508,0.0
2023-05-16,41.845646,-71.609508,0.23981907516346887
2023-05-17,41.845646,-71.609508,0.44223794061001437
2023-05-18,41.845646,-71.609508,0.0
2023-05-19,41.845646,-71.609508,0.0
2023-05-20,41.845646,-71.609508,15.178852752058235
2023-05-21,41.845646,-71.609508,23.19678088559647
2023-05-22,41.845646,-71.609508,0.0
2023-05-23,41.845646,-71.609508,0.0
2023-05-24,41.845646,-71.609508,0.3176143740294272
2023-05-25,41.845646,-71.609508,0.05321263383827597
2023-05-26,41.845646,-71.609508,0.0
2023-05-27,41.845646,-71.609508,0.0
2023-05-28,41.845646,-71.609508,0.0
2023-05-29,41.845646,-71.609508,0.0
2023-05-30,41.845646,-71.609508,0.0
2023-05-31,41.845646,-71.609508,0.0
2023-06-01,41.845646,-71.609508,0.0
2023-06-02,41.845646,-71.609508,2.956090084105778
2023-06-03,41.845646,-71.609508,3.005573330823122
2023-06-04,41.845646,-71.609508,0.007746205577004573
2023-06-05,41.845646,-71.609508,0.02485104303179116
2023-06-06,41.845646,-71.609508,0.9068131861935345
2023-06-07,41.845646,-71.609508,0.0
2023-06-08,41.845646,-71.609508,0.24352477895498414
2023-06-09,41.845646,-71.609508,3.106994280971865
2023-06-10,41.845646,-71.609508,0.23394984387047288
2023-06-11,41.845646,-71.609508,0.0868500153942205
2023-06-12,41.845646,-71.609508,0.08349697450152174
2023-06-13,41.845646,-71.609508,2.8719683617922027
2023-06-14,41.845646,-71.609508,2.0753706109539
2023-06-15,41.845646,-71.609508,0.0
2023-06-16,41.845646,-71.609508,0.6868832769892592
2023-06-17,41.845646,-71.609508,17.992874656548306
2023-06-18,41.845646,-71.609508,8.96331362059987
2023-06-19,41.845646,-71.609508,0.0
2023-06-20,41.845646,-71.609508,0.0
2023-06-21,41.845646,-71.609508,0.0
2023-06-22,41.845646,-71.609508,0.03975702094855009
2023-06-23,41.845646,-71.609508,0.620534823748148
2023-06-24,41.845646,-71.609508,19.12243536700096
2023-06-25,41.845646,-71.609508,0.0
2023-06-26,41.845646,-71.609508,0.17235771400949476
2023-06-27,41.845646,-71.609508,33.059656287489645
2023-06-28,41.845646,-71.609508,2.6514743973045176
2023-06-29,41.845646,-71.609508,0.5870964382961286
2023-06-30,41.845646,-71.609508,0.0
2023-07-01,41.845646,-71.609508,0.0
2023-07-02,41.845646,-71.609508,3.361958088445876
2023-07-03,41.845646,-71.609508,14.919727949284676
2023-07-04,41.845646,-71.609508,50.79978877008659
2023-07-05,41.845646,-71.609508,0.0
2023-07-06,41.845646,-71.609508,0.0
2023-07-07,41.845646,-71.609508,0.0
2023-07-08,41.845646,-71.609508,1.0456486344713736
2023-07-09,41.845646,-71.609508,2.562210805482885
2023-07-10,41.845646,-71.609508,35.51269411796136
2023-07-11,41.845646,-71.609508,0.47031958209898583
2023-07-12,41.845646,-71.609508,0.0
2023-07-13,41.845646,-71.609508,0.0007934017247424009
2023-07-14,41.845646,-71.609508,19.952641930083352
2023-07-15,41.845646,-71.609508,1.803088377063676
2023-07-16,41.845646,-71.609508,70.19348725502613
2023-07-17,41.845646,-71.609508,11.989628775010853
2023-07-18,41.845646,-71.609508,0.012824880003569466
2023-07-19,41.845646,-71.609508,1.0760185295084939
2023-07-20,41.845646,-71.609508,0.0
2023-07-21,41.845646,-71.609508,2.7052127969735613
2023-07-22,41.845646,-71.609508,0.15318472366890448
2023-07-23,41.845646,-71.609508,0.1436692559188301
2023-07-24,41.845646,-71.609508,0.0
2023-07-25,41.845646,-71.609508,0.5236177110679778
2023-07-26,41.845646,-71.609508,0.28705006171405
2023-07-27,41.845646,-71.609508,4.604471630057711
2023-07-28,41.845646,-71.609508,7.4495437575942045
2023-07-29,41.845646,-71.609508,2.324445151468656
2023-07-30,41.845646,-71.609508,16.999034299158833
2023-07-31,41.845646,-71.609508,0.0
2023-08-01,41.845646,-71.609508,0.0
2023-08-02,41.845646,-71.609508,0.0
2023-08-03,41.845646,-71.609508,0.0
2023-08-04,41.845646,-71.609508,1.0147526089841323
2023-08-05,41.845646,-71.609508,0.7548290807877599
2023-08-06,41.845646,-71.609508,0.5741165343274253
2023-08-07,41.845646,-71.609508,11.05999800729288
2023-08-08,41.845646,-71.609508,10.396930998418963
2023-08-09,41.845646,-71.609508,0.0
2023-08-10,41.845646,-71.609508,16.300797897411368
2023-08-11,41.845646,-71.609508,3.07899218273211
2023-08-12,41.845646,-71.609508,0.35545704479113427
2023-08-13,41.845646,-71.609508,17.640280966200933
2023-08-14,41.845646,-71.609508,0.13332602410505
2023-08-15,41.845646,-71.609508,22.786108657441268
2023-08-16,41.845646,-71.609508,0.7633722405823267
2023-08-17,41.845646,-71.609508,2.373306851841367
2023-08-18,41.845646,-71.609508,24.34824048202022
2023-08-19,41.845646,-71.609508,0.0
2023-08-20,41.845646,-71.609508,0.0
2023-08-21,41.845646,-71.609508,0.14367299685641496
2023-08-22,41.845646,-71.609508,0.058615750253567696
2023-08-23,41.845646,-71.609508,0.0
2023-08-24,41.845646,-71.609508,0.3254440164871012
2023-08-25,41.845646,-71.609508,16.018737106723727
2023-08-26,41.845646,-71.609508,0.07997568163048727
2023-08-27,41.845646,-71.609508,0.0
2023-08-28,41.845646,-71.609508,0.021742844426143482
2023-08-29,41.845646,-71.609508,0.47650454472852954
2023-08-30,41.845646,-71.609508,4.879270415609577
2023-08-31,41.845646,-71.609508,0.0
2023-09-01,41.845646,-71.609508,0.0
2023-09-02,41.845646,-71.609508,0.1517020025315169
2023-09-03,41.845646,-71.609508,1.680199528222628
2023-09-04,41.845646,-71.609508,0.0042749600011898325
2023-09-05,41.845646,-71.609508,0.38430979205211085
2023-09-06,41.845646,-71.609508,0.0
2023-09-07,41.845646,-71.609508,0.0
2023-09-08,41.845646,-71.609508,0.019525572887198136
2023-09-09,41.845646,-71.609508,2.074468431302982
2023-09-10,41.845646,-71.609508,16.32710709867924
2023-09-11,41.845646,-71.609508,15.262660285645172
2023-09-12,41.845646,-71.609508,0.20259796910570382
2023-09-13,41.845646,-71.609508,10.897510413696141
2023-09-14,41.845646,-71.609508,3.1375325838645565
2023-09-15,41.845646,-71.609508,0.1071329492754011
2023-09-16,41.845646,-71.609508,24.75887031688263
2023-09-17,41.845646,-71.609508,0.0
2023-09-18,41.845646,-71.609508,37.53281205867994
2023-09-19,41.845646,-71.609508,0.0002644672470542298
2023-09-20,41.845646,-71.609508,0.0
2023-09-21,41.845646,-71.609508,0.0
2023-09-22,41.845646,-71.609508,0.0
2023-09-23,41.845646,-71.609508,19.0959511217067
2023-09-24,41.845646,-71.609508,3.0325665312151897
2023-09-25,41.845646,-71.609508,16.18385599987403
2023-09-26,41.845646,-71.609508,10.423932946620267
2023-09-27,41.845646,-71.609508,0.0
2023-09-28,41.845646,-71.609508,0.0
2023-09-29,41.845646,-71.609508,17.659330201972143
2023-09-30,41.845646,-71.609508,18.773250356590864
2023-10-01,41.845646,-71.609508,0.826788856017767
2023-10-02,41.845646,-71.609508,0.0
2023-10-03,41.845646,-71.609508,0.0
2023-10-04,41.845646,-71.609508,0.0
2023-10-05,41.845646,-71.609508,0.0
2023-10-06,41.845646,-71.609508,0.0
2023-10-07,41.845646,-71.609508,3.0926865764009386
2023-10-08,41.845646,-71.609508,0.11597280534266657
2023-10-09,41.845646,-71.609508,0.0
2023-10-10,41.845646,-71.609508,0.0
2023-10-11,41.845646,-71.609508,0.0
2023-10-12,41.845646,-71.609508,0.0
2023-10-13,41.845646,-71.609508,0.0
2023-10-14,41.845646,-71.609508,6.778269069593029
2023-10-15,41.845646,-71.609508,1.6359538236428233
2023-10-16,41.845646,-71.609508,0.4343394270498473
2023-10-17,41.845646,-71.609508,0.0009589557131352225
2023-10-18,41.845646,-71.609508,0.0
2023-10-19,41.845646,-71.609508,0.007746205577004573
2023-10-20,41.845646,-71.609508,1.4388839500667407
2023-10-21,41.845646,-71.609508,44.59945066586661
2023-10-22,41.845646,-71.609508,0.09160850606266813
2023-10-23,41.845646,-71.609508,0.0028408574386807875
2023-10-24,41.845646,-71.609508,0.003841201479005872
2023-10-25,41.845646,-71.609508,0.39913019104422853
2023-10-26,41.845646,-71.609508,0.06097995381157498
2023-10-27,41.845646,-71.609508,0.9983621030720361
2023-10-28,41.845646,-71.609508,0.0
2023-10-29,41.845646,-71.609508,6.618382017301428
2023-10-30,41.845646,-71.609508,18.62245265989459
2023-10-31,41.845646,-71.609508,3.082069728951458
2023-11-01,41.845646,-71.609508,0.13515582147577881
2023-11-02,41.845646,-71.609508,0.0
2023-11-03,41.845646,-71.609508,0.0
2023-11-04,41.845646,-71.609508,0.027111720240937633
2023-11-05,41.845646,-71.609508,0.0005289344941084596
2023-11-06,41.845646,-71.609508,2.620463460055177
2023-11-07,41.845646,-71.609508,11.48129450473137
2023-11-08,41.845646,-71.609508,0.0
2023-11-09,41.845646,-71.609508,2.1357176561437936
2023-11-10,41.845646,-71.609508,0.28983871060536637
2023-11-11,41.845646,-71.609508,0.0
2023-11-12,41.845646,-71.609508,0.0
2023-11-13,41.845646,-71.609508,0.03831954426026899
2023-11-14,41.845646,-71.609508,0.05475155251563181
2023-11-15,41.845646,-71.609508,0.0
2023-11-16,41.845646,-71.609508,0.0
2023-11-17,41.845646,-71.609508,0.0
2023-11-18,41.845646,-71.609508,0.6428888918140871
2023-11-19,41.845646,-71.609508,0.03555802873011969
2023-11-20,41.845646,-71.609508,0.0
2023-11-21,41.845646,-71.609508,0.04271745498778749
2023-11-22,41.845646,-71.609508,46.311528125604035
2023-11-23,41.845646,-71.609508,0.0
2023-11-24,41.845646,-71.609508,0.009625745431689375
2023-11-25,41.845646,-71.609508,0.0
2023-11-26,41.845646,-71.609508,0.10459217472618869
2023-11-27,41.845646,-71.609508,7.30320099590623
2023-11-28,41.845646,-71.609508,0.03414898198626947
2023-11-29,41.845646,-71.609508,0.0
2023-11-30,41.845646,-71.609508,0.0
2023-12-01,41.845646,-71.609508,5.814227896674577
2023-12-02,41.845646,-71.609508,5.586132714624968
2023-12-03,41.845646,-71.609508,19.936597064180205
2023-12-04,41.845646,-71.609508,2.7120994152933084
2023-12-05,41.845646,-71.609508,0.09433126132753943
2023-12-06,41.845646,-71.609508,0.0
2023-12-07,41.845646,-71.609508,0.2811864850776774
2023-12-08,41.845646,-71.609508,0.0
2023-12-09,41.845646,-71.609508,0.002845748498855789
2023-12-10,41.845646,-71.609508,11.783738190933109
2023-12-11,41.845646,-71.609508,65.93318104297828
2023-12-12,41.845646,-71.609508,0.0
2023-12-13,41.845646,-71.609508,0.0
2023-12-14,41.845646,-71.609508,0.0
2023-12-15,41.845646,-71.609508,0.003861075045626188
2023-12-16,41.845646,-71.609508,0.00012954424611628202
2023-12-17,41.845646,-71.609508,15.431762363708271
2023-12-18,41.845646,-71.609508,89.57964684237277
2023-12-19,41.845646,-71.609508,0.0
2023-12-20,41.845646,-71.609508,0.0
2023-12-21,41.845646,-71.609508,0.0
2023-12-22,41.845646,-71.609508,0.0
2023-12-23,41.845646,-71.609508,0.0041776882752924535
2023-12-24,41.845646,-71.609508,0.2556992684916093
2023-12-25,41.845646,-71.609508,0.0
2023-12-26,41.845646,-71.609508,0.34380526899832053
2023-12-27,41.845646,-71.609508,4.408774111670296
2023-12-28,41.845646,-71.609508,18.77592865741833
2023-12-29,41.845646,-71.609508,0.006286442670120352
2023-12-30,41.845646,-71.609508,0.4251347456214032
2023-12-31,41.845646,-71.609508,0.0005181769844651281
2024-01-01,41.845646,-71.609508,0.04750510136788599
2024-01-02,41.845646,-71.609508,0.0
2024-01-03,41.845646,-71.609508,0.0
2024-01-04,41.845646,-71.609508,0.40452063262268956
2024-01-05,41.845646,-71.609508,0.0
2024-01-06,41.845646,-71.609508,0.0098109946806517
2024-01-07,41.845646,-71.609508,2.3956255116295586
2024-01-08,41.845646,-71.609508,0.0
2024-01-09,41.845646,-71.609508,41.910924669294964
2024-01-10,41.845646,-71.609508,108.4225538557048
2024-01-11,41.845646,-71.609508,0.012528505109400692
2024-01-12,41.845646,-71.609508,0.0
2024-01-13,41.845646,-71.609508,22.668908242544617
2024-01-14,41.845646,-71.609508,0.23471329764268561
2024-01-15,41.845646,-71.609508,0.0
2024-01-16,41.845646,-71.609508,1.6508675471231513
2024-01-17,41.845646,-71.609508,0.03371477650914428
2024-01-18,41.845646,-71.609508,0.0
2024-01-19,41.845646,-71.609508,0.05148256147163677
2024-01-20,41.845646,-71.609508,0.0002644672470542298
2024-01-21,41.845646,-71.609508,0.0
2024-01-22,41.845646,-71.609508,0.906808659223135
2024-01-23,41.845646,-71.609508,1.382405954472218
2024-01-24,41.845646,-71.609508,5.843943991026857
2024-01-25,41.845646,-71.609508,28.146141429592248
2024-01-26,41.845646,-71.609508,6.440916463338948
2024-01-27,41.845646,-71.609508,0.0
2024-01-28,41.845646,-71.609508,31.846467751065912
2024-01-29,41.845646,-71.609508,0.04454068098564385
2024-01-30,41.845646,-71.609508,0.0
2024-01-31,41.845646,-71.609508,0.0
2024-02-01,41.845646,-71.609508,0.0
2024-02-02,41.845646,-71.609508,0.0
2024-02-03,41.845646,-71.609508,0.0
2024-02-04,41.845646,-71.609508,0.0
2024-02-05,41.845646,-71.609508,0.0
2024-02-06,41.845646,-71.609508,0.0
2024-02-07,41.845646,-71.609508,0.0
2024-02-08,41.845646,-71.609508,0.0
2024-02-09,41.845646,-71.609508,0.0
2024-02-10,41.845646,-71.609508,0.0
2024-02-11,41.845646,-71.609508,0.0
2024-02-12,41.845646,-71.609508,0.0
2024-02-13,41.845646,-71.609508,18.481228224007864
2024-02-14,41.845646,-71.609508,0.0
2024-02-15,41.845646,-71.609508,0.27687314665263607
2024-02-16,41.845646,-71.609508,0.0029596442147016497
2024-02-17,41.845646,-71.609508,0.08662163169472398
2024-02-18,41.845646,-71.609508,0.0
2024-02-19,41.845646,-71.609508,0.0
2024-02-20,41.845646,-71.609508,0.0
2024-02-21,41.845646,-71.609508,0.0
2024-02-22,41.845646,-71.609508,0.0
2024-02-23,41.845646,-71.609508,5.369852029921508
2024-02-24,41.845646,-71.609508,1.4334238943529354
2024-02-25,41.845646,-71.609508,0.0
2024-02-26,41.845646,-71.609508,0.00580965418275343
2024-02-27,41.845646,-71.609508,0.0
2024-02-28,41.845646,-71.609508,12.269563688091944
2024-02-29,41.845646,-71.609508,15.879397643913677
2024-03-01,41.845646,-71.609508,0.0
2024-03-02,41.845646,-71.609508,28.30630347339459
2024-03-03,41.845646,-71.609508,13.365773436896696
2024-03-04,41.845646,-71.609508,0.0
2024-03-05,41.845646,-71.609508,2.0790406262605066
2024-03-06,41.845646,-71.609508,8.40966475768809
2024-03-07,41.845646,-71.609508,38.69267970516837
2024-03-08,41.845646,-71.609508,0.21894987886701078
2024-03-09,41.845646,-71.609508,1.3110408603254526
2024-03-10,41.845646,-71.609508,22.754402576885617
2024-03-11,41.845646,-71.609508,0.0
2024-03-12,41.845646,-71.609508,0.0
2024-03-13,41.845646,-71.609508,0.0
2024-03-14,41.845646,-71.609508,0.09490874854950437
2024-03-15,41.845646,-71.609508,0.6363455872751324
2024-03-16,41.845646,-71.609508,0.0
2024-03-17,41.845646,-71.609508,2.467651134106419
2024-03-18,41.845646,-71.609508,0.0029074982485098946
2024-03-19,41.845646,-71.609508,0.0
2024-03-20,41.845646,-71.609508,2.5540193976034935
2024-03-21,41.845646,-71.609508,0.0
2024-03-22,41.845646,-71.609508,0.03825839914485546
2024-03-23,41.845646,-71.609508,62.01175812309068
2024-03-24,41.845646,-71.609508,2.836845779852586
2024-03-25,41.845646,-71.609508,0.377523496443129
2024-03-26,41.845646,-71.609508,0.0
2024-03-27,41.845646,-71.609508,1.9350540072496611
2024-03-28,41.845646,-71.609508,67.18905632534013
2024-03-29,41.845646,-71.609508,37.16262663947768
2024-03-30,41.845646,-71.609508,0.0
2024-03-31,41.845646,-71.609508,3.251234921127671
2024-04-01,41.845646,-71.609508,0.7022197711539849
2024-04-02,41.845646,-71.609508,7.771221179537752
2024-04-03,41.845646,-71.609508,28.58727376323459
2024-04-04,41.845646,-71.609508,16.898368357910766
2024-04-05,41.845646,-71.609508,0.0
2024-04-06,41.845646,-71.609508,0.15072507491257003
2024-04-07,41.845646,-71.609508,0.00035262299607230637
2024-04-08,41.845646,-71.609508,0.008420375876910857
2024-04-09,41.845646,-71.609508,0.029721153118226117
2024-04-10,41.845646,-71.609508,0.2975270068292959
2024-04-11,41.845646,-71.609508,5.36694181101703
2024-04-12,41.845646,-71.609508,21.199708037867378
2024-04-13,41.845646,-71.609508,0.2535687212298358
2024-04-14,41.845646,-71.609508,3.778025881471712
2024-04-15,41.845646,-71.609508,0.8552065927831323
2024-04-16,41.845646,-71.609508,0.036937516939937076
2024-04-17,41.845646,-71.609508,0.10660581813254655
2024-04-18,41.845646,-71.609508,9.233333630645141
2024-04-19,41.845646,-71.609508,0.00580965418275343
2024-04-20,41.845646,-71.609508,8.89883340048498
2024-04-21,41.845646,-71.609508,0.021733859515939445
2024-04-22,41.845646,-71.609508,0.0
2024-04-23,41.845646,-71.609508,0.0
2024-04-24,41.845646,-71.609508,0.32863022788050456
2024-04-25,41.845646,-71.609508,0.0
2024-04-26,41.845646,-71.609508,0.0
2024-04-27,41.845646,-71.609508,0.005691496997711578
2024-04-28,41.845646,-71.609508,6.6225237597792415
2024-04-29,41.845646,-71.609508,3.977631343282798
2024-04-30,41.845646,-71.609508,0.015492411154009147
2024-05-01,41.845646,-71.609508,5.0505857569189585
2024-05-02,41.845646,-71.609508,0.00017631149803615318
2024-05-03,41.845646,-71.609508,0.0
2024-05-04,41.845646,-71.609508,0.029727673594060998
2024-05-05,41.845646,-71.609508,7.695216409709582
2024-05-06,41.845646,-71.609508,3.4777831582219765
2024-05-07,41.845646,-71.609508,0.0
2024-05-08,41.845646,-71.609508,23.299157003195674
2024-05-09,41.845646,-71.609508,0.2788835331818553
2024-05-10,41.845646,-71.609508,6.6253850952711355
2024-05-11,41.845646,-71.609508,0.005201189077124502
2024-05-12,41.845646,-71.609508,0.15963413470042734
2024-05-13,41.845646,-71.609508,0.0
2024-05-14,41.845646,-71.609508,0.0
2024-05-15,41.845646,-71.609508,15.317780832620397
2024-05-16,41.845646,-71.609508,40.454939702870654
2024-05-17,41.845646,-71.609508,0.2711586712430596
2024-05-18,41.845646,-71.609508,1.2163453583238246
2024-05-19,41.845646,-71.609508,2.295743201401852
2024-05-20,41.845646,-71.609508,0.0
2024-05-21,41.845646,-71.609508,0.0
2024-05-22,41.845646,-71.609508,0.0
2024-05-23,41.845646,-71.609508,22.213334026452042
2024-05-24,41.845646,-71.609508,0.0
2024-05-25,41.845646,-71.609508,0.0
2024-05-26,41.845646,-71.609508,1.3925128268719862
2024-05-27,41.845646,-71.609508,0.6679781205348896
2024-05-28,41.845646,-71.609508,7.13311031952443
2024-05-29,41.845646,-71.609508,0.0
2024-05-30,41.845646,-71.609508,14.146696734062804
2024-05-31,41.845646,-71.609508,0.0
2024-06-01,41.845646,-71.609508,0.0
2024-06-02,41.845646,-71.609508,0.0
2024-06-03,41.845646,-71.609508,0.592164437744098
2024-06-04,41.845646,-71.609508,0.0
2024-06-05,41.845646,-71.609508,0.0
2024-06-06,41.845646,-71.609508,0.38946194769726034
2024-06-07,41.845646,-71.609508,0.8914316372299936
2024-06-08,41.845646,-71.609508,0.0
2024-06-09,41.845646,-71.609508,5.223200248549632
2024-06-10,41.845646,-71.609508,0.0
2024-06-11,41.845646,-71.609508,0.022211261719945596
2024-06-12,41.845646,-71.609508,0.0
2024-06-13,41.845646,-71.609508,0.0
2024-06-14,41.845646,-71.609508,1.6877447107979096
2024-06-15,41.845646,-71.609508,5.650128678775387
2024-06-16,41.845646,-71.609508,0.002331796381834082
2024-06-17,41.845646,-71.609508,0.05231359974759546
2024-06-18,41.845646,-71.609508,0.0
2024-06-19,41.845646,-71.609508,0.0
2024-06-20,41.845646,-71.609508,0.0
2024-06-21,41.845646,-71.609508,14.03869494863452
2024-06-22,41.845646,-71.609508,12.446996171676334
2024-06-23,41.845646,-71.609508,15.666538274185566
2024-06-24,41.845646,-71.609508,3.574262123049295
2024-06-25,41.845646,-71.609508,0.0
2024-06-26,41.845646,-71.609508,0.3538834487861898
2024-06-27,41.845646,-71.609508,25.717690622203147
2024-06-28,41.845646,-71.609508,0.0
2024-06-29,41.845646,-71.609508,0.21781405608997934
2024-06-30,41.845646,-71.609508,16.33665765794172
2024-07-01,41.845646,-71.609508,2.662651481897333
2024-07-02,41.845646,-71.609508,0.0
2024-07-03,41.845646,-71.609508,0.0
2024-07-04,41.845646,-71.609508,1.5375985820892408
2024-07-05,41.845646,-71.609508,1.452728056512742
2024-07-06,41.845646,-71.609508,10.738824905513358
2024-07-07,41.845646,-71.609508,0.2999007010943409
2024-07-08,41.845646,-71.609508,0.0
2024-07-09,41.845646,-71.609508,0.2329255181492506
2024-07-10,41.845646,-71.609508,3.0587037751784747
2024-07-11,41.845646,-71.609508,2.5702399259876816
2024-07-12,41.845646,-71.609508,0.2323625628834054
2024-07-13,41.845646,-71.609508,11.560971428500038
2024-07-14,41.845646,-71.609508,0.020274710686405264
2024-07-15,41.845646,-71.609508,0.0013223361860102863
2024-07-16,41.845646,-71.609508,0.0
2024-07-17,41.845646,-71.609508,0.0007772654766976921
2024-07-18,41.845646,-71.609508,13.112075023464833
2024-07-19,41.845646,-71.609508,0.0
2024-07-20,41.845646,-71.609508,0.0
2024-07-21,41.845646,-71.609508,7.673367941174202
2024-07-22,41.845646,-71.609508,0.723949509769706
2024-07-23,41.845646,-71.609508,8.700593968188981
2024-07-24,41.845646,-71.609508,3.5141860346795823
2024-07-25,41.845646,-71.609508,4.941532748209072
2024-07-26,41.845646,-71.609508,0.0
2024-07-27,41.845646,-71.609508,0.0
2024-07-28,41.845646,-71.609508,3.2172939432008087
2024-07-29,41.845646,-71.609508,24.05809357481862
2024-07-30,41.845646,-71.609508,0.0
2024-07-31,41.845646,-71.609508,0.006496259616858019
2024-08-01,41.845646,-71.609508,0.0
2024-08-02,41.845646,-71.609508,0.11483565818156947
2024-08-03,41.845646,-71.609508,1.7263584038624458
2024-08-04,41.845646,-71.609508,19.844825713861137
2024-08-05,41.845646,-71.609508,1.8911849737101019
2024-08-06,41.845646,-71.609508,4.501263032305847
2024-08-07,41.845646,-71.609508,18.82190876991635
2024-08-08,41.845646,-71.609508,0.5309359863770358
2024-08-09,41.845646,-71.609508,0.8528260321218891
2024-08-10,41.845646,-71.609508,3.3977519749168477
2024-08-11,41.845646,-71.609508,0.18505326288237295
2024-08-12,41.845646,-71.609508,0.3000987344566767
2024-08-13,41.845646,-71.609508,0.02482542018049852
2024-08-14,41.845646,-71.609508,0.0
2024-08-15,41.845646,-71.609508,1.1414529996229468
2024-08-16,41.845646,-71.609508,5.211985904099036
2024-08-17,41.845646,-71.609508,0.06584274956880376
2024-08-18,41.845646,-71.609508,17.256951091295473
2024-08-19,41.845646,-71.609508,28.883859345016216
2024-08-20,41.845646,-71.609508,4.651953505980177
2024-08-21,41.845646,-71.609508,0.0
2024-08-22,41.845646,-71.609508,0.0
2024-08-23,41.845646,-71.609508,0.0
2024-08-24,41.845646,-71.609508,0.0
2024-08-25,41.845646,-71.609508,0.0
2024-08-26,41.845646,-71.609508,1.3242010309995491
2024-08-27,41.845646,-71.609508,0.08133516360849942
2024-08-28,41.845646,-71.609508,0.04841378593841102
2024-08-29,41.845646,-71.609508,0.0
2024-08-30,41.845646,-71.609508,0.0
2024-08-31,41.845646,-71.609508,0.0
2024-09-01,41.845646,-71.609508,6.895769646177346
2024-09-02,41.845646,-71.609508,0.0003058557441524352
2024-09-03,41.845646,-71.609508,0.0
2024-09-04,41.845646,-71.609508,0.0
2024-09-05,41.845646,-71.609508,0.0
2024-09-06,41.845646,-71.609508,0.0
2024-09-07,41.845646,-71.609508,0.038517487637088024
2024-09-08,41.845646,-71.609508,0.2408361247764849
2024-09-09,41.845646,-71.609508,0.0
2024-09-10,41.845646,-71.609508,0.0
2024-09-11,41.845646,-71.609508,0.0
2024-09-12,41.845646,-71.609508,0.0
2024-09-13,41.845646,-71.609508,0.0
2024-09-14,41.845646,-71.609508,0.0
2024-09-15,41.845646,-71.609508,0.0
2024-09-16,41.845646,-71.609508,0.0
2024-09-17,41.845646,-71.609508,1.1636847985651624
2024-09-18,41.845646,-71.609508,1.4990087739452675
2024-09-19,41.845646,-71.609508,0.14533577477126103
2024-09-20,41.845646,-71.609508,1.4715362690650515
2024-09-21,41.845646,-71.609508,25.560485851305486
2024-09-22,41.845646,-71.609508,2.3536741805013732
2024-09-23,41.845646,-71.609508,0.2825218597158405
2024-09-24,41.845646,-71.609508,0.00035262299607230637
2024-09-25,41.845646,-71.609508,2.8216694742845623
2024-09-26,41.845646,-71.609508,3.735511549791475
2024-09-27,41.845646,-71.609508,0.23395770071879357
2024-09-28,41.845646,-71.609508,0.07631705537721885
2024-09-29,41.845646,-71.609508,0.23120552292825808
2024-09-30,41.845646,-71.609508,0.008022173045702954
2024-10-01,41.845646,-71.609508,1.305984620572135
2024-10-02,41.845646,-71.609508,0.0
2024-10-03,41.845646,-71.609508,0.0
2024-10-04,41.845646,-71.609508,4.440421111124396
2024-10-05,41.845646,-71.609508,0.9338041613516974
2024-10-06,41.845646,-71.609508,0.0
2024-10-07,41.845646,-71.609508,9.669732173759591
2024-10-08,41.845646,-71.609508,0.0
2024-10-09,41.845646,-71.609508,0.0
2024-10-10,41.845646,-71.609508,0.0
2024-10-11,41.845646,-71.609508,0.0
2024-10-12,41.845646,-71.609508,0.29077878898041665
2024-10-13,41.845646,-71.609508,6.874846914061842
2024-10-14,41.845646,-71.609508,0.9087916263542707
2024-10-15,41.845646,-71.609508,0.0
2024-10-16,41.845646,-71.609508,0.0
2024-10-17,41.845646,-71.609508,0.028457483928433943
2024-10-18,41.845646,-71.609508,0.0
2024-10-19,41.845646,-71.609508,0.0
2024-10-20,41.845646,-71.609508,0.0
2024-10-21,41.845646,-71.609508,0.0
2024-10-22,41.845646,-71.609508,0.0
2024-10-23,41.845646,-71.609508,0.0
2024-10-24,41.845646,-71.609508,0.2560969841811898
2024-10-25,41.845646,-71.609508,0.0
2024-10-26,41.845646,-71.609508,0.0
2024-10-27,41.845646,-71.609508,0.0
2024-10-28,41.845646,-71.609508,0.0
2024-10-29,41.845646,-71.609508,0.1814627113187926
2024-10-30,41.845646,-71.609508,2.732758050137185
2024-10-31,41.845646,-71.609508,0.0019365513942511433
2024-11-01,41.845646,-71.609508,0.0
2024-11-02,41.845646,-71.609508,0.0
2024-11-03,41.845646,-71.609508,0.0
2024-11-04,41.845646,-71.609508,0.2428374065590273
2024-11-05,41.845646,-71.609508,0.3274366350577127
2024-11-06,41.845646,-71.609508,0.0
2024-11-07,41.845646,-71.609508,0.0
2024-11-08,41.845646,-71.609508,0.0
2024-11-09,41.845646,-71.609508,0.0
2024-11-10,41.845646,-71.609508,1.1319698863097865
2024-11-11,41.845646,-71.609508,17.39215543375952
2024-11-12,41.845646,-71.609508,0.0
2024-11-13,41.845646,-71.609508,0.0
2024-11-14,41.845646,-71.609508,0.0
2024-11-15,41.845646,-71.609508,0.0
2024-11-16,41.845646,-71.609508,0.0
2024-11-17,41.845646,-71.609508,0.1890064312105099
2024-11-18,41.845646,-71.609508,0.8549201205091177
2024-11-19,41.845646,-71.609508,0.0
2024-11-20,41.845646,-71.609508,0.0
2024-11-21,41.845646,-71.609508,30.70189274969068
2024-11-22,41.845646,-71.609508,0.6166576067111385
2024-11-23,41.845646,-71.609508,10.8688340492319
2024-11-24,41.845646,-71.609508,0.0
2024-11-25,41.845646,-71.609508,0.0
2024-11-26,41.845646,-71.609508,7.641420453517133
2024-11-27,41.845646,-71.609508,0.011881237585497867
2024-11-28,41.845646,-71.609508,22.124916111888638
2024-11-29,41.845646,-71.609508,0.0
2024-11-30,41.845646,-71.609508,0.0
2024-12-01,41.845646,-71.609508,0.02517516776455405
2024-12-02,41.845646,-71.609508,0.0
2024-12-03,41.845646,-71.609508,0.0
2024-12-04,41.845646,-71.609508,0.0075632446600481865
2024-12-05,41.845646,-71.609508,15.92895267711483
2024-12-06,41.845646,-71.609508,0.006514900535608856
2024-12-07,41.845646,-71.609508,0.05482752441889642
2024-12-08,41.845646,-71.609508,2.813218962330736
2024-12-09,41.845646,-71.609508,6.1706078057237805
2024-12-10,41.845646,-71.609508,0.00017631149803615318
2024-12-11,41.845646,-71.609508,86.81108820458849
2024-12-12,41.845646,-71.609508,30.00581620067609
2024-12-13,41.845646,-71.609508,0.0
2024-12-14,41.845646,-71.609508,0.0
2024-12-15,41.845646,-71.609508,0.00809882857307688
2024-12-16,41.845646,-71.609508,0.2844194975905056
2024-12-17,41.845646,-71.609508,4.113939143474636
2024-12-18,41.845646,-71.609508,2.6709466609307486
2024-12-19,41.845646,-71.609508,9.94168484430725
2024-12-20,41.845646,-71.609508,3.2836684108361007
2024-12-21,41.845646,-71.609508,0.0019365513942511433
2024-12-22,41.845646,-71.609508,0.0
2024-12-23,41.845646,-71.609508,0.0
2024-12-24,41.845646,-71.609508,1.5555097914757678
2024-12-25,41.845646,-71.609508,0.0
2024-12-26,41.845646,-71.609508,0.0
2024-12-27,41.845646,-71.609508,0.0
2024-12-28,41.845646,-71.609508,3.504028964199442
2024-12-29,41.845646,-71.609508,0.9734268633128306
2024-12-30,41.845646,-71.609508,21.52716394188317
2024-12-31,41.845646,-71.609508,0.0
2025-01-01,41.845646,-71.609508,49.91579626473302
2025-01-02,41.845646,-71.609508,0.10489471088485387
2025-01-03,41.845646,-71.609508,0.0
2025-01-04,41.845646,-71.609508,0.0
2025-01-05,41.845646,-71.609508,0.16706208544005807
2025-01-06,41.845646,-71.609508,0.00404941428653844
2025-01-07,41.845646,-71.609508,0.0002644672470542298
2025-01-08,41.845646,-71.609508,0.0
2025-01-09,41.845646,-71.609508,0.0007772654766976921
2025-01-10,41.845646,-71.609508,0.0
2025-01-11,41.845646,-71.609508,0.5143736801845801
2025-01-12,41.845646,-71.609508,0.0
2025-01-13,41.845646,-71.609508,0.0
2025-01-14,41.845646,-71.609508,0.0
2025-01-15,41.845646,-71.609508,0.0
2025-01-16,41.845646,-71.609508,0.5613526831800254
2025-01-17,41.845646,-71.609508,0.019324677819152453
2025-01-18,41.845646,-71.609508,8.35445215425065
2025-01-19,41.845646,-71.609508,1.1268984446450918
2025-01-20,41.845646,-71.609508,2.767151520099001
2025-01-21,41.845646,-71.609508,0.02010010754649435
2025-01-22,41.845646,-71.609508,0.08279556775507398
2025-01-23,41.845646,-71.609508,0.012160259472120849
2025-01-24,41.845646,-71.609508,0.0
2025-01-25,41.845646,-71.609508,0.0
2025-01-26,41.845646,-71.609508,0.00035262299607230637
2025-01-27,41.845646,-71.609508,0.10341638531806097
2025-01-28,41.845646,-71.609508,0.5855742360874656
2025-01-29,41.845646,-71.609508,0.0688268984666474
2025-01-30,41.845646,-71.609508,0.0
2025-01-31,41.845646,-71.609508,6.477634412991763
2025-02-01,41.845646,-71.609508,15.19936640459142
2025-02-02,41.845646,-71.609508,0.018749272171348204
2025-02-03,41.845646,-71.609508,1.300051258919271
2025-02-04,41.845646,-71.609508,0.9385219587251658
2025-02-05,41.845646,-71.609508,0.0
2025-02-06,41.845646,-71.609508,2.5615254196394286
2025-02-07,41.845646,-71.609508,0.0
2025-02-08,41.845646,-71.609508,0.0
2025-02-09,41.845646,-71.609508,0.7673772049995276
2025-02-10,41.845646,-71.609508,0.0
2025-02-11,41.845646,-71.609508,0.0
2025-02-12,41.845646,-71.609508,0.40319830332361417
2025-02-13,41.845646,-71.609508,7.023613075131605
2025-02-14,41.845646,-71.609508,0.0
2025-02-15,41.845646,-71.609508,2.763679673989649
2025-02-16,41.845646,-71.609508,39.03581566911844
2025-02-17,41.845646,-71.609508,0.0
2025-02-18,41.845646,-71.609508,0.0
2025-02-19,41.845646,-71.609508,0.0
2025-02-20,41.845646,-71.609508,0.1298536865740305
2025-02-21,41.845646,-71.609508,0.10397055987387915
2025-02-22,41.845646,-71.609508,0.0
2025-02-23,41.845646,-71.609508,0.0
2025-02-24,41.845646,-71.609508,0.002845748498855789
2025-02-25,41.845646,-71.609508,0.3065295196807055
2025-02-26,41.845646,-71.609508,0.20808611160346524
2025-02-27,41.845646,-71.609508,5.052355826216872
2025-02-28,41.845646,-71.609508,0.02466873934435377
2025-03-01,41.845646,-71.609508,0.08458038366941764
2025-03-02,41.845646,-71.609508,0.0
2025-03-03,41.845646,-71.609508,0.0
2025-03-04,41.845646,-71.609508,0.002845748498855789
2025-03-05,41.845646,-71.609508,4.028328771475843
2025-03-06,41.845646,-71.609508,21.085747293767575
2025-03-07,41.845646,-71.609508,0.0
2025-03-08,41.845646,-71.609508,0.0
2025-03-09,41.845646,-71.609508,0.0
2025-03-10,41.845646,-71.609508,0.014228741964216972
2025-03-11,41.845646,-71.609508,0.0
2025-03-12,41.845646,-71.609508,0.0
2025-03-13,41.845646,-71.609508,0.0
2025-03-14,41.845646,-71.609508,0.0
2025-03-15,41.845646,-71.609508,0.0
2025-03-16,41.845646,-71.609508,0.0
2025-03-17,41.845646,-71.609508,77.05128054121819
2025-03-18,41.845646,-71.609508,3.014909030242647
2025-03-19,41.845646,-71.609508,0.0
2025-03-20,41.845646,-71.609508,0.002845748498855789
2025-03-21,41.845646,-71.609508,4.406852572388245
2025-03-22,41.845646,-71.609508,0.007628048391962721
2025-03-23,41.845646,-71.609508,0.04841634949672445
2025-03-24,41.845646,-71.609508,35.51214336033769
2025-03-25,41.845646,-71.609508,0.10483824289732677
2025-03-26,41.845646,-71.609508,0.001451880432126568
2025-03-27,41.845646,-71.609508,0.0
2025-03-28,41.845646,-71.609508,0.0018405131704754144
2025-03-29,41.845646,-71.609508,1.7734620807385877
2025-03-30,41.845646,-71.609508,3.1177768007068773
2025-03-31,41.845646,-71.609508,2.3761597996937724
2025-04-01,41.845646,-71.609508,8.377733748606088
2025-04-02,41.845646,-71.609508,0.32768860566379676
2025-04-03,41.845646,-71.609508,10.87295976249115
2025-04-04,41.845646,-71.609508,0.7993981993705122
2025-04-05,41.845646,-71.609508,10.397736226783364
2025-04-06,41.845646,-71.609508,9.15491318828069
2025-04-07,41.845646,-71.609508,2.1146897631943133
2025-04-08,41.845646,-71.609508,3.324288652405984
2025-04-09,41.845646,-71.609508,0.0
2025-04-10,41.845646,-71.609508,0.0
2025-04-11,41.845646,-71.609508,2.8249695113256084
2025-04-12,41.845646,-71.609508,12.36356573553359
2025-04-13,41.845646,-71.609508,7.481853721980164
2025-04-14,41.845646,-71.609508,0.0
2025-04-15,41.845646,-71.609508,10.93621323582146
2025-04-16,41.845646,-71.609508,0.0
2025-04-17,41.845646,-71.609508,0.0
2025-04-18,41.845646,-71.609508,0.09362207867993225
2025-04-19,41.845646,-71.609508,0.2546534627460032
2025-04-20,41.845646,-71.609508,0.5306361581319674
2025-04-21,41.845646,-71.609508,0.09429889623306974
2025-04-22,41.845646,-71.609508,3.645646542140882
2025-04-23,41.845646,-71.609508,0.2650115063675505
2025-04-24,41.845646,-71.609508,0.0
2025-04-25,41.845646,-71.609508,0.06541788408419885
2025-04-26,41.845646,-71.609508,12.783412626430161
2025-04-27,41.845646,-71.609508,2.362755538713019
2025-04-28,41.845646,-71.609508,0.0
2025-04-29,41.845646,-71.609508,0.0
2025-04-30,41.845646,-71.609508,3.678626821139689
2025-05-01,41.845646,-71.609508,0.0
2025-05-02,41.845646,-71.609508,5.525560620126316
2025-05-03,41.845646,-71.609508,0.17041652557978712
2025-05-04,41.845646,-71.609508,0.09539735829124793
2025-05-05,41.845646,-71.609508,15.30902278483814
2025-05-06,41.845646,-71.609508,6.586749455647589
2025-05-07,41.845646,-71.609508,0.2676808430389757
2025-05-08,41.845646,-71.609508,0.007628048391962721
2025-05-09,41.845646,-71.609508,26.272664700812758
2025-05-10,41.845646,-71.609508,7.839016726918463
2025-05-11,41.845646,-71.609508,0.0
2025-05-12,41.845646,-71.609508,0.0
2025-05-13,41.845646,-71.609508,0.0
2025-05-14,41.845646,-71.609508,0.4357984710707473
2025-05-15,41.845646,-71.609508,34.95652923361234
2025-05-16,41.845646,-71.609508,0.17126169069353223
2025-05-17,41.845646,-71.609508,1.113651875047881
2025-05-18,41.845646,-71.609508,0.0
2025-05-19,41.845646,-71.609508,0.04363360216228697
2025-05-20,41.845646,-71.609508,0.0019394265112382565
2025-05-21,41.845646,-71.609508,0.4915870189941659
2025-05-22,41.845646,-71.609508,71.58231287437518
2025-05-23,41.845646,-71.609508,21.45501322137952
2025-05-24,41.845646,-71.609508,0.46628130974198917
2025-05-25,41.845646,-71.609508,0.010299846804410573
2025-05-26,41.845646,-71.609508,0.0
2025-05-27,41.845646,-71.609508,0.0
2025-05-28,41.845646,-71.609508,3.5114719537155477
2025-05-29,41.845646,-71.609508,10.863937477886147
2025-05-30,41.845646,-71.609508,0.031474652963672606
2025-05-31,41.845646,-71.609508,17.610487765249438
2025-06-01,41.845646,-71.609508,0.521682111224096
2025-06-02,41.845646,-71.609508,0.0
2025-06-03,41.845646,-71.609508,0.0002644672470542298
2025-06-04,41.845646,-71.609508,0.0
2025-06-05,41.845646,-71.609508,0.0
2025-06-06,41.845646,-71.609508,0.0
2025-06-07,41.845646,-71.609508,9.474264472660687
2025-06-08,41.845646,-71.609508,1.6144835537579867
2025-06-09,41.845646,-71.609508,7.977919581248729
2025-06-10,41.845646,-71.609508,3.3549937918850565
2025-06-11,41.845646,-71.609508,0.0
2025-06-12,41.845646,-71.609508,0.0
2025-06-13,41.845646,-71.609508,2.2463267930657533
2025-06-14,41.845646,-71.609508,7.637428280773769
2025-06-15,41.845646,-71.609508,0.028465829650059567
2025-06-16,41.845646,-71.609508,0.23453443561066536
2025-06-17,41.845646,-71.609508,5.446099575200798
2025-06-18,41.845646,-71.609508,5.28501100702519
2025-06-19,41.845646,-71.609508,0.051013458693568256
2025-06-20,41.845646,-71.609508,0.4501311957111678
2025-06-21,41.845646,-71.609508,0.0
2025-06-22,41.845646,-71.609508,5.183855293330274
2025-06-23,41.845646,-71.609508,0.0
2025-06-24,41.845646,-71.609508,0.0
2025-06-25,41.845646,-71.609508,1.5842705099921475
2025-06-26,41.845646,-71.609508,0.8783135463273644
2025-06-27,41.845646,-71.609508,1.0454686838006282
2025-06-28,41.845646,-71.609508,1.126021047916253
2025-06-29,41.845646,-71.609508,0.007086339849279913
2025-06-30,41.845646,-71.609508,0.45843736595508433
2025-07-01,41.845646,-71.609508,1.672681063708364
2025-07-02,41.845646,-71.609508,12.508575816551147
2025-07-03,41.845646,-71.609508,12.026617491947603
2025-07-04,41.845646,-71.609508,4.040265356072199
2025-07-05,41.845646,-71.609508,0.36359682843028407
2025-07-06,41.845646,-71.609508,0.01344908963579058
2025-07-07,41.845646,-71.609508,0.8401962547070105
2025-07-08,41.845646,-71.609508,1.293095601245072
2025-07-09,41.845646,-71.609508,25.533108395556678
2025-07-10,41.845646,-71.609508,20.647111100364697
2025-07-11,41.845646,-71.609508,0.012528505109400692
2025-07-12,41.845646,-71.609508,0.0021128628922872966
2025-07-13,41.845646,-71.609508,0.008186984305674667
2025-07-14,41.845646,-71.609508,0.4672410021165127
2025-07-15,41.845646,-71.609508,8.515823865769887
2025-07-16,41.845646,-71.609508,0.0
2025-07-17,41.845646,-71.609508,0.003110215745910019
2025-07-18,41.845646,-71.609508,0.0
2025-07-19,41.845646,-71.609508,0.0
2025-07-20,41.845646,-71.609508,8.602455598030861
2025-07-21,41.845646,-71.609508,1.7216006713610774
2025-07-22,41.845646,-71.609508,0.019365513221089804
2025-07-23,41.845646,-71.609508,0.02130206569747339
2025-07-24,41.845646,-71.609508,0.0
2025-07-25,41.845646,-71.609508,14.750142914523328
2025-07-26,41.845646,-71.609508,0.33730391877669563
2025-07-27,41.845646,-71.609508,10.693148750325246
2025-07-28,41.845646,-71.609508,0.001684075175382169
2025-07-29,41.845646,-71.609508,8.815574901807659e-05
2025-07-30,41.845646,-71.609508,0.0006477212064519128
2025-07-31,41.845646,-71.609508,0.5896456556624348
2025-08-01,41.845646,-71.609508,9.631106090379394
2025-08-02,41.845646,-71.609508,0.0
2025-08-03,41.845646,-71.609508,0.0
2025-08-04,41.845646,-71.609508,0.0
2025-08-05,41.845646,-71.609508,0.0
2025-08-06,41.845646,-71.609508,0.5161951704356541
2025-08-07,41.845646,-71.609508,1.823151775367355
2025-08-08,41.845646,-71.609508,0.0
2025-08-09,41.845646,-71.609508,0.0
2025-08-10,41.845646,-71.609508,0.0
2025-08-11,41.845646,-71.609508,0.0
2025-08-12,41.845646,-71.609508,0.0
2025-08-13,41.845646,-71.609508,0.2647765878046287
2025-08-14,41.845646,-71.609508,0.22529889459315972
2025-08-15,41.845646,-71.609508,5.245631494329439
2025-08-16,41.845646,-71.609508,0.0
2025-08-17,41.845646,-71.609508,0.19027355986881234
2025-08-18,41.845646,-71.609508,0.9924225453722972
2025-08-19,41.845646,-71.609508,0.28686215246264846
2025-08-20,41.845646,-71.609508,12.799813682172053
2025-08-21,41.845646,-71.609508,15.083952295330201
2025-08-22,41.845646,-71.609508,0.0
2025-08-23,41.845646,-71.609508,0.0
2025-08-24,41.845646,-71.609508,1.7376197403371956
2025-08-25,41.845646,-71.609508,0.00308918834017045
2025-08-26,41.845646,-71.609508,0.0
2025-08-27,41.845646,-71.609508,0.0
2025-08-28,41.845646,-71.609508,0.0
2025-08-29,41.845646,-71.609508,7.001437471775713
2025-08-30,41.845646,-71.609508,0.0
2025-08-31,41.845646,-71.609508,0.0
2025-09-01,41.845646,-71.609508,1.2055653499226588
2025-09-02,41.845646,-71.609508,0.0
2025-09-03,41.845646,-71.609508,0.0
2025-09-04,41.845646,-71.609508,0.0
2025-09-05,41.845646,-71.609508,8.07254132263082
2025-09-06,41.845646,-71.609508,7.67815013031702
2025-09-07,41.845646,-71.609508,46.37733003224561
2025-09-08,41.845646,-71.609508,1.8969468340651543
2025-09-09,41.845646,-71.609508,0.0
2025-09-10,41.845646,-71.609508,0.3405905055541481
2025-09-11,41.845646,-71.609508,0.0
2025-09-12,41.845646,-71.609508,0.0
2025-09-13,41.845646,-71.609508,0.0
2025-09-14,41.845646,-71.609508,0.3787879284192571
2025-09-15,41.845646,-71.609508,0.0
2025-09-16,41.845646,-71.609508,0.06850333785011356
2025-09-17,41.845646,-71.609508,0.3087185852789044
2025-09-18,41.845646,-71.609508,1.5149510522983933
2025-09-19,41.845646,-71.609508,0.0
2025-09-20,41.845646,-71.609508,0.0
2025-09-21,41.845646,-71.609508,0.1481557756911862
2025-09-22,41.845646,-71.609508,0.0
2025-09-23,41.845646,-71.609508,0.0
2025-09-24,41.845646,-71.609508,16.81442399760526
2025-09-25,41.845646,-71.609508,12.753407790021583
2025-09-26,41.845646,-71.609508,0.36571028235502356
2025-09-27,41.845646,-71.609508,0.03785599143357954
2025-09-28,41.845646,-71.609508,15.584367532036172
2025-09-29,41.845646,-71.609508,0.24558802667781146
2025-09-30,41.845646,-71.609508,1.1092972419272782
