date,lat,lon,pr_mm_per_day
2010-01-01,41.785369,-71.667288,0.8802565791412914
2010-01-02,41.785369,-71.667288,0.35707530746245414
2010-01-03,41.785369,-71.667288,0.12590739334777362
2010-01-04,41.785369,-71.667288,0.19848185626460843
2010-01-05,41.785369,-71.667288,0.0
2010-01-06,41.785369,-71.667288,0.0
2010-01-07,41.785369,-71.667288,0.0
2010-01-08,41.785369,-71.667288,0.2391995741777898
2010-01-09,41.785369,-71.667288,0.0784721750362708
2010-01-10,41.785369,-71.667288,0.0
2010-01-11,41.785369,-71.667288,0.144687952436384
2010-01-12,41.785369,-71.667288,0.5937651460164051
2010-01-13,41.785369,-71.667288,1.1040515304785967
2010-01-14,41.785369,-71.667288,0.0
2010-01-15,41.785369,-71.667288,0.1351183859058958
2010-01-16,41.785369,-71.667288,0.0
2010-01-17,41.785369,-71.667288,19.47381711394776
2010-01-18,41.785369,-71.667288,9.363980587974632
2010-01-19,41.785369,-71.667288,1.098609442603437
2010-01-20,41.785369,-71.667288,0.008379443177613667
2010-01-21,41.785369,-71.667288,0.0
2010-01-22,41.785369,-71.667288,0.10634028015508544
2010-01-23,41.785369,-71.667288,0.0
2010-01-24,41.785369,-71.667288,2.862643181779189
2010-01-25,41.785369,-71.667288,35.16171061214369
2010-01-26,41.785369,-71.667288,3.830069207956305
2010-01-27,41.785369,-71.667288,0.0
2010-01-28,41.785369,-71.667288,0.14993778931166307
2010-01-29,41.785369,-71.667288,0.0
2010-01-30,41.785369,-71.667288,0.010186021302054003
2010-01-31,41.785369,-71.667288,2.076559221544342
2010-02-01,41.785369,-71.667288,0.0
2010-02-02,41.785369,-71.667288,0.9103571019811803
2010-02-03,41.785369,-71.667288,0.013162999951956172
2010-02-04,41.785369,-71.667288,0.10257009704855359
2010-02-05,41.785369,-71.667288,0.09756837272613116
2010-02-06,41.785369,-71.667288,0.8945212400543309
2010-02-07,41.785369,-71.667288,0.0
2010-02-08,41.785369,-71.667288,0.0
2010-02-09,41.785369,-71.667288,0.0
2010-02-10,41.785369,-71.667288,0.9254113485389357
2010-02-11,41.785369,-71.667288,1.0975413112605776
2010-02-12,41.785369,-71.667288,0.0
2010-02-13,41.785369,-71.667288,0.013231549704252277
2010-02-14,41.785369,-71.667288,2.6110786033820514
2010-02-15,41.785369,-71.667288,0.0029254853019736885
2010-02-16,41.785369,-71.667288,0.023018760750078505
2010-02-17,41.785369,-71.667288,0.005027665989810498
2010-02-18,41.785369,-71.667288,0.0
2010-02-19,41.785369,-71.667288,0.0
2010-02-20,41.785369,-71.667288,0.0
2010-02-21,41.785369,-71.667288,0.0
2010-02-22,41.785369,-71.667288,0.0
2010-02-23,41.785369,-71.667288,0.37837852307270436
2010-02-24,41.785369,-71.667288,23.457801277498326
2010-02-25,41.785369,-71.667288,22.597866778414293
2010-02-26,41.785369,-71.667288,44.8610127658923
2010-02-27,41.785369,-71.667288,0.0
2010-02-28,41.785369,-71.667288,0.14719240399302058
2010-03-01,41.785369,-71.667288,0.5389546357133966
2010-03-02,41.785369,-71.667288,0.0
2010-03-03,41.785369,-71.667288,8.383181393058912
2010-03-04,41.785369,-71.667288,0.07394928677747103
2010-03-05,41.785369,-71.667288,0.05377299451353104
2010-03-06,41.785369,-71.667288,0.0011172591319696373
2010-03-07,41.785369,-71.667288,0.0
2010-03-08,41.785369,-71.667288,0.0
2010-03-09,41.785369,-71.667288,0.0
2010-03-10,41.785369,-71.667288,0.0
2010-03-11,41.785369,-71.667288,0.08970845356835155
2010-03-12,41.785369,-71.667288,0.006463099855539391
2010-03-13,41.785369,-71.667288,38.53013311969221
2010-03-14,41.785369,-71.667288,48.24364900243934
2010-03-15,41.785369,-71.667288,2.844139684813672
2010-03-16,41.785369,-71.667288,0.05839333793958384
2010-03-17,41.785369,-71.667288,0.0
2010-03-18,41.785369,-71.667288,0.0
2010-03-19,41.785369,-71.667288,0.0
2010-03-20,41.785369,-71.667288,0.0
2010-03-21,41.785369,-71.667288,0.0
2010-03-22,41.785369,-71.667288,6.312808165768129
2010-03-23,41.785369,-71.667288,80.1980405684992
2010-03-24,41.785369,-71.667288,5.617170449724082
2010-03-25,41.785369,-71.667288,0.0
2010-03-26,41.785369,-71.667288,12.197270061492143
2010-03-27,41.785369,-71.667288,0.0
2010-03-28,41.785369,-71.667288,0.406983272976121
2010-03-29,41.785369,-71.667288,116.72154588791275
2010-03-30,41.785369,-71.667288,91.9796829449667
2010-03-31,41.785369,-71.667288,3.4629496992555664
2010-04-01,41.785369,-71.667288,0.0
2010-04-02,41.785369,-71.667288,0.0
2010-04-03,41.785369,-71.667288,0.0
2010-04-04,41.785369,-71.667288,0.002672920361784877
2010-04-05,41.785369,-71.667288,0.4765439955825502
2010-04-06,41.785369,-71.667288,1.1542336583796091
2010-04-07,41.785369,-71.667288,0.010505844289482716
2010-04-08,41.785369,-71.667288,0.0
2010-04-09,41.785369,-71.667288,17.358486079207196
2010-04-10,41.785369,-71.667288,0.5472334152931534
2010-04-11,41.785369,-71.667288,0.014082163648561222
2010-04-12,41.785369,-71.667288,0.0
2010-04-13,41.785369,-71.667288,0.11877819442624551
2010-04-14,41.785369,-71.667288,0.0
2010-04-15,41.785369,-71.667288,0.0
2010-04-16,41.785369,-71.667288,1.5817191792590892
2010-04-17,41.785369,-71.667288,10.999058856414452
2010-04-18,41.785369,-71.667288,0.017378791693374668
2010-04-19,41.785369,-71.667288,0.0
2010-04-20,41.785369,-71.667288,0.0
2010-04-21,41.785369,-71.667288,0.0
2010-04-22,41.785369,-71.667288,2.9732380931787956
2010-04-23,41.785369,-71.667288,0.0
2010-04-24,41.785369,-71.667288,0.03259699842492239
2010-04-25,41.785369,-71.667288,10.974486099921988
2010-04-26,41.785369,-71.667288,1.983346649575013
2010-04-27,41.785369,-71.667288,6.16625515115747
2010-04-28,41.785369,-71.667288,0.02522597012470696
2010-04-29,41.785369,-71.667288,0.0
2010-04-30,41.785369,-71.667288,0.005650083607371372
2010-05-01,41.785369,-71.667288,0.07383685190093003
2010-05-02,41.785369,-71.667288,0.2544274594718635
2010-05-03,41.785369,-71.667288,15.630487602767396
2010-05-04,41.785369,-71.667288,0.11318751395807006
2010-05-05,41.785369,-71.667288,0.0
2010-05-06,41.785369,-71.667288,0.9424804897733919
2010-05-07,41.785369,-71.667288,0.0
2010-05-08,41.785369,-71.667288,12.27801252440966
2010-05-09,41.785369,-71.667288,0.0
2010-05-10,41.785369,-71.667288,0.002672920361784877
2010-05-11,41.785369,-71.667288,0.7762800052318143
2010-05-12,41.785369,-71.667288,1.2058191300044543
2010-05-13,41.785369,-71.667288,0.0
2010-05-14,41.785369,-71.667288,4.538268586275307
2010-05-15,41.785369,-71.667288,0.05046731363376408
2010-05-16,41.785369,-71.667288,0.0
2010-05-17,41.785369,-71.667288,0.0
2010-05-18,41.785369,-71.667288,20.61292909865991
2010-05-19,41.785369,-71.667288,13.337582046787707
2010-05-20,41.785369,-71.667288,0.23462314633253528
2010-05-21,41.785369,-71.667288,0.0
2010-05-22,41.785369,-71.667288,0.10558842280683006
2010-05-23,41.785369,-71.667288,0.7697741227776269
2010-05-24,41.785369,-71.667288,0.002672920361784877
2010-05-25,41.785369,-71.667288,0.0
2010-05-26,41.785369,-71.667288,0.0
2010-05-27,41.785369,-71.667288,5.615032674647582
2010-05-28,41.785369,-71.667288,0.0
2010-05-29,41.785369,-71.667288,0.9325168298887081
2010-05-30,41.785369,-71.667288,0.19595955091403122
2010-05-31,41.785369,-71.667288,0.0
2010-06-01,41.785369,-71.667288,16.67982545670303
2010-06-02,41.785369,-71.667288,0.07255379971406858
2010-06-03,41.785369,-71.667288,0.4192545866931302
2010-06-04,41.785369,-71.667288,1.584493781341713
2010-06-05,41.785369,-71.667288,10.490884921303765
2010-06-06,41.785369,-71.667288,3.7737092430154977
2010-06-07,41.785369,-71.667288,0.0
2010-06-08,41.785369,-71.667288,0.07389752003403924
2010-06-09,41.785369,-71.667288,15.613689282220287
2010-06-10,41.785369,-71.667288,3.4682346671090154
2010-06-11,41.785369,-71.667288,0.9780851135454854
2010-06-12,41.785369,-71.667288,2.2430197093215556
2010-06-13,41.785369,-71.667288,12.492974297718415
2010-06-14,41.785369,-71.667288,0.0
2010-06-15,41.785369,-71.667288,0.016701584052281847
2010-06-16,41.785369,-71.667288,0.2423147154423428
2010-06-17,41.785369,-71.667288,0.33522804625610003
2010-06-18,41.785369,-71.667288,0.0
2010-06-19,41.785369,-71.667288,0.0
2010-06-20,41.785369,-71.667288,3.084506188219029
2010-06-21,41.785369,-71.667288,0.0
2010-06-22,41.785369,-71.667288,0.8984354401334129
2010-06-23,41.785369,-71.667288,8.887151446568833
2010-06-24,41.785369,-71.667288,1.5321934177726984
2010-06-25,41.785369,-71.667288,0.27768037870700835
2010-06-26,41.785369,-71.667288,0.31988251926195527
2010-06-27,41.785369,-71.667288,0.07030986292133679
2010-06-28,41.785369,-71.667288,1.893316198518587
2010-06-29,41.785369,-71.667288,0.8674407494595116
2010-06-30,41.785369,-71.667288,0.0
2010-07-01,41.785369,-71.667288,0.0
2010-07-02,41.785369,-71.667288,0.0
2010-07-03,41.785369,-71.667288,0.0
2010-07-04,41.785369,-71.667288,0.18895083501744275
2010-07-05,41.785369,-71.667288,0.0
2010-07-06,41.785369,-71.667288,0.019414959600336443
2010-07-07,41.785369,-71.667288,0.0
2010-07-08,41.785369,-71.667288,0.0
2010-07-09,41.785369,-71.667288,0.0
2010-07-10,41.785369,-71.667288,8.191327224442006
2010-07-11,41.785369,-71.667288,0.7992568025943156
2010-07-12,41.785369,-71.667288,0.4303189224469554
2010-07-13,41.785369,-71.667288,15.842752858790156
2010-07-14,41.785369,-71.667288,10.070591196856705
2010-07-15,41.785369,-71.667288,0.0
2010-07-16,41.785369,-71.667288,0.0
2010-07-17,41.785369,-71.667288,0.33057299074199664
2010-07-18,41.785369,-71.667288,0.0
2010-07-19,41.785369,-71.667288,10.007116468082234
2010-07-20,41.785369,-71.667288,1.7833526207084525
2010-07-21,41.785369,-71.667288,3.169281897515707
2010-07-22,41.785369,-71.667288,0.8783719028002351
2010-07-23,41.785369,-71.667288,14.823177652290116
2010-07-24,41.785369,-71.667288,15.684259008469176
2010-07-25,41.785369,-71.667288,4.759478587855155
2010-07-26,41.785369,-71.667288,0.0
2010-07-27,41.785369,-71.667288,0.0
2010-07-28,41.785369,-71.667288,0.0
2010-07-29,41.785369,-71.667288,3.9839791301539096
2010-07-30,41.785369,-71.667288,0.0
2010-07-31,41.785369,-71.667288,0.0
2010-08-01,41.785369,-71.667288,0.0
2010-08-02,41.785369,-71.667288,0.0
2010-08-03,41.785369,-71.667288,0.0
2010-08-04,41.785369,-71.667288,0.044679413404606474
2010-08-05,41.785369,-71.667288,7.173070723897737
2010-08-06,41.785369,-71.667288,0.023738109020174862
2010-08-07,41.785369,-71.667288,0.0
2010-08-08,41.785369,-71.667288,0.0
2010-08-09,41.785369,-71.667288,0.04019959351801761
2010-08-10,41.785369,-71.667288,9.605364791285965
2010-08-11,41.785369,-71.667288,0.0
2010-08-12,41.785369,-71.667288,1.110276271455953
2010-08-13,41.785369,-71.667288,1.538281528367036
2010-08-14,41.785369,-71.667288,0.0
2010-08-15,41.785369,-71.667288,0.501852869573266
2010-08-16,41.785369,-71.667288,1.804098436768643
2010-08-17,41.785369,-71.667288,5.5708365622069795
2010-08-18,41.785369,-71.667288,13.533847125510073
2010-08-19,41.785369,-71.667288,0.9211406499067174
2010-08-20,41.785369,-71.667288,0.6083949533298159
2010-08-21,41.785369,-71.667288,1.3861291012952524
2010-08-22,41.785369,-71.667288,35.40856590882539
2010-08-23,41.785369,-71.667288,5.8384631428848355
2010-08-24,41.785369,-71.667288,0.0
2010-08-25,41.785369,-71.667288,7.6771934528708545
2010-08-26,41.785369,-71.667288,0.042111558762229884
2010-08-27,41.785369,-71.667288,0.0
2010-08-28,41.785369,-71.667288,0.0
2010-08-29,41.785369,-71.667288,0.0
2010-08-30,41.785369,-71.667288,0.0
2010-08-31,41.785369,-71.667288,0.0
2010-09-01,41.785369,-71.667288,0.0
2010-09-02,41.785369,-71.667288,0.0
2010-09-03,41.785369,-71.667288,16.3434744163246
2010-09-04,41.785369,-71.667288,17.873968450280216
2010-09-05,41.785369,-71.667288,0.0
2010-09-06,41.785369,-71.667288,0.0
2010-09-07,41.785369,-71.667288,0.0
2010-09-08,41.785369,-71.667288,2.512679559741778
2010-09-09,41.785369,-71.667288,0.0
2010-09-10,41.785369,-71.667288,0.0
2010-09-11,41.785369,-71.667288,0.0
2010-09-12,41.785369,-71.667288,0.9786631149051491
2010-09-13,41.785369,-71.667288,0.005345840723569754
2010-09-14,41.785369,-71.667288,0.0
2010-09-15,41.785369,-71.667288,0.0
2010-09-16,41.785369,-71.667288,0.47800718359494776
2010-09-17,41.785369,-71.667288,19.95897341013704
2010-09-18,41.785369,-71.667288,0.0
2010-09-19,41.785369,-71.667288,0.0
2010-09-20,41.785369,-71.667288,0.0
2010-09-21,41.785369,-71.667288,0.0
2010-09-22,41.785369,-71.667288,0.0
2010-09-23,41.785369,-71.667288,2.4031421602414746
2010-09-24,41.785369,-71.667288,0.003457347501878278
2010-09-25,41.785369,-71.667288,0.0
2010-09-26,41.785369,-71.667288,0.040780955328869294
2010-09-27,41.785369,-71.667288,0.7704440212025829
2010-09-28,41.785369,-71.667288,8.843878958776514
2010-09-29,41.785369,-71.667288,0.009694649783309087
2010-09-30,41.785369,-71.667288,2.267415693162989
2010-10-01,41.785369,-71.667288,11.858873880653405
2010-10-02,41.785369,-71.667288,1.0451802435462874
2010-10-03,41.785369,-71.667288,0.23771393080908304
2010-10-04,41.785369,-71.667288,13.280207749188781
2010-10-05,41.785369,-71.667288,0.0
2010-10-06,41.785369,-71.667288,44.61241866847819
2010-10-07,41.785369,-71.667288,0.0
2010-10-08,41.785369,-71.667288,0.0
2010-10-09,41.785369,-71.667288,0.0
2010-10-10,41.785369,-71.667288,0.0
2010-10-11,41.785369,-71.667288,0.001675888697954455
2010-10-12,41.785369,-71.667288,0.5889423494723849
2010-10-13,41.785369,-71.667288,0.0
2010-10-14,41.785369,-71.667288,0.0
2010-10-15,41.785369,-71.667288,28.676558242861
2010-10-16,41.785369,-71.667288,0.3294231764844208
2010-10-17,41.785369,-71.667288,0.0
2010-10-18,41.785369,-71.667288,0.011781458580406405
2010-10-19,41.785369,-71.667288,3.2567412816119914
2010-10-20,41.785369,-71.667288,0.060326617531378815
2010-10-21,41.785369,-71.667288,1.370973228374395
2010-10-22,41.785369,-71.667288,0.001675888697954455
2010-10-23,41.785369,-71.667288,0.0
2010-10-24,41.785369,-71.667288,5.033194478742897
2010-10-25,41.785369,-71.667288,1.2626238503045268
2010-10-26,41.785369,-71.667288,1.2463027326090361
2010-10-27,41.785369,-71.667288,8.917805741914911
2010-10-28,41.785369,-71.667288,0.0
2010-10-29,41.785369,-71.667288,0.0
2010-10-30,41.785369,-71.667288,0.2790862517944701
2010-10-31,41.785369,-71.667288,0.5556612043491005
2010-11-01,41.785369,-71.667288,0.0
2010-11-02,41.785369,-71.667288,0.0
2010-11-03,41.785369,-71.667288,0.0
2010-11-04,41.785369,-71.667288,18.873138837221173
2010-11-05,41.785369,-71.667288,23.180627922549974
2010-11-06,41.785369,-71.667288,3.3940011701284116
2010-11-07,41.785369,-71.667288,2.847870932773757
2010-11-08,41.785369,-71.667288,14.582078746226342
2010-11-09,41.785369,-71.667288,0.09581920025883155
2010-11-10,41.785369,-71.667288,2.1246219914600424
2010-11-11,41.785369,-71.667288,0.6412476264125828
2010-11-12,41.785369,-71.667288,0.0
2010-11-13,41.785369,-71.667288,0.0
2010-11-14,41.785369,-71.667288,0.0
2010-11-15,41.785369,-71.667288,0.0
2010-11-16,41.785369,-71.667288,2.7328018299609016
2010-11-17,41.785369,-71.667288,31.86606949399702
2010-11-18,41.785369,-71.667288,0.0
2010-11-19,41.785369,-71.667288,0.000611414618969503
2010-11-20,41.785369,-71.667288,0.6024066513848462
2010-11-21,41.785369,-71.667288,0.008138988449440979
2010-11-22,41.785369,-71.667288,0.5431759459495693
2010-11-23,41.785369,-71.667288,1.5316487696002807
2010-11-24,41.785369,-71.667288,0.0
2010-11-25,41.785369,-71.667288,0.0
2010-11-26,41.785369,-71.667288,7.369712210799007
2010-11-27,41.785369,-71.667288,0.0
2010-11-28,41.785369,-71.667288,0.0
2010-11-29,41.785369,-71.667288,0.0
2010-11-30,41.785369,-71.667288,0.84410135699972
2010-12-01,41.785369,-71.667288,25.37371982871536
2010-12-02,41.785369,-71.667288,0.7676302301266134
2010-12-03,41.785369,-71.667288,0.23673623817554562
2010-12-04,41.785369,-71.667288,0.10348130022867338
2010-12-05,41.785369,-71.667288,0.0
2010-12-06,41.785369,-71.667288,0.0
2010-12-07,41.785369,-71.667288,0.0
2010-12-08,41.785369,-71.667288,0.0
2010-12-09,41.785369,-71.667288,0.0
2010-12-10,41.785369,-71.667288,0.0009171219284542544
2010-12-11,41.785369,-71.667288,0.8105378632396648
2010-12-12,41.785369,-71.667288,30.945093327532184
2010-12-13,41.785369,-71.667288,62.85050520411153
2010-12-14,41.785369,-71.667288,0.0
2010-12-15,41.785369,-71.667288,0.0
2010-12-16,41.785369,-71.667288,0.0
2010-12-17,41.785369,-71.667288,0.0
2010-12-18,41.785369,-71.667288,0.0
2010-12-19,41.785369,-71.667288,0.005186021252817419
2010-12-20,41.785369,-71.667288,1.833495126654752
2010-12-21,41.785369,-71.667288,1.0426957050747594
2010-12-22,41.785369,-71.667288,0.0
2010-12-23,41.785369,-71.667288,0.3018053796998571
2010-12-24,41.785369,-71.667288,0.0
2010-12-25,41.785369,-71.667288,0.008018761085354632
2010-12-26,41.785369,-71.667288,2.203864217055923
2010-12-27,41.785369,-71.667288,0.0
2010-12-28,41.785369,-71.667288,0.004388227952960532
2010-12-29,41.785369,-71.667288,0.06587208903835542
2010-12-30,41.785369,-71.667288,0.0
2010-12-31,41.785369,-71.667288,0.4036852438548137
2011-01-01,41.785369,-71.667288,0.9198756219901872
2011-01-02,41.785369,-71.667288,3.331938636468589
2011-01-03,41.785369,-71.667288,4.902011676546361
2011-01-04,41.785369,-71.667288,0.048353021240300484
2011-01-05,41.785369,-71.667288,0.0
2011-01-06,41.785369,-71.667288,0.0
2011-01-07,41.785369,-71.667288,0.0
2011-01-08,41.785369,-71.667288,0.21875285206945913
2011-01-09,41.785369,-71.667288,2.1936896023848678
2011-01-10,41.785369,-71.667288,0.0
2011-01-11,41.785369,-71.667288,0.21688604484492874
2011-01-12,41.785369,-71.667288,20.112377114521983
2011-01-13,41.785369,-71.667288,0.33952238088227
2011-01-14,41.785369,-71.667288,0.9335276914526935
2011-01-15,41.785369,-71.667288,1.862502962604964
2011-01-16,41.785369,-71.667288,0.7355416185331167
2011-01-17,41.785369,-71.667288,0.1309148295187833
2011-01-18,41.785369,-71.667288,24.46024663386113
2011-01-19,41.785369,-71.667288,1.0728023842659253
2011-01-20,41.785369,-71.667288,0.6716598758281018
2011-01-21,41.785369,-71.667288,10.81178467953978
2011-01-22,41.785369,-71.667288,0.2173039709597336
2011-01-23,41.785369,-71.667288,0.11244380108945462
2011-01-24,41.785369,-71.667288,0.0
2011-01-25,41.785369,-71.667288,2.230834249470491
2011-01-26,41.785369,-71.667288,6.471550171847159
2011-01-27,41.785369,-71.667288,17.79929392150111
2011-01-28,41.785369,-71.667288,1.7653944881546213
2011-01-29,41.785369,-71.667288,0.6507154000053259
2011-01-30,41.785369,-71.667288,0.0
2011-01-31,41.785369,-71.667288,0.0
2011-02-01,41.785369,-71.667288,1.8798873802930558
2011-02-02,41.785369,-71.667288,23.802207725333847
2011-02-03,41.785369,-71.667288,0.17507654114569576
2011-02-04,41.785369,-71.667288,0.0
2011-02-05,41.785369,-71.667288,0.6484132626559346
2011-02-06,41.785369,-71.667288,0.10592396167794427
2011-02-07,41.785369,-71.667288,0.5346059106272183
2011-02-08,41.785369,-71.667288,8.488359040585703
2011-02-09,41.785369,-71.667288,0.0
2011-02-10,41.785369,-71.667288,0.005624423350663023
2011-02-11,41.785369,-71.667288,0.0
2011-02-12,41.785369,-71.667288,0.0149796578800407
2011-02-13,41.785369,-71.667288,0.0
2011-02-14,41.785369,-71.667288,0.17423626053935798
2011-02-15,41.785369,-71.667288,0.0
2011-02-16,41.785369,-71.667288,0.0
2011-02-17,41.785369,-71.667288,0.0
2011-02-18,41.785369,-71.667288,0.016795216991275695
2011-02-19,41.785369,-71.667288,0.0
2011-02-20,41.785369,-71.667288,0.0
2011-02-21,41.785369,-71.667288,1.6421554686965312
2011-02-22,41.785369,-71.667288,0.057048453011028254
2011-02-23,41.785369,-71.667288,0.0
2011-02-24,41.785369,-71.667288,0.0
2011-02-25,41.785369,-71.667288,50.1304038379266
2011-02-26,41.785369,-71.667288,0.08628557871258312
2011-02-27,41.785369,-71.667288,1.4549318243419247
2011-02-28,41.785369,-71.667288,15.053431756131396
2011-03-01,41.785369,-71.667288,4.700515882996973
2011-03-02,41.785369,-71.667288,0.008938073055757098
2011-03-03,41.785369,-71.667288,0.0
2011-03-04,41.785369,-71.667288,0.0
2011-03-05,41.785369,-71.667288,0.03851512634007685
2011-03-06,41.785369,-71.667288,1.1204189097221073
2011-03-07,41.785369,-71.667288,34.38494295768366
2011-03-08,41.785369,-71.667288,0.0
2011-03-09,41.785369,-71.667288,0.0
2011-03-10,41.785369,-71.667288,0.6447594461589201
2011-03-11,41.785369,-71.667288,16.832542412395284
2011-03-12,41.785369,-71.667288,0.0
2011-03-13,41.785369,-71.667288,0.02047839765872993
2011-03-14,41.785369,-71.667288,0.0
2011-03-15,41.785369,-71.667288,0.0990604527227559
2011-03-16,41.785369,-71.667288,14.560176613905766
2011-03-17,41.785369,-71.667288,0.01827204043464854
2011-03-18,41.785369,-71.667288,2.0237365687213265
2011-03-19,41.785369,-71.667288,0.11025797732997608
2011-03-20,41.785369,-71.667288,0.0
2011-03-21,41.785369,-71.667288,3.350953549545571
2011-03-22,41.785369,-71.667288,0.0
2011-03-23,41.785369,-71.667288,0.15248359279745283
2011-03-24,41.785369,-71.667288,1.07659161306187
2011-03-25,41.785369,-71.667288,0.0
2011-03-26,41.785369,-71.667288,0.0
2011-03-27,41.785369,-71.667288,0.011915087527319422
2011-03-28,41.785369,-71.667288,0.0
2011-03-29,41.785369,-71.667288,0.0
2011-03-30,41.785369,-71.667288,0.0
2011-03-31,41.785369,-71.667288,15.186680728932874
2011-04-01,41.785369,-71.667288,10.416129994610218
2011-04-02,41.785369,-71.667288,0.06095559512503371
2011-04-03,41.785369,-71.667288,0.0
2011-04-04,41.785369,-71.667288,9.902729689587753
2011-04-05,41.785369,-71.667288,1.2910498532733898
2011-04-06,41.785369,-71.667288,0.0
2011-04-07,41.785369,-71.667288,0.0426215629641676
2011-04-08,41.785369,-71.667288,0.12617182404374688
2011-04-09,41.785369,-71.667288,0.05064032454739246
2011-04-10,41.785369,-71.667288,2.88127353691946
2011-04-11,41.785369,-71.667288,0.40627397870242055
2011-04-12,41.785369,-71.667288,12.055175286889135
2011-04-13,41.785369,-71.667288,44.68867539080222
2011-04-14,41.785369,-71.667288,0.0027931477258712253
2011-04-15,41.785369,-71.667288,0.0
2011-04-16,41.785369,-71.667288,3.3136554872022073
2011-04-17,41.785369,-71.667288,29.856852148273834
2011-04-18,41.785369,-71.667288,0.10969521104628444
2011-04-19,41.785369,-71.667288,7.433272360305261
2011-04-20,41.785369,-71.667288,1.8023496935232366
2011-04-21,41.785369,-71.667288,0.0
2011-04-22,41.785369,-71.667288,0.0070745144745088945
2011-04-23,41.785369,-71.667288,16.174209023974182
2011-04-24,41.785369,-71.667288,0.5002695109494693
2011-04-25,41.785369,-71.667288,3.010355424307829
2011-04-26,41.785369,-71.667288,0.0
2011-04-27,41.785369,-71.667288,0.0005586295659848186
2011-04-28,41.785369,-71.667288,3.466875144407384
2011-04-29,41.785369,-71.667288,4.891375785906294
2011-04-30,41.785369,-71.667288,0.0
2011-05-01,41.785369,-71.667288,0.0
2011-05-02,41.785369,-71.667288,0.0
2011-05-03,41.785369,-71.667288,0.20966279598838652
2011-05-04,41.785369,-71.667288,7.2649197830506544
2011-05-05,41.785369,-71.667288,5.026337796833709
2011-05-06,41.785369,-71.667288,0.009693577834375319
2011-05-07,41.785369,-71.667288,0.7530614177620231
2011-05-08,41.785369,-71.667288,0.2940212208772679
2011-05-09,41.785369,-71.667288,0.001222829237939006
2011-05-10,41.785369,-71.667288,0.0
2011-05-11,41.785369,-71.667288,0.01901565419037192
2011-05-12,41.785369,-71.667288,0.0
2011-05-13,41.785369,-71.667288,0.004585609471443996
2011-05-14,41.785369,-71.667288,0.09370733678555672
2011-05-15,41.785369,-71.667288,17.43981103405663
2011-05-16,41.785369,-71.667288,3.4043081206145005
2011-05-17,41.785369,-71.667288,1.776664550467773
2011-05-18,41.785369,-71.667288,18.84801196213328
2011-05-19,41.785369,-71.667288,8.966886809927995
2011-05-20,41.785369,-71.667288,2.0668004186341675
2011-05-21,41.785369,-71.667288,0.01113080890603401
2011-05-22,41.785369,-71.667288,0.0008643368754695695
2011-05-23,41.785369,-71.667288,3.739688990241382
2011-05-24,41.785369,-71.667288,8.775836668933117
2011-05-25,41.785369,-71.667288,0.29443348283142107
2011-05-26,41.785369,-71.667288,0.0
2011-05-27,41.785369,-71.667288,0.16519276414384867
2011-05-28,41.785369,-71.667288,0.0
2011-05-29,41.785369,-71.667288,0.36460718327334696
2011-05-30,41.785369,-71.667288,15.909189978671344
2011-05-31,41.785369,-71.667288,0.0
2011-06-01,41.785369,-71.667288,2.276289790437477
2011-06-02,41.785369,-71.667288,2.53980099166177
2011-06-03,41.785369,-71.667288,0.0
2011-06-04,41.785369,-71.667288,0.049733251768295045
2011-06-05,41.785369,-71.667288,0.0
2011-06-06,41.785369,-71.667288,0.2193076354687022
2011-06-07,41.785369,-71.667288,0.0
2011-06-08,41.785369,-71.667288,0.2838149580157161
2011-06-09,41.785369,-71.667288,31.664261544261272
2011-06-10,41.785369,-71.667288,7.057121678544975
2011-06-11,41.785369,-71.667288,5.424423011146038
2011-06-12,41.785369,-71.667288,22.603311904072264
2011-06-13,41.785369,-71.667288,0.20624345453109788
2011-06-14,41.785369,-71.667288,0.27525665879659467
2011-06-15,41.785369,-71.667288,0.0
2011-06-16,41.785369,-71.667288,0.0
2011-06-17,41.785369,-71.667288,9.300962153043194
2011-06-18,41.785369,-71.667288,2.6074850331146475
2011-06-19,41.785369,-71.667288,0.16077848705427167
2011-06-20,41.785369,-71.667288,1.1138664055304313
2011-06-21,41.785369,-71.667288,0.0
2011-06-22,41.785369,-71.667288,6.4923621314202755
2011-06-23,41.785369,-71.667288,23.833209288748566
2011-06-24,41.785369,-71.667288,1.5918289328365718
2011-06-25,41.785369,-71.667288,0.5425191720873541
2011-06-26,41.785369,-71.667288,0.0214845751114068
2011-06-27,41.785369,-71.667288,0.1099805214201951
2011-06-28,41.785369,-71.667288,0.0017684499604715958
2011-06-29,41.785369,-71.667288,4.941203716509175
2011-06-30,41.785369,-71.667288,0.0
2011-07-01,41.785369,-71.667288,0.0
2011-07-02,41.785369,-71.667288,0.0
2011-07-03,41.785369,-71.667288,2.176285637440645
2011-07-04,41.785369,-71.667288,0.08090897271994846
2011-07-05,41.785369,-71.667288,0.0
2011-07-06,41.785369,-71.667288,0.0
2011-07-07,41.785369,-71.667288,0.005491728391474892
2011-07-08,41.785369,-71.667288,21.16138853940371
2011-07-09,41.785369,-71.667288,22.538017656120903
2011-07-10,41.785369,-71.667288,0.0
2011-07-11,41.785369,-71.667288,0.0
2011-07-12,41.785369,-71.667288,0.8062722177590267
2011-07-13,41.785369,-71.667288,1.8381962314527576
2011-07-14,41.785369,-71.667288,2.4625355020222335
2011-07-15,41.785369,-71.667288,0.0
2011-07-16,41.785369,-71.667288,0.0
2011-07-17,41.785369,-71.667288,0.0
2011-07-18,41.785369,-71.667288,3.455148298787548
2011-07-19,41.785369,-71.667288,0.05372434925487453
2011-07-20,41.785369,-71.667288,0.0
2011-07-21,41.785369,-71.667288,0.10898987684421896
2011-07-22,41.785369,-71.667288,0.0
2011-07-23,41.785369,-71.667288,0.07300735301992171
2011-07-24,41.785369,-71.667288,3.3633838170074073
2011-07-25,41.785369,-71.667288,7.009848276583568
2011-07-26,41.785369,-71.667288,5.286729280284668
2011-07-27,41.785369,-71.667288,0.0
2011-07-28,41.785369,-71.667288,0.055931409374982574
2011-07-29,41.785369,-71.667288,0.25833998248851453
2011-07-30,41.785369,-71.667288,0.0
2011-07-31,41.785369,-71.667288,0.0
2011-08-01,41.785369,-71.667288,0.9243916862023069
2011-08-02,41.785369,-71.667288,0.4353970853539597
2011-08-03,41.785369,-71.667288,1.84112355768543
2011-08-04,41.785369,-71.667288,2.0501329213701798
2011-08-05,41.785369,-71.667288,0.0
2011-08-06,41.785369,-71.667288,1.7408043907861952
2011-08-07,41.785369,-71.667288,24.813989722123253
2011-08-08,41.785369,-71.667288,5.275373904293914
2011-08-09,41.785369,-71.667288,9.01318745778123
2011-08-10,41.785369,-71.667288,6.503431234480155
2011-08-11,41.785369,-71.667288,0.0
2011-08-12,41.785369,-71.667288,0.0
2011-08-13,41.785369,-71.667288,1.128478991488261
2011-08-14,41.785369,-71.667288,19.66427047650511
2011-08-15,41.785369,-71.667288,64.1514238075527
2011-08-16,41.785369,-71.667288,0.045439647643953585
2011-08-17,41.785369,-71.667288,0.0
2011-08-18,41.785369,-71.667288,0.001222829237939006
2011-08-19,41.785369,-71.667288,1.8592077531283764
2011-08-20,41.785369,-71.667288,0.838510291594811
2011-08-21,41.785369,-71.667288,0.9004189234328752
2011-08-22,41.785369,-71.667288,15.387234065953074
2011-08-23,41.785369,-71.667288,0.001475751494439073
2011-08-24,41.785369,-71.667288,0.0
2011-08-25,41.785369,-71.667288,3.9431265999021665
2011-08-26,41.785369,-71.667288,0.43300296102199914
2011-08-27,41.785369,-71.667288,13.806315960565243
2011-08-28,41.785369,-71.667288,50.80525862175806
2011-08-29,41.785369,-71.667288,0.0
2011-08-30,41.785369,-71.667288,0.0
2011-08-31,41.785369,-71.667288,0.04982787586937118
2011-09-01,41.785369,-71.667288,0.8842795065524816
2011-09-02,41.785369,-71.667288,0.0
2011-09-03,41.785369,-71.667288,0.0
2011-09-04,41.785369,-71.667288,0.0029254853019736885
2011-09-05,41.785369,-71.667288,0.015292882055386689
2011-09-06,41.785369,-71.667288,29.455810544865656
2011-09-07,41.785369,-71.667288,10.741062088359277
2011-09-08,41.785369,-71.667288,54.69899294563171
2011-09-09,41.785369,-71.667288,1.6963182343534415
2011-09-10,41.785369,-71.667288,0.0
2011-09-11,41.785369,-71.667288,0.0
2011-09-12,41.785369,-71.667288,0.056131331082573996
2011-09-13,41.785369,-71.667288,0.0
2011-09-14,41.785369,-71.667288,0.0
2011-09-15,41.785369,-71.667288,1.0968370044331612
2011-09-16,41.785369,-71.667288,0.03303485773123903
2011-09-17,41.785369,-71.667288,0.17935554319515634
2011-09-18,41.785369,-71.667288,0.0
2011-09-19,41.785369,-71.667288,0.0
2011-09-20,41.785369,-71.667288,2.310580476382651
2011-09-21,41.785369,-71.667288,0.0
2011-09-22,41.785369,-71.667288,0.1166492889677772
2011-09-23,41.785369,-71.667288,31.175841526602493
2011-09-24,41.785369,-71.667288,19.154579817687036
2011-09-25,41.785369,-71.667288,1.9703320627568899
2011-09-26,41.785369,-71.667288,3.140065599085689
2011-09-27,41.785369,-71.667288,0.0
2011-09-28,41.785369,-71.667288,0.45635225010600533
2011-09-29,41.785369,-71.667288,9.464171123828766
2011-09-30,41.785369,-71.667288,0.0
2011-10-01,41.785369,-71.667288,8.617478412869655
2011-10-02,41.785369,-71.667288,0.01336460131105416
2011-10-03,41.785369,-71.667288,1.0931019109029978
2011-10-04,41.785369,-71.667288,10.189291614025622
2011-10-05,41.785369,-71.667288,0.6849386964779074
2011-10-06,41.785369,-71.667288,0.0
2011-10-07,41.785369,-71.667288,0.0
2011-10-08,41.785369,-71.667288,0.0
2011-10-09,41.785369,-71.667288,0.0
2011-10-10,41.785369,-71.667288,0.0
2011-10-11,41.785369,-71.667288,0.03140129307423038
2011-10-12,41.785369,-71.667288,9.684429354158887
2011-10-13,41.785369,-71.667288,17.63326804541144
2011-10-14,41.785369,-71.667288,21.8787184126893
2011-10-15,41.785369,-71.667288,4.004398885991407
2011-10-16,41.785369,-71.667288,0.07381654088612433
2011-10-17,41.785369,-71.667288,3.3565310209876067
2011-10-18,41.785369,-71.667288,0.0
2011-10-19,41.785369,-71.667288,39.55400413229304
2011-10-20,41.785369,-71.667288,12.03256733214485
2011-10-21,41.785369,-71.667288,0.0
2011-10-22,41.785369,-71.667288,0.0
2011-10-23,41.785369,-71.667288,0.0
2011-10-24,41.785369,-71.667288,0.18791588034576445
2011-10-25,41.785369,-71.667288,0.012659553706046918
2011-10-26,41.785369,-71.667288,0.7039346239093516
2011-10-27,41.785369,-71.667288,13.102459631623494
2011-10-28,41.785369,-71.667288,0.30340002559142065
2011-10-29,41.785369,-71.667288,22.539431431930904
2011-10-30,41.785369,-71.667288,0.5179258133700482
2011-10-31,41.785369,-71.667288,0.44558869247563265
2011-11-01,41.785369,-71.667288,5.913474467417501
2011-11-02,41.785369,-71.667288,0.0
2011-11-03,41.785369,-71.667288,0.0
2011-11-04,41.785369,-71.667288,0.1605428490752533
2011-11-05,41.785369,-71.667288,0.0
2011-11-06,41.785369,-71.667288,0.0
2011-11-07,41.785369,-71.667288,0.0
2011-11-08,41.785369,-71.667288,0.0
2011-11-09,41.785369,-71.667288,0.0
2011-11-10,41.785369,-71.667288,13.324718706853556
2011-11-11,41.785369,-71.667288,0.11689442570258302
2011-11-12,41.785369,-71.667288,0.0
2011-11-13,41.785369,-71.667288,5.289747539490449
2011-11-14,41.785369,-71.667288,0.16027256645176513
2011-11-15,41.785369,-71.667288,1.5186202907934665
2011-11-16,41.785369,-71.667288,14.641118174793696
2011-11-17,41.785369,-71.667288,15.754175829305474
2011-11-18,41.785369,-71.667288,0.039645361846685614
2011-11-19,41.785369,-71.667288,0.1924948828863936
2011-11-20,41.785369,-71.667288,0.0
2011-11-21,41.785369,-71.667288,5.054519144634979
2011-11-22,41.785369,-71.667288,0.0
2011-11-23,41.785369,-71.667288,49.77287138527643
2011-11-24,41.785369,-71.667288,0.0
2011-11-25,41.785369,-71.667288,0.0
2011-11-26,41.785369,-71.667288,0.1425438249188731
2011-11-27,41.785369,-71.667288,0.14773985994683747
2011-11-28,41.785369,-71.667288,0.8568770715445415
2011-11-29,41.785369,-71.667288,0.0045328245892865895
2011-11-30,41.785369,-71.667288,20.462616557016155
2011-12-01,41.785369,-71.667288,0.0
2011-12-02,41.785369,-71.667288,0.0
2011-12-03,41.785369,-71.667288,0.0
2011-12-04,41.785369,-71.667288,0.008776455905921065
2011-12-05,41.785369,-71.667288,0.0
2011-12-06,41.785369,-71.667288,6.508576258605687
2011-12-07,41.785369,-71.667288,45.63754217444141
2011-12-08,41.785369,-71.667288,8.26458870041874
2011-12-09,41.785369,-71.667288,0.0
2011-12-10,41.785369,-71.667288,5.055241779351201
2011-12-11,41.785369,-71.667288,0.0
2011-12-12,41.785369,-71.667288,0.06657172155856678
2011-12-13,41.785369,-71.667288,1.8199187658736933
2011-12-14,41.785369,-71.667288,0.00670355479181782
2011-12-15,41.785369,-71.667288,3.382784859859326
2011-12-16,41.785369,-71.667288,1.0694197662221931
2011-12-17,41.785369,-71.667288,0.11556799319964167
2011-12-18,41.785369,-71.667288,0.0
2011-12-19,41.785369,-71.667288,0.001675888697954455
2011-12-20,41.785369,-71.667288,0.8247402360776181
2011-12-21,41.785369,-71.667288,6.781409010307524
2011-12-22,41.785369,-71.667288,2.4027864796761103
2011-12-23,41.785369,-71.667288,18.373574303711614
2011-12-24,41.785369,-71.667288,0.0
2011-12-25,41.785369,-71.667288,0.0
2011-12-26,41.785369,-71.667288,0.3171890499858281
2011-12-27,41.785369,-71.667288,4.625942312670025
2011-12-28,41.785369,-71.667288,13.429918040750238
2011-12-29,41.785369,-71.667288,0.0
2011-12-30,41.785369,-71.667288,0.014281723239508416
2011-12-31,41.785369,-71.667288,5.272681227187734
2012-01-01,41.785369,-71.667288,0.0
2012-01-02,41.785369,-71.667288,3.955498311603971
2012-01-03,41.785369,-71.667288,0.0
2012-01-04,41.785369,-71.667288,0.04009380393316248
2012-01-05,41.785369,-71.667288,0.03219527220337509
2012-01-06,41.785369,-71.667288,0.5810272950883626
2012-01-07,41.785369,-71.667288,0.0
2012-01-08,41.785369,-71.667288,0.0027931477258712253
2012-01-09,41.785369,-71.667288,0.0
2012-01-10,41.785369,-71.667288,0.11339240052521649
2012-01-11,41.785369,-71.667288,0.0
2012-01-12,41.785369,-71.667288,42.522677118085504
2012-01-13,41.785369,-71.667288,0.36480163112147745
2012-01-14,41.785369,-71.667288,0.0
2012-01-15,41.785369,-71.667288,0.0
2012-01-16,41.785369,-71.667288,0.03207504434141853
2012-01-17,41.785369,-71.667288,3.116173943211354
2012-01-18,41.785369,-71.667288,0.15827524682552022
2012-01-19,41.785369,-71.667288,0.0
2012-01-20,41.785369,-71.667288,1.131771735874518
2012-01-21,41.785369,-71.667288,14.135062344100165
2012-01-22,41.785369,-71.667288,0.5416752466201982
2012-01-23,41.785369,-71.667288,0.4120971531110381
2012-01-24,41.785369,-71.667288,5.517726456106808
2012-01-25,41.785369,-71.667288,0.05305885658222015
2012-01-26,41.785369,-71.667288,4.519570230532843
2012-01-27,41.785369,-71.667288,31.1941242881653
2012-01-28,41.785369,-71.667288,0.00913602021732427
2012-01-29,41.785369,-71.667288,0.14835719243900983
2012-01-30,41.785369,-71.667288,0.1551496098412199
2012-01-31,41.785369,-71.667288,0.005305349881414787
2012-02-01,41.785369,-71.667288,0.04978845421434179
2012-02-02,41.785369,-71.667288,0.0
2012-02-03,41.785369,-71.667288,0.0
2012-02-04,41.785369,-71.667288,0.004388227952960532
2012-02-05,41.785369,-71.667288,0.0
2012-02-06,41.785369,-71.667288,0.000611414618969503
2012-02-07,41.785369,-71.667288,0.0
2012-02-08,41.785369,-71.667288,0.29212588014203184
2012-02-09,41.785369,-71.667288,0.1686725005441596
2012-02-10,41.785369,-71.667288,0.0
2012-02-11,41.785369,-71.667288,0.7651637685827468
2012-02-12,41.785369,-71.667288,0.0
2012-02-13,41.785369,-71.667288,0.0
2012-02-14,41.785369,-71.667288,0.0
2012-02-15,41.785369,-71.667288,0.0
2012-02-16,41.785369,-71.667288,3.3275274546669515
2012-02-17,41.785369,-71.667288,2.0611989586825006
2012-02-18,41.785369,-71.667288,0.0
2012-02-19,41.785369,-71.667288,0.003710269654325478
2012-02-20,41.785369,-71.667288,0.0
2012-02-21,41.785369,-71.667288,0.16587693185360144
2012-02-22,41.785369,-71.667288,0.32981715169232134
2012-02-23,41.785369,-71.667288,0.19859086999564735
2012-02-24,41.785369,-71.667288,5.3181072183290565
2012-02-25,41.785369,-71.667288,5.38900012060334
2012-02-26,41.785369,-71.667288,0.0
2012-02-27,41.785369,-71.667288,0.0
2012-02-28,41.785369,-71.667288,0.0
2012-02-29,41.785369,-71.667288,6.202431381824104
2012-03-01,41.785369,-71.667288,6.0685113728224795
2012-03-02,41.785369,-71.667288,0.0
2012-03-03,41.785369,-71.667288,11.135475171223842
2012-03-04,41.785369,-71.667288,1.5067171275287925
2012-03-05,41.785369,-71.667288,0.07237486332328724
2012-03-06,41.785369,-71.667288,0.0
2012-03-07,41.785369,-71.667288,0.0
2012-03-08,41.785369,-71.667288,0.0
2012-03-09,41.785369,-71.667288,2.9083483630404343
2012-03-10,41.785369,-71.667288,0.0
2012-03-11,41.785369,-71.667288,0.0
2012-03-12,41.785369,-71.667288,0.001222829237939006
2012-03-13,41.785369,-71.667288,0.9703255330365292
2012-03-14,41.785369,-71.667288,0.02840509132006278
2012-03-15,41.785369,-71.667288,0.0
2012-03-16,41.785369,-71.667288,1.5650703930658256
2012-03-17,41.785369,-71.667288,0.0
2012-03-18,41.785369,-71.667288,0.0
2012-03-19,41.785369,-71.667288,0.0
2012-03-20,41.785369,-71.667288,0.0
2012-03-21,41.785369,-71.667288,0.0
2012-03-22,41.785369,-71.667288,0.0
2012-03-23,41.785369,-71.667288,0.0
2012-03-24,41.785369,-71.667288,0.6081408943669189
2012-03-25,41.785369,-71.667288,4.56795730727351
2012-03-26,41.785369,-71.667288,0.0018342438569085087
2012-03-27,41.785369,-71.667288,0.0
2012-03-28,41.785369,-71.667288,9.431144716715671
2012-03-29,41.785369,-71.667288,0.03986856130069228
2012-03-30,41.785369,-71.667288,0.0
2012-03-31,41.785369,-71.667288,3.0304668863221296
2012-04-01,41.785369,-71.667288,2.056946449009283
2012-04-02,41.785369,-71.667288,2.456205743809001
2012-04-03,41.785369,-71.667288,0.0
2012-04-04,41.785369,-71.667288,0.005345840723569754
2012-04-05,41.785369,-71.667288,0.0
2012-04-06,41.785369,-71.667288,0.0
2012-04-07,41.785369,-71.667288,0.0
2012-04-08,41.785369,-71.667288,0.024960580491042828
2012-04-09,41.785369,-71.667288,0.0
2012-04-10,41.785369,-71.667288,0.0003057073094847515
2012-04-11,41.785369,-71.667288,0.16905729529457364
2012-04-12,41.785369,-71.667288,1.9205160400960344
2012-04-13,41.785369,-71.667288,0.007262184253749769
2012-04-14,41.785369,-71.667288,0.036545791941105465
2012-04-15,41.785369,-71.667288,4.960641875399852
2012-04-16,41.785369,-71.667288,0.057807219780528454
2012-04-17,41.785369,-71.667288,0.0
2012-04-18,41.785369,-71.667288,3.6529816405287474
2012-04-19,41.785369,-71.667288,0.10042621816054775
2012-04-20,41.785369,-71.667288,0.0
2012-04-21,41.785369,-71.667288,0.0
2012-04-22,41.785369,-71.667288,27.87683750183114
2012-04-23,41.785369,-71.667288,41.762973520022214
2012-04-24,41.785369,-71.667288,0.050558223992265346
2012-04-25,41.785369,-71.667288,0.059887105363430976
2012-04-26,41.785369,-71.667288,0.02672920262210832
2012-04-27,41.785369,-71.667288,3.3862386103006012
2012-04-28,41.785369,-71.667288,0.0
2012-04-29,41.785369,-71.667288,1.2777042604316615
2012-04-30,41.785369,-71.667288,0.002672920361784877
2012-05-01,41.785369,-71.667288,14.22280386570617
2012-05-02,41.785369,-71.667288,0.0022345182639392745
2012-05-03,41.785369,-71.667288,2.8969759215758506
2012-05-04,41.785369,-71.667288,2.0922903533255117
2012-05-05,41.785369,-71.667288,0.2787848956991084
2012-05-06,41.785369,-71.667288,0.042428429335460295
2012-05-07,41.785369,-71.667288,0.0
2012-05-08,41.785369,-71.667288,8.77603270164003
2012-05-09,41.785369,-71.667288,31.437181803306945
2012-05-10,41.785369,-71.667288,17.592885075993728
2012-05-11,41.785369,-71.667288,0.0
2012-05-12,41.785369,-71.667288,0.0
2012-05-13,41.785369,-71.667288,1.9860891373785732
2012-05-14,41.785369,-71.667288,1.8968485550469867
2012-05-15,41.785369,-71.667288,6.280619470758081
2012-05-16,41.785369,-71.667288,7.502252239071348
2012-05-17,41.785369,-71.667288,2.5480542886495616
2012-05-18,41.785369,-71.667288,0.0
2012-05-19,41.785369,-71.667288,0.0
2012-05-20,41.785369,-71.667288,0.0
2012-05-21,41.785369,-71.667288,0.19690362479238072
2012-05-22,41.785369,-71.667288,12.424884216837645
2012-05-23,41.785369,-71.667288,0.015332474067831794
2012-05-24,41.785369,-71.667288,0.6572231959856385
2012-05-25,41.785369,-71.667288,0.4398887681095845
2012-05-26,41.785369,-71.667288,0.14734425332182682
2012-05-27,41.785369,-71.667288,0.013484829173010733
2012-05-28,41.785369,-71.667288,0.38466140159047874
2012-05-29,41.785369,-71.667288,0.00913602021732427
2012-05-30,41.785369,-71.667288,3.1632863213942573
2012-05-31,41.785369,-71.667288,0.01084986339264878
2012-06-01,41.785369,-71.667288,0.03091730526654758
2012-06-02,41.785369,-71.667288,13.564564827721862
2012-06-03,41.785369,-71.667288,7.679135092920282
2012-06-04,41.785369,-71.667288,0.7532761340531737
2012-06-05,41.785369,-71.667288,0.5942371691994589
2012-06-06,41.785369,-71.667288,0.7573139690844921
2012-06-07,41.785369,-71.667288,2.453637047649938
2012-06-08,41.785369,-71.667288,0.24252062964501317
2012-06-09,41.785369,-71.667288,7.068854046215555
2012-06-10,41.785369,-71.667288,0.07397519929803698
2012-06-11,41.785369,-71.667288,0.0
2012-06-12,41.785369,-71.667288,2.6471792628478292
2012-06-13,41.785369,-71.667288,17.382123867554682
2012-06-14,41.785369,-71.667288,0.0
2012-06-15,41.785369,-71.667288,0.0
2012-06-16,41.785369,-71.667288,0.0
2012-06-17,41.785369,-71.667288,0.0
2012-06-18,41.785369,-71.667288,0.0
2012-06-19,41.785369,-71.667288,0.0
2012-06-20,41.785369,-71.667288,0.0
2012-06-21,41.785369,-71.667288,0.0
2012-06-22,41.785369,-71.667288,3.69799684319978
2012-06-23,41.785369,-71.667288,2.2614343818718026
2012-06-24,41.785369,-71.667288,0.0
2012-06-25,41.785369,-71.667288,45.56066962837174
2012-06-26,41.785369,-71.667288,0.3295721362726663
2012-06-27,41.785369,-71.667288,0.02925485192990866
2012-06-28,41.785369,-71.667288,0.025732173447629025
2012-06-29,41.785369,-71.667288,0.846275158417316
2012-06-30,41.785369,-71.667288,0.0
2012-07-01,41.785369,-71.667288,4.472253998034229
2012-07-02,41.785369,-71.667288,0.271142517947189
2012-07-03,41.785369,-71.667288,0.7908570443324119
2012-07-04,41.785369,-71.667288,4.982713826141077
2012-07-05,41.785369,-71.667288,0.001781458803923823
2012-07-06,41.785369,-71.667288,0.6382220851235101
2012-07-07,41.785369,-71.667288,5.890192125142334
2012-07-08,41.785369,-71.667288,0.0003057073094847515
2012-07-09,41.785369,-71.667288,0.022247699769748587
2012-07-10,41.785369,-71.667288,0.0
2012-07-11,41.785369,-71.667288,0.0
2012-07-12,41.785369,-71.667288,0.7044340073986692
2012-07-13,41.785369,-71.667288,0.7859510413760622
2012-07-14,41.785369,-71.667288,5.4957894351160546
2012-07-15,41.785369,-71.667288,2.5231644025427373
2012-07-16,41.785369,-71.667288,6.488064648453055
2012-07-17,41.785369,-71.667288,0.06364192963448805
2012-07-18,41.785369,-71.667288,6.247271065793464
2012-07-19,41.785369,-71.667288,0.9712383567473324
2012-07-20,41.785369,-71.667288,18.53075103832277
2012-07-21,41.785369,-71.667288,0.7816649126138324
2012-07-22,41.785369,-71.667288,0.0
2012-07-23,41.785369,-71.667288,2.617074205038758
2012-07-24,41.785369,-71.667288,1.6374177219672679
2012-07-25,41.785369,-71.667288,0.5886035075776783
2012-07-26,41.785369,-71.667288,0.7853144630831201
2012-07-27,41.785369,-71.667288,7.640730619487877
2012-07-28,41.785369,-71.667288,7.595450099206058
2012-07-29,41.785369,-71.667288,2.6314803773582267
2012-07-30,41.785369,-71.667288,0.0
2012-07-31,41.785369,-71.667288,7.552319011089289
2012-08-01,41.785369,-71.667288,3.554201677178135
2012-08-02,41.785369,-71.667288,3.1111007609305696
2012-08-03,41.785369,-71.667288,0.489361787991347
2012-08-04,41.785369,-71.667288,0.02925485192990866
2012-08-05,41.785369,-71.667288,9.037905088252465
2012-08-06,41.785369,-71.667288,6.030706213137968
2012-08-07,41.785369,-71.667288,1.8407479289684443
2012-08-08,41.785369,-71.667288,0.03551831082549764
2012-08-09,41.785369,-71.667288,0.0
2012-08-10,41.785369,-71.667288,13.475282577191988
2012-08-11,41.785369,-71.667288,0.07554482307173221
2012-08-12,41.785369,-71.667288,5.147247528834779
2012-08-13,41.785369,-71.667288,0.0
2012-08-14,41.785369,-71.667288,0.33623702077826795
2012-08-15,41.785369,-71.667288,2.5900659878898855
2012-08-16,41.785369,-71.667288,26.951125844241027
2012-08-17,41.785369,-71.667288,0.056131331082573996
2012-08-18,41.785369,-71.667288,17.077750457493256
2012-08-19,41.785369,-71.667288,0.0
2012-08-20,41.785369,-71.667288,1.558173366631142
2012-08-21,41.785369,-71.667288,5.136427925698682
2012-08-22,41.785369,-71.667288,1.557466201853626
2012-08-23,41.785369,-71.667288,0.005345840723569754
2012-08-24,41.785369,-71.667288,0.002672920361784877
2012-08-25,41.785369,-71.667288,0.0003057073094847515
2012-08-26,41.785369,-71.667288,0.0
2012-08-27,41.785369,-71.667288,0.29642270860041087
2012-08-28,41.785369,-71.667288,7.163110284696718
2012-08-29,41.785369,-71.667288,0.0
2012-08-30,41.785369,-71.667288,0.0
2012-08-31,41.785369,-71.667288,0.0
2012-09-01,41.785369,-71.667288,0.2005323401515913
2012-09-02,41.785369,-71.667288,0.0
2012-09-03,41.785369,-71.667288,0.0
2012-09-04,41.785369,-71.667288,11.901330011085467
2012-09-05,41.785369,-71.667288,27.525435102449432
2012-09-06,41.785369,-71.667288,0.9146249118675481
2012-09-07,41.785369,-71.667288,0.0
2012-09-08,41.785369,-71.667288,0.005027665989810498
2012-09-09,41.785369,-71.667288,7.497098760835399
2012-09-10,41.785369,-71.667288,0.0
2012-09-11,41.785369,-71.667288,0.0
2012-09-12,41.785369,-71.667288,0.0
2012-09-13,41.785369,-71.667288,0.0
2012-09-14,41.785369,-71.667288,0.0
2012-09-15,41.785369,-71.667288,4.524809728657765
2012-09-16,41.785369,-71.667288,0.0
2012-09-17,41.785369,-71.667288,0.0
2012-09-18,41.785369,-71.667288,0.16868010186170343
2012-09-19,41.785369,-71.667288,19.533246439607097
2012-09-20,41.785369,-71.667288,0.0
2012-09-21,41.785369,-71.667288,6.85518541283381
2012-09-22,41.785369,-71.667288,0.0
2012-09-23,41.785369,-71.667288,0.01317619327720787
2012-09-24,41.785369,-71.667288,0.0
2012-09-25,41.785369,-71.667288,0.0
2012-09-26,41.785369,-71.667288,0.30501374641696893
2012-09-27,41.785369,-71.667288,0.056131331082573996
2012-09-28,41.785369,-71.667288,27.75601248030067
2012-09-29,41.785369,-71.667288,9.161382338468666
2012-09-30,41.785369,-71.667288,8.720701516640709
2012-10-01,41.785369,-71.667288,0.050133938550730166
2012-10-02,41.785369,-71.667288,12.414507228673457
2012-10-03,41.785369,-71.667288,1.3496884963687565
2012-10-04,41.785369,-71.667288,1.5136021446332295
2012-10-05,41.785369,-71.667288,2.9286466412866354
2012-10-06,41.785369,-71.667288,0.1337146662215524
2012-10-07,41.785369,-71.667288,7.702790326266132
2012-10-08,41.785369,-71.667288,0.7841222216992482
2012-10-09,41.785369,-71.667288,30.10219160944988
2012-10-10,41.785369,-71.667288,0.08096990527973796
2012-10-11,41.785369,-71.667288,0.0
2012-10-12,41.785369,-71.667288,0.21200962501339785
2012-10-13,41.785369,-71.667288,0.29700142613268565
2012-10-14,41.785369,-71.667288,7.667027232109532
2012-10-15,41.785369,-71.667288,0.1174530547483035
2012-10-16,41.785369,-71.667288,3.7515814503022478
2012-10-17,41.785369,-71.667288,0.02150359075623559
2012-10-18,41.785369,-71.667288,0.00451981563194951
2012-10-19,41.785369,-71.667288,2.661332580775211
2012-10-20,41.785369,-71.667288,21.46250328469531
2012-10-21,41.785369,-71.667288,0.0
2012-10-22,41.785369,-71.667288,0.002672920361784877
2012-10-23,41.785369,-71.667288,0.055252562603640795
2012-10-24,41.785369,-71.667288,3.521923791285826
2012-10-25,41.785369,-71.667288,0.0
2012-10-26,41.785369,-71.667288,0.0
2012-10-27,41.785369,-71.667288,0.0
2012-10-28,41.785369,-71.667288,0.06340670369775757
2012-10-29,41.785369,-71.667288,2.358165403018226
2012-10-30,41.785369,-71.667288,2.9906944403917137
2012-10-31,41.785369,-71.667288,0.20502298724224438
2012-11-01,41.785369,-71.667288,0.09509490753941863
2012-11-02,41.785369,-71.667288,0.16419507809959466
2012-11-03,41.785369,-71.667288,0.0
2012-11-04,41.785369,-71.667288,0.012793147294248072
2012-11-05,41.785369,-71.667288,0.0
2012-11-06,41.785369,-71.667288,0.0
2012-11-07,41.785369,-71.667288,27.28099816788905
2012-11-08,41.785369,-71.667288,4.23267893370323
2012-11-09,41.785369,-71.667288,0.005345840723569754
2012-11-10,41.785369,-71.667288,0.01336460131105416
2012-11-11,41.785369,-71.667288,0.026758887097681677
2012-11-12,41.785369,-71.667288,0.0
2012-11-13,41.785369,-71.667288,5.391095420970477
2012-11-14,41.785369,-71.667288,0.0
2012-11-15,41.785369,-71.667288,0.0
2012-11-16,41.785369,-71.667288,2.2075673019643136
2012-11-17,41.785369,-71.667288,0.0
2012-11-18,41.785369,-71.667288,0.0
2012-11-19,41.785369,-71.667288,0.0
2012-11-20,41.785369,-71.667288,0.0
2012-11-21,41.785369,-71.667288,0.014469393667782826
2012-11-22,41.785369,-71.667288,0.0
2012-11-23,41.785369,-71.667288,0.0
2012-11-24,41.785369,-71.667288,0.35508503723359436
2012-11-25,41.785369,-71.667288,0.006556202480291824
2012-11-26,41.785369,-71.667288,0.0
2012-11-27,41.785369,-71.667288,0.6040416936197187
2012-11-28,41.785369,-71.667288,0.009545476004668853
2012-11-29,41.785369,-71.667288,0.0
2012-11-30,41.785369,-71.667288,0.0
2012-12-01,41.785369,-71.667288,0.5175056754780909
2012-12-02,41.785369,-71.667288,0.03884189094111432
2012-12-03,41.785369,-71.667288,2.5113549231227807
2012-12-04,41.785369,-71.667288,0.0
2012-12-05,41.785369,-71.667288,0.6001983130679626
2012-12-06,41.785369,-71.667288,0.0
2012-12-07,41.785369,-71.667288,1.5067086801813228
2012-12-08,41.785369,-71.667288,12.046876394202595
2012-12-09,41.785369,-71.667288,1.399059115446108
2012-12-10,41.785369,-71.667288,16.33528643179621
2012-12-11,41.785369,-71.667288,0.06285335889823636
2012-12-12,41.785369,-71.667288,0.5671378307682836
2012-12-13,41.785369,-71.667288,0.021688574824613848
2012-12-14,41.785369,-71.667288,0.0
2012-12-15,41.785369,-71.667288,0.0011172591319696373
2012-12-16,41.785369,-71.667288,1.6271453275344885
2012-12-17,41.785369,-71.667288,13.880942056975755
2012-12-18,41.785369,-71.667288,28.704870983658676
2012-12-19,41.785369,-71.667288,0.005466068087656099
2012-12-20,41.785369,-71.667288,0.0022345182639392745
2012-12-21,41.785369,-71.667288,28.018491099074126
2012-12-22,41.785369,-71.667288,0.0
2012-12-23,41.785369,-71.667288,0.0
2012-12-24,41.785369,-71.667288,0.0011172591319696373
2012-12-25,41.785369,-71.667288,4.956999813592579
2012-12-26,41.785369,-71.667288,3.646125075821082
2012-12-27,41.785369,-71.667288,29.591402469081487
2012-12-28,41.785369,-71.667288,0.0
2012-12-29,41.785369,-71.667288,7.183675196313601
2012-12-30,41.785369,-71.667288,6.203555150734122
2012-12-31,41.785369,-71.667288,0.5402672151470862
2013-01-01,41.785369,-71.667288,1.6998381604032167
2013-01-02,41.785369,-71.667288,0.0
2013-01-03,41.785369,-71.667288,0.2714936971303725
2013-01-04,41.785369,-71.667288,0.04458732790493985
2013-01-05,41.785369,-71.667288,0.0
2013-01-06,41.785369,-71.667288,2.6116623717879666
2013-01-07,41.785369,-71.667288,0.17114088771334726
2013-01-08,41.785369,-71.667288,0.0
2013-01-09,41.785369,-71.667288,1.1043926845676069
2013-01-10,41.785369,-71.667288,0.0
2013-01-11,41.785369,-71.667288,2.1850172450528245
2013-01-12,41.785369,-71.667288,5.3506156267349185
2013-01-13,41.785369,-71.667288,0.07989306893375278
2013-01-14,41.785369,-71.667288,2.149587886498279
2013-01-15,41.785369,-71.667288,9.179102996769837
2013-01-16,41.785369,-71.667288,23.810410756731958
2013-01-17,41.785369,-71.667288,0.8468809240385418
2013-01-18,41.785369,-71.667288,0.9954069098997518
2013-01-19,41.785369,-71.667288,0.13031835559391697
2013-01-20,41.785369,-71.667288,0.0029254853019736885
2013-01-21,41.785369,-71.667288,0.054451876370481274
2013-01-22,41.785369,-71.667288,4.439014985059621
2013-01-23,41.785369,-71.667288,0.0
2013-01-24,41.785369,-71.667288,0.0032311926114584402
2013-01-25,41.785369,-71.667288,0.0
2013-01-26,41.785369,-71.667288,0.11971220360883722
2013-01-27,41.785369,-71.667288,0.0
2013-01-28,41.785369,-71.667288,1.353057408881835
2013-01-29,41.785369,-71.667288,0.08913008353395996
2013-01-30,41.785369,-71.667288,2.4266034366445894
2013-01-31,41.785369,-71.667288,17.662372150930462
2013-02-01,41.785369,-71.667288,0.0
2013-02-02,41.785369,-71.667288,0.0
2013-02-03,41.785369,-71.667288,0.0
2013-02-04,41.785369,-71.667288,0.004827529051343277
2013-02-05,41.785369,-71.667288,0.0
2013-02-06,41.785369,-71.667288,0.0
2013-02-07,41.785369,-71.667288,0.017425316811458105
2013-02-08,41.785369,-71.667288,83.58089097954243
2013-02-09,41.785369,-71.667288,46.481048528352076
2013-02-10,41.785369,-71.667288,0.0
2013-02-11,41.785369,-71.667288,3.645479189059078
2013-02-12,41.785369,-71.667288,0.0029254853019736885
2013-02-13,41.785369,-71.667288,0.0
2013-02-14,41.785369,-71.667288,2.4052648407163
2013-02-15,41.785369,-71.667288,0.0
2013-02-16,41.785369,-71.667288,0.3278361323892012
2013-02-17,41.785369,-71.667288,3.1308811182677356
2013-02-18,41.785369,-71.667288,0.034451876361976705
2013-02-19,41.785369,-71.667288,0.3108769766944221
2013-02-20,41.785369,-71.667288,1.6462978854476527
2013-02-21,41.785369,-71.667288,0.0026457956224509704
2013-02-22,41.785369,-71.667288,0.0
2013-02-23,41.785369,-71.667288,0.7177391076327637
2013-02-24,41.785369,-71.667288,1.2559136652223115
2013-02-25,41.785369,-71.667288,0.037685605655297924
2013-02-26,41.785369,-71.667288,0.0
2013-02-27,41.785369,-71.667288,7.439271552686156
2013-02-28,41.785369,-71.667288,0.014122296629490818
2013-03-01,41.785369,-71.667288,0.032551841434831634
2013-03-02,41.785369,-71.667288,0.0
2013-03-03,41.785369,-71.667288,0.0
2013-03-04,41.785369,-71.667288,0.0
2013-03-05,41.785369,-71.667288,0.0
2013-03-06,41.785369,-71.667288,0.0
2013-03-07,41.785369,-71.667288,0.9438229411272503
2013-03-08,41.785369,-71.667288,8.659027250826089
2013-03-09,41.785369,-71.667288,0.2640964303002151
2013-03-10,41.785369,-71.667288,0.0
2013-03-11,41.785369,-71.667288,2.63311352949609
2013-03-12,41.785369,-71.667288,47.81812097930636
2013-03-13,41.785369,-71.667288,0.0
2013-03-14,41.785369,-71.667288,0.0
2013-03-15,41.785369,-71.667288,0.0036574847623360857
2013-03-16,41.785369,-71.667288,0.5432830785419848
2013-03-17,41.785369,-71.667288,0.0
2013-03-18,41.785369,-71.667288,0.8687967665066973
2013-03-19,41.785369,-71.667288,8.097238386488202
2013-03-20,41.785369,-71.667288,0.0
2013-03-21,41.785369,-71.667288,0.1583459434510996
2013-03-22,41.785369,-71.667288,0.004388227952960532
2013-03-23,41.785369,-71.667288,0.0
2013-03-24,41.785369,-71.667288,0.0
2013-03-25,41.785369,-71.667288,0.013963549060561808
2013-03-26,41.785369,-71.667288,0.0
2013-03-27,41.785369,-71.667288,0.0
2013-03-28,41.785369,-71.667288,0.0
2013-03-29,41.785369,-71.667288,0.0
2013-03-30,41.785369,-71.667288,0.0
2013-03-31,41.785369,-71.667288,0.243105263906571
2013-04-01,41.785369,-71.667288,0.6282502504809845
2013-04-02,41.785369,-71.667288,0.0
2013-04-03,41.785369,-71.667288,0.0
2013-04-04,41.785369,-71.667288,0.0
2013-04-05,41.785369,-71.667288,0.19207450716476013
2013-04-06,41.785369,-71.667288,0.0
2013-04-07,41.785369,-71.667288,0.012248068662320845
2013-04-08,41.785369,-71.667288,0.023603800140419125
2013-04-09,41.785369,-71.667288,4.159810368625243
2013-04-10,41.785369,-71.667288,6.6840789067324184
2013-04-11,41.785369,-71.667288,5.652185023214506
2013-04-12,41.785369,-71.667288,9.938909012829207
2013-04-13,41.785369,-71.667288,0.2490758420512709
2013-04-14,41.785369,-71.667288,0.0
2013-04-15,41.785369,-71.667288,0.0
2013-04-16,41.785369,-71.667288,0.0
2013-04-17,41.785369,-71.667288,0.7335684826622165
2013-04-18,41.785369,-71.667288,0.0
2013-04-19,41.785369,-71.667288,0.0
2013-04-20,41.785369,-71.667288,17.4366720506824
2013-04-21,41.785369,-71.667288,0.0
2013-04-22,41.785369,-71.667288,0.33153696079645156
2013-04-23,41.785369,-71.667288,2.5904734989296463
2013-04-24,41.785369,-71.667288,0.8386869417865179
2013-04-25,41.785369,-71.667288,0.4712337042589516
2013-04-26,41.785369,-71.667288,0.0
2013-04-27,41.785369,-71.667288,0.0
2013-04-28,41.785369,-71.667288,0.0
2013-04-29,41.785369,-71.667288,0.047366394397563835
2013-04-30,41.785369,-71.667288,0.0
2013-05-01,41.785369,-71.667288,0.0
2013-05-02,41.785369,-71.667288,0.002672920361784877
2013-05-03,41.785369,-71.667288,0.0
2013-05-04,41.785369,-71.667288,0.0
2013-05-05,41.785369,-71.667288,0.0
2013-05-06,41.785369,-71.667288,0.0
2013-05-07,41.785369,-71.667288,0.0
2013-05-08,41.785369,-71.667288,0.29118543423320453
2013-05-09,41.785369,-71.667288,11.779961866234295
2013-05-10,41.785369,-71.667288,1.8993300613956985
2013-05-11,41.785369,-71.667288,14.766071370838905
2013-05-12,41.785369,-71.667288,3.8923874459995806
2013-05-13,41.785369,-71.667288,0.011701941207894754
2013-05-14,41.785369,-71.667288,0.0
2013-05-15,41.785369,-71.667288,4.1600388448330845
2013-05-16,41.785369,-71.667288,0.03157103245000248
2013-05-17,41.785369,-71.667288,0.0
2013-05-18,41.785369,-71.667288,0.0
2013-05-19,41.785369,-71.667288,3.7658505757445147
2013-05-20,41.785369,-71.667288,0.011475036524414294
2013-05-21,41.785369,-71.667288,11.942522848792004
2013-05-22,41.785369,-71.667288,1.7850322910586836
2013-05-23,41.785369,-71.667288,0.4299198364648769
2013-05-24,41.785369,-71.667288,16.39335427498333
2013-05-25,41.785369,-71.667288,1.5051529829826753
2013-05-26,41.785369,-71.667288,0.24455909699032652
2013-05-27,41.785369,-71.667288,0.0
2013-05-28,41.785369,-71.667288,0.2798798688032828
2013-05-29,41.785369,-71.667288,9.895265979820355
2013-05-30,41.785369,-71.667288,23.794380130029534
2013-05-31,41.785369,-71.667288,0.0
2013-06-01,41.785369,-71.667288,0.0
2013-06-02,41.785369,-71.667288,0.0
2013-06-03,41.785369,-71.667288,16.197154384280847
2013-06-04,41.785369,-71.667288,0.0
2013-06-05,41.785369,-71.667288,0.0
2013-06-06,41.785369,-71.667288,1.8768376245146106
2013-06-07,41.785369,-71.667288,71.23554594711771
2013-06-08,41.785369,-71.667288,11.326000047584683
2013-06-09,41.785369,-71.667288,0.0
2013-06-10,41.785369,-71.667288,13.153898096650146
2013-06-11,41.785369,-71.667288,39.75431421569248
2013-06-12,41.785369,-71.667288,0.0
2013-06-13,41.785369,-71.667288,9.15357405275827
2013-06-14,41.785369,-71.667288,22.69371892073609
2013-06-15,41.785369,-71.667288,0.0
2013-06-16,41.785369,-71.667288,0.3932090811284889
2013-06-17,41.785369,-71.667288,0.06677062840072574
2013-06-18,41.785369,-71.667288,22.191677779120518
2013-06-19,41.785369,-71.667288,10.897652226408029
2013-06-20,41.785369,-71.667288,0.0
2013-06-21,41.785369,-71.667288,0.0
2013-06-22,41.785369,-71.667288,0.0
2013-06-23,41.785369,-71.667288,0.0
2013-06-24,41.785369,-71.667288,0.005118578837662891
2013-06-25,41.785369,-71.667288,1.6045980551122718
2013-06-26,41.785369,-71.667288,3.2301530108406666
2013-06-27,41.785369,-71.667288,0.2213079423159039
2013-06-28,41.785369,-71.667288,4.943246447972311
2013-06-29,41.785369,-71.667288,1.170015123796477
2013-06-30,41.785369,-71.667288,0.9209835420965176
2013-07-01,41.785369,-71.667288,2.7645056241796215
2013-07-02,41.785369,-71.667288,2.2784960036911226
2013-07-03,41.785369,-71.667288,2.181903342410849
2013-07-04,41.785369,-71.667288,0.0
2013-07-05,41.785369,-71.667288,0.0
2013-07-06,41.785369,-71.667288,0.0
2013-07-07,41.785369,-71.667288,1.199789459797834
2013-07-08,41.785369,-71.667288,0.4132914126041781
2013-07-09,41.785369,-71.667288,2.0303842095209514
2013-07-10,41.785369,-71.667288,0.27407559026084893
2013-07-11,41.785369,-71.667288,11.955480984083023
2013-07-12,41.785369,-71.667288,0.33246653645667223
2013-07-13,41.785369,-71.667288,0.4306774028883272
2013-07-14,41.785369,-71.667288,0.029083948748004164
2013-07-15,41.785369,-71.667288,0.026703012549095337
2013-07-16,41.785369,-71.667288,0.0
2013-07-17,41.785369,-71.667288,0.0
2013-07-18,41.785369,-71.667288,0.026411028884089513
2013-07-19,41.785369,-71.667288,0.0
2013-07-20,41.785369,-71.667288,5.262833497453156
2013-07-21,41.785369,-71.667288,1.0262210232933195
2013-07-22,41.785369,-71.667288,0.21820639377531614
2013-07-23,41.785369,-71.667288,16.29663010878223
2013-07-24,41.785369,-71.667288,0.3703342114796739
2013-07-25,41.785369,-71.667288,11.500469267782556
2013-07-26,41.785369,-71.667288,22.29097968051484
2013-07-27,41.785369,-71.667288,0.14921836547508716
2013-07-28,41.785369,-71.667288,0.40580683148050256
2013-07-29,41.785369,-71.667288,0.16477524187773726
2013-07-30,41.785369,-71.667288,0.0
2013-07-31,41.785369,-71.667288,0.0
2013-08-01,41.785369,-71.667288,2.82178058961652
2013-08-02,41.785369,-71.667288,8.014869949436154
2013-08-03,41.785369,-71.667288,5.700017979308734
2013-08-04,41.785369,-71.667288,0.4474777795465782
2013-08-05,41.785369,-71.667288,0.0
2013-08-06,41.785369,-71.667288,0.0
2013-08-07,41.785369,-71.667288,0.0
2013-08-08,41.785369,-71.667288,1.2742866124909562
2013-08-09,41.785369,-71.667288,27.287628798828425
2013-08-10,41.785369,-71.667288,0.16086683485822886
2013-08-11,41.785369,-71.667288,0.0
2013-08-12,41.785369,-71.667288,0.0
2013-08-13,41.785369,-71.667288,10.00484246481035
2013-08-14,41.785369,-71.667288,0.2658356427003841
2013-08-15,41.785369,-71.667288,0.0
2013-08-16,41.785369,-71.667288,0.0
2013-08-17,41.785369,-71.667288,0.13563419428225448
2013-08-18,41.785369,-71.667288,4.124994422704788
2013-08-19,41.785369,-71.667288,2.015433140720188
2013-08-20,41.785369,-71.667288,0.7088514009887958
2013-08-21,41.785369,-71.667288,0.0
2013-08-22,41.785369,-71.667288,6.366032760922208
2013-08-23,41.785369,-71.667288,0.1866930004253848
2013-08-24,41.785369,-71.667288,0.0
2013-08-25,41.785369,-71.667288,0.0
2013-08-26,41.785369,-71.667288,2.5822283687748753
2013-08-27,41.785369,-71.667288,21.405297672292406
2013-08-28,41.785369,-71.667288,0.0029254853019736885
2013-08-29,41.785369,-71.667288,0.46938723615495936
2013-08-30,41.785369,-71.667288,0.0
2013-08-31,41.785369,-71.667288,1.1281267030435007
2013-09-01,41.785369,-71.667288,12.267854470724403
2013-09-02,41.785369,-71.667288,15.245258218563672
2013-09-03,41.785369,-71.667288,9.797866936835867
2013-09-04,41.785369,-71.667288,0.010691681447139507
2013-09-05,41.785369,-71.667288,0.5522963544504828
2013-09-06,41.785369,-71.667288,0.1425920723238278
2013-09-07,41.785369,-71.667288,0.000611414618969503
2013-09-08,41.785369,-71.667288,1.184149119919693
2013-09-09,41.785369,-71.667288,0.02751365773974279
2013-09-10,41.785369,-71.667288,0.5252320876784949
2013-09-11,41.785369,-71.667288,0.0
2013-09-12,41.785369,-71.667288,0.24445637437699674
2013-09-13,41.785369,-71.667288,15.394984579754809
2013-09-14,41.785369,-71.667288,0.0
2013-09-15,41.785369,-71.667288,0.0
2013-09-16,41.785369,-71.667288,3.462513326075844
2013-09-17,41.785369,-71.667288,0.0
2013-09-18,41.785369,-71.667288,0.0
2013-09-19,41.785369,-71.667288,0.0
2013-09-20,41.785369,-71.667288,0.0
2013-09-21,41.785369,-71.667288,0.0
2013-09-22,41.785369,-71.667288,20.31508055873432
2013-09-23,41.785369,-71.667288,0.0
2013-09-24,41.785369,-71.667288,0.0
2013-09-25,41.785369,-71.667288,0.0
2013-09-26,41.785369,-71.667288,0.0
2013-09-27,41.785369,-71.667288,0.0
2013-09-28,41.785369,-71.667288,0.0
2013-09-29,41.785369,-71.667288,0.0
2013-09-30,41.785369,-71.667288,0.0
2013-10-01,41.785369,-71.667288,0.0
2013-10-02,41.785369,-71.667288,0.0
2013-10-03,41.785369,-71.667288,0.0
2013-10-04,41.785369,-71.667288,1.1460406205327414
2013-10-05,41.785369,-71.667288,1.806258932622316
2013-10-06,41.785369,-71.667288,3.076919698002309
2013-10-07,41.785369,-71.667288,0.1945447657698239
2013-10-08,41.785369,-71.667288,0.7322162037903184
2013-10-09,41.785369,-71.667288,0.027896354111874938
2013-10-10,41.785369,-71.667288,1.879320186592497
2013-10-11,41.785369,-71.667288,0.0
2013-10-12,41.785369,-71.667288,0.3627576377076971
2013-10-13,41.785369,-71.667288,0.0
2013-10-14,41.785369,-71.667288,0.0
2013-10-15,41.785369,-71.667288,0.0
2013-10-16,41.785369,-71.667288,1.8621957453520983
2013-10-17,41.785369,-71.667288,0.7474303225179328
2013-10-18,41.785369,-71.667288,0.6239018832137039
2013-10-19,41.785369,-71.667288,0.24693886230165984
2013-10-20,41.785369,-71.667288,1.4683135762592459
2013-10-21,41.785369,-71.667288,0.0
2013-10-22,41.785369,-71.667288,0.006103143124329247
2013-10-23,41.785369,-71.667288,1.8502070597150375
2013-10-24,41.785369,-71.667288,0.0
2013-10-25,41.785369,-71.667288,0.0
2013-10-26,41.785369,-71.667288,0.0
2013-10-27,41.785369,-71.667288,0.058919183583272326
2013-10-28,41.785369,-71.667288,0.0
2013-10-29,41.785369,-71.667288,0.0
2013-10-30,41.785369,-71.667288,0.9735450419614698
2013-10-31,41.785369,-71.667288,3.112967743502239
2013-11-01,41.785369,-71.667288,14.410237368540365
2013-11-02,41.785369,-71.667288,0.35853572186461025
2013-11-03,41.785369,-71.667288,1.6159342601773266
2013-11-04,41.785369,-71.667288,0.0
2013-11-05,41.785369,-71.667288,0.0
2013-11-06,41.785369,-71.667288,0.11021917102220628
2013-11-07,41.785369,-71.667288,18.866081643595194
2013-11-08,41.785369,-71.667288,0.0
2013-11-09,41.785369,-71.667288,0.020573471087009756
2013-11-10,41.785369,-71.667288,0.0015285364904813322
2013-11-11,41.785369,-71.667288,0.0
2013-11-12,41.785369,-71.667288,7.103744683088335
2013-11-13,41.785369,-71.667288,0.0
2013-11-14,41.785369,-71.667288,0.07451222240617036
2013-11-15,41.785369,-71.667288,0.0
2013-11-16,41.785369,-71.667288,0.0014627426509868442
2013-11-17,41.785369,-71.667288,0.013145414820326135
2013-11-18,41.785369,-71.667288,7.393105422886515
2013-11-19,41.785369,-71.667288,0.0
2013-11-20,41.785369,-71.667288,0.0
2013-11-21,41.785369,-71.667288,0.0
2013-11-22,41.785369,-71.667288,3.740666166082894
2013-11-23,41.785369,-71.667288,2.589371846014856
2013-11-24,41.785369,-71.667288,0.0032311926114584402
2013-11-25,41.785369,-71.667288,0.0
2013-11-26,41.785369,-71.667288,4.621095209183783
2013-11-27,41.785369,-71.667288,56.08573627314577
2013-11-28,41.785369,-71.667288,0.355093986924612
2013-11-29,41.785369,-71.667288,0.0
2013-11-30,41.785369,-71.667288,0.0
2013-12-01,41.785369,-71.667288,0.0
2013-12-02,41.785369,-71.667288,0.0
2013-12-03,41.785369,-71.667288,0.06301719192606861
2013-12-04,41.785369,-71.667288,0.19406302153343052
2013-12-05,41.785369,-71.667288,0.4365471706162761
2013-12-06,41.785369,-71.667288,12.071393645053499
2013-12-07,41.785369,-71.667288,28.23155804482412
2013-12-08,41.785369,-71.667288,1.018008381419918
2013-12-09,41.785369,-71.667288,0.10793741927275184
2013-12-10,41.785369,-71.667288,2.8612826958159925
2013-12-11,41.785369,-71.667288,0.06292405524053828
2013-12-12,41.785369,-71.667288,0.0
2013-12-13,41.785369,-71.667288,0.011808940579109145
2013-12-14,41.785369,-71.667288,0.30656679813857657
2013-12-15,41.785369,-71.667288,10.685380983018137
2013-12-16,41.785369,-71.667288,0.0
2013-12-17,41.785369,-71.667288,3.4567537823707837
2013-12-18,41.785369,-71.667288,0.520682592442398
2013-12-19,41.785369,-71.667288,2.3188649816962217
2013-12-20,41.785369,-71.667288,0.5805347138147519
2013-12-21,41.785369,-71.667288,0.40515118931219996
2013-12-22,41.785369,-71.667288,6.4994740749972815
2013-12-23,41.785369,-71.667288,30.609739822479803
2013-12-24,41.785369,-71.667288,0.362932218861361
2013-12-25,41.785369,-71.667288,0.21525789548708135
2013-12-26,41.785369,-71.667288,0.0
2013-12-27,41.785369,-71.667288,0.0
2013-12-28,41.785369,-71.667288,0.0
2013-12-29,41.785369,-71.667288,26.688590134912115
2013-12-30,41.785369,-71.667288,0.10909408071623422
2013-12-31,41.785369,-71.667288,0.0
2014-01-01,41.785369,-71.667288,0.0
2014-01-02,41.785369,-71.667288,0.7717634371239412
2014-01-03,41.785369,-71.667288,3.028418214391582
2014-01-04,41.785369,-71.667288,0.10500000417232513
2014-01-05,41.785369,-71.667288,0.20953463430358407
2014-01-06,41.785369,-71.667288,5.946799584464976
2014-01-07,41.785369,-71.667288,0.09089414290874004
2014-01-08,41.785369,-71.667288,0.0
2014-01-09,41.785369,-71.667288,0.0
2014-01-10,41.785369,-71.667288,0.5311921221869311
2014-01-11,41.785369,-71.667288,22.20940889376081
2014-01-12,41.785369,-71.667288,15.738945906332532
2014-01-13,41.785369,-71.667288,0.10172786248961535
2014-01-14,41.785369,-71.667288,52.23138577155285
2014-01-15,41.785369,-71.667288,1.7638701117876745
2014-01-16,41.785369,-71.667288,0.1895398179473178
2014-01-17,41.785369,-71.667288,0.0
2014-01-18,41.785369,-71.667288,1.3996609491003937
2014-01-19,41.785369,-71.667288,0.0
2014-01-20,41.785369,-71.667288,0.0
2014-01-21,41.785369,-71.667288,0.031422643228687076
2014-01-22,41.785369,-71.667288,0.07731532276966863
2014-01-23,41.785369,-71.667288,0.0
2014-01-24,41.785369,-71.667288,0.0
2014-01-25,41.785369,-71.667288,0.6240588889408295
2014-01-26,41.785369,-71.667288,0.11010730566722901
2014-01-27,41.785369,-71.667288,0.47374000352046874
2014-01-28,41.785369,-71.667288,0.0014627426509868442
2014-01-29,41.785369,-71.667288,0.0
2014-01-30,41.785369,-71.667288,0.0
2014-01-31,41.785369,-71.667288,0.37013989141797815
2014-02-01,41.785369,-71.667288,0.0
2014-02-02,41.785369,-71.667288,0.40626475187216815
2014-02-03,41.785369,-71.667288,7.713257657980867
2014-02-04,41.785369,-71.667288,0.03071759757792313
2014-02-05,41.785369,-71.667288,30.954527515241715
2014-02-06,41.785369,-71.667288,0.0
2014-02-07,41.785369,-71.667288,1.2156672296663913
2014-02-08,41.785369,-71.667288,0.0
2014-02-09,41.785369,-71.667288,0.0009171219284542544
2014-02-10,41.785369,-71.667288,1.0629394096296898
2014-02-11,41.785369,-71.667288,0.0
2014-02-12,41.785369,-71.667288,0.0
2014-02-13,41.785369,-71.667288,19.726104519380016
2014-02-14,41.785369,-71.667288,12.406932120184846
2014-02-15,41.785369,-71.667288,4.97922361597597
2014-02-16,41.785369,-71.667288,0.9572287633717739
2014-02-17,41.785369,-71.667288,0.0
2014-02-18,41.785369,-71.667288,0.3292561968650669
2014-02-19,41.785369,-71.667288,8.308859361071972
2014-02-20,41.785369,-71.667288,1.2985064174034164
2014-02-21,41.785369,-71.667288,12.06815750936322
2014-02-22,41.785369,-71.667288,0.0
2014-02-23,41.785369,-71.667288,0.005186021252817419
2014-02-24,41.785369,-71.667288,0.40092618704785565
2014-02-25,41.785369,-71.667288,0.0003057073094847515
2014-02-26,41.785369,-71.667288,0.0
2014-02-27,41.785369,-71.667288,0.0
2014-02-28,41.785369,-71.667288,0.0
2014-03-01,41.785369,-71.667288,0.0
2014-03-02,41.785369,-71.667288,0.4960986138012191
2014-03-03,41.785369,-71.667288,0.9362863583438468
2014-03-04,41.785369,-71.667288,0.11741627387424275
2014-03-05,41.785369,-71.667288,0.01901565419037192
2014-03-06,41.785369,-71.667288,0.0
2014-03-07,41.785369,-71.667288,0.0
2014-03-08,41.785369,-71.667288,0.0
2014-03-09,41.785369,-71.667288,0.28100481432909186
2014-03-10,41.785369,-71.667288,5.064684934526471
2014-03-11,41.785369,-71.667288,0.31015274203905907
2014-03-12,41.785369,-71.667288,3.2687200645404193
2014-03-13,41.785369,-71.667288,4.154329743939339
2014-03-14,41.785369,-71.667288,0.0029254853019736885
2014-03-15,41.785369,-71.667288,1.0914288504551748
2014-03-16,41.785369,-71.667288,0.0
2014-03-17,41.785369,-71.667288,7.472838347316318
2014-03-18,41.785369,-71.667288,0.0
2014-03-19,41.785369,-71.667288,0.0
2014-03-20,41.785369,-71.667288,6.024826772355736
2014-03-21,41.785369,-71.667288,0.0
2014-03-22,41.785369,-71.667288,0.1222607620716567
2014-03-23,41.785369,-71.667288,0.016037522170709265
2014-03-24,41.785369,-71.667288,0.18867246014310868
2014-03-25,41.785369,-71.667288,0.6132585454791593
2014-03-26,41.785369,-71.667288,2.119326269077539
2014-03-27,41.785369,-71.667288,0.0
2014-03-28,41.785369,-71.667288,0.7376475248577041
2014-03-29,41.785369,-71.667288,25.474719062970003
2014-03-30,41.785369,-71.667288,94.51210614360964
2014-03-31,41.785369,-71.667288,0.0599361753400402
2014-04-01,41.785369,-71.667288,0.0
2014-04-02,41.785369,-71.667288,0.05989041742778249
2014-04-03,41.785369,-71.667288,0.0
2014-04-04,41.785369,-71.667288,0.06002926790785201
2014-04-05,41.785369,-71.667288,3.6756710264918566
2014-04-06,41.785369,-71.667288,0.0
2014-04-07,41.785369,-71.667288,1.1921103932345216
2014-04-08,41.785369,-71.667288,12.061170515111849
2014-04-09,41.785369,-71.667288,0.0
2014-04-10,41.785369,-71.667288,0.0
2014-04-11,41.785369,-71.667288,0.1513629019894039
2014-04-12,41.785369,-71.667288,0.3922519989065597
2014-04-13,41.785369,-71.667288,0.06975193499728272
2014-04-14,41.785369,-71.667288,0.03803130838074384
2014-04-15,41.785369,-71.667288,18.980216637528276
2014-04-16,41.785369,-71.667288,27.630090800423464
2014-04-17,41.785369,-71.667288,0.0
2014-04-18,41.785369,-71.667288,0.0
2014-04-19,41.785369,-71.667288,1.2404395326598743
2014-04-20,41.785369,-71.667288,0.0
2014-04-21,41.785369,-71.667288,0.0
2014-04-22,41.785369,-71.667288,1.3509606676381671
2014-04-23,41.785369,-71.667288,6.386229535868323
2014-04-24,41.785369,-71.667288,0.0
2014-04-25,41.785369,-71.667288,0.0
2014-04-26,41.785369,-71.667288,15.339906050565341
2014-04-27,41.785369,-71.667288,0.18397901876620265
2014-04-28,41.785369,-71.667288,0.0
2014-04-29,41.785369,-71.667288,0.6533783742831702
2014-04-30,41.785369,-71.667288,44.62460140584952
2014-05-01,41.785369,-71.667288,29.57886153202508
2014-05-02,41.785369,-71.667288,0.0
2014-05-03,41.785369,-71.667288,0.0
2014-05-04,41.785369,-71.667288,0.9621751637841499
2014-05-05,41.785369,-71.667288,0.0
2014-05-06,41.785369,-71.667288,0.0
2014-05-07,41.785369,-71.667288,0.3144965703497461
2014-05-08,41.785369,-71.667288,0.0
2014-05-09,41.785369,-71.667288,0.5616800582191815
2014-05-10,41.785369,-71.667288,3.980542942554999
2014-05-11,41.785369,-71.667288,7.694829977083838
2014-05-12,41.785369,-71.667288,0.0
2014-05-13,41.785369,-71.667288,0.0
2014-05-14,41.785369,-71.667288,0.0
2014-05-15,41.785369,-71.667288,0.0
2014-05-16,41.785369,-71.667288,0.29008459740741777
2014-05-17,41.785369,-71.667288,18.251214622502026
2014-05-18,41.785369,-71.667288,0.0
2014-05-19,41.785369,-71.667288,0.0
2014-05-20,41.785369,-71.667288,1.7840328260970635
2014-05-21,41.785369,-71.667288,0.0
2014-05-22,41.785369,-71.667288,8.602714235878018
2014-05-23,41.785369,-71.667288,0.2267403914499699
2014-05-24,41.785369,-71.667288,0.0
2014-05-25,41.785369,-71.667288,0.19893840445789193
2014-05-26,41.785369,-71.667288,2.4436181491928
2014-05-27,41.785369,-71.667288,0.3866384014503804
2014-05-28,41.785369,-71.667288,0.8945505932389779
2014-05-29,41.785369,-71.667288,0.0
2014-05-30,41.785369,-71.667288,0.9388096643991679
2014-05-31,41.785369,-71.667288,6.308275888352397
2014-06-01,41.785369,-71.667288,0.0
2014-06-02,41.785369,-71.667288,0.0
2014-06-03,41.785369,-71.667288,0.0
2014-06-04,41.785369,-71.667288,0.6898978996055892
2014-06-05,41.785369,-71.667288,10.224256168617599
2014-06-06,41.785369,-71.667288,0.0
2014-06-07,41.785369,-71.667288,0.0
2014-06-08,41.785369,-71.667288,0.003974194966359344
2014-06-09,41.785369,-71.667288,3.280616993571217
2014-06-10,41.785369,-71.667288,1.511359825429592
2014-06-11,41.785369,-71.667288,0.9583654962172913
2014-06-12,41.785369,-71.667288,0.3407897802419272
2014-06-13,41.785369,-71.667288,9.415170340054733
2014-06-14,41.785369,-71.667288,0.2802397128174775
2014-06-15,41.785369,-71.667288,0.0
2014-06-16,41.785369,-71.667288,0.0
2014-06-17,41.785369,-71.667288,0.007336975427634035
2014-06-18,41.785369,-71.667288,0.16620881946679716
2014-06-19,41.785369,-71.667288,11.566387109947692
2014-06-20,41.785369,-71.667288,0.0
2014-06-21,41.785369,-71.667288,0.0
2014-06-22,41.785369,-71.667288,0.0
2014-06-23,41.785369,-71.667288,0.0
2014-06-24,41.785369,-71.667288,0.0
2014-06-25,41.785369,-71.667288,0.09028545376633512
2014-06-26,41.785369,-71.667288,6.356146713720377
2014-06-27,41.785369,-71.667288,0.0
2014-06-28,41.785369,-71.667288,0.0
2014-06-29,41.785369,-71.667288,0.18736224114668082
2014-06-30,41.785369,-71.667288,0.029402124477503868
2014-07-01,41.785369,-71.667288,0.0
2014-07-02,41.785369,-71.667288,0.0
2014-07-03,41.785369,-71.667288,0.06941309380210611
2014-07-04,41.785369,-71.667288,62.202449950271955
2014-07-05,41.785369,-71.667288,4.028467261694399
2014-07-06,41.785369,-71.667288,0.0
2014-07-07,41.785369,-71.667288,0.0
2014-07-08,41.785369,-71.667288,2.4923208977936326
2014-07-09,41.785369,-71.667288,0.0
2014-07-10,41.785369,-71.667288,5.107260578091307
2014-07-11,41.785369,-71.667288,3.264553013329769
2014-07-12,41.785369,-71.667288,0.0
2014-07-13,41.785369,-71.667288,0.01336460131105416
2014-07-14,41.785369,-71.667288,4.637378564652175
2014-07-15,41.785369,-71.667288,12.2761137567144
2014-07-16,41.785369,-71.667288,18.274242893508138
2014-07-17,41.785369,-71.667288,3.556442449720981
2014-07-18,41.785369,-71.667288,0.0
2014-07-19,41.785369,-71.667288,1.3208196397945746
2014-07-20,41.785369,-71.667288,1.0404604585199158
2014-07-21,41.785369,-71.667288,0.0
2014-07-22,41.785369,-71.667288,0.0
2014-07-23,41.785369,-71.667288,0.0
2014-07-24,41.785369,-71.667288,3.145253273971655
2014-07-25,41.785369,-71.667288,0.7966720227220534
2014-07-26,41.785369,-71.667288,0.02199477751324852
2014-07-27,41.785369,-71.667288,0.7095404263431072
2014-07-28,41.785369,-71.667288,4.6786301204845
2014-07-29,41.785369,-71.667288,0.0
2014-07-30,41.785369,-71.667288,0.0
2014-07-31,41.785369,-71.667288,0.0
2014-08-01,41.785369,-71.667288,0.18892271008495948
2014-08-02,41.785369,-71.667288,35.29801391984737
2014-08-03,41.785369,-71.667288,4.72317597764987
2014-08-04,41.785369,-71.667288,0.0
2014-08-05,41.785369,-71.667288,0.0
2014-08-06,41.785369,-71.667288,0.20261597460578595
2014-08-07,41.785369,-71.667288,4.124864995060198
2014-08-08,41.785369,-71.667288,0.0
2014-08-09,41.785369,-71.667288,0.0
2014-08-10,41.785369,-71.667288,0.0
2014-08-11,41.785369,-71.667288,0.2028604628851069
2014-08-12,41.785369,-71.667288,2.4503321162352494
2014-08-13,41.785369,-71.667288,32.783284636612265
2014-08-14,41.785369,-71.667288,0.0
2014-08-15,41.785369,-71.667288,0.01069975588890873
2014-08-16,41.785369,-71.667288,0.18416902815437775
2014-08-17,41.785369,-71.667288,0.4845641932754996
2014-08-18,41.785369,-71.667288,0.0
2014-08-19,41.785369,-71.667288,0.0
2014-08-20,41.785369,-71.667288,0.0
2014-08-21,41.785369,-71.667288,0.5341695289821633
2014-08-22,41.785369,-71.667288,4.525512364360835
2014-08-23,41.785369,-71.667288,0.23898141811340076
2014-08-24,41.785369,-71.667288,0.0
2014-08-25,41.785369,-71.667288,0.0
2014-08-26,41.785369,-71.667288,0.0
2014-08-27,41.785369,-71.667288,0.0
2014-08-28,41.785369,-71.667288,0.0072314052077798174
2014-08-29,41.785369,-71.667288,0.0
2014-08-30,41.785369,-71.667288,0.011370538481263542
2014-08-31,41.785369,-71.667288,5.220660988709379
2014-09-01,41.785369,-71.667288,4.701730587975469
2014-09-02,41.785369,-71.667288,0.008018761085354632
2014-09-03,41.785369,-71.667288,0.0
2014-09-04,41.785369,-71.667288,0.0
2014-09-05,41.785369,-71.667288,0.0
2014-09-06,41.785369,-71.667288,0.22340167903518127
2014-09-07,41.785369,-71.667288,3.093641830877528
2014-09-08,41.785369,-71.667288,0.7127566209443235
2014-09-09,41.785369,-71.667288,0.6171875746183091
2014-09-10,41.785369,-71.667288,0.0
2014-09-11,41.785369,-71.667288,0.013404919598629859
2014-09-12,41.785369,-71.667288,0.0
2014-09-13,41.785369,-71.667288,5.491066605205379
2014-09-14,41.785369,-71.667288,0.21923293935659843
2014-09-15,41.785369,-71.667288,0.0
2014-09-16,41.785369,-71.667288,0.0029254853019736885
2014-09-17,41.785369,-71.667288,0.0
2014-09-18,41.785369,-71.667288,0.0
2014-09-19,41.785369,-71.667288,0.0011172591319696373
2014-09-20,41.785369,-71.667288,0.0
2014-09-21,41.785369,-71.667288,0.4735312256296808
2014-09-22,41.785369,-71.667288,0.11909855616781061
2014-09-23,41.785369,-71.667288,0.0
2014-09-24,41.785369,-71.667288,0.0
2014-09-25,41.785369,-71.667288,3.9788909256918483
2014-09-26,41.785369,-71.667288,6.23301450633906
2014-09-27,41.785369,-71.667288,0.0
2014-09-28,41.785369,-71.667288,0.0
2014-09-29,41.785369,-71.667288,1.3095586254388492
2014-09-30,41.785369,-71.667288,6.912435763598556
2014-10-01,41.785369,-71.667288,14.273747191333257
2014-10-02,41.785369,-71.667288,6.025844090470416
2014-10-03,41.785369,-71.667288,0.0
2014-10-04,41.785369,-71.667288,4.555603327784114
2014-10-05,41.785369,-71.667288,0.0
2014-10-06,41.785369,-71.667288,0.0
2014-10-07,41.785369,-71.667288,0.5361944204048029
2014-10-08,41.785369,-71.667288,4.669388287359085
2014-10-09,41.785369,-71.667288,0.0
2014-10-10,41.785369,-71.667288,0.001675888697954455
2014-10-11,41.785369,-71.667288,24.297279094497007
2014-10-12,41.785369,-71.667288,0.0
2014-10-13,41.785369,-71.667288,0.0
2014-10-14,41.785369,-71.667288,0.0
2014-10-15,41.785369,-71.667288,0.0
2014-10-16,41.785369,-71.667288,29.490243594568486
2014-10-17,41.785369,-71.667288,3.735801311966581
2014-10-18,41.785369,-71.667288,0.03071759757792313
2014-10-19,41.785369,-71.667288,0.0
2014-10-20,41.785369,-71.667288,0.0
2014-10-21,41.785369,-71.667288,0.660889430926897
2014-10-22,41.785369,-71.667288,15.252362479345075
2014-10-23,41.785369,-71.667288,16.148319763609123
2014-10-24,41.785369,-71.667288,0.22561128033083538
2014-10-25,41.785369,-71.667288,0.002672920361784877
2014-10-26,41.785369,-71.667288,0.003204425188435788
2014-10-27,41.785369,-71.667288,0.0
2014-10-28,41.785369,-71.667288,0.0021399509955659854
2014-10-29,41.785369,-71.667288,0.272613622366689
2014-10-30,41.785369,-71.667288,0.392370011226157
2014-10-31,41.785369,-71.667288,0.03974747025507912
2014-11-01,41.785369,-71.667288,7.721057053563669
2014-11-02,41.785369,-71.667288,2.7539473494748075
2014-11-03,41.785369,-71.667288,0.0
2014-11-04,41.785369,-71.667288,0.006583327427731472
2014-11-05,41.785369,-71.667288,0.06947099627213632
2014-11-06,41.785369,-71.667288,10.740221489455674
2014-11-07,41.785369,-71.667288,3.774162000002806
2014-11-08,41.785369,-71.667288,0.0
2014-11-09,41.785369,-71.667288,0.2481005920781036
2014-11-10,41.785369,-71.667288,0.0
2014-11-11,41.785369,-71.667288,0.0
2014-11-12,41.785369,-71.667288,0.0
2014-11-13,41.785369,-71.667288,0.05705341690562024
2014-11-14,41.785369,-71.667288,3.1933616367023214
2014-11-15,41.785369,-71.667288,0.0
2014-11-16,41.785369,-71.667288,0.001675888697954455
2014-11-17,41.785369,-71.667288,40.19606186571176
2014-11-18,41.785369,-71.667288,1.494414170792965
2014-11-19,41.785369,-71.667288,0.0
2014-11-20,41.785369,-71.667288,0.0005586295659848186
2014-11-21,41.785369,-71.667288,0.0
2014-11-22,41.785369,-71.667288,0.0
2014-11-23,41.785369,-71.667288,0.0521798643113453
2014-11-24,41.785369,-71.667288,13.111525587315468
2014-11-25,41.785369,-71.667288,0.6659545629044834
2014-11-26,41.785369,-71.667288,62.52702912653996
2014-11-27,41.785369,-71.667288,3.0952891838794203
2014-11-28,41.785369,-71.667288,0.0
2014-11-29,41.785369,-71.667288,0.0
2014-11-30,41.785369,-71.667288,0.0005586295659848186
2014-12-01,41.785369,-71.667288,0.8477481852353095
2014-12-02,41.785369,-71.667288,1.592753368420818
2014-12-03,41.785369,-71.667288,4.918784193440111
2014-12-04,41.785369,-71.667288,0.0005586295659848186
2014-12-05,41.785369,-71.667288,0.2595962705731688
2014-12-06,41.785369,-71.667288,18.552997098049772
2014-12-07,41.785369,-71.667288,23.006128443941193
2014-12-08,41.785369,-71.667288,0.0
2014-12-09,41.785369,-71.667288,72.46753060491483
2014-12-10,41.785369,-71.667288,0.5779908382605482
2014-12-11,41.785369,-71.667288,0.37445868167517105
2014-12-12,41.785369,-71.667288,0.0
2014-12-13,41.785369,-71.667288,0.0
2014-12-14,41.785369,-71.667288,0.0
2014-12-15,41.785369,-71.667288,0.0
2014-12-16,41.785369,-71.667288,0.0
2014-12-17,41.785369,-71.667288,9.091391671628962
2014-12-18,41.785369,-71.667288,0.0
2014-12-19,41.785369,-71.667288,0.0
2014-12-20,41.785369,-71.667288,0.0
2014-12-21,41.785369,-71.667288,0.0
2014-12-22,41.785369,-71.667288,0.0
2014-12-23,41.785369,-71.667288,0.6542711498475672
2014-12-24,41.785369,-71.667288,16.80170741929028
2014-12-25,41.785369,-71.667288,24.229695281232715
2014-12-26,41.785369,-71.667288,0.04276672578855803
2014-12-27,41.785369,-71.667288,0.0
2014-12-28,41.785369,-71.667288,5.6567261618927684
2014-12-29,41.785369,-71.667288,1.2358216136743978
2014-12-30,41.785369,-71.667288,0.0
2014-12-31,41.785369,-71.667288,0.0
2015-01-01,41.785369,-71.667288,0.08233207554767391
2015-01-02,41.785369,-71.667288,0.0
2015-01-03,41.785369,-71.667288,2.3852023374543503
2015-01-04,41.785369,-71.667288,28.792531825236438
2015-01-05,41.785369,-71.667288,4.714318873972534
2015-01-06,41.785369,-71.667288,0.7058859603037757
2015-01-07,41.785369,-71.667288,0.0
2015-01-08,41.785369,-71.667288,0.0
2015-01-09,41.785369,-71.667288,0.27505188958561244
2015-01-10,41.785369,-71.667288,0.0
2015-01-11,41.785369,-71.667288,0.0
2015-01-12,41.785369,-71.667288,15.567340065412713
2015-01-13,41.785369,-71.667288,4.076899656950323
2015-01-14,41.785369,-71.667288,0.0
2015-01-15,41.785369,-71.667288,0.2499599531193265
2015-01-16,41.785369,-71.667288,0.1468589343549637
2015-01-17,41.785369,-71.667288,0.0
2015-01-18,41.785369,-71.667288,1.6483128673673473
2015-01-19,41.785369,-71.667288,16.278641334370118
2015-01-20,41.785369,-71.667288,0.02262085009631096
2015-01-21,41.785369,-71.667288,0.0
2015-01-22,41.785369,-71.667288,0.01100546291368136
2015-01-23,41.785369,-71.667288,0.0
2015-01-24,41.785369,-71.667288,19.15993698547009
2015-01-25,41.785369,-71.667288,0.18905494955142255
2015-01-26,41.785369,-71.667288,2.7147712305959253
2015-01-27,41.785369,-71.667288,27.28107318930883
2015-01-28,41.785369,-71.667288,0.061244010050797104
2015-01-29,41.785369,-71.667288,0.0
2015-01-30,41.785369,-71.667288,4.30617345350484
2015-01-31,41.785369,-71.667288,0.0
2015-02-01,41.785369,-71.667288,0.0
2015-02-02,41.785369,-71.667288,16.36925373110877
2015-02-03,41.785369,-71.667288,0.0
2015-02-04,41.785369,-71.667288,0.0
2015-02-05,41.785369,-71.667288,0.2158118716087459
2015-02-06,41.785369,-71.667288,0.0
2015-02-07,41.785369,-71.667288,0.26903748205383393
2015-02-08,41.785369,-71.667288,5.745139118111877
2015-02-09,41.785369,-71.667288,7.31045729421132
2015-02-10,41.785369,-71.667288,0.18493648448664107
2015-02-11,41.785369,-71.667288,0.0028459328829087763
2015-02-12,41.785369,-71.667288,0.0
2015-02-13,41.785369,-71.667288,0.0
2015-02-14,41.785369,-71.667288,0.9363261625859933
2015-02-15,41.785369,-71.667288,0.19529575793854448
2015-02-16,41.785369,-71.667288,0.0
2015-02-17,41.785369,-71.667288,0.053528419516324977
2015-02-18,41.785369,-71.667288,0.07666237102520475
2015-02-19,41.785369,-71.667288,0.0
2015-02-20,41.785369,-71.667288,0.0
2015-02-21,41.785369,-71.667288,5.097287905533128
2015-02-22,41.785369,-71.667288,22.88243284808937
2015-02-23,41.785369,-71.667288,0.0003057073094847515
2015-02-24,41.785369,-71.667288,0.0
2015-02-25,41.785369,-71.667288,0.13760714490753753
2015-02-26,41.785369,-71.667288,0.5791631958916512
2015-02-27,41.785369,-71.667288,0.0
2015-02-28,41.785369,-71.667288,0.0
2015-03-01,41.785369,-71.667288,3.4527884531274036
2015-03-02,41.785369,-71.667288,2.437830775121175
2015-03-03,41.785369,-71.667288,1.3174209583636505
2015-03-04,41.785369,-71.667288,18.393521518498005
2015-03-05,41.785369,-71.667288,23.91668281302757
2015-03-06,41.785369,-71.667288,0.4056345288369354
2015-03-07,41.785369,-71.667288,0.003763054754420604
2015-03-08,41.785369,-71.667288,0.0
2015-03-09,41.785369,-71.667288,0.0
2015-03-10,41.785369,-71.667288,0.8291005686634704
2015-03-11,41.785369,-71.667288,6.057677706928418
2015-03-12,41.785369,-71.667288,0.0
2015-03-13,41.785369,-71.667288,0.0014627426509868442
2015-03-14,41.785369,-71.667288,20.362445997080908
2015-03-15,41.785369,-71.667288,2.281364857733323
2015-03-16,41.785369,-71.667288,0.034601545170570305
2015-03-17,41.785369,-71.667288,3.7017082244812505
2015-03-18,41.785369,-71.667288,0.0029254853019736885
2015-03-19,41.785369,-71.667288,0.0
2015-03-20,41.785369,-71.667288,1.9713171531592935
2015-03-21,41.785369,-71.667288,0.9891368135558717
2015-03-22,41.785369,-71.667288,0.0055862954517424505
2015-03-23,41.785369,-71.667288,0.0
2015-03-24,41.785369,-71.667288,0.0
2015-03-25,41.785369,-71.667288,0.4208599277399321
2015-03-26,41.785369,-71.667288,3.134813661149103
2015-03-27,41.785369,-71.667288,5.0198580411063345
2015-03-28,41.785369,-71.667288,0.3391047490042436
2015-03-29,41.785369,-71.667288,0.0
2015-03-30,41.785369,-71.667288,0.40357972655401464
2015-03-31,41.785369,-71.667288,0.17714109293962255
2015-04-01,41.785369,-71.667288,0.0
2015-04-02,41.785369,-71.667288,0.06949592841066636
2015-04-03,41.785369,-71.667288,15.228116209084533
2015-04-04,41.785369,-71.667288,3.5790965296419692
2015-04-05,41.785369,-71.667288,0.11476901999565717
2015-04-06,41.785369,-71.667288,0.6622588188503847
2015-04-07,41.785369,-71.667288,3.9247831600137584
2015-04-08,41.785369,-71.667288,0.20780286006974819
2015-04-09,41.785369,-71.667288,6.66315442174121
2015-04-10,41.785369,-71.667288,8.667519858070065
2015-04-11,41.785369,-71.667288,0.7958857045600503
2015-04-12,41.785369,-71.667288,0.0
2015-04-13,41.785369,-71.667288,0.0
2015-04-14,41.785369,-71.667288,1.7451218886675286
2015-04-15,41.785369,-71.667288,0.13364786113453891
2015-04-16,41.785369,-71.667288,0.0
2015-04-17,41.785369,-71.667288,10.083492222197137
2015-04-18,41.785369,-71.667288,0.0
2015-04-19,41.785369,-71.667288,0.0
2015-04-20,41.785369,-71.667288,11.670485477433731
2015-04-21,41.785369,-71.667288,4.070395875597789
2015-04-22,41.785369,-71.667288,1.5678427933419323
2015-04-23,41.785369,-71.667288,1.544607578811228
2015-04-24,41.785369,-71.667288,0.0
2015-04-25,41.785369,-71.667288,0.0
2015-04-26,41.785369,-71.667288,0.0
2015-04-27,41.785369,-71.667288,0.007262184253749769
2015-04-28,41.785369,-71.667288,0.0
2015-04-29,41.785369,-71.667288,0.019278829548349873
2015-04-30,41.785369,-71.667288,0.0
2015-05-01,41.785369,-71.667288,0.0
2015-05-02,41.785369,-71.667288,0.0
2015-05-03,41.785369,-71.667288,0.0
2015-05-04,41.785369,-71.667288,0.0
2015-05-05,41.785369,-71.667288,0.15904817867415613
2015-05-06,41.785369,-71.667288,0.7306700085478983
2015-05-07,41.785369,-71.667288,0.0
2015-05-08,41.785369,-71.667288,0.0
2015-05-09,41.785369,-71.667288,0.0
2015-05-10,41.785369,-71.667288,0.0
2015-05-11,41.785369,-71.667288,0.0
2015-05-12,41.785369,-71.667288,0.018071188541568216
2015-05-13,41.785369,-71.667288,0.0
2015-05-14,41.785369,-71.667288,0.0
2015-05-15,41.785369,-71.667288,0.37195966724563334
2015-05-16,41.785369,-71.667288,0.1126108739350797
2015-05-17,41.785369,-71.667288,2.421457352946628
2015-05-18,41.785369,-71.667288,0.0
2015-05-19,41.785369,-71.667288,6.762662048031873
2015-05-20,41.785369,-71.667288,15.605707710053728
2015-05-21,41.785369,-71.667288,0.0
2015-05-22,41.785369,-71.667288,0.6316756267582553
2015-05-23,41.785369,-71.667288,0.0
2015-05-24,41.785369,-71.667288,0.0
2015-05-25,41.785369,-71.667288,0.06665151932553881
2015-05-26,41.785369,-71.667288,0.17779213670719674
2015-05-27,41.785369,-71.667288,0.027393230626118453
2015-05-28,41.785369,-71.667288,0.09915425416160556
2015-05-29,41.785369,-71.667288,0.006419853897776755
2015-05-30,41.785369,-71.667288,0.0
2015-05-31,41.785369,-71.667288,28.435917646452054
2015-06-01,41.785369,-71.667288,7.822018586209439
2015-06-02,41.785369,-71.667288,14.335948215880576
2015-06-03,41.785369,-71.667288,0.0025930106264087094
2015-06-04,41.785369,-71.667288,0.0
2015-06-05,41.785369,-71.667288,0.6608214388960981
2015-06-06,41.785369,-71.667288,0.03349751463339572
2015-06-07,41.785369,-71.667288,0.0
2015-06-08,41.785369,-71.667288,0.5448232983530075
2015-06-09,41.785369,-71.667288,0.42195529562677153
2015-06-10,41.785369,-71.667288,0.0
2015-06-11,41.785369,-71.667288,0.7646840104561302
2015-06-12,41.785369,-71.667288,0.39785528567117057
2015-06-13,41.785369,-71.667288,0.06763367372459239
2015-06-14,41.785369,-71.667288,0.008018761085354632
2015-06-15,41.785369,-71.667288,35.104768669788776
2015-06-16,41.785369,-71.667288,0.7419602135890615
2015-06-17,41.785369,-71.667288,1.5275908840066497
2015-06-18,41.785369,-71.667288,0.02920220575713381
2015-06-19,41.785369,-71.667288,0.31938364197513985
2015-06-20,41.785369,-71.667288,0.0
2015-06-21,41.785369,-71.667288,16.728261628447623
2015-06-22,41.785369,-71.667288,0.0
2015-06-23,41.785369,-71.667288,8.454698275140904
2015-06-24,41.785369,-71.667288,1.5600582896517947
2015-06-25,41.785369,-71.667288,0.4272095050886977
2015-06-26,41.785369,-71.667288,0.8098157202279663
2015-06-27,41.785369,-71.667288,6.977242708820537
2015-06-28,41.785369,-71.667288,32.12592235963541
2015-06-29,41.785369,-71.667288,0.0
2015-06-30,41.785369,-71.667288,0.0
2015-07-01,41.785369,-71.667288,11.843983116716414
2015-07-02,41.785369,-71.667288,0.0
2015-07-03,41.785369,-71.667288,3.750676209687223
2015-07-04,41.785369,-71.667288,0.9414554715800959
2015-07-05,41.785369,-71.667288,0.0
2015-07-06,41.785369,-71.667288,0.0
2015-07-07,41.785369,-71.667288,0.0
2015-07-08,41.785369,-71.667288,4.685912286228003
2015-07-09,41.785369,-71.667288,0.2646300356361045
2015-07-10,41.785369,-71.667288,4.7587773715392165
2015-07-11,41.785369,-71.667288,0.0
2015-07-12,41.785369,-71.667288,0.0
2015-07-13,41.785369,-71.667288,0.2665365167200805
2015-07-14,41.785369,-71.667288,2.8207492101333074
2015-07-15,41.785369,-71.667288,6.4588631417529125
2015-07-16,41.785369,-71.667288,0.15567105324465724
2015-07-17,41.785369,-71.667288,0.0
2015-07-18,41.785369,-71.667288,1.5046959824795483
2015-07-19,41.785369,-71.667288,0.19975571525503263
2015-07-20,41.785369,-71.667288,1.9470923939285774
2015-07-21,41.785369,-71.667288,1.2041171264842805
2015-07-22,41.785369,-71.667288,5.077450344039854
2015-07-23,41.785369,-71.667288,0.0
2015-07-24,41.785369,-71.667288,6.930718196645934
2015-07-25,41.785369,-71.667288,0.24351560271568146
2015-07-26,41.785369,-71.667288,0.931691127557114
2015-07-27,41.785369,-71.667288,9.481139160342284
2015-07-28,41.785369,-71.667288,0.0
2015-07-29,41.785369,-71.667288,0.0
2015-07-30,41.785369,-71.667288,7.466532048833033
2015-07-31,41.785369,-71.667288,1.6806150171351135
2015-08-01,41.785369,-71.667288,0.12066398042576021
2015-08-02,41.785369,-71.667288,0.0
2015-08-03,41.785369,-71.667288,0.0
2015-08-04,41.785369,-71.667288,23.58565140562345
2015-08-05,41.785369,-71.667288,0.0
2015-08-06,41.785369,-71.667288,0.0009171219284542544
2015-08-07,41.785369,-71.667288,0.0
2015-08-08,41.785369,-71.667288,0.0
2015-08-09,41.785369,-71.667288,0.21043230796618476
2015-08-10,41.785369,-71.667288,0.0
2015-08-11,41.785369,-71.667288,40.26969802091632
2015-08-12,41.785369,-71.667288,0.1900178924530795
2015-08-13,41.785369,-71.667288,0.0
2015-08-14,41.785369,-71.667288,0.0
2015-08-15,41.785369,-71.667288,0.0
2015-08-16,41.785369,-71.667288,8.110070750371865
2015-08-17,41.785369,-71.667288,0.0
2015-08-18,41.785369,-71.667288,0.0
2015-08-19,41.785369,-71.667288,0.0
2015-08-20,41.785369,-71.667288,0.0
2015-08-21,41.785369,-71.667288,0.8197873631751502
2015-08-22,41.785369,-71.667288,0.0
2015-08-23,41.785369,-71.667288,0.08477687424764098
2015-08-24,41.785369,-71.667288,0.0
2015-08-25,41.785369,-71.667288,0.0
2015-08-26,41.785369,-71.667288,0.0003057073094847515
2015-08-27,41.785369,-71.667288,0.0
2015-08-28,41.785369,-71.667288,0.0
2015-08-29,41.785369,-71.667288,0.0
2015-08-30,41.785369,-71.667288,0.007820814131893193
2015-08-31,41.785369,-71.667288,0.4496480856947173
2015-09-01,41.785369,-71.667288,0.0
2015-09-02,41.785369,-71.667288,0.0
2015-09-03,41.785369,-71.667288,0.0
2015-09-04,41.785369,-71.667288,0.3821380683609442
2015-09-05,41.785369,-71.667288,0.0
2015-09-06,41.785369,-71.667288,0.0
2015-09-07,41.785369,-71.667288,0.0
2015-09-08,41.785369,-71.667288,0.0
2015-09-09,41.785369,-71.667288,0.0
2015-09-10,41.785369,-71.667288,22.44104780475131
2015-09-11,41.785369,-71.667288,14.416239086196384
2015-09-12,41.785369,-71.667288,0.0025930106264087094
2015-09-13,41.785369,-71.667288,16.13714349525371
2015-09-14,41.785369,-71.667288,0.000611414618969503
2015-09-15,41.785369,-71.667288,0.0
2015-09-16,41.785369,-71.667288,0.0
2015-09-17,41.785369,-71.667288,0.0
2015-09-18,41.785369,-71.667288,0.0
2015-09-19,41.785369,-71.667288,0.0
2015-09-20,41.785369,-71.667288,0.0
2015-09-21,41.785369,-71.667288,0.0
2015-09-22,41.785369,-71.667288,0.4798018225908598
2015-09-23,41.785369,-71.667288,0.01003977598601504
2015-09-24,41.785369,-71.667288,0.0
2015-09-25,41.785369,-71.667288,0.0
2015-09-26,41.785369,-71.667288,0.0
2015-09-27,41.785369,-71.667288,0.0
2015-09-28,41.785369,-71.667288,0.0
2015-09-29,41.785369,-71.667288,0.017833637838932707
2015-09-30,41.785369,-71.667288,59.46106008935354
2015-10-01,41.785369,-71.667288,1.9694541748400343
2015-10-02,41.785369,-71.667288,30.726106109147324
2015-10-03,41.785369,-71.667288,5.133409319165837
2015-10-04,41.785369,-71.667288,0.0
2015-10-05,41.785369,-71.667288,0.000611414618969503
2015-10-06,41.785369,-71.667288,0.0
2015-10-07,41.785369,-71.667288,0.005345840723569754
2015-10-08,41.785369,-71.667288,0.03803130838074384
2015-10-09,41.785369,-71.667288,3.8746974610253786
2015-10-10,41.785369,-71.667288,0.30419851154447564
2015-10-11,41.785369,-71.667288,0.0
2015-10-12,41.785369,-71.667288,0.0
2015-10-13,41.785369,-71.667288,5.769969185574672
2015-10-14,41.785369,-71.667288,0.02672920262210832
2015-10-15,41.785369,-71.667288,0.0
2015-10-16,41.785369,-71.667288,0.005742644642118815
2015-10-17,41.785369,-71.667288,0.0
2015-10-18,41.785369,-71.667288,0.0
2015-10-19,41.785369,-71.667288,0.0
2015-10-20,41.785369,-71.667288,0.004693935262445284
2015-10-21,41.785369,-71.667288,0.48906661489078457
2015-10-22,41.785369,-71.667288,0.1213189422573398
2015-10-23,41.785369,-71.667288,0.017500265094153165
2015-10-24,41.785369,-71.667288,0.0
2015-10-25,41.785369,-71.667288,4.204050462017155
2015-10-26,41.785369,-71.667288,0.0
2015-10-27,41.785369,-71.667288,0.001675888697954455
2015-10-28,41.785369,-71.667288,6.7900659977587
2015-10-29,41.785369,-71.667288,13.616710039450863
2015-10-30,41.785369,-71.667288,0.0
2015-10-31,41.785369,-71.667288,0.0
2015-11-01,41.785369,-71.667288,5.946030999345433
2015-11-02,41.785369,-71.667288,0.0
2015-11-03,41.785369,-71.667288,0.0
2015-11-04,41.785369,-71.667288,0.0
2015-11-05,41.785369,-71.667288,0.0
2015-11-06,41.785369,-71.667288,0.0
2015-11-07,41.785369,-71.667288,0.12020128109381961
2015-11-08,41.785369,-71.667288,0.01768628552740672
2015-11-09,41.785369,-71.667288,0.0
2015-11-10,41.785369,-71.667288,18.029654248282107
2015-11-11,41.785369,-71.667288,1.6396896990506475
2015-11-12,41.785369,-71.667288,2.264897700445586
2015-11-13,41.785369,-71.667288,0.03231549807385077
2015-11-14,41.785369,-71.667288,0.0
2015-11-15,41.785369,-71.667288,0.0
2015-11-16,41.785369,-71.667288,0.0
2015-11-17,41.785369,-71.667288,0.0
2015-11-18,41.785369,-71.667288,0.0
2015-11-19,41.785369,-71.667288,0.6722167612944705
2015-11-20,41.785369,-71.667288,22.535729547513913
2015-11-21,41.785369,-71.667288,0.0
2015-11-22,41.785369,-71.667288,18.06946677238482
2015-11-23,41.785369,-71.667288,10.64113073694862
2015-11-24,41.785369,-71.667288,0.0
2015-11-25,41.785369,-71.667288,0.0
2015-11-26,41.785369,-71.667288,0.0
2015-11-27,41.785369,-71.667288,0.0
2015-11-28,41.785369,-71.667288,4.380474651207765
2015-11-29,41.785369,-71.667288,0.0
2015-11-30,41.785369,-71.667288,0.0
2015-12-01,41.785369,-71.667288,8.156556615109624
2015-12-02,41.785369,-71.667288,8.300978325109035
2015-12-03,41.785369,-71.667288,2.621204647126369
2015-12-04,41.785369,-71.667288,0.0
2015-12-05,41.785369,-71.667288,0.0
2015-12-06,41.785369,-71.667288,0.0
2015-12-07,41.785369,-71.667288,0.0015285364904813322
2015-12-08,41.785369,-71.667288,0.04935005072693838
2015-12-09,41.785369,-71.667288,0.0
2015-12-10,41.785369,-71.667288,0.0
2015-12-11,41.785369,-71.667288,0.0
2015-12-12,41.785369,-71.667288,0.007181375678831757
2015-12-13,41.785369,-71.667288,0.23167751392532732
2015-12-14,41.785369,-71.667288,0.03474796420533318
2015-12-15,41.785369,-71.667288,9.30383080451603
2015-12-16,41.785369,-71.667288,0.0
2015-12-17,41.785369,-71.667288,30.1315448748615
2015-12-18,41.785369,-71.667288,2.276788322353019
2015-12-19,41.785369,-71.667288,0.0
2015-12-20,41.785369,-71.667288,0.0
2015-12-21,41.785369,-71.667288,1.5333704586983194
2015-12-22,41.785369,-71.667288,9.812309244029517
2015-12-23,41.785369,-71.667288,13.207007706619292
2015-12-24,41.785369,-71.667288,35.02462719603715
2015-12-25,41.785369,-71.667288,1.3472401873744329
2015-12-26,41.785369,-71.667288,1.8203137005990795
2015-12-27,41.785369,-71.667288,4.9612786278422645
2015-12-28,41.785369,-71.667288,2.346976226390864
2015-12-29,41.785369,-71.667288,27.52801789364348
2015-12-30,41.785369,-71.667288,0.0
2015-12-31,41.785369,-71.667288,10.010528876746559
2016-01-01,41.785369,-71.667288,0.23679284272024384
2016-01-02,41.785369,-71.667288,0.0
2016-01-03,41.785369,-71.667288,0.0
2016-01-04,41.785369,-71.667288,0.0
2016-01-05,41.785369,-71.667288,0.0
2016-01-06,41.785369,-71.667288,0.0
2016-01-07,41.785369,-71.667288,0.0
2016-01-08,41.785369,-71.667288,0.0
2016-01-09,41.785369,-71.667288,0.0
2016-01-10,41.785369,-71.667288,58.87703147916888
2016-01-11,41.785369,-71.667288,0.0
2016-01-12,41.785369,-71.667288,1.395754166177778
2016-01-13,41.785369,-71.667288,0.0
2016-01-14,41.785369,-71.667288,0.0
2016-01-15,41.785369,-71.667288,0.005345840723569754
2016-01-16,41.785369,-71.667288,36.484199036571965
2016-01-17,41.785369,-71.667288,1.4983372906160257
2016-01-18,41.785369,-71.667288,0.03111612687292334
2016-01-19,41.785369,-71.667288,0.0
2016-01-20,41.785369,-71.667288,0.0
2016-01-21,41.785369,-71.667288,0.0
2016-01-22,41.785369,-71.667288,0.0
2016-01-23,41.785369,-71.667288,7.647168037676942
2016-01-24,41.785369,-71.667288,0.6180882370056051
2016-01-25,41.785369,-71.667288,0.0
2016-01-26,41.785369,-71.667288,0.10244679698487671
2016-01-27,41.785369,-71.667288,0.05192000769024285
2016-01-28,41.785369,-71.667288,0.0
2016-01-29,41.785369,-71.667288,0.0
2016-01-30,41.785369,-71.667288,0.0
2016-01-31,41.785369,-71.667288,0.007642682907946063
2016-02-01,41.785369,-71.667288,0.40158435470538356
2016-02-02,41.785369,-71.667288,0.0
2016-02-03,41.785369,-71.667288,12.355389764816206
2016-02-04,41.785369,-71.667288,18.936865441690404
2016-02-05,41.785369,-71.667288,52.08204143448321
2016-02-06,41.785369,-71.667288,0.0
2016-02-07,41.785369,-71.667288,0.0
2016-02-08,41.785369,-71.667288,12.841489491716194
2016-02-09,41.785369,-71.667288,0.0759157551746617
2016-02-10,41.785369,-71.667288,0.0
2016-02-11,41.785369,-71.667288,0.000611414618969503
2016-02-12,41.785369,-71.667288,0.0
2016-02-13,41.785369,-71.667288,0.0
2016-02-14,41.785369,-71.667288,0.0
2016-02-15,41.785369,-71.667288,0.3671695740180601
2016-02-16,41.785369,-71.667288,25.317990324987832
2016-02-17,41.785369,-71.667288,0.0
2016-02-18,41.785369,-71.667288,0.0
2016-02-19,41.785369,-71.667288,0.0
2016-02-20,41.785369,-71.667288,0.22094201746960804
2016-02-21,41.785369,-71.667288,0.0
2016-02-22,41.785369,-71.667288,0.07674330526228934
2016-02-23,41.785369,-71.667288,0.8135825462240882
2016-02-24,41.785369,-71.667288,7.206693292013113
2016-02-25,41.785369,-71.667288,27.129763491554662
2016-02-26,41.785369,-71.667288,0.0
2016-02-27,41.785369,-71.667288,0.0
2016-02-28,41.785369,-71.667288,0.024056282758193666
2016-02-29,41.785369,-71.667288,2.3234871255952987
2016-03-01,41.785369,-71.667288,0.0
2016-03-02,41.785369,-71.667288,12.510016018696934
2016-03-03,41.785369,-71.667288,0.0
2016-03-04,41.785369,-71.667288,0.12098493108087742
2016-03-05,41.785369,-71.667288,0.0
2016-03-06,41.785369,-71.667288,0.0
2016-03-07,41.785369,-71.667288,0.029560559239393408
2016-03-08,41.785369,-71.667288,0.058178798025651506
2016-03-09,41.785369,-71.667288,0.019269072596349184
2016-03-10,41.785369,-71.667288,4.1593698598043725
2016-03-11,41.785369,-71.667288,11.048016941322565
2016-03-12,41.785369,-71.667288,0.0
2016-03-13,41.785369,-71.667288,0.002672920361784877
2016-03-14,41.785369,-71.667288,13.90674198218238
2016-03-15,41.785369,-71.667288,1.7855167596939814
2016-03-16,41.785369,-71.667288,0.0
2016-03-17,41.785369,-71.667288,10.225498143384028
2016-03-18,41.785369,-71.667288,0.03815217038069986
2016-03-19,41.785369,-71.667288,0.0
2016-03-20,41.785369,-71.667288,0.0
2016-03-21,41.785369,-71.667288,1.4372408289892071
2016-03-22,41.785369,-71.667288,0.0
2016-03-23,41.785369,-71.667288,5.89581199524263
2016-03-24,41.785369,-71.667288,0.0
2016-03-25,41.785369,-71.667288,1.2428586123223988
2016-03-26,41.785369,-71.667288,0.0
2016-03-27,41.785369,-71.667288,0.0
2016-03-28,41.785369,-71.667288,21.994754038441123
2016-03-29,41.785369,-71.667288,0.03474796420533318
2016-03-30,41.785369,-71.667288,0.0
2016-03-31,41.785369,-71.667288,0.0
2016-04-01,41.785369,-71.667288,1.2277655835964085
2016-04-02,41.785369,-71.667288,12.638147782898947
2016-04-03,41.785369,-71.667288,3.9179271356496215
2016-04-04,41.785369,-71.667288,2.11091749649204
2016-04-05,41.785369,-71.667288,0.0
2016-04-06,41.785369,-71.667288,0.023535470639692597
2016-04-07,41.785369,-71.667288,34.39921940537408
2016-04-08,41.785369,-71.667288,0.07314638541381036
2016-04-09,41.785369,-71.667288,0.0
2016-04-10,41.785369,-71.667288,0.0029254853019736885
2016-04-11,41.785369,-71.667288,0.07869600752635335
2016-04-12,41.785369,-71.667288,7.900168833949648
2016-04-13,41.785369,-71.667288,0.0
2016-04-14,41.785369,-71.667288,0.04332535535454285
2016-04-15,41.785369,-71.667288,0.0
2016-04-16,41.785369,-71.667288,0.0
2016-04-17,41.785369,-71.667288,0.0
2016-04-18,41.785369,-71.667288,0.0
2016-04-19,41.785369,-71.667288,0.5872563853769359
2016-04-20,41.785369,-71.667288,0.0
2016-04-21,41.785369,-71.667288,0.0
2016-04-22,41.785369,-71.667288,0.2814795824633852
2016-04-23,41.785369,-71.667288,13.264094134528671
2016-04-24,41.785369,-71.667288,0.0
2016-04-25,41.785369,-71.667288,0.02143601070179621
2016-04-26,41.785369,-71.667288,4.804338251537526
2016-04-27,41.785369,-71.667288,0.005850970603947377
2016-04-28,41.785369,-71.667288,0.17697136846508443
2016-04-29,41.785369,-71.667288,2.585394013580876
2016-04-30,41.785369,-71.667288,0.19651765560552747
2016-05-01,41.785369,-71.667288,1.8718215438117372
2016-05-02,41.785369,-71.667288,1.8384851375283744
2016-05-03,41.785369,-71.667288,11.401928238696685
2016-05-04,41.785369,-71.667288,5.958216983878922
2016-05-05,41.785369,-71.667288,4.754798771562175
2016-05-06,41.785369,-71.667288,0.20233045389355409
2016-05-07,41.785369,-71.667288,0.5585628542141823
2016-05-08,41.785369,-71.667288,1.777650447355024
2016-05-09,41.785369,-71.667288,0.0
2016-05-10,41.785369,-71.667288,0.06735379931538982
2016-05-11,41.785369,-71.667288,0.0
2016-05-12,41.785369,-71.667288,0.0
2016-05-13,41.785369,-71.667288,7.564221650325116
2016-05-14,41.785369,-71.667288,6.949386542240773
2016-05-15,41.785369,-71.667288,1.727049612951011
2016-05-16,41.785369,-71.667288,0.0
2016-05-17,41.785369,-71.667288,0.46038391911099635
2016-05-18,41.785369,-71.667288,0.016316104299932306
2016-05-19,41.785369,-71.667288,0.0
2016-05-20,41.785369,-71.667288,0.06012729972135234
2016-05-21,41.785369,-71.667288,1.2185674454459479
2016-05-22,41.785369,-71.667288,5.536462511764694
2016-05-23,41.785369,-71.667288,0.0
2016-05-24,41.785369,-71.667288,5.739467489469485
2016-05-25,41.785369,-71.667288,0.0
2016-05-26,41.785369,-71.667288,0.05890447162226184
2016-05-27,41.785369,-71.667288,0.03207504434141853
2016-05-28,41.785369,-71.667288,0.0
2016-05-29,41.785369,-71.667288,0.0
2016-05-30,41.785369,-71.667288,20.924720400649264
2016-05-31,41.785369,-71.667288,0.8402095426185912
2016-06-01,41.785369,-71.667288,0.0
2016-06-02,41.785369,-71.667288,0.0
2016-06-03,41.785369,-71.667288,3.4417857472988476
2016-06-04,41.785369,-71.667288,0.0
2016-06-05,41.785369,-71.667288,5.567906690474011
2016-06-06,41.785369,-71.667288,2.2274985900432855
2016-06-07,41.785369,-71.667288,0.06805242639587591
2016-06-08,41.785369,-71.667288,2.1984430843260685
2016-06-09,41.785369,-71.667288,0.0
2016-06-10,41.785369,-71.667288,0.16386377338204564
2016-06-11,41.785369,-71.667288,3.281884923463587
2016-06-12,41.785369,-71.667288,0.0003057073094847515
2016-06-13,41.785369,-71.667288,0.007286945888853993
2016-06-14,41.785369,-71.667288,0.0
2016-06-15,41.785369,-71.667288,0.0
2016-06-16,41.785369,-71.667288,0.3831579014754134
2016-06-17,41.785369,-71.667288,0.0
2016-06-18,41.785369,-71.667288,0.004732961621974695
2016-06-19,41.785369,-71.667288,0.0
2016-06-20,41.785369,-71.667288,0.0
2016-06-21,41.785369,-71.667288,8.713735635855947
2016-06-22,41.785369,-71.667288,0.028906613872630185
2016-06-23,41.785369,-71.667288,0.0029254853019736885
2016-06-24,41.785369,-71.667288,0.0
2016-06-25,41.785369,-71.667288,0.0
2016-06-26,41.785369,-71.667288,0.0
2016-06-27,41.785369,-71.667288,0.19776400591801294
2016-06-28,41.785369,-71.667288,0.8914030428995476
2016-06-29,41.785369,-71.667288,0.2928956295034336
2016-06-30,41.785369,-71.667288,0.0
2016-07-01,41.785369,-71.667288,1.7823882981587595
2016-07-02,41.785369,-71.667288,7.89920254772752
2016-07-03,41.785369,-71.667288,0.018710443030364364
2016-07-04,41.785369,-71.667288,0.021431039809822097
2016-07-05,41.785369,-71.667288,18.352201559453512
2016-07-06,41.785369,-71.667288,0.0
2016-07-07,41.785369,-71.667288,3.5157286998484736
2016-07-08,41.785369,-71.667288,0.0
2016-07-09,41.785369,-71.667288,0.0
2016-07-10,41.785369,-71.667288,1.2786583869590793
2016-07-11,41.785369,-71.667288,0.0036684877138170174
2016-07-12,41.785369,-71.667288,0.0
2016-07-13,41.785369,-71.667288,0.0
2016-07-14,41.785369,-71.667288,1.6259588746243334
2016-07-15,41.785369,-71.667288,5.992003624524803
2016-07-16,41.785369,-71.667288,0.0
2016-07-17,41.785369,-71.667288,0.4356656236214911
2016-07-18,41.785369,-71.667288,3.399429409025865
2016-07-19,41.785369,-71.667288,0.09819697884676098
2016-07-20,41.785369,-71.667288,0.0
2016-07-21,41.785369,-71.667288,0.0
2016-07-22,41.785369,-71.667288,0.0
2016-07-23,41.785369,-71.667288,4.528763101782607
2016-07-24,41.785369,-71.667288,0.2407227496160616
2016-07-25,41.785369,-71.667288,0.7064717042351721
2016-07-26,41.785369,-71.667288,2.918698222759447
2016-07-27,41.785369,-71.667288,0.0
2016-07-28,41.785369,-71.667288,0.0
2016-07-29,41.785369,-71.667288,17.305688329024882
2016-07-30,41.785369,-71.667288,0.08200631992357214
2016-07-31,41.785369,-71.667288,3.5634006112008962
2016-08-01,41.785369,-71.667288,1.5704336999203419
2016-08-02,41.785369,-71.667288,14.645250691915392
2016-08-03,41.785369,-71.667288,0.0
2016-08-04,41.785369,-71.667288,0.0
2016-08-05,41.785369,-71.667288,0.0
2016-08-06,41.785369,-71.667288,0.7491251399301342
2016-08-07,41.785369,-71.667288,0.03207504434141853
2016-08-08,41.785369,-71.667288,0.0
2016-08-09,41.785369,-71.667288,0.0
2016-08-10,41.785369,-71.667288,10.260891170548327
2016-08-11,41.785369,-71.667288,0.011382832531097967
2016-08-12,41.785369,-71.667288,22.35910786573563
2016-08-13,41.785369,-71.667288,4.800658743608743
2016-08-14,41.785369,-71.667288,2.127476201295152
2016-08-15,41.785369,-71.667288,0.016037522170709265
2016-08-16,41.785369,-71.667288,0.6854209183525406
2016-08-17,41.785369,-71.667288,3.4231364383987373
2016-08-18,41.785369,-71.667288,1.2835651158640844
2016-08-19,41.785369,-71.667288,0.0
2016-08-20,41.785369,-71.667288,0.0
2016-08-21,41.785369,-71.667288,0.000611414618969503
2016-08-22,41.785369,-71.667288,9.402404934462893
2016-08-23,41.785369,-71.667288,0.0
2016-08-24,41.785369,-71.667288,0.0
2016-08-25,41.785369,-71.667288,0.0
2016-08-26,41.785369,-71.667288,0.003910407065946597
2016-08-27,41.785369,-71.667288,0.0
2016-08-28,41.785369,-71.667288,0.0
2016-08-29,41.785369,-71.667288,0.0428869516590337
2016-08-30,41.785369,-71.667288,0.0
2016-08-31,41.785369,-71.667288,1.3667501429108826
2016-09-01,41.785369,-71.667288,21.7322018755104
2016-09-02,41.785369,-71.667288,0.0
2016-09-03,41.785369,-71.667288,0.0
2016-09-04,41.785369,-71.667288,0.0
2016-09-05,41.785369,-71.667288,1.796436486987641
2016-09-06,41.785369,-71.667288,0.0705441533376496
2016-09-07,41.785369,-71.667288,0.0
2016-09-08,41.785369,-71.667288,0.0
2016-09-09,41.785369,-71.667288,1.5812563949561351
2016-09-10,41.785369,-71.667288,0.0027931477258712253
2016-09-11,41.785369,-71.667288,0.49269495875244296
2016-09-12,41.785369,-71.667288,0.0
2016-09-13,41.785369,-71.667288,0.0
2016-09-14,41.785369,-71.667288,1.3138870125113549
2016-09-15,41.785369,-71.667288,0.2216935473789925
2016-09-16,41.785369,-71.667288,0.0
2016-09-17,41.785369,-71.667288,0.0
2016-09-18,41.785369,-71.667288,1.7901236716722306
2016-09-19,41.785369,-71.667288,27.05723256079521
2016-09-20,41.785369,-71.667288,0.49461285502256624
2016-09-21,41.785369,-71.667288,0.0
2016-09-22,41.785369,-71.667288,0.031120519723929284
2016-09-23,41.785369,-71.667288,0.011701941207894754
2016-09-24,41.785369,-71.667288,0.1698888005260098
2016-09-25,41.785369,-71.667288,0.0
2016-09-26,41.785369,-71.667288,0.0
2016-09-27,41.785369,-71.667288,5.112808140761037
2016-09-28,41.785369,-71.667288,0.0008643368754695695
2016-09-29,41.785369,-71.667288,0.0
2016-09-30,41.785369,-71.667288,9.977689443999298
2016-10-01,41.785369,-71.667288,1.9393579868786566
2016-10-02,41.785369,-71.667288,0.09065190315987716
2016-10-03,41.785369,-71.667288,0.2636335751236734
2016-10-04,41.785369,-71.667288,0.43539482032743415
2016-10-05,41.785369,-71.667288,0.0
2016-10-06,41.785369,-71.667288,0.0
2016-10-07,41.785369,-71.667288,0.0
2016-10-08,41.785369,-71.667288,1.2974228430053856
2016-10-09,41.785369,-71.667288,68.88018886700655
2016-10-10,41.785369,-71.667288,0.11555830137201033
2016-10-11,41.785369,-71.667288,0.0
2016-10-12,41.785369,-71.667288,0.0
2016-10-13,41.785369,-71.667288,0.02455923386262124
2016-10-14,41.785369,-71.667288,0.0
2016-10-15,41.785369,-71.667288,0.0
2016-10-16,41.785369,-71.667288,0.0
2016-10-17,41.785369,-71.667288,0.9338553758242226
2016-10-18,41.785369,-71.667288,0.022062220426273274
2016-10-19,41.785369,-71.667288,0.0
2016-10-20,41.785369,-71.667288,0.0
2016-10-21,41.785369,-71.667288,11.744742915156255
2016-10-22,41.785369,-71.667288,8.910482464911105
2016-10-23,41.785369,-71.667288,0.5753667387448479
2016-10-24,41.785369,-71.667288,1.716202002837005
2016-10-25,41.785369,-71.667288,0.0
2016-10-26,41.785369,-71.667288,0.0
2016-10-27,41.785369,-71.667288,15.640408063160077
2016-10-28,41.785369,-71.667288,4.205026130623008
2016-10-29,41.785369,-71.667288,0.5149824267350634
2016-10-30,41.785369,-71.667288,4.35649806066227
2016-10-31,41.785369,-71.667288,2.1364464559753324
2016-11-01,41.785369,-71.667288,0.0
2016-11-02,41.785369,-71.667288,0.06818036629449552
2016-11-03,41.785369,-71.667288,0.5170379101884934
2016-11-04,41.785369,-71.667288,0.01336460131105416
2016-11-05,41.785369,-71.667288,0.0
2016-11-06,41.785369,-71.667288,0.2649981094951628
2016-11-07,41.785369,-71.667288,0.0
2016-11-08,41.785369,-71.667288,0.0
2016-11-09,41.785369,-71.667288,0.04380371831966658
2016-11-10,41.785369,-71.667288,0.24696878446401796
2016-11-11,41.785369,-71.667288,0.7327116202710525
2016-11-12,41.785369,-71.667288,0.0
2016-11-13,41.785369,-71.667288,0.0
2016-11-14,41.785369,-71.667288,0.0
2016-11-15,41.785369,-71.667288,36.85158893773864
2016-11-16,41.785369,-71.667288,0.0
2016-11-17,41.785369,-71.667288,0.0
2016-11-18,41.785369,-71.667288,0.0
2016-11-19,41.785369,-71.667288,0.0
2016-11-20,41.785369,-71.667288,0.09215349941736645
2016-11-21,41.785369,-71.667288,0.3292416341556223
2016-11-22,41.785369,-71.667288,0.0
2016-11-23,41.785369,-71.667288,0.0
2016-11-24,41.785369,-71.667288,3.4932904766229154
2016-11-25,41.785369,-71.667288,0.034095563862929015
2016-11-26,41.785369,-71.667288,0.0
2016-11-27,41.785369,-71.667288,0.002445658475878012
2016-11-28,41.785369,-71.667288,0.0
2016-11-29,41.785369,-71.667288,41.498957972888924
2016-11-30,41.785369,-71.667288,18.541166966046095
2016-12-01,41.785369,-71.667288,5.905356691963064
2016-12-02,41.785369,-71.667288,0.0
2016-12-03,41.785369,-71.667288,0.0
2016-12-04,41.785369,-71.667288,0.0
2016-12-05,41.785369,-71.667288,4.033965458457407
2016-12-06,41.785369,-71.667288,0.0
2016-12-07,41.785369,-71.667288,3.2316058650451653
2016-12-08,41.785369,-71.667288,0.0
2016-12-09,41.785369,-71.667288,0.0
2016-12-10,41.785369,-71.667288,0.0
2016-12-11,41.785369,-71.667288,0.0
2016-12-12,41.785369,-71.667288,17.130641275100352
2016-12-13,41.785369,-71.667288,0.00275136572842034
2016-12-14,41.785369,-71.667288,0.0
2016-12-15,41.785369,-71.667288,0.0
2016-12-16,41.785369,-71.667288,0.0
2016-12-17,41.785369,-71.667288,15.791985329211547
2016-12-18,41.785369,-71.667288,15.790459728195476
2016-12-19,41.785369,-71.667288,0.641324742796535
2016-12-20,41.785369,-71.667288,0.0
2016-12-21,41.785369,-71.667288,0.0
2016-12-22,41.785369,-71.667288,0.40931301999923875
2016-12-23,41.785369,-71.667288,0.0
2016-12-24,41.785369,-71.667288,17.033765137473406
2016-12-25,41.785369,-71.667288,0.0
2016-12-26,41.785369,-71.667288,0.0029254853019736885
2016-12-27,41.785369,-71.667288,4.325269389080622
2016-12-28,41.785369,-71.667288,0.0
2016-12-29,41.785369,-71.667288,16.560140017997067
2016-12-30,41.785369,-71.667288,0.00275136572842034
2016-12-31,41.785369,-71.667288,1.6197879470306709
2017-01-01,41.785369,-71.667288,8.210127318646158
2017-01-02,41.785369,-71.667288,0.1668456148173049
2017-01-03,41.785369,-71.667288,28.6012272198217
2017-01-04,41.785369,-71.667288,4.388043180736194
2017-01-05,41.785369,-71.667288,0.0
2017-01-06,41.785369,-71.667288,0.10834818711271241
2017-01-07,41.785369,-71.667288,2.326454360833084
2017-01-08,41.785369,-71.667288,0.0
2017-01-09,41.785369,-71.667288,0.0
2017-01-10,41.785369,-71.667288,0.03433448298262347
2017-01-11,41.785369,-71.667288,12.379313973307113
2017-01-12,41.785369,-71.667288,28.16347863691779
2017-01-13,41.785369,-71.667288,6.197667526071455
2017-01-14,41.785369,-71.667288,0.0
2017-01-15,41.785369,-71.667288,0.0
2017-01-16,41.785369,-71.667288,0.0
2017-01-17,41.785369,-71.667288,2.793648865874891
2017-01-18,41.785369,-71.667288,1.2354973426461013
2017-01-19,41.785369,-71.667288,0.016090169433312346
2017-01-20,41.785369,-71.667288,0.0
2017-01-21,41.785369,-71.667288,0.0
2017-01-22,41.785369,-71.667288,0.005345840723569754
2017-01-23,41.785369,-71.667288,2.9095518538255676
2017-01-24,41.785369,-71.667288,46.513435466796196
2017-01-25,41.785369,-71.667288,8.615886967672925
2017-01-26,41.785369,-71.667288,0.1950310502881669
2017-01-27,41.785369,-71.667288,0.0
2017-01-28,41.785369,-71.667288,0.0
2017-01-29,41.785369,-71.667288,0.0
2017-01-30,41.785369,-71.667288,0.0
2017-01-31,41.785369,-71.667288,0.10358821886754391
2017-02-01,41.785369,-71.667288,0.0
2017-02-02,41.785369,-71.667288,0.7731142379245775
2017-02-03,41.785369,-71.667288,0.04938776525225021
2017-02-04,41.785369,-71.667288,0.0
2017-02-05,41.785369,-71.667288,0.0
2017-02-06,41.785369,-71.667288,0.1696781464246457
2017-02-07,41.785369,-71.667288,5.920401971664166
2017-02-08,41.785369,-71.667288,4.525365187825268
2017-02-09,41.785369,-71.667288,29.581179985904324
2017-02-10,41.785369,-71.667288,0.4271208399203915
2017-02-11,41.785369,-71.667288,2.450107786359766
2017-02-12,41.785369,-71.667288,16.78685461699072
2017-02-13,41.785369,-71.667288,0.0
2017-02-14,41.785369,-71.667288,0.0
2017-02-15,41.785369,-71.667288,0.15502937998778243
2017-02-16,41.785369,-71.667288,0.0030570729809626645
2017-02-17,41.785369,-71.667288,0.0
2017-02-18,41.785369,-71.667288,0.01396573946177905
2017-02-19,41.785369,-71.667288,0.22537420122035556
2017-02-20,41.785369,-71.667288,0.020788097728272198
2017-02-21,41.785369,-71.667288,0.027195283633329084
2017-02-22,41.785369,-71.667288,2.7453496690372656
2017-02-23,41.785369,-71.667288,0.0
2017-02-24,41.785369,-71.667288,0.0
2017-02-25,41.785369,-71.667288,0.0
2017-02-26,41.785369,-71.667288,7.7891803080943856
2017-02-27,41.785369,-71.667288,0.0
2017-02-28,41.785369,-71.667288,0.20347599084444565
2017-03-01,41.785369,-71.667288,11.15102394908874
2017-03-02,41.785369,-71.667288,0.0027931477258712253
2017-03-03,41.785369,-71.667288,0.0
2017-03-04,41.785369,-71.667288,0.0020343810604238916
2017-03-05,41.785369,-71.667288,0.005345840723569754
2017-03-06,41.785369,-71.667288,0.0
2017-03-07,41.785369,-71.667288,5.385259789623478
2017-03-08,41.785369,-71.667288,17.294338664053367
2017-03-09,41.785369,-71.667288,0.0
2017-03-10,41.785369,-71.667288,2.002485206249568
2017-03-11,41.785369,-71.667288,0.0
2017-03-12,41.785369,-71.667288,0.0
2017-03-13,41.785369,-71.667288,0.0
2017-03-14,41.785369,-71.667288,25.66516501176061
2017-03-15,41.785369,-71.667288,0.0
2017-03-16,41.785369,-71.667288,0.0
2017-03-17,41.785369,-71.667288,0.0
2017-03-18,41.785369,-71.667288,0.20339041381828776
2017-03-19,41.785369,-71.667288,0.03976172708537273
2017-03-20,41.785369,-71.667288,0.0866439357245294
2017-03-21,41.785369,-71.667288,0.34023991046520186
2017-03-22,41.785369,-71.667288,0.00670355479181782
2017-03-23,41.785369,-71.667288,0.0
2017-03-24,41.785369,-71.667288,7.179587506041812
2017-03-25,41.785369,-71.667288,2.7341784631256445
2017-03-26,41.785369,-71.667288,0.21263192560750768
2017-03-27,41.785369,-71.667288,11.743551241905596
2017-03-28,41.785369,-71.667288,6.979508777441499
2017-03-29,41.785369,-71.667288,7.955775575299619
2017-03-30,41.785369,-71.667288,0.0
2017-03-31,41.785369,-71.667288,11.781569406685493
2017-04-01,41.785369,-71.667288,30.52756152571177
2017-04-02,41.785369,-71.667288,0.0
2017-04-03,41.785369,-71.667288,0.0
2017-04-04,41.785369,-71.667288,28.850838808247147
2017-04-05,41.785369,-71.667288,0.38165225875719727
2017-04-06,41.785369,-71.667288,27.312748083852796
2017-04-07,41.785369,-71.667288,0.0
2017-04-08,41.785369,-71.667288,0.4608889414829728
2017-04-09,41.785369,-71.667288,0.0
2017-04-10,41.785369,-71.667288,0.32250570139267154
2017-04-11,41.785369,-71.667288,0.002672920361784877
2017-04-12,41.785369,-71.667288,0.043705114104580126
2017-04-13,41.785369,-71.667288,0.07066379466673742
2017-04-14,41.785369,-71.667288,0.014018524088720286
2017-04-15,41.785369,-71.667288,1.14741497070435
2017-04-16,41.785369,-71.667288,2.4456454904031757
2017-04-17,41.785369,-71.667288,3.422179172913172
2017-04-18,41.785369,-71.667288,0.02395900697147625
2017-04-19,41.785369,-71.667288,1.2927112547412143
2017-04-20,41.785369,-71.667288,1.0651179786879892
2017-04-21,41.785369,-71.667288,6.1106227016475145
2017-04-22,41.785369,-71.667288,4.030783207842768
2017-04-23,41.785369,-71.667288,0.276608842433787
2017-04-24,41.785369,-71.667288,0.3023996992957191
2017-04-25,41.785369,-71.667288,16.713927329684722
2017-04-26,41.785369,-71.667288,14.946652705263348
2017-04-27,41.785369,-71.667288,0.0
2017-04-28,41.785369,-71.667288,6.643856524636066
2017-04-29,41.785369,-71.667288,1.632549208271259
2017-04-30,41.785369,-71.667288,0.7205419099770787
2017-05-01,41.785369,-71.667288,0.34897416568814343
2017-05-02,41.785369,-71.667288,13.97436044712841
2017-05-03,41.785369,-71.667288,0.0
2017-05-04,41.785369,-71.667288,0.0
2017-05-05,41.785369,-71.667288,29.134921287745346
2017-05-06,41.785369,-71.667288,17.311780872849923
2017-05-07,41.785369,-71.667288,0.9645965229276663
2017-05-08,41.785369,-71.667288,0.0
2017-05-09,41.785369,-71.667288,0.29236935496375316
2017-05-10,41.785369,-71.667288,0.09994617562135164
2017-05-11,41.785369,-71.667288,0.0
2017-05-12,41.785369,-71.667288,0.0
2017-05-13,41.785369,-71.667288,5.130625787233272
2017-05-14,41.785369,-71.667288,14.498023023397622
2017-05-15,41.785369,-71.667288,4.725405386195033
2017-05-16,41.785369,-71.667288,0.0
2017-05-17,41.785369,-71.667288,0.05239406028332147
2017-05-18,41.785369,-71.667288,0.0
2017-05-19,41.785369,-71.667288,2.733377447140332
2017-05-20,41.785369,-71.667288,0.024056282758193666
2017-05-21,41.785369,-71.667288,0.0
2017-05-22,41.785369,-71.667288,11.84718476337009
2017-05-23,41.785369,-71.667288,1.640742508212302
2017-05-24,41.785369,-71.667288,8.633961389855495
2017-05-25,41.785369,-71.667288,10.97664706873052
2017-05-26,41.785369,-71.667288,30.020522215663764
2017-05-27,41.785369,-71.667288,0.19867653385834122
2017-05-28,41.785369,-71.667288,0.9943132824145984
2017-05-29,41.785369,-71.667288,6.105511756148781
2017-05-30,41.785369,-71.667288,0.060892348080131276
2017-05-31,41.785369,-71.667288,0.2768323652497399
2017-06-01,41.785369,-71.667288,0.47564671546931386
2017-06-02,41.785369,-71.667288,0.9278778890194892
2017-06-03,41.785369,-71.667288,0.1464495789069163
2017-06-04,41.785369,-71.667288,2.4243595736251886
2017-06-05,41.785369,-71.667288,5.170556152193292
2017-06-06,41.785369,-71.667288,16.923824556937117
2017-06-07,41.785369,-71.667288,0.0
2017-06-08,41.785369,-71.667288,2.2724385412867707
2017-06-09,41.785369,-71.667288,1.1473966104221598
2017-06-10,41.785369,-71.667288,0.0
2017-06-11,41.785369,-71.667288,0.0
2017-06-12,41.785369,-71.667288,0.0
2017-06-13,41.785369,-71.667288,3.3436502183257715
2017-06-14,41.785369,-71.667288,0.10517951867656171
2017-06-15,41.785369,-71.667288,0.0
2017-06-16,41.785369,-71.667288,13.310673477497877
2017-06-17,41.785369,-71.667288,0.5707583309213825
2017-06-18,41.785369,-71.667288,0.6428099392887879
2017-06-19,41.785369,-71.667288,0.0
2017-06-20,41.785369,-71.667288,16.779389593518932
2017-06-21,41.785369,-71.667288,0.4518437963864632
2017-06-22,41.785369,-71.667288,0.00670355479181782
2017-06-23,41.785369,-71.667288,0.20873598611562272
2017-06-24,41.785369,-71.667288,19.63561846755848
2017-06-25,41.785369,-71.667288,0.0
2017-06-26,41.785369,-71.667288,0.0
2017-06-27,41.785369,-71.667288,1.3637749773126626
2017-06-28,41.785369,-71.667288,0.03364308015532625
2017-06-29,41.785369,-71.667288,1.867004170420187
2017-06-30,41.785369,-71.667288,4.917118497994712
2017-07-01,41.785369,-71.667288,1.4069387724012261
2017-07-02,41.785369,-71.667288,0.10342693590812975
2017-07-03,41.785369,-71.667288,0.02510303304641901
2017-07-04,41.785369,-71.667288,0.0
2017-07-05,41.785369,-71.667288,0.0
2017-07-06,41.785369,-71.667288,0.04570740951776348
2017-07-07,41.785369,-71.667288,12.767467134160178
2017-07-08,41.785369,-71.667288,0.0
2017-07-09,41.785369,-71.667288,0.0
2017-07-10,41.785369,-71.667288,0.0
2017-07-11,41.785369,-71.667288,7.311364671692668
2017-07-12,41.785369,-71.667288,11.122387681661323
2017-07-13,41.785369,-71.667288,17.976526675421738
2017-07-14,41.785369,-71.667288,5.152806441241008
2017-07-15,41.785369,-71.667288,0.05086544335529261
2017-07-16,41.785369,-71.667288,0.0
2017-07-17,41.785369,-71.667288,0.6442025456856382
2017-07-18,41.785369,-71.667288,1.187118201020919
2017-07-19,41.785369,-71.667288,0.3059843777684659
2017-07-20,41.785369,-71.667288,0.5373729173816648
2017-07-21,41.785369,-71.667288,0.0041356630127717215
2017-07-22,41.785369,-71.667288,0.9774612827512251
2017-07-23,41.785369,-71.667288,2.610818901269648
2017-07-24,41.785369,-71.667288,12.545162106690498
2017-07-25,41.785369,-71.667288,0.0
2017-07-26,41.785369,-71.667288,0.0
2017-07-27,41.785369,-71.667288,6.8631561471600095
2017-07-28,41.785369,-71.667288,0.0
2017-07-29,41.785369,-71.667288,4.074155893122812
2017-07-30,41.785369,-71.667288,0.0
2017-07-31,41.785369,-71.667288,0.0
2017-08-01,41.785369,-71.667288,0.0
2017-08-02,41.785369,-71.667288,2.196495940347382
2017-08-03,41.785369,-71.667288,3.1578983369691307
2017-08-04,41.785369,-71.667288,0.09224827553520615
2017-08-05,41.785369,-71.667288,7.517479228730356
2017-08-06,41.785369,-71.667288,0.0
2017-08-07,41.785369,-71.667288,6.617525313031973
2017-08-08,41.785369,-71.667288,0.6022731796895492
2017-08-09,41.785369,-71.667288,0.0
2017-08-10,41.785369,-71.667288,0.0
2017-08-11,41.785369,-71.667288,0.0033627804612746913
2017-08-12,41.785369,-71.667288,9.204106260238062
2017-08-13,41.785369,-71.667288,0.0
2017-08-14,41.785369,-71.667288,0.2107472700972855
2017-08-15,41.785369,-71.667288,5.142392375521266
2017-08-16,41.785369,-71.667288,0.0
2017-08-17,41.785369,-71.667288,0.0
2017-08-18,41.785369,-71.667288,1.6728647224587254
2017-08-19,41.785369,-71.667288,2.034080494712695
2017-08-20,41.785369,-71.667288,0.0
2017-08-21,41.785369,-71.667288,0.0
2017-08-22,41.785369,-71.667288,0.0
2017-08-23,41.785369,-71.667288,2.3409901612892483
2017-08-24,41.785369,-71.667288,0.0
2017-08-25,41.785369,-71.667288,0.0
2017-08-26,41.785369,-71.667288,0.0
2017-08-27,41.785369,-71.667288,0.0
2017-08-28,41.785369,-71.667288,0.0
2017-08-29,41.785369,-71.667288,3.5517468244822052
2017-08-30,41.785369,-71.667288,22.795306003613707
2017-08-31,41.785369,-71.667288,0.0
2017-09-01,41.785369,-71.667288,0.0
2017-09-02,41.785369,-71.667288,0.0
2017-09-03,41.785369,-71.667288,27.056425905199884
2017-09-04,41.785369,-71.667288,0.0
2017-09-05,41.785369,-71.667288,0.0
2017-09-06,41.785369,-71.667288,19.74145113610531
2017-09-07,41.785369,-71.667288,25.146497428906404
2017-09-08,41.785369,-71.667288,0.0
2017-09-09,41.785369,-71.667288,0.0
2017-09-10,41.785369,-71.667288,0.0
2017-09-11,41.785369,-71.667288,0.0
2017-09-12,41.785369,-71.667288,0.0
2017-09-13,41.785369,-71.667288,0.0
2017-09-14,41.785369,-71.667288,0.0
2017-09-15,41.785369,-71.667288,0.7351732820466073
2017-09-16,41.785369,-71.667288,0.0
2017-09-17,41.785369,-71.667288,0.0
2017-09-18,41.785369,-71.667288,0.08074538790243924
2017-09-19,41.785369,-71.667288,4.510629962830878
2017-09-20,41.785369,-71.667288,2.0266810995227007
2017-09-21,41.785369,-71.667288,3.481732293399807
2017-09-22,41.785369,-71.667288,0.11226266216514799
2017-09-23,41.785369,-71.667288,0.0
2017-09-24,41.785369,-71.667288,0.0
2017-09-25,41.785369,-71.667288,0.0
2017-09-26,41.785369,-71.667288,0.0
2017-09-27,41.785369,-71.667288,0.0
2017-09-28,41.785369,-71.667288,0.0
2017-09-29,41.785369,-71.667288,0.0
2017-09-30,41.785369,-71.667288,4.0990132443345395
2017-10-01,41.785369,-71.667288,0.0
2017-10-02,41.785369,-71.667288,0.0
2017-10-03,41.785369,-71.667288,0.2191794885854285
2017-10-04,41.785369,-71.667288,0.0
2017-10-05,41.785369,-71.667288,0.011808940579109145
2017-10-06,41.785369,-71.667288,2.8250972167342034
2017-10-07,41.785369,-71.667288,1.9969202467364207
2017-10-08,41.785369,-71.667288,7.775000508702828
2017-10-09,41.785369,-71.667288,9.424922660947125
2017-10-10,41.785369,-71.667288,0.010372042089423363
2017-10-11,41.785369,-71.667288,0.26130837631021137
2017-10-12,41.785369,-71.667288,2.9588771153295115
2017-10-13,41.785369,-71.667288,0.0
2017-10-14,41.785369,-71.667288,0.0
2017-10-15,41.785369,-71.667288,0.0
2017-10-16,41.785369,-71.667288,0.3792822895677037
2017-10-17,41.785369,-71.667288,0.0
2017-10-18,41.785369,-71.667288,0.00670355479181782
2017-10-19,41.785369,-71.667288,0.0
2017-10-20,41.785369,-71.667288,0.0
2017-10-21,41.785369,-71.667288,0.2697833373934986
2017-10-22,41.785369,-71.667288,0.0
2017-10-23,41.785369,-71.667288,0.0
2017-10-24,41.785369,-71.667288,4.227826596975236
2017-10-25,41.785369,-71.667288,29.074618888894275
2017-10-26,41.785369,-71.667288,33.76817941236636
2017-10-27,41.785369,-71.667288,0.0
2017-10-28,41.785369,-71.667288,0.0
2017-10-29,41.785369,-71.667288,14.060993398172675
2017-10-30,41.785369,-71.667288,48.98536712022894
2017-10-31,41.785369,-71.667288,0.0
2017-11-01,41.785369,-71.667288,0.0211172586849348
2017-11-02,41.785369,-71.667288,0.056930412701668764
2017-11-03,41.785369,-71.667288,0.0
2017-11-04,41.785369,-71.667288,0.0
2017-11-05,41.785369,-71.667288,0.4452528069890724
2017-11-06,41.785369,-71.667288,0.27376530667476245
2017-11-07,41.785369,-71.667288,3.9883751464963697
2017-11-08,41.785369,-71.667288,8.544728525126683
2017-11-09,41.785369,-71.667288,0.0
2017-11-10,41.785369,-71.667288,0.0
2017-11-11,41.785369,-71.667288,0.0
2017-11-12,41.785369,-71.667288,0.007313712982477165
2017-11-13,41.785369,-71.667288,3.657292815828118
2017-11-14,41.785369,-71.667288,0.0
2017-11-15,41.785369,-71.667288,0.0
2017-11-16,41.785369,-71.667288,0.9935413649741812
2017-11-17,41.785369,-71.667288,0.0
2017-11-18,41.785369,-71.667288,1.981397197883892
2017-11-19,41.785369,-71.667288,20.679744347084558
2017-11-20,41.785369,-71.667288,0.0
2017-11-21,41.785369,-71.667288,0.0
2017-11-22,41.785369,-71.667288,34.31578178742885
2017-11-23,41.785369,-71.667288,0.0
2017-11-24,41.785369,-71.667288,0.0
2017-11-25,41.785369,-71.667288,0.010691681447139507
2017-11-26,41.785369,-71.667288,0.5423158745457479
2017-11-27,41.785369,-71.667288,0.0
2017-11-28,41.785369,-71.667288,0.0
2017-11-29,41.785369,-71.667288,0.0
2017-11-30,41.785369,-71.667288,0.0
2017-12-01,41.785369,-71.667288,3.969209181846075
2017-12-02,41.785369,-71.667288,0.0
2017-12-03,41.785369,-71.667288,0.006144925329885868
2017-12-04,41.785369,-71.667288,0.0
2017-12-05,41.785369,-71.667288,0.1456423910029615
2017-12-06,41.785369,-71.667288,23.813965874942223
2017-12-07,41.785369,-71.667288,0.0
2017-12-08,41.785369,-71.667288,0.9201713076480753
2017-12-09,41.785369,-71.667288,13.531495571481136
2017-12-10,41.785369,-71.667288,2.987806376561735
2017-12-11,41.785369,-71.667288,0.3630164369390967
2017-12-12,41.785369,-71.667288,2.3809370656240123
2017-12-13,41.785369,-71.667288,0.0
2017-12-14,41.785369,-71.667288,0.8248889405433687
2017-12-15,41.785369,-71.667288,0.09465173331719727
2017-12-16,41.785369,-71.667288,0.0
2017-12-17,41.785369,-71.667288,0.01336460131105416
2017-12-18,41.785369,-71.667288,0.338677119344144
2017-12-19,41.785369,-71.667288,0.0
2017-12-20,41.785369,-71.667288,0.010088340928284673
2017-12-21,41.785369,-71.667288,0.0
2017-12-22,41.785369,-71.667288,0.047603655481096616
2017-12-23,41.785369,-71.667288,23.6131069421063
2017-12-24,41.785369,-71.667288,6.91057415451562
2017-12-25,41.785369,-71.667288,3.3202493173652465
2017-12-26,41.785369,-71.667288,0.0
2017-12-27,41.785369,-71.667288,0.0
2017-12-28,41.785369,-71.667288,0.0
2017-12-29,41.785369,-71.667288,0.0
2017-12-30,41.785369,-71.667288,0.015662377436111465
2017-12-31,41.785369,-71.667288,0.003562917607847646
2018-01-01,41.785369,-71.667288,0.0
2018-01-02,41.785369,-71.667288,0.5740738093307822
2018-01-03,41.785369,-71.667288,0.3643933041218924
2018-01-04,41.785369,-71.667288,18.379327714507617
2018-01-05,41.785369,-71.667288,0.3273154852106508
2018-01-06,41.785369,-71.667288,0.0
2018-01-07,41.785369,-71.667288,0.07559946698906779
2018-01-08,41.785369,-71.667288,0.7240217767632461
2018-01-09,41.785369,-71.667288,0.9198383210234451
2018-01-10,41.785369,-71.667288,0.0
2018-01-11,41.785369,-71.667288,0.5892629481462219
2018-01-12,41.785369,-71.667288,10.735347099835504
2018-01-13,41.785369,-71.667288,49.65817476927333
2018-01-14,41.785369,-71.667288,0.0
2018-01-15,41.785369,-71.667288,0.558437280780646
2018-01-16,41.785369,-71.667288,0.0
2018-01-17,41.785369,-71.667288,0.8370290908317183
2018-01-18,41.785369,-71.667288,0.0
2018-01-19,41.785369,-71.667288,0.0
2018-01-20,41.785369,-71.667288,0.0
2018-01-21,41.785369,-71.667288,0.0
2018-01-22,41.785369,-71.667288,0.0
2018-01-23,41.785369,-71.667288,51.11831359976752
2018-01-24,41.785369,-71.667288,0.0
2018-01-25,41.785369,-71.667288,0.0
2018-01-26,41.785369,-71.667288,0.0
2018-01-27,41.785369,-71.667288,0.0
2018-01-28,41.785369,-71.667288,7.706749897337744
2018-01-29,41.785369,-71.667288,1.8282414695253517
2018-01-30,41.785369,-71.667288,0.3845890425345515
2018-01-31,41.785369,-71.667288,0.0
2018-02-01,41.785369,-71.667288,0.22959023325224698
2018-02-02,41.785369,-71.667288,2.3372817897038076
2018-02-03,41.785369,-71.667288,0.0
2018-02-04,41.785369,-71.667288,0.8442174200927901
2018-02-05,41.785369,-71.667288,23.154947071566276
2018-02-06,41.785369,-71.667288,0.0
2018-02-07,41.785369,-71.667288,15.049919715840598
2018-02-08,41.785369,-71.667288,1.3512995179378342
2018-02-09,41.785369,-71.667288,0.0005586295659848186
2018-02-10,41.785369,-71.667288,2.5925669088499905
2018-02-11,41.785369,-71.667288,45.694480013174115
2018-02-12,41.785369,-71.667288,4.502463113540677
2018-02-13,41.785369,-71.667288,0.0
2018-02-14,41.785369,-71.667288,0.0003057073094847515
2018-02-15,41.785369,-71.667288,1.1721479008500726
2018-02-16,41.785369,-71.667288,13.126041003022952
2018-02-17,41.785369,-71.667288,0.22725816838026697
2018-02-18,41.785369,-71.667288,12.266371095668006
2018-02-19,41.785369,-71.667288,2.435768021377314
2018-02-20,41.785369,-71.667288,6.911717350893398
2018-02-21,41.785369,-71.667288,0.04811256551638733
2018-02-22,41.785369,-71.667288,2.3658296100730287
2018-02-23,41.785369,-71.667288,6.556808044088815
2018-02-24,41.785369,-71.667288,12.784363829192733
2018-02-25,41.785369,-71.667288,25.458192248132384
2018-02-26,41.785369,-71.667288,0.012659553706046918
2018-02-27,41.785369,-71.667288,0.0
2018-02-28,41.785369,-71.667288,0.14171742674689625
2018-03-01,41.785369,-71.667288,0.16719681890380372
2018-03-02,41.785369,-71.667288,54.69030852912759
2018-03-03,41.785369,-71.667288,0.16323256453797724
2018-03-04,41.785369,-71.667288,0.0
2018-03-05,41.785369,-71.667288,0.18828889270514582
2018-03-06,41.785369,-71.667288,0.0
2018-03-07,41.785369,-71.667288,19.61671172621154
2018-03-08,41.785369,-71.667288,7.3552039815581
2018-03-09,41.785369,-71.667288,0.0
2018-03-10,41.785369,-71.667288,0.0
2018-03-11,41.785369,-71.667288,0.0
2018-03-12,41.785369,-71.667288,0.01462742596495433
2018-03-13,41.785369,-71.667288,34.01022352735731
2018-03-14,41.785369,-71.667288,0.18955694631651024
2018-03-15,41.785369,-71.667288,0.20314194948713157
2018-03-16,41.785369,-71.667288,0.0
2018-03-17,41.785369,-71.667288,0.0
2018-03-18,41.785369,-71.667288,0.0
2018-03-19,41.785369,-71.667288,0.0
2018-03-20,41.785369,-71.667288,0.017487082341178725
2018-03-21,41.785369,-71.667288,4.654439895486611
2018-03-22,41.785369,-71.667288,1.5903754599282354
2018-03-23,41.785369,-71.667288,0.0
2018-03-24,41.785369,-71.667288,0.13497215825022066
2018-03-25,41.785369,-71.667288,0.0
2018-03-26,41.785369,-71.667288,0.0
2018-03-27,41.785369,-71.667288,0.0
2018-03-28,41.785369,-71.667288,0.4372599863673517
2018-03-29,41.785369,-71.667288,0.4236392202857875
2018-03-30,41.785369,-71.667288,2.569577147129312
2018-03-31,41.785369,-71.667288,0.0
2018-04-01,41.785369,-71.667288,2.4026489726848466
2018-04-02,41.785369,-71.667288,1.0753619159589536
2018-04-03,41.785369,-71.667288,12.197522309007267
2018-04-04,41.785369,-71.667288,6.125466225204475
2018-04-05,41.785369,-71.667288,0.0
2018-04-06,41.785369,-71.667288,2.3119792631014016
2018-04-07,41.785369,-71.667288,0.29391787828520743
2018-04-08,41.785369,-71.667288,0.007580358987509028
2018-04-09,41.785369,-71.667288,0.0
2018-04-10,41.785369,-71.667288,0.0022345182639392745
2018-04-11,41.785369,-71.667288,0.0
2018-04-12,41.785369,-71.667288,0.6882445722659808
2018-04-13,41.785369,-71.667288,10.989465417049514
2018-04-14,41.785369,-71.667288,0.0
2018-04-15,41.785369,-71.667288,2.8998557244442713
2018-04-16,41.785369,-71.667288,38.3781896290745
2018-04-17,41.785369,-71.667288,0.05094441629166873
2018-04-18,41.785369,-71.667288,0.008817845691670743
2018-04-19,41.785369,-71.667288,7.239416349635187
2018-04-20,41.785369,-71.667288,0.0
2018-04-21,41.785369,-71.667288,0.0
2018-04-22,41.785369,-71.667288,0.0
2018-04-23,41.785369,-71.667288,0.0
2018-04-24,41.785369,-71.667288,0.0
2018-04-25,41.785369,-71.667288,30.10912880306686
2018-04-26,41.785369,-71.667288,11.087413090432486
2018-04-27,41.785369,-71.667288,20.346624529685894
2018-04-28,41.785369,-71.667288,0.0
2018-04-29,41.785369,-71.667288,0.702332828110904
2018-04-30,41.785369,-71.667288,0.03505367151481793
2018-05-01,41.785369,-71.667288,0.0
2018-05-02,41.785369,-71.667288,0.0
2018-05-03,41.785369,-71.667288,0.04958596485053775
2018-05-04,41.785369,-71.667288,1.724649305356664
2018-05-05,41.785369,-71.667288,0.0
2018-05-06,41.785369,-71.667288,5.643610696597632
2018-05-07,41.785369,-71.667288,0.8995664818393775
2018-05-08,41.785369,-71.667288,0.0
2018-05-09,41.785369,-71.667288,0.0
2018-05-10,41.785369,-71.667288,0.11270793219912772
2018-05-11,41.785369,-71.667288,0.4999479961720652
2018-05-12,41.785369,-71.667288,3.289620507178033
2018-05-13,41.785369,-71.667288,0.4093301327694506
2018-05-14,41.785369,-71.667288,0.0
2018-05-15,41.785369,-71.667288,14.086136980122369
2018-05-16,41.785369,-71.667288,5.026130603929835
2018-05-17,41.785369,-71.667288,11.138230895315338
2018-05-18,41.785369,-71.667288,0.3068185922346653
2018-05-19,41.785369,-71.667288,7.804936761538803
2018-05-20,41.785369,-71.667288,3.760836420837263
2018-05-21,41.785369,-71.667288,0.0
2018-05-22,41.785369,-71.667288,7.626099515427286
2018-05-23,41.785369,-71.667288,0.26089771295704944
2018-05-24,41.785369,-71.667288,0.0
2018-05-25,41.785369,-71.667288,0.0
2018-05-26,41.785369,-71.667288,0.025571672624739705
2018-05-27,41.785369,-71.667288,2.184299062626469
2018-05-28,41.785369,-71.667288,0.033879488228676535
2018-05-29,41.785369,-71.667288,0.0
2018-05-30,41.785369,-71.667288,0.0
2018-05-31,41.785369,-71.667288,0.0
2018-06-01,41.785369,-71.667288,6.57914792374444
2018-06-02,41.785369,-71.667288,0.09236520625082192
2018-06-03,41.785369,-71.667288,0.0
2018-06-04,41.785369,-71.667288,7.73701099336647
2018-06-05,41.785369,-71.667288,1.334906490684447
2018-06-06,41.785369,-71.667288,0.03437628989001959
2018-06-07,41.785369,-71.667288,0.0
2018-06-08,41.785369,-71.667288,0.0
2018-06-09,41.785369,-71.667288,0.029997854886666103
2018-06-10,41.785369,-71.667288,0.05480258210149806
2018-06-11,41.785369,-71.667288,0.1744935015027061
2018-06-12,41.785369,-71.667288,0.0
2018-06-13,41.785369,-71.667288,0.9135389608504598
2018-06-14,41.785369,-71.667288,0.0
2018-06-15,41.785369,-71.667288,0.06756298002219939
2018-06-16,41.785369,-71.667288,0.12435455657524151
2018-06-17,41.785369,-71.667288,0.0
2018-06-18,41.785369,-71.667288,1.2590088623018096
2018-06-19,41.785369,-71.667288,14.827641710397087
2018-06-20,41.785369,-71.667288,0.15601393444758532
2018-06-21,41.785369,-71.667288,0.15372146292908612
2018-06-22,41.785369,-71.667288,0.01316468358642454
2018-06-23,41.785369,-71.667288,2.4228297585521354
2018-06-24,41.785369,-71.667288,1.3258284448494482
2018-06-25,41.785369,-71.667288,3.8682540524493665
2018-06-26,41.785369,-71.667288,0.0
2018-06-27,41.785369,-71.667288,0.1005576569863843
2018-06-28,41.785369,-71.667288,36.01935581989785
2018-06-29,41.785369,-71.667288,0.8149219519477255
2018-06-30,41.785369,-71.667288,0.03846042423615958
2018-07-01,41.785369,-71.667288,0.7526933719855813
2018-07-02,41.785369,-71.667288,0.0
2018-07-03,41.785369,-71.667288,0.39449205788902164
2018-07-04,41.785369,-71.667288,0.0
2018-07-05,41.785369,-71.667288,0.0
2018-07-06,41.785369,-71.667288,13.598965536048778
2018-07-07,41.785369,-71.667288,0.0
2018-07-08,41.785369,-71.667288,0.0
2018-07-09,41.785369,-71.667288,0.0
2018-07-10,41.785369,-71.667288,0.0
2018-07-11,41.785369,-71.667288,0.01613669350625492
2018-07-12,41.785369,-71.667288,0.0
2018-07-13,41.785369,-71.667288,0.0
2018-07-14,41.785369,-71.667288,0.890162061052999
2018-07-15,41.785369,-71.667288,3.085971625412864
2018-07-16,41.785369,-71.667288,0.2179486438263005
2018-07-17,41.785369,-71.667288,13.109619356882684
2018-07-18,41.785369,-71.667288,11.417495800833418
2018-07-19,41.785369,-71.667288,0.0
2018-07-20,41.785369,-71.667288,0.0
2018-07-21,41.785369,-71.667288,0.21090450867059052
2018-07-22,41.785369,-71.667288,27.53931536629925
2018-07-23,41.785369,-71.667288,1.110204957387833
2018-07-24,41.785369,-71.667288,0.0
2018-07-25,41.785369,-71.667288,1.5516106106064667
2018-07-26,41.785369,-71.667288,13.628278642704522
2018-07-27,41.785369,-71.667288,0.0
2018-07-28,41.785369,-71.667288,0.03910406982704301
2018-07-29,41.785369,-71.667288,3.986900438471263
2018-07-30,41.785369,-71.667288,1.7423182139091309
2018-07-31,41.785369,-71.667288,0.0
2018-08-01,41.785369,-71.667288,0.0
2018-08-02,41.785369,-71.667288,0.0
2018-08-03,41.785369,-71.667288,0.6511571185646123
2018-08-04,41.785369,-71.667288,39.605958444395554
2018-08-05,41.785369,-71.667288,0.0
2018-08-06,41.785369,-71.667288,0.0
2018-08-07,41.785369,-71.667288,0.0
2018-08-08,41.785369,-71.667288,7.177802510656036
2018-08-09,41.785369,-71.667288,13.126815879715881
2018-08-10,41.785369,-71.667288,0.0
2018-08-11,41.785369,-71.667288,20.026394578170226
2018-08-12,41.785369,-71.667288,5.151915015313771
2018-08-13,41.785369,-71.667288,12.248868933643887
2018-08-14,41.785369,-71.667288,0.0
2018-08-15,41.785369,-71.667288,0.0
2018-08-16,41.785369,-71.667288,0.0
2018-08-17,41.785369,-71.667288,0.021383362894279015
2018-08-18,41.785369,-71.667288,36.183947189076335
2018-08-19,41.785369,-71.667288,0.40702279815886505
2018-08-20,41.785369,-71.667288,0.0
2018-08-21,41.785369,-71.667288,0.0
2018-08-22,41.785369,-71.667288,3.9695639516428916
2018-08-23,41.785369,-71.667288,0.034863869646198704
2018-08-24,41.785369,-71.667288,0.0
2018-08-25,41.785369,-71.667288,0.0
2018-08-26,41.785369,-71.667288,0.0
2018-08-27,41.785369,-71.667288,0.0
2018-08-28,41.785369,-71.667288,0.0
2018-08-29,41.785369,-71.667288,0.0
2018-08-30,41.785369,-71.667288,0.0
2018-08-31,41.785369,-71.667288,0.0
2018-09-01,41.785369,-71.667288,0.0
2018-09-02,41.785369,-71.667288,0.0
2018-09-03,41.785369,-71.667288,0.0
2018-09-04,41.785369,-71.667288,0.0035372572372544472
2018-09-05,41.785369,-71.667288,0.0
2018-09-06,41.785369,-71.667288,13.801158282288151
2018-09-07,41.785369,-71.667288,8.283035649924418
2018-09-08,41.785369,-71.667288,10.27194400062129
2018-09-09,41.785369,-71.667288,0.5658821328122369
2018-09-10,41.785369,-71.667288,29.508214823302925
2018-09-11,41.785369,-71.667288,0.7894708641956474
2018-09-12,41.785369,-71.667288,33.59681824086934
2018-09-13,41.785369,-71.667288,17.093757814709118
2018-09-14,41.785369,-71.667288,0.0
2018-09-15,41.785369,-71.667288,0.0
2018-09-16,41.785369,-71.667288,0.0
2018-09-17,41.785369,-71.667288,0.6788182424323004
2018-09-18,41.785369,-71.667288,17.062821185260873
2018-09-19,41.785369,-71.667288,0.03950826966154217
2018-09-20,41.785369,-71.667288,0.0
2018-09-21,41.785369,-71.667288,0.31071102588678834
2018-09-22,41.785369,-71.667288,0.2843488448149852
2018-09-23,41.785369,-71.667288,0.006874377214051087
2018-09-24,41.785369,-71.667288,0.0
2018-09-25,41.785369,-71.667288,27.982266223521414
2018-09-26,41.785369,-71.667288,20.767803963045502
2018-09-27,41.785369,-71.667288,6.434513644840798
2018-09-28,41.785369,-71.667288,9.720096312806636
2018-09-29,41.785369,-71.667288,0.0
2018-09-30,41.785369,-71.667288,0.0
2018-10-01,41.785369,-71.667288,0.0676624132608892
2018-10-02,41.785369,-71.667288,8.801441601110326
2018-10-03,41.785369,-71.667288,28.843865480703293
2018-10-04,41.785369,-71.667288,0.10798366317554924
2018-10-05,41.785369,-71.667288,0.0
2018-10-06,41.785369,-71.667288,0.0818081802193664
2018-10-07,41.785369,-71.667288,0.010691681447139507
2018-10-08,41.785369,-71.667288,0.0
2018-10-09,41.785369,-71.667288,0.0
2018-10-10,41.785369,-71.667288,0.0
2018-10-11,41.785369,-71.667288,9.536504540581955
2018-10-12,41.785369,-71.667288,50.479090166285
2018-10-13,41.785369,-71.667288,4.310341371735216
2018-10-14,41.785369,-71.667288,0.0
2018-10-15,41.785369,-71.667288,0.1006727793986047
2018-10-16,41.785369,-71.667288,2.2666000164797984
2018-10-17,41.785369,-71.667288,1.0687304634432424
2018-10-18,41.785369,-71.667288,0.0
2018-10-19,41.785369,-71.667288,0.0
2018-10-20,41.785369,-71.667288,3.433293771207351
2018-10-21,41.785369,-71.667288,1.580099396304454
2018-10-22,41.785369,-71.667288,0.0
2018-10-23,41.785369,-71.667288,1.2564224399904098
2018-10-24,41.785369,-71.667288,0.018830669896580488
2018-10-25,41.785369,-71.667288,1.0134255089453816
2018-10-26,41.785369,-71.667288,0.0
2018-10-27,41.785369,-71.667288,18.095544696255214
2018-10-28,41.785369,-71.667288,0.04473496668422764
2018-10-29,41.785369,-71.667288,4.983683830707383
2018-10-30,41.785369,-71.667288,0.0
2018-10-31,41.785369,-71.667288,0.0
2018-11-01,41.785369,-71.667288,0.3307617617518946
2018-11-02,41.785369,-71.667288,9.883795751447265
2018-11-03,41.785369,-71.667288,40.62658875113705
2018-11-04,41.785369,-71.667288,0.0
2018-11-05,41.785369,-71.667288,2.572141217761596
2018-11-06,41.785369,-71.667288,20.555654871932937
2018-11-07,41.785369,-71.667288,4.825382203157143
2018-11-08,41.785369,-71.667288,0.045439647643953585
2018-11-09,41.785369,-71.667288,5.539606598165364
2018-11-10,41.785369,-71.667288,50.40078961543145
2018-11-11,41.785369,-71.667288,0.0
2018-11-12,41.785369,-71.667288,0.0
2018-11-13,41.785369,-71.667288,37.72262327015122
2018-11-14,41.785369,-71.667288,0.13755386569655653
2018-11-15,41.785369,-71.667288,11.008011058012627
2018-11-16,41.785369,-71.667288,22.18407910181857
2018-11-17,41.785369,-71.667288,0.005345840723569754
2018-11-18,41.785369,-71.667288,0.0
2018-11-19,41.785369,-71.667288,0.0
2018-11-20,41.785369,-71.667288,1.0356427546250024
2018-11-21,41.785369,-71.667288,0.0
2018-11-22,41.785369,-71.667288,0.0
2018-11-23,41.785369,-71.667288,0.0
2018-11-24,41.785369,-71.667288,0.2191794885854285
2018-11-25,41.785369,-71.667288,32.51024586906508
2018-11-26,41.785369,-71.667288,12.400339227763098
2018-11-27,41.785369,-71.667288,2.9244133935841825
2018-11-28,41.785369,-71.667288,0.0
2018-11-29,41.785369,-71.667288,0.0
2018-11-30,41.785369,-71.667288,0.01827204043464854
2018-12-01,41.785369,-71.667288,0.0
2018-12-02,41.785369,-71.667288,13.21612912032079
2018-12-03,41.785369,-71.667288,0.0
2018-12-04,41.785369,-71.667288,0.0
2018-12-05,41.785369,-71.667288,0.0
2018-12-06,41.785369,-71.667288,0.0
2018-12-07,41.785369,-71.667288,0.0
2018-12-08,41.785369,-71.667288,0.000611414618969503
2018-12-09,41.785369,-71.667288,0.0
2018-12-10,41.785369,-71.667288,0.0
2018-12-11,41.785369,-71.667288,0.0
2018-12-12,41.785369,-71.667288,0.0
2018-12-13,41.785369,-71.667288,3.727627351182239
2018-12-14,41.785369,-71.667288,0.0
2018-12-15,41.785369,-71.667288,1.71674913486523
2018-12-16,41.785369,-71.667288,29.99469581755468
2018-12-17,41.785369,-71.667288,16.02713575523223
2018-12-18,41.785369,-71.667288,0.0
2018-12-19,41.785369,-71.667288,0.0
2018-12-20,41.785369,-71.667288,0.04921682874790298
2018-12-21,41.785369,-71.667288,50.46814849874435
2018-12-22,41.785369,-71.667288,7.9200659258154245
2018-12-23,41.785369,-71.667288,0.0
2018-12-24,41.785369,-71.667288,0.03208720103432369
2018-12-25,41.785369,-71.667288,0.0
2018-12-26,41.785369,-71.667288,0.0
2018-12-27,41.785369,-71.667288,0.0
2018-12-28,41.785369,-71.667288,23.974643230681657
2018-12-29,41.785369,-71.667288,1.399204643755144
2018-12-30,41.785369,-71.667288,0.0
2018-12-31,41.785369,-71.667288,4.925973138267043
2019-01-01,41.785369,-71.667288,28.025685144556753
2019-01-02,41.785369,-71.667288,0.0
2019-01-03,41.785369,-71.667288,0.9819342949652853
2019-01-04,41.785369,-71.667288,0.0
2019-01-05,41.785369,-71.667288,20.86282549000834
2019-01-06,41.785369,-71.667288,0.36283566770031006
2019-01-07,41.785369,-71.667288,0.0
2019-01-08,41.785369,-71.667288,2.6366968131292206
2019-01-09,41.785369,-71.667288,3.501886657461423
2019-01-10,41.785369,-71.667288,0.0
2019-01-11,41.785369,-71.667288,0.0
2019-01-12,41.785369,-71.667288,0.0
2019-01-13,41.785369,-71.667288,0.9151070028978928
2019-01-14,41.785369,-71.667288,0.0
2019-01-15,41.785369,-71.667288,0.0
2019-01-16,41.785369,-71.667288,0.0
2019-01-17,41.785369,-71.667288,0.007262184253749769
2019-01-18,41.785369,-71.667288,0.0
2019-01-19,41.785369,-71.667288,0.0
2019-01-20,41.785369,-71.667288,67.79891817087595
2019-01-21,41.785369,-71.667288,0.0
2019-01-22,41.785369,-71.667288,0.0
2019-01-23,41.785369,-71.667288,0.10526509424409175
2019-01-24,41.785369,-71.667288,56.940463761748
2019-01-25,41.785369,-71.667288,0.0
2019-01-26,41.785369,-71.667288,0.0
2019-01-27,41.785369,-71.667288,0.01924855714746143
2019-01-28,41.785369,-71.667288,2.522693758409994
2019-01-29,41.785369,-71.667288,0.7882693898019744
2019-01-30,41.785369,-71.667288,5.558330204030108
2019-01-31,41.785369,-71.667288,0.0
2019-02-01,41.785369,-71.667288,0.0
2019-02-02,41.785369,-71.667288,0.0098148772514483
2019-02-03,41.785369,-71.667288,0.310056964744203
2019-02-04,41.785369,-71.667288,0.0
2019-02-05,41.785369,-71.667288,0.010304992396402396
2019-02-06,41.785369,-71.667288,0.03587914280891591
2019-02-07,41.785369,-71.667288,15.697549365136673
2019-02-08,41.785369,-71.667288,18.27461738725958
2019-02-09,41.785369,-71.667288,0.0
2019-02-10,41.785369,-71.667288,0.0
2019-02-11,41.785369,-71.667288,0.0745998754727861
2019-02-12,41.785369,-71.667288,15.064290056174617
2019-02-13,41.785369,-71.667288,16.010776037058605
2019-02-14,41.785369,-71.667288,0.0
2019-02-15,41.785369,-71.667288,2.511941905675343
2019-02-16,41.785369,-71.667288,1.216805076867403
2019-02-17,41.785369,-71.667288,0.0
2019-02-18,41.785369,-71.667288,9.502156270917686
2019-02-19,41.785369,-71.667288,0.0
2019-02-20,41.785369,-71.667288,0.14154497816422543
2019-02-21,41.785369,-71.667288,13.031026441400993
2019-02-22,41.785369,-71.667288,0.4789881568145328
2019-02-23,41.785369,-71.667288,0.0
2019-02-24,41.785369,-71.667288,24.8792135052268
2019-02-25,41.785369,-71.667288,0.017833637838932707
2019-02-26,41.785369,-71.667288,0.0
2019-02-27,41.785369,-71.667288,0.005345840723569754
2019-02-28,41.785369,-71.667288,4.6086593773917075
2019-03-01,41.785369,-71.667288,0.0022345182639392745
2019-03-02,41.785369,-71.667288,8.262317659017949
2019-03-03,41.785369,-71.667288,0.37284194489230243
2019-03-04,41.785369,-71.667288,42.92720424334973
2019-03-05,41.785369,-71.667288,0.0
2019-03-06,41.785369,-71.667288,0.0
2019-03-07,41.785369,-71.667288,0.0
2019-03-08,41.785369,-71.667288,0.005850970603947377
2019-03-09,41.785369,-71.667288,0.0
2019-03-10,41.785369,-71.667288,5.085082020949004
2019-03-11,41.785369,-71.667288,0.024296738482106815
2019-03-12,41.785369,-71.667288,0.023403882415789508
2019-03-13,41.785369,-71.667288,0.0
2019-03-14,41.785369,-71.667288,0.37844839884075315
2019-03-15,41.785369,-71.667288,7.401809329167788
2019-03-16,41.785369,-71.667288,6.727558653153469
2019-03-17,41.785369,-71.667288,0.0
2019-03-18,41.785369,-71.667288,0.0
2019-03-19,41.785369,-71.667288,0.0
2019-03-20,41.785369,-71.667288,0.0
2019-03-21,41.785369,-71.667288,0.09998455827860592
2019-03-22,41.785369,-71.667288,16.48434095462958
2019-03-23,41.785369,-71.667288,0.28227263833345895
2019-03-24,41.785369,-71.667288,0.07864010465939661
2019-03-25,41.785369,-71.667288,0.02050655869858781
2019-03-26,41.785369,-71.667288,0.0
2019-03-27,41.785369,-71.667288,0.0
2019-03-28,41.785369,-71.667288,0.0
2019-03-29,41.785369,-71.667288,0.6323706352038739
2019-03-30,41.785369,-71.667288,0.04276672578855803
2019-03-31,41.785369,-71.667288,3.643310729712674
2019-04-01,41.785369,-71.667288,0.0
2019-04-02,41.785369,-71.667288,0.0
2019-04-03,41.785369,-71.667288,16.273192721997454
2019-04-04,41.785369,-71.667288,0.0
2019-04-05,41.785369,-71.667288,1.1104493179099502
2019-04-06,41.785369,-71.667288,1.7661776316891784
2019-04-07,41.785369,-71.667288,0.006463099855539391
2019-04-08,41.785369,-71.667288,13.196260286986018
2019-04-09,41.785369,-71.667288,3.1801699475990777
2019-04-10,41.785369,-71.667288,0.0
2019-04-11,41.785369,-71.667288,0.0005586295659848186
2019-04-12,41.785369,-71.667288,0.025138330365263944
2019-04-13,41.785369,-71.667288,25.988945997164326
2019-04-14,41.785369,-71.667288,0.15978861220715534
2019-04-15,41.785369,-71.667288,20.336257636135386
2019-04-16,41.785369,-71.667288,0.0
2019-04-17,41.785369,-71.667288,0.0
2019-04-18,41.785369,-71.667288,0.3097736040279478
2019-04-19,41.785369,-71.667288,0.0
2019-04-20,41.785369,-71.667288,22.76222408238557
2019-04-21,41.785369,-71.667288,5.591768209768282
2019-04-22,41.785369,-71.667288,15.682114185983782
2019-04-23,41.785369,-71.667288,1.448172891820998
2019-04-24,41.785369,-71.667288,3.6297320233571915
2019-04-25,41.785369,-71.667288,0.0
2019-04-26,41.785369,-71.667288,22.282431249866086
2019-04-27,41.785369,-71.667288,21.648511432436024
2019-04-28,41.785369,-71.667288,1.2584677832559787
2019-04-29,41.785369,-71.667288,0.0
2019-04-30,41.785369,-71.667288,2.9654379043975476
2019-05-01,41.785369,-71.667288,0.025850393371614058
2019-05-02,41.785369,-71.667288,0.47489795311326466
2019-05-03,41.785369,-71.667288,1.9909484445913646
2019-05-04,41.785369,-71.667288,3.882660023667625
2019-05-05,41.785369,-71.667288,18.18336175200129
2019-05-06,41.785369,-71.667288,15.240939562875953
2019-05-07,41.785369,-71.667288,0.030390577542277655
2019-05-08,41.785369,-71.667288,1.590052767447733
2019-05-09,41.785369,-71.667288,0.0
2019-05-10,41.785369,-71.667288,1.1314026534548645
2019-05-11,41.785369,-71.667288,0.3152606149418201
2019-05-12,41.785369,-71.667288,30.811535053931124
2019-05-13,41.785369,-71.667288,3.0941892824469077
2019-05-14,41.785369,-71.667288,2.6262791438190787
2019-05-15,41.785369,-71.667288,0.038219969671304393
2019-05-16,41.785369,-71.667288,0.02836482035061093
2019-05-17,41.785369,-71.667288,1.8168910181095472
2019-05-18,41.785369,-71.667288,0.33506219988783625
2019-05-19,41.785369,-71.667288,0.0022345182639392745
2019-05-20,41.785369,-71.667288,7.66758389500802
2019-05-21,41.785369,-71.667288,0.0
2019-05-22,41.785369,-71.667288,0.0
2019-05-23,41.785369,-71.667288,0.08599044689771179
2019-05-24,41.785369,-71.667288,0.3440715667921639
2019-05-25,41.785369,-71.667288,0.0
2019-05-26,41.785369,-71.667288,0.5570004989241901
2019-05-27,41.785369,-71.667288,0.04852275017738542
2019-05-28,41.785369,-71.667288,0.31205819045309424
2019-05-29,41.785369,-71.667288,3.072726936834517
2019-05-30,41.785369,-71.667288,5.042523561455408
2019-05-31,41.785369,-71.667288,6.134028206782777
2019-06-01,41.785369,-71.667288,0.0
2019-06-02,41.785369,-71.667288,0.0221047270787971
2019-06-03,41.785369,-71.667288,0.9456924472434223
2019-06-04,41.785369,-71.667288,0.0
2019-06-05,41.785369,-71.667288,0.022513284311685575
2019-06-06,41.785369,-71.667288,1.3005890351911713
2019-06-07,41.785369,-71.667288,0.10758459031945666
2019-06-08,41.785369,-71.667288,0.33776188252549655
2019-06-09,41.785369,-71.667288,0.0
2019-06-10,41.785369,-71.667288,0.4758411005440836
2019-06-11,41.785369,-71.667288,20.504704729020393
2019-06-12,41.785369,-71.667288,0.0
2019-06-13,41.785369,-71.667288,18.789766912689924
2019-06-14,41.785369,-71.667288,1.589554564975172
2019-06-15,41.785369,-71.667288,0.005345840723569754
2019-06-16,41.785369,-71.667288,6.917235013635755
2019-06-17,41.785369,-71.667288,0.2456324307757215
2019-06-18,41.785369,-71.667288,12.782208987856887
2019-06-19,41.785369,-71.667288,0.3031722133164452
2019-06-20,41.785369,-71.667288,2.6036561793751796
2019-06-21,41.785369,-71.667288,12.701386375851524
2019-06-22,41.785369,-71.667288,0.20468488175401017
2019-06-23,41.785369,-71.667288,0.0
2019-06-24,41.785369,-71.667288,0.01651094965695698
2019-06-25,41.785369,-71.667288,9.973463239102625
2019-06-26,41.785369,-71.667288,0.0
2019-06-27,41.785369,-71.667288,0.0
2019-06-28,41.785369,-71.667288,0.0
2019-06-29,41.785369,-71.667288,12.933965947309058
2019-06-30,41.785369,-71.667288,4.4675404291041305
2019-07-01,41.785369,-71.667288,0.0
2019-07-02,41.785369,-71.667288,0.39845640038339747
2019-07-03,41.785369,-71.667288,0.02239362265503426
2019-07-04,41.785369,-71.667288,0.15433047862888144
2019-07-05,41.785369,-71.667288,0.0
2019-07-06,41.785369,-71.667288,2.9516948113940114
2019-07-07,41.785369,-71.667288,3.3665222445958793
2019-07-08,41.785369,-71.667288,0.0
2019-07-09,41.785369,-71.667288,0.0
2019-07-10,41.785369,-71.667288,0.0
2019-07-11,41.785369,-71.667288,0.10939290558117126
2019-07-12,41.785369,-71.667288,14.962606146511494
2019-07-13,41.785369,-71.667288,0.0
2019-07-14,41.785369,-71.667288,0.0
2019-07-15,41.785369,-71.667288,0.0
2019-07-16,41.785369,-71.667288,0.0
2019-07-17,41.785369,-71.667288,4.331495275017859
2019-07-18,41.785369,-71.667288,3.9504074857631717
2019-07-19,41.785369,-71.667288,0.0
2019-07-20,41.785369,-71.667288,0.38045700539785043
2019-07-21,41.785369,-71.667288,0.4316954663067148
2019-07-22,41.785369,-71.667288,9.12556627259546
2019-07-23,41.785369,-71.667288,52.52451244405325
2019-07-24,41.785369,-71.667288,11.813188280787555
2019-07-25,41.785369,-71.667288,6.946146038823035
2019-07-26,41.785369,-71.667288,0.0
2019-07-27,41.785369,-71.667288,0.0
2019-07-28,41.785369,-71.667288,0.0
2019-07-29,41.785369,-71.667288,0.6888214647851029
2019-07-30,41.785369,-71.667288,0.0
2019-07-31,41.785369,-71.667288,0.23429303498921494
2019-08-01,41.785369,-71.667288,0.07069998343274536
2019-08-02,41.785369,-71.667288,0.0
2019-08-03,41.785369,-71.667288,1.834395226815567
2019-08-04,41.785369,-71.667288,0.0
2019-08-05,41.785369,-71.667288,0.0
2019-08-06,41.785369,-71.667288,2.5360251510526255
2019-08-07,41.785369,-71.667288,0.7750449949990098
2019-08-08,41.785369,-71.667288,10.344182664133779
2019-08-09,41.785369,-71.667288,0.11077409104808895
2019-08-10,41.785369,-71.667288,0.600650525480542
2019-08-11,41.785369,-71.667288,0.0
2019-08-12,41.785369,-71.667288,0.003910407065946597
2019-08-13,41.785369,-71.667288,5.692789761675163
2019-08-14,41.785369,-71.667288,0.08543121740594148
2019-08-15,41.785369,-71.667288,0.0
2019-08-16,41.785369,-71.667288,0.021413402543792162
2019-08-17,41.785369,-71.667288,2.4310424698870032
2019-08-18,41.785369,-71.667288,0.4634903048036046
2019-08-19,41.785369,-71.667288,18.771928691316763
2019-08-20,41.785369,-71.667288,0.0
2019-08-21,41.785369,-71.667288,4.332720340713883
2019-08-22,41.785369,-71.667288,10.405620678150663
2019-08-23,41.785369,-71.667288,3.164121795788459
2019-08-24,41.785369,-71.667288,0.0
2019-08-25,41.785369,-71.667288,0.0
2019-08-26,41.785369,-71.667288,0.0
2019-08-27,41.785369,-71.667288,1.047401893054742
2019-08-28,41.785369,-71.667288,28.297923847555197
2019-08-29,41.785369,-71.667288,8.822052225261842
2019-08-30,41.785369,-71.667288,0.0
2019-08-31,41.785369,-71.667288,0.0
2019-09-01,41.785369,-71.667288,0.0
2019-09-02,41.785369,-71.667288,7.559155181054127
2019-09-03,41.785369,-71.667288,1.6375334668992758
2019-09-04,41.785369,-71.667288,10.319561471003583
2019-09-05,41.785369,-71.667288,0.0
2019-09-06,41.785369,-71.667288,3.1494654955241717
2019-09-07,41.785369,-71.667288,3.3171169473910416
2019-09-08,41.785369,-71.667288,0.0
2019-09-09,41.785369,-71.667288,0.0
2019-09-10,41.785369,-71.667288,0.0
2019-09-11,41.785369,-71.667288,0.12423036785378497
2019-09-12,41.785369,-71.667288,7.360590036656373
2019-09-13,41.785369,-71.667288,0.0
2019-09-14,41.785369,-71.667288,0.0
2019-09-15,41.785369,-71.667288,0.03433139510196055
2019-09-16,41.785369,-71.667288,0.0
2019-09-17,41.785369,-71.667288,0.0
2019-09-18,41.785369,-71.667288,0.0
2019-09-19,41.785369,-71.667288,0.0
2019-09-20,41.785369,-71.667288,0.0
2019-09-21,41.785369,-71.667288,0.0
2019-09-22,41.785369,-71.667288,0.0
2019-09-23,41.785369,-71.667288,0.0
2019-09-24,41.785369,-71.667288,5.81208812997315
2019-09-25,41.785369,-71.667288,0.0
2019-09-26,41.785369,-71.667288,2.773038346670574
2019-09-27,41.785369,-71.667288,0.0
2019-09-28,41.785369,-71.667288,0.0
2019-09-29,41.785369,-71.667288,0.08447744400492635
2019-09-30,41.785369,-71.667288,0.18307052776011437
2019-10-01,41.785369,-71.667288,0.005611057190899538
2019-10-02,41.785369,-71.667288,0.23569696487410519
2019-10-03,41.785369,-71.667288,0.9217754043451525
2019-10-04,41.785369,-71.667288,0.25475964779863425
2019-10-05,41.785369,-71.667288,0.0
2019-10-06,41.785369,-71.667288,0.0
2019-10-07,41.785369,-71.667288,0.0467156634831914
2019-10-08,41.785369,-71.667288,1.5726481924388103
2019-10-09,41.785369,-71.667288,22.498623336555017
2019-10-10,41.785369,-71.667288,13.901560123504197
2019-10-11,41.785369,-71.667288,0.022846105272808802
2019-10-12,41.785369,-71.667288,0.0
2019-10-13,41.785369,-71.667288,0.0
2019-10-14,41.785369,-71.667288,0.004999999888241291
2019-10-15,41.785369,-71.667288,0.0
2019-10-16,41.785369,-71.667288,10.275213401739466
2019-10-17,41.785369,-71.667288,42.11818295161769
2019-10-18,41.785369,-71.667288,0.0
2019-10-19,41.785369,-71.667288,0.0
2019-10-20,41.785369,-71.667288,4.3754256720303015
2019-10-21,41.785369,-71.667288,3.5435766562335003
2019-10-22,41.785369,-71.667288,0.012978270131440955
2019-10-23,41.785369,-71.667288,0.30204988534203425
2019-10-24,41.785369,-71.667288,0.0
2019-10-25,41.785369,-71.667288,0.2885466611534734
2019-10-26,41.785369,-71.667288,0.24700627552269724
2019-10-27,41.785369,-71.667288,38.9747576408279
2019-10-28,41.785369,-71.667288,0.0
2019-10-29,41.785369,-71.667288,0.0
2019-10-30,41.785369,-71.667288,0.06804522903382532
2019-10-31,41.785369,-71.667288,8.036036539740639
2019-11-01,41.785369,-71.667288,0.7570729668214624
2019-11-02,41.785369,-71.667288,0.0
2019-11-03,41.785369,-71.667288,0.0
2019-11-04,41.785369,-71.667288,0.0
2019-11-05,41.785369,-71.667288,9.757437760242773
2019-11-06,41.785369,-71.667288,0.0
2019-11-07,41.785369,-71.667288,4.2652656653643755
2019-11-08,41.785369,-71.667288,4.08135218928444
2019-11-09,41.785369,-71.667288,0.0
2019-11-10,41.785369,-71.667288,0.0
2019-11-11,41.785369,-71.667288,0.0
2019-11-12,41.785369,-71.667288,11.252581950461428
2019-11-13,41.785369,-71.667288,0.344806724180898
2019-11-14,41.785369,-71.667288,0.0014627426509868442
2019-11-15,41.785369,-71.667288,0.0151198699206047
2019-11-16,41.785369,-71.667288,0.0
2019-11-17,41.785369,-71.667288,0.0036684877138170174
2019-11-18,41.785369,-71.667288,1.738009418801774
2019-11-19,41.785369,-71.667288,1.915199974049134
2019-11-20,41.785369,-71.667288,0.1273774179090308
2019-11-21,41.785369,-71.667288,0.0
2019-11-22,41.785369,-71.667288,9.977528939206733
2019-11-23,41.785369,-71.667288,0.0
2019-11-24,41.785369,-71.667288,40.38325471875457
2019-11-25,41.785369,-71.667288,0.14501221829138589
2019-11-26,41.785369,-71.667288,0.0
2019-11-27,41.785369,-71.667288,1.8865379401404265
2019-11-28,41.785369,-71.667288,0.6255569198300782
2019-11-29,41.785369,-71.667288,0.0
2019-11-30,41.785369,-71.667288,0.0
2019-12-01,41.785369,-71.667288,7.286528169813003
2019-12-02,41.785369,-71.667288,2.9451789123162553
2019-12-03,41.785369,-71.667288,0.849513007029213
2019-12-04,41.785369,-71.667288,0.9482791898979095
2019-12-05,41.785369,-71.667288,0.0
2019-12-06,41.785369,-71.667288,0.07691294728838408
2019-12-07,41.785369,-71.667288,0.0
2019-12-08,41.785369,-71.667288,0.0
2019-12-09,41.785369,-71.667288,26.124408148532687
2019-12-10,41.785369,-71.667288,44.00636252936143
2019-12-11,41.785369,-71.667288,9.22814447601021
2019-12-12,41.785369,-71.667288,0.029083948748004164
2019-12-13,41.785369,-71.667288,1.1879295432933286
2019-12-14,41.785369,-71.667288,66.1041627433023
2019-12-15,41.785369,-71.667288,0.0
2019-12-16,41.785369,-71.667288,0.0
2019-12-17,41.785369,-71.667288,11.576300772222474
2019-12-18,41.785369,-71.667288,0.7241297606304375
2019-12-19,41.785369,-71.667288,0.0
2019-12-20,41.785369,-71.667288,0.0
2019-12-21,41.785369,-71.667288,0.0
2019-12-22,41.785369,-71.667288,0.007313712982477165
2019-12-23,41.785369,-71.667288,0.0
2019-12-24,41.785369,-71.667288,0.0
2019-12-25,41.785369,-71.667288,0.0
2019-12-26,41.785369,-71.667288,0.038789500487659584
2019-12-27,41.785369,-71.667288,0.06796556919234872
2019-12-28,41.785369,-71.667288,0.0
2019-12-29,41.785369,-71.667288,0.7926135807844986
2019-12-30,41.785369,-71.667288,37.5898334178772
2019-12-31,41.785369,-71.667288,0.0
2020-01-01,41.785369,-71.667288,0.0
2020-01-02,41.785369,-71.667288,0.0
2020-01-03,41.785369,-71.667288,6.93434147793021
2020-01-04,41.785369,-71.667288,12.14645779921886
2020-01-05,41.785369,-71.667288,4.2095776808297165
2020-01-06,41.785369,-71.667288,0.0
2020-01-07,41.785369,-71.667288,0.025138330365263944
2020-01-08,41.785369,-71.667288,1.1486729549822274
2020-01-09,41.785369,-71.667288,0.0
2020-01-10,41.785369,-71.667288,0.0003057073094847515
2020-01-11,41.785369,-71.667288,0.008243094233780085
2020-01-12,41.785369,-71.667288,5.527494643595912
2020-01-13,41.785369,-71.667288,0.07005420260477693
2020-01-14,41.785369,-71.667288,0.010055331979620996
2020-01-15,41.785369,-71.667288,0.0
2020-01-16,41.785369,-71.667288,0.27638404957183277
2020-01-17,41.785369,-71.667288,0.005305349881414787
2020-01-18,41.785369,-71.667288,0.5996862687907358
2020-01-19,41.785369,-71.667288,4.346594089882942
2020-01-20,41.785369,-71.667288,0.0
2020-01-21,41.785369,-71.667288,0.0
2020-01-22,41.785369,-71.667288,0.0
2020-01-23,41.785369,-71.667288,0.0
2020-01-24,41.785369,-71.667288,0.13889723670321835
2020-01-25,41.785369,-71.667288,11.79237868844978
2020-01-26,41.785369,-71.667288,8.309183756365474
2020-01-27,41.785369,-71.667288,0.0
2020-01-28,41.785369,-71.667288,0.0
2020-01-29,41.785369,-71.667288,0.0
2020-01-30,41.785369,-71.667288,0.0
2020-01-31,41.785369,-71.667288,0.04287184747682933
2020-02-01,41.785369,-71.667288,0.6961077472998332
2020-02-02,41.785369,-71.667288,0.06125106111536757
2020-02-03,41.785369,-71.667288,0.0014627426509868442
2020-02-04,41.785369,-71.667288,2.0688223952401246
2020-02-05,41.785369,-71.667288,2.644724823601421
2020-02-06,41.785369,-71.667288,7.223033740497675
2020-02-07,41.785369,-71.667288,30.839022433048424
2020-02-08,41.785369,-71.667288,0.0
2020-02-09,41.785369,-71.667288,0.0011172591319696373
2020-02-10,41.785369,-71.667288,6.737685405630534
2020-02-11,41.785369,-71.667288,16.17159085532372
2020-02-12,41.785369,-71.667288,0.04788299937771093
2020-02-13,41.785369,-71.667288,25.724026013288924
2020-02-14,41.785369,-71.667288,0.45744619832122674
2020-02-15,41.785369,-71.667288,0.0
2020-02-16,41.785369,-71.667288,0.010944246387328318
2020-02-17,41.785369,-71.667288,0.0
2020-02-18,41.785369,-71.667288,0.30045482226933107
2020-02-19,41.785369,-71.667288,1.97288284870713
2020-02-20,41.785369,-71.667288,0.0
2020-02-21,41.785369,-71.667288,0.0
2020-02-22,41.785369,-71.667288,0.0
2020-02-23,41.785369,-71.667288,0.0
2020-02-24,41.785369,-71.667288,0.0
2020-02-25,41.785369,-71.667288,1.065473981779795
2020-02-26,41.785369,-71.667288,0.6968696779959902
2020-02-27,41.785369,-71.667288,16.568267773039736
2020-02-28,41.785369,-71.667288,0.01122337042376733
2020-02-29,41.785369,-71.667288,0.0
2020-03-01,41.785369,-71.667288,0.0
2020-03-02,41.785369,-71.667288,0.0
2020-03-03,41.785369,-71.667288,9.94053456491529
2020-03-04,41.785369,-71.667288,3.5070973235246745
2020-03-05,41.785369,-71.667288,0.029402124477503868
2020-03-06,41.785369,-71.667288,0.33253291982047706
2020-03-07,41.785369,-71.667288,0.15387493375678954
2020-03-08,41.785369,-71.667288,0.0
2020-03-09,41.785369,-71.667288,0.0
2020-03-10,41.785369,-71.667288,0.0
2020-03-11,41.785369,-71.667288,0.4216175986739513
2020-03-12,41.785369,-71.667288,0.060572201591892416
2020-03-13,41.785369,-71.667288,2.7082130524646977
2020-03-14,41.785369,-71.667288,0.0
2020-03-15,41.785369,-71.667288,5.664745448830686
2020-03-16,41.785369,-71.667288,0.016037522170709265
2020-03-17,41.785369,-71.667288,0.003974194966359344
2020-03-18,41.785369,-71.667288,0.0
2020-03-19,41.785369,-71.667288,12.779806580449014
2020-03-20,41.785369,-71.667288,2.2666314054006884
2020-03-21,41.785369,-71.667288,0.36218843796323685
2020-03-22,41.785369,-71.667288,0.0
2020-03-23,41.785369,-71.667288,51.13105670415064
2020-03-24,41.785369,-71.667288,28.713994289327427
2020-03-25,41.785369,-71.667288,0.18054915489598236
2020-03-26,41.785369,-71.667288,0.0610666161406079
2020-03-27,41.785369,-71.667288,0.882246091291199
2020-03-28,41.785369,-71.667288,4.619772745706813
2020-03-29,41.785369,-71.667288,9.15118136145134
2020-03-30,41.785369,-71.667288,1.277520106628023
2020-03-31,41.785369,-71.667288,0.0
2020-04-01,41.785369,-71.667288,0.0003057073094847515
2020-04-02,41.785369,-71.667288,2.090497216576881
2020-04-03,41.785369,-71.667288,13.889494777877985
2020-04-04,41.785369,-71.667288,0.1060904931392267
2020-04-05,41.785369,-71.667288,0.0009171219284542544
2020-04-06,41.785369,-71.667288,0.06390686555234316
2020-04-07,41.785369,-71.667288,0.0029254853019736885
2020-04-08,41.785369,-71.667288,3.2991615293730803
2020-04-09,41.785369,-71.667288,16.83482418208021
2020-04-10,41.785369,-71.667288,0.06363029136113252
2020-04-11,41.785369,-71.667288,0.0
2020-04-12,41.785369,-71.667288,0.003457347501878278
2020-04-13,41.785369,-71.667288,39.278125136801165
2020-04-14,41.785369,-71.667288,0.08040875014915484
2020-04-15,41.785369,-71.667288,11.990292414466575
2020-04-16,41.785369,-71.667288,0.0
2020-04-17,41.785369,-71.667288,0.07361576861577655
2020-04-18,41.785369,-71.667288,13.46685348988316
2020-04-19,41.785369,-71.667288,0.7683253920102797
2020-04-20,41.785369,-71.667288,0.5021976715282822
2020-04-21,41.785369,-71.667288,10.846092723768372
2020-04-22,41.785369,-71.667288,0.0
2020-04-23,41.785369,-71.667288,0.018710443030364364
2020-04-24,41.785369,-71.667288,24.71700355576291
2020-04-25,41.785369,-71.667288,0.04843803678972297
2020-04-26,41.785369,-71.667288,2.5491941789296826
2020-04-27,41.785369,-71.667288,0.0
2020-04-28,41.785369,-71.667288,0.0
2020-04-29,41.785369,-71.667288,0.0
2020-04-30,41.785369,-71.667288,8.983807018229236
2020-05-01,41.785369,-71.667288,18.224661450524607
2020-05-02,41.785369,-71.667288,0.060508830230981366
2020-05-03,41.785369,-71.667288,1.1133070986614433
2020-05-04,41.785369,-71.667288,4.6426043115831135
2020-05-05,41.785369,-71.667288,0.0
2020-05-06,41.785369,-71.667288,1.368246946384777
2020-05-07,41.785369,-71.667288,0.6190225914018466
2020-05-08,41.785369,-71.667288,2.863593368396931
2020-05-09,41.785369,-71.667288,3.646546212274372
2020-05-10,41.785369,-71.667288,0.008018761085354632
2020-05-11,41.785369,-71.667288,1.094493804681377
2020-05-12,41.785369,-71.667288,0.13749781191733393
2020-05-13,41.785369,-71.667288,0.0014229664414543881
2020-05-14,41.785369,-71.667288,0.008949075913017142
2020-05-15,41.785369,-71.667288,4.951323672644467
2020-05-16,41.785369,-71.667288,13.709334257927791
2020-05-17,41.785369,-71.667288,0.0
2020-05-18,41.785369,-71.667288,0.22829375556511283
2020-05-19,41.785369,-71.667288,0.019918625354627413
2020-05-20,41.785369,-71.667288,0.17551391992753826
2020-05-21,41.785369,-71.667288,0.0
2020-05-22,41.785369,-71.667288,0.0
2020-05-23,41.785369,-71.667288,14.499838555232364
2020-05-24,41.785369,-71.667288,0.029402124477503868
2020-05-25,41.785369,-71.667288,0.056131331082573996
2020-05-26,41.785369,-71.667288,0.0
2020-05-27,41.785369,-71.667288,0.0
2020-05-28,41.785369,-71.667288,0.0
2020-05-29,41.785369,-71.667288,0.04668442673349471
2020-05-30,41.785369,-71.667288,2.702610534110823
2020-05-31,41.785369,-71.667288,0.0
2020-06-01,41.785369,-71.667288,0.0
2020-06-02,41.785369,-71.667288,2.1351681325379372
2020-06-03,41.785369,-71.667288,1.8903393017727526
2020-06-04,41.785369,-71.667288,1.780728062194481
2020-06-05,41.785369,-71.667288,15.803776599826133
2020-06-06,41.785369,-71.667288,19.519076328514483
2020-06-07,41.785369,-71.667288,0.02948056835052866
2020-06-08,41.785369,-71.667288,0.0
2020-06-09,41.785369,-71.667288,0.0
2020-06-10,41.785369,-71.667288,0.26451788757032046
2020-06-11,41.785369,-71.667288,8.396656452252564
2020-06-12,41.785369,-71.667288,0.0005586295659848186
2020-06-13,41.785369,-71.667288,0.0
2020-06-14,41.785369,-71.667288,0.0
2020-06-15,41.785369,-71.667288,0.7459397258313069
2020-06-16,41.785369,-71.667288,0.0
2020-06-17,41.785369,-71.667288,0.0
2020-06-18,41.785369,-71.667288,0.0
2020-06-19,41.785369,-71.667288,0.0
2020-06-20,41.785369,-71.667288,0.0
2020-06-21,41.785369,-71.667288,0.1677532014647729
2020-06-22,41.785369,-71.667288,0.007820814131893193
2020-06-23,41.785369,-71.667288,0.0
2020-06-24,41.785369,-71.667288,0.2547848269319306
2020-06-25,41.785369,-71.667288,0.0
2020-06-26,41.785369,-71.667288,1.6016113150361597
2020-06-27,41.785369,-71.667288,15.639623339998321
2020-06-28,41.785369,-71.667288,9.221816327972855
2020-06-29,41.785369,-71.667288,0.8648061694537027
2020-06-30,41.785369,-71.667288,4.224553822563274
2020-07-01,41.785369,-71.667288,1.9066203820596783
2020-07-02,41.785369,-71.667288,0.6457296516123748
2020-07-03,41.785369,-71.667288,13.856760588828703
2020-07-04,41.785369,-71.667288,0.06874890595866696
2020-07-05,41.785369,-71.667288,0.0
2020-07-06,41.785369,-71.667288,0.05096922622084017
2020-07-07,41.785369,-71.667288,0.0
2020-07-08,41.785369,-71.667288,0.01438751282436355
2020-07-09,41.785369,-71.667288,0.0
2020-07-10,41.785369,-71.667288,0.24009603968804813
2020-07-11,41.785369,-71.667288,0.0
2020-07-12,41.785369,-71.667288,0.0
2020-07-13,41.785369,-71.667288,1.3975733294909065
2020-07-14,41.785369,-71.667288,0.9888198325799538
2020-07-15,41.785369,-71.667288,0.021383362894279015
2020-07-16,41.785369,-71.667288,0.0
2020-07-17,41.785369,-71.667288,3.120196273637021
2020-07-18,41.785369,-71.667288,0.0
2020-07-19,41.785369,-71.667288,0.0
2020-07-20,41.785369,-71.667288,2.8670759266886185
2020-07-21,41.785369,-71.667288,0.0
2020-07-22,41.785369,-71.667288,1.7216774820562233
2020-07-23,41.785369,-71.667288,6.425945189133459
2020-07-24,41.785369,-71.667288,4.2357766122141225
2020-07-25,41.785369,-71.667288,0.1361063169366158
2020-07-26,41.785369,-71.667288,0.0
2020-07-27,41.785369,-71.667288,0.2884903438861962
2020-07-28,41.785369,-71.667288,7.799883793484434
2020-07-29,41.785369,-71.667288,0.0
2020-07-30,41.785369,-71.667288,1.510750723526659
2020-07-31,41.785369,-71.667288,11.032928274566373
2020-08-01,41.785369,-71.667288,0.0
2020-08-02,41.785369,-71.667288,0.019389299566618175
2020-08-03,41.785369,-71.667288,0.0
2020-08-04,41.785369,-71.667288,2.3263999796002666
2020-08-05,41.785369,-71.667288,0.0
2020-08-06,41.785369,-71.667288,0.05258160204426588
2020-08-07,41.785369,-71.667288,1.0117357436903318
2020-08-08,41.785369,-71.667288,0.19492488222516666
2020-08-09,41.785369,-71.667288,0.0
2020-08-10,41.785369,-71.667288,0.0
2020-08-11,41.785369,-71.667288,0.0
2020-08-12,41.785369,-71.667288,0.2360941989857202
2020-08-13,41.785369,-71.667288,0.9343818234518455
2020-08-14,41.785369,-71.667288,0.055692923508155925
2020-08-15,41.785369,-71.667288,0.035306593771318
2020-08-16,41.785369,-71.667288,24.262317637978725
2020-08-17,41.785369,-71.667288,4.626324696386668
2020-08-18,41.785369,-71.667288,11.30852831929655
2020-08-19,41.785369,-71.667288,2.4431793843961147
2020-08-20,41.785369,-71.667288,0.0
2020-08-21,41.785369,-71.667288,0.0
2020-08-22,41.785369,-71.667288,3.029193391051998
2020-08-23,41.785369,-71.667288,0.0
2020-08-24,41.785369,-71.667288,1.6345667725414825
2020-08-25,41.785369,-71.667288,1.017418636259051
2020-08-26,41.785369,-71.667288,0.0
2020-08-27,41.785369,-71.667288,16.147695619367248
2020-08-28,41.785369,-71.667288,0.3572759460833791
2020-08-29,41.785369,-71.667288,7.288006294372966
2020-08-30,41.785369,-71.667288,0.7927619575795712
2020-08-31,41.785369,-71.667288,0.008018761085354632
2020-09-01,41.785369,-71.667288,0.03192826903312873
2020-09-02,41.785369,-71.667288,6.234543448381109
2020-09-03,41.785369,-71.667288,2.0260335630995874
2020-09-04,41.785369,-71.667288,0.35593196023060036
2020-09-05,41.785369,-71.667288,0.0
2020-09-06,41.785369,-71.667288,0.0
2020-09-07,41.785369,-71.667288,0.0
2020-09-08,41.785369,-71.667288,0.0
2020-09-09,41.785369,-71.667288,2.3112696367034022
2020-09-10,41.785369,-71.667288,10.573352218209457
2020-09-11,41.785369,-71.667288,2.5574123316800152
2020-09-12,41.785369,-71.667288,0.0
2020-09-13,41.785369,-71.667288,0.0
2020-09-14,41.785369,-71.667288,3.6327650046051607
2020-09-15,41.785369,-71.667288,0.0
2020-09-16,41.785369,-71.667288,0.0
2020-09-17,41.785369,-71.667288,0.0
2020-09-18,41.785369,-71.667288,10.497869586171598
2020-09-19,41.785369,-71.667288,0.0
2020-09-20,41.785369,-71.667288,0.0
2020-09-21,41.785369,-71.667288,0.0
2020-09-22,41.785369,-71.667288,0.8560404278907199
2020-09-23,41.785369,-71.667288,0.0
2020-09-24,41.785369,-71.667288,0.06224547704449933
2020-09-25,41.785369,-71.667288,0.0
2020-09-26,41.785369,-71.667288,0.0
2020-09-27,41.785369,-71.667288,0.0
2020-09-28,41.785369,-71.667288,0.0718137568184211
2020-09-29,41.785369,-71.667288,0.1555475738254948
2020-09-30,41.785369,-71.667288,19.383631487184918
2020-10-01,41.785369,-71.667288,0.0
2020-10-02,41.785369,-71.667288,0.18359412299426095
2020-10-03,41.785369,-71.667288,0.0
2020-10-04,41.785369,-71.667288,0.0
2020-10-05,41.785369,-71.667288,1.440798176854009
2020-10-06,41.785369,-71.667288,0.0
2020-10-07,41.785369,-71.667288,5.34811183346487
2020-10-08,41.785369,-71.667288,0.0
2020-10-09,41.785369,-71.667288,0.0
2020-10-10,41.785369,-71.667288,0.0
2020-10-11,41.785369,-71.667288,0.011701941207894754
2020-10-12,41.785369,-71.667288,23.97567056362616
2020-10-13,41.785369,-71.667288,11.25873648344147
2020-10-14,41.785369,-71.667288,0.0
2020-10-15,41.785369,-71.667288,0.0
2020-10-16,41.785369,-71.667288,0.17386005088010337
2020-10-17,41.785369,-71.667288,52.495596375692834
2020-10-18,41.785369,-71.667288,0.0
2020-10-19,41.785369,-71.667288,0.009825165570306722
2020-10-20,41.785369,-71.667288,0.6438128547935208
2020-10-21,41.785369,-71.667288,0.0
2020-10-22,41.785369,-71.667288,0.0
2020-10-23,41.785369,-71.667288,0.0
2020-10-24,41.785369,-71.667288,0.0
2020-10-25,41.785369,-71.667288,0.1440695123783423
2020-10-26,41.785369,-71.667288,0.600584675374991
2020-10-27,41.785369,-71.667288,1.44052863383898
2020-10-28,41.785369,-71.667288,7.276218197606946
2020-10-29,41.785369,-71.667288,28.376622564243583
2020-10-30,41.785369,-71.667288,17.206732010870333
2020-10-31,41.785369,-71.667288,0.0
2020-11-01,41.785369,-71.667288,8.881822594491329
2020-11-02,41.785369,-71.667288,5.073610896673701
2020-11-03,41.785369,-71.667288,0.08099327642596879
2020-11-04,41.785369,-71.667288,0.0
2020-11-05,41.785369,-71.667288,0.0
2020-11-06,41.785369,-71.667288,0.0
2020-11-07,41.785369,-71.667288,0.026781850880451853
2020-11-08,41.785369,-71.667288,0.0
2020-11-09,41.785369,-71.667288,0.0
2020-11-10,41.785369,-71.667288,0.0
2020-11-11,41.785369,-71.667288,2.5823155943949643
2020-11-12,41.785369,-71.667288,41.38480483571957
2020-11-13,41.785369,-71.667288,0.7783290152884211
2020-11-14,41.785369,-71.667288,0.0
2020-11-15,41.785369,-71.667288,0.0
2020-11-16,41.785369,-71.667288,6.379075264119935
2020-11-17,41.785369,-71.667288,0.0029254853019736885
2020-11-18,41.785369,-71.667288,0.0
2020-11-19,41.785369,-71.667288,0.0
2020-11-20,41.785369,-71.667288,0.11216803408111005
2020-11-21,41.785369,-71.667288,0.008018761085354632
2020-11-22,41.785369,-71.667288,0.050241342923124155
2020-11-23,41.785369,-71.667288,62.62115023938538
2020-11-24,41.785369,-71.667288,0.0
2020-11-25,41.785369,-71.667288,1.3081682308178884
2020-11-26,41.785369,-71.667288,8.237747389250151
2020-11-27,41.785369,-71.667288,0.0
2020-11-28,41.785369,-71.667288,0.0
2020-11-29,41.785369,-71.667288,0.0
2020-11-30,41.785369,-71.667288,24.948334235629307
2020-12-01,41.785369,-71.667288,4.024615418224716
2020-12-02,41.785369,-71.667288,0.0
2020-12-03,41.785369,-71.667288,0.0
2020-12-04,41.785369,-71.667288,2.298238410387606
2020-12-05,41.785369,-71.667288,92.71200433019884
2020-12-06,41.785369,-71.667288,0.062223217254989666
2020-12-07,41.785369,-71.667288,0.0
2020-12-08,41.785369,-71.667288,0.0
2020-12-09,41.785369,-71.667288,0.22205069479917158
2020-12-10,41.785369,-71.667288,0.0
2020-12-11,41.785369,-71.667288,0.0
2020-12-12,41.785369,-71.667288,3.17110744180506
2020-12-13,41.785369,-71.667288,0.4399569983455279
2020-12-14,41.785369,-71.667288,6.300107496890778
2020-12-15,41.785369,-71.667288,0.0
2020-12-16,41.785369,-71.667288,0.05003981041095569
2020-12-17,41.785369,-71.667288,13.239032156123907
2020-12-18,41.785369,-71.667288,0.0
2020-12-19,41.785369,-71.667288,0.0
2020-12-20,41.785369,-71.667288,1.0772211923593573
2020-12-21,41.785369,-71.667288,0.0
2020-12-22,41.785369,-71.667288,0.0932063734520783
2020-12-23,41.785369,-71.667288,0.0
2020-12-24,41.785369,-71.667288,0.008271326025543443
2020-12-25,41.785369,-71.667288,84.7361139574069
2020-12-26,41.785369,-71.667288,0.40286459958023213
2020-12-27,41.785369,-71.667288,0.0
2020-12-28,41.785369,-71.667288,0.010691681447139507
2020-12-29,41.785369,-71.667288,0.0
2020-12-30,41.785369,-71.667288,0.0
2020-12-31,41.785369,-71.667288,5.47914782263129
2021-01-01,41.785369,-71.667288,0.01843477515723467
2021-01-02,41.785369,-71.667288,9.039885448932539
2021-01-03,41.785369,-71.667288,0.14789927984515674
2021-01-04,41.785369,-71.667288,1.073313082580644
2021-01-05,41.785369,-71.667288,0.0
2021-01-06,41.785369,-71.667288,0.0
2021-01-07,41.785369,-71.667288,0.0
2021-01-08,41.785369,-71.667288,0.0
2021-01-09,41.785369,-71.667288,0.0
2021-01-10,41.785369,-71.667288,0.0
2021-01-11,41.785369,-71.667288,0.008018761085354632
2021-01-12,41.785369,-71.667288,0.0
2021-01-13,41.785369,-71.667288,0.0
2021-01-14,41.785369,-71.667288,0.005345840723569754
2021-01-15,41.785369,-71.667288,0.0
2021-01-16,41.785369,-71.667288,70.86876820910982
2021-01-17,41.785369,-71.667288,0.0
2021-01-18,41.785369,-71.667288,0.0
2021-01-19,41.785369,-71.667288,0.0
2021-01-20,41.785369,-71.667288,0.0
2021-01-21,41.785369,-71.667288,0.0
2021-01-22,41.785369,-71.667288,0.0
2021-01-23,41.785369,-71.667288,0.0
2021-01-24,41.785369,-71.667288,0.0
2021-01-25,41.785369,-71.667288,0.19558889205220537
2021-01-26,41.785369,-71.667288,0.16548790664975846
2021-01-27,41.785369,-71.667288,0.0
2021-01-28,41.785369,-71.667288,0.0
2021-01-29,41.785369,-71.667288,0.0
2021-01-30,41.785369,-71.667288,0.0
2021-01-31,41.785369,-71.667288,0.05563074617272794
2021-02-01,41.785369,-71.667288,14.425903386941885
2021-02-02,41.785369,-71.667288,1.119170447137885
2021-02-03,41.785369,-71.667288,0.0
2021-02-04,41.785369,-71.667288,0.0
2021-02-05,41.785369,-71.667288,4.0905334080609475
2021-02-06,41.785369,-71.667288,0.000611414618969503
2021-02-07,41.785369,-71.667288,21.041678986370528
2021-02-08,41.785369,-71.667288,0.0
2021-02-09,41.785369,-71.667288,0.7975532661143196
2021-02-10,41.785369,-71.667288,0.0
2021-02-11,41.785369,-71.667288,0.2628019293168433
2021-02-12,41.785369,-71.667288,0.0003057073094847515
2021-02-13,41.785369,-71.667288,1.2002761252894316
2021-02-14,41.785369,-71.667288,2.967437679134034
2021-02-15,41.785369,-71.667288,2.0282886915082794
2021-02-16,41.785369,-71.667288,23.145623575519412
2021-02-17,41.785369,-71.667288,0.036073461722006706
2021-02-18,41.785369,-71.667288,3.634529753017143
2021-02-19,41.785369,-71.667288,2.431246672199889
2021-02-20,41.785369,-71.667288,0.31183903346063546
2021-02-21,41.785369,-71.667288,0.010328254569102212
2021-02-22,41.785369,-71.667288,14.31934904748535
2021-02-23,41.785369,-71.667288,0.256213188067521
2021-02-24,41.785369,-71.667288,0.001675888697954455
2021-02-25,41.785369,-71.667288,0.09551862681595058
2021-02-26,41.785369,-71.667288,0.0
2021-02-27,41.785369,-71.667288,1.0183065994687415
2021-02-28,41.785369,-71.667288,0.6511104185026311
2021-03-01,41.785369,-71.667288,17.536609188898165
2021-03-02,41.785369,-71.667288,0.13435143816315498
2021-03-03,41.785369,-71.667288,0.0
2021-03-04,41.785369,-71.667288,0.0
2021-03-05,41.785369,-71.667288,0.0
2021-03-06,41.785369,-71.667288,0.005345840723569754
2021-03-07,41.785369,-71.667288,0.0
2021-03-08,41.785369,-71.667288,0.0
2021-03-09,41.785369,-71.667288,0.0
2021-03-10,41.785369,-71.667288,0.0
2021-03-11,41.785369,-71.667288,0.09079731985807606
2021-03-12,41.785369,-71.667288,0.9847131541460094
2021-03-13,41.785369,-71.667288,0.005345840723569754
2021-03-14,41.785369,-71.667288,0.00275136572842034
2021-03-15,41.785369,-71.667288,0.0
2021-03-16,41.785369,-71.667288,0.0
2021-03-17,41.785369,-71.667288,0.002672920361784877
2021-03-18,41.785369,-71.667288,16.281069923672067
2021-03-19,41.785369,-71.667288,5.1530842743136445
2021-03-20,41.785369,-71.667288,0.0
2021-03-21,41.785369,-71.667288,0.0
2021-03-22,41.785369,-71.667288,0.0
2021-03-23,41.785369,-71.667288,0.0
2021-03-24,41.785369,-71.667288,0.3210477698874018
2021-03-25,41.785369,-71.667288,10.665116975138565
2021-03-26,41.785369,-71.667288,1.9166364863978635
2021-03-27,41.785369,-71.667288,0.0
2021-03-28,41.785369,-71.667288,14.680965826712141
2021-03-29,41.785369,-71.667288,13.809546657489282
2021-03-30,41.785369,-71.667288,0.0
2021-03-31,41.785369,-71.667288,0.3335461701950272
2021-04-01,41.785369,-71.667288,14.268391026238193
2021-04-02,41.785369,-71.667288,0.0
2021-04-03,41.785369,-71.667288,0.03631092126874885
2021-04-04,41.785369,-71.667288,0.0
2021-04-05,41.785369,-71.667288,0.0
2021-04-06,41.785369,-71.667288,0.0
2021-04-07,41.785369,-71.667288,0.00335177739590891
2021-04-08,41.785369,-71.667288,0.0
2021-04-09,41.785369,-71.667288,0.0
2021-04-10,41.785369,-71.667288,0.029665160992417346
2021-04-11,41.785369,-71.667288,7.505673288178762
2021-04-12,41.785369,-71.667288,0.6621346784428097
2021-04-13,41.785369,-71.667288,0.03972576068648741
2021-04-14,41.785369,-71.667288,0.03240051461901372
2021-04-15,41.785369,-71.667288,4.582265550295234
2021-04-16,41.785369,-71.667288,12.92149443646281
2021-04-17,41.785369,-71.667288,0.11487252648819044
2021-04-18,41.785369,-71.667288,0.0
2021-04-19,41.785369,-71.667288,0.0
2021-04-20,41.785369,-71.667288,0.0
2021-04-21,41.785369,-71.667288,6.241046941201671
2021-04-22,41.785369,-71.667288,0.0
2021-04-23,41.785369,-71.667288,0.0
2021-04-24,41.785369,-71.667288,0.0
2021-04-25,41.785369,-71.667288,34.750791556148044
2021-04-26,41.785369,-71.667288,0.0
2021-04-27,41.785369,-71.667288,1.8731063638876224
2021-04-28,41.785369,-71.667288,4.545192460852401
2021-04-29,41.785369,-71.667288,17.052452443748574
2021-04-30,41.785369,-71.667288,5.130327757697673
2021-05-01,41.785369,-71.667288,1.102642182910902
2021-05-02,41.785369,-71.667288,4.796985581441773
2021-05-03,41.785369,-71.667288,3.2184570699901043
2021-05-04,41.785369,-71.667288,34.54879628840588
2021-05-05,41.785369,-71.667288,7.713903563679376
2021-05-06,41.785369,-71.667288,0.0
2021-05-07,41.785369,-71.667288,0.00268557188892585
2021-05-08,41.785369,-71.667288,0.05731459987936156
2021-05-09,41.785369,-71.667288,1.375421094829562
2021-05-10,41.785369,-71.667288,13.692099692951496
2021-05-11,41.785369,-71.667288,0.0
2021-05-12,41.785369,-71.667288,0.0
2021-05-13,41.785369,-71.667288,0.0
2021-05-14,41.785369,-71.667288,0.01462742596495433
2021-05-15,41.785369,-71.667288,0.0
2021-05-16,41.785369,-71.667288,0.5716493175923728
2021-05-17,41.785369,-71.667288,3.4379020109815213
2021-05-18,41.785369,-71.667288,0.03018673539106426
2021-05-19,41.785369,-71.667288,0.0
2021-05-20,41.785369,-71.667288,0.0
2021-05-21,41.785369,-71.667288,0.017630215525202303
2021-05-22,41.785369,-71.667288,1.0537521964305758
2021-05-23,41.785369,-71.667288,0.010239198829364965
2021-05-24,41.785369,-71.667288,0.12598428449974772
2021-05-25,41.785369,-71.667288,0.016542652051086886
2021-05-26,41.785369,-71.667288,0.13273401651712535
2021-05-27,41.785369,-71.667288,10.795321197063544
2021-05-28,41.785369,-71.667288,1.975755911484924
2021-05-29,41.785369,-71.667288,45.053063847147705
2021-05-30,41.785369,-71.667288,9.324103627403684
2021-05-31,41.785369,-71.667288,4.058819832269329
2021-06-01,41.785369,-71.667288,0.012058933709362805
2021-06-02,41.785369,-71.667288,1.3866640941881225
2021-06-03,41.785369,-71.667288,2.303247805177005
2021-06-04,41.785369,-71.667288,15.737015268640157
2021-06-05,41.785369,-71.667288,0.37688177051379745
2021-06-06,41.785369,-71.667288,0.0
2021-06-07,41.785369,-71.667288,0.0
2021-06-08,41.785369,-71.667288,0.031379004668035164
2021-06-09,41.785369,-71.667288,1.145240452137563
2021-06-10,41.785369,-71.667288,0.0
2021-06-11,41.785369,-71.667288,0.22411223762150972
2021-06-12,41.785369,-71.667288,1.1595200411350262
2021-06-13,41.785369,-71.667288,0.0
2021-06-14,41.785369,-71.667288,16.645187722332913
2021-06-15,41.785369,-71.667288,0.19839258715530617
2021-06-16,41.785369,-71.667288,0.0
2021-06-17,41.785369,-71.667288,0.0
2021-06-18,41.785369,-71.667288,0.0
2021-06-19,41.785369,-71.667288,1.1866543084267571
2021-06-20,41.785369,-71.667288,5.973772873800366
2021-06-21,41.785369,-71.667288,0.0
2021-06-22,41.785369,-71.667288,12.216903425166871
2021-06-23,41.785369,-71.667288,2.117120428529575
2021-06-24,41.785369,-71.667288,0.0
2021-06-25,41.785369,-71.667288,0.0
2021-06-26,41.785369,-71.667288,0.02087166126763458
2021-06-27,41.785369,-71.667288,0.0
2021-06-28,41.785369,-71.667288,0.0
2021-06-29,41.785369,-71.667288,0.05472160845471291
2021-06-30,41.785369,-71.667288,2.855378584115118
2021-07-01,41.785369,-71.667288,10.620169655783542
2021-07-02,41.785369,-71.667288,30.623004520824015
2021-07-03,41.785369,-71.667288,34.47559862547477
2021-07-04,41.785369,-71.667288,2.9299241669975546
2021-07-05,41.785369,-71.667288,0.0
2021-07-06,41.785369,-71.667288,23.931283541671256
2021-07-07,41.785369,-71.667288,11.321798430371512
2021-07-08,41.785369,-71.667288,19.831237232210004
2021-07-09,41.785369,-71.667288,62.44283560888212
2021-07-10,41.785369,-71.667288,0.7526746311954491
2021-07-11,41.785369,-71.667288,0.0
2021-07-12,41.785369,-71.667288,13.231585596534227
2021-07-13,41.785369,-71.667288,0.5900871947297137
2021-07-14,41.785369,-71.667288,0.16095275996169245
2021-07-15,41.785369,-71.667288,0.0
2021-07-16,41.785369,-71.667288,3.4487394927187762
2021-07-17,41.785369,-71.667288,1.783414688548572
2021-07-18,41.785369,-71.667288,5.531469052913236
2021-07-19,41.785369,-71.667288,0.016037522170709265
2021-07-20,41.785369,-71.667288,0.0
2021-07-21,41.785369,-71.667288,0.2986469850942376
2021-07-22,41.785369,-71.667288,0.07337621385407844
2021-07-23,41.785369,-71.667288,1.304683122408202
2021-07-24,41.785369,-71.667288,0.0
2021-07-25,41.785369,-71.667288,8.79228743042092
2021-07-26,41.785369,-71.667288,0.39732437171915114
2021-07-27,41.785369,-71.667288,0.031621972579664925
2021-07-28,41.785369,-71.667288,8.624151417860501
2021-07-29,41.785369,-71.667288,2.576516289401802
2021-07-30,41.785369,-71.667288,0.0
2021-07-31,41.785369,-71.667288,0.0
2021-08-01,41.785369,-71.667288,0.0
2021-08-02,41.785369,-71.667288,0.0
2021-08-03,41.785369,-71.667288,0.0466756692262882
2021-08-04,41.785369,-71.667288,33.4531630542655
2021-08-05,41.785369,-71.667288,22.547174078929086
2021-08-06,41.785369,-71.667288,0.0
2021-08-07,41.785369,-71.667288,0.03758129235657172
2021-08-08,41.785369,-71.667288,8.074953503811855
2021-08-09,41.785369,-71.667288,0.8354974380171052
2021-08-10,41.785369,-71.667288,0.0
2021-08-11,41.785369,-71.667288,0.05977336116715959
2021-08-12,41.785369,-71.667288,0.8225770898215476
2021-08-13,41.785369,-71.667288,7.867840120220884
2021-08-14,41.785369,-71.667288,4.590759569562391
2021-08-15,41.785369,-71.667288,0.0
2021-08-16,41.785369,-71.667288,0.0
2021-08-17,41.785369,-71.667288,0.09889805687113204
2021-08-18,41.785369,-71.667288,2.5039837489774217
2021-08-19,41.785369,-71.667288,25.332255679471412
2021-08-20,41.785369,-71.667288,0.0
2021-08-21,41.785369,-71.667288,0.0
2021-08-22,41.785369,-71.667288,21.926130820725604
2021-08-23,41.785369,-71.667288,3.0965757277151047
2021-08-24,41.785369,-71.667288,0.42767446979309914
2021-08-25,41.785369,-71.667288,0.0
2021-08-26,41.785369,-71.667288,0.0
2021-08-27,41.785369,-71.667288,3.6057488138304317
2021-08-28,41.785369,-71.667288,0.18901068407006041
2021-08-29,41.785369,-71.667288,1.5566400430787795
2021-08-30,41.785369,-71.667288,0.0
2021-08-31,41.785369,-71.667288,1.2806345790256393
2021-09-01,41.785369,-71.667288,12.404788379418266
2021-09-02,41.785369,-71.667288,91.63692597722118
2021-09-03,41.785369,-71.667288,0.0
2021-09-04,41.785369,-71.667288,0.0
2021-09-05,41.785369,-71.667288,5.183505693742255
2021-09-06,41.785369,-71.667288,0.018192856449086248
2021-09-07,41.785369,-71.667288,0.0
2021-09-08,41.785369,-71.667288,0.0
2021-09-09,41.785369,-71.667288,28.40311169277654
2021-09-10,41.785369,-71.667288,6.437221494410403
2021-09-11,41.785369,-71.667288,0.0
2021-09-12,41.785369,-71.667288,0.002672920361784877
2021-09-13,41.785369,-71.667288,0.061691433682187845
2021-09-14,41.785369,-71.667288,0.0
2021-09-15,41.785369,-71.667288,0.0
2021-09-16,41.785369,-71.667288,9.494615509641225
2021-09-17,41.785369,-71.667288,0.47959314895528127
2021-09-18,41.785369,-71.667288,0.0
2021-09-19,41.785369,-71.667288,0.0
2021-09-20,41.785369,-71.667288,0.0
2021-09-21,41.785369,-71.667288,0.0
2021-09-22,41.785369,-71.667288,0.00335177739590891
2021-09-23,41.785369,-71.667288,0.0
2021-09-24,41.785369,-71.667288,9.07125269188335
2021-09-25,41.785369,-71.667288,0.0
2021-09-26,41.785369,-71.667288,6.668249201752287
2021-09-27,41.785369,-71.667288,0.000611414618969503
2021-09-28,41.785369,-71.667288,11.069346792509712
2021-09-29,41.785369,-71.667288,0.021735099170013483
2021-09-30,41.785369,-71.667288,0.0
2021-10-01,41.785369,-71.667288,0.0
2021-10-02,41.785369,-71.667288,0.011701941207894754
2021-10-03,41.785369,-71.667288,0.5597917353245392
2021-10-04,41.785369,-71.667288,34.27772009522429
2021-10-05,41.785369,-71.667288,14.955329521225242
2021-10-06,41.785369,-71.667288,0.0
2021-10-07,41.785369,-71.667288,0.0
2021-10-08,41.785369,-71.667288,0.0
2021-10-09,41.785369,-71.667288,0.0
2021-10-10,41.785369,-71.667288,10.313669557757288
2021-10-11,41.785369,-71.667288,0.028191945000638107
2021-10-12,41.785369,-71.667288,0.0
2021-10-13,41.785369,-71.667288,0.0
2021-10-14,41.785369,-71.667288,0.0
2021-10-15,41.785369,-71.667288,0.31749576743861896
2021-10-16,41.785369,-71.667288,0.005345840723569754
2021-10-17,41.785369,-71.667288,10.577032930358296
2021-10-18,41.785369,-71.667288,0.0
2021-10-19,41.785369,-71.667288,0.0
2021-10-20,41.785369,-71.667288,0.0
2021-10-21,41.785369,-71.667288,0.0027931477258712253
2021-10-22,41.785369,-71.667288,0.0
2021-10-23,41.785369,-71.667288,0.02262085009631096
2021-10-24,41.785369,-71.667288,0.006050358289282281
2021-10-25,41.785369,-71.667288,8.086854267042426
2021-10-26,41.785369,-71.667288,33.24012302573935
2021-10-27,41.785369,-71.667288,11.890150591907917
2021-10-28,41.785369,-71.667288,0.0
2021-10-29,41.785369,-71.667288,0.0
2021-10-30,41.785369,-71.667288,11.76728372500051
2021-10-31,41.785369,-71.667288,17.1031382359611
2021-11-01,41.785369,-71.667288,0.0
2021-11-02,41.785369,-71.667288,0.5109000356354896
2021-11-03,41.785369,-71.667288,0.0
2021-11-04,41.785369,-71.667288,0.11282043423533868
2021-11-05,41.785369,-71.667288,0.0
2021-11-06,41.785369,-71.667288,0.0
2021-11-07,41.785369,-71.667288,0.0
2021-11-08,41.785369,-71.667288,1.2571969692175071
2021-11-09,41.785369,-71.667288,0.0
2021-11-10,41.785369,-71.667288,0.810274408846921
2021-11-11,41.785369,-71.667288,0.04857222297368613
2021-11-12,41.785369,-71.667288,29.051797147923192
2021-11-13,41.785369,-71.667288,1.0021978791798578
2021-11-14,41.785369,-71.667288,0.0
2021-11-15,41.785369,-71.667288,4.389881257585805
2021-11-16,41.785369,-71.667288,0.0
2021-11-17,41.785369,-71.667288,0.0
2021-11-18,41.785369,-71.667288,0.020747013426760497
2021-11-19,41.785369,-71.667288,8.96238208869569
2021-11-20,41.785369,-71.667288,0.0
2021-11-21,41.785369,-71.667288,0.08779452980194269
2021-11-22,41.785369,-71.667288,7.987932480222309
2021-11-23,41.785369,-71.667288,0.0
2021-11-24,41.785369,-71.667288,0.0
2021-11-25,41.785369,-71.667288,0.05313882510975751
2021-11-26,41.785369,-71.667288,8.097560559446777
2021-11-27,41.785369,-71.667288,0.0
2021-11-28,41.785369,-71.667288,0.03218033886662469
2021-11-29,41.785369,-71.667288,0.0
2021-11-30,41.785369,-71.667288,0.0
2021-12-01,41.785369,-71.667288,0.000611414618969503
2021-12-02,41.785369,-71.667288,4.417829228834059
2021-12-03,41.785369,-71.667288,0.5731009161709995
2021-12-04,41.785369,-71.667288,0.0
2021-12-05,41.785369,-71.667288,0.10482549219933654
2021-12-06,41.785369,-71.667288,8.758330785869314
2021-12-07,41.785369,-71.667288,3.07464580099609
2021-12-08,41.785369,-71.667288,0.8043990635328339
2021-12-09,41.785369,-71.667288,0.0
2021-12-10,41.785369,-71.667288,0.13305218752081677
2021-12-11,41.785369,-71.667288,9.287397299984262
2021-12-12,41.785369,-71.667288,17.43290739399518
2021-12-13,41.785369,-71.667288,0.0
2021-12-14,41.785369,-71.667288,0.0
2021-12-15,41.785369,-71.667288,2.218738751948777
2021-12-16,41.785369,-71.667288,6.459234384548829
2021-12-17,41.785369,-71.667288,0.021383362894279015
2021-12-18,41.785369,-71.667288,3.7335415956467974
2021-12-19,41.785369,-71.667288,2.0373188472743777
2021-12-20,41.785369,-71.667288,0.0
2021-12-21,41.785369,-71.667288,0.0
2021-12-22,41.785369,-71.667288,0.5880218284764962
2021-12-23,41.785369,-71.667288,0.0
2021-12-24,41.785369,-71.667288,0.0027931477258712253
2021-12-25,41.785369,-71.667288,13.286825760364039
2021-12-26,41.785369,-71.667288,0.48616711177142524
2021-12-27,41.785369,-71.667288,0.0
2021-12-28,41.785369,-71.667288,0.3181418263775994
2021-12-29,41.785369,-71.667288,1.153625523854056
2021-12-30,41.785369,-71.667288,1.7394069807931307
2021-12-31,41.785369,-71.667288,0.05305886056518195
2022-01-01,41.785369,-71.667288,1.8636204826537792
2022-01-02,41.785369,-71.667288,18.59552818192397
2022-01-03,41.785369,-71.667288,0.4245668159279755
2022-01-04,41.785369,-71.667288,0.04811256551638733
2022-01-05,41.785369,-71.667288,4.120955145833717
2022-01-06,41.785369,-71.667288,0.0038158398643477164
2022-01-07,41.785369,-71.667288,3.944091415347614
2022-01-08,41.785369,-71.667288,0.0
2022-01-09,41.785369,-71.667288,1.8174607776589087
2022-01-10,41.785369,-71.667288,9.805189943047663
2022-01-11,41.785369,-71.667288,0.0
2022-01-12,41.785369,-71.667288,0.0
2022-01-13,41.785369,-71.667288,0.0
2022-01-14,41.785369,-71.667288,0.3896965618247328
2022-01-15,41.785369,-71.667288,0.0
2022-01-16,41.785369,-71.667288,0.0
2022-01-17,41.785369,-71.667288,25.62246627011636
2022-01-18,41.785369,-71.667288,0.0
2022-01-19,41.785369,-71.667288,0.0
2022-01-20,41.785369,-71.667288,4.760745611465023
2022-01-21,41.785369,-71.667288,0.0
2022-01-22,41.785369,-71.667288,4.239598165963271
2022-01-23,41.785369,-71.667288,0.0
2022-01-24,41.785369,-71.667288,0.0
2022-01-25,41.785369,-71.667288,0.6125718563346081
2022-01-26,41.785369,-71.667288,0.0
2022-01-27,41.785369,-71.667288,0.0
2022-01-28,41.785369,-71.667288,0.12152619720594166
2022-01-29,41.785369,-71.667288,12.286846965884958
2022-01-30,41.785369,-71.667288,0.06615144609759369
2022-01-31,41.785369,-71.667288,0.0
2022-02-01,41.785369,-71.667288,0.0
2022-02-02,41.785369,-71.667288,0.0
2022-02-03,41.785369,-71.667288,0.663197496448274
2022-02-04,41.785369,-71.667288,43.059853107206685
2022-02-05,41.785369,-71.667288,2.1788788283826723
2022-02-06,41.785369,-71.667288,0.0
2022-02-07,41.785369,-71.667288,0.5586095778029176
2022-02-08,41.785369,-71.667288,21.45297693576545
2022-02-09,41.785369,-71.667288,0.000611414618969503
2022-02-10,41.785369,-71.667288,0.0
2022-02-11,41.785369,-71.667288,0.0
2022-02-12,41.785369,-71.667288,0.0
2022-02-13,41.785369,-71.667288,0.017420573690825555
2022-02-14,41.785369,-71.667288,0.012884993361987708
2022-02-15,41.785369,-71.667288,0.0
2022-02-16,41.785369,-71.667288,0.0
2022-02-17,41.785369,-71.667288,0.000611414618969503
2022-02-18,41.785369,-71.667288,30.024589021787225
2022-02-19,41.785369,-71.667288,0.0011172591319696373
2022-02-20,41.785369,-71.667288,0.0
2022-02-21,41.785369,-71.667288,0.0
2022-02-22,41.785369,-71.667288,5.690102411523976
2022-02-23,41.785369,-71.667288,14.95640350706381
2022-02-24,41.785369,-71.667288,4.1224043800556975
2022-02-25,41.785369,-71.667288,37.17349174652097
2022-02-26,41.785369,-71.667288,0.006419853897776755
2022-02-27,41.785369,-71.667288,0.0
2022-02-28,41.785369,-71.667288,0.0
2022-03-01,41.785369,-71.667288,0.0
2022-03-02,41.785369,-71.667288,2.8211679850097413
2022-03-03,41.785369,-71.667288,3.299100602070533
2022-03-04,41.785369,-71.667288,0.0
2022-03-05,41.785369,-71.667288,0.0
2022-03-06,41.785369,-71.667288,8.687963709310747
2022-03-07,41.785369,-71.667288,1.819384166530834
2022-03-08,41.785369,-71.667288,8.50579772170824
2022-03-09,41.785369,-71.667288,3.7377464071466204
2022-03-10,41.785369,-71.667288,0.0
2022-03-11,41.785369,-71.667288,0.0
2022-03-12,41.785369,-71.667288,20.879165888640483
2022-03-13,41.785369,-71.667288,0.0
2022-03-14,41.785369,-71.667288,0.0
2022-03-15,41.785369,-71.667288,0.0
2022-03-16,41.785369,-71.667288,1.1224580881938997
2022-03-17,41.785369,-71.667288,6.299167402086065
2022-03-18,41.785369,-71.667288,1.2136189743221335
2022-03-19,41.785369,-71.667288,0.0977913624921124
2022-03-20,41.785369,-71.667288,0.7012038176515354
2022-03-21,41.785369,-71.667288,0.15235646211534867
2022-03-22,41.785369,-71.667288,0.0
2022-03-23,41.785369,-71.667288,0.03454804648070356
2022-03-24,41.785369,-71.667288,14.38320026577152
2022-03-25,41.785369,-71.667288,15.541689859779664
2022-03-26,41.785369,-71.667288,3.068487868188059
2022-03-27,41.785369,-71.667288,0.025138330365263944
2022-03-28,41.785369,-71.667288,0.0
2022-03-29,41.785369,-71.667288,0.0
2022-03-30,41.785369,-71.667288,0.0
2022-03-31,41.785369,-71.667288,0.47914811259729007
2022-04-01,41.785369,-71.667288,1.615692516691238
2022-04-02,41.785369,-71.667288,0.0
2022-04-03,41.785369,-71.667288,1.215970042904701
2022-04-04,41.785369,-71.667288,0.0
2022-04-05,41.785369,-71.667288,0.021888492774656636
2022-04-06,41.785369,-71.667288,7.585582061455745
2022-04-07,41.785369,-71.667288,1.8225617951332804
2022-04-08,41.785369,-71.667288,5.810815641163825
2022-04-09,41.785369,-71.667288,0.0
2022-04-10,41.785369,-71.667288,0.0
2022-04-11,41.785369,-71.667288,0.0
2022-04-12,41.785369,-71.667288,10.456158908448339
2022-04-13,41.785369,-71.667288,0.0
2022-04-14,41.785369,-71.667288,1.1245166625914962
2022-04-15,41.785369,-71.667288,6.866183670968352
2022-04-16,41.785369,-71.667288,0.09809726108199471
2022-04-17,41.785369,-71.667288,10.513590211581903
2022-04-18,41.785369,-71.667288,0.46932520451167964
2022-04-19,41.785369,-71.667288,42.901082158933214
2022-04-20,41.785369,-71.667288,0.0
2022-04-21,41.785369,-71.667288,0.1840622814142559
2022-04-22,41.785369,-71.667288,0.0
2022-04-23,41.785369,-71.667288,0.003963192014878412
2022-04-24,41.785369,-71.667288,0.4860272872999873
2022-04-25,41.785369,-71.667288,0.021383362894279015
2022-04-26,41.785369,-71.667288,0.13899185682133272
2022-04-27,41.785369,-71.667288,4.785066397317396
2022-04-28,41.785369,-71.667288,0.0
2022-04-29,41.785369,-71.667288,0.0
2022-04-30,41.785369,-71.667288,0.0
2022-05-01,41.785369,-71.667288,0.0
2022-05-02,41.785369,-71.667288,0.025824536044232876
2022-05-03,41.785369,-71.667288,1.4413483849245081
2022-05-04,41.785369,-71.667288,9.782240730231292
2022-05-05,41.785369,-71.667288,0.0
2022-05-06,41.785369,-71.667288,3.256125442081666
2022-05-07,41.785369,-71.667288,9.639988695010794
2022-05-08,41.785369,-71.667288,0.22223730001817685
2022-05-09,41.785369,-71.667288,0.0
2022-05-10,41.785369,-71.667288,0.0
2022-05-11,41.785369,-71.667288,0.0
2022-05-12,41.785369,-71.667288,0.0
2022-05-13,41.785369,-71.667288,0.0
2022-05-14,41.785369,-71.667288,0.1311986176252706
2022-05-15,41.785369,-71.667288,0.559870388646287
2022-05-16,41.785369,-71.667288,0.0
2022-05-17,41.785369,-71.667288,3.5349157889722473
2022-05-18,41.785369,-71.667288,0.0
2022-05-19,41.785369,-71.667288,11.280377475594591
2022-05-20,41.785369,-71.667288,0.008776455905921065
2022-05-21,41.785369,-71.667288,1.7574526804172068
2022-05-22,41.785369,-71.667288,0.0
2022-05-23,41.785369,-71.667288,1.096396898437884
2022-05-24,41.785369,-71.667288,2.1726785382566742
2022-05-25,41.785369,-71.667288,0.0
2022-05-26,41.785369,-71.667288,0.06321244972244311
2022-05-27,41.785369,-71.667288,0.0027931477258712253
2022-05-28,41.785369,-71.667288,6.8301471040205355
2022-05-29,41.785369,-71.667288,0.0
2022-05-30,41.785369,-71.667288,0.0
2022-05-31,41.785369,-71.667288,0.026330220685681423
2022-06-01,41.785369,-71.667288,1.346569809590949
2022-06-02,41.785369,-71.667288,2.864587847893929
2022-06-03,41.785369,-71.667288,0.45949587572857326
2022-06-04,41.785369,-71.667288,0.04414902641582038
2022-06-05,41.785369,-71.667288,0.0
2022-06-06,41.785369,-71.667288,0.0
2022-06-07,41.785369,-71.667288,0.6719590683800394
2022-06-08,41.785369,-71.667288,14.380968612384487
2022-06-09,41.785369,-71.667288,14.359793935412034
2022-06-10,41.785369,-71.667288,0.0
2022-06-11,41.785369,-71.667288,0.20553336707057596
2022-06-12,41.785369,-71.667288,0.3336157579285046
2022-06-13,41.785369,-71.667288,16.664347999137618
2022-06-14,41.785369,-71.667288,0.0
2022-06-15,41.785369,-71.667288,0.0
2022-06-16,41.785369,-71.667288,0.1557176692266351
2022-06-17,41.785369,-71.667288,9.325218795761662
2022-06-18,41.785369,-71.667288,0.1479825783236089
2022-06-19,41.785369,-71.667288,10.634376609204997
2022-06-20,41.785369,-71.667288,0.0
2022-06-21,41.785369,-71.667288,0.0
2022-06-22,41.785369,-71.667288,2.3129586104746784
2022-06-23,41.785369,-71.667288,0.0
2022-06-24,41.785369,-71.667288,0.5428418656989664
2022-06-25,41.785369,-71.667288,0.0
2022-06-26,41.785369,-71.667288,0.0
2022-06-27,41.785369,-71.667288,21.14784451721968
2022-06-28,41.785369,-71.667288,4.109781005436422
2022-06-29,41.785369,-71.667288,0.0
2022-06-30,41.785369,-71.667288,0.0
2022-07-01,41.785369,-71.667288,0.0
2022-07-02,41.785369,-71.667288,11.881571277429156
2022-07-03,41.785369,-71.667288,4.034891816898656
2022-07-04,41.785369,-71.667288,0.0
2022-07-05,41.785369,-71.667288,3.7981851118701027
2022-07-06,41.785369,-71.667288,0.19841857225791099
2022-07-07,41.785369,-71.667288,0.0
2022-07-08,41.785369,-71.667288,0.015401172703190746
2022-07-09,41.785369,-71.667288,0.6625307734269743
2022-07-10,41.785369,-71.667288,0.01336460131105416
2022-07-11,41.785369,-71.667288,0.0
2022-07-12,41.785369,-71.667288,0.0
2022-07-13,41.785369,-71.667288,0.7841895182851392
2022-07-14,41.785369,-71.667288,0.9073299730221479
2022-07-15,41.785369,-71.667288,0.0
2022-07-16,41.785369,-71.667288,1.764846228383631
2022-07-17,41.785369,-71.667288,0.6683319507703159
2022-07-18,41.785369,-71.667288,12.367200923022915
2022-07-19,41.785369,-71.667288,2.968807419274254
2022-07-20,41.785369,-71.667288,0.021941138947431497
2022-07-21,41.785369,-71.667288,0.0027931477258712253
2022-07-22,41.785369,-71.667288,0.0
2022-07-23,41.785369,-71.667288,0.0
2022-07-24,41.785369,-71.667288,0.0
2022-07-25,41.785369,-71.667288,3.0752912896494062
2022-07-26,41.785369,-71.667288,1.274010103825883
2022-07-27,41.785369,-71.667288,0.0
2022-07-28,41.785369,-71.667288,0.0
2022-07-29,41.785369,-71.667288,0.48582516959833744
2022-07-30,41.785369,-71.667288,2.1682510472696688
2022-07-31,41.785369,-71.667288,0.0
2022-08-01,41.785369,-71.667288,11.108873767809362
2022-08-02,41.785369,-71.667288,0.057043949027679064
2022-08-03,41.785369,-71.667288,0.0
2022-08-04,41.785369,-71.667288,0.0
2022-08-05,41.785369,-71.667288,0.0
2022-08-06,41.785369,-71.667288,0.0
2022-08-07,41.785369,-71.667288,0.004891316951756024
2022-08-08,41.785369,-71.667288,0.022684141904188937
2022-08-09,41.785369,-71.667288,6.353680669916882
2022-08-10,41.785369,-71.667288,0.15844807033171204
2022-08-11,41.785369,-71.667288,3.1463211629130856
2022-08-12,41.785369,-71.667288,0.025597875224472908
2022-08-13,41.785369,-71.667288,5.809062972612036
2022-08-14,41.785369,-71.667288,0.5013308673847396
2022-08-15,41.785369,-71.667288,0.0
2022-08-16,41.785369,-71.667288,0.005345840723569754
2022-08-17,41.785369,-71.667288,8.600957404825504
2022-08-18,41.785369,-71.667288,0.0
2022-08-19,41.785369,-71.667288,0.0
2022-08-20,41.785369,-71.667288,0.0
2022-08-21,41.785369,-71.667288,0.0
2022-08-22,41.785369,-71.667288,9.785604051144972
2022-08-23,41.785369,-71.667288,2.8795339072551354
2022-08-24,41.785369,-71.667288,1.010305716676154
2022-08-25,41.785369,-71.667288,0.0
2022-08-26,41.785369,-71.667288,16.48240745723239
2022-08-27,41.785369,-71.667288,0.0
2022-08-28,41.785369,-71.667288,0.0
2022-08-29,41.785369,-71.667288,0.0
2022-08-30,41.785369,-71.667288,0.0
2022-08-31,41.785369,-71.667288,5.061181847455392
2022-09-01,41.785369,-71.667288,0.0
2022-09-02,41.785369,-71.667288,0.0
2022-09-03,41.785369,-71.667288,0.0
2022-09-04,41.785369,-71.667288,0.19112961489022562
2022-09-05,41.785369,-71.667288,31.255652893354597
2022-09-06,41.785369,-71.667288,57.7789106880945
2022-09-07,41.785369,-71.667288,0.0
2022-09-08,41.785369,-71.667288,0.0
2022-09-09,41.785369,-71.667288,0.0
2022-09-10,41.785369,-71.667288,0.0
2022-09-11,41.785369,-71.667288,2.2165053006516473
2022-09-12,41.785369,-71.667288,3.7293768692013542
2022-09-13,41.785369,-71.667288,18.439945625289422
2022-09-14,41.785369,-71.667288,0.0
2022-09-15,41.785369,-71.667288,0.0
2022-09-16,41.785369,-71.667288,0.0
2022-09-17,41.785369,-71.667288,0.0
2022-09-18,41.785369,-71.667288,0.0
2022-09-19,41.785369,-71.667288,0.01462742596495433
2022-09-20,41.785369,-71.667288,1.0084606967090899
2022-09-21,41.785369,-71.667288,0.0
2022-09-22,41.785369,-71.667288,25.464202334710542
2022-09-23,41.785369,-71.667288,0.0
2022-09-24,41.785369,-71.667288,0.0
2022-09-25,41.785369,-71.667288,1.7005863514980737
2022-09-26,41.785369,-71.667288,5.012663843030266
2022-09-27,41.785369,-71.667288,0.2832367917496733
2022-09-28,41.785369,-71.667288,0.0
2022-09-29,41.785369,-71.667288,0.6655086384736106
2022-09-30,41.785369,-71.667288,0.014852082079215206
2022-10-01,41.785369,-71.667288,29.99540634795499
2022-10-02,41.785369,-71.667288,0.008630175704324136
2022-10-03,41.785369,-71.667288,9.25959871239165
2022-10-04,41.785369,-71.667288,2.957413152994691
2022-10-05,41.785369,-71.667288,12.716509246509759
2022-10-06,41.785369,-71.667288,25.867768868997754
2022-10-07,41.785369,-71.667288,0.0
2022-10-08,41.785369,-71.667288,2.3424649359835805
2022-10-09,41.785369,-71.667288,0.0
2022-10-10,41.785369,-71.667288,0.10185393957248334
2022-10-11,41.785369,-71.667288,0.0
2022-10-12,41.785369,-71.667288,0.0
2022-10-13,41.785369,-71.667288,3.255071060607605
2022-10-14,41.785369,-71.667288,44.630751576257964
2022-10-15,41.785369,-71.667288,0.03742088606072873
2022-10-16,41.785369,-71.667288,0.0
2022-10-17,41.785369,-71.667288,0.18030890894381207
2022-10-18,41.785369,-71.667288,5.089937612128268
2022-10-19,41.785369,-71.667288,0.0
2022-10-20,41.785369,-71.667288,0.0
2022-10-21,41.785369,-71.667288,0.0
2022-10-22,41.785369,-71.667288,0.0
2022-10-23,41.785369,-71.667288,22.510650189122458
2022-10-24,41.785369,-71.667288,8.431051252505977
2022-10-25,41.785369,-71.667288,0.0
2022-10-26,41.785369,-71.667288,0.38772885711082394
2022-10-27,41.785369,-71.667288,0.0
2022-10-28,41.785369,-71.667288,0.0
2022-10-29,41.785369,-71.667288,0.1280892649286388
2022-10-30,41.785369,-71.667288,0.0
2022-10-31,41.785369,-71.667288,0.0003057073094847515
2022-11-01,41.785369,-71.667288,11.47217605715457
2022-11-02,41.785369,-71.667288,0.0
2022-11-03,41.785369,-71.667288,0.0
2022-11-04,41.785369,-71.667288,0.0
2022-11-05,41.785369,-71.667288,0.0
2022-11-06,41.785369,-71.667288,0.0
2022-11-07,41.785369,-71.667288,0.05175464391827289
2022-11-08,41.785369,-71.667288,0.0
2022-11-09,41.785369,-71.667288,0.0
2022-11-10,41.785369,-71.667288,0.0
2022-11-11,41.785369,-71.667288,4.485727248005757
2022-11-12,41.785369,-71.667288,4.2716325146019685
2022-11-13,41.785369,-71.667288,6.576713725485712
2022-11-14,41.785369,-71.667288,0.007336975427634035
2022-11-15,41.785369,-71.667288,0.0
2022-11-16,41.785369,-71.667288,21.5538690855254
2022-11-17,41.785369,-71.667288,0.10691681048843328
2022-11-18,41.785369,-71.667288,0.0
2022-11-19,41.785369,-71.667288,0.0
2022-11-20,41.785369,-71.667288,0.0
2022-11-21,41.785369,-71.667288,0.0
2022-11-22,41.785369,-71.667288,0.0
2022-11-23,41.785369,-71.667288,0.0
2022-11-24,41.785369,-71.667288,0.0
2022-11-25,41.785369,-71.667288,1.0393004034361264
2022-11-26,41.785369,-71.667288,0.0
2022-11-27,41.785369,-71.667288,33.781494771350374
2022-11-28,41.785369,-71.667288,3.2132322653957246
2022-11-29,41.785369,-71.667288,0.0
2022-11-30,41.785369,-71.667288,16.19332943842222
2022-12-01,41.785369,-71.667288,0.42831984960922
2022-12-02,41.785369,-71.667288,0.0022345182639392745
2022-12-03,41.785369,-71.667288,16.33051877754771
2022-12-04,41.785369,-71.667288,0.0009171219284542544
2022-12-05,41.785369,-71.667288,0.06248740883450116
2022-12-06,41.785369,-71.667288,3.0478171730801815
2022-12-07,41.785369,-71.667288,34.41791270609019
2022-12-08,41.785369,-71.667288,0.0
2022-12-09,41.785369,-71.667288,0.0
2022-12-10,41.785369,-71.667288,0.0
2022-12-11,41.785369,-71.667288,0.0
2022-12-12,41.785369,-71.667288,0.5995318331819748
2022-12-13,41.785369,-71.667288,0.0
2022-12-14,41.785369,-71.667288,0.0
2022-12-15,41.785369,-71.667288,0.4408067138609666
2022-12-16,41.785369,-71.667288,27.67030813831987
2022-12-17,41.785369,-71.667288,0.0
2022-12-18,41.785369,-71.667288,0.0
2022-12-19,41.785369,-71.667288,0.0
2022-12-20,41.785369,-71.667288,0.0
2022-12-21,41.785369,-71.667288,0.0
2022-12-22,41.785369,-71.667288,1.4891741165876196
2022-12-23,41.785369,-71.667288,32.81798157125614
2022-12-24,41.785369,-71.667288,0.0
2022-12-25,41.785369,-71.667288,0.0
2022-12-26,41.785369,-71.667288,0.0
2022-12-27,41.785369,-71.667288,0.001222829237939006
2022-12-28,41.785369,-71.667288,0.0
2022-12-29,41.785369,-71.667288,0.009694649783309087
2022-12-30,41.785369,-71.667288,0.0
2022-12-31,41.785369,-71.667288,11.225015837831188
2023-01-01,41.785369,-71.667288,17.78491835942137
2023-01-02,41.785369,-71.667288,0.021383362894279015
2023-01-03,41.785369,-71.667288,17.7207275582312
2023-01-04,41.785369,-71.667288,11.336809258238063
2023-01-05,41.785369,-71.667288,2.7563806339451338
2023-01-06,41.785369,-71.667288,0.0
2023-01-07,41.785369,-71.667288,0.0
2023-01-08,41.785369,-71.667288,0.0
2023-01-09,41.785369,-71.667288,0.6381670183059277
2023-01-10,41.785369,-71.667288,0.06630101722921372
2023-01-11,41.785369,-71.667288,0.0
2023-01-12,41.785369,-71.667288,0.031290306197498736
2023-01-13,41.785369,-71.667288,19.681165742374368
2023-01-14,41.785369,-71.667288,0.4850890724823399
2023-01-15,41.785369,-71.667288,0.7949848042160625
2023-01-16,41.785369,-71.667288,0.40361685634751093
2023-01-17,41.785369,-71.667288,0.2964144079515888
2023-01-18,41.785369,-71.667288,0.0
2023-01-19,41.785369,-71.667288,32.97971463756282
2023-01-20,41.785369,-71.667288,20.30269513334129
2023-01-21,41.785369,-71.667288,0.0
2023-01-22,41.785369,-71.667288,0.3162785340735249
2023-01-23,41.785369,-71.667288,33.01856843980825
2023-01-24,41.785369,-71.667288,0.0
2023-01-25,41.785369,-71.667288,3.6524956621184046
2023-01-26,41.785369,-71.667288,44.93355737534584
2023-01-27,41.785369,-71.667288,0.0
2023-01-28,41.785369,-71.667288,0.0
2023-01-29,41.785369,-71.667288,0.10969590161094386
2023-01-30,41.785369,-71.667288,0.0
2023-01-31,41.785369,-71.667288,0.0
2023-02-01,41.785369,-71.667288,0.16487274452833545
2023-02-02,41.785369,-71.667288,0.0
2023-02-03,41.785369,-71.667288,0.0
2023-02-04,41.785369,-71.667288,0.0
2023-02-05,41.785369,-71.667288,0.0
2023-02-06,41.785369,-71.667288,0.0
2023-02-07,41.785369,-71.667288,0.0
2023-02-08,41.785369,-71.667288,3.6207726176246844
2023-02-09,41.785369,-71.667288,2.142618892997616
2023-02-10,41.785369,-71.667288,0.847929881193747
2023-02-11,41.785369,-71.667288,0.0
2023-02-12,41.785369,-71.667288,0.0
2023-02-13,41.785369,-71.667288,5.199667396385298
2023-02-14,41.785369,-71.667288,0.0
2023-02-15,41.785369,-71.667288,2.2579972922135303
2023-02-16,41.785369,-71.667288,4.055370652241297
2023-02-17,41.785369,-71.667288,15.26226064297671
2023-02-18,41.785369,-71.667288,0.016202486890210005
2023-02-19,41.785369,-71.667288,0.0
2023-02-20,41.785369,-71.667288,0.0
2023-02-21,41.785369,-71.667288,3.4540736311614375
2023-02-22,41.785369,-71.667288,0.08046326600899914
2023-02-23,41.785369,-71.667288,15.681289877229846
2023-02-24,41.785369,-71.667288,0.28563629394194145
2023-02-25,41.785369,-71.667288,0.7533094262241017
2023-02-26,41.785369,-71.667288,0.0
2023-02-27,41.785369,-71.667288,0.0
2023-02-28,41.785369,-71.667288,1.5385286374251246
2023-03-01,41.785369,-71.667288,0.02636119897113061
2023-03-02,41.785369,-71.667288,7.189894849791355
2023-03-03,41.785369,-71.667288,0.001675888697954455
2023-03-04,41.785369,-71.667288,14.011813576437898
2023-03-05,41.785369,-71.667288,0.0
2023-03-06,41.785369,-71.667288,0.03510582362368426
2023-03-07,41.785369,-71.667288,0.0
2023-03-08,41.785369,-71.667288,0.0
2023-03-09,41.785369,-71.667288,0.0
2023-03-10,41.785369,-71.667288,0.0
2023-03-11,41.785369,-71.667288,4.937374156682409
2023-03-12,41.785369,-71.667288,0.0
2023-03-13,41.785369,-71.667288,4.469331694755494
2023-03-14,41.785369,-71.667288,30.58834072396042
2023-03-15,41.785369,-71.667288,0.0
2023-03-16,41.785369,-71.667288,0.01726035140864827
2023-03-17,41.785369,-71.667288,0.11730966578855725
2023-03-18,41.785369,-71.667288,2.4604676286104037
2023-03-19,41.785369,-71.667288,0.0
2023-03-20,41.785369,-71.667288,0.0
2023-03-21,41.785369,-71.667288,0.0
2023-03-22,41.785369,-71.667288,0.0
2023-03-23,41.785369,-71.667288,5.636414182070908
2023-03-24,41.785369,-71.667288,0.30836286339662566
2023-03-25,41.785369,-71.667288,5.7210844515435655
2023-03-26,41.785369,-71.667288,1.8183184306083708
2023-03-27,41.785369,-71.667288,6.5445298051202645
2023-03-28,41.785369,-71.667288,2.9561441000293347
2023-03-29,41.785369,-71.667288,0.0
2023-03-30,41.785369,-71.667288,0.8264918881585432
2023-03-31,41.785369,-71.667288,6.518555623958173
2023-04-01,41.785369,-71.667288,28.127613686477734
2023-04-02,41.785369,-71.667288,0.5419389037552619
2023-04-03,41.785369,-71.667288,0.7564783693561039
2023-04-04,41.785369,-71.667288,0.2118379886020982
2023-04-05,41.785369,-71.667288,0.02682745206077386
2023-04-06,41.785369,-71.667288,6.036866642627379
2023-04-07,41.785369,-71.667288,0.7173640735443733
2023-04-08,41.785369,-71.667288,0.27632526711240335
2023-04-09,41.785369,-71.667288,0.0
2023-04-10,41.785369,-71.667288,0.0
2023-04-11,41.785369,-71.667288,0.24387196600928704
2023-04-12,41.785369,-71.667288,0.5075819166830633
2023-04-13,41.785369,-71.667288,0.0
2023-04-14,41.785369,-71.667288,0.0
2023-04-15,41.785369,-71.667288,0.0
2023-04-16,41.785369,-71.667288,6.323880163700369
2023-04-17,41.785369,-71.667288,1.6001813079839071
2023-04-18,41.785369,-71.667288,0.0
2023-04-19,41.785369,-71.667288,0.0
2023-04-20,41.785369,-71.667288,0.008018761085354632
2023-04-21,41.785369,-71.667288,0.35583955305437104
2023-04-22,41.785369,-71.667288,0.0
2023-04-23,41.785369,-71.667288,45.109087546409945
2023-04-24,41.785369,-71.667288,0.0
2023-04-25,41.785369,-71.667288,0.0
2023-04-26,41.785369,-71.667288,0.0
2023-04-27,41.785369,-71.667288,1.9574466892579587
2023-04-28,41.785369,-71.667288,0.0
2023-04-29,41.785369,-71.667288,6.9821426429378945
2023-04-30,41.785369,-71.667288,15.793205863222854
2023-05-01,41.785369,-71.667288,17.684087940469936
2023-05-02,41.785369,-71.667288,3.885119567833137
2023-05-03,41.785369,-71.667288,0.0
2023-05-04,41.785369,-71.667288,0.1952601243022353
2023-05-05,41.785369,-71.667288,0.0
2023-05-06,41.785369,-71.667288,0.0
2023-05-07,41.785369,-71.667288,0.47824088386464503
2023-05-08,41.785369,-71.667288,13.317252953127701
2023-05-09,41.785369,-71.667288,0.0
2023-05-10,41.785369,-71.667288,0.0
2023-05-11,41.785369,-71.667288,0.0
2023-05-12,41.785369,-71.667288,0.016090169433312346
2023-05-13,41.785369,-71.667288,0.00704703241886373
2023-05-14,41.785369,-71.667288,0.0
2023-05-15,41.785369,-71.667288,0.0
2023-05-16,41.785369,-71.667288,0.06587692252195691
2023-05-17,41.785369,-71.667288,0.19478001445593482
2023-05-18,41.785369,-71.667288,0.0
2023-05-19,41.785369,-71.667288,0.0
2023-05-20,41.785369,-71.667288,16.615455681462034
2023-05-21,41.785369,-71.667288,18.544175720048436
2023-05-22,41.785369,-71.667288,0.0
2023-05-23,41.785369,-71.667288,0.0
2023-05-24,41.785369,-71.667288,0.14334877707214017
2023-05-25,41.785369,-71.667288,0.24547686187863782
2023-05-26,41.785369,-71.667288,0.0
2023-05-27,41.785369,-71.667288,0.0
2023-05-28,41.785369,-71.667288,0.0
2023-05-29,41.785369,-71.667288,0.0
2023-05-30,41.785369,-71.667288,0.0
2023-05-31,41.785369,-71.667288,0.0
2023-06-01,41.785369,-71.667288,0.0
2023-06-02,41.785369,-71.667288,2.3709284062819247
2023-06-03,41.785369,-71.667288,2.9060942815628388
2023-06-04,41.785369,-71.667288,0.0
2023-06-05,41.785369,-71.667288,0.024056282758193666
2023-06-06,41.785369,-71.667288,1.2427042349319788
2023-06-07,41.785369,-71.667288,0.0
2023-06-08,41.785369,-71.667288,0.5004673588780553
2023-06-09,41.785369,-71.667288,2.8530799155767568
2023-06-10,41.785369,-71.667288,0.3790200109194742
2023-06-11,41.785369,-71.667288,0.18657145967158376
2023-06-12,41.785369,-71.667288,0.15027428646617905
2023-06-13,41.785369,-71.667288,2.577575543387374
2023-06-14,41.785369,-71.667288,1.7308140901088613
2023-06-15,41.785369,-71.667288,0.0
2023-06-16,41.785369,-71.667288,1.1293042865915988
2023-06-17,41.785369,-71.667288,18.027144051662933
2023-06-18,41.785369,-71.667288,9.669538312336206
2023-06-19,41.785369,-71.667288,0.0
2023-06-20,41.785369,-71.667288,0.0
2023-06-21,41.785369,-71.667288,0.0
2023-06-22,41.785369,-71.667288,0.028777527952800662
2023-06-23,41.785369,-71.667288,0.6906369485855604
2023-06-24,41.785369,-71.667288,18.448950400967192
2023-06-25,41.785369,-71.667288,0.0
2023-06-26,41.785369,-71.667288,0.14151903055587592
2023-06-27,41.785369,-71.667288,30.363847088565254
2023-06-28,41.785369,-71.667288,2.680687408604647
2023-06-29,41.785369,-71.667288,0.3362146393437621
2023-06-30,41.785369,-71.667288,0.0
2023-07-01,41.785369,-71.667288,0.0
2023-07-02,41.785369,-71.667288,3.409815943842022
2023-07-03,41.785369,-71.667288,14.239910227380694
2023-07-04,41.785369,-71.667288,49.97677820931579
2023-07-05,41.785369,-71.667288,0.0
2023-07-06,41.785369,-71.667288,0.0
2023-07-07,41.785369,-71.667288,0.0
2023-07-08,41.785369,-71.667288,0.5273856362468792
2023-07-09,41.785369,-71.667288,1.4987404586658364
2023-07-10,41.785369,-71.667288,34.86090259729598
2023-07-11,41.785369,-71.667288,0.01755291181184213
2023-07-12,41.785369,-71.667288,0.0
2023-07-13,41.785369,-71.667288,0.0
2023-07-14,41.785369,-71.667288,24.734945540294316
2023-07-15,41.785369,-71.667288,3.2862411651170076
2023-07-16,41.785369,-71.667288,70.16753821637027
2023-07-17,41.785369,-71.667288,13.671453441475307
2023-07-18,41.785369,-71.667288,0.3098263208248183
2023-07-19,41.785369,-71.667288,1.1446661547265107
2023-07-20,41.785369,-71.667288,0.0
2023-07-21,41.785369,-71.667288,4.579239479140681
2023-07-22,41.785369,-71.667288,0.2570812582132509
2023-07-23,41.785369,-71.667288,0.06320364375403256
2023-07-24,41.785369,-71.667288,0.0
2023-07-25,41.785369,-71.667288,0.436672251167878
2023-07-26,41.785369,-71.667288,0.16272135118082784
2023-07-27,41.785369,-71.667288,1.967117324480915
2023-07-28,41.785369,-71.667288,6.5454475305953395
2023-07-29,41.785369,-71.667288,1.8961181100596622
2023-07-30,41.785369,-71.667288,17.761855345346966
2023-07-31,41.785369,-71.667288,0.0
2023-08-01,41.785369,-71.667288,0.0
2023-08-02,41.785369,-71.667288,0.0
2023-08-03,41.785369,-71.667288,0.0
2023-08-04,41.785369,-71.667288,0.6443479759615807
2023-08-05,41.785369,-71.667288,1.5307086920641186
2023-08-06,41.785369,-71.667288,0.5592560493785259
2023-08-07,41.785369,-71.667288,11.471406322294516
2023-08-08,41.785369,-71.667288,9.26505066850304
2023-08-09,41.785369,-71.667288,0.0
2023-08-10,41.785369,-71.667288,17.102437453920494
2023-08-11,41.785369,-71.667288,3.4086978260831278
2023-08-12,41.785369,-71.667288,0.751617580214635
2023-08-13,41.785369,-71.667288,17.25957057677857
2023-08-14,41.785369,-71.667288,0.11409081660294174
2023-08-15,41.785369,-71.667288,20.59428765637057
2023-08-16,41.785369,-71.667288,0.7472739461897243
2023-08-17,41.785369,-71.667288,3.004405505210539
2023-08-18,41.785369,-71.667288,21.497903425530563
2023-08-19,41.785369,-71.667288,0.0
2023-08-20,41.785369,-71.667288,0.0
2023-08-21,41.785369,-71.667288,0.14252911156923603
2023-08-22,41.785369,-71.667288,0.2417490123997937
2023-08-23,41.785369,-71.667288,0.0
2023-08-24,41.785369,-71.667288,0.15066283454633378
2023-08-25,41.785369,-71.667288,17.586114759986245
2023-08-26,41.785369,-71.667288,0.2452492502061315
2023-08-27,41.785369,-71.667288,0.0
2023-08-28,41.785369,-71.667288,0.0
2023-08-29,41.785369,-71.667288,0.8079295412602452
2023-08-30,41.785369,-71.667288,4.78730710807778
2023-08-31,41.785369,-71.667288,0.0
2023-09-01,41.785369,-71.667288,0.0
2023-09-02,41.785369,-71.667288,0.005850970603947377
2023-09-03,41.785369,-71.667288,2.251728818352925
2023-09-04,41.785369,-71.667288,0.1122274417233728
2023-09-05,41.785369,-71.667288,0.29060439794087745
2023-09-06,41.785369,-71.667288,0.0
2023-09-07,41.785369,-71.667288,0.0
2023-09-08,41.785369,-71.667288,0.038867493577224105
2023-09-09,41.785369,-71.667288,1.2601945629028128
2023-09-10,41.785369,-71.667288,17.895408796359785
2023-09-11,41.785369,-71.667288,13.720512834605584
2023-09-12,41.785369,-71.667288,0.1546517583199621
2023-09-13,41.785369,-71.667288,11.766653830044696
2023-09-14,41.785369,-71.667288,1.317683469390221
2023-09-15,41.785369,-71.667288,0.6517597571744854
2023-09-16,41.785369,-71.667288,21.595979611046097
2023-09-17,41.785369,-71.667288,0.0
2023-09-18,41.785369,-71.667288,41.78622702991761
2023-09-19,41.785369,-71.667288,0.0
2023-09-20,41.785369,-71.667288,0.0
2023-09-21,41.785369,-71.667288,0.0
2023-09-22,41.785369,-71.667288,0.0
2023-09-23,41.785369,-71.667288,19.499584121536888
2023-09-24,41.785369,-71.667288,1.7141079699983077
2023-09-25,41.785369,-71.667288,16.196799463488695
2023-09-26,41.785369,-71.667288,8.761957696601092
2023-09-27,41.785369,-71.667288,0.0
2023-09-28,41.785369,-71.667288,0.0
2023-09-29,41.785369,-71.667288,19.790600317289766
2023-09-30,41.785369,-71.667288,19.604311244485285
2023-10-01,41.785369,-71.667288,1.2421117911897823
2023-10-02,41.785369,-71.667288,0.0
2023-10-03,41.785369,-71.667288,0.0
2023-10-04,41.785369,-71.667288,0.0
2023-10-05,41.785369,-71.667288,0.0
2023-10-06,41.785369,-71.667288,0.0
2023-10-07,41.785369,-71.667288,2.8358401563051303
2023-10-08,41.785369,-71.667288,0.09796096031431703
2023-10-09,41.785369,-71.667288,0.0
2023-10-10,41.785369,-71.667288,0.0
2023-10-11,41.785369,-71.667288,0.0
2023-10-12,41.785369,-71.667288,0.0
2023-10-13,41.785369,-71.667288,0.0
2023-10-14,41.785369,-71.667288,9.145665041840518
2023-10-15,41.785369,-71.667288,1.7790484682714562
2023-10-16,41.785369,-71.667288,0.014368243830495439
2023-10-17,41.785369,-71.667288,0.011250311013124327
2023-10-18,41.785369,-71.667288,0.0
2023-10-19,41.785369,-71.667288,0.0
2023-10-20,41.785369,-71.667288,1.0644956987610539
2023-10-21,41.785369,-71.667288,41.90342462538874
2023-10-22,41.785369,-71.667288,0.019215571915001537
2023-10-23,41.785369,-71.667288,0.024056282758193666
2023-10-24,41.785369,-71.667288,0.040214029803638154
2023-10-25,41.785369,-71.667288,0.3288100513265761
2023-10-26,41.785369,-71.667288,0.043549907436873404
2023-10-27,41.785369,-71.667288,2.4741450786809196
2023-10-28,41.785369,-71.667288,0.0
2023-10-29,41.785369,-71.667288,7.331948108094447
2023-10-30,41.785369,-71.667288,18.408993767653328
2023-10-31,41.785369,-71.667288,3.0932077617230727
2023-11-01,41.785369,-71.667288,0.19131206348593724
2023-11-02,41.785369,-71.667288,0.0
2023-11-03,41.785369,-71.667288,0.0
2023-11-04,41.785369,-71.667288,0.0
2023-11-05,41.785369,-71.667288,0.0
2023-11-06,41.785369,-71.667288,1.849910267025929
2023-11-07,41.785369,-71.667288,12.574362592785244
2023-11-08,41.785369,-71.667288,0.0
2023-11-09,41.785369,-71.667288,1.3800905279139042
2023-11-10,41.785369,-71.667288,0.1534555021691834
2023-11-11,41.785369,-71.667288,0.0
2023-11-12,41.785369,-71.667288,0.0
2023-11-13,41.785369,-71.667288,0.026529284897478703
2023-11-14,41.785369,-71.667288,0.0218328142585135
2023-11-15,41.785369,-71.667288,0.0
2023-11-16,41.785369,-71.667288,0.0
2023-11-17,41.785369,-71.667288,0.0
2023-11-18,41.785369,-71.667288,0.4345393510070863
2023-11-19,41.785369,-71.667288,0.7371322161691911
2023-11-20,41.785369,-71.667288,0.0
2023-11-21,41.785369,-71.667288,0.49589266464257087
2023-11-22,41.785369,-71.667288,45.972566526857676
2023-11-23,41.785369,-71.667288,0.0
2023-11-24,41.785369,-71.667288,0.017752829264014693
2023-11-25,41.785369,-71.667288,0.0
2023-11-26,41.785369,-71.667288,0.0638018060794781
2023-11-27,41.785369,-71.667288,7.1263600881043745
2023-11-28,41.785369,-71.667288,0.017858619121326882
2023-11-29,41.785369,-71.667288,0.0
2023-11-30,41.785369,-71.667288,0.0
2023-12-01,41.785369,-71.667288,5.454825951776555
2023-12-02,41.785369,-71.667288,4.326247746033849
2023-12-03,41.785369,-71.667288,20.057107347104626
2023-12-04,41.785369,-71.667288,1.126615516313928
2023-12-05,41.785369,-71.667288,0.1496835442429149
2023-12-06,41.785369,-71.667288,0.02894539734181975
2023-12-07,41.785369,-71.667288,0.005850970603947377
2023-12-08,41.785369,-71.667288,0.0
2023-12-09,41.785369,-71.667288,0.06055658854613283
2023-12-10,41.785369,-71.667288,14.28961984029558
2023-12-11,41.785369,-71.667288,66.75028498275805
2023-12-12,41.785369,-71.667288,0.0
2023-12-13,41.785369,-71.667288,0.0
2023-12-14,41.785369,-71.667288,0.0
2023-12-15,41.785369,-71.667288,0.06427031455331272
2023-12-16,41.785369,-71.667288,0.002672920361784877
2023-12-17,41.785369,-71.667288,16.343446987763503
2023-12-18,41.785369,-71.667288,91.39722179783476
2023-12-19,41.785369,-71.667288,0.0
2023-12-20,41.785369,-71.667288,0.0
2023-12-21,41.785369,-71.667288,0.0
2023-12-22,41.785369,-71.667288,0.0
2023-12-23,41.785369,-71.667288,0.05345840524421664
2023-12-24,41.785369,-71.667288,0.35907524955998427
2023-12-25,41.785369,-71.667288,0.0
2023-12-26,41.785369,-71.667288,0.037978660573226644
2023-12-27,41.785369,-71.667288,5.012706467589811
2023-12-28,41.785369,-71.667288,17.86046104485431
2023-12-29,41.785369,-71.667288,0.008018761085354632
2023-12-30,41.785369,-71.667288,0.2297931834640543
2023-12-31,41.785369,-71.667288,0.010691681447139507
2024-01-01,41.785369,-71.667288,0.17515954927998834
2024-01-02,41.785369,-71.667288,0.0
2024-01-03,41.785369,-71.667288,0.002445658475878012
2024-01-04,41.785369,-71.667288,0.16194026550580137
2024-01-05,41.785369,-71.667288,0.0
2024-01-06,41.785369,-71.667288,0.17147010033385598
2024-01-07,41.785369,-71.667288,2.7005569956148983
2024-01-08,41.785369,-71.667288,0.0
2024-01-09,41.785369,-71.667288,38.50459284281824
2024-01-10,41.785369,-71.667288,107.5126770880601
2024-01-11,41.785369,-71.667288,0.0014627426509868442
2024-01-12,41.785369,-71.667288,0.0
2024-01-13,41.785369,-71.667288,22.850871167265876
2024-01-14,41.785369,-71.667288,0.22464934303179512
2024-01-15,41.785369,-71.667288,0.0
2024-01-16,41.785369,-71.667288,2.5447135304970625
2024-01-17,41.785369,-71.667288,0.0
2024-01-18,41.785369,-71.667288,0.0
2024-01-19,41.785369,-71.667288,0.1888393967551113
2024-01-20,41.785369,-71.667288,0.000611414618969503
2024-01-21,41.785369,-71.667288,0.0
2024-01-22,41.785369,-71.667288,1.1884507682721805
2024-01-23,41.785369,-71.667288,1.049579386392602
2024-01-24,41.785369,-71.667288,6.698912010914707
2024-01-25,41.785369,-71.667288,26.594646704547287
2024-01-26,41.785369,-71.667288,5.907323060101518
2024-01-27,41.785369,-71.667288,0.0
2024-01-28,41.785369,-71.667288,34.4725219317221
2024-01-29,41.785369,-71.667288,0.0
2024-01-30,41.785369,-71.667288,0.001222829237939006
2024-01-31,41.785369,-71.667288,0.0
2024-02-01,41.785369,-71.667288,0.005797435871786924
2024-02-02,41.785369,-71.667288,0.0
2024-02-03,41.785369,-71.667288,0.0
2024-02-04,41.785369,-71.667288,0.0
2024-02-05,41.785369,-71.667288,0.0
2024-02-06,41.785369,-71.667288,0.0
2024-02-07,41.785369,-71.667288,0.0
2024-02-08,41.785369,-71.667288,0.0
2024-02-09,41.785369,-71.667288,0.00275136572842034
2024-02-10,41.785369,-71.667288,0.0
2024-02-11,41.785369,-71.667288,0.0
2024-02-12,41.785369,-71.667288,0.0
2024-02-13,41.785369,-71.667288,21.256804738921502
2024-02-14,41.785369,-71.667288,0.0
2024-02-15,41.785369,-71.667288,0.16837761102028978
2024-02-16,41.785369,-71.667288,0.04077266345663764
2024-02-17,41.785369,-71.667288,0.001675888697954455
2024-02-18,41.785369,-71.667288,0.0
2024-02-19,41.785369,-71.667288,0.0
2024-02-20,41.785369,-71.667288,0.0
2024-02-21,41.785369,-71.667288,0.0
2024-02-22,41.785369,-71.667288,0.0
2024-02-23,41.785369,-71.667288,5.708869635592
2024-02-24,41.785369,-71.667288,1.2337326731138227
2024-02-25,41.785369,-71.667288,0.0
2024-02-26,41.785369,-71.667288,0.0
2024-02-27,41.785369,-71.667288,0.0
2024-02-28,41.785369,-71.667288,13.032247394613675
2024-02-29,41.785369,-71.667288,15.001926737500861
2024-03-01,41.785369,-71.667288,0.0
2024-03-02,41.785369,-71.667288,33.155697798207534
2024-03-03,41.785369,-71.667288,11.95504620093254
2024-03-04,41.785369,-71.667288,0.0
2024-03-05,41.785369,-71.667288,2.3057368961730846
2024-03-06,41.785369,-71.667288,8.055575565892193
2024-03-07,41.785369,-71.667288,31.572375514515972
2024-03-08,41.785369,-71.667288,0.2727401597180175
2024-03-09,41.785369,-71.667288,2.237729017248717
2024-03-10,41.785369,-71.667288,24.89432376139615
2024-03-11,41.785369,-71.667288,0.0011172591319696373
2024-03-12,41.785369,-71.667288,0.0
2024-03-13,41.785369,-71.667288,0.0
2024-03-14,41.785369,-71.667288,0.1269559510428746
2024-03-15,41.785369,-71.667288,0.9912449750061232
2024-03-16,41.785369,-71.667288,0.0
2024-03-17,41.785369,-71.667288,1.9351819094953828
2024-03-18,41.785369,-71.667288,0.046556906775923224
2024-03-19,41.785369,-71.667288,0.0
2024-03-20,41.785369,-71.667288,2.491470586065853
2024-03-21,41.785369,-71.667288,0.0027931477258712253
2024-03-22,41.785369,-71.667288,0.017510380145047456
2024-03-23,41.785369,-71.667288,67.42358045450469
2024-03-24,41.785369,-71.667288,2.8657897098693947
2024-03-25,41.785369,-71.667288,0.09432057967323489
2024-03-26,41.785369,-71.667288,0.0
2024-03-27,41.785369,-71.667288,1.8025209959794717
2024-03-28,41.785369,-71.667288,67.64883612064452
2024-03-29,41.785369,-71.667288,34.47655201244847
2024-03-30,41.785369,-71.667288,0.02443457840027885
2024-03-31,41.785369,-71.667288,2.6806664622625416
2024-04-01,41.785369,-71.667288,1.9417277494242526
2024-04-02,41.785369,-71.667288,8.67047235877338
2024-04-03,41.785369,-71.667288,26.080855306873747
2024-04-04,41.785369,-71.667288,14.75312444197185
2024-04-05,41.785369,-71.667288,0.0
2024-04-06,41.785369,-71.667288,0.1429400790108202
2024-04-07,41.785369,-71.667288,0.0
2024-04-08,41.785369,-71.667288,0.17373982102666588
2024-04-09,41.785369,-71.667288,0.007313712982477165
2024-04-10,41.785369,-71.667288,0.23639552012967005
2024-04-11,41.785369,-71.667288,5.6122250998227905
2024-04-12,41.785369,-71.667288,18.63990046659174
2024-04-13,41.785369,-71.667288,0.7987496703714723
2024-04-14,41.785369,-71.667288,4.558381167999031
2024-04-15,41.785369,-71.667288,0.8495567720052054
2024-04-16,41.785369,-71.667288,0.14681070575271798
2024-04-17,41.785369,-71.667288,0.16249390465793112
2024-04-18,41.785369,-71.667288,9.895564222116393
2024-04-19,41.785369,-71.667288,0.0
2024-04-20,41.785369,-71.667288,10.863809431985478
2024-04-21,41.785369,-71.667288,0.06814024419073253
2024-04-22,41.785369,-71.667288,0.0
2024-04-23,41.785369,-71.667288,0.0
2024-04-24,41.785369,-71.667288,0.4029616590259039
2024-04-25,41.785369,-71.667288,0.0
2024-04-26,41.785369,-71.667288,0.0
2024-04-27,41.785369,-71.667288,0.003484114867958507
2024-04-28,41.785369,-71.667288,7.432853603894323
2024-04-29,41.785369,-71.667288,3.2528803312443975
2024-04-30,41.785369,-71.667288,0.0
2024-05-01,41.785369,-71.667288,5.6058167634785825
2024-05-02,41.785369,-71.667288,0.0003057073094847515
2024-05-03,41.785369,-71.667288,0.0
2024-05-04,41.785369,-71.667288,0.022646186777851903
2024-05-05,41.785369,-71.667288,7.302558917195672
2024-05-06,41.785369,-71.667288,2.929063510155542
2024-05-07,41.785369,-71.667288,0.0
2024-05-08,41.785369,-71.667288,20.7996622965803
2024-05-09,41.785369,-71.667288,0.007642682907946063
2024-05-10,41.785369,-71.667288,7.623009090380656
2024-05-11,41.785369,-71.667288,0.0
2024-05-12,41.785369,-71.667288,0.16203877720460083
2024-05-13,41.785369,-71.667288,0.0
2024-05-14,41.785369,-71.667288,0.0
2024-05-15,41.785369,-71.667288,16.60336319135669
2024-05-16,41.785369,-71.667288,45.99288415121433
2024-05-17,41.785369,-71.667288,0.10449307817430852
2024-05-18,41.785369,-71.667288,0.6656350152323866
2024-05-19,41.785369,-71.667288,2.050344086619659
2024-05-20,41.785369,-71.667288,0.0
2024-05-21,41.785369,-71.667288,0.0
2024-05-22,41.785369,-71.667288,0.0
2024-05-23,41.785369,-71.667288,21.583348408126113
2024-05-24,41.785369,-71.667288,0.0
2024-05-25,41.785369,-71.667288,0.007031267947322006
2024-05-26,41.785369,-71.667288,2.043056555055985
2024-05-27,41.785369,-71.667288,1.1540684768705614
2024-05-28,41.785369,-71.667288,8.311181205932119
2024-05-29,41.785369,-71.667288,0.0
2024-05-30,41.785369,-71.667288,12.109916351199967
2024-05-31,41.785369,-71.667288,0.0
2024-06-01,41.785369,-71.667288,0.0
2024-06-02,41.785369,-71.667288,0.0
2024-06-03,41.785369,-71.667288,0.44692765090076325
2024-06-04,41.785369,-71.667288,0.0
2024-06-05,41.785369,-71.667288,0.0
2024-06-06,41.785369,-71.667288,0.588705664663709
2024-06-07,41.785369,-71.667288,0.8114158670487929
2024-06-08,41.785369,-71.667288,0.0
2024-06-09,41.785369,-71.667288,4.959089424081637
2024-06-10,41.785369,-71.667288,0.0
2024-06-11,41.785369,-71.667288,0.0014627426509868442
2024-06-12,41.785369,-71.667288,0.0
2024-06-13,41.785369,-71.667288,0.0
2024-06-14,41.785369,-71.667288,1.3416376785077688
2024-06-15,41.785369,-71.667288,5.132658254236701
2024-06-16,41.785369,-71.667288,0.04811256551638733
2024-06-17,41.785369,-71.667288,0.26292583712237727
2024-06-18,41.785369,-71.667288,0.0
2024-06-19,41.785369,-71.667288,0.0
2024-06-20,41.785369,-71.667288,0.0
2024-06-21,41.785369,-71.667288,16.083611279622225
2024-06-22,41.785369,-71.667288,11.671589194061962
2024-06-23,41.785369,-71.667288,14.280881913092177
2024-06-24,41.785369,-71.667288,3.786717180648798
2024-06-25,41.785369,-71.667288,0.0
2024-06-26,41.785369,-71.667288,0.13753795879532124
2024-06-27,41.785369,-71.667288,28.39126962755993
2024-06-28,41.785369,-71.667288,0.0
2024-06-29,41.785369,-71.667288,0.2128300552839358
2024-06-30,41.785369,-71.667288,15.530435529590182
2024-07-01,41.785369,-71.667288,2.244265435428505
2024-07-02,41.785369,-71.667288,0.0
2024-07-03,41.785369,-71.667288,0.0
2024-07-04,41.785369,-71.667288,0.85655194104415
2024-07-05,41.785369,-71.667288,2.2570081052291653
2024-07-06,41.785369,-71.667288,10.367055043063266
2024-07-07,41.785369,-71.667288,0.14892499415106927
2024-07-08,41.785369,-71.667288,0.0
2024-07-09,41.785369,-71.667288,0.36295651198003964
2024-07-10,41.785369,-71.667288,1.7587950106202506
2024-07-11,41.785369,-71.667288,1.9545175226786795
2024-07-12,41.785369,-71.667288,0.11138179492180966
2024-07-13,41.785369,-71.667288,12.626685375429691
2024-07-14,41.785369,-71.667288,0.0014627426509868442
2024-07-15,41.785369,-71.667288,0.00335177739590891
2024-07-16,41.785369,-71.667288,0.0
2024-07-17,41.785369,-71.667288,0.020317424617380633
2024-07-18,41.785369,-71.667288,12.079628642162147
2024-07-19,41.785369,-71.667288,0.0
2024-07-20,41.785369,-71.667288,0.0003057073094847515
2024-07-21,41.785369,-71.667288,8.53626677831854
2024-07-22,41.785369,-71.667288,0.471642212296027
2024-07-23,41.785369,-71.667288,6.473925895952532
2024-07-24,41.785369,-71.667288,2.958990004620991
2024-07-25,41.785369,-71.667288,4.877639869495177
2024-07-26,41.785369,-71.667288,0.0
2024-07-27,41.785369,-71.667288,0.0
2024-07-28,41.785369,-71.667288,3.396700739674478
2024-07-29,41.785369,-71.667288,29.13910527607759
2024-07-30,41.785369,-71.667288,0.0
2024-07-31,41.785369,-71.667288,0.021383362894279015
2024-08-01,41.785369,-71.667288,0.0
2024-08-02,41.785369,-71.667288,0.10474187556812997
2024-08-03,41.785369,-71.667288,1.8319503469867398
2024-08-04,41.785369,-71.667288,14.187966812677436
2024-08-05,41.785369,-71.667288,1.6040631227575686
2024-08-06,41.785369,-71.667288,5.609740290249438
2024-08-07,41.785369,-71.667288,17.438136084797197
2024-08-08,41.785369,-71.667288,0.6078291389835044
2024-08-09,41.785369,-71.667288,1.2395370561666619
2024-08-10,41.785369,-71.667288,3.796399406952637
2024-08-11,41.785369,-71.667288,0.32952385467111406
2024-08-12,41.785369,-71.667288,0.41195334453044286
2024-08-13,41.785369,-71.667288,0.0
2024-08-14,41.785369,-71.667288,0.0
2024-08-15,41.785369,-71.667288,1.4211562025314606
2024-08-16,41.785369,-71.667288,6.523081249761768
2024-08-17,41.785369,-71.667288,0.0
2024-08-18,41.785369,-71.667288,17.78116591403555
2024-08-19,41.785369,-71.667288,29.564737882127922
2024-08-20,41.785369,-71.667288,4.077121789659769
2024-08-21,41.785369,-71.667288,0.0
2024-08-22,41.785369,-71.667288,0.0
2024-08-23,41.785369,-71.667288,0.0
2024-08-24,41.785369,-71.667288,0.0
2024-08-25,41.785369,-71.667288,0.0
2024-08-26,41.785369,-71.667288,6.3349381336185395
2024-08-27,41.785369,-71.667288,0.0
2024-08-28,41.785369,-71.667288,0.0
2024-08-29,41.785369,-71.667288,0.0
2024-08-30,41.785369,-71.667288,0.0
2024-08-31,41.785369,-71.667288,0.0
2024-09-01,41.785369,-71.667288,6.22137764602436
2024-09-02,41.785369,-71.667288,0.00490743862572415
2024-09-03,41.785369,-71.667288,0.0
2024-09-04,41.785369,-71.667288,0.0
2024-09-05,41.785369,-71.667288,0.0
2024-09-06,41.785369,-71.667288,0.0
2024-09-07,41.785369,-71.667288,0.19985614132271057
2024-09-08,41.785369,-71.667288,0.13765520451413824
2024-09-09,41.785369,-71.667288,0.0
2024-09-10,41.785369,-71.667288,0.0
2024-09-11,41.785369,-71.667288,0.0
2024-09-12,41.785369,-71.667288,0.0
2024-09-13,41.785369,-71.667288,0.0
2024-09-14,41.785369,-71.667288,0.0
2024-09-15,41.785369,-71.667288,0.0
2024-09-16,41.785369,-71.667288,0.0
2024-09-17,41.785369,-71.667288,0.5520347844573223
2024-09-18,41.785369,-71.667288,2.126931989544291
2024-09-19,41.785369,-71.667288,0.20446902377452664
2024-09-20,41.785369,-71.667288,2.3857542574155834
2024-09-21,41.785369,-71.667288,23.26580497598951
2024-09-22,41.785369,-71.667288,1.8999742090728915
2024-09-23,41.785369,-71.667288,0.22340952537228545
2024-09-24,41.785369,-71.667288,0.0005586295659848186
2024-09-25,41.785369,-71.667288,2.0671845677519434
2024-09-26,41.785369,-71.667288,4.22572423874855
2024-09-27,41.785369,-71.667288,1.3676582669622719
2024-09-28,41.785369,-71.667288,0.009082163215405815
2024-09-29,41.785369,-71.667288,0.25443213109314594
2024-09-30,41.785369,-71.667288,0.0
2024-10-01,41.785369,-71.667288,1.0879320368105778
2024-10-02,41.785369,-71.667288,0.0
2024-10-03,41.785369,-71.667288,0.0
2024-10-04,41.785369,-71.667288,3.09507951979389
2024-10-05,41.785369,-71.667288,0.6429271863822482
2024-10-06,41.785369,-71.667288,0.0
2024-10-07,41.785369,-71.667288,12.079587743391787
2024-10-08,41.785369,-71.667288,0.0
2024-10-09,41.785369,-71.667288,0.0
2024-10-10,41.785369,-71.667288,0.0
2024-10-11,41.785369,-71.667288,0.0
2024-10-12,41.785369,-71.667288,0.3667814031780183
2024-10-13,41.785369,-71.667288,5.545568292121234
2024-10-14,41.785369,-71.667288,1.144255194618335
2024-10-15,41.785369,-71.667288,0.0
2024-10-16,41.785369,-71.667288,0.0
2024-10-17,41.785369,-71.667288,0.65729154142779
2024-10-18,41.785369,-71.667288,0.0
2024-10-19,41.785369,-71.667288,0.0
2024-10-20,41.785369,-71.667288,0.0
2024-10-21,41.785369,-71.667288,0.0
2024-10-22,41.785369,-71.667288,0.0
2024-10-23,41.785369,-71.667288,0.0
2024-10-24,41.785369,-71.667288,0.09467788313619852
2024-10-25,41.785369,-71.667288,0.0
2024-10-26,41.785369,-71.667288,0.0
2024-10-27,41.785369,-71.667288,0.0
2024-10-28,41.785369,-71.667288,0.014524368507499538
2024-10-29,41.785369,-71.667288,0.09512024698276775
2024-10-30,41.785369,-71.667288,2.5742632803251846
2024-10-31,41.785369,-71.667288,0.0
2024-11-01,41.785369,-71.667288,0.11552420485523307
2024-11-02,41.785369,-71.667288,0.0
2024-11-03,41.785369,-71.667288,0.0
2024-11-04,41.785369,-71.667288,0.6648705127495669
2024-11-05,41.785369,-71.667288,0.4275457894831166
2024-11-06,41.785369,-71.667288,0.0
2024-11-07,41.785369,-71.667288,0.0
2024-11-08,41.785369,-71.667288,0.0
2024-11-09,41.785369,-71.667288,0.0
2024-11-10,41.785369,-71.667288,1.248106733820321
2024-11-11,41.785369,-71.667288,16.677182349241054
2024-11-12,41.785369,-71.667288,0.0
2024-11-13,41.785369,-71.667288,0.0
2024-11-14,41.785369,-71.667288,0.0
2024-11-15,41.785369,-71.667288,0.0
2024-11-16,41.785369,-71.667288,0.0
2024-11-17,41.785369,-71.667288,0.6139736747870407
2024-11-18,41.785369,-71.667288,1.4877306497738854
2024-11-19,41.785369,-71.667288,0.0
2024-11-20,41.785369,-71.667288,0.0
2024-11-21,41.785369,-71.667288,30.79627296794653
2024-11-22,41.785369,-71.667288,0.5989421154072937
2024-11-23,41.785369,-71.667288,8.064482246126902
2024-11-24,41.785369,-71.667288,0.0
2024-11-25,41.785369,-71.667288,0.0
2024-11-26,41.785369,-71.667288,7.397790874463785
2024-11-27,41.785369,-71.667288,0.10268823387553543
2024-11-28,41.785369,-71.667288,21.866006561364227
2024-11-29,41.785369,-71.667288,0.0
2024-11-30,41.785369,-71.667288,0.0
2024-12-01,41.785369,-71.667288,0.0
2024-12-02,41.785369,-71.667288,0.0
2024-12-03,41.785369,-71.667288,0.0
2024-12-04,41.785369,-71.667288,0.07081405475885957
2024-12-05,41.785369,-71.667288,16.58188845664942
2024-12-06,41.785369,-71.667288,0.0
2024-12-07,41.785369,-71.667288,0.044987163034698144
2024-12-08,41.785369,-71.667288,2.935309723137016
2024-12-09,41.785369,-71.667288,7.662164598203966
2024-12-10,41.785369,-71.667288,0.02241997298085406
2024-12-11,41.785369,-71.667288,84.45161731715474
2024-12-12,41.785369,-71.667288,26.811725991569084
2024-12-13,41.785369,-71.667288,0.0
2024-12-14,41.785369,-71.667288,0.0
2024-12-15,41.785369,-71.667288,0.0
2024-12-16,41.785369,-71.667288,0.3528707699198769
2024-12-17,41.785369,-71.667288,4.544414146329833
2024-12-18,41.785369,-71.667288,3.0436070575322067
2024-12-19,41.785369,-71.667288,10.900992152339203
2024-12-20,41.785369,-71.667288,3.234635343864894
2024-12-21,41.785369,-71.667288,0.0
2024-12-22,41.785369,-71.667288,0.0
2024-12-23,41.785369,-71.667288,0.0
2024-12-24,41.785369,-71.667288,1.709065204310091
2024-12-25,41.785369,-71.667288,0.0
2024-12-26,41.785369,-71.667288,0.0
2024-12-27,41.785369,-71.667288,0.0
2024-12-28,41.785369,-71.667288,3.6803046376838164
2024-12-29,41.785369,-71.667288,0.846002098824747
2024-12-30,41.785369,-71.667288,21.144582150069066
2024-12-31,41.785369,-71.667288,0.0
2025-01-01,41.785369,-71.667288,49.24697479246957
2025-01-02,41.785369,-71.667288,0.281076132807553
2025-01-03,41.785369,-71.667288,0.0
2025-01-04,41.785369,-71.667288,0.0
2025-01-05,41.785369,-71.667288,0.035717238242653764
2025-01-06,41.785369,-71.667288,0.0011172591319696373
2025-01-07,41.785369,-71.667288,0.0
2025-01-08,41.785369,-71.667288,0.0
2025-01-09,41.785369,-71.667288,0.016037522170709265
2025-01-10,41.785369,-71.667288,0.0
2025-01-11,41.785369,-71.667288,0.24881411255601826
2025-01-12,41.785369,-71.667288,0.0
2025-01-13,41.785369,-71.667288,0.0
2025-01-14,41.785369,-71.667288,0.0
2025-01-15,41.785369,-71.667288,0.0
2025-01-16,41.785369,-71.667288,0.0
2025-01-17,41.785369,-71.667288,0.2086076576379587
2025-01-18,41.785369,-71.667288,8.374881644620077
2025-01-19,41.785369,-71.667288,1.0654075109377097
2025-01-20,41.785369,-71.667288,2.4524283355221828
2025-01-21,41.785369,-71.667288,0.16751206525980467
2025-01-22,41.785369,-71.667288,0.7482669630257078
2025-01-23,41.785369,-71.667288,0.09477426397559341
2025-01-24,41.785369,-71.667288,0.0
2025-01-25,41.785369,-71.667288,0.0
2025-01-26,41.785369,-71.667288,0.0022345182639392745
2025-01-27,41.785369,-71.667288,0.12294137705131444
2025-01-28,41.785369,-71.667288,0.17275174852350703
2025-01-29,41.785369,-71.667288,0.25358097473143637
2025-01-30,41.785369,-71.667288,0.0
2025-01-31,41.785369,-71.667288,6.357472147572265
2025-02-01,41.785369,-71.667288,17.45510047194235
2025-02-02,41.785369,-71.667288,0.11240983555141157
2025-02-03,41.785369,-71.667288,1.21324764271472
2025-02-04,41.785369,-71.667288,0.6091390831300304
2025-02-05,41.785369,-71.667288,0.0
2025-02-06,41.785369,-71.667288,2.31582320567653
2025-02-07,41.785369,-71.667288,0.0009171219284542544
2025-02-08,41.785369,-71.667288,0.00335177739590891
2025-02-09,41.785369,-71.667288,0.9624982303142935
2025-02-10,41.785369,-71.667288,0.0
2025-02-11,41.785369,-71.667288,0.0
2025-02-12,41.785369,-71.667288,0.4347715584004936
2025-02-13,41.785369,-71.667288,5.921072440865188
2025-02-14,41.785369,-71.667288,0.0
2025-02-15,41.785369,-71.667288,2.3546757602537984
2025-02-16,41.785369,-71.667288,40.78661761018462
2025-02-17,41.785369,-71.667288,0.0
2025-02-18,41.785369,-71.667288,0.0
2025-02-19,41.785369,-71.667288,0.0
2025-02-20,41.785369,-71.667288,0.10516038160033543
2025-02-21,41.785369,-71.667288,0.07389581699133636
2025-02-22,41.785369,-71.667288,0.0
2025-02-23,41.785369,-71.667288,0.0
2025-02-24,41.785369,-71.667288,0.0017684499604715958
2025-02-25,41.785369,-71.667288,0.28446447053229884
2025-02-26,41.785369,-71.667288,0.09223232943522389
2025-02-27,41.785369,-71.667288,6.222337881987702
2025-02-28,41.785369,-71.667288,0.09840651520138294
2025-03-01,41.785369,-71.667288,0.12220217630432542
2025-03-02,41.785369,-71.667288,0.0
2025-03-03,41.785369,-71.667288,0.0
2025-03-04,41.785369,-71.667288,0.0014627426509868442
2025-03-05,41.785369,-71.667288,3.1888055916575406
2025-03-06,41.785369,-71.667288,22.891624848963378
2025-03-07,41.785369,-71.667288,0.0
2025-03-08,41.785369,-71.667288,0.0
2025-03-09,41.785369,-71.667288,0.0
2025-03-10,41.785369,-71.667288,0.007313712982477165
2025-03-11,41.785369,-71.667288,0.0
2025-03-12,41.785369,-71.667288,0.0
2025-03-13,41.785369,-71.667288,0.0
2025-03-14,41.785369,-71.667288,0.0
2025-03-15,41.785369,-71.667288,0.0
2025-03-16,41.785369,-71.667288,0.0
2025-03-17,41.785369,-71.667288,77.0221473486893
2025-03-18,41.785369,-71.667288,2.1842805744483162
2025-03-19,41.785369,-71.667288,0.0
2025-03-20,41.785369,-71.667288,0.0014627426509868442
2025-03-21,41.785369,-71.667288,3.4966655015411416
2025-03-22,41.785369,-71.667288,0.0029254853019736885
2025-03-23,41.785369,-71.667288,0.021941138947431497
2025-03-24,41.785369,-71.667288,37.745600626618526
2025-03-25,41.785369,-71.667288,0.0
2025-03-26,41.785369,-71.667288,0.002672920361784877
2025-03-27,41.785369,-71.667288,0.0
2025-03-28,41.785369,-71.667288,0.020188384381040023
2025-03-29,41.785369,-71.667288,2.488344966016143
2025-03-30,41.785369,-71.667288,3.277015829548796
2025-03-31,41.785369,-71.667288,1.7721704187095084
2025-04-01,41.785369,-71.667288,8.777906833245051
2025-04-02,41.785369,-71.667288,0.3645377423975158
2025-04-03,41.785369,-71.667288,9.92897029708287
2025-04-04,41.785369,-71.667288,0.5515855154523899
2025-04-05,41.785369,-71.667288,9.506768085315793
2025-04-06,41.785369,-71.667288,9.125725842961364
2025-04-07,41.785369,-71.667288,3.3265438078639384
2025-04-08,41.785369,-71.667288,2.4839623683647205
2025-04-09,41.785369,-71.667288,0.0
2025-04-10,41.785369,-71.667288,0.00335177739590891
2025-04-11,41.785369,-71.667288,3.692868867855275
2025-04-12,41.785369,-71.667288,13.623423439039014
2025-04-13,41.785369,-71.667288,7.521267391437906
2025-04-14,41.785369,-71.667288,0.0
2025-04-15,41.785369,-71.667288,11.603163198744708
2025-04-16,41.785369,-71.667288,0.0
2025-04-17,41.785369,-71.667288,0.0
2025-04-18,41.785369,-71.667288,0.4361230052096217
2025-04-19,41.785369,-71.667288,0.13798163859529272
2025-04-20,41.785369,-71.667288,0.3706038383196856
2025-04-21,41.785369,-71.667288,0.028656447516676665
2025-04-22,41.785369,-71.667288,2.6953673545666343
2025-04-23,41.785369,-71.667288,0.3342977320393951
2025-04-24,41.785369,-71.667288,0.0
2025-04-25,41.785369,-71.667288,0.03066494713992314
2025-04-26,41.785369,-71.667288,12.143098252356184
2025-04-27,41.785369,-71.667288,2.7464333677494106
2025-04-28,41.785369,-71.667288,0.0
2025-04-29,41.785369,-71.667288,0.0
2025-04-30,41.785369,-71.667288,4.189410293290288
2025-05-01,41.785369,-71.667288,0.0
2025-05-02,41.785369,-71.667288,4.709218824532145
2025-05-03,41.785369,-71.667288,0.0025930106264087094
2025-05-04,41.785369,-71.667288,0.027992027276008486
2025-05-05,41.785369,-71.667288,17.567910990636626
2025-05-06,41.785369,-71.667288,5.249959470511763
2025-05-07,41.785369,-71.667288,0.367263659167612
2025-05-08,41.785369,-71.667288,0.006435617856836653
2025-05-09,41.785369,-71.667288,27.916045955476207
2025-05-10,41.785369,-71.667288,5.598180911532236
2025-05-11,41.785369,-71.667288,0.0
2025-05-12,41.785369,-71.667288,0.0
2025-05-13,41.785369,-71.667288,0.0
2025-05-14,41.785369,-71.667288,0.3212421076734019
2025-05-15,41.785369,-71.667288,35.66447710213669
2025-05-16,41.785369,-71.667288,0.0
2025-05-17,41.785369,-71.667288,0.7291609495155746
2025-05-18,41.785369,-71.667288,0.0
2025-05-19,41.785369,-71.667288,0.05762137919478906
2025-05-20,41.785369,-71.667288,0.0055862954517424505
2025-05-21,41.785369,-71.667288,0.7488948587732852
2025-05-22,41.785369,-71.667288,74.17376153238713
2025-05-23,41.785369,-71.667288,19.441531058040162
2025-05-24,41.785369,-71.667288,0.19948106349710942
2025-05-25,41.785369,-71.667288,0.0
2025-05-26,41.785369,-71.667288,0.0
2025-05-27,41.785369,-71.667288,0.0
2025-05-28,41.785369,-71.667288,1.2169696296901755
2025-05-29,41.785369,-71.667288,13.518785055918071
2025-05-30,41.785369,-71.667288,0.050648075391907216
2025-05-31,41.785369,-71.667288,15.22758060379472
2025-06-01,41.785369,-71.667288,0.20112191953553044
2025-06-02,41.785369,-71.667288,0.0
2025-06-03,41.785369,-71.667288,0.0
2025-06-04,41.785369,-71.667288,0.0
2025-06-05,41.785369,-71.667288,0.0
2025-06-06,41.785369,-71.667288,0.00275136572842034
2025-06-07,41.785369,-71.667288,12.894861151074792
2025-06-08,41.785369,-71.667288,1.1542563740945297
2025-06-09,41.785369,-71.667288,6.173337271878905
2025-06-10,41.785369,-71.667288,4.053561510346564
2025-06-11,41.785369,-71.667288,0.0
2025-06-12,41.785369,-71.667288,0.0
2025-06-13,41.785369,-71.667288,1.8297548521586453
2025-06-14,41.785369,-71.667288,7.697928360383641
2025-06-15,41.785369,-71.667288,0.038111677725433266
2025-06-16,41.785369,-71.667288,0.2170412242477045
2025-06-17,41.785369,-71.667288,6.705239465000853
2025-06-18,41.785369,-71.667288,5.42704575984969
2025-06-19,41.785369,-71.667288,0.0654438525467534
2025-06-20,41.785369,-71.667288,0.34459091634701455
2025-06-21,41.785369,-71.667288,0.0
2025-06-22,41.785369,-71.667288,3.582971499515877
2025-06-23,41.785369,-71.667288,0.0
2025-06-24,41.785369,-71.667288,0.0
2025-06-25,41.785369,-71.667288,0.7997181180456996
2025-06-26,41.785369,-71.667288,1.2679630852219446
2025-06-27,41.785369,-71.667288,1.3558419919189975
2025-06-28,41.785369,-71.667288,0.6500689761019912
2025-06-29,41.785369,-71.667288,0.044159096516581654
2025-06-30,41.785369,-71.667288,0.33571082187719936
2025-07-01,41.785369,-71.667288,1.0210062000679145
2025-07-02,41.785369,-71.667288,12.190943922947852
2025-07-03,41.785369,-71.667288,6.830013011225589
2025-07-04,41.785369,-71.667288,4.780824490072147
2025-07-05,41.785369,-71.667288,0.411483317111322
2025-07-06,41.785369,-71.667288,0.008523890965732254
2025-07-07,41.785369,-71.667288,0.7744956864091829
2025-07-08,41.785369,-71.667288,2.726406146892173
2025-07-09,41.785369,-71.667288,27.185366642745826
2025-07-10,41.785369,-71.667288,20.519399291158503
2025-07-11,41.785369,-71.667288,0.012615558170738297
2025-07-12,41.785369,-71.667288,0.0
2025-07-13,41.785369,-71.667288,0.0
2025-07-14,41.785369,-71.667288,0.5396026763766243
2025-07-15,41.785369,-71.667288,9.145811904055616
2025-07-16,41.785369,-71.667288,0.0
2025-07-17,41.785369,-71.667288,0.0020213722169716624
2025-07-18,41.785369,-71.667288,0.0
2025-07-19,41.785369,-71.667288,0.0
2025-07-20,41.785369,-71.667288,8.559165844316574
2025-07-21,41.785369,-71.667288,2.379514641522351
2025-07-22,41.785369,-71.667288,0.0
2025-07-23,41.785369,-71.667288,0.0
2025-07-24,41.785369,-71.667288,0.0
2025-07-25,41.785369,-71.667288,14.061717213523286
2025-07-26,41.785369,-71.667288,0.35059597583848584
2025-07-27,41.785369,-71.667288,11.873449940787484
2025-07-28,41.785369,-71.667288,0.03474796420533318
2025-07-29,41.785369,-71.667288,0.0
2025-07-30,41.785369,-71.667288,0.01336460131105416
2025-07-31,41.785369,-71.667288,0.602267970040531
2025-08-01,41.785369,-71.667288,9.408073084501446
2025-08-02,41.785369,-71.667288,0.0
2025-08-03,41.785369,-71.667288,0.0
2025-08-04,41.785369,-71.667288,0.0
2025-08-05,41.785369,-71.667288,0.000611414618969503
2025-08-06,41.785369,-71.667288,0.1815219396580942
2025-08-07,41.785369,-71.667288,2.1365354440218125
2025-08-08,41.785369,-71.667288,0.0
2025-08-09,41.785369,-71.667288,0.0
2025-08-10,41.785369,-71.667288,0.0
2025-08-11,41.785369,-71.667288,0.0
2025-08-12,41.785369,-71.667288,0.0
2025-08-13,41.785369,-71.667288,0.7694433051201521
2025-08-14,41.785369,-71.667288,0.12189900391791053
2025-08-15,41.785369,-71.667288,2.030857148264259
2025-08-16,41.785369,-71.667288,0.0
2025-08-17,41.785369,-71.667288,0.2182753114260185
2025-08-18,41.785369,-71.667288,1.4836078729492188
2025-08-19,41.785369,-71.667288,0.4135161751955292
2025-08-20,41.785369,-71.667288,12.510008566276792
2025-08-21,41.785369,-71.667288,18.872860364428682
2025-08-22,41.785369,-71.667288,0.0
2025-08-23,41.785369,-71.667288,0.0
2025-08-24,41.785369,-71.667288,1.5327600144883058
2025-08-25,41.785369,-71.667288,0.04009380393316248
2025-08-26,41.785369,-71.667288,0.0
2025-08-27,41.785369,-71.667288,0.0
2025-08-28,41.785369,-71.667288,0.0
2025-08-29,41.785369,-71.667288,5.532719185106987
2025-08-30,41.785369,-71.667288,0.0
2025-08-31,41.785369,-71.667288,0.0
2025-09-01,41.785369,-71.667288,1.9063970724153148
2025-09-02,41.785369,-71.667288,0.0
2025-09-03,41.785369,-71.667288,0.0
2025-09-04,41.785369,-71.667288,0.0
2025-09-05,41.785369,-71.667288,7.53483803476584
2025-09-06,41.785369,-71.667288,5.629951911806021
2025-09-07,41.785369,-71.667288,46.474011430623
2025-09-08,41.785369,-71.667288,2.7185305141807348
2025-09-09,41.785369,-71.667288,0.0
2025-09-10,41.785369,-71.667288,1.2037347002676213
2025-09-11,41.785369,-71.667288,0.0
2025-09-12,41.785369,-71.667288,0.0
2025-09-13,41.785369,-71.667288,0.0
2025-09-14,41.785369,-71.667288,0.0982461827959585
2025-09-15,41.785369,-71.667288,0.0
2025-09-16,41.785369,-71.667288,0.28640859534989777
2025-09-17,41.785369,-71.667288,0.21077295651150127
2025-09-18,41.785369,-71.667288,1.971681776379703
2025-09-19,41.785369,-71.667288,0.0
2025-09-20,41.785369,-71.667288,0.0
2025-09-21,41.785369,-71.667288,0.09498030378525443
2025-09-22,41.785369,-71.667288,0.0
2025-09-23,41.785369,-71.667288,0.0
2025-09-24,41.785369,-71.667288,19.541197218772
2025-09-25,41.785369,-71.667288,11.605042365489783
2025-09-26,41.785369,-71.667288,0.11634405956871295
2025-09-27,41.785369,-71.667288,0.020529498044360446
2025-09-28,41.785369,-71.667288,16.434191621644953
2025-09-29,41.785369,-71.667288,0.5074856502639594
2025-09-30,41.785369,-71.667288,0.7409825608612539
