date,lat,lon,pr_mm_per_day
2010-01-01,41.57398,-71.720622,1.05551743356094
2010-01-02,41.57398,-71.720622,0.3423154354427565
2010-01-03,41.57398,-71.720622,0.08823639184315803
2010-01-04,41.57398,-71.720622,1.3523893044933666
2010-01-05,41.57398,-71.720622,0.0
2010-01-06,41.57398,-71.720622,0.0
2010-01-07,41.57398,-71.720622,0.0
2010-01-08,41.57398,-71.720622,0.23831273978946207
2010-01-09,41.57398,-71.720622,0.141947015196623
2010-01-10,41.57398,-71.720622,0.0
2010-01-11,41.57398,-71.720622,0.4434522297126746
2010-01-12,41.57398,-71.720622,0.48932000999041
2010-01-13,41.57398,-71.720622,0.24419838343030148
2010-01-14,41.57398,-71.720622,0.0
2010-01-15,41.57398,-71.720622,0.20455482424317278
2010-01-16,41.57398,-71.720622,0.0
2010-01-17,41.57398,-71.720622,36.715422502960145
2010-01-18,41.57398,-71.720622,11.737367899930353
2010-01-19,41.57398,-71.720622,0.928100665049144
2010-01-20,41.57398,-71.720622,0.0
2010-01-21,41.57398,-71.720622,0.0
2010-01-22,41.57398,-71.720622,2.175885981282291
2010-01-23,41.57398,-71.720622,0.0
2010-01-24,41.57398,-71.720622,3.7140074191043153
2010-01-25,41.57398,-71.720622,34.13955673799103
2010-01-26,41.57398,-71.720622,0.8064150668143539
2010-01-27,41.57398,-71.720622,0.12008587448528743
2010-01-28,41.57398,-71.720622,6.287623358002019
2010-01-29,41.57398,-71.720622,0.010050072939313698
2010-01-30,41.57398,-71.720622,0.0
2010-01-31,41.57398,-71.720622,6.808793032202804
2010-02-01,41.57398,-71.720622,0.0
2010-02-02,41.57398,-71.720622,0.11797630900474243
2010-02-03,41.57398,-71.720622,0.024919485012235516
2010-02-04,41.57398,-71.720622,0.0
2010-02-05,41.57398,-71.720622,0.05515758258843703
2010-02-06,41.57398,-71.720622,0.8787344060534956
2010-02-07,41.57398,-71.720622,0.0
2010-02-08,41.57398,-71.720622,0.0
2010-02-09,41.57398,-71.720622,0.0
2010-02-10,41.57398,-71.720622,2.9994709403408257
2010-02-11,41.57398,-71.720622,0.9784686088476418
2010-02-12,41.57398,-71.720622,0.0
2010-02-13,41.57398,-71.720622,0.0
2010-02-14,41.57398,-71.720622,0.7552782934467435
2010-02-15,41.57398,-71.720622,0.0
2010-02-16,41.57398,-71.720622,0.0499814779237101
2010-02-17,41.57398,-71.720622,0.0636819355421409
2010-02-18,41.57398,-71.720622,0.0
2010-02-19,41.57398,-71.720622,0.0
2010-02-20,41.57398,-71.720622,0.0
2010-02-21,41.57398,-71.720622,0.0
2010-02-22,41.57398,-71.720622,0.0
2010-02-23,41.57398,-71.720622,1.8486781434725283
2010-02-24,41.57398,-71.720622,30.636415511813087
2010-02-25,41.57398,-71.720622,26.68104310665376
2010-02-26,41.57398,-71.720622,41.45119964747934
2010-02-27,41.57398,-71.720622,0.0
2010-02-28,41.57398,-71.720622,0.2640958698231224
2010-03-01,41.57398,-71.720622,0.18575653773192385
2010-03-02,41.57398,-71.720622,0.0
2010-03-03,41.57398,-71.720622,4.641736550415612
2010-03-04,41.57398,-71.720622,0.01692201905785777
2010-03-05,41.57398,-71.720622,0.0011166747941456215
2010-03-06,41.57398,-71.720622,0.0
2010-03-07,41.57398,-71.720622,0.0
2010-03-08,41.57398,-71.720622,0.0
2010-03-09,41.57398,-71.720622,0.0
2010-03-10,41.57398,-71.720622,0.0011166747941456215
2010-03-11,41.57398,-71.720622,0.07472773750716016
2010-03-12,41.57398,-71.720622,0.15458767157771516
2010-03-13,41.57398,-71.720622,57.08238868458143
2010-03-14,41.57398,-71.720622,41.941828233456775
2010-03-15,41.57398,-71.720622,4.494428559528946
2010-03-16,41.57398,-71.720622,0.08595761938086617
2010-03-17,41.57398,-71.720622,0.007601999830081756
2010-03-18,41.57398,-71.720622,0.0
2010-03-19,41.57398,-71.720622,0.00897818464497356
2010-03-20,41.57398,-71.720622,0.0
2010-03-21,41.57398,-71.720622,0.0
2010-03-22,41.57398,-71.720622,4.834840867499148
2010-03-23,41.57398,-71.720622,82.62861137176107
2010-03-24,41.57398,-71.720622,6.6458684571556095
2010-03-25,41.57398,-71.720622,0.002233349588291243
2010-03-26,41.57398,-71.720622,17.771002329753816
2010-03-27,41.57398,-71.720622,0.0
2010-03-28,41.57398,-71.720622,0.9669663192446738
2010-03-29,41.57398,-71.720622,106.01031561347688
2010-03-30,41.57398,-71.720622,87.37116371999115
2010-03-31,41.57398,-71.720622,1.5152721364161241
2010-04-01,41.57398,-71.720622,0.0
2010-04-02,41.57398,-71.720622,0.0
2010-04-03,41.57398,-71.720622,0.002233349588291243
2010-04-04,41.57398,-71.720622,0.0008467523862020383
2010-04-05,41.57398,-71.720622,0.9665168278503555
2010-04-06,41.57398,-71.720622,0.7424391165112956
2010-04-07,41.57398,-71.720622,0.0
2010-04-08,41.57398,-71.720622,0.0
2010-04-09,41.57398,-71.720622,16.70151196018572
2010-04-10,41.57398,-71.720622,0.1519869167808
2010-04-11,41.57398,-71.720622,0.0011989999732004131
2010-04-12,41.57398,-71.720622,0.0
2010-04-13,41.57398,-71.720622,0.0
2010-04-14,41.57398,-71.720622,0.0
2010-04-15,41.57398,-71.720622,0.0
2010-04-16,41.57398,-71.720622,3.461330178183807
2010-04-17,41.57398,-71.720622,12.69588808568365
2010-04-18,41.57398,-71.720622,0.0011166747941456215
2010-04-19,41.57398,-71.720622,0.0
2010-04-20,41.57398,-71.720622,0.006215402627992551
2010-04-21,41.57398,-71.720622,0.0
2010-04-22,41.57398,-71.720622,0.8997507062949278
2010-04-23,41.57398,-71.720622,0.008933398353164972
2010-04-24,41.57398,-71.720622,0.0
2010-04-25,41.57398,-71.720622,11.897781120370352
2010-04-26,41.57398,-71.720622,5.286864522094317
2010-04-27,41.57398,-71.720622,4.220013382232274
2010-04-28,41.57398,-71.720622,0.005665699149782899
2010-04-29,41.57398,-71.720622,0.0
2010-04-30,41.57398,-71.720622,0.09075433516372065
2010-05-01,41.57398,-71.720622,0.0
2010-05-02,41.57398,-71.720622,1.3806502167383634
2010-05-03,41.57398,-71.720622,12.61371120792339
2010-05-04,41.57398,-71.720622,0.0840176098979116
2010-05-05,41.57398,-71.720622,0.0
2010-05-06,41.57398,-71.720622,0.25748075233172896
2010-05-07,41.57398,-71.720622,0.0
2010-05-08,41.57398,-71.720622,6.601028145572632
2010-05-09,41.57398,-71.720622,0.0016935047724040767
2010-05-10,41.57398,-71.720622,0.0
2010-05-11,41.57398,-71.720622,0.7111514708946352
2010-05-12,41.57398,-71.720622,1.6683768223510527
2010-05-13,41.57398,-71.720622,0.0
2010-05-14,41.57398,-71.720622,5.37210270976387
2010-05-15,41.57398,-71.720622,0.9645087831361909
2010-05-16,41.57398,-71.720622,0.0
2010-05-17,41.57398,-71.720622,0.004233761773290266
2010-05-18,41.57398,-71.720622,23.86678803985996
2010-05-19,41.57398,-71.720622,12.028498859199088
2010-05-20,41.57398,-71.720622,0.031024950048206233
2010-05-21,41.57398,-71.720622,0.0
2010-05-22,41.57398,-71.720622,0.12997903375866424
2010-05-23,41.57398,-71.720622,0.1173379881984109
2010-05-24,41.57398,-71.720622,0.0
2010-05-25,41.57398,-71.720622,0.0
2010-05-26,41.57398,-71.720622,0.0
2010-05-27,41.57398,-71.720622,10.674633682212793
2010-05-28,41.57398,-71.720622,0.0
2010-05-29,41.57398,-71.720622,0.8921466807072223
2010-05-30,41.57398,-71.720622,0.16945939646910574
2010-05-31,41.57398,-71.720622,0.0
2010-06-01,41.57398,-71.720622,10.953460775803114
2010-06-02,41.57398,-71.720622,0.08312796694883218
2010-06-03,41.57398,-71.720622,0.0026843251208952565
2010-06-04,41.57398,-71.720622,1.8241081279372202
2010-06-05,41.57398,-71.720622,26.86833880411722
2010-06-06,41.57398,-71.720622,3.7274457084776658
2010-06-07,41.57398,-71.720622,0.0
2010-06-08,41.57398,-71.720622,0.19424938356461824
2010-06-09,41.57398,-71.720622,12.370298073444177
2010-06-10,41.57398,-71.720622,1.497441219547309
2010-06-11,41.57398,-71.720622,0.3552834063255599
2010-06-12,41.57398,-71.720622,1.3991342965213114
2010-06-13,41.57398,-71.720622,6.133549780752389
2010-06-14,41.57398,-71.720622,0.03150314749572207
2010-06-15,41.57398,-71.720622,0.0024657331745998505
2010-06-16,41.57398,-71.720622,0.35862877200644294
2010-06-17,41.57398,-71.720622,0.3422479179204073
2010-06-18,41.57398,-71.720622,0.0
2010-06-19,41.57398,-71.720622,0.0
2010-06-20,41.57398,-71.720622,0.6465189828317162
2010-06-21,41.57398,-71.720622,0.0
2010-06-22,41.57398,-71.720622,1.031637259588237
2010-06-23,41.57398,-71.720622,12.2457611922743
2010-06-24,41.57398,-71.720622,4.477638847061623
2010-06-25,41.57398,-71.720622,0.011908684729745718
2010-06-26,41.57398,-71.720622,0.06015374732604632
2010-06-27,41.57398,-71.720622,0.5912911574698778
2010-06-28,41.57398,-71.720622,2.436711146644397
2010-06-29,41.57398,-71.720622,0.3448366967489268
2010-06-30,41.57398,-71.720622,0.0
2010-07-01,41.57398,-71.720622,0.0
2010-07-02,41.57398,-71.720622,0.0
2010-07-03,41.57398,-71.720622,0.0
2010-07-04,41.57398,-71.720622,0.2232179455639306
2010-07-05,41.57398,-71.720622,0.0
2010-07-06,41.57398,-71.720622,0.04787459822752588
2010-07-07,41.57398,-71.720622,0.019348891965615952
2010-07-08,41.57398,-71.720622,0.0
2010-07-09,41.57398,-71.720622,0.13261129585252568
2010-07-10,41.57398,-71.720622,3.648925908688045
2010-07-11,41.57398,-71.720622,0.8046395643772148
2010-07-12,41.57398,-71.720622,0.06965138337769661
2010-07-13,41.57398,-71.720622,19.16447728206763
2010-07-14,41.57398,-71.720622,10.745633892811366
2010-07-15,41.57398,-71.720622,0.0
2010-07-16,41.57398,-71.720622,0.0
2010-07-17,41.57398,-71.720622,0.21550285957686025
2010-07-18,41.57398,-71.720622,0.0
2010-07-19,41.57398,-71.720622,17.15105630608365
2010-07-20,41.57398,-71.720622,2.324591904527745
2010-07-21,41.57398,-71.720622,3.9845983116966517
2010-07-22,41.57398,-71.720622,0.49999714624078617
2010-07-23,41.57398,-71.720622,15.754593627430431
2010-07-24,41.57398,-71.720622,9.167626635969103
2010-07-25,41.57398,-71.720622,11.579155530427418
2010-07-26,41.57398,-71.720622,0.0
2010-07-27,41.57398,-71.720622,0.0
2010-07-28,41.57398,-71.720622,0.0
2010-07-29,41.57398,-71.720622,2.824956851167848
2010-07-30,41.57398,-71.720622,0.0
2010-07-31,41.57398,-71.720622,0.0
2010-08-01,41.57398,-71.720622,0.0
2010-08-02,41.57398,-71.720622,0.0
2010-08-03,41.57398,-71.720622,0.509226361661695
2010-08-04,41.57398,-71.720622,0.08722245484547088
2010-08-05,41.57398,-71.720622,6.41134804084653
2010-08-06,41.57398,-71.720622,0.17799882009648263
2010-08-07,41.57398,-71.720622,0.0
2010-08-08,41.57398,-71.720622,0.0
2010-08-09,41.57398,-71.720622,0.0212168212967637
2010-08-10,41.57398,-71.720622,3.896422993583876
2010-08-11,41.57398,-71.720622,0.09556428041349081
2010-08-12,41.57398,-71.720622,1.7451834962228527
2010-08-13,41.57398,-71.720622,3.5827993390913817
2010-08-14,41.57398,-71.720622,0.0
2010-08-15,41.57398,-71.720622,0.1747442437116969
2010-08-16,41.57398,-71.720622,2.0937274418845573
2010-08-17,41.57398,-71.720622,3.135284736200441
2010-08-18,41.57398,-71.720622,10.867755375175626
2010-08-19,41.57398,-71.720622,0.8018643574459998
2010-08-20,41.57398,-71.720622,0.04668253353111083
2010-08-21,41.57398,-71.720622,0.808679033564328
2010-08-22,41.57398,-71.720622,39.05309197381152
2010-08-23,41.57398,-71.720622,6.371650849363383
2010-08-24,41.57398,-71.720622,0.13426987371026608
2010-08-25,41.57398,-71.720622,9.033055767092971
2010-08-26,41.57398,-71.720622,0.6861197882367637
2010-08-27,41.57398,-71.720622,0.0
2010-08-28,41.57398,-71.720622,0.0
2010-08-29,41.57398,-71.720622,0.0
2010-08-30,41.57398,-71.720622,0.0
2010-08-31,41.57398,-71.720622,0.0
2010-09-01,41.57398,-71.720622,0.0
2010-09-02,41.57398,-71.720622,0.0
2010-09-03,41.57398,-71.720622,19.15374360968536
2010-09-04,41.57398,-71.720622,17.68970913825667
2010-09-05,41.57398,-71.720622,0.0
2010-09-06,41.57398,-71.720622,0.0
2010-09-07,41.57398,-71.720622,0.0
2010-09-08,41.57398,-71.720622,0.20738605000792756
2010-09-09,41.57398,-71.720622,0.0
2010-09-10,41.57398,-71.720622,0.0
2010-09-11,41.57398,-71.720622,0.0
2010-09-12,41.57398,-71.720622,1.9290927401317917
2010-09-13,41.57398,-71.720622,0.05007869815707302
2010-09-14,41.57398,-71.720622,0.010567427216283877
2010-09-15,41.57398,-71.720622,0.0
2010-09-16,41.57398,-71.720622,1.8601479515292543
2010-09-17,41.57398,-71.720622,22.050463624616896
2010-09-18,41.57398,-71.720622,0.0
2010-09-19,41.57398,-71.720622,0.018713549092531978
2010-09-20,41.57398,-71.720622,0.0
2010-09-21,41.57398,-71.720622,0.0
2010-09-22,41.57398,-71.720622,0.0
2010-09-23,41.57398,-71.720622,3.2084733315081637
2010-09-24,41.57398,-71.720622,0.4346316699698287
2010-09-25,41.57398,-71.720622,0.0
2010-09-26,41.57398,-71.720622,0.35668285314713816
2010-09-27,41.57398,-71.720622,0.588775586406136
2010-09-28,41.57398,-71.720622,7.081944918275552
2010-09-29,41.57398,-71.720622,0.07900082066824603
2010-09-30,41.57398,-71.720622,2.351939546631583
2010-10-01,41.57398,-71.720622,11.856467183951146
2010-10-02,41.57398,-71.720622,0.14331476552075303
2010-10-03,41.57398,-71.720622,0.48907920726353526
2010-10-04,41.57398,-71.720622,9.769199655488194
2010-10-05,41.57398,-71.720622,0.0
2010-10-06,41.57398,-71.720622,33.232055884207
2010-10-07,41.57398,-71.720622,0.0
2010-10-08,41.57398,-71.720622,0.0
2010-10-09,41.57398,-71.720622,0.0
2010-10-10,41.57398,-71.720622,0.0
2010-10-11,41.57398,-71.720622,0.0
2010-10-12,41.57398,-71.720622,3.065125920037129
2010-10-13,41.57398,-71.720622,0.0
2010-10-14,41.57398,-71.720622,0.0
2010-10-15,41.57398,-71.720622,28.41396747877112
2010-10-16,41.57398,-71.720622,0.004466699176582486
2010-10-17,41.57398,-71.720622,0.002233349588291243
2010-10-18,41.57398,-71.720622,0.0
2010-10-19,41.57398,-71.720622,3.3070878011753364
2010-10-20,41.57398,-71.720622,0.1130625231286792
2010-10-21,41.57398,-71.720622,1.0955310602361623
2010-10-22,41.57398,-71.720622,0.0
2010-10-23,41.57398,-71.720622,0.0
2010-10-24,41.57398,-71.720622,5.752926535158541
2010-10-25,41.57398,-71.720622,2.5878168847738183
2010-10-26,41.57398,-71.720622,0.8449668585964177
2010-10-27,41.57398,-71.720622,12.10851662065592
2010-10-28,41.57398,-71.720622,0.03942852029974871
2010-10-29,41.57398,-71.720622,0.0007044951739967496
2010-10-30,41.57398,-71.720622,0.08773122880450052
2010-10-31,41.57398,-71.720622,0.24280860673139562
2010-11-01,41.57398,-71.720622,0.0
2010-11-02,41.57398,-71.720622,0.0
2010-11-03,41.57398,-71.720622,0.0
2010-11-04,41.57398,-71.720622,14.87587281678346
2010-11-05,41.57398,-71.720622,26.251618935896758
2010-11-06,41.57398,-71.720622,3.6927934412035386
2010-11-07,41.57398,-71.720622,2.684799913583035
2010-11-08,41.57398,-71.720622,12.031166962931062
2010-11-09,41.57398,-71.720622,0.1374866160690919
2010-11-10,41.57398,-71.720622,1.4839424949023328
2010-11-11,41.57398,-71.720622,3.8653218113560825
2010-11-12,41.57398,-71.720622,0.0
2010-11-13,41.57398,-71.720622,0.0
2010-11-14,41.57398,-71.720622,0.0
2010-11-15,41.57398,-71.720622,0.006700048764873728
2010-11-16,41.57398,-71.720622,4.459600664033585
2010-11-17,41.57398,-71.720622,31.426296210682594
2010-11-18,41.57398,-71.720622,0.009169650156831391
2010-11-19,41.57398,-71.720622,0.05324443859206279
2010-11-20,41.57398,-71.720622,0.28085925440360976
2010-11-21,41.57398,-71.720622,0.026524678091687324
2010-11-22,41.57398,-71.720622,0.14525359645064073
2010-11-23,41.57398,-71.720622,1.527400102871293
2010-11-24,41.57398,-71.720622,0.0
2010-11-25,41.57398,-71.720622,0.011402999745122634
2010-11-26,41.57398,-71.720622,3.4275010071613337
2010-11-27,41.57398,-71.720622,0.0
2010-11-28,41.57398,-71.720622,0.0
2010-11-29,41.57398,-71.720622,0.0
2010-11-30,41.57398,-71.720622,1.826558557230946
2010-12-01,41.57398,-71.720622,22.573441135985046
2010-12-02,41.57398,-71.720622,0.05222929940208483
2010-12-03,41.57398,-71.720622,0.02948452018039017
2010-12-04,41.57398,-71.720622,0.0
2010-12-05,41.57398,-71.720622,0.0
2010-12-06,41.57398,-71.720622,0.0
2010-12-07,41.57398,-71.720622,0.0
2010-12-08,41.57398,-71.720622,0.0
2010-12-09,41.57398,-71.720622,1.0709154668599088
2010-12-10,41.57398,-71.720622,0.002113485521990249
2010-12-11,41.57398,-71.720622,0.020957460131206203
2010-12-12,41.57398,-71.720622,34.038040541609426
2010-12-13,41.57398,-71.720622,76.43164427470184
2010-12-14,41.57398,-71.720622,0.0
2010-12-15,41.57398,-71.720622,0.0
2010-12-16,41.57398,-71.720622,0.003800999915040878
2010-12-17,41.57398,-71.720622,0.0
2010-12-18,41.57398,-71.720622,0.0
2010-12-19,41.57398,-71.720622,0.06039396730971876
2010-12-20,41.57398,-71.720622,0.28962160140370563
2010-12-21,41.57398,-71.720622,0.005785009491208979
2010-12-22,41.57398,-71.720622,0.0
2010-12-23,41.57398,-71.720622,0.5473781552188194
2010-12-24,41.57398,-71.720622,0.0
2010-12-25,41.57398,-71.720622,0.025468796120417907
2010-12-26,41.57398,-71.720622,4.806240174513068
2010-12-27,41.57398,-71.720622,0.044461656555200166
2010-12-28,41.57398,-71.720622,0.0
2010-12-29,41.57398,-71.720622,0.0
2010-12-30,41.57398,-71.720622,0.0
2010-12-31,41.57398,-71.720622,0.1421609413218059
2011-01-01,41.57398,-71.720622,0.7160234561332575
2011-01-02,41.57398,-71.720622,4.318473933341005
2011-01-03,41.57398,-71.720622,6.461688621069149
2011-01-04,41.57398,-71.720622,0.0
2011-01-05,41.57398,-71.720622,0.0
2011-01-06,41.57398,-71.720622,0.0
2011-01-07,41.57398,-71.720622,0.010737300483581026
2011-01-08,41.57398,-71.720622,0.7062460118522669
2011-01-09,41.57398,-71.720622,1.5554575974436478
2011-01-10,41.57398,-71.720622,0.0
2011-01-11,41.57398,-71.720622,0.1337580249393783
2011-01-12,41.57398,-71.720622,26.707124175579878
2011-01-13,41.57398,-71.720622,0.3874218706097068
2011-01-14,41.57398,-71.720622,0.1731914145455476
2011-01-15,41.57398,-71.720622,1.76263965638359
2011-01-16,41.57398,-71.720622,1.5093429554137525
2011-01-17,41.57398,-71.720622,0.3776153198872672
2011-01-18,41.57398,-71.720622,34.26632725487072
2011-01-19,41.57398,-71.720622,1.0890720818210058
2011-01-20,41.57398,-71.720622,0.20154401404769895
2011-01-21,41.57398,-71.720622,8.43465760066778
2011-01-22,41.57398,-71.720622,0.10672883303981559
2011-01-23,41.57398,-71.720622,0.264032132718607
2011-01-24,41.57398,-71.720622,0.0
2011-01-25,41.57398,-71.720622,1.8818544156243235
2011-01-26,41.57398,-71.720622,7.085978274871549
2011-01-27,41.57398,-71.720622,19.181341804806888
2011-01-28,41.57398,-71.720622,1.2675158559665445
2011-01-29,41.57398,-71.720622,0.5732632712029355
2011-01-30,41.57398,-71.720622,0.10343952005425025
2011-01-31,41.57398,-71.720622,0.0
2011-02-01,41.57398,-71.720622,1.1709330986872029
2011-02-02,41.57398,-71.720622,25.817261213594286
2011-02-03,41.57398,-71.720622,0.0
2011-02-04,41.57398,-71.720622,0.0
2011-02-05,41.57398,-71.720622,0.5454328257875389
2011-02-06,41.57398,-71.720622,1.501370272092998
2011-02-07,41.57398,-71.720622,0.03301574730206033
2011-02-08,41.57398,-71.720622,8.723616664596792
2011-02-09,41.57398,-71.720622,0.0
2011-02-10,41.57398,-71.720622,0.10674672042820636
2011-02-11,41.57398,-71.720622,0.0
2011-02-12,41.57398,-71.720622,0.0
2011-02-13,41.57398,-71.720622,0.0
2011-02-14,41.57398,-71.720622,0.0827605848236229
2011-02-15,41.57398,-71.720622,0.0
2011-02-16,41.57398,-71.720622,0.21979638871136944
2011-02-17,41.57398,-71.720622,0.0
2011-02-18,41.57398,-71.720622,0.10037211917110064
2011-02-19,41.57398,-71.720622,0.0
2011-02-20,41.57398,-71.720622,0.0
2011-02-21,41.57398,-71.720622,0.3164615308885591
2011-02-22,41.57398,-71.720622,0.008681135802592402
2011-02-23,41.57398,-71.720622,0.0
2011-02-24,41.57398,-71.720622,0.0
2011-02-25,41.57398,-71.720622,57.81204481190328
2011-02-26,41.57398,-71.720622,0.005463509904427112
2011-02-27,41.57398,-71.720622,2.1583612145656255
2011-02-28,41.57398,-71.720622,25.163844708868403
2011-03-01,41.57398,-71.720622,5.5800404799569145
2011-03-02,41.57398,-71.720622,0.007908907400396629
2011-03-03,41.57398,-71.720622,0.0
2011-03-04,41.57398,-71.720622,0.008755659786598667
2011-03-05,41.57398,-71.720622,0.0
2011-03-06,41.57398,-71.720622,0.17978350278481087
2011-03-07,41.57398,-71.720622,23.919347938835685
2011-03-08,41.57398,-71.720622,0.0
2011-03-09,41.57398,-71.720622,0.0
2011-03-10,41.57398,-71.720622,6.5386252471972615
2011-03-11,41.57398,-71.720622,19.289400088796516
2011-03-12,41.57398,-71.720622,0.0666140929243588
2011-03-13,41.57398,-71.720622,0.03583602671268414
2011-03-14,41.57398,-71.720622,0.0
2011-03-15,41.57398,-71.720622,0.04318437185402388
2011-03-16,41.57398,-71.720622,11.01692542406626
2011-03-17,41.57398,-71.720622,0.007601999830081756
2011-03-18,41.57398,-71.720622,0.03761453355100261
2011-03-19,41.57398,-71.720622,1.2645205488196811
2011-03-20,41.57398,-71.720622,0.0
2011-03-21,41.57398,-71.720622,3.156456856345689
2011-03-22,41.57398,-71.720622,0.0
2011-03-23,41.57398,-71.720622,1.5158928976558874
2011-03-24,41.57398,-71.720622,3.1751708715714972
2011-03-25,41.57398,-71.720622,0.0
2011-03-26,41.57398,-71.720622,0.0
2011-03-27,41.57398,-71.720622,0.0417427119968248
2011-03-28,41.57398,-71.720622,0.0
2011-03-29,41.57398,-71.720622,0.0
2011-03-30,41.57398,-71.720622,0.0
2011-03-31,41.57398,-71.720622,12.637332333781183
2011-04-01,41.57398,-71.720622,7.618217211550853
2011-04-02,41.57398,-71.720622,0.13223255010154933
2011-04-03,41.57398,-71.720622,0.0
2011-04-04,41.57398,-71.720622,9.846423759483372
2011-04-05,41.57398,-71.720622,1.6031182511104063
2011-04-06,41.57398,-71.720622,0.0
2011-04-07,41.57398,-71.720622,0.01921916948715837
2011-04-08,41.57398,-71.720622,0.12549664405358682
2011-04-09,41.57398,-71.720622,2.37169700116176
2011-04-10,41.57398,-71.720622,0.4237999945108926
2011-04-11,41.57398,-71.720622,3.185329330100239
2011-04-12,41.57398,-71.720622,11.353804621650955
2011-04-13,41.57398,-71.720622,49.918058082125
2011-04-14,41.57398,-71.720622,0.03394270336303598
2011-04-15,41.57398,-71.720622,0.0
2011-04-16,41.57398,-71.720622,2.934564787000984
2011-04-17,41.57398,-71.720622,25.914695678206837
2011-04-18,41.57398,-71.720622,0.25694259611203063
2011-04-19,41.57398,-71.720622,6.17625486228156
2011-04-20,41.57398,-71.720622,2.976770287930353
2011-04-21,41.57398,-71.720622,0.0
2011-04-22,41.57398,-71.720622,0.0070621550141945905
2011-04-23,41.57398,-71.720622,15.236969721784876
2011-04-24,41.57398,-71.720622,0.45764912852671663
2011-04-25,41.57398,-71.720622,4.302726727816969
2011-04-26,41.57398,-71.720622,0.014753024127559498
2011-04-27,41.57398,-71.720622,0.019767062149672943
2011-04-28,41.57398,-71.720622,2.7962288349850706
2011-04-29,41.57398,-71.720622,7.674095354099186
2011-04-30,41.57398,-71.720622,0.0
2011-05-01,41.57398,-71.720622,0.021474600967162052
2011-05-02,41.57398,-71.720622,0.014516772115896184
2011-05-03,41.57398,-71.720622,4.161399151329641
2011-05-04,41.57398,-71.720622,7.195240650067667
2011-05-05,41.57398,-71.720622,3.267734081817171
2011-05-06,41.57398,-71.720622,0.0
2011-05-07,41.57398,-71.720622,8.219992276554986
2011-05-08,41.57398,-71.720622,2.5909364827186536
2011-05-09,41.57398,-71.720622,0.0
2011-05-10,41.57398,-71.720622,0.0
2011-05-11,41.57398,-71.720622,0.03374036899638774
2011-05-12,41.57398,-71.720622,0.026843250208963512
2011-05-13,41.57398,-71.720622,0.17179680773729641
2011-05-14,41.57398,-71.720622,0.7286059818593235
2011-05-15,41.57398,-71.720622,7.1164450013851335
2011-05-16,41.57398,-71.720622,5.0349871809526725
2011-05-17,41.57398,-71.720622,2.2625345542998008
2011-05-18,41.57398,-71.720622,32.611687570101175
2011-05-19,41.57398,-71.720622,5.27807182743561
2011-05-20,41.57398,-71.720622,0.2643273696296723
2011-05-21,41.57398,-71.720622,0.0025402571586061145
2011-05-22,41.57398,-71.720622,0.49795250630516297
2011-05-23,41.57398,-71.720622,3.242317347150197
2011-05-24,41.57398,-71.720622,11.214405738105135
2011-05-25,41.57398,-71.720622,0.17494568090205936
2011-05-26,41.57398,-71.720622,0.0
2011-05-27,41.57398,-71.720622,0.10065142849620223
2011-05-28,41.57398,-71.720622,0.0007044951739967496
2011-05-29,41.57398,-71.720622,0.4258929611133546
2011-05-30,41.57398,-71.720622,4.731310200961547
2011-05-31,41.57398,-71.720622,0.037580552692522654
2011-06-01,41.57398,-71.720622,4.653214604474975
2011-06-02,41.57398,-71.720622,0.5505248939199732
2011-06-03,41.57398,-71.720622,0.0
2011-06-04,41.57398,-71.720622,0.025383859486769335
2011-06-05,41.57398,-71.720622,0.0
2011-06-06,41.57398,-71.720622,0.0663292746715564
2011-06-07,41.57398,-71.720622,0.0
2011-06-08,41.57398,-71.720622,0.12733086105737507
2011-06-09,41.57398,-71.720622,33.675371575679826
2011-06-10,41.57398,-71.720622,14.252756023594863
2011-06-11,41.57398,-71.720622,6.471129003409596
2011-06-12,41.57398,-71.720622,11.177109556040312
2011-06-13,41.57398,-71.720622,0.13736275398154915
2011-06-14,41.57398,-71.720622,0.6463230059205216
2011-06-15,41.57398,-71.720622,0.044710046915293455
2011-06-16,41.57398,-71.720622,0.0
2011-06-17,41.57398,-71.720622,7.6927646088433335
2011-06-18,41.57398,-71.720622,4.350309339930401
2011-06-19,41.57398,-71.720622,0.0
2011-06-20,41.57398,-71.720622,0.016622359679440014
2011-06-21,41.57398,-71.720622,0.0
2011-06-22,41.57398,-71.720622,9.296801719211546
2011-06-23,41.57398,-71.720622,22.730035806117957
2011-06-24,41.57398,-71.720622,2.1623315330378032
2011-06-25,41.57398,-71.720622,0.08526449252740596
2011-06-26,41.57398,-71.720622,0.0
2011-06-27,41.57398,-71.720622,0.0
2011-06-28,41.57398,-71.720622,0.0
2011-06-29,41.57398,-71.720622,6.308498341315823
2011-06-30,41.57398,-71.720622,0.0
2011-07-01,41.57398,-71.720622,0.0
2011-07-02,41.57398,-71.720622,0.0
2011-07-03,41.57398,-71.720622,1.520085316572397
2011-07-04,41.57398,-71.720622,0.20085694091362596
2011-07-05,41.57398,-71.720622,0.029438381308842354
2011-07-06,41.57398,-71.720622,0.32664096943789445
2011-07-07,41.57398,-71.720622,0.019276178942745685
2011-07-08,41.57398,-71.720622,13.172069569275845
2011-07-09,41.57398,-71.720622,27.26071259026369
2011-07-10,41.57398,-71.720622,0.0
2011-07-11,41.57398,-71.720622,0.0
2011-07-12,41.57398,-71.720622,2.0838602738541625
2011-07-13,41.57398,-71.720622,4.404734657480321
2011-07-14,41.57398,-71.720622,3.159883830862498
2011-07-15,41.57398,-71.720622,0.0
2011-07-16,41.57398,-71.720622,0.008619946405013616
2011-07-17,41.57398,-71.720622,0.0
2011-07-18,41.57398,-71.720622,4.5228361302270255
2011-07-19,41.57398,-71.720622,0.017260131434864226
2011-07-20,41.57398,-71.720622,0.0
2011-07-21,41.57398,-71.720622,0.040694324355304776
2011-07-22,41.57398,-71.720622,0.15738759036902808
2011-07-23,41.57398,-71.720622,0.6469196091669487
2011-07-24,41.57398,-71.720622,2.023034951964184
2011-07-25,41.57398,-71.720622,6.160174365401361
2011-07-26,41.57398,-71.720622,6.5637895174868435
2011-07-27,41.57398,-71.720622,0.0
2011-07-28,41.57398,-71.720622,0.0
2011-07-29,41.57398,-71.720622,1.3482028697036408
2011-07-30,41.57398,-71.720622,0.1766848243846411
2011-07-31,41.57398,-71.720622,0.0
2011-08-01,41.57398,-71.720622,1.5724286516781347
2011-08-02,41.57398,-71.720622,0.8555457254521565
2011-08-03,41.57398,-71.720622,1.209280192902932
2011-08-04,41.57398,-71.720622,2.260338184377824
2011-08-05,41.57398,-71.720622,0.0
2011-08-06,41.57398,-71.720622,2.8893289788950507
2011-08-07,41.57398,-71.720622,37.67791028448852
2011-08-08,41.57398,-71.720622,2.7723285494445555
2011-08-09,41.57398,-71.720622,6.834111542109019
2011-08-10,41.57398,-71.720622,3.6934509464655996
2011-08-11,41.57398,-71.720622,0.0
2011-08-12,41.57398,-71.720622,0.0
2011-08-13,41.57398,-71.720622,0.8609464930917943
2011-08-14,41.57398,-71.720622,19.793057346214997
2011-08-15,41.57398,-71.720622,60.198392361001595
2011-08-16,41.57398,-71.720622,0.18474385861657766
2011-08-17,41.57398,-71.720622,0.0
2011-08-18,41.57398,-71.720622,0.18195397065181868
2011-08-19,41.57398,-71.720622,0.6339488193390601
2011-08-20,41.57398,-71.720622,0.3304428431496776
2011-08-21,41.57398,-71.720622,0.8950770814615014
2011-08-22,41.57398,-71.720622,21.43812356966755
2011-08-23,41.57398,-71.720622,0.37274968636471595
2011-08-24,41.57398,-71.720622,0.22410829617634417
2011-08-25,41.57398,-71.720622,2.4327558540917713
2011-08-26,41.57398,-71.720622,0.8201842394897951
2011-08-27,41.57398,-71.720622,13.12423898282091
2011-08-28,41.57398,-71.720622,45.98572514932527
2011-08-29,41.57398,-71.720622,0.0
2011-08-30,41.57398,-71.720622,0.0
2011-08-31,41.57398,-71.720622,1.0438873394236028
2011-09-01,41.57398,-71.720622,1.8411452335099678
2011-09-02,41.57398,-71.720622,0.0
2011-09-03,41.57398,-71.720622,0.015633447534032483
2011-09-04,41.57398,-71.720622,0.0
2011-09-05,41.57398,-71.720622,0.1601235701500941
2011-09-06,41.57398,-71.720622,32.12131949958515
2011-09-07,41.57398,-71.720622,5.634620022477998
2011-09-08,41.57398,-71.720622,46.77148931387438
2011-09-09,41.57398,-71.720622,2.727022950557246
2011-09-10,41.57398,-71.720622,0.0
2011-09-11,41.57398,-71.720622,0.0
2011-09-12,41.57398,-71.720622,0.01944823846509589
2011-09-13,41.57398,-71.720622,0.0
2011-09-14,41.57398,-71.720622,0.0
2011-09-15,41.57398,-71.720622,0.49421799497637836
2011-09-16,41.57398,-71.720622,0.5722905254716724
2011-09-17,41.57398,-71.720622,3.8479669774221454
2011-09-18,41.57398,-71.720622,0.01394325690372875
2011-09-19,41.57398,-71.720622,0.0
2011-09-20,41.57398,-71.720622,3.283033016106881
2011-09-21,41.57398,-71.720622,0.0
2011-09-22,41.57398,-71.720622,0.44748355208424107
2011-09-23,41.57398,-71.720622,26.956168179318656
2011-09-24,41.57398,-71.720622,13.154421613839704
2011-09-25,41.57398,-71.720622,10.540803760596377
2011-09-26,41.57398,-71.720622,0.2554267607455154
2011-09-27,41.57398,-71.720622,0.0
2011-09-28,41.57398,-71.720622,0.20415343011578502
2011-09-29,41.57398,-71.720622,10.76376136227325
2011-09-30,41.57398,-71.720622,0.0
2011-10-01,41.57398,-71.720622,8.716342986287067
2011-10-02,41.57398,-71.720622,0.0
2011-10-03,41.57398,-71.720622,4.306633584161712
2011-10-04,41.57398,-71.720622,6.20139622409745
2011-10-05,41.57398,-71.720622,0.20152611188642378
2011-10-06,41.57398,-71.720622,0.0
2011-10-07,41.57398,-71.720622,0.0
2011-10-08,41.57398,-71.720622,0.0
2011-10-09,41.57398,-71.720622,0.0
2011-10-10,41.57398,-71.720622,0.0
2011-10-11,41.57398,-71.720622,13.429934480144986
2011-10-12,41.57398,-71.720622,9.525884704950007
2011-10-13,41.57398,-71.720622,16.822617080663612
2011-10-14,41.57398,-71.720622,22.187800863207055
2011-10-15,41.57398,-71.720622,0.6294199481391911
2011-10-16,41.57398,-71.720622,0.0007044951739967496
2011-10-17,41.57398,-71.720622,4.445013027981781
2011-10-18,41.57398,-71.720622,0.007816723767016242
2011-10-19,41.57398,-71.720622,35.06645040755898
2011-10-20,41.57398,-71.720622,8.241504222732573
2011-10-21,41.57398,-71.720622,0.0
2011-10-22,41.57398,-71.720622,0.0
2011-10-23,41.57398,-71.720622,0.0
2011-10-24,41.57398,-71.720622,0.005335844708688819
2011-10-25,41.57398,-71.720622,0.2206459866854434
2011-10-26,41.57398,-71.720622,1.7029784557991245
2011-10-27,41.57398,-71.720622,11.267722244407981
2011-10-28,41.57398,-71.720622,0.2648796804885057
2011-10-29,41.57398,-71.720622,23.33099781106728
2011-10-30,41.57398,-71.720622,0.13677259882111964
2011-10-31,41.57398,-71.720622,0.0008467523862020383
2011-11-01,41.57398,-71.720622,11.418241328840582
2011-11-02,41.57398,-71.720622,0.0
2011-11-03,41.57398,-71.720622,0.09403866762572795
2011-11-04,41.57398,-71.720622,1.1070572715026286
2011-11-05,41.57398,-71.720622,0.0
2011-11-06,41.57398,-71.720622,0.0
2011-11-07,41.57398,-71.720622,0.0
2011-11-08,41.57398,-71.720622,0.0
2011-11-09,41.57398,-71.720622,0.0
2011-11-10,41.57398,-71.720622,13.330323311048405
2011-11-11,41.57398,-71.720622,0.27575808147398995
2011-11-12,41.57398,-71.720622,0.0
2011-11-13,41.57398,-71.720622,4.152986106915102
2011-11-14,41.57398,-71.720622,0.12210906806351847
2011-11-15,41.57398,-71.720622,1.1651483233015554
2011-11-16,41.57398,-71.720622,16.808643978855912
2011-11-17,41.57398,-71.720622,14.66792597782171
2011-11-18,41.57398,-71.720622,0.0011166747941456215
2011-11-19,41.57398,-71.720622,0.056509380599739
2011-11-20,41.57398,-71.720622,0.06631381541305524
2011-11-21,41.57398,-71.720622,8.474324224031363
2011-11-22,41.57398,-71.720622,0.016510393725134315
2011-11-23,41.57398,-71.720622,42.11611964068323
2011-11-24,41.57398,-71.720622,0.006700048764873728
2011-11-25,41.57398,-71.720622,0.0
2011-11-26,41.57398,-71.720622,0.3038825395414832
2011-11-27,41.57398,-71.720622,0.29315538195790813
2011-11-28,41.57398,-71.720622,2.4357385519541124
2011-11-29,41.57398,-71.720622,0.005927266861134193
2011-11-30,41.57398,-71.720622,19.410488538784556
2011-12-01,41.57398,-71.720622,0.0
2011-12-02,41.57398,-71.720622,0.0
2011-12-03,41.57398,-71.720622,0.0
2011-12-04,41.57398,-71.720622,0.0
2011-12-05,41.57398,-71.720622,0.0
2011-12-06,41.57398,-71.720622,7.029198993460155
2011-12-07,41.57398,-71.720622,44.2795874642499
2011-12-08,41.57398,-71.720622,3.6616601236351105
2011-12-09,41.57398,-71.720622,0.017162693486366665
2011-12-10,41.57398,-71.720622,3.3078647287390694
2011-12-11,41.57398,-71.720622,0.0
2011-12-12,41.57398,-71.720622,0.8285692743016313
2011-12-13,41.57398,-71.720622,0.7996607810412962
2011-12-14,41.57398,-71.720622,0.053806285792472465
2011-12-15,41.57398,-71.720622,5.907654600161611
2011-12-16,41.57398,-71.720622,1.104802119435862
2011-12-17,41.57398,-71.720622,0.23690103547085067
2011-12-18,41.57398,-71.720622,0.0
2011-12-19,41.57398,-71.720622,0.0
2011-12-20,41.57398,-71.720622,0.7671917044341061
2011-12-21,41.57398,-71.720622,9.647582625718638
2011-12-22,41.57398,-71.720622,4.375152181005165
2011-12-23,41.57398,-71.720622,16.561240135039075
2011-12-24,41.57398,-71.720622,0.0
2011-12-25,41.57398,-71.720622,0.0
2011-12-26,41.57398,-71.720622,1.111697152363714
2011-12-27,41.57398,-71.720622,9.568235859760998
2011-12-28,41.57398,-71.720622,18.330428146004536
2011-12-29,41.57398,-71.720622,0.06706506870896503
2011-12-30,41.57398,-71.720622,0.20172867675871028
2011-12-31,41.57398,-71.720622,5.64104422182244
2012-01-01,41.57398,-71.720622,0.0
2012-01-02,41.57398,-71.720622,4.578754707606062
2012-01-03,41.57398,-71.720622,0.0
2012-01-04,41.57398,-71.720622,0.07516110538504531
2012-01-05,41.57398,-71.720622,2.0983132418155486
2012-01-06,41.57398,-71.720622,0.36830427627390583
2012-01-07,41.57398,-71.720622,0.0
2012-01-08,41.57398,-71.720622,0.02921847003675979
2012-01-09,41.57398,-71.720622,0.0
2012-01-10,41.57398,-71.720622,0.11414818342974159
2012-01-11,41.57398,-71.720622,0.0
2012-01-12,41.57398,-71.720622,44.25764746925296
2012-01-13,41.57398,-71.720622,2.4892332927242675
2012-01-14,41.57398,-71.720622,0.008933398353164972
2012-01-15,41.57398,-71.720622,0.0
2012-01-16,41.57398,-71.720622,0.029527576829842347
2012-01-17,41.57398,-71.720622,6.448358513566794
2012-01-18,41.57398,-71.720622,0.10364061237448749
2012-01-19,41.57398,-71.720622,0.17984977560006427
2012-01-20,41.57398,-71.720622,1.4769716847212664
2012-01-21,41.57398,-71.720622,8.529929186835387
2012-01-22,41.57398,-71.720622,0.3476532266534215
2012-01-23,41.57398,-71.720622,0.7434040763768833
2012-01-24,41.57398,-71.720622,4.694013348166956
2012-01-25,41.57398,-71.720622,0.0
2012-01-26,41.57398,-71.720622,3.656101663274807
2012-01-27,41.57398,-71.720622,30.345515854318716
2012-01-28,41.57398,-71.720622,0.012950378956741155
2012-01-29,41.57398,-71.720622,0.16929134278109279
2012-01-30,41.57398,-71.720622,0.20243347561800765
2012-01-31,41.57398,-71.720622,0.09913097575874835
2012-02-01,41.57398,-71.720622,0.9690612936689093
2012-02-02,41.57398,-71.720622,0.26843251808946
2012-02-03,41.57398,-71.720622,0.03152467473846333
2012-02-04,41.57398,-71.720622,0.00603434950333212
2012-02-05,41.57398,-71.720622,0.0016935047724040767
2012-02-06,41.57398,-71.720622,0.0
2012-02-07,41.57398,-71.720622,0.0
2012-02-08,41.57398,-71.720622,1.4885582031945404
2012-02-09,41.57398,-71.720622,0.11065690097003389
2012-02-10,41.57398,-71.720622,0.0
2012-02-11,41.57398,-71.720622,5.856018092891057
2012-02-12,41.57398,-71.720622,0.0
2012-02-13,41.57398,-71.720622,0.0
2012-02-14,41.57398,-71.720622,0.011709907315437506
2012-02-15,41.57398,-71.720622,0.0
2012-02-16,41.57398,-71.720622,2.5518621266087136
2012-02-17,41.57398,-71.720622,0.3650801219182337
2012-02-18,41.57398,-71.720622,0.0
2012-02-19,41.57398,-71.720622,0.0
2012-02-20,41.57398,-71.720622,0.0
2012-02-21,41.57398,-71.720622,0.0
2012-02-22,41.57398,-71.720622,1.258219966207615
2012-02-23,41.57398,-71.720622,0.6506497001229438
2012-02-24,41.57398,-71.720622,12.230915287180839
2012-02-25,41.57398,-71.720622,4.491360050512194
2012-02-26,41.57398,-71.720622,0.0
2012-02-27,41.57398,-71.720622,0.0016935047724040767
2012-02-28,41.57398,-71.720622,0.0
2012-02-29,41.57398,-71.720622,5.615984493795893
2012-03-01,41.57398,-71.720622,6.565037654552332
2012-03-02,41.57398,-71.720622,0.0
2012-03-03,41.57398,-71.720622,5.832143933133892
2012-03-04,41.57398,-71.720622,1.0960849647822168
2012-03-05,41.57398,-71.720622,0.0
2012-03-06,41.57398,-71.720622,0.0011166747941456215
2012-03-07,41.57398,-71.720622,0.004466699176582486
2012-03-08,41.57398,-71.720622,0.00805297536268577
2012-03-09,41.57398,-71.720622,3.1450302964638572
2012-03-10,41.57398,-71.720622,0.0
2012-03-11,41.57398,-71.720622,0.0
2012-03-12,41.57398,-71.720622,0.0
2012-03-13,41.57398,-71.720622,2.0662258588508333
2012-03-14,41.57398,-71.720622,0.02350395121772811
2012-03-15,41.57398,-71.720622,0.13177765428225535
2012-03-16,41.57398,-71.720622,1.0589698254393178
2012-03-17,41.57398,-71.720622,0.0
2012-03-18,41.57398,-71.720622,0.0
2012-03-19,41.57398,-71.720622,0.0
2012-03-20,41.57398,-71.720622,0.0
2012-03-21,41.57398,-71.720622,0.0
2012-03-22,41.57398,-71.720622,0.0
2012-03-23,41.57398,-71.720622,0.0
2012-03-24,41.57398,-71.720622,0.01999432024630415
2012-03-25,41.57398,-71.720622,3.8668267700290055
2012-03-26,41.57398,-71.720622,0.06719136029906521
2012-03-27,41.57398,-71.720622,0.0011166747941456215
2012-03-28,41.57398,-71.720622,15.514819058955359
2012-03-29,41.57398,-71.720622,1.2491725361872952
2012-03-30,41.57398,-71.720622,0.0
2012-03-31,41.57398,-71.720622,0.682582646202151
2012-04-01,41.57398,-71.720622,2.4100382145399264
2012-04-02,41.57398,-71.720622,2.1293837924743326
2012-04-03,41.57398,-71.720622,0.0
2012-04-04,41.57398,-71.720622,0.02916916053580458
2012-04-05,41.57398,-71.720622,0.0
2012-04-06,41.57398,-71.720622,0.0
2012-04-07,41.57398,-71.720622,0.0
2012-04-08,41.57398,-71.720622,0.039664154085593865
2012-04-09,41.57398,-71.720622,0.005927266861134193
2012-04-10,41.57398,-71.720622,0.0
2012-04-11,41.57398,-71.720622,0.01959119996035054
2012-04-12,41.57398,-71.720622,1.498576390810951
2012-04-13,41.57398,-71.720622,0.888731873965076
2012-04-14,41.57398,-71.720622,0.0008467523862020383
2012-04-15,41.57398,-71.720622,7.53075576399291
2012-04-16,41.57398,-71.720622,0.027888325057535877
2012-04-17,41.57398,-71.720622,0.0
2012-04-18,41.57398,-71.720622,1.4675538686848757
2012-04-19,41.57398,-71.720622,1.5987970553269881
2012-04-20,41.57398,-71.720622,0.0
2012-04-21,41.57398,-71.720622,0.0
2012-04-22,41.57398,-71.720622,31.473099315407616
2012-04-23,41.57398,-71.720622,39.51880204612645
2012-04-24,41.57398,-71.720622,0.16943814179588668
2012-04-25,41.57398,-71.720622,0.011007780862906573
2012-04-26,41.57398,-71.720622,0.12794565973770958
2012-04-27,41.57398,-71.720622,1.769217950741035
2012-04-28,41.57398,-71.720622,0.0
2012-04-29,41.57398,-71.720622,1.1918891483557381
2012-04-30,41.57398,-71.720622,0.012328665610554344
2012-05-01,41.57398,-71.720622,15.449513993887958
2012-05-02,41.57398,-71.720622,0.009794188873239164
2012-05-03,41.57398,-71.720622,3.7040782677547504
2012-05-04,41.57398,-71.720622,2.3383308284359794
2012-05-05,41.57398,-71.720622,0.03525895559145054
2012-05-06,41.57398,-71.720622,0.6659386172185036
2012-05-07,41.57398,-71.720622,0.0
2012-05-08,41.57398,-71.720622,8.18143748413491
2012-05-09,41.57398,-71.720622,37.26189672751032
2012-05-10,41.57398,-71.720622,13.556570144849733
2012-05-11,41.57398,-71.720622,0.0
2012-05-12,41.57398,-71.720622,0.0
2012-05-13,41.57398,-71.720622,0.7633003916569603
2012-05-14,41.57398,-71.720622,1.8366726036255057
2012-05-15,41.57398,-71.720622,4.4378425441919855
2012-05-16,41.57398,-71.720622,10.467836909200637
2012-05-17,41.57398,-71.720622,1.5281054764760595
2012-05-18,41.57398,-71.720622,0.0
2012-05-19,41.57398,-71.720622,0.0
2012-05-20,41.57398,-71.720622,0.0
2012-05-21,41.57398,-71.720622,0.36453627287274126
2012-05-22,41.57398,-71.720622,9.382401768436226
2012-05-23,41.57398,-71.720622,0.001468922381143996
2012-05-24,41.57398,-71.720622,1.048066851908421
2012-05-25,41.57398,-71.720622,1.661634375882681
2012-05-26,41.57398,-71.720622,0.21318955702182918
2012-05-27,41.57398,-71.720622,0.22136930701358906
2012-05-28,41.57398,-71.720622,0.08753438011115329
2012-05-29,41.57398,-71.720622,0.0028925047456044893
2012-05-30,41.57398,-71.720622,4.746226298066015
2012-05-31,41.57398,-71.720622,0.00805297536268577
2012-06-01,41.57398,-71.720622,0.005368650241790513
2012-06-02,41.57398,-71.720622,12.673545524623933
2012-06-03,41.57398,-71.720622,3.570193075330476
2012-06-04,41.57398,-71.720622,0.4591337129060603
2012-06-05,41.57398,-71.720622,1.4184406451107423
2012-06-06,41.57398,-71.720622,1.30556508242565
2012-06-07,41.57398,-71.720622,1.8076922235592359
2012-06-08,41.57398,-71.720622,0.0003522475869983748
2012-06-09,41.57398,-71.720622,5.625968288611149
2012-06-10,41.57398,-71.720622,0.03473188749421808
2012-06-11,41.57398,-71.720622,0.0
2012-06-12,41.57398,-71.720622,7.149725711634731
2012-06-13,41.57398,-71.720622,20.68430635905916
2012-06-14,41.57398,-71.720622,0.0
2012-06-15,41.57398,-71.720622,0.0
2012-06-16,41.57398,-71.720622,0.0
2012-06-17,41.57398,-71.720622,0.0
2012-06-18,41.57398,-71.720622,0.0
2012-06-19,41.57398,-71.720622,0.0
2012-06-20,41.57398,-71.720622,0.0
2012-06-21,41.57398,-71.720622,0.0
2012-06-22,41.57398,-71.720622,0.7009662742200996
2012-06-23,41.57398,-71.720622,1.836789326932653
2012-06-24,41.57398,-71.720622,0.0
2012-06-25,41.57398,-71.720622,46.210609739333975
2012-06-26,41.57398,-71.720622,0.11383904022628882
2012-06-27,41.57398,-71.720622,0.0
2012-06-28,41.57398,-71.720622,0.0014089903479934992
2012-06-29,41.57398,-71.720622,1.1721881414588002
2012-06-30,41.57398,-71.720622,0.0
2012-07-01,41.57398,-71.720622,2.9477239268657502
2012-07-02,41.57398,-71.720622,0.0787623164240635
2012-07-03,41.57398,-71.720622,0.385887332782105
2012-07-04,41.57398,-71.720622,6.3911682467555355
2012-07-05,41.57398,-71.720622,0.17820920636381363
2012-07-06,41.57398,-71.720622,1.9814296573436312
2012-07-07,41.57398,-71.720622,8.763490343112538
2012-07-08,41.57398,-71.720622,0.0
2012-07-09,41.57398,-71.720622,0.02314215615393262
2012-07-10,41.57398,-71.720622,0.0
2012-07-11,41.57398,-71.720622,0.0
2012-07-12,41.57398,-71.720622,0.6202722918831571
2012-07-13,41.57398,-71.720622,0.25862515095330274
2012-07-14,41.57398,-71.720622,7.683715851930165
2012-07-15,41.57398,-71.720622,4.081912066506198
2012-07-16,41.57398,-71.720622,6.9091201119415695
2012-07-17,41.57398,-71.720622,0.0
2012-07-18,41.57398,-71.720622,5.994767497644341
2012-07-19,41.57398,-71.720622,1.462062561745013
2012-07-20,41.57398,-71.720622,17.95434905238688
2012-07-21,41.57398,-71.720622,1.3148721663104395
2012-07-22,41.57398,-71.720622,0.0
2012-07-23,41.57398,-71.720622,3.353549734185408
2012-07-24,41.57398,-71.720622,0.7818191154823588
2012-07-25,41.57398,-71.720622,0.0003522475869983748
2012-07-26,41.57398,-71.720622,0.4851550182340234
2012-07-27,41.57398,-71.720622,5.6327020588569585
2012-07-28,41.57398,-71.720622,6.504210799818093
2012-07-29,41.57398,-71.720622,7.8431535339702965
2012-07-30,41.57398,-71.720622,0.27413273457931253
2012-07-31,41.57398,-71.720622,9.085306176932587
2012-08-01,41.57398,-71.720622,1.9934592318871507
2012-08-02,41.57398,-71.720622,3.9392657247600122
2012-08-03,41.57398,-71.720622,0.12194432048256496
2012-08-04,41.57398,-71.720622,0.07039546963855194
2012-08-05,41.57398,-71.720622,4.230794581158285
2012-08-06,41.57398,-71.720622,6.300037976203136
2012-08-07,41.57398,-71.720622,2.4538512803371364
2012-08-08,41.57398,-71.720622,0.3653193398411976
2012-08-09,41.57398,-71.720622,0.0
2012-08-10,41.57398,-71.720622,12.038878891467313
2012-08-11,41.57398,-71.720622,1.2279981687727308
2012-08-12,41.57398,-71.720622,6.265532127993512
2012-08-13,41.57398,-71.720622,0.034616919658498724
2012-08-14,41.57398,-71.720622,0.0
2012-08-15,41.57398,-71.720622,7.325309049055012
2012-08-16,41.57398,-71.720622,26.257654983932486
2012-08-17,41.57398,-71.720622,0.0
2012-08-18,41.57398,-71.720622,16.11831342892257
2012-08-19,41.57398,-71.720622,0.42917093060137484
2012-08-20,41.57398,-71.720622,5.812353508579173
2012-08-21,41.57398,-71.720622,1.637209962337316
2012-08-22,41.57398,-71.720622,2.093512936289633
2012-08-23,41.57398,-71.720622,0.0010567427609951244
2012-08-24,41.57398,-71.720622,0.17007419675038066
2012-08-25,41.57398,-71.720622,0.0
2012-08-26,41.57398,-71.720622,0.0
2012-08-27,41.57398,-71.720622,0.020674303594087888
2012-08-28,41.57398,-71.720622,5.277906398333743
2012-08-29,41.57398,-71.720622,0.0
2012-08-30,41.57398,-71.720622,0.0
2012-08-31,41.57398,-71.720622,0.0
2012-09-01,41.57398,-71.720622,0.07938174338449712
2012-09-02,41.57398,-71.720622,0.0
2012-09-03,41.57398,-71.720622,0.0
2012-09-04,41.57398,-71.720622,25.42034910167329
2012-09-05,41.57398,-71.720622,20.920023188357828
2012-09-06,41.57398,-71.720622,0.17793498073709182
2012-09-07,41.57398,-71.720622,0.0
2012-09-08,41.57398,-71.720622,0.024158925588062784
2012-09-09,41.57398,-71.720622,8.556235787874561
2012-09-10,41.57398,-71.720622,0.0
2012-09-11,41.57398,-71.720622,0.0
2012-09-12,41.57398,-71.720622,0.0
2012-09-13,41.57398,-71.720622,0.0
2012-09-14,41.57398,-71.720622,0.0
2012-09-15,41.57398,-71.720622,4.638426089026862
2012-09-16,41.57398,-71.720622,0.0
2012-09-17,41.57398,-71.720622,0.0
2012-09-18,41.57398,-71.720622,1.371920812162081
2012-09-19,41.57398,-71.720622,26.756152136600843
2012-09-20,41.57398,-71.720622,0.0
2012-09-21,41.57398,-71.720622,3.661447581730586
2012-09-22,41.57398,-71.720622,0.0
2012-09-23,41.57398,-71.720622,0.029736932472587015
2012-09-24,41.57398,-71.720622,0.0
2012-09-25,41.57398,-71.720622,0.0
2012-09-26,41.57398,-71.720622,0.10582804693260271
2012-09-27,41.57398,-71.720622,0.16030628989961923
2012-09-28,41.57398,-71.720622,18.933181583913655
2012-09-29,41.57398,-71.720622,11.617487540461179
2012-09-30,41.57398,-71.720622,8.726788965379765
2012-10-01,41.57398,-71.720622,0.028634994698373183
2012-10-02,41.57398,-71.720622,12.920986118205311
2012-10-03,41.57398,-71.720622,1.5458584155041242
2012-10-04,41.57398,-71.720622,1.2868419863866767
2012-10-05,41.57398,-71.720622,1.4494615097678274
2012-10-06,41.57398,-71.720622,0.19146107992809974
2012-10-07,41.57398,-71.720622,10.361617074837564
2012-10-08,41.57398,-71.720622,1.9152371509459913
2012-10-09,41.57398,-71.720622,20.914028558399426
2012-10-10,41.57398,-71.720622,0.16979292444690836
2012-10-11,41.57398,-71.720622,0.0
2012-10-12,41.57398,-71.720622,0.06678307528727531
2012-10-13,41.57398,-71.720622,0.010708674645360154
2012-10-14,41.57398,-71.720622,2.7273923619571177
2012-10-15,41.57398,-71.720622,0.26797647037760053
2012-10-16,41.57398,-71.720622,4.005188624003026
2012-10-17,41.57398,-71.720622,0.01898080039888307
2012-10-18,41.57398,-71.720622,0.0
2012-10-19,41.57398,-71.720622,3.227572041818912
2012-10-20,41.57398,-71.720622,25.26152590011947
2012-10-21,41.57398,-71.720622,0.0
2012-10-22,41.57398,-71.720622,0.0008467523862020383
2012-10-23,41.57398,-71.720622,0.34800007141302847
2012-10-24,41.57398,-71.720622,4.482753412595327
2012-10-25,41.57398,-71.720622,0.0
2012-10-26,41.57398,-71.720622,0.0
2012-10-27,41.57398,-71.720622,0.0
2012-10-28,41.57398,-71.720622,0.08503382880425323
2012-10-29,41.57398,-71.720622,2.3088136974038185
2012-10-30,41.57398,-71.720622,4.647409208223471
2012-10-31,41.57398,-71.720622,0.07350038614555832
2012-11-01,41.57398,-71.720622,0.32178472190296153
2012-11-02,41.57398,-71.720622,0.24002323968275766
2012-11-03,41.57398,-71.720622,0.0011166747941456215
2012-11-04,41.57398,-71.720622,0.0028179806959869984
2012-11-05,41.57398,-71.720622,0.0
2012-11-06,41.57398,-71.720622,0.0
2012-11-07,41.57398,-71.720622,29.277291874465284
2012-11-08,41.57398,-71.720622,4.3210827914613255
2012-11-09,41.57398,-71.720622,0.022153700341840388
2012-11-10,41.57398,-71.720622,0.1619618497264516
2012-11-11,41.57398,-71.720622,0.3187708836204734
2012-11-12,41.57398,-71.720622,0.0
2012-11-13,41.57398,-71.720622,2.2675479782023324
2012-11-14,41.57398,-71.720622,0.0
2012-11-15,41.57398,-71.720622,0.0
2012-11-16,41.57398,-71.720622,4.334777678755876
2012-11-17,41.57398,-71.720622,0.0
2012-11-18,41.57398,-71.720622,0.0
2012-11-19,41.57398,-71.720622,0.03308577949472479
2012-11-20,41.57398,-71.720622,0.0
2012-11-21,41.57398,-71.720622,0.36373670674063135
2012-11-22,41.57398,-71.720622,0.0
2012-11-23,41.57398,-71.720622,0.0
2012-11-24,41.57398,-71.720622,0.06225100531258748
2012-11-25,41.57398,-71.720622,0.16144400577319956
2012-11-26,41.57398,-71.720622,0.0
2012-11-27,41.57398,-71.720622,0.9094765846410777
2012-11-28,41.57398,-71.720622,0.013174960789621782
2012-11-29,41.57398,-71.720622,0.0011166747941456215
2012-11-30,41.57398,-71.720622,0.0
2012-12-01,41.57398,-71.720622,0.3338728176947784
2012-12-02,41.57398,-71.720622,0.03976027097332834
2012-12-03,41.57398,-71.720622,2.4735065475014184
2012-12-04,41.57398,-71.720622,0.2653155575614554
2012-12-05,41.57398,-71.720622,0.20549238573830114
2012-12-06,41.57398,-71.720622,0.0
2012-12-07,41.57398,-71.720622,1.6924680752853747
2012-12-08,41.57398,-71.720622,14.456865083935142
2012-12-09,41.57398,-71.720622,1.4166018436459484
2012-12-10,41.57398,-71.720622,19.909836056855887
2012-12-11,41.57398,-71.720622,0.5128184375945396
2012-12-12,41.57398,-71.720622,0.46303255283310246
2012-12-13,41.57398,-71.720622,0.002233349588291243
2012-12-14,41.57398,-71.720622,0.003350024382436864
2012-12-15,41.57398,-71.720622,0.019999999552965164
2012-12-16,41.57398,-71.720622,0.06919708719783796
2012-12-17,41.57398,-71.720622,11.551434566301689
2012-12-18,41.57398,-71.720622,26.301779369853953
2012-12-19,41.57398,-71.720622,0.019445562654999776
2012-12-20,41.57398,-71.720622,0.009835349418373
2012-12-21,41.57398,-71.720622,28.924628645857315
2012-12-22,41.57398,-71.720622,0.010754568244532903
2012-12-23,41.57398,-71.720622,0.021474600967162052
2012-12-24,41.57398,-71.720622,0.015203999660163512
2012-12-25,41.57398,-71.720622,2.487699624003191
2012-12-26,41.57398,-71.720622,9.097992896305364
2012-12-27,41.57398,-71.720622,23.123934451176886
2012-12-28,41.57398,-71.720622,0.0
2012-12-29,41.57398,-71.720622,12.6017814530078
2012-12-30,41.57398,-71.720622,4.786773264792881
2012-12-31,41.57398,-71.720622,0.12202878529836635
2013-01-01,41.57398,-71.720622,0.9099969564935377
2013-01-02,41.57398,-71.720622,0.0860023978059555
2013-01-03,41.57398,-71.720622,1.124955793210457
2013-01-04,41.57398,-71.720622,0.0
2013-01-05,41.57398,-71.720622,0.0
2013-01-06,41.57398,-71.720622,1.7411681219458586
2013-01-07,41.57398,-71.720622,0.0045792185653676445
2013-01-08,41.57398,-71.720622,0.0
2013-01-09,41.57398,-71.720622,1.751934515195275
2013-01-10,41.57398,-71.720622,0.0
2013-01-11,41.57398,-71.720622,1.4352845399196286
2013-01-12,41.57398,-71.720622,8.04931901586773
2013-01-13,41.57398,-71.720622,0.47896330788080616
2013-01-14,41.57398,-71.720622,2.268142975228412
2013-01-15,41.57398,-71.720622,10.282044619317379
2013-01-16,41.57398,-71.720622,23.933450011663165
2013-01-17,41.57398,-71.720622,1.1842949131044276
2013-01-18,41.57398,-71.720622,1.2889669810759379
2013-01-19,41.57398,-71.720622,0.0045792185653676445
2013-01-20,41.57398,-71.720622,0.0
2013-01-21,41.57398,-71.720622,0.11780276085088473
2013-01-22,41.57398,-71.720622,0.7156245712959514
2013-01-23,41.57398,-71.720622,0.0
2013-01-24,41.57398,-71.720622,0.0
2013-01-25,41.57398,-71.720622,0.03957764976915605
2013-01-26,41.57398,-71.720622,0.034862726546656564
2013-01-27,41.57398,-71.720622,0.0
2013-01-28,41.57398,-71.720622,1.631078697396919
2013-01-29,41.57398,-71.720622,0.4522980518331251
2013-01-30,41.57398,-71.720622,2.917957254712013
2013-01-31,41.57398,-71.720622,17.078515646947878
2013-02-01,41.57398,-71.720622,0.0007044951739967496
2013-02-02,41.57398,-71.720622,0.0
2013-02-03,41.57398,-71.720622,0.0
2013-02-04,41.57398,-71.720622,0.0
2013-02-05,41.57398,-71.720622,0.36002136720026034
2013-02-06,41.57398,-71.720622,0.0
2013-02-07,41.57398,-71.720622,0.0033870095448081533
2013-02-08,41.57398,-71.720622,77.0726818420265
2013-02-09,41.57398,-71.720622,55.98077399708076
2013-02-10,41.57398,-71.720622,0.0
2013-02-11,41.57398,-71.720622,2.679630214757359
2013-02-12,41.57398,-71.720622,0.008933398353164972
2013-02-13,41.57398,-71.720622,0.0
2013-02-14,41.57398,-71.720622,4.866976525151199
2013-02-15,41.57398,-71.720622,0.0
2013-02-16,41.57398,-71.720622,0.04842385314923182
2013-02-17,41.57398,-71.720622,1.5760045468570036
2013-02-18,41.57398,-71.720622,0.0
2013-02-19,41.57398,-71.720622,0.7073382259188921
2013-02-20,41.57398,-71.720622,2.1860920640444133
2013-02-21,41.57398,-71.720622,0.0
2013-02-22,41.57398,-71.720622,0.005368650241790513
2013-02-23,41.57398,-71.720622,0.21198876530622268
2013-02-24,41.57398,-71.720622,0.5396998868104532
2013-02-25,41.57398,-71.720622,0.0
2013-02-26,41.57398,-71.720622,0.0
2013-02-27,41.57398,-71.720622,14.78534215805633
2013-02-28,41.57398,-71.720622,0.03064425162398797
2013-03-01,41.57398,-71.720622,0.0
2013-03-02,41.57398,-71.720622,0.0
2013-03-03,41.57398,-71.720622,0.0
2013-03-04,41.57398,-71.720622,0.0
2013-03-05,41.57398,-71.720622,0.0
2013-03-06,41.57398,-71.720622,0.011402999745122634
2013-03-07,41.57398,-71.720622,0.2945773884416342
2013-03-08,41.57398,-71.720622,3.637936935284936
2013-03-09,41.57398,-71.720622,0.1056195595814837
2013-03-10,41.57398,-71.720622,0.0
2013-03-11,41.57398,-71.720622,0.003170228217374146
2013-03-12,41.57398,-71.720622,42.85152229997091
2013-03-13,41.57398,-71.720622,0.0
2013-03-14,41.57398,-71.720622,0.0
2013-03-15,41.57398,-71.720622,0.5175326988982403
2013-03-16,41.57398,-71.720622,0.31644309641646845
2013-03-17,41.57398,-71.720622,0.0
2013-03-18,41.57398,-71.720622,0.4172522708678843
2013-03-19,41.57398,-71.720622,5.356941771835671
2013-03-20,41.57398,-71.720622,0.0
2013-03-21,41.57398,-71.720622,0.005080514317212229
2013-03-22,41.57398,-71.720622,0.0
2013-03-23,41.57398,-71.720622,0.0
2013-03-24,41.57398,-71.720622,0.0
2013-03-25,41.57398,-71.720622,0.14638920107277503
2013-03-26,41.57398,-71.720622,0.05354510836089794
2013-03-27,41.57398,-71.720622,0.0
2013-03-28,41.57398,-71.720622,0.014087324866017891
2013-03-29,41.57398,-71.720622,0.003350024382436864
2013-03-30,41.57398,-71.720622,0.0
2013-03-31,41.57398,-71.720622,0.9271148077470486
2013-04-01,41.57398,-71.720622,0.8711219081162886
2013-04-02,41.57398,-71.720622,0.0
2013-04-03,41.57398,-71.720622,0.0
2013-04-04,41.57398,-71.720622,0.0
2013-04-05,41.57398,-71.720622,1.0951163101587291
2013-04-06,41.57398,-71.720622,0.018790276346261327
2013-04-07,41.57398,-71.720622,0.024158925588062784
2013-04-08,41.57398,-71.720622,0.007414402601192965
2013-04-09,41.57398,-71.720622,0.3514727366049523
2013-04-10,41.57398,-71.720622,6.1831373869907695
2013-04-11,41.57398,-71.720622,5.001343827387647
2013-04-12,41.57398,-71.720622,10.001551207845292
2013-04-13,41.57398,-71.720622,0.21187478817789793
2013-04-14,41.57398,-71.720622,0.0
2013-04-15,41.57398,-71.720622,0.20746581026585934
2013-04-16,41.57398,-71.720622,0.0
2013-04-17,41.57398,-71.720622,0.680114777317014
2013-04-18,41.57398,-71.720622,0.0
2013-04-19,41.57398,-71.720622,0.0003522475869983748
2013-04-20,41.57398,-71.720622,16.382381458388544
2013-04-21,41.57398,-71.720622,0.13052289358561475
2013-04-22,41.57398,-71.720622,0.8792126641696615
2013-04-23,41.57398,-71.720622,6.648743841123226
2013-04-24,41.57398,-71.720622,1.2612863875349676
2013-04-25,41.57398,-71.720622,0.4840977212195621
2013-04-26,41.57398,-71.720622,0.0
2013-04-27,41.57398,-71.720622,0.0
2013-04-28,41.57398,-71.720622,0.0
2013-04-29,41.57398,-71.720622,0.006631762035130943
2013-04-30,41.57398,-71.720622,0.0
2013-05-01,41.57398,-71.720622,0.0
2013-05-02,41.57398,-71.720622,0.0
2013-05-03,41.57398,-71.720622,0.0
2013-05-04,41.57398,-71.720622,0.0
2013-05-05,41.57398,-71.720622,0.0
2013-05-06,41.57398,-71.720622,0.0
2013-05-07,41.57398,-71.720622,0.0
2013-05-08,41.57398,-71.720622,0.532116523493991
2013-05-09,41.57398,-71.720622,14.451320053290273
2013-05-10,41.57398,-71.720622,0.11164881848113466
2013-05-11,41.57398,-71.720622,19.89432681442129
2013-05-12,41.57398,-71.720622,11.019849368695406
2013-05-13,41.57398,-71.720622,0.038491415898875656
2013-05-14,41.57398,-71.720622,0.0
2013-05-15,41.57398,-71.720622,3.178092759297567
2013-05-16,41.57398,-71.720622,0.035440251516789624
2013-05-17,41.57398,-71.720622,0.01680863464928991
2013-05-18,41.57398,-71.720622,0.21727254380428312
2013-05-19,41.57398,-71.720622,8.193486811426524
2013-05-20,41.57398,-71.720622,0.5927628966494909
2013-05-21,41.57398,-71.720622,2.7114840042453383
2013-05-22,41.57398,-71.720622,0.1123203442141388
2013-05-23,41.57398,-71.720622,0.2964783513355044
2013-05-24,41.57398,-71.720622,23.651358508028665
2013-05-25,41.57398,-71.720622,2.4417581499544747
2013-05-26,41.57398,-71.720622,0.07430874301167063
2013-05-27,41.57398,-71.720622,0.0
2013-05-28,41.57398,-71.720622,1.8479525890738984
2013-05-29,41.57398,-71.720622,5.955383434710089
2013-05-30,41.57398,-71.720622,5.242087170892423
2013-05-31,41.57398,-71.720622,0.0
2013-06-01,41.57398,-71.720622,0.0
2013-06-02,41.57398,-71.720622,0.0
2013-06-03,41.57398,-71.720622,22.176703971239917
2013-06-04,41.57398,-71.720622,0.03015021798595352
2013-06-05,41.57398,-71.720622,0.0
2013-06-06,41.57398,-71.720622,1.1566561402994404
2013-06-07,41.57398,-71.720622,68.87126564451054
2013-06-08,41.57398,-71.720622,9.280768176581647
2013-06-09,41.57398,-71.720622,0.0
2013-06-10,41.57398,-71.720622,19.926368342082977
2013-06-11,41.57398,-71.720622,40.07465501441159
2013-06-12,41.57398,-71.720622,0.0
2013-06-13,41.57398,-71.720622,10.01616364586945
2013-06-14,41.57398,-71.720622,16.149167426012202
2013-06-15,41.57398,-71.720622,0.0
2013-06-16,41.57398,-71.720622,0.9644813747205347
2013-06-17,41.57398,-71.720622,0.31339813213379797
2013-06-18,41.57398,-71.720622,11.495197368882646
2013-06-19,41.57398,-71.720622,14.228398747349894
2013-06-20,41.57398,-71.720622,0.0
2013-06-21,41.57398,-71.720622,0.0
2013-06-22,41.57398,-71.720622,0.0
2013-06-23,41.57398,-71.720622,0.0
2013-06-24,41.57398,-71.720622,0.12080565563199114
2013-06-25,41.57398,-71.720622,0.3981877701048649
2013-06-26,41.57398,-71.720622,4.012327872194533
2013-06-27,41.57398,-71.720622,1.088694260264647
2013-06-28,41.57398,-71.720622,6.2619711541109995
2013-06-29,41.57398,-71.720622,3.94380976746434
2013-06-30,41.57398,-71.720622,2.2164903081807483
2013-07-01,41.57398,-71.720622,1.7924171224949346
2013-07-02,41.57398,-71.720622,2.5783736783835787
2013-07-03,41.57398,-71.720622,2.6127826857228182
2013-07-04,41.57398,-71.720622,0.0
2013-07-05,41.57398,-71.720622,0.0
2013-07-06,41.57398,-71.720622,0.0
2013-07-07,41.57398,-71.720622,0.037544123343835285
2013-07-08,41.57398,-71.720622,0.07819665224084205
2013-07-09,41.57398,-71.720622,7.47740258929456
2013-07-10,41.57398,-71.720622,0.0389049160531465
2013-07-11,41.57398,-71.720622,12.824334349615569
2013-07-12,41.57398,-71.720622,0.7450627923128004
2013-07-13,41.57398,-71.720622,0.6791440980969077
2013-07-14,41.57398,-71.720622,0.016074713406059413
2013-07-15,41.57398,-71.720622,0.0
2013-07-16,41.57398,-71.720622,0.0016935047724040767
2013-07-17,41.57398,-71.720622,0.007816723767016242
2013-07-18,41.57398,-71.720622,0.003170228217374146
2013-07-19,41.57398,-71.720622,0.0
2013-07-20,41.57398,-71.720622,0.9131197408462144
2013-07-21,41.57398,-71.720622,2.643790947134285
2013-07-22,41.57398,-71.720622,0.49004937604430493
2013-07-23,41.57398,-71.720622,9.752901113623407
2013-07-24,41.57398,-71.720622,1.7673362873619662
2013-07-25,41.57398,-71.720622,10.575743076582285
2013-07-26,41.57398,-71.720622,21.089855841497375
2013-07-27,41.57398,-71.720622,0.04539845630503233
2013-07-28,41.57398,-71.720622,1.2023329275463432
2013-07-29,41.57398,-71.720622,0.3928681095232157
2013-07-30,41.57398,-71.720622,0.0
2013-07-31,41.57398,-71.720622,0.0
2013-08-01,41.57398,-71.720622,3.20624686481972
2013-08-02,41.57398,-71.720622,7.215089028279535
2013-08-03,41.57398,-71.720622,6.039798088908716
2013-08-04,41.57398,-71.720622,0.08975575009845739
2013-08-05,41.57398,-71.720622,0.04709123708220017
2013-08-06,41.57398,-71.720622,0.0
2013-08-07,41.57398,-71.720622,0.0
2013-08-08,41.57398,-71.720622,1.7142955806496234
2013-08-09,41.57398,-71.720622,18.497299151221082
2013-08-10,41.57398,-71.720622,0.13820531708856928
2013-08-11,41.57398,-71.720622,0.0
2013-08-12,41.57398,-71.720622,0.04985537631420325
2013-08-13,41.57398,-71.720622,14.04497672216905
2013-08-14,41.57398,-71.720622,0.14284491954027095
2013-08-15,41.57398,-71.720622,0.0
2013-08-16,41.57398,-71.720622,0.0
2013-08-17,41.57398,-71.720622,0.169868466322438
2013-08-18,41.57398,-71.720622,4.122333098167225
2013-08-19,41.57398,-71.720622,2.4765465074626647
2013-08-20,41.57398,-71.720622,1.0263923397639927
2013-08-21,41.57398,-71.720622,0.0
2013-08-22,41.57398,-71.720622,8.154203462445965
2013-08-23,41.57398,-71.720622,0.49054608418739465
2013-08-24,41.57398,-71.720622,0.0
2013-08-25,41.57398,-71.720622,0.0
2013-08-26,41.57398,-71.720622,3.8924985524827855
2013-08-27,41.57398,-71.720622,31.107327131307812
2013-08-28,41.57398,-71.720622,0.024014858283488094
2013-08-29,41.57398,-71.720622,0.17409568660336583
2013-08-30,41.57398,-71.720622,0.07399090798044904
2013-08-31,41.57398,-71.720622,0.3049749629604503
2013-09-01,41.57398,-71.720622,11.54331019576207
2013-09-02,41.57398,-71.720622,15.561130874167102
2013-09-03,41.57398,-71.720622,21.20256063636758
2013-09-04,41.57398,-71.720622,0.07790415129868064
2013-09-05,41.57398,-71.720622,1.4782719626605585
2013-09-06,41.57398,-71.720622,0.06828226842092637
2013-09-07,41.57398,-71.720622,0.002113485521990249
2013-09-08,41.57398,-71.720622,0.856756986933806
2013-09-09,41.57398,-71.720622,0.5806876985617129
2013-09-10,41.57398,-71.720622,1.095539350302257
2013-09-11,41.57398,-71.720622,0.0
2013-09-12,41.57398,-71.720622,0.11805163036932076
2013-09-13,41.57398,-71.720622,8.90928713517789
2013-09-14,41.57398,-71.720622,0.0
2013-09-15,41.57398,-71.720622,0.030204000256209958
2013-09-16,41.57398,-71.720622,1.6874635726350151
2013-09-17,41.57398,-71.720622,0.0
2013-09-18,41.57398,-71.720622,0.0
2013-09-19,41.57398,-71.720622,0.0
2013-09-20,41.57398,-71.720622,0.0
2013-09-21,41.57398,-71.720622,0.0
2013-09-22,41.57398,-71.720622,16.54211296545985
2013-09-23,41.57398,-71.720622,0.0
2013-09-24,41.57398,-71.720622,0.0
2013-09-25,41.57398,-71.720622,0.0
2013-09-26,41.57398,-71.720622,0.0
2013-09-27,41.57398,-71.720622,0.0
2013-09-28,41.57398,-71.720622,0.0
2013-09-29,41.57398,-71.720622,0.0
2013-09-30,41.57398,-71.720622,0.0
2013-10-01,41.57398,-71.720622,0.0
2013-10-02,41.57398,-71.720622,0.0
2013-10-03,41.57398,-71.720622,0.0
2013-10-04,41.57398,-71.720622,0.021431382757920576
2013-10-05,41.57398,-71.720622,6.595390705115319
2013-10-06,41.57398,-71.720622,3.155482859244671
2013-10-07,41.57398,-71.720622,0.0
2013-10-08,41.57398,-71.720622,0.6120503518947437
2013-10-09,41.57398,-71.720622,0.013421625104481756
2013-10-10,41.57398,-71.720622,2.200442043511964
2013-10-11,41.57398,-71.720622,0.12754261178578558
2013-10-12,41.57398,-71.720622,0.33067471562755224
2013-10-13,41.57398,-71.720622,0.0
2013-10-14,41.57398,-71.720622,0.0
2013-10-15,41.57398,-71.720622,0.0
2013-10-16,41.57398,-71.720622,0.4230532250445569
2013-10-17,41.57398,-71.720622,0.08186387083111209
2013-10-18,41.57398,-71.720622,0.009377829781540625
2013-10-19,41.57398,-71.720622,0.7651923879766205
2013-10-20,41.57398,-71.720622,2.2514428058927107
2013-10-21,41.57398,-71.720622,0.0
2013-10-22,41.57398,-71.720622,0.0
2013-10-23,41.57398,-71.720622,2.7544587002873655
2013-10-24,41.57398,-71.720622,0.0
2013-10-25,41.57398,-71.720622,0.0
2013-10-26,41.57398,-71.720622,0.0
2013-10-27,41.57398,-71.720622,0.08180531694185258
2013-10-28,41.57398,-71.720622,0.00865874259107688
2013-10-29,41.57398,-71.720622,0.0
2013-10-30,41.57398,-71.720622,2.663796348544961
2013-10-31,41.57398,-71.720622,1.0962534641444392
2013-11-01,41.57398,-71.720622,8.067194219664982
2013-11-02,41.57398,-71.720622,0.029330119938642017
2013-11-03,41.57398,-71.720622,1.5686939708966543
2013-11-04,41.57398,-71.720622,0.0
2013-11-05,41.57398,-71.720622,0.0
2013-11-06,41.57398,-71.720622,0.09631742709701292
2013-11-07,41.57398,-71.720622,22.0746950642975
2013-11-08,41.57398,-71.720622,0.0007044951739967496
2013-11-09,41.57398,-71.720622,0.466374150660563
2013-11-10,41.57398,-71.720622,0.12899775175963704
2013-11-11,41.57398,-71.720622,0.018790276346261327
2013-11-12,41.57398,-71.720622,6.476476397238069
2013-11-13,41.57398,-71.720622,0.10410853864589453
2013-11-14,41.57398,-71.720622,0.052514632417880465
2013-11-15,41.57398,-71.720622,0.0
2013-11-16,41.57398,-71.720622,0.2947149493054101
2013-11-17,41.57398,-71.720622,0.0
2013-11-18,41.57398,-71.720622,8.255661830165387
2013-11-19,41.57398,-71.720622,0.0
2013-11-20,41.57398,-71.720622,0.0
2013-11-21,41.57398,-71.720622,0.0
2013-11-22,41.57398,-71.720622,3.0507224366871553
2013-11-23,41.57398,-71.720622,1.3295925223062792
2013-11-24,41.57398,-71.720622,0.0
2013-11-25,41.57398,-71.720622,0.11274166207752416
2013-11-26,41.57398,-71.720622,8.873025925395803
2013-11-27,41.57398,-71.720622,57.94863848546178
2013-11-28,41.57398,-71.720622,0.4628552826213821
2013-11-29,41.57398,-71.720622,0.0
2013-11-30,41.57398,-71.720622,0.0026843251208952565
2013-12-01,41.57398,-71.720622,0.12335931587883919
2013-12-02,41.57398,-71.720622,0.0
2013-12-03,41.57398,-71.720622,0.0016935047724040767
2013-12-04,41.57398,-71.720622,0.7104013052758635
2013-12-05,41.57398,-71.720622,0.07950897323661629
2013-12-06,41.57398,-71.720622,12.045669925085189
2013-12-07,41.57398,-71.720622,31.34024642166142
2013-12-08,41.57398,-71.720622,0.11698032683465007
2013-12-09,41.57398,-71.720622,0.1893796374360223
2013-12-10,41.57398,-71.720622,8.769925895657217
2013-12-11,41.57398,-71.720622,0.037689057692728796
2013-12-12,41.57398,-71.720622,0.0033870095448081533
2013-12-13,41.57398,-71.720622,0.003102495120397576
2013-12-14,41.57398,-71.720622,0.4745395809048491
2013-12-15,41.57398,-71.720622,8.86307295921561
2013-12-16,41.57398,-71.720622,0.008933398353164972
2013-12-17,41.57398,-71.720622,0.8536702361499301
2013-12-18,41.57398,-71.720622,0.8413732303194363
2013-12-19,41.57398,-71.720622,0.18296495092159215
2013-12-20,41.57398,-71.720622,0.2824528030667548
2013-12-21,41.57398,-71.720622,1.1025273976171628
2013-12-22,41.57398,-71.720622,3.8554157077106623
2013-12-23,41.57398,-71.720622,26.86511862948496
2013-12-24,41.57398,-71.720622,1.0679866891536165
2013-12-25,41.57398,-71.720622,1.740926884700433
2013-12-26,41.57398,-71.720622,0.03658973052860803
2013-12-27,41.57398,-71.720622,0.0
2013-12-28,41.57398,-71.720622,0.0
2013-12-29,41.57398,-71.720622,26.578335521815873
2013-12-30,41.57398,-71.720622,0.15996105143663683
2013-12-31,41.57398,-71.720622,0.0
2014-01-01,41.57398,-71.720622,0.10913385381673583
2014-01-02,41.57398,-71.720622,1.0059876736941664
2014-01-03,41.57398,-71.720622,4.500604221537023
2014-01-04,41.57398,-71.720622,0.006340456434748292
2014-01-05,41.57398,-71.720622,0.3458431415113225
2014-01-06,41.57398,-71.720622,5.472415239932469
2014-01-07,41.57398,-71.720622,0.4404639297308693
2014-01-08,41.57398,-71.720622,0.0
2014-01-09,41.57398,-71.720622,0.010050072939313698
2014-01-10,41.57398,-71.720622,0.05861196768707207
2014-01-11,41.57398,-71.720622,17.86758472901517
2014-01-12,41.57398,-71.720622,15.491622647607754
2014-01-13,41.57398,-71.720622,0.0353400277423121
2014-01-14,41.57398,-71.720622,57.913371248507424
2014-01-15,41.57398,-71.720622,2.7126859585307885
2014-01-16,41.57398,-71.720622,0.49237070582027276
2014-01-17,41.57398,-71.720622,0.0
2014-01-18,41.57398,-71.720622,1.6171499094486277
2014-01-19,41.57398,-71.720622,0.010050072939313698
2014-01-20,41.57398,-71.720622,0.0
2014-01-21,41.57398,-71.720622,0.002233349588291243
2014-01-22,41.57398,-71.720622,0.025605770876990855
2014-01-23,41.57398,-71.720622,0.0
2014-01-24,41.57398,-71.720622,0.0
2014-01-25,41.57398,-71.720622,0.6219744582535518
2014-01-26,41.57398,-71.720622,0.2296884303390927
2014-01-27,41.57398,-71.720622,0.47931329952742807
2014-01-28,41.57398,-71.720622,0.04511796771442266
2014-01-29,41.57398,-71.720622,0.05856112106163472
2014-01-30,41.57398,-71.720622,0.0
2014-01-31,41.57398,-71.720622,1.3060869704018294
2014-02-01,41.57398,-71.720622,0.18294801699338964
2014-02-02,41.57398,-71.720622,0.19700994912316783
2014-02-03,41.57398,-71.720622,14.413963077925782
2014-02-04,41.57398,-71.720622,0.0
2014-02-05,41.57398,-71.720622,33.937308490174026
2014-02-06,41.57398,-71.720622,0.0848672851870548
2014-02-07,41.57398,-71.720622,0.759396948474773
2014-02-08,41.57398,-71.720622,0.0
2014-02-09,41.57398,-71.720622,0.3235359841748776
2014-02-10,41.57398,-71.720622,1.1684901424488858
2014-02-11,41.57398,-71.720622,0.0
2014-02-12,41.57398,-71.720622,0.0
2014-02-13,41.57398,-71.720622,28.259891040051283
2014-02-14,41.57398,-71.720622,12.009928712517699
2014-02-15,41.57398,-71.720622,12.130546526747304
2014-02-16,41.57398,-71.720622,1.1263673529950802
2014-02-17,41.57398,-71.720622,0.0
2014-02-18,41.57398,-71.720622,0.3311508880427854
2014-02-19,41.57398,-71.720622,5.642246552735624
2014-02-20,41.57398,-71.720622,1.2051383122397572
2014-02-21,41.57398,-71.720622,14.616620035967163
2014-02-22,41.57398,-71.720622,0.029033544231792368
2014-02-23,41.57398,-71.720622,0.0
2014-02-24,41.57398,-71.720622,0.1650685280517503
2014-02-25,41.57398,-71.720622,0.0
2014-02-26,41.57398,-71.720622,0.0
2014-02-27,41.57398,-71.720622,0.0
2014-02-28,41.57398,-71.720622,0.0
2014-03-01,41.57398,-71.720622,0.0
2014-03-02,41.57398,-71.720622,0.09238118683982105
2014-03-03,41.57398,-71.720622,2.5796011468575664
2014-03-04,41.57398,-71.720622,0.0
2014-03-05,41.57398,-71.720622,0.0003522475869983748
2014-03-06,41.57398,-71.720622,0.0
2014-03-07,41.57398,-71.720622,0.012970650071872269
2014-03-08,41.57398,-71.720622,0.03665320552877227
2014-03-09,41.57398,-71.720622,0.4369261157044234
2014-03-10,41.57398,-71.720622,1.1263925430562491
2014-03-11,41.57398,-71.720622,0.013548038179232613
2014-03-12,41.57398,-71.720622,4.787242566835375
2014-03-13,41.57398,-71.720622,3.8708967935296497
2014-03-14,41.57398,-71.720622,0.0
2014-03-15,41.57398,-71.720622,2.1475104385018757
2014-03-16,41.57398,-71.720622,0.0
2014-03-17,41.57398,-71.720622,2.020299825372093
2014-03-18,41.57398,-71.720622,0.0
2014-03-19,41.57398,-71.720622,0.0
2014-03-20,41.57398,-71.720622,6.053576933513256
2014-03-21,41.57398,-71.720622,0.0
2014-03-22,41.57398,-71.720622,0.010737300483581026
2014-03-23,41.57398,-71.720622,0.046488552976072364
2014-03-24,41.57398,-71.720622,0.13562031861374904
2014-03-25,41.57398,-71.720622,1.6142607484499076
2014-03-26,41.57398,-71.720622,4.314925066215122
2014-03-27,41.57398,-71.720622,0.0
2014-03-28,41.57398,-71.720622,1.329476323072903
2014-03-29,41.57398,-71.720622,28.96992505883847
2014-03-30,41.57398,-71.720622,93.86654962492237
2014-03-31,41.57398,-71.720622,0.030101649828837073
2014-04-01,41.57398,-71.720622,0.0
2014-04-02,41.57398,-71.720622,0.25816817458520447
2014-04-03,41.57398,-71.720622,0.0
2014-04-04,41.57398,-71.720622,1.60437378093365
2014-04-05,41.57398,-71.720622,2.0950318690061245
2014-04-06,41.57398,-71.720622,0.0
2014-04-07,41.57398,-71.720622,2.3736344285892885
2014-04-08,41.57398,-71.720622,16.078441901348477
2014-04-09,41.57398,-71.720622,0.0
2014-04-10,41.57398,-71.720622,0.0
2014-04-11,41.57398,-71.720622,0.41440632225045
2014-04-12,41.57398,-71.720622,0.3989146266279054
2014-04-13,41.57398,-71.720622,0.13222876920499546
2014-04-14,41.57398,-71.720622,0.012283422943598727
2014-04-15,41.57398,-71.720622,21.52908463339198
2014-04-16,41.57398,-71.720622,28.99997232696828
2014-04-17,41.57398,-71.720622,0.0
2014-04-18,41.57398,-71.720622,0.0
2014-04-19,41.57398,-71.720622,0.21621249756310512
2014-04-20,41.57398,-71.720622,0.0
2014-04-21,41.57398,-71.720622,0.0
2014-04-22,41.57398,-71.720622,0.8133785698303689
2014-04-23,41.57398,-71.720622,4.201484205034853
2014-04-24,41.57398,-71.720622,0.0
2014-04-25,41.57398,-71.720622,0.019762881678134222
2014-04-26,41.57398,-71.720622,11.253113923195363
2014-04-27,41.57398,-71.720622,0.010627359511879287
2014-04-28,41.57398,-71.720622,0.0
2014-04-29,41.57398,-71.720622,0.3591360206903411
2014-04-30,41.57398,-71.720622,51.29465789917188
2014-05-01,41.57398,-71.720622,31.17635569494261
2014-05-02,41.57398,-71.720622,0.1453189758265879
2014-05-03,41.57398,-71.720622,0.0
2014-05-04,41.57398,-71.720622,0.005080514001772378
2014-05-05,41.57398,-71.720622,0.0
2014-05-06,41.57398,-71.720622,0.007601999830081756
2014-05-07,41.57398,-71.720622,1.323469226176382
2014-05-08,41.57398,-71.720622,0.06323267440648937
2014-05-09,41.57398,-71.720622,0.47102972731259285
2014-05-10,41.57398,-71.720622,1.9885398291336536
2014-05-11,41.57398,-71.720622,5.328098483650052
2014-05-12,41.57398,-71.720622,0.02118646504258377
2014-05-13,41.57398,-71.720622,0.10808032240484639
2014-05-14,41.57398,-71.720622,0.023787728372971724
2014-05-15,41.57398,-71.720622,0.0030365727078936313
2014-05-16,41.57398,-71.720622,0.29321637031770387
2014-05-17,41.57398,-71.720622,18.56199060707649
2014-05-18,41.57398,-71.720622,0.0
2014-05-19,41.57398,-71.720622,0.0
2014-05-20,41.57398,-71.720622,0.39212331894572217
2014-05-21,41.57398,-71.720622,0.0
2014-05-22,41.57398,-71.720622,11.720215305502487
2014-05-23,41.57398,-71.720622,0.006198999861441705
2014-05-24,41.57398,-71.720622,0.0
2014-05-25,41.57398,-71.720622,0.1449264455270997
2014-05-26,41.57398,-71.720622,3.0772784277849183
2014-05-27,41.57398,-71.720622,0.861300041768023
2014-05-28,41.57398,-71.720622,3.6203271371706807
2014-05-29,41.57398,-71.720622,0.0
2014-05-30,41.57398,-71.720622,0.24917274061980868
2014-05-31,41.57398,-71.720622,4.457974125024087
2014-06-01,41.57398,-71.720622,0.0
2014-06-02,41.57398,-71.720622,0.0
2014-06-03,41.57398,-71.720622,0.0
2014-06-04,41.57398,-71.720622,0.4158505999486045
2014-06-05,41.57398,-71.720622,6.375765244697283
2014-06-06,41.57398,-71.720622,0.0
2014-06-07,41.57398,-71.720622,0.0049176747091865
2014-06-08,41.57398,-71.720622,0.0
2014-06-09,41.57398,-71.720622,8.47931722427991
2014-06-10,41.57398,-71.720622,1.9607813055078203
2014-06-11,41.57398,-71.720622,1.2470385257987666
2014-06-12,41.57398,-71.720622,0.40689295491731775
2014-06-13,41.57398,-71.720622,8.319107200608041
2014-06-14,41.57398,-71.720622,0.7532656953368023
2014-06-15,41.57398,-71.720622,0.0
2014-06-16,41.57398,-71.720622,0.0
2014-06-17,41.57398,-71.720622,0.020753703368889057
2014-06-18,41.57398,-71.720622,0.008933398353164972
2014-06-19,41.57398,-71.720622,9.034211182819966
2014-06-20,41.57398,-71.720622,0.0
2014-06-21,41.57398,-71.720622,0.0
2014-06-22,41.57398,-71.720622,0.0017612378693806466
2014-06-23,41.57398,-71.720622,0.0
2014-06-24,41.57398,-71.720622,0.006227937045963132
2014-06-25,41.57398,-71.720622,0.18621174782288955
2014-06-26,41.57398,-71.720622,8.155777689753851
2014-06-27,41.57398,-71.720622,0.0
2014-06-28,41.57398,-71.720622,0.0
2014-06-29,41.57398,-71.720622,0.0
2014-06-30,41.57398,-71.720622,0.0
2014-07-01,41.57398,-71.720622,0.0
2014-07-02,41.57398,-71.720622,0.022140300728698187
2014-07-03,41.57398,-71.720622,0.019827551996485476
2014-07-04,41.57398,-71.720622,65.31112992425953
2014-07-05,41.57398,-71.720622,6.3181367340382995
2014-07-06,41.57398,-71.720622,0.0
2014-07-07,41.57398,-71.720622,0.0
2014-07-08,41.57398,-71.720622,1.3054672711990312
2014-07-09,41.57398,-71.720622,0.018983862454519978
2014-07-10,41.57398,-71.720622,3.8883548892412008
2014-07-11,41.57398,-71.720622,4.741968087843179
2014-07-12,41.57398,-71.720622,0.0
2014-07-13,41.57398,-71.720622,0.008873466593622594
2014-07-14,41.57398,-71.720622,3.253356270906213
2014-07-15,41.57398,-71.720622,5.773745333479348
2014-07-16,41.57398,-71.720622,15.49423050029281
2014-07-17,41.57398,-71.720622,4.394088954400823
2014-07-18,41.57398,-71.720622,0.0
2014-07-19,41.57398,-71.720622,4.670118396793601
2014-07-20,41.57398,-71.720622,1.1026910114157646
2014-07-21,41.57398,-71.720622,0.0
2014-07-22,41.57398,-71.720622,0.0
2014-07-23,41.57398,-71.720622,0.0
2014-07-24,41.57398,-71.720622,0.18758990266831932
2014-07-25,41.57398,-71.720622,0.07972238760609078
2014-07-26,41.57398,-71.720622,1.5684455749177575
2014-07-27,41.57398,-71.720622,0.3572142919584367
2014-07-28,41.57398,-71.720622,3.3242904972110714
2014-07-29,41.57398,-71.720622,0.0
2014-07-30,41.57398,-71.720622,0.0
2014-07-31,41.57398,-71.720622,0.0
2014-08-01,41.57398,-71.720622,0.5449034638173137
2014-08-02,41.57398,-71.720622,38.92919175000284
2014-08-03,41.57398,-71.720622,6.217605291876927
2014-08-04,41.57398,-71.720622,0.0
2014-08-05,41.57398,-71.720622,0.0
2014-08-06,41.57398,-71.720622,0.017627068573727953
2014-08-07,41.57398,-71.720622,0.40786765440186706
2014-08-08,41.57398,-71.720622,0.0
2014-08-09,41.57398,-71.720622,0.0
2014-08-10,41.57398,-71.720622,0.00805297536268577
2014-08-11,41.57398,-71.720622,0.0
2014-08-12,41.57398,-71.720622,2.2621932660459705
2014-08-13,41.57398,-71.720622,33.64809090044617
2014-08-14,41.57398,-71.720622,0.0
2014-08-15,41.57398,-71.720622,0.0
2014-08-16,41.57398,-71.720622,0.710753761659881
2014-08-17,41.57398,-71.720622,0.6032212277964382
2014-08-18,41.57398,-71.720622,0.0
2014-08-19,41.57398,-71.720622,0.0
2014-08-20,41.57398,-71.720622,0.0
2014-08-21,41.57398,-71.720622,0.5636052025737001
2014-08-22,41.57398,-71.720622,1.0129825965348425
2014-08-23,41.57398,-71.720622,0.39627133603872566
2014-08-24,41.57398,-71.720622,0.0
2014-08-25,41.57398,-71.720622,0.0
2014-08-26,41.57398,-71.720622,0.0
2014-08-27,41.57398,-71.720622,0.0
2014-08-28,41.57398,-71.720622,0.008467523546580532
2014-08-29,41.57398,-71.720622,0.0
2014-08-30,41.57398,-71.720622,0.011854533722268386
2014-08-31,41.57398,-71.720622,5.192465252095465
2014-09-01,41.57398,-71.720622,3.296635440875688
2014-09-02,41.57398,-71.720622,0.0026679223543444094
2014-09-03,41.57398,-71.720622,0.0
2014-09-04,41.57398,-71.720622,0.0
2014-09-05,41.57398,-71.720622,0.0
2014-09-06,41.57398,-71.720622,0.028788464872665526
2014-09-07,41.57398,-71.720622,1.5564711840281031
2014-09-08,41.57398,-71.720622,0.06118493256143129
2014-09-09,41.57398,-71.720622,1.603602298926705
2014-09-10,41.57398,-71.720622,0.0
2014-09-11,41.57398,-71.720622,0.02452607681449208
2014-09-12,41.57398,-71.720622,0.0
2014-09-13,41.57398,-71.720622,5.013639768512136
2014-09-14,41.57398,-71.720622,0.4093514936529591
2014-09-15,41.57398,-71.720622,0.0
2014-09-16,41.57398,-71.720622,0.08391849412544125
2014-09-17,41.57398,-71.720622,0.0
2014-09-18,41.57398,-71.720622,0.0
2014-09-19,41.57398,-71.720622,0.0
2014-09-20,41.57398,-71.720622,0.0
2014-09-21,41.57398,-71.720622,0.6332021344115845
2014-09-22,41.57398,-71.720622,0.07726983857590358
2014-09-23,41.57398,-71.720622,0.0
2014-09-24,41.57398,-71.720622,0.0
2014-09-25,41.57398,-71.720622,7.655525180278523
2014-09-26,41.57398,-71.720622,9.422467470901713
2014-09-27,41.57398,-71.720622,0.0
2014-09-28,41.57398,-71.720622,0.0
2014-09-29,41.57398,-71.720622,1.2041308671171578
2014-09-30,41.57398,-71.720622,5.842419746141152
2014-10-01,41.57398,-71.720622,13.266150619220566
2014-10-02,41.57398,-71.720622,5.5272871515256625
2014-10-03,41.57398,-71.720622,0.0
2014-10-04,41.57398,-71.720622,4.556276277973912
2014-10-05,41.57398,-71.720622,0.0
2014-10-06,41.57398,-71.720622,0.0
2014-10-07,41.57398,-71.720622,0.05062168223153224
2014-10-08,41.57398,-71.720622,5.2119248257909625
2014-10-09,41.57398,-71.720622,0.0
2014-10-10,41.57398,-71.720622,0.02117660644587251
2014-10-11,41.57398,-71.720622,17.87286979610199
2014-10-12,41.57398,-71.720622,0.0
2014-10-13,41.57398,-71.720622,0.0
2014-10-14,41.57398,-71.720622,0.0
2014-10-15,41.57398,-71.720622,0.0
2014-10-16,41.57398,-71.720622,28.224090899081283
2014-10-17,41.57398,-71.720622,3.5435698046230533
2014-10-18,41.57398,-71.720622,0.016142446818475834
2014-10-19,41.57398,-71.720622,0.0
2014-10-20,41.57398,-71.720622,0.0
2014-10-21,41.57398,-71.720622,0.10680267233490832
2014-10-22,41.57398,-71.720622,20.81202280645809
2014-10-23,41.57398,-71.720622,13.010267328268517
2014-10-24,41.57398,-71.720622,0.21150172583310134
2014-10-25,41.57398,-71.720622,0.10015865509333824
2014-10-26,41.57398,-71.720622,0.0
2014-10-27,41.57398,-71.720622,0.0
2014-10-28,41.57398,-71.720622,0.0
2014-10-29,41.57398,-71.720622,2.544078131064923
2014-10-30,41.57398,-71.720622,0.44040220143360737
2014-10-31,41.57398,-71.720622,0.07851435987560706
2014-11-01,41.57398,-71.720622,9.877810463992047
2014-11-02,41.57398,-71.720622,4.909491536522344
2014-11-03,41.57398,-71.720622,0.0
2014-11-04,41.57398,-71.720622,0.0
2014-11-05,41.57398,-71.720622,0.055698502641201235
2014-11-06,41.57398,-71.720622,17.612965522603233
2014-11-07,41.57398,-71.720622,6.181990439800181
2014-11-08,41.57398,-71.720622,0.0
2014-11-09,41.57398,-71.720622,0.9991229072314571
2014-11-10,41.57398,-71.720622,0.0
2014-11-11,41.57398,-71.720622,0.0047959998928016525
2014-11-12,41.57398,-71.720622,0.008933398353164972
2014-11-13,41.57398,-71.720622,0.013197601500038018
2014-11-14,41.57398,-71.720622,4.638246326693432
2014-11-15,41.57398,-71.720622,0.0
2014-11-16,41.57398,-71.720622,0.012622582114143488
2014-11-17,41.57398,-71.720622,35.99117479802847
2014-11-18,41.57398,-71.720622,0.9560522186201332
2014-11-19,41.57398,-71.720622,0.0
2014-11-20,41.57398,-71.720622,0.0
2014-11-21,41.57398,-71.720622,0.0
2014-11-22,41.57398,-71.720622,0.0
2014-11-23,41.57398,-71.720622,0.28829481072551266
2014-11-24,41.57398,-71.720622,16.30278449867954
2014-11-25,41.57398,-71.720622,1.138638435422903
2014-11-26,41.57398,-71.720622,50.08769821632038
2014-11-27,41.57398,-71.720622,2.9220315506666044
2014-11-28,41.57398,-71.720622,0.0
2014-11-29,41.57398,-71.720622,0.0
2014-11-30,41.57398,-71.720622,0.10732189784935846
2014-12-01,41.57398,-71.720622,0.6596296035726311
2014-12-02,41.57398,-71.720622,2.820072680803001
2014-12-03,41.57398,-71.720622,4.785033505553897
2014-12-04,41.57398,-71.720622,0.0
2014-12-05,41.57398,-71.720622,0.004443752305803277
2014-12-06,41.57398,-71.720622,15.542924667011878
2014-12-07,41.57398,-71.720622,20.115185819576574
2014-12-08,41.57398,-71.720622,0.04534538994609734
2014-12-09,41.57398,-71.720622,76.77618463630297
2014-12-10,41.57398,-71.720622,1.004054387805582
2014-12-11,41.57398,-71.720622,0.6254726190219827
2014-12-12,41.57398,-71.720622,0.022519673815756307
2014-12-13,41.57398,-71.720622,0.0
2014-12-14,41.57398,-71.720622,0.0
2014-12-15,41.57398,-71.720622,0.0
2014-12-16,41.57398,-71.720622,0.0
2014-12-17,41.57398,-71.720622,7.456706882475126
2014-12-18,41.57398,-71.720622,0.09546823393394777
2014-12-19,41.57398,-71.720622,0.0
2014-12-20,41.57398,-71.720622,0.0
2014-12-21,41.57398,-71.720622,0.003350024382436864
2014-12-22,41.57398,-71.720622,0.0
2014-12-23,41.57398,-71.720622,3.169253044134509
2014-12-24,41.57398,-71.720622,17.12909312398548
2014-12-25,41.57398,-71.720622,23.129773069371787
2014-12-26,41.57398,-71.720622,0.0
2014-12-27,41.57398,-71.720622,0.0
2014-12-28,41.57398,-71.720622,4.24043841060242
2014-12-29,41.57398,-71.720622,1.1446032002730167
2014-12-30,41.57398,-71.720622,0.0
2014-12-31,41.57398,-71.720622,0.0
2015-01-01,41.57398,-71.720622,0.0
2015-01-02,41.57398,-71.720622,0.0
2015-01-03,41.57398,-71.720622,2.6156229485715574
2015-01-04,41.57398,-71.720622,25.543803669956937
2015-01-05,41.57398,-71.720622,4.521848757624481
2015-01-06,41.57398,-71.720622,0.0030365727078936313
2015-01-07,41.57398,-71.720622,0.0
2015-01-08,41.57398,-71.720622,0.0
2015-01-09,41.57398,-71.720622,1.15313745791718
2015-01-10,41.57398,-71.720622,0.0
2015-01-11,41.57398,-71.720622,0.0
2015-01-12,41.57398,-71.720622,17.592806872767714
2015-01-13,41.57398,-71.720622,4.495246889519731
2015-01-14,41.57398,-71.720622,0.0
2015-01-15,41.57398,-71.720622,0.40818744083996544
2015-01-16,41.57398,-71.720622,0.0
2015-01-17,41.57398,-71.720622,0.0
2015-01-18,41.57398,-71.720622,1.302905288154884
2015-01-19,41.57398,-71.720622,20.349692948468842
2015-01-20,41.57398,-71.720622,0.023143659780443474
2015-01-21,41.57398,-71.720622,0.16374383987452856
2015-01-22,41.57398,-71.720622,0.0
2015-01-23,41.57398,-71.720622,0.06437340278973039
2015-01-24,41.57398,-71.720622,20.29532009238953
2015-01-25,41.57398,-71.720622,0.006279514448132568
2015-01-26,41.57398,-71.720622,2.271824211130663
2015-01-27,41.57398,-71.720622,18.901771905022915
2015-01-28,41.57398,-71.720622,2.051254717183372
2015-01-29,41.57398,-71.720622,0.0
2015-01-30,41.57398,-71.720622,4.462904176800882
2015-01-31,41.57398,-71.720622,0.0
2015-02-01,41.57398,-71.720622,0.0
2015-02-02,41.57398,-71.720622,15.144646403061891
2015-02-03,41.57398,-71.720622,0.0
2015-02-04,41.57398,-71.720622,0.0
2015-02-05,41.57398,-71.720622,0.0
2015-02-06,41.57398,-71.720622,0.0
2015-02-07,41.57398,-71.720622,0.25897422503293727
2015-02-08,41.57398,-71.720622,5.26211931682381
2015-02-09,41.57398,-71.720622,3.975693315013687
2015-02-10,41.57398,-71.720622,0.7194286650544863
2015-02-11,41.57398,-71.720622,0.0
2015-02-12,41.57398,-71.720622,0.0
2015-02-13,41.57398,-71.720622,0.0
2015-02-14,41.57398,-71.720622,1.1525786746599576
2015-02-15,41.57398,-71.720622,0.18227632255054477
2015-02-16,41.57398,-71.720622,0.0
2015-02-17,41.57398,-71.720622,0.05097591982570121
2015-02-18,41.57398,-71.720622,0.0
2015-02-19,41.57398,-71.720622,0.0
2015-02-20,41.57398,-71.720622,0.0
2015-02-21,41.57398,-71.720622,4.354460824192189
2015-02-22,41.57398,-71.720622,29.373682343980093
2015-02-23,41.57398,-71.720622,0.0074045439388704766
2015-02-24,41.57398,-71.720622,0.0
2015-02-25,41.57398,-71.720622,0.19109609426331844
2015-02-26,41.57398,-71.720622,0.2915360181266688
2015-02-27,41.57398,-71.720622,0.0
2015-02-28,41.57398,-71.720622,0.0
2015-03-01,41.57398,-71.720622,4.05393314557879
2015-03-02,41.57398,-71.720622,2.433359182799991
2015-03-03,41.57398,-71.720622,1.6620592496381064
2015-03-04,41.57398,-71.720622,20.04968109815448
2015-03-05,41.57398,-71.720622,23.43637896014137
2015-03-06,41.57398,-71.720622,0.7672417865033186
2015-03-07,41.57398,-71.720622,0.023870788663495443
2015-03-08,41.57398,-71.720622,0.0
2015-03-09,41.57398,-71.720622,0.0
2015-03-10,41.57398,-71.720622,1.3371127190873506
2015-03-11,41.57398,-71.720622,6.520856769862214
2015-03-12,41.57398,-71.720622,0.0
2015-03-13,41.57398,-71.720622,0.015203999660163512
2015-03-14,41.57398,-71.720622,21.597452112101365
2015-03-15,41.57398,-71.720622,2.7039700901565267
2015-03-16,41.57398,-71.720622,0.027650717930822723
2015-03-17,41.57398,-71.720622,3.9626690778157756
2015-03-18,41.57398,-71.720622,0.0
2015-03-19,41.57398,-71.720622,0.0
2015-03-20,41.57398,-71.720622,2.891111762196582
2015-03-21,41.57398,-71.720622,1.2751142729187357
2015-03-22,41.57398,-71.720622,0.0
2015-03-23,41.57398,-71.720622,0.0
2015-03-24,41.57398,-71.720622,0.0
2015-03-25,41.57398,-71.720622,0.41844764480529467
2015-03-26,41.57398,-71.720622,5.840091268913093
2015-03-27,41.57398,-71.720622,3.9826941796528965
2015-03-28,41.57398,-71.720622,0.18971871425026535
2015-03-29,41.57398,-71.720622,0.0
2015-03-30,41.57398,-71.720622,0.27111493128807673
2015-03-31,41.57398,-71.720622,0.1585303670879426
2015-04-01,41.57398,-71.720622,0.019437761433453778
2015-04-02,41.57398,-71.720622,0.037580552692522654
2015-04-03,41.57398,-71.720622,19.948149796039186
2015-04-04,41.57398,-71.720622,3.389912717190079
2015-04-05,41.57398,-71.720622,0.042949201934324104
2015-04-06,41.57398,-71.720622,0.2751749181759783
2015-04-07,41.57398,-71.720622,2.2294379968836098
2015-04-08,41.57398,-71.720622,0.5623869090057068
2015-04-09,41.57398,-71.720622,2.0505856259975057
2015-04-10,41.57398,-71.720622,7.788415718686861
2015-04-11,41.57398,-71.720622,0.10847439546386153
2015-04-12,41.57398,-71.720622,0.0
2015-04-13,41.57398,-71.720622,0.008933398353164972
2015-04-14,41.57398,-71.720622,2.0656711218336175
2015-04-15,41.57398,-71.720622,1.2268443887394591
2015-04-16,41.57398,-71.720622,0.0
2015-04-17,41.57398,-71.720622,9.841509295818934
2015-04-18,41.57398,-71.720622,0.0
2015-04-19,41.57398,-71.720622,0.0
2015-04-20,41.57398,-71.720622,12.764230234561794
2015-04-21,41.57398,-71.720622,3.265266390103218
2015-04-22,41.57398,-71.720622,4.202091210321733
2015-04-23,41.57398,-71.720622,2.0439301301122494
2015-04-24,41.57398,-71.720622,0.0
2015-04-25,41.57398,-71.720622,0.0
2015-04-26,41.57398,-71.720622,0.0
2015-04-27,41.57398,-71.720622,0.14310091412208634
2015-04-28,41.57398,-71.720622,0.0
2015-04-29,41.57398,-71.720622,0.0
2015-04-30,41.57398,-71.720622,0.0
2015-05-01,41.57398,-71.720622,0.020100145878627396
2015-05-02,41.57398,-71.720622,0.0
2015-05-03,41.57398,-71.720622,0.010919675525005754
2015-05-04,41.57398,-71.720622,0.0
2015-05-05,41.57398,-71.720622,1.1930348784310338
2015-05-06,41.57398,-71.720622,3.4704038240523722
2015-05-07,41.57398,-71.720622,0.0
2015-05-08,41.57398,-71.720622,0.0
2015-05-09,41.57398,-71.720622,0.0
2015-05-10,41.57398,-71.720622,0.0
2015-05-11,41.57398,-71.720622,0.0
2015-05-12,41.57398,-71.720622,0.09896351730200122
2015-05-13,41.57398,-71.720622,0.03221190145074308
2015-05-14,41.57398,-71.720622,0.0
2015-05-15,41.57398,-71.720622,0.18428189251863228
2015-05-16,41.57398,-71.720622,2.0068329643179674
2015-05-17,41.57398,-71.720622,8.525935558330437
2015-05-18,41.57398,-71.720622,0.0
2015-05-19,41.57398,-71.720622,6.570834243489633
2015-05-20,41.57398,-71.720622,11.118541509970118
2015-05-21,41.57398,-71.720622,0.27919510503050327
2015-05-22,41.57398,-71.720622,2.3904841714928606
2015-05-23,41.57398,-71.720622,0.0
2015-05-24,41.57398,-71.720622,0.0
2015-05-25,41.57398,-71.720622,0.30338890896706205
2015-05-26,41.57398,-71.720622,0.504250512399472
2015-05-27,41.57398,-71.720622,0.10399245846033467
2015-05-28,41.57398,-71.720622,0.504275223883188
2015-05-29,41.57398,-71.720622,0.0
2015-05-30,41.57398,-71.720622,0.0
2015-05-31,41.57398,-71.720622,5.428057388659554
2015-06-01,41.57398,-71.720622,4.561940870148377
2015-06-02,41.57398,-71.720622,13.851788217223255
2015-06-03,41.57398,-71.720622,0.17479166687765843
2015-06-04,41.57398,-71.720622,0.0011166747941456215
2015-06-05,41.57398,-71.720622,0.9714154424800443
2015-06-06,41.57398,-71.720622,0.10572641480735204
2015-06-07,41.57398,-71.720622,0.0
2015-06-08,41.57398,-71.720622,0.4180909204256209
2015-06-09,41.57398,-71.720622,0.432431719593549
2015-06-10,41.57398,-71.720622,0.0
2015-06-11,41.57398,-71.720622,0.5427095041337815
2015-06-12,41.57398,-71.720622,0.1678674978157372
2015-06-13,41.57398,-71.720622,0.3811741641671592
2015-06-14,41.57398,-71.720622,0.0
2015-06-15,41.57398,-71.720622,27.529003896670087
2015-06-16,41.57398,-71.720622,0.8275813653415529
2015-06-17,41.57398,-71.720622,0.0675705621625243
2015-06-18,41.57398,-71.720622,0.16859684028256816
2015-06-19,41.57398,-71.720622,0.48489674625252527
2015-06-20,41.57398,-71.720622,0.005583373762731214
2015-06-21,41.57398,-71.720622,18.84281850732162
2015-06-22,41.57398,-71.720622,0.009277291243571057
2015-06-23,41.57398,-71.720622,11.645087333769936
2015-06-24,41.57398,-71.720622,6.214566458556991
2015-06-25,41.57398,-71.720622,0.07037670046189692
2015-06-26,41.57398,-71.720622,1.0900166284700712
2015-06-27,41.57398,-71.720622,7.277695023954666
2015-06-28,41.57398,-71.720622,28.955661561098523
2015-06-29,41.57398,-71.720622,0.05637083103876208
2015-06-30,41.57398,-71.720622,0.0
2015-07-01,41.57398,-71.720622,12.576017383944981
2015-07-02,41.57398,-71.720622,0.022625811382312285
2015-07-03,41.57398,-71.720622,3.2558490947478567
2015-07-04,41.57398,-71.720622,0.4831170577470131
2015-07-05,41.57398,-71.720622,0.0
2015-07-06,41.57398,-71.720622,0.0
2015-07-07,41.57398,-71.720622,0.0
2015-07-08,41.57398,-71.720622,6.441747474828029
2015-07-09,41.57398,-71.720622,0.3026550594813131
2015-07-10,41.57398,-71.720622,0.9408851112133445
2015-07-11,41.57398,-71.720622,0.0
2015-07-12,41.57398,-71.720622,0.06624372043320123
2015-07-13,41.57398,-71.720622,0.7920979808842867
2015-07-14,41.57398,-71.720622,2.298379216893713
2015-07-15,41.57398,-71.720622,9.88971563626837
2015-07-16,41.57398,-71.720622,2.1921756651659168
2015-07-17,41.57398,-71.720622,0.0
2015-07-18,41.57398,-71.720622,0.47487060552767485
2015-07-19,41.57398,-71.720622,0.1794184336696697
2015-07-20,41.57398,-71.720622,4.146746181107499
2015-07-21,41.57398,-71.720622,1.6782224056884867
2015-07-22,41.57398,-71.720622,0.6575831356406886
2015-07-23,41.57398,-71.720622,0.0
2015-07-24,41.57398,-71.720622,1.1006219532568209
2015-07-25,41.57398,-71.720622,0.0
2015-07-26,41.57398,-71.720622,1.2090937178984016
2015-07-27,41.57398,-71.720622,11.129084212116835
2015-07-28,41.57398,-71.720622,0.5173689227028376
2015-07-29,41.57398,-71.720622,0.0
2015-07-30,41.57398,-71.720622,7.981976635234741
2015-07-31,41.57398,-71.720622,3.2887453910653006
2015-08-01,41.57398,-71.720622,0.06858695006432192
2015-08-02,41.57398,-71.720622,0.0
2015-08-03,41.57398,-71.720622,0.0
2015-08-04,41.57398,-71.720622,31.42016312610778
2015-08-05,41.57398,-71.720622,0.0
2015-08-06,41.57398,-71.720622,0.0
2015-08-07,41.57398,-71.720622,0.0026843251208952565
2015-08-08,41.57398,-71.720622,0.0
2015-08-09,41.57398,-71.720622,0.5404456120104577
2015-08-10,41.57398,-71.720622,0.0
2015-08-11,41.57398,-71.720622,40.42395507535425
2015-08-12,41.57398,-71.720622,0.7173017431394646
2015-08-13,41.57398,-71.720622,0.0
2015-08-14,41.57398,-71.720622,0.0
2015-08-15,41.57398,-71.720622,0.0
2015-08-16,41.57398,-71.720622,0.44998142077201575
2015-08-17,41.57398,-71.720622,0.0
2015-08-18,41.57398,-71.720622,0.0
2015-08-19,41.57398,-71.720622,0.0
2015-08-20,41.57398,-71.720622,0.0
2015-08-21,41.57398,-71.720622,1.0708034302273126
2015-08-22,41.57398,-71.720622,0.0
2015-08-23,41.57398,-71.720622,0.1745077772730312
2015-08-24,41.57398,-71.720622,0.0
2015-08-25,41.57398,-71.720622,0.029033544231792368
2015-08-26,41.57398,-71.720622,0.021168810128210737
2015-08-27,41.57398,-71.720622,0.0
2015-08-28,41.57398,-71.720622,0.0
2015-08-29,41.57398,-71.720622,0.0
2015-08-30,41.57398,-71.720622,0.19931505528324284
2015-08-31,41.57398,-71.720622,0.6017442150815511
2015-09-01,41.57398,-71.720622,0.0
2015-09-02,41.57398,-71.720622,0.0
2015-09-03,41.57398,-71.720622,0.0
2015-09-04,41.57398,-71.720622,0.06698367933395838
2015-09-05,41.57398,-71.720622,0.0
2015-09-06,41.57398,-71.720622,0.0
2015-09-07,41.57398,-71.720622,0.0
2015-09-08,41.57398,-71.720622,0.0
2015-09-09,41.57398,-71.720622,0.0
2015-09-10,41.57398,-71.720622,34.310425074671315
2015-09-11,41.57398,-71.720622,16.124435846789176
2015-09-12,41.57398,-71.720622,0.0
2015-09-13,41.57398,-71.720622,19.92798142604653
2015-09-14,41.57398,-71.720622,0.0
2015-09-15,41.57398,-71.720622,0.0
2015-09-16,41.57398,-71.720622,0.0
2015-09-17,41.57398,-71.720622,0.0
2015-09-18,41.57398,-71.720622,0.0
2015-09-19,41.57398,-71.720622,0.0
2015-09-20,41.57398,-71.720622,0.0
2015-09-21,41.57398,-71.720622,0.0
2015-09-22,41.57398,-71.720622,1.1325009499805274
2015-09-23,41.57398,-71.720622,0.0
2015-09-24,41.57398,-71.720622,0.0
2015-09-25,41.57398,-71.720622,0.0
2015-09-26,41.57398,-71.720622,0.0
2015-09-27,41.57398,-71.720622,0.0
2015-09-28,41.57398,-71.720622,0.0
2015-09-29,41.57398,-71.720622,0.07981783773718067
2015-09-30,41.57398,-71.720622,43.234764137405975
2015-10-01,41.57398,-71.720622,3.0470440642882473
2015-10-02,41.57398,-71.720622,30.559885899752228
2015-10-03,41.57398,-71.720622,1.67002940306841
2015-10-04,41.57398,-71.720622,0.0
2015-10-05,41.57398,-71.720622,0.0
2015-10-06,41.57398,-71.720622,0.0
2015-10-07,41.57398,-71.720622,0.0003522475869983748
2015-10-08,41.57398,-71.720622,0.0
2015-10-09,41.57398,-71.720622,12.771339593603171
2015-10-10,41.57398,-71.720622,0.9717358783712113
2015-10-11,41.57398,-71.720622,0.0
2015-10-12,41.57398,-71.720622,0.0
2015-10-13,41.57398,-71.720622,9.498509977751045
2015-10-14,41.57398,-71.720622,0.0
2015-10-15,41.57398,-71.720622,0.0
2015-10-16,41.57398,-71.720622,0.04578367051191145
2015-10-17,41.57398,-71.720622,0.0011166747941456215
2015-10-18,41.57398,-71.720622,0.0
2015-10-19,41.57398,-71.720622,0.0
2015-10-20,41.57398,-71.720622,0.036657074716566415
2015-10-21,41.57398,-71.720622,0.0020457523594024515
2015-10-22,41.57398,-71.720622,0.20600548275582214
2015-10-23,41.57398,-71.720622,0.03245461626929993
2015-10-24,41.57398,-71.720622,0.0
2015-10-25,41.57398,-71.720622,3.5419571417544753
2015-10-26,41.57398,-71.720622,0.0
2015-10-27,41.57398,-71.720622,0.0
2015-10-28,41.57398,-71.720622,7.121240312336121
2015-10-29,41.57398,-71.720622,12.45971871091429
2015-10-30,41.57398,-71.720622,0.0
2015-10-31,41.57398,-71.720622,0.0011166747941456215
2015-11-01,41.57398,-71.720622,10.894786871331032
2015-11-02,41.57398,-71.720622,0.0
2015-11-03,41.57398,-71.720622,0.0
2015-11-04,41.57398,-71.720622,0.0
2015-11-05,41.57398,-71.720622,0.0
2015-11-06,41.57398,-71.720622,0.008972194057623218
2015-11-07,41.57398,-71.720622,0.1449462127282524
2015-11-08,41.57398,-71.720622,0.03477683555686811
2015-11-09,41.57398,-71.720622,0.0
2015-11-10,41.57398,-71.720622,20.20560015110889
2015-11-11,41.57398,-71.720622,0.21144887980977722
2015-11-12,41.57398,-71.720622,5.35010110164679
2015-11-13,41.57398,-71.720622,0.004233761773290266
2015-11-14,41.57398,-71.720622,0.0
2015-11-15,41.57398,-71.720622,0.0
2015-11-16,41.57398,-71.720622,0.009295504602485832
2015-11-17,41.57398,-71.720622,0.0
2015-11-18,41.57398,-71.720622,0.0
2015-11-19,41.57398,-71.720622,0.8176243513406977
2015-11-20,41.57398,-71.720622,16.697956120902674
2015-11-21,41.57398,-71.720622,0.0
2015-11-22,41.57398,-71.720622,20.159883083608353
2015-11-23,41.57398,-71.720622,12.113860119135364
2015-11-24,41.57398,-71.720622,0.0
2015-11-25,41.57398,-71.720622,0.0
2015-11-26,41.57398,-71.720622,0.0
2015-11-27,41.57398,-71.720622,0.0
2015-11-28,41.57398,-71.720622,1.8155494738160722
2015-11-29,41.57398,-71.720622,0.0
2015-11-30,41.57398,-71.720622,0.0
2015-12-01,41.57398,-71.720622,11.740975281479475
2015-12-02,41.57398,-71.720622,8.151977932175758
2015-12-03,41.57398,-71.720622,4.131355255779581
2015-12-04,41.57398,-71.720622,0.0
2015-12-05,41.57398,-71.720622,0.0
2015-12-06,41.57398,-71.720622,0.0
2015-12-07,41.57398,-71.720622,0.0
2015-12-08,41.57398,-71.720622,0.40865451497556615
2015-12-09,41.57398,-71.720622,0.0
2015-12-10,41.57398,-71.720622,0.004196776768638902
2015-12-11,41.57398,-71.720622,0.05055120076441681
2015-12-12,41.57398,-71.720622,0.0
2015-12-13,41.57398,-71.720622,0.13087571087880484
2015-12-14,41.57398,-71.720622,0.1490168413815638
2015-12-15,41.57398,-71.720622,7.218181761795661
2015-12-16,41.57398,-71.720622,0.0
2015-12-17,41.57398,-71.720622,33.60749014408551
2015-12-18,41.57398,-71.720622,4.993763783139895
2015-12-19,41.57398,-71.720622,0.0
2015-12-20,41.57398,-71.720622,0.0
2015-12-21,41.57398,-71.720622,1.0031553850798218
2015-12-22,41.57398,-71.720622,9.995704715404889
2015-12-23,41.57398,-71.720622,13.657981981912696
2015-12-24,41.57398,-71.720622,32.35566310550939
2015-12-25,41.57398,-71.720622,0.828636743704385
2015-12-26,41.57398,-71.720622,2.4642230376754197
2015-12-27,41.57398,-71.720622,3.5872977712045278
2015-12-28,41.57398,-71.720622,3.6102764931671234
2015-12-29,41.57398,-71.720622,22.532849284658795
2015-12-30,41.57398,-71.720622,0.0
2015-12-31,41.57398,-71.720622,3.7851939762983253
2016-01-01,41.57398,-71.720622,0.6546467354837069
2016-01-02,41.57398,-71.720622,0.0
2016-01-03,41.57398,-71.720622,0.0
2016-01-04,41.57398,-71.720622,0.0
2016-01-05,41.57398,-71.720622,0.04561199898049054
2016-01-06,41.57398,-71.720622,0.0
2016-01-07,41.57398,-71.720622,0.0
2016-01-08,41.57398,-71.720622,0.0
2016-01-09,41.57398,-71.720622,0.7789146928576355
2016-01-10,41.57398,-71.720622,53.94769788149727
2016-01-11,41.57398,-71.720622,0.002233349588291243
2016-01-12,41.57398,-71.720622,1.5668460694849793
2016-01-13,41.57398,-71.720622,0.0
2016-01-14,41.57398,-71.720622,0.0
2016-01-15,41.57398,-71.720622,0.0
2016-01-16,41.57398,-71.720622,44.50937361148076
2016-01-17,41.57398,-71.720622,1.5539820154789237
2016-01-18,41.57398,-71.720622,0.0
2016-01-19,41.57398,-71.720622,0.0
2016-01-20,41.57398,-71.720622,0.0
2016-01-21,41.57398,-71.720622,0.0
2016-01-22,41.57398,-71.720622,0.0
2016-01-23,41.57398,-71.720622,5.258259169757059
2016-01-24,41.57398,-71.720622,0.061867077881464866
2016-01-25,41.57398,-71.720622,0.0
2016-01-26,41.57398,-71.720622,0.10589626968138849
2016-01-27,41.57398,-71.720622,0.17773137729439897
2016-01-28,41.57398,-71.720622,0.0
2016-01-29,41.57398,-71.720622,0.0
2016-01-30,41.57398,-71.720622,0.012283422943598727
2016-01-31,41.57398,-71.720622,0.16195930515414048
2016-02-01,41.57398,-71.720622,0.6045069221958306
2016-02-02,41.57398,-71.720622,0.27845680923063026
2016-02-03,41.57398,-71.720622,13.31684893863168
2016-02-04,41.57398,-71.720622,20.45808543642397
2016-02-05,41.57398,-71.720622,56.164004943372134
2016-02-06,41.57398,-71.720622,0.002937844762287992
2016-02-07,41.57398,-71.720622,0.0
2016-02-08,41.57398,-71.720622,11.67345027907297
2016-02-09,41.57398,-71.720622,0.0028179806959869984
2016-02-10,41.57398,-71.720622,0.0
2016-02-11,41.57398,-71.720622,0.0
2016-02-12,41.57398,-71.720622,0.28350735113322717
2016-02-13,41.57398,-71.720622,0.6327997152076066
2016-02-14,41.57398,-71.720622,0.0
2016-02-15,41.57398,-71.720622,0.05907091863583503
2016-02-16,41.57398,-71.720622,21.922650720381682
2016-02-17,41.57398,-71.720622,0.0
2016-02-18,41.57398,-71.720622,0.0
2016-02-19,41.57398,-71.720622,0.0
2016-02-20,41.57398,-71.720622,0.3114252223059899
2016-02-21,41.57398,-71.720622,0.0
2016-02-22,41.57398,-71.720622,0.4302632395700146
2016-02-23,41.57398,-71.720622,1.690223391612225
2016-02-24,41.57398,-71.720622,9.118093409483121
2016-02-25,41.57398,-71.720622,23.292803174164565
2016-02-26,41.57398,-71.720622,0.05637083103876208
2016-02-27,41.57398,-71.720622,0.03444375125419994
2016-02-28,41.57398,-71.720622,0.013400097529747456
2016-02-29,41.57398,-71.720622,1.498862266909051
2016-03-01,41.57398,-71.720622,0.0
2016-03-02,41.57398,-71.720622,11.088426734618757
2016-03-03,41.57398,-71.720622,0.0
2016-03-04,41.57398,-71.720622,0.40402501350860925
2016-03-05,41.57398,-71.720622,0.004233761773290266
2016-03-06,41.57398,-71.720622,0.0
2016-03-07,41.57398,-71.720622,0.0028179806959869984
2016-03-08,41.57398,-71.720622,0.04109261520181741
2016-03-09,41.57398,-71.720622,0.003244752332602864
2016-03-10,41.57398,-71.720622,0.9423046848501627
2016-03-11,41.57398,-71.720622,12.200032537805416
2016-03-12,41.57398,-71.720622,0.0
2016-03-13,41.57398,-71.720622,0.0011989999732004131
2016-03-14,41.57398,-71.720622,16.98726863376002
2016-03-15,41.57398,-71.720622,5.177417770537781
2016-03-16,41.57398,-71.720622,0.008948446690330975
2016-03-17,41.57398,-71.720622,9.381111717665567
2016-03-18,41.57398,-71.720622,0.03798106853941681
2016-03-19,41.57398,-71.720622,0.0
2016-03-20,41.57398,-71.720622,0.0
2016-03-21,41.57398,-71.720622,1.4000761558298662
2016-03-22,41.57398,-71.720622,0.0049176747091865
2016-03-23,41.57398,-71.720622,2.5547193014557568
2016-03-24,41.57398,-71.720622,0.18672149015243672
2016-03-25,41.57398,-71.720622,0.360455965534641
2016-03-26,41.57398,-71.720622,0.0
2016-03-27,41.57398,-71.720622,0.0
2016-03-28,41.57398,-71.720622,19.983105315680373
2016-03-29,41.57398,-71.720622,0.0
2016-03-30,41.57398,-71.720622,0.0003522475869983748
2016-03-31,41.57398,-71.720622,0.0
2016-04-01,41.57398,-71.720622,1.0524263427205145
2016-04-02,41.57398,-71.720622,14.310052325610654
2016-04-03,41.57398,-71.720622,4.929881474983653
2016-04-04,41.57398,-71.720622,4.763995617785363
2016-04-05,41.57398,-71.720622,0.006881101889534159
2016-04-06,41.57398,-71.720622,0.009169650156831391
2016-04-07,41.57398,-71.720622,33.327345859580255
2016-04-08,41.57398,-71.720622,0.021734669432449977
2016-04-09,41.57398,-71.720622,0.003350024382436864
2016-04-10,41.57398,-71.720622,0.0
2016-04-11,41.57398,-71.720622,0.25916964723585134
2016-04-12,41.57398,-71.720622,8.7502664340215
2016-04-13,41.57398,-71.720622,0.0
2016-04-14,41.57398,-71.720622,0.003596999919601239
2016-04-15,41.57398,-71.720622,0.0
2016-04-16,41.57398,-71.720622,0.0
2016-04-17,41.57398,-71.720622,0.0
2016-04-18,41.57398,-71.720622,0.0
2016-04-19,41.57398,-71.720622,0.34738164414152967
2016-04-20,41.57398,-71.720622,0.0
2016-04-21,41.57398,-71.720622,0.0
2016-04-22,41.57398,-71.720622,0.9740774131954298
2016-04-23,41.57398,-71.720622,9.071918812906615
2016-04-24,41.57398,-71.720622,0.0
2016-04-25,41.57398,-71.720622,0.37563330498334024
2016-04-26,41.57398,-71.720622,8.51957006943892
2016-04-27,41.57398,-71.720622,0.019999999552965164
2016-04-28,41.57398,-71.720622,1.0170980122368365
2016-04-29,41.57398,-71.720622,2.7331042964757044
2016-04-30,41.57398,-71.720622,0.17488792785737728
2016-05-01,41.57398,-71.720622,2.675105855048791
2016-05-02,41.57398,-71.720622,0.49395477222855955
2016-05-03,41.57398,-71.720622,10.621356342984507
2016-05-04,41.57398,-71.720622,7.30000335928199
2016-05-05,41.57398,-71.720622,4.713723611102249
2016-05-06,41.57398,-71.720622,0.29802834108911586
2016-05-07,41.57398,-71.720622,1.922176067600444
2016-05-08,41.57398,-71.720622,1.4456115237198697
2016-05-09,41.57398,-71.720622,0.0
2016-05-10,41.57398,-71.720622,0.003170228217374146
2016-05-11,41.57398,-71.720622,0.0
2016-05-12,41.57398,-71.720622,0.0
2016-05-13,41.57398,-71.720622,10.846114490551232
2016-05-14,41.57398,-71.720622,5.859812196657541
2016-05-15,41.57398,-71.720622,2.1386366520011433
2016-05-16,41.57398,-71.720622,0.0
2016-05-17,41.57398,-71.720622,0.12875585118710162
2016-05-18,41.57398,-71.720622,0.394030013517682
2016-05-19,41.57398,-71.720622,0.6407197990664593
2016-05-20,41.57398,-71.720622,0.0
2016-05-21,41.57398,-71.720622,2.0730393986336324
2016-05-22,41.57398,-71.720622,6.107854339710827
2016-05-23,41.57398,-71.720622,0.26877354438589046
2016-05-24,41.57398,-71.720622,3.1327168272448986
2016-05-25,41.57398,-71.720622,0.0
2016-05-26,41.57398,-71.720622,0.0
2016-05-27,41.57398,-71.720622,0.061142859333067706
2016-05-28,41.57398,-71.720622,0.16192666754600446
2016-05-29,41.57398,-71.720622,0.0
2016-05-30,41.57398,-71.720622,23.124462084377083
2016-05-31,41.57398,-71.720622,2.1537726785869498
2016-06-01,41.57398,-71.720622,0.0
2016-06-02,41.57398,-71.720622,0.0
2016-06-03,41.57398,-71.720622,2.938062803702131
2016-06-04,41.57398,-71.720622,0.03455698540299363
2016-06-05,41.57398,-71.720622,4.328289963447636
2016-06-06,41.57398,-71.720622,0.9233688048109434
2016-06-07,41.57398,-71.720622,0.0
2016-06-08,41.57398,-71.720622,2.862830660098357
2016-06-09,41.57398,-71.720622,0.0
2016-06-10,41.57398,-71.720622,0.20657109625602688
2016-06-11,41.57398,-71.720622,3.3192750439081924
2016-06-12,41.57398,-71.720622,0.0003522475869983748
2016-06-13,41.57398,-71.720622,0.0
2016-06-14,41.57398,-71.720622,0.0
2016-06-15,41.57398,-71.720622,0.0
2016-06-16,41.57398,-71.720622,0.5530590881519095
2016-06-17,41.57398,-71.720622,0.0
2016-06-18,41.57398,-71.720622,0.0
2016-06-19,41.57398,-71.720622,0.0
2016-06-20,41.57398,-71.720622,0.0
2016-06-21,41.57398,-71.720622,8.814310274292591
2016-06-22,41.57398,-71.720622,0.0
2016-06-23,41.57398,-71.720622,0.012612169700448617
2016-06-24,41.57398,-71.720622,0.0
2016-06-25,41.57398,-71.720622,0.0
2016-06-26,41.57398,-71.720622,0.0
2016-06-27,41.57398,-71.720622,0.04950354005637946
2016-06-28,41.57398,-71.720622,2.493669829653488
2016-06-29,41.57398,-71.720622,0.40952877766114504
2016-06-30,41.57398,-71.720622,0.0
2016-07-01,41.57398,-71.720622,1.6656963738294828
2016-07-02,41.57398,-71.720622,11.70223291368315
2016-07-03,41.57398,-71.720622,0.0
2016-07-04,41.57398,-71.720622,0.0
2016-07-05,41.57398,-71.720622,19.957274283120043
2016-07-06,41.57398,-71.720622,0.0
2016-07-07,41.57398,-71.720622,0.9120804144125383
2016-07-08,41.57398,-71.720622,0.010431961022330738
2016-07-09,41.57398,-71.720622,0.1649321475039012
2016-07-10,41.57398,-71.720622,0.4921453872980856
2016-07-11,41.57398,-71.720622,0.02680019505949491
2016-07-12,41.57398,-71.720622,0.0
2016-07-13,41.57398,-71.720622,0.0
2016-07-14,41.57398,-71.720622,1.27133920728719
2016-07-15,41.57398,-71.720622,3.4032413031645
2016-07-16,41.57398,-71.720622,0.011166747525462428
2016-07-17,41.57398,-71.720622,0.8133947639678398
2016-07-18,41.57398,-71.720622,1.314427039014443
2016-07-19,41.57398,-71.720622,0.6876098645585886
2016-07-20,41.57398,-71.720622,0.0
2016-07-21,41.57398,-71.720622,0.0
2016-07-22,41.57398,-71.720622,0.0
2016-07-23,41.57398,-71.720622,11.989840546496122
2016-07-24,41.57398,-71.720622,0.04926070538043575
2016-07-25,41.57398,-71.720622,1.5844910095132143
2016-07-26,41.57398,-71.720622,4.784553441612226
2016-07-27,41.57398,-71.720622,0.0
2016-07-28,41.57398,-71.720622,0.0008467523862020383
2016-07-29,41.57398,-71.720622,19.034402362422448
2016-07-30,41.57398,-71.720622,0.008955237839805579
2016-07-31,41.57398,-71.720622,1.7674831257253225
2016-08-01,41.57398,-71.720622,0.38661321500166596
2016-08-02,41.57398,-71.720622,10.220912650461118
2016-08-03,41.57398,-71.720622,0.0
2016-08-04,41.57398,-71.720622,0.0
2016-08-05,41.57398,-71.720622,0.0
2016-08-06,41.57398,-71.720622,5.183047732324314
2016-08-07,41.57398,-71.720622,0.0
2016-08-08,41.57398,-71.720622,0.1573010104657278
2016-08-09,41.57398,-71.720622,0.0
2016-08-10,41.57398,-71.720622,10.167303534848092
2016-08-11,41.57398,-71.720622,6.30222510267347
2016-08-12,41.57398,-71.720622,7.5904953724226
2016-08-13,41.57398,-71.720622,5.602211391305267
2016-08-14,41.57398,-71.720622,0.23656051369203313
2016-08-15,41.57398,-71.720622,0.014841339751578964
2016-08-16,41.57398,-71.720622,1.9528984232137425
2016-08-17,41.57398,-71.720622,5.9724343789441905
2016-08-18,41.57398,-71.720622,7.3544364553391555
2016-08-19,41.57398,-71.720622,0.0
2016-08-20,41.57398,-71.720622,0.0
2016-08-21,41.57398,-71.720622,0.0
2016-08-22,41.57398,-71.720622,11.17715493768857
2016-08-23,41.57398,-71.720622,0.0
2016-08-24,41.57398,-71.720622,0.0
2016-08-25,41.57398,-71.720622,0.0
2016-08-26,41.57398,-71.720622,0.006984009622129318
2016-08-27,41.57398,-71.720622,0.0
2016-08-28,41.57398,-71.720622,0.0
2016-08-29,41.57398,-71.720622,0.020319441541250618
2016-08-30,41.57398,-71.720622,0.0
2016-08-31,41.57398,-71.720622,0.3962213151957599
2016-09-01,41.57398,-71.720622,21.901503369856524
2016-09-02,41.57398,-71.720622,0.0
2016-09-03,41.57398,-71.720622,0.007601999830081756
2016-09-04,41.57398,-71.720622,0.0
2016-09-05,41.57398,-71.720622,3.012896937452885
2016-09-06,41.57398,-71.720622,0.14639290923461679
2016-09-07,41.57398,-71.720622,0.027508949970499647
2016-09-08,41.57398,-71.720622,0.0
2016-09-09,41.57398,-71.720622,1.0896661638281993
2016-09-10,41.57398,-71.720622,0.14121049530006274
2016-09-11,41.57398,-71.720622,0.17644156398453748
2016-09-12,41.57398,-71.720622,0.0
2016-09-13,41.57398,-71.720622,0.0
2016-09-14,41.57398,-71.720622,1.9636440841902023
2016-09-15,41.57398,-71.720622,0.039014224555034664
2016-09-16,41.57398,-71.720622,0.0
2016-09-17,41.57398,-71.720622,0.0
2016-09-18,41.57398,-71.720622,1.5135906388481506
2016-09-19,41.57398,-71.720622,28.475551860403712
2016-09-20,41.57398,-71.720622,2.2212494294835823
2016-09-21,41.57398,-71.720622,0.037580552692522654
2016-09-22,41.57398,-71.720622,0.017553247890055718
2016-09-23,41.57398,-71.720622,0.0
2016-09-24,41.57398,-71.720622,0.00907092221122575
2016-09-25,41.57398,-71.720622,0.0
2016-09-26,41.57398,-71.720622,0.0
2016-09-27,41.57398,-71.720622,4.377409501403184
2016-09-28,41.57398,-71.720622,0.0
2016-09-29,41.57398,-71.720622,0.0
2016-09-30,41.57398,-71.720622,7.562497446903625
2016-10-01,41.57398,-71.720622,0.8803505349809747
2016-10-02,41.57398,-71.720622,0.1309141741080043
2016-10-03,41.57398,-71.720622,0.20630948398573323
2016-10-04,41.57398,-71.720622,0.11847080298688242
2016-10-05,41.57398,-71.720622,0.0
2016-10-06,41.57398,-71.720622,0.0
2016-10-07,41.57398,-71.720622,0.0
2016-10-08,41.57398,-71.720622,2.5739484137554283
2016-10-09,41.57398,-71.720622,71.89817110626817
2016-10-10,41.57398,-71.720622,0.08682771173269939
2016-10-11,41.57398,-71.720622,0.0
2016-10-12,41.57398,-71.720622,0.0
2016-10-13,41.57398,-71.720622,0.0
2016-10-14,41.57398,-71.720622,0.0
2016-10-15,41.57398,-71.720622,0.0
2016-10-16,41.57398,-71.720622,0.0
2016-10-17,41.57398,-71.720622,0.3835858383333095
2016-10-18,41.57398,-71.720622,0.0
2016-10-19,41.57398,-71.720622,0.0
2016-10-20,41.57398,-71.720622,0.0
2016-10-21,41.57398,-71.720622,10.88870002168337
2016-10-22,41.57398,-71.720622,1.8221796983951388
2016-10-23,41.57398,-71.720622,0.012732033569915929
2016-10-24,41.57398,-71.720622,2.005057098784981
2016-10-25,41.57398,-71.720622,0.0
2016-10-26,41.57398,-71.720622,0.0
2016-10-27,41.57398,-71.720622,14.028439414768002
2016-10-28,41.57398,-71.720622,4.4552858122519226
2016-10-29,41.57398,-71.720622,0.04866031240850346
2016-10-30,41.57398,-71.720622,6.816103848029819
2016-10-31,41.57398,-71.720622,2.5423908528820554
2016-11-01,41.57398,-71.720622,0.0
2016-11-02,41.57398,-71.720622,0.014793942672452078
2016-11-03,41.57398,-71.720622,0.3322905295138521
2016-11-04,41.57398,-71.720622,0.36128437533828817
2016-11-05,41.57398,-71.720622,0.0
2016-11-06,41.57398,-71.720622,0.0774602948660671
2016-11-07,41.57398,-71.720622,0.0
2016-11-08,41.57398,-71.720622,0.0
2016-11-09,41.57398,-71.720622,0.2481770654091958
2016-11-10,41.57398,-71.720622,0.3872866246582044
2016-11-11,41.57398,-71.720622,0.4704604271420734
2016-11-12,41.57398,-71.720622,0.0
2016-11-13,41.57398,-71.720622,0.0
2016-11-14,41.57398,-71.720622,0.0
2016-11-15,41.57398,-71.720622,32.566057285113175
2016-11-16,41.57398,-71.720622,0.0
2016-11-17,41.57398,-71.720622,0.0
2016-11-18,41.57398,-71.720622,0.0
2016-11-19,41.57398,-71.720622,0.0
2016-11-20,41.57398,-71.720622,0.09149761078015055
2016-11-21,41.57398,-71.720622,0.20889633020653786
2016-11-22,41.57398,-71.720622,0.0638867163179482
2016-11-23,41.57398,-71.720622,0.0
2016-11-24,41.57398,-71.720622,2.3341382481453175
2016-11-25,41.57398,-71.720622,0.06891582420540393
2016-11-26,41.57398,-71.720622,0.0
2016-11-27,41.57398,-71.720622,0.0
2016-11-28,41.57398,-71.720622,0.0
2016-11-29,41.57398,-71.720622,51.95147177296125
2016-11-30,41.57398,-71.720622,13.897870659043342
2016-12-01,41.57398,-71.720622,6.320389550545016
2016-12-02,41.57398,-71.720622,2.029740011271744
2016-12-03,41.57398,-71.720622,0.0
2016-12-04,41.57398,-71.720622,0.0
2016-12-05,41.57398,-71.720622,3.6462873784278593
2016-12-06,41.57398,-71.720622,0.0
2016-12-07,41.57398,-71.720622,3.8424948752656167
2016-12-08,41.57398,-71.720622,0.0
2016-12-09,41.57398,-71.720622,0.0
2016-12-10,41.57398,-71.720622,0.0
2016-12-11,41.57398,-71.720622,0.021474600967162052
2016-12-12,41.57398,-71.720622,19.022772760771435
2016-12-13,41.57398,-71.720622,0.0
2016-12-14,41.57398,-71.720622,0.01610595072537154
2016-12-15,41.57398,-71.720622,0.0
2016-12-16,41.57398,-71.720622,0.003244752332602864
2016-12-17,41.57398,-71.720622,17.502840948662723
2016-12-18,41.57398,-71.720622,15.601260853533079
2016-12-19,41.57398,-71.720622,0.3828676673623641
2016-12-20,41.57398,-71.720622,0.0
2016-12-21,41.57398,-71.720622,0.0
2016-12-22,41.57398,-71.720622,0.17743386871378344
2016-12-23,41.57398,-71.720622,0.03221190145074308
2016-12-24,41.57398,-71.720622,16.432379533565005
2016-12-25,41.57398,-71.720622,0.0
2016-12-26,41.57398,-71.720622,0.0
2016-12-27,41.57398,-71.720622,3.706745664187615
2016-12-28,41.57398,-71.720622,0.0
2016-12-29,41.57398,-71.720622,12.225454256280294
2016-12-30,41.57398,-71.720622,0.005927266861134193
2016-12-31,41.57398,-71.720622,0.0815507254058254
2017-01-01,41.57398,-71.720622,3.2822158830878885
2017-01-02,41.57398,-71.720622,1.3729534767975826
2017-01-03,41.57398,-71.720622,26.977629567957266
2017-01-04,41.57398,-71.720622,1.4311674705180746
2017-01-05,41.57398,-71.720622,0.0
2017-01-06,41.57398,-71.720622,0.0297047625794141
2017-01-07,41.57398,-71.720622,10.388172687404621
2017-01-08,41.57398,-71.720622,0.0
2017-01-09,41.57398,-71.720622,0.0
2017-01-10,41.57398,-71.720622,0.33173082534913245
2017-01-11,41.57398,-71.720622,11.435210757436003
2017-01-12,41.57398,-71.720622,26.502689625294327
2017-01-13,41.57398,-71.720622,6.423185618776563
2017-01-14,41.57398,-71.720622,0.0
2017-01-15,41.57398,-71.720622,0.0
2017-01-16,41.57398,-71.720622,0.0
2017-01-17,41.57398,-71.720622,2.5405979691958187
2017-01-18,41.57398,-71.720622,0.4893909590902038
2017-01-19,41.57398,-71.720622,0.07539474234856386
2017-01-20,41.57398,-71.720622,0.0
2017-01-21,41.57398,-71.720622,0.026071087555926485
2017-01-22,41.57398,-71.720622,0.18047187085769065
2017-01-23,41.57398,-71.720622,5.707529448329978
2017-01-24,41.57398,-71.720622,47.24193635911986
2017-01-25,41.57398,-71.720622,10.8523966077865
2017-01-26,41.57398,-71.720622,0.03196705366333321
2017-01-27,41.57398,-71.720622,0.0007044951739967496
2017-01-28,41.57398,-71.720622,0.0
2017-01-29,41.57398,-71.720622,0.0026843251208952565
2017-01-30,41.57398,-71.720622,0.004233761773290266
2017-01-31,41.57398,-71.720622,0.723059038336678
2017-02-01,41.57398,-71.720622,0.0
2017-02-02,41.57398,-71.720622,0.0
2017-02-03,41.57398,-71.720622,0.0
2017-02-04,41.57398,-71.720622,0.0
2017-02-05,41.57398,-71.720622,0.01675012128819364
2017-02-06,41.57398,-71.720622,0.0
2017-02-07,41.57398,-71.720622,6.10703966792477
2017-02-08,41.57398,-71.720622,4.547599989861795
2017-02-09,41.57398,-71.720622,22.58647724377628
2017-02-10,41.57398,-71.720622,0.0
2017-02-11,41.57398,-71.720622,1.3745720844907345
2017-02-12,41.57398,-71.720622,20.699871268888295
2017-02-13,41.57398,-71.720622,0.024657331221108688
2017-02-14,41.57398,-71.720622,0.0
2017-02-15,41.57398,-71.720622,0.017293281286165613
2017-02-16,41.57398,-71.720622,0.0
2017-02-17,41.57398,-71.720622,0.0
2017-02-18,41.57398,-71.720622,0.0999498618304767
2017-02-19,41.57398,-71.720622,1.1126572222532525
2017-02-20,41.57398,-71.720622,0.02794282795606763
2017-02-21,41.57398,-71.720622,0.12193234108957471
2017-02-22,41.57398,-71.720622,1.4460522472900257
2017-02-23,41.57398,-71.720622,0.4986397516892516
2017-02-24,41.57398,-71.720622,0.29304209574337803
2017-02-25,41.57398,-71.720622,0.0
2017-02-26,41.57398,-71.720622,6.080031613562021
2017-02-27,41.57398,-71.720622,0.0
2017-02-28,41.57398,-71.720622,0.4778407963962816
2017-03-01,41.57398,-71.720622,14.169832322115093
2017-03-02,41.57398,-71.720622,0.023450172133036302
2017-03-03,41.57398,-71.720622,0.021238348871498
2017-03-04,41.57398,-71.720622,0.0016935047724040767
2017-03-05,41.57398,-71.720622,0.0
2017-03-06,41.57398,-71.720622,0.059510224411760654
2017-03-07,41.57398,-71.720622,7.924477223476085
2017-03-08,41.57398,-71.720622,13.330250181063558
2017-03-09,41.57398,-71.720622,0.0
2017-03-10,41.57398,-71.720622,3.3409508510680523
2017-03-11,41.57398,-71.720622,0.0
2017-03-12,41.57398,-71.720622,0.0
2017-03-13,41.57398,-71.720622,0.0
2017-03-14,41.57398,-71.720622,30.444325402467005
2017-03-15,41.57398,-71.720622,0.0
2017-03-16,41.57398,-71.720622,0.0
2017-03-17,41.57398,-71.720622,0.0
2017-03-18,41.57398,-71.720622,0.04640196182077496
2017-03-19,41.57398,-71.720622,0.0
2017-03-20,41.57398,-71.720622,0.0033870095448081533
2017-03-21,41.57398,-71.720622,0.0
2017-03-22,41.57398,-71.720622,0.4897475115118044
2017-03-23,41.57398,-71.720622,0.0
2017-03-24,41.57398,-71.720622,4.6935871680131065
2017-03-25,41.57398,-71.720622,4.615487060206743
2017-03-26,41.57398,-71.720622,0.9009302873261383
2017-03-27,41.57398,-71.720622,6.892542920112055
2017-03-28,41.57398,-71.720622,7.2244189887315855
2017-03-29,41.57398,-71.720622,7.8130422192633695
2017-03-30,41.57398,-71.720622,0.0
2017-03-31,41.57398,-71.720622,10.653370901600436
2017-04-01,41.57398,-71.720622,31.126997068874715
2017-04-02,41.57398,-71.720622,0.0003522475869983748
2017-04-03,41.57398,-71.720622,0.14736732709496264
2017-04-04,41.57398,-71.720622,34.109047839901116
2017-04-05,41.57398,-71.720622,1.9371564891923636
2017-04-06,41.57398,-71.720622,18.21137030003382
2017-04-07,41.57398,-71.720622,0.0011166747941456215
2017-04-08,41.57398,-71.720622,2.478438380698821
2017-04-09,41.57398,-71.720622,0.0
2017-04-10,41.57398,-71.720622,0.9877194001454112
2017-04-11,41.57398,-71.720622,0.04106989351095927
2017-04-12,41.57398,-71.720622,0.4759724112929772
2017-04-13,41.57398,-71.720622,0.1431902434362587
2017-04-14,41.57398,-71.720622,0.002113485521990249
2017-04-15,41.57398,-71.720622,0.22395460708805437
2017-04-16,41.57398,-71.720622,1.3027870900233554
2017-04-17,41.57398,-71.720622,5.138409876839099
2017-04-18,41.57398,-71.720622,0.01835807180167944
2017-04-19,41.57398,-71.720622,2.1155093373607765
2017-04-20,41.57398,-71.720622,1.8272647483297035
2017-04-21,41.57398,-71.720622,8.43437729749792
2017-04-22,41.57398,-71.720622,5.162348300589775
2017-04-23,41.57398,-71.720622,0.2816719044596711
2017-04-24,41.57398,-71.720622,0.981949458407337
2017-04-25,41.57398,-71.720622,12.938848659427553
2017-04-26,41.57398,-71.720622,18.050855901846237
2017-04-27,41.57398,-71.720622,0.0
2017-04-28,41.57398,-71.720622,2.0933443519070845
2017-04-29,41.57398,-71.720622,3.347758523174194
2017-04-30,41.57398,-71.720622,0.04775001200918062
2017-05-01,41.57398,-71.720622,0.3997474637768026
2017-05-02,41.57398,-71.720622,15.935131874646231
2017-05-03,41.57398,-71.720622,0.0
2017-05-04,41.57398,-71.720622,0.0
2017-05-05,41.57398,-71.720622,28.894301632819992
2017-05-06,41.57398,-71.720622,18.7680684693451
2017-05-07,41.57398,-71.720622,0.5102704197964655
2017-05-08,41.57398,-71.720622,0.0
2017-05-09,41.57398,-71.720622,0.07234728296271899
2017-05-10,41.57398,-71.720622,0.014104592834966661
2017-05-11,41.57398,-71.720622,0.0
2017-05-12,41.57398,-71.720622,0.0
2017-05-13,41.57398,-71.720622,5.961141406409497
2017-05-14,41.57398,-71.720622,13.065037215472119
2017-05-15,41.57398,-71.720622,4.259058532721929
2017-05-16,41.57398,-71.720622,0.0
2017-05-17,41.57398,-71.720622,0.01755143690402442
2017-05-18,41.57398,-71.720622,0.0
2017-05-19,41.57398,-71.720622,0.05726250538879025
2017-05-20,41.57398,-71.720622,0.0011989999732004131
2017-05-21,41.57398,-71.720622,0.033092323941227755
2017-05-22,41.57398,-71.720622,16.168220142944314
2017-05-23,41.57398,-71.720622,2.3382623133197287
2017-05-24,41.57398,-71.720622,10.68960050758562
2017-05-25,41.57398,-71.720622,9.21647263791176
2017-05-26,41.57398,-71.720622,20.564648843087443
2017-05-27,41.57398,-71.720622,0.03417563849274197
2017-05-28,41.57398,-71.720622,0.2554313061172073
2017-05-29,41.57398,-71.720622,13.855958536508457
2017-05-30,41.57398,-71.720622,0.1741155244113524
2017-05-31,41.57398,-71.720622,2.745385697204235
2017-06-01,41.57398,-71.720622,0.3250962190932978
2017-06-02,41.57398,-71.720622,0.26433445559228474
2017-06-03,41.57398,-71.720622,0.05557958761260358
2017-06-04,41.57398,-71.720622,2.0699135035335203
2017-06-05,41.57398,-71.720622,6.381257193492828
2017-06-06,41.57398,-71.720622,13.713955091006003
2017-06-07,41.57398,-71.720622,0.08875439986098821
2017-06-08,41.57398,-71.720622,1.3435535792714852
2017-06-09,41.57398,-71.720622,1.2853448981859423
2017-06-10,41.57398,-71.720622,0.0
2017-06-11,41.57398,-71.720622,0.0003522475869983748
2017-06-12,41.57398,-71.720622,0.0
2017-06-13,41.57398,-71.720622,2.0353319180793603
2017-06-14,41.57398,-71.720622,0.028477902895895038
2017-06-15,41.57398,-71.720622,0.09932002497317374
2017-06-16,41.57398,-71.720622,8.446886391317491
2017-06-17,41.57398,-71.720622,1.1088117352549969
2017-06-18,41.57398,-71.720622,0.39163980432538353
2017-06-19,41.57398,-71.720622,0.020437704329754204
2017-06-20,41.57398,-71.720622,13.240497259636777
2017-06-21,41.57398,-71.720622,1.7550154245940184
2017-06-22,41.57398,-71.720622,0.010161028634424458
2017-06-23,41.57398,-71.720622,0.08038055281060694
2017-06-24,41.57398,-71.720622,31.401448414508263
2017-06-25,41.57398,-71.720622,0.0
2017-06-26,41.57398,-71.720622,0.0
2017-06-27,41.57398,-71.720622,0.685521164929388
2017-06-28,41.57398,-71.720622,0.3486756963402333
2017-06-29,41.57398,-71.720622,0.9125027384419155
2017-06-30,41.57398,-71.720622,1.8572754903983288
2017-07-01,41.57398,-71.720622,5.06293694287215
2017-07-02,41.57398,-71.720622,0.013968019244258636
2017-07-03,41.57398,-71.720622,0.0
2017-07-04,41.57398,-71.720622,0.0
2017-07-05,41.57398,-71.720622,0.0
2017-07-06,41.57398,-71.720622,0.1000995925208003
2017-07-07,41.57398,-71.720622,10.695560962142237
2017-07-08,41.57398,-71.720622,0.010282456941616095
2017-07-09,41.57398,-71.720622,0.0
2017-07-10,41.57398,-71.720622,0.0
2017-07-11,41.57398,-71.720622,6.606157043273331
2017-07-12,41.57398,-71.720622,2.965444768536188
2017-07-13,41.57398,-71.720622,17.725046823365435
2017-07-14,41.57398,-71.720622,7.294792326235231
2017-07-15,41.57398,-71.720622,1.5524900456222277
2017-07-16,41.57398,-71.720622,0.0
2017-07-17,41.57398,-71.720622,0.015593790223195212
2017-07-18,41.57398,-71.720622,0.005080514317212229
2017-07-19,41.57398,-71.720622,0.0
2017-07-20,41.57398,-71.720622,0.3857849708519187
2017-07-21,41.57398,-71.720622,0.03800999773442594
2017-07-22,41.57398,-71.720622,0.2551966170585686
2017-07-23,41.57398,-71.720622,1.1936052490826459
2017-07-24,41.57398,-71.720622,15.45645226500142
2017-07-25,41.57398,-71.720622,0.034616919658498724
2017-07-26,41.57398,-71.720622,0.0
2017-07-27,41.57398,-71.720622,9.024426695083271
2017-07-28,41.57398,-71.720622,0.0
2017-07-29,41.57398,-71.720622,7.691718749458756
2017-07-30,41.57398,-71.720622,0.0
2017-07-31,41.57398,-71.720622,0.0
2017-08-01,41.57398,-71.720622,0.0
2017-08-02,41.57398,-71.720622,0.5003295197725277
2017-08-03,41.57398,-71.720622,0.515427067024129
2017-08-04,41.57398,-71.720622,0.06787610141534399
2017-08-05,41.57398,-71.720622,4.3895239486372315
2017-08-06,41.57398,-71.720622,0.006485325035936134
2017-08-07,41.57398,-71.720622,8.374283452591271
2017-08-08,41.57398,-71.720622,2.362050489459341
2017-08-09,41.57398,-71.720622,0.0
2017-08-10,41.57398,-71.720622,0.0
2017-08-11,41.57398,-71.720622,0.0
2017-08-12,41.57398,-71.720622,5.913082168213768
2017-08-13,41.57398,-71.720622,0.0003522475869983748
2017-08-14,41.57398,-71.720622,0.0007044951739967496
2017-08-15,41.57398,-71.720622,8.787274194836442
2017-08-16,41.57398,-71.720622,0.0
2017-08-17,41.57398,-71.720622,0.0
2017-08-18,41.57398,-71.720622,4.014582008424697
2017-08-19,41.57398,-71.720622,2.36976246051348
2017-08-20,41.57398,-71.720622,0.0
2017-08-21,41.57398,-71.720622,0.24192764260442196
2017-08-22,41.57398,-71.720622,0.022136432011345845
2017-08-23,41.57398,-71.720622,3.827390567836032
2017-08-24,41.57398,-71.720622,0.0
2017-08-25,41.57398,-71.720622,0.0
2017-08-26,41.57398,-71.720622,0.0
2017-08-27,41.57398,-71.720622,0.0
2017-08-28,41.57398,-71.720622,0.0572175838981239
2017-08-29,41.57398,-71.720622,5.110179431082969
2017-08-30,41.57398,-71.720622,23.41076875521251
2017-08-31,41.57398,-71.720622,0.0
2017-09-01,41.57398,-71.720622,0.0
2017-09-02,41.57398,-71.720622,0.0
2017-09-03,41.57398,-71.720622,23.862537137724335
2017-09-04,41.57398,-71.720622,0.0
2017-09-05,41.57398,-71.720622,0.0
2017-09-06,41.57398,-71.720622,12.088197452037761
2017-09-07,41.57398,-71.720622,23.398577684532704
2017-09-08,41.57398,-71.720622,0.0
2017-09-09,41.57398,-71.720622,0.0
2017-09-10,41.57398,-71.720622,0.0
2017-09-11,41.57398,-71.720622,0.0
2017-09-12,41.57398,-71.720622,0.0
2017-09-13,41.57398,-71.720622,0.0
2017-09-14,41.57398,-71.720622,0.0
2017-09-15,41.57398,-71.720622,2.4612986525982863
2017-09-16,41.57398,-71.720622,0.0
2017-09-17,41.57398,-71.720622,0.0
2017-09-18,41.57398,-71.720622,0.005927266861134193
2017-09-19,41.57398,-71.720622,5.017492772660733
2017-09-20,41.57398,-71.720622,0.4710302441893764
2017-09-21,41.57398,-71.720622,10.68931515342723
2017-09-22,41.57398,-71.720622,0.22431975930270914
2017-09-23,41.57398,-71.720622,0.0
2017-09-24,41.57398,-71.720622,0.0
2017-09-25,41.57398,-71.720622,0.0
2017-09-26,41.57398,-71.720622,0.0
2017-09-27,41.57398,-71.720622,0.0
2017-09-28,41.57398,-71.720622,0.002233349588291243
2017-09-29,41.57398,-71.720622,0.0
2017-09-30,41.57398,-71.720622,9.463981132076
2017-10-01,41.57398,-71.720622,0.0
2017-10-02,41.57398,-71.720622,0.0
2017-10-03,41.57398,-71.720622,0.0
2017-10-04,41.57398,-71.720622,0.0
2017-10-05,41.57398,-71.720622,0.09685168671563393
2017-10-06,41.57398,-71.720622,4.616314461939832
2017-10-07,41.57398,-71.720622,0.6306473001363062
2017-10-08,41.57398,-71.720622,9.353664377525396
2017-10-09,41.57398,-71.720622,9.9054554671763
2017-10-10,41.57398,-71.720622,0.004855931925952149
2017-10-11,41.57398,-71.720622,0.9278876704364585
2017-10-12,41.57398,-71.720622,2.812700019740464
2017-10-13,41.57398,-71.720622,0.0
2017-10-14,41.57398,-71.720622,0.08518964841364361
2017-10-15,41.57398,-71.720622,0.0011166747941456215
2017-10-16,41.57398,-71.720622,0.3638563301224537
2017-10-17,41.57398,-71.720622,0.0
2017-10-18,41.57398,-71.720622,0.003522475738761293
2017-10-19,41.57398,-71.720622,0.0
2017-10-20,41.57398,-71.720622,0.0
2017-10-21,41.57398,-71.720622,0.0
2017-10-22,41.57398,-71.720622,0.0
2017-10-23,41.57398,-71.720622,0.0
2017-10-24,41.57398,-71.720622,3.49210949063704
2017-10-25,41.57398,-71.720622,28.09049317710441
2017-10-26,41.57398,-71.720622,28.238784593599394
2017-10-27,41.57398,-71.720622,0.0
2017-10-28,41.57398,-71.720622,0.002233349588291243
2017-10-29,41.57398,-71.720622,12.975479694406788
2017-10-30,41.57398,-71.720622,57.81435782518736
2017-10-31,41.57398,-71.720622,0.0
2017-11-01,41.57398,-71.720622,0.4340914388527249
2017-11-02,41.57398,-71.720622,0.008662922351568928
2017-11-03,41.57398,-71.720622,0.0
2017-11-04,41.57398,-71.720622,0.0
2017-11-05,41.57398,-71.720622,0.8278567870322135
2017-11-06,41.57398,-71.720622,1.4466404080894029
2017-11-07,41.57398,-71.720622,10.333175577157347
2017-11-08,41.57398,-71.720622,9.462710172243822
2017-11-09,41.57398,-71.720622,0.0
2017-11-10,41.57398,-71.720622,0.0
2017-11-11,41.57398,-71.720622,0.0
2017-11-12,41.57398,-71.720622,0.013421625104481756
2017-11-13,41.57398,-71.720622,4.567686803465171
2017-11-14,41.57398,-71.720622,0.0
2017-11-15,41.57398,-71.720622,0.0
2017-11-16,41.57398,-71.720622,3.801557881590982
2017-11-17,41.57398,-71.720622,0.0
2017-11-18,41.57398,-71.720622,1.5267721083269314
2017-11-19,41.57398,-71.720622,17.287702341040575
2017-11-20,41.57398,-71.720622,0.0
2017-11-21,41.57398,-71.720622,0.0
2017-11-22,41.57398,-71.720622,29.78750462260328
2017-11-23,41.57398,-71.720622,0.0
2017-11-24,41.57398,-71.720622,0.0
2017-11-25,41.57398,-71.720622,0.07593758961163438
2017-11-26,41.57398,-71.720622,0.38352743814637213
2017-11-27,41.57398,-71.720622,0.0
2017-11-28,41.57398,-71.720622,0.0011166747941456215
2017-11-29,41.57398,-71.720622,0.0
2017-11-30,41.57398,-71.720622,0.0
2017-12-01,41.57398,-71.720622,3.6524019614640113
2017-12-02,41.57398,-71.720622,0.0
2017-12-03,41.57398,-71.720622,0.013421625104481756
2017-12-04,41.57398,-71.720622,0.0
2017-12-05,41.57398,-71.720622,0.09398289816350941
2017-12-06,41.57398,-71.720622,24.074738612579957
2017-12-07,41.57398,-71.720622,0.0
2017-12-08,41.57398,-71.720622,1.941790600893222
2017-12-09,41.57398,-71.720622,12.55156643520988
2017-12-10,41.57398,-71.720622,2.6544202910440506
2017-12-11,41.57398,-71.720622,0.09339853184682584
2017-12-12,41.57398,-71.720622,5.343254220923549
2017-12-13,41.57398,-71.720622,0.018790276346261327
2017-12-14,41.57398,-71.720622,0.35091569551439306
2017-12-15,41.57398,-71.720622,0.0
2017-12-16,41.57398,-71.720622,0.0
2017-12-17,41.57398,-71.720622,0.003596999919601239
2017-12-18,41.57398,-71.720622,0.6510203294040473
2017-12-19,41.57398,-71.720622,0.0
2017-12-20,41.57398,-71.720622,0.032880179301306496
2017-12-21,41.57398,-71.720622,0.0
2017-12-22,41.57398,-71.720622,0.08052975062689052
2017-12-23,41.57398,-71.720622,21.727986126130507
2017-12-24,41.57398,-71.720622,7.560661087311375
2017-12-25,41.57398,-71.720622,1.174291992577289
2017-12-26,41.57398,-71.720622,0.05738025416461705
2017-12-27,41.57398,-71.720622,0.0
2017-12-28,41.57398,-71.720622,0.0
2017-12-29,41.57398,-71.720622,0.0
2017-12-30,41.57398,-71.720622,0.0
2017-12-31,41.57398,-71.720622,0.006774019089616307
2018-01-01,41.57398,-71.720622,0.0
2018-01-02,41.57398,-71.720622,0.0
2018-01-03,41.57398,-71.720622,0.03597679010953956
2018-01-04,41.57398,-71.720622,15.443523928454074
2018-01-05,41.57398,-71.720622,0.24100682782588723
2018-01-06,41.57398,-71.720622,0.0
2018-01-07,41.57398,-71.720622,0.004226971043980498
2018-01-08,41.57398,-71.720622,0.6158807152527439
2018-01-09,41.57398,-71.720622,1.0310579123768684
2018-01-10,41.57398,-71.720622,0.0
2018-01-11,41.57398,-71.720622,0.17281971819760347
2018-01-12,41.57398,-71.720622,16.479876654584334
2018-01-13,41.57398,-71.720622,57.33239417289419
2018-01-14,41.57398,-71.720622,0.0026843251208952565
2018-01-15,41.57398,-71.720622,0.31382225588344304
2018-01-16,41.57398,-71.720622,0.0
2018-01-17,41.57398,-71.720622,0.2173001537416491
2018-01-18,41.57398,-71.720622,0.0
2018-01-19,41.57398,-71.720622,0.0
2018-01-20,41.57398,-71.720622,0.0014089903479934992
2018-01-21,41.57398,-71.720622,0.0
2018-01-22,41.57398,-71.720622,0.0
2018-01-23,41.57398,-71.720622,44.212614017243936
2018-01-24,41.57398,-71.720622,0.0
2018-01-25,41.57398,-71.720622,0.0
2018-01-26,41.57398,-71.720622,0.0049176747091865
2018-01-27,41.57398,-71.720622,0.0
2018-01-28,41.57398,-71.720622,11.074700758682917
2018-01-29,41.57398,-71.720622,0.9357813258283151
2018-01-30,41.57398,-71.720622,0.2454851185871135
2018-01-31,41.57398,-71.720622,0.0
2018-02-01,41.57398,-71.720622,0.02201294631365469
2018-02-02,41.57398,-71.720622,1.7474285088306794
2018-02-03,41.57398,-71.720622,0.0
2018-02-04,41.57398,-71.720622,0.6618357472896061
2018-02-05,41.57398,-71.720622,23.93747122774523
2018-02-06,41.57398,-71.720622,0.0
2018-02-07,41.57398,-71.720622,17.773852741763548
2018-02-08,41.57398,-71.720622,1.5308292949146711
2018-02-09,41.57398,-71.720622,0.0
2018-02-10,41.57398,-71.720622,2.9659224876395363
2018-02-11,41.57398,-71.720622,53.37687847381922
2018-02-12,41.57398,-71.720622,7.18327436983932
2018-02-13,41.57398,-71.720622,0.0
2018-02-14,41.57398,-71.720622,0.05905515765964093
2018-02-15,41.57398,-71.720622,1.2701178038521124
2018-02-16,41.57398,-71.720622,14.15133383208854
2018-02-17,41.57398,-71.720622,0.13217255337219563
2018-02-18,41.57398,-71.720622,13.901099131940718
2018-02-19,41.57398,-71.720622,2.2209963332519256
2018-02-20,41.57398,-71.720622,5.838620741730764
2018-02-21,41.57398,-71.720622,0.014516772115896184
2018-02-22,41.57398,-71.720622,2.424785727433607
2018-02-23,41.57398,-71.720622,5.978775064553127
2018-02-24,41.57398,-71.720622,8.57946449569317
2018-02-25,41.57398,-71.720622,21.2701123087446
2018-02-26,41.57398,-71.720622,0.17817769674211112
2018-02-27,41.57398,-71.720622,0.0
2018-02-28,41.57398,-71.720622,0.6487785115112062
2018-03-01,41.57398,-71.720622,0.2617912345157153
2018-03-02,41.57398,-71.720622,57.1517088952464
2018-03-03,41.57398,-71.720622,0.13445969322664741
2018-03-04,41.57398,-71.720622,0.0
2018-03-05,41.57398,-71.720622,0.04518167420694779
2018-03-06,41.57398,-71.720622,0.0
2018-03-07,41.57398,-71.720622,23.33157695961935
2018-03-08,41.57398,-71.720622,1.9349674671857697
2018-03-09,41.57398,-71.720622,0.0
2018-03-10,41.57398,-71.720622,0.0
2018-03-11,41.57398,-71.720622,0.0
2018-03-12,41.57398,-71.720622,0.6106589541535199
2018-03-13,41.57398,-71.720622,30.665913157922624
2018-03-14,41.57398,-71.720622,0.11210418528275842
2018-03-15,41.57398,-71.720622,1.1404879023432375
2018-03-16,41.57398,-71.720622,0.0
2018-03-17,41.57398,-71.720622,0.0
2018-03-18,41.57398,-71.720622,0.0
2018-03-19,41.57398,-71.720622,0.13421625904473
2018-03-20,41.57398,-71.720622,2.238076666073543
2018-03-21,41.57398,-71.720622,3.5276269231272503
2018-03-22,41.57398,-71.720622,2.787656778095597
2018-03-23,41.57398,-71.720622,0.0
2018-03-24,41.57398,-71.720622,0.0
2018-03-25,41.57398,-71.720622,0.14416454377632396
2018-03-26,41.57398,-71.720622,0.0
2018-03-27,41.57398,-71.720622,0.0
2018-03-28,41.57398,-71.720622,0.6581539101341125
2018-03-29,41.57398,-71.720622,0.060359311965605
2018-03-30,41.57398,-71.720622,2.975118382429071
2018-03-31,41.57398,-71.720622,0.0
2018-04-01,41.57398,-71.720622,3.620704874782002
2018-04-02,41.57398,-71.720622,3.68740432017005
2018-04-03,41.57398,-71.720622,14.69792671611786
2018-04-04,41.57398,-71.720622,5.511362025997046
2018-04-05,41.57398,-71.720622,0.0
2018-04-06,41.57398,-71.720622,2.3142008586794787
2018-04-07,41.57398,-71.720622,2.875883373234923
2018-04-08,41.57398,-71.720622,0.01504352872332663
2018-04-09,41.57398,-71.720622,0.0
2018-04-10,41.57398,-71.720622,0.16264537060282672
2018-04-11,41.57398,-71.720622,0.0
2018-04-12,41.57398,-71.720622,1.0390317689683306
2018-04-13,41.57398,-71.720622,7.805935641869672
2018-04-14,41.57398,-71.720622,0.007044951477522586
2018-04-15,41.57398,-71.720622,1.256335507646687
2018-04-16,41.57398,-71.720622,39.18254623597106
2018-04-17,41.57398,-71.720622,0.09060907087098803
2018-04-18,41.57398,-71.720622,0.10734753273732354
2018-04-19,41.57398,-71.720622,2.580005857593042
2018-04-20,41.57398,-71.720622,0.0
2018-04-21,41.57398,-71.720622,0.0
2018-04-22,41.57398,-71.720622,0.0
2018-04-23,41.57398,-71.720622,0.0
2018-04-24,41.57398,-71.720622,0.0
2018-04-25,41.57398,-71.720622,30.784091032391355
2018-04-26,41.57398,-71.720622,5.129558517715604
2018-04-27,41.57398,-71.720622,25.459817166345335
2018-04-28,41.57398,-71.720622,0.0
2018-04-29,41.57398,-71.720622,0.8585363813284537
2018-04-30,41.57398,-71.720622,0.06932855900835702
2018-05-01,41.57398,-71.720622,0.0
2018-05-02,41.57398,-71.720622,0.0
2018-05-03,41.57398,-71.720622,0.060703626944353876
2018-05-04,41.57398,-71.720622,1.2870339000259035
2018-05-05,41.57398,-71.720622,0.1085883308452263
2018-05-06,41.57398,-71.720622,6.9684517273885636
2018-05-07,41.57398,-71.720622,0.33285363984653743
2018-05-08,41.57398,-71.720622,0.0
2018-05-09,41.57398,-71.720622,0.0
2018-05-10,41.57398,-71.720622,0.017931300322783505
2018-05-11,41.57398,-71.720622,0.34333300523607274
2018-05-12,41.57398,-71.720622,3.2179777951313375
2018-05-13,41.57398,-71.720622,0.9746322003302487
2018-05-14,41.57398,-71.720622,0.018339300313662783
2018-05-15,41.57398,-71.720622,14.473898168362613
2018-05-16,41.57398,-71.720622,5.816605389030875
2018-05-17,41.57398,-71.720622,14.654530914856233
2018-05-18,41.57398,-71.720622,0.010438752644965122
2018-05-19,41.57398,-71.720622,7.038140472193263
2018-05-20,41.57398,-71.720622,3.4557793702393553
2018-05-21,41.57398,-71.720622,0.0
2018-05-22,41.57398,-71.720622,6.333345823295834
2018-05-23,41.57398,-71.720622,2.5681698539633655
2018-05-24,41.57398,-71.720622,0.0
2018-05-25,41.57398,-71.720622,0.0
2018-05-26,41.57398,-71.720622,0.03849541307434877
2018-05-27,41.57398,-71.720622,2.0490961385500244
2018-05-28,41.57398,-71.720622,0.0246448291845362
2018-05-29,41.57398,-71.720622,0.007272145388987675
2018-05-30,41.57398,-71.720622,0.0
2018-05-31,41.57398,-71.720622,0.0
2018-06-01,41.57398,-71.720622,10.78658070616073
2018-06-02,41.57398,-71.720622,0.4564744547661325
2018-06-03,41.57398,-71.720622,0.0
2018-06-04,41.57398,-71.720622,8.622005925440801
2018-06-05,41.57398,-71.720622,0.3286653513134178
2018-06-06,41.57398,-71.720622,0.1219803887164247
2018-06-07,41.57398,-71.720622,0.0
2018-06-08,41.57398,-71.720622,0.0
2018-06-09,41.57398,-71.720622,0.03350024257638728
2018-06-10,41.57398,-71.720622,0.05486784737268209
2018-06-11,41.57398,-71.720622,0.8764150015868676
2018-06-12,41.57398,-71.720622,0.0
2018-06-13,41.57398,-71.720622,1.8207111609743012
2018-06-14,41.57398,-71.720622,0.10613307710446242
2018-06-15,41.57398,-71.720622,0.021330533662587366
2018-06-16,41.57398,-71.720622,0.05998855098192184
2018-06-17,41.57398,-71.720622,0.0
2018-06-18,41.57398,-71.720622,1.4460512310626172
2018-06-19,41.57398,-71.720622,8.681915478323763
2018-06-20,41.57398,-71.720622,0.1337034474831144
2018-06-21,41.57398,-71.720622,2.030769595257377
2018-06-22,41.57398,-71.720622,0.009314276405942347
2018-06-23,41.57398,-71.720622,4.156417587707231
2018-06-24,41.57398,-71.720622,0.017558228420668922
2018-06-25,41.57398,-71.720622,5.855419080030221
2018-06-26,41.57398,-71.720622,0.0
2018-06-27,41.57398,-71.720622,0.18580266668142675
2018-06-28,41.57398,-71.720622,26.17045411892126
2018-06-29,41.57398,-71.720622,0.05478164742934145
2018-06-30,41.57398,-71.720622,0.08200902286856548
2018-07-01,41.57398,-71.720622,0.096580395473122
2018-07-02,41.57398,-71.720622,0.0
2018-07-03,41.57398,-71.720622,0.46684801365931744
2018-07-04,41.57398,-71.720622,0.07874452370667498
2018-07-05,41.57398,-71.720622,0.0
2018-07-06,41.57398,-71.720622,15.068932445110764
2018-07-07,41.57398,-71.720622,0.0
2018-07-08,41.57398,-71.720622,0.0
2018-07-09,41.57398,-71.720622,0.0
2018-07-10,41.57398,-71.720622,0.0
2018-07-11,41.57398,-71.720622,0.21566892542930377
2018-07-12,41.57398,-71.720622,0.0
2018-07-13,41.57398,-71.720622,0.0
2018-07-14,41.57398,-71.720622,0.11821128158160879
2018-07-15,41.57398,-71.720622,7.508092222067572
2018-07-16,41.57398,-71.720622,0.0
2018-07-17,41.57398,-71.720622,7.121233525896224
2018-07-18,41.57398,-71.720622,7.077972101080381
2018-07-19,41.57398,-71.720622,0.0
2018-07-20,41.57398,-71.720622,0.0
2018-07-21,41.57398,-71.720622,0.0008467523862020383
2018-07-22,41.57398,-71.720622,28.572243007310963
2018-07-23,41.57398,-71.720622,0.1748150682890658
2018-07-24,41.57398,-71.720622,0.0
2018-07-25,41.57398,-71.720622,1.8244539988748687
2018-07-26,41.57398,-71.720622,10.134759079558874
2018-07-27,41.57398,-71.720622,0.0
2018-07-28,41.57398,-71.720622,0.5754898462415721
2018-07-29,41.57398,-71.720622,6.70197611604908
2018-07-30,41.57398,-71.720622,3.5261020265310856
2018-07-31,41.57398,-71.720622,0.12669980671131714
2018-08-01,41.57398,-71.720622,0.3793418331128493
2018-08-02,41.57398,-71.720622,0.0
2018-08-03,41.57398,-71.720622,0.0
2018-08-04,41.57398,-71.720622,38.08283499147477
2018-08-05,41.57398,-71.720622,0.0
2018-08-06,41.57398,-71.720622,0.0
2018-08-07,41.57398,-71.720622,0.0
2018-08-08,41.57398,-71.720622,11.238728909310257
2018-08-09,41.57398,-71.720622,5.4776080516890255
2018-08-10,41.57398,-71.720622,0.08296622347044633
2018-08-11,41.57398,-71.720622,14.25557375585798
2018-08-12,41.57398,-71.720622,0.36765162598526424
2018-08-13,41.57398,-71.720622,13.08059860346836
2018-08-14,41.57398,-71.720622,0.0
2018-08-15,41.57398,-71.720622,0.0937642374926611
2018-08-16,41.57398,-71.720622,0.0
2018-08-17,41.57398,-71.720622,0.18352071863317015
2018-08-18,41.57398,-71.720622,41.35668471174737
2018-08-19,41.57398,-71.720622,0.8972965517456073
2018-08-20,41.57398,-71.720622,0.0
2018-08-21,41.57398,-71.720622,0.0
2018-08-22,41.57398,-71.720622,4.697933597279075
2018-08-23,41.57398,-71.720622,0.023705194126461056
2018-08-24,41.57398,-71.720622,0.0
2018-08-25,41.57398,-71.720622,0.0
2018-08-26,41.57398,-71.720622,0.0
2018-08-27,41.57398,-71.720622,0.0
2018-08-28,41.57398,-71.720622,0.13255901776860102
2018-08-29,41.57398,-71.720622,0.0
2018-08-30,41.57398,-71.720622,0.06399788645494443
2018-08-31,41.57398,-71.720622,0.0071648160687134
2018-09-01,41.57398,-71.720622,0.008933398353164972
2018-09-02,41.57398,-71.720622,0.0
2018-09-03,41.57398,-71.720622,0.00505133028427824
2018-09-04,41.57398,-71.720622,0.0007044951739967496
2018-09-05,41.57398,-71.720622,0.0
2018-09-06,41.57398,-71.720622,12.744076971384517
2018-09-07,41.57398,-71.720622,8.525840978673184
2018-09-08,41.57398,-71.720622,16.749863969319588
2018-09-09,41.57398,-71.720622,2.4303580266599583
2018-09-10,41.57398,-71.720622,34.015410276430856
2018-09-11,41.57398,-71.720622,0.4616043760879273
2018-09-12,41.57398,-71.720622,35.959068471859595
2018-09-13,41.57398,-71.720622,7.635215086848193
2018-09-14,41.57398,-71.720622,0.0
2018-09-15,41.57398,-71.720622,0.0
2018-09-16,41.57398,-71.720622,0.0
2018-09-17,41.57398,-71.720622,0.8020346981745292
2018-09-18,41.57398,-71.720622,18.336764237585854
2018-09-19,41.57398,-71.720622,0.0
2018-09-20,41.57398,-71.720622,0.0
2018-09-21,41.57398,-71.720622,0.023007699158231573
2018-09-22,41.57398,-71.720622,0.08902930634516752
2018-09-23,41.57398,-71.720622,0.12821194083499635
2018-09-24,41.57398,-71.720622,0.007816723767016242
2018-09-25,41.57398,-71.720622,33.38165348407005
2018-09-26,41.57398,-71.720622,16.948143712717602
2018-09-27,41.57398,-71.720622,4.174824456260821
2018-09-28,41.57398,-71.720622,9.152476469930942
2018-09-29,41.57398,-71.720622,0.005368650241790513
2018-09-30,41.57398,-71.720622,0.0
2018-10-01,41.57398,-71.720622,0.08813112271640201
2018-10-02,41.57398,-71.720622,3.422341633944214
2018-10-03,41.57398,-71.720622,33.61575437655834
2018-10-04,41.57398,-71.720622,0.6254308200531986
2018-10-05,41.57398,-71.720622,0.0
2018-10-06,41.57398,-71.720622,0.4171980977829122
2018-10-07,41.57398,-71.720622,0.010803222896084971
2018-10-08,41.57398,-71.720622,0.0
2018-10-09,41.57398,-71.720622,0.0
2018-10-10,41.57398,-71.720622,0.0
2018-10-11,41.57398,-71.720622,7.555870023851314
2018-10-12,41.57398,-71.720622,63.27330855012002
2018-10-13,41.57398,-71.720622,4.25532544448571
2018-10-14,41.57398,-71.720622,0.24910514233181438
2018-10-15,41.57398,-71.720622,0.45879125616523914
2018-10-16,41.57398,-71.720622,2.036769134370657
2018-10-17,41.57398,-71.720622,0.15612930902266697
2018-10-18,41.57398,-71.720622,0.0
2018-10-19,41.57398,-71.720622,0.0
2018-10-20,41.57398,-71.720622,3.5686036472613254
2018-10-21,41.57398,-71.720622,1.811907687464369
2018-10-22,41.57398,-71.720622,0.002233349588291243
2018-10-23,41.57398,-71.720622,0.06708984854405524
2018-10-24,41.57398,-71.720622,0.004233761773290266
2018-10-25,41.57398,-71.720622,0.03164088349226467
2018-10-26,41.57398,-71.720622,0.02758977611454321
2018-10-27,41.57398,-71.720622,21.138715861955742
2018-10-28,41.57398,-71.720622,0.1601584228066656
2018-10-29,41.57398,-71.720622,3.785339290205707
2018-10-30,41.57398,-71.720622,0.0
2018-10-31,41.57398,-71.720622,0.04355031634768855
2018-11-01,41.57398,-71.720622,1.314270870013688
2018-11-02,41.57398,-71.720622,14.930265765344325
2018-11-03,41.57398,-71.720622,25.37237450829147
2018-11-04,41.57398,-71.720622,0.0
2018-11-05,41.57398,-71.720622,3.2608259725851783
2018-11-06,41.57398,-71.720622,25.079681096443952
2018-11-07,41.57398,-71.720622,4.034314189120806
2018-11-08,41.57398,-71.720622,0.21704639548431637
2018-11-09,41.57398,-71.720622,3.661444985848985
2018-11-10,41.57398,-71.720622,36.26260996036673
2018-11-11,41.57398,-71.720622,0.0
2018-11-12,41.57398,-71.720622,0.0
2018-11-13,41.57398,-71.720622,31.874379538234045
2018-11-14,41.57398,-71.720622,0.039186916824010924
2018-11-15,41.57398,-71.720622,28.128610992259837
2018-11-16,41.57398,-71.720622,23.216091274790504
2018-11-17,41.57398,-71.720622,0.0
2018-11-18,41.57398,-71.720622,0.3195885297775234
2018-11-19,41.57398,-71.720622,0.0661208461031314
2018-11-20,41.57398,-71.720622,0.3689540979322233
2018-11-21,41.57398,-71.720622,0.017062154790677173
2018-11-22,41.57398,-71.720622,0.0
2018-11-23,41.57398,-71.720622,0.0
2018-11-24,41.57398,-71.720622,0.5599317853114574
2018-11-25,41.57398,-71.720622,44.2828641682464
2018-11-26,41.57398,-71.720622,12.360816564174769
2018-11-27,41.57398,-71.720622,3.2836461663122263
2018-11-28,41.57398,-71.720622,0.011304271525908873
2018-11-29,41.57398,-71.720622,0.0
2018-11-30,41.57398,-71.720622,0.0
2018-12-01,41.57398,-71.720622,0.0
2018-12-02,41.57398,-71.720622,10.761416763222968
2018-12-03,41.57398,-71.720622,0.005368650241790513
2018-12-04,41.57398,-71.720622,0.0
2018-12-05,41.57398,-71.720622,0.0
2018-12-06,41.57398,-71.720622,0.0
2018-12-07,41.57398,-71.720622,0.08589840386864821
2018-12-08,41.57398,-71.720622,0.0
2018-12-09,41.57398,-71.720622,0.0
2018-12-10,41.57398,-71.720622,0.0
2018-12-11,41.57398,-71.720622,0.0
2018-12-12,41.57398,-71.720622,0.0
2018-12-13,41.57398,-71.720622,5.391828788213268
2018-12-14,41.57398,-71.720622,0.0
2018-12-15,41.57398,-71.720622,2.0347572140431494
2018-12-16,41.57398,-71.720622,26.137216242437354
2018-12-17,41.57398,-71.720622,10.103205307346498
2018-12-18,41.57398,-71.720622,0.020392154490401694
2018-12-19,41.57398,-71.720622,0.0
2018-12-20,41.57398,-71.720622,0.0008467523862020383
2018-12-21,41.57398,-71.720622,52.384648465677735
2018-12-22,41.57398,-71.720622,15.475336589608228
2018-12-23,41.57398,-71.720622,0.0
2018-12-24,41.57398,-71.720622,0.1276848152557405
2018-12-25,41.57398,-71.720622,0.0
2018-12-26,41.57398,-71.720622,0.0
2018-12-27,41.57398,-71.720622,0.0
2018-12-28,41.57398,-71.720622,27.14305821248153
2018-12-29,41.57398,-71.720622,2.3584376608865907
2018-12-30,41.57398,-71.720622,0.002233349588291243
2018-12-31,41.57398,-71.720622,6.383886733621415
2019-01-01,41.57398,-71.720622,25.78125341674037
2019-01-02,41.57398,-71.720622,0.0
2019-01-03,41.57398,-71.720622,3.4334837734912376
2019-01-04,41.57398,-71.720622,0.025490325111135054
2019-01-05,41.57398,-71.720622,31.102306193530787
2019-01-06,41.57398,-71.720622,0.4344033260052855
2019-01-07,41.57398,-71.720622,0.1943019681597262
2019-01-08,41.57398,-71.720622,1.5402773345582468
2019-01-09,41.57398,-71.720622,3.2755736963904147
2019-01-10,41.57398,-71.720622,0.30603126218788573
2019-01-11,41.57398,-71.720622,0.0
2019-01-12,41.57398,-71.720622,0.029527576829842347
2019-01-13,41.57398,-71.720622,0.005927266861134193
2019-01-14,41.57398,-71.720622,0.0
2019-01-15,41.57398,-71.720622,0.0
2019-01-16,41.57398,-71.720622,0.006700048764873728
2019-01-17,41.57398,-71.720622,0.059019841200080816
2019-01-18,41.57398,-71.720622,0.6134596738223265
2019-01-19,41.57398,-71.720622,0.01675012128819364
2019-01-20,41.57398,-71.720622,78.46081473531841
2019-01-21,41.57398,-71.720622,0.0
2019-01-22,41.57398,-71.720622,0.0
2019-01-23,41.57398,-71.720622,0.33116246474533073
2019-01-24,41.57398,-71.720622,51.55246520973736
2019-01-25,41.57398,-71.720622,0.006700048764873728
2019-01-26,41.57398,-71.720622,0.0
2019-01-27,41.57398,-71.720622,0.0024657331745998505
2019-01-28,41.57398,-71.720622,0.09328109675642686
2019-01-29,41.57398,-71.720622,1.5531223113538273
2019-01-30,41.57398,-71.720622,3.927042797430893
2019-01-31,41.57398,-71.720622,0.0
2019-02-01,41.57398,-71.720622,0.0
2019-02-02,41.57398,-71.720622,0.0435045042304053
2019-02-03,41.57398,-71.720622,0.22817258898083845
2019-02-04,41.57398,-71.720622,0.0
2019-02-05,41.57398,-71.720622,0.0
2019-02-06,41.57398,-71.720622,0.5415093376697441
2019-02-07,41.57398,-71.720622,14.521896387492358
2019-02-08,41.57398,-71.720622,19.25983352621591
2019-02-09,41.57398,-71.720622,0.0
2019-02-10,41.57398,-71.720622,0.0
2019-02-11,41.57398,-71.720622,0.9852367350440707
2019-02-12,41.57398,-71.720622,16.181042947056635
2019-02-13,41.57398,-71.720622,13.987491320158677
2019-02-14,41.57398,-71.720622,0.005927266861134193
2019-02-15,41.57398,-71.720622,2.5770907454780216
2019-02-16,41.57398,-71.720622,2.7982549391319655
2019-02-17,41.57398,-71.720622,0.062619898771092
2019-02-18,41.57398,-71.720622,9.801957081559122
2019-02-19,41.57398,-71.720622,0.5793417099221787
2019-02-20,41.57398,-71.720622,0.5899456882570209
2019-02-21,41.57398,-71.720622,13.43955874256277
2019-02-22,41.57398,-71.720622,1.3164321568304607
2019-02-23,41.57398,-71.720622,0.9845712546177099
2019-02-24,41.57398,-71.720622,23.743621338101867
2019-02-25,41.57398,-71.720622,0.013057154972305354
2019-02-26,41.57398,-71.720622,0.0
2019-02-27,41.57398,-71.720622,0.5924095215278499
2019-02-28,41.57398,-71.720622,0.5302180746919338
2019-03-01,41.57398,-71.720622,0.19801970831310223
2019-03-02,41.57398,-71.720622,7.719332079704352
2019-03-03,41.57398,-71.720622,0.582915411636323
2019-03-04,41.57398,-71.720622,48.58747551986354
2019-03-05,41.57398,-71.720622,0.0
2019-03-06,41.57398,-71.720622,0.0
2019-03-07,41.57398,-71.720622,0.0
2019-03-08,41.57398,-71.720622,0.005368650241790513
2019-03-09,41.57398,-71.720622,0.0
2019-03-10,41.57398,-71.720622,5.6669662758458665
2019-03-11,41.57398,-71.720622,0.27261383538251743
2019-03-12,41.57398,-71.720622,0.0
2019-03-13,41.57398,-71.720622,0.019637028574743434
2019-03-14,41.57398,-71.720622,0.11976987265938283
2019-03-15,41.57398,-71.720622,6.552953391814185
2019-03-16,41.57398,-71.720622,1.821176214150145
2019-03-17,41.57398,-71.720622,0.0
2019-03-18,41.57398,-71.720622,0.0
2019-03-19,41.57398,-71.720622,0.0
2019-03-20,41.57398,-71.720622,0.0
2019-03-21,41.57398,-71.720622,1.2570928773835925
2019-03-22,41.57398,-71.720622,21.514532817030904
2019-03-23,41.57398,-71.720622,0.13824868237163707
2019-03-24,41.57398,-71.720622,0.002877912729137495
2019-03-25,41.57398,-71.720622,0.05226615358781206
2019-03-26,41.57398,-71.720622,0.002233349588291243
2019-03-27,41.57398,-71.720622,0.0026843251208952565
2019-03-28,41.57398,-71.720622,0.0
2019-03-29,41.57398,-71.720622,0.5702662306396055
2019-03-30,41.57398,-71.720622,0.016935047093161064
2019-03-31,41.57398,-71.720622,3.9221425994533896
2019-04-01,41.57398,-71.720622,0.0
2019-04-02,41.57398,-71.720622,0.0
2019-04-03,41.57398,-71.720622,21.715789256884015
2019-04-04,41.57398,-71.720622,0.0
2019-04-05,41.57398,-71.720622,1.6916861318129461
2019-04-06,41.57398,-71.720622,2.878891339562833
2019-04-07,41.57398,-71.720622,0.14392593537341855
2019-04-08,41.57398,-71.720622,11.01876611486599
2019-04-09,41.57398,-71.720622,0.9706436390321834
2019-04-10,41.57398,-71.720622,0.00805297536268577
2019-04-11,41.57398,-71.720622,0.0
2019-04-12,41.57398,-71.720622,0.2635962903223756
2019-04-13,41.57398,-71.720622,22.900403079537227
2019-04-14,41.57398,-71.720622,0.08915864992531981
2019-04-15,41.57398,-71.720622,21.09165786358643
2019-04-16,41.57398,-71.720622,0.016203388608257877
2019-04-17,41.57398,-71.720622,0.10906926626058915
2019-04-18,41.57398,-71.720622,0.5631585283351387
2019-04-19,41.57398,-71.720622,0.21821552472088845
2019-04-20,41.57398,-71.720622,29.89554141634826
2019-04-21,41.57398,-71.720622,6.685853538196519
2019-04-22,41.57398,-71.720622,5.885212124898571
2019-04-23,41.57398,-71.720622,0.7014207752368223
2019-04-24,41.57398,-71.720622,5.538564482089031
2019-04-25,41.57398,-71.720622,0.0
2019-04-26,41.57398,-71.720622,27.36976764747637
2019-04-27,41.57398,-71.720622,17.104586090261314
2019-04-28,41.57398,-71.720622,1.3430121501830694
2019-04-29,41.57398,-71.720622,0.0
2019-04-30,41.57398,-71.720622,3.153893849733547
2019-05-01,41.57398,-71.720622,0.1752880722564696
2019-05-02,41.57398,-71.720622,0.30785840692142186
2019-05-03,41.57398,-71.720622,1.046311423705468
2019-05-04,41.57398,-71.720622,7.163791318299796
2019-05-05,41.57398,-71.720622,21.305089408700262
2019-05-06,41.57398,-71.720622,16.770069358997485
2019-05-07,41.57398,-71.720622,0.0
2019-05-08,41.57398,-71.720622,0.6405777313650449
2019-05-09,41.57398,-71.720622,0.014814213120307708
2019-05-10,41.57398,-71.720622,0.6564548581457303
2019-05-11,41.57398,-71.720622,0.19795921759432036
2019-05-12,41.57398,-71.720622,32.148715599838624
2019-05-13,41.57398,-71.720622,3.061435985778507
2019-05-14,41.57398,-71.720622,3.502558675966161
2019-05-15,41.57398,-71.720622,0.012575737873455924
2019-05-16,41.57398,-71.720622,0.14384640871047236
2019-05-17,41.57398,-71.720622,1.812562029751428
2019-05-18,41.57398,-71.720622,0.0007044951739967496
2019-05-19,41.57398,-71.720622,0.0126731115432256
2019-05-20,41.57398,-71.720622,4.834929306344762
2019-05-21,41.57398,-71.720622,0.139129983146229
2019-05-22,41.57398,-71.720622,0.0
2019-05-23,41.57398,-71.720622,0.7894805377849695
2019-05-24,41.57398,-71.720622,0.66621016040095
2019-05-25,41.57398,-71.720622,0.0
2019-05-26,41.57398,-71.720622,0.5094884518411732
2019-05-27,41.57398,-71.720622,0.17012016799024268
2019-05-28,41.57398,-71.720622,0.044226976473274386
2019-05-29,41.57398,-71.720622,3.888160866518676
2019-05-30,41.57398,-71.720622,6.465458111544613
2019-05-31,41.57398,-71.720622,6.1312867914765965
2019-06-01,41.57398,-71.720622,0.013371616928369951
2019-06-02,41.57398,-71.720622,0.3356429789278525
2019-06-03,41.57398,-71.720622,1.9840692151477088
2019-06-04,41.57398,-71.720622,0.0
2019-06-05,41.57398,-71.720622,0.27046911972058674
2019-06-06,41.57398,-71.720622,3.85068583280747
2019-06-07,41.57398,-71.720622,0.08467524051284295
2019-06-08,41.57398,-71.720622,0.015722465622227358
2019-06-09,41.57398,-71.720622,0.0
2019-06-10,41.57398,-71.720622,2.022745380016039
2019-06-11,41.57398,-71.720622,17.836580384060966
2019-06-12,41.57398,-71.720622,0.0
2019-06-13,41.57398,-71.720622,18.27340200162628
2019-06-14,41.57398,-71.720622,0.1317453910973692
2019-06-15,41.57398,-71.720622,0.0020457523594024515
2019-06-16,41.57398,-71.720622,6.88527849435667
2019-06-17,41.57398,-71.720622,1.226072348784613
2019-06-18,41.57398,-71.720622,10.597642985995783
2019-06-19,41.57398,-71.720622,0.47142031974104015
2019-06-20,41.57398,-71.720622,2.507416500274646
2019-06-21,41.57398,-71.720622,14.731852746081364
2019-06-22,41.57398,-71.720622,0.0008467523862020383
2019-06-23,41.57398,-71.720622,0.0
2019-06-24,41.57398,-71.720622,0.0
2019-06-25,41.57398,-71.720622,22.394389741931924
2019-06-26,41.57398,-71.720622,0.0
2019-06-27,41.57398,-71.720622,0.0
2019-06-28,41.57398,-71.720622,0.0
2019-06-29,41.57398,-71.720622,1.4068023284439504
2019-06-30,41.57398,-71.720622,3.713686231539692
2019-07-01,41.57398,-71.720622,0.0
2019-07-02,41.57398,-71.720622,0.5251668773316334
2019-07-03,41.57398,-71.720622,0.0
2019-07-04,41.57398,-71.720622,0.0
2019-07-05,41.57398,-71.720622,0.0
2019-07-06,41.57398,-71.720622,0.13444374949568202
2019-07-07,41.57398,-71.720622,0.842982644250135
2019-07-08,41.57398,-71.720622,0.11781475223313173
2019-07-09,41.57398,-71.720622,0.0
2019-07-10,41.57398,-71.720622,0.0
2019-07-11,41.57398,-71.720622,0.4852028563534083
2019-07-12,41.57398,-71.720622,18.27363379625803
2019-07-13,41.57398,-71.720622,0.0
2019-07-14,41.57398,-71.720622,0.0
2019-07-15,41.57398,-71.720622,0.0
2019-07-16,41.57398,-71.720622,0.0
2019-07-17,41.57398,-71.720622,0.5819484168833512
2019-07-18,41.57398,-71.720622,7.607490764937676
2019-07-19,41.57398,-71.720622,0.0
2019-07-20,41.57398,-71.720622,0.0010567427609951244
2019-07-21,41.57398,-71.720622,0.0025402571586061145
2019-07-22,41.57398,-71.720622,7.872635810282546
2019-07-23,41.57398,-71.720622,57.53139889682784
2019-07-24,41.57398,-71.720622,12.620749461027897
2019-07-25,41.57398,-71.720622,3.742470380406415
2019-07-26,41.57398,-71.720622,0.0
2019-07-27,41.57398,-71.720622,0.007816723767016242
2019-07-28,41.57398,-71.720622,0.0
2019-07-29,41.57398,-71.720622,0.007620771318098419
2019-07-30,41.57398,-71.720622,0.0
2019-07-31,41.57398,-71.720622,0.0
2019-08-01,41.57398,-71.720622,0.8728767417020749
2019-08-02,41.57398,-71.720622,0.0
2019-08-03,41.57398,-71.720622,0.0017612378693806466
2019-08-04,41.57398,-71.720622,0.4286325627052023
2019-08-05,41.57398,-71.720622,0.0
2019-08-06,41.57398,-71.720622,2.042162139704412
2019-08-07,41.57398,-71.720622,0.13054244754296918
2019-08-08,41.57398,-71.720622,5.909006222591017
2019-08-09,41.57398,-71.720622,0.11942286673766575
2019-08-10,41.57398,-71.720622,0.20840124623676
2019-08-11,41.57398,-71.720622,0.0
2019-08-12,41.57398,-71.720622,0.009295504602485832
2019-08-13,41.57398,-71.720622,11.315764601093043
2019-08-14,41.57398,-71.720622,0.5046217939024751
2019-08-15,41.57398,-71.720622,0.0
2019-08-16,41.57398,-71.720622,1.2950614442909523
2019-08-17,41.57398,-71.720622,8.90417761511568
2019-08-18,41.57398,-71.720622,0.023350027932080453
2019-08-19,41.57398,-71.720622,16.813718647084443
2019-08-20,41.57398,-71.720622,0.0
2019-08-21,41.57398,-71.720622,0.5069269831225185
2019-08-22,41.57398,-71.720622,4.101125541953802
2019-08-23,41.57398,-71.720622,8.50244508300787
2019-08-24,41.57398,-71.720622,0.004466699176582486
2019-08-25,41.57398,-71.720622,0.0
2019-08-26,41.57398,-71.720622,0.0
2019-08-27,41.57398,-71.720622,0.4452435005073134
2019-08-28,41.57398,-71.720622,28.401118940376442
2019-08-29,41.57398,-71.720622,9.589506508151166
2019-08-30,41.57398,-71.720622,0.0
2019-08-31,41.57398,-71.720622,0.0
2019-09-01,41.57398,-71.720622,0.12180058557777879
2019-09-02,41.57398,-71.720622,2.6090174103193227
2019-09-03,41.57398,-71.720622,0.006137257078207354
2019-09-04,41.57398,-71.720622,1.7930518931364794
2019-09-05,41.57398,-71.720622,0.21450290697450755
2019-09-06,41.57398,-71.720622,7.405618201892857
2019-09-07,41.57398,-71.720622,5.863166997667514
2019-09-08,41.57398,-71.720622,0.01086708737087315
2019-09-09,41.57398,-71.720622,0.0
2019-09-10,41.57398,-71.720622,0.0
2019-09-11,41.57398,-71.720622,0.07532857178696237
2019-09-12,41.57398,-71.720622,11.446502586628867
2019-09-13,41.57398,-71.720622,0.0
2019-09-14,41.57398,-71.720622,0.0
2019-09-15,41.57398,-71.720622,0.041494543292677266
2019-09-16,41.57398,-71.720622,0.0011166747941456215
2019-09-17,41.57398,-71.720622,0.0
2019-09-18,41.57398,-71.720622,0.0
2019-09-19,41.57398,-71.720622,0.0
2019-09-20,41.57398,-71.720622,0.0
2019-09-21,41.57398,-71.720622,0.0
2019-09-22,41.57398,-71.720622,0.0
2019-09-23,41.57398,-71.720622,0.0
2019-09-24,41.57398,-71.720622,9.189809843814526
2019-09-25,41.57398,-71.720622,0.0
2019-09-26,41.57398,-71.720622,4.888487970628744
2019-09-27,41.57398,-71.720622,0.0
2019-09-28,41.57398,-71.720622,0.0
2019-09-29,41.57398,-71.720622,0.010161028634424458
2019-09-30,41.57398,-71.720622,0.017604579467094757
2019-10-01,41.57398,-71.720622,0.0
2019-10-02,41.57398,-71.720622,0.26713416592249256
2019-10-03,41.57398,-71.720622,0.597955661816502
2019-10-04,41.57398,-71.720622,0.26035826038199195
2019-10-05,41.57398,-71.720622,0.0
2019-10-06,41.57398,-71.720622,0.0
2019-10-07,41.57398,-71.720622,0.013411213217278884
2019-10-08,41.57398,-71.720622,1.5056348606852479
2019-10-09,41.57398,-71.720622,26.92880610534495
2019-10-10,41.57398,-71.720622,12.201478632400551
2019-10-11,41.57398,-71.720622,0.04566151751056638
2019-10-12,41.57398,-71.720622,0.0
2019-10-13,41.57398,-71.720622,0.0
2019-10-14,41.57398,-71.720622,0.05579745514128419
2019-10-15,41.57398,-71.720622,0.0
2019-10-16,41.57398,-71.720622,13.221833170367551
2019-10-17,41.57398,-71.720622,42.28876219877909
2019-10-18,41.57398,-71.720622,0.15295133892335286
2019-10-19,41.57398,-71.720622,0.0
2019-10-20,41.57398,-71.720622,7.321670078122886
2019-10-21,41.57398,-71.720622,5.5760367446489285
2019-10-22,41.57398,-71.720622,0.015784762496053442
2019-10-23,41.57398,-71.720622,1.5348495602991084
2019-10-24,41.57398,-71.720622,0.0
2019-10-25,41.57398,-71.720622,0.1879622842021184
2019-10-26,41.57398,-71.720622,0.4566966163194779
2019-10-27,41.57398,-71.720622,30.847033594926767
2019-10-28,41.57398,-71.720622,0.0
2019-10-29,41.57398,-71.720622,0.0
2019-10-30,41.57398,-71.720622,0.42148833021817633
2019-10-31,41.57398,-71.720622,7.718312736903846
2019-11-01,41.57398,-71.720622,1.3177038519263733
2019-11-02,41.57398,-71.720622,0.0
2019-11-03,41.57398,-71.720622,0.0
2019-11-04,41.57398,-71.720622,0.0
2019-11-05,41.57398,-71.720622,10.81215083895505
2019-11-06,41.57398,-71.720622,0.005368650241790513
2019-11-07,41.57398,-71.720622,1.8656300163221624
2019-11-08,41.57398,-71.720622,3.771798216708551
2019-11-09,41.57398,-71.720622,0.0
2019-11-10,41.57398,-71.720622,0.028463342577730005
2019-11-11,41.57398,-71.720622,0.031073695625906797
2019-11-12,41.57398,-71.720622,10.934330980295968
2019-11-13,41.57398,-71.720622,0.02568351964135861
2019-11-14,41.57398,-71.720622,0.0
2019-11-15,41.57398,-71.720622,0.0
2019-11-16,41.57398,-71.720622,0.0
2019-11-17,41.57398,-71.720622,0.14262195790691895
2019-11-18,41.57398,-71.720622,2.6272074931536036
2019-11-19,41.57398,-71.720622,1.1057188553152375
2019-11-20,41.57398,-71.720622,0.0683590148361824
2019-11-21,41.57398,-71.720622,0.0
2019-11-22,41.57398,-71.720622,9.35259629339174
2019-11-23,41.57398,-71.720622,0.0
2019-11-24,41.57398,-71.720622,37.93923626211477
2019-11-25,41.57398,-71.720622,0.007193999839202478
2019-11-26,41.57398,-71.720622,0.010050072939313698
2019-11-27,41.57398,-71.720622,7.801784858316269
2019-11-28,41.57398,-71.720622,0.32360798416062364
2019-11-29,41.57398,-71.720622,0.0
2019-11-30,41.57398,-71.720622,0.0
2019-12-01,41.57398,-71.720622,6.6344502708799205
2019-12-02,41.57398,-71.720622,1.7617834989476617
2019-12-03,41.57398,-71.720622,1.1231787948803786
2019-12-04,41.57398,-71.720622,1.07412160437975
2019-12-05,41.57398,-71.720622,0.0
2019-12-06,41.57398,-71.720622,0.1153088788003214
2019-12-07,41.57398,-71.720622,0.0
2019-12-08,41.57398,-71.720622,0.0
2019-12-09,41.57398,-71.720622,32.42996893620368
2019-12-10,41.57398,-71.720622,44.85797268750678
2019-12-11,41.57398,-71.720622,5.632178722059549
2019-12-12,41.57398,-71.720622,0.007620771318098419
2019-12-13,41.57398,-71.720622,1.1017525897038254
2019-12-14,41.57398,-71.720622,65.0014608305773
2019-12-15,41.57398,-71.720622,0.0
2019-12-16,41.57398,-71.720622,0.0
2019-12-17,41.57398,-71.720622,11.853802011735647
2019-12-18,41.57398,-71.720622,0.09633101489951355
2019-12-19,41.57398,-71.720622,0.0
2019-12-20,41.57398,-71.720622,0.0
2019-12-21,41.57398,-71.720622,0.0
2019-12-22,41.57398,-71.720622,0.049336697239773186
2019-12-23,41.57398,-71.720622,0.0
2019-12-24,41.57398,-71.720622,0.0
2019-12-25,41.57398,-71.720622,0.0
2019-12-26,41.57398,-71.720622,0.021238348871498
2019-12-27,41.57398,-71.720622,0.275922683600083
2019-12-28,41.57398,-71.720622,0.0
2019-12-29,41.57398,-71.720622,1.419179948924361
2019-12-30,41.57398,-71.720622,42.40316243770426
2019-12-31,41.57398,-71.720622,0.027272698250833966
2020-01-01,41.57398,-71.720622,0.0
2020-01-02,41.57398,-71.720622,0.002233349588291243
2020-01-03,41.57398,-71.720622,6.561518041783971
2020-01-04,41.57398,-71.720622,16.602959712852243
2020-01-05,41.57398,-71.720622,2.918971247674205
2020-01-06,41.57398,-71.720622,0.0
2020-01-07,41.57398,-71.720622,0.006774019089616307
2020-01-08,41.57398,-71.720622,2.043523952687537
2020-01-09,41.57398,-71.720622,0.0
2020-01-10,41.57398,-71.720622,0.011166747525462428
2020-01-11,41.57398,-71.720622,0.12042439729567281
2020-01-12,41.57398,-71.720622,3.9454001513402153
2020-01-13,41.57398,-71.720622,0.01567868992737998
2020-01-14,41.57398,-71.720622,0.026843250208963512
2020-01-15,41.57398,-71.720622,0.002233349588291243
2020-01-16,41.57398,-71.720622,0.3479127801065438
2020-01-17,41.57398,-71.720622,0.0
2020-01-18,41.57398,-71.720622,0.27764241016098934
2020-01-19,41.57398,-71.720622,1.639267829194813
2020-01-20,41.57398,-71.720622,0.0
2020-01-21,41.57398,-71.720622,0.0
2020-01-22,41.57398,-71.720622,0.0
2020-01-23,41.57398,-71.720622,0.0
2020-01-24,41.57398,-71.720622,0.0
2020-01-25,41.57398,-71.720622,19.320588997403938
2020-01-26,41.57398,-71.720622,3.653848515651343
2020-01-27,41.57398,-71.720622,0.0
2020-01-28,41.57398,-71.720622,0.0
2020-01-29,41.57398,-71.720622,0.0
2020-01-30,41.57398,-71.720622,0.0
2020-01-31,41.57398,-71.720622,0.012904484926240358
2020-02-01,41.57398,-71.720622,1.3540485883475153
2020-02-02,41.57398,-71.720622,0.05283248568530821
2020-02-03,41.57398,-71.720622,0.0
2020-02-04,41.57398,-71.720622,2.7571349455623846
2020-02-05,41.57398,-71.720622,3.2092170634153065
2020-02-06,41.57398,-71.720622,7.460803759132473
2020-02-07,41.57398,-71.720622,26.724391748566372
2020-02-08,41.57398,-71.720622,0.0
2020-02-09,41.57398,-71.720622,0.0
2020-02-10,41.57398,-71.720622,8.661412581895629
2020-02-11,41.57398,-71.720622,19.222355063671202
2020-02-12,41.57398,-71.720622,0.3375738645523607
2020-02-13,41.57398,-71.720622,26.249500354412614
2020-02-14,41.57398,-71.720622,0.30310556468982996
2020-02-15,41.57398,-71.720622,0.0
2020-02-16,41.57398,-71.720622,0.0
2020-02-17,41.57398,-71.720622,0.0
2020-02-18,41.57398,-71.720622,1.1601159419084337
2020-02-19,41.57398,-71.720622,3.086360449089019
2020-02-20,41.57398,-71.720622,0.003350024382436864
2020-02-21,41.57398,-71.720622,0.0
2020-02-22,41.57398,-71.720622,0.0
2020-02-23,41.57398,-71.720622,0.0
2020-02-24,41.57398,-71.720622,0.0
2020-02-25,41.57398,-71.720622,2.8726625171102023
2020-02-26,41.57398,-71.720622,0.033443324915505154
2020-02-27,41.57398,-71.720622,13.452934964075311
2020-02-28,41.57398,-71.720622,0.0
2020-02-29,41.57398,-71.720622,0.0
2020-03-01,41.57398,-71.720622,0.0
2020-03-02,41.57398,-71.720622,0.01457559678868758
2020-03-03,41.57398,-71.720622,31.09764700793552
2020-03-04,41.57398,-71.720622,4.352742639691318
2020-03-05,41.57398,-71.720622,0.0
2020-03-06,41.57398,-71.720622,1.6219536438149094
2020-03-07,41.57398,-71.720622,0.8726310258861923
2020-03-08,41.57398,-71.720622,0.0
2020-03-09,41.57398,-71.720622,0.0
2020-03-10,41.57398,-71.720622,0.048122193278719326
2020-03-11,41.57398,-71.720622,0.4734700977419671
2020-03-12,41.57398,-71.720622,0.0
2020-03-13,41.57398,-71.720622,3.0899441937912666
2020-03-14,41.57398,-71.720622,0.0
2020-03-15,41.57398,-71.720622,4.655043273928081
2020-03-16,41.57398,-71.720622,0.0007044951739967496
2020-03-17,41.57398,-71.720622,0.013421625104481756
2020-03-18,41.57398,-71.720622,0.07801709737742907
2020-03-19,41.57398,-71.720622,12.857419556057499
2020-03-20,41.57398,-71.720622,2.3529584515005184
2020-03-21,41.57398,-71.720622,0.36603696702926
2020-03-22,41.57398,-71.720622,0.0
2020-03-23,41.57398,-71.720622,50.90637319681762
2020-03-24,41.57398,-71.720622,6.293661444745428
2020-03-25,41.57398,-71.720622,0.260869484516297
2020-03-26,41.57398,-71.720622,0.020610193193427204
2020-03-27,41.57398,-71.720622,0.21797638299170585
2020-03-28,41.57398,-71.720622,6.700357261981924
2020-03-29,41.57398,-71.720622,11.321888586842393
2020-03-30,41.57398,-71.720622,1.3361283865187779
2020-03-31,41.57398,-71.720622,0.0
2020-04-01,41.57398,-71.720622,0.0
2020-04-02,41.57398,-71.720622,1.9426230066036672
2020-04-03,41.57398,-71.720622,12.632872634810171
2020-04-04,41.57398,-71.720622,0.14985470239669696
2020-04-05,41.57398,-71.720622,0.004466699176582486
2020-04-06,41.57398,-71.720622,0.00963789352716172
2020-04-07,41.57398,-71.720622,0.0016935047724040767
2020-04-08,41.57398,-71.720622,3.9010803358957573
2020-04-09,41.57398,-71.720622,21.226652769625037
2020-04-10,41.57398,-71.720622,0.05042590394786972
2020-04-11,41.57398,-71.720622,0.0
2020-04-12,41.57398,-71.720622,0.0
2020-04-13,41.57398,-71.720622,34.85058864717876
2020-04-14,41.57398,-71.720622,0.5284688249759822
2020-04-15,41.57398,-71.720622,17.67896699366423
2020-04-16,41.57398,-71.720622,0.0
2020-04-17,41.57398,-71.720622,0.14420450663486864
2020-04-18,41.57398,-71.720622,11.788079664195303
2020-04-19,41.57398,-71.720622,0.3223096195475639
2020-04-20,41.57398,-71.720622,1.861524360943857
2020-04-21,41.57398,-71.720622,7.789685949470075
2020-04-22,41.57398,-71.720622,0.0
2020-04-23,41.57398,-71.720622,0.10671881909126332
2020-04-24,41.57398,-71.720622,29.936175759138205
2020-04-25,41.57398,-71.720622,1.4087057818895614
2020-04-26,41.57398,-71.720622,4.196908151246998
2020-04-27,41.57398,-71.720622,0.01610595072537154
2020-04-28,41.57398,-71.720622,0.2957367300415714
2020-04-29,41.57398,-71.720622,0.008933398353164972
2020-04-30,41.57398,-71.720622,8.547103964518799
2020-05-01,41.57398,-71.720622,13.686556671454806
2020-05-02,41.57398,-71.720622,0.0935567197216411
2020-05-03,41.57398,-71.720622,2.0506150183851988
2020-05-04,41.57398,-71.720622,3.409931667743546
2020-05-05,41.57398,-71.720622,0.0
2020-05-06,41.57398,-71.720622,4.380342584079585
2020-05-07,41.57398,-71.720622,0.465925148440714
2020-05-08,41.57398,-71.720622,5.115123730797365
2020-05-09,41.57398,-71.720622,3.251689037353509
2020-05-10,41.57398,-71.720622,0.22715319975308118
2020-05-11,41.57398,-71.720622,0.977669454156806
2020-05-12,41.57398,-71.720622,0.0
2020-05-13,41.57398,-71.720622,0.0
2020-05-14,41.57398,-71.720622,0.0
2020-05-15,41.57398,-71.720622,5.403759353779804
2020-05-16,41.57398,-71.720622,13.04232956623137
2020-05-17,41.57398,-71.720622,0.031266895068064966
2020-05-18,41.57398,-71.720622,2.2434138332659717
2020-05-19,41.57398,-71.720622,0.34524270411219343
2020-05-20,41.57398,-71.720622,0.3859667383460186
2020-05-21,41.57398,-71.720622,0.0
2020-05-22,41.57398,-71.720622,0.05100217779700441
2020-05-23,41.57398,-71.720622,25.035451581108813
2020-05-24,41.57398,-71.720622,0.01755143690402442
2020-05-25,41.57398,-71.720622,0.0
2020-05-26,41.57398,-71.720622,0.0
2020-05-27,41.57398,-71.720622,0.0
2020-05-28,41.57398,-71.720622,0.0
2020-05-29,41.57398,-71.720622,0.41411397236777514
2020-05-30,41.57398,-71.720622,1.6180334419721223
2020-05-31,41.57398,-71.720622,0.0
2020-06-01,41.57398,-71.720622,0.0
2020-06-02,41.57398,-71.720622,1.1495911855397039
2020-06-03,41.57398,-71.720622,1.9738029035591609
2020-06-04,41.57398,-71.720622,3.7513834904149803
2020-06-05,41.57398,-71.720622,18.422172296618548
2020-06-06,41.57398,-71.720622,27.064435601520493
2020-06-07,41.57398,-71.720622,0.07564700298158439
2020-06-08,41.57398,-71.720622,0.0
2020-06-09,41.57398,-71.720622,0.023450172133036302
2020-06-10,41.57398,-71.720622,0.13938377211885145
2020-06-11,41.57398,-71.720622,10.943898026714988
2020-06-12,41.57398,-71.720622,0.11554763651066997
2020-06-13,41.57398,-71.720622,0.0
2020-06-14,41.57398,-71.720622,0.0
2020-06-15,41.57398,-71.720622,0.28221568405901176
2020-06-16,41.57398,-71.720622,0.0
2020-06-17,41.57398,-71.720622,0.0
2020-06-18,41.57398,-71.720622,0.13284140799077332
2020-06-19,41.57398,-71.720622,0.2859699963390291
2020-06-20,41.57398,-71.720622,0.05856112106163472
2020-06-21,41.57398,-71.720622,0.013385408437160696
2020-06-22,41.57398,-71.720622,0.32744130797389354
2020-06-23,41.57398,-71.720622,0.0
2020-06-24,41.57398,-71.720622,0.005583373762731214
2020-06-25,41.57398,-71.720622,0.019256708674510164
2020-06-26,41.57398,-71.720622,0.5949771709586769
2020-06-27,41.57398,-71.720622,9.645593068957275
2020-06-28,41.57398,-71.720622,0.8592599324318484
2020-06-29,41.57398,-71.720622,3.460003054045143
2020-06-30,41.57398,-71.720622,12.137016565916916
2020-07-01,41.57398,-71.720622,1.0789919135018426
2020-07-02,41.57398,-71.720622,2.8797707685942044
2020-07-03,41.57398,-71.720622,9.983990135766383
2020-07-04,41.57398,-71.720622,0.0
2020-07-05,41.57398,-71.720622,0.0
2020-07-06,41.57398,-71.720622,0.0
2020-07-07,41.57398,-71.720622,0.0
2020-07-08,41.57398,-71.720622,0.011402999745122634
2020-07-09,41.57398,-71.720622,0.0011166747941456215
2020-07-10,41.57398,-71.720622,2.2307154645604954
2020-07-11,41.57398,-71.720622,0.0
2020-07-12,41.57398,-71.720622,0.0
2020-07-13,41.57398,-71.720622,0.8606306324387758
2020-07-14,41.57398,-71.720622,0.5139859639655421
2020-07-15,41.57398,-71.720622,0.023450172133036302
2020-07-16,41.57398,-71.720622,0.0
2020-07-17,41.57398,-71.720622,3.318776564938991
2020-07-18,41.57398,-71.720622,0.0
2020-07-19,41.57398,-71.720622,0.0
2020-07-20,41.57398,-71.720622,5.752102215201137
2020-07-21,41.57398,-71.720622,0.0
2020-07-22,41.57398,-71.720622,1.52469173682421
2020-07-23,41.57398,-71.720622,6.320408180168471
2020-07-24,41.57398,-71.720622,4.127943299208546
2020-07-25,41.57398,-71.720622,0.2631818946461934
2020-07-26,41.57398,-71.720622,0.0
2020-07-27,41.57398,-71.720622,0.5755931079513508
2020-07-28,41.57398,-71.720622,0.39214090490530595
2020-07-29,41.57398,-71.720622,0.0
2020-07-30,41.57398,-71.720622,0.28820579080537173
2020-07-31,41.57398,-71.720622,27.447465619619294
2020-08-01,41.57398,-71.720622,0.0017612378693806466
2020-08-02,41.57398,-71.720622,0.26801498284802866
2020-08-03,41.57398,-71.720622,0.0
2020-08-04,41.57398,-71.720622,1.1271526034213952
2020-08-05,41.57398,-71.720622,0.0
2020-08-06,41.57398,-71.720622,1.1423204537244707
2020-08-07,41.57398,-71.720622,0.8528008374853779
2020-08-08,41.57398,-71.720622,0.10877816900403356
2020-08-09,41.57398,-71.720622,0.0
2020-08-10,41.57398,-71.720622,0.0
2020-08-11,41.57398,-71.720622,0.0
2020-08-12,41.57398,-71.720622,0.4720965185560267
2020-08-13,41.57398,-71.720622,4.2547545598521195
2020-08-14,41.57398,-71.720622,0.8013983971347887
2020-08-15,41.57398,-71.720622,0.056859232301640514
2020-08-16,41.57398,-71.720622,23.533730847113947
2020-08-17,41.57398,-71.720622,1.4684862200075812
2020-08-18,41.57398,-71.720622,10.393127590629778
2020-08-19,41.57398,-71.720622,8.368667048534125
2020-08-20,41.57398,-71.720622,0.0
2020-08-21,41.57398,-71.720622,0.0
2020-08-22,41.57398,-71.720622,0.3657513080198321
2020-08-23,41.57398,-71.720622,0.0
2020-08-24,41.57398,-71.720622,1.7808614297075618
2020-08-25,41.57398,-71.720622,0.21841956263162512
2020-08-26,41.57398,-71.720622,0.0
2020-08-27,41.57398,-71.720622,17.595474811077445
2020-08-28,41.57398,-71.720622,0.8975718411421437
2020-08-29,41.57398,-71.720622,7.169893683627439
2020-08-30,41.57398,-71.720622,0.0
2020-08-31,41.57398,-71.720622,0.13428477380646597
2020-09-01,41.57398,-71.720622,0.011441795657577776
2020-09-02,41.57398,-71.720622,2.179063725896514
2020-09-03,41.57398,-71.720622,0.17863714820131035
2020-09-04,41.57398,-71.720622,1.5724477037362867
2020-09-05,41.57398,-71.720622,0.0
2020-09-06,41.57398,-71.720622,0.0
2020-09-07,41.57398,-71.720622,0.0
2020-09-08,41.57398,-71.720622,0.0
2020-09-09,41.57398,-71.720622,4.248077271688746
2020-09-10,41.57398,-71.720622,18.641511005970763
2020-09-11,41.57398,-71.720622,4.275653026089949
2020-09-12,41.57398,-71.720622,0.0
2020-09-13,41.57398,-71.720622,0.0
2020-09-14,41.57398,-71.720622,0.9290199449409694
2020-09-15,41.57398,-71.720622,0.0
2020-09-16,41.57398,-71.720622,0.0
2020-09-17,41.57398,-71.720622,0.0
2020-09-18,41.57398,-71.720622,15.007150344853308
2020-09-19,41.57398,-71.720622,0.0
2020-09-20,41.57398,-71.720622,0.027816416143076186
2020-09-21,41.57398,-71.720622,0.0
2020-09-22,41.57398,-71.720622,2.366528062402126
2020-09-23,41.57398,-71.720622,0.0
2020-09-24,41.57398,-71.720622,0.0028179806959869984
2020-09-25,41.57398,-71.720622,0.0
2020-09-26,41.57398,-71.720622,0.0
2020-09-27,41.57398,-71.720622,0.0
2020-09-28,41.57398,-71.720622,0.004466699176582486
2020-09-29,41.57398,-71.720622,0.29714999598533115
2020-09-30,41.57398,-71.720622,15.210252506699456
2020-10-01,41.57398,-71.720622,0.0
2020-10-02,41.57398,-71.720622,0.11742993503329019
2020-10-03,41.57398,-71.720622,0.0
2020-10-04,41.57398,-71.720622,0.0
2020-10-05,41.57398,-71.720622,10.809534677639576
2020-10-06,41.57398,-71.720622,0.0
2020-10-07,41.57398,-71.720622,3.500591673938492
2020-10-08,41.57398,-71.720622,0.0025855971752896173
2020-10-09,41.57398,-71.720622,0.0
2020-10-10,41.57398,-71.720622,0.0
2020-10-11,41.57398,-71.720622,0.0
2020-10-12,41.57398,-71.720622,27.189335115598166
2020-10-13,41.57398,-71.720622,8.305140225759562
2020-10-14,41.57398,-71.720622,0.0
2020-10-15,41.57398,-71.720622,0.005368650241790513
2020-10-16,41.57398,-71.720622,0.11122435081154937
2020-10-17,41.57398,-71.720622,49.069376459975565
2020-10-18,41.57398,-71.720622,0.0
2020-10-19,41.57398,-71.720622,0.0008467523862020383
2020-10-20,41.57398,-71.720622,4.096018102073579
2020-10-21,41.57398,-71.720622,0.0
2020-10-22,41.57398,-71.720622,0.0
2020-10-23,41.57398,-71.720622,0.0
2020-10-24,41.57398,-71.720622,0.0
2020-10-25,41.57398,-71.720622,0.10492217606274351
2020-10-26,41.57398,-71.720622,0.3644236177666361
2020-10-27,41.57398,-71.720622,0.7101055569960492
2020-10-28,41.57398,-71.720622,1.612340158408231
2020-10-29,41.57398,-71.720622,37.04537441387567
2020-10-30,41.57398,-71.720622,16.98197704519055
2020-10-31,41.57398,-71.720622,0.0
2020-11-01,41.57398,-71.720622,7.6431732396426515
2020-11-02,41.57398,-71.720622,4.6491860430769
2020-11-03,41.57398,-71.720622,0.7348296985553369
2020-11-04,41.57398,-71.720622,0.0
2020-11-05,41.57398,-71.720622,0.0
2020-11-06,41.57398,-71.720622,0.010050072939313698
2020-11-07,41.57398,-71.720622,0.0
2020-11-08,41.57398,-71.720622,0.00826769888362647
2020-11-09,41.57398,-71.720622,0.0
2020-11-10,41.57398,-71.720622,0.0
2020-11-11,41.57398,-71.720622,3.3514121645251955
2020-11-12,41.57398,-71.720622,51.376305927733895
2020-11-13,41.57398,-71.720622,3.684577306092427
2020-11-14,41.57398,-71.720622,0.0
2020-11-15,41.57398,-71.720622,0.0
2020-11-16,41.57398,-71.720622,4.871453274414935
2020-11-17,41.57398,-71.720622,0.0
2020-11-18,41.57398,-71.720622,0.002233349588291243
2020-11-19,41.57398,-71.720622,0.0
2020-11-20,41.57398,-71.720622,0.07585833494861102
2020-11-21,41.57398,-71.720622,0.0590336260849504
2020-11-22,41.57398,-71.720622,0.5789199397997906
2020-11-23,41.57398,-71.720622,57.42833632435728
2020-11-24,41.57398,-71.720622,0.0
2020-11-25,41.57398,-71.720622,0.8754125783785783
2020-11-26,41.57398,-71.720622,7.368683329573001
2020-11-27,41.57398,-71.720622,0.0
2020-11-28,41.57398,-71.720622,0.0
2020-11-29,41.57398,-71.720622,0.0
2020-11-30,41.57398,-71.720622,25.871395327327257
2020-12-01,41.57398,-71.720622,5.807120666641747
2020-12-02,41.57398,-71.720622,0.0
2020-12-03,41.57398,-71.720622,0.0
2020-12-04,41.57398,-71.720622,3.8721063191418557
2020-12-05,41.57398,-71.720622,83.93032802355908
2020-12-06,41.57398,-71.720622,0.0
2020-12-07,41.57398,-71.720622,0.0
2020-12-08,41.57398,-71.720622,0.0
2020-12-09,41.57398,-71.720622,0.2848142711342782
2020-12-10,41.57398,-71.720622,0.0
2020-12-11,41.57398,-71.720622,0.0
2020-12-12,41.57398,-71.720622,7.7370479626852156
2020-12-13,41.57398,-71.720622,0.21123509184465133
2020-12-14,41.57398,-71.720622,9.209645047012785
2020-12-15,41.57398,-71.720622,0.0
2020-12-16,41.57398,-71.720622,0.07537582590601882
2020-12-17,41.57398,-71.720622,8.50030816916578
2020-12-18,41.57398,-71.720622,0.0
2020-12-19,41.57398,-71.720622,0.0
2020-12-20,41.57398,-71.720622,0.5369804547619841
2020-12-21,41.57398,-71.720622,0.04739437353617229
2020-12-22,41.57398,-71.720622,0.03791639585526667
2020-12-23,41.57398,-71.720622,0.0
2020-12-24,41.57398,-71.720622,0.06645117625578356
2020-12-25,41.57398,-71.720622,86.73996742716055
2020-12-26,41.57398,-71.720622,0.08062791281461014
2020-12-27,41.57398,-71.720622,0.0
2020-12-28,41.57398,-71.720622,0.033973139320123726
2020-12-29,41.57398,-71.720622,0.0
2020-12-30,41.57398,-71.720622,0.002233349588291243
2020-12-31,41.57398,-71.720622,9.016068835975164
2021-01-01,41.57398,-71.720622,0.38693285125814636
2021-01-02,41.57398,-71.720622,12.921305122459685
2021-01-03,41.57398,-71.720622,0.1597128739796848
2021-01-04,41.57398,-71.720622,0.5637176599573999
2021-01-05,41.57398,-71.720622,0.0
2021-01-06,41.57398,-71.720622,0.0
2021-01-07,41.57398,-71.720622,0.0
2021-01-08,41.57398,-71.720622,0.0
2021-01-09,41.57398,-71.720622,0.0
2021-01-10,41.57398,-71.720622,0.1364501923503902
2021-01-11,41.57398,-71.720622,0.9232856400425644
2021-01-12,41.57398,-71.720622,0.0
2021-01-13,41.57398,-71.720622,0.0
2021-01-14,41.57398,-71.720622,0.02482730537825153
2021-01-15,41.57398,-71.720622,0.0
2021-01-16,41.57398,-71.720622,69.01955305531438
2021-01-17,41.57398,-71.720622,0.0
2021-01-18,41.57398,-71.720622,0.0
2021-01-19,41.57398,-71.720622,0.0
2021-01-20,41.57398,-71.720622,0.0
2021-01-21,41.57398,-71.720622,0.0
2021-01-22,41.57398,-71.720622,0.0
2021-01-23,41.57398,-71.720622,0.0
2021-01-24,41.57398,-71.720622,0.0
2021-01-25,41.57398,-71.720622,0.0438658420784924
2021-01-26,41.57398,-71.720622,0.04195141604007685
2021-01-27,41.57398,-71.720622,0.0070522964174833305
2021-01-28,41.57398,-71.720622,0.0
2021-01-29,41.57398,-71.720622,0.0
2021-01-30,41.57398,-71.720622,0.0
2021-01-31,41.57398,-71.720622,0.22915790420381532
2021-02-01,41.57398,-71.720622,16.269408075405693
2021-02-02,41.57398,-71.720622,0.611968976675499
2021-02-03,41.57398,-71.720622,0.0
2021-02-04,41.57398,-71.720622,0.0
2021-02-05,41.57398,-71.720622,2.380776829183227
2021-02-06,41.57398,-71.720622,0.0
2021-02-07,41.57398,-71.720622,17.410617501641134
2021-02-08,41.57398,-71.720622,0.0
2021-02-09,41.57398,-71.720622,0.8861983736443318
2021-02-10,41.57398,-71.720622,0.0
2021-02-11,41.57398,-71.720622,0.01164997528228701
2021-02-12,41.57398,-71.720622,0.0
2021-02-13,41.57398,-71.720622,1.6681690431113472
2021-02-14,41.57398,-71.720622,4.474499213350117
2021-02-15,41.57398,-71.720622,1.168616177235035
2021-02-16,41.57398,-71.720622,20.770448239794604
2021-02-17,41.57398,-71.720622,0.0
2021-02-18,41.57398,-71.720622,9.279782153858601
2021-02-19,41.57398,-71.720622,6.774519113798667
2021-02-20,41.57398,-71.720622,0.3753197703235513
2021-02-21,41.57398,-71.720622,0.0
2021-02-22,41.57398,-71.720622,16.060624606293253
2021-02-23,41.57398,-71.720622,0.7735768354424672
2021-02-24,41.57398,-71.720622,0.0
2021-02-25,41.57398,-71.720622,0.08770067043227699
2021-02-26,41.57398,-71.720622,0.0
2021-02-27,41.57398,-71.720622,0.09210529868004963
2021-02-28,41.57398,-71.720622,1.1784206591892485
2021-03-01,41.57398,-71.720622,33.037823876321006
2021-03-02,41.57398,-71.720622,0.030139192804870395
2021-03-03,41.57398,-71.720622,0.0
2021-03-04,41.57398,-71.720622,0.13176762279722679
2021-03-05,41.57398,-71.720622,0.0
2021-03-06,41.57398,-71.720622,0.02954143787002559
2021-03-07,41.57398,-71.720622,0.0
2021-03-08,41.57398,-71.720622,0.0
2021-03-09,41.57398,-71.720622,0.0
2021-03-10,41.57398,-71.720622,0.0
2021-03-11,41.57398,-71.720622,0.23101683637107226
2021-03-12,41.57398,-71.720622,0.25923022297409387
2021-03-13,41.57398,-71.720622,0.0
2021-03-14,41.57398,-71.720622,0.0
2021-03-15,41.57398,-71.720622,0.0
2021-03-16,41.57398,-71.720622,0.0033870095448081533
2021-03-17,41.57398,-71.720622,0.0
2021-03-18,41.57398,-71.720622,14.059434848672938
2021-03-19,41.57398,-71.720622,4.410797554045382
2021-03-20,41.57398,-71.720622,0.0
2021-03-21,41.57398,-71.720622,0.0
2021-03-22,41.57398,-71.720622,0.0
2021-03-23,41.57398,-71.720622,0.0
2021-03-24,41.57398,-71.720622,0.7773171489217309
2021-03-25,41.57398,-71.720622,9.414243061407316
2021-03-26,41.57398,-71.720622,3.4588730890699657
2021-03-27,41.57398,-71.720622,0.0
2021-03-28,41.57398,-71.720622,13.129391361922373
2021-03-29,41.57398,-71.720622,12.199034113104032
2021-03-30,41.57398,-71.720622,0.0
2021-03-31,41.57398,-71.720622,0.034166727428360494
2021-04-01,41.57398,-71.720622,13.39163915413369
2021-04-02,41.57398,-71.720622,0.0
2021-04-03,41.57398,-71.720622,0.20083920544055572
2021-04-04,41.57398,-71.720622,0.0
2021-04-05,41.57398,-71.720622,0.0
2021-04-06,41.57398,-71.720622,0.0
2021-04-07,41.57398,-71.720622,0.0635593938123224
2021-04-08,41.57398,-71.720622,0.0
2021-04-09,41.57398,-71.720622,0.0
2021-04-10,41.57398,-71.720622,0.023450172133036302
2021-04-11,41.57398,-71.720622,9.612039599652972
2021-04-12,41.57398,-71.720622,0.0823195854107039
2021-04-13,41.57398,-71.720622,0.056148613026736995
2021-04-14,41.57398,-71.720622,0.18983142457764918
2021-04-15,41.57398,-71.720622,8.556628983113296
2021-04-16,41.57398,-71.720622,16.620534816572974
2021-04-17,41.57398,-71.720622,0.40297796481010056
2021-04-18,41.57398,-71.720622,0.0
2021-04-19,41.57398,-71.720622,0.0
2021-04-20,41.57398,-71.720622,0.006700048764873728
2021-04-21,41.57398,-71.720622,1.4239913103464334
2021-04-22,41.57398,-71.720622,0.0
2021-04-23,41.57398,-71.720622,0.0
2021-04-24,41.57398,-71.720622,0.0
2021-04-25,41.57398,-71.720622,42.98408862289994
2021-04-26,41.57398,-71.720622,0.0
2021-04-27,41.57398,-71.720622,0.4539884595653654
2021-04-28,41.57398,-71.720622,0.7859363417182895
2021-04-29,41.57398,-71.720622,11.305761684605113
2021-04-30,41.57398,-71.720622,7.056529673607503
2021-05-01,41.57398,-71.720622,1.039395481720536
2021-05-02,41.57398,-71.720622,0.8543617142590256
2021-05-03,41.57398,-71.720622,5.287167020220667
2021-05-04,41.57398,-71.720622,37.649104307531246
2021-05-05,41.57398,-71.720622,9.868675165422278
2021-05-06,41.57398,-71.720622,0.0
2021-05-07,41.57398,-71.720622,0.0
2021-05-08,41.57398,-71.720622,0.9013871871537424
2021-05-09,41.57398,-71.720622,2.542464071867513
2021-05-10,41.57398,-71.720622,9.94166318431678
2021-05-11,41.57398,-71.720622,0.07704099510754547
2021-05-12,41.57398,-71.720622,0.0
2021-05-13,41.57398,-71.720622,0.0
2021-05-14,41.57398,-71.720622,0.0
2021-05-15,41.57398,-71.720622,0.0
2021-05-16,41.57398,-71.720622,0.04475508636727372
2021-05-17,41.57398,-71.720622,1.6951248632987603
2021-05-18,41.57398,-71.720622,0.13788297527104715
2021-05-19,41.57398,-71.720622,0.0
2021-05-20,41.57398,-71.720622,0.0
2021-05-21,41.57398,-71.720622,0.019060756067872414
2021-05-22,41.57398,-71.720622,0.5050254011911033
2021-05-23,41.57398,-71.720622,0.0016935047724040767
2021-05-24,41.57398,-71.720622,0.07254425723356825
2021-05-25,41.57398,-71.720622,0.0
2021-05-26,41.57398,-71.720622,0.36131253916294914
2021-05-27,41.57398,-71.720622,2.884456385653485
2021-05-28,41.57398,-71.720622,1.1897205185036188
2021-05-29,41.57398,-71.720622,49.99956412660076
2021-05-30,41.57398,-71.720622,12.050522421145025
2021-05-31,41.57398,-71.720622,3.559057258359491
2021-06-01,41.57398,-71.720622,0.0
2021-06-02,41.57398,-71.720622,0.15356806716931892
2021-06-03,41.57398,-71.720622,4.101992209943891
2021-06-04,41.57398,-71.720622,24.236454366510525
2021-06-05,41.57398,-71.720622,0.04318437185402388
2021-06-06,41.57398,-71.720622,0.06346665163045381
2021-06-07,41.57398,-71.720622,0.0
2021-06-08,41.57398,-71.720622,0.0721688434072267
2021-06-09,41.57398,-71.720622,1.6939171722040045
2021-06-10,41.57398,-71.720622,0.0
2021-06-11,41.57398,-71.720622,0.0003522475869983748
2021-06-12,41.57398,-71.720622,0.376072364275543
2021-06-13,41.57398,-71.720622,0.0
2021-06-14,41.57398,-71.720622,8.05342403325289
2021-06-15,41.57398,-71.720622,0.2780699383494694
2021-06-16,41.57398,-71.720622,0.0
2021-06-17,41.57398,-71.720622,0.0
2021-06-18,41.57398,-71.720622,0.005994999642670912
2021-06-19,41.57398,-71.720622,0.6737685631570582
2021-06-20,41.57398,-71.720622,5.4507440159405744
2021-06-21,41.57398,-71.720622,0.0
2021-06-22,41.57398,-71.720622,15.021798300767319
2021-06-23,41.57398,-71.720622,2.616546254955156
2021-06-24,41.57398,-71.720622,0.0
2021-06-25,41.57398,-71.720622,0.03050246524489576
2021-06-26,41.57398,-71.720622,0.011402999745122634
2021-06-27,41.57398,-71.720622,0.0
2021-06-28,41.57398,-71.720622,0.0
2021-06-29,41.57398,-71.720622,0.0
2021-06-30,41.57398,-71.720622,0.028295075543066005
2021-07-01,41.57398,-71.720622,21.323527038588317
2021-07-02,41.57398,-71.720622,29.81359909457767
2021-07-03,41.57398,-71.720622,58.26916862347261
2021-07-04,41.57398,-71.720622,1.6835272072193979
2021-07-05,41.57398,-71.720622,0.0
2021-07-06,41.57398,-71.720622,22.073080416762416
2021-07-07,41.57398,-71.720622,2.6660125149444043
2021-07-08,41.57398,-71.720622,3.7563355336711486
2021-07-09,41.57398,-71.720622,56.05739595352622
2021-07-10,41.57398,-71.720622,0.3887983795702802
2021-07-11,41.57398,-71.720622,0.024137397181340906
2021-07-12,41.57398,-71.720622,0.6211522184683942
2021-07-13,41.57398,-71.720622,0.3197828037656895
2021-07-14,41.57398,-71.720622,0.023222358739663735
2021-07-15,41.57398,-71.720622,0.0
2021-07-16,41.57398,-71.720622,0.5347757404936214
2021-07-17,41.57398,-71.720622,0.7865186082896376
2021-07-18,41.57398,-71.720622,1.3296073178292995
2021-07-19,41.57398,-71.720622,0.006777640589784012
2021-07-20,41.57398,-71.720622,0.0
2021-07-21,41.57398,-71.720622,0.30856121950147253
2021-07-22,41.57398,-71.720622,0.5788483519198466
2021-07-23,41.57398,-71.720622,2.874877943510662
2021-07-24,41.57398,-71.720622,0.0
2021-07-25,41.57398,-71.720622,10.358176537697332
2021-07-26,41.57398,-71.720622,0.0
2021-07-27,41.57398,-71.720622,0.0
2021-07-28,41.57398,-71.720622,7.29142416344978
2021-07-29,41.57398,-71.720622,4.169949145140875
2021-07-30,41.57398,-71.720622,0.08138864871060955
2021-07-31,41.57398,-71.720622,0.0
2021-08-01,41.57398,-71.720622,0.005583373762731214
2021-08-02,41.57398,-71.720622,0.23444619380036938
2021-08-03,41.57398,-71.720622,2.1838393393925575
2021-08-04,41.57398,-71.720622,42.620072018411044
2021-08-05,41.57398,-71.720622,28.053650369830244
2021-08-06,41.57398,-71.720622,0.0832140812477256
2021-08-07,41.57398,-71.720622,0.034616919658498724
2021-08-08,41.57398,-71.720622,14.943074464960802
2021-08-09,41.57398,-71.720622,0.04563352455524673
2021-08-10,41.57398,-71.720622,0.0
2021-08-11,41.57398,-71.720622,0.5203523063780806
2021-08-12,41.57398,-71.720622,0.14891770552861808
2021-08-13,41.57398,-71.720622,0.39420640164136594
2021-08-14,41.57398,-71.720622,2.7556025746135777
2021-08-15,41.57398,-71.720622,0.006774019089616307
2021-08-16,41.57398,-71.720622,0.0
2021-08-17,41.57398,-71.720622,0.32077756999962165
2021-08-18,41.57398,-71.720622,1.2348761812841191
2021-08-19,41.57398,-71.720622,10.378510460323307
2021-08-20,41.57398,-71.720622,0.0
2021-08-21,41.57398,-71.720622,0.0
2021-08-22,41.57398,-71.720622,27.53181284182482
2021-08-23,41.57398,-71.720622,1.5724485279940557
2021-08-24,41.57398,-71.720622,0.83223419418058
2021-08-25,41.57398,-71.720622,0.0
2021-08-26,41.57398,-71.720622,0.0
2021-08-27,41.57398,-71.720622,4.587471809363379
2021-08-28,41.57398,-71.720622,1.056453336624982
2021-08-29,41.57398,-71.720622,1.2831987272523464
2021-08-30,41.57398,-71.720622,0.0
2021-08-31,41.57398,-71.720622,0.20954573367068827
2021-09-01,41.57398,-71.720622,16.278108337488856
2021-09-02,41.57398,-71.720622,74.43993426144938
2021-09-03,41.57398,-71.720622,0.0
2021-09-04,41.57398,-71.720622,0.0
2021-09-05,41.57398,-71.720622,1.8057616695734948
2021-09-06,41.57398,-71.720622,0.56715796038188
2021-09-07,41.57398,-71.720622,0.0
2021-09-08,41.57398,-71.720622,0.0
2021-09-09,41.57398,-71.720622,26.563410290968193
2021-09-10,41.57398,-71.720622,5.5483127508439205
2021-09-11,41.57398,-71.720622,0.0
2021-09-12,41.57398,-71.720622,0.0070621550141945905
2021-09-13,41.57398,-71.720622,0.026355607368544275
2021-09-14,41.57398,-71.720622,0.0
2021-09-15,41.57398,-71.720622,0.0
2021-09-16,41.57398,-71.720622,7.7568855131536525
2021-09-17,41.57398,-71.720622,0.00805297536268577
2021-09-18,41.57398,-71.720622,0.008899727748887807
2021-09-19,41.57398,-71.720622,0.0
2021-09-20,41.57398,-71.720622,0.0
2021-09-21,41.57398,-71.720622,0.0
2021-09-22,41.57398,-71.720622,0.031941097511396545
2021-09-23,41.57398,-71.720622,0.0
2021-09-24,41.57398,-71.720622,13.082958151121726
2021-09-25,41.57398,-71.720622,0.0
2021-09-26,41.57398,-71.720622,11.193896216301232
2021-09-27,41.57398,-71.720622,0.002233349588291243
2021-09-28,41.57398,-71.720622,15.150520909074041
2021-09-29,41.57398,-71.720622,0.27941817434262395
2021-09-30,41.57398,-71.720622,0.0
2021-10-01,41.57398,-71.720622,0.0
2021-10-02,41.57398,-71.720622,0.002233349588291243
2021-10-03,41.57398,-71.720622,0.8991837183004471
2021-10-04,41.57398,-71.720622,13.525881359347467
2021-10-05,41.57398,-71.720622,7.439198654972696
2021-10-06,41.57398,-71.720622,0.06476713098855166
2021-10-07,41.57398,-71.720622,0.0
2021-10-08,41.57398,-71.720622,0.0
2021-10-09,41.57398,-71.720622,0.0037022719694352383
2021-10-10,41.57398,-71.720622,20.97539967251391
2021-10-11,41.57398,-71.720622,0.00795424741708013
2021-10-12,41.57398,-71.720622,0.0
2021-10-13,41.57398,-71.720622,0.0
2021-10-14,41.57398,-71.720622,0.0
2021-10-15,41.57398,-71.720622,0.5995851683472376
2021-10-16,41.57398,-71.720622,0.02521392361451462
2021-10-17,41.57398,-71.720622,7.815847925677313
2021-10-18,41.57398,-71.720622,0.018790276346261327
2021-10-19,41.57398,-71.720622,0.0
2021-10-20,41.57398,-71.720622,0.0
2021-10-21,41.57398,-71.720622,0.0
2021-10-22,41.57398,-71.720622,0.0
2021-10-23,41.57398,-71.720622,0.5337543907123753
2021-10-24,41.57398,-71.720622,0.17984977560006427
2021-10-25,41.57398,-71.720622,9.495921345666023
2021-10-26,41.57398,-71.720622,43.68718823188176
2021-10-27,41.57398,-71.720622,16.29135956636369
2021-10-28,41.57398,-71.720622,0.0
2021-10-29,41.57398,-71.720622,0.0
2021-10-30,41.57398,-71.720622,12.486906826205102
2021-10-31,41.57398,-71.720622,19.070027604913214
2021-11-01,41.57398,-71.720622,0.003170228217374146
2021-11-02,41.57398,-71.720622,1.4260387236674852
2021-11-03,41.57398,-71.720622,0.1508365757892404
2021-11-04,41.57398,-71.720622,0.008405222949684144
2021-11-05,41.57398,-71.720622,0.0
2021-11-06,41.57398,-71.720622,0.0
2021-11-07,41.57398,-71.720622,0.0
2021-11-08,41.57398,-71.720622,0.35336566240715594
2021-11-09,41.57398,-71.720622,0.0
2021-11-10,41.57398,-71.720622,1.3033229855166428
2021-11-11,41.57398,-71.720622,0.011854533722268386
2021-11-12,41.57398,-71.720622,30.635976739424066
2021-11-13,41.57398,-71.720622,0.7143412437770692
2021-11-14,41.57398,-71.720622,0.0
2021-11-15,41.57398,-71.720622,2.486416589529702
2021-11-16,41.57398,-71.720622,0.0
2021-11-17,41.57398,-71.720622,0.14173214482391064
2021-11-18,41.57398,-71.720622,0.19597362547249192
2021-11-19,41.57398,-71.720622,3.7797977623666967
2021-11-20,41.57398,-71.720622,0.0
2021-11-21,41.57398,-71.720622,0.07224178145890159
2021-11-22,41.57398,-71.720622,8.262207821950522
2021-11-23,41.57398,-71.720622,0.0
2021-11-24,41.57398,-71.720622,0.0
2021-11-25,41.57398,-71.720622,0.18853922082028848
2021-11-26,41.57398,-71.720622,15.94507057181112
2021-11-27,41.57398,-71.720622,0.0
2021-11-28,41.57398,-71.720622,0.0
2021-11-29,41.57398,-71.720622,0.0
2021-11-30,41.57398,-71.720622,0.0
2021-12-01,41.57398,-71.720622,0.0
2021-12-02,41.57398,-71.720622,4.827504929345114
2021-12-03,41.57398,-71.720622,0.1324598376337505
2021-12-04,41.57398,-71.720622,0.0
2021-12-05,41.57398,-71.720622,0.076833078267319
2021-12-06,41.57398,-71.720622,10.58950481752034
2021-12-07,41.57398,-71.720622,1.6086889972838192
2021-12-08,41.57398,-71.720622,2.629525444297675
2021-12-09,41.57398,-71.720622,0.0026843251208952565
2021-12-10,41.57398,-71.720622,0.38707978483158756
2021-12-11,41.57398,-71.720622,3.7958251122635476
2021-12-12,41.57398,-71.720622,24.185776642437098
2021-12-13,41.57398,-71.720622,0.0
2021-12-14,41.57398,-71.720622,0.0
2021-12-15,41.57398,-71.720622,1.9852019151243547
2021-12-16,41.57398,-71.720622,2.9298752486752644
2021-12-17,41.57398,-71.720622,0.05100217779700441
2021-12-18,41.57398,-71.720622,3.078877583573845
2021-12-19,41.57398,-71.720622,1.3025635375432352
2021-12-20,41.57398,-71.720622,0.0
2021-12-21,41.57398,-71.720622,0.0
2021-12-22,41.57398,-71.720622,0.637596515806233
2021-12-23,41.57398,-71.720622,0.0
2021-12-24,41.57398,-71.720622,0.1732686491890214
2021-12-25,41.57398,-71.720622,13.01864172510872
2021-12-26,41.57398,-71.720622,0.335202160396341
2021-12-27,41.57398,-71.720622,0.0
2021-12-28,41.57398,-71.720622,0.3166637439617065
2021-12-29,41.57398,-71.720622,0.9697289165884402
2021-12-30,41.57398,-71.720622,1.7787547168776918
2021-12-31,41.57398,-71.720622,0.06575520242455843
2022-01-01,41.57398,-71.720622,3.3359422480017904
2022-01-02,41.57398,-71.720622,20.131688836694533
2022-01-03,41.57398,-71.720622,1.4707240342193026
2022-01-04,41.57398,-71.720622,0.30980777244594704
2022-01-05,41.57398,-71.720622,5.307116999588726
2022-01-06,41.57398,-71.720622,0.0
2022-01-07,41.57398,-71.720622,1.3713043893798962
2022-01-08,41.57398,-71.720622,0.0
2022-01-09,41.57398,-71.720622,2.1775487884695472
2022-01-10,41.57398,-71.720622,11.190917975695523
2022-01-11,41.57398,-71.720622,0.0
2022-01-12,41.57398,-71.720622,0.0
2022-01-13,41.57398,-71.720622,0.0
2022-01-14,41.57398,-71.720622,0.02096425168822936
2022-01-15,41.57398,-71.720622,0.0
2022-01-16,41.57398,-71.720622,0.024158925588062784
2022-01-17,41.57398,-71.720622,38.48601146714837
2022-01-18,41.57398,-71.720622,0.0
2022-01-19,41.57398,-71.720622,0.00805297536268577
2022-01-20,41.57398,-71.720622,2.6272136644375235
2022-01-21,41.57398,-71.720622,0.0
2022-01-22,41.57398,-71.720622,0.12887525937190408
2022-01-23,41.57398,-71.720622,0.01637643142013694
2022-01-24,41.57398,-71.720622,0.03817283825843998
2022-01-25,41.57398,-71.720622,0.005927266861134193
2022-01-26,41.57398,-71.720622,0.0
2022-01-27,41.57398,-71.720622,0.0
2022-01-28,41.57398,-71.720622,0.08382848386820291
2022-01-29,41.57398,-71.720622,6.93583908035513
2022-01-30,41.57398,-71.720622,1.019992113123661
2022-01-31,41.57398,-71.720622,0.012855519151718888
2022-02-01,41.57398,-71.720622,0.0
2022-02-02,41.57398,-71.720622,0.0
2022-02-03,41.57398,-71.720622,0.8118309854741905
2022-02-04,41.57398,-71.720622,38.226897951110246
2022-02-05,41.57398,-71.720622,3.629422538167887
2022-02-06,41.57398,-71.720622,0.0
2022-02-07,41.57398,-71.720622,1.2512779231561417
2022-02-08,41.57398,-71.720622,29.313023192821284
2022-02-09,41.57398,-71.720622,0.0
2022-02-10,41.57398,-71.720622,0.0
2022-02-11,41.57398,-71.720622,0.0
2022-02-12,41.57398,-71.720622,0.010050072939313698
2022-02-13,41.57398,-71.720622,0.0
2022-02-14,41.57398,-71.720622,0.0
2022-02-15,41.57398,-71.720622,0.0
2022-02-16,41.57398,-71.720622,0.0
2022-02-17,41.57398,-71.720622,0.07247677476421024
2022-02-18,41.57398,-71.720622,25.34663293905791
2022-02-19,41.57398,-71.720622,0.0
2022-02-20,41.57398,-71.720622,0.07894057501738234
2022-02-21,41.57398,-71.720622,0.0
2022-02-22,41.57398,-71.720622,5.681394673481183
2022-02-23,41.57398,-71.720622,15.25094179078509
2022-02-24,41.57398,-71.720622,3.691451946372617
2022-02-25,41.57398,-71.720622,35.3941074512998
2022-02-26,41.57398,-71.720622,0.0
2022-02-27,41.57398,-71.720622,0.0
2022-02-28,41.57398,-71.720622,0.0
2022-03-01,41.57398,-71.720622,0.0
2022-03-02,41.57398,-71.720622,5.067626967182366
2022-03-03,41.57398,-71.720622,3.0828515906620813
2022-03-04,41.57398,-71.720622,0.0
2022-03-05,41.57398,-71.720622,0.0
2022-03-06,41.57398,-71.720622,14.572642961787773
2022-03-07,41.57398,-71.720622,0.8726854925251024
2022-03-08,41.57398,-71.720622,7.028620601856173
2022-03-09,41.57398,-71.720622,3.855865303177571
2022-03-10,41.57398,-71.720622,0.0
2022-03-11,41.57398,-71.720622,0.0
2022-03-12,41.57398,-71.720622,17.153224541186237
2022-03-13,41.57398,-71.720622,0.0
2022-03-14,41.57398,-71.720622,0.0
2022-03-15,41.57398,-71.720622,0.0
2022-03-16,41.57398,-71.720622,0.894222458195957
2022-03-17,41.57398,-71.720622,9.438289422300874
2022-03-18,41.57398,-71.720622,4.165936142688907
2022-03-19,41.57398,-71.720622,0.7706415100502242
2022-03-20,41.57398,-71.720622,0.44096861150636074
2022-03-21,41.57398,-71.720622,0.0
2022-03-22,41.57398,-71.720622,0.0
2022-03-23,41.57398,-71.720622,0.09211623158116294
2022-03-24,41.57398,-71.720622,13.124095492507676
2022-03-25,41.57398,-71.720622,12.197476577923508
2022-03-26,41.57398,-71.720622,0.9120822883746792
2022-03-27,41.57398,-71.720622,0.976187817571074
2022-03-28,41.57398,-71.720622,0.07517386540020723
2022-03-29,41.57398,-71.720622,0.0
2022-03-30,41.57398,-71.720622,0.018972650887691525
2022-03-31,41.57398,-71.720622,1.3307887339043893
2022-04-01,41.57398,-71.720622,3.936639469877765
2022-04-02,41.57398,-71.720622,0.0
2022-04-03,41.57398,-71.720622,1.9742874389433818
2022-04-04,41.57398,-71.720622,0.17059402035624777
2022-04-05,41.57398,-71.720622,0.0
2022-04-06,41.57398,-71.720622,14.528782036232872
2022-04-07,41.57398,-71.720622,2.4265636231039336
2022-04-08,41.57398,-71.720622,9.370119584019987
2022-04-09,41.57398,-71.720622,0.05724629434441875
2022-04-10,41.57398,-71.720622,0.09036342325669079
2022-04-11,41.57398,-71.720622,0.0
2022-04-12,41.57398,-71.720622,7.55968626304622
2022-04-13,41.57398,-71.720622,0.0
2022-04-14,41.57398,-71.720622,2.262825660326529
2022-04-15,41.57398,-71.720622,6.393714917344145
2022-04-16,41.57398,-71.720622,0.0
2022-04-17,41.57398,-71.720622,8.478633037934214
2022-04-18,41.57398,-71.720622,0.9018091767909816
2022-04-19,41.57398,-71.720622,34.420294113648495
2022-04-20,41.57398,-71.720622,0.0
2022-04-21,41.57398,-71.720622,0.0
2022-04-22,41.57398,-71.720622,0.002937844762287992
2022-04-23,41.57398,-71.720622,0.00754624749181208
2022-04-24,41.57398,-71.720622,0.42006244210757343
2022-04-25,41.57398,-71.720622,0.04478977475836551
2022-04-26,41.57398,-71.720622,0.17981142614066262
2022-04-27,41.57398,-71.720622,5.005679202332511
2022-04-28,41.57398,-71.720622,0.0
2022-04-29,41.57398,-71.720622,0.0
2022-04-30,41.57398,-71.720622,0.0
2022-05-01,41.57398,-71.720622,0.0
2022-05-02,41.57398,-71.720622,1.0895220587862546
2022-05-03,41.57398,-71.720622,1.2713058779802566
2022-05-04,41.57398,-71.720622,3.8561296868433717
2022-05-05,41.57398,-71.720622,0.0
2022-05-06,41.57398,-71.720622,5.8686941831243775
2022-05-07,41.57398,-71.720622,16.83678350257185
2022-05-08,41.57398,-71.720622,6.654453900338294
2022-05-09,41.57398,-71.720622,0.0
2022-05-10,41.57398,-71.720622,0.021474600967162052
2022-05-11,41.57398,-71.720622,0.09993863270327305
2022-05-12,41.57398,-71.720622,0.0
2022-05-13,41.57398,-71.720622,0.0
2022-05-14,41.57398,-71.720622,0.09890869803187503
2022-05-15,41.57398,-71.720622,0.32862307649073097
2022-05-16,41.57398,-71.720622,0.0011166747941456215
2022-05-17,41.57398,-71.720622,2.3165807111419685
2022-05-18,41.57398,-71.720622,0.0
2022-05-19,41.57398,-71.720622,13.321449706393818
2022-05-20,41.57398,-71.720622,0.016935047093161064
2022-05-21,41.57398,-71.720622,4.659497368599813
2022-05-22,41.57398,-71.720622,0.0
2022-05-23,41.57398,-71.720622,0.1281806640122649
2022-05-24,41.57398,-71.720622,1.843190208268463
2022-05-25,41.57398,-71.720622,0.0
2022-05-26,41.57398,-71.720622,0.3288265126560519
2022-05-27,41.57398,-71.720622,0.009584198340726153
2022-05-28,41.57398,-71.720622,3.2503145701942695
2022-05-29,41.57398,-71.720622,0.0
2022-05-30,41.57398,-71.720622,0.0
2022-05-31,41.57398,-71.720622,0.0014089903479934992
2022-06-01,41.57398,-71.720622,1.1409511228846874
2022-06-02,41.57398,-71.720622,4.352841927648063
2022-06-03,41.57398,-71.720622,0.13107628918624586
2022-06-04,41.57398,-71.720622,0.0
2022-06-05,41.57398,-71.720622,0.0
2022-06-06,41.57398,-71.720622,0.0
2022-06-07,41.57398,-71.720622,0.11276726292889483
2022-06-08,41.57398,-71.720622,11.70474966435334
2022-06-09,41.57398,-71.720622,18.915025957259093
2022-06-10,41.57398,-71.720622,0.0
2022-06-11,41.57398,-71.720622,1.2101677165907105
2022-06-12,41.57398,-71.720622,1.3148787511672402
2022-06-13,41.57398,-71.720622,21.771488868688586
2022-06-14,41.57398,-71.720622,0.14960690760946038
2022-06-15,41.57398,-71.720622,0.0
2022-06-16,41.57398,-71.720622,0.031465303694828924
2022-06-17,41.57398,-71.720622,5.519691069590166
2022-06-18,41.57398,-71.720622,0.027489936249349544
2022-06-19,41.57398,-71.720622,12.018472221952639
2022-06-20,41.57398,-71.720622,0.0
2022-06-21,41.57398,-71.720622,0.0
2022-06-22,41.57398,-71.720622,3.0578014300468714
2022-06-23,41.57398,-71.720622,0.0
2022-06-24,41.57398,-71.720622,0.42144025019728015
2022-06-25,41.57398,-71.720622,0.0
2022-06-26,41.57398,-71.720622,0.0
2022-06-27,41.57398,-71.720622,19.143077416556928
2022-06-28,41.57398,-71.720622,5.348301288967943
2022-06-29,41.57398,-71.720622,0.0
2022-06-30,41.57398,-71.720622,0.0
2022-07-01,41.57398,-71.720622,0.0
2022-07-02,41.57398,-71.720622,4.512407239663199
2022-07-03,41.57398,-71.720622,3.963974454961581
2022-07-04,41.57398,-71.720622,0.0
2022-07-05,41.57398,-71.720622,4.87154517722446
2022-07-06,41.57398,-71.720622,0.20081144280083685
2022-07-07,41.57398,-71.720622,0.0
2022-07-08,41.57398,-71.720622,0.021934246854777184
2022-07-09,41.57398,-71.720622,0.17728530936661568
2022-07-10,41.57398,-71.720622,0.2264970378011747
2022-07-11,41.57398,-71.720622,0.0
2022-07-12,41.57398,-71.720622,0.0
2022-07-13,41.57398,-71.720622,0.10913091469238716
2022-07-14,41.57398,-71.720622,0.5453016333196039
2022-07-15,41.57398,-71.720622,0.033965010580992064
2022-07-16,41.57398,-71.720622,2.696206265344009
2022-07-17,41.57398,-71.720622,0.993403192978349
2022-07-18,41.57398,-71.720622,17.264073697195975
2022-07-19,41.57398,-71.720622,4.045168171434312
2022-07-20,41.57398,-71.720622,0.0
2022-07-21,41.57398,-71.720622,0.007601999830081756
2022-07-22,41.57398,-71.720622,0.0
2022-07-23,41.57398,-71.720622,0.0
2022-07-24,41.57398,-71.720622,0.0
2022-07-25,41.57398,-71.720622,3.97045461229971
2022-07-26,41.57398,-71.720622,0.04573465541861589
2022-07-27,41.57398,-71.720622,0.0
2022-07-28,41.57398,-71.720622,0.0
2022-07-29,41.57398,-71.720622,0.3968641987784339
2022-07-30,41.57398,-71.720622,3.866542183892057
2022-07-31,41.57398,-71.720622,0.0
2022-08-01,41.57398,-71.720622,11.33573412520891
2022-08-02,41.57398,-71.720622,0.0
2022-08-03,41.57398,-71.720622,0.11514667028538926
2022-08-04,41.57398,-71.720622,0.0
2022-08-05,41.57398,-71.720622,0.0
2022-08-06,41.57398,-71.720622,0.027434742683677748
2022-08-07,41.57398,-71.720622,0.0
2022-08-08,41.57398,-71.720622,0.008467523546580532
2022-08-09,41.57398,-71.720622,0.9543730010663332
2022-08-10,41.57398,-71.720622,1.1521507830486235
2022-08-11,41.57398,-71.720622,5.6372190531430055
2022-08-12,41.57398,-71.720622,0.021627892943726
2022-08-13,41.57398,-71.720622,5.262987614478917
2022-08-14,41.57398,-71.720622,0.3399229767594304
2022-08-15,41.57398,-71.720622,0.0
2022-08-16,41.57398,-71.720622,0.005875689524575984
2022-08-17,41.57398,-71.720622,21.446215714253448
2022-08-18,41.57398,-71.720622,0.0
2022-08-19,41.57398,-71.720622,0.0
2022-08-20,41.57398,-71.720622,0.0
2022-08-21,41.57398,-71.720622,0.48734937762739317
2022-08-22,41.57398,-71.720622,11.83007510405278
2022-08-23,41.57398,-71.720622,0.0
2022-08-24,41.57398,-71.720622,0.7239510686321206
2022-08-25,41.57398,-71.720622,0.0
2022-08-26,41.57398,-71.720622,11.074005926381506
2022-08-27,41.57398,-71.720622,0.0
2022-08-28,41.57398,-71.720622,0.0
2022-08-29,41.57398,-71.720622,0.0
2022-08-30,41.57398,-71.720622,0.0
2022-08-31,41.57398,-71.720622,4.418971453505654
2022-09-01,41.57398,-71.720622,0.0
2022-09-02,41.57398,-71.720622,0.0
2022-09-03,41.57398,-71.720622,0.0
2022-09-04,41.57398,-71.720622,0.03932413433210136
2022-09-05,41.57398,-71.720622,16.101478073895258
2022-09-06,41.57398,-71.720622,56.567358505272196
2022-09-07,41.57398,-71.720622,0.009930209289006491
2022-09-08,41.57398,-71.720622,0.0
2022-09-09,41.57398,-71.720622,0.0
2022-09-10,41.57398,-71.720622,0.0
2022-09-11,41.57398,-71.720622,2.3836546278956408
2022-09-12,41.57398,-71.720622,8.944045462588967
2022-09-13,41.57398,-71.720622,26.367139735714808
2022-09-14,41.57398,-71.720622,0.0
2022-09-15,41.57398,-71.720622,0.0813367670291118
2022-09-16,41.57398,-71.720622,0.0
2022-09-17,41.57398,-71.720622,0.0
2022-09-18,41.57398,-71.720622,0.0
2022-09-19,41.57398,-71.720622,0.0
2022-09-20,41.57398,-71.720622,1.0711725516458095
2022-09-21,41.57398,-71.720622,0.0
2022-09-22,41.57398,-71.720622,26.026924330557343
2022-09-23,41.57398,-71.720622,0.0
2022-09-24,41.57398,-71.720622,0.0
2022-09-25,41.57398,-71.720622,0.3385545001981913
2022-09-26,41.57398,-71.720622,7.187903113454708
2022-09-27,41.57398,-71.720622,0.10195908665034494
2022-09-28,41.57398,-71.720622,0.0
2022-09-29,41.57398,-71.720622,1.1879810167196687
2022-09-30,41.57398,-71.720622,0.6320805096110698
2022-10-01,41.57398,-71.720622,35.55346712129534
2022-10-02,41.57398,-71.720622,0.955255117474712
2022-10-03,41.57398,-71.720622,11.405615263421929
2022-10-04,41.57398,-71.720622,4.7589120658993735
2022-10-05,41.57398,-71.720622,24.16966387835925
2022-10-06,41.57398,-71.720622,23.141276023765865
2022-10-07,41.57398,-71.720622,0.0
2022-10-08,41.57398,-71.720622,1.590536460287911
2022-10-09,41.57398,-71.720622,0.0
2022-10-10,41.57398,-71.720622,0.0
2022-10-11,41.57398,-71.720622,0.0
2022-10-12,41.57398,-71.720622,0.0
2022-10-13,41.57398,-71.720622,4.037918255124404
2022-10-14,41.57398,-71.720622,36.039390613030676
2022-10-15,41.57398,-71.720622,0.0542449537093195
2022-10-16,41.57398,-71.720622,0.0
2022-10-17,41.57398,-71.720622,2.7401366945424055
2022-10-18,41.57398,-71.720622,4.382614238504
2022-10-19,41.57398,-71.720622,0.0
2022-10-20,41.57398,-71.720622,0.0
2022-10-21,41.57398,-71.720622,0.0
2022-10-22,41.57398,-71.720622,0.0
2022-10-23,41.57398,-71.720622,22.981241531833238
2022-10-24,41.57398,-71.720622,16.378620858879582
2022-10-25,41.57398,-71.720622,0.0
2022-10-26,41.57398,-71.720622,0.772207475165875
2022-10-27,41.57398,-71.720622,0.0
2022-10-28,41.57398,-71.720622,0.0
2022-10-29,41.57398,-71.720622,2.2539911070733694
2022-10-30,41.57398,-71.720622,0.0
2022-10-31,41.57398,-71.720622,0.2986089058263075
2022-11-01,41.57398,-71.720622,9.584653543502252
2022-11-02,41.57398,-71.720622,0.7573009405382853
2022-11-03,41.57398,-71.720622,0.0
2022-11-04,41.57398,-71.720622,0.0
2022-11-05,41.57398,-71.720622,0.0
2022-11-06,41.57398,-71.720622,0.0
2022-11-07,41.57398,-71.720622,0.1177470144620171
2022-11-08,41.57398,-71.720622,0.0
2022-11-09,41.57398,-71.720622,0.0
2022-11-10,41.57398,-71.720622,0.0
2022-11-11,41.57398,-71.720622,2.3646800379789097
2022-11-12,41.57398,-71.720622,3.0228212499028633
2022-11-13,41.57398,-71.720622,6.819289360132227
2022-11-14,41.57398,-71.720622,0.0
2022-11-15,41.57398,-71.720622,0.0
2022-11-16,41.57398,-71.720622,34.58221317515185
2022-11-17,41.57398,-71.720622,0.025398043456093863
2022-11-18,41.57398,-71.720622,0.0
2022-11-19,41.57398,-71.720622,0.0
2022-11-20,41.57398,-71.720622,0.0
2022-11-21,41.57398,-71.720622,0.0
2022-11-22,41.57398,-71.720622,0.0
2022-11-23,41.57398,-71.720622,0.0
2022-11-24,41.57398,-71.720622,0.0
2022-11-25,41.57398,-71.720622,2.2584242088016357
2022-11-26,41.57398,-71.720622,0.0
2022-11-27,41.57398,-71.720622,27.119301079000742
2022-11-28,41.57398,-71.720622,0.6031414989894514
2022-11-29,41.57398,-71.720622,0.0
2022-11-30,41.57398,-71.720622,20.533123522138244
2022-12-01,41.57398,-71.720622,0.22736455720681792
2022-12-02,41.57398,-71.720622,0.0
2022-12-03,41.57398,-71.720622,19.00185129746004
2022-12-04,41.57398,-71.720622,0.0
2022-12-05,41.57398,-71.720622,0.6639998359431263
2022-12-06,41.57398,-71.720622,4.6744594649476365
2022-12-07,41.57398,-71.720622,37.604100946736054
2022-12-08,41.57398,-71.720622,0.0
2022-12-09,41.57398,-71.720622,0.0
2022-12-10,41.57398,-71.720622,0.0
2022-12-11,41.57398,-71.720622,0.0
2022-12-12,41.57398,-71.720622,0.2052119664968479
2022-12-13,41.57398,-71.720622,0.0
2022-12-14,41.57398,-71.720622,0.0
2022-12-15,41.57398,-71.720622,1.158050168616864
2022-12-16,41.57398,-71.720622,24.420104019672596
2022-12-17,41.57398,-71.720622,0.09932003297308618
2022-12-18,41.57398,-71.720622,0.0
2022-12-19,41.57398,-71.720622,0.0
2022-12-20,41.57398,-71.720622,0.0
2022-12-21,41.57398,-71.720622,0.0
2022-12-22,41.57398,-71.720622,4.076436231560534
2022-12-23,41.57398,-71.720622,33.0515985075513
2022-12-24,41.57398,-71.720622,0.0
2022-12-25,41.57398,-71.720622,0.0
2022-12-26,41.57398,-71.720622,0.0
2022-12-27,41.57398,-71.720622,0.12333344534415053
2022-12-28,41.57398,-71.720622,0.0
2022-12-29,41.57398,-71.720622,0.012559028896265137
2022-12-30,41.57398,-71.720622,0.0
2022-12-31,41.57398,-71.720622,13.099633496829176
2023-01-01,41.57398,-71.720622,22.31553395035399
2023-01-02,41.57398,-71.720622,0.003350024382436864
2023-01-03,41.57398,-71.720622,17.47636358886156
2023-01-04,41.57398,-71.720622,6.9825515373737685
2023-01-05,41.57398,-71.720622,2.7966845654414296
2023-01-06,41.57398,-71.720622,0.021947023966761976
2023-01-07,41.57398,-71.720622,0.0
2023-01-08,41.57398,-71.720622,0.0
2023-01-09,41.57398,-71.720622,2.518714402468578
2023-01-10,41.57398,-71.720622,0.0
2023-01-11,41.57398,-71.720622,0.0
2023-01-12,41.57398,-71.720622,0.09993493560649297
2023-01-13,41.57398,-71.720622,22.884690469169705
2023-01-14,41.57398,-71.720622,1.8407470237537855
2023-01-15,41.57398,-71.720622,0.6150362854847347
2023-01-16,41.57398,-71.720622,0.8256112630899706
2023-01-17,41.57398,-71.720622,0.006414980681199465
2023-01-18,41.57398,-71.720622,0.0
2023-01-19,41.57398,-71.720622,23.34849478329284
2023-01-20,41.57398,-71.720622,12.315454376198751
2023-01-21,41.57398,-71.720622,0.0
2023-01-22,41.57398,-71.720622,0.26955731323452153
2023-01-23,41.57398,-71.720622,43.18955784692353
2023-01-24,41.57398,-71.720622,0.0
2023-01-25,41.57398,-71.720622,4.311986136080081
2023-01-26,41.57398,-71.720622,41.48247549893179
2023-01-27,41.57398,-71.720622,0.0
2023-01-28,41.57398,-71.720622,0.0
2023-01-29,41.57398,-71.720622,1.85377488020331
2023-01-30,41.57398,-71.720622,0.00805297536268577
2023-01-31,41.57398,-71.720622,0.03238356882222613
2023-02-01,41.57398,-71.720622,0.16273160481011334
2023-02-02,41.57398,-71.720622,0.0
2023-02-03,41.57398,-71.720622,0.0
2023-02-04,41.57398,-71.720622,0.046901597744171145
2023-02-05,41.57398,-71.720622,0.0
2023-02-06,41.57398,-71.720622,0.0
2023-02-07,41.57398,-71.720622,0.0
2023-02-08,41.57398,-71.720622,6.99526852324165
2023-02-09,41.57398,-71.720622,0.7281441368786152
2023-02-10,41.57398,-71.720622,0.7504693861415859
2023-02-11,41.57398,-71.720622,0.0
2023-02-12,41.57398,-71.720622,0.0
2023-02-13,41.57398,-71.720622,8.434096453001713
2023-02-14,41.57398,-71.720622,0.0
2023-02-15,41.57398,-71.720622,2.0214779466530435
2023-02-16,41.57398,-71.720622,4.507970399598248
2023-02-17,41.57398,-71.720622,14.882798662329002
2023-02-18,41.57398,-71.720622,0.3015825980627694
2023-02-19,41.57398,-71.720622,0.0
2023-02-20,41.57398,-71.720622,0.0
2023-02-21,41.57398,-71.720622,4.849843901747399
2023-02-22,41.57398,-71.720622,0.6740155764756551
2023-02-23,41.57398,-71.720622,9.200058108574467
2023-02-24,41.57398,-71.720622,0.7052698082249281
2023-02-25,41.57398,-71.720622,0.0
2023-02-26,41.57398,-71.720622,0.0
2023-02-27,41.57398,-71.720622,0.0
2023-02-28,41.57398,-71.720622,2.0067201513025474
2023-03-01,41.57398,-71.720622,0.03221190145074308
2023-03-02,41.57398,-71.720622,3.4311184633027496
2023-03-03,41.57398,-71.720622,0.02480309665087941
2023-03-04,41.57398,-71.720622,11.184420401009572
2023-03-05,41.57398,-71.720622,0.0
2023-03-06,41.57398,-71.720622,0.0
2023-03-07,41.57398,-71.720622,0.0
2023-03-08,41.57398,-71.720622,0.0
2023-03-09,41.57398,-71.720622,0.0
2023-03-10,41.57398,-71.720622,0.003350024382436864
2023-03-11,41.57398,-71.720622,13.214337884231982
2023-03-12,41.57398,-71.720622,0.060748658116648924
2023-03-13,41.57398,-71.720622,6.796777098209716
2023-03-14,41.57398,-71.720622,34.021285178839015
2023-03-15,41.57398,-71.720622,0.0317796969061612
2023-03-16,41.57398,-71.720622,0.0
2023-03-17,41.57398,-71.720622,0.6173301120375676
2023-03-18,41.57398,-71.720622,4.140601322185807
2023-03-19,41.57398,-71.720622,0.0
2023-03-20,41.57398,-71.720622,0.0
2023-03-21,41.57398,-71.720622,0.0
2023-03-22,41.57398,-71.720622,0.11719091870399619
2023-03-23,41.57398,-71.720622,5.4254783193679454
2023-03-24,41.57398,-71.720622,0.12413437871935265
2023-03-25,41.57398,-71.720622,4.677385144041944
2023-03-26,41.57398,-71.720622,0.5395494356580168
2023-03-27,41.57398,-71.720622,1.444019851731935
2023-03-28,41.57398,-71.720622,3.1174176643059566
2023-03-29,41.57398,-71.720622,0.0
2023-03-30,41.57398,-71.720622,0.6791163733846545
2023-03-31,41.57398,-71.720622,10.736794606819014
2023-04-01,41.57398,-71.720622,36.74568303666618
2023-04-02,41.57398,-71.720622,0.623398952293344
2023-04-03,41.57398,-71.720622,0.010065121287642914
2023-04-04,41.57398,-71.720622,0.08436833026128931
2023-04-05,41.57398,-71.720622,0.5535469825022002
2023-04-06,41.57398,-71.720622,5.6709566580385005
2023-04-07,41.57398,-71.720622,3.027097312082713
2023-04-08,41.57398,-71.720622,0.8463911257658024
2023-04-09,41.57398,-71.720622,0.0
2023-04-10,41.57398,-71.720622,0.0
2023-04-11,41.57398,-71.720622,0.005927266861134193
2023-04-12,41.57398,-71.720622,0.8111782231462215
2023-04-13,41.57398,-71.720622,0.0
2023-04-14,41.57398,-71.720622,0.0
2023-04-15,41.57398,-71.720622,2.736310915453584
2023-04-16,41.57398,-71.720622,5.942818901486303
2023-04-17,41.57398,-71.720622,2.5792044321386665
2023-04-18,41.57398,-71.720622,0.0
2023-04-19,41.57398,-71.720622,0.0
2023-04-20,41.57398,-71.720622,0.0
2023-04-21,41.57398,-71.720622,0.2341162884050497
2023-04-22,41.57398,-71.720622,0.10496743272965735
2023-04-23,41.57398,-71.720622,34.42042763198457
2023-04-24,41.57398,-71.720622,0.0
2023-04-25,41.57398,-71.720622,0.0
2023-04-26,41.57398,-71.720622,0.005635961391973997
2023-04-27,41.57398,-71.720622,1.5806683343371613
2023-04-28,41.57398,-71.720622,0.5141956718218084
2023-04-29,41.57398,-71.720622,11.28709091863659
2023-04-30,41.57398,-71.720622,12.923485639704673
2023-05-01,41.57398,-71.720622,15.249528223948072
2023-05-02,41.57398,-71.720622,4.447208878337701
2023-05-03,41.57398,-71.720622,0.02525059684731061
2023-05-04,41.57398,-71.720622,0.3744526309831176
2023-05-05,41.57398,-71.720622,0.2891122413028116
2023-05-06,41.57398,-71.720622,0.0
2023-05-07,41.57398,-71.720622,0.28763833694337587
2023-05-08,41.57398,-71.720622,13.596994485205894
2023-05-09,41.57398,-71.720622,0.0
2023-05-10,41.57398,-71.720622,0.0
2023-05-11,41.57398,-71.720622,0.0
2023-05-12,41.57398,-71.720622,0.0
2023-05-13,41.57398,-71.720622,0.07734568451747512
2023-05-14,41.57398,-71.720622,0.0
2023-05-15,41.57398,-71.720622,0.00805297536268577
2023-05-16,41.57398,-71.720622,0.0
2023-05-17,41.57398,-71.720622,0.0
2023-05-18,41.57398,-71.720622,0.0
2023-05-19,41.57398,-71.720622,0.0
2023-05-20,41.57398,-71.720622,15.965123864702377
2023-05-21,41.57398,-71.720622,24.330419343198546
2023-05-22,41.57398,-71.720622,0.0
2023-05-23,41.57398,-71.720622,0.0
2023-05-24,41.57398,-71.720622,0.4421657321298448
2023-05-25,41.57398,-71.720622,0.49018513924682694
2023-05-26,41.57398,-71.720622,0.0
2023-05-27,41.57398,-71.720622,0.0
2023-05-28,41.57398,-71.720622,0.0
2023-05-29,41.57398,-71.720622,0.0
2023-05-30,41.57398,-71.720622,0.0
2023-05-31,41.57398,-71.720622,0.0
2023-06-01,41.57398,-71.720622,0.0
2023-06-02,41.57398,-71.720622,0.14045621308945228
2023-06-03,41.57398,-71.720622,1.8794746216328635
2023-06-04,41.57398,-71.720622,0.0003522475869983748
2023-06-05,41.57398,-71.720622,0.0008467523862020383
2023-06-06,41.57398,-71.720622,0.8276019311621949
2023-06-07,41.57398,-71.720622,0.0047959998928016525
2023-06-08,41.57398,-71.720622,0.049592562962948006
2023-06-09,41.57398,-71.720622,0.6296590976675451
2023-06-10,41.57398,-71.720622,1.8676944274716907
2023-06-11,41.57398,-71.720622,0.03427649466082065
2023-06-12,41.57398,-71.720622,1.2841840972895997
2023-06-13,41.57398,-71.720622,0.9324207836500702
2023-06-14,41.57398,-71.720622,0.3500713016542055
2023-06-15,41.57398,-71.720622,0.0
2023-06-16,41.57398,-71.720622,1.6928130272951554
2023-06-17,41.57398,-71.720622,19.617703231402636
2023-06-18,41.57398,-71.720622,12.406144117684157
2023-06-19,41.57398,-71.720622,0.0
2023-06-20,41.57398,-71.720622,0.0
2023-06-21,41.57398,-71.720622,0.0
2023-06-22,41.57398,-71.720622,0.16852492591887241
2023-06-23,41.57398,-71.720622,0.5332674001415015
2023-06-24,41.57398,-71.720622,15.516610293496061
2023-06-25,41.57398,-71.720622,0.0
2023-06-26,41.57398,-71.720622,0.370783058280708
2023-06-27,41.57398,-71.720622,29.870078299812143
2023-06-28,41.57398,-71.720622,3.2979241963986112
2023-06-29,41.57398,-71.720622,0.03649106797309921
2023-06-30,41.57398,-71.720622,0.0
2023-07-01,41.57398,-71.720622,0.0
2023-07-02,41.57398,-71.720622,1.7484325348922438
2023-07-03,41.57398,-71.720622,7.840876925799925
2023-07-04,41.57398,-71.720622,37.747077061881825
2023-07-05,41.57398,-71.720622,0.0
2023-07-06,41.57398,-71.720622,0.0
2023-07-07,41.57398,-71.720622,0.0
2023-07-08,41.57398,-71.720622,0.5114747642375529
2023-07-09,41.57398,-71.720622,2.2639009561813768
2023-07-10,41.57398,-71.720622,27.18999614010987
2023-07-11,41.57398,-71.720622,0.0
2023-07-12,41.57398,-71.720622,0.0
2023-07-13,41.57398,-71.720622,0.18855220328189892
2023-07-14,41.57398,-71.720622,29.42406521302271
2023-07-15,41.57398,-71.720622,12.088194164412869
2023-07-16,41.57398,-71.720622,84.39455932684095
2023-07-17,41.57398,-71.720622,18.268514976265223
2023-07-18,41.57398,-71.720622,0.4835144979958086
2023-07-19,41.57398,-71.720622,1.3608095431304288
2023-07-20,41.57398,-71.720622,0.0
2023-07-21,41.57398,-71.720622,6.101563145758714
2023-07-22,41.57398,-71.720622,1.4773435999598654
2023-07-23,41.57398,-71.720622,0.002233349588291243
2023-07-24,41.57398,-71.720622,0.010050072939313698
2023-07-25,41.57398,-71.720622,0.0
2023-07-26,41.57398,-71.720622,0.0
2023-07-27,41.57398,-71.720622,0.0
2023-07-28,41.57398,-71.720622,1.61044606481538
2023-07-29,41.57398,-71.720622,0.7057676827099639
2023-07-30,41.57398,-71.720622,13.284883798968018
2023-07-31,41.57398,-71.720622,0.0
2023-08-01,41.57398,-71.720622,0.0
2023-08-02,41.57398,-71.720622,0.0
2023-08-03,41.57398,-71.720622,0.0
2023-08-04,41.57398,-71.720622,1.182253093036581
2023-08-05,41.57398,-71.720622,1.0170388813982003
2023-08-06,41.57398,-71.720622,0.1174952105583016
2023-08-07,41.57398,-71.720622,13.03033070106867
2023-08-08,41.57398,-71.720622,10.922014265231198
2023-08-09,41.57398,-71.720622,0.0
2023-08-10,41.57398,-71.720622,17.310963477300085
2023-08-11,41.57398,-71.720622,7.856252492373443
2023-08-12,41.57398,-71.720622,1.6052902000054186
2023-08-13,41.57398,-71.720622,22.08252489041045
2023-08-14,41.57398,-71.720622,0.7202285805375104
2023-08-15,41.57398,-71.720622,18.596069692286058
2023-08-16,41.57398,-71.720622,0.3767008114457041
2023-08-17,41.57398,-71.720622,1.5543406875788428
2023-08-18,41.57398,-71.720622,9.528992380274293
2023-08-19,41.57398,-71.720622,0.0
2023-08-20,41.57398,-71.720622,0.0
2023-08-21,41.57398,-71.720622,0.018669121520412814
2023-08-22,41.57398,-71.720622,0.951235814491611
2023-08-23,41.57398,-71.720622,0.0
2023-08-24,41.57398,-71.720622,0.0
2023-08-25,41.57398,-71.720622,18.21473850516412
2023-08-26,41.57398,-71.720622,0.3699508821086582
2023-08-27,41.57398,-71.720622,0.0
2023-08-28,41.57398,-71.720622,0.975579826787321
2023-08-29,41.57398,-71.720622,1.3147262347947968
2023-08-30,41.57398,-71.720622,2.3806949623254146
2023-08-31,41.57398,-71.720622,0.0
2023-09-01,41.57398,-71.720622,0.0
2023-09-02,41.57398,-71.720622,0.0
2023-09-03,41.57398,-71.720622,0.6412417391187384
2023-09-04,41.57398,-71.720622,0.2531060482123181
2023-09-05,41.57398,-71.720622,0.005583373762731214
2023-09-06,41.57398,-71.720622,0.0
2023-09-07,41.57398,-71.720622,0.0
2023-09-08,41.57398,-71.720622,0.006774019089616307
2023-09-09,41.57398,-71.720622,0.018790276346261327
2023-09-10,41.57398,-71.720622,10.60944507313812
2023-09-11,41.57398,-71.720622,6.427342616989413
2023-09-12,41.57398,-71.720622,1.7134288656862393
2023-09-13,41.57398,-71.720622,10.360633746389135
2023-09-14,41.57398,-71.720622,0.4229003256705713
2023-09-15,41.57398,-71.720622,0.27261781278090624
2023-09-16,41.57398,-71.720622,15.050268081150513
2023-09-17,41.57398,-71.720622,0.0
2023-09-18,41.57398,-71.720622,44.76160192681409
2023-09-19,41.57398,-71.720622,0.0
2023-09-20,41.57398,-71.720622,0.0
2023-09-21,41.57398,-71.720622,0.0
2023-09-22,41.57398,-71.720622,0.032877601212279214
2023-09-23,41.57398,-71.720622,23.463654751755076
2023-09-24,41.57398,-71.720622,3.1778560475702498
2023-09-25,41.57398,-71.720622,13.348813530397091
2023-09-26,41.57398,-71.720622,7.033631554191434
2023-09-27,41.57398,-71.720622,0.0
2023-09-28,41.57398,-71.720622,0.0
2023-09-29,41.57398,-71.720622,22.98397104920645
2023-09-30,41.57398,-71.720622,38.11794183176255
2023-10-01,41.57398,-71.720622,2.4922120910402987
2023-10-02,41.57398,-71.720622,0.0
2023-10-03,41.57398,-71.720622,0.0
2023-10-04,41.57398,-71.720622,0.0
2023-10-05,41.57398,-71.720622,0.0
2023-10-06,41.57398,-71.720622,0.0
2023-10-07,41.57398,-71.720622,3.718831250079149
2023-10-08,41.57398,-71.720622,0.0035824080343567
2023-10-09,41.57398,-71.720622,0.0
2023-10-10,41.57398,-71.720622,0.04244027224004142
2023-10-11,41.57398,-71.720622,0.12130694172106778
2023-10-12,41.57398,-71.720622,0.0
2023-10-13,41.57398,-71.720622,0.0010567427609951244
2023-10-14,41.57398,-71.720622,13.703867306505643
2023-10-15,41.57398,-71.720622,4.576720856077368
2023-10-16,41.57398,-71.720622,0.014569359745138968
2023-10-17,41.57398,-71.720622,0.04074896879105181
2023-10-18,41.57398,-71.720622,0.0
2023-10-19,41.57398,-71.720622,0.0
2023-10-20,41.57398,-71.720622,1.8026600391363372
2023-10-21,41.57398,-71.720622,37.4427911504355
2023-10-22,41.57398,-71.720622,0.0
2023-10-23,41.57398,-71.720622,0.08170965765025062
2023-10-24,41.57398,-71.720622,0.01918399957120661
2023-10-25,41.57398,-71.720622,0.027264961400124552
2023-10-26,41.57398,-71.720622,0.11877868510958005
2023-10-27,41.57398,-71.720622,2.230597272438468
2023-10-28,41.57398,-71.720622,0.0
2023-10-29,41.57398,-71.720622,7.977750173011965
2023-10-30,41.57398,-71.720622,11.693610316305016
2023-10-31,41.57398,-71.720622,3.762403961071696
2023-11-01,41.57398,-71.720622,0.13553415902767668
2023-11-02,41.57398,-71.720622,0.0
2023-11-03,41.57398,-71.720622,0.0024657331745998505
2023-11-04,41.57398,-71.720622,0.018983470460491095
2023-11-05,41.57398,-71.720622,0.0
2023-11-06,41.57398,-71.720622,0.14457479150268343
2023-11-07,41.57398,-71.720622,21.475589647894463
2023-11-08,41.57398,-71.720622,0.0
2023-11-09,41.57398,-71.720622,1.5740166840892091
2023-11-10,41.57398,-71.720622,0.6214462916107868
2023-11-11,41.57398,-71.720622,0.0
2023-11-12,41.57398,-71.720622,0.0
2023-11-13,41.57398,-71.720622,0.0
2023-11-14,41.57398,-71.720622,0.08621386247507781
2023-11-15,41.57398,-71.720622,0.0
2023-11-16,41.57398,-71.720622,0.003350024382436864
2023-11-17,41.57398,-71.720622,0.0
2023-11-18,41.57398,-71.720622,0.2701871110402554
2023-11-19,41.57398,-71.720622,0.027583790967130123
2023-11-20,41.57398,-71.720622,0.0011166747941456215
2023-11-21,41.57398,-71.720622,2.263599137963459
2023-11-22,41.57398,-71.720622,42.732192421382706
2023-11-23,41.57398,-71.720622,0.03173939825940403
2023-11-24,41.57398,-71.720622,0.0003522475869983748
2023-11-25,41.57398,-71.720622,0.0
2023-11-26,41.57398,-71.720622,0.1084189435445169
2023-11-27,41.57398,-71.720622,8.169265364866046
2023-11-28,41.57398,-71.720622,0.0
2023-11-29,41.57398,-71.720622,0.009314276405942347
2023-11-30,41.57398,-71.720622,0.0
2023-12-01,41.57398,-71.720622,3.085094362218709
2023-12-02,41.57398,-71.720622,3.217223867018089
2023-12-03,41.57398,-71.720622,26.883751468557747
2023-12-04,41.57398,-71.720622,0.023898684330527394
2023-12-05,41.57398,-71.720622,0.1614234857821067
2023-12-06,41.57398,-71.720622,0.0
2023-12-07,41.57398,-71.720622,0.0
2023-12-08,41.57398,-71.720622,0.0
2023-12-09,41.57398,-71.720622,0.22651197057952505
2023-12-10,41.57398,-71.720622,12.587570915275817
2023-12-11,41.57398,-71.720622,67.20589261846474
2023-12-12,41.57398,-71.720622,0.0
2023-12-13,41.57398,-71.720622,0.0
2023-12-14,41.57398,-71.720622,0.0
2023-12-15,41.57398,-71.720622,0.12442095854446142
2023-12-16,41.57398,-71.720622,0.008933398353164972
2023-12-17,41.57398,-71.720622,18.226163341444657
2023-12-18,41.57398,-71.720622,84.7479373000063
2023-12-19,41.57398,-71.720622,0.0
2023-12-20,41.57398,-71.720622,0.0
2023-12-21,41.57398,-71.720622,0.0
2023-12-22,41.57398,-71.720622,0.0
2023-12-23,41.57398,-71.720622,0.06911570788287481
2023-12-24,41.57398,-71.720622,0.0883219458581403
2023-12-25,41.57398,-71.720622,0.03368082383188707
2023-12-26,41.57398,-71.720622,0.0
2023-12-27,41.57398,-71.720622,6.815629694919509
2023-12-28,41.57398,-71.720622,16.069893327321456
2023-12-29,41.57398,-71.720622,0.19629363165720204
2023-12-30,41.57398,-71.720622,0.0008467523862020383
2023-12-31,41.57398,-71.720622,0.0
2024-01-01,41.57398,-71.720622,0.7366942379296566
2024-01-02,41.57398,-71.720622,0.0
2024-01-03,41.57398,-71.720622,0.0
2024-01-04,41.57398,-71.720622,0.128272591487167
2024-01-05,41.57398,-71.720622,0.0
2024-01-06,41.57398,-71.720622,0.41395247907101795
2024-01-07,41.57398,-71.720622,5.356036803434672
2024-01-08,41.57398,-71.720622,0.0
2024-01-09,41.57398,-71.720622,27.467848128618446
2024-01-10,41.57398,-71.720622,108.70199341112634
2024-01-11,41.57398,-71.720622,0.0
2024-01-12,41.57398,-71.720622,0.0
2024-01-13,41.57398,-71.720622,32.62710830973101
2024-01-14,41.57398,-71.720622,0.054364042251751205
2024-01-15,41.57398,-71.720622,0.3816788136086837
2024-01-16,41.57398,-71.720622,3.063453772299173
2024-01-17,41.57398,-71.720622,0.0
2024-01-18,41.57398,-71.720622,0.0
2024-01-19,41.57398,-71.720622,0.003739257131806528
2024-01-20,41.57398,-71.720622,0.0
2024-01-21,41.57398,-71.720622,0.0
2024-01-22,41.57398,-71.720622,0.8089061324497431
2024-01-23,41.57398,-71.720622,0.5671553507261571
2024-01-24,41.57398,-71.720622,4.958236688561674
2024-01-25,41.57398,-71.720622,20.718388383514792
2024-01-26,41.57398,-71.720622,2.126660940820494
2024-01-27,41.57398,-71.720622,0.8293460433391404
2024-01-28,41.57398,-71.720622,49.21861789223548
2024-01-29,41.57398,-71.720622,0.0
2024-01-30,41.57398,-71.720622,0.0
2024-01-31,41.57398,-71.720622,0.3299396373930298
2024-02-01,41.57398,-71.720622,0.03403181898245816
2024-02-02,41.57398,-71.720622,0.0
2024-02-03,41.57398,-71.720622,0.0
2024-02-04,41.57398,-71.720622,0.0
2024-02-05,41.57398,-71.720622,0.0
2024-02-06,41.57398,-71.720622,0.0
2024-02-07,41.57398,-71.720622,0.0
2024-02-08,41.57398,-71.720622,0.0
2024-02-09,41.57398,-71.720622,0.004233761773290266
2024-02-10,41.57398,-71.720622,0.0
2024-02-11,41.57398,-71.720622,0.012283422943598727
2024-02-12,41.57398,-71.720622,0.0
2024-02-13,41.57398,-71.720622,24.993531329282657
2024-02-14,41.57398,-71.720622,0.018790276346261327
2024-02-15,41.57398,-71.720622,0.015686034331287697
2024-02-16,41.57398,-71.720622,0.3392166496463379
2024-02-17,41.57398,-71.720622,0.16771649362120483
2024-02-18,41.57398,-71.720622,0.0
2024-02-19,41.57398,-71.720622,0.0
2024-02-20,41.57398,-71.720622,0.0
2024-02-21,41.57398,-71.720622,0.0
2024-02-22,41.57398,-71.720622,0.0
2024-02-23,41.57398,-71.720622,8.28966341942586
2024-02-24,41.57398,-71.720622,1.3237274793214635
2024-02-25,41.57398,-71.720622,0.0
2024-02-26,41.57398,-71.720622,0.0
2024-02-27,41.57398,-71.720622,0.0
2024-02-28,41.57398,-71.720622,17.09111828792755
2024-02-29,41.57398,-71.720622,14.008946195842373
2024-03-01,41.57398,-71.720622,0.0
2024-03-02,41.57398,-71.720622,37.275186299348576
2024-03-03,41.57398,-71.720622,9.89539541526977
2024-03-04,41.57398,-71.720622,0.0
2024-03-05,41.57398,-71.720622,3.097579443476156
2024-03-06,41.57398,-71.720622,6.689982066893849
2024-03-07,41.57398,-71.720622,32.93048613261591
2024-03-08,41.57398,-71.720622,0.23905285874094298
2024-03-09,41.57398,-71.720622,3.689998875738555
2024-03-10,41.57398,-71.720622,21.93140740148853
2024-03-11,41.57398,-71.720622,0.3132482961952302
2024-03-12,41.57398,-71.720622,0.0
2024-03-13,41.57398,-71.720622,0.0
2024-03-14,41.57398,-71.720622,0.046019916283667965
2024-03-15,41.57398,-71.720622,0.3961446937657353
2024-03-16,41.57398,-71.720622,0.0
2024-03-17,41.57398,-71.720622,0.6537221947061238
2024-03-18,41.57398,-71.720622,0.0008467523862020383
2024-03-19,41.57398,-71.720622,0.0
2024-03-20,41.57398,-71.720622,2.404044602753703
2024-03-21,41.57398,-71.720622,0.003800999915040878
2024-03-22,41.57398,-71.720622,0.0026843251208952565
2024-03-23,41.57398,-71.720622,65.09971373199198
2024-03-24,41.57398,-71.720622,2.201734660687063
2024-03-25,41.57398,-71.720622,0.0
2024-03-26,41.57398,-71.720622,0.0
2024-03-27,41.57398,-71.720622,1.2779058998962944
2024-03-28,41.57398,-71.720622,76.63783420597521
2024-03-29,41.57398,-71.720622,42.350817337129726
2024-03-30,41.57398,-71.720622,0.0
2024-03-31,41.57398,-71.720622,0.057794852089358494
2024-04-01,41.57398,-71.720622,2.0609992516407623
2024-04-02,41.57398,-71.720622,9.414137390615616
2024-04-03,41.57398,-71.720622,23.490974199667694
2024-04-04,41.57398,-71.720622,12.88703882841169
2024-04-05,41.57398,-71.720622,0.3273369805499614
2024-04-06,41.57398,-71.720622,0.012672655419360272
2024-04-07,41.57398,-71.720622,0.029408577361219768
2024-04-08,41.57398,-71.720622,0.016373261875555024
2024-04-09,41.57398,-71.720622,0.32577952820548983
2024-04-10,41.57398,-71.720622,0.08708594277080277
2024-04-11,41.57398,-71.720622,4.947113576841938
2024-04-12,41.57398,-71.720622,24.901598385246533
2024-04-13,41.57398,-71.720622,0.06999133205360317
2024-04-14,41.57398,-71.720622,6.718663543648797
2024-04-15,41.57398,-71.720622,4.91380674329237
2024-04-16,41.57398,-71.720622,0.08691349495042552
2024-04-17,41.57398,-71.720622,1.1598128697228205
2024-04-18,41.57398,-71.720622,15.331845061215542
2024-04-19,41.57398,-71.720622,0.006485325035936134
2024-04-20,41.57398,-71.720622,6.937868160264741
2024-04-21,41.57398,-71.720622,0.12537568780779396
2024-04-22,41.57398,-71.720622,0.0
2024-04-23,41.57398,-71.720622,0.0
2024-04-24,41.57398,-71.720622,1.2200995593882387
2024-04-25,41.57398,-71.720622,0.0
2024-04-26,41.57398,-71.720622,0.0
2024-04-27,41.57398,-71.720622,0.0
2024-04-28,41.57398,-71.720622,6.896445220366773
2024-04-29,41.57398,-71.720622,2.3359112990486777
2024-04-30,41.57398,-71.720622,1.2294209123699509
2024-05-01,41.57398,-71.720622,8.373252577753323
2024-05-02,41.57398,-71.720622,0.0
2024-05-03,41.57398,-71.720622,0.09621470013191266
2024-05-04,41.57398,-71.720622,0.0616533654816756
2024-05-05,41.57398,-71.720622,7.493558422937574
2024-05-06,41.57398,-71.720622,3.572769862348803
2024-05-07,41.57398,-71.720622,0.004466699176582486
2024-05-08,41.57398,-71.720622,15.852899261554779
2024-05-09,41.57398,-71.720622,1.0762558514840441
2024-05-10,41.57398,-71.720622,11.669651880802851
2024-05-11,41.57398,-71.720622,0.0
2024-05-12,41.57398,-71.720622,0.14484236371004133
2024-05-13,41.57398,-71.720622,0.042436484618474796
2024-05-14,41.57398,-71.720622,0.0
2024-05-15,41.57398,-71.720622,22.747685420510702
2024-05-16,41.57398,-71.720622,51.797959243125476
2024-05-17,41.57398,-71.720622,0.038872911458316554
2024-05-18,41.57398,-71.720622,0.7725305795227705
2024-05-19,41.57398,-71.720622,1.126732577237183
2024-05-20,41.57398,-71.720622,0.0
2024-05-21,41.57398,-71.720622,0.0
2024-05-22,41.57398,-71.720622,0.0
2024-05-23,41.57398,-71.720622,16.397055621005666
2024-05-24,41.57398,-71.720622,0.0
2024-05-25,41.57398,-71.720622,0.0
2024-05-26,41.57398,-71.720622,2.3621275788285963
2024-05-27,41.57398,-71.720622,0.9894779264131169
2024-05-28,41.57398,-71.720622,13.052037603941285
2024-05-29,41.57398,-71.720622,0.0
2024-05-30,41.57398,-71.720622,5.995017374850135
2024-05-31,41.57398,-71.720622,0.0
2024-06-01,41.57398,-71.720622,0.0
2024-06-02,41.57398,-71.720622,0.0
2024-06-03,41.57398,-71.720622,0.4890696908496396
2024-06-04,41.57398,-71.720622,0.0
2024-06-05,41.57398,-71.720622,0.0
2024-06-06,41.57398,-71.720622,1.8005322591127153
2024-06-07,41.57398,-71.720622,0.372546882958572
2024-06-08,41.57398,-71.720622,0.0
2024-06-09,41.57398,-71.720622,2.5140039564007655
2024-06-10,41.57398,-71.720622,0.0
2024-06-11,41.57398,-71.720622,0.0
2024-06-12,41.57398,-71.720622,0.0
2024-06-13,41.57398,-71.720622,0.0
2024-06-14,41.57398,-71.720622,0.7961930839116821
2024-06-15,41.57398,-71.720622,7.804348814327833
2024-06-16,41.57398,-71.720622,0.0
2024-06-17,41.57398,-71.720622,0.055294354901588974
2024-06-18,41.57398,-71.720622,0.0
2024-06-19,41.57398,-71.720622,0.0
2024-06-20,41.57398,-71.720622,0.0
2024-06-21,41.57398,-71.720622,12.242776782135271
2024-06-22,41.57398,-71.720622,11.266165975674163
2024-06-23,41.57398,-71.720622,9.480907914500792
2024-06-24,41.57398,-71.720622,7.043783889286433
2024-06-25,41.57398,-71.720622,0.0
2024-06-26,41.57398,-71.720622,0.007756237512051558
2024-06-27,41.57398,-71.720622,36.68661542144901
2024-06-28,41.57398,-71.720622,0.0
2024-06-29,41.57398,-71.720622,0.36899986343265456
2024-06-30,41.57398,-71.720622,14.093712982620401
2024-07-01,41.57398,-71.720622,3.9981665174723986
2024-07-02,41.57398,-71.720622,0.0
2024-07-03,41.57398,-71.720622,0.0
2024-07-04,41.57398,-71.720622,0.059699323222517746
2024-07-05,41.57398,-71.720622,2.3502619456766274
2024-07-06,41.57398,-71.720622,7.831616868523798
2024-07-07,41.57398,-71.720622,0.5531620726647699
2024-07-08,41.57398,-71.720622,0.05756264869716879
2024-07-09,41.57398,-71.720622,0.23321885732897688
2024-07-10,41.57398,-71.720622,0.11915978369706297
2024-07-11,41.57398,-71.720622,0.08760774898835538
2024-07-12,41.57398,-71.720622,0.0051711943505792345
2024-07-13,41.57398,-71.720622,13.545075629975623
2024-07-14,41.57398,-71.720622,0.0
2024-07-15,41.57398,-71.720622,0.0033124855608018884
2024-07-16,41.57398,-71.720622,0.0
2024-07-17,41.57398,-71.720622,0.01238758736218348
2024-07-18,41.57398,-71.720622,17.92404491598661
2024-07-19,41.57398,-71.720622,0.0
2024-07-20,41.57398,-71.720622,0.0
2024-07-21,41.57398,-71.720622,3.5517190812676076
2024-07-22,41.57398,-71.720622,0.02526031421613593
2024-07-23,41.57398,-71.720622,5.000273401240001
2024-07-24,41.57398,-71.720622,1.6912635444149204
2024-07-25,41.57398,-71.720622,1.6849208905031077
2024-07-26,41.57398,-71.720622,0.0
2024-07-27,41.57398,-71.720622,0.0
2024-07-28,41.57398,-71.720622,2.6475578632472083
2024-07-29,41.57398,-71.720622,39.96453823760382
2024-07-30,41.57398,-71.720622,0.00387472352259335
2024-07-31,41.57398,-71.720622,2.2279483734704937
2024-08-01,41.57398,-71.720622,0.0
2024-08-02,41.57398,-71.720622,0.03979237312209527
2024-08-03,41.57398,-71.720622,1.9952118533077854
2024-08-04,41.57398,-71.720622,7.0866557733819135
2024-08-05,41.57398,-71.720622,1.5874651760934602
2024-08-06,41.57398,-71.720622,3.925014022690641
2024-08-07,41.57398,-71.720622,21.75904310296827
2024-08-08,41.57398,-71.720622,1.7713575065645846
2024-08-09,41.57398,-71.720622,4.623746031710601
2024-08-10,41.57398,-71.720622,2.638551069553991
2024-08-11,41.57398,-71.720622,0.03943586526203588
2024-08-12,41.57398,-71.720622,0.8228907253124326
2024-08-13,41.57398,-71.720622,0.2780771948189385
2024-08-14,41.57398,-71.720622,0.0
2024-08-15,41.57398,-71.720622,0.10202959795045882
2024-08-16,41.57398,-71.720622,0.05656364050525515
2024-08-17,41.57398,-71.720622,0.0
2024-08-18,41.57398,-71.720622,12.403273358060362
2024-08-19,41.57398,-71.720622,35.01715930494003
2024-08-20,41.57398,-71.720622,3.4656936015978697
2024-08-21,41.57398,-71.720622,0.0
2024-08-22,41.57398,-71.720622,0.0
2024-08-23,41.57398,-71.720622,0.0
2024-08-24,41.57398,-71.720622,0.0
2024-08-25,41.57398,-71.720622,0.0
2024-08-26,41.57398,-71.720622,19.472001520041246
2024-08-27,41.57398,-71.720622,0.0
2024-08-28,41.57398,-71.720622,0.006700048764873728
2024-08-29,41.57398,-71.720622,0.0
2024-08-30,41.57398,-71.720622,0.0
2024-08-31,41.57398,-71.720622,0.011402999745122634
2024-09-01,41.57398,-71.720622,7.115458941199216
2024-09-02,41.57398,-71.720622,0.35370522357090345
2024-09-03,41.57398,-71.720622,0.0
2024-09-04,41.57398,-71.720622,0.0
2024-09-05,41.57398,-71.720622,0.0
2024-09-06,41.57398,-71.720622,0.0
2024-09-07,41.57398,-71.720622,0.0851671231126917
2024-09-08,41.57398,-71.720622,0.03460809114705458
2024-09-09,41.57398,-71.720622,0.0
2024-09-10,41.57398,-71.720622,0.0
2024-09-11,41.57398,-71.720622,0.0
2024-09-12,41.57398,-71.720622,0.0
2024-09-13,41.57398,-71.720622,0.0
2024-09-14,41.57398,-71.720622,0.0
2024-09-15,41.57398,-71.720622,0.0
2024-09-16,41.57398,-71.720622,0.0
2024-09-17,41.57398,-71.720622,0.0
2024-09-18,41.57398,-71.720622,0.6790450898121498
2024-09-19,41.57398,-71.720622,0.43322762240039225
2024-09-20,41.57398,-71.720622,6.306453904149947
2024-09-21,41.57398,-71.720622,12.152398381270974
2024-09-22,41.57398,-71.720622,2.1230229508602783
2024-09-23,41.57398,-71.720622,0.8098777163557996
2024-09-24,41.57398,-71.720622,0.05607236338031725
2024-09-25,41.57398,-71.720622,0.4987873071101282
2024-09-26,41.57398,-71.720622,5.52716265638365
2024-09-27,41.57398,-71.720622,3.5646363641261676
2024-09-28,41.57398,-71.720622,0.8434430304110506
2024-09-29,41.57398,-71.720622,0.8325472081709232
2024-09-30,41.57398,-71.720622,0.15025761854198175
2024-10-01,41.57398,-71.720622,0.0003522475869983748
2024-10-02,41.57398,-71.720622,0.004233761773290266
2024-10-03,41.57398,-71.720622,0.0
2024-10-04,41.57398,-71.720622,0.0
2024-10-05,41.57398,-71.720622,0.40193145212675313
2024-10-06,41.57398,-71.720622,0.0
2024-10-07,41.57398,-71.720622,21.720697591226266
2024-10-08,41.57398,-71.720622,0.0
2024-10-09,41.57398,-71.720622,0.005583373762731214
2024-10-10,41.57398,-71.720622,0.0
2024-10-11,41.57398,-71.720622,0.0
2024-10-12,41.57398,-71.720622,0.0010567427609951244
2024-10-13,41.57398,-71.720622,0.003170228217374146
2024-10-14,41.57398,-71.720622,3.291369185192247
2024-10-15,41.57398,-71.720622,0.0
2024-10-16,41.57398,-71.720622,0.0
2024-10-17,41.57398,-71.720622,0.0
2024-10-18,41.57398,-71.720622,0.015221267158670476
2024-10-19,41.57398,-71.720622,0.0
2024-10-20,41.57398,-71.720622,0.0
2024-10-21,41.57398,-71.720622,0.0
2024-10-22,41.57398,-71.720622,0.0
2024-10-23,41.57398,-71.720622,0.0
2024-10-24,41.57398,-71.720622,0.003596999919601239
2024-10-25,41.57398,-71.720622,0.0
2024-10-26,41.57398,-71.720622,0.030407999320327023
2024-10-27,41.57398,-71.720622,0.0
2024-10-28,41.57398,-71.720622,0.12863894171367182
2024-10-29,41.57398,-71.720622,0.2363686801469562
2024-10-30,41.57398,-71.720622,1.3737163854358958
2024-10-31,41.57398,-71.720622,0.009278301197036282
2024-11-01,41.57398,-71.720622,0.4981617535024817
2024-11-02,41.57398,-71.720622,0.0
2024-11-03,41.57398,-71.720622,0.0
2024-11-04,41.57398,-71.720622,0.8307071585969659
2024-11-05,41.57398,-71.720622,0.04995838968188078
2024-11-06,41.57398,-71.720622,0.0
2024-11-07,41.57398,-71.720622,0.0
2024-11-08,41.57398,-71.720622,0.0
2024-11-09,41.57398,-71.720622,0.2880432743347855
2024-11-10,41.57398,-71.720622,2.1507118654079775
2024-11-11,41.57398,-71.720622,20.840611130515068
2024-11-12,41.57398,-71.720622,0.0
2024-11-13,41.57398,-71.720622,0.0
2024-11-14,41.57398,-71.720622,0.0
2024-11-15,41.57398,-71.720622,0.0
2024-11-16,41.57398,-71.720622,0.0
2024-11-17,41.57398,-71.720622,0.12419236754210516
2024-11-18,41.57398,-71.720622,2.0416117582563893
2024-11-19,41.57398,-71.720622,0.0
2024-11-20,41.57398,-71.720622,0.054996371950271204
2024-11-21,41.57398,-71.720622,31.28422563396014
2024-11-22,41.57398,-71.720622,0.10432037843323881
2024-11-23,41.57398,-71.720622,2.3446686059537214
2024-11-24,41.57398,-71.720622,0.10101360096978108
2024-11-25,41.57398,-71.720622,0.0
2024-11-26,41.57398,-71.720622,7.83346576653294
2024-11-27,41.57398,-71.720622,0.011976418351612107
2024-11-28,41.57398,-71.720622,18.54973847622563
2024-11-29,41.57398,-71.720622,0.0
2024-11-30,41.57398,-71.720622,0.002233349588291243
2024-12-01,41.57398,-71.720622,0.0
2024-12-02,41.57398,-71.720622,0.0
2024-12-03,41.57398,-71.720622,0.003350024382436864
2024-12-04,41.57398,-71.720622,0.07159993295185817
2024-12-05,41.57398,-71.720622,19.297440423216866
2024-12-06,41.57398,-71.720622,0.0
2024-12-07,41.57398,-71.720622,0.035873323733966796
2024-12-08,41.57398,-71.720622,1.2204076934795516
2024-12-09,41.57398,-71.720622,9.785980286505843
2024-12-10,41.57398,-71.720622,0.4535746205269987
2024-12-11,41.57398,-71.720622,95.3295048067199
2024-12-12,41.57398,-71.720622,21.09999825066119
2024-12-13,41.57398,-71.720622,0.0
2024-12-14,41.57398,-71.720622,0.0
2024-12-15,41.57398,-71.720622,0.0
2024-12-16,41.57398,-71.720622,2.787877355638927
2024-12-17,41.57398,-71.720622,3.2558780081610137
2024-12-18,41.57398,-71.720622,2.12314633338089
2024-12-19,41.57398,-71.720622,11.188913115546882
2024-12-20,41.57398,-71.720622,5.9687294169031855
2024-12-21,41.57398,-71.720622,0.0
2024-12-22,41.57398,-71.720622,0.0
2024-12-23,41.57398,-71.720622,0.017820349147787917
2024-12-24,41.57398,-71.720622,1.3302118031588863
2024-12-25,41.57398,-71.720622,0.0
2024-12-26,41.57398,-71.720622,0.0
2024-12-27,41.57398,-71.720622,0.0
2024-12-28,41.57398,-71.720622,3.785133304044184
2024-12-29,41.57398,-71.720622,0.3528842594944358
2024-12-30,41.57398,-71.720622,20.34543237146368
2024-12-31,41.57398,-71.720622,0.4031195713590073
2025-01-01,41.57398,-71.720622,47.18216129183687
2025-01-02,41.57398,-71.720622,0.4006060691143009
2025-01-03,41.57398,-71.720622,0.0
2025-01-04,41.57398,-71.720622,0.0
2025-01-05,41.57398,-71.720622,0.0
2025-01-06,41.57398,-71.720622,0.0011166747941456215
2025-01-07,41.57398,-71.720622,0.0003522475869983748
2025-01-08,41.57398,-71.720622,0.0
2025-01-09,41.57398,-71.720622,0.10019619324024931
2025-01-10,41.57398,-71.720622,0.0
2025-01-11,41.57398,-71.720622,0.29235908870046334
2025-01-12,41.57398,-71.720622,0.0
2025-01-13,41.57398,-71.720622,0.8316573449747207
2025-01-14,41.57398,-71.720622,0.0
2025-01-15,41.57398,-71.720622,0.0
2025-01-16,41.57398,-71.720622,0.0
2025-01-17,41.57398,-71.720622,0.04404453029269498
2025-01-18,41.57398,-71.720622,8.662493248281208
2025-01-19,41.57398,-71.720622,2.246446408581033
2025-01-20,41.57398,-71.720622,1.575986734646561
2025-01-21,41.57398,-71.720622,0.04770073124706822
2025-01-22,41.57398,-71.720622,0.2788625494461434
2025-01-23,41.57398,-71.720622,0.02526031421613593
2025-01-24,41.57398,-71.720622,0.0
2025-01-25,41.57398,-71.720622,0.0
2025-01-26,41.57398,-71.720622,0.0
2025-01-27,41.57398,-71.720622,0.0
2025-01-28,41.57398,-71.720622,0.013188999928535698
2025-01-29,41.57398,-71.720622,0.028858008350953875
2025-01-30,41.57398,-71.720622,0.0
2025-01-31,41.57398,-71.720622,3.8308704418089428
2025-02-01,41.57398,-71.720622,31.483486669683312
2025-02-02,41.57398,-71.720622,0.10994257967863502
2025-02-03,41.57398,-71.720622,0.6276503011485812
2025-02-04,41.57398,-71.720622,0.4574389014684967
2025-02-05,41.57398,-71.720622,0.0
2025-02-06,41.57398,-71.720622,3.097959224499327
2025-02-07,41.57398,-71.720622,0.0
2025-02-08,41.57398,-71.720622,0.0
2025-02-09,41.57398,-71.720622,1.9245880382331981
2025-02-10,41.57398,-71.720622,0.0
2025-02-11,41.57398,-71.720622,0.0
2025-02-12,41.57398,-71.720622,1.186540652864418
2025-02-13,41.57398,-71.720622,4.435437376870067
2025-02-14,41.57398,-71.720622,0.0
2025-02-15,41.57398,-71.720622,0.8519006733863778
2025-02-16,41.57398,-71.720622,43.133115213821895
2025-02-17,41.57398,-71.720622,0.0
2025-02-18,41.57398,-71.720622,0.0
2025-02-19,41.57398,-71.720622,0.0
2025-02-20,41.57398,-71.720622,0.00552344193757761
2025-02-21,41.57398,-71.720622,0.0
2025-02-22,41.57398,-71.720622,0.0
2025-02-23,41.57398,-71.720622,0.0
2025-02-24,41.57398,-71.720622,0.08022891947097684
2025-02-25,41.57398,-71.720622,0.10917171443899105
2025-02-26,41.57398,-71.720622,0.48721772295265064
2025-02-27,41.57398,-71.720622,8.69319806014545
2025-02-28,41.57398,-71.720622,0.8087828447625207
2025-03-01,41.57398,-71.720622,0.010593232521291886
2025-03-02,41.57398,-71.720622,0.0
2025-03-03,41.57398,-71.720622,0.0
2025-03-04,41.57398,-71.720622,0.0016935047724040767
2025-03-05,41.57398,-71.720622,1.8003255311689155
2025-03-06,41.57398,-71.720622,21.02026083801351
2025-03-07,41.57398,-71.720622,0.0
2025-03-08,41.57398,-71.720622,0.0
2025-03-09,41.57398,-71.720622,0.0
2025-03-10,41.57398,-71.720622,0.0
2025-03-11,41.57398,-71.720622,0.0
2025-03-12,41.57398,-71.720622,0.0
2025-03-13,41.57398,-71.720622,0.0220415720094899
2025-03-14,41.57398,-71.720622,0.009169650156831391
2025-03-15,41.57398,-71.720622,0.008718674624227377
2025-03-16,41.57398,-71.720622,0.0
2025-03-17,41.57398,-71.720622,79.83010479319326
2025-03-18,41.57398,-71.720622,3.5590462805308425
2025-03-19,41.57398,-71.720622,0.0
2025-03-20,41.57398,-71.720622,0.0
2025-03-21,41.57398,-71.720622,5.220271521063303
2025-03-22,41.57398,-71.720622,0.0
2025-03-23,41.57398,-71.720622,0.0
2025-03-24,41.57398,-71.720622,37.07221900080905
2025-03-25,41.57398,-71.720622,0.3689629379707334
2025-03-26,41.57398,-71.720622,0.018782538995557384
2025-03-27,41.57398,-71.720622,0.0
2025-03-28,41.57398,-71.720622,0.06828947247716384
2025-03-29,41.57398,-71.720622,8.430098862073992
2025-03-30,41.57398,-71.720622,4.31545702189115
2025-03-31,41.57398,-71.720622,1.2229160463500297
2025-04-01,41.57398,-71.720622,11.820515482641515
2025-04-02,41.57398,-71.720622,0.07678188358092974
2025-04-03,41.57398,-71.720622,4.522612941552589
2025-04-04,41.57398,-71.720622,2.946522083313611
2025-04-05,41.57398,-71.720622,3.8678355429459996
2025-04-06,41.57398,-71.720622,9.554812898534516
2025-04-07,41.57398,-71.720622,7.128200342312586
2025-04-08,41.57398,-71.720622,7.672229555189292
2025-04-09,41.57398,-71.720622,0.0
2025-04-10,41.57398,-71.720622,0.02811290717518784
2025-04-11,41.57398,-71.720622,4.80329295172086
2025-04-12,41.57398,-71.720622,14.353475832422
2025-04-13,41.57398,-71.720622,8.182841453349502
2025-04-14,41.57398,-71.720622,0.0
2025-04-15,41.57398,-71.720622,11.11330609070163
2025-04-16,41.57398,-71.720622,0.0
2025-04-17,41.57398,-71.720622,0.0008467523862020383
2025-04-18,41.57398,-71.720622,0.27433086958286634
2025-04-19,41.57398,-71.720622,0.0456854154882495
2025-04-20,41.57398,-71.720622,0.4951725143809444
2025-04-21,41.57398,-71.720622,0.00795424741708013
2025-04-22,41.57398,-71.720622,1.645878009810839
2025-04-23,41.57398,-71.720622,0.04099636212469621
2025-04-24,41.57398,-71.720622,0.0
2025-04-25,41.57398,-71.720622,0.040777122775497714
2025-04-26,41.57398,-71.720622,14.839225576196428
2025-04-27,41.57398,-71.720622,1.7350005584860293
2025-04-28,41.57398,-71.720622,0.025564295435877633
2025-04-29,41.57398,-71.720622,0.0
2025-04-30,41.57398,-71.720622,4.428968568717448
2025-05-01,41.57398,-71.720622,0.0
2025-05-02,41.57398,-71.720622,7.458947054124883
2025-05-03,41.57398,-71.720622,0.002113485521990249
2025-05-04,41.57398,-71.720622,0.13159837854172907
2025-05-05,41.57398,-71.720622,18.88712540617402
2025-05-06,41.57398,-71.720622,5.3442529127306875
2025-05-07,41.57398,-71.720622,0.047905673406448426
2025-05-08,41.57398,-71.720622,0.0
2025-05-09,41.57398,-71.720622,42.27782511430136
2025-05-10,41.57398,-71.720622,2.2241010150285723
2025-05-11,41.57398,-71.720622,0.0
2025-05-12,41.57398,-71.720622,0.0
2025-05-13,41.57398,-71.720622,0.17655306780388103
2025-05-14,41.57398,-71.720622,0.9899642756727999
2025-05-15,41.57398,-71.720622,27.736101399811012
2025-05-16,41.57398,-71.720622,0.2954689580766941
2025-05-17,41.57398,-71.720622,0.5247062140228328
2025-05-18,41.57398,-71.720622,0.6903691130020996
2025-05-19,41.57398,-71.720622,0.40324884739760963
2025-05-20,41.57398,-71.720622,0.006774019089616307
2025-05-21,41.57398,-71.720622,1.5377462096729135
2025-05-22,41.57398,-71.720622,74.1705290689687
2025-05-23,41.57398,-71.720622,8.330389226126496
2025-05-24,41.57398,-71.720622,0.1563052994530136
2025-05-25,41.57398,-71.720622,0.008873466593622594
2025-05-26,41.57398,-71.720622,0.0
2025-05-27,41.57398,-71.720622,0.0
2025-05-28,41.57398,-71.720622,1.0857344244495672
2025-05-29,41.57398,-71.720622,16.562735400594647
2025-05-30,41.57398,-71.720622,0.29135559598169486
2025-05-31,41.57398,-71.720622,12.233051547538958
2025-06-01,41.57398,-71.720622,0.009158437130735289
2025-06-02,41.57398,-71.720622,0.0
2025-06-03,41.57398,-71.720622,0.30147859708685176
2025-06-04,41.57398,-71.720622,0.0
2025-06-05,41.57398,-71.720622,0.43512909545475204
2025-06-06,41.57398,-71.720622,0.3959696841418808
2025-06-07,41.57398,-71.720622,7.80468549481314
2025-06-08,41.57398,-71.720622,0.08174215999012598
2025-06-09,41.57398,-71.720622,1.9635437297877196
2025-06-10,41.57398,-71.720622,4.6894461253353
2025-06-11,41.57398,-71.720622,0.0
2025-06-12,41.57398,-71.720622,0.0
2025-06-13,41.57398,-71.720622,0.015939246687216455
2025-06-14,41.57398,-71.720622,11.192434108271504
2025-06-15,41.57398,-71.720622,0.13250127435853323
2025-06-16,41.57398,-71.720622,0.006602577844477028
2025-06-17,41.57398,-71.720622,5.640750115349939
2025-06-18,41.57398,-71.720622,6.519609073246846
2025-06-19,41.57398,-71.720622,0.298266451482757
2025-06-20,41.57398,-71.720622,0.35056815577694256
2025-06-21,41.57398,-71.720622,0.8163882626859744
2025-06-22,41.57398,-71.720622,3.626660972905825
2025-06-23,41.57398,-71.720622,0.0
2025-06-24,41.57398,-71.720622,1.307659049775439
2025-06-25,41.57398,-71.720622,0.10556519230656707
2025-06-26,41.57398,-71.720622,4.019847704207674
2025-06-27,41.57398,-71.720622,0.4589630571614889
2025-06-28,41.57398,-71.720622,0.7305229169136149
2025-06-29,41.57398,-71.720622,0.08866645796345467
2025-06-30,41.57398,-71.720622,0.04178947036673015
2025-07-01,41.57398,-71.720622,5.084319355613796
2025-07-02,41.57398,-71.720622,19.174805573667225
2025-07-03,41.57398,-71.720622,4.438775094033326
2025-07-04,41.57398,-71.720622,2.878230680158608
2025-07-05,41.57398,-71.720622,0.16548710004298828
2025-07-06,41.57398,-71.720622,0.0
2025-07-07,41.57398,-71.720622,0.5141459350895383
2025-07-08,41.57398,-71.720622,4.242764137520225
2025-07-09,41.57398,-71.720622,13.119361694466873
2025-07-10,41.57398,-71.720622,24.77660996424656
2025-07-11,41.57398,-71.720622,0.5318690198304306
2025-07-12,41.57398,-71.720622,0.010737300483581026
2025-07-13,41.57398,-71.720622,0.04447031878269147
2025-07-14,41.57398,-71.720622,0.3802289497560125
2025-07-15,41.57398,-71.720622,7.80068369854885
2025-07-16,41.57398,-71.720622,0.013340165770205078
2025-07-17,41.57398,-71.720622,0.6147493842505796
2025-07-18,41.57398,-71.720622,0.0
2025-07-19,41.57398,-71.720622,0.0
2025-07-20,41.57398,-71.720622,3.6587693980832263
2025-07-21,41.57398,-71.720622,0.9532206862567133
2025-07-22,41.57398,-71.720622,0.0
2025-07-23,41.57398,-71.720622,0.0
2025-07-24,41.57398,-71.720622,0.0
2025-07-25,41.57398,-71.720622,15.178234260012244
2025-07-26,41.57398,-71.720622,1.03446605839869
2025-07-27,41.57398,-71.720622,15.360722858729313
2025-07-28,41.57398,-71.720622,0.0
2025-07-29,41.57398,-71.720622,0.176057441778935
2025-07-30,41.57398,-71.720622,0.0
2025-07-31,41.57398,-71.720622,0.16347198784956243
2025-08-01,41.57398,-71.720622,9.067447540843057
2025-08-02,41.57398,-71.720622,0.0
2025-08-03,41.57398,-71.720622,0.0
2025-08-04,41.57398,-71.720622,0.0
2025-08-05,41.57398,-71.720622,0.09968954225549088
2025-08-06,41.57398,-71.720622,0.7349832390737634
2025-08-07,41.57398,-71.720622,4.195399995986998
2025-08-08,41.57398,-71.720622,0.0
2025-08-09,41.57398,-71.720622,0.0
2025-08-10,41.57398,-71.720622,0.0
2025-08-11,41.57398,-71.720622,0.0
2025-08-12,41.57398,-71.720622,0.0
2025-08-13,41.57398,-71.720622,2.1824086070127104
2025-08-14,41.57398,-71.720622,0.870642679691215
2025-08-15,41.57398,-71.720622,0.0
2025-08-16,41.57398,-71.720622,0.0
2025-08-17,41.57398,-71.720622,0.11976299250251712
2025-08-18,41.57398,-71.720622,1.0884835698312325
2025-08-19,41.57398,-71.720622,0.7784947367798408
2025-08-20,41.57398,-71.720622,12.523105360272933
2025-08-21,41.57398,-71.720622,23.245417006342375
2025-08-22,41.57398,-71.720622,0.0
2025-08-23,41.57398,-71.720622,0.0
2025-08-24,41.57398,-71.720622,0.5715123539878191
2025-08-25,41.57398,-71.720622,0.004931466349199701
2025-08-26,41.57398,-71.720622,0.0
2025-08-27,41.57398,-71.720622,0.0
2025-08-28,41.57398,-71.720622,0.0712392972750556
2025-08-29,41.57398,-71.720622,3.0708455545565743
2025-08-30,41.57398,-71.720622,0.0
2025-08-31,41.57398,-71.720622,0.0
2025-09-01,41.57398,-71.720622,6.735734375950308
2025-09-02,41.57398,-71.720622,0.0
2025-09-03,41.57398,-71.720622,0.0
2025-09-04,41.57398,-71.720622,0.0
2025-09-05,41.57398,-71.720622,5.29401142367479
2025-09-06,41.57398,-71.720622,2.2634658950701794
2025-09-07,41.57398,-71.720622,45.75620414562043
2025-09-08,41.57398,-71.720622,2.0634667231418664
2025-09-09,41.57398,-71.720622,0.0
2025-09-10,41.57398,-71.720622,3.6396910619258764
2025-09-11,41.57398,-71.720622,0.0
2025-09-12,41.57398,-71.720622,0.0
2025-09-13,41.57398,-71.720622,0.0
2025-09-14,41.57398,-71.720622,0.106223820786747
2025-09-15,41.57398,-71.720622,0.0
2025-09-16,41.57398,-71.720622,0.7185176890415382
2025-09-17,41.57398,-71.720622,0.13221009726702534
2025-09-18,41.57398,-71.720622,0.23612213905070498
2025-09-19,41.57398,-71.720622,0.0
2025-09-20,41.57398,-71.720622,0.0
2025-09-21,41.57398,-71.720622,2.49870025713513
2025-09-22,41.57398,-71.720622,0.0
2025-09-23,41.57398,-71.720622,0.0
2025-09-24,41.57398,-71.720622,13.817469130962952
2025-09-25,41.57398,-71.720622,13.760719445170418
2025-09-26,41.57398,-71.720622,0.19974142280846796
2025-09-27,41.57398,-71.720622,0.021474600967162052
2025-09-28,41.57398,-71.720622,19.227020594281594
2025-09-29,41.57398,-71.720622,0.34726384935491084
2025-09-30,41.57398,-71.720622,0.8503534824865929
