date,lat,lon,pr_mm_per_day
2010-01-01,41.750925,-71.445057,1.5216315902959503
2010-01-02,41.750925,-71.445057,1.3785456720368772
2010-01-03,41.750925,-71.445057,0.18579971859297598
2010-01-04,41.750925,-71.445057,0.11128182692006948
2010-01-05,41.750925,-71.445057,0.0
2010-01-06,41.750925,-71.445057,0.0
2010-01-07,41.750925,-71.445057,0.2128587731338951
2010-01-08,41.750925,-71.445057,0.18171027367151596
2010-01-09,41.750925,-71.445057,0.00783016411084963
2010-01-10,41.750925,-71.445057,0.0
2010-01-11,41.750925,-71.445057,0.31501682326124336
2010-01-12,41.750925,-71.445057,0.3371078985232678
2010-01-13,41.750925,-71.445057,0.023589131725887724
2010-01-14,41.750925,-71.445057,0.0
2010-01-15,41.750925,-71.445057,1.451846820788409
2010-01-16,41.750925,-71.445057,0.0
2010-01-17,41.750925,-71.445057,22.786461595827472
2010-01-18,41.750925,-71.445057,13.13590085850603
2010-01-19,41.750925,-71.445057,0.8740991050862283
2010-01-20,41.750925,-71.445057,0.0
2010-01-21,41.750925,-71.445057,0.0
2010-01-22,41.750925,-71.445057,0.3187643041971239
2010-01-23,41.750925,-71.445057,0.0
2010-01-24,41.750925,-71.445057,2.1506730303775305
2010-01-25,41.750925,-71.445057,35.66165597161687
2010-01-26,41.750925,-71.445057,0.9189911536923664
2010-01-27,41.750925,-71.445057,0.0
2010-01-28,41.750925,-71.445057,0.2546029365960497
2010-01-29,41.750925,-71.445057,0.05703598455257019
2010-01-30,41.750925,-71.445057,0.00470903347462214
2010-01-31,41.750925,-71.445057,5.508836225962156
2010-02-01,41.750925,-71.445057,0.019495612445301697
2010-02-02,41.750925,-71.445057,1.1145886921905062
2010-02-03,41.750925,-71.445057,0.07468884458307114
2010-02-04,41.750925,-71.445057,0.0
2010-02-05,41.750925,-71.445057,0.10830776728493166
2010-02-06,41.750925,-71.445057,1.3729980144113298
2010-02-07,41.750925,-71.445057,0.0
2010-02-08,41.750925,-71.445057,0.0
2010-02-09,41.750925,-71.445057,0.0
2010-02-10,41.750925,-71.445057,2.327712372608666
2010-02-11,41.750925,-71.445057,3.4466597139670823
2010-02-12,41.750925,-71.445057,0.0
2010-02-13,41.750925,-71.445057,0.030741623225562845
2010-02-14,41.750925,-71.445057,0.004066539933838068
2010-02-15,41.750925,-71.445057,0.0016770441361940599
2010-02-16,41.750925,-71.445057,0.06470950211751729
2010-02-17,41.750925,-71.445057,0.0009301243398778158
2010-02-18,41.750925,-71.445057,0.0
2010-02-19,41.750925,-71.445057,0.0
2010-02-20,41.750925,-71.445057,0.0
2010-02-21,41.750925,-71.445057,0.0
2010-02-22,41.750925,-71.445057,0.0
2010-02-23,41.750925,-71.445057,0.408607182673128
2010-02-24,41.750925,-71.445057,35.97698651244209
2010-02-25,41.750925,-71.445057,25.62477349290384
2010-02-26,41.750925,-71.445057,30.430161403151114
2010-02-27,41.750925,-71.445057,0.0
2010-02-28,41.750925,-71.445057,0.03767226779697712
2010-03-01,41.750925,-71.445057,2.1517565459261467
2010-03-02,41.750925,-71.445057,0.05128558037981661
2010-03-03,41.750925,-71.445057,10.222155795416796
2010-03-04,41.750925,-71.445057,0.2782724258376596
2010-03-05,41.750925,-71.445057,0.15743775722119352
2010-03-06,41.750925,-71.445057,4.56952174719286e-06
2010-03-07,41.750925,-71.445057,0.0
2010-03-08,41.750925,-71.445057,0.0005031413945486035
2010-03-09,41.750925,-71.445057,0.0
2010-03-10,41.750925,-71.445057,0.0
2010-03-11,41.750925,-71.445057,0.4528241670518908
2010-03-12,41.750925,-71.445057,0.03865113345559117
2010-03-13,41.750925,-71.445057,37.109968744699806
2010-03-14,41.750925,-71.445057,52.19899959652185
2010-03-15,41.750925,-71.445057,5.732059033522339
2010-03-16,41.750925,-71.445057,0.2310665361285458
2010-03-17,41.750925,-71.445057,0.01039693260785833
2010-03-18,41.750925,-71.445057,0.0
2010-03-19,41.750925,-71.445057,0.010886365437165355
2010-03-20,41.750925,-71.445057,0.0
2010-03-21,41.750925,-71.445057,0.0
2010-03-22,41.750925,-71.445057,5.1359149311524375
2010-03-23,41.750925,-71.445057,85.54866534156432
2010-03-24,41.750925,-71.445057,8.983111864241893
2010-03-25,41.750925,-71.445057,0.0
2010-03-26,41.750925,-71.445057,16.97417958999834
2010-03-27,41.750925,-71.445057,0.0
2010-03-28,41.750925,-71.445057,0.19235027948214753
2010-03-29,41.750925,-71.445057,108.12451372669403
2010-03-30,41.750925,-71.445057,102.81986016075672
2010-03-31,41.750925,-71.445057,6.724457695680528
2010-04-01,41.750925,-71.445057,0.00012220188801132051
2010-04-02,41.750925,-71.445057,0.00740091371673688
2010-04-03,41.750925,-71.445057,0.0
2010-04-04,41.750925,-71.445057,0.0025083033566874737
2010-04-05,41.750925,-71.445057,0.5900991138088253
2010-04-06,41.750925,-71.445057,0.8184148527754087
2010-04-07,41.750925,-71.445057,0.16841148030032355
2010-04-08,41.750925,-71.445057,0.0
2010-04-09,41.750925,-71.445057,14.721082803756259
2010-04-10,41.750925,-71.445057,0.7466169734623289
2010-04-11,41.750925,-71.445057,0.037294948180668926
2010-04-12,41.750925,-71.445057,0.0
2010-04-13,41.750925,-71.445057,1.4064409530363284
2010-04-14,41.750925,-71.445057,0.0
2010-04-15,41.750925,-71.445057,0.0
2010-04-16,41.750925,-71.445057,1.3583591060167555
2010-04-17,41.750925,-71.445057,10.806698905151809
2010-04-18,41.750925,-71.445057,0.0002312499862134576
2010-04-19,41.750925,-71.445057,0.0
2010-04-20,41.750925,-71.445057,0.0
2010-04-21,41.750925,-71.445057,0.0
2010-04-22,41.750925,-71.445057,6.618876737566623
2010-04-23,41.750925,-71.445057,0.0
2010-04-24,41.750925,-71.445057,0.0
2010-04-25,41.750925,-71.445057,10.469786906897342
2010-04-26,41.750925,-71.445057,1.9098591363527924
2010-04-27,41.750925,-71.445057,5.149083195450069
2010-04-28,41.750925,-71.445057,0.18138617483715688
2010-04-29,41.750925,-71.445057,0.0
2010-04-30,41.750925,-71.445057,2.28476087359643e-06
2010-05-01,41.750925,-71.445057,0.08965692962900089
2010-05-02,41.750925,-71.445057,0.13695916691401655
2010-05-03,41.750925,-71.445057,13.775547950760382
2010-05-04,41.750925,-71.445057,0.2598792409676701
2010-05-05,41.750925,-71.445057,0.0
2010-05-06,41.750925,-71.445057,2.0698699205560014
2010-05-07,41.750925,-71.445057,0.0
2010-05-08,41.750925,-71.445057,11.97753842299532
2010-05-09,41.750925,-71.445057,0.0
2010-05-10,41.750925,-71.445057,0.010399217368731926
2010-05-11,41.750925,-71.445057,0.019529748243583417
2010-05-12,41.750925,-71.445057,2.1416792144303423
2010-05-13,41.750925,-71.445057,0.0
2010-05-14,41.750925,-71.445057,2.927197464065912
2010-05-15,41.750925,-71.445057,0.21625198405313145
2010-05-16,41.750925,-71.445057,0.0
2010-05-17,41.750925,-71.445057,0.0
2010-05-18,41.750925,-71.445057,16.26994509737682
2010-05-19,41.750925,-71.445057,12.39728214278414
2010-05-20,41.750925,-71.445057,0.4885229394781213
2010-05-21,41.750925,-71.445057,0.01883613389848856
2010-05-22,41.750925,-71.445057,0.08739505684906057
2010-05-23,41.750925,-71.445057,0.3790103931528236
2010-05-24,41.750925,-71.445057,0.4465716367496238
2010-05-25,41.750925,-71.445057,0.0
2010-05-26,41.750925,-71.445057,0.0
2010-05-27,41.750925,-71.445057,10.0946068069528
2010-05-28,41.750925,-71.445057,0.0
2010-05-29,41.750925,-71.445057,3.863932876668476
2010-05-30,41.750925,-71.445057,0.6553982694559534
2010-05-31,41.750925,-71.445057,0.0
2010-06-01,41.750925,-71.445057,13.626161021916756
2010-06-02,41.750925,-71.445057,0.637490669497506
2010-06-03,41.750925,-71.445057,1.3708565241578578e-05
2010-06-04,41.750925,-71.445057,1.4261558678827966
2010-06-05,41.750925,-71.445057,10.607518624175475
2010-06-06,41.750925,-71.445057,3.032695916645774
2010-06-07,41.750925,-71.445057,0.0
2010-06-08,41.750925,-71.445057,0.0
2010-06-09,41.750925,-71.445057,12.259626832249438
2010-06-10,41.750925,-71.445057,5.6529050525349325
2010-06-11,41.750925,-71.445057,1.604951337157921
2010-06-12,41.750925,-71.445057,1.1110534882908587
2010-06-13,41.750925,-71.445057,19.4726368270203
2010-06-14,41.750925,-71.445057,0.006043239760354379
2010-06-15,41.750925,-71.445057,0.10456597345034205
2010-06-16,41.750925,-71.445057,0.18951009327404642
2010-06-17,41.750925,-71.445057,0.35832331430978315
2010-06-18,41.750925,-71.445057,0.0
2010-06-19,41.750925,-71.445057,0.0
2010-06-20,41.750925,-71.445057,2.585291126393492
2010-06-21,41.750925,-71.445057,0.0
2010-06-22,41.750925,-71.445057,0.8462216512744261
2010-06-23,41.750925,-71.445057,7.50301216672192
2010-06-24,41.750925,-71.445057,0.15788229685045452
2010-06-25,41.750925,-71.445057,0.0002447164146535124
2010-06-26,41.750925,-71.445057,0.1175165546689107
2010-06-27,41.750925,-71.445057,0.23410009581259486
2010-06-28,41.750925,-71.445057,3.1750267875535854
2010-06-29,41.750925,-71.445057,3.30982841985956
2010-06-30,41.750925,-71.445057,0.0
2010-07-01,41.750925,-71.445057,0.0
2010-07-02,41.750925,-71.445057,0.0
2010-07-03,41.750925,-71.445057,0.03766390865371383
2010-07-04,41.750925,-71.445057,1.5993326540744894e-05
2010-07-05,41.750925,-71.445057,0.03837410114129569
2010-07-06,41.750925,-71.445057,0.0521947934669074
2010-07-07,41.750925,-71.445057,0.0
2010-07-08,41.750925,-71.445057,0.0
2010-07-09,41.750925,-71.445057,0.2881135145041904
2010-07-10,41.750925,-71.445057,5.11708037458651
2010-07-11,41.750925,-71.445057,2.0214857661695826
2010-07-12,41.750925,-71.445057,0.0
2010-07-13,41.750925,-71.445057,16.97912647447661
2010-07-14,41.750925,-71.445057,12.027786924756613
2010-07-15,41.750925,-71.445057,0.0
2010-07-16,41.750925,-71.445057,0.0
2010-07-17,41.750925,-71.445057,0.42660362987606293
2010-07-18,41.750925,-71.445057,0.0
2010-07-19,41.750925,-71.445057,10.313262134860818
2010-07-20,41.750925,-71.445057,0.3514553426159522
2010-07-21,41.750925,-71.445057,2.9521596336438676
2010-07-22,41.750925,-71.445057,0.7480839989186849
2010-07-23,41.750925,-71.445057,13.875124468219953
2010-07-24,41.750925,-71.445057,15.600847794412616
2010-07-25,41.750925,-71.445057,6.906921167247928
2010-07-26,41.750925,-71.445057,0.0
2010-07-27,41.750925,-71.445057,0.0
2010-07-28,41.750925,-71.445057,0.04709033299196969
2010-07-29,41.750925,-71.445057,4.276111614340753
2010-07-30,41.750925,-71.445057,0.0
2010-07-31,41.750925,-71.445057,0.01130721954063992
2010-08-01,41.750925,-71.445057,0.0
2010-08-02,41.750925,-71.445057,0.0
2010-08-03,41.750925,-71.445057,0.20285901727835623
2010-08-04,41.750925,-71.445057,0.0
2010-08-05,41.750925,-71.445057,3.2585569695554
2010-08-06,41.750925,-71.445057,0.0
2010-08-07,41.750925,-71.445057,0.0007080133312198626
2010-08-08,41.750925,-71.445057,0.0
2010-08-09,41.750925,-71.445057,0.05376727853963284
2010-08-10,41.750925,-71.445057,7.2554264221881315
2010-08-11,41.750925,-71.445057,0.09980914338422421
2010-08-12,41.750925,-71.445057,0.6858754390402887
2010-08-13,41.750925,-71.445057,1.345673536981865
2010-08-14,41.750925,-71.445057,0.0
2010-08-15,41.750925,-71.445057,0.65900887516473
2010-08-16,41.750925,-71.445057,1.584692986750837
2010-08-17,41.750925,-71.445057,6.606524806287168
2010-08-18,41.750925,-71.445057,8.315341239291598
2010-08-19,41.750925,-71.445057,1.3471071162322101
2010-08-20,41.750925,-71.445057,0.17189803542494067
2010-08-21,41.750925,-71.445057,1.40295640125553
2010-08-22,41.750925,-71.445057,33.178800389197875
2010-08-23,41.750925,-71.445057,16.27704984046043
2010-08-24,41.750925,-71.445057,0.0
2010-08-25,41.750925,-71.445057,12.02285657638251
2010-08-26,41.750925,-71.445057,0.47543188306545764
2010-08-27,41.750925,-71.445057,0.0
2010-08-28,41.750925,-71.445057,0.0
2010-08-29,41.750925,-71.445057,0.07063549948795454
2010-08-30,41.750925,-71.445057,0.0
2010-08-31,41.750925,-71.445057,0.0
2010-09-01,41.750925,-71.445057,0.0
2010-09-02,41.750925,-71.445057,0.0
2010-09-03,41.750925,-71.445057,13.751262331358658
2010-09-04,41.750925,-71.445057,28.36740568881319
2010-09-05,41.750925,-71.445057,0.0
2010-09-06,41.750925,-71.445057,0.0
2010-09-07,41.750925,-71.445057,0.0
2010-09-08,41.750925,-71.445057,5.756606682839784
2010-09-09,41.750925,-71.445057,0.009907499778551305
2010-09-10,41.750925,-71.445057,0.0
2010-09-11,41.750925,-71.445057,0.0
2010-09-12,41.750925,-71.445057,0.38673725314677115
2010-09-13,41.750925,-71.445057,0.009510566947175557
2010-09-14,41.750925,-71.445057,0.0
2010-09-15,41.750925,-71.445057,0.0
2010-09-16,41.750925,-71.445057,0.2543881986061265
2010-09-17,41.750925,-71.445057,20.266795163932194
2010-09-18,41.750925,-71.445057,0.0
2010-09-19,41.750925,-71.445057,0.0
2010-09-20,41.750925,-71.445057,0.090134176675827
2010-09-21,41.750925,-71.445057,0.0
2010-09-22,41.750925,-71.445057,0.0
2010-09-23,41.750925,-71.445057,3.119110620805153
2010-09-24,41.750925,-71.445057,0.0016466862928079464
2010-09-25,41.750925,-71.445057,0.0
2010-09-26,41.750925,-71.445057,0.5417760877170917
2010-09-27,41.750925,-71.445057,0.22639355964410204
2010-09-28,41.750925,-71.445057,0.7632199939750808
2010-09-29,41.750925,-71.445057,0.0032738133419938126
2010-09-30,41.750925,-71.445057,3.05998644469619
2010-10-01,41.750925,-71.445057,10.32263996096391
2010-10-02,41.750925,-71.445057,0.03199584867774217
2010-10-03,41.750925,-71.445057,0.4563521458440998
2010-10-04,41.750925,-71.445057,8.641928987925192
2010-10-05,41.750925,-71.445057,0.0
2010-10-06,41.750925,-71.445057,46.57707934143411
2010-10-07,41.750925,-71.445057,0.0
2010-10-08,41.750925,-71.445057,0.0
2010-10-09,41.750925,-71.445057,0.0
2010-10-10,41.750925,-71.445057,0.0
2010-10-11,41.750925,-71.445057,0.0
2010-10-12,41.750925,-71.445057,2.6412702332140343
2010-10-13,41.750925,-71.445057,0.0
2010-10-14,41.750925,-71.445057,0.0
2010-10-15,41.750925,-71.445057,28.68224938509616
2010-10-16,41.750925,-71.445057,0.009993067884704127
2010-10-17,41.750925,-71.445057,0.0
2010-10-18,41.750925,-71.445057,0.023545166495984846
2010-10-19,41.750925,-71.445057,4.44413027039373
2010-10-20,41.750925,-71.445057,0.06234727067156172
2010-10-21,41.750925,-71.445057,4.871407030242674
2010-10-22,41.750925,-71.445057,0.0004894328293070248
2010-10-23,41.750925,-71.445057,0.015840115189695053
2010-10-24,41.750925,-71.445057,3.2610248257021794
2010-10-25,41.750925,-71.445057,1.1672285553466275
2010-10-26,41.750925,-71.445057,0.31318890430088353
2010-10-27,41.750925,-71.445057,8.781688471633508
2010-10-28,41.750925,-71.445057,0.5949185950028284
2010-10-29,41.750925,-71.445057,0.010152216193204817
2010-10-30,41.750925,-71.445057,0.1619870874662497
2010-10-31,41.750925,-71.445057,2.6195505693853596
2010-11-01,41.750925,-71.445057,0.0
2010-11-02,41.750925,-71.445057,0.0
2010-11-03,41.750925,-71.445057,0.0
2010-11-04,41.750925,-71.445057,14.534274379608798
2010-11-05,41.750925,-71.445057,27.46022392544908
2010-11-06,41.750925,-71.445057,1.107988250701382
2010-11-07,41.750925,-71.445057,2.923703930798824
2010-11-08,41.750925,-71.445057,12.195571358982006
2010-11-09,41.750925,-71.445057,0.1712667156700335
2010-11-10,41.750925,-71.445057,5.180245311896275
2010-11-11,41.750925,-71.445057,1.371331589179537
2010-11-12,41.750925,-71.445057,0.0
2010-11-13,41.750925,-71.445057,0.0
2010-11-14,41.750925,-71.445057,0.0
2010-11-15,41.750925,-71.445057,0.014127100423866421
2010-11-16,41.750925,-71.445057,3.4315479305848373
2010-11-17,41.750925,-71.445057,31.6407956642943
2010-11-18,41.750925,-71.445057,0.0
2010-11-19,41.750925,-71.445057,0.0
2010-11-20,41.750925,-71.445057,0.8306504919443856
2010-11-21,41.750925,-71.445057,0.0
2010-11-22,41.750925,-71.445057,0.19446278012580326
2010-11-23,41.750925,-71.445057,3.764882457061243
2010-11-24,41.750925,-71.445057,0.0
2010-11-25,41.750925,-71.445057,0.0007387187657077302
2010-11-26,41.750925,-71.445057,6.1494714435325255
2010-11-27,41.750925,-71.445057,0.0
2010-11-28,41.750925,-71.445057,0.0
2010-11-29,41.750925,-71.445057,0.0
2010-11-30,41.750925,-71.445057,0.7027421369281035
2010-12-01,41.750925,-71.445057,21.267612345972832
2010-12-02,41.750925,-71.445057,0.934528336253144
2010-12-03,41.750925,-71.445057,0.019300416862491315
2010-12-04,41.750925,-71.445057,0.014127100423866421
2010-12-05,41.750925,-71.445057,0.0
2010-12-06,41.750925,-71.445057,0.0
2010-12-07,41.750925,-71.445057,0.0
2010-12-08,41.750925,-71.445057,0.00470903347462214
2010-12-09,41.750925,-71.445057,0.0
2010-12-10,41.750925,-71.445057,0.03485920747427147
2010-12-11,41.750925,-71.445057,0.03369738444344137
2010-12-12,41.750925,-71.445057,30.190581213267617
2010-12-13,41.750925,-71.445057,72.92807318285658
2010-12-14,41.750925,-71.445057,0.0
2010-12-15,41.750925,-71.445057,0.0
2010-12-16,41.750925,-71.445057,0.00470903347462214
2010-12-17,41.750925,-71.445057,0.028254200847732842
2010-12-18,41.750925,-71.445057,0.0
2010-12-19,41.750925,-71.445057,0.0016070484848179894
2010-12-20,41.750925,-71.445057,1.3968617405434098
2010-12-21,41.750925,-71.445057,2.6577149473625488
2010-12-22,41.750925,-71.445057,0.0
2010-12-23,41.750925,-71.445057,0.4537575814777832
2010-12-24,41.750925,-71.445057,0.0007341492439605372
2010-12-25,41.750925,-71.445057,1.2167778797792022
2010-12-26,41.750925,-71.445057,8.133167818929739
2010-12-27,41.750925,-71.445057,0.014127100423866421
2010-12-28,41.750925,-71.445057,5.483426096631431e-05
2010-12-29,41.750925,-71.445057,0.06963103922885952
2010-12-30,41.750925,-71.445057,0.0
2010-12-31,41.750925,-71.445057,0.46023725805484716
2011-01-01,41.750925,-71.445057,0.4098987784081775
2011-01-02,41.750925,-71.445057,3.627809986030505
2011-01-03,41.750925,-71.445057,4.685286449955284
2011-01-04,41.750925,-71.445057,2.056284743679798e-05
2011-01-05,41.750925,-71.445057,0.0
2011-01-06,41.750925,-71.445057,0.0
2011-01-07,41.750925,-71.445057,0.0022024476862996262
2011-01-08,41.750925,-71.445057,0.06530342698574293
2011-01-09,41.750925,-71.445057,9.177983666583826
2011-01-10,41.750925,-71.445057,0.0
2011-01-11,41.750925,-71.445057,0.06270904759011006
2011-01-12,41.750925,-71.445057,34.50821207202839
2011-01-13,41.750925,-71.445057,0.24492823223638868
2011-01-14,41.750925,-71.445057,0.003058798863853469
2011-01-15,41.750925,-71.445057,1.170233366725951
2011-01-16,41.750925,-71.445057,0.966598316715635
2011-01-17,41.750925,-71.445057,0.1032560415128717
2011-01-18,41.750925,-71.445057,26.274151530343364
2011-01-19,41.750925,-71.445057,1.7744500651969708
2011-01-20,41.750925,-71.445057,0.11394443834370221
2011-01-21,41.750925,-71.445057,13.652044524880514
2011-01-22,41.750925,-71.445057,0.0
2011-01-23,41.750925,-71.445057,0.004810672516047803
2011-01-24,41.750925,-71.445057,0.0
2011-01-25,41.750925,-71.445057,1.6915137911091769
2011-01-26,41.750925,-71.445057,6.547777255179358
2011-01-27,41.750925,-71.445057,17.885402503266047
2011-01-28,41.750925,-71.445057,1.9448211035733605
2011-01-29,41.750925,-71.445057,0.4975174689063518
2011-01-30,41.750925,-71.445057,0.00012109232247048181
2011-01-31,41.750925,-71.445057,0.0
2011-02-01,41.750925,-71.445057,0.935488079690884
2011-02-02,41.750925,-71.445057,29.913744542647265
2011-02-03,41.750925,-71.445057,0.4323963227386912
2011-02-04,41.750925,-71.445057,0.0
2011-02-05,41.750925,-71.445057,0.5976431602932972
2011-02-06,41.750925,-71.445057,2.683958531416558
2011-02-07,41.750925,-71.445057,0.12199115289033297
2011-02-08,41.750925,-71.445057,8.365227034121292
2011-02-09,41.750925,-71.445057,0.0
2011-02-10,41.750925,-71.445057,0.04336661126092224
2011-02-11,41.750925,-71.445057,0.0
2011-02-12,41.750925,-71.445057,0.0
2011-02-13,41.750925,-71.445057,0.02008310054636605
2011-02-14,41.750925,-71.445057,0.01682358596878177
2011-02-15,41.750925,-71.445057,0.0
2011-02-16,41.750925,-71.445057,0.0
2011-02-17,41.750925,-71.445057,0.0
2011-02-18,41.750925,-71.445057,0.11240091350343273
2011-02-19,41.750925,-71.445057,0.0
2011-02-20,41.750925,-71.445057,0.0
2011-02-21,41.750925,-71.445057,0.7082881866079481
2011-02-22,41.750925,-71.445057,0.0517993690979694
2011-02-23,41.750925,-71.445057,0.0
2011-02-24,41.750925,-71.445057,0.0
2011-02-25,41.750925,-71.445057,62.46191135787056
2011-02-26,41.750925,-71.445057,0.05930524507665751
2011-02-27,41.750925,-71.445057,1.5588780490899847
2011-02-28,41.750925,-71.445057,19.702777277777894
2011-03-01,41.750925,-71.445057,3.5175658349595413
2011-03-02,41.750925,-71.445057,0.009907499778551305
2011-03-03,41.750925,-71.445057,0.0
2011-03-04,41.750925,-71.445057,0.00941806694924428
2011-03-05,41.750925,-71.445057,0.0008220797201446209
2011-03-06,41.750925,-71.445057,0.027473026825317225
2011-03-07,41.750925,-71.445057,25.948672906040233
2011-03-08,41.750925,-71.445057,0.0
2011-03-09,41.750925,-71.445057,0.0
2011-03-10,41.750925,-71.445057,3.927366026392958
2011-03-11,41.750925,-71.445057,12.132753934763343
2011-03-12,41.750925,-71.445057,0.0
2011-03-13,41.750925,-71.445057,0.04801360304922672
2011-03-14,41.750925,-71.445057,0.0
2011-03-15,41.750925,-71.445057,0.288170475352103
2011-03-16,41.750925,-71.445057,11.585199004401296
2011-03-17,41.750925,-71.445057,0.010650788020424243
2011-03-18,41.750925,-71.445057,2.526741909392684
2011-03-19,41.750925,-71.445057,0.12239372176159996
2011-03-20,41.750925,-71.445057,0.0
2011-03-21,41.750925,-71.445057,4.0620126323382095
2011-03-22,41.750925,-71.445057,0.035899832175322985
2011-03-23,41.750925,-71.445057,4.236951033547213
2011-03-24,41.750925,-71.445057,1.1182853421282164
2011-03-25,41.750925,-71.445057,0.0
2011-03-26,41.750925,-71.445057,0.0
2011-03-27,41.750925,-71.445057,0.050333973951863
2011-03-28,41.750925,-71.445057,0.0
2011-03-29,41.750925,-71.445057,0.0
2011-03-30,41.750925,-71.445057,0.0
2011-03-31,41.750925,-71.445057,14.699337383380353
2011-04-01,41.750925,-71.445057,10.165367772508139
2011-04-02,41.750925,-71.445057,0.03362402159389
2011-04-03,41.750925,-71.445057,0.0
2011-04-04,41.750925,-71.445057,7.540317801880737
2011-04-05,41.750925,-71.445057,2.659227425558574
2011-04-06,41.750925,-71.445057,0.0
2011-04-07,41.750925,-71.445057,0.039152167336427096
2011-04-08,41.750925,-71.445057,1.4975551816001023
2011-04-09,41.750925,-71.445057,0.41953557804050573
2011-04-10,41.750925,-71.445057,0.4537270321522341
2011-04-11,41.750925,-71.445057,0.7311923120362973
2011-04-12,41.750925,-71.445057,10.812918674863848
2011-04-13,41.750925,-71.445057,58.35794863017516
2011-04-14,41.750925,-71.445057,0.0004894328293070248
2011-04-15,41.750925,-71.445057,0.40794200499323785
2011-04-16,41.750925,-71.445057,2.1168925292886858
2011-04-17,41.750925,-71.445057,22.25914063627153
2011-04-18,41.750925,-71.445057,0.014648656672534552
2011-04-19,41.750925,-71.445057,4.360632831084727
2011-04-20,41.750925,-71.445057,3.5219329397901533
2011-04-21,41.750925,-71.445057,0.0
2011-04-22,41.750925,-71.445057,0.009505997425428365
2011-04-23,41.750925,-71.445057,13.34930752157249
2011-04-24,41.750925,-71.445057,0.43137872302787306
2011-04-25,41.750925,-71.445057,1.7999297397084453
2011-04-26,41.750925,-71.445057,0.04238130039447341
2011-04-27,41.750925,-71.445057,0.07696407457673587
2011-04-28,41.750925,-71.445057,6.3854801935185845
2011-04-29,41.750925,-71.445057,8.374973032163938
2011-04-30,41.750925,-71.445057,0.0
2011-05-01,41.750925,-71.445057,0.0
2011-05-02,41.750925,-71.445057,0.0
2011-05-03,41.750925,-71.445057,1.7884794776947208
2011-05-04,41.750925,-71.445057,9.321242394449857
2011-05-05,41.750925,-71.445057,4.604080429734365
2011-05-06,41.750925,-71.445057,0.001957731317228099
2011-05-07,41.750925,-71.445057,2.0662543220086196
2011-05-08,41.750925,-71.445057,7.560379090965653
2011-05-09,41.750925,-71.445057,0.13910760713862974
2011-05-10,41.750925,-71.445057,0.04465746894139358
2011-05-11,41.750925,-71.445057,0.07432532046454238
2011-05-12,41.750925,-71.445057,0.0
2011-05-13,41.750925,-71.445057,0.0
2011-05-14,41.750925,-71.445057,1.1824075258230111
2011-05-15,41.750925,-71.445057,14.315502844203925
2011-05-16,41.750925,-71.445057,6.046871204930346
2011-05-17,41.750925,-71.445057,1.5938247703311361
2011-05-18,41.750925,-71.445057,12.73018866106085
2011-05-19,41.750925,-71.445057,11.97703476211034
2011-05-20,41.750925,-71.445057,1.261098316000305
2011-05-21,41.750925,-71.445057,0.007096775979369876
2011-05-22,41.750925,-71.445057,0.0003517219047363349
2011-05-23,41.750925,-71.445057,2.9918811669494683
2011-05-24,41.750925,-71.445057,7.637521074680018
2011-05-25,41.750925,-71.445057,0.10457760385455285
2011-05-26,41.750925,-71.445057,0.08470318362395268
2011-05-27,41.750925,-71.445057,0.0003209104516688715
2011-05-28,41.750925,-71.445057,0.0
2011-05-29,41.750925,-71.445057,0.0254434767750595
2011-05-30,41.750925,-71.445057,6.269899353312516
2011-05-31,41.750925,-71.445057,0.0
2011-06-01,41.750925,-71.445057,1.2046730983510274
2011-06-02,41.750925,-71.445057,1.214625854700931
2011-06-03,41.750925,-71.445057,0.001235005831627989
2011-06-04,41.750925,-71.445057,0.04735412442052195
2011-06-05,41.750925,-71.445057,0.0005715480870073802
2011-06-06,41.750925,-71.445057,0.6262855867697571
2011-06-07,41.750925,-71.445057,0.0
2011-06-08,41.750925,-71.445057,1.3913000404769411
2011-06-09,41.750925,-71.445057,25.733280571214955
2011-06-10,41.750925,-71.445057,7.454159391130178
2011-06-11,41.750925,-71.445057,4.214630873025893
2011-06-12,41.750925,-71.445057,24.258729988550655
2011-06-13,41.750925,-71.445057,0.1220540390705835
2011-06-14,41.750925,-71.445057,2.5495846145570753
2011-06-15,41.750925,-71.445057,0.0
2011-06-16,41.750925,-71.445057,0.0
2011-06-17,41.750925,-71.445057,5.790728785683424
2011-06-18,41.750925,-71.445057,3.6570930091348237
2011-06-19,41.750925,-71.445057,0.07187745254247456
2011-06-20,41.750925,-71.445057,0.2163066628981445
2011-06-21,41.750925,-71.445057,0.0
2011-06-22,41.750925,-71.445057,8.3581491594607
2011-06-23,41.750925,-71.445057,22.3262066033468
2011-06-24,41.750925,-71.445057,1.495480558832544
2011-06-25,41.750925,-71.445057,0.035609143463584556
2011-06-26,41.750925,-71.445057,0.16569960119606397
2011-06-27,41.750925,-71.445057,0.0004274316496424692
2011-06-28,41.750925,-71.445057,0.0
2011-06-29,41.750925,-71.445057,5.351468486768709
2011-06-30,41.750925,-71.445057,4.56952174719286e-06
2011-07-01,41.750925,-71.445057,0.0
2011-07-02,41.750925,-71.445057,0.0
2011-07-03,41.750925,-71.445057,3.5045735530695388
2011-07-04,41.750925,-71.445057,0.34969852120021716
2011-07-05,41.750925,-71.445057,0.0
2011-07-06,41.750925,-71.445057,0.00980464954632308
2011-07-07,41.750925,-71.445057,0.00017586095236816744
2011-07-08,41.750925,-71.445057,15.926634644017284
2011-07-09,41.750925,-71.445057,23.86811661053942
2011-07-10,41.750925,-71.445057,0.0
2011-07-11,41.750925,-71.445057,0.0
2011-07-12,41.750925,-71.445057,0.25953276550192095
2011-07-13,41.750925,-71.445057,2.2152199164871487
2011-07-14,41.750925,-71.445057,4.251947364956454
2011-07-15,41.750925,-71.445057,0.0014957156184042316
2011-07-16,41.750925,-71.445057,0.11772583949693108
2011-07-17,41.750925,-71.445057,0.0
2011-07-18,41.750925,-71.445057,4.729774661279067
2011-07-19,41.750925,-71.445057,0.028743633677039866
2011-07-20,41.750925,-71.445057,0.0
2011-07-21,41.750925,-71.445057,0.13570897150405994
2011-07-22,41.750925,-71.445057,0.0
2011-07-23,41.750925,-71.445057,0.20505890939591964
2011-07-24,41.750925,-71.445057,4.635815362017666
2011-07-25,41.750925,-71.445057,6.857548705565656
2011-07-26,41.750925,-71.445057,5.2057570442013406
2011-07-27,41.750925,-71.445057,0.0
2011-07-28,41.750925,-71.445057,0.07066520137888573
2011-07-29,41.750925,-71.445057,0.8834947361089025
2011-07-30,41.750925,-71.445057,0.0
2011-07-31,41.750925,-71.445057,0.0
2011-08-01,41.750925,-71.445057,0.5300381001432883
2011-08-02,41.750925,-71.445057,1.3454640898341677
2011-08-03,41.750925,-71.445057,3.3196088223266687
2011-08-04,41.750925,-71.445057,2.8632237721328533
2011-08-05,41.750925,-71.445057,0.0
2011-08-06,41.750925,-71.445057,2.102911459945462
2011-08-07,41.750925,-71.445057,31.587812114977783
2011-08-08,41.750925,-71.445057,6.970961738299877
2011-08-09,41.750925,-71.445057,8.991464120465473
2011-08-10,41.750925,-71.445057,3.9163771855770806
2011-08-11,41.750925,-71.445057,0.0
2011-08-12,41.750925,-71.445057,0.0
2011-08-13,41.750925,-71.445057,0.28614438634827255
2011-08-14,41.750925,-71.445057,11.806935049354138
2011-08-15,41.750925,-71.445057,58.11476282716821
2011-08-16,41.750925,-71.445057,0.8665055121910152
2011-08-17,41.750925,-71.445057,0.0
2011-08-18,41.750925,-71.445057,0.005628477400284829
2011-08-19,41.750925,-71.445057,0.06893707755274851
2011-08-20,41.750925,-71.445057,2.304461348081688
2011-08-21,41.750925,-71.445057,0.9540098822896296
2011-08-22,41.750925,-71.445057,15.782645015615138
2011-08-23,41.750925,-71.445057,0.0012235820276855767
2011-08-24,41.750925,-71.445057,0.2424762466844904
2011-08-25,41.750925,-71.445057,1.633676761237356
2011-08-26,41.750925,-71.445057,0.46943905015495874
2011-08-27,41.750925,-71.445057,15.257512502861921
2011-08-28,41.750925,-71.445057,43.141117821757504
2011-08-29,41.750925,-71.445057,0.0
2011-08-30,41.750925,-71.445057,0.0
2011-08-31,41.750925,-71.445057,0.0006155133496669137
2011-09-01,41.750925,-71.445057,0.01744336056638192
2011-09-02,41.750925,-71.445057,0.0
2011-09-03,41.750925,-71.445057,0.0
2011-09-04,41.750925,-71.445057,0.0012101156448275073
2011-09-05,41.750925,-71.445057,0.06418993270517528
2011-09-06,41.750925,-71.445057,21.869058863404863
2011-09-07,41.750925,-71.445057,3.978149699889232
2011-09-08,41.750925,-71.445057,71.23147144910811
2011-09-09,41.750925,-71.445057,1.4853413980173038
2011-09-10,41.750925,-71.445057,0.0
2011-09-11,41.750925,-71.445057,8.793047618408372e-05
2011-09-12,41.750925,-71.445057,0.4772657130183027
2011-09-13,41.750925,-71.445057,0.001713014948156572
2011-09-14,41.750925,-71.445057,0.0
2011-09-15,41.750925,-71.445057,0.3638820583873122
2011-09-16,41.750925,-71.445057,0.044902373765184765
2011-09-17,41.750925,-71.445057,0.1440350727508651
2011-09-18,41.750925,-71.445057,0.0
2011-09-19,41.750925,-71.445057,0.0
2011-09-20,41.750925,-71.445057,1.7960714543042797
2011-09-21,41.750925,-71.445057,0.0
2011-09-22,41.750925,-71.445057,0.1607363205298827
2011-09-23,41.750925,-71.445057,19.717889086667707
2011-09-24,41.750925,-71.445057,19.474114313883813
2011-09-25,41.750925,-71.445057,6.379019544769085
2011-09-26,41.750925,-71.445057,0.07157564553562017
2011-09-27,41.750925,-71.445057,0.01511282036510126
2011-09-28,41.750925,-71.445057,0.25411992046056314
2011-09-29,41.750925,-71.445057,9.844114610563299
2011-09-30,41.750925,-71.445057,0.0
2011-10-01,41.750925,-71.445057,14.211086282839284
2011-10-02,41.750925,-71.445057,0.0
2011-10-03,41.750925,-71.445057,4.124554739893093
2011-10-04,41.750925,-71.445057,12.79712551736873
2011-10-05,41.750925,-71.445057,1.4023118093337499
2011-10-06,41.750925,-71.445057,0.0
2011-10-07,41.750925,-71.445057,0.0014728680096682673
2011-10-08,41.750925,-71.445057,0.0
2011-10-09,41.750925,-71.445057,0.0
2011-10-10,41.750925,-71.445057,0.0
2011-10-11,41.750925,-71.445057,0.010582227426306438
2011-10-12,41.750925,-71.445057,8.443891798494741
2011-10-13,41.750925,-71.445057,20.513810380229003
2011-10-14,41.750925,-71.445057,11.92909475446789
2011-10-15,41.750925,-71.445057,6.521637296183221
2011-10-16,41.750925,-71.445057,0.3331111038552973
2011-10-17,41.750925,-71.445057,3.733100372918077
2011-10-18,41.750925,-71.445057,0.0004894328293070248
2011-10-19,41.750925,-71.445057,34.28157594030513
2011-10-20,41.750925,-71.445057,8.156109123187663
2011-10-21,41.750925,-71.445057,0.0
2011-10-22,41.750925,-71.445057,0.0
2011-10-23,41.750925,-71.445057,0.0
2011-10-24,41.750925,-71.445057,0.0017543827342497067
2011-10-25,41.750925,-71.445057,0.18398342120652836
2011-10-26,41.750925,-71.445057,0.7296221118133872
2011-10-27,41.750925,-71.445057,15.727854780222986
2011-10-28,41.750925,-71.445057,0.5085685400595585
2011-10-29,41.750925,-71.445057,28.018853803881427
2011-10-30,41.750925,-71.445057,0.1085936546151594
2011-10-31,41.750925,-71.445057,0.6717674251571198
2011-11-01,41.750925,-71.445057,1.5638584491636698
2011-11-02,41.750925,-71.445057,0.0
2011-11-03,41.750925,-71.445057,0.010408356411800742
2011-11-04,41.750925,-71.445057,1.2268598056855704
2011-11-05,41.750925,-71.445057,0.0
2011-11-06,41.750925,-71.445057,0.0004894328293070248
2011-11-07,41.750925,-71.445057,0.0
2011-11-08,41.750925,-71.445057,0.0
2011-11-09,41.750925,-71.445057,0.0
2011-11-10,41.750925,-71.445057,14.812913951208419
2011-11-11,41.750925,-71.445057,1.802654241690203
2011-11-12,41.750925,-71.445057,0.0
2011-11-13,41.750925,-71.445057,2.1335570963210717
2011-11-14,41.750925,-71.445057,1.8366999113091507
2011-11-15,41.750925,-71.445057,1.9342161539040612
2011-11-16,41.750925,-71.445057,17.81710671421623
2011-11-17,41.750925,-71.445057,15.306107738525359
2011-11-18,41.750925,-71.445057,0.00966506812477139
2011-11-19,41.750925,-71.445057,0.00941806694924428
2011-11-20,41.750925,-71.445057,0.0004894328293070248
2011-11-21,41.750925,-71.445057,6.345857920616101
2011-11-22,41.750925,-71.445057,0.0004894328293070248
2011-11-23,41.750925,-71.445057,47.44736495676759
2011-11-24,41.750925,-71.445057,0.0
2011-11-25,41.750925,-71.445057,0.009995430254735389
2011-11-26,41.750925,-71.445057,0.16235975520913049
2011-11-27,41.750925,-71.445057,0.4567227699573762
2011-11-28,41.750925,-71.445057,1.4563380502366754
2011-11-29,41.750925,-71.445057,0.0
2011-11-30,41.750925,-71.445057,18.748820289694425
2011-12-01,41.750925,-71.445057,0.0
2011-12-02,41.750925,-71.445057,0.0
2011-12-03,41.750925,-71.445057,0.0
2011-12-04,41.750925,-71.445057,0.059444998671307835
2011-12-05,41.750925,-71.445057,0.05944956800987595
2011-12-06,41.750925,-71.445057,10.90021449808625
2011-12-07,41.750925,-71.445057,44.18707376225255
2011-12-08,41.750925,-71.445057,5.7803219062632465
2011-12-09,41.750925,-71.445057,0.0014751527705418636
2011-12-10,41.750925,-71.445057,4.291012978827639
2011-12-11,41.750925,-71.445057,0.0
2011-12-12,41.750925,-71.445057,0.09963071263352725
2011-12-13,41.750925,-71.445057,0.3200915158053248
2011-12-14,41.750925,-71.445057,0.01568777859724717
2011-12-15,41.750925,-71.445057,5.3770482337794006
2011-12-16,41.750925,-71.445057,0.9568045916756863
2011-12-17,41.750925,-71.445057,0.6803362093494235
2011-12-18,41.750925,-71.445057,0.0
2011-12-19,41.750925,-71.445057,0.041098297693290264
2011-12-20,41.750925,-71.445057,0.44278201887932833
2011-12-21,41.750925,-71.445057,8.365142141304815
2011-12-22,41.750925,-71.445057,4.2791299457844465
2011-12-23,41.750925,-71.445057,20.370156800595918
2011-12-24,41.750925,-71.445057,0.0
2011-12-25,41.750925,-71.445057,0.015364391016793577
2011-12-26,41.750925,-71.445057,0.9578138770615298
2011-12-27,41.750925,-71.445057,3.538656389241811
2011-12-28,41.750925,-71.445057,17.981746426373892
2011-12-29,41.750925,-71.445057,0.0
2011-12-30,41.750925,-71.445057,0.07549091625615932
2011-12-31,41.750925,-71.445057,6.7095846120476
2012-01-01,41.750925,-71.445057,0.0
2012-01-02,41.750925,-71.445057,6.368799492373421
2012-01-03,41.750925,-71.445057,0.0
2012-01-04,41.750925,-71.445057,0.07326796256507513
2012-01-05,41.750925,-71.445057,0.0
2012-01-06,41.750925,-71.445057,0.38095654846715543
2012-01-07,41.750925,-71.445057,0.0
2012-01-08,41.750925,-71.445057,0.12841863382270247
2012-01-09,41.750925,-71.445057,0.0
2012-01-10,41.750925,-71.445057,0.2508151320256669
2012-01-11,41.750925,-71.445057,0.135149425258324
2012-01-12,41.750925,-71.445057,48.270454382426344
2012-01-13,41.750925,-71.445057,0.4492446770971951
2012-01-14,41.750925,-71.445057,0.0
2012-01-15,41.750925,-71.445057,0.0
2012-01-16,41.750925,-71.445057,0.0
2012-01-17,41.750925,-71.445057,4.417441971711831
2012-01-18,41.750925,-71.445057,0.034028417273182676
2012-01-19,41.750925,-71.445057,0.0
2012-01-20,41.750925,-71.445057,1.2995301003052282
2012-01-21,41.750925,-71.445057,10.61899747096987
2012-01-22,41.750925,-71.445057,0.19212390921343278
2012-01-23,41.750925,-71.445057,1.0935699142694215
2012-01-24,41.750925,-71.445057,7.310599471392148
2012-01-25,41.750925,-71.445057,0.0
2012-01-26,41.750925,-71.445057,3.778147322076167
2012-01-27,41.750925,-71.445057,30.61146630289191
2012-01-28,41.750925,-71.445057,0.0027192977372537787
2012-01-29,41.750925,-71.445057,0.07384198071695174
2012-01-30,41.750925,-71.445057,0.14100567052941287
2012-01-31,41.750925,-71.445057,4.56952174719286e-06
2012-02-01,41.750925,-71.445057,0.030633548609370582
2012-02-02,41.750925,-71.445057,0.08674228405758426
2012-02-03,41.750925,-71.445057,0.0
2012-02-04,41.750925,-71.445057,0.0008014463919380719
2012-02-05,41.750925,-71.445057,0.0
2012-02-06,41.750925,-71.445057,0.0
2012-02-07,41.750925,-71.445057,0.0
2012-02-08,41.750925,-71.445057,0.22575167351010922
2012-02-09,41.750925,-71.445057,0.031567409906922646
2012-02-10,41.750925,-71.445057,0.0
2012-02-11,41.750925,-71.445057,0.7245957734919463
2012-02-12,41.750925,-71.445057,0.0
2012-02-13,41.750925,-71.445057,0.0
2012-02-14,41.750925,-71.445057,0.0
2012-02-15,41.750925,-71.445057,0.0
2012-02-16,41.750925,-71.445057,3.357588936146364
2012-02-17,41.750925,-71.445057,3.4759289515909875
2012-02-18,41.750925,-71.445057,0.0
2012-02-19,41.750925,-71.445057,0.01883613389848856
2012-02-20,41.750925,-71.445057,0.0
2012-02-21,41.750925,-71.445057,0.11375323739576551
2012-02-22,41.750925,-71.445057,1.2179522793446902
2012-02-23,41.750925,-71.445057,0.3173292375552141
2012-02-24,41.750925,-71.445057,4.705755849441665
2012-02-25,41.750925,-71.445057,4.3765064819396455
2012-02-26,41.750925,-71.445057,0.0
2012-02-27,41.750925,-71.445057,0.0
2012-02-28,41.750925,-71.445057,0.0
2012-02-29,41.750925,-71.445057,8.713366161579307
2012-03-01,41.750925,-71.445057,5.092958095331321
2012-03-02,41.750925,-71.445057,0.0
2012-03-03,41.750925,-71.445057,6.404358140281276
2012-03-04,41.750925,-71.445057,0.8683199147657158
2012-03-05,41.750925,-71.445057,0.0006177981105405103
2012-03-06,41.750925,-71.445057,0.00018499999586255316
2012-03-07,41.750925,-71.445057,0.0
2012-03-08,41.750925,-71.445057,0.0
2012-03-09,41.750925,-71.445057,3.035560335686144
2012-03-10,41.750925,-71.445057,0.0
2012-03-11,41.750925,-71.445057,0.0
2012-03-12,41.750925,-71.445057,0.015595398911787496
2012-03-13,41.750925,-71.445057,1.0145125347032393
2012-03-14,41.750925,-71.445057,0.029967215795889415
2012-03-15,41.750925,-71.445057,0.13659412873610238
2012-03-16,41.750925,-71.445057,2.2159010435281736
2012-03-17,41.750925,-71.445057,0.0
2012-03-18,41.750925,-71.445057,0.0
2012-03-19,41.750925,-71.445057,0.0
2012-03-20,41.750925,-71.445057,0.014438268145483336
2012-03-21,41.750925,-71.445057,0.0
2012-03-22,41.750925,-71.445057,0.0
2012-03-23,41.750925,-71.445057,0.1911799357720472
2012-03-24,41.750925,-71.445057,0.9569461253322126
2012-03-25,41.750925,-71.445057,3.7571414465230712
2012-03-26,41.750925,-71.445057,0.2858736782222845
2012-03-27,41.750925,-71.445057,0.0012327210711799625
2012-03-28,41.750925,-71.445057,14.819707595574291
2012-03-29,41.750925,-71.445057,0.18870070580432094
2012-03-30,41.750925,-71.445057,0.0
2012-03-31,41.750925,-71.445057,1.7938332553586822
2012-04-01,41.750925,-71.445057,2.784203987889786
2012-04-02,41.750925,-71.445057,1.4179381641755446
2012-04-03,41.750925,-71.445057,0.0
2012-04-04,41.750925,-71.445057,0.0
2012-04-05,41.750925,-71.445057,0.0
2012-04-06,41.750925,-71.445057,0.0
2012-04-07,41.750925,-71.445057,0.0
2012-04-08,41.750925,-71.445057,0.0
2012-04-09,41.750925,-71.445057,0.0002470011755271088
2012-04-10,41.750925,-71.445057,0.0
2012-04-11,41.750925,-71.445057,0.02411671458299223
2012-04-12,41.750925,-71.445057,1.154208984552712
2012-04-13,41.750925,-71.445057,0.0
2012-04-14,41.750925,-71.445057,9.478475880487301e-05
2012-04-15,41.750925,-71.445057,7.725973791804338
2012-04-16,41.750925,-71.445057,0.4827095936878982
2012-04-17,41.750925,-71.445057,0.0
2012-04-18,41.750925,-71.445057,2.824224544870388
2012-04-19,41.750925,-71.445057,0.015046544349529109
2012-04-20,41.750925,-71.445057,0.0
2012-04-21,41.750925,-71.445057,0.0
2012-04-22,41.750925,-71.445057,26.44340940816459
2012-04-23,41.750925,-71.445057,42.868587976436345
2012-04-24,41.750925,-71.445057,0.4643080389569951
2012-04-25,41.750925,-71.445057,0.0
2012-04-26,41.750925,-71.445057,0.058221412952790895
2012-04-27,41.750925,-71.445057,2.4560371961300533
2012-04-28,41.750925,-71.445057,0.0
2012-04-29,41.750925,-71.445057,1.2732488365635393
2012-04-30,41.750925,-71.445057,0.0
2012-05-01,41.750925,-71.445057,12.744756586280362
2012-05-02,41.750925,-71.445057,0.024471642012335062
2012-05-03,41.750925,-71.445057,2.0958725040536477
2012-05-04,41.750925,-71.445057,1.853050340341913
2012-05-05,41.750925,-71.445057,0.33240566676086514
2012-05-06,41.750925,-71.445057,0.05808827514963479
2012-05-07,41.750925,-71.445057,0.0
2012-05-08,41.750925,-71.445057,7.422171235167391
2012-05-09,41.750925,-71.445057,33.216413187868724
2012-05-10,41.750925,-71.445057,16.548628765835417
2012-05-11,41.750925,-71.445057,0.0
2012-05-12,41.750925,-71.445057,0.0
2012-05-13,41.750925,-71.445057,0.3610591600394443
2012-05-14,41.750925,-71.445057,3.078683626916479
2012-05-15,41.750925,-71.445057,4.1971175414106785
2012-05-16,41.750925,-71.445057,14.308028362774694
2012-05-17,41.750925,-71.445057,0.9926016044704812
2012-05-18,41.750925,-71.445057,0.0
2012-05-19,41.750925,-71.445057,0.0
2012-05-20,41.750925,-71.445057,0.0
2012-05-21,41.750925,-71.445057,1.0975411896704477
2012-05-22,41.750925,-71.445057,13.093711199845746
2012-05-23,41.750925,-71.445057,0.5463364531814778
2012-05-24,41.750925,-71.445057,0.3562997490148823
2012-05-25,41.750925,-71.445057,0.7836245130505997
2012-05-26,41.750925,-71.445057,0.22523783417356746
2012-05-27,41.750925,-71.445057,0.5411823474687071
2012-05-28,41.750925,-71.445057,0.2942899181787587
2012-05-29,41.750925,-71.445057,0.015581932437765456
2012-05-30,41.750925,-71.445057,3.480625383266399
2012-05-31,41.750925,-71.445057,0.0
2012-06-01,41.750925,-71.445057,0.002691880606770622
2012-06-02,41.750925,-71.445057,10.76514584899477
2012-06-03,41.750925,-71.445057,21.76807616345983
2012-06-04,41.750925,-71.445057,4.2408904821570585
2012-06-05,41.750925,-71.445057,1.4305506356810456
2012-06-06,41.750925,-71.445057,0.8133398828971765
2012-06-07,41.750925,-71.445057,2.5222424126908556
2012-06-08,41.750925,-71.445057,0.2977995276728409
2012-06-09,41.750925,-71.445057,4.458920811795392
2012-06-10,41.750925,-71.445057,0.3593697364334037
2012-06-11,41.750925,-71.445057,0.0
2012-06-12,41.750925,-71.445057,1.4970121251824389
2012-06-13,41.750925,-71.445057,16.323415635131774
2012-06-14,41.750925,-71.445057,0.0
2012-06-15,41.750925,-71.445057,0.0
2012-06-16,41.750925,-71.445057,0.0
2012-06-17,41.750925,-71.445057,0.0
2012-06-18,41.750925,-71.445057,0.0
2012-06-19,41.750925,-71.445057,0.0
2012-06-20,41.750925,-71.445057,0.0
2012-06-21,41.750925,-71.445057,0.0
2012-06-22,41.750925,-71.445057,1.2230764858502725
2012-06-23,41.750925,-71.445057,3.4975023548697832
2012-06-24,41.750925,-71.445057,0.0
2012-06-25,41.750925,-71.445057,34.078970228700655
2012-06-26,41.750925,-71.445057,0.13701085456433243
2012-06-27,41.750925,-71.445057,0.1307575461432709
2012-06-28,41.750925,-71.445057,0.035924964545358117
2012-06-29,41.750925,-71.445057,1.037716589545277
2012-06-30,41.750925,-71.445057,0.0
2012-07-01,41.750925,-71.445057,6.406272085457076
2012-07-02,41.750925,-71.445057,0.01563246271628307
2012-07-03,41.750925,-71.445057,2.1059061444105187
2012-07-04,41.750925,-71.445057,7.4556094139084985
2012-07-05,41.750925,-71.445057,0.004953749889275653
2012-07-06,41.750925,-71.445057,1.0555182285943137
2012-07-07,41.750925,-71.445057,2.9090100943485075
2012-07-08,41.750925,-71.445057,0.0
2012-07-09,41.750925,-71.445057,0.03472250013798831
2012-07-10,41.750925,-71.445057,0.0
2012-07-11,41.750925,-71.445057,0.0
2012-07-12,41.750925,-71.445057,0.10598407137936053
2012-07-13,41.750925,-71.445057,0.14259019271869988
2012-07-14,41.750925,-71.445057,6.249745722746525
2012-07-15,41.750925,-71.445057,1.7084827958389326
2012-07-16,41.750925,-71.445057,5.824291658062557
2012-07-17,41.750925,-71.445057,0.12962533350677108
2012-07-18,41.750925,-71.445057,6.486916578423323
2012-07-19,41.750925,-71.445057,0.8450514918607348
2012-07-20,41.750925,-71.445057,15.590526374461522
2012-07-21,41.750925,-71.445057,1.8850766857388153
2012-07-22,41.750925,-71.445057,0.0
2012-07-23,41.750925,-71.445057,1.7099932737638268
2012-07-24,41.750925,-71.445057,2.166353708439884
2012-07-25,41.750925,-71.445057,0.6295788244705665
2012-07-26,41.750925,-71.445057,0.7378226615668928
2012-07-27,41.750925,-71.445057,6.671730183328705
2012-07-28,41.750925,-71.445057,8.477344254960798
2012-07-29,41.750925,-71.445057,2.6506058626581463
2012-07-30,41.750925,-71.445057,0.04434588599474786
2012-07-31,41.750925,-71.445057,9.873295216085383
2012-08-01,41.750925,-71.445057,6.560641955145166
2012-08-02,41.750925,-71.445057,3.8584562833601237
2012-08-03,41.750925,-71.445057,0.7236685757602335
2012-08-04,41.750925,-71.445057,0.0009788656586140496
2012-08-05,41.750925,-71.445057,2.20584326655065
2012-08-06,41.750925,-71.445057,6.369986990007831
2012-08-07,41.750925,-71.445057,0.36410028752748186
2012-08-08,41.750925,-71.445057,0.07587668797280595
2012-08-09,41.750925,-71.445057,4.56952174719286e-06
2012-08-10,41.750925,-71.445057,17.69275243875873
2012-08-11,41.750925,-71.445057,1.9579732587926306
2012-08-12,41.750925,-71.445057,7.2336744729447195
2012-08-13,41.750925,-71.445057,0.0003214652400750355
2012-08-14,41.750925,-71.445057,0.003181313344913676
2012-08-15,41.750925,-71.445057,2.903160188638199
2012-08-16,41.750925,-71.445057,26.232793545581423
2012-08-17,41.750925,-71.445057,0.0044048953725992525
2012-08-18,41.750925,-71.445057,13.983226611394798
2012-08-19,41.750925,-71.445057,0.019401139079880114
2012-08-20,41.750925,-71.445057,2.498716890531235
2012-08-21,41.750925,-71.445057,1.5317728332953193
2012-08-22,41.750925,-71.445057,1.1821964035804118
2012-08-23,41.750925,-71.445057,0.0007341492439605372
2012-08-24,41.750925,-71.445057,1.9491169837871807
2012-08-25,41.750925,-71.445057,0.2117282525272645
2012-08-26,41.750925,-71.445057,0.0032155847567409126
2012-08-27,41.750925,-71.445057,0.025447252959127798
2012-08-28,41.750925,-71.445057,5.083447659632962
2012-08-29,41.750925,-71.445057,0.0
2012-08-30,41.750925,-71.445057,0.0
2012-08-31,41.750925,-71.445057,0.0
2012-09-01,41.750925,-71.445057,1.0078813177506198
2012-09-02,41.750925,-71.445057,0.0
2012-09-03,41.750925,-71.445057,0.0
2012-09-04,41.750925,-71.445057,15.073887803895152
2012-09-05,41.750925,-71.445057,28.33835906910833
2012-09-06,41.750925,-71.445057,0.4152192033214765
2012-09-07,41.750925,-71.445057,0.0
2012-09-08,41.750925,-71.445057,0.0
2012-09-09,41.750925,-71.445057,5.255589611143613
2012-09-10,41.750925,-71.445057,0.0
2012-09-11,41.750925,-71.445057,0.0
2012-09-12,41.750925,-71.445057,0.0
2012-09-13,41.750925,-71.445057,0.0
2012-09-14,41.750925,-71.445057,0.0
2012-09-15,41.750925,-71.445057,0.09051729772710512
2012-09-16,41.750925,-71.445057,0.0
2012-09-17,41.750925,-71.445057,0.0
2012-09-18,41.750925,-71.445057,0.35064387073299913
2012-09-19,41.750925,-71.445057,20.968795021240933
2012-09-20,41.750925,-71.445057,0.009505997425428365
2012-09-21,41.750925,-71.445057,10.416430042229186
2012-09-22,41.750925,-71.445057,0.0
2012-09-23,41.750925,-71.445057,0.003241756298880972
2012-09-24,41.750925,-71.445057,0.0
2012-09-25,41.750925,-71.445057,0.0
2012-09-26,41.750925,-71.445057,0.15357414427157987
2012-09-27,41.750925,-71.445057,0.014616533253173447
2012-09-28,41.750925,-71.445057,21.80861313967785
2012-09-29,41.750925,-71.445057,10.921102779084478
2012-09-30,41.750925,-71.445057,9.715302309458862
2012-10-01,41.750925,-71.445057,0.16672744724826621
2012-10-02,41.750925,-71.445057,11.346943875784937
2012-10-03,41.750925,-71.445057,0.9027087188036655
2012-10-04,41.750925,-71.445057,1.8236720338758898
2012-10-05,41.750925,-71.445057,1.733595502769661
2012-10-06,41.750925,-71.445057,0.23225196761568462
2012-10-07,41.750925,-71.445057,8.613050621905348
2012-10-08,41.750925,-71.445057,1.4500805502680516
2012-10-09,41.750925,-71.445057,23.270030310538658
2012-10-10,41.750925,-71.445057,0.18900862865213242
2012-10-11,41.750925,-71.445057,0.0
2012-10-12,41.750925,-71.445057,0.10338286958266303
2012-10-13,41.750925,-71.445057,0.0804917685480932
2012-10-14,41.750925,-71.445057,10.178592336537871
2012-10-15,41.750925,-71.445057,0.029630070597929582
2012-10-16,41.750925,-71.445057,3.5010248021637875
2012-10-17,41.750925,-71.445057,0.0
2012-10-18,41.750925,-71.445057,0.0
2012-10-19,41.750925,-71.445057,2.0347088673099147
2012-10-20,41.750925,-71.445057,20.732526241818213
2012-10-21,41.750925,-71.445057,0.0
2012-10-22,41.750925,-71.445057,0.018880099136580602
2012-10-23,41.750925,-71.445057,0.07975170834704108
2012-10-24,41.750925,-71.445057,3.811951652598038
2012-10-25,41.750925,-71.445057,0.0
2012-10-26,41.750925,-71.445057,0.0
2012-10-27,41.750925,-71.445057,0.0
2012-10-28,41.750925,-71.445057,0.3425933617940243
2012-10-29,41.750925,-71.445057,1.4714084596780024
2012-10-30,41.750925,-71.445057,7.046159257952095
2012-10-31,41.750925,-71.445057,0.6813404576295656
2012-11-01,41.750925,-71.445057,0.37341464331422325
2012-11-02,41.750925,-71.445057,0.8062716191797138
2012-11-03,41.750925,-71.445057,0.03493238681214793
2012-11-04,41.750925,-71.445057,0.014905214905919
2012-11-05,41.750925,-71.445057,0.0
2012-11-06,41.750925,-71.445057,0.0
2012-11-07,41.750925,-71.445057,29.269680962419123
2012-11-08,41.750925,-71.445057,4.933567855685957
2012-11-09,41.750925,-71.445057,0.0
2012-11-10,41.750925,-71.445057,0.14035599960896708
2012-11-11,41.750925,-71.445057,0.00470903347462214
2012-11-12,41.750925,-71.445057,0.0
2012-11-13,41.750925,-71.445057,2.6528087488243193
2012-11-14,41.750925,-71.445057,0.15173661716796705
2012-11-15,41.750925,-71.445057,0.0
2012-11-16,41.750925,-71.445057,5.090329670641677
2012-11-17,41.750925,-71.445057,0.0
2012-11-18,41.750925,-71.445057,0.0
2012-11-19,41.750925,-71.445057,0.0002447164146535124
2012-11-20,41.750925,-71.445057,0.0
2012-11-21,41.750925,-71.445057,0.019637892924376236
2012-11-22,41.750925,-71.445057,0.0
2012-11-23,41.750925,-71.445057,0.0007341492439605372
2012-11-24,41.750925,-71.445057,0.0
2012-11-25,41.750925,-71.445057,0.030112388492674107
2012-11-26,41.750925,-71.445057,0.0
2012-11-27,41.750925,-71.445057,0.5494135437366393
2012-11-28,41.750925,-71.445057,0.01883613389848856
2012-11-29,41.750925,-71.445057,0.0
2012-11-30,41.750925,-71.445057,0.024327850491595453
2012-12-01,41.750925,-71.445057,0.10549962816593836
2012-12-02,41.750925,-71.445057,0.17147564602562548
2012-12-03,41.750925,-71.445057,2.690619333617777
2012-12-04,41.750925,-71.445057,0.22438704267378157
2012-12-05,41.750925,-71.445057,1.1768300882459999
2012-12-06,41.750925,-71.445057,0.0
2012-12-07,41.750925,-71.445057,5.628553087556648
2012-12-08,41.750925,-71.445057,12.856431695377152
2012-12-09,41.750925,-71.445057,1.7900404979335547
2012-12-10,41.750925,-71.445057,16.70816247032443
2012-12-11,41.750925,-71.445057,0.05279104769933449
2012-12-12,41.750925,-71.445057,2.6665592618591143
2012-12-13,41.750925,-71.445057,0.2182117672244423
2012-12-14,41.750925,-71.445057,0.0
2012-12-15,41.750925,-71.445057,0.031772730741126125
2012-12-16,41.750925,-71.445057,2.250517613672083
2012-12-17,41.750925,-71.445057,13.125953483452664
2012-12-18,41.750925,-71.445057,27.972992624776108
2012-12-19,41.750925,-71.445057,0.060968682228750924
2012-12-20,41.750925,-71.445057,0.0
2012-12-21,41.750925,-71.445057,26.19624065440917
2012-12-22,41.750925,-71.445057,8.793047618408372e-05
2012-12-23,41.750925,-71.445057,0.0
2012-12-24,41.750925,-71.445057,0.001957731317228099
2012-12-25,41.750925,-71.445057,4.208050638746154
2012-12-26,41.750925,-71.445057,2.84591865618275
2012-12-27,41.750925,-71.445057,27.037297285006737
2012-12-28,41.750925,-71.445057,3.198665308148979e-05
2012-12-29,41.750925,-71.445057,10.47371760600276
2012-12-30,41.750925,-71.445057,5.433568178683354
2012-12-31,41.750925,-71.445057,2.7294191715424216
2013-01-01,41.750925,-71.445057,1.5474878203239104
2013-01-02,41.750925,-71.445057,0.003915462634456198
2013-01-03,41.750925,-71.445057,0.7897799961005938
2013-01-04,41.750925,-71.445057,0.009166065186446444
2013-01-05,41.750925,-71.445057,0.0
2013-01-06,41.750925,-71.445057,3.408513615285314
2013-01-07,41.750925,-71.445057,1.1949184271599773
2013-01-08,41.750925,-71.445057,0.0
2013-01-09,41.750925,-71.445057,1.3097163679351174
2013-01-10,41.750925,-71.445057,0.0
2013-01-11,41.750925,-71.445057,1.099721464204209
2013-01-12,41.750925,-71.445057,4.557658785167575
2013-01-13,41.750925,-71.445057,0.0320385462768459
2013-01-14,41.750925,-71.445057,4.3104298600473525
2013-01-15,41.750925,-71.445057,9.118119395186403
2013-01-16,41.750925,-71.445057,26.542840273521687
2013-01-17,41.750925,-71.445057,0.937721580394637
2013-01-18,41.750925,-71.445057,1.1704877210955487
2013-01-19,41.750925,-71.445057,0.11470113503779512
2013-01-20,41.750925,-71.445057,0.0
2013-01-21,41.750925,-71.445057,0.16340561289491
2013-01-22,41.750925,-71.445057,2.385864984649162
2013-01-23,41.750925,-71.445057,0.0
2013-01-24,41.750925,-71.445057,0.06408541785300746
2013-01-25,41.750925,-71.445057,0.0
2013-01-26,41.750925,-71.445057,0.16131635632193334
2013-01-27,41.750925,-71.445057,0.0
2013-01-28,41.750925,-71.445057,2.8541392853513714
2013-01-29,41.750925,-71.445057,0.05459313076430186
2013-01-30,41.750925,-71.445057,2.4602523383477957
2013-01-31,41.750925,-71.445057,11.048660157468776
2013-02-01,41.750925,-71.445057,0.0
2013-02-02,41.750925,-71.445057,0.0
2013-02-03,41.750925,-71.445057,0.0
2013-02-04,41.750925,-71.445057,0.0
2013-02-05,41.750925,-71.445057,0.0
2013-02-06,41.750925,-71.445057,0.0
2013-02-07,41.750925,-71.445057,4.56952174719286e-06
2013-02-08,41.750925,-71.445057,58.70669012874159
2013-02-09,41.750925,-71.445057,68.65982070410813
2013-02-10,41.750925,-71.445057,0.0
2013-02-11,41.750925,-71.445057,5.923609655398606
2013-02-12,41.750925,-71.445057,0.010152216193204817
2013-02-13,41.750925,-71.445057,0.0
2013-02-14,41.750925,-71.445057,2.8429659047403257
2013-02-15,41.750925,-71.445057,0.0
2013-02-16,41.750925,-71.445057,0.08759427039015494
2013-02-17,41.750925,-71.445057,0.6233019048567466
2013-02-18,41.750925,-71.445057,4.396523809204186e-05
2013-02-19,41.750925,-71.445057,0.40453935608295827
2013-02-20,41.750925,-71.445057,3.31786757743544
2013-02-21,41.750925,-71.445057,0.061224288575582764
2013-02-22,41.750925,-71.445057,0.014682984332226923
2013-02-23,41.750925,-71.445057,1.9136293599487648
2013-02-24,41.750925,-71.445057,1.4624355309456996
2013-02-25,41.750925,-71.445057,0.23906331797246552
2013-02-26,41.750925,-71.445057,0.08018546742241923
2013-02-27,41.750925,-71.445057,10.867064196258095
2013-02-28,41.750925,-71.445057,0.0195702831424491
2013-03-01,41.750925,-71.445057,0.0009788656586140496
2013-03-02,41.750925,-71.445057,0.0
2013-03-03,41.750925,-71.445057,0.0
2013-03-04,41.750925,-71.445057,2.056284743679798e-05
2013-03-05,41.750925,-71.445057,0.0
2013-03-06,41.750925,-71.445057,0.018061637935475404
2013-03-07,41.750925,-71.445057,2.7163607530892944
2013-03-08,41.750925,-71.445057,4.096071272093494
2013-03-09,41.750925,-71.445057,0.2847681698588024
2013-03-10,41.750925,-71.445057,0.0
2013-03-11,41.750925,-71.445057,2.4931842271686326
2013-03-12,41.750925,-71.445057,36.7776421582729
2013-03-13,41.750925,-71.445057,6.854282620789289e-06
2013-03-14,41.750925,-71.445057,0.0
2013-03-15,41.750925,-71.445057,0.0
2013-03-16,41.750925,-71.445057,0.0014682984879210745
2013-03-17,41.750925,-71.445057,0.0
2013-03-18,41.750925,-71.445057,0.8112507602881917
2013-03-19,41.750925,-71.445057,9.353276090617893
2013-03-20,41.750925,-71.445057,0.0
2013-03-21,41.750925,-71.445057,0.3550758322783713
2013-03-22,41.750925,-71.445057,0.0
2013-03-23,41.750925,-71.445057,0.0
2013-03-24,41.750925,-71.445057,0.0
2013-03-25,41.750925,-71.445057,0.03025589741124215
2013-03-26,41.750925,-71.445057,0.002936596975842149
2013-03-27,41.750925,-71.445057,0.0
2013-03-28,41.750925,-71.445057,0.14508529320995756
2013-03-29,41.750925,-71.445057,0.0
2013-03-30,41.750925,-71.445057,0.0014682984879210745
2013-03-31,41.750925,-71.445057,0.2690130569242626
2013-04-01,41.750925,-71.445057,1.228298318153624
2013-04-02,41.750925,-71.445057,0.0
2013-04-03,41.750925,-71.445057,0.0
2013-04-04,41.750925,-71.445057,0.0
2013-04-05,41.750925,-71.445057,0.15650284833925454
2013-04-06,41.750925,-71.445057,0.0
2013-04-07,41.750925,-71.445057,0.0
2013-04-08,41.750925,-71.445057,0.00470903347462214
2013-04-09,41.750925,-71.445057,1.9489173939567717
2013-04-10,41.750925,-71.445057,5.973628538102853
2013-04-11,41.750925,-71.445057,4.623247913059513
2013-04-12,41.750925,-71.445057,10.738948025991354
2013-04-13,41.750925,-71.445057,0.2140383421325343
2013-04-14,41.750925,-71.445057,0.0
2013-04-15,41.750925,-71.445057,0.0002447164146535124
2013-04-16,41.750925,-71.445057,0.0012235820276855767
2013-04-17,41.750925,-71.445057,1.193256073952754
2013-04-18,41.750925,-71.445057,0.0
2013-04-19,41.750925,-71.445057,3.655617397754288e-05
2013-04-20,41.750925,-71.445057,15.1978067281277
2013-04-21,41.750925,-71.445057,0.0
2013-04-22,41.750925,-71.445057,0.015638655302053897
2013-04-23,41.750925,-71.445057,5.294079859614549
2013-04-24,41.750925,-71.445057,3.654947525620844
2013-04-25,41.750925,-71.445057,0.5482558928210096
2013-04-26,41.750925,-71.445057,0.0
2013-04-27,41.750925,-71.445057,0.0
2013-04-28,41.750925,-71.445057,0.0
2013-04-29,41.750925,-71.445057,0.0689049526510767
2013-04-30,41.750925,-71.445057,2.28476087359643e-06
2013-05-01,41.750925,-71.445057,0.0
2013-05-02,41.750925,-71.445057,0.0
2013-05-03,41.750925,-71.445057,0.0
2013-05-04,41.750925,-71.445057,0.0
2013-05-05,41.750925,-71.445057,0.0
2013-05-06,41.750925,-71.445057,0.0
2013-05-07,41.750925,-71.445057,0.0
2013-05-08,41.750925,-71.445057,0.2419648137028819
2013-05-09,41.750925,-71.445057,6.198988298437046
2013-05-10,41.750925,-71.445057,0.6482970439509654
2013-05-11,41.750925,-71.445057,14.717481440415883
2013-05-12,41.750925,-71.445057,7.91206337768522
2013-05-13,41.750925,-71.445057,0.004953749889275653
2013-05-14,41.750925,-71.445057,0.0002312499862134576
2013-05-15,41.750925,-71.445057,4.634127098353527
2013-05-16,41.750925,-71.445057,0.15170553486515176
2013-05-17,41.750925,-71.445057,0.0
2013-05-18,41.750925,-71.445057,0.052718810392254525
2013-05-19,41.750925,-71.445057,3.5279428921939613
2013-05-20,41.750925,-71.445057,0.39695757247511976
2013-05-21,41.750925,-71.445057,9.13419418284974
2013-05-22,41.750925,-71.445057,3.4583992192114623
2013-05-23,41.750925,-71.445057,0.11608640598289506
2013-05-24,41.750925,-71.445057,21.147075574452746
2013-05-25,41.750925,-71.445057,1.302473068932515
2013-05-26,41.750925,-71.445057,0.001638344270940497
2013-05-27,41.750925,-71.445057,0.0
2013-05-28,41.750925,-71.445057,0.04919242291654645
2013-05-29,41.750925,-71.445057,8.438176440462762
2013-05-30,41.750925,-71.445057,21.482300330549425
2013-05-31,41.750925,-71.445057,0.0
2013-06-01,41.750925,-71.445057,0.0
2013-06-02,41.750925,-71.445057,0.0
2013-06-03,41.750925,-71.445057,22.268036923441446
2013-06-04,41.750925,-71.445057,0.00010052948014052246
2013-06-05,41.750925,-71.445057,0.19131659077303564
2013-06-06,41.750925,-71.445057,0.255852601002387
2013-06-07,41.750925,-71.445057,63.32003520943459
2013-06-08,41.750925,-71.445057,16.60830805824612
2013-06-09,41.750925,-71.445057,0.0
2013-06-10,41.750925,-71.445057,17.828043497104783
2013-06-11,41.750925,-71.445057,43.27062312871508
2013-06-12,41.750925,-71.445057,0.018801844717900272
2013-06-13,41.750925,-71.445057,8.181524218538604
2013-06-14,41.750925,-71.445057,19.090359673947702
2013-06-15,41.750925,-71.445057,0.0
2013-06-16,41.750925,-71.445057,0.3565456311836279
2013-06-17,41.750925,-71.445057,0.13193276102732948
2013-06-18,41.750925,-71.445057,10.174695802930097
2013-06-19,41.750925,-71.445057,12.721502931994147
2013-06-20,41.750925,-71.445057,0.0
2013-06-21,41.750925,-71.445057,0.0
2013-06-22,41.750925,-71.445057,0.0
2013-06-23,41.750925,-71.445057,0.0024471640553711533
2013-06-24,41.750925,-71.445057,0.014371816838519933
2013-06-25,41.750925,-71.445057,0.7635348280377088
2013-06-26,41.750925,-71.445057,2.6786880671267603
2013-06-27,41.750925,-71.445057,0.5157411172932884
2013-06-28,41.750925,-71.445057,3.6189298610012086
2013-06-29,41.750925,-71.445057,2.2462042769216124
2013-06-30,41.750925,-71.445057,3.6991146900921765
2013-07-01,41.750925,-71.445057,2.7044483159977717
2013-07-02,41.750925,-71.445057,1.9456736857446382
2013-07-03,41.750925,-71.445057,2.411143574668508
2013-07-04,41.750925,-71.445057,0.024524032154598897
2013-07-05,41.750925,-71.445057,0.0
2013-07-06,41.750925,-71.445057,0.1941751091192248
2013-07-07,41.750925,-71.445057,0.5263023394618647
2013-07-08,41.750925,-71.445057,0.7199405384954567
2013-07-09,41.750925,-71.445057,3.332887872492603
2013-07-10,41.750925,-71.445057,0.5505645239686974
2013-07-11,41.750925,-71.445057,13.562470198521279
2013-07-12,41.750925,-71.445057,0.3530554117237476
2013-07-13,41.750925,-71.445057,1.0994575713457737
2013-07-14,41.750925,-71.445057,0.09240823387078868
2013-07-15,41.750925,-71.445057,0.11654326295222892
2013-07-16,41.750925,-71.445057,0.0
2013-07-17,41.750925,-71.445057,0.0
2013-07-18,41.750925,-71.445057,0.21410895316717007
2013-07-19,41.750925,-71.445057,0.0009788656586140496
2013-07-20,41.750925,-71.445057,0.560103776901944
2013-07-21,41.750925,-71.445057,2.0652251974493954
2013-07-22,41.750925,-71.445057,0.5323284913220816
2013-07-23,41.750925,-71.445057,11.884307729944155
2013-07-24,41.750925,-71.445057,1.7214280368088688
2013-07-25,41.750925,-71.445057,14.562485966360038
2013-07-26,41.750925,-71.445057,20.520642663355925
2013-07-27,41.750925,-71.445057,0.5057211889925634
2013-07-28,41.750925,-71.445057,0.612878909392701
2013-07-29,41.750925,-71.445057,0.8080709647732358
2013-07-30,41.750925,-71.445057,0.0
2013-07-31,41.750925,-71.445057,0.0
2013-08-01,41.750925,-71.445057,2.2453362019851175
2013-08-02,41.750925,-71.445057,8.295902918037356
2013-08-03,41.750925,-71.445057,5.535329410107643
2013-08-04,41.750925,-71.445057,0.11304718838678181
2013-08-05,41.750925,-71.445057,0.0
2013-08-06,41.750925,-71.445057,0.0
2013-08-07,41.750925,-71.445057,0.0
2013-08-08,41.750925,-71.445057,1.2703565632051732
2013-08-09,41.750925,-71.445057,22.903737204375616
2013-08-10,41.750925,-71.445057,0.2697989658706063
2013-08-11,41.750925,-71.445057,0.0
2013-08-12,41.750925,-71.445057,0.0
2013-08-13,41.750925,-71.445057,10.760925275293726
2013-08-14,41.750925,-71.445057,0.3315935669257104
2013-08-15,41.750925,-71.445057,0.0
2013-08-16,41.750925,-71.445057,0.0
2013-08-17,41.750925,-71.445057,0.191272721760632
2013-08-18,41.750925,-71.445057,3.254901575161887
2013-08-19,41.750925,-71.445057,4.879272597432575
2013-08-20,41.750925,-71.445057,0.8496270663349267
2013-08-21,41.750925,-71.445057,0.0
2013-08-22,41.750925,-71.445057,6.689799201500013
2013-08-23,41.750925,-71.445057,0.44381197685578655
2013-08-24,41.750925,-71.445057,0.0
2013-08-25,41.750925,-71.445057,0.0
2013-08-26,41.750925,-71.445057,2.6393915212510946
2013-08-27,41.750925,-71.445057,20.112872475187835
2013-08-28,41.750925,-71.445057,0.0
2013-08-29,41.750925,-71.445057,0.2776758274121997
2013-08-30,41.750925,-71.445057,0.0
2013-08-31,41.750925,-71.445057,0.9470803643670881
2013-09-01,41.750925,-71.445057,17.1298431899738
2013-09-02,41.750925,-71.445057,15.131175900289872
2013-09-03,41.750925,-71.445057,18.017735963820023
2013-09-04,41.750925,-71.445057,0.10578763557192113
2013-09-05,41.750925,-71.445057,0.5826544457969293
2013-09-06,41.750925,-71.445057,0.5614339944063129
2013-09-07,41.750925,-71.445057,0.0
2013-09-08,41.750925,-71.445057,0.7440295298870904
2013-09-09,41.750925,-71.445057,0.0
2013-09-10,41.750925,-71.445057,0.37516678152315897
2013-09-11,41.750925,-71.445057,0.0
2013-09-12,41.750925,-71.445057,0.002681879384398766
2013-09-13,41.750925,-71.445057,11.138362971171293
2013-09-14,41.750925,-71.445057,0.0
2013-09-15,41.750925,-71.445057,0.013042091741259206
2013-09-16,41.750925,-71.445057,3.455031571382664
2013-09-17,41.750925,-71.445057,0.0
2013-09-18,41.750925,-71.445057,0.0
2013-09-19,41.750925,-71.445057,0.0
2013-09-20,41.750925,-71.445057,0.0
2013-09-21,41.750925,-71.445057,0.0
2013-09-22,41.750925,-71.445057,14.71858654729419
2013-09-23,41.750925,-71.445057,0.0
2013-09-24,41.750925,-71.445057,0.0
2013-09-25,41.750925,-71.445057,0.0
2013-09-26,41.750925,-71.445057,0.0
2013-09-27,41.750925,-71.445057,0.0
2013-09-28,41.750925,-71.445057,0.0
2013-09-29,41.750925,-71.445057,0.0
2013-09-30,41.750925,-71.445057,0.0
2013-10-01,41.750925,-71.445057,0.0
2013-10-02,41.750925,-71.445057,0.00043965236454209064
2013-10-03,41.750925,-71.445057,0.0
2013-10-04,41.750925,-71.445057,0.5049937758896128
2013-10-05,41.750925,-71.445057,1.1830995524984862
2013-10-06,41.750925,-71.445057,2.4870615424217246
2013-10-07,41.750925,-71.445057,0.0
2013-10-08,41.750925,-71.445057,0.11845985900482996
2013-10-09,41.750925,-71.445057,0.0
2013-10-10,41.750925,-71.445057,2.381274536893931
2013-10-11,41.750925,-71.445057,0.0918593767683167
2013-10-12,41.750925,-71.445057,0.9379789046400588
2013-10-13,41.750925,-71.445057,0.0
2013-10-14,41.750925,-71.445057,0.0
2013-10-15,41.750925,-71.445057,0.0
2013-10-16,41.750925,-71.445057,0.5440745420764086
2013-10-17,41.750925,-71.445057,0.937433144283572
2013-10-18,41.750925,-71.445057,0.0005773633054911084
2013-10-19,41.750925,-71.445057,0.6003731816350287
2013-10-20,41.750925,-71.445057,1.6263842428357187
2013-10-21,41.750925,-71.445057,0.0
2013-10-22,41.750925,-71.445057,0.0
2013-10-23,41.750925,-71.445057,2.216028870513657
2013-10-24,41.750925,-71.445057,0.0
2013-10-25,41.750925,-71.445057,0.0
2013-10-26,41.750925,-71.445057,0.0
2013-10-27,41.750925,-71.445057,0.046905902953516036
2013-10-28,41.750925,-71.445057,0.005198466303929165
2013-10-29,41.750925,-71.445057,0.0
2013-10-30,41.750925,-71.445057,0.2346759496473807
2013-10-31,41.750925,-71.445057,1.980357304965807
2013-11-01,41.750925,-71.445057,12.16685256654015
2013-11-02,41.750925,-71.445057,0.474793096034765
2013-11-03,41.750925,-71.445057,0.3481328889162475
2013-11-04,41.750925,-71.445057,0.0
2013-11-05,41.750925,-71.445057,0.0
2013-11-06,41.750925,-71.445057,0.09768277589033857
2013-11-07,41.750925,-71.445057,20.449612335784437
2013-11-08,41.750925,-71.445057,0.00941806694924428
2013-11-09,41.750925,-71.445057,0.11834959207096739
2013-11-10,41.750925,-71.445057,4.56952174719286e-06
2013-11-11,41.750925,-71.445057,0.0
2013-11-12,41.750925,-71.445057,6.638399391523965
2013-11-13,41.750925,-71.445057,0.01122358189533213
2013-11-14,41.750925,-71.445057,0.3896302232167693
2013-11-15,41.750925,-71.445057,0.0009232700572570265
2013-11-16,41.750925,-71.445057,0.014289318444615059
2013-11-17,41.750925,-71.445057,0.05175592134917168
2013-11-18,41.750925,-71.445057,6.1693810805496065
2013-11-19,41.750925,-71.445057,0.0
2013-11-20,41.750925,-71.445057,0.0
2013-11-21,41.750925,-71.445057,0.0
2013-11-22,41.750925,-71.445057,3.7766064615653554
2013-11-23,41.750925,-71.445057,1.4971194020874818
2013-11-24,41.750925,-71.445057,0.00022896522576543106
2013-11-25,41.750925,-71.445057,0.0
2013-11-26,41.750925,-71.445057,8.508970194877053
2013-11-27,41.750925,-71.445057,57.48398802183497
2013-11-28,41.750925,-71.445057,0.8489788189481688
2013-11-29,41.750925,-71.445057,0.10024394122232058
2013-11-30,41.750925,-71.445057,0.0
2013-12-01,41.750925,-71.445057,1.4594281151151578
2013-12-02,41.750925,-71.445057,0.0
2013-12-03,41.750925,-71.445057,0.03956114369750186
2013-12-04,41.750925,-71.445057,0.0
2013-12-05,41.750925,-71.445057,0.2713380634810627
2013-12-06,41.750925,-71.445057,12.630449115593372
2013-12-07,41.750925,-71.445057,27.63620412450224
2013-12-08,41.750925,-71.445057,0.6734983066683052
2013-12-09,41.750925,-71.445057,0.1252688230457927
2013-12-10,41.750925,-71.445057,2.831655337879921
2013-12-11,41.750925,-71.445057,0.052418221311771096
2013-12-12,41.750925,-71.445057,0.0
2013-12-13,41.750925,-71.445057,0.028254200847732842
2013-12-14,41.750925,-71.445057,0.5734596224440992
2013-12-15,41.750925,-71.445057,10.408891244561511
2013-12-16,41.750925,-71.445057,0.01039693260785833
2013-12-17,41.750925,-71.445057,0.6669283435323119
2013-12-18,41.750925,-71.445057,0.06386626795112277
2013-12-19,41.750925,-71.445057,3.0101865229057765
2013-12-20,41.750925,-71.445057,0.7273464721277896
2013-12-21,41.750925,-71.445057,1.0062280114792594
2013-12-22,41.750925,-71.445057,3.6144628054806165
2013-12-23,41.750925,-71.445057,31.144975489113904
2013-12-24,41.750925,-71.445057,1.502671098451061
2013-12-25,41.750925,-71.445057,0.5489776045752789
2013-12-26,41.750925,-71.445057,0.037760198273161204
2013-12-27,41.750925,-71.445057,0.0
2013-12-28,41.750925,-71.445057,0.04232187899166408
2013-12-29,41.750925,-71.445057,27.560629612441407
2013-12-30,41.750925,-71.445057,0.6791332884027995
2013-12-31,41.750925,-71.445057,0.0
2014-01-01,41.750925,-71.445057,0.0
2014-01-02,41.750925,-71.445057,0.13389273804999768
2014-01-03,41.750925,-71.445057,6.052813643362427
2014-01-04,41.750925,-71.445057,0.0011099999751753187
2014-01-05,41.750925,-71.445057,0.16907754191715188
2014-01-06,41.750925,-71.445057,6.041616699848508
2014-01-07,41.750925,-71.445057,0.03886616305104584
2014-01-08,41.750925,-71.445057,0.0
2014-01-09,41.750925,-71.445057,0.0
2014-01-10,41.750925,-71.445057,0.4016779433310121
2014-01-11,41.750925,-71.445057,10.929522728530786
2014-01-12,41.750925,-71.445057,16.165832493690456
2014-01-13,41.750925,-71.445057,0.7560662731298889
2014-01-14,41.750925,-71.445057,59.867754991979524
2014-01-15,41.750925,-71.445057,2.7389392541081024
2014-01-16,41.750925,-71.445057,3.5610568883757456
2014-01-17,41.750925,-71.445057,0.0
2014-01-18,41.750925,-71.445057,1.6485813908778748
2014-01-19,41.750925,-71.445057,4.112569487359596e-05
2014-01-20,41.750925,-71.445057,0.09764166488601467
2014-01-21,41.750925,-71.445057,0.08205934404793039
2014-01-22,41.750925,-71.445057,0.0
2014-01-23,41.750925,-71.445057,0.0
2014-01-24,41.750925,-71.445057,0.0
2014-01-25,41.750925,-71.445057,1.7404214873424237
2014-01-26,41.750925,-71.445057,0.0017785820152732361
2014-01-27,41.750925,-71.445057,0.6459795920845918
2014-01-28,41.750925,-71.445057,0.09216936819562482
2014-01-29,41.750925,-71.445057,0.04727562850521572
2014-01-30,41.750925,-71.445057,0.0
2014-01-31,41.750925,-71.445057,1.6670591207539527
2014-02-01,41.750925,-71.445057,0.0
2014-02-02,41.750925,-71.445057,0.28490470690613984
2014-02-03,41.750925,-71.445057,8.84612028654555
2014-02-04,41.750925,-71.445057,0.032190226329625836
2014-02-05,41.750925,-71.445057,24.170845434221665
2014-02-06,41.750925,-71.445057,0.0
2014-02-07,41.750925,-71.445057,0.004752998712714182
2014-02-08,41.750925,-71.445057,0.0002706457111730404
2014-02-09,41.750925,-71.445057,0.0
2014-02-10,41.750925,-71.445057,1.8656791151924068
2014-02-11,41.750925,-71.445057,0.0
2014-02-12,41.750925,-71.445057,0.0
2014-02-13,41.750925,-71.445057,25.954116026187734
2014-02-14,41.750925,-71.445057,11.428161777323787
2014-02-15,41.750925,-71.445057,6.843337029518736
2014-02-16,41.750925,-71.445057,2.238390861316122
2014-02-17,41.750925,-71.445057,0.0
2014-02-18,41.750925,-71.445057,0.6550559375830763
2014-02-19,41.750925,-71.445057,7.558281431939567
2014-02-20,41.750925,-71.445057,1.0371236195605713
2014-02-21,41.750925,-71.445057,12.142449407682578
2014-02-22,41.750925,-71.445057,0.10329664777331107
2014-02-23,41.750925,-71.445057,0.0007532242578592759
2014-02-24,41.750925,-71.445057,0.14666094584941466
2014-02-25,41.750925,-71.445057,0.0
2014-02-26,41.750925,-71.445057,0.014630241818415025
2014-02-27,41.750925,-71.445057,0.0
2014-02-28,41.750925,-71.445057,0.0
2014-03-01,41.750925,-71.445057,0.0
2014-03-02,41.750925,-71.445057,0.35841572124688437
2014-03-03,41.750925,-71.445057,1.9322536348895056
2014-03-04,41.750925,-71.445057,0.08092774501658173
2014-03-05,41.750925,-71.445057,0.07897284008395229
2014-03-06,41.750925,-71.445057,0.0
2014-03-07,41.750925,-71.445057,0.0
2014-03-08,41.750925,-71.445057,0.06639810239957841
2014-03-09,41.750925,-71.445057,0.28848514392219116
2014-03-10,41.750925,-71.445057,0.3182088263569238
2014-03-11,41.750925,-71.445057,0.10076799367094993
2014-03-12,41.750925,-71.445057,6.279574340517816
2014-03-13,41.750925,-71.445057,4.374479664968953
2014-03-14,41.750925,-71.445057,0.0
2014-03-15,41.750925,-71.445057,1.0696411439419349
2014-03-16,41.750925,-71.445057,0.0
2014-03-17,41.750925,-71.445057,3.795974566390738
2014-03-18,41.750925,-71.445057,0.0
2014-03-19,41.750925,-71.445057,0.0
2014-03-20,41.750925,-71.445057,6.1539751452111755
2014-03-21,41.750925,-71.445057,0.0
2014-03-22,41.750925,-71.445057,0.5489748994077109
2014-03-23,41.750925,-71.445057,0.052295831455706474
2014-03-24,41.750925,-71.445057,0.005873193951684298
2014-03-25,41.750925,-71.445057,1.758073009710816
2014-03-26,41.750925,-71.445057,3.3717794540203796
2014-03-27,41.750925,-71.445057,0.0
2014-03-28,41.750925,-71.445057,1.4188173458457298
2014-03-29,41.750925,-71.445057,30.375735513653634
2014-03-30,41.750925,-71.445057,91.37274516602865
2014-03-31,41.750925,-71.445057,1.1828038494048159
2014-04-01,41.750925,-71.445057,0.0
2014-04-02,41.750925,-71.445057,0.004953749889275653
2014-04-03,41.750925,-71.445057,0.0
2014-04-04,41.750925,-71.445057,0.0683998214608097
2014-04-05,41.750925,-71.445057,4.1067189736078715
2014-04-06,41.750925,-71.445057,0.0
2014-04-07,41.750925,-71.445057,0.956957933303893
2014-04-08,41.750925,-71.445057,16.036910545934074
2014-04-09,41.750925,-71.445057,0.0
2014-04-10,41.750925,-71.445057,0.0
2014-04-11,41.750925,-71.445057,0.3198130238141597
2014-04-12,41.750925,-71.445057,0.35521156673759097
2014-04-13,41.750925,-71.445057,0.06181208821516611
2014-04-14,41.750925,-71.445057,0.9030075041504917
2014-04-15,41.750925,-71.445057,17.742223709622035
2014-04-16,41.750925,-71.445057,30.51693285405394
2014-04-17,41.750925,-71.445057,0.0
2014-04-18,41.750925,-71.445057,0.0
2014-04-19,41.750925,-71.445057,0.4807076063852487
2014-04-20,41.750925,-71.445057,0.0
2014-04-21,41.750925,-71.445057,0.0
2014-04-22,41.750925,-71.445057,0.004928859665082349
2014-04-23,41.750925,-71.445057,8.502981383432447
2014-04-24,41.750925,-71.445057,0.0
2014-04-25,41.750925,-71.445057,0.0
2014-04-26,41.750925,-71.445057,11.542545603575396
2014-04-27,41.750925,-71.445057,0.012956512324422648
2014-04-28,41.750925,-71.445057,0.0
2014-04-29,41.750925,-71.445057,0.12463814873253923
2014-04-30,41.750925,-71.445057,39.68737375568449
2014-05-01,41.750925,-71.445057,32.97641723708241
2014-05-02,41.750925,-71.445057,0.09418066598393939
2014-05-03,41.750925,-71.445057,0.0
2014-05-04,41.750925,-71.445057,0.08680599084112042
2014-05-05,41.750925,-71.445057,0.032963235199480835
2014-05-06,41.750925,-71.445057,0.0
2014-05-07,41.750925,-71.445057,0.4733575422311469
2014-05-08,41.750925,-71.445057,0.03767226779697712
2014-05-09,41.750925,-71.445057,0.3406813688101447
2014-05-10,41.750925,-71.445057,1.3535033279391535
2014-05-11,41.750925,-71.445057,7.26348100622745
2014-05-12,41.750925,-71.445057,0.0
2014-05-13,41.750925,-71.445057,0.015643260043519635
2014-05-14,41.750925,-71.445057,0.15539810027690135
2014-05-15,41.750925,-71.445057,0.0
2014-05-16,41.750925,-71.445057,0.07358580484671033
2014-05-17,41.750925,-71.445057,15.1889861591177
2014-05-18,41.750925,-71.445057,2.284760788482453e-05
2014-05-19,41.750925,-71.445057,0.0015361504066497356
2014-05-20,41.750925,-71.445057,1.7185395115930628
2014-05-21,41.750925,-71.445057,0.0
2014-05-22,41.750925,-71.445057,9.284669723215535
2014-05-23,41.750925,-71.445057,0.0
2014-05-24,41.750925,-71.445057,0.4474038393188072
2014-05-25,41.750925,-71.445057,0.7969446537870271
2014-05-26,41.750925,-71.445057,1.3375489171600279
2014-05-27,41.750925,-71.445057,0.5655843858680146
2014-05-28,41.750925,-71.445057,0.6005243085131591
2014-05-29,41.750925,-71.445057,0.0
2014-05-30,41.750925,-71.445057,0.13154072875739056
2014-05-31,41.750925,-71.445057,4.229412579728873
2014-06-01,41.750925,-71.445057,0.0
2014-06-02,41.750925,-71.445057,0.0
2014-06-03,41.750925,-71.445057,0.0
2014-06-04,41.750925,-71.445057,0.930621136477278
2014-06-05,41.750925,-71.445057,6.970804603811948
2014-06-06,41.750925,-71.445057,0.0
2014-06-07,41.750925,-71.445057,0.0
2014-06-08,41.750925,-71.445057,0.8404062256992332
2014-06-09,41.750925,-71.445057,2.929970485869864
2014-06-10,41.750925,-71.445057,2.910106083277013
2014-06-11,41.750925,-71.445057,0.898242816169427
2014-06-12,41.750925,-71.445057,1.0250683554573465
2014-06-13,41.750925,-71.445057,13.01739086634263
2014-06-14,41.750925,-71.445057,0.21984264971156492
2014-06-15,41.750925,-71.445057,0.0
2014-06-16,41.750925,-71.445057,0.002066224640848981
2014-06-17,41.750925,-71.445057,0.0005122804380429891
2014-06-18,41.750925,-71.445057,0.16097218482277703
2014-06-19,41.750925,-71.445057,9.142280833702292
2014-06-20,41.750925,-71.445057,0.0
2014-06-21,41.750925,-71.445057,0.0
2014-06-22,41.750925,-71.445057,0.0
2014-06-23,41.750925,-71.445057,0.0
2014-06-24,41.750925,-71.445057,0.0
2014-06-25,41.750925,-71.445057,0.3567958960295905
2014-06-26,41.750925,-71.445057,5.524331169122437
2014-06-27,41.750925,-71.445057,0.0
2014-06-28,41.750925,-71.445057,0.0
2014-06-29,41.750925,-71.445057,0.0
2014-06-30,41.750925,-71.445057,0.11613869255384406
2014-07-01,41.750925,-71.445057,0.14506762655106523
2014-07-02,41.750925,-71.445057,0.0
2014-07-03,41.750925,-71.445057,0.052353262539117006
2014-07-04,41.750925,-71.445057,67.88590502839239
2014-07-05,41.750925,-71.445057,7.986098629362529
2014-07-06,41.750925,-71.445057,0.0
2014-07-07,41.750925,-71.445057,0.0007399999834502126
2014-07-08,41.750925,-71.445057,0.20015347891355242
2014-07-09,41.750925,-71.445057,0.009662783363897793
2014-07-10,41.750925,-71.445057,1.1112799363818044
2014-07-11,41.750925,-71.445057,4.613104806179722
2014-07-12,41.750925,-71.445057,0.0
2014-07-13,41.750925,-71.445057,0.002691880606770622
2014-07-14,41.750925,-71.445057,4.5377253824116535
2014-07-15,41.750925,-71.445057,5.734240452570921
2014-07-16,41.750925,-71.445057,17.961793533150377
2014-07-17,41.750925,-71.445057,4.444894008474974
2014-07-18,41.750925,-71.445057,0.0
2014-07-19,41.750925,-71.445057,1.5025536701301763
2014-07-20,41.750925,-71.445057,2.1050681027347613
2014-07-21,41.750925,-71.445057,0.0917330193617948
2014-07-22,41.750925,-71.445057,0.0
2014-07-23,41.750925,-71.445057,0.05620426447056865
2014-07-24,41.750925,-71.445057,0.5473679976091989
2014-07-25,41.750925,-71.445057,0.0
2014-07-26,41.750925,-71.445057,0.7443016116005917
2014-07-27,41.750925,-71.445057,1.423764492096407
2014-07-28,41.750925,-71.445057,5.1945188509992315
2014-07-29,41.750925,-71.445057,0.0
2014-07-30,41.750925,-71.445057,0.0
2014-07-31,41.750925,-71.445057,0.0
2014-08-01,41.750925,-71.445057,0.665337228108082
2014-08-02,41.750925,-71.445057,41.06726852529633
2014-08-03,41.750925,-71.445057,5.84741045668057
2014-08-04,41.750925,-71.445057,0.008809790745198505
2014-08-05,41.750925,-71.445057,0.0
2014-08-06,41.750925,-71.445057,1.5252400684291436
2014-08-07,41.750925,-71.445057,2.3600348362642305
2014-08-08,41.750925,-71.445057,0.0
2014-08-09,41.750925,-71.445057,0.0
2014-08-10,41.750925,-71.445057,0.0
2014-08-11,41.750925,-71.445057,0.0
2014-08-12,41.750925,-71.445057,0.3178248883487273
2014-08-13,41.750925,-71.445057,26.58652295417788
2014-08-14,41.750925,-71.445057,0.0
2014-08-15,41.750925,-71.445057,0.0
2014-08-16,41.750925,-71.445057,0.16617909491069988
2014-08-17,41.750925,-71.445057,1.886820970707998
2014-08-18,41.750925,-71.445057,0.0
2014-08-19,41.750925,-71.445057,0.0
2014-08-20,41.750925,-71.445057,0.0
2014-08-21,41.750925,-71.445057,0.12433318237350201
2014-08-22,41.750925,-71.445057,2.4846136990679613
2014-08-23,41.750925,-71.445057,0.7895071272095222
2014-08-24,41.750925,-71.445057,0.0
2014-08-25,41.750925,-71.445057,0.0
2014-08-26,41.750925,-71.445057,0.0
2014-08-27,41.750925,-71.445057,0.0
2014-08-28,41.750925,-71.445057,0.025015749653189978
2014-08-29,41.750925,-71.445057,0.0
2014-08-30,41.750925,-71.445057,0.0
2014-08-31,41.750925,-71.445057,3.960077447669044
2014-09-01,41.750925,-71.445057,3.661936117969697
2014-09-02,41.750925,-71.445057,0.0009788656586140496
2014-09-03,41.750925,-71.445057,0.0007341492439605372
2014-09-04,41.750925,-71.445057,0.0
2014-09-05,41.750925,-71.445057,0.0
2014-09-06,41.750925,-71.445057,0.05411045180940801
2014-09-07,41.750925,-71.445057,2.1429855238568822
2014-09-08,41.750925,-71.445057,0.1006668033174592
2014-09-09,41.750925,-71.445057,0.8369396148098276
2014-09-10,41.750925,-71.445057,0.0
2014-09-11,41.750925,-71.445057,0.0527093792942981
2014-09-12,41.750925,-71.445057,0.0
2014-09-13,41.750925,-71.445057,5.782440703735253
2014-09-14,41.750925,-71.445057,0.5549556605135608
2014-09-15,41.750925,-71.445057,0.0
2014-09-16,41.750925,-71.445057,0.009662783363897793
2014-09-17,41.750925,-71.445057,0.0
2014-09-18,41.750925,-71.445057,0.0
2014-09-19,41.750925,-71.445057,0.028342131323916924
2014-09-20,41.750925,-71.445057,0.0
2014-09-21,41.750925,-71.445057,2.211998629062837
2014-09-22,41.750925,-71.445057,0.22747847564425933
2014-09-23,41.750925,-71.445057,0.018924064374672648
2014-09-24,41.750925,-71.445057,0.0
2014-09-25,41.750925,-71.445057,6.143203659694534
2014-09-26,41.750925,-71.445057,0.2686981302267226
2014-09-27,41.750925,-71.445057,0.0
2014-09-28,41.750925,-71.445057,0.0
2014-09-29,41.750925,-71.445057,1.0050665274459103
2014-09-30,41.750925,-71.445057,8.207145348812102
2014-10-01,41.750925,-71.445057,18.188637766065227
2014-10-02,41.750925,-71.445057,1.8023948875144287
2014-10-03,41.750925,-71.445057,0.09418066598393939
2014-10-04,41.750925,-71.445057,2.596814039560059
2014-10-05,41.750925,-71.445057,0.0
2014-10-06,41.750925,-71.445057,0.0
2014-10-07,41.750925,-71.445057,0.14487449810018496
2014-10-08,41.750925,-71.445057,4.220118007655682
2014-10-09,41.750925,-71.445057,0.0
2014-10-10,41.750925,-71.445057,0.029722497490238236
2014-10-11,41.750925,-71.445057,19.008641245986233
2014-10-12,41.750925,-71.445057,0.0
2014-10-13,41.750925,-71.445057,0.0
2014-10-14,41.750925,-71.445057,0.0
2014-10-15,41.750925,-71.445057,0.0
2014-10-16,41.750925,-71.445057,28.286509817902584
2014-10-17,41.750925,-71.445057,6.189174970888264
2014-10-18,41.750925,-71.445057,0.00014622469591017153
2014-10-19,41.750925,-71.445057,0.0
2014-10-20,41.750925,-71.445057,0.0
2014-10-21,41.750925,-71.445057,0.2856734869009616
2014-10-22,41.750925,-71.445057,21.256054225294378
2014-10-23,41.750925,-71.445057,18.810877157399904
2014-10-24,41.750925,-71.445057,0.014616533253173447
2014-10-25,41.750925,-71.445057,0.007001696397553877
2014-10-26,41.750925,-71.445057,0.04238130039447341
2014-10-27,41.750925,-71.445057,0.0
2014-10-28,41.750925,-71.445057,0.00018043047411536029
2014-10-29,41.750925,-71.445057,0.5115963307674941
2014-10-30,41.750925,-71.445057,0.2302350739800429
2014-10-31,41.750925,-71.445057,0.16018846179685697
2014-11-01,41.750925,-71.445057,12.301557712071613
2014-11-02,41.750925,-71.445057,8.628929324005696
2014-11-03,41.750925,-71.445057,0.0
2014-11-04,41.750925,-71.445057,0.005178889661226389
2014-11-05,41.750925,-71.445057,0.28806159720357655
2014-11-06,41.750925,-71.445057,10.483276523375906
2014-11-07,41.750925,-71.445057,4.9132082000818516
2014-11-08,41.750925,-71.445057,0.0
2014-11-09,41.750925,-71.445057,0.0005275828571045022
2014-11-10,41.750925,-71.445057,0.0
2014-11-11,41.750925,-71.445057,0.0
2014-11-12,41.750925,-71.445057,0.0
2014-11-13,41.750925,-71.445057,0.053649661162042665
2014-11-14,41.750925,-71.445057,4.415879986440649
2014-11-15,41.750925,-71.445057,0.0
2014-11-16,41.750925,-71.445057,0.004755283473587778
2014-11-17,41.750925,-71.445057,35.71281856774933
2014-11-18,41.750925,-71.445057,1.968433693930967
2014-11-19,41.750925,-71.445057,0.0
2014-11-20,41.750925,-71.445057,0.012295242556790952
2014-11-21,41.750925,-71.445057,0.0012258667881336032
2014-11-22,41.750925,-71.445057,0.0
2014-11-23,41.750925,-71.445057,0.05988489321908457
2014-11-24,41.750925,-71.445057,15.363373176076252
2014-11-25,41.750925,-71.445057,1.40878711556476
2014-11-26,41.750925,-71.445057,57.166308525290766
2014-11-27,41.750925,-71.445057,3.71866162211108
2014-11-28,41.750925,-71.445057,0.0
2014-11-29,41.750925,-71.445057,0.0
2014-11-30,41.750925,-71.445057,0.048357880249558144
2014-12-01,41.750925,-71.445057,0.10315918621285824
2014-12-02,41.750925,-71.445057,2.486618594656685
2014-12-03,41.750925,-71.445057,4.002042418788345
2014-12-04,41.750925,-71.445057,0.0
2014-12-05,41.750925,-71.445057,0.11509379726236373
2014-12-06,41.750925,-71.445057,14.734122215460651
2014-12-07,41.750925,-71.445057,20.633234882964302
2014-12-08,41.750925,-71.445057,0.0
2014-12-09,41.750925,-71.445057,69.67196996078167
2014-12-10,41.750925,-71.445057,2.5686943355481713
2014-12-11,41.750925,-71.445057,0.03055828757545813
2014-12-12,41.750925,-71.445057,0.0
2014-12-13,41.750925,-71.445057,0.0
2014-12-14,41.750925,-71.445057,0.0
2014-12-15,41.750925,-71.445057,0.0
2014-12-16,41.750925,-71.445057,0.015816264166384764
2014-12-17,41.750925,-71.445057,12.583018679388063
2014-12-18,41.750925,-71.445057,0.0
2014-12-19,41.750925,-71.445057,0.0
2014-12-20,41.750925,-71.445057,0.0
2014-12-21,41.750925,-71.445057,0.16010712936589422
2014-12-22,41.750925,-71.445057,0.0
2014-12-23,41.750925,-71.445057,2.695440708098636
2014-12-24,41.750925,-71.445057,19.01509844507799
2014-12-25,41.750925,-71.445057,27.354777809514577
2014-12-26,41.750925,-71.445057,0.0
2014-12-27,41.750925,-71.445057,0.0
2014-12-28,41.750925,-71.445057,4.976664921746406
2014-12-29,41.750925,-71.445057,4.048587067230894
2014-12-30,41.750925,-71.445057,0.0
2014-12-31,41.750925,-71.445057,0.0
2015-01-01,41.750925,-71.445057,0.0
2015-01-02,41.750925,-71.445057,0.0
2015-01-03,41.750925,-71.445057,3.376876122637525
2015-01-04,41.750925,-71.445057,27.117609258759035
2015-01-05,41.750925,-71.445057,5.840606782621235
2015-01-06,41.750925,-71.445057,1.437551945413291
2015-01-07,41.750925,-71.445057,0.0
2015-01-08,41.750925,-71.445057,0.0
2015-01-09,41.750925,-71.445057,0.35938226319819033
2015-01-10,41.750925,-71.445057,0.0
2015-01-11,41.750925,-71.445057,0.0
2015-01-12,41.750925,-71.445057,17.178202137996628
2015-01-13,41.750925,-71.445057,4.444921896444591
2015-01-14,41.750925,-71.445057,0.019316351775095286
2015-01-15,41.750925,-71.445057,0.0
2015-01-16,41.750925,-71.445057,0.28358732884917714
2015-01-17,41.750925,-71.445057,0.0
2015-01-18,41.750925,-71.445057,1.203939831190669
2015-01-19,41.750925,-71.445057,16.66355244013075
2015-01-20,41.750925,-71.445057,0.03767226779697712
2015-01-21,41.750925,-71.445057,0.0
2015-01-22,41.750925,-71.445057,0.0
2015-01-23,41.750925,-71.445057,0.0
2015-01-24,41.750925,-71.445057,25.631144105929796
2015-01-25,41.750925,-71.445057,0.0004225494939456736
2015-01-26,41.750925,-71.445057,2.9009716921410265
2015-01-27,41.750925,-71.445057,18.04203710909886
2015-01-28,41.750925,-71.445057,0.13506485431233517
2015-01-29,41.750925,-71.445057,0.0
2015-01-30,41.750925,-71.445057,4.903701104273302
2015-01-31,41.750925,-71.445057,0.0026209824288236636
2015-02-01,41.750925,-71.445057,0.0
2015-02-02,41.750925,-71.445057,13.22251613708832
2015-02-03,41.750925,-71.445057,0.0
2015-02-04,41.750925,-71.445057,0.0
2015-02-05,41.750925,-71.445057,0.0005344371397252915
2015-02-06,41.750925,-71.445057,0.0
2015-02-07,41.750925,-71.445057,0.21755489782055779
2015-02-08,41.750925,-71.445057,5.385620024889655
2015-02-09,41.750925,-71.445057,7.489012700654004
2015-02-10,41.750925,-71.445057,0.44281562285836185
2015-02-11,41.750925,-71.445057,0.0012944096134903564
2015-02-12,41.750925,-71.445057,0.0
2015-02-13,41.750925,-71.445057,0.0
2015-02-14,41.750925,-71.445057,1.9585927856633716
2015-02-15,41.750925,-71.445057,0.005443182718582677
2015-02-16,41.750925,-71.445057,0.0
2015-02-17,41.750925,-71.445057,0.3242647647637691
2015-02-18,41.750925,-71.445057,0.0
2015-02-19,41.750925,-71.445057,0.0
2015-02-20,41.750925,-71.445057,0.0
2015-02-21,41.750925,-71.445057,5.28061665563853
2015-02-22,41.750925,-71.445057,29.0423534022829
2015-02-23,41.750925,-71.445057,0.08834261926285805
2015-02-24,41.750925,-71.445057,0.0
2015-02-25,41.750925,-71.445057,0.1583239421850369
2015-02-26,41.750925,-71.445057,0.022734097832014827
2015-02-27,41.750925,-71.445057,0.0
2015-02-28,41.750925,-71.445057,0.0
2015-03-01,41.750925,-71.445057,4.052636105616871
2015-03-02,41.750925,-71.445057,2.5715151587397025
2015-03-03,41.750925,-71.445057,0.8049143118676241
2015-03-04,41.750925,-71.445057,16.454314588933187
2015-03-05,41.750925,-71.445057,23.829867658191958
2015-03-06,41.750925,-71.445057,0.808747126747328
2015-03-07,41.750925,-71.445057,0.00048590238807522075
2015-03-08,41.750925,-71.445057,0.0
2015-03-09,41.750925,-71.445057,0.0
2015-03-10,41.750925,-71.445057,0.9039033880962203
2015-03-11,41.750925,-71.445057,6.795700809037826
2015-03-12,41.750925,-71.445057,0.0
2015-03-13,41.750925,-71.445057,0.0
2015-03-14,41.750925,-71.445057,22.75772145520601
2015-03-15,41.750925,-71.445057,1.9799856376990614
2015-03-16,41.750925,-71.445057,0.025531111899809725
2015-03-17,41.750925,-71.445057,3.356755472307855
2015-03-18,41.750925,-71.445057,0.00018271523498895672
2015-03-19,41.750925,-71.445057,0.0004894328293070248
2015-03-20,41.750925,-71.445057,1.8715133126401295
2015-03-21,41.750925,-71.445057,0.667055906888344
2015-03-22,41.750925,-71.445057,4.56952174719286e-06
2015-03-23,41.750925,-71.445057,0.0009788656586140496
2015-03-24,41.750925,-71.445057,0.0
2015-03-25,41.750925,-71.445057,0.4956679842212897
2015-03-26,41.750925,-71.445057,5.998490940276601
2015-03-27,41.750925,-71.445057,6.689993402483847
2015-03-28,41.750925,-71.445057,0.3819488984534044
2015-03-29,41.750925,-71.445057,0.023545166495984846
2015-03-30,41.750925,-71.445057,0.602255607862058
2015-03-31,41.750925,-71.445057,0.0506747291477207
2015-04-01,41.750925,-71.445057,0.08476260078894682
2015-04-02,41.750925,-71.445057,0.0004505213956055271
2015-04-03,41.750925,-71.445057,16.215674177687593
2015-04-04,41.750925,-71.445057,3.6857663903487197
2015-04-05,41.750925,-71.445057,0.0034773336244581137
2015-04-06,41.750925,-71.445057,0.47736925983012696
2015-04-07,41.750925,-71.445057,4.12576464384834
2015-04-08,41.750925,-71.445057,0.25058890886141266
2015-04-09,41.750925,-71.445057,5.338224139494421
2015-04-10,41.750925,-71.445057,6.290781814697987
2015-04-11,41.750925,-71.445057,1.6282352151982982
2015-04-12,41.750925,-71.445057,0.0
2015-04-13,41.750925,-71.445057,0.0
2015-04-14,41.750925,-71.445057,1.828496047863532
2015-04-15,41.750925,-71.445057,0.17678292726773248
2015-04-16,41.750925,-71.445057,0.0
2015-04-17,41.750925,-71.445057,8.69830401272752
2015-04-18,41.750925,-71.445057,0.0
2015-04-19,41.750925,-71.445057,0.0
2015-04-20,41.750925,-71.445057,9.821991949706247
2015-04-21,41.750925,-71.445057,3.4110337744742485
2015-04-22,41.750925,-71.445057,0.8778213411825331
2015-04-23,41.750925,-71.445057,4.225994255330312
2015-04-24,41.750925,-71.445057,0.0
2015-04-25,41.750925,-71.445057,0.0
2015-04-26,41.750925,-71.445057,0.0
2015-04-27,41.750925,-71.445057,0.14011943290889065
2015-04-28,41.750925,-71.445057,0.0
2015-04-29,41.750925,-71.445057,0.3861110495926033
2015-04-30,41.750925,-71.445057,0.7166826058636788
2015-05-01,41.750925,-71.445057,0.12830806253760824
2015-05-02,41.750925,-71.445057,0.0
2015-05-03,41.750925,-71.445057,0.12830806253760824
2015-05-04,41.750925,-71.445057,0.0
2015-05-05,41.750925,-71.445057,0.7975119167397602
2015-05-06,41.750925,-71.445057,0.8915329173305958
2015-05-07,41.750925,-71.445057,0.0
2015-05-08,41.750925,-71.445057,0.0
2015-05-09,41.750925,-71.445057,0.0
2015-05-10,41.750925,-71.445057,0.0
2015-05-11,41.750925,-71.445057,0.0
2015-05-12,41.750925,-71.445057,0.15215736967582957
2015-05-13,41.750925,-71.445057,0.0
2015-05-14,41.750925,-71.445057,0.0
2015-05-15,41.750925,-71.445057,0.13739730941885417
2015-05-16,41.750925,-71.445057,0.0
2015-05-17,41.750925,-71.445057,3.2080933957754447
2015-05-18,41.750925,-71.445057,0.0
2015-05-19,41.750925,-71.445057,7.7043997886912345
2015-05-20,41.750925,-71.445057,9.150236119634956
2015-05-21,41.750925,-71.445057,1.0768848854535242
2015-05-22,41.750925,-71.445057,0.6234376169438522
2015-05-23,41.750925,-71.445057,0.0
2015-05-24,41.750925,-71.445057,0.0
2015-05-25,41.750925,-71.445057,0.2769207664028997
2015-05-26,41.750925,-71.445057,0.43207918501516607
2015-05-27,41.750925,-71.445057,0.0808765335451919
2015-05-28,41.750925,-71.445057,0.0036707460830567307
2015-05-29,41.750925,-71.445057,0.0
2015-05-30,41.750925,-71.445057,0.0
2015-05-31,41.750925,-71.445057,29.78580504051268
2015-06-01,41.750925,-71.445057,4.43788912000186
2015-06-02,41.750925,-71.445057,11.462905165365859
2015-06-03,41.750925,-71.445057,0.15992887787091178
2015-06-04,41.750925,-71.445057,0.0
2015-06-05,41.750925,-71.445057,2.2397242004929163
2015-06-06,41.750925,-71.445057,0.5930664288653987
2015-06-07,41.750925,-71.445057,0.0
2015-06-08,41.750925,-71.445057,1.8883434035985684
2015-06-09,41.750925,-71.445057,0.2954106979237712
2015-06-10,41.750925,-71.445057,0.0
2015-06-11,41.750925,-71.445057,2.132698204624009
2015-06-12,41.750925,-71.445057,0.0911486072526615
2015-06-13,41.750925,-71.445057,0.05389515300825898
2015-06-14,41.750925,-71.445057,0.0003625909357997712
2015-06-15,41.750925,-71.445057,35.78195163153637
2015-06-16,41.750925,-71.445057,0.5512033878882859
2015-06-17,41.750925,-71.445057,1.3413287366569393
2015-06-18,41.750925,-71.445057,0.043824712112933456
2015-06-19,41.750925,-71.445057,0.14289869026379903
2015-06-20,41.750925,-71.445057,0.06737446331604655
2015-06-21,41.750925,-71.445057,17.054750470229013
2015-06-22,41.750925,-71.445057,0.0
2015-06-23,41.750925,-71.445057,8.877423416802925
2015-06-24,41.750925,-71.445057,1.1082912236642675
2015-06-25,41.750925,-71.445057,0.15435529741821613
2015-06-26,41.750925,-71.445057,0.8040966997656711
2015-06-27,41.750925,-71.445057,5.235567343273937
2015-06-28,41.750925,-71.445057,29.020042451378977
2015-06-29,41.750925,-71.445057,0.0
2015-06-30,41.750925,-71.445057,0.0
2015-07-01,41.750925,-71.445057,13.010111077395473
2015-07-02,41.750925,-71.445057,0.017797846506923152
2015-07-03,41.750925,-71.445057,2.190566342486066
2015-07-04,41.750925,-71.445057,0.1447314282102785
2015-07-05,41.750925,-71.445057,0.0
2015-07-06,41.750925,-71.445057,0.4192602050406478
2015-07-07,41.750925,-71.445057,0.003181313344913676
2015-07-08,41.750925,-71.445057,3.4957069696989125
2015-07-09,41.750925,-71.445057,0.8744190608119613
2015-07-10,41.750925,-71.445057,2.8303707050062092
2015-07-11,41.750925,-71.445057,0.0
2015-07-12,41.750925,-71.445057,0.014127100423866421
2015-07-13,41.750925,-71.445057,1.2033135665326595
2015-07-14,41.750925,-71.445057,2.007981952092394
2015-07-15,41.750925,-71.445057,17.5315002108584
2015-07-16,41.750925,-71.445057,0.684788241464774
2015-07-17,41.750925,-71.445057,0.0
2015-07-18,41.750925,-71.445057,0.47998506191346885
2015-07-19,41.750925,-71.445057,0.07873120514914224
2015-07-20,41.750925,-71.445057,1.2877948998116304
2015-07-21,41.750925,-71.445057,0.753753708335663
2015-07-22,41.750925,-71.445057,3.3885779488477934
2015-07-23,41.750925,-71.445057,0.0
2015-07-24,41.750925,-71.445057,3.180758722524992
2015-07-25,41.750925,-71.445057,0.0
2015-07-26,41.750925,-71.445057,0.8754234551513501
2015-07-27,41.750925,-71.445057,13.995316548902432
2015-07-28,41.750925,-71.445057,1.2507643108019064
2015-07-29,41.750925,-71.445057,0.0
2015-07-30,41.750925,-71.445057,4.9527506170369495
2015-07-31,41.750925,-71.445057,2.197619760157668
2015-08-01,41.750925,-71.445057,0.010033373866851727
2015-08-02,41.750925,-71.445057,0.0
2015-08-03,41.750925,-71.445057,0.0
2015-08-04,41.750925,-71.445057,25.779715402474743
2015-08-05,41.750925,-71.445057,0.0
2015-08-06,41.750925,-71.445057,0.0
2015-08-07,41.750925,-71.445057,0.0
2015-08-08,41.750925,-71.445057,0.0
2015-08-09,41.750925,-71.445057,0.4886625003607002
2015-08-10,41.750925,-71.445057,0.0
2015-08-11,41.750925,-71.445057,45.85721482456813
2015-08-12,41.750925,-71.445057,1.8028934604985345
2015-08-13,41.750925,-71.445057,0.0
2015-08-14,41.750925,-71.445057,0.0
2015-08-15,41.750925,-71.445057,0.0
2015-08-16,41.750925,-71.445057,0.6013143330015991
2015-08-17,41.750925,-71.445057,0.0
2015-08-18,41.750925,-71.445057,1.4006145142395539
2015-08-19,41.750925,-71.445057,0.0
2015-08-20,41.750925,-71.445057,0.0
2015-08-21,41.750925,-71.445057,0.8041772750864398
2015-08-22,41.750925,-71.445057,0.0
2015-08-23,41.750925,-71.445057,0.2536737132362742
2015-08-24,41.750925,-71.445057,0.0
2015-08-25,41.750925,-71.445057,0.08006727324818869
2015-08-26,41.750925,-71.445057,0.0002447164146535124
2015-08-27,41.750925,-71.445057,0.0
2015-08-28,41.750925,-71.445057,0.0
2015-08-29,41.750925,-71.445057,0.0
2015-08-30,41.750925,-71.445057,0.10973637834948166
2015-08-31,41.750925,-71.445057,0.041322574519782815
2015-09-01,41.750925,-71.445057,0.0
2015-09-02,41.750925,-71.445057,0.0
2015-09-03,41.750925,-71.445057,0.0537571004151975
2015-09-04,41.750925,-71.445057,0.31990910767846853
2015-09-05,41.750925,-71.445057,0.0
2015-09-06,41.750925,-71.445057,0.0
2015-09-07,41.750925,-71.445057,0.0
2015-09-08,41.750925,-71.445057,0.0
2015-09-09,41.750925,-71.445057,0.0
2015-09-10,41.750925,-71.445057,24.649371613278795
2015-09-11,41.750925,-71.445057,18.28116427187094
2015-09-12,41.750925,-71.445057,0.0
2015-09-13,41.750925,-71.445057,13.898970493904667
2015-09-14,41.750925,-71.445057,0.0007410035265813265
2015-09-15,41.750925,-71.445057,0.0
2015-09-16,41.750925,-71.445057,0.0
2015-09-17,41.750925,-71.445057,0.0
2015-09-18,41.750925,-71.445057,0.0
2015-09-19,41.750925,-71.445057,0.0
2015-09-20,41.750925,-71.445057,0.0
2015-09-21,41.750925,-71.445057,0.0
2015-09-22,41.750925,-71.445057,0.0006846109168482667
2015-09-23,41.750925,-71.445057,0.00021982618227104532
2015-09-24,41.750925,-71.445057,0.0
2015-09-25,41.750925,-71.445057,0.0
2015-09-26,41.750925,-71.445057,4.56952174719286e-06
2015-09-27,41.750925,-71.445057,0.0
2015-09-28,41.750925,-71.445057,0.0
2015-09-29,41.750925,-71.445057,0.0
2015-09-30,41.750925,-71.445057,56.211928105279654
2015-10-01,41.750925,-71.445057,3.9725002812366754
2015-10-02,41.750925,-71.445057,29.066396649516157
2015-10-03,41.750925,-71.445057,2.423789191756577
2015-10-04,41.750925,-71.445057,0.0
2015-10-05,41.750925,-71.445057,0.0004894328293070248
2015-10-06,41.750925,-71.445057,0.0
2015-10-07,41.750925,-71.445057,0.03443153368740191
2015-10-08,41.750925,-71.445057,0.09418066598393939
2015-10-09,41.750925,-71.445057,6.3599649245165555
2015-10-10,41.750925,-71.445057,0.5962564871259178
2015-10-11,41.750925,-71.445057,0.0
2015-10-12,41.750925,-71.445057,0.0
2015-10-13,41.750925,-71.445057,13.710749193841005
2015-10-14,41.750925,-71.445057,0.00470903347462214
2015-10-15,41.750925,-71.445057,0.0
2015-10-16,41.750925,-71.445057,0.0
2015-10-17,41.750925,-71.445057,0.0
2015-10-18,41.750925,-71.445057,0.0
2015-10-19,41.750925,-71.445057,0.0
2015-10-20,41.750925,-71.445057,0.029423171969471903
2015-10-21,41.750925,-71.445057,0.1481360833704216
2015-10-22,41.750925,-71.445057,0.02661191249911826
2015-10-23,41.750925,-71.445057,0.0366047637563734
2015-10-24,41.750925,-71.445057,0.0
2015-10-25,41.750925,-71.445057,2.595577003881192
2015-10-26,41.750925,-71.445057,0.0
2015-10-27,41.750925,-71.445057,0.0009788656586140496
2015-10-28,41.750925,-71.445057,5.284915145853189
2015-10-29,41.750925,-71.445057,13.713216993407654
2015-10-30,41.750925,-71.445057,0.0
2015-10-31,41.750925,-71.445057,0.0
2015-11-01,41.750925,-71.445057,7.695552402927116
2015-11-02,41.750925,-71.445057,0.0012327210711799625
2015-11-03,41.750925,-71.445057,0.0
2015-11-04,41.750925,-71.445057,0.0
2015-11-05,41.750925,-71.445057,0.0
2015-11-06,41.750925,-71.445057,0.01524928560069901
2015-11-07,41.750925,-71.445057,4.396523809204186e-05
2015-11-08,41.750925,-71.445057,0.00966506812477139
2015-11-09,41.750925,-71.445057,0.0
2015-11-10,41.750925,-71.445057,19.779936499005476
2015-11-11,41.750925,-71.445057,1.0785533676754067
2015-11-12,41.750925,-71.445057,1.760699816031019
2015-11-13,41.750925,-71.445057,4.56952174719286e-06
2015-11-14,41.750925,-71.445057,0.0
2015-11-15,41.750925,-71.445057,0.0
2015-11-16,41.750925,-71.445057,0.03241666443108293
2015-11-17,41.750925,-71.445057,0.0
2015-11-18,41.750925,-71.445057,0.0
2015-11-19,41.750925,-71.445057,0.45895086902791216
2015-11-20,41.750925,-71.445057,19.878647599257242
2015-11-21,41.750925,-71.445057,0.0
2015-11-22,41.750925,-71.445057,19.66659162202792
2015-11-23,41.750925,-71.445057,14.960855780642083
2015-11-24,41.750925,-71.445057,0.0
2015-11-25,41.750925,-71.445057,0.0
2015-11-26,41.750925,-71.445057,0.0
2015-11-27,41.750925,-71.445057,0.0
2015-11-28,41.750925,-71.445057,3.9734763995612834
2015-11-29,41.750925,-71.445057,0.1941751091192248
2015-11-30,41.750925,-71.445057,0.0
2015-12-01,41.750925,-71.445057,8.525968946308728
2015-12-02,41.750925,-71.445057,12.579722407014966
2015-12-03,41.750925,-71.445057,3.154180099215409
2015-12-04,41.750925,-71.445057,0.0
2015-12-05,41.750925,-71.445057,0.0
2015-12-06,41.750925,-71.445057,0.0
2015-12-07,41.750925,-71.445057,0.0
2015-12-08,41.750925,-71.445057,0.6144042453307
2015-12-09,41.750925,-71.445057,0.0
2015-12-10,41.750925,-71.445057,0.0
2015-12-11,41.750925,-71.445057,0.13656196988691624
2015-12-12,41.750925,-71.445057,0.024031068884060067
2015-12-13,41.750925,-71.445057,0.24500163289431315
2015-12-14,41.750925,-71.445057,0.05760370745062239
2015-12-15,41.750925,-71.445057,8.404202685683481
2015-12-16,41.750925,-71.445057,0.0
2015-12-17,41.750925,-71.445057,31.645427596045383
2015-12-18,41.750925,-71.445057,6.829150156774015
2015-12-19,41.750925,-71.445057,0.03767226779697712
2015-12-20,41.750925,-71.445057,0.0
2015-12-21,41.750925,-71.445057,0.6078750801995083
2015-12-22,41.750925,-71.445057,10.423809928293634
2015-12-23,41.750925,-71.445057,8.347566214186498
2015-12-24,41.750925,-71.445057,39.90647803408297
2015-12-25,41.750925,-71.445057,0.18424267168104727
2015-12-26,41.750925,-71.445057,1.4457135896238695
2015-12-27,41.750925,-71.445057,4.0335976579540835
2015-12-28,41.750925,-71.445057,2.491642309884552
2015-12-29,41.750925,-71.445057,24.664532494848373
2015-12-30,41.750925,-71.445057,0.005932615502307717
2015-12-31,41.750925,-71.445057,7.519810357745863
2016-01-01,41.750925,-71.445057,2.0209383216565366
2016-01-02,41.750925,-71.445057,0.0
2016-01-03,41.750925,-71.445057,0.0
2016-01-04,41.750925,-71.445057,0.0
2016-01-05,41.750925,-71.445057,0.0
2016-01-06,41.750925,-71.445057,0.0
2016-01-07,41.750925,-71.445057,0.0
2016-01-08,41.750925,-71.445057,0.0
2016-01-09,41.750925,-71.445057,0.1398940801784343
2016-01-10,41.750925,-71.445057,56.544835566709295
2016-01-11,41.750925,-71.445057,0.0
2016-01-12,41.750925,-71.445057,1.4976638766217159
2016-01-13,41.750925,-71.445057,0.044287073730184735
2016-01-14,41.750925,-71.445057,8.793047618408372e-05
2016-01-15,41.750925,-71.445057,0.000576117608754573
2016-01-16,41.750925,-71.445057,41.301229973764485
2016-01-17,41.750925,-71.445057,2.134987270002146
2016-01-18,41.750925,-71.445057,0.00013874999689691484
2016-01-19,41.750925,-71.445057,0.0
2016-01-20,41.750925,-71.445057,0.0
2016-01-21,41.750925,-71.445057,0.0
2016-01-22,41.750925,-71.445057,0.0
2016-01-23,41.750925,-71.445057,7.63023932978763
2016-01-24,41.750925,-71.445057,0.16789746298549102
2016-01-25,41.750925,-71.445057,0.019946895271378738
2016-01-26,41.750925,-71.445057,0.9218526945247782
2016-01-27,41.750925,-71.445057,0.03274221825267933
2016-01-28,41.750925,-71.445057,0.0
2016-01-29,41.750925,-71.445057,0.011230435995199408
2016-01-30,41.750925,-71.445057,0.0
2016-01-31,41.750925,-71.445057,0.0016093332456915857
2016-02-01,41.750925,-71.445057,1.0493350676137274
2016-02-02,41.750925,-71.445057,0.19802870415029256
2016-02-03,41.750925,-71.445057,12.718093650504168
2016-02-04,41.750925,-71.445057,27.434912930548716
2016-02-05,41.750925,-71.445057,48.43260920701234
2016-02-06,41.750925,-71.445057,0.0
2016-02-07,41.750925,-71.445057,0.0
2016-02-08,41.750925,-71.445057,12.798973419426945
2016-02-09,41.750925,-71.445057,0.08079115899829503
2016-02-10,41.750925,-71.445057,0.0
2016-02-11,41.750925,-71.445057,0.0
2016-02-12,41.750925,-71.445057,0.0
2016-02-13,41.750925,-71.445057,0.0641415357909045
2016-02-14,41.750925,-71.445057,0.0
2016-02-15,41.750925,-71.445057,0.04817620414066657
2016-02-16,41.750925,-71.445057,23.171644128338336
2016-02-17,41.750925,-71.445057,0.43371135312624703
2016-02-18,41.750925,-71.445057,0.0012235820276855767
2016-02-19,41.750925,-71.445057,0.0
2016-02-20,41.750925,-71.445057,0.0728207809831076
2016-02-21,41.750925,-71.445057,1.5993326540744894e-05
2016-02-22,41.750925,-71.445057,0.2575666295287712
2016-02-23,41.750925,-71.445057,0.6461310558689758
2016-02-24,41.750925,-71.445057,10.46962632381053
2016-02-25,41.750925,-71.445057,21.968675947102454
2016-02-26,41.750925,-71.445057,0.0
2016-02-27,41.750925,-71.445057,0.0
2016-02-28,41.750925,-71.445057,0.3486227813093398
2016-02-29,41.750925,-71.445057,1.5331089182456896
2016-03-01,41.750925,-71.445057,0.0005943956948922047
2016-03-02,41.750925,-71.445057,10.684238967095146
2016-03-03,41.750925,-71.445057,0.0
2016-03-04,41.750925,-71.445057,0.0014314296331352338
2016-03-05,41.750925,-71.445057,0.0
2016-03-06,41.750925,-71.445057,0.0
2016-03-07,41.750925,-71.445057,0.0
2016-03-08,41.750925,-71.445057,0.04545782256116518
2016-03-09,41.750925,-71.445057,0.44571160633263773
2016-03-10,41.750925,-71.445057,7.09618910476017
2016-03-11,41.750925,-71.445057,11.196122013241716
2016-03-12,41.750925,-71.445057,0.0
2016-03-13,41.750925,-71.445057,0.0
2016-03-14,41.750925,-71.445057,15.779203642481846
2016-03-15,41.750925,-71.445057,8.333856794080134
2016-03-16,41.750925,-71.445057,0.0
2016-03-17,41.750925,-71.445057,8.454639762019347
2016-03-18,41.750925,-71.445057,0.21790612446958002
2016-03-19,41.750925,-71.445057,0.0
2016-03-20,41.750925,-71.445057,0.0
2016-03-21,41.750925,-71.445057,1.3876319010775595
2016-03-22,41.750925,-71.445057,0.0
2016-03-23,41.750925,-71.445057,1.2988725704509532
2016-03-24,41.750925,-71.445057,0.23874988547405876
2016-03-25,41.750925,-71.445057,0.5817741902789338
2016-03-26,41.750925,-71.445057,0.0
2016-03-27,41.750925,-71.445057,0.0
2016-03-28,41.750925,-71.445057,19.84962780875862
2016-03-29,41.750925,-71.445057,0.0
2016-03-30,41.750925,-71.445057,0.028254200847732842
2016-03-31,41.750925,-71.445057,1.3708565241578578e-05
2016-04-01,41.750925,-71.445057,0.649103521395656
2016-04-02,41.750925,-71.445057,12.04683440959097
2016-04-03,41.750925,-71.445057,3.8138276336498538
2016-04-04,41.750925,-71.445057,3.805640584653544
2016-04-05,41.750925,-71.445057,0.0012235820276855767
2016-04-06,41.750925,-71.445057,0.00043965236454209064
2016-04-07,41.750925,-71.445057,34.23106171997737
2016-04-08,41.750925,-71.445057,0.0018432463209305577
2016-04-09,41.750925,-71.445057,0.004203589642879569
2016-04-10,41.750925,-71.445057,0.01470446372935753
2016-04-11,41.750925,-71.445057,0.019708029506134095
2016-04-12,41.750925,-71.445057,9.441891119161433
2016-04-13,41.750925,-71.445057,0.0
2016-04-14,41.750925,-71.445057,0.0
2016-04-15,41.750925,-71.445057,0.0
2016-04-16,41.750925,-71.445057,0.0
2016-04-17,41.750925,-71.445057,0.0
2016-04-18,41.750925,-71.445057,0.0012749918964800498
2016-04-19,41.750925,-71.445057,0.3255951811376724
2016-04-20,41.750925,-71.445057,0.0
2016-04-21,41.750925,-71.445057,0.0
2016-04-22,41.750925,-71.445057,0.8885859090490277
2016-04-23,41.750925,-71.445057,12.300150718198932
2016-04-24,41.750925,-71.445057,0.0
2016-04-25,41.750925,-71.445057,0.0009788656586140496
2016-04-26,41.750925,-71.445057,5.931371291873289
2016-04-27,41.750925,-71.445057,0.06270480776557813
2016-04-28,41.750925,-71.445057,0.2624893186622449
2016-04-29,41.750925,-71.445057,2.8249639378790636
2016-04-30,41.750925,-71.445057,0.18685990307543804
2016-05-01,41.750925,-71.445057,1.9917693244439565
2016-05-02,41.750925,-71.445057,1.8061746899960074
2016-05-03,41.750925,-71.445057,9.945175640046653
2016-05-04,41.750925,-71.445057,7.23869024996268
2016-05-05,41.750925,-71.445057,7.66444571592343
2016-05-06,41.750925,-71.445057,1.2298764538423215
2016-05-07,41.750925,-71.445057,0.5308505561393172
2016-05-08,41.750925,-71.445057,1.0472739656829415
2016-05-09,41.750925,-71.445057,0.0
2016-05-10,41.750925,-71.445057,0.0
2016-05-11,41.750925,-71.445057,0.0
2016-05-12,41.750925,-71.445057,0.0
2016-05-13,41.750925,-71.445057,7.628761301351973
2016-05-14,41.750925,-71.445057,6.23515791750667
2016-05-15,41.750925,-71.445057,1.2876686537094537
2016-05-16,41.750925,-71.445057,0.0
2016-05-17,41.750925,-71.445057,0.44194730170367214
2016-05-18,41.750925,-71.445057,0.06161852436860965
2016-05-19,41.750925,-71.445057,0.10409519704517245
2016-05-20,41.750925,-71.445057,0.0011608195174766525
2016-05-21,41.750925,-71.445057,0.8848474790309692
2016-05-22,41.750925,-71.445057,7.679601505096678
2016-05-23,41.750925,-71.445057,0.016514842928614156
2016-05-24,41.750925,-71.445057,4.802570796572765
2016-05-25,41.750925,-71.445057,0.2070786420618893
2016-05-26,41.750925,-71.445057,0.012482568712066338
2016-05-27,41.750925,-71.445057,0.0
2016-05-28,41.750925,-71.445057,0.01883613389848856
2016-05-29,41.750925,-71.445057,0.054194139980529424
2016-05-30,41.750925,-71.445057,20.398738863015883
2016-05-31,41.750925,-71.445057,1.1547395899292707
2016-06-01,41.750925,-71.445057,0.0
2016-06-02,41.750925,-71.445057,0.0
2016-06-03,41.750925,-71.445057,2.8728362264211365
2016-06-04,41.750925,-71.445057,0.0
2016-06-05,41.750925,-71.445057,3.5484266114439946
2016-06-06,41.750925,-71.445057,0.7488365252553526
2016-06-07,41.750925,-71.445057,7.539710670083276e-05
2016-06-08,41.750925,-71.445057,2.6256935774915284
2016-06-09,41.750925,-71.445057,0.0
2016-06-10,41.750925,-71.445057,0.01667708433966398
2016-06-11,41.750925,-71.445057,2.106738956128144
2016-06-12,41.750925,-71.445057,0.0
2016-06-13,41.750925,-71.445057,0.014861249667826959
2016-06-14,41.750925,-71.445057,0.0
2016-06-15,41.750925,-71.445057,0.0
2016-06-16,41.750925,-71.445057,0.3081006264885474
2016-06-17,41.750925,-71.445057,0.0
2016-06-18,41.750925,-71.445057,0.0013936277907736733
2016-06-19,41.750925,-71.445057,0.0
2016-06-20,41.750925,-71.445057,0.0
2016-06-21,41.750925,-71.445057,11.605494374180758
2016-06-22,41.750925,-71.445057,0.00030775667483345687
2016-06-23,41.750925,-71.445057,0.0
2016-06-24,41.750925,-71.445057,0.0
2016-06-25,41.750925,-71.445057,0.0
2016-06-26,41.750925,-71.445057,0.0
2016-06-27,41.750925,-71.445057,0.00043965236454209064
2016-06-28,41.750925,-71.445057,1.8396277192523607
2016-06-29,41.750925,-71.445057,0.5815103299228023
2016-06-30,41.750925,-71.445057,0.0
2016-07-01,41.750925,-71.445057,3.5521815797215557
2016-07-02,41.750925,-71.445057,11.042221832309648
2016-07-03,41.750925,-71.445057,0.056508401695465685
2016-07-04,41.750925,-71.445057,0.0
2016-07-05,41.750925,-71.445057,18.438854640086472
2016-07-06,41.750925,-71.445057,0.0
2016-07-07,41.750925,-71.445057,0.028237323092454036
2016-07-08,41.750925,-71.445057,0.0
2016-07-09,41.750925,-71.445057,0.054127689027153765
2016-07-10,41.750925,-71.445057,0.6872752463320935
2016-07-11,41.750925,-71.445057,0.0120505256407356
2016-07-12,41.750925,-71.445057,0.0
2016-07-13,41.750925,-71.445057,0.0
2016-07-14,41.750925,-71.445057,2.034791007699936
2016-07-15,41.750925,-71.445057,5.459979472506822
2016-07-16,41.750925,-71.445057,0.0
2016-07-17,41.750925,-71.445057,0.6661845994064066
2016-07-18,41.750925,-71.445057,1.2787105292901848
2016-07-19,41.750925,-71.445057,0.8619360175058124
2016-07-20,41.750925,-71.445057,0.0
2016-07-21,41.750925,-71.445057,0.0
2016-07-22,41.750925,-71.445057,0.0
2016-07-23,41.750925,-71.445057,7.656345229970633
2016-07-24,41.750925,-71.445057,0.18666011131015625
2016-07-25,41.750925,-71.445057,0.41334866235059275
2016-07-26,41.750925,-71.445057,3.989971232841529
2016-07-27,41.750925,-71.445057,0.0
2016-07-28,41.750925,-71.445057,0.0
2016-07-29,41.750925,-71.445057,15.686078865253453
2016-07-30,41.750925,-71.445057,0.0835563502857938
2016-07-31,41.750925,-71.445057,1.975723643073162
2016-08-01,41.750925,-71.445057,0.42265912313379855
2016-08-02,41.750925,-71.445057,17.29775541332575
2016-08-03,41.750925,-71.445057,0.0
2016-08-04,41.750925,-71.445057,0.0
2016-08-05,41.750925,-71.445057,0.0
2016-08-06,41.750925,-71.445057,0.10471853847681659
2016-08-07,41.750925,-71.445057,0.027705345317184632
2016-08-08,41.750925,-71.445057,0.0
2016-08-09,41.750925,-71.445057,0.0
2016-08-10,41.750925,-71.445057,7.238234863265518
2016-08-11,41.750925,-71.445057,0.004757568234461375
2016-08-12,41.750925,-71.445057,17.92989389256095
2016-08-13,41.750925,-71.445057,6.416141478703121
2016-08-14,41.750925,-71.445057,1.969917569073865
2016-08-15,41.750925,-71.445057,0.002823776321046748
2016-08-16,41.750925,-71.445057,0.5167478400476639
2016-08-17,41.750925,-71.445057,2.282433352988671
2016-08-18,41.750925,-71.445057,3.1172257325368715
2016-08-19,41.750925,-71.445057,0.0
2016-08-20,41.750925,-71.445057,0.0
2016-08-21,41.750925,-71.445057,0.0
2016-08-22,41.750925,-71.445057,9.73290049660798
2016-08-23,41.750925,-71.445057,0.0
2016-08-24,41.750925,-71.445057,0.0
2016-08-25,41.750925,-71.445057,0.0
2016-08-26,41.750925,-71.445057,0.05384392133264986
2016-08-27,41.750925,-71.445057,0.0
2016-08-28,41.750925,-71.445057,0.0
2016-08-29,41.750925,-71.445057,0.0
2016-08-30,41.750925,-71.445057,0.0
2016-08-31,41.750925,-71.445057,1.3745979928994854
2016-09-01,41.750925,-71.445057,23.758572665766167
2016-09-02,41.750925,-71.445057,0.0
2016-09-03,41.750925,-71.445057,0.02525818144414142
2016-09-04,41.750925,-71.445057,0.0
2016-09-05,41.750925,-71.445057,2.120041265563956
2016-09-06,41.750925,-71.445057,0.032376956303166
2016-09-07,41.750925,-71.445057,0.0
2016-09-08,41.750925,-71.445057,0.0
2016-09-09,41.750925,-71.445057,0.21157856344553108
2016-09-10,41.750925,-71.445057,0.06219629995157602
2016-09-11,41.750925,-71.445057,0.10049805175713
2016-09-12,41.750925,-71.445057,0.0
2016-09-13,41.750925,-71.445057,0.0
2016-09-14,41.750925,-71.445057,1.76459616597353
2016-09-15,41.750925,-71.445057,0.9653191883961624
2016-09-16,41.750925,-71.445057,0.0
2016-09-17,41.750925,-71.445057,0.0
2016-09-18,41.750925,-71.445057,2.3638901734997497
2016-09-19,41.750925,-71.445057,27.396956354074224
2016-09-20,41.750925,-71.445057,1.2281891332453274
2016-09-21,41.750925,-71.445057,0.0
2016-09-22,41.750925,-71.445057,0.0014682984879210745
2016-09-23,41.750925,-71.445057,0.0008353395319379591
2016-09-24,41.750925,-71.445057,0.13266399809385757
2016-09-25,41.750925,-71.445057,0.0
2016-09-26,41.750925,-71.445057,0.0
2016-09-27,41.750925,-71.445057,3.850989494509019
2016-09-28,41.750925,-71.445057,0.0
2016-09-29,41.750925,-71.445057,0.0
2016-09-30,41.750925,-71.445057,8.868285692742004
2016-10-01,41.750925,-71.445057,1.5440071071577293
2016-10-02,41.750925,-71.445057,0.052400376939106444
2016-10-03,41.750925,-71.445057,0.0
2016-10-04,41.750925,-71.445057,0.0
2016-10-05,41.750925,-71.445057,0.0
2016-10-06,41.750925,-71.445057,0.0
2016-10-07,41.750925,-71.445057,0.0
2016-10-08,41.750925,-71.445057,1.3562841543874646
2016-10-09,41.750925,-71.445057,84.92670413835116
2016-10-10,41.750925,-71.445057,0.5151841069917309
2016-10-11,41.750925,-71.445057,0.0
2016-10-12,41.750925,-71.445057,0.0
2016-10-13,41.750925,-71.445057,0.004718172518116526
2016-10-14,41.750925,-71.445057,0.0
2016-10-15,41.750925,-71.445057,0.0
2016-10-16,41.750925,-71.445057,0.0
2016-10-17,41.750925,-71.445057,1.3063397227492832
2016-10-18,41.750925,-71.445057,0.04039841981557498
2016-10-19,41.750925,-71.445057,0.0
2016-10-20,41.750925,-71.445057,0.0
2016-10-21,41.750925,-71.445057,1.7388200778783394
2016-10-22,41.750925,-71.445057,2.7299431103532474
2016-10-23,41.750925,-71.445057,0.42292073447226464
2016-10-24,41.750925,-71.445057,1.999426956607971
2016-10-25,41.750925,-71.445057,0.0
2016-10-26,41.750925,-71.445057,0.0
2016-10-27,41.750925,-71.445057,17.775900407820995
2016-10-28,41.750925,-71.445057,4.3223629244106085
2016-10-29,41.750925,-71.445057,0.7555380346397594
2016-10-30,41.750925,-71.445057,5.153503865963512
2016-10-31,41.750925,-71.445057,3.721559571793341
2016-11-01,41.750925,-71.445057,0.0
2016-11-02,41.750925,-71.445057,0.2557601175145944
2016-11-03,41.750925,-71.445057,1.697060957241126
2016-11-04,41.750925,-71.445057,0.16541021184615537
2016-11-05,41.750925,-71.445057,0.0
2016-11-06,41.750925,-71.445057,2.8912875077213855
2016-11-07,41.750925,-71.445057,0.0
2016-11-08,41.750925,-71.445057,0.0
2016-11-09,41.750925,-71.445057,0.6033036682079964
2016-11-10,41.750925,-71.445057,0.04910493635501364
2016-11-11,41.750925,-71.445057,0.0020269704248461343
2016-11-12,41.750925,-71.445057,0.0
2016-11-13,41.750925,-71.445057,0.0
2016-11-14,41.750925,-71.445057,0.0
2016-11-15,41.750925,-71.445057,35.62569915898618
2016-11-16,41.750925,-71.445057,0.0
2016-11-17,41.750925,-71.445057,0.0
2016-11-18,41.750925,-71.445057,0.0
2016-11-19,41.750925,-71.445057,4.112569487359596e-05
2016-11-20,41.750925,-71.445057,0.05559512169532711
2016-11-21,41.750925,-71.445057,0.6009908270997585
2016-11-22,41.750925,-71.445057,0.00941806694924428
2016-11-23,41.750925,-71.445057,0.0
2016-11-24,41.750925,-71.445057,1.0311359077244235
2016-11-25,41.750925,-71.445057,0.00017302140914972152
2016-11-26,41.750925,-71.445057,0.0
2016-11-27,41.750925,-71.445057,0.0022024476862996262
2016-11-28,41.750925,-71.445057,0.00014788904081687045
2016-11-29,41.750925,-71.445057,46.21169690771941
2016-11-30,41.750925,-71.445057,13.248367892663376
2016-12-01,41.750925,-71.445057,11.53869813753605
2016-12-02,41.750925,-71.445057,0.0
2016-12-03,41.750925,-71.445057,0.0
2016-12-04,41.750925,-71.445057,0.0
2016-12-05,41.750925,-71.445057,2.7856347822362344
2016-12-06,41.750925,-71.445057,0.0
2016-12-07,41.750925,-71.445057,2.4176015935771407
2016-12-08,41.750925,-71.445057,0.0
2016-12-09,41.750925,-71.445057,0.0
2016-12-10,41.750925,-71.445057,0.0
2016-12-11,41.750925,-71.445057,0.0
2016-12-12,41.750925,-71.445057,12.539290353815739
2016-12-13,41.750925,-71.445057,0.0002470011755271088
2016-12-14,41.750925,-71.445057,0.0
2016-12-15,41.750925,-71.445057,0.0
2016-12-16,41.750925,-71.445057,0.0
2016-12-17,41.750925,-71.445057,16.690649952264998
2016-12-18,41.750925,-71.445057,15.883169983163395
2016-12-19,41.750925,-71.445057,1.0949934151720084
2016-12-20,41.750925,-71.445057,0.0023067551954663187
2016-12-21,41.750925,-71.445057,9.13904349438572e-06
2016-12-22,41.750925,-71.445057,0.5595027100331408
2016-12-23,41.750925,-71.445057,0.0
2016-12-24,41.750925,-71.445057,17.511849669893017
2016-12-25,41.750925,-71.445057,0.0
2016-12-26,41.750925,-71.445057,0.02191002794950237
2016-12-27,41.750925,-71.445057,7.430431909391613
2016-12-28,41.750925,-71.445057,0.0
2016-12-29,41.750925,-71.445057,11.945188163418672
2016-12-30,41.750925,-71.445057,0.04709033299196969
2016-12-31,41.750925,-71.445057,0.7602921029111467
2017-01-01,41.750925,-71.445057,13.096423961021719
2017-01-02,41.750925,-71.445057,0.5999649384833277
2017-01-03,41.750925,-71.445057,24.263182718159687
2017-01-04,41.750925,-71.445057,8.433036230281079
2017-01-05,41.750925,-71.445057,0.0
2017-01-06,41.750925,-71.445057,0.21619299460061941
2017-01-07,41.750925,-71.445057,6.600364681084172
2017-01-08,41.750925,-71.445057,0.4301459741377991
2017-01-09,41.750925,-71.445057,0.0
2017-01-10,41.750925,-71.445057,0.016232601450229395
2017-01-11,41.750925,-71.445057,11.650548177706185
2017-01-12,41.750925,-71.445057,28.022338406248757
2017-01-13,41.750925,-71.445057,7.718103771862644
2017-01-14,41.750925,-71.445057,0.00032831952227025486
2017-01-15,41.750925,-71.445057,0.0
2017-01-16,41.750925,-71.445057,0.0
2017-01-17,41.750925,-71.445057,4.322118291192936
2017-01-18,41.750925,-71.445057,0.7232664358074995
2017-01-19,41.750925,-71.445057,0.025574580491698497
2017-01-20,41.750925,-71.445057,0.24486973717184787
2017-01-21,41.750925,-71.445057,0.0
2017-01-22,41.750925,-71.445057,0.048041351893468
2017-01-23,41.750925,-71.445057,4.627840800152483
2017-01-24,41.750925,-71.445057,43.860766444211016
2017-01-25,41.750925,-71.445057,4.799752906350811
2017-01-26,41.750925,-71.445057,0.018323558619261115
2017-01-27,41.750925,-71.445057,0.02587596247859094
2017-01-28,41.750925,-71.445057,0.0
2017-01-29,41.750925,-71.445057,0.0
2017-01-30,41.750925,-71.445057,0.0
2017-01-31,41.750925,-71.445057,0.3209641320818869
2017-02-01,41.750925,-71.445057,0.0
2017-02-02,41.750925,-71.445057,0.00494127488337751
2017-02-03,41.750925,-71.445057,0.1944698320721961
2017-02-04,41.750925,-71.445057,0.028254200847732842
2017-02-05,41.750925,-71.445057,0.003426029896313144
2017-02-06,41.750925,-71.445057,0.0003472836561912164
2017-02-07,41.750925,-71.445057,7.920906204786387
2017-02-08,41.750925,-71.445057,6.625602102519395
2017-02-09,41.750925,-71.445057,23.041563543763402
2017-02-10,41.750925,-71.445057,0.24450851799168777
2017-02-11,41.750925,-71.445057,1.7629151849315319
2017-02-12,41.750925,-71.445057,20.194561047558985
2017-02-13,41.750925,-71.445057,0.0
2017-02-14,41.750925,-71.445057,0.0
2017-02-15,41.750925,-71.445057,0.00032672080024302074
2017-02-16,41.750925,-71.445057,0.0
2017-02-17,41.750925,-71.445057,0.0
2017-02-18,41.750925,-71.445057,0.1235777601148876
2017-02-19,41.750925,-71.445057,0.7264287731887551
2017-02-20,41.750925,-71.445057,0.0
2017-02-21,41.750925,-71.445057,0.0
2017-02-22,41.750925,-71.445057,2.823644453358507
2017-02-23,41.750925,-71.445057,0.0
2017-02-24,41.750925,-71.445057,0.6550661738498496
2017-02-25,41.750925,-71.445057,1.799515316136183
2017-02-26,41.750925,-71.445057,9.311063236602758
2017-02-27,41.750925,-71.445057,0.0
2017-02-28,41.750925,-71.445057,0.001664273583838353
2017-03-01,41.750925,-71.445057,10.297070102385671
2017-03-02,41.750925,-71.445057,0.008470013696334867
2017-03-03,41.750925,-71.445057,0.0
2017-03-04,41.750925,-71.445057,0.0
2017-03-05,41.750925,-71.445057,0.0
2017-03-06,41.750925,-71.445057,0.0
2017-03-07,41.750925,-71.445057,5.42805748150442
2017-03-08,41.750925,-71.445057,14.5452569909504
2017-03-09,41.750925,-71.445057,0.0
2017-03-10,41.750925,-71.445057,2.496193131783302
2017-03-11,41.750925,-71.445057,0.0
2017-03-12,41.750925,-71.445057,0.0
2017-03-13,41.750925,-71.445057,0.0
2017-03-14,41.750925,-71.445057,32.652164594114744
2017-03-15,41.750925,-71.445057,0.0
2017-03-16,41.750925,-71.445057,0.0
2017-03-17,41.750925,-71.445057,0.00013189571427612556
2017-03-18,41.750925,-71.445057,0.039893790542757476
2017-03-19,41.750925,-71.445057,0.0423881546770942
2017-03-20,41.750925,-71.445057,0.0
2017-03-21,41.750925,-71.445057,0.0008416390093486867
2017-03-22,41.750925,-71.445057,0.0
2017-03-23,41.750925,-71.445057,0.0
2017-03-24,41.750925,-71.445057,5.504004843065837
2017-03-25,41.750925,-71.445057,5.905215687859226
2017-03-26,41.750925,-71.445057,0.4304434598333428
2017-03-27,41.750925,-71.445057,8.006217741084097
2017-03-28,41.750925,-71.445057,6.158328548135318
2017-03-29,41.750925,-71.445057,10.64639815772366
2017-03-30,41.750925,-71.445057,0.0
2017-03-31,41.750925,-71.445057,8.837370003408259
2017-04-01,41.750925,-71.445057,34.8335713704114
2017-04-02,41.750925,-71.445057,0.0
2017-04-03,41.750925,-71.445057,0.0
2017-04-04,41.750925,-71.445057,26.585382664823893
2017-04-05,41.750925,-71.445057,0.5253715543952289
2017-04-06,41.750925,-71.445057,25.15596456546685
2017-04-07,41.750925,-71.445057,0.025502897813212945
2017-04-08,41.750925,-71.445057,0.1656075467581792
2017-04-09,41.750925,-71.445057,0.0
2017-04-10,41.750925,-71.445057,2.8133349794744524
2017-04-11,41.750925,-71.445057,0.047427791557734335
2017-04-12,41.750925,-71.445057,0.568570257466113
2017-04-13,41.750925,-71.445057,0.11619811673584504
2017-04-14,41.750925,-71.445057,0.0
2017-04-15,41.750925,-71.445057,0.06315027542338959
2017-04-16,41.750925,-71.445057,2.6811358836986208
2017-04-17,41.750925,-71.445057,2.400319868318422
2017-04-18,41.750925,-71.445057,0.04205913567020324
2017-04-19,41.750925,-71.445057,1.0736878608470966
2017-04-20,41.750925,-71.445057,2.495380795016915
2017-04-21,41.750925,-71.445057,7.435331478306951
2017-04-22,41.750925,-71.445057,5.593687237976395
2017-04-23,41.750925,-71.445057,0.3743945140709636
2017-04-24,41.750925,-71.445057,0.20351644641199723
2017-04-25,41.750925,-71.445057,14.391946544896452
2017-04-26,41.750925,-71.445057,17.74860120074417
2017-04-27,41.750925,-71.445057,0.6331513322946615
2017-04-28,41.750925,-71.445057,10.348597120211762
2017-04-29,41.750925,-71.445057,1.331113134123057
2017-04-30,41.750925,-71.445057,0.20643423924872192
2017-05-01,41.750925,-71.445057,0.015304732511174358
2017-05-02,41.750925,-71.445057,14.03267283802422
2017-05-03,41.750925,-71.445057,0.0
2017-05-04,41.750925,-71.445057,0.0
2017-05-05,41.750925,-71.445057,22.07811756685475
2017-05-06,41.750925,-71.445057,20.845200886083056
2017-05-07,41.750925,-71.445057,0.8752497869497686
2017-05-08,41.750925,-71.445057,0.16377788948296465
2017-05-09,41.750925,-71.445057,2.408617281772787
2017-05-10,41.750925,-71.445057,0.748391910923041
2017-05-11,41.750925,-71.445057,0.0
2017-05-12,41.750925,-71.445057,0.0
2017-05-13,41.750925,-71.445057,4.885498741334785
2017-05-14,41.750925,-71.445057,10.211251460653582
2017-05-15,41.750925,-71.445057,6.917380218126405
2017-05-16,41.750925,-71.445057,0.0
2017-05-17,41.750925,-71.445057,0.22229937970708047
2017-05-18,41.750925,-71.445057,0.0004894328293070248
2017-05-19,41.750925,-71.445057,5.709694105278844
2017-05-20,41.750925,-71.445057,0.009932632149437575
2017-05-21,41.750925,-71.445057,0.0
2017-05-22,41.750925,-71.445057,12.264813772450346
2017-05-23,41.750925,-71.445057,2.3045104270930823
2017-05-24,41.750925,-71.445057,7.3571727116074825
2017-05-25,41.750925,-71.445057,10.520637413130808
2017-05-26,41.750925,-71.445057,33.52999562120949
2017-05-27,41.750925,-71.445057,0.0
2017-05-28,41.750925,-71.445057,0.32113882508892316
2017-05-29,41.750925,-71.445057,9.531117166207903
2017-05-30,41.750925,-71.445057,0.058286741619519376
2017-05-31,41.750925,-71.445057,1.5609367189254724
2017-06-01,41.750925,-71.445057,1.7253271075195111
2017-06-02,41.750925,-71.445057,2.7536323418498365
2017-06-03,41.750925,-71.445057,0.060215274308018124
2017-06-04,41.750925,-71.445057,3.0536151641633964
2017-06-05,41.750925,-71.445057,5.375638247951381
2017-06-06,41.750925,-71.445057,17.02779755822896
2017-06-07,41.750925,-71.445057,0.0
2017-06-08,41.750925,-71.445057,0.6682870596412211
2017-06-09,41.750925,-71.445057,5.083062324643885
2017-06-10,41.750925,-71.445057,0.0
2017-06-11,41.750925,-71.445057,0.0
2017-06-12,41.750925,-71.445057,0.0
2017-06-13,41.750925,-71.445057,3.2658954999259926
2017-06-14,41.750925,-71.445057,0.12841854143154294
2017-06-15,41.750925,-71.445057,0.0
2017-06-16,41.750925,-71.445057,13.601237540848349
2017-06-17,41.750925,-71.445057,1.7004938187211787
2017-06-18,41.750925,-71.445057,0.34612603902163563
2017-06-19,41.750925,-71.445057,0.00568789913323619
2017-06-20,41.750925,-71.445057,10.662555625001557
2017-06-21,41.750925,-71.445057,0.5098062220773992
2017-06-22,41.750925,-71.445057,0.0
2017-06-23,41.750925,-71.445057,0.0009963824052121122
2017-06-24,41.750925,-71.445057,22.42790091856438
2017-06-25,41.750925,-71.445057,0.0
2017-06-26,41.750925,-71.445057,0.0
2017-06-27,41.750925,-71.445057,0.3785612064004456
2017-06-28,41.750925,-71.445057,0.0
2017-06-29,41.750925,-71.445057,0.7915755531442307
2017-06-30,41.750925,-71.445057,2.6090240538798897
2017-07-01,41.750925,-71.445057,1.6273236304300034
2017-07-02,41.750925,-71.445057,0.000576117608754573
2017-07-03,41.750925,-71.445057,0.0035698336017553635
2017-07-04,41.750925,-71.445057,0.0
2017-07-05,41.750925,-71.445057,0.0
2017-07-06,41.750925,-71.445057,0.0004894328293070248
2017-07-07,41.750925,-71.445057,28.604694364110692
2017-07-08,41.750925,-71.445057,0.0
2017-07-09,41.750925,-71.445057,0.0
2017-07-10,41.750925,-71.445057,0.0
2017-07-11,41.750925,-71.445057,4.752862412360055
2017-07-12,41.750925,-71.445057,5.4923068213651245
2017-07-13,41.750925,-71.445057,13.489592821060418
2017-07-14,41.750925,-71.445057,4.025193967869625
2017-07-15,41.750925,-71.445057,0.12175225211367337
2017-07-16,41.750925,-71.445057,0.0
2017-07-17,41.750925,-71.445057,0.12345769950719754
2017-07-18,41.750925,-71.445057,0.11938855466648939
2017-07-19,41.750925,-71.445057,0.020377036824942327
2017-07-20,41.750925,-71.445057,0.25303970193303293
2017-07-21,41.750925,-71.445057,0.04325419964352002
2017-07-22,41.750925,-71.445057,0.9499168213072469
2017-07-23,41.750925,-71.445057,2.616595638569338
2017-07-24,41.750925,-71.445057,10.712800097018373
2017-07-25,41.750925,-71.445057,2.284760788482453e-05
2017-07-26,41.750925,-71.445057,0.0
2017-07-27,41.750925,-71.445057,7.60817372305255
2017-07-28,41.750925,-71.445057,0.0
2017-07-29,41.750925,-71.445057,5.6415986663366455
2017-07-30,41.750925,-71.445057,0.0
2017-07-31,41.750925,-71.445057,0.0
2017-08-01,41.750925,-71.445057,0.0
2017-08-02,41.750925,-71.445057,0.03774881552989046
2017-08-03,41.750925,-71.445057,2.0140063386297262
2017-08-04,41.750925,-71.445057,0.005383761213541244
2017-08-05,41.750925,-71.445057,4.962851454505105
2017-08-06,41.750925,-71.445057,0.0
2017-08-07,41.750925,-71.445057,6.101296189060008
2017-08-08,41.750925,-71.445057,2.130799689522654
2017-08-09,41.750925,-71.445057,0.0
2017-08-10,41.750925,-71.445057,0.0
2017-08-11,41.750925,-71.445057,0.009462032187336324
2017-08-12,41.750925,-71.445057,8.672697480130111
2017-08-13,41.750925,-71.445057,0.5200300056298839
2017-08-14,41.750925,-71.445057,0.2177459343657741
2017-08-15,41.750925,-71.445057,9.058547078813751
2017-08-16,41.750925,-71.445057,0.0
2017-08-17,41.750925,-71.445057,0.0
2017-08-18,41.750925,-71.445057,2.870219383525957
2017-08-19,41.750925,-71.445057,1.3148567473399184
2017-08-20,41.750925,-71.445057,0.0
2017-08-21,41.750925,-71.445057,0.0002447164146535124
2017-08-22,41.750925,-71.445057,0.0
2017-08-23,41.750925,-71.445057,2.9292306614154415
2017-08-24,41.750925,-71.445057,0.0
2017-08-25,41.750925,-71.445057,0.0
2017-08-26,41.750925,-71.445057,0.0
2017-08-27,41.750925,-71.445057,0.0
2017-08-28,41.750925,-71.445057,0.0
2017-08-29,41.750925,-71.445057,3.725837899518774
2017-08-30,41.750925,-71.445057,23.513223837863947
2017-08-31,41.750925,-71.445057,0.0
2017-09-01,41.750925,-71.445057,0.0
2017-09-02,41.750925,-71.445057,0.02403459932529187
2017-09-03,41.750925,-71.445057,29.051723460032765
2017-09-04,41.750925,-71.445057,0.0
2017-09-05,41.750925,-71.445057,0.0002752152324946634
2017-09-06,41.750925,-71.445057,19.600994246550847
2017-09-07,41.750925,-71.445057,18.371025979461397
2017-09-08,41.750925,-71.445057,0.0
2017-09-09,41.750925,-71.445057,0.0
2017-09-10,41.750925,-71.445057,0.0
2017-09-11,41.750925,-71.445057,0.0
2017-09-12,41.750925,-71.445057,0.0
2017-09-13,41.750925,-71.445057,0.0022987913028509757
2017-09-14,41.750925,-71.445057,0.08461985125100238
2017-09-15,41.750925,-71.445057,2.870542869638818
2017-09-16,41.750925,-71.445057,0.0
2017-09-17,41.750925,-71.445057,0.0
2017-09-18,41.750925,-71.445057,0.5702660079834552
2017-09-19,41.750925,-71.445057,6.912556095116892
2017-09-20,41.750925,-71.445057,2.914203663270402
2017-09-21,41.750925,-71.445057,0.5931665483748457
2017-09-22,41.750925,-71.445057,0.9412929594418112
2017-09-23,41.750925,-71.445057,0.0
2017-09-24,41.750925,-71.445057,0.0
2017-09-25,41.750925,-71.445057,0.002476865946302337
2017-09-26,41.750925,-71.445057,0.0
2017-09-27,41.750925,-71.445057,0.005692468654983383
2017-09-28,41.750925,-71.445057,0.0648881803760187
2017-09-29,41.750925,-71.445057,0.0
2017-09-30,41.750925,-71.445057,12.278996571599194
2017-10-01,41.750925,-71.445057,0.11301680339093137
2017-10-02,41.750925,-71.445057,0.0
2017-10-03,41.750925,-71.445057,0.0
2017-10-04,41.750925,-71.445057,0.0
2017-10-05,41.750925,-71.445057,0.014127100423866421
2017-10-06,41.750925,-71.445057,4.614975536960847
2017-10-07,41.750925,-71.445057,0.8509023235038907
2017-10-08,41.750925,-71.445057,7.063457310408829
2017-10-09,41.750925,-71.445057,7.484103332921926
2017-10-10,41.750925,-71.445057,0.06306109919206165
2017-10-11,41.750925,-71.445057,0.2530237351894552
2017-10-12,41.750925,-71.445057,1.7641525203177866
2017-10-13,41.750925,-71.445057,0.0
2017-10-14,41.750925,-71.445057,0.01114479028031449
2017-10-15,41.750925,-71.445057,0.0
2017-10-16,41.750925,-71.445057,0.6233056109897837
2017-10-17,41.750925,-71.445057,0.0
2017-10-18,41.750925,-71.445057,0.0
2017-10-19,41.750925,-71.445057,0.0
2017-10-20,41.750925,-71.445057,0.0012592003356081895
2017-10-21,41.750925,-71.445057,0.0015896028211776403
2017-10-22,41.750925,-71.445057,0.0
2017-10-23,41.750925,-71.445057,0.0
2017-10-24,41.750925,-71.445057,1.847190476849838
2017-10-25,41.750925,-71.445057,37.710800739491866
2017-10-26,41.750925,-71.445057,32.781497220952744
2017-10-27,41.750925,-71.445057,0.0
2017-10-28,41.750925,-71.445057,0.023545166495984846
2017-10-29,41.750925,-71.445057,9.283534781631198
2017-10-30,41.750925,-71.445057,48.281103057148485
2017-10-31,41.750925,-71.445057,0.0
2017-11-01,41.750925,-71.445057,0.04103280087761889
2017-11-02,41.750925,-71.445057,0.08690563149258025
2017-11-03,41.750925,-71.445057,8.793047618408372e-05
2017-11-04,41.750925,-71.445057,0.0
2017-11-05,41.750925,-71.445057,0.7320821752623075
2017-11-06,41.750925,-71.445057,0.5150639363867875
2017-11-07,41.750925,-71.445057,6.1003353052651486
2017-11-08,41.750925,-71.445057,6.274945017358341
2017-11-09,41.750925,-71.445057,0.0
2017-11-10,41.750925,-71.445057,0.0
2017-11-11,41.750925,-71.445057,0.0
2017-11-12,41.750925,-71.445057,0.0
2017-11-13,41.750925,-71.445057,5.515594388033726
2017-11-14,41.750925,-71.445057,0.03915964125321495
2017-11-15,41.750925,-71.445057,0.0
2017-11-16,41.750925,-71.445057,6.057671918865575
2017-11-17,41.750925,-71.445057,0.0
2017-11-18,41.750925,-71.445057,1.5159575292775358
2017-11-19,41.750925,-71.445057,18.372718518257336
2017-11-20,41.750925,-71.445057,0.0
2017-11-21,41.750925,-71.445057,0.0
2017-11-22,41.750925,-71.445057,32.808001692189585
2017-11-23,41.750925,-71.445057,0.0
2017-11-24,41.750925,-71.445057,0.0
2017-11-25,41.750925,-71.445057,0.04238130039447341
2017-11-26,41.750925,-71.445057,1.0814049309532836
2017-11-27,41.750925,-71.445057,0.001758120385275886
2017-11-28,41.750925,-71.445057,0.0
2017-11-29,41.750925,-71.445057,0.0
2017-11-30,41.750925,-71.445057,0.0
2017-12-01,41.750925,-71.445057,3.65201275560967
2017-12-02,41.750925,-71.445057,0.0
2017-12-03,41.750925,-71.445057,0.0041283641600278614
2017-12-04,41.750925,-71.445057,0.0
2017-12-05,41.750925,-71.445057,0.29129098477471554
2017-12-06,41.750925,-71.445057,22.62382283851067
2017-12-07,41.750925,-71.445057,0.0
2017-12-08,41.750925,-71.445057,2.117032738764044
2017-12-09,41.750925,-71.445057,14.191732800037734
2017-12-10,41.750925,-71.445057,4.448345138872851
2017-12-11,41.750925,-71.445057,0.8939091916232272
2017-12-12,41.750925,-71.445057,3.529135871967049
2017-12-13,41.750925,-71.445057,0.16212980269410204
2017-12-14,41.750925,-71.445057,0.9597431447279278
2017-12-15,41.750925,-71.445057,0.06909736156667547
2017-12-16,41.750925,-71.445057,0.0
2017-12-17,41.750925,-71.445057,0.0
2017-12-18,41.750925,-71.445057,0.22050813621330292
2017-12-19,41.750925,-71.445057,0.0
2017-12-20,41.750925,-71.445057,0.17672316779965894
2017-12-21,41.750925,-71.445057,0.0
2017-12-22,41.750925,-71.445057,0.012625587281518743
2017-12-23,41.750925,-71.445057,19.39396671328317
2017-12-24,41.750925,-71.445057,8.027651393373008
2017-12-25,41.750925,-71.445057,3.11759185065555
2017-12-26,41.750925,-71.445057,0.123413734244538
2017-12-27,41.750925,-71.445057,0.0
2017-12-28,41.750925,-71.445057,0.0
2017-12-29,41.750925,-71.445057,0.0
2017-12-30,41.750925,-71.445057,0.0
2017-12-31,41.750925,-71.445057,0.0
2018-01-01,41.750925,-71.445057,0.0
2018-01-02,41.750925,-71.445057,0.0
2018-01-03,41.750925,-71.445057,0.0
2018-01-04,41.750925,-71.445057,13.39890864131314
2018-01-05,41.750925,-71.445057,0.18773379147926308
2018-01-06,41.750925,-71.445057,0.0
2018-01-07,41.750925,-71.445057,0.0
2018-01-08,41.750925,-71.445057,0.526572028075385
2018-01-09,41.750925,-71.445057,1.3209606864937462
2018-01-10,41.750925,-71.445057,0.0
2018-01-11,41.750925,-71.445057,0.05419595564129802
2018-01-12,41.750925,-71.445057,16.39012693999252
2018-01-13,41.750925,-71.445057,56.58624170886955
2018-01-14,41.750925,-71.445057,0.0
2018-01-15,41.750925,-71.445057,0.031111939495761375
2018-01-16,41.750925,-71.445057,0.0
2018-01-17,41.750925,-71.445057,0.7969820735891533
2018-01-18,41.750925,-71.445057,0.0
2018-01-19,41.750925,-71.445057,0.0
2018-01-20,41.750925,-71.445057,0.0
2018-01-21,41.750925,-71.445057,0.0
2018-01-22,41.750925,-71.445057,0.0
2018-01-23,41.750925,-71.445057,51.33759808665534
2018-01-24,41.750925,-71.445057,0.019885755173246273
2018-01-25,41.750925,-71.445057,0.0
2018-01-26,41.750925,-71.445057,0.0
2018-01-27,41.750925,-71.445057,0.0
2018-01-28,41.750925,-71.445057,5.663408586736054
2018-01-29,41.750925,-71.445057,5.505575998708465
2018-01-30,41.750925,-71.445057,0.10777026698386792
2018-01-31,41.750925,-71.445057,0.0
2018-02-01,41.750925,-71.445057,0.3233840695155905
2018-02-02,41.750925,-71.445057,1.8152554109930281
2018-02-03,41.750925,-71.445057,0.0
2018-02-04,41.750925,-71.445057,2.2701112105140657
2018-02-05,41.750925,-71.445057,22.273844991470458
2018-02-06,41.750925,-71.445057,0.0
2018-02-07,41.750925,-71.445057,16.657769102239936
2018-02-08,41.750925,-71.445057,1.3619767536409746
2018-02-09,41.750925,-71.445057,0.0
2018-02-10,41.750925,-71.445057,2.3638471446208986
2018-02-11,41.750925,-71.445057,48.23217876687187
2018-02-12,41.750925,-71.445057,6.534977517364594
2018-02-13,41.750925,-71.445057,0.0
2018-02-14,41.750925,-71.445057,0.0003711751917391327
2018-02-15,41.750925,-71.445057,0.7890753050111692
2018-02-16,41.750925,-71.445057,14.947033526670655
2018-02-17,41.750925,-71.445057,0.14541242351287617
2018-02-18,41.750925,-71.445057,11.9205923468347
2018-02-19,41.750925,-71.445057,2.0203085458853796
2018-02-20,41.750925,-71.445057,5.963714279880707
2018-02-21,41.750925,-71.445057,0.028631656887374124
2018-02-22,41.750925,-71.445057,3.298796731873654
2018-02-23,41.750925,-71.445057,4.874079744735477
2018-02-24,41.750925,-71.445057,13.886324889782427
2018-02-25,41.750925,-71.445057,23.053699759421814
2018-02-26,41.750925,-71.445057,0.06823846901509643
2018-02-27,41.750925,-71.445057,0.0
2018-02-28,41.750925,-71.445057,0.624354176350153
2018-03-01,41.750925,-71.445057,0.004743841902161024
2018-03-02,41.750925,-71.445057,71.33692712019726
2018-03-03,41.750925,-71.445057,0.0351176655635282
2018-03-04,41.750925,-71.445057,0.0
2018-03-05,41.750925,-71.445057,0.10831349739888874
2018-03-06,41.750925,-71.445057,0.0
2018-03-07,41.750925,-71.445057,13.119942262597327
2018-03-08,41.750925,-71.445057,4.834773620624866
2018-03-09,41.750925,-71.445057,0.0
2018-03-10,41.750925,-71.445057,0.0
2018-03-11,41.750925,-71.445057,0.0
2018-03-12,41.750925,-71.445057,0.0
2018-03-13,41.750925,-71.445057,38.155416585546206
2018-03-14,41.750925,-71.445057,0.06119128143874841
2018-03-15,41.750925,-71.445057,0.00030775667483345687
2018-03-16,41.750925,-71.445057,0.0
2018-03-17,41.750925,-71.445057,0.0
2018-03-18,41.750925,-71.445057,0.0
2018-03-19,41.750925,-71.445057,0.0
2018-03-20,41.750925,-71.445057,0.09888970910694593
2018-03-21,41.750925,-71.445057,1.7404939691049373
2018-03-22,41.750925,-71.445057,0.9527758827112507
2018-03-23,41.750925,-71.445057,0.0
2018-03-24,41.750925,-71.445057,0.3615531313840601
2018-03-25,41.750925,-71.445057,0.0
2018-03-26,41.750925,-71.445057,0.0
2018-03-27,41.750925,-71.445057,0.0
2018-03-28,41.750925,-71.445057,0.7272894616113929
2018-03-29,41.750925,-71.445057,0.3513511222544043
2018-03-30,41.750925,-71.445057,2.482345733338699
2018-03-31,41.750925,-71.445057,0.2527969522679758
2018-04-01,41.750925,-71.445057,4.8586882080680365
2018-04-02,41.750925,-71.445057,1.305249183060539
2018-04-03,41.750925,-71.445057,12.250032326036688
2018-04-04,41.750925,-71.445057,7.339710556340954
2018-04-05,41.750925,-71.445057,0.0
2018-04-06,41.750925,-71.445057,2.873272435716889
2018-04-07,41.750925,-71.445057,0.9475601669915951
2018-04-08,41.750925,-71.445057,0.010734148974861133
2018-04-09,41.750925,-71.445057,0.0
2018-04-10,41.750925,-71.445057,4.56952174719286e-06
2018-04-11,41.750925,-71.445057,0.0
2018-04-12,41.750925,-71.445057,0.21370979331356466
2018-04-13,41.750925,-71.445057,11.240587343438904
2018-04-14,41.750925,-71.445057,0.06517644960635388
2018-04-15,41.750925,-71.445057,1.5684949240713295
2018-04-16,41.750925,-71.445057,36.270975105944366
2018-04-17,41.750925,-71.445057,0.0331436656735962
2018-04-18,41.750925,-71.445057,0.09416749884375508
2018-04-19,41.750925,-71.445057,5.87250233388754
2018-04-20,41.750925,-71.445057,0.0004894328293070248
2018-04-21,41.750925,-71.445057,0.0
2018-04-22,41.750925,-71.445057,0.0
2018-04-23,41.750925,-71.445057,0.0
2018-04-24,41.750925,-71.445057,0.00017586095236816744
2018-04-25,41.750925,-71.445057,28.275392202609556
2018-04-26,41.750925,-71.445057,12.223304449989334
2018-04-27,41.750925,-71.445057,22.46723569105366
2018-04-28,41.750925,-71.445057,0.0
2018-04-29,41.750925,-71.445057,0.023837987525385608
2018-04-30,41.750925,-71.445057,6.397330616297958e-05
2018-05-01,41.750925,-71.445057,0.01883613389848856
2018-05-02,41.750925,-71.445057,0.0
2018-05-03,41.750925,-71.445057,0.038205665856187024
2018-05-04,41.750925,-71.445057,1.323616170965039
2018-05-05,41.750925,-71.445057,0.020431049687613688
2018-05-06,41.750925,-71.445057,6.842858821040277
2018-05-07,41.750925,-71.445057,0.4028609201851673
2018-05-08,41.750925,-71.445057,0.0
2018-05-09,41.750925,-71.445057,0.0
2018-05-10,41.750925,-71.445057,0.12847427857248547
2018-05-11,41.750925,-71.445057,0.030266133623176473
2018-05-12,41.750925,-71.445057,3.047738503242324
2018-05-13,41.750925,-71.445057,0.6898556165830358
2018-05-14,41.750925,-71.445057,0.05987501055362538
2018-05-15,41.750925,-71.445057,12.21656422202087
2018-05-16,41.750925,-71.445057,7.577044989390387
2018-05-17,41.750925,-71.445057,11.797698169621924
2018-05-18,41.750925,-71.445057,0.1504934863876495
2018-05-19,41.750925,-71.445057,7.585386263463595
2018-05-20,41.750925,-71.445057,4.19318063050993
2018-05-21,41.750925,-71.445057,0.00017586095236816744
2018-05-22,41.750925,-71.445057,7.071251627096404
2018-05-23,41.750925,-71.445057,0.30419695173418293
2018-05-24,41.750925,-71.445057,0.0
2018-05-25,41.750925,-71.445057,0.009907499778551305
2018-05-26,41.750925,-71.445057,0.1401936556008333
2018-05-27,41.750925,-71.445057,1.5807954029610578
2018-05-28,41.750925,-71.445057,0.010005124105578297
2018-05-29,41.750925,-71.445057,0.029570282873349694
2018-05-30,41.750925,-71.445057,0.0
2018-05-31,41.750925,-71.445057,0.02275159653294476
2018-06-01,41.750925,-71.445057,8.381916367743845
2018-06-02,41.750925,-71.445057,0.5955933159320709
2018-06-03,41.750925,-71.445057,0.0
2018-06-04,41.750925,-71.445057,9.106347576983712
2018-06-05,41.750925,-71.445057,0.37828504107073097
2018-06-06,41.750925,-71.445057,0.05973097944525678
2018-06-07,41.750925,-71.445057,0.0
2018-06-08,41.750925,-71.445057,0.0
2018-06-09,41.750925,-71.445057,0.0011870613711609827
2018-06-10,41.750925,-71.445057,0.0
2018-06-11,41.750925,-71.445057,0.6633009230057102
2018-06-12,41.750925,-71.445057,0.0
2018-06-13,41.750925,-71.445057,0.8676785238523268
2018-06-14,41.750925,-71.445057,0.0
2018-06-15,41.750925,-71.445057,0.0
2018-06-16,41.750925,-71.445057,0.00012164711034773978
2018-06-17,41.750925,-71.445057,0.0
2018-06-18,41.750925,-71.445057,2.591664599502847
2018-06-19,41.750925,-71.445057,17.20336942363645
2018-06-20,41.750925,-71.445057,0.0887799444795603
2018-06-21,41.750925,-71.445057,0.40367559161640676
2018-06-22,41.750925,-71.445057,0.00037629946573127475
2018-06-23,41.750925,-71.445057,3.9845061720779222
2018-06-24,41.750925,-71.445057,0.18634491922230498
2018-06-25,41.750925,-71.445057,4.072758019219403
2018-06-26,41.750925,-71.445057,0.0
2018-06-27,41.750925,-71.445057,0.05724108165521799
2018-06-28,41.750925,-71.445057,25.97002717353307
2018-06-29,41.750925,-71.445057,0.32353383662440194
2018-06-30,41.750925,-71.445057,0.1007369128257581
2018-07-01,41.750925,-71.445057,0.10857155872986225
2018-07-02,41.750925,-71.445057,0.0
2018-07-03,41.750925,-71.445057,0.0
2018-07-04,41.750925,-71.445057,0.0036707460830567307
2018-07-05,41.750925,-71.445057,0.0
2018-07-06,41.750925,-71.445057,13.46737097227683
2018-07-07,41.750925,-71.445057,0.0
2018-07-08,41.750925,-71.445057,0.0
2018-07-09,41.750925,-71.445057,0.0
2018-07-10,41.750925,-71.445057,0.0
2018-07-11,41.750925,-71.445057,0.0012121937411961132
2018-07-12,41.750925,-71.445057,0.0
2018-07-13,41.750925,-71.445057,0.0
2018-07-14,41.750925,-71.445057,0.787709720571431
2018-07-15,41.750925,-71.445057,3.0240807106923344
2018-07-16,41.750925,-71.445057,0.004968071994481533
2018-07-17,41.750925,-71.445057,6.581446329516305
2018-07-18,41.750925,-71.445057,9.987381589485262
2018-07-19,41.750925,-71.445057,0.0
2018-07-20,41.750925,-71.445057,0.0
2018-07-21,41.750925,-71.445057,0.10500562581488415
2018-07-22,41.750925,-71.445057,31.320069154408753
2018-07-23,41.750925,-71.445057,0.18453192856900785
2018-07-24,41.750925,-71.445057,0.0
2018-07-25,41.750925,-71.445057,1.9139748009086692
2018-07-26,41.750925,-71.445057,5.778315615941585
2018-07-27,41.750925,-71.445057,0.0
2018-07-28,41.750925,-71.445057,0.24667808084304435
2018-07-29,41.750925,-71.445057,3.636951494404696
2018-07-30,41.750925,-71.445057,1.976291090414604
2018-07-31,41.750925,-71.445057,0.22873252124604257
2018-08-01,41.750925,-71.445057,0.6220958723985719
2018-08-02,41.750925,-71.445057,0.0
2018-08-03,41.750925,-71.445057,0.0008907285330265936
2018-08-04,41.750925,-71.445057,46.01758313704661
2018-08-05,41.750925,-71.445057,0.0
2018-08-06,41.750925,-71.445057,0.0
2018-08-07,41.750925,-71.445057,0.0
2018-08-08,41.750925,-71.445057,3.202377324871496
2018-08-09,41.750925,-71.445057,10.012173080071431
2018-08-10,41.750925,-71.445057,0.0
2018-08-11,41.750925,-71.445057,19.614299463032054
2018-08-12,41.750925,-71.445057,2.586289582552502
2018-08-13,41.750925,-71.445057,3.8155268068546557
2018-08-14,41.750925,-71.445057,0.0064522871436890426
2018-08-15,41.750925,-71.445057,0.22615948863861804
2018-08-16,41.750925,-71.445057,0.0
2018-08-17,41.750925,-71.445057,0.0
2018-08-18,41.750925,-71.445057,39.84396700911362
2018-08-19,41.750925,-71.445057,0.387707755239242
2018-08-20,41.750925,-71.445057,0.005628477400284829
2018-08-21,41.750925,-71.445057,0.0
2018-08-22,41.750925,-71.445057,5.3354928064211595
2018-08-23,41.750925,-71.445057,0.009422636470991473
2018-08-24,41.750925,-71.445057,0.0
2018-08-25,41.750925,-71.445057,0.0
2018-08-26,41.750925,-71.445057,0.0
2018-08-27,41.750925,-71.445057,0.0
2018-08-28,41.750925,-71.445057,0.1679380686688203
2018-08-29,41.750925,-71.445057,0.0
2018-08-30,41.750925,-71.445057,0.0
2018-08-31,41.750925,-71.445057,0.0
2018-09-01,41.750925,-71.445057,0.006852059792626288
2018-09-02,41.750925,-71.445057,0.0
2018-09-03,41.750925,-71.445057,0.044339031711701504
2018-09-04,41.750925,-71.445057,0.027925171499455677
2018-09-05,41.750925,-71.445057,0.0009788656586140496
2018-09-06,41.750925,-71.445057,9.566902090154937
2018-09-07,41.750925,-71.445057,8.943564597452871
2018-09-08,41.750925,-71.445057,12.957761173799684
2018-09-09,41.750925,-71.445057,1.0535373450216081
2018-09-10,41.750925,-71.445057,27.867417120207403
2018-09-11,41.750925,-71.445057,0.1993215196729314
2018-09-12,41.750925,-71.445057,22.55660353841722
2018-09-13,41.750925,-71.445057,18.840549553391998
2018-09-14,41.750925,-71.445057,0.0
2018-09-15,41.750925,-71.445057,0.0
2018-09-16,41.750925,-71.445057,0.0
2018-09-17,41.750925,-71.445057,0.12187297296355853
2018-09-18,41.750925,-71.445057,18.594991302420933
2018-09-19,41.750925,-71.445057,4.396523809204186e-05
2018-09-20,41.750925,-71.445057,0.00470903347462214
2018-09-21,41.750925,-71.445057,0.9968813698724752
2018-09-22,41.750925,-71.445057,0.015493447188702396
2018-09-23,41.750925,-71.445057,0.030247000368654468
2018-09-24,41.750925,-71.445057,4.396523809204186e-05
2018-09-25,41.750925,-71.445057,29.860682079434817
2018-09-26,41.750925,-71.445057,20.672040892809235
2018-09-27,41.750925,-71.445057,8.554044742053179
2018-09-28,41.750925,-71.445057,11.200208759376444
2018-09-29,41.750925,-71.445057,0.0
2018-09-30,41.750925,-71.445057,0.014390891852418672
2018-10-01,41.750925,-71.445057,0.5403192926684813
2018-10-02,41.750925,-71.445057,4.667099346559363
2018-10-03,41.750925,-71.445057,29.861637752707043
2018-10-04,41.750925,-71.445057,0.0
2018-10-05,41.750925,-71.445057,0.0
2018-10-06,41.750925,-71.445057,0.06462238193343645
2018-10-07,41.750925,-71.445057,0.032963235199480835
2018-10-08,41.750925,-71.445057,0.0
2018-10-09,41.750925,-71.445057,0.1035987381959388
2018-10-10,41.750925,-71.445057,0.00941806694924428
2018-10-11,41.750925,-71.445057,7.68090866391499
2018-10-12,41.750925,-71.445057,56.44128674736706
2018-10-13,41.750925,-71.445057,5.465540282318908
2018-10-14,41.750925,-71.445057,0.0009788656586140496
2018-10-15,41.750925,-71.445057,0.43149473668049376
2018-10-16,41.750925,-71.445057,2.1564063688839195
2018-10-17,41.750925,-71.445057,0.013790492669383671
2018-10-18,41.750925,-71.445057,4.396523809204186e-05
2018-10-19,41.750925,-71.445057,0.0
2018-10-20,41.750925,-71.445057,3.3091956305859447
2018-10-21,41.750925,-71.445057,3.199254216140341
2018-10-22,41.750925,-71.445057,0.0
2018-10-23,41.750925,-71.445057,0.8284416634149309
2018-10-24,41.750925,-71.445057,0.0238734860182551
2018-10-25,41.750925,-71.445057,0.6187282825582078
2018-10-26,41.750925,-71.445057,0.10043430765046196
2018-10-27,41.750925,-71.445057,19.0912232805225
2018-10-28,41.750925,-71.445057,0.00030775667483345687
2018-10-29,41.750925,-71.445057,4.2189429785478465
2018-10-30,41.750925,-71.445057,0.0
2018-10-31,41.750925,-71.445057,0.0
2018-11-01,41.750925,-71.445057,0.6753911438850175
2018-11-02,41.750925,-71.445057,13.640960393725111
2018-11-03,41.750925,-71.445057,37.28500628362266
2018-11-04,41.750925,-71.445057,0.0
2018-11-05,41.750925,-71.445057,1.2790284772999596
2018-11-06,41.750925,-71.445057,15.415059856853421
2018-11-07,41.750925,-71.445057,4.95683435992248
2018-11-08,41.750925,-71.445057,0.02975641600823032
2018-11-09,41.750925,-71.445057,4.510498044161448
2018-11-10,41.750925,-71.445057,56.58306883492955
2018-11-11,41.750925,-71.445057,0.0
2018-11-12,41.750925,-71.445057,0.0
2018-11-13,41.750925,-71.445057,33.13890528426219
2018-11-14,41.750925,-71.445057,0.04436211005858714
2018-11-15,41.750925,-71.445057,13.16143259968604
2018-11-16,41.750925,-71.445057,26.07901479484729
2018-11-17,41.750925,-71.445057,0.0
2018-11-18,41.750925,-71.445057,0.0
2018-11-19,41.750925,-71.445057,0.052499226575546065
2018-11-20,41.750925,-71.445057,2.3865361961125995
2018-11-21,41.750925,-71.445057,0.0
2018-11-22,41.750925,-71.445057,0.0
2018-11-23,41.750925,-71.445057,0.0
2018-11-24,41.750925,-71.445057,0.0
2018-11-25,41.750925,-71.445057,39.7614450887634
2018-11-26,41.750925,-71.445057,10.86399592705386
2018-11-27,41.750925,-71.445057,2.7259404283292734
2018-11-28,41.750925,-71.445057,0.005198466303929165
2018-11-29,41.750925,-71.445057,0.0
2018-11-30,41.750925,-71.445057,0.00941806694924428
2018-12-01,41.750925,-71.445057,0.0044048953725992525
2018-12-02,41.750925,-71.445057,13.066221304751783
2018-12-03,41.750925,-71.445057,0.02525818144414142
2018-12-04,41.750925,-71.445057,0.0
2018-12-05,41.750925,-71.445057,0.0
2018-12-06,41.750925,-71.445057,0.0
2018-12-07,41.750925,-71.445057,0.0
2018-12-08,41.750925,-71.445057,0.0
2018-12-09,41.750925,-71.445057,0.0
2018-12-10,41.750925,-71.445057,0.05672822787773673
2018-12-11,41.750925,-71.445057,0.0
2018-12-12,41.750925,-71.445057,0.0
2018-12-13,41.750925,-71.445057,1.2733410813949133
2018-12-14,41.750925,-71.445057,0.0
2018-12-15,41.750925,-71.445057,2.539968403239342
2018-12-16,41.750925,-71.445057,24.34288870254169
2018-12-17,41.750925,-71.445057,11.572270506642202
2018-12-18,41.750925,-71.445057,0.0
2018-12-19,41.750925,-71.445057,0.0
2018-12-20,41.750925,-71.445057,0.0
2018-12-21,41.750925,-71.445057,54.562113869193595
2018-12-22,41.750925,-71.445057,6.849908753222724
2018-12-23,41.750925,-71.445057,0.0
2018-12-24,41.750925,-71.445057,0.1366499004122353
2018-12-25,41.750925,-71.445057,0.02931094239555101
2018-12-26,41.750925,-71.445057,0.0
2018-12-27,41.750925,-71.445057,0.0
2018-12-28,41.750925,-71.445057,25.10422858647802
2018-12-29,41.750925,-71.445057,2.7681376273686698
2018-12-30,41.750925,-71.445057,0.0
2018-12-31,41.750925,-71.445057,5.763198517335943
2019-01-01,41.750925,-71.445057,29.396561836334183
2019-01-02,41.750925,-71.445057,0.0
2019-01-03,41.750925,-71.445057,1.3310031763491377
2019-01-04,41.750925,-71.445057,0.0
2019-01-05,41.750925,-71.445057,24.037474121123015
2019-01-06,41.750925,-71.445057,1.189432607342358
2019-01-07,41.750925,-71.445057,0.0
2019-01-08,41.750925,-71.445057,3.2491048146217456
2019-01-09,41.750925,-71.445057,2.937783695206352
2019-01-10,41.750925,-71.445057,0.016279265783662674
2019-01-11,41.750925,-71.445057,0.0
2019-01-12,41.750925,-71.445057,0.0
2019-01-13,41.750925,-71.445057,0.015359821495046383
2019-01-14,41.750925,-71.445057,0.0
2019-01-15,41.750925,-71.445057,0.0002447164146535124
2019-01-16,41.750925,-71.445057,0.0
2019-01-17,41.750925,-71.445057,0.0
2019-01-18,41.750925,-71.445057,0.12359903344861536
2019-01-19,41.750925,-71.445057,0.00038599331656357164
2019-01-20,41.750925,-71.445057,73.29516225980508
2019-01-21,41.750925,-71.445057,0.0
2019-01-22,41.750925,-71.445057,0.0
2019-01-23,41.750925,-71.445057,0.48412141141210774
2019-01-24,41.750925,-71.445057,54.0973806922963
2019-01-25,41.750925,-71.445057,0.0
2019-01-26,41.750925,-71.445057,0.0
2019-01-27,41.750925,-71.445057,6.854282620789289e-06
2019-01-28,41.750925,-71.445057,0.2296196813242681
2019-01-29,41.750925,-71.445057,0.0023285282978234858
2019-01-30,41.750925,-71.445057,3.5005697155211566
2019-01-31,41.750925,-71.445057,0.0
2019-02-01,41.750925,-71.445057,0.0
2019-02-02,41.750925,-71.445057,0.0
2019-02-03,41.750925,-71.445057,0.06403717861788973
2019-02-04,41.750925,-71.445057,0.0
2019-02-05,41.750925,-71.445057,0.0
2019-02-06,41.750925,-71.445057,0.003952018808433741
2019-02-07,41.750925,-71.445057,15.617894843633486
2019-02-08,41.750925,-71.445057,19.07898233290236
2019-02-09,41.750925,-71.445057,0.0
2019-02-10,41.750925,-71.445057,0.0
2019-02-11,41.750925,-71.445057,0.054001816784269026
2019-02-12,41.750925,-71.445057,12.290809319372011
2019-02-13,41.750925,-71.445057,20.52102540164174
2019-02-14,41.750925,-71.445057,0.008320358371711334
2019-02-15,41.750925,-71.445057,3.3526045475397592
2019-02-16,41.750925,-71.445057,2.0579157084626054
2019-02-17,41.750925,-71.445057,0.0
2019-02-18,41.750925,-71.445057,11.187878321786727
2019-02-19,41.750925,-71.445057,0.0
2019-02-20,41.750925,-71.445057,0.11981122457311578
2019-02-21,41.750925,-71.445057,9.635558659376501
2019-02-22,41.750925,-71.445057,1.2722197655580194
2019-02-23,41.750925,-71.445057,0.0
2019-02-24,41.750925,-71.445057,23.094565774456047
2019-02-25,41.750925,-71.445057,0.0
2019-02-26,41.750925,-71.445057,0.0
2019-02-27,41.750925,-71.445057,0.17716240789133847
2019-02-28,41.750925,-71.445057,6.736373900539914
2019-03-01,41.750925,-71.445057,0.09809614265240928
2019-03-02,41.750925,-71.445057,6.843191630957738
2019-03-03,41.750925,-71.445057,0.1641029428916439
2019-03-04,41.750925,-71.445057,52.93315154391878
2019-03-05,41.750925,-71.445057,0.0
2019-03-06,41.750925,-71.445057,0.0
2019-03-07,41.750925,-71.445057,0.0
2019-03-08,41.750925,-71.445057,0.015953975090955454
2019-03-09,41.750925,-71.445057,0.0
2019-03-10,41.750925,-71.445057,5.847317023044898
2019-03-11,41.750925,-71.445057,0.8126883926036078
2019-03-12,41.750925,-71.445057,0.0
2019-03-13,41.750925,-71.445057,0.0002447164146535124
2019-03-14,41.750925,-71.445057,0.3673481911627255
2019-03-15,41.750925,-71.445057,7.60113773378963
2019-03-16,41.750925,-71.445057,0.821383586217016
2019-03-17,41.750925,-71.445057,0.0
2019-03-18,41.750925,-71.445057,0.0
2019-03-19,41.750925,-71.445057,0.0
2019-03-20,41.750925,-71.445057,0.0
2019-03-21,41.750925,-71.445057,0.06768799951204606
2019-03-22,41.750925,-71.445057,18.619421654427914
2019-03-23,41.750925,-71.445057,0.12881563203562835
2019-03-24,41.750925,-71.445057,0.027234190666030347
2019-03-25,41.750925,-71.445057,0.03510854539910488
2019-03-26,41.750925,-71.445057,0.0
2019-03-27,41.750925,-71.445057,4.56952174719286e-06
2019-03-28,41.750925,-71.445057,0.0
2019-03-29,41.750925,-71.445057,0.430612159885085
2019-03-30,41.750925,-71.445057,0.049537497047340846
2019-03-31,41.750925,-71.445057,2.7839014842921683
2019-04-01,41.750925,-71.445057,0.0
2019-04-02,41.750925,-71.445057,0.0
2019-04-03,41.750925,-71.445057,29.71796332747179
2019-04-04,41.750925,-71.445057,0.0
2019-04-05,41.750925,-71.445057,1.1805211689783883
2019-04-06,41.750925,-71.445057,2.5360724430846506
2019-04-07,41.750925,-71.445057,0.0
2019-04-08,41.750925,-71.445057,13.983842007627743
2019-04-09,41.750925,-71.445057,1.7154022417396544
2019-04-10,41.750925,-71.445057,0.0
2019-04-11,41.750925,-71.445057,0.00469530713976837
2019-04-12,41.750925,-71.445057,0.1307552262283235
2019-04-13,41.750925,-71.445057,23.43711504113526
2019-04-14,41.750925,-71.445057,0.8127598335831848
2019-04-15,41.750925,-71.445057,17.526606783944608
2019-04-16,41.750925,-71.445057,0.0
2019-04-17,41.750925,-71.445057,0.00941806694924428
2019-04-18,41.750925,-71.445057,0.614694013721455
2019-04-19,41.750925,-71.445057,0.004796963950806224
2019-04-20,41.750925,-71.445057,22.90115791499519
2019-04-21,41.750925,-71.445057,9.471998937673723
2019-04-22,41.750925,-71.445057,7.660129183326567
2019-04-23,41.750925,-71.445057,0.765477969699499
2019-04-24,41.750925,-71.445057,5.094990363335524
2019-04-25,41.750925,-71.445057,0.04957682418464982
2019-04-26,41.750925,-71.445057,17.848028824541494
2019-04-27,41.750925,-71.445057,11.267013616007395
2019-04-28,41.750925,-71.445057,1.8057373190941441
2019-04-29,41.750925,-71.445057,0.2125536358283628
2019-04-30,41.750925,-71.445057,5.346947143915783
2019-05-01,41.750925,-71.445057,0.015551227106183719
2019-05-02,41.750925,-71.445057,0.61166196523902
2019-05-03,41.750925,-71.445057,2.524132526243316
2019-05-04,41.750925,-71.445057,3.5497132265262783
2019-05-05,41.750925,-71.445057,17.835231763543657
2019-05-06,41.750925,-71.445057,12.927388947323164
2019-05-07,41.750925,-71.445057,0.0
2019-05-08,41.750925,-71.445057,1.0165329762414421
2019-05-09,41.750925,-71.445057,0.00941806694924428
2019-05-10,41.750925,-71.445057,1.0695178416524587
2019-05-11,41.750925,-71.445057,0.2965959485393737
2019-05-12,41.750925,-71.445057,29.83804619460361
2019-05-13,41.750925,-71.445057,4.317633288244835
2019-05-14,41.750925,-71.445057,4.758839012107039
2019-05-15,41.750925,-71.445057,0.0
2019-05-16,41.750925,-71.445057,0.024039168847039064
2019-05-17,41.750925,-71.445057,1.0969725069006344
2019-05-18,41.750925,-71.445057,0.38412362976757575
2019-05-19,41.750925,-71.445057,0.01883613389848856
2019-05-20,41.750925,-71.445057,5.710405182182947
2019-05-21,41.750925,-71.445057,0.03296323169097742
2019-05-22,41.750925,-71.445057,0.0
2019-05-23,41.750925,-71.445057,0.0783597691335493
2019-05-24,41.750925,-71.445057,0.15775899222475032
2019-05-25,41.750925,-71.445057,2.5132370035130615e-05
2019-05-26,41.750925,-71.445057,0.3852695492179951
2019-05-27,41.750925,-71.445057,0.031058730959312938
2019-05-28,41.750925,-71.445057,0.20280066149211062
2019-05-29,41.750925,-71.445057,2.1108490940875306
2019-05-30,41.750925,-71.445057,7.605514251825504
2019-05-31,41.750925,-71.445057,6.740226608890096
2019-06-01,41.750925,-71.445057,0.0014948181442644066
2019-06-02,41.750925,-71.445057,0.07174481005760149
2019-06-03,41.750925,-71.445057,1.3409421229709284
2019-06-04,41.750925,-71.445057,0.0
2019-06-05,41.750925,-71.445057,0.08978321684929044
2019-06-06,41.750925,-71.445057,2.294409241098976
2019-06-07,41.750925,-71.445057,0.02814238773073591
2019-06-08,41.750925,-71.445057,0.13656196988691624
2019-06-09,41.750925,-71.445057,0.0
2019-06-10,41.750925,-71.445057,0.31238336553868534
2019-06-11,41.750925,-71.445057,22.324219024274836
2019-06-12,41.750925,-71.445057,0.0
2019-06-13,41.750925,-71.445057,16.806226106440246
2019-06-14,41.750925,-71.445057,0.00017586095236816744
2019-06-15,41.750925,-71.445057,0.004953749889275653
2019-06-16,41.750925,-71.445057,4.550759914375223
2019-06-17,41.750925,-71.445057,0.18860346532991315
2019-06-18,41.750925,-71.445057,13.862974001088784
2019-06-19,41.750925,-71.445057,0.41022404784962
2019-06-20,41.750925,-71.445057,3.1514742519866448
2019-06-21,41.750925,-71.445057,13.868311962928583
2019-06-22,41.750925,-71.445057,0.9228038050218202
2019-06-23,41.750925,-71.445057,0.0
2019-06-24,41.750925,-71.445057,0.03410252979547409
2019-06-25,41.750925,-71.445057,11.720344171750563
2019-06-26,41.750925,-71.445057,0.0
2019-06-27,41.750925,-71.445057,0.0
2019-06-28,41.750925,-71.445057,0.0012235820276855767
2019-06-29,41.750925,-71.445057,14.856848771561404
2019-06-30,41.750925,-71.445057,8.917481518901234
2019-07-01,41.750925,-71.445057,3.198665308148979e-05
2019-07-02,41.750925,-71.445057,0.723186673563825
2019-07-03,41.750925,-71.445057,0.019999999552965164
2019-07-04,41.750925,-71.445057,0.16820013588702257
2019-07-05,41.750925,-71.445057,0.0
2019-07-06,41.750925,-71.445057,1.8025347603623993
2019-07-07,41.750925,-71.445057,2.734592202605338
2019-07-08,41.750925,-71.445057,0.001713014948156572
2019-07-09,41.750925,-71.445057,0.0
2019-07-10,41.750925,-71.445057,0.0
2019-07-11,41.750925,-71.445057,0.04027189042225036
2019-07-12,41.750925,-71.445057,20.294978592990862
2019-07-13,41.750925,-71.445057,0.0
2019-07-14,41.750925,-71.445057,0.0
2019-07-15,41.750925,-71.445057,0.0
2019-07-16,41.750925,-71.445057,0.0
2019-07-17,41.750925,-71.445057,2.0291069574620253
2019-07-18,41.750925,-71.445057,5.214046097298439
2019-07-19,41.750925,-71.445057,0.00470903347462214
2019-07-20,41.750925,-71.445057,0.009505997425428365
2019-07-21,41.750925,-71.445057,0.735986601936254
2019-07-22,41.750925,-71.445057,2.995259790184654
2019-07-23,41.750925,-71.445057,58.32727531364315
2019-07-24,41.750925,-71.445057,14.254322273751555
2019-07-25,41.750925,-71.445057,0.0
2019-07-26,41.750925,-71.445057,0.0
2019-07-27,41.750925,-71.445057,0.08816383101293099
2019-07-28,41.750925,-71.445057,0.0
2019-07-29,41.750925,-71.445057,1.4546267117279637
2019-07-30,41.750925,-71.445057,0.0
2019-07-31,41.750925,-71.445057,0.00048361762720162434
2019-08-01,41.750925,-71.445057,0.2415103241313224
2019-08-02,41.750925,-71.445057,0.0
2019-08-03,41.750925,-71.445057,0.1288757620307021
2019-08-04,41.750925,-71.445057,0.0003386993886581319
2019-08-05,41.750925,-71.445057,0.0
2019-08-06,41.750925,-71.445057,3.531743613168631
2019-08-07,41.750925,-71.445057,0.5959848138415331
2019-08-08,41.750925,-71.445057,2.269005865115383
2019-08-09,41.750925,-71.445057,0.24679860392059216
2019-08-10,41.750925,-71.445057,1.231035876381246
2019-08-11,41.750925,-71.445057,0.0
2019-08-12,41.750925,-71.445057,0.0
2019-08-13,41.750925,-71.445057,9.585962158464714
2019-08-14,41.750925,-71.445057,0.5376069863937811
2019-08-15,41.750925,-71.445057,0.2666685734709434
2019-08-16,41.750925,-71.445057,0.0
2019-08-17,41.750925,-71.445057,3.3545563416300763
2019-08-18,41.750925,-71.445057,0.006128402059604077
2019-08-19,41.750925,-71.445057,19.03686305988433
2019-08-20,41.750925,-71.445057,0.0009788656586140496
2019-08-21,41.750925,-71.445057,1.0342356055091535
2019-08-22,41.750925,-71.445057,7.349086077201426
2019-08-23,41.750925,-71.445057,5.9042714250071455
2019-08-24,41.750925,-71.445057,0.005443182718582677
2019-08-25,41.750925,-71.445057,0.0
2019-08-26,41.750925,-71.445057,0.0
2019-08-27,41.750925,-71.445057,0.36860556814757794
2019-08-28,41.750925,-71.445057,24.24621055143205
2019-08-29,41.750925,-71.445057,14.999338878273697
2019-08-30,41.750925,-71.445057,0.0
2019-08-31,41.750925,-71.445057,0.0
2019-09-01,41.750925,-71.445057,0.19205949518141865
2019-09-02,41.750925,-71.445057,4.653461966803736
2019-09-03,41.750925,-71.445057,0.03081789318955619
2019-09-04,41.750925,-71.445057,3.139555624980067
2019-09-05,41.750925,-71.445057,0.004997715127367694
2019-09-06,41.750925,-71.445057,6.797932063260469
2019-09-07,41.750925,-71.445057,10.331808357691314
2019-09-08,41.750925,-71.445057,0.0
2019-09-09,41.750925,-71.445057,0.010354939496264712
2019-09-10,41.750925,-71.445057,0.0
2019-09-11,41.750925,-71.445057,0.11499464877336994
2019-09-12,41.750925,-71.445057,6.020555280763301
2019-09-13,41.750925,-71.445057,0.0
2019-09-14,41.750925,-71.445057,0.010154500954078414
2019-09-15,41.750925,-71.445057,0.34813366502219634
2019-09-16,41.750925,-71.445057,0.00470903347462214
2019-09-17,41.750925,-71.445057,0.0
2019-09-18,41.750925,-71.445057,0.0
2019-09-19,41.750925,-71.445057,0.0
2019-09-20,41.750925,-71.445057,0.0
2019-09-21,41.750925,-71.445057,0.0
2019-09-22,41.750925,-71.445057,0.0
2019-09-23,41.750925,-71.445057,0.0
2019-09-24,41.750925,-71.445057,4.792510009070726
2019-09-25,41.750925,-71.445057,0.0
2019-09-26,41.750925,-71.445057,3.9685845281360943
2019-09-27,41.750925,-71.445057,0.0
2019-09-28,41.750925,-71.445057,0.0
2019-09-29,41.750925,-71.445057,0.06758001097651825
2019-09-30,41.750925,-71.445057,0.39432887619457346
2019-10-01,41.750925,-71.445057,0.0
2019-10-02,41.750925,-71.445057,0.24675139044652702
2019-10-03,41.750925,-71.445057,1.1260081208252577
2019-10-04,41.750925,-71.445057,0.14053320531249683
2019-10-05,41.750925,-71.445057,0.0
2019-10-06,41.750925,-71.445057,0.0
2019-10-07,41.750925,-71.445057,0.009642550819106676
2019-10-08,41.750925,-71.445057,2.088237642489286
2019-10-09,41.750925,-71.445057,20.970143194581745
2019-10-10,41.750925,-71.445057,11.882219810646067
2019-10-11,41.750925,-71.445057,0.22252129136214394
2019-10-12,41.750925,-71.445057,0.0002447164146535124
2019-10-13,41.750925,-71.445057,0.0
2019-10-14,41.750925,-71.445057,0.45913905822745776
2019-10-15,41.750925,-71.445057,0.0
2019-10-16,41.750925,-71.445057,8.952463493111967
2019-10-17,41.750925,-71.445057,40.15068411963715
2019-10-18,41.750925,-71.445057,0.0
2019-10-19,41.750925,-71.445057,0.0
2019-10-20,41.750925,-71.445057,4.248391152624687
2019-10-21,41.750925,-71.445057,2.896869485754
2019-10-22,41.750925,-71.445057,0.11199434269423385
2019-10-23,41.750925,-71.445057,1.9845488090815522
2019-10-24,41.750925,-71.445057,0.0
2019-10-25,41.750925,-71.445057,0.0007341492439605372
2019-10-26,41.750925,-71.445057,0.5434759704198061
2019-10-27,41.750925,-71.445057,37.786022223675516
2019-10-28,41.750925,-71.445057,0.0
2019-10-29,41.750925,-71.445057,0.0
2019-10-30,41.750925,-71.445057,0.005787253413362686
2019-10-31,41.750925,-71.445057,8.698770309705594
2019-11-01,41.750925,-71.445057,0.9753817715851614
2019-11-02,41.750925,-71.445057,0.0
2019-11-03,41.750925,-71.445057,0.0
2019-11-04,41.750925,-71.445057,0.0
2019-11-05,41.750925,-71.445057,11.034327721949472
2019-11-06,41.750925,-71.445057,0.0022024476862996262
2019-11-07,41.750925,-71.445057,1.4105338111711812
2019-11-08,41.750925,-71.445057,3.3453471893547504
2019-11-09,41.750925,-71.445057,0.0
2019-11-10,41.750925,-71.445057,0.01883613389848856
2019-11-11,41.750925,-71.445057,9.706951967846943e-05
2019-11-12,41.750925,-71.445057,11.603341199754812
2019-11-13,41.750925,-71.445057,0.4861747268634218
2019-11-14,41.750925,-71.445057,0.0
2019-11-15,41.750925,-71.445057,0.00337106001868302
2019-11-16,41.750925,-71.445057,0.0
2019-11-17,41.750925,-71.445057,0.09023332557058991
2019-11-18,41.750925,-71.445057,5.7753487303676865
2019-11-19,41.750925,-71.445057,1.2775986906716794
2019-11-20,41.750925,-71.445057,0.039917413805525666
2019-11-21,41.750925,-71.445057,0.0
2019-11-22,41.750925,-71.445057,8.850148318275
2019-11-23,41.750925,-71.445057,0.0
2019-11-24,41.750925,-71.445057,38.99178144929219
2019-11-25,41.750925,-71.445057,0.06597938310704918
2019-11-26,41.750925,-71.445057,0.0
2019-11-27,41.750925,-71.445057,5.1514365489769425
2019-11-28,41.750925,-71.445057,1.0814952068757715
2019-11-29,41.750925,-71.445057,0.0
2019-11-30,41.750925,-71.445057,4.396523809204186e-05
2019-12-01,41.750925,-71.445057,9.919892318428191
2019-12-02,41.750925,-71.445057,3.5010597839285738
2019-12-03,41.750925,-71.445057,1.6744413898331307
2019-12-04,41.750925,-71.445057,0.0102198259423753
2019-12-05,41.750925,-71.445057,0.0
2019-12-06,41.750925,-71.445057,0.29759538817779096
2019-12-07,41.750925,-71.445057,0.0
2019-12-08,41.750925,-71.445057,0.0
2019-12-09,41.750925,-71.445057,29.746384484224826
2019-12-10,41.750925,-71.445057,42.1059385324582
2019-12-11,41.750925,-71.445057,10.836575653873512
2019-12-12,41.750925,-71.445057,0.0
2019-12-13,41.750925,-71.445057,0.9611080964529156
2019-12-14,41.750925,-71.445057,62.19964682690135
2019-12-15,41.750925,-71.445057,0.14397428964223902
2019-12-16,41.750925,-71.445057,0.0
2019-12-17,41.750925,-71.445057,17.591206287618284
2019-12-18,41.750925,-71.445057,1.173110222837185
2019-12-19,41.750925,-71.445057,0.0
2019-12-20,41.750925,-71.445057,0.0
2019-12-21,41.750925,-71.445057,0.0
2019-12-22,41.750925,-71.445057,0.04264509182302566
2019-12-23,41.750925,-71.445057,0.005681026899100838
2019-12-24,41.750925,-71.445057,0.0
2019-12-25,41.750925,-71.445057,0.0
2019-12-26,41.750925,-71.445057,0.4252046670504462
2019-12-27,41.750925,-71.445057,0.49540281361711663
2019-12-28,41.750925,-71.445057,0.0
2019-12-29,41.750925,-71.445057,0.5676887215832453
2019-12-30,41.750925,-71.445057,30.658465526327582
2019-12-31,41.750925,-71.445057,0.0007532242578592759
2020-01-01,41.750925,-71.445057,0.002691880606770622
2020-01-02,41.750925,-71.445057,0.0018009104349476243
2020-01-03,41.750925,-71.445057,10.53312039922823
2020-01-04,41.750925,-71.445057,14.666297303309198
2020-01-05,41.750925,-71.445057,4.341455661241059
2020-01-06,41.750925,-71.445057,0.0
2020-01-07,41.750925,-71.445057,0.0
2020-01-08,41.750925,-71.445057,1.3591683912460764
2020-01-09,41.750925,-71.445057,0.0
2020-01-10,41.750925,-71.445057,0.027979922940548636
2020-01-11,41.750925,-71.445057,1.089488733466766
2020-01-12,41.750925,-71.445057,3.5312455782904775
2020-01-13,41.750925,-71.445057,2.3536439529652844
2020-01-14,41.750925,-71.445057,0.21333948115959636
2020-01-15,41.750925,-71.445057,0.009907499778551305
2020-01-16,41.750925,-71.445057,0.14477130304163713
2020-01-17,41.750925,-71.445057,0.0
2020-01-18,41.750925,-71.445057,0.12967589013336042
2020-01-19,41.750925,-71.445057,1.2728183973470215
2020-01-20,41.750925,-71.445057,0.0
2020-01-21,41.750925,-71.445057,0.0
2020-01-22,41.750925,-71.445057,0.0
2020-01-23,41.750925,-71.445057,0.0
2020-01-24,41.750925,-71.445057,0.11689602288381806
2020-01-25,41.750925,-71.445057,9.27896581385351
2020-01-26,41.750925,-71.445057,8.449319468463498
2020-01-27,41.750925,-71.445057,0.0
2020-01-28,41.750925,-71.445057,0.0
2020-01-29,41.750925,-71.445057,0.0
2020-01-30,41.750925,-71.445057,0.0
2020-01-31,41.750925,-71.445057,0.186021956871583
2020-02-01,41.750925,-71.445057,0.7853045954916886
2020-02-02,41.750925,-71.445057,0.14887068938744835
2020-02-03,41.750925,-71.445057,0.0
2020-02-04,41.750925,-71.445057,4.4083584170182695
2020-02-05,41.750925,-71.445057,2.4614821419024464
2020-02-06,41.750925,-71.445057,8.200368781062679
2020-02-07,41.750925,-71.445057,26.730793041499037
2020-02-08,41.750925,-71.445057,0.0
2020-02-09,41.750925,-71.445057,0.0
2020-02-10,41.750925,-71.445057,7.700394922951364
2020-02-11,41.750925,-71.445057,14.127464469098753
2020-02-12,41.750925,-71.445057,0.16737279328812577
2020-02-13,41.750925,-71.445057,25.57615429907386
2020-02-14,41.750925,-71.445057,1.245985037861344
2020-02-15,41.750925,-71.445057,0.0
2020-02-16,41.750925,-71.445057,0.0
2020-02-17,41.750925,-71.445057,0.0
2020-02-18,41.750925,-71.445057,0.26320975907719746
2020-02-19,41.750925,-71.445057,2.8425461279326463
2020-02-20,41.750925,-71.445057,0.0
2020-02-21,41.750925,-71.445057,0.0
2020-02-22,41.750925,-71.445057,0.0
2020-02-23,41.750925,-71.445057,0.0
2020-02-24,41.750925,-71.445057,0.0
2020-02-25,41.750925,-71.445057,3.4930362021204724
2020-02-26,41.750925,-71.445057,0.09185811743388822
2020-02-27,41.750925,-71.445057,17.794136787576722
2020-02-28,41.750925,-71.445057,0.000805082834520004
2020-02-29,41.750925,-71.445057,0.0
2020-03-01,41.750925,-71.445057,0.0
2020-03-02,41.750925,-71.445057,0.014616533253173447
2020-03-03,41.750925,-71.445057,6.2961064489841885
2020-03-04,41.750925,-71.445057,9.045278474497321
2020-03-05,41.750925,-71.445057,0.02177273087433071
2020-03-06,41.750925,-71.445057,2.7275067465838565
2020-03-07,41.750925,-71.445057,2.5714438306197325
2020-03-08,41.750925,-71.445057,0.0
2020-03-09,41.750925,-71.445057,0.00018499999586255316
2020-03-10,41.750925,-71.445057,0.8918630133373125
2020-03-11,41.750925,-71.445057,0.00493088428471985
2020-03-12,41.750925,-71.445057,8.793047618408372e-05
2020-03-13,41.750925,-71.445057,1.1338996127155225
2020-03-14,41.750925,-71.445057,0.0
2020-03-15,41.750925,-71.445057,0.8184050068858073
2020-03-16,41.750925,-71.445057,0.00443428485621405
2020-03-17,41.750925,-71.445057,0.16054679576445
2020-03-18,41.750925,-71.445057,0.0
2020-03-19,41.750925,-71.445057,13.84858502230729
2020-03-20,41.750925,-71.445057,3.185045751641262
2020-03-21,41.750925,-71.445057,0.3258586595292045
2020-03-22,41.750925,-71.445057,0.0
2020-03-23,41.750925,-71.445057,41.85295423432387
2020-03-24,41.750925,-71.445057,22.591776534800218
2020-03-25,41.750925,-71.445057,0.016395136821682286
2020-03-26,41.750925,-71.445057,4.396523809204186e-05
2020-03-27,41.750925,-71.445057,1.2965958606074306
2020-03-28,41.750925,-71.445057,10.04085047409947
2020-03-29,41.750925,-71.445057,9.950768702395893
2020-03-30,41.750925,-71.445057,0.45492407855544786
2020-03-31,41.750925,-71.445057,0.0009880047021084352
2020-04-01,41.750925,-71.445057,0.0002470011755271088
2020-04-02,41.750925,-71.445057,4.321344851476451
2020-04-03,41.750925,-71.445057,10.29480960280806
2020-04-04,41.750925,-71.445057,0.26219867387342477
2020-04-05,41.750925,-71.445057,0.0
2020-04-06,41.750925,-71.445057,0.024885189167196908
2020-04-07,41.750925,-71.445057,0.0
2020-04-08,41.750925,-71.445057,2.8084461598987436
2020-04-09,41.750925,-71.445057,18.685051528788993
2020-04-10,41.750925,-71.445057,0.22445084544070837
2020-04-11,41.750925,-71.445057,0.0
2020-04-12,41.750925,-71.445057,0.23602562083481768
2020-04-13,41.750925,-71.445057,30.206810715344087
2020-04-14,41.750925,-71.445057,0.005198466303929165
2020-04-15,41.750925,-71.445057,9.843898785952788
2020-04-16,41.750925,-71.445057,0.0
2020-04-17,41.750925,-71.445057,0.25568328173777843
2020-04-18,41.750925,-71.445057,13.862462207774582
2020-04-19,41.750925,-71.445057,0.799917036890024
2020-04-20,41.750925,-71.445057,0.5818840580729644
2020-04-21,41.750925,-71.445057,8.233996859638074
2020-04-22,41.750925,-71.445057,0.0
2020-04-23,41.750925,-71.445057,0.019103024652614518
2020-04-24,41.750925,-71.445057,34.164783685771106
2020-04-25,41.750925,-71.445057,0.5748795078667909
2020-04-26,41.750925,-71.445057,7.184990033485004
2020-04-27,41.750925,-71.445057,0.5273685402713205
2020-04-28,41.750925,-71.445057,0.003915462634456198
2020-04-29,41.750925,-71.445057,0.0
2020-04-30,41.750925,-71.445057,8.782174764570925
2020-05-01,41.750925,-71.445057,18.161429177784782
2020-05-02,41.750925,-71.445057,0.19508061474880542
2020-05-03,41.750925,-71.445057,0.9644701205326719
2020-05-04,41.750925,-71.445057,5.596233770287995
2020-05-05,41.750925,-71.445057,0.0
2020-05-06,41.750925,-71.445057,0.5123189391864348
2020-05-07,41.750925,-71.445057,1.050036599024038
2020-05-08,41.750925,-71.445057,3.1248761862143413
2020-05-09,41.750925,-71.445057,5.335576526173053
2020-05-10,41.750925,-71.445057,6.854282620789289e-06
2020-05-11,41.750925,-71.445057,1.037530433915415
2020-05-12,41.750925,-71.445057,0.00312153187996748
2020-05-13,41.750925,-71.445057,0.009662783363897793
2020-05-14,41.750925,-71.445057,0.10456597345034205
2020-05-15,41.750925,-71.445057,4.4841127737812485
2020-05-16,41.750925,-71.445057,13.73026428600788
2020-05-17,41.750925,-71.445057,0.0012258667881336032
2020-05-18,41.750925,-71.445057,0.4385280037376656
2020-05-19,41.750925,-71.445057,0.4745948317309575
2020-05-20,41.750925,-71.445057,0.023545166495984846
2020-05-21,41.750925,-71.445057,0.0
2020-05-22,41.750925,-71.445057,0.0
2020-05-23,41.750925,-71.445057,16.42677836443021
2020-05-24,41.750925,-71.445057,0.4457186538594048
2020-05-25,41.750925,-71.445057,0.19601908946704916
2020-05-26,41.750925,-71.445057,0.0
2020-05-27,41.750925,-71.445057,0.0
2020-05-28,41.750925,-71.445057,0.0
2020-05-29,41.750925,-71.445057,0.15879685109261205
2020-05-30,41.750925,-71.445057,1.8590744574833027
2020-05-31,41.750925,-71.445057,0.0
2020-06-01,41.750925,-71.445057,0.0
2020-06-02,41.750925,-71.445057,3.2968473535497482
2020-06-03,41.750925,-71.445057,2.0526714684209857
2020-06-04,41.750925,-71.445057,0.8871038298496517
2020-06-05,41.750925,-71.445057,17.83619908286956
2020-06-06,41.750925,-71.445057,25.32741138203775
2020-06-07,41.750925,-71.445057,0.0
2020-06-08,41.750925,-71.445057,0.0
2020-06-09,41.750925,-71.445057,0.0
2020-06-10,41.750925,-71.445057,0.08442318069222904
2020-06-11,41.750925,-71.445057,14.644979130426817
2020-06-12,41.750925,-71.445057,0.26873472778897667
2020-06-13,41.750925,-71.445057,0.0
2020-06-14,41.750925,-71.445057,0.0
2020-06-15,41.750925,-71.445057,0.00807792621440173
2020-06-16,41.750925,-71.445057,0.0
2020-06-17,41.750925,-71.445057,0.0
2020-06-18,41.750925,-71.445057,0.5745021102176768
2020-06-19,41.750925,-71.445057,0.0
2020-06-20,41.750925,-71.445057,0.0
2020-06-21,41.750925,-71.445057,0.216316390205961
2020-06-22,41.750925,-71.445057,0.07973987900232922
2020-06-23,41.750925,-71.445057,0.0044048953725992525
2020-06-24,41.750925,-71.445057,0.010767522427082487
2020-06-25,41.750925,-71.445057,0.0
2020-06-26,41.750925,-71.445057,3.5771251413368175
2020-06-27,41.750925,-71.445057,13.611893454976
2020-06-28,41.750925,-71.445057,3.45897408281316
2020-06-29,41.750925,-71.445057,2.329799792641867
2020-06-30,41.750925,-71.445057,3.531976598279696
2020-07-01,41.750925,-71.445057,3.1647082248224634
2020-07-02,41.750925,-71.445057,1.0800432997373772
2020-07-03,41.750925,-71.445057,4.367206948963343
2020-07-04,41.750925,-71.445057,1.1096629299866005
2020-07-05,41.750925,-71.445057,0.0
2020-07-06,41.750925,-71.445057,0.01883613389848856
2020-07-07,41.750925,-71.445057,0.0
2020-07-08,41.750925,-71.445057,0.006319801770337303
2020-07-09,41.750925,-71.445057,0.0
2020-07-10,41.750925,-71.445057,0.03712341402068062
2020-07-11,41.750925,-71.445057,0.014609039953468978
2020-07-12,41.750925,-71.445057,0.0
2020-07-13,41.750925,-71.445057,2.2032511236876626
2020-07-14,41.750925,-71.445057,2.9740862982409553
2020-07-15,41.750925,-71.445057,0.23019378596771842
2020-07-16,41.750925,-71.445057,0.0
2020-07-17,41.750925,-71.445057,4.691753711083707
2020-07-18,41.750925,-71.445057,0.0
2020-07-19,41.750925,-71.445057,0.0
2020-07-20,41.750925,-71.445057,5.4926453991700805
2020-07-21,41.750925,-71.445057,0.0
2020-07-22,41.750925,-71.445057,1.5796864061842402
2020-07-23,41.750925,-71.445057,5.5645703305177365
2020-07-24,41.750925,-71.445057,2.5483167267312483
2020-07-25,41.750925,-71.445057,0.13705140271622326
2020-07-26,41.750925,-71.445057,0.0
2020-07-27,41.750925,-71.445057,0.0
2020-07-28,41.750925,-71.445057,2.388384808095936
2020-07-29,41.750925,-71.445057,0.0
2020-07-30,41.750925,-71.445057,0.08311316052099481
2020-07-31,41.750925,-71.445057,17.23913824122115
2020-08-01,41.750925,-71.445057,0.023545166495984846
2020-08-02,41.750925,-71.445057,0.3545554959691883
2020-08-03,41.750925,-71.445057,0.0
2020-08-04,41.750925,-71.445057,0.9910955228544723
2020-08-05,41.750925,-71.445057,0.0
2020-08-06,41.750925,-71.445057,0.22016744741689942
2020-08-07,41.750925,-71.445057,2.444239138326236
2020-08-08,41.750925,-71.445057,0.059006388772289496
2020-08-09,41.750925,-71.445057,0.0
2020-08-10,41.750925,-71.445057,0.0
2020-08-11,41.750925,-71.445057,0.0
2020-08-12,41.750925,-71.445057,0.12133745956262405
2020-08-13,41.750925,-71.445057,6.50217466147623
2020-08-14,41.750925,-71.445057,0.6537712624259444
2020-08-15,41.750925,-71.445057,0.6579222732332733
2020-08-16,41.750925,-71.445057,18.862790111824083
2020-08-17,41.750925,-71.445057,4.480212679119895
2020-08-18,41.750925,-71.445057,9.7484134856016
2020-08-19,41.750925,-71.445057,1.642670021215261
2020-08-20,41.750925,-71.445057,0.0
2020-08-21,41.750925,-71.445057,0.0
2020-08-22,41.750925,-71.445057,6.256662546253252
2020-08-23,41.750925,-71.445057,0.0
2020-08-24,41.750925,-71.445057,1.0038694275596312
2020-08-25,41.750925,-71.445057,0.33181582531938664
2020-08-26,41.750925,-71.445057,0.0
2020-08-27,41.750925,-71.445057,14.37778888386241
2020-08-28,41.750925,-71.445057,0.5308631882322093
2020-08-29,41.750925,-71.445057,7.939558940129661
2020-08-30,41.750925,-71.445057,0.004716324633223466
2020-08-31,41.750925,-71.445057,0.0016069779975613537
2020-09-01,41.750925,-71.445057,0.9469216377414552
2020-09-02,41.750925,-71.445057,4.69638946818856
2020-09-03,41.750925,-71.445057,0.4018765333248393
2020-09-04,41.750925,-71.445057,0.09337134820376868
2020-09-05,41.750925,-71.445057,0.0
2020-09-06,41.750925,-71.445057,0.0
2020-09-07,41.750925,-71.445057,0.0
2020-09-08,41.750925,-71.445057,0.0
2020-09-09,41.750925,-71.445057,4.367993177370435
2020-09-10,41.750925,-71.445057,8.908021945427057
2020-09-11,41.750925,-71.445057,2.3684238168433844
2020-09-12,41.750925,-71.445057,0.0
2020-09-13,41.750925,-71.445057,0.0
2020-09-14,41.750925,-71.445057,5.028096657869314
2020-09-15,41.750925,-71.445057,0.0
2020-09-16,41.750925,-71.445057,0.0
2020-09-17,41.750925,-71.445057,0.0
2020-09-18,41.750925,-71.445057,12.788700082169429
2020-09-19,41.750925,-71.445057,0.0
2020-09-20,41.750925,-71.445057,0.0
2020-09-21,41.750925,-71.445057,0.0
2020-09-22,41.750925,-71.445057,0.0
2020-09-23,41.750925,-71.445057,0.0
2020-09-24,41.750925,-71.445057,0.08421375088580962
2020-09-25,41.750925,-71.445057,0.0
2020-09-26,41.750925,-71.445057,0.002936596975842149
2020-09-27,41.750925,-71.445057,0.0
2020-09-28,41.750925,-71.445057,0.9658233778062328
2020-09-29,41.750925,-71.445057,0.3007446736364739
2020-09-30,41.750925,-71.445057,19.280546939309296
2020-10-01,41.750925,-71.445057,0.0
2020-10-02,41.750925,-71.445057,0.0
2020-10-03,41.750925,-71.445057,0.0
2020-10-04,41.750925,-71.445057,0.0
2020-10-05,41.750925,-71.445057,3.6259232453458714
2020-10-06,41.750925,-71.445057,0.0
2020-10-07,41.750925,-71.445057,4.1875908781710445
2020-10-08,41.750925,-71.445057,0.11577514203711219
2020-10-09,41.750925,-71.445057,0.0
2020-10-10,41.750925,-71.445057,0.009505997425428365
2020-10-11,41.750925,-71.445057,0.00941806694924428
2020-10-12,41.750925,-71.445057,24.93492311880955
2020-10-13,41.750925,-71.445057,8.918654408946837
2020-10-14,41.750925,-71.445057,0.0
2020-10-15,41.750925,-71.445057,0.0
2020-10-16,41.750925,-71.445057,0.04652768301282725
2020-10-17,41.750925,-71.445057,51.55279107217461
2020-10-18,41.750925,-71.445057,0.0
2020-10-19,41.750925,-71.445057,0.19801525993104954
2020-10-20,41.750925,-71.445057,1.5167594033929943
2020-10-21,41.750925,-71.445057,0.0
2020-10-22,41.750925,-71.445057,0.0
2020-10-23,41.750925,-71.445057,0.0
2020-10-24,41.750925,-71.445057,0.0
2020-10-25,41.750925,-71.445057,0.0002860842471797719
2020-10-26,41.750925,-71.445057,1.3119642149009283
2020-10-27,41.750925,-71.445057,2.5614912052782746
2020-10-28,41.750925,-71.445057,7.364694890789882
2020-10-29,41.750925,-71.445057,29.373881646435528
2020-10-30,41.750925,-71.445057,17.66985447756412
2020-10-31,41.750925,-71.445057,0.0
2020-11-01,41.750925,-71.445057,6.839154977516359
2020-11-02,41.750925,-71.445057,4.133780446531445
2020-11-03,41.750925,-71.445057,0.3701571511335311
2020-11-04,41.750925,-71.445057,0.0
2020-11-05,41.750925,-71.445057,0.0
2020-11-06,41.750925,-71.445057,0.0
2020-11-07,41.750925,-71.445057,0.08947163689494653
2020-11-08,41.750925,-71.445057,0.0
2020-11-09,41.750925,-71.445057,0.0
2020-11-10,41.750925,-71.445057,0.0
2020-11-11,41.750925,-71.445057,2.7985196819555833
2020-11-12,41.750925,-71.445057,46.2402471901416
2020-11-13,41.750925,-71.445057,1.5352919484039165
2020-11-14,41.750925,-71.445057,0.0
2020-11-15,41.750925,-71.445057,0.0
2020-11-16,41.750925,-71.445057,5.019699077562082
2020-11-17,41.750925,-71.445057,0.0
2020-11-18,41.750925,-71.445057,0.0002447164146535124
2020-11-19,41.750925,-71.445057,0.0009788656586140496
2020-11-20,41.750925,-71.445057,0.5429348978293259
2020-11-21,41.750925,-71.445057,0.03947712754073186
2020-11-22,41.750925,-71.445057,0.14929093899040338
2020-11-23,41.750925,-71.445057,60.787692873143826
2020-11-24,41.750925,-71.445057,0.0
2020-11-25,41.750925,-71.445057,1.4302545718460646
2020-11-26,41.750925,-71.445057,7.536312111491171
2020-11-27,41.750925,-71.445057,0.0
2020-11-28,41.750925,-71.445057,0.0
2020-11-29,41.750925,-71.445057,0.0
2020-11-30,41.750925,-71.445057,27.023267099255275
2020-12-01,41.750925,-71.445057,13.957471107882524
2020-12-02,41.750925,-71.445057,0.0
2020-12-03,41.750925,-71.445057,0.0
2020-12-04,41.750925,-71.445057,2.22008751073695
2020-12-05,41.750925,-71.445057,80.33981867957546
2020-12-06,41.750925,-71.445057,0.425293444659091
2020-12-07,41.750925,-71.445057,0.0
2020-12-08,41.750925,-71.445057,0.0
2020-12-09,41.750925,-71.445057,1.005650030717479
2020-12-10,41.750925,-71.445057,0.0
2020-12-11,41.750925,-71.445057,0.0
2020-12-12,41.750925,-71.445057,9.586747602020523
2020-12-13,41.750925,-71.445057,0.02193516031613294
2020-12-14,41.750925,-71.445057,7.221369177417035
2020-12-15,41.750925,-71.445057,0.0
2020-12-16,41.750925,-71.445057,0.0002637914285522511
2020-12-17,41.750925,-71.445057,11.754106677571405
2020-12-18,41.750925,-71.445057,0.0
2020-12-19,41.750925,-71.445057,0.0
2020-12-20,41.750925,-71.445057,1.0732963710413201
2020-12-21,41.750925,-71.445057,0.012002527890650034
2020-12-22,41.750925,-71.445057,0.43803945242695436
2020-12-23,41.750925,-71.445057,0.0001547433221609501
2020-12-24,41.750925,-71.445057,0.0
2020-12-25,41.750925,-71.445057,83.10155653553457
2020-12-26,41.750925,-71.445057,1.0241520416060164
2020-12-27,41.750925,-71.445057,0.0
2020-12-28,41.750925,-71.445057,0.0
2020-12-29,41.750925,-71.445057,0.0
2020-12-30,41.750925,-71.445057,0.0007341492439605372
2020-12-31,41.750925,-71.445057,5.44848483161771
2021-01-01,41.750925,-71.445057,0.0
2021-01-02,41.750925,-71.445057,10.475670389015724
2021-01-03,41.750925,-71.445057,1.5930867687359678
2021-01-04,41.750925,-71.445057,1.3237872456122195
2021-01-05,41.750925,-71.445057,0.0
2021-01-06,41.750925,-71.445057,0.0
2021-01-07,41.750925,-71.445057,0.0
2021-01-08,41.750925,-71.445057,0.0
2021-01-09,41.750925,-71.445057,0.0
2021-01-10,41.750925,-71.445057,0.0
2021-01-11,41.750925,-71.445057,0.22309025607995459
2021-01-12,41.750925,-71.445057,0.0
2021-01-13,41.750925,-71.445057,0.0
2021-01-14,41.750925,-71.445057,0.0
2021-01-15,41.750925,-71.445057,0.0007784830385249259
2021-01-16,41.750925,-71.445057,67.34773158295155
2021-01-17,41.750925,-71.445057,0.0
2021-01-18,41.750925,-71.445057,0.0
2021-01-19,41.750925,-71.445057,0.0
2021-01-20,41.750925,-71.445057,0.0
2021-01-21,41.750925,-71.445057,0.0
2021-01-22,41.750925,-71.445057,0.0
2021-01-23,41.750925,-71.445057,0.0
2021-01-24,41.750925,-71.445057,0.0
2021-01-25,41.750925,-71.445057,0.2783210177125947
2021-01-26,41.750925,-71.445057,0.00021982618227104532
2021-01-27,41.750925,-71.445057,0.008075641455655983
2021-01-28,41.750925,-71.445057,0.0
2021-01-29,41.750925,-71.445057,0.0
2021-01-30,41.750925,-71.445057,0.0
2021-01-31,41.750925,-71.445057,0.0229967510310622
2021-02-01,41.750925,-71.445057,19.219886543857044
2021-02-02,41.750925,-71.445057,2.1822656656774377
2021-02-03,41.750925,-71.445057,0.0
2021-02-04,41.750925,-71.445057,0.0
2021-02-05,41.750925,-71.445057,5.5816224140538875
2021-02-06,41.750925,-71.445057,0.0
2021-02-07,41.750925,-71.445057,18.571165766915996
2021-02-08,41.750925,-71.445057,0.0
2021-02-09,41.750925,-71.445057,1.2492841298169384
2021-02-10,41.750925,-71.445057,0.0
2021-02-11,41.750925,-71.445057,0.49084308913019586
2021-02-12,41.750925,-71.445057,0.0
2021-02-13,41.750925,-71.445057,1.3469012817857762
2021-02-14,41.750925,-71.445057,5.443812667160398
2021-02-15,41.750925,-71.445057,1.6400554343015161
2021-02-16,41.750925,-71.445057,18.651355435242717
2021-02-17,41.750925,-71.445057,0.004704280287497708
2021-02-18,41.750925,-71.445057,4.1533594376679766
2021-02-19,41.750925,-71.445057,6.5622731630754325
2021-02-20,41.750925,-71.445057,0.3602077836739877
2021-02-21,41.750925,-71.445057,0.0
2021-02-22,41.750925,-71.445057,20.10550413799726
2021-02-23,41.750925,-71.445057,1.0134716801357684
2021-02-24,41.750925,-71.445057,0.0
2021-02-25,41.750925,-71.445057,0.32962602222221804
2021-02-26,41.750925,-71.445057,0.0
2021-02-27,41.750925,-71.445057,0.9455642987270432
2021-02-28,41.750925,-71.445057,0.5082177365352313
2021-03-01,41.750925,-71.445057,25.76132467543905
2021-03-02,41.750925,-71.445057,0.05524014654844997
2021-03-03,41.750925,-71.445057,0.0
2021-03-04,41.750925,-71.445057,0.0
2021-03-05,41.750925,-71.445057,0.0
2021-03-06,41.750925,-71.445057,0.0
2021-03-07,41.750925,-71.445057,0.0
2021-03-08,41.750925,-71.445057,0.0
2021-03-09,41.750925,-71.445057,0.0
2021-03-10,41.750925,-71.445057,0.0
2021-03-11,41.750925,-71.445057,0.2059965009352723
2021-03-12,41.750925,-71.445057,0.6473855923295181
2021-03-13,41.750925,-71.445057,0.0009788656586140496
2021-03-14,41.750925,-71.445057,0.1235779647599387
2021-03-15,41.750925,-71.445057,0.0
2021-03-16,41.750925,-71.445057,0.005509983988814195
2021-03-17,41.750925,-71.445057,0.07534453559395424
2021-03-18,41.750925,-71.445057,14.577637327946954
2021-03-19,41.750925,-71.445057,5.4699718479023165
2021-03-20,41.750925,-71.445057,0.0
2021-03-21,41.750925,-71.445057,0.0
2021-03-22,41.750925,-71.445057,0.0
2021-03-23,41.750925,-71.445057,0.0
2021-03-24,41.750925,-71.445057,0.8454298838729981
2021-03-25,41.750925,-71.445057,8.677606476128895
2021-03-26,41.750925,-71.445057,2.1091976466626936
2021-03-27,41.750925,-71.445057,0.0
2021-03-28,41.750925,-71.445057,13.401772808480505
2021-03-29,41.750925,-71.445057,12.742752944282614
2021-03-30,41.750925,-71.445057,0.0
2021-03-31,41.750925,-71.445057,0.27623763923177774
2021-04-01,41.750925,-71.445057,14.43591231258196
2021-04-02,41.750925,-71.445057,0.0
2021-04-03,41.750925,-71.445057,0.0
2021-04-04,41.750925,-71.445057,0.0
2021-04-05,41.750925,-71.445057,0.0002858421082503987
2021-04-06,41.750925,-71.445057,9.13904349438572e-06
2021-04-07,41.750925,-71.445057,0.004457444871415261
2021-04-08,41.750925,-71.445057,0.0
2021-04-09,41.750925,-71.445057,0.0
2021-04-10,41.750925,-71.445057,0.05394239980160283
2021-04-11,41.750925,-71.445057,7.220551121330465
2021-04-12,41.750925,-71.445057,2.1141188445478174
2021-04-13,41.750925,-71.445057,0.00958790381420954
2021-04-14,41.750925,-71.445057,0.0
2021-04-15,41.750925,-71.445057,3.933311422658427
2021-04-16,41.750925,-71.445057,11.591096880264674
2021-04-17,41.750925,-71.445057,1.9883809492344595
2021-04-18,41.750925,-71.445057,0.0
2021-04-19,41.750925,-71.445057,0.0
2021-04-20,41.750925,-71.445057,0.0
2021-04-21,41.750925,-71.445057,1.1098101698521097
2021-04-22,41.750925,-71.445057,0.24957876626084075
2021-04-23,41.750925,-71.445057,1.3708565241578578e-05
2021-04-24,41.750925,-71.445057,0.0
2021-04-25,41.750925,-71.445057,38.36857378154106
2021-04-26,41.750925,-71.445057,0.0
2021-04-27,41.750925,-71.445057,4.006760015026776
2021-04-28,41.750925,-71.445057,4.56541801339553
2021-04-29,41.750925,-71.445057,17.841687611077635
2021-04-30,41.750925,-71.445057,6.001218075247084
2021-05-01,41.750925,-71.445057,1.8915883701024583
2021-05-02,41.750925,-71.445057,3.1544776332797726
2021-05-03,41.750925,-71.445057,3.014832653256603
2021-05-04,41.750925,-71.445057,37.05500324716742
2021-05-05,41.750925,-71.445057,7.254744696965406
2021-05-06,41.750925,-71.445057,0.0
2021-05-07,41.750925,-71.445057,0.0
2021-05-08,41.750925,-71.445057,5.5380773216769725
2021-05-09,41.750925,-71.445057,1.3878741867770936
2021-05-10,41.750925,-71.445057,14.509669431346389
2021-05-11,41.750925,-71.445057,0.0
2021-05-12,41.750925,-71.445057,0.0
2021-05-13,41.750925,-71.445057,0.0
2021-05-14,41.750925,-71.445057,0.0
2021-05-15,41.750925,-71.445057,0.0
2021-05-16,41.750925,-71.445057,0.0
2021-05-17,41.750925,-71.445057,0.5436278060510107
2021-05-18,41.750925,-71.445057,9.249999793127658e-05
2021-05-19,41.750925,-71.445057,0.0007615663740181245
2021-05-20,41.750925,-71.445057,0.0
2021-05-21,41.750925,-71.445057,0.210070905805021
2021-05-22,41.750925,-71.445057,0.8357851865169564
2021-05-23,41.750925,-71.445057,0.01027912935418129
2021-05-24,41.750925,-71.445057,0.0
2021-05-25,41.750925,-71.445057,0.01883613389848856
2021-05-26,41.750925,-71.445057,0.4391400651879891
2021-05-27,41.750925,-71.445057,4.163643388702628
2021-05-28,41.750925,-71.445057,1.38351094156157
2021-05-29,41.750925,-71.445057,47.91360361500109
2021-05-30,41.750925,-71.445057,10.193172313223698
2021-05-31,41.750925,-71.445057,2.8155342691842704
2021-06-01,41.750925,-71.445057,0.0
2021-06-02,41.750925,-71.445057,0.7298565722745126
2021-06-03,41.750925,-71.445057,3.2558684934122413
2021-06-04,41.750925,-71.445057,16.28602412096359
2021-06-05,41.750925,-71.445057,0.17739339019465922
2021-06-06,41.750925,-71.445057,0.0
2021-06-07,41.750925,-71.445057,0.0
2021-06-08,41.750925,-71.445057,0.0757736065600867
2021-06-09,41.750925,-71.445057,1.7780651666783998
2021-06-10,41.750925,-71.445057,0.0005715480870073802
2021-06-11,41.750925,-71.445057,0.23776797253037255
2021-06-12,41.750925,-71.445057,2.6203029032588088
2021-06-13,41.750925,-71.445057,0.0
2021-06-14,41.750925,-71.445057,11.513189209890596
2021-06-15,41.750925,-71.445057,0.2220994200985042
2021-06-16,41.750925,-71.445057,0.0
2021-06-17,41.750925,-71.445057,0.0
2021-06-18,41.750925,-71.445057,0.0
2021-06-19,41.750925,-71.445057,0.840533916001915
2021-06-20,41.750925,-71.445057,6.836829937621144
2021-06-21,41.750925,-71.445057,0.0
2021-06-22,41.750925,-71.445057,16.04056722319512
2021-06-23,41.750925,-71.445057,2.170638685810823
2021-06-24,41.750925,-71.445057,0.0
2021-06-25,41.750925,-71.445057,0.043115449638433945
2021-06-26,41.750925,-71.445057,0.014868103950447747
2021-06-27,41.750925,-71.445057,0.0022024476862996262
2021-06-28,41.750925,-71.445057,0.0
2021-06-29,41.750925,-71.445057,0.0
2021-06-30,41.750925,-71.445057,0.49223092396071033
2021-07-01,41.750925,-71.445057,16.080382047720207
2021-07-02,41.750925,-71.445057,27.987116800790037
2021-07-03,41.750925,-71.445057,56.104095645096116
2021-07-04,41.750925,-71.445057,2.306308046791184
2021-07-05,41.750925,-71.445057,0.005383761213541244
2021-07-06,41.750925,-71.445057,18.738394246346076
2021-07-07,41.750925,-71.445057,12.19646942885102
2021-07-08,41.750925,-71.445057,11.888322599336401
2021-07-09,41.750925,-71.445057,48.27693393480153
2021-07-10,41.750925,-71.445057,1.6766088797440089
2021-07-11,41.750925,-71.445057,0.00036771523127707975
2021-07-12,41.750925,-71.445057,9.270389272566206
2021-07-13,41.750925,-71.445057,0.3314147345156346
2021-07-14,41.750925,-71.445057,0.0120139826510174
2021-07-15,41.750925,-71.445057,0.0004894328293070248
2021-07-16,41.750925,-71.445057,4.154404985423768
2021-07-17,41.750925,-71.445057,0.49926580825241357
2021-07-18,41.750925,-71.445057,2.490052200353488
2021-07-19,41.750925,-71.445057,0.062381595647149984
2021-07-20,41.750925,-71.445057,0.0
2021-07-21,41.750925,-71.445057,0.2370077512349671
2021-07-22,41.750925,-71.445057,0.03184508735987514
2021-07-23,41.750925,-71.445057,0.2799727530943956
2021-07-24,41.750925,-71.445057,0.0
2021-07-25,41.750925,-71.445057,11.11833643431746
2021-07-26,41.750925,-71.445057,0.0
2021-07-27,41.750925,-71.445057,0.0
2021-07-28,41.750925,-71.445057,6.507169063929148
2021-07-29,41.750925,-71.445057,3.552000173178059
2021-07-30,41.750925,-71.445057,0.0070179196208925675
2021-07-31,41.750925,-71.445057,0.0
2021-08-01,41.750925,-71.445057,0.0
2021-08-02,41.750925,-71.445057,0.39807451656097315
2021-08-03,41.750925,-71.445057,0.13835448266895564
2021-08-04,41.750925,-71.445057,33.64552123368854
2021-08-05,41.750925,-71.445057,38.1254392564047
2021-08-06,41.750925,-71.445057,0.0010477566255270136
2021-08-07,41.750925,-71.445057,0.08573688336120511
2021-08-08,41.750925,-71.445057,9.908475713178056
2021-08-09,41.750925,-71.445057,0.1273787618984307
2021-08-10,41.750925,-71.445057,0.0
2021-08-11,41.750925,-71.445057,0.3819875915486223
2021-08-12,41.750925,-71.445057,0.025821853469728817
2021-08-13,41.750925,-71.445057,3.4585088804588553
2021-08-14,41.750925,-71.445057,2.8162731710863693
2021-08-15,41.750925,-71.445057,0.0009788656586140496
2021-08-16,41.750925,-71.445057,0.01632426980463627
2021-08-17,41.750925,-71.445057,0.31171848914602857
2021-08-18,41.750925,-71.445057,1.9683501666285763
2021-08-19,41.750925,-71.445057,14.68807114364559
2021-08-20,41.750925,-71.445057,0.00047257209370651584
2021-08-21,41.750925,-71.445057,0.23233681630669595
2021-08-22,41.750925,-71.445057,18.9301229092944
2021-08-23,41.750925,-71.445057,2.013648879328441
2021-08-24,41.750925,-71.445057,2.706807238918538
2021-08-25,41.750925,-71.445057,0.0
2021-08-26,41.750925,-71.445057,0.0
2021-08-27,41.750925,-71.445057,6.741956005470622
2021-08-28,41.750925,-71.445057,0.022447458795577753
2021-08-29,41.750925,-71.445057,2.8791215528826597
2021-08-30,41.750925,-71.445057,0.24572975501344377
2021-08-31,41.750925,-71.445057,2.814574731305388
2021-09-01,41.750925,-71.445057,11.181927730803768
2021-09-02,41.750925,-71.445057,80.60930254100195
2021-09-03,41.750925,-71.445057,0.0
2021-09-04,41.750925,-71.445057,0.0
2021-09-05,41.750925,-71.445057,4.245776808085911
2021-09-06,41.750925,-71.445057,0.013533866235322302
2021-09-07,41.750925,-71.445057,0.0
2021-09-08,41.750925,-71.445057,0.0
2021-09-09,41.750925,-71.445057,27.26605566110751
2021-09-10,41.750925,-71.445057,6.941037536100254
2021-09-11,41.750925,-71.445057,0.0
2021-09-12,41.750925,-71.445057,0.003915462634456198
2021-09-13,41.750925,-71.445057,0.08126825686567751
2021-09-14,41.750925,-71.445057,0.0
2021-09-15,41.750925,-71.445057,0.0002447164146535124
2021-09-16,41.750925,-71.445057,7.722586295270166
2021-09-17,41.750925,-71.445057,0.2680455861000665
2021-09-18,41.750925,-71.445057,0.0
2021-09-19,41.750925,-71.445057,3.688445125016213
2021-09-20,41.750925,-71.445057,0.0
2021-09-21,41.750925,-71.445057,0.0
2021-09-22,41.750925,-71.445057,1.5633404288305326
2021-09-23,41.750925,-71.445057,0.0
2021-09-24,41.750925,-71.445057,9.087401719675608
2021-09-25,41.750925,-71.445057,0.0
2021-09-26,41.750925,-71.445057,10.03762201053425
2021-09-27,41.750925,-71.445057,0.009907499778551305
2021-09-28,41.750925,-71.445057,15.641863116744352
2021-09-29,41.750925,-71.445057,4.396523809204186e-05
2021-09-30,41.750925,-71.445057,0.0
2021-10-01,41.750925,-71.445057,0.0
2021-10-02,41.750925,-71.445057,0.055563896517067515
2021-10-03,41.750925,-71.445057,1.129393302458703
2021-10-04,41.750925,-71.445057,35.08692453298282
2021-10-05,41.750925,-71.445057,13.313311933810462
2021-10-06,41.750925,-71.445057,0.04636321471161703
2021-10-07,41.750925,-71.445057,0.0
2021-10-08,41.750925,-71.445057,0.0
2021-10-09,41.750925,-71.445057,0.009420351710117876
2021-10-10,41.750925,-71.445057,13.67284464478617
2021-10-11,41.750925,-71.445057,0.19841203623253875
2021-10-12,41.750925,-71.445057,0.0
2021-10-13,41.750925,-71.445057,0.0
2021-10-14,41.750925,-71.445057,0.0
2021-10-15,41.750925,-71.445057,0.5742121239761013
2021-10-16,41.750925,-71.445057,0.06709062787999039
2021-10-17,41.750925,-71.445057,13.756104303596652
2021-10-18,41.750925,-71.445057,0.0
2021-10-19,41.750925,-71.445057,0.0009921254867857156
2021-10-20,41.750925,-71.445057,0.0
2021-10-21,41.750925,-71.445057,0.014127100423866421
2021-10-22,41.750925,-71.445057,0.0
2021-10-23,41.750925,-71.445057,2.1393500582715093
2021-10-24,41.750925,-71.445057,0.0
2021-10-25,41.750925,-71.445057,8.695861813002859
2021-10-26,41.750925,-71.445057,18.99553126788771
2021-10-27,41.750925,-71.445057,13.534835006308459
2021-10-28,41.750925,-71.445057,0.0
2021-10-29,41.750925,-71.445057,0.0
2021-10-30,41.750925,-71.445057,18.41008597218048
2021-10-31,41.750925,-71.445057,15.269450976125732
2021-11-01,41.750925,-71.445057,0.0
2021-11-02,41.750925,-71.445057,1.1859270969443167
2021-11-03,41.750925,-71.445057,0.1272858968989757
2021-11-04,41.750925,-71.445057,0.0
2021-11-05,41.750925,-71.445057,0.0
2021-11-06,41.750925,-71.445057,0.0
2021-11-07,41.750925,-71.445057,0.5755600822025326
2021-11-08,41.750925,-71.445057,0.013761120333536329
2021-11-09,41.750925,-71.445057,0.0
2021-11-10,41.750925,-71.445057,0.7763828896470286
2021-11-11,41.750925,-71.445057,8.793047618408372e-05
2021-11-12,41.750925,-71.445057,39.55625286300636
2021-11-13,41.750925,-71.445057,0.22892858076300307
2021-11-14,41.750925,-71.445057,0.0
2021-11-15,41.750925,-71.445057,2.800954986607884
2021-11-16,41.750925,-71.445057,0.0
2021-11-17,41.750925,-71.445057,0.0
2021-11-18,41.750925,-71.445057,0.4382583251753678
2021-11-19,41.750925,-71.445057,5.156671071576661
2021-11-20,41.750925,-71.445057,5.310428158642758e-05
2021-11-21,41.750925,-71.445057,0.016699759922596313
2021-11-22,41.750925,-71.445057,8.497642071956845
2021-11-23,41.750925,-71.445057,0.0
2021-11-24,41.750925,-71.445057,0.0
2021-11-25,41.750925,-71.445057,0.22762797169061671
2021-11-26,41.750925,-71.445057,7.655497900552971
2021-11-27,41.750925,-71.445057,0.004999999888241291
2021-11-28,41.750925,-71.445057,0.0
2021-11-29,41.750925,-71.445057,0.0
2021-11-30,41.750925,-71.445057,0.0
2021-12-01,41.750925,-71.445057,0.0
2021-12-02,41.750925,-71.445057,4.813376577759876
2021-12-03,41.750925,-71.445057,0.13667960230316648
2021-12-04,41.750925,-71.445057,0.0
2021-12-05,41.750925,-71.445057,1.5736322825369968
2021-12-06,41.750925,-71.445057,5.075201457677012
2021-12-07,41.750925,-71.445057,2.445164804185916
2021-12-08,41.750925,-71.445057,1.6451878600497556
2021-12-09,41.750925,-71.445057,0.002211586729794012
2021-12-10,41.750925,-71.445057,0.011043186946626855
2021-12-11,41.750925,-71.445057,6.380707092796883
2021-12-12,41.750925,-71.445057,16.163559166695737
2021-12-13,41.750925,-71.445057,3.6049016392714464
2021-12-14,41.750925,-71.445057,0.0
2021-12-15,41.750925,-71.445057,1.4980145830383267
2021-12-16,41.750925,-71.445057,7.123460567876672
2021-12-17,41.750925,-71.445057,0.1285278887198793
2021-12-18,41.750925,-71.445057,3.9178293249525424
2021-12-19,41.750925,-71.445057,2.9105654444436326
2021-12-20,41.750925,-71.445057,0.0
2021-12-21,41.750925,-71.445057,0.0
2021-12-22,41.750925,-71.445057,1.3548845241916718
2021-12-23,41.750925,-71.445057,0.0
2021-12-24,41.750925,-71.445057,0.0
2021-12-25,41.750925,-71.445057,11.778689550692876
2021-12-26,41.750925,-71.445057,0.41519634728962856
2021-12-27,41.750925,-71.445057,0.0
2021-12-28,41.750925,-71.445057,0.20660027728573357
2021-12-29,41.750925,-71.445057,0.9202253610800597
2021-12-30,41.750925,-71.445057,1.9023922498586219
2021-12-31,41.750925,-71.445057,0.05799269350992751
2022-01-01,41.750925,-71.445057,3.323502074646489
2022-01-02,41.750925,-71.445057,21.33544907205443
2022-01-03,41.750925,-71.445057,1.3490102648028992
2022-01-04,41.750925,-71.445057,0.6175290544799117
2022-01-05,41.750925,-71.445057,7.605785173902746
2022-01-06,41.750925,-71.445057,0.015840115372022994
2022-01-07,41.750925,-71.445057,2.4740805308925187
2022-01-08,41.750925,-71.445057,0.0
2022-01-09,41.750925,-71.445057,0.7660816283048567
2022-01-10,41.750925,-71.445057,10.51180358088684
2022-01-11,41.750925,-71.445057,0.0
2022-01-12,41.750925,-71.445057,0.0
2022-01-13,41.750925,-71.445057,0.0
2022-01-14,41.750925,-71.445057,0.012697783982665686
2022-01-15,41.750925,-71.445057,0.0
2022-01-16,41.750925,-71.445057,0.0
2022-01-17,41.750925,-71.445057,35.699320722169475
2022-01-18,41.750925,-71.445057,0.0
2022-01-19,41.750925,-71.445057,0.0
2022-01-20,41.750925,-71.445057,3.4977483155524856
2022-01-21,41.750925,-71.445057,0.0
2022-01-22,41.750925,-71.445057,2.0478068367355933
2022-01-23,41.750925,-71.445057,0.0
2022-01-24,41.750925,-71.445057,0.0014797222918634867
2022-01-25,41.750925,-71.445057,0.03877870179268522
2022-01-26,41.750925,-71.445057,0.0
2022-01-27,41.750925,-71.445057,0.0
2022-01-28,41.750925,-71.445057,0.005187897980212644
2022-01-29,41.750925,-71.445057,6.238708179319693
2022-01-30,41.750925,-71.445057,0.008592491690640356
2022-01-31,41.750925,-71.445057,0.0
2022-02-01,41.750925,-71.445057,0.0
2022-02-02,41.750925,-71.445057,0.0
2022-02-03,41.750925,-71.445057,1.2723343127153994
2022-02-04,41.750925,-71.445057,50.409404869115825
2022-02-05,41.750925,-71.445057,2.798369983549171
2022-02-06,41.750925,-71.445057,0.0
2022-02-07,41.750925,-71.445057,0.8860352689131608
2022-02-08,41.750925,-71.445057,34.13070538351176
2022-02-09,41.750925,-71.445057,0.0
2022-02-10,41.750925,-71.445057,0.0
2022-02-11,41.750925,-71.445057,0.0
2022-02-12,41.750925,-71.445057,0.0
2022-02-13,41.750925,-71.445057,0.00470903347462214
2022-02-14,41.750925,-71.445057,0.0
2022-02-15,41.750925,-71.445057,0.0
2022-02-16,41.750925,-71.445057,0.0
2022-02-17,41.750925,-71.445057,0.0
2022-02-18,41.750925,-71.445057,19.920146766521878
2022-02-19,41.750925,-71.445057,0.0
2022-02-20,41.750925,-71.445057,0.0
2022-02-21,41.750925,-71.445057,0.0
2022-02-22,41.750925,-71.445057,4.185408675224951
2022-02-23,41.750925,-71.445057,16.305474575692642
2022-02-24,41.750925,-71.445057,1.0924362643907735
2022-02-25,41.750925,-71.445057,31.888230216357655
2022-02-26,41.750925,-71.445057,0.0
2022-02-27,41.750925,-71.445057,0.0
2022-02-28,41.750925,-71.445057,0.24289922234566613
2022-03-01,41.750925,-71.445057,0.0
2022-03-02,41.750925,-71.445057,0.9892961338643714
2022-03-03,41.750925,-71.445057,3.80088026498238
2022-03-04,41.750925,-71.445057,0.0
2022-03-05,41.750925,-71.445057,4.56952174719286e-06
2022-03-06,41.750925,-71.445057,8.045370894243298
2022-03-07,41.750925,-71.445057,1.8224524780661016
2022-03-08,41.750925,-71.445057,10.258005380778089
2022-03-09,41.750925,-71.445057,3.167383876189625
2022-03-10,41.750925,-71.445057,0.0
2022-03-11,41.750925,-71.445057,0.0
2022-03-12,41.750925,-71.445057,18.893987637974433
2022-03-13,41.750925,-71.445057,0.0
2022-03-14,41.750925,-71.445057,0.0
2022-03-15,41.750925,-71.445057,0.0009788656586140496
2022-03-16,41.750925,-71.445057,0.9712593743536223
2022-03-17,41.750925,-71.445057,7.0873163345519705
2022-03-18,41.750925,-71.445057,3.2330780953497094
2022-03-19,41.750925,-71.445057,1.1005032179358627
2022-03-20,41.750925,-71.445057,1.922711033196747
2022-03-21,41.750925,-71.445057,0.0047967802035373455
2022-03-22,41.750925,-71.445057,0.0022024476862996262
2022-03-23,41.750925,-71.445057,2.284760788482453e-05
2022-03-24,41.750925,-71.445057,15.189230553180971
2022-03-25,41.750925,-71.445057,13.926329165575313
2022-03-26,41.750925,-71.445057,1.77861776010011
2022-03-27,41.750925,-71.445057,1.027695131678598
2022-03-28,41.750925,-71.445057,0.0517993690979694
2022-03-29,41.750925,-71.445057,0.0
2022-03-30,41.750925,-71.445057,0.0
2022-03-31,41.750925,-71.445057,1.1550378648958384
2022-04-01,41.750925,-71.445057,3.2745258299507785
2022-04-02,41.750925,-71.445057,0.17423424470090018
2022-04-03,41.750925,-71.445057,2.3712043468214943
2022-04-04,41.750925,-71.445057,0.0
2022-04-05,41.750925,-71.445057,0.0
2022-04-06,41.750925,-71.445057,8.752275324908188
2022-04-07,41.750925,-71.445057,3.199678966072709
2022-04-08,41.750925,-71.445057,10.49953633643408
2022-04-09,41.750925,-71.445057,0.0
2022-04-10,41.750925,-71.445057,0.0
2022-04-11,41.750925,-71.445057,0.0
2022-04-12,41.750925,-71.445057,9.255337059134584
2022-04-13,41.750925,-71.445057,0.33434137406679443
2022-04-14,41.750925,-71.445057,0.5240084811760428
2022-04-15,41.750925,-71.445057,4.390608677762754
2022-04-16,41.750925,-71.445057,0.07656815313909276
2022-04-17,41.750925,-71.445057,9.068226862425744
2022-04-18,41.750925,-71.445057,0.4330445463383931
2022-04-19,41.750925,-71.445057,36.566498762534906
2022-04-20,41.750925,-71.445057,0.0
2022-04-21,41.750925,-71.445057,0.11359946303664853
2022-04-22,41.750925,-71.445057,0.0
2022-04-23,41.750925,-71.445057,0.6923748589623077
2022-04-24,41.750925,-71.445057,1.1002096043784582
2022-04-25,41.750925,-71.445057,0.10863218125819239
2022-04-26,41.750925,-71.445057,0.024148995718464492
2022-04-27,41.750925,-71.445057,5.0006056158780225
2022-04-28,41.750925,-71.445057,0.0
2022-04-29,41.750925,-71.445057,0.0
2022-04-30,41.750925,-71.445057,0.0007341492439605372
2022-05-01,41.750925,-71.445057,0.0
2022-05-02,41.750925,-71.445057,0.07196484137094672
2022-05-03,41.750925,-71.445057,2.4220377051144495
2022-05-04,41.750925,-71.445057,5.184563660330633
2022-05-05,41.750925,-71.445057,0.014127100423866421
2022-05-06,41.750925,-71.445057,4.192133357112057
2022-05-07,41.750925,-71.445057,11.317309637427078
2022-05-08,41.750925,-71.445057,0.0462876070955023
2022-05-09,41.750925,-71.445057,0.0
2022-05-10,41.750925,-71.445057,0.0
2022-05-11,41.750925,-71.445057,0.05699783452477271
2022-05-12,41.750925,-71.445057,0.0
2022-05-13,41.750925,-71.445057,0.0004894328293070248
2022-05-14,41.750925,-71.445057,0.19209272769726854
2022-05-15,41.750925,-71.445057,4.382256202636511
2022-05-16,41.750925,-71.445057,0.010641648976929857
2022-05-17,41.750925,-71.445057,4.339288157007486
2022-05-18,41.750925,-71.445057,0.0
2022-05-19,41.750925,-71.445057,8.963869129496556
2022-05-20,41.750925,-71.445057,0.056508401695465685
2022-05-21,41.750925,-71.445057,3.0951306020321807
2022-05-22,41.750925,-71.445057,0.0
2022-05-23,41.750925,-71.445057,0.10547635854051139
2022-05-24,41.750925,-71.445057,4.931861669140688
2022-05-25,41.750925,-71.445057,0.0
2022-05-26,41.750925,-71.445057,0.017654320554385837
2022-05-27,41.750925,-71.445057,0.0
2022-05-28,41.750925,-71.445057,3.8874654795246855
2022-05-29,41.750925,-71.445057,0.013214685753141876
2022-05-30,41.750925,-71.445057,0.011131081897400853
2022-05-31,41.750925,-71.445057,0.06515906846615367
2022-06-01,41.750925,-71.445057,0.3047763504710844
2022-06-02,41.750925,-71.445057,2.9630052106199085
2022-06-03,41.750925,-71.445057,0.21750034712686517
2022-06-04,41.750925,-71.445057,0.009953749777516945
2022-06-05,41.750925,-71.445057,0.0
2022-06-06,41.750925,-71.445057,0.0
2022-06-07,41.750925,-71.445057,2.046844895031928
2022-06-08,41.750925,-71.445057,20.848713889252373
2022-06-09,41.750925,-71.445057,17.973084985143952
2022-06-10,41.750925,-71.445057,0.0
2022-06-11,41.750925,-71.445057,0.7163856852841686
2022-06-12,41.750925,-71.445057,0.7108541203457059
2022-06-13,41.750925,-71.445057,28.22020164740031
2022-06-14,41.750925,-71.445057,0.0
2022-06-15,41.750925,-71.445057,0.032963235199480835
2022-06-16,41.750925,-71.445057,0.41134095173687923
2022-06-17,41.750925,-71.445057,4.0413980607808755
2022-06-18,41.750925,-71.445057,0.08040150049019795
2022-06-19,41.750925,-71.445057,5.186961320109473
2022-06-20,41.750925,-71.445057,0.0024471640553711533
2022-06-21,41.750925,-71.445057,0.0
2022-06-22,41.750925,-71.445057,0.839799525106458
2022-06-23,41.750925,-71.445057,0.0
2022-06-24,41.750925,-71.445057,0.09601469402528144
2022-06-25,41.750925,-71.445057,0.0
2022-06-26,41.750925,-71.445057,0.0
2022-06-27,41.750925,-71.445057,19.279161825731695
2022-06-28,41.750925,-71.445057,4.703739934273548
2022-06-29,41.750925,-71.445057,0.0
2022-06-30,41.750925,-71.445057,0.0
2022-07-01,41.750925,-71.445057,0.0
2022-07-02,41.750925,-71.445057,9.816193754143619
2022-07-03,41.750925,-71.445057,5.4912948407821816
2022-07-04,41.750925,-71.445057,0.0
2022-07-05,41.750925,-71.445057,3.2233995753985236
2022-07-06,41.750925,-71.445057,0.9038393189738783
2022-07-07,41.750925,-71.445057,0.0
2022-07-08,41.750925,-71.445057,0.0024471640553711533
2022-07-09,41.750925,-71.445057,0.49758010871917474
2022-07-10,41.750925,-71.445057,0.0
2022-07-11,41.750925,-71.445057,0.0
2022-07-12,41.750925,-71.445057,0.0
2022-07-13,41.750925,-71.445057,0.16874555620142095
2022-07-14,41.750925,-71.445057,3.83158988654506
2022-07-15,41.750925,-71.445057,0.0
2022-07-16,41.750925,-71.445057,0.7540324029119624
2022-07-17,41.750925,-71.445057,1.1737727684377335
2022-07-18,41.750925,-71.445057,9.058113439054052
2022-07-19,41.750925,-71.445057,2.5586826378664895
2022-07-20,41.750925,-71.445057,0.161759160622012
2022-07-21,41.750925,-71.445057,0.0
2022-07-22,41.750925,-71.445057,0.0
2022-07-23,41.750925,-71.445057,0.0
2022-07-24,41.750925,-71.445057,0.0
2022-07-25,41.750925,-71.445057,1.7401853114375476
2022-07-26,41.750925,-71.445057,1.0068295194436245
2022-07-27,41.750925,-71.445057,0.0
2022-07-28,41.750925,-71.445057,0.0
2022-07-29,41.750925,-71.445057,0.6579068641907279
2022-07-30,41.750925,-71.445057,3.6473197488446694
2022-07-31,41.750925,-71.445057,0.0
2022-08-01,41.750925,-71.445057,10.622688562696142
2022-08-02,41.750925,-71.445057,0.0
2022-08-03,41.750925,-71.445057,0.002535094531555237
2022-08-04,41.750925,-71.445057,0.0
2022-08-05,41.750925,-71.445057,0.0
2022-08-06,41.750925,-71.445057,0.0
2022-08-07,41.750925,-71.445057,0.0
2022-08-08,41.750925,-71.445057,2.056284743679798e-05
2022-08-09,41.750925,-71.445057,9.980489375021682
2022-08-10,41.750925,-71.445057,0.9502637115113478
2022-08-11,41.750925,-71.445057,4.82465158597385
2022-08-12,41.750925,-71.445057,0.1352889724384384
2022-08-13,41.750925,-71.445057,0.5368902298913564
2022-08-14,41.750925,-71.445057,0.0
2022-08-15,41.750925,-71.445057,0.0
2022-08-16,41.750925,-71.445057,0.22669310121977732
2022-08-17,41.750925,-71.445057,10.776846074440494
2022-08-18,41.750925,-71.445057,0.0
2022-08-19,41.750925,-71.445057,0.0
2022-08-20,41.750925,-71.445057,0.010886365346001384
2022-08-21,41.750925,-71.445057,0.0396437076794468
2022-08-22,41.750925,-71.445057,8.611721997760048
2022-08-23,41.750925,-71.445057,0.19700196914179574
2022-08-24,41.750925,-71.445057,0.005695532623418009
2022-08-25,41.750925,-71.445057,0.0
2022-08-26,41.750925,-71.445057,15.460510528493431
2022-08-27,41.750925,-71.445057,0.12409205624539682
2022-08-28,41.750925,-71.445057,0.0
2022-08-29,41.750925,-71.445057,0.0
2022-08-30,41.750925,-71.445057,0.0
2022-08-31,41.750925,-71.445057,7.764540783507747
2022-09-01,41.750925,-71.445057,0.0
2022-09-02,41.750925,-71.445057,0.0
2022-09-03,41.750925,-71.445057,0.0
2022-09-04,41.750925,-71.445057,0.045807329926130666
2022-09-05,41.750925,-71.445057,22.34263244075582
2022-09-06,41.750925,-71.445057,54.410275362472085
2022-09-07,41.750925,-71.445057,0.08328396045950655
2022-09-08,41.750925,-71.445057,0.16818275678753652
2022-09-09,41.750925,-71.445057,0.0
2022-09-10,41.750925,-71.445057,0.0
2022-09-11,41.750925,-71.445057,1.5330525968430948
2022-09-12,41.750925,-71.445057,3.654339030584791
2022-09-13,41.750925,-71.445057,24.856363194089425
2022-09-14,41.750925,-71.445057,0.0
2022-09-15,41.750925,-71.445057,0.0
2022-09-16,41.750925,-71.445057,0.0
2022-09-17,41.750925,-71.445057,0.0
2022-09-18,41.750925,-71.445057,0.0
2022-09-19,41.750925,-71.445057,4.396523809204186e-05
2022-09-20,41.750925,-71.445057,0.9238956812672741
2022-09-21,41.750925,-71.445057,0.0
2022-09-22,41.750925,-71.445057,34.49474841073777
2022-09-23,41.750925,-71.445057,0.0
2022-09-24,41.750925,-71.445057,0.0
2022-09-25,41.750925,-71.445057,1.7920868084435075
2022-09-26,41.750925,-71.445057,7.335946558843092
2022-09-27,41.750925,-71.445057,0.05327484994765737
2022-09-28,41.750925,-71.445057,0.0
2022-09-29,41.750925,-71.445057,0.011055649070849974
2022-09-30,41.750925,-71.445057,0.7563933484689717
2022-10-01,41.750925,-71.445057,37.064688879140334
2022-10-02,41.750925,-71.445057,0.10137002113777135
2022-10-03,41.750925,-71.445057,8.531914757673134
2022-10-04,41.750925,-71.445057,4.303461441023501
2022-10-05,41.750925,-71.445057,11.932045695739136
2022-10-06,41.750925,-71.445057,29.052854633941845
2022-10-07,41.750925,-71.445057,0.00470903347462214
2022-10-08,41.750925,-71.445057,3.0327139968996564
2022-10-09,41.750925,-71.445057,0.0
2022-10-10,41.750925,-71.445057,0.03767226779697712
2022-10-11,41.750925,-71.445057,0.0
2022-10-12,41.750925,-71.445057,0.0
2022-10-13,41.750925,-71.445057,6.405976334862982
2022-10-14,41.750925,-71.445057,39.8669894098386
2022-10-15,41.750925,-71.445057,0.3176940974698446
2022-10-16,41.750925,-71.445057,0.0
2022-10-17,41.750925,-71.445057,3.3076569400965052
2022-10-18,41.750925,-71.445057,6.858131633111038
2022-10-19,41.750925,-71.445057,0.0
2022-10-20,41.750925,-71.445057,0.0
2022-10-21,41.750925,-71.445057,0.0
2022-10-22,41.750925,-71.445057,0.0
2022-10-23,41.750925,-71.445057,21.06184618705601
2022-10-24,41.750925,-71.445057,7.919515896814378
2022-10-25,41.750925,-71.445057,0.08738672249911728
2022-10-26,41.750925,-71.445057,0.369672360838241
2022-10-27,41.750925,-71.445057,0.0
2022-10-28,41.750925,-71.445057,0.0
2022-10-29,41.750925,-71.445057,1.2860688628122776
2022-10-30,41.750925,-71.445057,0.0
2022-10-31,41.750925,-71.445057,0.1953940952210021
2022-11-01,41.750925,-71.445057,9.702391101489589
2022-11-02,41.750925,-71.445057,0.05310345919931109
2022-11-03,41.750925,-71.445057,0.0
2022-11-04,41.750925,-71.445057,0.0
2022-11-05,41.750925,-71.445057,0.0
2022-11-06,41.750925,-71.445057,0.0002637914285522511
2022-11-07,41.750925,-71.445057,0.03778650584321036
2022-11-08,41.750925,-71.445057,0.0
2022-11-09,41.750925,-71.445057,0.0
2022-11-10,41.750925,-71.445057,0.0
2022-11-11,41.750925,-71.445057,1.9893514292375263
2022-11-12,41.750925,-71.445057,3.5648251951113847
2022-11-13,41.750925,-71.445057,10.429445186837821
2022-11-14,41.750925,-71.445057,0.0
2022-11-15,41.750925,-71.445057,0.09012832628106188
2022-11-16,41.750925,-71.445057,26.453306399653847
2022-11-17,41.750925,-71.445057,0.0047113182354957366
2022-11-18,41.750925,-71.445057,0.0
2022-11-19,41.750925,-71.445057,0.0
2022-11-20,41.750925,-71.445057,0.0
2022-11-21,41.750925,-71.445057,0.0
2022-11-22,41.750925,-71.445057,0.0
2022-11-23,41.750925,-71.445057,0.0
2022-11-24,41.750925,-71.445057,0.0
2022-11-25,41.750925,-71.445057,2.068273523326556
2022-11-26,41.750925,-71.445057,0.0
2022-11-27,41.750925,-71.445057,28.70487262502716
2022-11-28,41.750925,-71.445057,0.2429110713841578
2022-11-29,41.750925,-71.445057,0.0
2022-11-30,41.750925,-71.445057,18.978153578910224
2022-12-01,41.750925,-71.445057,1.6367450301326059
2022-12-02,41.750925,-71.445057,0.0
2022-12-03,41.750925,-71.445057,16.785627675522864
2022-12-04,41.750925,-71.445057,0.0
2022-12-05,41.750925,-71.445057,0.0
2022-12-06,41.750925,-71.445057,2.4186253884641706
2022-12-07,41.750925,-71.445057,36.172883312666826
2022-12-08,41.750925,-71.445057,0.0
2022-12-09,41.750925,-71.445057,0.0
2022-12-10,41.750925,-71.445057,0.0
2022-12-11,41.750925,-71.445057,0.0
2022-12-12,41.750925,-71.445057,5.684528476453034
2022-12-13,41.750925,-71.445057,0.0
2022-12-14,41.750925,-71.445057,0.0
2022-12-15,41.750925,-71.445057,0.23221093435877668
2022-12-16,41.750925,-71.445057,55.463160307645914
2022-12-17,41.750925,-71.445057,0.07390435841049237
2022-12-18,41.750925,-71.445057,0.0
2022-12-19,41.750925,-71.445057,0.0
2022-12-20,41.750925,-71.445057,0.0
2022-12-21,41.750925,-71.445057,0.0
2022-12-22,41.750925,-71.445057,2.230031583553067
2022-12-23,41.750925,-71.445057,33.37338561243495
2022-12-24,41.750925,-71.445057,0.0
2022-12-25,41.750925,-71.445057,0.0
2022-12-26,41.750925,-71.445057,0.0
2022-12-27,41.750925,-71.445057,0.020199056353044333
2022-12-28,41.750925,-71.445057,0.0
2022-12-29,41.750925,-71.445057,0.0
2022-12-30,41.750925,-71.445057,0.0
2022-12-31,41.750925,-71.445057,16.46699822190728
2023-01-01,41.750925,-71.445057,22.08891464940444
2023-01-02,41.750925,-71.445057,0.00941806694924428
2023-01-03,41.750925,-71.445057,15.883753685978649
2023-01-04,41.750925,-71.445057,9.79360258684369
2023-01-05,41.750925,-71.445057,3.0848228229928516
2023-01-06,41.750925,-71.445057,0.012364045150113183
2023-01-07,41.750925,-71.445057,0.0
2023-01-08,41.750925,-71.445057,0.0
2023-01-09,41.750925,-71.445057,0.014627463079441523
2023-01-10,41.750925,-71.445057,0.0
2023-01-11,41.750925,-71.445057,0.0
2023-01-12,41.750925,-71.445057,0.12079330838828917
2023-01-13,41.750925,-71.445057,20.226677166325853
2023-01-14,41.750925,-71.445057,3.3962116399923996
2023-01-15,41.750925,-71.445057,0.627577946058389
2023-01-16,41.750925,-71.445057,0.6434170266891145
2023-01-17,41.750925,-71.445057,0.33195863829843625
2023-01-18,41.750925,-71.445057,0.0
2023-01-19,41.750925,-71.445057,26.91491660558484
2023-01-20,41.750925,-71.445057,22.98320488659794
2023-01-21,41.750925,-71.445057,0.0
2023-01-22,41.750925,-71.445057,0.049028111918803914
2023-01-23,41.750925,-71.445057,43.1364444419094
2023-01-24,41.750925,-71.445057,0.0
2023-01-25,41.750925,-71.445057,4.941983489861484
2023-01-26,41.750925,-71.445057,40.671342054056744
2023-01-27,41.750925,-71.445057,0.0
2023-01-28,41.750925,-71.445057,0.023545166495984846
2023-01-29,41.750925,-71.445057,1.3110671163339778
2023-01-30,41.750925,-71.445057,0.0
2023-01-31,41.750925,-71.445057,0.03525818288456289
2023-02-01,41.750925,-71.445057,0.0
2023-02-02,41.750925,-71.445057,0.0
2023-02-03,41.750925,-71.445057,0.0
2023-02-04,41.750925,-71.445057,0.0
2023-02-05,41.750925,-71.445057,0.0
2023-02-06,41.750925,-71.445057,0.0009788656586140496
2023-02-07,41.750925,-71.445057,0.002440617613542311
2023-02-08,41.750925,-71.445057,6.737441423872393
2023-02-09,41.750925,-71.445057,1.249802516018618
2023-02-10,41.750925,-71.445057,1.1246527897526972
2023-02-11,41.750925,-71.445057,0.0
2023-02-12,41.750925,-71.445057,0.0
2023-02-13,41.750925,-71.445057,6.792100088410502
2023-02-14,41.750925,-71.445057,0.0
2023-02-15,41.750925,-71.445057,1.854163390732988
2023-02-16,41.750925,-71.445057,2.7475757114675634
2023-02-17,41.750925,-71.445057,15.453878467618235
2023-02-18,41.750925,-71.445057,0.0010083609492768447
2023-02-19,41.750925,-71.445057,0.0
2023-02-20,41.750925,-71.445057,0.03669333051633504
2023-02-21,41.750925,-71.445057,2.9887246940147008
2023-02-22,41.750925,-71.445057,0.12069236629166816
2023-02-23,41.750925,-71.445057,16.979296222450714
2023-02-24,41.750925,-71.445057,0.6353862529533015
2023-02-25,41.750925,-71.445057,0.6072172183399581
2023-02-26,41.750925,-71.445057,0.0
2023-02-27,41.750925,-71.445057,0.0
2023-02-28,41.750925,-71.445057,0.9291455922935409
2023-03-01,41.750925,-71.445057,0.004507715110188199
2023-03-02,41.750925,-71.445057,2.5738140980527824
2023-03-03,41.750925,-71.445057,0.00028435427598904906
2023-03-04,41.750925,-71.445057,22.00355117312937
2023-03-05,41.750925,-71.445057,0.0
2023-03-06,41.750925,-71.445057,0.0
2023-03-07,41.750925,-71.445057,0.8664881473582619
2023-03-08,41.750925,-71.445057,0.0
2023-03-09,41.750925,-71.445057,0.0
2023-03-10,41.750925,-71.445057,0.0
2023-03-11,41.750925,-71.445057,9.394409672504214
2023-03-12,41.750925,-71.445057,0.0
2023-03-13,41.750925,-71.445057,4.050511927587751
2023-03-14,41.750925,-71.445057,35.342996986035864
2023-03-15,41.750925,-71.445057,0.0016070484848179894
2023-03-16,41.750925,-71.445057,0.032790991934608216
2023-03-17,41.750925,-71.445057,0.31501621103491734
2023-03-18,41.750925,-71.445057,3.4125017311898715
2023-03-19,41.750925,-71.445057,0.0
2023-03-20,41.750925,-71.445057,0.0
2023-03-21,41.750925,-71.445057,0.0
2023-03-22,41.750925,-71.445057,0.0
2023-03-23,41.750925,-71.445057,7.173101017144712
2023-03-24,41.750925,-71.445057,0.18838189481531556
2023-03-25,41.750925,-71.445057,7.545380073039773
2023-03-26,41.750925,-71.445057,1.850673360817968
2023-03-27,41.750925,-71.445057,4.982064998536998
2023-03-28,41.750925,-71.445057,4.156267428766776
2023-03-29,41.750925,-71.445057,0.0
2023-03-30,41.750925,-71.445057,2.28476087359643e-06
2023-03-31,41.750925,-71.445057,6.7156248507100065
2023-04-01,41.750925,-71.445057,35.26548467626533
2023-04-02,41.750925,-71.445057,0.40289594525609856
2023-04-03,41.750925,-71.445057,0.04238130039447341
2023-04-04,41.750925,-71.445057,0.024345768926838315
2023-04-05,41.750925,-71.445057,0.13660081082304407
2023-04-06,41.750925,-71.445057,7.924320363308971
2023-04-07,41.750925,-71.445057,2.26221688380725
2023-04-08,41.750925,-71.445057,0.023545166495984846
2023-04-09,41.750925,-71.445057,0.0
2023-04-10,41.750925,-71.445057,0.0
2023-04-11,41.750925,-71.445057,0.02363126828325277
2023-04-12,41.750925,-71.445057,0.33796034862493574
2023-04-13,41.750925,-71.445057,0.0
2023-04-14,41.750925,-71.445057,8.793047618408372e-05
2023-04-15,41.750925,-71.445057,0.06458404315112166
2023-04-16,41.750925,-71.445057,16.469721600587512
2023-04-17,41.750925,-71.445057,0.6645861252745591
2023-04-18,41.750925,-71.445057,0.0
2023-04-19,41.750925,-71.445057,0.0012418601146743484
2023-04-20,41.750925,-71.445057,0.04709033299196969
2023-04-21,41.750925,-71.445057,0.0498853795087836
2023-04-22,41.750925,-71.445057,0.09270436010865468
2023-04-23,41.750925,-71.445057,31.277636082562893
2023-04-24,41.750925,-71.445057,0.12387573665309633
2023-04-25,41.750925,-71.445057,0.0
2023-04-26,41.750925,-71.445057,0.0
2023-04-27,41.750925,-71.445057,0.033579229987703234
2023-04-28,41.750925,-71.445057,0.0
2023-04-29,41.750925,-71.445057,3.1315557808112398
2023-04-30,41.750925,-71.445057,17.778424842003773
2023-05-01,41.750925,-71.445057,11.893248237635781
2023-05-02,41.750925,-71.445057,4.0234116481790245
2023-05-03,41.750925,-71.445057,0.0
2023-05-04,41.750925,-71.445057,0.4531883826633992
2023-05-05,41.750925,-71.445057,0.12245600844053313
2023-05-06,41.750925,-71.445057,0.0
2023-05-07,41.750925,-71.445057,0.0010711590407497494
2023-05-08,41.750925,-71.445057,12.290246110181686
2023-05-09,41.750925,-71.445057,0.0002447164146535124
2023-05-10,41.750925,-71.445057,0.0
2023-05-11,41.750925,-71.445057,0.0
2023-05-12,41.750925,-71.445057,1.4220931041365594
2023-05-13,41.750925,-71.445057,0.2883012582395638
2023-05-14,41.750925,-71.445057,0.0
2023-05-15,41.750925,-71.445057,0.0
2023-05-16,41.750925,-71.445057,0.07516627006495813
2023-05-17,41.750925,-71.445057,0.0018945200958385673
2023-05-18,41.750925,-71.445057,0.0
2023-05-19,41.750925,-71.445057,0.0
2023-05-20,41.750925,-71.445057,12.623546064537411
2023-05-21,41.750925,-71.445057,34.22426781337183
2023-05-22,41.750925,-71.445057,0.0
2023-05-23,41.750925,-71.445057,0.0
2023-05-24,41.750925,-71.445057,0.00203555472906934
2023-05-25,41.750925,-71.445057,0.33247277682785853
2023-05-26,41.750925,-71.445057,0.0
2023-05-27,41.750925,-71.445057,0.0
2023-05-28,41.750925,-71.445057,0.0
2023-05-29,41.750925,-71.445057,0.0
2023-05-30,41.750925,-71.445057,0.0
2023-05-31,41.750925,-71.445057,0.0
2023-06-01,41.750925,-71.445057,0.0
2023-06-02,41.750925,-71.445057,0.09802967797854276
2023-06-03,41.750925,-71.445057,1.8350134244520957
2023-06-04,41.750925,-71.445057,9.13904349438572e-06
2023-06-05,41.750925,-71.445057,0.7260117124385039
2023-06-06,41.750925,-71.445057,1.5624800939139112
2023-06-07,41.750925,-71.445057,9.651473690805009e-05
2023-06-08,41.750925,-71.445057,0.41381886598048645
2023-06-09,41.750925,-71.445057,0.8300065973491689
2023-06-10,41.750925,-71.445057,0.40272096728298823
2023-06-11,41.750925,-71.445057,0.16644288635563048
2023-06-12,41.750925,-71.445057,0.4716049470174466
2023-06-13,41.750925,-71.445057,2.5663501316499255
2023-06-14,41.750925,-71.445057,0.8807796626198398
2023-06-15,41.750925,-71.445057,0.0
2023-06-16,41.750925,-71.445057,0.5942204476356274
2023-06-17,41.750925,-71.445057,20.504065978990855
2023-06-18,41.750925,-71.445057,7.934312096611479
2023-06-19,41.750925,-71.445057,0.0
2023-06-20,41.750925,-71.445057,0.0
2023-06-21,41.750925,-71.445057,0.0
2023-06-22,41.750925,-71.445057,0.18695222501755046
2023-06-23,41.750925,-71.445057,0.7802771199699474
2023-06-24,41.750925,-71.445057,17.959267213252406
2023-06-25,41.750925,-71.445057,0.09926029311643114
2023-06-26,41.750925,-71.445057,0.00010392380272482861
2023-06-27,41.750925,-71.445057,37.64347131070608
2023-06-28,41.750925,-71.445057,5.591652357973118
2023-06-29,41.750925,-71.445057,0.10927882600525368
2023-06-30,41.750925,-71.445057,0.0
2023-07-01,41.750925,-71.445057,0.0
2023-07-02,41.750925,-71.445057,1.6758297066055106
2023-07-03,41.750925,-71.445057,9.278527990684461
2023-07-04,41.750925,-71.445057,51.06460656197861
2023-07-05,41.750925,-71.445057,0.0
2023-07-06,41.750925,-71.445057,0.0
2023-07-07,41.750925,-71.445057,0.0012235820276855767
2023-07-08,41.750925,-71.445057,0.019533195723888556
2023-07-09,41.750925,-71.445057,0.2604938636237366
2023-07-10,41.750925,-71.445057,28.46459299981691
2023-07-11,41.750925,-71.445057,0.5853896369815857
2023-07-12,41.750925,-71.445057,0.0
2023-07-13,41.750925,-71.445057,0.049002836568262244
2023-07-14,41.750925,-71.445057,22.568867827087058
2023-07-15,41.750925,-71.445057,13.418288888997855
2023-07-16,41.750925,-71.445057,61.596293940875434
2023-07-17,41.750925,-71.445057,15.089261878217052
2023-07-18,41.750925,-71.445057,0.0
2023-07-19,41.750925,-71.445057,0.3839287303263526
2023-07-20,41.750925,-71.445057,0.0001645027931126202
2023-07-21,41.750925,-71.445057,4.1880110068799254
2023-07-22,41.750925,-71.445057,0.23726324547849073
2023-07-23,41.750925,-71.445057,0.0
2023-07-24,41.750925,-71.445057,0.0
2023-07-25,41.750925,-71.445057,0.0
2023-07-26,41.750925,-71.445057,0.43993527719509273
2023-07-27,41.750925,-71.445057,0.02658886053209467
2023-07-28,41.750925,-71.445057,5.338493227754654
2023-07-29,41.750925,-71.445057,2.5715383560522977
2023-07-30,41.750925,-71.445057,16.023197383743565
2023-07-31,41.750925,-71.445057,0.0
2023-08-01,41.750925,-71.445057,0.0
2023-08-02,41.750925,-71.445057,0.0
2023-08-03,41.750925,-71.445057,0.0
2023-08-04,41.750925,-71.445057,0.02644571445147977
2023-08-05,41.750925,-71.445057,4.896278119632401
2023-08-06,41.750925,-71.445057,0.5255076681904188
2023-08-07,41.750925,-71.445057,14.34410037001704
2023-08-08,41.750925,-71.445057,18.02830771547312
2023-08-09,41.750925,-71.445057,0.01296996956639829
2023-08-10,41.750925,-71.445057,16.09832871209392
2023-08-11,41.750925,-71.445057,3.558635628730489
2023-08-12,41.750925,-71.445057,0.16269423597583227
2023-08-13,41.750925,-71.445057,16.870401912997874
2023-08-14,41.750925,-71.445057,2.0303100443212685
2023-08-15,41.750925,-71.445057,19.332583621928308
2023-08-16,41.750925,-71.445057,1.1092496578010758
2023-08-17,41.750925,-71.445057,2.3447668699489315
2023-08-18,41.750925,-71.445057,11.871530522578048
2023-08-19,41.750925,-71.445057,0.0
2023-08-20,41.750925,-71.445057,0.18667112466734875
2023-08-21,41.750925,-71.445057,0.2050088071961108
2023-08-22,41.750925,-71.445057,2.404160782635191
2023-08-23,41.750925,-71.445057,0.0
2023-08-24,41.750925,-71.445057,0.0021046522996552514
2023-08-25,41.750925,-71.445057,17.192892854104024
2023-08-26,41.750925,-71.445057,0.10081070740903639
2023-08-27,41.750925,-71.445057,0.0
2023-08-28,41.750925,-71.445057,0.02918494558581918
2023-08-29,41.750925,-71.445057,0.5100343248872896
2023-08-30,41.750925,-71.445057,3.5330756712842573
2023-08-31,41.750925,-71.445057,0.0
2023-09-01,41.750925,-71.445057,0.0
2023-09-02,41.750925,-71.445057,0.2341879177194406
2023-09-03,41.750925,-71.445057,1.900872549083571
2023-09-04,41.750925,-71.445057,0.0
2023-09-05,41.750925,-71.445057,0.0
2023-09-06,41.750925,-71.445057,0.0
2023-09-07,41.750925,-71.445057,0.0
2023-09-08,41.750925,-71.445057,0.028758381322371265
2023-09-09,41.750925,-71.445057,0.0072986376061472584
2023-09-10,41.750925,-71.445057,7.0987814146615005
2023-09-11,41.750925,-71.445057,5.494031474884116
2023-09-12,41.750925,-71.445057,1.6396537756003204
2023-09-13,41.750925,-71.445057,5.712878659543579
2023-09-14,41.750925,-71.445057,0.6935535127160161
2023-09-15,41.750925,-71.445057,0.0029456708293293453
2023-09-16,41.750925,-71.445057,31.42548896905836
2023-09-17,41.750925,-71.445057,0.0
2023-09-18,41.750925,-71.445057,41.608582989109024
2023-09-19,41.750925,-71.445057,0.015004569186045496
2023-09-20,41.750925,-71.445057,0.0
2023-09-21,41.750925,-71.445057,0.0
2023-09-22,41.750925,-71.445057,0.0
2023-09-23,41.750925,-71.445057,25.858473678392272
2023-09-24,41.750925,-71.445057,0.7168192539550333
2023-09-25,41.750925,-71.445057,11.368011788183763
2023-09-26,41.750925,-71.445057,6.4634584036683025
2023-09-27,41.750925,-71.445057,0.0
2023-09-28,41.750925,-71.445057,0.0
2023-09-29,41.750925,-71.445057,13.118478946696285
2023-09-30,41.750925,-71.445057,30.463466871388874
2023-10-01,41.750925,-71.445057,3.5875339712275607
2023-10-02,41.750925,-71.445057,0.0
2023-10-03,41.750925,-71.445057,0.0
2023-10-04,41.750925,-71.445057,0.0
2023-10-05,41.750925,-71.445057,0.0
2023-10-06,41.750925,-71.445057,0.0
2023-10-07,41.750925,-71.445057,4.440244630084134
2023-10-08,41.750925,-71.445057,0.028878350562139443
2023-10-09,41.750925,-71.445057,0.018865835789419746
2023-10-10,41.750925,-71.445057,0.01248053719291112
2023-10-11,41.750925,-71.445057,0.09907499409468169
2023-10-12,41.750925,-71.445057,0.0
2023-10-13,41.750925,-71.445057,0.0
2023-10-14,41.750925,-71.445057,8.83975591948064
2023-10-15,41.750925,-71.445057,2.968155083821051
2023-10-16,41.750925,-71.445057,0.0
2023-10-17,41.750925,-71.445057,0.06219629995157602
2023-10-18,41.750925,-71.445057,0.25899682443882643
2023-10-19,41.750925,-71.445057,0.00017586095236816744
2023-10-20,41.750925,-71.445057,2.2665672170158655
2023-10-21,41.750925,-71.445057,40.831238815053325
2023-10-22,41.750925,-71.445057,0.3265392538998762
2023-10-23,41.750925,-71.445057,0.17933896095728893
2023-10-24,41.750925,-71.445057,0.07877056549026738
2023-10-25,41.750925,-71.445057,0.19699881433868682
2023-10-26,41.750925,-71.445057,0.06289159123443211
2023-10-27,41.750925,-71.445057,0.6820817392142352
2023-10-28,41.750925,-71.445057,0.0
2023-10-29,41.750925,-71.445057,6.744798087313778
2023-10-30,41.750925,-71.445057,14.454840309062476
2023-10-31,41.750925,-71.445057,4.18306510446401
2023-11-01,41.750925,-71.445057,0.3311407177632283
2023-11-02,41.750925,-71.445057,0.0
2023-11-03,41.750925,-71.445057,0.028254200847732842
2023-11-04,41.750925,-71.445057,0.0
2023-11-05,41.750925,-71.445057,0.031950079300824705
2023-11-06,41.750925,-71.445057,0.8910937456030463
2023-11-07,41.750925,-71.445057,13.57103880576362
2023-11-08,41.750925,-71.445057,0.013704119585252576
2023-11-09,41.750925,-71.445057,3.557229048788275
2023-11-10,41.750925,-71.445057,0.5720411974945468
2023-11-11,41.750925,-71.445057,0.0
2023-11-12,41.750925,-71.445057,0.0
2023-11-13,41.750925,-71.445057,0.0014682984879210745
2023-11-14,41.750925,-71.445057,0.0020718332271588047
2023-11-15,41.750925,-71.445057,0.009662783363897793
2023-11-16,41.750925,-71.445057,0.0
2023-11-17,41.750925,-71.445057,0.0
2023-11-18,41.750925,-71.445057,0.9601617621299617
2023-11-19,41.750925,-71.445057,0.0
2023-11-20,41.750925,-71.445057,0.0
2023-11-21,41.750925,-71.445057,0.03329556594318414
2023-11-22,41.750925,-71.445057,41.98070278757512
2023-11-23,41.750925,-71.445057,0.0002447164146535124
2023-11-24,41.750925,-71.445057,0.00941806694924428
2023-11-25,41.750925,-71.445057,0.0
2023-11-26,41.750925,-71.445057,0.12098310475758578
2023-11-27,41.750925,-71.445057,10.564357076448848
2023-11-28,41.750925,-71.445057,0.3046315701092764
2023-11-29,41.750925,-71.445057,0.0
2023-11-30,41.750925,-71.445057,0.0
2023-12-01,41.750925,-71.445057,4.275523744786414
2023-12-02,41.750925,-71.445057,4.99996576215618
2023-12-03,41.750925,-71.445057,24.76016623063468
2023-12-04,41.750925,-71.445057,0.3975550241478315
2023-12-05,41.750925,-71.445057,0.5003111280387469
2023-12-06,41.750925,-71.445057,0.0
2023-12-07,41.750925,-71.445057,0.48161155908820985
2023-12-08,41.750925,-71.445057,0.0
2023-12-09,41.750925,-71.445057,0.0
2023-12-10,41.750925,-71.445057,12.669698098999689
2023-12-11,41.750925,-71.445057,74.87986264232262
2023-12-12,41.750925,-71.445057,0.0
2023-12-13,41.750925,-71.445057,0.0
2023-12-14,41.750925,-71.445057,0.0
2023-12-15,41.750925,-71.445057,0.0
2023-12-16,41.750925,-71.445057,0.028254200847732842
2023-12-17,41.750925,-71.445057,14.733176237716565
2023-12-18,41.750925,-71.445057,75.2652765845375
2023-12-19,41.750925,-71.445057,0.0
2023-12-20,41.750925,-71.445057,0.0
2023-12-21,41.750925,-71.445057,0.0
2023-12-22,41.750925,-71.445057,0.0
2023-12-23,41.750925,-71.445057,0.0
2023-12-24,41.750925,-71.445057,0.19207648001344138
2023-12-25,41.750925,-71.445057,0.0
2023-12-26,41.750925,-71.445057,0.0
2023-12-27,41.750925,-71.445057,5.602233260232893
2023-12-28,41.750925,-71.445057,15.27759478785089
2023-12-29,41.750925,-71.445057,0.17373843117712537
2023-12-30,41.750925,-71.445057,0.03226715212077345
2023-12-31,41.750925,-71.445057,0.00807534681539837
2024-01-01,41.750925,-71.445057,0.08720260515432526
2024-01-02,41.750925,-71.445057,0.0
2024-01-03,41.750925,-71.445057,0.0
2024-01-04,41.750925,-71.445057,0.07791318174822576
2024-01-05,41.750925,-71.445057,0.0
2024-01-06,41.750925,-71.445057,0.07112493231726157
2024-01-07,41.750925,-71.445057,3.6287642237225315
2024-01-08,41.750925,-71.445057,0.0
2024-01-09,41.750925,-71.445057,28.113489694232065
2024-01-10,41.750925,-71.445057,109.76048763098768
2024-01-11,41.750925,-71.445057,0.004972824894985227
2024-01-12,41.750925,-71.445057,0.0
2024-01-13,41.750925,-71.445057,45.65206491049649
2024-01-14,41.750925,-71.445057,0.06872791956373131
2024-01-15,41.750925,-71.445057,0.0
2024-01-16,41.750925,-71.445057,3.7693968215921165
2024-01-17,41.750925,-71.445057,0.006693768764444719
2024-01-18,41.750925,-71.445057,0.0
2024-01-19,41.750925,-71.445057,0.006911481160921766
2024-01-20,41.750925,-71.445057,0.2684149106848395
2024-01-21,41.750925,-71.445057,0.0
2024-01-22,41.750925,-71.445057,0.4619415234748894
2024-01-23,41.750925,-71.445057,1.276047662886909
2024-01-24,41.750925,-71.445057,5.156064080702582
2024-01-25,41.750925,-71.445057,23.86181262199917
2024-01-26,41.750925,-71.445057,3.9545931250655575
2024-01-27,41.750925,-71.445057,0.0
2024-01-28,41.750925,-71.445057,38.30567841104112
2024-01-29,41.750925,-71.445057,0.025045002898640787
2024-01-30,41.750925,-71.445057,0.0
2024-01-31,41.750925,-71.445057,0.0
2024-02-01,41.750925,-71.445057,0.07534453559395424
2024-02-02,41.750925,-71.445057,0.007830925268912397
2024-02-03,41.750925,-71.445057,0.0009788656586140496
2024-02-04,41.750925,-71.445057,0.0
2024-02-05,41.750925,-71.445057,0.0
2024-02-06,41.750925,-71.445057,0.0
2024-02-07,41.750925,-71.445057,0.0
2024-02-08,41.750925,-71.445057,0.0
2024-02-09,41.750925,-71.445057,0.0
2024-02-10,41.750925,-71.445057,0.0026964501276666745
2024-02-11,41.750925,-71.445057,0.0
2024-02-12,41.750925,-71.445057,0.0
2024-02-13,41.750925,-71.445057,19.57640339227801
2024-02-14,41.750925,-71.445057,0.0
2024-02-15,41.750925,-71.445057,0.0
2024-02-16,41.750925,-71.445057,0.056508401695465685
2024-02-17,41.750925,-71.445057,0.5689071495685832
2024-02-18,41.750925,-71.445057,0.0
2024-02-19,41.750925,-71.445057,0.0
2024-02-20,41.750925,-71.445057,0.0
2024-02-21,41.750925,-71.445057,0.0
2024-02-22,41.750925,-71.445057,0.0
2024-02-23,41.750925,-71.445057,8.113966630802821
2024-02-24,41.750925,-71.445057,2.0460996159711855
2024-02-25,41.750925,-71.445057,0.0
2024-02-26,41.750925,-71.445057,0.001713014948156572
2024-02-27,41.750925,-71.445057,0.0
2024-02-28,41.750925,-71.445057,9.260611197592382
2024-02-29,41.750925,-71.445057,21.347406683015446
2024-03-01,41.750925,-71.445057,0.015350682451551998
2024-03-02,41.750925,-71.445057,28.60161683087346
2024-03-03,41.750925,-71.445057,9.383337936069633
2024-03-04,41.750925,-71.445057,0.0
2024-03-05,41.750925,-71.445057,3.4566343336917518
2024-03-06,41.750925,-71.445057,5.049605841397631
2024-03-07,41.750925,-71.445057,28.469587180716776
2024-03-08,41.750925,-71.445057,0.13626068390412935
2024-03-09,41.750925,-71.445057,1.4418266989189779
2024-03-10,41.750925,-71.445057,25.18318921842219
2024-03-11,41.750925,-71.445057,0.0
2024-03-12,41.750925,-71.445057,0.0
2024-03-13,41.750925,-71.445057,0.0
2024-03-14,41.750925,-71.445057,0.0024471640553711533
2024-03-15,41.750925,-71.445057,1.0934679906253246
2024-03-16,41.750925,-71.445057,0.0
2024-03-17,41.750925,-71.445057,1.701199994919371
2024-03-18,41.750925,-71.445057,0.09142936821217462
2024-03-19,41.750925,-71.445057,0.0
2024-03-20,41.750925,-71.445057,0.928437273427224
2024-03-21,41.750925,-71.445057,0.0009811504194876459
2024-03-22,41.750925,-71.445057,0.0003517219047363349
2024-03-23,41.750925,-71.445057,66.94614934724319
2024-03-24,41.750925,-71.445057,3.1161287683346637
2024-03-25,41.750925,-71.445057,0.0020224009030989413
2024-03-26,41.750925,-71.445057,0.0007410035265813265
2024-03-27,41.750925,-71.445057,0.8143947285126208
2024-03-28,41.750925,-71.445057,79.23780853036509
2024-03-29,41.750925,-71.445057,47.21088615542363
2024-03-30,41.750925,-71.445057,0.0
2024-03-31,41.750925,-71.445057,1.6252627507563677
2024-04-01,41.750925,-71.445057,1.4626834134122861
2024-04-02,41.750925,-71.445057,8.863149487325128
2024-04-03,41.750925,-71.445057,23.860327302172355
2024-04-04,41.750925,-71.445057,21.728376765006043
2024-04-05,41.750925,-71.445057,0.0
2024-04-06,41.750925,-71.445057,0.5998177741907472
2024-04-07,41.750925,-71.445057,0.17136866845408996
2024-04-08,41.750925,-71.445057,0.00012850139339409898
2024-04-09,41.750925,-71.445057,8.793047618408372e-05
2024-04-10,41.750925,-71.445057,0.4099171524823328
2024-04-11,41.750925,-71.445057,5.103964118649536
2024-04-12,41.750925,-71.445057,23.132079002960655
2024-04-13,41.750925,-71.445057,0.002901705632183123
2024-04-14,41.750925,-71.445057,5.084376326497486
2024-04-15,41.750925,-71.445057,2.121590960173644
2024-04-16,41.750925,-71.445057,0.2500417097713379
2024-04-17,41.750925,-71.445057,0.5657953689554641
2024-04-18,41.750925,-71.445057,8.055219510702925
2024-04-19,41.750925,-71.445057,0.005011960477857574
2024-04-20,41.750925,-71.445057,7.355265825205329
2024-04-21,41.750925,-71.445057,0.0
2024-04-22,41.750925,-71.445057,0.0
2024-04-23,41.750925,-71.445057,0.0
2024-04-24,41.750925,-71.445057,0.8623148013262966
2024-04-25,41.750925,-71.445057,0.0
2024-04-26,41.750925,-71.445057,0.0
2024-04-27,41.750925,-71.445057,0.0
2024-04-28,41.750925,-71.445057,5.4934467523049575
2024-04-29,41.750925,-71.445057,4.103847740274425
2024-04-30,41.750925,-71.445057,0.0017631789799155556
2024-05-01,41.750925,-71.445057,6.924350728609823
2024-05-02,41.750925,-71.445057,0.0
2024-05-03,41.750925,-71.445057,0.0
2024-05-04,41.750925,-71.445057,0.028876536290966672
2024-05-05,41.750925,-71.445057,7.9795828034166085
2024-05-06,41.750925,-71.445057,3.6693398967214486
2024-05-07,41.750925,-71.445057,0.031131375578153656
2024-05-08,41.750925,-71.445057,20.375541730594797
2024-05-09,41.750925,-71.445057,0.7687059779843811
2024-05-10,41.750925,-71.445057,8.772686865563893
2024-05-11,41.750925,-71.445057,0.3732372168744503
2024-05-12,41.750925,-71.445057,0.14449029143384376
2024-05-13,41.750925,-71.445057,0.0
2024-05-14,41.750925,-71.445057,0.0
2024-05-15,41.750925,-71.445057,22.309073096638215
2024-05-16,41.750925,-71.445057,35.28821564169107
2024-05-17,41.750925,-71.445057,0.5322495149090237
2024-05-18,41.750925,-71.445057,0.43258664549462456
2024-05-19,41.750925,-71.445057,0.807448289377247
2024-05-20,41.750925,-71.445057,0.0
2024-05-21,41.750925,-71.445057,0.0
2024-05-22,41.750925,-71.445057,0.0
2024-05-23,41.750925,-71.445057,21.45780908452184
2024-05-24,41.750925,-71.445057,0.0
2024-05-25,41.750925,-71.445057,0.0
2024-05-26,41.750925,-71.445057,1.18472254363991
2024-05-27,41.750925,-71.445057,0.01211223231646293
2024-05-28,41.750925,-71.445057,11.043322767243223
2024-05-29,41.750925,-71.445057,0.0
2024-05-30,41.750925,-71.445057,9.808796009987406
2024-05-31,41.750925,-71.445057,0.0
2024-06-01,41.750925,-71.445057,0.0
2024-06-02,41.750925,-71.445057,0.0
2024-06-03,41.750925,-71.445057,0.15081781256455082
2024-06-04,41.750925,-71.445057,0.0
2024-06-05,41.750925,-71.445057,0.0
2024-06-06,41.750925,-71.445057,0.8823856723969048
2024-06-07,41.750925,-71.445057,0.005998725421845572
2024-06-08,41.750925,-71.445057,6.854282365447359e-05
2024-06-09,41.750925,-71.445057,4.7586874818360245
2024-06-10,41.750925,-71.445057,0.0
2024-06-11,41.750925,-71.445057,0.0015601731964679792
2024-06-12,41.750925,-71.445057,0.0
2024-06-13,41.750925,-71.445057,0.0
2024-06-14,41.750925,-71.445057,0.5285499944233816
2024-06-15,41.750925,-71.445057,7.952210770830613
2024-06-16,41.750925,-71.445057,0.0
2024-06-17,41.750925,-71.445057,0.25877041757132996
2024-06-18,41.750925,-71.445057,0.0
2024-06-19,41.750925,-71.445057,0.0
2024-06-20,41.750925,-71.445057,0.07024928600566287
2024-06-21,41.750925,-71.445057,10.182430720285971
2024-06-22,41.750925,-71.445057,17.324168504798163
2024-06-23,41.750925,-71.445057,13.711257604080032
2024-06-24,41.750925,-71.445057,7.074367442339868
2024-06-25,41.750925,-71.445057,0.0
2024-06-26,41.750925,-71.445057,0.03395764544714015
2024-06-27,41.750925,-71.445057,27.879540382100842
2024-06-28,41.750925,-71.445057,0.0
2024-06-29,41.750925,-71.445057,0.1898637395197051
2024-06-30,41.750925,-71.445057,14.492997722145589
2024-07-01,41.750925,-71.445057,1.2633231739655153
2024-07-02,41.750925,-71.445057,0.0
2024-07-03,41.750925,-71.445057,0.0
2024-07-04,41.750925,-71.445057,0.22033150110826982
2024-07-05,41.750925,-71.445057,2.9764240080163433
2024-07-06,41.750925,-71.445057,9.962407426875968
2024-07-07,41.750925,-71.445057,0.1189829097573357
2024-07-08,41.750925,-71.445057,0.0
2024-07-09,41.750925,-71.445057,0.6902699071367661
2024-07-10,41.750925,-71.445057,0.47606124351645895
2024-07-11,41.750925,-71.445057,0.2281010418275331
2024-07-12,41.750925,-71.445057,0.030460256804475075
2024-07-13,41.750925,-71.445057,12.02824165261626
2024-07-14,41.750925,-71.445057,0.0015799090396887837
2024-07-15,41.750925,-71.445057,0.0036707460830567307
2024-07-16,41.750925,-71.445057,0.0
2024-07-17,41.750925,-71.445057,0.05947470056223902
2024-07-18,41.750925,-71.445057,12.82187045523181
2024-07-19,41.750925,-71.445057,0.0
2024-07-20,41.750925,-71.445057,0.0002447164146535124
2024-07-21,41.750925,-71.445057,5.1562039261285815
2024-07-22,41.750925,-71.445057,0.28524121783442635
2024-07-23,41.750925,-71.445057,8.440388453447007
2024-07-24,41.750925,-71.445057,2.755578605223589
2024-07-25,41.750925,-71.445057,5.1626748530752105
2024-07-26,41.750925,-71.445057,0.0
2024-07-27,41.750925,-71.445057,0.0
2024-07-28,41.750925,-71.445057,3.691420924977437
2024-07-29,41.750925,-71.445057,29.204277606787212
2024-07-30,41.750925,-71.445057,0.005628477400284829
2024-07-31,41.750925,-71.445057,0.5124348168775527
2024-08-01,41.750925,-71.445057,0.0
2024-08-02,41.750925,-71.445057,0.02161012967179557
2024-08-03,41.750925,-71.445057,2.281895231621022
2024-08-04,41.750925,-71.445057,15.213793213433204
2024-08-05,41.750925,-71.445057,2.6128520063304648
2024-08-06,41.750925,-71.445057,7.035470192907926
2024-08-07,41.750925,-71.445057,17.026961013110487
2024-08-08,41.750925,-71.445057,1.6222627195377401
2024-08-09,41.750925,-71.445057,2.972693279865417
2024-08-10,41.750925,-71.445057,3.2350354975059346
2024-08-11,41.750925,-71.445057,0.2519309035891041
2024-08-12,41.750925,-71.445057,1.3652352263532956
2024-08-13,41.750925,-71.445057,0.00665691716413068
2024-08-14,41.750925,-71.445057,0.0
2024-08-15,41.750925,-71.445057,4.991876407671945
2024-08-16,41.750925,-71.445057,0.30680648310781106
2024-08-17,41.750925,-71.445057,0.0008353395319379591
2024-08-18,41.750925,-71.445057,7.788016861285642
2024-08-19,41.750925,-71.445057,36.082828350667064
2024-08-20,41.750925,-71.445057,3.0981843225355434
2024-08-21,41.750925,-71.445057,0.0
2024-08-22,41.750925,-71.445057,0.0
2024-08-23,41.750925,-71.445057,0.0
2024-08-24,41.750925,-71.445057,0.0
2024-08-25,41.750925,-71.445057,0.0
2024-08-26,41.750925,-71.445057,1.8326969868524152
2024-08-27,41.750925,-71.445057,0.13101283869252978
2024-08-28,41.750925,-71.445057,0.231314183957863
2024-08-29,41.750925,-71.445057,0.0
2024-08-30,41.750925,-71.445057,0.0
2024-08-31,41.750925,-71.445057,0.0
2024-09-01,41.750925,-71.445057,4.815739145139986
2024-09-02,41.750925,-71.445057,0.00470903347462214
2024-09-03,41.750925,-71.445057,0.0
2024-09-04,41.750925,-71.445057,0.0
2024-09-05,41.750925,-71.445057,0.0
2024-09-06,41.750925,-71.445057,0.0
2024-09-07,41.750925,-71.445057,0.005189864547936058
2024-09-08,41.750925,-71.445057,0.0
2024-09-09,41.750925,-71.445057,0.0
2024-09-10,41.750925,-71.445057,0.0009524170770392671
2024-09-11,41.750925,-71.445057,0.0
2024-09-12,41.750925,-71.445057,0.0
2024-09-13,41.750925,-71.445057,0.0
2024-09-14,41.750925,-71.445057,0.0
2024-09-15,41.750925,-71.445057,0.0
2024-09-16,41.750925,-71.445057,0.0
2024-09-17,41.750925,-71.445057,0.33623832216935357
2024-09-18,41.750925,-71.445057,0.1745950916806305
2024-09-19,41.750925,-71.445057,0.16315891020813234
2024-09-20,41.750925,-71.445057,8.045538945099537
2024-09-21,41.750925,-71.445057,26.819376545646783
2024-09-22,41.750925,-71.445057,5.099978467854012
2024-09-23,41.750925,-71.445057,0.24779088236217006
2024-09-24,41.750925,-71.445057,2.28476087359643e-06
2024-09-25,41.750925,-71.445057,1.1771279706547242
2024-09-26,41.750925,-71.445057,3.7986942369053653
2024-09-27,41.750925,-71.445057,2.1464584289359965
2024-09-28,41.750925,-71.445057,0.28199232924186146
2024-09-29,41.750925,-71.445057,0.24483031502348512
2024-09-30,41.750925,-71.445057,0.18573590165419973
2024-10-01,41.750925,-71.445057,0.023416542690149048
2024-10-02,41.750925,-71.445057,0.0
2024-10-03,41.750925,-71.445057,0.0
2024-10-04,41.750925,-71.445057,0.15386633226145702
2024-10-05,41.750925,-71.445057,1.9817852556370055
2024-10-06,41.750925,-71.445057,0.0
2024-10-07,41.750925,-71.445057,18.383428995527485
2024-10-08,41.750925,-71.445057,0.0
2024-10-09,41.750925,-71.445057,0.0014682984879210745
2024-10-10,41.750925,-71.445057,0.01618098480224315
2024-10-11,41.750925,-71.445057,0.0
2024-10-12,41.750925,-71.445057,0.0
2024-10-13,41.750925,-71.445057,4.779027427551649
2024-10-14,41.750925,-71.445057,1.2510231629034119
2024-10-15,41.750925,-71.445057,0.0
2024-10-16,41.750925,-71.445057,0.0
2024-10-17,41.750925,-71.445057,2.28476087359643e-06
2024-10-18,41.750925,-71.445057,0.0
2024-10-19,41.750925,-71.445057,0.0
2024-10-20,41.750925,-71.445057,0.0
2024-10-21,41.750925,-71.445057,0.0
2024-10-22,41.750925,-71.445057,0.0
2024-10-23,41.750925,-71.445057,0.0
2024-10-24,41.750925,-71.445057,0.16820646607881057
2024-10-25,41.750925,-71.445057,0.0
2024-10-26,41.750925,-71.445057,0.0
2024-10-27,41.750925,-71.445057,0.0
2024-10-28,41.750925,-71.445057,7.768187225569792e-05
2024-10-29,41.750925,-71.445057,0.662527735075754
2024-10-30,41.750925,-71.445057,2.1420652892698455
2024-10-31,41.750925,-71.445057,0.0735010478614831
2024-11-01,41.750925,-71.445057,0.0006155133496669137
2024-11-02,41.750925,-71.445057,0.0
2024-11-03,41.750925,-71.445057,0.0
2024-11-04,41.750925,-71.445057,0.9400267038447373
2024-11-05,41.750925,-71.445057,0.24900036512220322
2024-11-06,41.750925,-71.445057,0.0
2024-11-07,41.750925,-71.445057,4.396523809204186e-05
2024-11-08,41.750925,-71.445057,0.0
2024-11-09,41.750925,-71.445057,0.0
2024-11-10,41.750925,-71.445057,0.852037475633424
2024-11-11,41.750925,-71.445057,13.943563779201563
2024-11-12,41.750925,-71.445057,0.001957731317228099
2024-11-13,41.750925,-71.445057,0.0
2024-11-14,41.750925,-71.445057,0.0
2024-11-15,41.750925,-71.445057,0.0
2024-11-16,41.750925,-71.445057,0.0
2024-11-17,41.750925,-71.445057,0.0
2024-11-18,41.750925,-71.445057,0.8071513868941859
2024-11-19,41.750925,-71.445057,0.0
2024-11-20,41.750925,-71.445057,0.00018444521309213377
2024-11-21,41.750925,-71.445057,41.62590569682143
2024-11-22,41.750925,-71.445057,0.40741457029272843
2024-11-23,41.750925,-71.445057,12.030127563057807
2024-11-24,41.750925,-71.445057,0.0002447164146535124
2024-11-25,41.750925,-71.445057,0.0
2024-11-26,41.750925,-71.445057,7.310508709722037
2024-11-27,41.750925,-71.445057,0.5701802224509309
2024-11-28,41.750925,-71.445057,19.911392299858544
2024-11-29,41.750925,-71.445057,0.15872500452724128
2024-11-30,41.750925,-71.445057,0.0
2024-12-01,41.750925,-71.445057,0.000559569510185992
2024-12-02,41.750925,-71.445057,0.0
2024-12-03,41.750925,-71.445057,0.0
2024-12-04,41.750925,-71.445057,0.08722347340955955
2024-12-05,41.750925,-71.445057,18.790402978584883
2024-12-06,41.750925,-71.445057,0.01096093055509232
2024-12-07,41.750925,-71.445057,1.506655187298024
2024-12-08,41.750925,-71.445057,4.995478764861417
2024-12-09,41.750925,-71.445057,7.3393321422042614
2024-12-10,41.750925,-71.445057,0.1869279877006016
2024-12-11,41.750925,-71.445057,79.37174560323105
2024-12-12,41.750925,-71.445057,31.36438171405706
2024-12-13,41.750925,-71.445057,0.0
2024-12-14,41.750925,-71.445057,0.0
2024-12-15,41.750925,-71.445057,0.014127100423866421
2024-12-16,41.750925,-71.445057,0.1489520936073387
2024-12-17,41.750925,-71.445057,5.126664392881252
2024-12-18,41.750925,-71.445057,0.8221657002905498
2024-12-19,41.750925,-71.445057,11.492880511131977
2024-12-20,41.750925,-71.445057,5.240324227589473
2024-12-21,41.750925,-71.445057,0.008377270244171182
2024-12-22,41.750925,-71.445057,0.0
2024-12-23,41.750925,-71.445057,0.0
2024-12-24,41.750925,-71.445057,0.4444557333510837
2024-12-25,41.750925,-71.445057,0.0
2024-12-26,41.750925,-71.445057,0.0
2024-12-27,41.750925,-71.445057,0.0
2024-12-28,41.750925,-71.445057,12.99406328277241
2024-12-29,41.750925,-71.445057,1.007035355775847
2024-12-30,41.750925,-71.445057,20.838620658426468
2024-12-31,41.750925,-71.445057,1.1052280600017514
2025-01-01,41.750925,-71.445057,47.17926151597331
2025-01-02,41.750925,-71.445057,0.696216270120307
2025-01-03,41.750925,-71.445057,0.0
2025-01-04,41.750925,-71.445057,0.0
2025-01-05,41.750925,-71.445057,0.09992193309681416
2025-01-06,41.750925,-71.445057,0.011719868915670404
2025-01-07,41.750925,-71.445057,0.0
2025-01-08,41.750925,-71.445057,0.0
2025-01-09,41.750925,-71.445057,0.0
2025-01-10,41.750925,-71.445057,0.0
2025-01-11,41.750925,-71.445057,0.01648218401688152
2025-01-12,41.750925,-71.445057,0.0
2025-01-13,41.750925,-71.445057,0.0
2025-01-14,41.750925,-71.445057,0.0
2025-01-15,41.750925,-71.445057,0.0
2025-01-16,41.750925,-71.445057,0.982821534895259
2025-01-17,41.750925,-71.445057,0.013467155275654213
2025-01-18,41.750925,-71.445057,7.154300340116213
2025-01-19,41.750925,-71.445057,3.21290928510133
2025-01-20,41.750925,-71.445057,2.7915172392703274
2025-01-21,41.750925,-71.445057,0.010097364209059437
2025-01-22,41.750925,-71.445057,1.3073732965427338
2025-01-23,41.750925,-71.445057,0.00018735040780656288
2025-01-24,41.750925,-71.445057,0.0
2025-01-25,41.750925,-71.445057,0.0
2025-01-26,41.750925,-71.445057,0.02413166884497034
2025-01-27,41.750925,-71.445057,0.21542606157107763
2025-01-28,41.750925,-71.445057,0.07010126169935514
2025-01-29,41.750925,-71.445057,0.030216501686708135
2025-01-30,41.750925,-71.445057,0.0
2025-01-31,41.750925,-71.445057,7.048213260431419
2025-02-01,41.750925,-71.445057,20.76598119374412
2025-02-02,41.750925,-71.445057,0.056508401695465685
2025-02-03,41.750925,-71.445057,0.18706928705868006
2025-02-04,41.750925,-71.445057,2.01721782480699
2025-02-05,41.750925,-71.445057,0.0
2025-02-06,41.750925,-71.445057,3.6277119664074235
2025-02-07,41.750925,-71.445057,0.00013189571427612556
2025-02-08,41.750925,-71.445057,9.13904349438572e-06
2025-02-09,41.750925,-71.445057,0.822943891279999
2025-02-10,41.750925,-71.445057,0.0
2025-02-11,41.750925,-71.445057,0.0
2025-02-12,41.750925,-71.445057,0.48284540459912195
2025-02-13,41.750925,-71.445057,4.7231020749889705
2025-02-14,41.750925,-71.445057,0.0
2025-02-15,41.750925,-71.445057,2.399823105993092
2025-02-16,41.750925,-71.445057,41.24949458642932
2025-02-17,41.750925,-71.445057,0.018724528672174626
2025-02-18,41.750925,-71.445057,0.0
2025-02-19,41.750925,-71.445057,0.0
2025-02-20,41.750925,-71.445057,0.09088766355738624
2025-02-21,41.750925,-71.445057,0.3149992772698276
2025-02-22,41.750925,-71.445057,0.0
2025-02-23,41.750925,-71.445057,0.0
2025-02-24,41.750925,-71.445057,0.0
2025-02-25,41.750925,-71.445057,0.6080498937677368
2025-02-26,41.750925,-71.445057,0.23213949546931736
2025-02-27,41.750925,-71.445057,7.006989940565281
2025-02-28,41.750925,-71.445057,0.31788629990916156
2025-03-01,41.750925,-71.445057,0.0023878315696167895
2025-03-02,41.750925,-71.445057,0.0
2025-03-03,41.750925,-71.445057,0.0
2025-03-04,41.750925,-71.445057,0.0
2025-03-05,41.750925,-71.445057,7.080991641860691
2025-03-06,41.750925,-71.445057,17.577224744108644
2025-03-07,41.750925,-71.445057,0.0
2025-03-08,41.750925,-71.445057,0.0
2025-03-09,41.750925,-71.445057,0.0
2025-03-10,41.750925,-71.445057,0.0
2025-03-11,41.750925,-71.445057,0.0
2025-03-12,41.750925,-71.445057,0.0
2025-03-13,41.750925,-71.445057,0.0
2025-03-14,41.750925,-71.445057,0.0
2025-03-15,41.750925,-71.445057,0.0
2025-03-16,41.750925,-71.445057,0.0
2025-03-17,41.750925,-71.445057,83.8057142248557
2025-03-18,41.750925,-71.445057,5.729610957414293
2025-03-19,41.750925,-71.445057,0.0
2025-03-20,41.750925,-71.445057,0.0
2025-03-21,41.750925,-71.445057,8.564245774466928
2025-03-22,41.750925,-71.445057,0.019087880069482054
2025-03-23,41.750925,-71.445057,0.0
2025-03-24,41.750925,-71.445057,33.243873473939885
2025-03-25,41.750925,-71.445057,0.002418088201521433
2025-03-26,41.750925,-71.445057,0.39580812236418444
2025-03-27,41.750925,-71.445057,0.0
2025-03-28,41.750925,-71.445057,0.023284994509179854
2025-03-29,41.750925,-71.445057,2.0098382418660234
2025-03-30,41.750925,-71.445057,3.2947173996207875
2025-03-31,41.750925,-71.445057,1.843619146287464
2025-04-01,41.750925,-71.445057,8.880945448487184
2025-04-02,41.750925,-71.445057,1.6245936791161346
2025-04-03,41.750925,-71.445057,9.537846650365667
2025-04-04,41.750925,-71.445057,1.37333100912937
2025-04-05,41.750925,-71.445057,5.086434998972106
2025-04-06,41.750925,-71.445057,9.91329741740181
2025-04-07,41.750925,-71.445057,6.060133678616472
2025-04-08,41.750925,-71.445057,5.7556463918992815
2025-04-09,41.750925,-71.445057,0.0
2025-04-10,41.750925,-71.445057,0.0
2025-04-11,41.750925,-71.445057,3.950242648402208
2025-04-12,41.750925,-71.445057,10.82630573183092
2025-04-13,41.750925,-71.445057,11.025031207754193
2025-04-14,41.750925,-71.445057,0.0
2025-04-15,41.750925,-71.445057,10.52365272468357
2025-04-16,41.750925,-71.445057,0.0
2025-04-17,41.750925,-71.445057,0.0
2025-04-18,41.750925,-71.445057,0.028607705113917112
2025-04-19,41.750925,-71.445057,0.14469326454440204
2025-04-20,41.750925,-71.445057,0.6451442509282128
2025-04-21,41.750925,-71.445057,0.1038345577047506
2025-04-22,41.750925,-71.445057,2.0939265385251122
2025-04-23,41.750925,-71.445057,4.396523809204186e-05
2025-04-24,41.750925,-71.445057,0.0
2025-04-25,41.750925,-71.445057,0.35878958936570277
2025-04-26,41.750925,-71.445057,10.942139665272578
2025-04-27,41.750925,-71.445057,2.966681038442966
2025-04-28,41.750925,-71.445057,0.0
2025-04-29,41.750925,-71.445057,0.0
2025-04-30,41.750925,-71.445057,3.7834975704062495
2025-05-01,41.750925,-71.445057,0.0
2025-05-02,41.750925,-71.445057,10.550875988795642
2025-05-03,41.750925,-71.445057,0.8080926449192033
2025-05-04,41.750925,-71.445057,0.16010714339990792
2025-05-05,41.750925,-71.445057,17.447871611005095
2025-05-06,41.750925,-71.445057,7.099292698313601
2025-05-07,41.750925,-71.445057,0.7679756758649999
2025-05-08,41.750925,-71.445057,0.00030720188557615316
2025-05-09,41.750925,-71.445057,26.243100249186032
2025-05-10,41.750925,-71.445057,2.43809058405068
2025-05-11,41.750925,-71.445057,0.0
2025-05-12,41.750925,-71.445057,0.0
2025-05-13,41.750925,-71.445057,4.112569487359596e-05
2025-05-14,41.750925,-71.445057,0.1771028498781213
2025-05-15,41.750925,-71.445057,27.833080203540618
2025-05-16,41.750925,-71.445057,2.1520308702767124
2025-05-17,41.750925,-71.445057,1.4822958088375513
2025-05-18,41.750925,-71.445057,0.019231821033127774
2025-05-19,41.750925,-71.445057,0.1587403074289213
2025-05-20,41.750925,-71.445057,0.24650959878944417
2025-05-21,41.750925,-71.445057,0.9304208214755393
2025-05-22,41.750925,-71.445057,63.98590411255576
2025-05-23,41.750925,-71.445057,22.146195996749714
2025-05-24,41.750925,-71.445057,0.19236196491238963
2025-05-25,41.750925,-71.445057,0.0004940023510542176
2025-05-26,41.750925,-71.445057,0.001713014948156572
2025-05-27,41.750925,-71.445057,0.0
2025-05-28,41.750925,-71.445057,3.826736551402071
2025-05-29,41.750925,-71.445057,13.249052306187945
2025-05-30,41.750925,-71.445057,0.21001523922005938
2025-05-31,41.750925,-71.445057,14.489601042418773
2025-06-01,41.750925,-71.445057,0.4721015056981453
2025-06-02,41.750925,-71.445057,0.0
2025-06-03,41.750925,-71.445057,0.047335049406623204
2025-06-04,41.750925,-71.445057,0.0
2025-06-05,41.750925,-71.445057,0.0
2025-06-06,41.750925,-71.445057,0.0
2025-06-07,41.750925,-71.445057,10.5421688747177
2025-06-08,41.750925,-71.445057,0.004935713947703139
2025-06-09,41.750925,-71.445057,2.8394636557335997
2025-06-10,41.750925,-71.445057,3.720090934216343
2025-06-11,41.750925,-71.445057,0.0
2025-06-12,41.750925,-71.445057,0.0
2025-06-13,41.750925,-71.445057,0.8254013493334591
2025-06-14,41.750925,-71.445057,7.282442289048103
2025-06-15,41.750925,-71.445057,0.09423318900723823
2025-06-16,41.750925,-71.445057,0.4911760187541413
2025-06-17,41.750925,-71.445057,5.579474297273132
2025-06-18,41.750925,-71.445057,5.393179736358156
2025-06-19,41.750925,-71.445057,0.3432476648785164
2025-06-20,41.750925,-71.445057,0.18443589846633504
2025-06-21,41.750925,-71.445057,0.0
2025-06-22,41.750925,-71.445057,8.411779559743156
2025-06-23,41.750925,-71.445057,0.0
2025-06-24,41.750925,-71.445057,0.0
2025-06-25,41.750925,-71.445057,1.72072274414676
2025-06-26,41.750925,-71.445057,2.160143715469104
2025-06-27,41.750925,-71.445057,0.5365268512967309
2025-06-28,41.750925,-71.445057,1.8143324391779994
2025-06-29,41.750925,-71.445057,0.17955858947875905
2025-06-30,41.750925,-71.445057,0.006183165268641698
2025-07-01,41.750925,-71.445057,0.46082884778628364
2025-07-02,41.750925,-71.445057,10.06616044166045
2025-07-03,41.750925,-71.445057,2.118154221258033
2025-07-04,41.750925,-71.445057,6.759382230942564
2025-07-05,41.750925,-71.445057,3.834817443843878
2025-07-06,41.750925,-71.445057,0.0
2025-07-07,41.750925,-71.445057,0.008139868352466027
2025-07-08,41.750925,-71.445057,5.338648370855146
2025-07-09,41.750925,-71.445057,16.58745306380193
2025-07-10,41.750925,-71.445057,25.348931506445442
2025-07-11,41.750925,-71.445057,0.07076893734696472
2025-07-12,41.750925,-71.445057,0.009958319299264138
2025-07-13,41.750925,-71.445057,0.11209632454020696
2025-07-14,41.750925,-71.445057,0.038260847679536705
2025-07-15,41.750925,-71.445057,8.202808240040092
2025-07-16,41.750925,-71.445057,0.0
2025-07-17,41.750925,-71.445057,0.1074399142496219
2025-07-18,41.750925,-71.445057,0.0
2025-07-19,41.750925,-71.445057,0.0
2025-07-20,41.750925,-71.445057,2.4501413571743913
2025-07-21,41.750925,-71.445057,4.904632282058884
2025-07-22,41.750925,-71.445057,0.0005966804570425108
2025-07-23,41.750925,-71.445057,0.015289878582728168
2025-07-24,41.750925,-71.445057,0.0
2025-07-25,41.750925,-71.445057,20.610277015963387
2025-07-26,41.750925,-71.445057,0.3131626800662478
2025-07-27,41.750925,-71.445057,13.457424391113118
2025-07-28,41.750925,-71.445057,0.056508401695465685
2025-07-29,41.750925,-71.445057,0.016338687335988374
2025-07-30,41.750925,-71.445057,0.0
2025-07-31,41.750925,-71.445057,0.6915905781615903
2025-08-01,41.750925,-71.445057,8.79346581815608
2025-08-02,41.750925,-71.445057,0.0
2025-08-03,41.750925,-71.445057,0.0
2025-08-04,41.750925,-71.445057,0.0
2025-08-05,41.750925,-71.445057,0.0
2025-08-06,41.750925,-71.445057,1.5096976878643094
2025-08-07,41.750925,-71.445057,3.345982221221846
2025-08-08,41.750925,-71.445057,0.0
2025-08-09,41.750925,-71.445057,0.0
2025-08-10,41.750925,-71.445057,0.0
2025-08-11,41.750925,-71.445057,0.0
2025-08-12,41.750925,-71.445057,0.0
2025-08-13,41.750925,-71.445057,0.3655455127998945
2025-08-14,41.750925,-71.445057,0.06028579435268093
2025-08-15,41.750925,-71.445057,3.3007909350024036
2025-08-16,41.750925,-71.445057,0.0
2025-08-17,41.750925,-71.445057,0.38932209159471165
2025-08-18,41.750925,-71.445057,0.8849652466344881
2025-08-19,41.750925,-71.445057,0.058160750197751375
2025-08-20,41.750925,-71.445057,11.04850860227974
2025-08-21,41.750925,-71.445057,19.899142566864388
2025-08-22,41.750925,-71.445057,0.0
2025-08-23,41.750925,-71.445057,0.0
2025-08-24,41.750925,-71.445057,0.73930751518011
2025-08-25,41.750925,-71.445057,0.0007839652461097462
2025-08-26,41.750925,-71.445057,0.0
2025-08-27,41.750925,-71.445057,0.09270813881026699
2025-08-28,41.750925,-71.445057,0.0
2025-08-29,41.750925,-71.445057,6.815968816992581
2025-08-30,41.750925,-71.445057,0.0
2025-08-31,41.750925,-71.445057,0.0
2025-09-01,41.750925,-71.445057,1.155847224415426
2025-09-02,41.750925,-71.445057,0.0
2025-09-03,41.750925,-71.445057,0.0
2025-09-04,41.750925,-71.445057,0.0
2025-09-05,41.750925,-71.445057,5.355205315804104
2025-09-06,41.750925,-71.445057,5.373985441589994
2025-09-07,41.750925,-71.445057,42.54638660742638
2025-09-08,41.750925,-71.445057,1.2214501659640777
2025-09-09,41.750925,-71.445057,0.0
2025-09-10,41.750925,-71.445057,0.7435692856098861
2025-09-11,41.750925,-71.445057,0.0
2025-09-12,41.750925,-71.445057,0.0
2025-09-13,41.750925,-71.445057,0.0
2025-09-14,41.750925,-71.445057,0.5691529161094854
2025-09-15,41.750925,-71.445057,0.0
2025-09-16,41.750925,-71.445057,0.1790313323440438
2025-09-17,41.750925,-71.445057,0.8780910505588576
2025-09-18,41.750925,-71.445057,1.2342773344583715
2025-09-19,41.750925,-71.445057,0.0
2025-09-20,41.750925,-71.445057,0.0
2025-09-21,41.750925,-71.445057,1.9640155342267565
2025-09-22,41.750925,-71.445057,0.0
2025-09-23,41.750925,-71.445057,2.28476087359643e-06
2025-09-24,41.750925,-71.445057,23.50751986952685
2025-09-25,41.750925,-71.445057,15.812282098171567
2025-09-26,41.750925,-71.445057,0.027769909192575163
2025-09-27,41.750925,-71.445057,0.00035857618735712416
2025-09-28,41.750925,-71.445057,17.4877341374576
2025-09-29,41.750925,-71.445057,2.6284062470844063
2025-09-30,41.750925,-71.445057,0.8531751929928941
