date,lat,lon,pr_mm_per_day
2010-01-01,41.624443,-70.90544,2.134765823464993
2010-01-02,41.624443,-70.90544,0.29805679883603686
2010-01-03,41.624443,-70.90544,0.4243816890834493
2010-01-04,41.624443,-70.90544,0.21677386513941746
2010-01-05,41.624443,-70.90544,0.06315636818358222
2010-01-06,41.624443,-70.90544,0.0005693796384300317
2010-01-07,41.624443,-70.90544,0.212538457186302
2010-01-08,41.624443,-70.90544,0.03461296567935128
2010-01-09,41.624443,-70.90544,0.1291218043572452
2010-01-10,41.624443,-70.90544,0.0
2010-01-11,41.624443,-70.90544,0.18415681731932848
2010-01-12,41.624443,-70.90544,2.0189370466891168
2010-01-13,41.624443,-70.90544,0.023406456665174116
2010-01-14,41.624443,-70.90544,0.0
2010-01-15,41.624443,-70.90544,0.20449856262108923
2010-01-16,41.624443,-70.90544,0.0
2010-01-17,41.624443,-70.90544,28.186782773314686
2010-01-18,41.624443,-70.90544,46.99467993571507
2010-01-19,41.624443,-70.90544,1.5920783452009202
2010-01-20,41.624443,-70.90544,0.030707449576695217
2010-01-21,41.624443,-70.90544,0.0
2010-01-22,41.624443,-70.90544,0.2932836558350854
2010-01-23,41.624443,-70.90544,0.03317003313741636
2010-01-24,41.624443,-70.90544,2.770627953744331
2010-01-25,41.624443,-70.90544,33.71161639850191
2010-01-26,41.624443,-70.90544,0.6143373946830779
2010-01-27,41.624443,-70.90544,0.31653673872980653
2010-01-28,41.624443,-70.90544,2.710724662184677
2010-01-29,41.624443,-70.90544,0.020458617145506886
2010-01-30,41.624443,-70.90544,0.03648703842824615
2010-01-31,41.624443,-70.90544,1.7203674640929125
2010-02-01,41.624443,-70.90544,0.0
2010-02-02,41.624443,-70.90544,0.04189726092976088
2010-02-03,41.624443,-70.90544,0.02824097014005534
2010-02-04,41.624443,-70.90544,0.0
2010-02-05,41.624443,-70.90544,0.0
2010-02-06,41.624443,-70.90544,1.301025046239578
2010-02-07,41.624443,-70.90544,0.0
2010-02-08,41.624443,-70.90544,0.0
2010-02-09,41.624443,-70.90544,0.0
2010-02-10,41.624443,-70.90544,16.451561877764345
2010-02-11,41.624443,-70.90544,13.312887523058489
2010-02-12,41.624443,-70.90544,0.0
2010-02-13,41.624443,-70.90544,0.0021254109990224124
2010-02-14,41.624443,-70.90544,0.0021254109990224124
2010-02-15,41.624443,-70.90544,0.0
2010-02-16,41.624443,-70.90544,0.36746053198540574
2010-02-17,41.624443,-70.90544,0.18150470164717356
2010-02-18,41.624443,-70.90544,0.0
2010-02-19,41.624443,-70.90544,0.40529646672591557
2010-02-20,41.624443,-70.90544,0.0
2010-02-21,41.624443,-70.90544,0.0
2010-02-22,41.624443,-70.90544,0.0
2010-02-23,41.624443,-70.90544,0.32411816995683423
2010-02-24,41.624443,-70.90544,55.0354543571135
2010-02-25,41.624443,-70.90544,21.626136602713277
2010-02-26,41.624443,-70.90544,55.2006484543381
2010-02-27,41.624443,-70.90544,1.4520453057002756
2010-02-28,41.624443,-70.90544,0.004975505155964468
2010-03-01,41.624443,-70.90544,4.925936849282474
2010-03-02,41.624443,-70.90544,0.24178653988987792
2010-03-03,41.624443,-70.90544,5.436490553226898
2010-03-04,41.624443,-70.90544,2.6353101107090495
2010-03-05,41.624443,-70.90544,1.5020421110373445
2010-03-06,41.624443,-70.90544,0.009567162599919719
2010-03-07,41.624443,-70.90544,0.01913942166525998
2010-03-08,41.624443,-70.90544,0.01761681441246493
2010-03-09,41.624443,-70.90544,0.01027818116563746
2010-03-10,41.624443,-70.90544,0.047672195399975886
2010-03-11,41.624443,-70.90544,0.5878226790105879
2010-03-12,41.624443,-70.90544,0.004555037107440253
2010-03-13,41.624443,-70.90544,38.73563843628437
2010-03-14,41.624443,-70.90544,53.69292791469655
2010-03-15,41.624443,-70.90544,14.764115078774045
2010-03-16,41.624443,-70.90544,0.7492116518536922
2010-03-17,41.624443,-70.90544,0.0
2010-03-18,41.624443,-70.90544,0.014888599667215155
2010-03-19,41.624443,-70.90544,0.15408981856009174
2010-03-20,41.624443,-70.90544,0.0
2010-03-21,41.624443,-70.90544,0.20658976405678775
2010-03-22,41.624443,-70.90544,4.898726176581277
2010-03-23,41.624443,-70.90544,76.8656906243162
2010-03-24,41.624443,-70.90544,19.716490895494015
2010-03-25,41.624443,-70.90544,0.09745423736885729
2010-03-26,41.624443,-70.90544,25.965342605045038
2010-03-27,41.624443,-70.90544,0.0061508847693395275
2010-03-28,41.624443,-70.90544,0.023586254355598975
2010-03-29,41.624443,-70.90544,58.47254276944876
2010-03-30,41.624443,-70.90544,90.42772607791026
2010-03-31,41.624443,-70.90544,10.193308134768227
2010-04-01,41.624443,-70.90544,0.0
2010-04-02,41.624443,-70.90544,0.0
2010-04-03,41.624443,-70.90544,0.0
2010-04-04,41.624443,-70.90544,0.9467410816600645
2010-04-05,41.624443,-70.90544,0.9014260585355736
2010-04-06,41.624443,-70.90544,1.2837762484295847
2010-04-07,41.624443,-70.90544,0.2229595431285404
2010-04-08,41.624443,-70.90544,0.0
2010-04-09,41.624443,-70.90544,9.660179012485152
2010-04-10,41.624443,-70.90544,0.6781226127288601
2010-04-11,41.624443,-70.90544,0.06885870475718667
2010-04-12,41.624443,-70.90544,0.0
2010-04-13,41.624443,-70.90544,0.3966358981316691
2010-04-14,41.624443,-70.90544,0.0
2010-04-15,41.624443,-70.90544,0.0
2010-04-16,41.624443,-70.90544,1.5449493869866935
2010-04-17,41.624443,-70.90544,13.611559663713972
2010-04-18,41.624443,-70.90544,0.010111398842668725
2010-04-19,41.624443,-70.90544,0.0
2010-04-20,41.624443,-70.90544,0.002846898086094933
2010-04-21,41.624443,-70.90544,0.0
2010-04-22,41.624443,-70.90544,1.1660292171641007
2010-04-23,41.624443,-70.90544,0.0005693796384300317
2010-04-24,41.624443,-70.90544,0.013460936459104829
2010-04-25,41.624443,-70.90544,11.748509196700603
2010-04-26,41.624443,-70.90544,6.3773557998668995
2010-04-27,41.624443,-70.90544,3.7777432241950355
2010-04-28,41.624443,-70.90544,1.5475609892046567
2010-04-29,41.624443,-70.90544,0.07693120459599584
2010-04-30,41.624443,-70.90544,0.029607740774140745
2010-05-01,41.624443,-70.90544,0.5132422501721723
2010-05-02,41.624443,-70.90544,0.1467572456104621
2010-05-03,41.624443,-70.90544,8.11148021557772
2010-05-04,41.624443,-70.90544,0.009173493860619233
2010-05-05,41.624443,-70.90544,0.0
2010-05-06,41.624443,-70.90544,0.5385974346201884
2010-05-07,41.624443,-70.90544,0.0
2010-05-08,41.624443,-70.90544,7.534260788878918
2010-05-09,41.624443,-70.90544,0.043428806138131514
2010-05-10,41.624443,-70.90544,0.1375105471700363
2010-05-11,41.624443,-70.90544,0.030549577261509222
2010-05-12,41.624443,-70.90544,0.976697108630936
2010-05-13,41.624443,-70.90544,0.013317650945873855
2010-05-14,41.624443,-70.90544,3.1703365027396937
2010-05-15,41.624443,-70.90544,0.46310937574814676
2010-05-16,41.624443,-70.90544,0.0
2010-05-17,41.624443,-70.90544,0.0
2010-05-18,41.624443,-70.90544,26.68237116193437
2010-05-19,41.624443,-70.90544,10.110972662418527
2010-05-20,41.624443,-70.90544,0.16388449518236003
2010-05-21,41.624443,-70.90544,0.009951010311928936
2010-05-22,41.624443,-70.90544,0.3431507010140784
2010-05-23,41.624443,-70.90544,0.004555037107440253
2010-05-24,41.624443,-70.90544,0.0
2010-05-25,41.624443,-70.90544,0.0
2010-05-26,41.624443,-70.90544,0.0
2010-05-27,41.624443,-70.90544,12.541367136783455
2010-05-28,41.624443,-70.90544,0.04432483461476476
2010-05-29,41.624443,-70.90544,5.194541230522197
2010-05-30,41.624443,-70.90544,0.4847608757892193
2010-05-31,41.624443,-70.90544,0.0
2010-06-01,41.624443,-70.90544,4.621507655148701
2010-06-02,41.624443,-70.90544,1.4475598568552637
2010-06-03,41.624443,-70.90544,0.004214201661529827
2010-06-04,41.624443,-70.90544,3.414933547898897
2010-06-05,41.624443,-70.90544,26.769150457942366
2010-06-06,41.624443,-70.90544,0.9789190398562025
2010-06-07,41.624443,-70.90544,0.0056677626640597644
2010-06-08,41.624443,-70.90544,0.0011387592768600633
2010-06-09,41.624443,-70.90544,10.386346638538306
2010-06-10,41.624443,-70.90544,3.6323097904453414
2010-06-11,41.624443,-70.90544,0.18461327762283902
2010-06-12,41.624443,-70.90544,1.1023817950188164
2010-06-13,41.624443,-70.90544,15.264391915852585
2010-06-14,41.624443,-70.90544,0.24287615835943013
2010-06-15,41.624443,-70.90544,0.06333790333221376
2010-06-16,41.624443,-70.90544,0.37135080228936135
2010-06-17,41.624443,-70.90544,0.26591066761354437
2010-06-18,41.624443,-70.90544,0.0
2010-06-19,41.624443,-70.90544,0.0
2010-06-20,41.624443,-70.90544,0.3897982531670428
2010-06-21,41.624443,-70.90544,0.002846898086094933
2010-06-22,41.624443,-70.90544,0.4914493500000161
2010-06-23,41.624443,-70.90544,8.673270440488801
2010-06-24,41.624443,-70.90544,0.25615069060660633
2010-06-25,41.624443,-70.90544,0.0
2010-06-26,41.624443,-70.90544,0.002846898086094933
2010-06-27,41.624443,-70.90544,0.5766915642251758
2010-06-28,41.624443,-70.90544,0.7366450780348555
2010-06-29,41.624443,-70.90544,2.833238195244837
2010-06-30,41.624443,-70.90544,0.14109537099384514
2010-07-01,41.624443,-70.90544,0.0
2010-07-02,41.624443,-70.90544,0.0
2010-07-03,41.624443,-70.90544,0.0
2010-07-04,41.624443,-70.90544,0.009679454171476212
2010-07-05,41.624443,-70.90544,0.42359202757568826
2010-07-06,41.624443,-70.90544,0.10761094989822581
2010-07-07,41.624443,-70.90544,0.17211694266069072
2010-07-08,41.624443,-70.90544,0.009679454171476212
2010-07-09,41.624443,-70.90544,0.007084703066148933
2010-07-10,41.624443,-70.90544,0.7293488774006777
2010-07-11,41.624443,-70.90544,1.889574629741612
2010-07-12,41.624443,-70.90544,0.013734923338526196
2010-07-13,41.624443,-70.90544,16.42287895722834
2010-07-14,41.624443,-70.90544,9.663096807746118
2010-07-15,41.624443,-70.90544,0.3599387442082945
2010-07-16,41.624443,-70.90544,0.014234491278916466
2010-07-17,41.624443,-70.90544,0.318765159059989
2010-07-18,41.624443,-70.90544,0.0
2010-07-19,41.624443,-70.90544,12.639969203104487
2010-07-20,41.624443,-70.90544,0.922272261623191
2010-07-21,41.624443,-70.90544,2.747799263514179
2010-07-22,41.624443,-70.90544,1.7129555892838055
2010-07-23,41.624443,-70.90544,14.239311774970831
2010-07-24,41.624443,-70.90544,14.899262101261053
2010-07-25,41.624443,-70.90544,7.2900217885517895
2010-07-26,41.624443,-70.90544,0.021623408869944807
2010-07-27,41.624443,-70.90544,0.0
2010-07-28,41.624443,-70.90544,0.0513756368597812
2010-07-29,41.624443,-70.90544,3.445948347239284
2010-07-30,41.624443,-70.90544,3.337769160567034
2010-07-31,41.624443,-70.90544,0.0
2010-08-01,41.624443,-70.90544,0.06994966964638741
2010-08-02,41.624443,-70.90544,0.0
2010-08-03,41.624443,-70.90544,0.9355174855103943
2010-08-04,41.624443,-70.90544,0.3602668250395653
2010-08-05,41.624443,-70.90544,6.5055166118411005
2010-08-06,41.624443,-70.90544,0.30887799479245137
2010-08-07,41.624443,-70.90544,0.011387592344379732
2010-08-08,41.624443,-70.90544,0.0
2010-08-09,41.624443,-70.90544,0.011487632750854357
2010-08-10,41.624443,-70.90544,8.268557984990945
2010-08-11,41.624443,-70.90544,0.032283909812751664
2010-08-12,41.624443,-70.90544,0.7600396263779506
2010-08-13,41.624443,-70.90544,0.3793170936661
2010-08-14,41.624443,-70.90544,0.0
2010-08-15,41.624443,-70.90544,0.20995928371299621
2010-08-16,41.624443,-70.90544,1.9128446601900861
2010-08-17,41.624443,-70.90544,6.577202703547378
2010-08-18,41.624443,-70.90544,4.38154383894753
2010-08-19,41.624443,-70.90544,3.0216730286411027
2010-08-20,41.624443,-70.90544,0.0696570765083829
2010-08-21,41.624443,-70.90544,0.06302306592672331
2010-08-22,41.624443,-70.90544,33.94390048975894
2010-08-23,41.624443,-70.90544,14.153218352313216
2010-08-24,41.624443,-70.90544,0.03757905507582985
2010-08-25,41.624443,-70.90544,25.622981300707792
2010-08-26,41.624443,-70.90544,0.4285963538074895
2010-08-27,41.624443,-70.90544,0.0
2010-08-28,41.624443,-70.90544,0.0
2010-08-29,41.624443,-70.90544,0.0
2010-08-30,41.624443,-70.90544,0.0
2010-08-31,41.624443,-70.90544,0.0
2010-09-01,41.624443,-70.90544,0.003416277830580191
2010-09-02,41.624443,-70.90544,0.004402929552742539
2010-09-03,41.624443,-70.90544,7.331785358588795
2010-09-04,41.624443,-70.90544,54.87327070927916
2010-09-05,41.624443,-70.90544,0.0
2010-09-06,41.624443,-70.90544,0.0
2010-09-07,41.624443,-70.90544,0.0
2010-09-08,41.624443,-70.90544,0.18514785910157244
2010-09-09,41.624443,-70.90544,0.0
2010-09-10,41.624443,-70.90544,0.0
2010-09-11,41.624443,-70.90544,0.0
2010-09-12,41.624443,-70.90544,0.7147222038099353
2010-09-13,41.624443,-70.90544,0.010603450919963883
2010-09-14,41.624443,-70.90544,0.0
2010-09-15,41.624443,-70.90544,0.0
2010-09-16,41.624443,-70.90544,0.04356352990314132
2010-09-17,41.624443,-70.90544,23.868851755635283
2010-09-18,41.624443,-70.90544,0.0
2010-09-19,41.624443,-70.90544,0.0
2010-09-20,41.624443,-70.90544,0.0
2010-09-21,41.624443,-70.90544,0.0
2010-09-22,41.624443,-70.90544,0.0
2010-09-23,41.624443,-70.90544,9.207654141962653
2010-09-24,41.624443,-70.90544,0.6665837401133404
2010-09-25,41.624443,-70.90544,0.0
2010-09-26,41.624443,-70.90544,0.02943061958496249
2010-09-27,41.624443,-70.90544,0.9890021476415944
2010-09-28,41.624443,-70.90544,0.13100756981684217
2010-09-29,41.624443,-70.90544,0.07155772639131412
2010-09-30,41.624443,-70.90544,1.6211591286256035
2010-10-01,41.624443,-70.90544,18.493081125330704
2010-10-02,41.624443,-70.90544,2.148227429483844
2010-10-03,41.624443,-70.90544,0.5662721705042124
2010-10-04,41.624443,-70.90544,4.326187031515446
2010-10-05,41.624443,-70.90544,0.1414496382758679
2010-10-06,41.624443,-70.90544,57.022601597735125
2010-10-07,41.624443,-70.90544,1.0702448221489609
2010-10-08,41.624443,-70.90544,0.0
2010-10-09,41.624443,-70.90544,0.0
2010-10-10,41.624443,-70.90544,0.0
2010-10-11,41.624443,-70.90544,0.0
2010-10-12,41.624443,-70.90544,1.1686638956131237
2010-10-13,41.624443,-70.90544,0.0
2010-10-14,41.624443,-70.90544,0.0
2010-10-15,41.624443,-70.90544,34.70548991871518
2010-10-16,41.624443,-70.90544,0.018346221920144838
2010-10-17,41.624443,-70.90544,0.0
2010-10-18,41.624443,-70.90544,0.0
2010-10-19,41.624443,-70.90544,4.801389415376061
2010-10-20,41.624443,-70.90544,0.06159394751279585
2010-10-21,41.624443,-70.90544,3.1993088879510596
2010-10-22,41.624443,-70.90544,0.0
2010-10-23,41.624443,-70.90544,0.005389581010979116
2010-10-24,41.624443,-70.90544,0.8127394320602757
2010-10-25,41.624443,-70.90544,1.0277518907611294
2010-10-26,41.624443,-70.90544,3.194567333087342
2010-10-27,41.624443,-70.90544,9.083946897032334
2010-10-28,41.624443,-70.90544,4.559467371945238
2010-10-29,41.624443,-70.90544,0.01336089621292533
2010-10-30,41.624443,-70.90544,0.040862477211251795
2010-10-31,41.624443,-70.90544,1.8572748838270603
2010-11-01,41.624443,-70.90544,0.0
2010-11-02,41.624443,-70.90544,0.0
2010-11-03,41.624443,-70.90544,0.012443651605382803
2010-11-04,41.624443,-70.90544,18.98228577333723
2010-11-05,41.624443,-70.90544,22.179947801624763
2010-11-06,41.624443,-70.90544,1.9377601666719437
2010-11-07,41.624443,-70.90544,5.986617244688542
2010-11-08,41.624443,-70.90544,9.127610112733262
2010-11-09,41.624443,-70.90544,1.821908571119696
2010-11-10,41.624443,-70.90544,1.5564889140770792
2010-11-11,41.624443,-70.90544,1.127238300866425
2010-11-12,41.624443,-70.90544,0.0
2010-11-13,41.624443,-70.90544,0.0
2010-11-14,41.624443,-70.90544,0.005544237062312873
2010-11-15,41.624443,-70.90544,0.0848521352554241
2010-11-16,41.624443,-70.90544,5.789495631081332
2010-11-17,41.624443,-70.90544,41.1600381313952
2010-11-18,41.624443,-70.90544,0.1230718203083376
2010-11-19,41.624443,-70.90544,0.0035423515330744665
2010-11-20,41.624443,-70.90544,2.1863547033806916
2010-11-21,41.624443,-70.90544,0.019465339354532825
2010-11-22,41.624443,-70.90544,0.43716866746270405
2010-11-23,41.624443,-70.90544,1.0120566998366922
2010-11-24,41.624443,-70.90544,0.004250821998044825
2010-11-25,41.624443,-70.90544,0.059889851904306735
2010-11-26,41.624443,-70.90544,6.22657547185154
2010-11-27,41.624443,-70.90544,0.01440547756193539
2010-11-28,41.624443,-70.90544,0.0061508847693395275
2010-11-29,41.624443,-70.90544,0.0
2010-11-30,41.624443,-70.90544,0.11832847537108707
2010-12-01,41.624443,-70.90544,14.512719250126853
2010-12-02,41.624443,-70.90544,3.2035558930639163
2010-12-03,41.624443,-70.90544,0.46094380838930943
2010-12-04,41.624443,-70.90544,0.12205981411199035
2010-12-05,41.624443,-70.90544,0.07309974702504395
2010-12-06,41.624443,-70.90544,0.0
2010-12-07,41.624443,-70.90544,0.21005936760213165
2010-12-08,41.624443,-70.90544,0.018446262958101648
2010-12-09,41.624443,-70.90544,0.0
2010-12-10,41.624443,-70.90544,0.6090944681610848
2010-12-11,41.624443,-70.90544,0.39858969031486696
2010-12-12,41.624443,-70.90544,20.846330868695368
2010-12-13,41.624443,-70.90544,51.985943906469736
2010-12-14,41.624443,-70.90544,0.02212925363102105
2010-12-15,41.624443,-70.90544,0.0
2010-12-16,41.624443,-70.90544,0.07058828696136914
2010-12-17,41.624443,-70.90544,0.007011462657044713
2010-12-18,41.624443,-70.90544,0.05891662278062185
2010-12-19,41.624443,-70.90544,0.35232640821757655
2010-12-20,41.624443,-70.90544,4.967968425882827
2010-12-21,41.624443,-70.90544,1.3170401462360442
2010-12-22,41.624443,-70.90544,0.021254109198446804
2010-12-23,41.624443,-70.90544,0.5515440106577829
2010-12-24,41.624443,-70.90544,0.032123509412866263
2010-12-25,41.624443,-70.90544,0.08055025422353894
2010-12-26,41.624443,-70.90544,20.299826922316214
2010-12-27,41.624443,-70.90544,5.24116063938306
2010-12-28,41.624443,-70.90544,0.7523337668135586
2010-12-29,41.624443,-70.90544,0.0022775185537201267
2010-12-30,41.624443,-70.90544,0.0
2010-12-31,41.624443,-70.90544,0.5458606862038518
2011-01-01,41.624443,-70.90544,0.48947591961949366
2011-01-02,41.624443,-70.90544,7.009849988716394
2011-01-03,41.624443,-70.90544,7.227273597187401
2011-01-04,41.624443,-70.90544,0.08637319847584064
2011-01-05,41.624443,-70.90544,0.0755917317828671
2011-01-06,41.624443,-70.90544,0.21254807707174583
2011-01-07,41.624443,-70.90544,0.2750294562325952
2011-01-08,41.624443,-70.90544,0.8632981926553245
2011-01-09,41.624443,-70.90544,4.83508396667266
2011-01-10,41.624443,-70.90544,0.0
2011-01-11,41.624443,-70.90544,0.008861888231704146
2011-01-12,41.624443,-70.90544,24.853412389543617
2011-01-13,41.624443,-70.90544,0.12849228122118506
2011-01-14,41.624443,-70.90544,0.500981549272314
2011-01-15,41.624443,-70.90544,0.3201737278620709
2011-01-16,41.624443,-70.90544,4.535739916370947
2011-01-17,41.624443,-70.90544,0.0063762328651043474
2011-01-18,41.624443,-70.90544,35.02674426785035
2011-01-19,41.624443,-70.90544,4.429093126294771
2011-01-20,41.624443,-70.90544,0.23550553287663512
2011-01-21,41.624443,-70.90544,7.541066939819199
2011-01-22,41.624443,-70.90544,0.07220379173982747
2011-01-23,41.624443,-70.90544,0.11418227598644037
2011-01-24,41.624443,-70.90544,0.0
2011-01-25,41.624443,-70.90544,1.1644241807317801
2011-01-26,41.624443,-70.90544,10.96949705175712
2011-01-27,41.624443,-70.90544,27.303168973673074
2011-01-28,41.624443,-70.90544,0.23094814435856867
2011-01-29,41.624443,-70.90544,0.059363878172414605
2011-01-30,41.624443,-70.90544,0.0049592924630151814
2011-01-31,41.624443,-70.90544,0.0
2011-02-01,41.624443,-70.90544,0.3679319354556819
2011-02-02,41.624443,-70.90544,36.55859160634604
2011-02-03,41.624443,-70.90544,0.0
2011-02-04,41.624443,-70.90544,0.0
2011-02-05,41.624443,-70.90544,1.1360731273870524
2011-02-06,41.624443,-70.90544,5.692699007551148
2011-02-07,41.624443,-70.90544,0.009226327154009293
2011-02-08,41.624443,-70.90544,8.840909305137778
2011-02-09,41.624443,-70.90544,0.0
2011-02-10,41.624443,-70.90544,0.7177342708045569
2011-02-11,41.624443,-70.90544,0.0
2011-02-12,41.624443,-70.90544,0.0
2011-02-13,41.624443,-70.90544,0.0
2011-02-14,41.624443,-70.90544,0.4365119530771924
2011-02-15,41.624443,-70.90544,0.0
2011-02-16,41.624443,-70.90544,0.0
2011-02-17,41.624443,-70.90544,0.0
2011-02-18,41.624443,-70.90544,0.30326070295123625
2011-02-19,41.624443,-70.90544,0.0
2011-02-20,41.624443,-70.90544,0.09921594830700725
2011-02-21,41.624443,-70.90544,0.19700982160615177
2011-02-22,41.624443,-70.90544,0.32242233741189474
2011-02-23,41.624443,-70.90544,0.0
2011-02-24,41.624443,-70.90544,0.0
2011-02-25,41.624443,-70.90544,65.69767049936985
2011-02-26,41.624443,-70.90544,0.0
2011-02-27,41.624443,-70.90544,0.9856147475285311
2011-02-28,41.624443,-70.90544,20.610407641725274
2011-03-01,41.624443,-70.90544,6.004012616668859
2011-03-02,41.624443,-70.90544,0.03412450362972409
2011-03-03,41.624443,-70.90544,0.0
2011-03-04,41.624443,-70.90544,0.004555037107440253
2011-03-05,41.624443,-70.90544,0.017871392174175604
2011-03-06,41.624443,-70.90544,0.16565919216081054
2011-03-07,41.624443,-70.90544,13.637184104397395
2011-03-08,41.624443,-70.90544,0.02731733395684329
2011-03-09,41.624443,-70.90544,0.035945944151431264
2011-03-10,41.624443,-70.90544,9.203272396491132
2011-03-11,41.624443,-70.90544,10.69955908998603
2011-03-12,41.624443,-70.90544,0.42065697342313607
2011-03-13,41.624443,-70.90544,0.033435431954899064
2011-03-14,41.624443,-70.90544,0.004975505155964468
2011-03-15,41.624443,-70.90544,0.0
2011-03-16,41.624443,-70.90544,6.544653095070464
2011-03-17,41.624443,-70.90544,0.06846143114979372
2011-03-18,41.624443,-70.90544,2.0525941474813965
2011-03-19,41.624443,-70.90544,4.955211675522204
2011-03-20,41.624443,-70.90544,0.0
2011-03-21,41.624443,-70.90544,2.0638119251811475
2011-03-22,41.624443,-70.90544,0.0
2011-03-23,41.624443,-70.90544,2.027332074021648
2011-03-24,41.624443,-70.90544,2.6499579667491444
2011-03-25,41.624443,-70.90544,0.0023669720516622935
2011-03-26,41.624443,-70.90544,0.0
2011-03-27,41.624443,-70.90544,0.013264169920402172
2011-03-28,41.624443,-70.90544,0.0
2011-03-29,41.624443,-70.90544,0.0014169406660149411
2011-03-30,41.624443,-70.90544,0.0
2011-03-31,41.624443,-70.90544,14.081152562489523
2011-04-01,41.624443,-70.90544,18.02376350153356
2011-04-02,41.624443,-70.90544,0.6778941766881548
2011-04-03,41.624443,-70.90544,0.0
2011-04-04,41.624443,-70.90544,4.243468519839205
2011-04-05,41.624443,-70.90544,2.024911439514428
2011-04-06,41.624443,-70.90544,0.0
2011-04-07,41.624443,-70.90544,0.0
2011-04-08,41.624443,-70.90544,0.04939793943323201
2011-04-09,41.624443,-70.90544,1.6531241245711066
2011-04-10,41.624443,-70.90544,0.0
2011-04-11,41.624443,-70.90544,4.678348907022384
2011-04-12,41.624443,-70.90544,4.359880952832171
2011-04-13,41.624443,-70.90544,84.67908264779675
2011-04-14,41.624443,-70.90544,0.0
2011-04-15,41.624443,-70.90544,0.2695868474157498
2011-04-16,41.624443,-70.90544,1.278321390980449
2011-04-17,41.624443,-70.90544,16.06972177838943
2011-04-18,41.624443,-70.90544,0.14904419657444706
2011-04-19,41.624443,-70.90544,6.705539508810659
2011-04-20,41.624443,-70.90544,3.022054006072298
2011-04-21,41.624443,-70.90544,0.0
2011-04-22,41.624443,-70.90544,0.0023669720516622935
2011-04-23,41.624443,-70.90544,7.733910182236951
2011-04-24,41.624443,-70.90544,0.8549600105839208
2011-04-25,41.624443,-70.90544,4.8873443962229635
2011-04-26,41.624443,-70.90544,0.02923844163049429
2011-04-27,41.624443,-70.90544,0.6675831676027262
2011-04-28,41.624443,-70.90544,4.279565953455806
2011-04-29,41.624443,-70.90544,15.21035859769444
2011-04-30,41.624443,-70.90544,0.0
2011-05-01,41.624443,-70.90544,0.0
2011-05-02,41.624443,-70.90544,0.07832779061096258
2011-05-03,41.624443,-70.90544,1.1891706046326094
2011-05-04,41.624443,-70.90544,3.865656315765122
2011-05-05,41.624443,-70.90544,4.80054689864973
2011-05-06,41.624443,-70.90544,0.02584985539303144
2011-05-07,41.624443,-70.90544,4.854309265446156
2011-05-08,41.624443,-70.90544,0.22355447707409892
2011-05-09,41.624443,-70.90544,0.4043895153400299
2011-05-10,41.624443,-70.90544,3.143247641119483
2011-05-11,41.624443,-70.90544,0.8966806471119414
2011-05-12,41.624443,-70.90544,0.274818961053299
2011-05-13,41.624443,-70.90544,0.03548861130444794
2011-05-14,41.624443,-70.90544,1.341734353176322
2011-05-15,41.624443,-70.90544,3.7653196054730285
2011-05-16,41.624443,-70.90544,9.734074089530093
2011-05-17,41.624443,-70.90544,21.77550797640511
2011-05-18,41.624443,-70.90544,10.04875328120647
2011-05-19,41.624443,-70.90544,9.224072332125731
2011-05-20,41.624443,-70.90544,1.625715339223329
2011-05-21,41.624443,-70.90544,0.16812686188333772
2011-05-22,41.624443,-70.90544,0.6016998202404327
2011-05-23,41.624443,-70.90544,2.3012679043277378
2011-05-24,41.624443,-70.90544,2.8490880366680007
2011-05-25,41.624443,-70.90544,0.1361996154699565
2011-05-26,41.624443,-70.90544,0.007401935193535186
2011-05-27,41.624443,-70.90544,0.05159635590649737
2011-05-28,41.624443,-70.90544,0.012804534707278267
2011-05-29,41.624443,-70.90544,0.14753895071211678
2011-05-30,41.624443,-70.90544,0.22398985172764835
2011-05-31,41.624443,-70.90544,0.006683644071254563
2011-06-01,41.624443,-70.90544,0.5856830402507516
2011-06-02,41.624443,-70.90544,0.34609394356995526
2011-06-03,41.624443,-70.90544,0.0014169406660149411
2011-06-04,41.624443,-70.90544,0.0
2011-06-05,41.624443,-70.90544,0.0
2011-06-06,41.624443,-70.90544,0.09809266676172794
2011-06-07,41.624443,-70.90544,0.0
2011-06-08,41.624443,-70.90544,0.0011387592768600633
2011-06-09,41.624443,-70.90544,25.58027070801317
2011-06-10,41.624443,-70.90544,16.818457483456886
2011-06-11,41.624443,-70.90544,4.799553180902374
2011-06-12,41.624443,-70.90544,11.919891989654156
2011-06-13,41.624443,-70.90544,0.3242539873975351
2011-06-14,41.624443,-70.90544,2.430856980202072
2011-06-15,41.624443,-70.90544,0.007444299833607578
2011-06-16,41.624443,-70.90544,0.0
2011-06-17,41.624443,-70.90544,4.379408506728712
2011-06-18,41.624443,-70.90544,2.513755411799383
2011-06-19,41.624443,-70.90544,0.004975505155964468
2011-06-20,41.624443,-70.90544,0.558172864967999
2011-06-21,41.624443,-70.90544,0.0
2011-06-22,41.624443,-70.90544,11.144210669119321
2011-06-23,41.624443,-70.90544,23.12569315514506
2011-06-24,41.624443,-70.90544,2.5938595242003073
2011-06-25,41.624443,-70.90544,0.16510119619383637
2011-06-26,41.624443,-70.90544,0.004341166751869093
2011-06-27,41.624443,-70.90544,0.06258278473384754
2011-06-28,41.624443,-70.90544,0.012110736735691748
2011-06-29,41.624443,-70.90544,2.135050647474379
2011-06-30,41.624443,-70.90544,0.0
2011-07-01,41.624443,-70.90544,0.0
2011-07-02,41.624443,-70.90544,0.0
2011-07-03,41.624443,-70.90544,2.7186053791523754
2011-07-04,41.624443,-70.90544,0.5689906152585521
2011-07-05,41.624443,-70.90544,0.03336562026793424
2011-07-06,41.624443,-70.90544,0.23962424040021826
2011-07-07,41.624443,-70.90544,0.021786114509016127
2011-07-08,41.624443,-70.90544,11.996779097862968
2011-07-09,41.624443,-70.90544,25.45516610360452
2011-07-10,41.624443,-70.90544,0.0
2011-07-11,41.624443,-70.90544,0.041386712909614196
2011-07-12,41.624443,-70.90544,0.5445375529584991
2011-07-13,41.624443,-70.90544,1.331418817222808
2011-07-14,41.624443,-70.90544,9.666947565351933
2011-07-15,41.624443,-70.90544,0.12405967581901785
2011-07-16,41.624443,-70.90544,0.03015540834701494
2011-07-17,41.624443,-70.90544,0.0
2011-07-18,41.624443,-70.90544,4.9785061330735285
2011-07-19,41.624443,-70.90544,0.40087927276789453
2011-07-20,41.624443,-70.90544,0.00903784268054183
2011-07-21,41.624443,-70.90544,0.1857343023303223
2011-07-22,41.624443,-70.90544,0.4170888002507967
2011-07-23,41.624443,-70.90544,5.290492417605941
2011-07-24,41.624443,-70.90544,2.540353747894023
2011-07-25,41.624443,-70.90544,2.0183362969017846
2011-07-26,41.624443,-70.90544,11.783754416628263
2011-07-27,41.624443,-70.90544,0.9278410321004403
2011-07-28,41.624443,-70.90544,0.0
2011-07-29,41.624443,-70.90544,1.279396510026562
2011-07-30,41.624443,-70.90544,0.1873539907748391
2011-07-31,41.624443,-70.90544,0.0017081389152900956
2011-08-01,41.624443,-70.90544,0.027012758310504478
2011-08-02,41.624443,-70.90544,1.446806202484077
2011-08-03,41.624443,-70.90544,1.773556527371133
2011-08-04,41.624443,-70.90544,1.4444150967624025
2011-08-05,41.624443,-70.90544,0.010248833279630118
2011-08-06,41.624443,-70.90544,2.3436492136209726
2011-08-07,41.624443,-70.90544,42.184941382224764
2011-08-08,41.624443,-70.90544,6.1697147231869485
2011-08-09,41.624443,-70.90544,1.3558626020875462
2011-08-10,41.624443,-70.90544,1.3212096509523432
2011-08-11,41.624443,-70.90544,0.0
2011-08-12,41.624443,-70.90544,0.0
2011-08-13,41.624443,-70.90544,0.336872755898182
2011-08-14,41.624443,-70.90544,4.387381850268295
2011-08-15,41.624443,-70.90544,33.985257695451104
2011-08-16,41.624443,-70.90544,0.6121948190326302
2011-08-17,41.624443,-70.90544,0.05047927825273253
2011-08-18,41.624443,-70.90544,0.05123738398126575
2011-08-19,41.624443,-70.90544,0.043372891230273436
2011-08-20,41.624443,-70.90544,0.6097117312493363
2011-08-21,41.624443,-70.90544,1.2372467135257554
2011-08-22,41.624443,-70.90544,12.907922515505192
2011-08-23,41.624443,-70.90544,0.8456352210246882
2011-08-24,41.624443,-70.90544,0.01990202062385787
2011-08-25,41.624443,-70.90544,1.493454582071378
2011-08-26,41.624443,-70.90544,11.13275237524693
2011-08-27,41.624443,-70.90544,10.915835615469371
2011-08-28,41.624443,-70.90544,29.47478000447229
2011-08-29,41.624443,-70.90544,0.0716040423723242
2011-08-30,41.624443,-70.90544,0.0
2011-08-31,41.624443,-70.90544,0.0085406942582848
2011-09-01,41.624443,-70.90544,0.26637901314742884
2011-09-02,41.624443,-70.90544,0.0
2011-09-03,41.624443,-70.90544,0.0
2011-09-04,41.624443,-70.90544,0.024632768833292476
2011-09-05,41.624443,-70.90544,0.1827272956718724
2011-09-06,41.624443,-70.90544,29.596875118653863
2011-09-07,41.624443,-70.90544,3.2758983966337536
2011-09-08,41.624443,-70.90544,66.29969206248447
2011-09-09,41.624443,-70.90544,0.5599428365684259
2011-09-10,41.624443,-70.90544,0.0
2011-09-11,41.624443,-70.90544,0.0
2011-09-12,41.624443,-70.90544,0.17011073771330865
2011-09-13,41.624443,-70.90544,0.007444299833607578
2011-09-14,41.624443,-70.90544,0.0
2011-09-15,41.624443,-70.90544,0.0020636481981489664
2011-09-16,41.624443,-70.90544,0.19073170133801182
2011-09-17,41.624443,-70.90544,3.6260872724547
2011-09-18,41.624443,-70.90544,0.2990464505755762
2011-09-19,41.624443,-70.90544,0.0
2011-09-20,41.624443,-70.90544,2.424698496895653
2011-09-21,41.624443,-70.90544,0.0
2011-09-22,41.624443,-70.90544,1.5676931575008377
2011-09-23,41.624443,-70.90544,9.887170069297692
2011-09-24,41.624443,-70.90544,8.116950297228136
2011-09-25,41.624443,-70.90544,2.044977181038793
2011-09-26,41.624443,-70.90544,0.30166949920937786
2011-09-27,41.624443,-70.90544,0.024762930126441755
2011-09-28,41.624443,-70.90544,0.0020636481981489664
2011-09-29,41.624443,-70.90544,11.209913934228206
2011-09-30,41.624443,-70.90544,0.0
2011-10-01,41.624443,-70.90544,11.16410495893199
2011-10-02,41.624443,-70.90544,0.3996807517258293
2011-10-03,41.624443,-70.90544,9.232627276147243
2011-10-04,41.624443,-70.90544,1.0627539119843614
2011-10-05,41.624443,-70.90544,0.2644485849328015
2011-10-06,41.624443,-70.90544,0.0
2011-10-07,41.624443,-70.90544,0.0
2011-10-08,41.624443,-70.90544,0.0
2011-10-09,41.624443,-70.90544,0.0
2011-10-10,41.624443,-70.90544,0.0
2011-10-11,41.624443,-70.90544,0.4905380382298749
2011-10-12,41.624443,-70.90544,18.6706232512139
2011-10-13,41.624443,-70.90544,41.13362249160886
2011-10-14,41.624443,-70.90544,7.539703954911878
2011-10-15,41.624443,-70.90544,3.822237158375517
2011-10-16,41.624443,-70.90544,0.007617462631989743
2011-10-17,41.624443,-70.90544,7.998331146309891
2011-10-18,41.624443,-70.90544,0.01853277395823332
2011-10-19,41.624443,-70.90544,33.364222924831004
2011-10-20,41.624443,-70.90544,15.21423437863328
2011-10-21,41.624443,-70.90544,0.0
2011-10-22,41.624443,-70.90544,0.0
2011-10-23,41.624443,-70.90544,0.0
2011-10-24,41.624443,-70.90544,0.014888599667215155
2011-10-25,41.624443,-70.90544,1.3454160955453451
2011-10-26,41.624443,-70.90544,1.01353177348545
2011-10-27,41.624443,-70.90544,13.721542426077171
2011-10-28,41.624443,-70.90544,1.959242382889323
2011-10-29,41.624443,-70.90544,20.679038049641466
2011-10-30,41.624443,-70.90544,1.53093335253384
2011-10-31,41.624443,-70.90544,0.010683327645131602
2011-11-01,41.624443,-70.90544,1.3173559531695045
2011-11-02,41.624443,-70.90544,0.0
2011-11-03,41.624443,-70.90544,0.10733415947135305
2011-11-04,41.624443,-70.90544,0.46213360290808464
2011-11-05,41.624443,-70.90544,0.0
2011-11-06,41.624443,-70.90544,0.008152770166615048
2011-11-07,41.624443,-70.90544,0.0
2011-11-08,41.624443,-70.90544,0.0
2011-11-09,41.624443,-70.90544,0.0
2011-11-10,41.624443,-70.90544,10.106882433189487
2011-11-11,41.624443,-70.90544,1.247260607532445
2011-11-12,41.624443,-70.90544,0.04016168288872292
2011-11-13,41.624443,-70.90544,1.0431178976799094
2011-11-14,41.624443,-70.90544,0.11166450443715831
2011-11-15,41.624443,-70.90544,1.593441771453567
2011-11-16,41.624443,-70.90544,28.06291880087606
2011-11-17,41.624443,-70.90544,14.592899236479171
2011-11-18,41.624443,-70.90544,0.010544884682635789
2011-11-19,41.624443,-70.90544,0.04554067927939026
2011-11-20,41.624443,-70.90544,0.30418340465372523
2011-11-21,41.624443,-70.90544,9.514187887560873
2011-11-22,41.624443,-70.90544,0.07424193468496186
2011-11-23,41.624443,-70.90544,48.80615533211424
2011-11-24,41.624443,-70.90544,0.0
2011-11-25,41.624443,-70.90544,0.1414356561667685
2011-11-26,41.624443,-70.90544,0.032163569471429246
2011-11-27,41.624443,-70.90544,0.34532289585326753
2011-11-28,41.624443,-70.90544,0.8076453184399834
2011-11-29,41.624443,-70.90544,0.05304580856497493
2011-11-30,41.624443,-70.90544,12.399313805743281
2011-12-01,41.624443,-70.90544,0.0
2011-12-02,41.624443,-70.90544,0.0
2011-12-03,41.624443,-70.90544,0.0
2011-12-04,41.624443,-70.90544,0.07841877981828749
2011-12-05,41.624443,-70.90544,0.07945230708067225
2011-12-06,41.624443,-70.90544,8.112993058082171
2011-12-07,41.624443,-70.90544,34.85068659259682
2011-12-08,41.624443,-70.90544,11.280960932795812
2011-12-09,41.624443,-70.90544,0.13570209047350612
2011-12-10,41.624443,-70.90544,3.0735499813642315
2011-12-11,41.624443,-70.90544,0.0
2011-12-12,41.624443,-70.90544,0.20891603502720363
2011-12-13,41.624443,-70.90544,0.2854639782594516
2011-12-14,41.624443,-70.90544,0.2667525046034934
2011-12-15,41.624443,-70.90544,4.686859470694499
2011-12-16,41.624443,-70.90544,5.329877732804364
2011-12-17,41.624443,-70.90544,0.21920207911384915
2011-12-18,41.624443,-70.90544,0.004250821998044825
2011-12-19,41.624443,-70.90544,0.043851662213820766
2011-12-20,41.624443,-70.90544,1.2595707872096875
2011-12-21,41.624443,-70.90544,6.057792952651806
2011-12-22,41.624443,-70.90544,5.856738037792438
2011-12-23,41.624443,-70.90544,15.607870807040252
2011-12-24,41.624443,-70.90544,0.0
2011-12-25,41.624443,-70.90544,0.10861524004794079
2011-12-26,41.624443,-70.90544,0.30984227531463115
2011-12-27,41.624443,-70.90544,5.562008931997227
2011-12-28,41.624443,-70.90544,14.674332217603506
2011-12-29,41.624443,-70.90544,0.03890743577885996
2011-12-30,41.624443,-70.90544,0.3832860736911864
2011-12-31,41.624443,-70.90544,6.844634090316486
2012-01-01,41.624443,-70.90544,0.009679454171476212
2012-01-02,41.624443,-70.90544,3.547162701568456
2012-01-03,41.624443,-70.90544,0.03183830006863788
2012-01-04,41.624443,-70.90544,0.0
2012-01-05,41.624443,-70.90544,0.48080307315787363
2012-01-06,41.624443,-70.90544,3.1716476246231333
2012-01-07,41.624443,-70.90544,0.0078720405447499
2012-01-08,41.624443,-70.90544,0.2930446204910744
2012-01-09,41.624443,-70.90544,0.49533809970128745
2012-01-10,41.624443,-70.90544,0.530203653487452
2012-01-11,41.624443,-70.90544,0.10922916809222571
2012-01-12,41.624443,-70.90544,45.97936956791281
2012-01-13,41.624443,-70.90544,0.7365572216231642
2012-01-14,41.624443,-70.90544,0.10371167956156258
2012-01-15,41.624443,-70.90544,2.667667979389598
2012-01-16,41.624443,-70.90544,0.0144455377714272
2012-01-17,41.624443,-70.90544,4.537877922374806
2012-01-18,41.624443,-70.90544,0.8879633816444732
2012-01-19,41.624443,-70.90544,0.17160148399157304
2012-01-20,41.624443,-70.90544,0.8784634989777645
2012-01-21,41.624443,-70.90544,7.9760593812631315
2012-01-22,41.624443,-70.90544,0.22770931356283075
2012-01-23,41.624443,-70.90544,1.755951149015318
2012-01-24,41.624443,-70.90544,9.302123878774907
2012-01-25,41.624443,-70.90544,0.26541862700517604
2012-01-26,41.624443,-70.90544,3.044712951612115
2012-01-27,41.624443,-70.90544,27.431836137297374
2012-01-28,41.624443,-70.90544,0.24296055777620257
2012-01-29,41.624443,-70.90544,0.346542755924197
2012-01-30,41.624443,-70.90544,0.5109387450625322
2012-01-31,41.624443,-70.90544,0.39468177952041916
2012-02-01,41.624443,-70.90544,1.4135472617593392
2012-02-02,41.624443,-70.90544,0.7398481168245226
2012-02-03,41.624443,-70.90544,0.021962580983046015
2012-02-04,41.624443,-70.90544,0.0033170034373096453
2012-02-05,41.624443,-70.90544,0.0
2012-02-06,41.624443,-70.90544,0.0
2012-02-07,41.624443,-70.90544,0.03939654866777772
2012-02-08,41.624443,-70.90544,0.05478308296037856
2012-02-09,41.624443,-70.90544,0.0014169406660149411
2012-02-10,41.624443,-70.90544,0.0
2012-02-11,41.624443,-70.90544,8.561529179890805
2012-02-12,41.624443,-70.90544,0.0
2012-02-13,41.624443,-70.90544,0.0
2012-02-14,41.624443,-70.90544,0.05860042622259231
2012-02-15,41.624443,-70.90544,0.2573700472041555
2012-02-16,41.624443,-70.90544,1.0892132407307997
2012-02-17,41.624443,-70.90544,0.5094968205993752
2012-02-18,41.624443,-70.90544,0.0
2012-02-19,41.624443,-70.90544,0.01679019016123922
2012-02-20,41.624443,-70.90544,0.0
2012-02-21,41.624443,-70.90544,0.0
2012-02-22,41.624443,-70.90544,0.2126751061164397
2012-02-23,41.624443,-70.90544,10.031420913928606
2012-02-24,41.624443,-70.90544,11.185132513545268
2012-02-25,41.624443,-70.90544,7.833808353011604
2012-02-26,41.624443,-70.90544,0.0
2012-02-27,41.624443,-70.90544,0.019482805343880676
2012-02-28,41.624443,-70.90544,0.0
2012-02-29,41.624443,-70.90544,8.764630604797587
2012-03-01,41.624443,-70.90544,7.857985199812258
2012-03-02,41.624443,-70.90544,0.0
2012-03-03,41.624443,-70.90544,4.969285997706101
2012-03-04,41.624443,-70.90544,1.5315776487033639
2012-03-05,41.624443,-70.90544,0.002985988886727597
2012-03-06,41.624443,-70.90544,0.019594852764550995
2012-03-07,41.624443,-70.90544,0.05333765350101753
2012-03-08,41.624443,-70.90544,0.029560130707760614
2012-03-09,41.624443,-70.90544,1.808950383506557
2012-03-10,41.624443,-70.90544,0.0031250795813050364
2012-03-11,41.624443,-70.90544,0.033079932834152635
2012-03-12,41.624443,-70.90544,0.03516548488124617
2012-03-13,41.624443,-70.90544,2.135000349089132
2012-03-14,41.624443,-70.90544,0.01906693734348158
2012-03-15,41.624443,-70.90544,0.40176478335315613
2012-03-16,41.624443,-70.90544,1.7151927265278513
2012-03-17,41.624443,-70.90544,0.0027972609955148864
2012-03-18,41.624443,-70.90544,0.022902278830332738
2012-03-19,41.624443,-70.90544,0.0
2012-03-20,41.624443,-70.90544,0.5435184367431654
2012-03-21,41.624443,-70.90544,0.002846898086094933
2012-03-22,41.624443,-70.90544,0.0
2012-03-23,41.624443,-70.90544,0.12469584593534541
2012-03-24,41.624443,-70.90544,1.3597029667518956
2012-03-25,41.624443,-70.90544,7.51870175220679
2012-03-26,41.624443,-70.90544,0.7629714690079237
2012-03-27,41.624443,-70.90544,0.00834149805782776
2012-03-28,41.624443,-70.90544,13.022267220105157
2012-03-29,41.624443,-70.90544,0.19568918392583198
2012-03-30,41.624443,-70.90544,0.004975505155964468
2012-03-31,41.624443,-70.90544,0.8752815937695068
2012-04-01,41.624443,-70.90544,2.163007724471681
2012-04-02,41.624443,-70.90544,1.8479925567475706
2012-04-03,41.624443,-70.90544,0.0
2012-04-04,41.624443,-70.90544,0.0
2012-04-05,41.624443,-70.90544,0.0
2012-04-06,41.624443,-70.90544,0.0
2012-04-07,41.624443,-70.90544,0.0
2012-04-08,41.624443,-70.90544,0.0185572689429317
2012-04-09,41.624443,-70.90544,0.019421042927391666
2012-04-10,41.624443,-70.90544,0.0
2012-04-11,41.624443,-70.90544,0.010856489795203556
2012-04-12,41.624443,-70.90544,0.802528256269503
2012-04-13,41.624443,-70.90544,0.008034734583759171
2012-04-14,41.624443,-70.90544,0.7690856552802028
2012-04-15,41.624443,-70.90544,6.45270487633835
2012-04-16,41.624443,-70.90544,0.698204180883186
2012-04-17,41.624443,-70.90544,0.0
2012-04-18,41.624443,-70.90544,0.6438591995143239
2012-04-19,41.624443,-70.90544,4.146930116883669
2012-04-20,41.624443,-70.90544,0.0
2012-04-21,41.624443,-70.90544,0.0
2012-04-22,41.624443,-70.90544,13.72103469294182
2012-04-23,41.624443,-70.90544,42.95827781407271
2012-04-24,41.624443,-70.90544,0.2309706514589584
2012-04-25,41.624443,-70.90544,0.0
2012-04-26,41.624443,-70.90544,0.0267202638546795
2012-04-27,41.624443,-70.90544,4.252601286640632
2012-04-28,41.624443,-70.90544,0.0
2012-04-29,41.624443,-70.90544,0.5542312986697362
2012-04-30,41.624443,-70.90544,0.2506701685371846
2012-05-01,41.624443,-70.90544,13.512989098496782
2012-05-02,41.624443,-70.90544,0.06860399418510764
2012-05-03,41.624443,-70.90544,1.609031592164678
2012-05-04,41.624443,-70.90544,0.8819509310852375
2012-05-05,41.624443,-70.90544,0.285217602564295
2012-05-06,41.624443,-70.90544,0.019123208708384916
2012-05-07,41.624443,-70.90544,0.2914444671320311
2012-05-08,41.624443,-70.90544,4.018362434046133
2012-05-09,41.624443,-70.90544,40.17418335796401
2012-05-10,41.624443,-70.90544,21.294600182382222
2012-05-11,41.624443,-70.90544,0.4812699958332652
2012-05-12,41.624443,-70.90544,0.0
2012-05-13,41.624443,-70.90544,0.2759681333179617
2012-05-14,41.624443,-70.90544,1.7866109802925687
2012-05-15,41.624443,-70.90544,0.6011017027076533
2012-05-16,41.624443,-70.90544,25.576133437649613
2012-05-17,41.624443,-70.90544,0.816091391989409
2012-05-18,41.624443,-70.90544,0.0
2012-05-19,41.624443,-70.90544,0.0
2012-05-20,41.624443,-70.90544,0.267292764447309
2012-05-21,41.624443,-70.90544,0.8174865857622247
2012-05-22,41.624443,-70.90544,10.13188915027906
2012-05-23,41.624443,-70.90544,0.8689765482343046
2012-05-24,41.624443,-70.90544,0.00850164399608965
2012-05-25,41.624443,-70.90544,0.36531081185313513
2012-05-26,41.624443,-70.90544,0.027927421491852504
2012-05-27,41.624443,-70.90544,0.0054302888320938835
2012-05-28,41.624443,-70.90544,0.8587145265052669
2012-05-29,41.624443,-70.90544,0.0
2012-05-30,41.624443,-70.90544,3.7381038392172945
2012-05-31,41.624443,-70.90544,1.2320076209471258
2012-06-01,41.624443,-70.90544,0.02557244647288918
2012-06-02,41.624443,-70.90544,8.271873653490866
2012-06-03,41.624443,-70.90544,0.44137412720324337
2012-06-04,41.624443,-70.90544,5.0889712374080425
2012-06-05,41.624443,-70.90544,2.6726743753679894
2012-06-06,41.624443,-70.90544,0.9647362745111233
2012-06-07,41.624443,-70.90544,4.728781244320926
2012-06-08,41.624443,-70.90544,0.20691692120139785
2012-06-09,41.624443,-70.90544,4.211516254573081
2012-06-10,41.624443,-70.90544,0.11776349508869043
2012-06-11,41.624443,-70.90544,0.003886383075739677
2012-06-12,41.624443,-70.90544,1.760424910343846
2012-06-13,41.624443,-70.90544,23.491992101034064
2012-06-14,41.624443,-70.90544,0.009833218181971623
2012-06-15,41.624443,-70.90544,0.0
2012-06-16,41.624443,-70.90544,0.0
2012-06-17,41.624443,-70.90544,0.0
2012-06-18,41.624443,-70.90544,0.0
2012-06-19,41.624443,-70.90544,0.08596326024881426
2012-06-20,41.624443,-70.90544,0.006404814950018059
2012-06-21,41.624443,-70.90544,0.0
2012-06-22,41.624443,-70.90544,0.48100811864669785
2012-06-23,41.624443,-70.90544,2.1658805345797596
2012-06-24,41.624443,-70.90544,0.0
2012-06-25,41.624443,-70.90544,24.343193999725447
2012-06-26,41.624443,-70.90544,0.04817245397092882
2012-06-27,41.624443,-70.90544,0.09734647547636956
2012-06-28,41.624443,-70.90544,0.03282264786696733
2012-06-29,41.624443,-70.90544,0.8338452627048939
2012-06-30,41.624443,-70.90544,1.1877522422469244
2012-07-01,41.624443,-70.90544,11.14208174945584
2012-07-02,41.624443,-70.90544,0.0011387592768600633
2012-07-03,41.624443,-70.90544,0.0
2012-07-04,41.624443,-70.90544,5.640494477323145
2012-07-05,41.624443,-70.90544,0.01074598170188715
2012-07-06,41.624443,-70.90544,0.0
2012-07-07,41.624443,-70.90544,4.116869624553479
2012-07-08,41.624443,-70.90544,0.03061682945597191
2012-07-09,41.624443,-70.90544,0.04912156295149527
2012-07-10,41.624443,-70.90544,0.0
2012-07-11,41.624443,-70.90544,0.8245616481088194
2012-07-12,41.624443,-70.90544,0.0
2012-07-13,41.624443,-70.90544,0.0020636481981489664
2012-07-14,41.624443,-70.90544,5.286319729379185
2012-07-15,41.624443,-70.90544,0.7483752304248876
2012-07-16,41.624443,-70.90544,5.1757804108905665
2012-07-17,41.624443,-70.90544,0.14699230837854713
2012-07-18,41.624443,-70.90544,5.073915151763835
2012-07-19,41.624443,-70.90544,2.3723551108006276
2012-07-20,41.624443,-70.90544,12.109427610701287
2012-07-21,41.624443,-70.90544,1.8854782546398094
2012-07-22,41.624443,-70.90544,0.0
2012-07-23,41.624443,-70.90544,0.4817858973877319
2012-07-24,41.624443,-70.90544,6.638639394811599
2012-07-25,41.624443,-70.90544,0.039209316149214794
2012-07-26,41.624443,-70.90544,1.4223110812261073
2012-07-27,41.624443,-70.90544,4.477639358578893
2012-07-28,41.624443,-70.90544,1.6255737065187508
2012-07-29,41.624443,-70.90544,8.303419441456448
2012-07-30,41.624443,-70.90544,0.011487632750854357
2012-07-31,41.624443,-70.90544,13.820976963816669
2012-08-01,41.624443,-70.90544,8.056468933463538
2012-08-02,41.624443,-70.90544,1.015266729772733
2012-08-03,41.624443,-70.90544,0.0337720289644628
2012-08-04,41.624443,-70.90544,0.06462703319144203
2012-08-05,41.624443,-70.90544,0.03479874049324122
2012-08-06,41.624443,-70.90544,2.724180147443212
2012-08-07,41.624443,-70.90544,0.0
2012-08-08,41.624443,-70.90544,1.1386436628766845
2012-08-09,41.624443,-70.90544,0.0
2012-08-10,41.624443,-70.90544,13.733864706374376
2012-08-11,41.624443,-70.90544,7.116833225187284
2012-08-12,41.624443,-70.90544,11.576141055530432
2012-08-13,41.624443,-70.90544,0.08164846870530015
2012-08-14,41.624443,-70.90544,0.011858707642891101
2012-08-15,41.624443,-70.90544,23.299997659484788
2012-08-16,41.624443,-70.90544,9.653540616205682
2012-08-17,41.624443,-70.90544,0.0
2012-08-18,41.624443,-70.90544,7.177128832525015
2012-08-19,41.624443,-70.90544,2.3806782311289827
2012-08-20,41.624443,-70.90544,6.891023534113653
2012-08-21,41.624443,-70.90544,0.5144801215185
2012-08-22,41.624443,-70.90544,0.97686477518211
2012-08-23,41.624443,-70.90544,0.004696676034727964
2012-08-24,41.624443,-70.90544,0.0
2012-08-25,41.624443,-70.90544,0.35278200845966357
2012-08-26,41.624443,-70.90544,0.0
2012-08-27,41.624443,-70.90544,0.19347686665515818
2012-08-28,41.624443,-70.90544,3.1985635970930684
2012-08-29,41.624443,-70.90544,0.0
2012-08-30,41.624443,-70.90544,0.0
2012-08-31,41.624443,-70.90544,0.0
2012-09-01,41.624443,-70.90544,0.40514164645254414
2012-09-02,41.624443,-70.90544,0.0144455377714272
2012-09-03,41.624443,-70.90544,0.016512009408415695
2012-09-04,41.624443,-70.90544,1.5462589690802853
2012-09-05,41.624443,-70.90544,16.45304739017779
2012-09-06,41.624443,-70.90544,0.3001776609955963
2012-09-07,41.624443,-70.90544,0.0
2012-09-08,41.624443,-70.90544,0.0
2012-09-09,41.624443,-70.90544,7.558456099149036
2012-09-10,41.624443,-70.90544,0.0
2012-09-11,41.624443,-70.90544,0.0
2012-09-12,41.624443,-70.90544,0.0
2012-09-13,41.624443,-70.90544,0.0
2012-09-14,41.624443,-70.90544,0.0
2012-09-15,41.624443,-70.90544,0.0
2012-09-16,41.624443,-70.90544,0.0
2012-09-17,41.624443,-70.90544,0.03840950566906402
2012-09-18,41.624443,-70.90544,0.21879139864652047
2012-09-19,41.624443,-70.90544,41.97545888831089
2012-09-20,41.624443,-70.90544,0.0
2012-09-21,41.624443,-70.90544,5.176801881423853
2012-09-22,41.624443,-70.90544,0.0
2012-09-23,41.624443,-70.90544,0.36128454776696395
2012-09-24,41.624443,-70.90544,0.0
2012-09-25,41.624443,-70.90544,0.0014169406660149411
2012-09-26,41.624443,-70.90544,0.22524097714791866
2012-09-27,41.624443,-70.90544,0.09510088604724652
2012-09-28,41.624443,-70.90544,8.904930371273762
2012-09-29,41.624443,-70.90544,23.65876581202543
2012-09-30,41.624443,-70.90544,20.717021484521435
2012-10-01,41.624443,-70.90544,0.0027972609955148864
2012-10-02,41.624443,-70.90544,4.643447268804
2012-10-03,41.624443,-70.90544,1.0274374831763189
2012-10-04,41.624443,-70.90544,1.034450486230084
2012-10-05,41.624443,-70.90544,1.2574607370635742
2012-10-06,41.624443,-70.90544,0.11534561200149185
2012-10-07,41.624443,-70.90544,10.418229772322745
2012-10-08,41.624443,-70.90544,4.047809051653041
2012-10-09,41.624443,-70.90544,16.466716107025924
2012-10-10,41.624443,-70.90544,1.128507599198292
2012-10-11,41.624443,-70.90544,0.0
2012-10-12,41.624443,-70.90544,0.13722108621583412
2012-10-13,41.624443,-70.90544,0.0077314104778242925
2012-10-14,41.624443,-70.90544,3.1216934202769764
2012-10-15,41.624443,-70.90544,0.2160676786417863
2012-10-16,41.624443,-70.90544,4.672564947268106
2012-10-17,41.624443,-70.90544,0.0
2012-10-18,41.624443,-70.90544,0.2886997263597808
2012-10-19,41.624443,-70.90544,0.5013698533171682
2012-10-20,41.624443,-70.90544,13.373585105444436
2012-10-21,41.624443,-70.90544,0.0044923830506847055
2012-10-22,41.624443,-70.90544,0.0
2012-10-23,41.624443,-70.90544,0.15807376731425557
2012-10-24,41.624443,-70.90544,4.905168077896203
2012-10-25,41.624443,-70.90544,0.0
2012-10-26,41.624443,-70.90544,0.0
2012-10-27,41.624443,-70.90544,0.0
2012-10-28,41.624443,-70.90544,0.02333741010598897
2012-10-29,41.624443,-70.90544,1.5645100588752512
2012-10-30,41.624443,-70.90544,11.37404761851202
2012-10-31,41.624443,-70.90544,1.0307895533080524
2012-11-01,41.624443,-70.90544,0.33919597089755577
2012-11-02,41.624443,-70.90544,3.9746610487698844
2012-11-03,41.624443,-70.90544,0.08409741344777559
2012-11-04,41.624443,-70.90544,0.0
2012-11-05,41.624443,-70.90544,0.41875093055431395
2012-11-06,41.624443,-70.90544,0.0
2012-11-07,41.624443,-70.90544,40.33201817534481
2012-11-08,41.624443,-70.90544,6.562928852522896
2012-11-09,41.624443,-70.90544,0.043464902959414686
2012-11-10,41.624443,-70.90544,0.11955641502938365
2012-11-11,41.624443,-70.90544,0.5838632641046327
2012-11-12,41.624443,-70.90544,0.0
2012-11-13,41.624443,-70.90544,2.004242289630299
2012-11-14,41.624443,-70.90544,1.536859361484548
2012-11-15,41.624443,-70.90544,0.11322451964344823
2012-11-16,41.624443,-70.90544,1.5365983311593485
2012-11-17,41.624443,-70.90544,0.0
2012-11-18,41.624443,-70.90544,0.0
2012-11-19,41.624443,-70.90544,0.0031250795813050364
2012-11-20,41.624443,-70.90544,0.03878710934326557
2012-11-21,41.624443,-70.90544,0.2751198019070297
2012-11-22,41.624443,-70.90544,0.0
2012-11-23,41.624443,-70.90544,0.0
2012-11-24,41.624443,-70.90544,0.05172026451994119
2012-11-25,41.624443,-70.90544,0.33225410667711736
2012-11-26,41.624443,-70.90544,0.3937375864973771
2012-11-27,41.624443,-70.90544,0.8542017983243069
2012-11-28,41.624443,-70.90544,0.7531302668128591
2012-11-29,41.624443,-70.90544,0.03976163322328515
2012-11-30,41.624443,-70.90544,0.09821962388672727
2012-12-01,41.624443,-70.90544,0.11200085086274988
2012-12-02,41.624443,-70.90544,2.3264054626134683
2012-12-03,41.624443,-70.90544,4.281545541629986
2012-12-04,41.624443,-70.90544,0.05906656670329323
2012-12-05,41.624443,-70.90544,0.9343603167364968
2012-12-06,41.624443,-70.90544,0.004975505155964468
2012-12-07,41.624443,-70.90544,1.630230936489574
2012-12-08,41.624443,-70.90544,21.881826685704116
2012-12-09,41.624443,-70.90544,0.8471091410207023
2012-12-10,41.624443,-70.90544,28.61414585953626
2012-12-11,41.624443,-70.90544,2.106449339277545
2012-12-12,41.624443,-70.90544,3.5274044371859707
2012-12-13,41.624443,-70.90544,0.3707438537700426
2012-12-14,41.624443,-70.90544,0.0486699645823272
2012-12-15,41.624443,-70.90544,0.06276553938606726
2012-12-16,41.624443,-70.90544,0.6081549727503279
2012-12-17,41.624443,-70.90544,8.038766173874729
2012-12-18,41.624443,-70.90544,16.15704407479441
2012-12-19,41.624443,-70.90544,0.37815570913815755
2012-12-20,41.624443,-70.90544,0.023041369449445764
2012-12-21,41.624443,-70.90544,28.83205948520019
2012-12-22,41.624443,-70.90544,0.051504490058314464
2012-12-23,41.624443,-70.90544,0.05693324311074693
2012-12-24,41.624443,-70.90544,0.045318886421943684
2012-12-25,41.624443,-70.90544,1.4054626778153103
2012-12-26,41.624443,-70.90544,3.19074983910496
2012-12-27,41.624443,-70.90544,35.29267240865439
2012-12-28,41.624443,-70.90544,0.020269250300449276
2012-12-29,41.624443,-70.90544,27.695774996669652
2012-12-30,41.624443,-70.90544,12.709643676790185
2012-12-31,41.624443,-70.90544,0.18520948739704002
2013-01-01,41.624443,-70.90544,0.7102282665636502
2013-01-02,41.624443,-70.90544,0.04184982356327512
2013-01-03,41.624443,-70.90544,0.3789849306080343
2013-01-04,41.624443,-70.90544,0.024877524853062265
2013-01-05,41.624443,-70.90544,0.0
2013-01-06,41.624443,-70.90544,1.4563553950156933
2013-01-07,41.624443,-70.90544,0.05419759257152386
2013-01-08,41.624443,-70.90544,0.0
2013-01-09,41.624443,-70.90544,2.5573673042433107
2013-01-10,41.624443,-70.90544,0.0
2013-01-11,41.624443,-70.90544,0.8866792535377751
2013-01-12,41.624443,-70.90544,3.756859717238043
2013-01-13,41.624443,-70.90544,0.44647158414735405
2013-01-14,41.624443,-70.90544,3.142501585527123
2013-01-15,41.624443,-70.90544,12.899988098159923
2013-01-16,41.624443,-70.90544,25.455890719850643
2013-01-17,41.624443,-70.90544,1.7587864709115375
2013-01-18,41.624443,-70.90544,1.7925771223813436
2013-01-19,41.624443,-70.90544,0.2129355340929442
2013-01-20,41.624443,-70.90544,0.08052875026993106
2013-01-21,41.624443,-70.90544,0.44060662416668134
2013-01-22,41.624443,-70.90544,0.17033515710303868
2013-01-23,41.624443,-70.90544,0.0
2013-01-24,41.624443,-70.90544,0.03718358382720849
2013-01-25,41.624443,-70.90544,0.0
2013-01-26,41.624443,-70.90544,0.07090766410373878
2013-01-27,41.624443,-70.90544,0.0
2013-01-28,41.624443,-70.90544,2.86873223152581
2013-01-29,41.624443,-70.90544,0.41178458055200995
2013-01-30,41.624443,-70.90544,2.999080607688988
2013-01-31,41.624443,-70.90544,15.307138835655785
2013-02-01,41.624443,-70.90544,0.0018472296098675338
2013-02-02,41.624443,-70.90544,0.0
2013-02-03,41.624443,-70.90544,0.4825204085584093
2013-02-04,41.624443,-70.90544,0.07515707707215447
2013-02-05,41.624443,-70.90544,0.02023133511761108
2013-02-06,41.624443,-70.90544,0.0024166092482975662
2013-02-07,41.624443,-70.90544,0.0
2013-02-08,41.624443,-70.90544,97.3113524158669
2013-02-09,41.624443,-70.90544,5.726198377651822
2013-02-10,41.624443,-70.90544,0.0
2013-02-11,41.624443,-70.90544,5.4135896755152055
2013-02-12,41.624443,-70.90544,0.013367288142509126
2013-02-13,41.624443,-70.90544,0.0
2013-02-14,41.624443,-70.90544,3.6936187345772318
2013-02-15,41.624443,-70.90544,0.0
2013-02-16,41.624443,-70.90544,0.36387730787446937
2013-02-17,41.624443,-70.90544,4.646064748212341
2013-02-18,41.624443,-70.90544,0.0
2013-02-19,41.624443,-70.90544,1.0628351170703993
2013-02-20,41.624443,-70.90544,12.731449721023836
2013-02-21,41.624443,-70.90544,0.00710091615498688
2013-02-22,41.624443,-70.90544,0.006683644071254563
2013-02-23,41.624443,-70.90544,0.44539284267077883
2013-02-24,41.624443,-70.90544,3.7583135434837285
2013-02-25,41.624443,-70.90544,0.3236312759753205
2013-02-26,41.624443,-70.90544,0.0
2013-02-27,41.624443,-70.90544,24.278363934624185
2013-02-28,41.624443,-70.90544,0.009607222425027089
2013-03-01,41.624443,-70.90544,0.3504415680384842
2013-03-02,41.624443,-70.90544,0.0
2013-03-03,41.624443,-70.90544,0.0
2013-03-04,41.624443,-70.90544,0.17453921403256248
2013-03-05,41.624443,-70.90544,0.003833549914312508
2013-03-06,41.624443,-70.90544,0.10326648280991292
2013-03-07,41.624443,-70.90544,12.962216327408761
2013-03-08,41.624443,-70.90544,2.237153005951877
2013-03-09,41.624443,-70.90544,0.6742766859617917
2013-03-10,41.624443,-70.90544,0.07697843704042091
2013-03-11,41.624443,-70.90544,0.22776583154378396
2013-03-12,41.624443,-70.90544,25.906125138707118
2013-03-13,41.624443,-70.90544,26.30461859922309
2013-03-14,41.624443,-70.90544,0.01983321823222092
2013-03-15,41.624443,-70.90544,0.035508011103330184
2013-03-16,41.624443,-70.90544,0.05206259392130166
2013-03-17,41.624443,-70.90544,0.07233250700706817
2013-03-18,41.624443,-70.90544,0.11955843159170858
2013-03-19,41.624443,-70.90544,9.093247463330098
2013-03-20,41.624443,-70.90544,0.0
2013-03-21,41.624443,-70.90544,0.04581973093758891
2013-03-22,41.624443,-70.90544,0.1400626923283368
2013-03-23,41.624443,-70.90544,0.0
2013-03-24,41.624443,-70.90544,0.004250821998044825
2013-03-25,41.624443,-70.90544,0.16878107428073771
2013-03-26,41.624443,-70.90544,0.10822925833716479
2013-03-27,41.624443,-70.90544,0.032125410196507276
2013-03-28,41.624443,-70.90544,0.14505503481286605
2013-03-29,41.624443,-70.90544,0.3300223178081397
2013-03-30,41.624443,-70.90544,0.21841958874321166
2013-03-31,41.624443,-70.90544,0.3218045163975726
2013-04-01,41.624443,-70.90544,5.859767814515989
2013-04-02,41.624443,-70.90544,0.20145968207083248
2013-04-03,41.624443,-70.90544,0.0
2013-04-04,41.624443,-70.90544,0.0
2013-04-05,41.624443,-70.90544,1.0402320992523213
2013-04-06,41.624443,-70.90544,0.0
2013-04-07,41.624443,-70.90544,0.0007084703330074706
2013-04-08,41.624443,-70.90544,0.07334497897354665
2013-04-09,41.624443,-70.90544,1.3698115409496565
2013-04-10,41.624443,-70.90544,3.327551888768382
2013-04-11,41.624443,-70.90544,3.9989839190655756
2013-04-12,41.624443,-70.90544,9.08018643331675
2013-04-13,41.624443,-70.90544,0.5562210710026151
2013-04-14,41.624443,-70.90544,0.0
2013-04-15,41.624443,-70.90544,0.036740522240340565
2013-04-16,41.624443,-70.90544,0.008388587127807984
2013-04-17,41.624443,-70.90544,1.5286737622753148
2013-04-18,41.624443,-70.90544,0.0
2013-04-19,41.624443,-70.90544,0.0
2013-04-20,41.624443,-70.90544,10.655454758811334
2013-04-21,41.624443,-70.90544,0.0
2013-04-22,41.624443,-70.90544,0.8104961459548892
2013-04-23,41.624443,-70.90544,16.67415701719582
2013-04-24,41.624443,-70.90544,12.653307649095492
2013-04-25,41.624443,-70.90544,0.1026490323702768
2013-04-26,41.624443,-70.90544,0.0
2013-04-27,41.624443,-70.90544,0.004250821734119054
2013-04-28,41.624443,-70.90544,0.0
2013-04-29,41.624443,-70.90544,0.9303373973592401
2013-04-30,41.624443,-70.90544,0.004250821734119054
2013-05-01,41.624443,-70.90544,0.026536027498477163
2013-05-02,41.624443,-70.90544,0.012262845101848666
2013-05-03,41.624443,-70.90544,0.002846898086094933
2013-05-04,41.624443,-70.90544,0.0022775185537201267
2013-05-05,41.624443,-70.90544,0.0
2013-05-06,41.624443,-70.90544,0.0
2013-05-07,41.624443,-70.90544,0.0
2013-05-08,41.624443,-70.90544,1.1104495628422475
2013-05-09,41.624443,-70.90544,1.6788501503110609
2013-05-10,41.624443,-70.90544,0.0576349162783526
2013-05-11,41.624443,-70.90544,15.155031139347823
2013-05-12,41.624443,-70.90544,31.4189708015688
2013-05-13,41.624443,-70.90544,0.0
2013-05-14,41.624443,-70.90544,0.011930938792845337
2013-05-15,41.624443,-70.90544,2.837974721588191
2013-05-16,41.624443,-70.90544,0.1290030138076234
2013-05-17,41.624443,-70.90544,0.0072368110167353086
2013-05-18,41.624443,-70.90544,0.10001862741036839
2013-05-19,41.624443,-70.90544,2.5614160570132585
2013-05-20,41.624443,-70.90544,1.8393986068629762
2013-05-21,41.624443,-70.90544,0.26948822650293097
2013-05-22,41.624443,-70.90544,5.127740672418598
2013-05-23,41.624443,-70.90544,0.004972309085117346
2013-05-24,41.624443,-70.90544,26.350424708477654
2013-05-25,41.624443,-70.90544,2.5804027761386807
2013-05-26,41.624443,-70.90544,0.18119057349753612
2013-05-27,41.624443,-70.90544,0.046438049358015134
2013-05-28,41.624443,-70.90544,0.008620327179064264
2013-05-29,41.624443,-70.90544,10.417283182838458
2013-05-30,41.624443,-70.90544,12.089749879460031
2013-05-31,41.624443,-70.90544,0.0
2013-06-01,41.624443,-70.90544,0.0
2013-06-02,41.624443,-70.90544,0.0017081389152900956
2013-06-03,41.624443,-70.90544,37.07632963744757
2013-06-04,41.624443,-70.90544,0.4763629257428872
2013-06-05,41.624443,-70.90544,0.0
2013-06-06,41.624443,-70.90544,0.12519714182956723
2013-06-07,41.624443,-70.90544,49.912295807520564
2013-06-08,41.624443,-70.90544,10.863681510688647
2013-06-09,41.624443,-70.90544,0.0
2013-06-10,41.624443,-70.90544,20.35577180799637
2013-06-11,41.624443,-70.90544,42.35196391452989
2013-06-12,41.624443,-70.90544,0.0
2013-06-13,41.624443,-70.90544,7.348261093076181
2013-06-14,41.624443,-70.90544,11.495113082336527
2013-06-15,41.624443,-70.90544,0.0
2013-06-16,41.624443,-70.90544,1.322075376835627
2013-06-17,41.624443,-70.90544,0.29731702385300496
2013-06-18,41.624443,-70.90544,2.407442807482072
2013-06-19,41.624443,-70.90544,13.787560881142266
2013-06-20,41.624443,-70.90544,0.0
2013-06-21,41.624443,-70.90544,0.0072033865130493235
2013-06-22,41.624443,-70.90544,0.0
2013-06-23,41.624443,-70.90544,0.24880244591322773
2013-06-24,41.624443,-70.90544,0.023092411509687355
2013-06-25,41.624443,-70.90544,0.6768464065439472
2013-06-26,41.624443,-70.90544,0.741823969682609
2013-06-27,41.624443,-70.90544,0.8953504180182087
2013-06-28,41.624443,-70.90544,20.250007959858518
2013-06-29,41.624443,-70.90544,6.795518626524666
2013-06-30,41.624443,-70.90544,1.182197567136334
2013-07-01,41.624443,-70.90544,5.132171421156587
2013-07-02,41.624443,-70.90544,4.20870247646421
2013-07-03,41.624443,-70.90544,1.8043594349374323
2013-07-04,41.624443,-70.90544,0.039070255769323145
2013-07-05,41.624443,-70.90544,0.0
2013-07-06,41.624443,-70.90544,0.034824288358870595
2013-07-07,41.624443,-70.90544,0.05035959517383533
2013-07-08,41.624443,-70.90544,0.25709295012486677
2013-07-09,41.624443,-70.90544,6.097242413472094
2013-07-10,41.624443,-70.90544,0.8295262565857738
2013-07-11,41.624443,-70.90544,12.666580103617994
2013-07-12,41.624443,-70.90544,0.3237396353946555
2013-07-13,41.624443,-70.90544,0.5215700381215564
2013-07-14,41.624443,-70.90544,0.25043624556262944
2013-07-15,41.624443,-70.90544,1.020251772430747
2013-07-16,41.624443,-70.90544,0.0
2013-07-17,41.624443,-70.90544,0.14693608731586577
2013-07-18,41.624443,-70.90544,0.0056807794181248155
2013-07-19,41.624443,-70.90544,0.04211817982903085
2013-07-20,41.624443,-70.90544,0.020479925896317832
2013-07-21,41.624443,-70.90544,3.2127490300220076
2013-07-22,41.624443,-70.90544,1.4022994237364963
2013-07-23,41.624443,-70.90544,2.073591576266675
2013-07-24,41.624443,-70.90544,0.09520614970983905
2013-07-25,41.624443,-70.90544,10.797299061751213
2013-07-26,41.624443,-70.90544,15.879749311338935
2013-07-27,41.624443,-70.90544,0.7573942850332496
2013-07-28,41.624443,-70.90544,10.13723070235725
2013-07-29,41.624443,-70.90544,2.476691928254733
2013-07-30,41.624443,-70.90544,0.0
2013-07-31,41.624443,-70.90544,0.5076868074190617
2013-08-01,41.624443,-70.90544,1.4663973543887485
2013-08-02,41.624443,-70.90544,14.501669252126996
2013-08-03,41.624443,-70.90544,6.164142978183901
2013-08-04,41.624443,-70.90544,0.0
2013-08-05,41.624443,-70.90544,0.0
2013-08-06,41.624443,-70.90544,0.0
2013-08-07,41.624443,-70.90544,0.0033170034373096453
2013-08-08,41.624443,-70.90544,0.5128224995929336
2013-08-09,41.624443,-70.90544,12.250358268880023
2013-08-10,41.624443,-70.90544,0.13100620608308014
2013-08-11,41.624443,-70.90544,0.0
2013-08-12,41.624443,-70.90544,0.08010650984993528
2013-08-13,41.624443,-70.90544,13.462759766592363
2013-08-14,41.624443,-70.90544,0.2817235341043043
2013-08-15,41.624443,-70.90544,0.0
2013-08-16,41.624443,-70.90544,0.0
2013-08-17,41.624443,-70.90544,0.2905145306196844
2013-08-18,41.624443,-70.90544,5.781632133284986
2013-08-19,41.624443,-70.90544,4.329676203003142
2013-08-20,41.624443,-70.90544,1.8952058587368783
2013-08-21,41.624443,-70.90544,0.0
2013-08-22,41.624443,-70.90544,0.6988723473006788
2013-08-23,41.624443,-70.90544,0.813617918673148
2013-08-24,41.624443,-70.90544,0.6586461024286877
2013-08-25,41.624443,-70.90544,0.0
2013-08-26,41.624443,-70.90544,0.22750489138662527
2013-08-27,41.624443,-70.90544,27.58376782427848
2013-08-28,41.624443,-70.90544,0.0
2013-08-29,41.624443,-70.90544,0.13184838629917028
2013-08-30,41.624443,-70.90544,0.05307479263716851
2013-08-31,41.624443,-70.90544,0.8498849246898229
2013-09-01,41.624443,-70.90544,15.218521265924736
2013-09-02,41.624443,-70.90544,6.830019374777666
2013-09-03,41.624443,-70.90544,25.187736511883344
2013-09-04,41.624443,-70.90544,0.0
2013-09-05,41.624443,-70.90544,0.6476498278157955
2013-09-06,41.624443,-70.90544,0.39449338802811135
2013-09-07,41.624443,-70.90544,0.0
2013-09-08,41.624443,-70.90544,1.9630831154120931
2013-09-09,41.624443,-70.90544,0.0
2013-09-10,41.624443,-70.90544,1.1415095720730724
2013-09-11,41.624443,-70.90544,0.0005693796384300317
2013-09-12,41.624443,-70.90544,0.0
2013-09-13,41.624443,-70.90544,4.318454007588909
2013-09-14,41.624443,-70.90544,0.0
2013-09-15,41.624443,-70.90544,0.07794265088915779
2013-09-16,41.624443,-70.90544,3.254264649540686
2013-09-17,41.624443,-70.90544,0.0
2013-09-18,41.624443,-70.90544,0.0
2013-09-19,41.624443,-70.90544,0.0
2013-09-20,41.624443,-70.90544,0.0
2013-09-21,41.624443,-70.90544,0.0
2013-09-22,41.624443,-70.90544,11.101237948548839
2013-09-23,41.624443,-70.90544,0.0
2013-09-24,41.624443,-70.90544,0.0
2013-09-25,41.624443,-70.90544,0.0
2013-09-26,41.624443,-70.90544,0.0
2013-09-27,41.624443,-70.90544,0.0
2013-09-28,41.624443,-70.90544,0.0
2013-09-29,41.624443,-70.90544,0.0
2013-09-30,41.624443,-70.90544,0.0
2013-10-01,41.624443,-70.90544,0.003985657575065448
2013-10-02,41.624443,-70.90544,0.0
2013-10-03,41.624443,-70.90544,0.0
2013-10-04,41.624443,-70.90544,0.17359350619639607
2013-10-05,41.624443,-70.90544,2.469557909485704
2013-10-06,41.624443,-70.90544,0.9671945977207841
2013-10-07,41.624443,-70.90544,0.0
2013-10-08,41.624443,-70.90544,0.27438999283803034
2013-10-09,41.624443,-70.90544,0.0
2013-10-10,41.624443,-70.90544,0.404193468190328
2013-10-11,41.624443,-70.90544,0.41686698002593797
2013-10-12,41.624443,-70.90544,0.3266020743739575
2013-10-13,41.624443,-70.90544,0.0
2013-10-14,41.624443,-70.90544,0.17698017917286607
2013-10-15,41.624443,-70.90544,0.0
2013-10-16,41.624443,-70.90544,0.7366655442832877
2013-10-17,41.624443,-70.90544,0.397764052191078
2013-10-18,41.624443,-70.90544,0.055976869949144595
2013-10-19,41.624443,-70.90544,0.23248084604259173
2013-10-20,41.624443,-70.90544,3.1812909881863076
2013-10-21,41.624443,-70.90544,0.0
2013-10-22,41.624443,-70.90544,0.0
2013-10-23,41.624443,-70.90544,4.918136710084205
2013-10-24,41.624443,-70.90544,0.009189706817494295
2013-10-25,41.624443,-70.90544,0.0
2013-10-26,41.624443,-70.90544,0.0005693796384300317
2013-10-27,41.624443,-70.90544,0.029660054370650543
2013-10-28,41.624443,-70.90544,0.0005693796384300317
2013-10-29,41.624443,-70.90544,0.007227881245326145
2013-10-30,41.624443,-70.90544,0.23213773073349808
2013-10-31,41.624443,-70.90544,0.38241313249604925
2013-11-01,41.624443,-70.90544,5.0896563788502505
2013-11-02,41.624443,-70.90544,0.8287564555124921
2013-11-03,41.624443,-70.90544,1.7986054180579858
2013-11-04,41.624443,-70.90544,0.0
2013-11-05,41.624443,-70.90544,0.0
2013-11-06,41.624443,-70.90544,1.2902120330465925
2013-11-07,41.624443,-70.90544,30.40141728475225
2013-11-08,41.624443,-70.90544,0.06328183707156251
2013-11-09,41.624443,-70.90544,0.3347414761624857
2013-11-10,41.624443,-70.90544,4.68166163203484
2013-11-11,41.624443,-70.90544,0.0
2013-11-12,41.624443,-70.90544,5.086102973668371
2013-11-13,41.624443,-70.90544,0.45121903086227777
2013-11-14,41.624443,-70.90544,0.02028302285604921
2013-11-15,41.624443,-70.90544,0.010390472525083504
2013-11-16,41.624443,-70.90544,1.5794868076781774
2013-11-17,41.624443,-70.90544,0.6774765933187201
2013-11-18,41.624443,-70.90544,5.020594505959856
2013-11-19,41.624443,-70.90544,0.0
2013-11-20,41.624443,-70.90544,0.0025556999428750045
2013-11-21,41.624443,-70.90544,0.0
2013-11-22,41.624443,-70.90544,3.6257167180813514
2013-11-23,41.624443,-70.90544,0.8505037563097657
2013-11-24,41.624443,-70.90544,0.01907511063167626
2013-11-25,41.624443,-70.90544,0.0
2013-11-26,41.624443,-70.90544,2.788994558736101
2013-11-27,41.624443,-70.90544,62.502904508122775
2013-11-28,41.624443,-70.90544,1.1761986907479647
2013-11-29,41.624443,-70.90544,0.0014169406660149411
2013-11-30,41.624443,-70.90544,0.010761303270917223
2013-12-01,41.624443,-70.90544,0.6747413212439253
2013-12-02,41.624443,-70.90544,0.39397829938311163
2013-12-03,41.624443,-70.90544,0.3629750193548716
2013-12-04,41.624443,-70.90544,0.12480120271024212
2013-12-05,41.624443,-70.90544,0.18618176340368384
2013-12-06,41.624443,-70.90544,9.781404052932437
2013-12-07,41.624443,-70.90544,27.62386451201616
2013-12-08,41.624443,-70.90544,0.07364198533201236
2013-12-09,41.624443,-70.90544,1.8971152050494449
2013-12-10,41.624443,-70.90544,3.9755016057478154
2013-12-11,41.624443,-70.90544,0.09139998129794652
2013-12-12,41.624443,-70.90544,0.007249827638837471
2013-12-13,41.624443,-70.90544,0.0028338813320298822
2013-12-14,41.624443,-70.90544,0.10543828052661444
2013-12-15,41.624443,-70.90544,17.25844530126114
2013-12-16,41.624443,-70.90544,0.049795706365160224
2013-12-17,41.624443,-70.90544,1.9538676033997804
2013-12-18,41.624443,-70.90544,0.645793553059882
2013-12-19,41.624443,-70.90544,0.4973931758749081
2013-12-20,41.624443,-70.90544,2.134299697683255
2013-12-21,41.624443,-70.90544,0.8129154045901068
2013-12-22,41.624443,-70.90544,3.7317537954840194
2013-12-23,41.624443,-70.90544,23.17279866377132
2013-12-24,41.624443,-70.90544,9.420527477500043
2013-12-25,41.624443,-70.90544,0.6250563138019019
2013-12-26,41.624443,-70.90544,0.15989468193505096
2013-12-27,41.624443,-70.90544,0.0
2013-12-28,41.624443,-70.90544,0.13907826390008832
2013-12-29,41.624443,-70.90544,30.14690281539631
2013-12-30,41.624443,-70.90544,0.9604900656544144
2013-12-31,41.624443,-70.90544,0.0011387592768600633
2014-01-01,41.624443,-70.90544,0.6308921899384949
2014-01-02,41.624443,-70.90544,0.9236430060033985
2014-01-03,41.624443,-70.90544,6.731796678040947
2014-01-04,41.624443,-70.90544,0.0
2014-01-05,41.624443,-70.90544,0.2286171555095583
2014-01-06,41.624443,-70.90544,7.199946009549552
2014-01-07,41.624443,-70.90544,0.10889276342073428
2014-01-08,41.624443,-70.90544,0.0
2014-01-09,41.624443,-70.90544,0.02743026262689524
2014-01-10,41.624443,-70.90544,0.7172516603251302
2014-01-11,41.624443,-70.90544,9.664184664170838
2014-01-12,41.624443,-70.90544,14.408069447771023
2014-01-13,41.624443,-70.90544,0.10396028387185323
2014-01-14,41.624443,-70.90544,53.13289656269314
2014-01-15,41.624443,-70.90544,4.325030664621878
2014-01-16,41.624443,-70.90544,8.670561811268948
2014-01-17,41.624443,-70.90544,0.093749353295138
2014-01-18,41.624443,-70.90544,8.738256896695905
2014-01-19,41.624443,-70.90544,0.1280360384119709
2014-01-20,41.624443,-70.90544,0.53356094117267
2014-01-21,41.624443,-70.90544,0.5722344318283874
2014-01-22,41.624443,-70.90544,0.5004301587543234
2014-01-23,41.624443,-70.90544,0.0949268763835042
2014-01-24,41.624443,-70.90544,0.0
2014-01-25,41.624443,-70.90544,1.4699918602842925
2014-01-26,41.624443,-70.90544,0.07008015027399869
2014-01-27,41.624443,-70.90544,0.8264589772459555
2014-01-28,41.624443,-70.90544,0.05567168918170007
2014-01-29,41.624443,-70.90544,0.39267532860415816
2014-01-30,41.624443,-70.90544,0.0
2014-01-31,41.624443,-70.90544,0.33246363357668235
2014-02-01,41.624443,-70.90544,0.16003331285346684
2014-02-02,41.624443,-70.90544,0.4834246510663584
2014-02-03,41.624443,-70.90544,14.59271579940184
2014-02-04,41.624443,-70.90544,0.012014658510077901
2014-02-05,41.624443,-70.90544,29.22065203524201
2014-02-06,41.624443,-70.90544,0.0
2014-02-07,41.624443,-70.90544,0.0
2014-02-08,41.624443,-70.90544,0.0
2014-02-09,41.624443,-70.90544,0.0
2014-02-10,41.624443,-70.90544,0.04207642050843621
2014-02-11,41.624443,-70.90544,0.0
2014-02-12,41.624443,-70.90544,0.0
2014-02-13,41.624443,-70.90544,53.473096414511325
2014-02-14,41.624443,-70.90544,8.82376293803271
2014-02-15,41.624443,-70.90544,10.217261211427322
2014-02-16,41.624443,-70.90544,4.758567608771708
2014-02-17,41.624443,-70.90544,0.0
2014-02-18,41.624443,-70.90544,0.5669036493426044
2014-02-19,41.624443,-70.90544,8.938376176268122
2014-02-20,41.624443,-70.90544,1.3528990524035385
2014-02-21,41.624443,-70.90544,20.13415448193912
2014-02-22,41.624443,-70.90544,1.3512672477032304
2014-02-23,41.624443,-70.90544,0.023548338554920726
2014-02-24,41.624443,-70.90544,0.09719456379954323
2014-02-25,41.624443,-70.90544,0.0
2014-02-26,41.624443,-70.90544,0.011976742325015215
2014-02-27,41.624443,-70.90544,0.0
2014-02-28,41.624443,-70.90544,0.0
2014-03-01,41.624443,-70.90544,0.0
2014-03-02,41.624443,-70.90544,0.6500073433547329
2014-03-03,41.624443,-70.90544,0.8445144090738351
2014-03-04,41.624443,-70.90544,0.005785798114952755
2014-03-05,41.624443,-70.90544,0.007444299833607578
2014-03-06,41.624443,-70.90544,0.0
2014-03-07,41.624443,-70.90544,0.052963798009699255
2014-03-08,41.624443,-70.90544,0.1043181123311715
2014-03-09,41.624443,-70.90544,1.388690679449465
2014-03-10,41.624443,-70.90544,0.2270196304029623
2014-03-11,41.624443,-70.90544,0.14974263410403477
2014-03-12,41.624443,-70.90544,10.73628798511596
2014-03-13,41.624443,-70.90544,9.956197735898305
2014-03-14,41.624443,-70.90544,0.03702548924451259
2014-03-15,41.624443,-70.90544,0.6768296919951025
2014-03-16,41.624443,-70.90544,0.005594521991029773
2014-03-17,41.624443,-70.90544,1.6704745785510076
2014-03-18,41.624443,-70.90544,0.0
2014-03-19,41.624443,-70.90544,0.005693796172189866
2014-03-20,41.624443,-70.90544,7.44860599327721
2014-03-21,41.624443,-70.90544,0.0
2014-03-22,41.624443,-70.90544,0.0
2014-03-23,41.624443,-70.90544,0.1622353225948155
2014-03-24,41.624443,-70.90544,0.07863810701342562
2014-03-25,41.624443,-70.90544,0.05060664637732912
2014-03-26,41.624443,-70.90544,9.950143576431984
2014-03-27,41.624443,-70.90544,0.0033170034373096453
2014-03-28,41.624443,-70.90544,1.1191027331968175
2014-03-29,41.624443,-70.90544,35.75955154264508
2014-03-30,41.624443,-70.90544,57.48965199399342
2014-03-31,41.624443,-70.90544,5.048385122655453
2014-04-01,41.624443,-70.90544,0.0017081389152900956
2014-04-02,41.624443,-70.90544,0.003403260970459914
2014-04-03,41.624443,-70.90544,0.0
2014-04-04,41.624443,-70.90544,0.5106619370901528
2014-04-05,41.624443,-70.90544,5.107691918718204
2014-04-06,41.624443,-70.90544,0.0
2014-04-07,41.624443,-70.90544,1.6288491584962428
2014-04-08,41.624443,-70.90544,23.72407989141575
2014-04-09,41.624443,-70.90544,0.030711665627247114
2014-04-10,41.624443,-70.90544,0.0
2014-04-11,41.624443,-70.90544,0.3645334439181572
2014-04-12,41.624443,-70.90544,1.0819696114486175
2014-04-13,41.624443,-70.90544,0.08594334757837577
2014-04-14,41.624443,-70.90544,0.26176288012279664
2014-04-15,41.624443,-70.90544,9.352815828211199
2014-04-16,41.624443,-70.90544,40.46148320008552
2014-04-17,41.624443,-70.90544,0.0
2014-04-18,41.624443,-70.90544,0.0
2014-04-19,41.624443,-70.90544,0.22303754207651239
2014-04-20,41.624443,-70.90544,0.0
2014-04-21,41.624443,-70.90544,0.0023669720516622935
2014-04-22,41.624443,-70.90544,0.5212616268247345
2014-04-23,41.624443,-70.90544,7.276031217691729
2014-04-24,41.624443,-70.90544,0.0
2014-04-25,41.624443,-70.90544,0.007654082704578964
2014-04-26,41.624443,-70.90544,6.761566498781081
2014-04-27,41.624443,-70.90544,0.23128118421192953
2014-04-28,41.624443,-70.90544,0.0054799260287291575
2014-04-29,41.624443,-70.90544,0.006634006874619291
2014-04-30,41.624443,-70.90544,29.616663303891674
2014-05-01,41.624443,-70.90544,30.993847935440222
2014-05-02,41.624443,-70.90544,0.1560585358469923
2014-05-03,41.624443,-70.90544,0.011456999883220456
2014-05-04,41.624443,-70.90544,1.7581522907666214
2014-05-05,41.624443,-70.90544,0.012070029037294214
2014-05-06,41.624443,-70.90544,0.25791469294558306
2014-05-07,41.624443,-70.90544,0.007084703066148933
2014-05-08,41.624443,-70.90544,0.28207889207567277
2014-05-09,41.624443,-70.90544,0.6868126652636402
2014-05-10,41.624443,-70.90544,0.9151109289941245
2014-05-11,41.624443,-70.90544,7.754093464543366
2014-05-12,41.624443,-70.90544,0.0091028015522624
2014-05-13,41.624443,-70.90544,0.22890765491491843
2014-05-14,41.624443,-70.90544,0.1166513516097557
2014-05-15,41.624443,-70.90544,0.0
2014-05-16,41.624443,-70.90544,0.058513891387971376
2014-05-17,41.624443,-70.90544,9.445630378276679
2014-05-18,41.624443,-70.90544,0.086689733432423
2014-05-19,41.624443,-70.90544,0.050485911697105326
2014-05-20,41.624443,-70.90544,2.2807723049715865
2014-05-21,41.624443,-70.90544,0.012752465730208695
2014-05-22,41.624443,-70.90544,8.116038701197022
2014-05-23,41.624443,-70.90544,0.027721461246151397
2014-05-24,41.624443,-70.90544,0.0
2014-05-25,41.624443,-70.90544,0.04127296242544157
2014-05-26,41.624443,-70.90544,1.6427753907340716
2014-05-27,41.624443,-70.90544,0.27103685124808896
2014-05-28,41.624443,-70.90544,0.6302833903993913
2014-05-29,41.624443,-70.90544,0.013182755333875721
2014-05-30,41.624443,-70.90544,0.1485187583740489
2014-05-31,41.624443,-70.90544,2.762029984745409
2014-06-01,41.624443,-70.90544,0.0
2014-06-02,41.624443,-70.90544,0.0
2014-06-03,41.624443,-70.90544,0.0022278813570848544
2014-06-04,41.624443,-70.90544,1.4948426144939992
2014-06-05,41.624443,-70.90544,9.63203628231572
2014-06-06,41.624443,-70.90544,0.00850164399608965
2014-06-07,41.624443,-70.90544,0.0
2014-06-08,41.624443,-70.90544,0.0
2014-06-09,41.624443,-70.90544,1.5755419769157717
2014-06-10,41.624443,-70.90544,3.984386821401374
2014-06-11,41.624443,-70.90544,1.2495875341769336
2014-06-12,41.624443,-70.90544,2.8423273629643977
2014-06-13,41.624443,-70.90544,4.732597600524924
2014-06-14,41.624443,-70.90544,0.22751758482016005
2014-06-15,41.624443,-70.90544,0.015082051988335704
2014-06-16,41.624443,-70.90544,0.027932507738662134
2014-06-17,41.624443,-70.90544,0.04881694347582749
2014-06-18,41.624443,-70.90544,0.19101804189097774
2014-06-19,41.624443,-70.90544,10.687753025018273
2014-06-20,41.624443,-70.90544,0.0
2014-06-21,41.624443,-70.90544,0.0
2014-06-22,41.624443,-70.90544,0.0
2014-06-23,41.624443,-70.90544,0.0
2014-06-24,41.624443,-70.90544,0.0881748310049022
2014-06-25,41.624443,-70.90544,0.48753805454584037
2014-06-26,41.624443,-70.90544,7.551673944414755
2014-06-27,41.624443,-70.90544,0.0
2014-06-28,41.624443,-70.90544,0.0
2014-06-29,41.624443,-70.90544,0.0033170034373096453
2014-06-30,41.624443,-70.90544,0.0
2014-07-01,41.624443,-70.90544,0.18404384757363842
2014-07-02,41.624443,-70.90544,0.1608810957310903
2014-07-03,41.624443,-70.90544,0.034280932619908784
2014-07-04,41.624443,-70.90544,58.81660297213185
2014-07-05,41.624443,-70.90544,11.39043085329792
2014-07-06,41.624443,-70.90544,0.0
2014-07-07,41.624443,-70.90544,0.018959623929840866
2014-07-08,41.624443,-70.90544,0.022202981757381595
2014-07-09,41.624443,-70.90544,0.19421114881279336
2014-07-10,41.624443,-70.90544,8.192154210180464
2014-07-11,41.624443,-70.90544,1.5936457883330446
2014-07-12,41.624443,-70.90544,0.0
2014-07-13,41.624443,-70.90544,0.0
2014-07-14,41.624443,-70.90544,2.3750758523800206
2014-07-15,41.624443,-70.90544,2.767173482952387
2014-07-16,41.624443,-70.90544,39.589727502124106
2014-07-17,41.624443,-70.90544,4.36945760882873
2014-07-18,41.624443,-70.90544,0.0
2014-07-19,41.624443,-70.90544,0.04592678892093227
2014-07-20,41.624443,-70.90544,6.189465811207827
2014-07-21,41.624443,-70.90544,0.10394945229561262
2014-07-22,41.624443,-70.90544,0.0
2014-07-23,41.624443,-70.90544,0.003985657575065448
2014-07-24,41.624443,-70.90544,1.4834931980532602
2014-07-25,41.624443,-70.90544,0.009210114197134231
2014-07-26,41.624443,-70.90544,1.9966551124923577
2014-07-27,41.624443,-70.90544,1.8721706230005137
2014-07-28,41.624443,-70.90544,1.4756843725987132
2014-07-29,41.624443,-70.90544,0.0
2014-07-30,41.624443,-70.90544,0.0
2014-07-31,41.624443,-70.90544,0.0
2014-08-01,41.624443,-70.90544,0.43594112823597003
2014-08-02,41.624443,-70.90544,53.70320441754838
2014-08-03,41.624443,-70.90544,5.741711801691135
2014-08-04,41.624443,-70.90544,0.22051964696873896
2014-08-05,41.624443,-70.90544,0.0011387592768600633
2014-08-06,41.624443,-70.90544,1.0603521540729393
2014-08-07,41.624443,-70.90544,0.8742817404839207
2014-08-08,41.624443,-70.90544,0.0
2014-08-09,41.624443,-70.90544,0.014169406132297866
2014-08-10,41.624443,-70.90544,0.023379520329432104
2014-08-11,41.624443,-70.90544,0.0
2014-08-12,41.624443,-70.90544,0.0
2014-08-13,41.624443,-70.90544,12.899445195998918
2014-08-14,41.624443,-70.90544,0.0
2014-08-15,41.624443,-70.90544,0.011387592344379732
2014-08-16,41.624443,-70.90544,0.02505270451514229
2014-08-17,41.624443,-70.90544,0.359078673780941
2014-08-18,41.624443,-70.90544,0.011956973149417238
2014-08-19,41.624443,-70.90544,0.0
2014-08-20,41.624443,-70.90544,0.0
2014-08-21,41.624443,-70.90544,0.0
2014-08-22,41.624443,-70.90544,0.4894497149861101
2014-08-23,41.624443,-70.90544,0.10921096587858059
2014-08-24,41.624443,-70.90544,0.6214523874015692
2014-08-25,41.624443,-70.90544,0.0
2014-08-26,41.624443,-70.90544,0.0
2014-08-27,41.624443,-70.90544,0.0
2014-08-28,41.624443,-70.90544,0.007670295793416913
2014-08-29,41.624443,-70.90544,0.0
2014-08-30,41.624443,-70.90544,0.0
2014-08-31,41.624443,-70.90544,0.08697495418596062
2014-09-01,41.624443,-70.90544,3.917546907346521
2014-09-02,41.624443,-70.90544,0.02586312563708633
2014-09-03,41.624443,-70.90544,0.0016585017186548227
2014-09-04,41.624443,-70.90544,0.0
2014-09-05,41.624443,-70.90544,0.0007084703330074706
2014-09-06,41.624443,-70.90544,0.046510226484226556
2014-09-07,41.624443,-70.90544,1.690138964064241
2014-09-08,41.624443,-70.90544,0.005380651635458611
2014-09-09,41.624443,-70.90544,0.8843170061147281
2014-09-10,41.624443,-70.90544,0.0
2014-09-11,41.624443,-70.90544,0.042977462252572776
2014-09-12,41.624443,-70.90544,0.0021254109990224124
2014-09-13,41.624443,-70.90544,1.7579359134316013
2014-09-14,41.624443,-70.90544,3.0380601675591143
2014-09-15,41.624443,-70.90544,0.0
2014-09-16,41.624443,-70.90544,0.04637050051531894
2014-09-17,41.624443,-70.90544,0.0
2014-09-18,41.624443,-70.90544,0.0
2014-09-19,41.624443,-70.90544,0.0
2014-09-20,41.624443,-70.90544,0.0
2014-09-21,41.624443,-70.90544,0.23896365968665406
2014-09-22,41.624443,-70.90544,0.04822665748463314
2014-09-23,41.624443,-70.90544,0.0039108778080165
2014-09-24,41.624443,-70.90544,0.0
2014-09-25,41.624443,-70.90544,10.735070231775158
2014-09-26,41.624443,-70.90544,2.115035096062135
2014-09-27,41.624443,-70.90544,0.0
2014-09-28,41.624443,-70.90544,0.0
2014-09-29,41.624443,-70.90544,0.3961195424851057
2014-09-30,41.624443,-70.90544,4.970448878545877
2014-10-01,41.624443,-70.90544,29.716770648691057
2014-10-02,41.624443,-70.90544,1.688762924560813
2014-10-03,41.624443,-70.90544,0.0312896129682376
2014-10-04,41.624443,-70.90544,1.0119674904744587
2014-10-05,41.624443,-70.90544,0.25981876645737884
2014-10-06,41.624443,-70.90544,0.0
2014-10-07,41.624443,-70.90544,0.0
2014-10-08,41.624443,-70.90544,12.355199171992764
2014-10-09,41.624443,-70.90544,0.0
2014-10-10,41.624443,-70.90544,0.03164613192006392
2014-10-11,41.624443,-70.90544,23.667457224604686
2014-10-12,41.624443,-70.90544,0.0
2014-10-13,41.624443,-70.90544,0.0
2014-10-14,41.624443,-70.90544,0.03686649135237011
2014-10-15,41.624443,-70.90544,0.0
2014-10-16,41.624443,-70.90544,31.19666932747389
2014-10-17,41.624443,-70.90544,8.323306829257941
2014-10-18,41.624443,-70.90544,0.0
2014-10-19,41.624443,-70.90544,0.0
2014-10-20,41.624443,-70.90544,0.0020636481981489664
2014-10-21,41.624443,-70.90544,0.1365019569311087
2014-10-22,41.624443,-70.90544,10.76908282302047
2014-10-23,41.624443,-70.90544,10.40942351179129
2014-10-24,41.624443,-70.90544,0.18813596363924417
2014-10-25,41.624443,-70.90544,0.12202868008149752
2014-10-26,41.624443,-70.90544,0.04672944681540999
2014-10-27,41.624443,-70.90544,0.0
2014-10-28,41.624443,-70.90544,0.0021254109990224124
2014-10-29,41.624443,-70.90544,0.09248621495003176
2014-10-30,41.624443,-70.90544,0.17725392667733894
2014-10-31,41.624443,-70.90544,0.11438194601897962
2014-11-01,41.624443,-70.90544,11.033455227885504
2014-11-02,41.624443,-70.90544,44.33499787449611
2014-11-03,41.624443,-70.90544,0.0
2014-11-04,41.624443,-70.90544,1.741407460270045
2014-11-05,41.624443,-70.90544,3.396894820462413
2014-11-06,41.624443,-70.90544,9.93365292033075
2014-11-07,41.624443,-70.90544,10.570341941516789
2014-11-08,41.624443,-70.90544,0.0
2014-11-09,41.624443,-70.90544,0.5577334916360328
2014-11-10,41.624443,-70.90544,0.03517470111009015
2014-11-11,41.624443,-70.90544,0.0
2014-11-12,41.624443,-70.90544,0.0
2014-11-13,41.624443,-70.90544,0.047010408855661726
2014-11-14,41.624443,-70.90544,8.549413786728993
2014-11-15,41.624443,-70.90544,0.0
2014-11-16,41.624443,-70.90544,0.09541109059194243
2014-11-17,41.624443,-70.90544,24.288418223986273
2014-11-18,41.624443,-70.90544,5.364995563743958
2014-11-19,41.624443,-70.90544,0.01105185378811075
2014-11-20,41.624443,-70.90544,0.006190944594446897
2014-11-21,41.624443,-70.90544,0.016694473471464744
2014-11-22,41.624443,-70.90544,0.06259192448408325
2014-11-23,41.624443,-70.90544,1.1853915170802904
2014-11-24,41.624443,-70.90544,10.628133402747483
2014-11-25,41.624443,-70.90544,2.4379712692155944
2014-11-26,41.624443,-70.90544,48.02401280034473
2014-11-27,41.624443,-70.90544,11.05423762706914
2014-11-28,41.624443,-70.90544,0.00981127188526987
2014-11-29,41.624443,-70.90544,0.0
2014-11-30,41.624443,-70.90544,0.1262573014307342
2014-12-01,41.624443,-70.90544,0.08374549752839813
2014-12-02,41.624443,-70.90544,4.236412076734787
2014-12-03,41.624443,-70.90544,4.936298366581564
2014-12-04,41.624443,-70.90544,0.0
2014-12-05,41.624443,-70.90544,0.05733095577468844
2014-12-06,41.624443,-70.90544,20.330228267318557
2014-12-07,41.624443,-70.90544,32.65946762307196
2014-12-08,41.624443,-70.90544,0.28075245907187635
2014-12-09,41.624443,-70.90544,73.54519676779164
2014-12-10,41.624443,-70.90544,5.206258991162881
2014-12-11,41.624443,-70.90544,0.01749866049424669
2014-12-12,41.624443,-70.90544,0.044779544241240046
2014-12-13,41.624443,-70.90544,0.0
2014-12-14,41.624443,-70.90544,0.0
2014-12-15,41.624443,-70.90544,0.0
2014-12-16,41.624443,-70.90544,0.6947319546354255
2014-12-17,41.624443,-70.90544,3.4691091140636967
2014-12-18,41.624443,-70.90544,0.1826633657973619
2014-12-19,41.624443,-70.90544,0.03018234573846004
2014-12-20,41.624443,-70.90544,0.0
2014-12-21,41.624443,-70.90544,0.04579962038011974
2014-12-22,41.624443,-70.90544,0.0
2014-12-23,41.624443,-70.90544,5.746648474799604
2014-12-24,41.624443,-70.90544,13.450364335566144
2014-12-25,41.624443,-70.90544,27.029364850578105
2014-12-26,41.624443,-70.90544,0.09736642455765343
2014-12-27,41.624443,-70.90544,0.0023669720516622935
2014-12-28,41.624443,-70.90544,3.603950352175966
2014-12-29,41.624443,-70.90544,0.9096600917100945
2014-12-30,41.624443,-70.90544,0.19497660073490075
2014-12-31,41.624443,-70.90544,0.0
2015-01-01,41.624443,-70.90544,0.07188898778141078
2015-01-02,41.624443,-70.90544,0.008112953547142482
2015-01-03,41.624443,-70.90544,3.103459190731137
2015-01-04,41.624443,-70.90544,29.72989313225239
2015-01-05,41.624443,-70.90544,10.477094273263376
2015-01-06,41.624443,-70.90544,0.07205087402441573
2015-01-07,41.624443,-70.90544,0.0
2015-01-08,41.624443,-70.90544,0.0
2015-01-09,41.624443,-70.90544,0.4298863349242331
2015-01-10,41.624443,-70.90544,0.0
2015-01-11,41.624443,-70.90544,0.0
2015-01-12,41.624443,-70.90544,16.639824363896906
2015-01-13,41.624443,-70.90544,9.335925357537382
2015-01-14,41.624443,-70.90544,0.3021851483030164
2015-01-15,41.624443,-70.90544,0.05856797476254588
2015-01-16,41.624443,-70.90544,0.1418199068777835
2015-01-17,41.624443,-70.90544,0.0
2015-01-18,41.624443,-70.90544,0.6724153802217442
2015-01-19,41.624443,-70.90544,17.053338050593172
2015-01-20,41.624443,-70.90544,0.0
2015-01-21,41.624443,-70.90544,0.0014169406660149411
2015-01-22,41.624443,-70.90544,0.09377858057971217
2015-01-23,41.624443,-70.90544,0.0
2015-01-24,41.624443,-70.90544,24.643736480127615
2015-01-25,41.624443,-70.90544,0.1298332616718554
2015-01-26,41.624443,-70.90544,0.87897685446823
2015-01-27,41.624443,-70.90544,12.370639983252984
2015-01-28,41.624443,-70.90544,0.03657579111506728
2015-01-29,41.624443,-70.90544,0.0
2015-01-30,41.624443,-70.90544,1.5242615327497007
2015-01-31,41.624443,-70.90544,0.0
2015-02-01,41.624443,-70.90544,0.0
2015-02-02,41.624443,-70.90544,13.925002080337462
2015-02-03,41.624443,-70.90544,0.08933159800329092
2015-02-04,41.624443,-70.90544,0.0
2015-02-05,41.624443,-70.90544,0.20125799074688824
2015-02-06,41.624443,-70.90544,0.0
2015-02-07,41.624443,-70.90544,0.26198967881679214
2015-02-08,41.624443,-70.90544,2.248939376991253
2015-02-09,41.624443,-70.90544,8.803690670507107
2015-02-10,41.624443,-70.90544,0.28433942320092165
2015-02-11,41.624443,-70.90544,0.0
2015-02-12,41.624443,-70.90544,0.018572833398956257
2015-02-13,41.624443,-70.90544,0.0
2015-02-14,41.624443,-70.90544,2.2038392082763925
2015-02-15,41.624443,-70.90544,1.8591479081021864
2015-02-16,41.624443,-70.90544,0.0
2015-02-17,41.624443,-70.90544,0.07354280266894131
2015-02-18,41.624443,-70.90544,0.0
2015-02-19,41.624443,-70.90544,0.0
2015-02-20,41.624443,-70.90544,0.0
2015-02-21,41.624443,-70.90544,0.9585443107352289
2015-02-22,41.624443,-70.90544,40.62042883924547
2015-02-23,41.624443,-70.90544,0.06804160135712678
2015-02-24,41.624443,-70.90544,0.0
2015-02-25,41.624443,-70.90544,0.5771754302932398
2015-02-26,41.624443,-70.90544,3.2979001234022576
2015-02-27,41.624443,-70.90544,0.0017081389152900956
2015-02-28,41.624443,-70.90544,0.0
2015-03-01,41.624443,-70.90544,3.958408519928844
2015-03-02,41.624443,-70.90544,4.181689354715535
2015-03-03,41.624443,-70.90544,0.7274407352142779
2015-03-04,41.624443,-70.90544,16.370716854177605
2015-03-05,41.624443,-70.90544,21.43857367619005
2015-03-06,41.624443,-70.90544,1.7803733254708518
2015-03-07,41.624443,-70.90544,0.0761998891187281
2015-03-08,41.624443,-70.90544,0.0033170034373096453
2015-03-09,41.624443,-70.90544,0.0
2015-03-10,41.624443,-70.90544,1.6874626020354089
2015-03-11,41.624443,-70.90544,9.797660691537672
2015-03-12,41.624443,-70.90544,0.0020636481981489664
2015-03-13,41.624443,-70.90544,0.008957966660182795
2015-03-14,41.624443,-70.90544,29.735852525573904
2015-03-15,41.624443,-70.90544,4.626289981834969
2015-03-16,41.624443,-70.90544,0.03236697105322407
2015-03-17,41.624443,-70.90544,3.7006585355900072
2015-03-18,41.624443,-70.90544,0.010527014032453649
2015-03-19,41.624443,-70.90544,0.0012778499714375022
2015-03-20,41.624443,-70.90544,1.5148817159052184
2015-03-21,41.624443,-70.90544,1.188965743363109
2015-03-22,41.624443,-70.90544,0.0033170034373096453
2015-03-23,41.624443,-70.90544,0.018243519214123077
2015-03-24,41.624443,-70.90544,0.05531146613292906
2015-03-25,41.624443,-70.90544,0.20017023478093565
2015-03-26,41.624443,-70.90544,7.4122499877875665
2015-03-27,41.624443,-70.90544,5.941524641337559
2015-03-28,41.624443,-70.90544,4.6272866003142195
2015-03-29,41.624443,-70.90544,0.0
2015-03-30,41.624443,-70.90544,1.0404682020614335
2015-03-31,41.624443,-70.90544,0.01521577052092368
2015-04-01,41.624443,-70.90544,0.1057649470585305
2015-04-02,41.624443,-70.90544,0.09200364074629044
2015-04-03,41.624443,-70.90544,16.18517201849222
2015-04-04,41.624443,-70.90544,4.543654185997867
2015-04-05,41.624443,-70.90544,0.0676129807691623
2015-04-06,41.624443,-70.90544,0.34390540878036463
2015-04-07,41.624443,-70.90544,4.58508233994117
2015-04-08,41.624443,-70.90544,0.837514578219712
2015-04-09,41.624443,-70.90544,3.0186015488395896
2015-04-10,41.624443,-70.90544,3.372742513096818
2015-04-11,41.624443,-70.90544,0.030974525628891563
2015-04-12,41.624443,-70.90544,0.0
2015-04-13,41.624443,-70.90544,0.0
2015-04-14,41.624443,-70.90544,1.6991625977640403
2015-04-15,41.624443,-70.90544,6.711159047868581
2015-04-16,41.624443,-70.90544,0.0
2015-04-17,41.624443,-70.90544,7.118040332854887
2015-04-18,41.624443,-70.90544,0.0
2015-04-19,41.624443,-70.90544,0.0
2015-04-20,41.624443,-70.90544,8.081783928546823
2015-04-21,41.624443,-70.90544,1.6577178651402056
2015-04-22,41.624443,-70.90544,0.0007084703330074706
2015-04-23,41.624443,-70.90544,0.4469601385932924
2015-04-24,41.624443,-70.90544,0.0028338813320298822
2015-04-25,41.624443,-70.90544,0.0
2015-04-26,41.624443,-70.90544,0.0
2015-04-27,41.624443,-70.90544,1.146690737925255
2015-04-28,41.624443,-70.90544,0.06756288776257077
2015-04-29,41.624443,-70.90544,0.6343302751014852
2015-04-30,41.624443,-70.90544,0.4161255086984287
2015-05-01,41.624443,-70.90544,0.2546001895044551
2015-05-02,41.624443,-70.90544,0.0
2015-05-03,41.624443,-70.90544,0.18241181394278808
2015-05-04,41.624443,-70.90544,0.0
2015-05-05,41.624443,-70.90544,0.8911137639921682
2015-05-06,41.624443,-70.90544,2.423358319096044
2015-05-07,41.624443,-70.90544,0.0
2015-05-08,41.624443,-70.90544,0.0
2015-05-09,41.624443,-70.90544,0.0
2015-05-10,41.624443,-70.90544,0.251523519303826
2015-05-11,41.624443,-70.90544,0.0
2015-05-12,41.624443,-70.90544,0.12522930243727365
2015-05-13,41.624443,-70.90544,0.010818213236225825
2015-05-14,41.624443,-70.90544,0.8591038809955974
2015-05-15,41.624443,-70.90544,0.027038505559381414
2015-05-16,41.624443,-70.90544,1.4864196371026237
2015-05-17,41.624443,-70.90544,3.778035355171335
2015-05-18,41.624443,-70.90544,0.017452218875165015
2015-05-19,41.624443,-70.90544,7.736541284454133
2015-05-20,41.624443,-70.90544,11.401486030443241
2015-05-21,41.624443,-70.90544,2.7187616957049636
2015-05-22,41.624443,-70.90544,7.713417385448929
2015-05-23,41.624443,-70.90544,0.0
2015-05-24,41.624443,-70.90544,0.0
2015-05-25,41.624443,-70.90544,0.6376390652771122
2015-05-26,41.624443,-70.90544,1.505517312947071
2015-05-27,41.624443,-70.90544,0.7792412261333668
2015-05-28,41.624443,-70.90544,0.6835326424065743
2015-05-29,41.624443,-70.90544,0.0
2015-05-30,41.624443,-70.90544,0.16144404634794782
2015-05-31,41.624443,-70.90544,0.028966905757601975
2015-06-01,41.624443,-70.90544,1.1659473454358722
2015-06-02,41.624443,-70.90544,14.511091616674427
2015-06-03,41.624443,-70.90544,1.0597601580322509
2015-06-04,41.624443,-70.90544,0.008050947540634233
2015-06-05,41.624443,-70.90544,1.2880986669648795
2015-06-06,41.624443,-70.90544,0.2860841712209281
2015-06-07,41.624443,-70.90544,0.0
2015-06-08,41.624443,-70.90544,0.4032344041490031
2015-06-09,41.624443,-70.90544,0.381862559462112
2015-06-10,41.624443,-70.90544,0.0
2015-06-11,41.624443,-70.90544,0.09450146842720575
2015-06-12,41.624443,-70.90544,0.24102117067751608
2015-06-13,41.624443,-70.90544,0.355593434342039
2015-06-14,41.624443,-70.90544,0.004975505155964468
2015-06-15,41.624443,-70.90544,30.087222891853937
2015-06-16,41.624443,-70.90544,0.9530701081614419
2015-06-17,41.624443,-70.90544,0.7914167490064988
2015-06-18,41.624443,-70.90544,0.011026711323752299
2015-06-19,41.624443,-70.90544,0.603516197352783
2015-06-20,41.624443,-70.90544,0.0028338813320298822
2015-06-21,41.624443,-70.90544,14.167327867662781
2015-06-22,41.624443,-70.90544,0.009918584926030363
2015-06-23,41.624443,-70.90544,9.395191567351112
2015-06-24,41.624443,-70.90544,7.245206702978107
2015-06-25,41.624443,-70.90544,0.00902482592647678
2015-06-26,41.624443,-70.90544,1.6825585453276093
2015-06-27,41.624443,-70.90544,3.654090408543035
2015-06-28,41.624443,-70.90544,23.145651448715416
2015-06-29,41.624443,-70.90544,0.0049592924630151814
2015-06-30,41.624443,-70.90544,0.0
2015-07-01,41.624443,-70.90544,18.943820829717914
2015-07-02,41.624443,-70.90544,0.40083957498921247
2015-07-03,41.624443,-70.90544,2.7948184552979445
2015-07-04,41.624443,-70.90544,0.3225825639134391
2015-07-05,41.624443,-70.90544,0.025691895252263335
2015-07-06,41.624443,-70.90544,0.0
2015-07-07,41.624443,-70.90544,0.061865095214758734
2015-07-08,41.624443,-70.90544,2.420417892082523
2015-07-09,41.624443,-70.90544,0.162365934221869
2015-07-10,41.624443,-70.90544,1.3112520527402076
2015-07-11,41.624443,-70.90544,0.021254109198446804
2015-07-12,41.624443,-70.90544,0.0
2015-07-13,41.624443,-70.90544,1.8054556426529877
2015-07-14,41.624443,-70.90544,0.8934314693771348
2015-07-15,41.624443,-70.90544,1.6537204565638615
2015-07-16,41.624443,-70.90544,0.31129398825070914
2015-07-17,41.624443,-70.90544,0.0
2015-07-18,41.624443,-70.90544,0.5935353964533902
2015-07-19,41.624443,-70.90544,0.08595540016995269
2015-07-20,41.624443,-70.90544,2.035417710613172
2015-07-21,41.624443,-70.90544,0.8448305802537275
2015-07-22,41.624443,-70.90544,0.13619553515945626
2015-07-23,41.624443,-70.90544,0.0
2015-07-24,41.624443,-70.90544,0.026921872918209657
2015-07-25,41.624443,-70.90544,0.06307270435903868
2015-07-26,41.624443,-70.90544,0.8898037153125432
2015-07-27,41.624443,-70.90544,22.798035124636698
2015-07-28,41.624443,-70.90544,8.027632581029442
2015-07-29,41.624443,-70.90544,0.0
2015-07-30,41.624443,-70.90544,0.5966089284499805
2015-07-31,41.624443,-70.90544,4.033766000706171
2015-08-01,41.624443,-70.90544,0.0
2015-08-02,41.624443,-70.90544,0.0
2015-08-03,41.624443,-70.90544,0.0
2015-08-04,41.624443,-70.90544,27.321010526402127
2015-08-05,41.624443,-70.90544,0.03317003313741636
2015-08-06,41.624443,-70.90544,0.0
2015-08-07,41.624443,-70.90544,0.298974185239274
2015-08-08,41.624443,-70.90544,0.10713939511744969
2015-08-09,41.624443,-70.90544,0.5184657355375311
2015-08-10,41.624443,-70.90544,0.0
2015-08-11,41.624443,-70.90544,54.864421198783475
2015-08-12,41.624443,-70.90544,1.1577822572234995
2015-08-13,41.624443,-70.90544,0.0
2015-08-14,41.624443,-70.90544,0.0
2015-08-15,41.624443,-70.90544,0.024483325406988384
2015-08-16,41.624443,-70.90544,0.38929626004865425
2015-08-17,41.624443,-70.90544,0.0
2015-08-18,41.624443,-70.90544,0.0
2015-08-19,41.624443,-70.90544,0.0
2015-08-20,41.624443,-70.90544,0.03131588149236967
2015-08-21,41.624443,-70.90544,0.2740105766360639
2015-08-22,41.624443,-70.90544,3.0452470344104086
2015-08-23,41.624443,-70.90544,0.018320188412014736
2015-08-24,41.624443,-70.90544,0.15689607665735822
2015-08-25,41.624443,-70.90544,0.08919665090705645
2015-08-26,41.624443,-70.90544,3.9153345734348384
2015-08-27,41.624443,-70.90544,0.0
2015-08-28,41.624443,-70.90544,0.0
2015-08-29,41.624443,-70.90544,0.0
2015-08-30,41.624443,-70.90544,0.3189652715333574
2015-08-31,41.624443,-70.90544,0.19400573513822741
2015-09-01,41.624443,-70.90544,0.0
2015-09-02,41.624443,-70.90544,0.0
2015-09-03,41.624443,-70.90544,0.0
2015-09-04,41.624443,-70.90544,0.05170495104461439
2015-09-05,41.624443,-70.90544,0.0
2015-09-06,41.624443,-70.90544,0.0
2015-09-07,41.624443,-70.90544,0.0
2015-09-08,41.624443,-70.90544,0.0
2015-09-09,41.624443,-70.90544,0.0
2015-09-10,41.624443,-70.90544,36.11168335679051
2015-09-11,41.624443,-70.90544,23.659467047366302
2015-09-12,41.624443,-70.90544,0.03317003313741636
2015-09-13,41.624443,-70.90544,11.588992942560896
2015-09-14,41.624443,-70.90544,0.03644029685952203
2015-09-15,41.624443,-70.90544,0.0
2015-09-16,41.624443,-70.90544,0.0
2015-09-17,41.624443,-70.90544,0.0
2015-09-18,41.624443,-70.90544,0.0
2015-09-19,41.624443,-70.90544,0.0
2015-09-20,41.624443,-70.90544,0.0
2015-09-21,41.624443,-70.90544,0.0
2015-09-22,41.624443,-70.90544,0.7414894331502601
2015-09-23,41.624443,-70.90544,0.0
2015-09-24,41.624443,-70.90544,0.0
2015-09-25,41.624443,-70.90544,0.0
2015-09-26,41.624443,-70.90544,0.025534011896052946
2015-09-27,41.624443,-70.90544,0.0
2015-09-28,41.624443,-70.90544,0.0
2015-09-29,41.624443,-70.90544,0.05663654571392427
2015-09-30,41.624443,-70.90544,56.76359471239756
2015-10-01,41.624443,-70.90544,2.449213097989517
2015-10-02,41.624443,-70.90544,24.070353519935242
2015-10-03,41.624443,-70.90544,0.8518563939455766
2015-10-04,41.624443,-70.90544,0.0
2015-10-05,41.624443,-70.90544,0.13147782399239627
2015-10-06,41.624443,-70.90544,0.0
2015-10-07,41.624443,-70.90544,0.03111093243682789
2015-10-08,41.624443,-70.90544,0.0
2015-10-09,41.624443,-70.90544,7.954268328628843
2015-10-10,41.624443,-70.90544,1.8868989070895432
2015-10-11,41.624443,-70.90544,0.0
2015-10-12,41.624443,-70.90544,0.0
2015-10-13,41.624443,-70.90544,17.505377886996033
2015-10-14,41.624443,-70.90544,0.0
2015-10-15,41.624443,-70.90544,0.0
2015-10-16,41.624443,-70.90544,2.9205018412404797
2015-10-17,41.624443,-70.90544,0.0056677626640597644
2015-10-18,41.624443,-70.90544,0.0
2015-10-19,41.624443,-70.90544,0.0
2015-10-20,41.624443,-70.90544,0.09910854858389798
2015-10-21,41.624443,-70.90544,0.4103233777795186
2015-10-22,41.624443,-70.90544,0.335283609755706
2015-10-23,41.624443,-70.90544,0.21910485253222356
2015-10-24,41.624443,-70.90544,0.0
2015-10-25,41.624443,-70.90544,2.272787843567277
2015-10-26,41.624443,-70.90544,0.0
2015-10-27,41.624443,-70.90544,0.019864105132099647
2015-10-28,41.624443,-70.90544,2.994503704006017
2015-10-29,41.624443,-70.90544,29.271016736354753
2015-10-30,41.624443,-70.90544,0.0
2015-10-31,41.624443,-70.90544,0.0
2015-11-01,41.624443,-70.90544,11.013324472260479
2015-11-02,41.624443,-70.90544,0.0
2015-11-03,41.624443,-70.90544,0.0
2015-11-04,41.624443,-70.90544,0.0
2015-11-05,41.624443,-70.90544,0.008861888231704146
2015-11-06,41.624443,-70.90544,0.4058655194797713
2015-11-07,41.624443,-70.90544,1.0951416458500967
2015-11-08,41.624443,-70.90544,0.4235926822362457
2015-11-09,41.624443,-70.90544,0.0
2015-11-10,41.624443,-70.90544,21.465883069163638
2015-11-11,41.624443,-70.90544,1.6217309917015337
2015-11-12,41.624443,-70.90544,5.199040786581787
2015-11-13,41.624443,-70.90544,0.8536785525109757
2015-11-14,41.624443,-70.90544,0.0
2015-11-15,41.624443,-70.90544,0.0
2015-11-16,41.624443,-70.90544,0.5220717388382694
2015-11-17,41.624443,-70.90544,0.0
2015-11-18,41.624443,-70.90544,0.0
2015-11-19,41.624443,-70.90544,0.9706412728614022
2015-11-20,41.624443,-70.90544,14.029343252388102
2015-11-21,41.624443,-70.90544,0.0
2015-11-22,41.624443,-70.90544,31.065108164516595
2015-11-23,41.624443,-70.90544,18.956057916829756
2015-11-24,41.624443,-70.90544,0.0
2015-11-25,41.624443,-70.90544,0.0
2015-11-26,41.624443,-70.90544,0.0
2015-11-27,41.624443,-70.90544,0.0
2015-11-28,41.624443,-70.90544,1.5083897439125753
2015-11-29,41.624443,-70.90544,0.24986391236348207
2015-11-30,41.624443,-70.90544,0.0
2015-12-01,41.624443,-70.90544,16.950941918390054
2015-12-02,41.624443,-70.90544,11.781685185833354
2015-12-03,41.624443,-70.90544,4.588373626847346
2015-12-04,41.624443,-70.90544,0.0
2015-12-05,41.624443,-70.90544,0.0
2015-12-06,41.624443,-70.90544,0.0
2015-12-07,41.624443,-70.90544,0.0
2015-12-08,41.624443,-70.90544,3.3209910010937795
2015-12-09,41.624443,-70.90544,0.0
2015-12-10,41.624443,-70.90544,0.01602391876217838
2015-12-11,41.624443,-70.90544,0.6875946295783059
2015-12-12,41.624443,-70.90544,0.010318240606360392
2015-12-13,41.624443,-70.90544,0.129919327594465
2015-12-14,41.624443,-70.90544,2.365695314183217
2015-12-15,41.624443,-70.90544,13.450376032807158
2015-12-16,41.624443,-70.90544,0.0
2015-12-17,41.624443,-70.90544,26.882301902168024
2015-12-18,41.624443,-70.90544,12.164091109386144
2015-12-19,41.624443,-70.90544,0.010248833279630118
2015-12-20,41.624443,-70.90544,0.05438846710239235
2015-12-21,41.624443,-70.90544,0.556524923841329
2015-12-22,41.624443,-70.90544,7.9856579069538025
2015-12-23,41.624443,-70.90544,6.901691324038061
2015-12-24,41.624443,-70.90544,36.649039780838784
2015-12-25,41.624443,-70.90544,1.2078908439446987
2015-12-26,41.624443,-70.90544,1.8502834387775293
2015-12-27,41.624443,-70.90544,3.1042572309066885
2015-12-28,41.624443,-70.90544,3.3490675797749714
2015-12-29,41.624443,-70.90544,28.19187924187102
2015-12-30,41.624443,-70.90544,0.01485836083424574
2015-12-31,41.624443,-70.90544,3.651891105140464
2016-01-01,41.624443,-70.90544,0.15197481888974262
2016-01-02,41.624443,-70.90544,0.0
2016-01-03,41.624443,-70.90544,0.0
2016-01-04,41.624443,-70.90544,0.0
2016-01-05,41.624443,-70.90544,0.0
2016-01-06,41.624443,-70.90544,0.0
2016-01-07,41.624443,-70.90544,0.0017081389152900956
2016-01-08,41.624443,-70.90544,0.0
2016-01-09,41.624443,-70.90544,0.32886430416157036
2016-01-10,41.624443,-70.90544,57.55664194439386
2016-01-11,41.624443,-70.90544,0.01095730361263759
2016-01-12,41.624443,-70.90544,0.25380686122277796
2016-01-13,41.624443,-70.90544,1.9484328466521716
2016-01-14,41.624443,-70.90544,0.05143310814018604
2016-01-15,41.624443,-70.90544,0.01336255280536906
2016-01-16,41.624443,-70.90544,56.06708712937206
2016-01-17,41.624443,-70.90544,3.163520478889164
2016-01-18,41.624443,-70.90544,0.2682851441717376
2016-01-19,41.624443,-70.90544,0.38622275659675415
2016-01-20,41.624443,-70.90544,0.0
2016-01-21,41.624443,-70.90544,0.0
2016-01-22,41.624443,-70.90544,0.0005693796384300317
2016-01-23,41.624443,-70.90544,12.049913623676428
2016-01-24,41.624443,-70.90544,1.9977961996741818
2016-01-25,41.624443,-70.90544,0.0
2016-01-26,41.624443,-70.90544,0.2640953622779558
2016-01-27,41.624443,-70.90544,2.539437367175199
2016-01-28,41.624443,-70.90544,0.0
2016-01-29,41.624443,-70.90544,0.7630471653345567
2016-01-30,41.624443,-70.90544,0.0531750762837906
2016-01-31,41.624443,-70.90544,0.6062891050464227
2016-02-01,41.624443,-70.90544,1.1493990310927156
2016-02-02,41.624443,-70.90544,1.5132335331118347
2016-02-03,41.624443,-70.90544,6.777636988727105
2016-02-04,41.624443,-70.90544,26.07532558342976
2016-02-05,41.624443,-70.90544,68.95162871525736
2016-02-06,41.624443,-70.90544,0.0016585017186548227
2016-02-07,41.624443,-70.90544,0.003722149916803789
2016-02-08,41.624443,-70.90544,14.823818549620697
2016-02-09,41.624443,-70.90544,0.15618416128174206
2016-02-10,41.624443,-70.90544,0.011606315959736638
2016-02-11,41.624443,-70.90544,0.0
2016-02-12,41.624443,-70.90544,0.007747623687120904
2016-02-13,41.624443,-70.90544,0.01323737061117844
2016-02-14,41.624443,-70.90544,0.0
2016-02-15,41.624443,-70.90544,0.05941900648664098
2016-02-16,41.624443,-70.90544,24.809171305331393
2016-02-17,41.624443,-70.90544,3.0769644623758436
2016-02-18,41.624443,-70.90544,0.026257551564409967
2016-02-19,41.624443,-70.90544,0.002694790637452444
2016-02-20,41.624443,-70.90544,0.24290339037179395
2016-02-21,41.624443,-70.90544,0.21065516617909769
2016-02-22,41.624443,-70.90544,0.8547780868933306
2016-02-23,41.624443,-70.90544,0.6270953809787357
2016-02-24,41.624443,-70.90544,6.299836586446313
2016-02-25,41.624443,-70.90544,9.373966515672057
2016-02-26,41.624443,-70.90544,0.06332043362027855
2016-02-27,41.624443,-70.90544,0.013778168058639535
2016-02-28,41.624443,-70.90544,0.32689840862740827
2016-02-29,41.624443,-70.90544,1.1066656082072206
2016-03-01,41.624443,-70.90544,0.006190944594446897
2016-03-02,41.624443,-70.90544,6.488615048818482
2016-03-03,41.624443,-70.90544,0.08781001109733966
2016-03-04,41.624443,-70.90544,0.09603014990772939
2016-03-05,41.624443,-70.90544,2.1366267918684416
2016-03-06,41.624443,-70.90544,0.0
2016-03-07,41.624443,-70.90544,0.1135367246161093
2016-03-08,41.624443,-70.90544,0.10081723362507101
2016-03-09,41.624443,-70.90544,0.37442664458374786
2016-03-10,41.624443,-70.90544,7.695796533897957
2016-03-11,41.624443,-70.90544,9.868188118634661
2016-03-12,41.624443,-70.90544,0.014456410425598717
2016-03-13,41.624443,-70.90544,0.14888599112571585
2016-03-14,41.624443,-70.90544,28.47664302889972
2016-03-15,41.624443,-70.90544,17.612208892109514
2016-03-16,41.624443,-70.90544,0.03892121873223168
2016-03-17,41.624443,-70.90544,6.917658297398062
2016-03-18,41.624443,-70.90544,0.0048357667293054026
2016-03-19,41.624443,-70.90544,0.0
2016-03-20,41.624443,-70.90544,0.012911856425378058
2016-03-21,41.624443,-70.90544,1.876469640740145
2016-03-22,41.624443,-70.90544,0.0014169406660149411
2016-03-23,41.624443,-70.90544,1.6311099617688531
2016-03-24,41.624443,-70.90544,0.39975575695322835
2016-03-25,41.624443,-70.90544,2.1158644655769865
2016-03-26,41.624443,-70.90544,0.012500318325220146
2016-03-27,41.624443,-70.90544,0.0
2016-03-28,41.624443,-70.90544,8.793031881244477
2016-03-29,41.624443,-70.90544,0.05400887054107074
2016-03-30,41.624443,-70.90544,0.0011387592768600633
2016-03-31,41.624443,-70.90544,0.3172129869960669
2016-04-01,41.624443,-70.90544,5.713366777050288
2016-04-02,41.624443,-70.90544,18.64440198717002
2016-04-03,41.624443,-70.90544,4.476094942301759
2016-04-04,41.624443,-70.90544,7.433081175171445
2016-04-05,41.624443,-70.90544,0.533018073412952
2016-04-06,41.624443,-70.90544,0.09496063075810666
2016-04-07,41.624443,-70.90544,25.114614243832303
2016-04-08,41.624443,-70.90544,1.1841940966452946
2016-04-09,41.624443,-70.90544,0.0025556999428750045
2016-04-10,41.624443,-70.90544,0.013558563957512084
2016-04-11,41.624443,-70.90544,0.5364008700777408
2016-04-12,41.624443,-70.90544,13.619457180656948
2016-04-13,41.624443,-70.90544,0.0
2016-04-14,41.624443,-70.90544,0.0020636481981489664
2016-04-15,41.624443,-70.90544,0.0
2016-04-16,41.624443,-70.90544,0.0
2016-04-17,41.624443,-70.90544,0.0
2016-04-18,41.624443,-70.90544,0.015254334362603577
2016-04-19,41.624443,-70.90544,0.33557853583288944
2016-04-20,41.624443,-70.90544,0.0
2016-04-21,41.624443,-70.90544,0.019319857232315475
2016-04-22,41.624443,-70.90544,0.8671917020179523
2016-04-23,41.624443,-70.90544,9.516801388006947
2016-04-24,41.624443,-70.90544,0.0033170034373096453
2016-04-25,41.624443,-70.90544,1.1040432715033142
2016-04-26,41.624443,-70.90544,9.235855869556719
2016-04-27,41.624443,-70.90544,0.0259770737918409
2016-04-28,41.624443,-70.90544,0.5086898143854668
2016-04-29,41.624443,-70.90544,2.5129370477506376
2016-04-30,41.624443,-70.90544,0.27450375321755405
2016-05-01,41.624443,-70.90544,3.9826734060099596
2016-05-02,41.624443,-70.90544,1.8082803926393503
2016-05-03,41.624443,-70.90544,12.830870933174209
2016-05-04,41.624443,-70.90544,7.056637167653246
2016-05-05,41.624443,-70.90544,11.780315032233105
2016-05-06,41.624443,-70.90544,1.0820943926352937
2016-05-07,41.624443,-70.90544,1.3373428505310252
2016-05-08,41.624443,-70.90544,1.4442951745288206
2016-05-09,41.624443,-70.90544,0.0033170034373096453
2016-05-10,41.624443,-70.90544,0.0027721185311564366
2016-05-11,41.624443,-70.90544,0.0
2016-05-12,41.624443,-70.90544,0.0
2016-05-13,41.624443,-70.90544,4.750338143495168
2016-05-14,41.624443,-70.90544,3.8182329715008723
2016-05-15,41.624443,-70.90544,1.5847259599691963
2016-05-16,41.624443,-70.90544,0.0
2016-05-17,41.624443,-70.90544,0.5919656862175481
2016-05-18,41.624443,-70.90544,1.4041631887486672
2016-05-19,41.624443,-70.90544,1.1404299299151353
2016-05-20,41.624443,-70.90544,0.0
2016-05-21,41.624443,-70.90544,0.7557664886026124
2016-05-22,41.624443,-70.90544,9.85394990230596
2016-05-23,41.624443,-70.90544,0.11100706956789877
2016-05-24,41.624443,-70.90544,1.9653312354629127
2016-05-25,41.624443,-70.90544,0.10461729457562528
2016-05-26,41.624443,-70.90544,0.0
2016-05-27,41.624443,-70.90544,0.3603494272984279
2016-05-28,41.624443,-70.90544,0.616070663271725
2016-05-29,41.624443,-70.90544,0.0
2016-05-30,41.624443,-70.90544,15.748010527162146
2016-05-31,41.624443,-70.90544,9.20771807893498
2016-06-01,41.624443,-70.90544,0.0
2016-06-02,41.624443,-70.90544,0.005124416639815059
2016-06-03,41.624443,-70.90544,4.580304234799207
2016-06-04,41.624443,-70.90544,0.0054302888320938835
2016-06-05,41.624443,-70.90544,1.4891928826485046
2016-06-06,41.624443,-70.90544,1.4621828120438718
2016-06-07,41.624443,-70.90544,0.05214123289174883
2016-06-08,41.624443,-70.90544,1.1241808655259686
2016-06-09,41.624443,-70.90544,0.002846898086094933
2016-06-10,41.624443,-70.90544,0.0
2016-06-11,41.624443,-70.90544,2.5012909132129484
2016-06-12,41.624443,-70.90544,0.0011387592768600633
2016-06-13,41.624443,-70.90544,0.0
2016-06-14,41.624443,-70.90544,0.0011387592768600633
2016-06-15,41.624443,-70.90544,0.0
2016-06-16,41.624443,-70.90544,0.01763775171910025
2016-06-17,41.624443,-70.90544,0.0
2016-06-18,41.624443,-70.90544,0.0007084703330074706
2016-06-19,41.624443,-70.90544,0.0
2016-06-20,41.624443,-70.90544,0.0
2016-06-21,41.624443,-70.90544,15.569526372437657
2016-06-22,41.624443,-70.90544,0.026672771172913008
2016-06-23,41.624443,-70.90544,0.14155194020943823
2016-06-24,41.624443,-70.90544,0.0
2016-06-25,41.624443,-70.90544,0.0
2016-06-26,41.624443,-70.90544,0.0
2016-06-27,41.624443,-70.90544,0.0
2016-06-28,41.624443,-70.90544,2.434806075015187
2016-06-29,41.624443,-70.90544,0.5637293424359096
2016-06-30,41.624443,-70.90544,0.0
2016-07-01,41.624443,-70.90544,0.47944212851818657
2016-07-02,41.624443,-70.90544,14.145699497949606
2016-07-03,41.624443,-70.90544,0.0
2016-07-04,41.624443,-70.90544,0.10834664990688292
2016-07-05,41.624443,-70.90544,21.17399003560125
2016-07-06,41.624443,-70.90544,0.007971315150130895
2016-07-07,41.624443,-70.90544,0.4073081876834042
2016-07-08,41.624443,-70.90544,0.017098367389839168
2016-07-09,41.624443,-70.90544,0.3931701286838827
2016-07-10,41.624443,-70.90544,0.43214500210032825
2016-07-11,41.624443,-70.90544,0.09973448590895222
2016-07-12,41.624443,-70.90544,0.11900034220471693
2016-07-13,41.624443,-70.90544,0.09475779842402496
2016-07-14,41.624443,-70.90544,0.09911474349124189
2016-07-15,41.624443,-70.90544,0.07363459536245072
2016-07-16,41.624443,-70.90544,0.0144455377714272
2016-07-17,41.624443,-70.90544,1.218686312634547
2016-07-18,41.624443,-70.90544,0.037688406986332135
2016-07-19,41.624443,-70.90544,0.5368714774760018
2016-07-20,41.624443,-70.90544,0.0
2016-07-21,41.624443,-70.90544,0.0
2016-07-22,41.624443,-70.90544,0.011166449750411365
2016-07-23,41.624443,-70.90544,12.546987268296027
2016-07-24,41.624443,-70.90544,0.3028616859662379
2016-07-25,41.624443,-70.90544,0.21167172894600705
2016-07-26,41.624443,-70.90544,3.7955194555155463
2016-07-27,41.624443,-70.90544,0.0
2016-07-28,41.624443,-70.90544,0.0
2016-07-29,41.624443,-70.90544,15.861866191330448
2016-07-30,41.624443,-70.90544,0.02608977007421772
2016-07-31,41.624443,-70.90544,0.7138623423275142
2016-08-01,41.624443,-70.90544,14.2145589746959
2016-08-02,41.624443,-70.90544,3.624087485908254
2016-08-03,41.624443,-70.90544,0.0
2016-08-04,41.624443,-70.90544,0.0
2016-08-05,41.624443,-70.90544,0.0
2016-08-06,41.624443,-70.90544,0.06140710993364174
2016-08-07,41.624443,-70.90544,0.007821755616033
2016-08-08,41.624443,-70.90544,0.0
2016-08-09,41.624443,-70.90544,0.0
2016-08-10,41.624443,-70.90544,6.0549287228189455
2016-08-11,41.624443,-70.90544,0.04350802008055928
2016-08-12,41.624443,-70.90544,7.40394842526368
2016-08-13,41.624443,-70.90544,10.447625995652352
2016-08-14,41.624443,-70.90544,0.20516848077677624
2016-08-15,41.624443,-70.90544,0.0
2016-08-16,41.624443,-70.90544,1.0284855571458198
2016-08-17,41.624443,-70.90544,1.2964019860731137
2016-08-18,41.624443,-70.90544,0.8657978137960364
2016-08-19,41.624443,-70.90544,0.0
2016-08-20,41.624443,-70.90544,0.0
2016-08-21,41.624443,-70.90544,0.0
2016-08-22,41.624443,-70.90544,8.08365835655453
2016-08-23,41.624443,-70.90544,0.0
2016-08-24,41.624443,-70.90544,0.0012778499714375022
2016-08-25,41.624443,-70.90544,0.006634006874619291
2016-08-26,41.624443,-70.90544,0.15563375032390317
2016-08-27,41.624443,-70.90544,0.0
2016-08-28,41.624443,-70.90544,0.0
2016-08-29,41.624443,-70.90544,0.05517761323802618
2016-08-30,41.624443,-70.90544,0.0
2016-08-31,41.624443,-70.90544,1.208250286529715
2016-09-01,41.624443,-70.90544,20.90461135269842
2016-09-02,41.624443,-70.90544,0.0
2016-09-03,41.624443,-70.90544,0.280503424851734
2016-09-04,41.624443,-70.90544,0.0
2016-09-05,41.624443,-70.90544,7.9200551496356395
2016-09-06,41.624443,-70.90544,0.05880471116986104
2016-09-07,41.624443,-70.90544,0.0005693796384300317
2016-09-08,41.624443,-70.90544,0.0
2016-09-09,41.624443,-70.90544,0.3965388291690306
2016-09-10,41.624443,-70.90544,0.06281727299470269
2016-09-11,41.624443,-70.90544,0.006213538517175053
2016-09-12,41.624443,-70.90544,0.0
2016-09-13,41.624443,-70.90544,0.0
2016-09-14,41.624443,-70.90544,1.576519255231163
2016-09-15,41.624443,-70.90544,0.18964837487131614
2016-09-16,41.624443,-70.90544,0.0
2016-09-17,41.624443,-70.90544,0.0
2016-09-18,41.624443,-70.90544,0.185659946807236
2016-09-19,41.624443,-70.90544,18.787616893837143
2016-09-20,41.624443,-70.90544,2.0415284009544923
2016-09-21,41.624443,-70.90544,0.0
2016-09-22,41.624443,-70.90544,0.0014169406660149411
2016-09-23,41.624443,-70.90544,0.0
2016-09-24,41.624443,-70.90544,0.95592275379928
2016-09-25,41.624443,-70.90544,0.0
2016-09-26,41.624443,-70.90544,0.0
2016-09-27,41.624443,-70.90544,5.216688424593264
2016-09-28,41.624443,-70.90544,0.0021254109990224124
2016-09-29,41.624443,-70.90544,0.0
2016-09-30,41.624443,-70.90544,13.303316545694353
2016-10-01,41.624443,-70.90544,9.463019435581177
2016-10-02,41.624443,-70.90544,0.43008491803989896
2016-10-03,41.624443,-70.90544,0.07072084911257645
2016-10-04,41.624443,-70.90544,0.0
2016-10-05,41.624443,-70.90544,0.026213401133610436
2016-10-06,41.624443,-70.90544,0.0
2016-10-07,41.624443,-70.90544,0.0
2016-10-08,41.624443,-70.90544,1.3678089012301937
2016-10-09,41.624443,-70.90544,81.99347182249906
2016-10-10,41.624443,-70.90544,3.182169677721932
2016-10-11,41.624443,-70.90544,0.0
2016-10-12,41.624443,-70.90544,0.11491810945234869
2016-10-13,41.624443,-70.90544,0.0
2016-10-14,41.624443,-70.90544,0.0
2016-10-15,41.624443,-70.90544,0.0
2016-10-16,41.624443,-70.90544,0.0
2016-10-17,41.624443,-70.90544,0.1699110056356442
2016-10-18,41.624443,-70.90544,0.07983128450073168
2016-10-19,41.624443,-70.90544,0.0
2016-10-20,41.624443,-70.90544,0.0
2016-10-21,41.624443,-70.90544,0.16600244142706566
2016-10-22,41.624443,-70.90544,0.4722143950631144
2016-10-23,41.624443,-70.90544,0.02174564933675708
2016-10-24,41.624443,-70.90544,3.984705321613999
2016-10-25,41.624443,-70.90544,0.0
2016-10-26,41.624443,-70.90544,0.0048357667293054026
2016-10-27,41.624443,-70.90544,13.507720760081849
2016-10-28,41.624443,-70.90544,7.703424519390149
2016-10-29,41.624443,-70.90544,0.6695819466549615
2016-10-30,41.624443,-70.90544,5.189469604147455
2016-10-31,41.624443,-70.90544,6.637247747596827
2016-11-01,41.624443,-70.90544,0.0
2016-11-02,41.624443,-70.90544,0.004555037107440253
2016-11-03,41.624443,-70.90544,1.6376669084529594
2016-11-04,41.624443,-70.90544,0.3933549257530604
2016-11-05,41.624443,-70.90544,0.0
2016-11-06,41.624443,-70.90544,1.1655766692381277
2016-11-07,41.624443,-70.90544,0.0
2016-11-08,41.624443,-70.90544,0.57516910311307
2016-11-09,41.624443,-70.90544,1.7886366230060986
2016-11-10,41.624443,-70.90544,1.218054735681317
2016-11-11,41.624443,-70.90544,0.0
2016-11-12,41.624443,-70.90544,0.0
2016-11-13,41.624443,-70.90544,0.20223751957475428
2016-11-14,41.624443,-70.90544,0.23997643099819493
2016-11-15,41.624443,-70.90544,14.638598475173607
2016-11-16,41.624443,-70.90544,0.001986320304444973
2016-11-17,41.624443,-70.90544,0.0
2016-11-18,41.624443,-70.90544,0.0
2016-11-19,41.624443,-70.90544,0.047221497557911545
2016-11-20,41.624443,-70.90544,0.011101490878690798
2016-11-21,41.624443,-70.90544,0.22032311012341324
2016-11-22,41.624443,-70.90544,0.06732715335692396
2016-11-23,41.624443,-70.90544,0.0
2016-11-24,41.624443,-70.90544,1.2852493179045699
2016-11-25,41.624443,-70.90544,0.5618510174350442
2016-11-26,41.624443,-70.90544,0.011139406370449023
2016-11-27,41.624443,-70.90544,0.08622756228470582
2016-11-28,41.624443,-70.90544,0.0021254109990224124
2016-11-29,41.624443,-70.90544,59.67525303175569
2016-11-30,41.624443,-70.90544,14.57144604552746
2016-12-01,41.624443,-70.90544,3.9696605248360335
2016-12-02,41.624443,-70.90544,0.0
2016-12-03,41.624443,-70.90544,0.0
2016-12-04,41.624443,-70.90544,0.0
2016-12-05,41.624443,-70.90544,2.5809466538492907
2016-12-06,41.624443,-70.90544,0.0
2016-12-07,41.624443,-70.90544,1.6406251939539833
2016-12-08,41.624443,-70.90544,0.6712106629825239
2016-12-09,41.624443,-70.90544,0.0
2016-12-10,41.624443,-70.90544,0.0
2016-12-11,41.624443,-70.90544,0.0
2016-12-12,41.624443,-70.90544,10.120366237101452
2016-12-13,41.624443,-70.90544,0.0
2016-12-14,41.624443,-70.90544,0.07232201475556777
2016-12-15,41.624443,-70.90544,0.009084040494639956
2016-12-16,41.624443,-70.90544,0.0014169406660149411
2016-12-17,41.624443,-70.90544,16.88334476813136
2016-12-18,41.624443,-70.90544,15.801051406989934
2016-12-19,41.624443,-70.90544,0.9399413959614613
2016-12-20,41.624443,-70.90544,0.011335525328119529
2016-12-21,41.624443,-70.90544,0.05315458258190226
2016-12-22,41.624443,-70.90544,2.3562869715468353
2016-12-23,41.624443,-70.90544,0.0
2016-12-24,41.624443,-70.90544,18.51814841505262
2016-12-25,41.624443,-70.90544,0.0
2016-12-26,41.624443,-70.90544,0.2237126038288681
2016-12-27,41.624443,-70.90544,9.881029927110937
2016-12-28,41.624443,-70.90544,0.07722326194303905
2016-12-29,41.624443,-70.90544,9.812218809586584
2016-12-30,41.624443,-70.90544,0.3989383496281973
2016-12-31,41.624443,-70.90544,0.08025995120821969
2017-01-01,41.624443,-70.90544,5.95519932663375
2017-01-02,41.624443,-70.90544,2.7988053401357202
2017-01-03,41.624443,-70.90544,15.252075364302176
2017-01-04,41.624443,-70.90544,5.083547961017485
2017-01-05,41.624443,-70.90544,0.0028338813320298822
2017-01-06,41.624443,-70.90544,0.41163952338331466
2017-01-07,41.624443,-70.90544,19.88749273835864
2017-01-08,41.624443,-70.90544,0.0
2017-01-09,41.624443,-70.90544,0.0
2017-01-10,41.624443,-70.90544,0.17803393991586258
2017-01-11,41.624443,-70.90544,15.846823513562079
2017-01-12,41.624443,-70.90544,42.28153314740449
2017-01-13,41.624443,-70.90544,3.7239257252129567
2017-01-14,41.624443,-70.90544,0.0
2017-01-15,41.624443,-70.90544,0.05270784948133146
2017-01-16,41.624443,-70.90544,0.0007084703330074706
2017-01-17,41.624443,-70.90544,2.811934694336895
2017-01-18,41.624443,-70.90544,2.9597461943032433
2017-01-19,41.624443,-70.90544,0.45191171175012
2017-01-20,41.624443,-70.90544,0.0
2017-01-21,41.624443,-70.90544,0.6752714782969129
2017-01-22,41.624443,-70.90544,1.1477938683874747
2017-01-23,41.624443,-70.90544,5.4727419388061165
2017-01-24,41.624443,-70.90544,40.32737838848918
2017-01-25,41.624443,-70.90544,7.074362551426715
2017-01-26,41.624443,-70.90544,1.477308824158596
2017-01-27,41.624443,-70.90544,0.020636481212720784
2017-01-28,41.624443,-70.90544,0.0011387592768600633
2017-01-29,41.624443,-70.90544,0.0
2017-01-30,41.624443,-70.90544,0.0025556999428750045
2017-01-31,41.624443,-70.90544,0.17566724304705686
2017-02-01,41.624443,-70.90544,0.011999336941047833
2017-02-02,41.624443,-70.90544,0.0011387592768600633
2017-02-03,41.624443,-70.90544,0.0
2017-02-04,41.624443,-70.90544,0.008682333503738185
2017-02-05,41.624443,-70.90544,0.02005832321614064
2017-02-06,41.624443,-70.90544,0.0
2017-02-07,41.624443,-70.90544,9.095050210186415
2017-02-08,41.624443,-70.90544,2.7197729932448738
2017-02-09,41.624443,-70.90544,27.588831041359786
2017-02-10,41.624443,-70.90544,0.0483576654915905
2017-02-11,41.624443,-70.90544,0.27280585991306605
2017-02-12,41.624443,-70.90544,15.987627388858895
2017-02-13,41.624443,-70.90544,5.1029518547310655
2017-02-14,41.624443,-70.90544,0.0
2017-02-15,41.624443,-70.90544,7.340233719452308
2017-02-16,41.624443,-70.90544,0.0
2017-02-17,41.624443,-70.90544,0.03716737144317923
2017-02-18,41.624443,-70.90544,0.15658497406226374
2017-02-19,41.624443,-70.90544,0.30956174706468254
2017-02-20,41.624443,-70.90544,0.0
2017-02-21,41.624443,-70.90544,0.016294817263283166
2017-02-22,41.624443,-70.90544,3.1758380611077026
2017-02-23,41.624443,-70.90544,1.3236779823997358
2017-02-24,41.624443,-70.90544,1.276125937113934
2017-02-25,41.624443,-70.90544,0.1180096913474603
2017-02-26,41.624443,-70.90544,4.510674585339801
2017-02-27,41.624443,-70.90544,0.04743078831101758
2017-02-28,41.624443,-70.90544,0.6199392283248046
2017-03-01,41.624443,-70.90544,9.63980325206339
2017-03-02,41.624443,-70.90544,0.3017874949105401
2017-03-03,41.624443,-70.90544,0.005111399885750009
2017-03-04,41.624443,-70.90544,0.0
2017-03-05,41.624443,-70.90544,0.003972640608889946
2017-03-06,41.624443,-70.90544,0.0
2017-03-07,41.624443,-70.90544,6.637238160571929
2017-03-08,41.624443,-70.90544,10.124146632792419
2017-03-09,41.624443,-70.90544,0.0
2017-03-10,41.624443,-70.90544,6.358459394147117
2017-03-11,41.624443,-70.90544,0.0
2017-03-12,41.624443,-70.90544,0.0
2017-03-13,41.624443,-70.90544,0.0
2017-03-14,41.624443,-70.90544,37.72243863546407
2017-03-15,41.624443,-70.90544,0.0005693796384300317
2017-03-16,41.624443,-70.90544,0.0
2017-03-17,41.624443,-70.90544,0.0
2017-03-18,41.624443,-70.90544,0.04825523906470374
2017-03-19,41.624443,-70.90544,0.034553136237763016
2017-03-20,41.624443,-70.90544,0.03648703842824615
2017-03-21,41.624443,-70.90544,0.004733944103324587
2017-03-22,41.624443,-70.90544,1.0393402325124792
2017-03-23,41.624443,-70.90544,0.014999999664723873
2017-03-24,41.624443,-70.90544,3.2570928878308276
2017-03-25,41.624443,-70.90544,5.242912478683284
2017-03-26,41.624443,-70.90544,0.9016462610313045
2017-03-27,41.624443,-70.90544,6.192246777789531
2017-03-28,41.624443,-70.90544,4.026217210672459
2017-03-29,41.624443,-70.90544,8.331171811014434
2017-03-30,41.624443,-70.90544,0.0
2017-03-31,41.624443,-70.90544,9.438368244763778
2017-04-01,41.624443,-70.90544,56.278502991070674
2017-04-02,41.624443,-70.90544,0.019729737004664245
2017-04-03,41.624443,-70.90544,0.25189075205549294
2017-04-04,41.624443,-70.90544,31.728404876276144
2017-04-05,41.624443,-70.90544,0.9392202749643761
2017-04-06,41.624443,-70.90544,32.34557376714312
2017-04-07,41.624443,-70.90544,0.09842395873584096
2017-04-08,41.624443,-70.90544,0.5649182424005997
2017-04-09,41.624443,-70.90544,0.05627531134114924
2017-04-10,41.624443,-70.90544,0.38552236930612727
2017-04-11,41.624443,-70.90544,0.24447902941296962
2017-04-12,41.624443,-70.90544,0.23710397853703258
2017-04-13,41.624443,-70.90544,0.1576024994000294
2017-04-14,41.624443,-70.90544,0.05199206307544003
2017-04-15,41.624443,-70.90544,0.0
2017-04-16,41.624443,-70.90544,2.330709637165254
2017-04-17,41.624443,-70.90544,3.051587905604787
2017-04-18,41.624443,-70.90544,0.0
2017-04-19,41.624443,-70.90544,0.708098792988456
2017-04-20,41.624443,-70.90544,2.2730966844955764
2017-04-21,41.624443,-70.90544,8.286906013594402
2017-04-22,41.624443,-70.90544,5.97560978690824
2017-04-23,41.624443,-70.90544,0.8579345326829261
2017-04-24,41.624443,-70.90544,0.556861098549227
2017-04-25,41.624443,-70.90544,14.903679584311952
2017-04-26,41.624443,-70.90544,8.903173169547147
2017-04-27,41.624443,-70.90544,0.026608736406010802
2017-04-28,41.624443,-70.90544,3.094153587861074
2017-04-29,41.624443,-70.90544,1.8444623976411645
2017-04-30,41.624443,-70.90544,0.4093814300613325
2017-05-01,41.624443,-70.90544,0.34238941589702643
2017-05-02,41.624443,-70.90544,10.480100284944388
2017-05-03,41.624443,-70.90544,0.027721184278869715
2017-05-04,41.624443,-70.90544,0.0314411914678648
2017-05-05,41.624443,-70.90544,17.328450744680577
2017-05-06,41.624443,-70.90544,27.010577421827332
2017-05-07,41.624443,-70.90544,0.4249594317372564
2017-05-08,41.624443,-70.90544,0.22383716737289375
2017-05-09,41.624443,-70.90544,0.5385293550930571
2017-05-10,41.624443,-70.90544,0.7825113532597973
2017-05-11,41.624443,-70.90544,0.011956973149417238
2017-05-12,41.624443,-70.90544,0.1453306542850979
2017-05-13,41.624443,-70.90544,4.669391179289877
2017-05-14,41.624443,-70.90544,12.689201345931664
2017-05-15,41.624443,-70.90544,6.742821458345617
2017-05-16,41.624443,-70.90544,0.0
2017-05-17,41.624443,-70.90544,0.3451515048471391
2017-05-18,41.624443,-70.90544,0.01663465376534345
2017-05-19,41.624443,-70.90544,0.21305844992567033
2017-05-20,41.624443,-70.90544,0.03754000566207649
2017-05-21,41.624443,-70.90544,0.0
2017-05-22,41.624443,-70.90544,17.366899412945934
2017-05-23,41.624443,-70.90544,13.806789671229122
2017-05-24,41.624443,-70.90544,10.077342762036066
2017-05-25,41.624443,-70.90544,7.356844002702037
2017-05-26,41.624443,-70.90544,19.68145453037935
2017-05-27,41.624443,-70.90544,0.10496603264584778
2017-05-28,41.624443,-70.90544,0.8657494153409477
2017-05-29,41.624443,-70.90544,18.416175347600156
2017-05-30,41.624443,-70.90544,0.18008078240088726
2017-05-31,41.624443,-70.90544,4.524602262445034
2017-06-01,41.624443,-70.90544,0.0
2017-06-02,41.624443,-70.90544,0.34467265685780907
2017-06-03,41.624443,-70.90544,0.1779478273414925
2017-06-04,41.624443,-70.90544,1.41718690198607
2017-06-05,41.624443,-70.90544,10.44567208780989
2017-06-06,41.624443,-70.90544,26.02366184766478
2017-06-07,41.624443,-70.90544,0.2260461696181087
2017-06-08,41.624443,-70.90544,0.709687387983582
2017-06-09,41.624443,-70.90544,9.94789448141428
2017-06-10,41.624443,-70.90544,0.0
2017-06-11,41.624443,-70.90544,0.0
2017-06-12,41.624443,-70.90544,0.0
2017-06-13,41.624443,-70.90544,0.21646498216914783
2017-06-14,41.624443,-70.90544,0.2550817537142126
2017-06-15,41.624443,-70.90544,0.0
2017-06-16,41.624443,-70.90544,1.8500557834965423
2017-06-17,41.624443,-70.90544,3.721625772613838
2017-06-18,41.624443,-70.90544,0.9783024938294634
2017-06-19,41.624443,-70.90544,0.018857800094208264
2017-06-20,41.624443,-70.90544,3.77551030546082
2017-06-21,41.624443,-70.90544,0.798274010413869
2017-06-22,41.624443,-70.90544,0.2706500365486803
2017-06-23,41.624443,-70.90544,0.11701998364658044
2017-06-24,41.624443,-70.90544,19.52387676676161
2017-06-25,41.624443,-70.90544,0.0
2017-06-26,41.624443,-70.90544,0.0
2017-06-27,41.624443,-70.90544,0.6913966996276464
2017-06-28,41.624443,-70.90544,0.24772007241111066
2017-06-29,41.624443,-70.90544,0.29542956935153464
2017-06-30,41.624443,-70.90544,0.6377512846868083
2017-07-01,41.624443,-70.90544,2.5697440397497444
2017-07-02,41.624443,-70.90544,0.10799977154460648
2017-07-03,41.624443,-70.90544,0.11305878759994664
2017-07-04,41.624443,-70.90544,0.0
2017-07-05,41.624443,-70.90544,0.0
2017-07-06,41.624443,-70.90544,0.1764064759835719
2017-07-07,41.624443,-70.90544,18.78436179363092
2017-07-08,41.624443,-70.90544,0.1355800664973323
2017-07-09,41.624443,-70.90544,0.0
2017-07-10,41.624443,-70.90544,0.0
2017-07-11,41.624443,-70.90544,2.5598234050662962
2017-07-12,41.624443,-70.90544,1.0970915221454642
2017-07-13,41.624443,-70.90544,11.183306795152959
2017-07-14,41.624443,-70.90544,4.849839682213319
2017-07-15,41.624443,-70.90544,0.14302116757646405
2017-07-16,41.624443,-70.90544,0.0005693796384300317
2017-07-17,41.624443,-70.90544,0.3955510600951971
2017-07-18,41.624443,-70.90544,0.029353695828637734
2017-07-19,41.624443,-70.90544,0.024679453402733538
2017-07-20,41.624443,-70.90544,0.1594102863653803
2017-07-21,41.624443,-70.90544,0.251912052037124
2017-07-22,41.624443,-70.90544,0.16429099257721438
2017-07-23,41.624443,-70.90544,3.3299476792172564
2017-07-24,41.624443,-70.90544,9.946749119878225
2017-07-25,41.624443,-70.90544,0.22557086691078423
2017-07-26,41.624443,-70.90544,0.0
2017-07-27,41.624443,-70.90544,6.083824058511321
2017-07-28,41.624443,-70.90544,0.34029147148804684
2017-07-29,41.624443,-70.90544,15.278020860348313
2017-07-30,41.624443,-70.90544,0.016512009408415695
2017-07-31,41.624443,-70.90544,0.0
2017-08-01,41.624443,-70.90544,0.0
2017-08-02,41.624443,-70.90544,0.25215093278433104
2017-08-03,41.624443,-70.90544,0.42871260591094495
2017-08-04,41.624443,-70.90544,0.06615302199581757
2017-08-05,41.624443,-70.90544,2.2743503414271755
2017-08-06,41.624443,-70.90544,0.0
2017-08-07,41.624443,-70.90544,4.781586916279993
2017-08-08,41.624443,-70.90544,5.139369595434961
2017-08-09,41.624443,-70.90544,0.0056677626640597644
2017-08-10,41.624443,-70.90544,0.0
2017-08-11,41.624443,-70.90544,0.027936754898697017
2017-08-12,41.624443,-70.90544,17.910516815677695
2017-08-13,41.624443,-70.90544,0.08404770398468212
2017-08-14,41.624443,-70.90544,0.0
2017-08-15,41.624443,-70.90544,9.66704391682819
2017-08-16,41.624443,-70.90544,0.0017081389152900956
2017-08-17,41.624443,-70.90544,0.0
2017-08-18,41.624443,-70.90544,9.071881881211363
2017-08-19,41.624443,-70.90544,14.99052685053778
2017-08-20,41.624443,-70.90544,0.004555037107440253
2017-08-21,41.624443,-70.90544,0.0
2017-08-22,41.624443,-70.90544,0.14170420486647725
2017-08-23,41.624443,-70.90544,2.5872775346538983
2017-08-24,41.624443,-70.90544,0.0
2017-08-25,41.624443,-70.90544,0.0
2017-08-26,41.624443,-70.90544,0.0
2017-08-27,41.624443,-70.90544,0.0
2017-08-28,41.624443,-70.90544,0.0
2017-08-29,41.624443,-70.90544,5.120281850039776
2017-08-30,41.624443,-70.90544,28.278403087350853
2017-08-31,41.624443,-70.90544,0.0005693796384300317
2017-09-01,41.624443,-70.90544,0.004127296396297933
2017-09-02,41.624443,-70.90544,0.09277107447958213
2017-09-03,41.624443,-70.90544,37.53636728411374
2017-09-04,41.624443,-70.90544,0.011166449750411365
2017-09-05,41.624443,-70.90544,0.0007084703330074706
2017-09-06,41.624443,-70.90544,17.25689441888806
2017-09-07,41.624443,-70.90544,5.197447734722655
2017-09-08,41.624443,-70.90544,0.0
2017-09-09,41.624443,-70.90544,0.0
2017-09-10,41.624443,-70.90544,0.0
2017-09-11,41.624443,-70.90544,0.0
2017-09-12,41.624443,-70.90544,0.0
2017-09-13,41.624443,-70.90544,0.0
2017-09-14,41.624443,-70.90544,0.041595848621349754
2017-09-15,41.624443,-70.90544,1.543764735443986
2017-09-16,41.624443,-70.90544,0.0
2017-09-17,41.624443,-70.90544,0.0
2017-09-18,41.624443,-70.90544,0.1930508224742456
2017-09-19,41.624443,-70.90544,12.046402916293848
2017-09-20,41.624443,-70.90544,12.726906332566575
2017-09-21,41.624443,-70.90544,11.087042821094327
2017-09-22,41.624443,-70.90544,7.894414353463906
2017-09-23,41.624443,-70.90544,0.10006762835461255
2017-09-24,41.624443,-70.90544,0.0
2017-09-25,41.624443,-70.90544,0.0
2017-09-26,41.624443,-70.90544,0.0
2017-09-27,41.624443,-70.90544,0.0
2017-09-28,41.624443,-70.90544,0.039109182293129305
2017-09-29,41.624443,-70.90544,0.0
2017-09-30,41.624443,-70.90544,5.815044534689639
2017-10-01,41.624443,-70.90544,0.04641754584980527
2017-10-02,41.624443,-70.90544,0.0
2017-10-03,41.624443,-70.90544,0.2903835895097309
2017-10-04,41.624443,-70.90544,0.0
2017-10-05,41.624443,-70.90544,0.02043921838868559
2017-10-06,41.624443,-70.90544,4.088452351796005
2017-10-07,41.624443,-70.90544,0.14603302270968438
2017-10-08,41.624443,-70.90544,11.74860539056193
2017-10-09,41.624443,-70.90544,6.848220103159137
2017-10-10,41.624443,-70.90544,0.035198950455921356
2017-10-11,41.624443,-70.90544,0.1677806127466997
2017-10-12,41.624443,-70.90544,1.4064728863001745
2017-10-13,41.624443,-70.90544,0.0
2017-10-14,41.624443,-70.90544,2.276267048185677
2017-10-15,41.624443,-70.90544,0.017175694965377488
2017-10-16,41.624443,-70.90544,1.064794043992972
2017-10-17,41.624443,-70.90544,0.0
2017-10-18,41.624443,-70.90544,0.0
2017-10-19,41.624443,-70.90544,0.0
2017-10-20,41.624443,-70.90544,0.0
2017-10-21,41.624443,-70.90544,0.0
2017-10-22,41.624443,-70.90544,0.0
2017-10-23,41.624443,-70.90544,0.0
2017-10-24,41.624443,-70.90544,1.4252614766424756
2017-10-25,41.624443,-70.90544,38.43523328887626
2017-10-26,41.624443,-70.90544,37.56517748873357
2017-10-27,41.624443,-70.90544,0.21913312858523315
2017-10-28,41.624443,-70.90544,0.0044923830506847055
2017-10-29,41.624443,-70.90544,5.968546618968872
2017-10-30,41.624443,-70.90544,37.336661433581654
2017-10-31,41.624443,-70.90544,0.05148945679039841
2017-11-01,41.624443,-70.90544,0.3856080487532001
2017-11-02,41.624443,-70.90544,0.00708470412185202
2017-11-03,41.624443,-70.90544,0.0
2017-11-04,41.624443,-70.90544,0.011088474124625746
2017-11-05,41.624443,-70.90544,2.7311713216657862
2017-11-06,41.624443,-70.90544,2.590378243812905
2017-11-07,41.624443,-70.90544,1.716301448467007
2017-11-08,41.624443,-70.90544,16.090943791082978
2017-11-09,41.624443,-70.90544,0.0
2017-11-10,41.624443,-70.90544,0.0
2017-11-11,41.624443,-70.90544,0.0
2017-11-12,41.624443,-70.90544,0.0
2017-11-13,41.624443,-70.90544,1.6360206381429039
2017-11-14,41.624443,-70.90544,0.0
2017-11-15,41.624443,-70.90544,0.0
2017-11-16,41.624443,-70.90544,8.986765817660682
2017-11-17,41.624443,-70.90544,0.0
2017-11-18,41.624443,-70.90544,0.05193029975821926
2017-11-19,41.624443,-70.90544,18.266596581578007
2017-11-20,41.624443,-70.90544,0.0005693796384300317
2017-11-21,41.624443,-70.90544,0.0020636481981489664
2017-11-22,41.624443,-70.90544,35.12103312589255
2017-11-23,41.624443,-70.90544,0.0
2017-11-24,41.624443,-70.90544,0.009152438748897672
2017-11-25,41.624443,-70.90544,0.03301837117038346
2017-11-26,41.624443,-70.90544,2.834825611497847
2017-11-27,41.624443,-70.90544,0.02694117305121124
2017-11-28,41.624443,-70.90544,0.0033170034373096453
2017-11-29,41.624443,-70.90544,0.013095731365725057
2017-11-30,41.624443,-70.90544,0.004250821998044825
2017-12-01,41.624443,-70.90544,2.367771245394712
2017-12-02,41.624443,-70.90544,0.009999999776482582
2017-12-03,41.624443,-70.90544,1.0561307248899543
2017-12-04,41.624443,-70.90544,0.0025556999428750045
2017-12-05,41.624443,-70.90544,1.3252521988745742
2017-12-06,41.624443,-70.90544,20.460764587931266
2017-12-07,41.624443,-70.90544,0.017515639235553368
2017-12-08,41.624443,-70.90544,1.7156862149235774
2017-12-09,41.624443,-70.90544,14.375831363534317
2017-12-10,41.624443,-70.90544,4.8116954368039035
2017-12-11,41.624443,-70.90544,0.22989312172026144
2017-12-12,41.624443,-70.90544,12.878384449303828
2017-12-13,41.624443,-70.90544,0.268231726827474
2017-12-14,41.624443,-70.90544,0.12017122896880959
2017-12-15,41.624443,-70.90544,0.0
2017-12-16,41.624443,-70.90544,0.043977226870946066
2017-12-17,41.624443,-70.90544,0.0
2017-12-18,41.624443,-70.90544,0.23994153417140585
2017-12-19,41.624443,-70.90544,0.3270638746792112
2017-12-20,41.624443,-70.90544,0.08162308993085704
2017-12-21,41.624443,-70.90544,0.0
2017-12-22,41.624443,-70.90544,0.45260753588637365
2017-12-23,41.624443,-70.90544,20.317863158632218
2017-12-24,41.624443,-70.90544,7.972257386969588
2017-12-25,41.624443,-70.90544,4.9008234760757015
2017-12-26,41.624443,-70.90544,0.0
2017-12-27,41.624443,-70.90544,0.0
2017-12-28,41.624443,-70.90544,0.0
2017-12-29,41.624443,-70.90544,0.0
2017-12-30,41.624443,-70.90544,0.006404814950018059
2017-12-31,41.624443,-70.90544,0.0
2018-01-01,41.624443,-70.90544,0.0
2018-01-02,41.624443,-70.90544,0.0
2018-01-03,41.624443,-70.90544,0.0
2018-01-04,41.624443,-70.90544,38.10040518177264
2018-01-05,41.624443,-70.90544,0.21688983801748685
2018-01-06,41.624443,-70.90544,0.0
2018-01-07,41.624443,-70.90544,0.0
2018-01-08,41.624443,-70.90544,0.2958619103414438
2018-01-09,41.624443,-70.90544,1.2223792527298296
2018-01-10,41.624443,-70.90544,0.0
2018-01-11,41.624443,-70.90544,0.022525460358633877
2018-01-12,41.624443,-70.90544,4.047741133714882
2018-01-13,41.624443,-70.90544,74.70478864461194
2018-01-14,41.624443,-70.90544,0.0
2018-01-15,41.624443,-70.90544,0.10937335104243524
2018-01-16,41.624443,-70.90544,0.0
2018-01-17,41.624443,-70.90544,0.4785349407065593
2018-01-18,41.624443,-70.90544,0.022823655397001076
2018-01-19,41.624443,-70.90544,0.0
2018-01-20,41.624443,-70.90544,0.010810940467552495
2018-01-21,41.624443,-70.90544,0.0007084703330074706
2018-01-22,41.624443,-70.90544,0.009328149648027223
2018-01-23,41.624443,-70.90544,31.745819497127243
2018-01-24,41.624443,-70.90544,0.023219024679007567
2018-01-25,41.624443,-70.90544,0.0
2018-01-26,41.624443,-70.90544,0.0
2018-01-27,41.624443,-70.90544,0.0
2018-01-28,41.624443,-70.90544,9.672867574256165
2018-01-29,41.624443,-70.90544,1.0431569153052742
2018-01-30,41.624443,-70.90544,0.5640629674132369
2018-01-31,41.624443,-70.90544,0.0
2018-02-01,41.624443,-70.90544,0.0628153613654857
2018-02-02,41.624443,-70.90544,2.8062037948375282
2018-02-03,41.624443,-70.90544,0.0
2018-02-04,41.624443,-70.90544,1.3387232730833398
2018-02-05,41.624443,-70.90544,39.074784242456396
2018-02-06,41.624443,-70.90544,0.0
2018-02-07,41.624443,-70.90544,18.256345135844843
2018-02-08,41.624443,-70.90544,3.551588761761321
2018-02-09,41.624443,-70.90544,0.033852310067927084
2018-02-10,41.624443,-70.90544,1.9270257969456772
2018-02-11,41.624443,-70.90544,48.21690715787035
2018-02-12,41.624443,-70.90544,12.06458953367649
2018-02-13,41.624443,-70.90544,0.0
2018-02-14,41.624443,-70.90544,0.052830495488914574
2018-02-15,41.624443,-70.90544,2.1066931782901284
2018-02-16,41.624443,-70.90544,13.366269851632952
2018-02-17,41.624443,-70.90544,0.06983870066407735
2018-02-18,41.624443,-70.90544,9.689580434612216
2018-02-19,41.624443,-70.90544,0.7187588945345946
2018-02-20,41.624443,-70.90544,4.685885543429972
2018-02-21,41.624443,-70.90544,0.08035571169071194
2018-02-22,41.624443,-70.90544,2.481133711981872
2018-02-23,41.624443,-70.90544,3.2325617848461743
2018-02-24,41.624443,-70.90544,11.83851345629711
2018-02-25,41.624443,-70.90544,25.30291320183699
2018-02-26,41.624443,-70.90544,0.06615803643434126
2018-02-27,41.624443,-70.90544,0.0
2018-02-28,41.624443,-70.90544,0.0005693796384300317
2018-03-01,41.624443,-70.90544,0.5241684331420202
2018-03-02,41.624443,-70.90544,75.40003637583655
2018-03-03,41.624443,-70.90544,0.5883918681386046
2018-03-04,41.624443,-70.90544,0.0
2018-03-05,41.624443,-70.90544,0.3604593268865515
2018-03-06,41.624443,-70.90544,0.0
2018-03-07,41.624443,-70.90544,15.901444082335917
2018-03-08,41.624443,-70.90544,9.945775008866525
2018-03-09,41.624443,-70.90544,0.0
2018-03-10,41.624443,-70.90544,0.0
2018-03-11,41.624443,-70.90544,0.0
2018-03-12,41.624443,-70.90544,0.0
2018-03-13,41.624443,-70.90544,25.91993182902282
2018-03-14,41.624443,-70.90544,0.021775240489580842
2018-03-15,41.624443,-70.90544,0.0020636481981489664
2018-03-16,41.624443,-70.90544,0.0
2018-03-17,41.624443,-70.90544,0.0
2018-03-18,41.624443,-70.90544,0.0
2018-03-19,41.624443,-70.90544,0.0
2018-03-20,41.624443,-70.90544,0.005544884794394499
2018-03-21,41.624443,-70.90544,8.632533760470547
2018-03-22,41.624443,-70.90544,6.795192356846972
2018-03-23,41.624443,-70.90544,0.0033666406339449176
2018-03-24,41.624443,-70.90544,0.3451783604981979
2018-03-25,41.624443,-70.90544,0.0
2018-03-26,41.624443,-70.90544,0.0
2018-03-27,41.624443,-70.90544,0.0
2018-03-28,41.624443,-70.90544,0.973006485420487
2018-03-29,41.624443,-70.90544,1.9166238116869132
2018-03-30,41.624443,-70.90544,1.5680850533854214
2018-03-31,41.624443,-70.90544,1.6025371133249042
2018-04-01,41.624443,-70.90544,5.507059755963237
2018-04-02,41.624443,-70.90544,2.589342700479043
2018-04-03,41.624443,-70.90544,9.399043300192893
2018-04-04,41.624443,-70.90544,4.8518664902599244
2018-04-05,41.624443,-70.90544,0.0
2018-04-06,41.624443,-70.90544,3.200927844222032
2018-04-07,41.624443,-70.90544,10.129031038640955
2018-04-08,41.624443,-70.90544,0.07134599499845465
2018-04-09,41.624443,-70.90544,0.0033666406339449176
2018-04-10,41.624443,-70.90544,0.17303977997961412
2018-04-11,41.624443,-70.90544,0.0
2018-04-12,41.624443,-70.90544,0.2576068714959818
2018-04-13,41.624443,-70.90544,9.674182369820441
2018-04-14,41.624443,-70.90544,0.049706416171088535
2018-04-15,41.624443,-70.90544,0.9971042346584852
2018-04-16,41.624443,-70.90544,26.918971640709714
2018-04-17,41.624443,-70.90544,0.02967192726985512
2018-04-18,41.624443,-70.90544,0.09726179628489874
2018-04-19,41.624443,-70.90544,7.664487090533292
2018-04-20,41.624443,-70.90544,0.05105035819283059
2018-04-21,41.624443,-70.90544,0.0
2018-04-22,41.624443,-70.90544,0.0007084703330074706
2018-04-23,41.624443,-70.90544,0.0
2018-04-24,41.624443,-70.90544,0.019668094130885452
2018-04-25,41.624443,-70.90544,41.36878063095291
2018-04-26,41.624443,-70.90544,18.79373140863123
2018-04-27,41.624443,-70.90544,10.151626663623684
2018-04-28,41.624443,-70.90544,0.0012778499714375022
2018-04-29,41.624443,-70.90544,0.436742684414207
2018-04-30,41.624443,-70.90544,0.052895388733835744
2018-05-01,41.624443,-70.90544,0.036662334305938675
2018-05-02,41.624443,-70.90544,0.03719550876125363
2018-05-03,41.624443,-70.90544,0.25898039146836516
2018-05-04,41.624443,-70.90544,1.4503172444010226
2018-05-05,41.624443,-70.90544,0.024705245789350735
2018-05-06,41.624443,-70.90544,7.3632261535172905
2018-05-07,41.624443,-70.90544,0.06983068322242937
2018-05-08,41.624443,-70.90544,0.0
2018-05-09,41.624443,-70.90544,0.002846898086094933
2018-05-10,41.624443,-70.90544,0.2701414682133559
2018-05-11,41.624443,-70.90544,0.06976044944564944
2018-05-12,41.624443,-70.90544,3.617224599602412
2018-05-13,41.624443,-70.90544,2.336699641963782
2018-05-14,41.624443,-70.90544,0.06651772126585084
2018-05-15,41.624443,-70.90544,9.881469344891629
2018-05-16,41.624443,-70.90544,7.783662577607504
2018-05-17,41.624443,-70.90544,11.805478810139588
2018-05-18,41.624443,-70.90544,0.4562306254910605
2018-05-19,41.624443,-70.90544,2.99015638963494
2018-05-20,41.624443,-70.90544,4.7741087764864
2018-05-21,41.624443,-70.90544,0.0
2018-05-22,41.624443,-70.90544,5.655853557976758
2018-05-23,41.624443,-70.90544,2.028388473631747
2018-05-24,41.624443,-70.90544,0.08922615856717464
2018-05-25,41.624443,-70.90544,0.0
2018-05-26,41.624443,-70.90544,0.08686280502117677
2018-05-27,41.624443,-70.90544,3.1372459413510048
2018-05-28,41.624443,-70.90544,0.09537854424537501
2018-05-29,41.624443,-70.90544,0.16439883445326167
2018-05-30,41.624443,-70.90544,0.0
2018-05-31,41.624443,-70.90544,0.0
2018-06-01,41.624443,-70.90544,5.635281575482792
2018-06-02,41.624443,-70.90544,1.1082410467152217
2018-06-03,41.624443,-70.90544,0.03258963452656633
2018-06-04,41.624443,-70.90544,10.842406016906518
2018-06-05,41.624443,-70.90544,0.4055324461784654
2018-06-06,41.624443,-70.90544,1.0475495492433853
2018-06-07,41.624443,-70.90544,0.0022775185537201267
2018-06-08,41.624443,-70.90544,0.004555037107440253
2018-06-09,41.624443,-70.90544,0.13349497296490292
2018-06-10,41.624443,-70.90544,0.2686534248508994
2018-06-11,41.624443,-70.90544,0.8896056623254419
2018-06-12,41.624443,-70.90544,0.0
2018-06-13,41.624443,-70.90544,3.0930153954649304
2018-06-14,41.624443,-70.90544,1.463550723630205
2018-06-15,41.624443,-70.90544,0.14641348096178955
2018-06-16,41.624443,-70.90544,0.2645231310112778
2018-06-17,41.624443,-70.90544,0.0
2018-06-18,41.624443,-70.90544,0.5072262710149688
2018-06-19,41.624443,-70.90544,22.049626370536927
2018-06-20,41.624443,-70.90544,0.0
2018-06-21,41.624443,-70.90544,3.3730790096480927
2018-06-22,41.624443,-70.90544,0.0
2018-06-23,41.624443,-70.90544,6.293092763358277
2018-06-24,41.624443,-70.90544,0.31566349575376396
2018-06-25,41.624443,-70.90544,3.3829943923927557
2018-06-26,41.624443,-70.90544,0.0
2018-06-27,41.624443,-70.90544,0.0144455377714272
2018-06-28,41.624443,-70.90544,13.793970854792693
2018-06-29,41.624443,-70.90544,0.04024066853726961
2018-06-30,41.624443,-70.90544,0.12716696081805534
2018-07-01,41.624443,-70.90544,0.11755465632739058
2018-07-02,41.624443,-70.90544,0.0
2018-07-03,41.624443,-70.90544,0.005124416639815059
2018-07-04,41.624443,-70.90544,0.03641426165450832
2018-07-05,41.624443,-70.90544,0.027330220947757933
2018-07-06,41.624443,-70.90544,14.692207950253652
2018-07-07,41.624443,-70.90544,0.0
2018-07-08,41.624443,-70.90544,0.0
2018-07-09,41.624443,-70.90544,0.0
2018-07-10,41.624443,-70.90544,0.0
2018-07-11,41.624443,-70.90544,0.20860924951398022
2018-07-12,41.624443,-70.90544,0.0
2018-07-13,41.624443,-70.90544,0.0
2018-07-14,41.624443,-70.90544,0.4308610048106207
2018-07-15,41.624443,-70.90544,2.405807012951375
2018-07-16,41.624443,-70.90544,0.0
2018-07-17,41.624443,-70.90544,1.0506986931007087
2018-07-18,41.624443,-70.90544,3.4027560707953253
2018-07-19,41.624443,-70.90544,0.0
2018-07-20,41.624443,-70.90544,0.0
2018-07-21,41.624443,-70.90544,0.0
2018-07-22,41.624443,-70.90544,20.145867067538816
2018-07-23,41.624443,-70.90544,0.31159624356534515
2018-07-24,41.624443,-70.90544,0.028468982557832933
2018-07-25,41.624443,-70.90544,1.1970659890195705
2018-07-26,41.624443,-70.90544,2.1131463052545523
2018-07-27,41.624443,-70.90544,0.02005436094149016
2018-07-28,41.624443,-70.90544,4.875811803164245
2018-07-29,41.624443,-70.90544,0.7305155189453277
2018-07-30,41.624443,-70.90544,2.242695935697655
2018-07-31,41.624443,-70.90544,1.596548194679558
2018-08-01,41.624443,-70.90544,1.4416420994405343
2018-08-02,41.624443,-70.90544,0.0419599162105263
2018-08-03,41.624443,-70.90544,0.08153434301676404
2018-08-04,41.624443,-70.90544,32.20489300387918
2018-08-05,41.624443,-70.90544,0.18925361605397206
2018-08-06,41.624443,-70.90544,0.0
2018-08-07,41.624443,-70.90544,0.0
2018-08-08,41.624443,-70.90544,0.0730306037194488
2018-08-09,41.624443,-70.90544,1.3063598121535769
2018-08-10,41.624443,-70.90544,0.0
2018-08-11,41.624443,-70.90544,13.69463330660008
2018-08-12,41.624443,-70.90544,3.5034543704282304
2018-08-13,41.624443,-70.90544,12.474220187128477
2018-08-14,41.624443,-70.90544,0.38393755448692657
2018-08-15,41.624443,-70.90544,0.20846085416534205
2018-08-16,41.624443,-70.90544,0.020497666559260237
2018-08-17,41.624443,-70.90544,0.07402517332079304
2018-08-18,41.624443,-70.90544,37.877945683612666
2018-08-19,41.624443,-70.90544,2.1849888196003837
2018-08-20,41.624443,-70.90544,0.035924283314622996
2018-08-21,41.624443,-70.90544,0.004263838752109874
2018-08-22,41.624443,-70.90544,1.4604274643897048
2018-08-23,41.624443,-70.90544,0.44075355339184596
2018-08-24,41.624443,-70.90544,0.0
2018-08-25,41.624443,-70.90544,0.0
2018-08-26,41.624443,-70.90544,0.06902134382974698
2018-08-27,41.624443,-70.90544,0.0
2018-08-28,41.624443,-70.90544,0.22770669481544553
2018-08-29,41.624443,-70.90544,0.2026545958606376
2018-08-30,41.624443,-70.90544,0.06342821395081759
2018-08-31,41.624443,-70.90544,0.0
2018-09-01,41.624443,-70.90544,0.3179913909135589
2018-09-02,41.624443,-70.90544,0.0
2018-09-03,41.624443,-70.90544,0.015818215217834664
2018-09-04,41.624443,-70.90544,0.05651876076757217
2018-09-05,41.624443,-70.90544,0.05895733225973304
2018-09-06,41.624443,-70.90544,4.114478897555663
2018-09-07,41.624443,-70.90544,12.613364183060467
2018-09-08,41.624443,-70.90544,11.914529397364017
2018-09-09,41.624443,-70.90544,2.38191398179525
2018-09-10,41.624443,-70.90544,18.856592923338102
2018-09-11,41.624443,-70.90544,0.13016039178246352
2018-09-12,41.624443,-70.90544,8.939344380533862
2018-09-13,41.624443,-70.90544,26.94609463657012
2018-09-14,41.624443,-70.90544,0.0
2018-09-15,41.624443,-70.90544,0.0
2018-09-16,41.624443,-70.90544,0.0
2018-09-17,41.624443,-70.90544,0.6016849904750957
2018-09-18,41.624443,-70.90544,19.82929803308912
2018-09-19,41.624443,-70.90544,0.004127296396297933
2018-09-20,41.624443,-70.90544,0.1461637244976186
2018-09-21,41.624443,-70.90544,0.587635573013213
2018-09-22,41.624443,-70.90544,0.058425448859066226
2018-09-23,41.624443,-70.90544,0.17612344151369463
2018-09-24,41.624443,-70.90544,0.24620760541446052
2018-09-25,41.624443,-70.90544,26.224684250971755
2018-09-26,41.624443,-70.90544,13.942344549944819
2018-09-27,41.624443,-70.90544,1.8912783876112078
2018-09-28,41.624443,-70.90544,14.564419707659441
2018-09-29,41.624443,-70.90544,0.0
2018-09-30,41.624443,-70.90544,0.0
2018-10-01,41.624443,-70.90544,0.06419379335119814
2018-10-02,41.624443,-70.90544,0.9059379740907948
2018-10-03,41.624443,-70.90544,33.14302778030611
2018-10-04,41.624443,-70.90544,0.0
2018-10-05,41.624443,-70.90544,0.0
2018-10-06,41.624443,-70.90544,0.007444299833607578
2018-10-07,41.624443,-70.90544,0.05165364637421081
2018-10-08,41.624443,-70.90544,0.0
2018-10-09,41.624443,-70.90544,0.0
2018-10-10,41.624443,-70.90544,0.0
2018-10-11,41.624443,-70.90544,5.316575158818272
2018-10-12,41.624443,-70.90544,66.19025801788565
2018-10-13,41.624443,-70.90544,4.663461383754007
2018-10-14,41.624443,-70.90544,0.2848186058187411
2018-10-15,41.624443,-70.90544,0.4024709343254991
2018-10-16,41.624443,-70.90544,3.1606441236939027
2018-10-17,41.624443,-70.90544,0.021889836836265903
2018-10-18,41.624443,-70.90544,0.012526352257571144
2018-10-19,41.624443,-70.90544,0.0014169406660149411
2018-10-20,41.624443,-70.90544,6.085496235744291
2018-10-21,41.624443,-70.90544,6.147319763102875
2018-10-22,41.624443,-70.90544,0.0
2018-10-23,41.624443,-70.90544,2.196446295880226
2018-10-24,41.624443,-70.90544,0.8782932621008382
2018-10-25,41.624443,-70.90544,0.0
2018-10-26,41.624443,-70.90544,0.021373684115598316
2018-10-27,41.624443,-70.90544,15.961926759478363
2018-10-28,41.624443,-70.90544,0.796041720058663
2018-10-29,41.624443,-70.90544,2.030249357557714
2018-10-30,41.624443,-70.90544,0.002846898086094933
2018-10-31,41.624443,-70.90544,0.06879599467827906
2018-11-01,41.624443,-70.90544,1.8691121832930118
2018-11-02,41.624443,-70.90544,12.28459375268341
2018-11-03,41.624443,-70.90544,22.343735556359675
2018-11-04,41.624443,-70.90544,0.0
2018-11-05,41.624443,-70.90544,1.718960314381741
2018-11-06,41.624443,-70.90544,24.03798289386538
2018-11-07,41.624443,-70.90544,12.227775308673106
2018-11-08,41.624443,-70.90544,0.03433264034123169
2018-11-09,41.624443,-70.90544,1.0365581159594088
2018-11-10,41.624443,-70.90544,41.32892988308414
2018-11-11,41.624443,-70.90544,0.0
2018-11-12,41.624443,-70.90544,0.009951010311928936
2018-11-13,41.624443,-70.90544,22.808147636289696
2018-11-14,41.624443,-70.90544,0.4802563868544145
2018-11-15,41.624443,-70.90544,23.103553040887636
2018-11-16,41.624443,-70.90544,42.30032902691762
2018-11-17,41.624443,-70.90544,0.0
2018-11-18,41.624443,-70.90544,0.07412475720434031
2018-11-19,41.624443,-70.90544,0.6619280758863502
2018-11-20,41.624443,-70.90544,3.2135755103308212
2018-11-21,41.624443,-70.90544,0.0
2018-11-22,41.624443,-70.90544,0.0
2018-11-23,41.624443,-70.90544,0.0
2018-11-24,41.624443,-70.90544,0.0016585017186548227
2018-11-25,41.624443,-70.90544,44.181543624496065
2018-11-26,41.624443,-70.90544,6.774564614607396
2018-11-27,41.624443,-70.90544,3.3913482426701784
2018-11-28,41.624443,-70.90544,0.8554103357157045
2018-11-29,41.624443,-70.90544,0.0
2018-11-30,41.624443,-70.90544,0.0
2018-12-01,41.624443,-70.90544,0.0
2018-12-02,41.624443,-70.90544,10.163739734520805
2018-12-03,41.624443,-70.90544,1.6683507485111715
2018-12-04,41.624443,-70.90544,0.0
2018-12-05,41.624443,-70.90544,0.0
2018-12-06,41.624443,-70.90544,0.0
2018-12-07,41.624443,-70.90544,0.011089769588788998
2018-12-08,41.624443,-70.90544,0.0
2018-12-09,41.624443,-70.90544,0.0
2018-12-10,41.624443,-70.90544,0.0022775185537201267
2018-12-11,41.624443,-70.90544,0.0
2018-12-12,41.624443,-70.90544,0.0
2018-12-13,41.624443,-70.90544,0.006190944594446897
2018-12-14,41.624443,-70.90544,0.0
2018-12-15,41.624443,-70.90544,7.95080150341775
2018-12-16,41.624443,-70.90544,4.349474585969088
2018-12-17,41.624443,-70.90544,12.259715641458532
2018-12-18,41.624443,-70.90544,0.0
2018-12-19,41.624443,-70.90544,0.0
2018-12-20,41.624443,-70.90544,0.0033666406339449176
2018-12-21,41.624443,-70.90544,51.82952547086078
2018-12-22,41.624443,-70.90544,6.2916236827471135
2018-12-23,41.624443,-70.90544,0.0
2018-12-24,41.624443,-70.90544,0.08350688386955633
2018-12-25,41.624443,-70.90544,0.1228396574035791
2018-12-26,41.624443,-70.90544,0.0
2018-12-27,41.624443,-70.90544,0.0061639015234045795
2018-12-28,41.624443,-70.90544,35.978320035389466
2018-12-29,41.624443,-70.90544,4.641101007550797
2018-12-30,41.624443,-70.90544,0.0
2018-12-31,41.624443,-70.90544,3.0311770702874923
2019-01-01,41.624443,-70.90544,22.20370148936716
2019-01-02,41.624443,-70.90544,0.003264170275882476
2019-01-03,41.624443,-70.90544,4.862497688584725
2019-01-04,41.624443,-70.90544,0.0
2019-01-05,41.624443,-70.90544,32.90193283165016
2019-01-06,41.624443,-70.90544,3.8209620217917246
2019-01-07,41.624443,-70.90544,0.0011387592768600633
2019-01-08,41.624443,-70.90544,0.8885309389144536
2019-01-09,41.624443,-70.90544,2.527659918536966
2019-01-10,41.624443,-70.90544,0.43575555317040165
2019-01-11,41.624443,-70.90544,0.014916927971830946
2019-01-12,41.624443,-70.90544,0.004250821998044825
2019-01-13,41.624443,-70.90544,0.0276303425914027
2019-01-14,41.624443,-70.90544,0.025217713696515938
2019-01-15,41.624443,-70.90544,0.0293070939832156
2019-01-16,41.624443,-70.90544,0.0
2019-01-17,41.624443,-70.90544,0.0
2019-01-18,41.624443,-70.90544,0.29884615211127563
2019-01-19,41.624443,-70.90544,0.733238324182563
2019-01-20,41.624443,-70.90544,88.51624036128123
2019-01-21,41.624443,-70.90544,0.0
2019-01-22,41.624443,-70.90544,0.0
2019-01-23,41.624443,-70.90544,0.6836281873718223
2019-01-24,41.624443,-70.90544,40.146697530589975
2019-01-25,41.624443,-70.90544,0.0011387592768600633
2019-01-26,41.624443,-70.90544,0.0049592924630151814
2019-01-27,41.624443,-70.90544,0.015025790170083977
2019-01-28,41.624443,-70.90544,0.7148010162483125
2019-01-29,41.624443,-70.90544,0.08770550216048692
2019-01-30,41.624443,-70.90544,3.7717296283958093
2019-01-31,41.624443,-70.90544,0.0
2019-02-01,41.624443,-70.90544,0.0
2019-02-02,41.624443,-70.90544,0.053073253766764215
2019-02-03,41.624443,-70.90544,0.26506230464727515
2019-02-04,41.624443,-70.90544,0.0
2019-02-05,41.624443,-70.90544,0.38526770320424647
2019-02-06,41.624443,-70.90544,0.18506863289624054
2019-02-07,41.624443,-70.90544,17.481074953731287
2019-02-08,41.624443,-70.90544,11.412669803653614
2019-02-09,41.624443,-70.90544,0.005111399885750009
2019-02-10,41.624443,-70.90544,0.0012778499714375022
2019-02-11,41.624443,-70.90544,0.16366149049275902
2019-02-12,41.624443,-70.90544,14.91544442899994
2019-02-13,41.624443,-70.90544,22.73853499290953
2019-02-14,41.624443,-70.90544,0.040095439940790706
2019-02-15,41.624443,-70.90544,3.311049359536686
2019-02-16,41.624443,-70.90544,5.894380241844265
2019-02-17,41.624443,-70.90544,0.0
2019-02-18,41.624443,-70.90544,13.002228005041948
2019-02-19,41.624443,-70.90544,0.0
2019-02-20,41.624443,-70.90544,0.2130654777023265
2019-02-21,41.624443,-70.90544,7.49157204977362
2019-02-22,41.624443,-70.90544,0.008948145764854414
2019-02-23,41.624443,-70.90544,0.0014169406660149411
2019-02-24,41.624443,-70.90544,22.49025971345864
2019-02-25,41.624443,-70.90544,0.06638990622863679
2019-02-26,41.624443,-70.90544,0.0
2019-02-27,41.624443,-70.90544,0.4665861842848435
2019-02-28,41.624443,-70.90544,1.9872148880415568
2019-03-01,41.624443,-70.90544,0.11112668329061903
2019-03-02,41.624443,-70.90544,10.25656641034249
2019-03-03,41.624443,-70.90544,0.3226204006121473
2019-03-04,41.624443,-70.90544,51.90200248514449
2019-03-05,41.624443,-70.90544,0.0
2019-03-06,41.624443,-70.90544,0.0
2019-03-07,41.624443,-70.90544,0.0
2019-03-08,41.624443,-70.90544,0.0
2019-03-09,41.624443,-70.90544,0.0
2019-03-10,41.624443,-70.90544,7.240194019807349
2019-03-11,41.624443,-70.90544,0.25950024757652485
2019-03-12,41.624443,-70.90544,0.0
2019-03-13,41.624443,-70.90544,0.0020636481981489664
2019-03-14,41.624443,-70.90544,1.7379734422068807
2019-03-15,41.624443,-70.90544,3.5417178088437797
2019-03-16,41.624443,-70.90544,2.827111445535837
2019-03-17,41.624443,-70.90544,0.0
2019-03-18,41.624443,-70.90544,0.0
2019-03-19,41.624443,-70.90544,0.0
2019-03-20,41.624443,-70.90544,0.0
2019-03-21,41.624443,-70.90544,1.0954342702690725
2019-03-22,41.624443,-70.90544,18.227216950746577
2019-03-23,41.624443,-70.90544,0.08308033562350906
2019-03-24,41.624443,-70.90544,0.0033170034373096453
2019-03-25,41.624443,-70.90544,0.3420401960737579
2019-03-26,41.624443,-70.90544,0.03344117505864561
2019-03-27,41.624443,-70.90544,0.0
2019-03-28,41.624443,-70.90544,0.0
2019-03-29,41.624443,-70.90544,2.3713046461332152
2019-03-30,41.624443,-70.90544,0.17165172032914278
2019-03-31,41.624443,-70.90544,4.826486077303978
2019-04-01,41.624443,-70.90544,0.3539749761063108
2019-04-02,41.624443,-70.90544,0.0
2019-04-03,41.624443,-70.90544,37.095651336848206
2019-04-04,41.624443,-70.90544,0.0
2019-04-05,41.624443,-70.90544,0.3051885979224211
2019-04-06,41.624443,-70.90544,4.081074585398415
2019-04-07,41.624443,-70.90544,0.0932227672556967
2019-04-08,41.624443,-70.90544,8.655199761450607
2019-04-09,41.624443,-70.90544,3.280021777783203
2019-04-10,41.624443,-70.90544,0.5476149072224902
2019-04-11,41.624443,-70.90544,0.008254592792595866
2019-04-12,41.624443,-70.90544,0.6274476759146712
2019-04-13,41.624443,-70.90544,14.044148426135635
2019-04-14,41.624443,-70.90544,0.4716971415062577
2019-04-15,41.624443,-70.90544,27.623217412379514
2019-04-16,41.624443,-70.90544,0.011808061126044872
2019-04-17,41.624443,-70.90544,0.017217656302583637
2019-04-18,41.624443,-70.90544,0.41530473374709853
2019-04-19,41.624443,-70.90544,0.16526671175916752
2019-04-20,41.624443,-70.90544,14.24859198746194
2019-04-21,41.624443,-70.90544,13.871648467852207
2019-04-22,41.624443,-70.90544,7.206034457258395
2019-04-23,41.624443,-70.90544,0.11163372721363331
2019-04-24,41.624443,-70.90544,5.8683487856502445
2019-04-25,41.624443,-70.90544,0.022931616301806085
2019-04-26,41.624443,-70.90544,6.4219353452993495
2019-04-27,41.624443,-70.90544,5.6466519314541745
2019-04-28,41.624443,-70.90544,4.096690280844384
2019-04-29,41.624443,-70.90544,0.19527583599076073
2019-04-30,41.624443,-70.90544,5.706363729317982
2019-05-01,41.624443,-70.90544,0.3019007659563323
2019-05-02,41.624443,-70.90544,1.4939108490665312
2019-05-03,41.624443,-70.90544,0.6972450760172823
2019-05-04,41.624443,-70.90544,8.669180544261758
2019-05-05,41.624443,-70.90544,21.526959202243788
2019-05-06,41.624443,-70.90544,10.893932693760584
2019-05-07,41.624443,-70.90544,0.005124417064035957
2019-05-08,41.624443,-70.90544,0.6725321286546802
2019-05-09,41.624443,-70.90544,0.08313464408335809
2019-05-10,41.624443,-70.90544,1.5239339342930096
2019-05-11,41.624443,-70.90544,0.08074828385835398
2019-05-12,41.624443,-70.90544,30.19830981481318
2019-05-13,41.624443,-70.90544,6.109348391428708
2019-05-14,41.624443,-70.90544,5.989550287320669
2019-05-15,41.624443,-70.90544,0.1208282010458328
2019-05-16,41.624443,-70.90544,0.04044241357161496
2019-05-17,41.624443,-70.90544,2.7760412200183286
2019-05-18,41.624443,-70.90544,0.0024166092482975662
2019-05-19,41.624443,-70.90544,0.009210114197134231
2019-05-20,41.624443,-70.90544,0.5942709444418373
2019-05-21,41.624443,-70.90544,0.05458616325136757
2019-05-22,41.624443,-70.90544,0.0
2019-05-23,41.624443,-70.90544,0.48478029894658603
2019-05-24,41.624443,-70.90544,0.9146903342023212
2019-05-25,41.624443,-70.90544,0.019053811555271312
2019-05-26,41.624443,-70.90544,0.7105243503516618
2019-05-27,41.624443,-70.90544,0.4527467308951678
2019-05-28,41.624443,-70.90544,0.34375234978755626
2019-05-29,41.624443,-70.90544,0.6609304796433355
2019-05-30,41.624443,-70.90544,1.931186771196478
2019-05-31,41.624443,-70.90544,8.950045331218073
2019-06-01,41.624443,-70.90544,0.4500281558451313
2019-06-02,41.624443,-70.90544,1.0791849096495587
2019-06-03,41.624443,-70.90544,1.22799685132849
2019-06-04,41.624443,-70.90544,0.0
2019-06-05,41.624443,-70.90544,0.10221172966026659
2019-06-06,41.624443,-70.90544,4.30492228990797
2019-06-07,41.624443,-70.90544,0.1247050110679006
2019-06-08,41.624443,-70.90544,0.08997573295176321
2019-06-09,41.624443,-70.90544,0.0
2019-06-10,41.624443,-70.90544,1.519623715735098
2019-06-11,41.624443,-70.90544,15.656292734823623
2019-06-12,41.624443,-70.90544,0.0
2019-06-13,41.624443,-70.90544,19.897854386116183
2019-06-14,41.624443,-70.90544,0.0
2019-06-15,41.624443,-70.90544,0.0
2019-06-16,41.624443,-70.90544,2.722148099891828
2019-06-17,41.624443,-70.90544,1.6910193386209982
2019-06-18,41.624443,-70.90544,7.191736682727194
2019-06-19,41.624443,-70.90544,2.9789677540921984
2019-06-20,41.624443,-70.90544,1.539414527187064
2019-06-21,41.624443,-70.90544,28.3147439236031
2019-06-22,41.624443,-70.90544,1.809339403683346
2019-06-23,41.624443,-70.90544,0.006263176128785572
2019-06-24,41.624443,-70.90544,0.05689453061740096
2019-06-25,41.624443,-70.90544,24.318562382530132
2019-06-26,41.624443,-70.90544,0.07446049822490713
2019-06-27,41.624443,-70.90544,0.0
2019-06-28,41.624443,-70.90544,0.004402929552742539
2019-06-29,41.624443,-70.90544,6.239023713862214
2019-06-30,41.624443,-70.90544,8.115912375222171
2019-07-01,41.624443,-70.90544,0.32484346964769084
2019-07-02,41.624443,-70.90544,0.9062071105376963
2019-07-03,41.624443,-70.90544,0.0
2019-07-04,41.624443,-70.90544,0.0
2019-07-05,41.624443,-70.90544,0.0
2019-07-06,41.624443,-70.90544,0.035755558616114236
2019-07-07,41.624443,-70.90544,0.9015728258320586
2019-07-08,41.624443,-70.90544,1.2508730549020313
2019-07-09,41.624443,-70.90544,0.0
2019-07-10,41.624443,-70.90544,0.0
2019-07-11,41.624443,-70.90544,0.012824951469066188
2019-07-12,41.624443,-70.90544,37.19992141084394
2019-07-13,41.624443,-70.90544,0.006190944594446897
2019-07-14,41.624443,-70.90544,0.0144455377714272
2019-07-15,41.624443,-70.90544,0.0
2019-07-16,41.624443,-70.90544,0.0
2019-07-17,41.624443,-70.90544,0.28184415682636754
2019-07-18,41.624443,-70.90544,3.4238928341441364
2019-07-19,41.624443,-70.90544,0.15446948647681577
2019-07-20,41.624443,-70.90544,0.16844462976139388
2019-07-21,41.624443,-70.90544,0.21105278064810343
2019-07-22,41.624443,-70.90544,0.5165253474073087
2019-07-23,41.624443,-70.90544,42.00612881037027
2019-07-24,41.624443,-70.90544,16.122499527237995
2019-07-25,41.624443,-70.90544,1.1606583196780018
2019-07-26,41.624443,-70.90544,0.0
2019-07-27,41.624443,-70.90544,7.603727351698481
2019-07-28,41.624443,-70.90544,0.004402929552742539
2019-07-29,41.624443,-70.90544,0.0
2019-07-30,41.624443,-70.90544,0.0022775185537201267
2019-07-31,41.624443,-70.90544,0.0
2019-08-01,41.624443,-70.90544,0.5370725134850284
2019-08-02,41.624443,-70.90544,0.0085406942582848
2019-08-03,41.624443,-70.90544,0.0
2019-08-04,41.624443,-70.90544,0.5029175242482056
2019-08-05,41.624443,-70.90544,0.006832555661160382
2019-08-06,41.624443,-70.90544,9.586100834173445
2019-08-07,41.624443,-70.90544,0.07911622120240823
2019-08-08,41.624443,-70.90544,5.948371425049312
2019-08-09,41.624443,-70.90544,0.022590419305818857
2019-08-10,41.624443,-70.90544,0.6233895081705123
2019-08-11,41.624443,-70.90544,0.0
2019-08-12,41.624443,-70.90544,0.012014658510077901
2019-08-13,41.624443,-70.90544,15.665033980908463
2019-08-14,41.624443,-70.90544,0.8039815151844849
2019-08-15,41.624443,-70.90544,0.024665788621595637
2019-08-16,41.624443,-70.90544,0.0
2019-08-17,41.624443,-70.90544,0.015618772975988699
2019-08-18,41.624443,-70.90544,0.8226254827844826
2019-08-19,41.624443,-70.90544,1.5885421683811598
2019-08-20,41.624443,-70.90544,0.04648891960257515
2019-08-21,41.624443,-70.90544,1.914766937086995
2019-08-22,41.624443,-70.90544,1.0558641704728018
2019-08-23,41.624443,-70.90544,7.772774329857539
2019-08-24,41.624443,-70.90544,0.10496658110643836
2019-08-25,41.624443,-70.90544,0.007444299833607578
2019-08-26,41.624443,-70.90544,0.0
2019-08-27,41.624443,-70.90544,0.35701115019568874
2019-08-28,41.624443,-70.90544,8.601305171030633
2019-08-29,41.624443,-70.90544,36.61535744742374
2019-08-30,41.624443,-70.90544,0.0
2019-08-31,41.624443,-70.90544,0.03194624999999189
2019-09-01,41.624443,-70.90544,0.0
2019-09-02,41.624443,-70.90544,0.7577016011388161
2019-09-03,41.624443,-70.90544,0.03995763593213978
2019-09-04,41.624443,-70.90544,0.0012778499714375022
2019-09-05,41.624443,-70.90544,0.005835435311588028
2019-09-06,41.624443,-70.90544,11.731091981087502
2019-09-07,41.624443,-70.90544,35.26103366939999
2019-09-08,41.624443,-70.90544,0.0
2019-09-09,41.624443,-70.90544,0.01441096744886352
2019-09-10,41.624443,-70.90544,0.0
2019-09-11,41.624443,-70.90544,0.08959565968489343
2019-09-12,41.624443,-70.90544,3.5444223880203114
2019-09-13,41.624443,-70.90544,0.0
2019-09-14,41.624443,-70.90544,0.003985657575065448
2019-09-15,41.624443,-70.90544,0.180879596891832
2019-09-16,41.624443,-70.90544,0.0
2019-09-17,41.624443,-70.90544,0.0
2019-09-18,41.624443,-70.90544,0.0
2019-09-19,41.624443,-70.90544,0.0
2019-09-20,41.624443,-70.90544,0.0
2019-09-21,41.624443,-70.90544,0.0
2019-09-22,41.624443,-70.90544,0.0016585017186548227
2019-09-23,41.624443,-70.90544,0.0
2019-09-24,41.624443,-70.90544,13.902053542689716
2019-09-25,41.624443,-70.90544,0.0
2019-09-26,41.624443,-70.90544,1.7559159478093784
2019-09-27,41.624443,-70.90544,0.0
2019-09-28,41.624443,-70.90544,0.0
2019-09-29,41.624443,-70.90544,0.0
2019-09-30,41.624443,-70.90544,0.03062540840301687
2019-10-01,41.624443,-70.90544,0.0035423515330744665
2019-10-02,41.624443,-70.90544,0.7930846420501414
2019-10-03,41.624443,-70.90544,1.292965689665059
2019-10-04,41.624443,-70.90544,0.04471761292575442
2019-10-05,41.624443,-70.90544,0.0
2019-10-06,41.624443,-70.90544,0.0
2019-10-07,41.624443,-70.90544,0.10939016102274554
2019-10-08,41.624443,-70.90544,2.1227567068744255
2019-10-09,41.624443,-70.90544,9.782906513492875
2019-10-10,41.624443,-70.90544,8.025381527503036
2019-10-11,41.624443,-70.90544,2.0390960690265727
2019-10-12,41.624443,-70.90544,0.0022775185537201267
2019-10-13,41.624443,-70.90544,0.0
2019-10-14,41.624443,-70.90544,6.254815548184821
2019-10-15,41.624443,-70.90544,0.0
2019-10-16,41.624443,-70.90544,3.3237638087001278
2019-10-17,41.624443,-70.90544,35.23495279837848
2019-10-18,41.624443,-70.90544,0.017528009026426327
2019-10-19,41.624443,-70.90544,0.0
2019-10-20,41.624443,-70.90544,2.168824226140563
2019-10-21,41.624443,-70.90544,11.5848019180986
2019-10-22,41.624443,-70.90544,0.23830677699983754
2019-10-23,41.624443,-70.90544,9.612198591511625
2019-10-24,41.624443,-70.90544,0.0
2019-10-25,41.624443,-70.90544,0.005544237062312873
2019-10-26,41.624443,-70.90544,1.3028517283550876
2019-10-27,41.624443,-70.90544,40.0232848019781
2019-10-28,41.624443,-70.90544,0.0014169406660149411
2019-10-29,41.624443,-70.90544,0.0
2019-10-30,41.624443,-70.90544,0.00468111080993453
2019-10-31,41.624443,-70.90544,17.530349501584244
2019-11-01,41.624443,-70.90544,0.7945813052440384
2019-11-02,41.624443,-70.90544,0.0
2019-11-03,41.624443,-70.90544,0.34116469164536056
2019-11-04,41.624443,-70.90544,0.0
2019-11-05,41.624443,-70.90544,10.407223334594637
2019-11-06,41.624443,-70.90544,0.0
2019-11-07,41.624443,-70.90544,0.21369196149901068
2019-11-08,41.624443,-70.90544,6.721492413491595
2019-11-09,41.624443,-70.90544,0.0
2019-11-10,41.624443,-70.90544,0.012374244278652531
2019-11-11,41.624443,-70.90544,0.12474732146590127
2019-11-12,41.624443,-70.90544,14.006213754129108
2019-11-13,41.624443,-70.90544,1.9535293971774195
2019-11-14,41.624443,-70.90544,0.0
2019-11-15,41.624443,-70.90544,0.0073522975819246645
2019-11-16,41.624443,-70.90544,0.0
2019-11-17,41.624443,-70.90544,0.0
2019-11-18,41.624443,-70.90544,3.5497295188185265
2019-11-19,41.624443,-70.90544,0.5466642382937096
2019-11-20,41.624443,-70.90544,0.27836713532804946
2019-11-21,41.624443,-70.90544,0.0
2019-11-22,41.624443,-70.90544,10.702790573758785
2019-11-23,41.624443,-70.90544,0.0
2019-11-24,41.624443,-70.90544,31.34401075890593
2019-11-25,41.624443,-70.90544,0.06761695425493502
2019-11-26,41.624443,-70.90544,0.005958960913334921
2019-11-27,41.624443,-70.90544,8.60838181668902
2019-11-28,41.624443,-70.90544,5.98401977364132
2019-11-29,41.624443,-70.90544,0.0
2019-11-30,41.624443,-70.90544,0.0
2019-12-01,41.624443,-70.90544,6.4042324289198564
2019-12-02,41.624443,-70.90544,4.838133203390174
2019-12-03,41.624443,-70.90544,5.823196792923945
2019-12-04,41.624443,-70.90544,0.005683975488971938
2019-12-05,41.624443,-70.90544,0.006683644071254563
2019-12-06,41.624443,-70.90544,0.3380643946836376
2019-12-07,41.624443,-70.90544,0.0
2019-12-08,41.624443,-70.90544,0.0
2019-12-09,41.624443,-70.90544,33.63094306976764
2019-12-10,41.624443,-70.90544,55.837009232050264
2019-12-11,41.624443,-70.90544,5.376067021994307
2019-12-12,41.624443,-70.90544,0.004820201636474857
2019-12-13,41.624443,-70.90544,0.09264565013228664
2019-12-14,41.624443,-70.90544,69.41586856617617
2019-12-15,41.624443,-70.90544,0.5295311707988507
2019-12-16,41.624443,-70.90544,0.0
2019-12-17,41.624443,-70.90544,9.441150191349932
2019-12-18,41.624443,-70.90544,1.2168269535694265
2019-12-19,41.624443,-70.90544,0.0
2019-12-20,41.624443,-70.90544,0.0
2019-12-21,41.624443,-70.90544,0.0
2019-12-22,41.624443,-70.90544,0.0007084703330074706
2019-12-23,41.624443,-70.90544,0.0020636481981489664
2019-12-24,41.624443,-70.90544,0.06544358136989802
2019-12-25,41.624443,-70.90544,0.0
2019-12-26,41.624443,-70.90544,0.327270954107662
2019-12-27,41.624443,-70.90544,0.6256623825013666
2019-12-28,41.624443,-70.90544,0.0
2019-12-29,41.624443,-70.90544,0.023233930559678456
2019-12-30,41.624443,-70.90544,37.6272788617044
2019-12-31,41.624443,-70.90544,3.800590270354127
2020-01-01,41.624443,-70.90544,0.6180425518404262
2020-01-02,41.624443,-70.90544,0.0
2020-01-03,41.624443,-70.90544,9.312727164024274
2020-01-04,41.624443,-70.90544,19.13653465204821
2020-01-05,41.624443,-70.90544,3.682194592734631
2020-01-06,41.624443,-70.90544,0.0
2020-01-07,41.624443,-70.90544,0.0047584388356014095
2020-01-08,41.624443,-70.90544,3.107774155660549
2020-01-09,41.624443,-70.90544,0.0007084703330074706
2020-01-10,41.624443,-70.90544,0.24984763853025435
2020-01-11,41.624443,-70.90544,2.429534957129129
2020-01-12,41.624443,-70.90544,3.298843428407903
2020-01-13,41.624443,-70.90544,0.03332593202181923
2020-01-14,41.624443,-70.90544,0.1480271552986121
2020-01-15,41.624443,-70.90544,0.016181761054815936
2020-01-16,41.624443,-70.90544,0.6418395457376955
2020-01-17,41.624443,-70.90544,0.0
2020-01-18,41.624443,-70.90544,0.0
2020-01-19,41.624443,-70.90544,0.34850094621955574
2020-01-20,41.624443,-70.90544,0.0
2020-01-21,41.624443,-70.90544,0.0
2020-01-22,41.624443,-70.90544,0.0007084703330074706
2020-01-23,41.624443,-70.90544,0.0
2020-01-24,41.624443,-70.90544,0.0012778499714375022
2020-01-25,41.624443,-70.90544,2.4869205335970856
2020-01-26,41.624443,-70.90544,17.677274682428926
2020-01-27,41.624443,-70.90544,0.0066674313783052774
2020-01-28,41.624443,-70.90544,0.0
2020-01-29,41.624443,-70.90544,0.0033170034373096453
2020-01-30,41.624443,-70.90544,0.0
2020-01-31,41.624443,-70.90544,0.020736159889736892
2020-02-01,41.624443,-70.90544,3.1540647981770054
2020-02-02,41.624443,-70.90544,0.046566860626801806
2020-02-03,41.624443,-70.90544,0.0
2020-02-04,41.624443,-70.90544,4.646046825227168
2020-02-05,41.624443,-70.90544,5.688338952736819
2020-02-06,41.624443,-70.90544,7.790269917159413
2020-02-07,41.624443,-70.90544,24.670420188927892
2020-02-08,41.624443,-70.90544,0.0
2020-02-09,41.624443,-70.90544,0.0
2020-02-10,41.624443,-70.90544,12.438050422643169
2020-02-11,41.624443,-70.90544,17.438683445765324
2020-02-12,41.624443,-70.90544,0.4136972896811943
2020-02-13,41.624443,-70.90544,24.96593619386645
2020-02-14,41.624443,-70.90544,0.006098051739875245
2020-02-15,41.624443,-70.90544,0.0
2020-02-16,41.624443,-70.90544,0.0011387592768600633
2020-02-17,41.624443,-70.90544,0.0
2020-02-18,41.624443,-70.90544,1.0793556204825405
2020-02-19,41.624443,-70.90544,3.023707497742832
2020-02-20,41.624443,-70.90544,0.0
2020-02-21,41.624443,-70.90544,0.0
2020-02-22,41.624443,-70.90544,0.0
2020-02-23,41.624443,-70.90544,0.0
2020-02-24,41.624443,-70.90544,0.0
2020-02-25,41.624443,-70.90544,0.9502329152541498
2020-02-26,41.624443,-70.90544,0.13483525845071842
2020-02-27,41.624443,-70.90544,25.612966046041187
2020-02-28,41.624443,-70.90544,0.0
2020-02-29,41.624443,-70.90544,0.0
2020-03-01,41.624443,-70.90544,0.0
2020-03-02,41.624443,-70.90544,0.0
2020-03-03,41.624443,-70.90544,1.8641578149597322
2020-03-04,41.624443,-70.90544,6.556928213216883
2020-03-05,41.624443,-70.90544,0.10965048550037548
2020-03-06,41.624443,-70.90544,1.5639386614613935
2020-03-07,41.624443,-70.90544,17.673244752450383
2020-03-08,41.624443,-70.90544,0.0
2020-03-09,41.624443,-70.90544,0.0
2020-03-10,41.624443,-70.90544,0.09431379626379997
2020-03-11,41.624443,-70.90544,0.21236838017942403
2020-03-12,41.624443,-70.90544,0.004733944103324587
2020-03-13,41.624443,-70.90544,1.8025874185448365
2020-03-14,41.624443,-70.90544,0.0
2020-03-15,41.624443,-70.90544,0.9972407905321592
2020-03-16,41.624443,-70.90544,0.0
2020-03-17,41.624443,-70.90544,0.32118624194946244
2020-03-18,41.624443,-70.90544,0.023317755474673577
2020-03-19,41.624443,-70.90544,12.653719635304938
2020-03-20,41.624443,-70.90544,2.5995367938694836
2020-03-21,41.624443,-70.90544,1.395011072085441
2020-03-22,41.624443,-70.90544,0.0
2020-03-23,41.624443,-70.90544,43.44062875525502
2020-03-24,41.624443,-70.90544,13.70024375934003
2020-03-25,41.624443,-70.90544,1.540240697237213
2020-03-26,41.624443,-70.90544,0.042081558565755774
2020-03-27,41.624443,-70.90544,0.6254591024473087
2020-03-28,41.624443,-70.90544,6.1767281126313485
2020-03-29,41.624443,-70.90544,13.954378417328602
2020-03-30,41.624443,-70.90544,5.572637359608846
2020-03-31,41.624443,-70.90544,0.2920167910901739
2020-04-01,41.624443,-70.90544,0.037914403835369016
2020-04-02,41.624443,-70.90544,7.60830223765332
2020-04-03,41.624443,-70.90544,11.321086964506225
2020-04-04,41.624443,-70.90544,0.28321194395861055
2020-04-05,41.624443,-70.90544,0.023615593824458922
2020-04-06,41.624443,-70.90544,0.10409108461780169
2020-04-07,41.624443,-70.90544,0.0
2020-04-08,41.624443,-70.90544,1.6554843683340312
2020-04-09,41.624443,-70.90544,12.911124897621647
2020-04-10,41.624443,-70.90544,0.7346477490453681
2020-04-11,41.624443,-70.90544,0.0014169406660149411
2020-04-12,41.624443,-70.90544,0.020818213031199705
2020-04-13,41.624443,-70.90544,24.363673117173754
2020-04-14,41.624443,-70.90544,0.016429714284898665
2020-04-15,41.624443,-70.90544,14.695716494654787
2020-04-16,41.624443,-70.90544,0.18701961802300798
2020-04-17,41.624443,-70.90544,0.0020636481981489664
2020-04-18,41.624443,-70.90544,12.672416379692306
2020-04-19,41.624443,-70.90544,0.017670943301981122
2020-04-20,41.624443,-70.90544,9.093810781996769
2020-04-21,41.624443,-70.90544,11.065581051551359
2020-04-22,41.624443,-70.90544,0.014926515158973381
2020-04-23,41.624443,-70.90544,0.04801278821535588
2020-04-24,41.624443,-70.90544,35.03800900189591
2020-04-25,41.624443,-70.90544,1.608678661377285
2020-04-26,41.624443,-70.90544,21.685788126215698
2020-04-27,41.624443,-70.90544,2.7786234786551063
2020-04-28,41.624443,-70.90544,0.9445813963406857
2020-04-29,41.624443,-70.90544,0.018624404633777743
2020-04-30,41.624443,-70.90544,8.58074284205135
2020-05-01,41.624443,-70.90544,20.224561970553
2020-05-02,41.624443,-70.90544,0.3845867230263628
2020-05-03,41.624443,-70.90544,1.0943924908846037
2020-05-04,41.624443,-70.90544,3.2798402485320897
2020-05-05,41.624443,-70.90544,0.0
2020-05-06,41.624443,-70.90544,1.187922241375436
2020-05-07,41.624443,-70.90544,1.8106182271567621
2020-05-08,41.624443,-70.90544,1.3062024476160847
2020-05-09,41.624443,-70.90544,6.471685829806864
2020-05-10,41.624443,-70.90544,0.06538549415083318
2020-05-11,41.624443,-70.90544,2.706864124960673
2020-05-12,41.624443,-70.90544,0.0
2020-05-13,41.624443,-70.90544,0.0037717871134390615
2020-05-14,41.624443,-70.90544,0.0
2020-05-15,41.624443,-70.90544,4.768199936766369
2020-05-16,41.624443,-70.90544,9.740278478753693
2020-05-17,41.624443,-70.90544,0.004972309085117346
2020-05-18,41.624443,-70.90544,2.7246116727386807
2020-05-19,41.624443,-70.90544,0.1461517875459163
2020-05-20,41.624443,-70.90544,0.04772572002191622
2020-05-21,41.624443,-70.90544,0.0
2020-05-22,41.624443,-70.90544,0.0
2020-05-23,41.624443,-70.90544,25.241926636817087
2020-05-24,41.624443,-70.90544,0.42134389291993685
2020-05-25,41.624443,-70.90544,0.0706030772864284
2020-05-26,41.624443,-70.90544,0.034103043748500456
2020-05-27,41.624443,-70.90544,0.0
2020-05-28,41.624443,-70.90544,0.34045297618403825
2020-05-29,41.624443,-70.90544,0.735857421228214
2020-05-30,41.624443,-70.90544,3.0105731271239344
2020-05-31,41.624443,-70.90544,0.06891617483302775
2020-06-01,41.624443,-70.90544,0.05195518899396689
2020-06-02,41.624443,-70.90544,1.304281177138295
2020-06-03,41.624443,-70.90544,6.753607022175654
2020-06-04,41.624443,-70.90544,1.353088922739429
2020-06-05,41.624443,-70.90544,11.160813396211756
2020-06-06,41.624443,-70.90544,27.173696399121848
2020-06-07,41.624443,-70.90544,0.01729691698783946
2020-06-08,41.624443,-70.90544,0.0
2020-06-09,41.624443,-70.90544,0.002846898086094933
2020-06-10,41.624443,-70.90544,0.4829452730692024
2020-06-11,41.624443,-70.90544,13.42591584894308
2020-06-12,41.624443,-70.90544,10.02033574162535
2020-06-13,41.624443,-70.90544,0.0
2020-06-14,41.624443,-70.90544,0.03284883915475136
2020-06-15,41.624443,-70.90544,0.7033782782419815
2020-06-16,41.624443,-70.90544,0.0
2020-06-17,41.624443,-70.90544,0.0
2020-06-18,41.624443,-70.90544,0.0948805622544467
2020-06-19,41.624443,-70.90544,0.050223041363732374
2020-06-20,41.624443,-70.90544,0.005693796172189866
2020-06-21,41.624443,-70.90544,0.26788317173267334
2020-06-22,41.624443,-70.90544,0.5525675757875805
2020-06-23,41.624443,-70.90544,0.22129901156539616
2020-06-24,41.624443,-70.90544,0.12347845316665007
2020-06-25,41.624443,-70.90544,0.0
2020-06-26,41.624443,-70.90544,0.1955180995666819
2020-06-27,41.624443,-70.90544,13.639853050621118
2020-06-28,41.624443,-70.90544,1.4899069187999632
2020-06-29,41.624443,-70.90544,19.004921801203032
2020-06-30,41.624443,-70.90544,0.18207877512440032
2020-07-01,41.624443,-70.90544,1.4625150115505603
2020-07-02,41.624443,-70.90544,1.1550939107963636
2020-07-03,41.624443,-70.90544,0.9916781811295594
2020-07-04,41.624443,-70.90544,0.6366956882199208
2020-07-05,41.624443,-70.90544,0.2157384302272575
2020-07-06,41.624443,-70.90544,0.035638658626108766
2020-07-07,41.624443,-70.90544,0.0
2020-07-08,41.624443,-70.90544,0.09486051935060003
2020-07-09,41.624443,-70.90544,0.05555088237682424
2020-07-10,41.624443,-70.90544,0.12344558935275773
2020-07-11,41.624443,-70.90544,3.571086436898437
2020-07-12,41.624443,-70.90544,0.5292160279039669
2020-07-13,41.624443,-70.90544,0.12973799318775653
2020-07-14,41.624443,-70.90544,1.5709829619832638
2020-07-15,41.624443,-70.90544,0.4346696117585877
2020-07-16,41.624443,-70.90544,0.0
2020-07-17,41.624443,-70.90544,6.4073464484425555
2020-07-18,41.624443,-70.90544,0.020901922763276973
2020-07-19,41.624443,-70.90544,0.0
2020-07-20,41.624443,-70.90544,4.2762476595934915
2020-07-21,41.624443,-70.90544,0.16090066063201364
2020-07-22,41.624443,-70.90544,3.6880974710036214
2020-07-23,41.624443,-70.90544,4.731000251611763
2020-07-24,41.624443,-70.90544,0.908352733385299
2020-07-25,41.624443,-70.90544,0.04127296242544157
2020-07-26,41.624443,-70.90544,0.08012528179863906
2020-07-27,41.624443,-70.90544,0.0
2020-07-28,41.624443,-70.90544,0.0016585017186548227
2020-07-29,41.624443,-70.90544,0.0055286721014452134
2020-07-30,41.624443,-70.90544,0.2630833926982985
2020-07-31,41.624443,-70.90544,34.517305955774
2020-08-01,41.624443,-70.90544,0.007541025994167852
2020-08-02,41.624443,-70.90544,0.05210895277545801
2020-08-03,41.624443,-70.90544,0.08687530686445727
2020-08-04,41.624443,-70.90544,0.20275085066728477
2020-08-05,41.624443,-70.90544,0.0
2020-08-06,41.624443,-70.90544,0.18815707776349286
2020-08-07,41.624443,-70.90544,3.5317043242510486
2020-08-08,41.624443,-70.90544,0.04105375399106736
2020-08-09,41.624443,-70.90544,0.0
2020-08-10,41.624443,-70.90544,0.003416277830580191
2020-08-11,41.624443,-70.90544,0.0
2020-08-12,41.624443,-70.90544,0.104384429374431
2020-08-13,41.624443,-70.90544,4.559932183525268
2020-08-14,41.624443,-70.90544,2.1296144427015204
2020-08-15,41.624443,-70.90544,0.020266054847442205
2020-08-16,41.624443,-70.90544,24.728957852801127
2020-08-17,41.624443,-70.90544,1.503462913544247
2020-08-18,41.624443,-70.90544,13.025609253682008
2020-08-19,41.624443,-70.90544,6.15651214747159
2020-08-20,41.624443,-70.90544,0.0
2020-08-21,41.624443,-70.90544,0.0
2020-08-22,41.624443,-70.90544,7.909596240007486
2020-08-23,41.624443,-70.90544,0.0
2020-08-24,41.624443,-70.90544,0.6827741296907375
2020-08-25,41.624443,-70.90544,0.2234124380050079
2020-08-26,41.624443,-70.90544,0.0
2020-08-27,41.624443,-70.90544,12.74644484888726
2020-08-28,41.624443,-70.90544,1.8618919221487655
2020-08-29,41.624443,-70.90544,7.171968186476746
2020-08-30,41.624443,-70.90544,0.0
2020-08-31,41.624443,-70.90544,0.0
2020-09-01,41.624443,-70.90544,0.27329443215976934
2020-09-02,41.624443,-70.90544,4.285358155854251
2020-09-03,41.624443,-70.90544,0.011389250438733265
2020-09-04,41.624443,-70.90544,0.18509863654350245
2020-09-05,41.624443,-70.90544,0.0
2020-09-06,41.624443,-70.90544,0.0
2020-09-07,41.624443,-70.90544,0.0
2020-09-08,41.624443,-70.90544,0.0
2020-09-09,41.624443,-70.90544,1.0500896791199636
2020-09-10,41.624443,-70.90544,22.385298266124053
2020-09-11,41.624443,-70.90544,1.6363781004465505
2020-09-12,41.624443,-70.90544,0.0
2020-09-13,41.624443,-70.90544,0.0
2020-09-14,41.624443,-70.90544,5.027514754551666
2020-09-15,41.624443,-70.90544,0.0
2020-09-16,41.624443,-70.90544,0.0
2020-09-17,41.624443,-70.90544,0.03928310004690848
2020-09-18,41.624443,-70.90544,20.442642525707594
2020-09-19,41.624443,-70.90544,0.0
2020-09-20,41.624443,-70.90544,0.0
2020-09-21,41.624443,-70.90544,0.0
2020-09-22,41.624443,-70.90544,0.013268013749238581
2020-09-23,41.624443,-70.90544,0.0
2020-09-24,41.624443,-70.90544,0.0
2020-09-25,41.624443,-70.90544,0.0
2020-09-26,41.624443,-70.90544,0.0
2020-09-27,41.624443,-70.90544,0.006263176128785572
2020-09-28,41.624443,-70.90544,0.628908627970121
2020-09-29,41.624443,-70.90544,0.4587805415098829
2020-09-30,41.624443,-70.90544,12.474151945313931
2020-10-01,41.624443,-70.90544,0.0
2020-10-02,41.624443,-70.90544,0.42484992735824445
2020-10-03,41.624443,-70.90544,0.0
2020-10-04,41.624443,-70.90544,1.6063164748602263
2020-10-05,41.624443,-70.90544,4.256129330017653
2020-10-06,41.624443,-70.90544,0.0
2020-10-07,41.624443,-70.90544,1.641284948582252
2020-10-08,41.624443,-70.90544,0.0
2020-10-09,41.624443,-70.90544,0.0
2020-10-10,41.624443,-70.90544,0.08386124098087826
2020-10-11,41.624443,-70.90544,0.0
2020-10-12,41.624443,-70.90544,16.345281014559504
2020-10-13,41.624443,-70.90544,6.4198504643086745
2020-10-14,41.624443,-70.90544,0.0
2020-10-15,41.624443,-70.90544,0.33648540562657653
2020-10-16,41.624443,-70.90544,0.26364097721135105
2020-10-17,41.624443,-70.90544,50.84789910648316
2020-10-18,41.624443,-70.90544,0.0
2020-10-19,41.624443,-70.90544,0.31880204361085257
2020-10-20,41.624443,-70.90544,4.235848229495432
2020-10-21,41.624443,-70.90544,0.007097720084139758
2020-10-22,41.624443,-70.90544,0.35107896567078334
2020-10-23,41.624443,-70.90544,0.14264503103904225
2020-10-24,41.624443,-70.90544,0.0
2020-10-25,41.624443,-70.90544,0.3537847689226695
2020-10-26,41.624443,-70.90544,0.19920856470814377
2020-10-27,41.624443,-70.90544,1.8293591397159454
2020-10-28,41.624443,-70.90544,3.132857301566715
2020-10-29,41.624443,-70.90544,41.90748566275827
2020-10-30,41.624443,-70.90544,19.347891667025692
2020-10-31,41.624443,-70.90544,0.0
2020-11-01,41.624443,-70.90544,6.814453510269474
2020-11-02,41.624443,-70.90544,3.5504108333221076
2020-11-03,41.624443,-70.90544,0.3774954312506826
2020-11-04,41.624443,-70.90544,0.0
2020-11-05,41.624443,-70.90544,0.0
2020-11-06,41.624443,-70.90544,0.0
2020-11-07,41.624443,-70.90544,0.0
2020-11-08,41.624443,-70.90544,0.0
2020-11-09,41.624443,-70.90544,0.0
2020-11-10,41.624443,-70.90544,0.0
2020-11-11,41.624443,-70.90544,2.7131891863922495
2020-11-12,41.624443,-70.90544,60.236286316435304
2020-11-13,41.624443,-70.90544,3.1288146188587653
2020-11-14,41.624443,-70.90544,0.0
2020-11-15,41.624443,-70.90544,0.023379520329432104
2020-11-16,41.624443,-70.90544,4.148955684242852
2020-11-17,41.624443,-70.90544,0.0
2020-11-18,41.624443,-70.90544,0.40704548851923683
2020-11-19,41.624443,-70.90544,0.10410475059602693
2020-11-20,41.624443,-70.90544,0.1178226606646223
2020-11-21,41.624443,-70.90544,0.02551080273899835
2020-11-22,41.624443,-70.90544,1.955869593244214
2020-11-23,41.624443,-70.90544,36.830435356677484
2020-11-24,41.624443,-70.90544,0.005693796172189866
2020-11-25,41.624443,-70.90544,0.984597750775029
2020-11-26,41.624443,-70.90544,21.40508102389528
2020-11-27,41.624443,-70.90544,0.011818647433399295
2020-11-28,41.624443,-70.90544,0.025137434182525377
2020-11-29,41.624443,-70.90544,0.0
2020-11-30,41.624443,-70.90544,33.332247553399085
2020-12-01,41.624443,-70.90544,10.418820006544214
2020-12-02,41.624443,-70.90544,0.006847229498108825
2020-12-03,41.624443,-70.90544,0.0005693796384300317
2020-12-04,41.624443,-70.90544,3.4441497360360085
2020-12-05,41.624443,-70.90544,81.65438570524277
2020-12-06,41.624443,-70.90544,0.6413382137879411
2020-12-07,41.624443,-70.90544,0.0007084703330074706
2020-12-08,41.624443,-70.90544,0.027343772224755175
2020-12-09,41.624443,-70.90544,0.005111399885750009
2020-12-10,41.624443,-70.90544,0.0016585017186548227
2020-12-11,41.624443,-70.90544,0.02148431934197484
2020-12-12,41.624443,-70.90544,13.553035457589301
2020-12-13,41.624443,-70.90544,1.544347066211214
2020-12-14,41.624443,-70.90544,16.503356878396403
2020-12-15,41.624443,-70.90544,0.117698436485228
2020-12-16,41.624443,-70.90544,5.282877053434648
2020-12-17,41.624443,-70.90544,6.291664089147984
2020-12-18,41.624443,-70.90544,0.0
2020-12-19,41.624443,-70.90544,0.0
2020-12-20,41.624443,-70.90544,0.2556985033336678
2020-12-21,41.624443,-70.90544,0.019619347567729734
2020-12-22,41.624443,-70.90544,0.05596915485599842
2020-12-23,41.624443,-70.90544,0.006190944594446897
2020-12-24,41.624443,-70.90544,0.210627815074337
2020-12-25,41.624443,-70.90544,55.695389266058896
2020-12-26,41.624443,-70.90544,2.9662295055736556
2020-12-27,41.624443,-70.90544,0.0
2020-12-28,41.624443,-70.90544,0.0647378297910412
2020-12-29,41.624443,-70.90544,0.0
2020-12-30,41.624443,-70.90544,0.006355177753382787
2020-12-31,41.624443,-70.90544,11.416536892760554
2021-01-01,41.624443,-70.90544,0.05536225226953442
2021-01-02,41.624443,-70.90544,10.556979453036051
2021-01-03,41.624443,-70.90544,0.49905489417135207
2021-01-04,41.624443,-70.90544,0.16100563978238636
2021-01-05,41.624443,-70.90544,0.0
2021-01-06,41.624443,-70.90544,0.009467888206649174
2021-01-07,41.624443,-70.90544,0.006634006874619291
2021-01-08,41.624443,-70.90544,0.0
2021-01-09,41.624443,-70.90544,0.1357123945448761
2021-01-10,41.624443,-70.90544,0.045551922326310154
2021-01-11,41.624443,-70.90544,0.0028338813320298822
2021-01-12,41.624443,-70.90544,0.0
2021-01-13,41.624443,-70.90544,0.0
2021-01-14,41.624443,-70.90544,0.22248923442188162
2021-01-15,41.624443,-70.90544,0.0014169406660149411
2021-01-16,41.624443,-70.90544,63.702241034456186
2021-01-17,41.624443,-70.90544,0.0022775185537201267
2021-01-18,41.624443,-70.90544,0.0016585017186548227
2021-01-19,41.624443,-70.90544,0.0
2021-01-20,41.624443,-70.90544,0.13252847058263253
2021-01-21,41.624443,-70.90544,0.9476403001691345
2021-01-22,41.624443,-70.90544,0.0005693796384300317
2021-01-23,41.624443,-70.90544,0.0
2021-01-24,41.624443,-70.90544,0.0
2021-01-25,41.624443,-70.90544,0.0
2021-01-26,41.624443,-70.90544,0.07879346510652453
2021-01-27,41.624443,-70.90544,0.06469349210036163
2021-01-28,41.624443,-70.90544,0.0
2021-01-29,41.624443,-70.90544,0.0
2021-01-30,41.624443,-70.90544,0.0
2021-01-31,41.624443,-70.90544,0.06809889470641725
2021-02-01,41.624443,-70.90544,16.00613034669554
2021-02-02,41.624443,-70.90544,6.434171776878698
2021-02-03,41.624443,-70.90544,0.08218255810101506
2021-02-04,41.624443,-70.90544,0.0
2021-02-05,41.624443,-70.90544,2.935127566973223
2021-02-06,41.624443,-70.90544,0.0027721185311564366
2021-02-07,41.624443,-70.90544,20.030714676934657
2021-02-08,41.624443,-70.90544,0.08961272124662925
2021-02-09,41.624443,-70.90544,2.7700138187671555
2021-02-10,41.624443,-70.90544,0.0
2021-02-11,41.624443,-70.90544,0.059149251962973236
2021-02-12,41.624443,-70.90544,0.0
2021-02-13,41.624443,-70.90544,0.9141873616657727
2021-02-14,41.624443,-70.90544,5.982264694734451
2021-02-15,41.624443,-70.90544,2.53086802126438
2021-02-16,41.624443,-70.90544,13.028319859440238
2021-02-17,41.624443,-70.90544,0.0
2021-02-18,41.624443,-70.90544,11.773151682460746
2021-02-19,41.624443,-70.90544,19.333539657729577
2021-02-20,41.624443,-70.90544,7.174548531010037
2021-02-21,41.624443,-70.90544,0.0
2021-02-22,41.624443,-70.90544,12.635698717738393
2021-02-23,41.624443,-70.90544,15.041266560030213
2021-02-24,41.624443,-70.90544,0.0
2021-02-25,41.624443,-70.90544,0.1287770483710251
2021-02-26,41.624443,-70.90544,0.0
2021-02-27,41.624443,-70.90544,1.8978777840415089
2021-02-28,41.624443,-70.90544,0.10062666661511642
2021-03-01,41.624443,-70.90544,39.68298794090248
2021-03-02,41.624443,-70.90544,0.051904903966424665
2021-03-03,41.624443,-70.90544,0.0
2021-03-04,41.624443,-70.90544,0.0
2021-03-05,41.624443,-70.90544,0.0
2021-03-06,41.624443,-70.90544,0.0
2021-03-07,41.624443,-70.90544,0.0
2021-03-08,41.624443,-70.90544,0.0
2021-03-09,41.624443,-70.90544,0.1473412395681889
2021-03-10,41.624443,-70.90544,0.0
2021-03-11,41.624443,-70.90544,0.38750827864638226
2021-03-12,41.624443,-70.90544,0.24814825052949485
2021-03-13,41.624443,-70.90544,0.0022775185537201267
2021-03-14,41.624443,-70.90544,0.14860024809688474
2021-03-15,41.624443,-70.90544,0.0
2021-03-16,41.624443,-70.90544,0.0
2021-03-17,41.624443,-70.90544,0.005111399885750009
2021-03-18,41.624443,-70.90544,15.813527503741362
2021-03-19,41.624443,-70.90544,7.031253592330047
2021-03-20,41.624443,-70.90544,0.0
2021-03-21,41.624443,-70.90544,0.0
2021-03-22,41.624443,-70.90544,0.0
2021-03-23,41.624443,-70.90544,0.0
2021-03-24,41.624443,-70.90544,2.2474814954840316
2021-03-25,41.624443,-70.90544,9.875567354022003
2021-03-26,41.624443,-70.90544,1.3447707000928144
2021-03-27,41.624443,-70.90544,0.1359971328977748
2021-03-28,41.624443,-70.90544,15.544458873790397
2021-03-29,41.624443,-70.90544,8.441902130015565
2021-03-30,41.624443,-70.90544,0.0
2021-03-31,41.624443,-70.90544,0.08761632527756875
2021-04-01,41.624443,-70.90544,13.594115205762689
2021-04-02,41.624443,-70.90544,0.0
2021-04-03,41.624443,-70.90544,0.0
2021-04-04,41.624443,-70.90544,0.0
2021-04-05,41.624443,-70.90544,1.2287815083301876
2021-04-06,41.624443,-70.90544,0.10651742440118477
2021-04-07,41.624443,-70.90544,0.0656480461018161
2021-04-08,41.624443,-70.90544,0.0
2021-04-09,41.624443,-70.90544,0.0
2021-04-10,41.624443,-70.90544,0.1976682081648647
2021-04-11,41.624443,-70.90544,4.357428908006092
2021-04-12,41.624443,-70.90544,6.86596730314279
2021-04-13,41.624443,-70.90544,0.06950326426305597
2021-04-14,41.624443,-70.90544,0.2583983570339492
2021-04-15,41.624443,-70.90544,7.814232322143841
2021-04-16,41.624443,-70.90544,12.510756761218518
2021-04-17,41.624443,-70.90544,0.02554641126787547
2021-04-18,41.624443,-70.90544,0.05217165864550208
2021-04-19,41.624443,-70.90544,0.06690618753989
2021-04-20,41.624443,-70.90544,0.15961930714576297
2021-04-21,41.624443,-70.90544,1.013483282519301
2021-04-22,41.624443,-70.90544,1.4810517159217562
2021-04-23,41.624443,-70.90544,0.0
2021-04-24,41.624443,-70.90544,0.031511532963361656
2021-04-25,41.624443,-70.90544,41.1278538778894
2021-04-26,41.624443,-70.90544,0.0
2021-04-27,41.624443,-70.90544,4.015772054376066
2021-04-28,41.624443,-70.90544,5.041135272169525
2021-04-29,41.624443,-70.90544,15.034597764377454
2021-04-30,41.624443,-70.90544,7.3593790870825115
2021-05-01,41.624443,-70.90544,2.3247432767361857
2021-05-02,41.624443,-70.90544,2.390567090914133
2021-05-03,41.624443,-70.90544,3.172547079283447
2021-05-04,41.624443,-70.90544,23.16572852176403
2021-05-05,41.624443,-70.90544,10.456012895174915
2021-05-06,41.624443,-70.90544,0.0
2021-05-07,41.624443,-70.90544,0.0017081389152900956
2021-05-08,41.624443,-70.90544,0.9888778075596384
2021-05-09,41.624443,-70.90544,2.1505532119523543
2021-05-10,41.624443,-70.90544,17.040995850589624
2021-05-11,41.624443,-70.90544,0.13836984546224995
2021-05-12,41.624443,-70.90544,0.0
2021-05-13,41.624443,-70.90544,0.02682742619155212
2021-05-14,41.624443,-70.90544,0.0
2021-05-15,41.624443,-70.90544,0.0
2021-05-16,41.624443,-70.90544,0.0
2021-05-17,41.624443,-70.90544,0.1525821642946442
2021-05-18,41.624443,-70.90544,0.031642531256551205
2021-05-19,41.624443,-70.90544,0.0014169406660149411
2021-05-20,41.624443,-70.90544,0.0011387592768600633
2021-05-21,41.624443,-70.90544,0.14443391995100457
2021-05-22,41.624443,-70.90544,0.8174722099755238
2021-05-23,41.624443,-70.90544,0.7423542915778432
2021-05-24,41.624443,-70.90544,0.0
2021-05-25,41.624443,-70.90544,0.007654082704578964
2021-05-26,41.624443,-70.90544,0.17574013104988473
2021-05-27,41.624443,-70.90544,1.4562788387815344
2021-05-28,41.624443,-70.90544,0.5918552024262087
2021-05-29,41.624443,-70.90544,55.80104043454417
2021-05-30,41.624443,-70.90544,16.128029212660394
2021-05-31,41.624443,-70.90544,2.476799162868371
2021-06-01,41.624443,-70.90544,0.05885785651002736
2021-06-02,41.624443,-70.90544,1.299240271499368
2021-06-03,41.624443,-70.90544,8.929422386387124
2021-06-04,41.624443,-70.90544,14.988923396824937
2021-06-05,41.624443,-70.90544,0.17700469583252715
2021-06-06,41.624443,-70.90544,0.0
2021-06-07,41.624443,-70.90544,0.0
2021-06-08,41.624443,-70.90544,0.24792190661531133
2021-06-09,41.624443,-70.90544,2.823366294940484
2021-06-10,41.624443,-70.90544,0.0
2021-06-11,41.624443,-70.90544,0.48289156841944836
2021-06-12,41.624443,-70.90544,8.095164213840038
2021-06-13,41.624443,-70.90544,0.0
2021-06-14,41.624443,-70.90544,10.923957297591997
2021-06-15,41.624443,-70.90544,1.6204778017615127
2021-06-16,41.624443,-70.90544,0.0
2021-06-17,41.624443,-70.90544,0.0
2021-06-18,41.624443,-70.90544,0.0
2021-06-19,41.624443,-70.90544,0.7185579297624405
2021-06-20,41.624443,-70.90544,5.541909240143774
2021-06-21,41.624443,-70.90544,0.0036944592197350676
2021-06-22,41.624443,-70.90544,1.4868862545330315
2021-06-23,41.624443,-70.90544,2.9991548347789156
2021-06-24,41.624443,-70.90544,0.0
2021-06-25,41.624443,-70.90544,0.18874351596063688
2021-06-26,41.624443,-70.90544,0.0
2021-06-27,41.624443,-70.90544,0.003972640608889946
2021-06-28,41.624443,-70.90544,0.010761303270917223
2021-06-29,41.624443,-70.90544,0.0
2021-06-30,41.624443,-70.90544,0.0
2021-07-01,41.624443,-70.90544,8.169337462559842
2021-07-02,41.624443,-70.90544,52.22738513091992
2021-07-03,41.624443,-70.90544,28.364871603300504
2021-07-04,41.624443,-70.90544,3.4815284118532905
2021-07-05,41.624443,-70.90544,0.005124416639815059
2021-07-06,41.624443,-70.90544,14.456627306454912
2021-07-07,41.624443,-70.90544,4.8531303041196905
2021-07-08,41.624443,-70.90544,0.23914142671562252
2021-07-09,41.624443,-70.90544,30.42427798563401
2021-07-10,41.624443,-70.90544,0.5908755324979091
2021-07-11,41.624443,-70.90544,0.08646019240063835
2021-07-12,41.624443,-70.90544,3.1439129117906646
2021-07-13,41.624443,-70.90544,1.3774823195190882
2021-07-14,41.624443,-70.90544,9.669008587179023
2021-07-15,41.624443,-70.90544,0.01575147123903846
2021-07-16,41.624443,-70.90544,0.05838859511586895
2021-07-17,41.624443,-70.90544,2.821416063449793
2021-07-18,41.624443,-70.90544,0.32034134790538105
2021-07-19,41.624443,-70.90544,0.22554490029391433
2021-07-20,41.624443,-70.90544,0.05773780205858988
2021-07-21,41.624443,-70.90544,0.02233289950082273
2021-07-22,41.624443,-70.90544,0.02239466191731174
2021-07-23,41.624443,-70.90544,0.5576723187587178
2021-07-24,41.624443,-70.90544,1.2600897419848331
2021-07-25,41.624443,-70.90544,13.155258505319244
2021-07-26,41.624443,-70.90544,0.26862545515039765
2021-07-27,41.624443,-70.90544,0.0
2021-07-28,41.624443,-70.90544,15.300441503683727
2021-07-29,41.624443,-70.90544,5.4759734677560274
2021-07-30,41.624443,-70.90544,1.7418073593922256
2021-07-31,41.624443,-70.90544,0.0
2021-08-01,41.624443,-70.90544,0.0
2021-08-02,41.624443,-70.90544,1.2090367422766164
2021-08-03,41.624443,-70.90544,2.183415552636177
2021-08-04,41.624443,-70.90544,47.716492635712385
2021-08-05,41.624443,-70.90544,57.10795858873043
2021-08-06,41.624443,-70.90544,0.2522839423561513
2021-08-07,41.624443,-70.90544,0.03188526060052358
2021-08-08,41.624443,-70.90544,8.288267680070463
2021-08-09,41.624443,-70.90544,11.863481495724404
2021-08-10,41.624443,-70.90544,0.12687923541388513
2021-08-11,41.624443,-70.90544,0.6493236440235757
2021-08-12,41.624443,-70.90544,0.10690606920390333
2021-08-13,41.624443,-70.90544,1.0995037197868882
2021-08-14,41.624443,-70.90544,0.6209000214141234
2021-08-15,41.624443,-70.90544,0.0
2021-08-16,41.624443,-70.90544,0.0020636481981489664
2021-08-17,41.624443,-70.90544,0.401817921697331
2021-08-18,41.624443,-70.90544,0.6650330888761058
2021-08-19,41.624443,-70.90544,9.435848413560711
2021-08-20,41.624443,-70.90544,0.47389276595298335
2021-08-21,41.624443,-70.90544,0.2568360766019679
2021-08-22,41.624443,-70.90544,10.060876099582421
2021-08-23,41.624443,-70.90544,2.9488163628773973
2021-08-24,41.624443,-70.90544,11.483787924406414
2021-08-25,41.624443,-70.90544,0.0
2021-08-26,41.624443,-70.90544,0.0
2021-08-27,41.624443,-70.90544,0.0
2021-08-28,41.624443,-70.90544,0.02264987680585012
2021-08-29,41.624443,-70.90544,0.7176733876725193
2021-08-30,41.624443,-70.90544,0.2645983064123663
2021-08-31,41.624443,-70.90544,0.18301563601483048
2021-09-01,41.624443,-70.90544,8.28243219211137
2021-09-02,41.624443,-70.90544,76.7255743448218
2021-09-03,41.624443,-70.90544,0.0
2021-09-04,41.624443,-70.90544,0.0
2021-09-05,41.624443,-70.90544,1.189265318532644
2021-09-06,41.624443,-70.90544,3.2914155470657223
2021-09-07,41.624443,-70.90544,0.0
2021-09-08,41.624443,-70.90544,0.006634006874619291
2021-09-09,41.624443,-70.90544,31.851648904506312
2021-09-10,41.624443,-70.90544,7.709712655000867
2021-09-11,41.624443,-70.90544,0.0
2021-09-12,41.624443,-70.90544,0.05280494758059487
2021-09-13,41.624443,-70.90544,0.36064773161713215
2021-09-14,41.624443,-70.90544,0.06661740386923813
2021-09-15,41.624443,-70.90544,0.02348365502176693
2021-09-16,41.624443,-70.90544,21.9267100377762
2021-09-17,41.624443,-70.90544,0.30223266468010884
2021-09-18,41.624443,-70.90544,0.1101306141390738
2021-09-19,41.624443,-70.90544,0.04468924025602176
2021-09-20,41.624443,-70.90544,0.0
2021-09-21,41.624443,-70.90544,0.0
2021-09-22,41.624443,-70.90544,0.0
2021-09-23,41.624443,-70.90544,0.0033170034373096453
2021-09-24,41.624443,-70.90544,6.507665375737983
2021-09-25,41.624443,-70.90544,0.04639369494926722
2021-09-26,41.624443,-70.90544,29.722424819277915
2021-09-27,41.624443,-70.90544,0.0
2021-09-28,41.624443,-70.90544,13.828728953521297
2021-09-29,41.624443,-70.90544,0.037033812359512475
2021-09-30,41.624443,-70.90544,0.0962389006349241
2021-10-01,41.624443,-70.90544,0.0
2021-10-02,41.624443,-70.90544,0.0929687260675174
2021-10-03,41.624443,-70.90544,0.11443662074962295
2021-10-04,41.624443,-70.90544,28.549420802793154
2021-10-05,41.624443,-70.90544,7.523179569747815
2021-10-06,41.624443,-70.90544,0.1186858058361697
2021-10-07,41.624443,-70.90544,0.0
2021-10-08,41.624443,-70.90544,0.0
2021-10-09,41.624443,-70.90544,0.11277812057556826
2021-10-10,41.624443,-70.90544,24.880976932494328
2021-10-11,41.624443,-70.90544,2.7858271968241546
2021-10-12,41.624443,-70.90544,0.0
2021-10-13,41.624443,-70.90544,0.0
2021-10-14,41.624443,-70.90544,0.0
2021-10-15,41.624443,-70.90544,0.018572833398956257
2021-10-16,41.624443,-70.90544,0.5246697124948324
2021-10-17,41.624443,-70.90544,11.958482012380566
2021-10-18,41.624443,-70.90544,0.0
2021-10-19,41.624443,-70.90544,0.0
2021-10-20,41.624443,-70.90544,0.004555037107440253
2021-10-21,41.624443,-70.90544,0.0288910755428544
2021-10-22,41.624443,-70.90544,0.0
2021-10-23,41.624443,-70.90544,0.5042682475682139
2021-10-24,41.624443,-70.90544,0.44113847569324366
2021-10-25,41.624443,-70.90544,7.934439129563797
2021-10-26,41.624443,-70.90544,20.367198348887666
2021-10-27,41.624443,-70.90544,22.641443023951037
2021-10-28,41.624443,-70.90544,0.04924023060668783
2021-10-29,41.624443,-70.90544,0.10862948162285473
2021-10-30,41.624443,-70.90544,9.448916152607275
2021-10-31,41.624443,-70.90544,23.545240684599406
2021-11-01,41.624443,-70.90544,0.08896437079805973
2021-11-02,41.624443,-70.90544,3.996867641804937
2021-11-03,41.624443,-70.90544,3.305994082082199
2021-11-04,41.624443,-70.90544,0.13576280107541305
2021-11-05,41.624443,-70.90544,0.2903687036929895
2021-11-06,41.624443,-70.90544,0.0
2021-11-07,41.624443,-70.90544,0.0
2021-11-08,41.624443,-70.90544,1.4138810906065873
2021-11-09,41.624443,-70.90544,0.0
2021-11-10,41.624443,-70.90544,0.32930395474167784
2021-11-11,41.624443,-70.90544,0.12588039522351258
2021-11-12,41.624443,-70.90544,28.776274837254523
2021-11-13,41.624443,-70.90544,0.004127296396297933
2021-11-14,41.624443,-70.90544,0.0
2021-11-15,41.624443,-70.90544,6.414958935059631
2021-11-16,41.624443,-70.90544,0.0
2021-11-17,41.624443,-70.90544,0.29139547550133055
2021-11-18,41.624443,-70.90544,1.8091851913184622
2021-11-19,41.624443,-70.90544,5.803306997591415
2021-11-20,41.624443,-70.90544,0.002694790637452444
2021-11-21,41.624443,-70.90544,0.494703388071646
2021-11-22,41.624443,-70.90544,9.704869034629487
2021-11-23,41.624443,-70.90544,2.0922429195715955
2021-11-24,41.624443,-70.90544,0.011503845707729419
2021-11-25,41.624443,-70.90544,0.11884873763053674
2021-11-26,41.624443,-70.90544,10.081708810615531
2021-11-27,41.624443,-70.90544,0.008697655072768257
2021-11-28,41.624443,-70.90544,0.07099736284453882
2021-11-29,41.624443,-70.90544,0.0014169406660149411
2021-11-30,41.624443,-70.90544,0.10927153418222102
2021-12-01,41.624443,-70.90544,0.0031250795813050364
2021-12-02,41.624443,-70.90544,5.549955637234
2021-12-03,41.624443,-70.90544,0.13217106712354434
2021-12-04,41.624443,-70.90544,0.0
2021-12-05,41.624443,-70.90544,0.15804450741618678
2021-12-06,41.624443,-70.90544,4.0067868930080195
2021-12-07,41.624443,-70.90544,1.8253013178420097
2021-12-08,41.624443,-70.90544,5.837806725842813
2021-12-09,41.624443,-70.90544,0.07158865323921462
2021-12-10,41.624443,-70.90544,0.6404648376442061
2021-12-11,41.624443,-70.90544,2.8615019387811267
2021-12-12,41.624443,-70.90544,20.45788509292796
2021-12-13,41.624443,-70.90544,0.0
2021-12-14,41.624443,-70.90544,0.0
2021-12-15,41.624443,-70.90544,0.9949619506461215
2021-12-16,41.624443,-70.90544,7.139037209586959
2021-12-17,41.624443,-70.90544,0.3837436570386512
2021-12-18,41.624443,-70.90544,4.552626308237778
2021-12-19,41.624443,-70.90544,2.554929413550493
2021-12-20,41.624443,-70.90544,0.0
2021-12-21,41.624443,-70.90544,0.0
2021-12-22,41.624443,-70.90544,2.666883326800144
2021-12-23,41.624443,-70.90544,0.0
2021-12-24,41.624443,-70.90544,0.0
2021-12-25,41.624443,-70.90544,8.58600937911044
2021-12-26,41.624443,-70.90544,0.3614830494306601
2021-12-27,41.624443,-70.90544,0.0
2021-12-28,41.624443,-70.90544,0.4982734539067446
2021-12-29,41.624443,-70.90544,0.8717463497076438
2021-12-30,41.624443,-70.90544,2.555168729285416
2021-12-31,41.624443,-70.90544,0.40495768438803414
2022-01-01,41.624443,-70.90544,6.4418513774045945
2022-01-02,41.624443,-70.90544,21.881858489038322
2022-01-03,41.624443,-70.90544,3.9813527517123903
2022-01-04,41.624443,-70.90544,0.7354121070913883
2022-01-05,41.624443,-70.90544,5.409988400118084
2022-01-06,41.624443,-70.90544,0.30119263158425513
2022-01-07,41.624443,-70.90544,5.5773706179966585
2022-01-08,41.624443,-70.90544,0.0
2022-01-09,41.624443,-70.90544,0.8866595828779938
2022-01-10,41.624443,-70.90544,6.608119862648904
2022-01-11,41.624443,-70.90544,0.0
2022-01-12,41.624443,-70.90544,0.0
2022-01-13,41.624443,-70.90544,0.0
2022-01-14,41.624443,-70.90544,2.1572912144547205
2022-01-15,41.624443,-70.90544,0.0
2022-01-16,41.624443,-70.90544,0.0
2022-01-17,41.624443,-70.90544,45.07610638293396
2022-01-18,41.624443,-70.90544,0.017279419103457084
2022-01-19,41.624443,-70.90544,0.018750478124161564
2022-01-20,41.624443,-70.90544,0.7124087856878106
2022-01-21,41.624443,-70.90544,0.10835850494550547
2022-01-22,41.624443,-70.90544,0.05425209386596759
2022-01-23,41.624443,-70.90544,0.0
2022-01-24,41.624443,-70.90544,0.07832619226101362
2022-01-25,41.624443,-70.90544,0.0
2022-01-26,41.624443,-70.90544,0.0
2022-01-27,41.624443,-70.90544,0.0
2022-01-28,41.624443,-70.90544,0.0
2022-01-29,41.624443,-70.90544,14.621012075258312
2022-01-30,41.624443,-70.90544,0.0027972609955148864
2022-01-31,41.624443,-70.90544,0.0
2022-02-01,41.624443,-70.90544,0.005958960913334921
2022-02-02,41.624443,-70.90544,0.0
2022-02-03,41.624443,-70.90544,2.385829556730904
2022-02-04,41.624443,-70.90544,38.83592010350809
2022-02-05,41.624443,-70.90544,4.7343948080997045
2022-02-06,41.624443,-70.90544,0.0
2022-02-07,41.624443,-70.90544,0.38083186254663254
2022-02-08,41.624443,-70.90544,17.78091902614663
2022-02-09,41.624443,-70.90544,0.0
2022-02-10,41.624443,-70.90544,0.0
2022-02-11,41.624443,-70.90544,0.0
2022-02-12,41.624443,-70.90544,0.1955643087673249
2022-02-13,41.624443,-70.90544,0.10976126451091507
2022-02-14,41.624443,-70.90544,0.01606527381799339
2022-02-15,41.624443,-70.90544,0.0
2022-02-16,41.624443,-70.90544,0.0
2022-02-17,41.624443,-70.90544,0.17819884873773956
2022-02-18,41.624443,-70.90544,20.370769750474746
2022-02-19,41.624443,-70.90544,0.0
2022-02-20,41.624443,-70.90544,0.0
2022-02-21,41.624443,-70.90544,0.012403592296622756
2022-02-22,41.624443,-70.90544,1.6589252722570462
2022-02-23,41.624443,-70.90544,22.892650917231123
2022-02-24,41.624443,-70.90544,0.18393010631469234
2022-02-25,41.624443,-70.90544,37.53554549217019
2022-02-26,41.624443,-70.90544,0.0
2022-02-27,41.624443,-70.90544,0.0
2022-02-28,41.624443,-70.90544,0.0033170034373096453
2022-03-01,41.624443,-70.90544,0.0
2022-03-02,41.624443,-70.90544,2.4194321909463556
2022-03-03,41.624443,-70.90544,2.3217212409741776
2022-03-04,41.624443,-70.90544,0.0
2022-03-05,41.624443,-70.90544,0.0
2022-03-06,41.624443,-70.90544,8.434006673534466
2022-03-07,41.624443,-70.90544,0.7410936055272396
2022-03-08,41.624443,-70.90544,6.462986248624837
2022-03-09,41.624443,-70.90544,3.2943157093593864
2022-03-10,41.624443,-70.90544,0.20685472246273137
2022-03-11,41.624443,-70.90544,0.0
2022-03-12,41.624443,-70.90544,16.640492476226562
2022-03-13,41.624443,-70.90544,0.03814553860230085
2022-03-14,41.624443,-70.90544,0.01315277005485634
2022-03-15,41.624443,-70.90544,0.20943861076802095
2022-03-16,41.624443,-70.90544,0.6815093402062672
2022-03-17,41.624443,-70.90544,4.747369183856076
2022-03-18,41.624443,-70.90544,4.194577821763809
2022-03-19,41.624443,-70.90544,11.315132840102072
2022-03-20,41.624443,-70.90544,0.08872530282059929
2022-03-21,41.624443,-70.90544,0.19613786063774355
2022-03-22,41.624443,-70.90544,0.0
2022-03-23,41.624443,-70.90544,0.12043753445823677
2022-03-24,41.624443,-70.90544,26.166329024929748
2022-03-25,41.624443,-70.90544,13.346389790798467
2022-03-26,41.624443,-70.90544,0.028468982557832933
2022-03-27,41.624443,-70.90544,0.06710460233101669
2022-03-28,41.624443,-70.90544,0.08900896642204213
2022-03-29,41.624443,-70.90544,0.0
2022-03-30,41.624443,-70.90544,0.06190944363816235
2022-03-31,41.624443,-70.90544,2.1216104045019843
2022-04-01,41.624443,-70.90544,15.180226045458399
2022-04-02,41.624443,-70.90544,0.07329506815734137
2022-04-03,41.624443,-70.90544,1.0702751721755699
2022-04-04,41.624443,-70.90544,0.26357085801867597
2022-04-05,41.624443,-70.90544,0.03928514713273125
2022-04-06,41.624443,-70.90544,12.844711490129145
2022-04-07,41.624443,-70.90544,3.605756262092436
2022-04-08,41.624443,-70.90544,16.93255069214005
2022-04-09,41.624443,-70.90544,0.06600632574276644
2022-04-10,41.624443,-70.90544,0.07856309459833806
2022-04-11,41.624443,-70.90544,0.00850164399608965
2022-04-12,41.624443,-70.90544,8.123091146751381
2022-04-13,41.624443,-70.90544,0.0
2022-04-14,41.624443,-70.90544,0.8920364152228675
2022-04-15,41.624443,-70.90544,3.5622542707301896
2022-04-16,41.624443,-70.90544,0.0850164452394119
2022-04-17,41.624443,-70.90544,7.45452898011615
2022-04-18,41.624443,-70.90544,0.021669978627429212
2022-04-19,41.624443,-70.90544,35.29221281376297
2022-04-20,41.624443,-70.90544,0.0
2022-04-21,41.624443,-70.90544,0.14626404682941635
2022-04-22,41.624443,-70.90544,0.02476377837778759
2022-04-23,41.624443,-70.90544,0.23591580919349342
2022-04-24,41.624443,-70.90544,0.31217116157529884
2022-04-25,41.624443,-70.90544,0.5549919573756327
2022-04-26,41.624443,-70.90544,0.2707782887610359
2022-04-27,41.624443,-70.90544,4.38294157810015
2022-04-28,41.624443,-70.90544,0.0
2022-04-29,41.624443,-70.90544,0.008885735231899342
2022-04-30,41.624443,-70.90544,0.003722149916803789
2022-05-01,41.624443,-70.90544,0.007793173795045061
2022-05-02,41.624443,-70.90544,0.8570421319997683
2022-05-03,41.624443,-70.90544,11.994130163886107
2022-05-04,41.624443,-70.90544,3.580889052577187
2022-05-05,41.624443,-70.90544,0.003722149916803789
2022-05-06,41.624443,-70.90544,5.3693072413150995
2022-05-07,41.624443,-70.90544,18.16944192254863
2022-05-08,41.624443,-70.90544,4.50608645036935
2022-05-09,41.624443,-70.90544,0.05732910319493415
2022-05-10,41.624443,-70.90544,0.2352313516988734
2022-05-11,41.624443,-70.90544,0.09161135607582382
2022-05-12,41.624443,-70.90544,0.012930607613146076
2022-05-13,41.624443,-70.90544,0.0
2022-05-14,41.624443,-70.90544,0.04743601582708397
2022-05-15,41.624443,-70.90544,8.796598944820943
2022-05-16,41.624443,-70.90544,0.0
2022-05-17,41.624443,-70.90544,9.236666862826247
2022-05-18,41.624443,-70.90544,0.0
2022-05-19,41.624443,-70.90544,9.25066124667135
2022-05-20,41.624443,-70.90544,0.0
2022-05-21,41.624443,-70.90544,7.91255811730019
2022-05-22,41.624443,-70.90544,0.0
2022-05-23,41.624443,-70.90544,0.0601491250592933
2022-05-24,41.624443,-70.90544,1.3593632756447427
2022-05-25,41.624443,-70.90544,0.0
2022-05-26,41.624443,-70.90544,0.2010207357154573
2022-05-27,41.624443,-70.90544,0.0005693796384300317
2022-05-28,41.624443,-70.90544,6.392842202456284
2022-05-29,41.624443,-70.90544,0.14881994327756956
2022-05-30,41.624443,-70.90544,0.0
2022-05-31,41.624443,-70.90544,0.19446256787039984
2022-06-01,41.624443,-70.90544,0.7013843309164713
2022-06-02,41.624443,-70.90544,1.4655561432421138
2022-06-03,41.624443,-70.90544,0.9900644510470209
2022-06-04,41.624443,-70.90544,0.03898949947815787
2022-06-05,41.624443,-70.90544,0.0005693796384300317
2022-06-06,41.624443,-70.90544,0.0
2022-06-07,41.624443,-70.90544,0.637914306283458
2022-06-08,41.624443,-70.90544,17.186441329528428
2022-06-09,41.624443,-70.90544,11.858689435144155
2022-06-10,41.624443,-70.90544,0.0
2022-06-11,41.624443,-70.90544,0.015495895106323435
2022-06-12,41.624443,-70.90544,1.6776867177241552
2022-06-13,41.624443,-70.90544,27.22736577999391
2022-06-14,41.624443,-70.90544,0.0
2022-06-15,41.624443,-70.90544,0.004430620249811259
2022-06-16,41.624443,-70.90544,0.027758090622570328
2022-06-17,41.624443,-70.90544,4.449523711602557
2022-06-18,41.624443,-70.90544,0.03729732953371429
2022-06-19,41.624443,-70.90544,9.273480328272306
2022-06-20,41.624443,-70.90544,0.1365860123518885
2022-06-21,41.624443,-70.90544,0.0
2022-06-22,41.624443,-70.90544,0.0
2022-06-23,41.624443,-70.90544,0.0
2022-06-24,41.624443,-70.90544,0.0
2022-06-25,41.624443,-70.90544,0.0
2022-06-26,41.624443,-70.90544,0.0
2022-06-27,41.624443,-70.90544,7.218013483721767
2022-06-28,41.624443,-70.90544,16.08579187383513
2022-06-29,41.624443,-70.90544,0.0
2022-06-30,41.624443,-70.90544,0.0
2022-07-01,41.624443,-70.90544,0.005111399885750009
2022-07-02,41.624443,-70.90544,6.096518974399536
2022-07-03,41.624443,-70.90544,8.129576431556092
2022-07-04,41.624443,-70.90544,0.0
2022-07-05,41.624443,-70.90544,4.208304319010507
2022-07-06,41.624443,-70.90544,1.5583129246890577
2022-07-07,41.624443,-70.90544,0.0
2022-07-08,41.624443,-70.90544,0.0
2022-07-09,41.624443,-70.90544,0.4718749706950431
2022-07-10,41.624443,-70.90544,0.0
2022-07-11,41.624443,-70.90544,0.0
2022-07-12,41.624443,-70.90544,0.040996832323849985
2022-07-13,41.624443,-70.90544,0.029099847511082823
2022-07-14,41.624443,-70.90544,0.003722149916803789
2022-07-15,41.624443,-70.90544,0.009110074214880507
2022-07-16,41.624443,-70.90544,0.03812933054315194
2022-07-17,41.624443,-70.90544,3.597176015794098
2022-07-18,41.624443,-70.90544,10.262760207156921
2022-07-19,41.624443,-70.90544,1.5194035993575632
2022-07-20,41.624443,-70.90544,0.2238329112867597
2022-07-21,41.624443,-70.90544,0.012752466785911782
2022-07-22,41.624443,-70.90544,0.22312177338505088
2022-07-23,41.624443,-70.90544,0.0
2022-07-24,41.624443,-70.90544,0.0983896367418633
2022-07-25,41.624443,-70.90544,1.5715085497027983
2022-07-26,41.624443,-70.90544,1.3899499755078248
2022-07-27,41.624443,-70.90544,0.018572833398956257
2022-07-28,41.624443,-70.90544,0.08211967540676567
2022-07-29,41.624443,-70.90544,0.09280873777127054
2022-07-30,41.624443,-70.90544,5.951887160163734
2022-07-31,41.624443,-70.90544,0.015373249495224277
2022-08-01,41.624443,-70.90544,8.471190766430693
2022-08-02,41.624443,-70.90544,0.02057002723239685
2022-08-03,41.624443,-70.90544,0.03386658069881887
2022-08-04,41.624443,-70.90544,0.0
2022-08-05,41.624443,-70.90544,0.1703808584705654
2022-08-06,41.624443,-70.90544,0.11133158333478944
2022-08-07,41.624443,-70.90544,0.03296148327874175
2022-08-08,41.624443,-70.90544,0.11423460813620329
2022-08-09,41.624443,-70.90544,10.890048546782364
2022-08-10,41.624443,-70.90544,3.401531693147525
2022-08-11,41.624443,-70.90544,12.45700630836911
2022-08-12,41.624443,-70.90544,0.04082460330226759
2022-08-13,41.624443,-70.90544,0.0804977959861432
2022-08-14,41.624443,-70.90544,0.14942547343037452
2022-08-15,41.624443,-70.90544,0.14090230343636356
2022-08-16,41.624443,-70.90544,0.4984123100502814
2022-08-17,41.624443,-70.90544,10.12945771440277
2022-08-18,41.624443,-70.90544,0.0
2022-08-19,41.624443,-70.90544,0.0
2022-08-20,41.624443,-70.90544,0.01934371388053436
2022-08-21,41.624443,-70.90544,0.129363132201556
2022-08-22,41.624443,-70.90544,4.601965099807979
2022-08-23,41.624443,-70.90544,3.462307783830095
2022-08-24,41.624443,-70.90544,0.0
2022-08-25,41.624443,-70.90544,0.0033170034373096453
2022-08-26,41.624443,-70.90544,4.475247462606826
2022-08-27,41.624443,-70.90544,9.966433567310709
2022-08-28,41.624443,-70.90544,0.0028338813320298822
2022-08-29,41.624443,-70.90544,0.0
2022-08-30,41.624443,-70.90544,0.2796509566765705
2022-08-31,41.624443,-70.90544,7.482253175873851
2022-09-01,41.624443,-70.90544,0.0
2022-09-02,41.624443,-70.90544,0.0
2022-09-03,41.624443,-70.90544,0.0
2022-09-04,41.624443,-70.90544,0.292591683571678
2022-09-05,41.624443,-70.90544,0.07060307368260825
2022-09-06,41.624443,-70.90544,34.000031589904204
2022-09-07,41.624443,-70.90544,0.1791990020235521
2022-09-08,41.624443,-70.90544,0.014926515158973381
2022-09-09,41.624443,-70.90544,0.0
2022-09-10,41.624443,-70.90544,0.0
2022-09-11,41.624443,-70.90544,1.8555136584823617
2022-09-12,41.624443,-70.90544,11.998694937420545
2022-09-13,41.624443,-70.90544,33.53517166470443
2022-09-14,41.624443,-70.90544,0.0
2022-09-15,41.624443,-70.90544,0.0
2022-09-16,41.624443,-70.90544,0.0
2022-09-17,41.624443,-70.90544,0.0
2022-09-18,41.624443,-70.90544,0.0
2022-09-19,41.624443,-70.90544,0.0
2022-09-20,41.624443,-70.90544,0.2818359335926387
2022-09-21,41.624443,-70.90544,0.006760324232876929
2022-09-22,41.624443,-70.90544,37.474292338706
2022-09-23,41.624443,-70.90544,0.0
2022-09-24,41.624443,-70.90544,0.0
2022-09-25,41.624443,-70.90544,0.23559694380240184
2022-09-26,41.624443,-70.90544,12.48992983309212
2022-09-27,41.624443,-70.90544,0.0
2022-09-28,41.624443,-70.90544,0.0
2022-09-29,41.624443,-70.90544,0.8726112604398285
2022-09-30,41.624443,-70.90544,0.0
2022-10-01,41.624443,-70.90544,44.12801809314654
2022-10-02,41.624443,-70.90544,2.0685942042019674
2022-10-03,41.624443,-70.90544,5.161647963509603
2022-10-04,41.624443,-70.90544,5.296505840877969
2022-10-05,41.624443,-70.90544,23.02571162641931
2022-10-06,41.624443,-70.90544,28.446749475822447
2022-10-07,41.624443,-70.90544,0.0718225427620263
2022-10-08,41.624443,-70.90544,2.802834304754752
2022-10-09,41.624443,-70.90544,0.0
2022-10-10,41.624443,-70.90544,0.0020636481981489664
2022-10-11,41.624443,-70.90544,0.0
2022-10-12,41.624443,-70.90544,0.0
2022-10-13,41.624443,-70.90544,9.288588382064065
2022-10-14,41.624443,-70.90544,41.1406278892689
2022-10-15,41.624443,-70.90544,0.017591311722936983
2022-10-16,41.624443,-70.90544,0.0007084703330074706
2022-10-17,41.624443,-70.90544,7.404843372580599
2022-10-18,41.624443,-70.90544,4.208923246768832
2022-10-19,41.624443,-70.90544,0.0
2022-10-20,41.624443,-70.90544,0.0
2022-10-21,41.624443,-70.90544,0.0
2022-10-22,41.624443,-70.90544,0.0
2022-10-23,41.624443,-70.90544,16.294528422374878
2022-10-24,41.624443,-70.90544,0.4790988249474404
2022-10-25,41.624443,-70.90544,0.01393666788699438
2022-10-26,41.624443,-70.90544,10.843345437237616
2022-10-27,41.624443,-70.90544,0.0
2022-10-28,41.624443,-70.90544,0.0
2022-10-29,41.624443,-70.90544,3.393970267955054
2022-10-30,41.624443,-70.90544,0.0
2022-10-31,41.624443,-70.90544,0.07388423988928483
2022-11-01,41.624443,-70.90544,15.784357514947107
2022-11-02,41.624443,-70.90544,0.4327208821624313
2022-11-03,41.624443,-70.90544,0.0
2022-11-04,41.624443,-70.90544,0.0
2022-11-05,41.624443,-70.90544,0.0
2022-11-06,41.624443,-70.90544,0.0
2022-11-07,41.624443,-70.90544,0.011857697077754395
2022-11-08,41.624443,-70.90544,0.0
2022-11-09,41.624443,-70.90544,0.0
2022-11-10,41.624443,-70.90544,0.0
2022-11-11,41.624443,-70.90544,0.3595634074764785
2022-11-12,41.624443,-70.90544,32.57230222417204
2022-11-13,41.624443,-70.90544,18.09417551070543
2022-11-14,41.624443,-70.90544,0.0
2022-11-15,41.624443,-70.90544,0.0
2022-11-16,41.624443,-70.90544,27.347358393715037
2022-11-17,41.624443,-70.90544,0.0
2022-11-18,41.624443,-70.90544,0.0
2022-11-19,41.624443,-70.90544,0.0
2022-11-20,41.624443,-70.90544,0.0
2022-11-21,41.624443,-70.90544,0.0
2022-11-22,41.624443,-70.90544,0.0
2022-11-23,41.624443,-70.90544,0.025472524513419206
2022-11-24,41.624443,-70.90544,0.0
2022-11-25,41.624443,-70.90544,3.2734797085574203
2022-11-26,41.624443,-70.90544,0.0
2022-11-27,41.624443,-70.90544,20.793896706704118
2022-11-28,41.624443,-70.90544,0.6792886898427715
2022-11-29,41.624443,-70.90544,0.0
2022-11-30,41.624443,-70.90544,11.507309094964294
2022-12-01,41.624443,-70.90544,4.317024331279225
2022-12-02,41.624443,-70.90544,0.0
2022-12-03,41.624443,-70.90544,17.548312716992402
2022-12-04,41.624443,-70.90544,0.0
2022-12-05,41.624443,-70.90544,0.0
2022-12-06,41.624443,-70.90544,1.7563429240257262
2022-12-07,41.624443,-70.90544,59.81586004966804
2022-12-08,41.624443,-70.90544,0.014926515158973381
2022-12-09,41.624443,-70.90544,0.0
2022-12-10,41.624443,-70.90544,0.0
2022-12-11,41.624443,-70.90544,0.05038359147999171
2022-12-12,41.624443,-70.90544,0.013013031243812834
2022-12-13,41.624443,-70.90544,0.0
2022-12-14,41.624443,-70.90544,0.0
2022-12-15,41.624443,-70.90544,0.10391902455572043
2022-12-16,41.624443,-70.90544,28.366768859036583
2022-12-17,41.624443,-70.90544,0.8082812146112933
2022-12-18,41.624443,-70.90544,0.0
2022-12-19,41.624443,-70.90544,0.0
2022-12-20,41.624443,-70.90544,0.0
2022-12-21,41.624443,-70.90544,0.0
2022-12-22,41.624443,-70.90544,1.0490198318659958
2022-12-23,41.624443,-70.90544,36.75638497349703
2022-12-24,41.624443,-70.90544,0.0
2022-12-25,41.624443,-70.90544,0.0
2022-12-26,41.624443,-70.90544,0.0
2022-12-27,41.624443,-70.90544,0.0176507693216071
2022-12-28,41.624443,-70.90544,0.13814644864715497
2022-12-29,41.624443,-70.90544,0.015983455674515878
2022-12-30,41.624443,-70.90544,0.0
2022-12-31,41.624443,-70.90544,17.594880874736987
2023-01-01,41.624443,-70.90544,15.34549474816352
2023-01-02,41.624443,-70.90544,0.0
2023-01-03,41.624443,-70.90544,11.838818043690816
2023-01-04,41.624443,-70.90544,4.339947280113222
2023-01-05,41.624443,-70.90544,3.576096086034687
2023-01-06,41.624443,-70.90544,0.19670037102869506
2023-01-07,41.624443,-70.90544,0.0
2023-01-08,41.624443,-70.90544,0.0
2023-01-09,41.624443,-70.90544,0.005544884794394499
2023-01-10,41.624443,-70.90544,0.0
2023-01-11,41.624443,-70.90544,0.0
2023-01-12,41.624443,-70.90544,0.2623493123532053
2023-01-13,41.624443,-70.90544,58.6747783777287
2023-01-14,41.624443,-70.90544,4.112525472045239
2023-01-15,41.624443,-70.90544,10.023598041534042
2023-01-16,41.624443,-70.90544,6.079021251818181
2023-01-17,41.624443,-70.90544,0.40485523642815857
2023-01-18,41.624443,-70.90544,0.10747277661899121
2023-01-19,41.624443,-70.90544,24.05478558220209
2023-01-20,41.624443,-70.90544,11.715942562038201
2023-01-21,41.624443,-70.90544,0.0
2023-01-22,41.624443,-70.90544,0.3199110283826203
2023-01-23,41.624443,-70.90544,45.04194503796714
2023-01-24,41.624443,-70.90544,0.01769070231273344
2023-01-25,41.624443,-70.90544,3.2092547801234197
2023-01-26,41.624443,-70.90544,53.93717100085533
2023-01-27,41.624443,-70.90544,0.0
2023-01-28,41.624443,-70.90544,0.005693796172189866
2023-01-29,41.624443,-70.90544,2.2866796921828545
2023-01-30,41.624443,-70.90544,0.03914301101648
2023-01-31,41.624443,-70.90544,2.2697549774461683
2023-02-01,41.624443,-70.90544,0.07109242254829826
2023-02-02,41.624443,-70.90544,0.0
2023-02-03,41.624443,-70.90544,0.0
2023-02-04,41.624443,-70.90544,0.0
2023-02-05,41.624443,-70.90544,0.08403055859631048
2023-02-06,41.624443,-70.90544,0.1770348138434813
2023-02-07,41.624443,-70.90544,0.1702228643679099
2023-02-08,41.624443,-70.90544,6.13040828103736
2023-02-09,41.624443,-70.90544,0.3685038376196684
2023-02-10,41.624443,-70.90544,2.05244402352507
2023-02-11,41.624443,-70.90544,0.0
2023-02-12,41.624443,-70.90544,0.28984052596109755
2023-02-13,41.624443,-70.90544,10.472684995704123
2023-02-14,41.624443,-70.90544,0.01587754504758796
2023-02-15,41.624443,-70.90544,0.8002172721817506
2023-02-16,41.624443,-70.90544,1.0489530098581075
2023-02-17,41.624443,-70.90544,10.549182701635232
2023-02-18,41.624443,-70.90544,0.5697514565506612
2023-02-19,41.624443,-70.90544,0.055865269233664444
2023-02-20,41.624443,-70.90544,6.965143953732937
2023-02-21,41.624443,-70.90544,5.561528914364514
2023-02-22,41.624443,-70.90544,0.5416647220847082
2023-02-23,41.624443,-70.90544,15.617258398837334
2023-02-24,41.624443,-70.90544,1.1497337423063054
2023-02-25,41.624443,-70.90544,0.0
2023-02-26,41.624443,-70.90544,0.0035423515330744665
2023-02-27,41.624443,-70.90544,0.013268013749238581
2023-02-28,41.624443,-70.90544,0.9938494930755896
2023-03-01,41.624443,-70.90544,0.0
2023-03-02,41.624443,-70.90544,5.959721273267993
2023-03-03,41.624443,-70.90544,0.02324287075244269
2023-03-04,41.624443,-70.90544,13.767376214617926
2023-03-05,41.624443,-70.90544,0.009210114197134231
2023-03-06,41.624443,-70.90544,0.006634006874619291
2023-03-07,41.624443,-70.90544,0.2605637071684529
2023-03-08,41.624443,-70.90544,0.0
2023-03-09,41.624443,-70.90544,0.0
2023-03-10,41.624443,-70.90544,0.006190944594446897
2023-03-11,41.624443,-70.90544,14.354450654010812
2023-03-12,41.624443,-70.90544,0.0063762328651043474
2023-03-13,41.624443,-70.90544,1.2256106008320669
2023-03-14,41.624443,-70.90544,45.780011163864
2023-03-15,41.624443,-70.90544,1.413516214734598
2023-03-16,41.624443,-70.90544,0.0
2023-03-17,41.624443,-70.90544,0.7594368580411679
2023-03-18,41.624443,-70.90544,9.206088792283909
2023-03-19,41.624443,-70.90544,0.0
2023-03-20,41.624443,-70.90544,0.0
2023-03-21,41.624443,-70.90544,0.0
2023-03-22,41.624443,-70.90544,0.3005164240234458
2023-03-23,41.624443,-70.90544,8.182359133796284
2023-03-24,41.624443,-70.90544,0.4340499206017927
2023-03-25,41.624443,-70.90544,7.270533789476166
2023-03-26,41.624443,-70.90544,2.7617331764964024
2023-03-27,41.624443,-70.90544,0.8163035292601616
2023-03-28,41.624443,-70.90544,8.074433896708815
2023-03-29,41.624443,-70.90544,0.027862218143663724
2023-03-30,41.624443,-70.90544,0.0
2023-03-31,41.624443,-70.90544,8.724591027947213
2023-04-01,41.624443,-70.90544,38.49252766770291
2023-04-02,41.624443,-70.90544,0.5372233431609009
2023-04-03,41.624443,-70.90544,0.008468463148167025
2023-04-04,41.624443,-70.90544,0.7413008713756346
2023-04-05,41.624443,-70.90544,0.5732572677921303
2023-04-06,41.624443,-70.90544,4.132633539979165
2023-04-07,41.624443,-70.90544,4.551209543164688
2023-04-08,41.624443,-70.90544,0.04663297012347919
2023-04-09,41.624443,-70.90544,0.0
2023-04-10,41.624443,-70.90544,0.0
2023-04-11,41.624443,-70.90544,0.055644967307345104
2023-04-12,41.624443,-70.90544,0.7588418766125653
2023-04-13,41.624443,-70.90544,0.32256692977249407
2023-04-14,41.624443,-70.90544,0.0
2023-04-15,41.624443,-70.90544,0.13300286693380584
2023-04-16,41.624443,-70.90544,14.802699115740328
2023-04-17,41.624443,-70.90544,0.16749582300586086
2023-04-18,41.624443,-70.90544,0.0779495823213768
2023-04-19,41.624443,-70.90544,0.0
2023-04-20,41.624443,-70.90544,0.028516953826942863
2023-04-21,41.624443,-70.90544,0.27056039553603056
2023-04-22,41.624443,-70.90544,0.24726614626721424
2023-04-23,41.624443,-70.90544,17.00789196842431
2023-04-24,41.624443,-70.90544,0.0
2023-04-25,41.624443,-70.90544,0.1806510143743677
2023-04-26,41.624443,-70.90544,0.0
2023-04-27,41.624443,-70.90544,0.14828073080181395
2023-04-28,41.624443,-70.90544,0.0022278813570848544
2023-04-29,41.624443,-70.90544,9.476255209419234
2023-04-30,41.624443,-70.90544,28.779810714086963
2023-05-01,41.624443,-70.90544,12.559315112386631
2023-05-02,41.624443,-70.90544,3.0976621111766263
2023-05-03,41.624443,-70.90544,0.9138688301354886
2023-05-04,41.624443,-70.90544,3.436359987602231
2023-05-05,41.624443,-70.90544,1.061723354451879
2023-05-06,41.624443,-70.90544,0.06005966963942892
2023-05-07,41.624443,-70.90544,0.0
2023-05-08,41.624443,-70.90544,9.104346566535078
2023-05-09,41.624443,-70.90544,0.06671902136334146
2023-05-10,41.624443,-70.90544,0.0
2023-05-11,41.624443,-70.90544,0.0
2023-05-12,41.624443,-70.90544,0.4190818212150499
2023-05-13,41.624443,-70.90544,0.18157499043857936
2023-05-14,41.624443,-70.90544,0.0028338813320298822
2023-05-15,41.624443,-70.90544,0.03329810631116553
2023-05-16,41.624443,-70.90544,0.20535112936956368
2023-05-17,41.624443,-70.90544,0.004250821998044825
2023-05-18,41.624443,-70.90544,0.0
2023-05-19,41.624443,-70.90544,0.0
2023-05-20,41.624443,-70.90544,15.094099289748616
2023-05-21,41.624443,-70.90544,29.96725153711121
2023-05-22,41.624443,-70.90544,0.0
2023-05-23,41.624443,-70.90544,0.0
2023-05-24,41.624443,-70.90544,0.0
2023-05-25,41.624443,-70.90544,0.16684698087927835
2023-05-26,41.624443,-70.90544,0.0
2023-05-27,41.624443,-70.90544,0.0
2023-05-28,41.624443,-70.90544,0.0
2023-05-29,41.624443,-70.90544,0.0
2023-05-30,41.624443,-70.90544,0.0
2023-05-31,41.624443,-70.90544,0.0
2023-06-01,41.624443,-70.90544,0.0
2023-06-02,41.624443,-70.90544,0.0
2023-06-03,41.624443,-70.90544,1.34931541007954
2023-06-04,41.624443,-70.90544,0.2442417149117698
2023-06-05,41.624443,-70.90544,0.5795064200026214
2023-06-06,41.624443,-70.90544,0.7027876878772155
2023-06-07,41.624443,-70.90544,0.0017081389152900956
2023-06-08,41.624443,-70.90544,0.02852384371088519
2023-06-09,41.624443,-70.90544,0.18465931609876995
2023-06-10,41.624443,-70.90544,3.322478007961967
2023-06-11,41.624443,-70.90544,0.03143570074416511
2023-06-12,41.624443,-70.90544,0.1893935082868354
2023-06-13,41.624443,-70.90544,1.9132353787217986
2023-06-14,41.624443,-70.90544,2.469377190689983
2023-06-15,41.624443,-70.90544,0.0
2023-06-16,41.624443,-70.90544,0.0
2023-06-17,41.624443,-70.90544,14.397681229931127
2023-06-18,41.624443,-70.90544,6.187871391240258
2023-06-19,41.624443,-70.90544,0.0
2023-06-20,41.624443,-70.90544,0.0
2023-06-21,41.624443,-70.90544,0.0
2023-06-22,41.624443,-70.90544,0.17218571723816084
2023-06-23,41.624443,-70.90544,0.377277943974107
2023-06-24,41.624443,-70.90544,10.73678686977075
2023-06-25,41.624443,-70.90544,0.03136689873691259
2023-06-26,41.624443,-70.90544,0.0049592924630151814
2023-06-27,41.624443,-70.90544,52.2882656194235
2023-06-28,41.624443,-70.90544,12.216205153979711
2023-06-29,41.624443,-70.90544,0.020551265601928603
2023-06-30,41.624443,-70.90544,0.0
2023-07-01,41.624443,-70.90544,0.0
2023-07-02,41.624443,-70.90544,4.832040416676671
2023-07-03,41.624443,-70.90544,7.489017668871675
2023-07-04,41.624443,-70.90544,42.2418685165645
2023-07-05,41.624443,-70.90544,0.17563759555897804
2023-07-06,41.624443,-70.90544,0.0
2023-07-07,41.624443,-70.90544,0.0
2023-07-08,41.624443,-70.90544,0.16136270453599638
2023-07-09,41.624443,-70.90544,3.7525020213592724
2023-07-10,41.624443,-70.90544,12.347876452916449
2023-07-11,41.624443,-70.90544,0.0
2023-07-12,41.624443,-70.90544,0.024087992114031315
2023-07-13,41.624443,-70.90544,0.04333661485181936
2023-07-14,41.624443,-70.90544,23.544089584078325
2023-07-15,41.624443,-70.90544,26.330605925897196
2023-07-16,41.624443,-70.90544,14.606469045701406
2023-07-17,41.624443,-70.90544,34.575505391960576
2023-07-18,41.624443,-70.90544,1.0549680323705053
2023-07-19,41.624443,-70.90544,0.1927059268079352
2023-07-20,41.624443,-70.90544,0.0
2023-07-21,41.624443,-70.90544,4.538553019220631
2023-07-22,41.624443,-70.90544,0.08192761572393298
2023-07-23,41.624443,-70.90544,1.9060524849622935
2023-07-24,41.624443,-70.90544,1.1601206074434696
2023-07-25,41.624443,-70.90544,0.0
2023-07-26,41.624443,-70.90544,0.7258452263148474
2023-07-27,41.624443,-70.90544,0.004975505155964468
2023-07-28,41.624443,-70.90544,0.928435937958488
2023-07-29,41.624443,-70.90544,3.546487020608983
2023-07-30,41.624443,-70.90544,15.371553503461548
2023-07-31,41.624443,-70.90544,0.0
2023-08-01,41.624443,-70.90544,0.0
2023-08-02,41.624443,-70.90544,0.0
2023-08-03,41.624443,-70.90544,0.0
2023-08-04,41.624443,-70.90544,0.42511034010442367
2023-08-05,41.624443,-70.90544,2.166134401129386
2023-08-06,41.624443,-70.90544,0.7751460094617048
2023-08-07,41.624443,-70.90544,12.499446965251805
2023-08-08,41.624443,-70.90544,39.06192692826955
2023-08-09,41.624443,-70.90544,0.11279245598342538
2023-08-10,41.624443,-70.90544,9.723387313364999
2023-08-11,41.624443,-70.90544,24.38774058899611
2023-08-12,41.624443,-70.90544,3.1073372908689225
2023-08-13,41.624443,-70.90544,17.51042664813033
2023-08-14,41.624443,-70.90544,0.1160787767227312
2023-08-15,41.624443,-70.90544,15.973984269651938
2023-08-16,41.624443,-70.90544,4.799237767311359
2023-08-17,41.624443,-70.90544,2.9345111894603058
2023-08-18,41.624443,-70.90544,11.722944090966378
2023-08-19,41.624443,-70.90544,0.0
2023-08-20,41.624443,-70.90544,0.0
2023-08-21,41.624443,-70.90544,1.529479651614883
2023-08-22,41.624443,-70.90544,5.223799356117441
2023-08-23,41.624443,-70.90544,0.0
2023-08-24,41.624443,-70.90544,0.0
2023-08-25,41.624443,-70.90544,12.667654514458691
2023-08-26,41.624443,-70.90544,0.8255631543927326
2023-08-27,41.624443,-70.90544,0.01623778950213398
2023-08-28,41.624443,-70.90544,0.0
2023-08-29,41.624443,-70.90544,1.5728349467573453
2023-08-30,41.624443,-70.90544,7.32364976835414
2023-08-31,41.624443,-70.90544,0.0
2023-09-01,41.624443,-70.90544,0.0
2023-09-02,41.624443,-70.90544,0.0
2023-09-03,41.624443,-70.90544,0.5672085905201066
2023-09-04,41.624443,-70.90544,0.0
2023-09-05,41.624443,-70.90544,0.09462743837526377
2023-09-06,41.624443,-70.90544,0.0
2023-09-07,41.624443,-70.90544,0.0
2023-09-08,41.624443,-70.90544,0.04571420313379636
2023-09-09,41.624443,-70.90544,0.040627296740080567
2023-09-10,41.624443,-70.90544,3.175047966122725
2023-09-11,41.624443,-70.90544,0.26870125348302265
2023-09-12,41.624443,-70.90544,0.8539675247661568
2023-09-13,41.624443,-70.90544,1.1650465948322688
2023-09-14,41.624443,-70.90544,0.10530089509581117
2023-09-15,41.624443,-70.90544,0.6479341901054751
2023-09-16,41.624443,-70.90544,39.580866661580096
2023-09-17,41.624443,-70.90544,0.00784944631310172
2023-09-18,41.624443,-70.90544,30.611461661884597
2023-09-19,41.624443,-70.90544,0.0
2023-09-20,41.624443,-70.90544,0.0
2023-09-21,41.624443,-70.90544,0.0
2023-09-22,41.624443,-70.90544,0.0
2023-09-23,41.624443,-70.90544,30.676902365493063
2023-09-24,41.624443,-70.90544,0.507513523279123
2023-09-25,41.624443,-70.90544,3.729152332098403
2023-09-26,41.624443,-70.90544,6.648212867846034
2023-09-27,41.624443,-70.90544,0.0
2023-09-28,41.624443,-70.90544,0.0
2023-09-29,41.624443,-70.90544,6.114240174486531
2023-09-30,41.624443,-70.90544,35.029228332180374
2023-10-01,41.624443,-70.90544,14.987440074026201
2023-10-02,41.624443,-70.90544,0.0
2023-10-03,41.624443,-70.90544,0.0
2023-10-04,41.624443,-70.90544,0.0
2023-10-05,41.624443,-70.90544,0.0
2023-10-06,41.624443,-70.90544,0.002846898086094933
2023-10-07,41.624443,-70.90544,10.80835784403206
2023-10-08,41.624443,-70.90544,0.04618371342445533
2023-10-09,41.624443,-70.90544,0.15992926222716494
2023-10-10,41.624443,-70.90544,0.5873419629506066
2023-10-11,41.624443,-70.90544,0.006190944594446897
2023-10-12,41.624443,-70.90544,0.021557325653825524
2023-10-13,41.624443,-70.90544,0.0191286980674615
2023-10-14,41.624443,-70.90544,6.526629741650274
2023-10-15,41.624443,-70.90544,7.87947526580009
2023-10-16,41.624443,-70.90544,0.009619348029265262
2023-10-17,41.624443,-70.90544,0.12194850105840097
2023-10-18,41.624443,-70.90544,0.014768015851649005
2023-10-19,41.624443,-70.90544,0.0
2023-10-20,41.624443,-70.90544,2.0498439543258473
2023-10-21,41.624443,-70.90544,27.415643491589343
2023-10-22,41.624443,-70.90544,0.6011730844978662
2023-10-23,41.624443,-70.90544,0.2119975701681206
2023-10-24,41.624443,-70.90544,0.12397157772975256
2023-10-25,41.624443,-70.90544,0.23877263103722124
2023-10-26,41.624443,-70.90544,0.09705661752304445
2023-10-27,41.624443,-70.90544,1.157693975215835
2023-10-28,41.624443,-70.90544,0.0
2023-10-29,41.624443,-70.90544,6.482362873960609
2023-10-30,41.624443,-70.90544,11.69949416119962
2023-10-31,41.624443,-70.90544,5.185615403422958
2023-11-01,41.624443,-70.90544,0.9303366402497502
2023-11-02,41.624443,-70.90544,0.0
2023-11-03,41.624443,-70.90544,0.16805530204822378
2023-11-04,41.624443,-70.90544,0.0
2023-11-05,41.624443,-70.90544,0.06201909227370094
2023-11-06,41.624443,-70.90544,3.7725700218956915
2023-11-07,41.624443,-70.90544,13.017196975203108
2023-11-08,41.624443,-70.90544,0.0
2023-11-09,41.624443,-70.90544,1.031193999447568
2023-11-10,41.624443,-70.90544,1.8705749308956383
2023-11-11,41.624443,-70.90544,0.0
2023-11-12,41.624443,-70.90544,0.0
2023-11-13,41.624443,-70.90544,0.022700130564023067
2023-11-14,41.624443,-70.90544,0.31388305329450944
2023-11-15,41.624443,-70.90544,0.009709448950369029
2023-11-16,41.624443,-70.90544,0.10285337354048403
2023-11-17,41.624443,-70.90544,0.05946450112785376
2023-11-18,41.624443,-70.90544,0.3616069962991885
2023-11-19,41.624443,-70.90544,0.0
2023-11-20,41.624443,-70.90544,0.026921872918209657
2023-11-21,41.624443,-70.90544,0.007039153354113434
2023-11-22,41.624443,-70.90544,46.28103586311261
2023-11-23,41.624443,-70.90544,0.09748589453120188
2023-11-24,41.624443,-70.90544,0.03535615537677138
2023-11-25,41.624443,-70.90544,0.0
2023-11-26,41.624443,-70.90544,0.0021254109990224124
2023-11-27,41.624443,-70.90544,24.328694609961286
2023-11-28,41.624443,-70.90544,0.006634006874619291
2023-11-29,41.624443,-70.90544,0.006190944594446897
2023-11-30,41.624443,-70.90544,0.00829250828435409
2023-12-01,41.624443,-70.90544,1.8645524697944948
2023-12-02,41.624443,-70.90544,5.583083536284772
2023-12-03,41.624443,-70.90544,18.57372617378069
2023-12-04,41.624443,-70.90544,3.823607571313379
2023-12-05,41.624443,-70.90544,0.43487716192302495
2023-12-06,41.624443,-70.90544,0.0035423515330744665
2023-12-07,41.624443,-70.90544,0.0007084703330074706
2023-12-08,41.624443,-70.90544,0.005541688829602603
2023-12-09,41.624443,-70.90544,0.9675833957578265
2023-12-10,41.624443,-70.90544,0.8345117065861988
2023-12-11,41.624443,-70.90544,60.97956833077713
2023-12-12,41.624443,-70.90544,0.0
2023-12-13,41.624443,-70.90544,0.008254592792595866
2023-12-14,41.624443,-70.90544,0.007084703066148933
2023-12-15,41.624443,-70.90544,0.008254592792595866
2023-12-16,41.624443,-70.90544,0.02968074793443323
2023-12-17,41.624443,-70.90544,13.186356414062725
2023-12-18,41.624443,-70.90544,73.33461807019776
2023-12-19,41.624443,-70.90544,0.02372214877646449
2023-12-20,41.624443,-70.90544,0.0
2023-12-21,41.624443,-70.90544,0.0
2023-12-22,41.624443,-70.90544,0.0
2023-12-23,41.624443,-70.90544,0.003833549914312508
2023-12-24,41.624443,-70.90544,3.8751158732683773
2023-12-25,41.624443,-70.90544,0.1972399924479173
2023-12-26,41.624443,-70.90544,0.0
2023-12-27,41.624443,-70.90544,4.315774245358856
2023-12-28,41.624443,-70.90544,33.21047011663712
2023-12-29,41.624443,-70.90544,2.1493704777673486
2023-12-30,41.624443,-70.90544,0.0007084703330074706
2023-12-31,41.624443,-70.90544,0.0
2024-01-01,41.624443,-70.90544,0.18809445380126358
2024-01-02,41.624443,-70.90544,0.0
2024-01-03,41.624443,-70.90544,0.0
2024-01-04,41.624443,-70.90544,1.0048726025539632
2024-01-05,41.624443,-70.90544,0.0
2024-01-06,41.624443,-70.90544,0.0
2024-01-07,41.624443,-70.90544,14.452256564980484
2024-01-08,41.624443,-70.90544,0.0
2024-01-09,41.624443,-70.90544,19.17317356756963
2024-01-10,41.624443,-70.90544,118.14821766489739
2024-01-11,41.624443,-70.90544,0.0
2024-01-12,41.624443,-70.90544,0.0
2024-01-13,41.624443,-70.90544,36.72645761458023
2024-01-14,41.624443,-70.90544,0.0
2024-01-15,41.624443,-70.90544,0.0
2024-01-16,41.624443,-70.90544,8.018598975945896
2024-01-17,41.624443,-70.90544,0.09801719464569564
2024-01-18,41.624443,-70.90544,0.0
2024-01-19,41.624443,-70.90544,0.0028338813320298822
2024-01-20,41.624443,-70.90544,0.0
2024-01-21,41.624443,-70.90544,0.017395310145536514
2024-01-22,41.624443,-70.90544,0.004250821998044825
2024-01-23,41.624443,-70.90544,0.7203042015655379
2024-01-24,41.624443,-70.90544,3.920661780364406
2024-01-25,41.624443,-70.90544,17.31622386821388
2024-01-26,41.624443,-70.90544,3.5928389143003194
2024-01-27,41.624443,-70.90544,0.21631058697281977
2024-01-28,41.624443,-70.90544,37.01948949642958
2024-01-29,41.624443,-70.90544,0.3859066306955638
2024-01-30,41.624443,-70.90544,0.0
2024-01-31,41.624443,-70.90544,0.0
2024-02-01,41.624443,-70.90544,0.0
2024-02-02,41.624443,-70.90544,0.2980798697240663
2024-02-03,41.624443,-70.90544,0.004189059197171378
2024-02-04,41.624443,-70.90544,0.0
2024-02-05,41.624443,-70.90544,0.0
2024-02-06,41.624443,-70.90544,0.0
2024-02-07,41.624443,-70.90544,0.0
2024-02-08,41.624443,-70.90544,0.0
2024-02-09,41.624443,-70.90544,0.09152091582055354
2024-02-10,41.624443,-70.90544,0.15424607052093392
2024-02-11,41.624443,-70.90544,0.02404333222929461
2024-02-12,41.624443,-70.90544,0.0
2024-02-13,41.624443,-70.90544,37.92652914593045
2024-02-14,41.624443,-70.90544,0.0
2024-02-15,41.624443,-70.90544,0.0
2024-02-16,41.624443,-70.90544,0.013793733389488198
2024-02-17,41.624443,-70.90544,0.02435778457370768
2024-02-18,41.624443,-70.90544,0.0
2024-02-19,41.624443,-70.90544,0.0
2024-02-20,41.624443,-70.90544,0.0
2024-02-21,41.624443,-70.90544,0.0
2024-02-22,41.624443,-70.90544,0.0
2024-02-23,41.624443,-70.90544,6.208523707970778
2024-02-24,41.624443,-70.90544,2.1723882315890743
2024-02-25,41.624443,-70.90544,0.0
2024-02-26,41.624443,-70.90544,0.1325403987568067
2024-02-27,41.624443,-70.90544,0.02871042721225029
2024-02-28,41.624443,-70.90544,13.129934821563236
2024-02-29,41.624443,-70.90544,16.402308467934844
2024-03-01,41.624443,-70.90544,0.006190944594446897
2024-03-02,41.624443,-70.90544,23.99133888912959
2024-03-03,41.624443,-70.90544,22.51940223090861
2024-03-04,41.624443,-70.90544,0.0
2024-03-05,41.624443,-70.90544,3.2400712227841257
2024-03-06,41.624443,-70.90544,1.495043949707291
2024-03-07,41.624443,-70.90544,31.82061949157072
2024-03-08,41.624443,-70.90544,0.7591050050308279
2024-03-09,41.624443,-70.90544,0.5022917709395767
2024-03-10,41.624443,-70.90544,37.030298581085475
2024-03-11,41.624443,-70.90544,0.0
2024-03-12,41.624443,-70.90544,0.0
2024-03-13,41.624443,-70.90544,0.0
2024-03-14,41.624443,-70.90544,0.21502439106415663
2024-03-15,41.624443,-70.90544,1.3153741220417847
2024-03-16,41.624443,-70.90544,0.0
2024-03-17,41.624443,-70.90544,2.3239625316593413
2024-03-18,41.624443,-70.90544,0.0
2024-03-19,41.624443,-70.90544,0.0
2024-03-20,41.624443,-70.90544,4.39101965529734
2024-03-21,41.624443,-70.90544,0.31662419018867294
2024-03-22,41.624443,-70.90544,0.0
2024-03-23,41.624443,-70.90544,43.76975531251863
2024-03-24,41.624443,-70.90544,16.416294361695762
2024-03-25,41.624443,-70.90544,0.2226933677883941
2024-03-26,41.624443,-70.90544,0.5053178877018004
2024-03-27,41.624443,-70.90544,0.39214148299985374
2024-03-28,41.624443,-70.90544,61.498095582614376
2024-03-29,41.624443,-70.90544,54.96779704092926
2024-03-30,41.624443,-70.90544,0.030954721819081175
2024-03-31,41.624443,-70.90544,0.23976334124480803
2024-04-01,41.624443,-70.90544,1.0666338634962154
2024-04-02,41.624443,-70.90544,8.440334191775895
2024-04-03,41.624443,-70.90544,18.99858926322107
2024-04-04,41.624443,-70.90544,28.76981038608262
2024-04-05,41.624443,-70.90544,0.428894575255401
2024-04-06,41.624443,-70.90544,0.2415270191828815
2024-04-07,41.624443,-70.90544,0.007899083509736993
2024-04-08,41.624443,-70.90544,0.02233289950082273
2024-04-09,41.624443,-70.90544,0.0
2024-04-10,41.624443,-70.90544,0.4297249865311926
2024-04-11,41.624443,-70.90544,7.414409599920641
2024-04-12,41.624443,-70.90544,22.480928741844963
2024-04-13,41.624443,-70.90544,1.053596701004831
2024-04-14,41.624443,-70.90544,5.684187845431133
2024-04-15,41.624443,-70.90544,8.040463137221504
2024-04-16,41.624443,-70.90544,0.9322185694221787
2024-04-17,41.624443,-70.90544,0.2803236626269464
2024-04-18,41.624443,-70.90544,4.311341817058595
2024-04-19,41.624443,-70.90544,0.6438176351119903
2024-04-20,41.624443,-70.90544,12.2427680942056
2024-04-21,41.624443,-70.90544,0.027671047962743722
2024-04-22,41.624443,-70.90544,0.016104039490082024
2024-04-23,41.624443,-70.90544,0.0
2024-04-24,41.624443,-70.90544,3.019207078319021
2024-04-25,41.624443,-70.90544,0.0
2024-04-26,41.624443,-70.90544,0.0
2024-04-27,41.624443,-70.90544,0.030464225506987217
2024-04-28,41.624443,-70.90544,3.7288262195982966
2024-04-29,41.624443,-70.90544,3.366324836574645
2024-04-30,41.624443,-70.90544,0.06640517607880869
2024-05-01,41.624443,-70.90544,5.546566572882805
2024-05-02,41.624443,-70.90544,0.07087907339026593
2024-05-03,41.624443,-70.90544,0.06641822470187995
2024-05-04,41.624443,-70.90544,0.2750978613224515
2024-05-05,41.624443,-70.90544,5.171376218949449
2024-05-06,41.624443,-70.90544,9.778993048779716
2024-05-07,41.624443,-70.90544,0.0
2024-05-08,41.624443,-70.90544,14.315060925568558
2024-05-09,41.624443,-70.90544,10.046916859399847
2024-05-10,41.624443,-70.90544,9.89896035442632
2024-05-11,41.624443,-70.90544,0.003985657575065448
2024-05-12,41.624443,-70.90544,0.0020636481981489664
2024-05-13,41.624443,-70.90544,0.05059577218561984
2024-05-14,41.624443,-70.90544,0.07364683252138911
2024-05-15,41.624443,-70.90544,18.096239983415224
2024-05-16,41.624443,-70.90544,18.78428695835888
2024-05-17,41.624443,-70.90544,0.36991454589545997
2024-05-18,41.624443,-70.90544,0.23139224336240427
2024-05-19,41.624443,-70.90544,1.8928300243741991
2024-05-20,41.624443,-70.90544,0.009110074214880507
2024-05-21,41.624443,-70.90544,0.0
2024-05-22,41.624443,-70.90544,0.0
2024-05-23,41.624443,-70.90544,26.324231023535315
2024-05-24,41.624443,-70.90544,0.0144455377714272
2024-05-25,41.624443,-70.90544,0.0
2024-05-26,41.624443,-70.90544,0.25736956207825057
2024-05-27,41.624443,-70.90544,0.5110088380623374
2024-05-28,41.624443,-70.90544,28.74186168908278
2024-05-29,41.624443,-70.90544,0.0
2024-05-30,41.624443,-70.90544,1.974932493751533
2024-05-31,41.624443,-70.90544,0.018220148429761013
2024-06-01,41.624443,-70.90544,0.0
2024-06-02,41.624443,-70.90544,0.05267003108759278
2024-06-03,41.624443,-70.90544,0.07124986951190948
2024-06-04,41.624443,-70.90544,0.0
2024-06-05,41.624443,-70.90544,0.05428749412651673
2024-06-06,41.624443,-70.90544,7.401112040481212
2024-06-07,41.624443,-70.90544,0.04448220088749227
2024-06-08,41.624443,-70.90544,0.0
2024-06-09,41.624443,-70.90544,4.275012976234191
2024-06-10,41.624443,-70.90544,0.0
2024-06-11,41.624443,-70.90544,0.0
2024-06-12,41.624443,-70.90544,0.0
2024-06-13,41.624443,-70.90544,0.0
2024-06-14,41.624443,-70.90544,0.18114387033205534
2024-06-15,41.624443,-70.90544,5.095797816252014
2024-06-16,41.624443,-70.90544,0.0
2024-06-17,41.624443,-70.90544,0.04473954068265836
2024-06-18,41.624443,-70.90544,0.13693264411461042
2024-06-19,41.624443,-70.90544,0.02461041805454286
2024-06-20,41.624443,-70.90544,0.11398234943055577
2024-06-21,41.624443,-70.90544,1.033189387523753
2024-06-22,41.624443,-70.90544,14.22884755790726
2024-06-23,41.624443,-70.90544,10.667883764502061
2024-06-24,41.624443,-70.90544,5.184448395144985
2024-06-25,41.624443,-70.90544,0.1140639377507695
2024-06-26,41.624443,-70.90544,0.03666299205637898
2024-06-27,41.624443,-70.90544,29.508701282566115
2024-06-28,41.624443,-70.90544,0.0
2024-06-29,41.624443,-70.90544,0.1848911093976809
2024-06-30,41.624443,-70.90544,17.159184428432713
2024-07-01,41.624443,-70.90544,0.4406256448834029
2024-07-02,41.624443,-70.90544,0.0
2024-07-03,41.624443,-70.90544,0.0
2024-07-04,41.624443,-70.90544,0.0
2024-07-05,41.624443,-70.90544,0.8657017980345016
2024-07-06,41.624443,-70.90544,1.8506128584331822
2024-07-07,41.624443,-70.90544,0.10127963281084357
2024-07-08,41.624443,-70.90544,0.05595496405094719
2024-07-09,41.624443,-70.90544,0.06932879413148559
2024-07-10,41.624443,-70.90544,0.12000585798624688
2024-07-11,41.624443,-70.90544,0.16908856002144412
2024-07-12,41.624443,-70.90544,0.034455631457028985
2024-07-13,41.624443,-70.90544,18.121421528688884
2024-07-14,41.624443,-70.90544,0.004505399495829732
2024-07-15,41.624443,-70.90544,0.0022775185537201267
2024-07-16,41.624443,-70.90544,0.019190355146763354
2024-07-17,41.624443,-70.90544,0.042409971582878035
2024-07-18,41.624443,-70.90544,3.114945502379385
2024-07-19,41.624443,-70.90544,0.013268013749238581
2024-07-20,41.624443,-70.90544,0.0
2024-07-21,41.624443,-70.90544,7.195744535961746
2024-07-22,41.624443,-70.90544,0.1360144320593891
2024-07-23,41.624443,-70.90544,10.945285160717532
2024-07-24,41.624443,-70.90544,3.7561419310781186
2024-07-25,41.624443,-70.90544,1.5520885942189675
2024-07-26,41.624443,-70.90544,0.0671041097390379
2024-07-27,41.624443,-70.90544,0.0
2024-07-28,41.624443,-70.90544,23.525664153461637
2024-07-29,41.624443,-70.90544,24.633374499288124
2024-07-30,41.624443,-70.90544,0.043121044067185345
2024-07-31,41.624443,-70.90544,5.07407589891982
2024-08-01,41.624443,-70.90544,0.042071928645539866
2024-08-02,41.624443,-70.90544,0.05234781549771494
2024-08-03,41.624443,-70.90544,1.230980951652228
2024-08-04,41.624443,-70.90544,4.205277542500138
2024-08-05,41.624443,-70.90544,1.4505421712379256
2024-08-06,41.624443,-70.90544,4.817331476828367
2024-08-07,41.624443,-70.90544,11.539540593522567
2024-08-08,41.624443,-70.90544,2.460439438614267
2024-08-09,41.624443,-70.90544,3.3696538644315126
2024-08-10,41.624443,-70.90544,4.203813247590768
2024-08-11,41.624443,-70.90544,0.0
2024-08-12,41.624443,-70.90544,0.03179414300147797
2024-08-13,41.624443,-70.90544,1.3943396416496152
2024-08-14,41.624443,-70.90544,0.0
2024-08-15,41.624443,-70.90544,59.29956150261741
2024-08-16,41.624443,-70.90544,0.53573007234935
2024-08-17,41.624443,-70.90544,0.0
2024-08-18,41.624443,-70.90544,0.42093903428676344
2024-08-19,41.624443,-70.90544,24.746772490140206
2024-08-20,41.624443,-70.90544,0.02698466110892226
2024-08-21,41.624443,-70.90544,0.0
2024-08-22,41.624443,-70.90544,0.0
2024-08-23,41.624443,-70.90544,0.0
2024-08-24,41.624443,-70.90544,0.004127296396297933
2024-08-25,41.624443,-70.90544,0.0
2024-08-26,41.624443,-70.90544,1.9863664507058378
2024-08-27,41.624443,-70.90544,0.0
2024-08-28,41.624443,-70.90544,0.06062118168950705
2024-08-29,41.624443,-70.90544,0.04865833937291504
2024-08-30,41.624443,-70.90544,0.0
2024-08-31,41.624443,-70.90544,0.0
2024-09-01,41.624443,-70.90544,5.290052890053946
2024-09-02,41.624443,-70.90544,0.010500980896729123
2024-09-03,41.624443,-70.90544,0.0
2024-09-04,41.624443,-70.90544,0.0
2024-09-05,41.624443,-70.90544,0.0
2024-09-06,41.624443,-70.90544,0.0
2024-09-07,41.624443,-70.90544,0.7985989918518529
2024-09-08,41.624443,-70.90544,0.234003428482063
2024-09-09,41.624443,-70.90544,0.0
2024-09-10,41.624443,-70.90544,0.0
2024-09-11,41.624443,-70.90544,0.0
2024-09-12,41.624443,-70.90544,0.0
2024-09-13,41.624443,-70.90544,0.010627055654926488
2024-09-14,41.624443,-70.90544,0.0144455377714272
2024-09-15,41.624443,-70.90544,0.0
2024-09-16,41.624443,-70.90544,0.0
2024-09-17,41.624443,-70.90544,0.21989610191636302
2024-09-18,41.624443,-70.90544,0.16764677336985678
2024-09-19,41.624443,-70.90544,3.574285863238647
2024-09-20,41.624443,-70.90544,15.984689056948861
2024-09-21,41.624443,-70.90544,22.160186837689412
2024-09-22,41.624443,-70.90544,7.635550880755664
2024-09-23,41.624443,-70.90544,0.10781597435794968
2024-09-24,41.624443,-70.90544,0.0
2024-09-25,41.624443,-70.90544,1.845004739951103
2024-09-26,41.624443,-70.90544,4.535931155470028
2024-09-27,41.624443,-70.90544,2.946651597260318
2024-09-28,41.624443,-70.90544,0.7655144831096597
2024-09-29,41.624443,-70.90544,0.13844757204625782
2024-09-30,41.624443,-70.90544,0.0
2024-10-01,41.624443,-70.90544,0.0
2024-10-02,41.624443,-70.90544,0.0
2024-10-03,41.624443,-70.90544,0.0
2024-10-04,41.624443,-70.90544,0.0
2024-10-05,41.624443,-70.90544,0.3603519863106165
2024-10-06,41.624443,-70.90544,0.011387592344379732
2024-10-07,41.624443,-70.90544,21.18672911164076
2024-10-08,41.624443,-70.90544,0.009679454171476212
2024-10-09,41.624443,-70.90544,0.08369880356150274
2024-10-10,41.624443,-70.90544,0.0
2024-10-11,41.624443,-70.90544,0.0
2024-10-12,41.624443,-70.90544,0.0
2024-10-13,41.624443,-70.90544,1.720347073854988
2024-10-14,41.624443,-70.90544,7.461512790006283
2024-10-15,41.624443,-70.90544,0.0
2024-10-16,41.624443,-70.90544,0.0
2024-10-17,41.624443,-70.90544,0.0
2024-10-18,41.624443,-70.90544,0.0
2024-10-19,41.624443,-70.90544,0.0
2024-10-20,41.624443,-70.90544,0.0
2024-10-21,41.624443,-70.90544,0.0
2024-10-22,41.624443,-70.90544,0.0
2024-10-23,41.624443,-70.90544,0.0
2024-10-24,41.624443,-70.90544,0.035288521040707364
2024-10-25,41.624443,-70.90544,0.0
2024-10-26,41.624443,-70.90544,0.0
2024-10-27,41.624443,-70.90544,0.0011387592768600633
2024-10-28,41.624443,-70.90544,0.0
2024-10-29,41.624443,-70.90544,0.0014169406660149411
2024-10-30,41.624443,-70.90544,2.354737010430445
2024-10-31,41.624443,-70.90544,0.1329054861296332
2024-11-01,41.624443,-70.90544,0.2700024361782101
2024-11-02,41.624443,-70.90544,0.0
2024-11-03,41.624443,-70.90544,0.0035423515330744665
2024-11-04,41.624443,-70.90544,0.3481476618196637
2024-11-05,41.624443,-70.90544,1.416566503503621
2024-11-06,41.624443,-70.90544,0.0
2024-11-07,41.624443,-70.90544,0.0
2024-11-08,41.624443,-70.90544,0.0
2024-11-09,41.624443,-70.90544,0.1407498245650455
2024-11-10,41.624443,-70.90544,0.18077667713901488
2024-11-11,41.624443,-70.90544,21.30297984914941
2024-11-12,41.624443,-70.90544,0.0
2024-11-13,41.624443,-70.90544,0.0
2024-11-14,41.624443,-70.90544,0.0
2024-11-15,41.624443,-70.90544,0.04890684063753798
2024-11-16,41.624443,-70.90544,0.0
2024-11-17,41.624443,-70.90544,0.0
2024-11-18,41.624443,-70.90544,1.2304820036658495
2024-11-19,41.624443,-70.90544,0.0
2024-11-20,41.624443,-70.90544,0.01663271118693862
2024-11-21,41.624443,-70.90544,28.41262171156341
2024-11-22,41.624443,-70.90544,1.3835290132398048
2024-11-23,41.624443,-70.90544,18.497776018792308
2024-11-24,41.624443,-70.90544,0.41602027694274635
2024-11-25,41.624443,-70.90544,0.0
2024-11-26,41.624443,-70.90544,6.410322536591009
2024-11-27,41.624443,-70.90544,0.0
2024-11-28,41.624443,-70.90544,17.89874360480035
2024-11-29,41.624443,-70.90544,0.4700024245868946
2024-11-30,41.624443,-70.90544,0.017395310145536514
2024-12-01,41.624443,-70.90544,0.0048332184965951324
2024-12-02,41.624443,-70.90544,0.001986320304444973
2024-12-03,41.624443,-70.90544,0.0022775185537201267
2024-12-04,41.624443,-70.90544,0.3196698282653784
2024-12-05,41.624443,-70.90544,20.154969986461243
2024-12-06,41.624443,-70.90544,0.16271630668174744
2024-12-07,41.624443,-70.90544,0.07422835300095644
2024-12-08,41.624443,-70.90544,2.642721442552685
2024-12-09,41.624443,-70.90544,10.458140959857893
2024-12-10,41.624443,-70.90544,1.722419092729046
2024-12-11,41.624443,-70.90544,52.09933136060657
2024-12-12,41.624443,-70.90544,45.57791750581454
2024-12-13,41.624443,-70.90544,0.004975505155964468
2024-12-14,41.624443,-70.90544,0.0
2024-12-15,41.624443,-70.90544,0.047158441448252646
2024-12-16,41.624443,-70.90544,0.5668607609350174
2024-12-17,41.624443,-70.90544,6.167532991004256
2024-12-18,41.624443,-70.90544,0.29451929619656364
2024-12-19,41.624443,-70.90544,9.01359497276734
2024-12-20,41.624443,-70.90544,15.571905182789472
2024-12-21,41.624443,-70.90544,0.4664087153626453
2024-12-22,41.624443,-70.90544,0.0
2024-12-23,41.624443,-70.90544,0.013635244043670038
2024-12-24,41.624443,-70.90544,0.5291207867739831
2024-12-25,41.624443,-70.90544,0.0
2024-12-26,41.624443,-70.90544,0.0
2024-12-27,41.624443,-70.90544,0.0
2024-12-28,41.624443,-70.90544,11.782760219319133
2024-12-29,41.624443,-70.90544,3.129068452478352
2024-12-30,41.624443,-70.90544,22.362758700017423
2024-12-31,41.624443,-70.90544,0.11596054720374349
2025-01-01,41.624443,-70.90544,28.232214285055303
2025-01-02,41.624443,-70.90544,0.10396829540118963
2025-01-03,41.624443,-70.90544,0.0
2025-01-04,41.624443,-70.90544,0.0014169406660149411
2025-01-05,41.624443,-70.90544,0.02796468863368905
2025-01-06,41.624443,-70.90544,3.053111447853534
2025-01-07,41.624443,-70.90544,0.0
2025-01-08,41.624443,-70.90544,0.0
2025-01-09,41.624443,-70.90544,0.06736063280519373
2025-01-10,41.624443,-70.90544,0.0
2025-01-11,41.624443,-70.90544,0.5642113981227563
2025-01-12,41.624443,-70.90544,0.004127296396297933
2025-01-13,41.624443,-70.90544,0.0063762328651043474
2025-01-14,41.624443,-70.90544,0.0
2025-01-15,41.624443,-70.90544,0.0
2025-01-16,41.624443,-70.90544,0.0
2025-01-17,41.624443,-70.90544,0.10920378494516114
2025-01-18,41.624443,-70.90544,6.143417155110465
2025-01-19,41.624443,-70.90544,7.783079909760741
2025-01-20,41.624443,-70.90544,2.1795378763637867
2025-01-21,41.624443,-70.90544,0.0
2025-01-22,41.624443,-70.90544,1.9215493079597459
2025-01-23,41.624443,-70.90544,0.0
2025-01-24,41.624443,-70.90544,0.0
2025-01-25,41.624443,-70.90544,0.0
2025-01-26,41.624443,-70.90544,0.005544237062312873
2025-01-27,41.624443,-70.90544,0.0
2025-01-28,41.624443,-70.90544,0.7926078241710048
2025-01-29,41.624443,-70.90544,0.0
2025-01-30,41.624443,-70.90544,0.0
2025-01-31,41.624443,-70.90544,10.174749636620001
2025-02-01,41.624443,-70.90544,35.140479994116575
2025-02-02,41.624443,-70.90544,0.0
2025-02-03,41.624443,-70.90544,0.2245913627484133
2025-02-04,41.624443,-70.90544,1.7974684234414748
2025-02-05,41.624443,-70.90544,0.0
2025-02-06,41.624443,-70.90544,4.513583524583531
2025-02-07,41.624443,-70.90544,0.0
2025-02-08,41.624443,-70.90544,0.0
2025-02-09,41.624443,-70.90544,1.822896991904253
2025-02-10,41.624443,-70.90544,0.0
2025-02-11,41.624443,-70.90544,0.0
2025-02-12,41.624443,-70.90544,0.1903940839614669
2025-02-13,41.624443,-70.90544,5.8165909855885065
2025-02-14,41.624443,-70.90544,0.0
2025-02-15,41.624443,-70.90544,0.13868391123474422
2025-02-16,41.624443,-70.90544,49.94257682144489
2025-02-17,41.624443,-70.90544,0.0
2025-02-18,41.624443,-70.90544,0.0
2025-02-19,41.624443,-70.90544,0.0
2025-02-20,41.624443,-70.90544,0.007249827638837471
2025-02-21,41.624443,-70.90544,0.583548124141942
2025-02-22,41.624443,-70.90544,0.0
2025-02-23,41.624443,-70.90544,0.0017081389152900956
2025-02-24,41.624443,-70.90544,0.0
2025-02-25,41.624443,-70.90544,0.17482400382205293
2025-02-26,41.624443,-70.90544,0.04997485662548176
2025-02-27,41.624443,-70.90544,3.843316471760882
2025-02-28,41.624443,-70.90544,3.5371915482872534
2025-03-01,41.624443,-70.90544,0.003403260970459914
2025-03-02,41.624443,-70.90544,0.0
2025-03-03,41.624443,-70.90544,0.0
2025-03-04,41.624443,-70.90544,0.0
2025-03-05,41.624443,-70.90544,1.5493595575406702
2025-03-06,41.624443,-70.90544,20.923853708214246
2025-03-07,41.624443,-70.90544,0.0012778499714375022
2025-03-08,41.624443,-70.90544,0.0
2025-03-09,41.624443,-70.90544,0.0021254109990224124
2025-03-10,41.624443,-70.90544,0.0
2025-03-11,41.624443,-70.90544,0.0
2025-03-12,41.624443,-70.90544,0.0
2025-03-13,41.624443,-70.90544,0.003264170275882476
2025-03-14,41.624443,-70.90544,0.0
2025-03-15,41.624443,-70.90544,0.0
2025-03-16,41.624443,-70.90544,0.013520648465753859
2025-03-17,41.624443,-70.90544,76.53005552981968
2025-03-18,41.624443,-70.90544,9.604330910221881
2025-03-19,41.624443,-70.90544,0.0
2025-03-20,41.624443,-70.90544,0.05758898468664919
2025-03-21,41.624443,-70.90544,12.484973618698179
2025-03-22,41.624443,-70.90544,0.0
2025-03-23,41.624443,-70.90544,0.0
2025-03-24,41.624443,-70.90544,25.580520647182368
2025-03-25,41.624443,-70.90544,5.092934999986447
2025-03-26,41.624443,-70.90544,3.235111785857985
2025-03-27,41.624443,-70.90544,0.0
2025-03-28,41.624443,-70.90544,0.013235588363340009
2025-03-29,41.624443,-70.90544,4.606990796153756
2025-03-30,41.624443,-70.90544,3.5810024511872505
2025-03-31,41.624443,-70.90544,1.2626035181737054
2025-04-01,41.624443,-70.90544,4.996397107307082
2025-04-02,41.624443,-70.90544,0.7450531397684486
2025-04-03,41.624443,-70.90544,7.494231032183792
2025-04-04,41.624443,-70.90544,1.7064054009668383
2025-04-05,41.624443,-70.90544,2.9862794268271062
2025-04-06,41.624443,-70.90544,10.027116927981618
2025-04-07,41.624443,-70.90544,7.557996035212414
2025-04-08,41.624443,-70.90544,20.20174480189856
2025-04-09,41.624443,-70.90544,0.0
2025-04-10,41.624443,-70.90544,0.01898755801874718
2025-04-11,41.624443,-70.90544,6.371564494194612
2025-04-12,41.624443,-70.90544,11.070109943991456
2025-04-13,41.624443,-70.90544,12.376263953332462
2025-04-14,41.624443,-70.90544,0.28360246567636493
2025-04-15,41.624443,-70.90544,9.33576504184559
2025-04-16,41.624443,-70.90544,0.0
2025-04-17,41.624443,-70.90544,0.0
2025-04-18,41.624443,-70.90544,0.12757382391462707
2025-04-19,41.624443,-70.90544,0.7872362333151461
2025-04-20,41.624443,-70.90544,0.2256609850913151
2025-04-21,41.624443,-70.90544,0.08434202589330118
2025-04-22,41.624443,-70.90544,2.0625242651293285
2025-04-23,41.624443,-70.90544,0.0
2025-04-24,41.624443,-70.90544,0.0
2025-04-25,41.624443,-70.90544,0.06806853927683747
2025-04-26,41.624443,-70.90544,19.709317180408096
2025-04-27,41.624443,-70.90544,1.8765378953175345
2025-04-28,41.624443,-70.90544,0.0
2025-04-29,41.624443,-70.90544,0.0
2025-04-30,41.624443,-70.90544,1.9685722033077644
2025-05-01,41.624443,-70.90544,0.0
2025-05-02,41.624443,-70.90544,16.852356432011018
2025-05-03,41.624443,-70.90544,0.0
2025-05-04,41.624443,-70.90544,0.10011151808797578
2025-05-05,41.624443,-70.90544,3.887368375938302
2025-05-06,41.624443,-70.90544,3.34444735961241
2025-05-07,41.624443,-70.90544,0.226209635811507
2025-05-08,41.624443,-70.90544,0.024825541178661037
2025-05-09,41.624443,-70.90544,29.668135196047874
2025-05-10,41.624443,-70.90544,7.767802237727965
2025-05-11,41.624443,-70.90544,0.0
2025-05-12,41.624443,-70.90544,0.0
2025-05-13,41.624443,-70.90544,0.02531200980625424
2025-05-14,41.624443,-70.90544,0.3429578850502549
2025-05-15,41.624443,-70.90544,1.275027959896996
2025-05-16,41.624443,-70.90544,0.29048425108048914
2025-05-17,41.624443,-70.90544,0.6671569038093418
2025-05-18,41.624443,-70.90544,0.0
2025-05-19,41.624443,-70.90544,0.2637997187069653
2025-05-20,41.624443,-70.90544,0.12260999007902516
2025-05-21,41.624443,-70.90544,1.0246875176742531
2025-05-22,41.624443,-70.90544,68.64930855765738
2025-05-23,41.624443,-70.90544,28.052919066771977
2025-05-24,41.624443,-70.90544,0.028763259269960238
2025-05-25,41.624443,-70.90544,0.6795524581303362
2025-05-26,41.624443,-70.90544,0.0
2025-05-27,41.624443,-70.90544,0.6501920588438596
2025-05-28,41.624443,-70.90544,0.12114843235475575
2025-05-29,41.624443,-70.90544,16.256318544683193
2025-05-30,41.624443,-70.90544,1.431904913462451
2025-05-31,41.624443,-70.90544,18.57158253501325
2025-06-01,41.624443,-70.90544,0.037145666797912515
2025-06-02,41.624443,-70.90544,0.06190944363816235
2025-06-03,41.624443,-70.90544,0.0
2025-06-04,41.624443,-70.90544,0.0
2025-06-05,41.624443,-70.90544,0.0
2025-06-06,41.624443,-70.90544,0.0
2025-06-07,41.624443,-70.90544,7.515514021657876
2025-06-08,41.624443,-70.90544,0.21175433515076947
2025-06-09,41.624443,-70.90544,0.5323669121339571
2025-06-10,41.624443,-70.90544,12.305216164108556
2025-06-11,41.624443,-70.90544,0.0
2025-06-12,41.624443,-70.90544,0.0
2025-06-13,41.624443,-70.90544,0.03685426810483756
2025-06-14,41.624443,-70.90544,14.109860197575733
2025-06-15,41.624443,-70.90544,0.2639891201884167
2025-06-16,41.624443,-70.90544,0.4619185923429402
2025-06-17,41.624443,-70.90544,1.0196690620008946
2025-06-18,41.624443,-70.90544,2.266504386125746
2025-06-19,41.624443,-70.90544,0.31781004423403664
2025-06-20,41.624443,-70.90544,0.5817036486131633
2025-06-21,41.624443,-70.90544,0.009210114197134231
2025-06-22,41.624443,-70.90544,2.2387204309631454
2025-06-23,41.624443,-70.90544,0.0
2025-06-24,41.624443,-70.90544,0.02261006178462228
2025-06-25,41.624443,-70.90544,0.0035423515330744665
2025-06-26,41.624443,-70.90544,3.5206130969688822
2025-06-27,41.624443,-70.90544,0.1645104146667513
2025-06-28,41.624443,-70.90544,0.5725916438835007
2025-06-29,41.624443,-70.90544,0.42631361041075744
2025-06-30,41.624443,-70.90544,0.08717819707710901
2025-07-01,41.624443,-70.90544,1.187623742603826
2025-07-02,41.624443,-70.90544,12.550036230337051
2025-07-03,41.624443,-70.90544,0.8121126314466638
2025-07-04,41.624443,-70.90544,1.4982745827938007
2025-07-05,41.624443,-70.90544,6.38123444970528
2025-07-06,41.624443,-70.90544,0.5472988640164448
2025-07-07,41.624443,-70.90544,0.32971352224689865
2025-07-08,41.624443,-70.90544,1.2650767409095576
2025-07-09,41.624443,-70.90544,28.745766035608185
2025-07-10,41.624443,-70.90544,25.611857052683245
2025-07-11,41.624443,-70.90544,0.5692774825501784
2025-07-12,41.624443,-70.90544,0.045967942153280275
2025-07-13,41.624443,-70.90544,0.6793753992307271
2025-07-14,41.624443,-70.90544,0.0
2025-07-15,41.624443,-70.90544,8.268937527018192
2025-07-16,41.624443,-70.90544,0.005922340161844673
2025-07-17,41.624443,-70.90544,3.738005106791184
2025-07-18,41.624443,-70.90544,0.593086369588617
2025-07-19,41.624443,-70.90544,0.0
2025-07-20,41.624443,-70.90544,0.8603403146227437
2025-07-21,41.624443,-70.90544,0.984230633932903
2025-07-22,41.624443,-70.90544,0.0
2025-07-23,41.624443,-70.90544,0.0
2025-07-24,41.624443,-70.90544,0.0
2025-07-25,41.624443,-70.90544,20.121831074160298
2025-07-26,41.624443,-70.90544,0.042673343101545025
2025-07-27,41.624443,-70.90544,8.124590191401182
2025-07-28,41.624443,-70.90544,0.1648538621260282
2025-07-29,41.624443,-70.90544,1.183847325552729
2025-07-30,41.624443,-70.90544,0.06425769917366761
2025-07-31,41.624443,-70.90544,0.5377094290711557
2025-08-01,41.624443,-70.90544,8.735669943093557
2025-08-02,41.624443,-70.90544,0.0
2025-08-03,41.624443,-70.90544,0.0
2025-08-04,41.624443,-70.90544,0.0
2025-08-05,41.624443,-70.90544,0.0081998587155648
2025-08-06,41.624443,-70.90544,0.2770625322941187
2025-08-07,41.624443,-70.90544,1.9556992577885386
2025-08-08,41.624443,-70.90544,0.0
2025-08-09,41.624443,-70.90544,0.0
2025-08-10,41.624443,-70.90544,0.0
2025-08-11,41.624443,-70.90544,0.0
2025-08-12,41.624443,-70.90544,0.0
2025-08-13,41.624443,-70.90544,0.25464810867529913
2025-08-14,41.624443,-70.90544,1.7233600006283143
2025-08-15,41.624443,-70.90544,0.03882677577335303
2025-08-16,41.624443,-70.90544,0.0
2025-08-17,41.624443,-70.90544,0.013182755333875721
2025-08-18,41.624443,-70.90544,0.11743967393684882
2025-08-19,41.624443,-70.90544,0.0
2025-08-20,41.624443,-70.90544,8.62279327527116
2025-08-21,41.624443,-70.90544,23.00539685464887
2025-08-22,41.624443,-70.90544,0.0016585017186548227
2025-08-23,41.624443,-70.90544,0.0
2025-08-24,41.624443,-70.90544,0.724979146112426
2025-08-25,41.624443,-70.90544,0.25955531342177274
2025-08-26,41.624443,-70.90544,0.01650918558519173
2025-08-27,41.624443,-70.90544,1.5047850749009812
2025-08-28,41.624443,-70.90544,0.17802177355229637
2025-08-29,41.624443,-70.90544,2.521114610352562
2025-08-30,41.624443,-70.90544,2.854832078045264
2025-08-31,41.624443,-70.90544,0.03188116485337329
2025-09-01,41.624443,-70.90544,0.19368304516878976
2025-09-02,41.624443,-70.90544,0.0
2025-09-03,41.624443,-70.90544,0.0
2025-09-04,41.624443,-70.90544,0.0
2025-09-05,41.624443,-70.90544,0.45786190283266687
2025-09-06,41.624443,-70.90544,0.015303971559238853
2025-09-07,41.624443,-70.90544,22.035855623880693
2025-09-08,41.624443,-70.90544,1.5767494601811944
2025-09-09,41.624443,-70.90544,0.0
2025-09-10,41.624443,-70.90544,6.301047541838509
2025-09-11,41.624443,-70.90544,0.0
2025-09-12,41.624443,-70.90544,0.0
2025-09-13,41.624443,-70.90544,0.0
2025-09-14,41.624443,-70.90544,0.054225283432321594
2025-09-15,41.624443,-70.90544,0.0
2025-09-16,41.624443,-70.90544,0.08597052890471771
2025-09-17,41.624443,-70.90544,0.491680121730727
2025-09-18,41.624443,-70.90544,3.2743444035490463
2025-09-19,41.624443,-70.90544,0.0
2025-09-20,41.624443,-70.90544,0.0
2025-09-21,41.624443,-70.90544,5.868339379262601
2025-09-22,41.624443,-70.90544,0.4159120622529663
2025-09-23,41.624443,-70.90544,0.0
2025-09-24,41.624443,-70.90544,14.673766767452207
2025-09-25,41.624443,-70.90544,28.617360038280207
2025-09-26,41.624443,-70.90544,0.07690709165827252
2025-09-27,41.624443,-70.90544,0.7921745240114804
2025-09-28,41.624443,-70.90544,20.44865817919485
2025-09-29,41.624443,-70.90544,0.12390622595215578
2025-09-30,41.624443,-70.90544,0.1967355804132918
