date,lat,lon,pr_mm_per_day
2010-01-01,41.61122,-71.41031,1.8333580391098407
2010-01-02,41.61122,-71.41031,0.5497503665516345
2010-01-03,41.61122,-71.41031,0.23138960982842174
2010-01-04,41.61122,-71.41031,0.6106286611699518
2010-01-05,41.61122,-71.41031,0.010933523732918513
2010-01-06,41.61122,-71.41031,0.0
2010-01-07,41.61122,-71.41031,0.17521275760591798
2010-01-08,41.61122,-71.41031,0.22234346716935663
2010-01-09,41.61122,-71.41031,0.0
2010-01-10,41.61122,-71.41031,0.0
2010-01-11,41.61122,-71.41031,0.43247812014458037
2010-01-12,41.61122,-71.41031,0.16138298616929986
2010-01-13,41.61122,-71.41031,0.001846163936115189
2010-01-14,41.61122,-71.41031,0.0
2010-01-15,41.61122,-71.41031,0.8038662417499811
2010-01-16,41.61122,-71.41031,0.0
2010-01-17,41.61122,-71.41031,27.427552984813932
2010-01-18,41.61122,-71.41031,27.72477245918727
2010-01-19,41.61122,-71.41031,0.7016324939697604
2010-01-20,41.61122,-71.41031,0.014033499662042268
2010-01-21,41.61122,-71.41031,0.0
2010-01-22,41.61122,-71.41031,0.36504431147201816
2010-01-23,41.61122,-71.41031,0.0
2010-01-24,41.61122,-71.41031,1.850675249418113
2010-01-25,41.61122,-71.41031,39.833241493483925
2010-01-26,41.61122,-71.41031,1.0507520776261465
2010-01-27,41.61122,-71.41031,0.13714791983741292
2010-01-28,41.61122,-71.41031,0.528714189463949
2010-01-29,41.61122,-71.41031,0.0
2010-01-30,41.61122,-71.41031,0.028066999324084536
2010-01-31,41.61122,-71.41031,2.069933115423356
2010-02-01,41.61122,-71.41031,0.0
2010-02-02,41.61122,-71.41031,0.026424557440060434
2010-02-03,41.61122,-71.41031,0.002308624954467956
2010-02-04,41.61122,-71.41031,0.0
2010-02-05,41.61122,-71.41031,0.3264176577351856
2010-02-06,41.61122,-71.41031,2.0601624878217475
2010-02-07,41.61122,-71.41031,0.0
2010-02-08,41.61122,-71.41031,0.0
2010-02-09,41.61122,-71.41031,0.0
2010-02-10,41.61122,-71.41031,7.384434554577759
2010-02-11,41.61122,-71.41031,2.1169443243991584
2010-02-12,41.61122,-71.41031,0.0
2010-02-13,41.61122,-71.41031,0.1100476118234853
2010-02-14,41.61122,-71.41031,0.0
2010-02-15,41.61122,-71.41031,0.0
2010-02-16,41.61122,-71.41031,0.04461220893545203
2010-02-17,41.61122,-71.41031,0.0
2010-02-18,41.61122,-71.41031,0.0
2010-02-19,41.61122,-71.41031,0.015510280568907235
2010-02-20,41.61122,-71.41031,0.0
2010-02-21,41.61122,-71.41031,0.0
2010-02-22,41.61122,-71.41031,0.0
2010-02-23,41.61122,-71.41031,3.192414559716225
2010-02-24,41.61122,-71.41031,43.18357137349574
2010-02-25,41.61122,-71.41031,26.34963291595605
2010-02-26,41.61122,-71.41031,35.80746111734119
2010-02-27,41.61122,-71.41031,0.0
2010-02-28,41.61122,-71.41031,0.48845091519247374
2010-03-01,41.61122,-71.41031,1.6697244201148718
2010-03-02,41.61122,-71.41031,0.16866570707484874
2010-03-03,41.61122,-71.41031,8.853948061539032
2010-03-04,41.61122,-71.41031,0.27220665438751496
2010-03-05,41.61122,-71.41031,1.0488664674759987
2010-03-06,41.61122,-71.41031,0.006121999863163568
2010-03-07,41.61122,-71.41031,0.0
2010-03-08,41.61122,-71.41031,0.008370161092911131
2010-03-09,41.61122,-71.41031,0.0
2010-03-10,41.61122,-71.41031,0.003968755293911827
2010-03-11,41.61122,-71.41031,0.24070455455117448
2010-03-12,41.61122,-71.41031,0.02332858279165893
2010-03-13,41.61122,-71.41031,54.41987934800592
2010-03-14,41.61122,-71.41031,46.8948356247502
2010-03-15,41.61122,-71.41031,11.380801545383719
2010-03-16,41.61122,-71.41031,0.13411036923027314
2010-03-17,41.61122,-71.41031,0.03756544317649045
2010-03-18,41.61122,-71.41031,0.0
2010-03-19,41.61122,-71.41031,0.061786059118901435
2010-03-20,41.61122,-71.41031,0.0
2010-03-21,41.61122,-71.41031,0.007570327785549392
2010-03-22,41.61122,-71.41031,9.9735673307967
2010-03-23,41.61122,-71.41031,78.47399722851738
2010-03-24,41.61122,-71.41031,10.894838545018054
2010-03-25,41.61122,-71.41031,0.034192918960215764
2010-03-26,41.61122,-71.41031,23.18486533770887
2010-03-27,41.61122,-71.41031,0.001539083302978637
2010-03-28,41.61122,-71.41031,0.35885310712917207
2010-03-29,41.61122,-71.41031,91.91137364321466
2010-03-30,41.61122,-71.41031,100.00669431431203
2010-03-31,41.61122,-71.41031,4.908934180270064
2010-04-01,41.61122,-71.41031,0.029930852285775175
2010-04-02,41.61122,-71.41031,0.020671819887718424
2010-04-03,41.61122,-71.41031,0.006031244482570755
2010-04-04,41.61122,-71.41031,0.0
2010-04-05,41.61122,-71.41031,0.5260065029751378
2010-04-06,41.61122,-71.41031,0.29205629263881283
2010-04-07,41.61122,-71.41031,0.1759777360912415
2010-04-08,41.61122,-71.41031,0.0011694583051701886
2010-04-09,41.61122,-71.41031,13.112093939265673
2010-04-10,41.61122,-71.41031,0.7337726864220799
2010-04-11,41.61122,-71.41031,0.07675692432096856
2010-04-12,41.61122,-71.41031,0.0
2010-04-13,41.61122,-71.41031,0.3839709862223415
2010-04-14,41.61122,-71.41031,0.0
2010-04-15,41.61122,-71.41031,0.0
2010-04-16,41.61122,-71.41031,2.7391954560086433
2010-04-17,41.61122,-71.41031,13.888639557435981
2010-04-18,41.61122,-71.41031,0.001938999956659507
2010-04-19,41.61122,-71.41031,0.0
2010-04-20,41.61122,-71.41031,0.0
2010-04-21,41.61122,-71.41031,0.0
2010-04-22,41.61122,-71.41031,0.8901802765903077
2010-04-23,41.61122,-71.41031,0.09835633432200433
2010-04-24,41.61122,-71.41031,0.0
2010-04-25,41.61122,-71.41031,12.857059727818074
2010-04-26,41.61122,-71.41031,4.123841473184118
2010-04-27,41.61122,-71.41031,4.159086419662916
2010-04-28,41.61122,-71.41031,0.9240809565733745
2010-04-29,41.61122,-71.41031,0.34800186864280885
2010-04-30,41.61122,-71.41031,0.010125208092850828
2010-05-01,41.61122,-71.41031,0.002753919298445232
2010-05-02,41.61122,-71.41031,0.36976493027797697
2010-05-03,41.61122,-71.41031,13.306479565409239
2010-05-04,41.61122,-71.41031,0.6373348855320962
2010-05-05,41.61122,-71.41031,0.0007695416514893185
2010-05-06,41.61122,-71.41031,0.9347665213439139
2010-05-07,41.61122,-71.41031,0.0
2010-05-08,41.61122,-71.41031,6.543136188130781
2010-05-09,41.61122,-71.41031,0.013849788112177254
2010-05-10,41.61122,-71.41031,0.03495217889658882
2010-05-11,41.61122,-71.41031,0.17741136813007258
2010-05-12,41.61122,-71.41031,2.196506807601717
2010-05-13,41.61122,-71.41031,0.00812562482444648
2010-05-14,41.61122,-71.41031,3.606774991303421
2010-05-15,41.61122,-71.41031,0.40110425384217097
2010-05-16,41.61122,-71.41031,0.0
2010-05-17,41.61122,-71.41031,0.0
2010-05-18,41.61122,-71.41031,21.635480544236124
2010-05-19,41.61122,-71.41031,7.771753292595893
2010-05-20,41.61122,-71.41031,0.5320479059834617
2010-05-21,41.61122,-71.41031,0.0
2010-05-22,41.61122,-71.41031,0.24571506221168102
2010-05-23,41.61122,-71.41031,0.10776236889157181
2010-05-24,41.61122,-71.41031,0.25469434048910405
2010-05-25,41.61122,-71.41031,0.0
2010-05-26,41.61122,-71.41031,0.0
2010-05-27,41.61122,-71.41031,15.114879014301653
2010-05-28,41.61122,-71.41031,0.016571335902782827
2010-05-29,41.61122,-71.41031,2.8860584044192663
2010-05-30,41.61122,-71.41031,0.2923324242583603
2010-05-31,41.61122,-71.41031,0.0
2010-06-01,41.61122,-71.41031,8.23066116861391
2010-06-02,41.61122,-71.41031,0.754520992534715
2010-06-03,41.61122,-71.41031,0.0011694583051701886
2010-06-04,41.61122,-71.41031,0.910523910878121
2010-06-05,41.61122,-71.41031,23.345568440703843
2010-06-06,41.61122,-71.41031,5.978613097032933
2010-06-07,41.61122,-71.41031,0.033859833238883245
2010-06-08,41.61122,-71.41031,0.15115661976194678
2010-06-09,41.61122,-71.41031,11.55703793761788
2010-06-10,41.61122,-71.41031,4.025613294905099
2010-06-11,41.61122,-71.41031,3.5975696731910287
2010-06-12,41.61122,-71.41031,1.3306290835427836
2010-06-13,41.61122,-71.41031,13.070611503651161
2010-06-14,41.61122,-71.41031,0.002753919298445232
2010-06-15,41.61122,-71.41031,0.02634076673816041
2010-06-16,41.61122,-71.41031,0.3194859579949356
2010-06-17,41.61122,-71.41031,0.5023157272679846
2010-06-18,41.61122,-71.41031,0.0
2010-06-19,41.61122,-71.41031,0.0
2010-06-20,41.61122,-71.41031,1.3185040262811962
2010-06-21,41.61122,-71.41031,0.0
2010-06-22,41.61122,-71.41031,1.1320198671059079
2010-06-23,41.61122,-71.41031,9.63817148350891
2010-06-24,41.61122,-71.41031,0.9467225126352837
2010-06-25,41.61122,-71.41031,0.001214835995466595
2010-06-26,41.61122,-71.41031,0.4217664027536018
2010-06-27,41.61122,-71.41031,0.6085156475412352
2010-06-28,41.61122,-71.41031,1.3067691654128937
2010-06-29,41.61122,-71.41031,1.3029032278453738
2010-06-30,41.61122,-71.41031,0.06650570132838476
2010-07-01,41.61122,-71.41031,0.0
2010-07-02,41.61122,-71.41031,0.0
2010-07-03,41.61122,-71.41031,0.01169458261604471
2010-07-04,41.61122,-71.41031,0.012555241639366698
2010-07-05,41.61122,-71.41031,0.010042935497525645
2010-07-06,41.61122,-71.41031,0.11727144496641967
2010-07-07,41.61122,-71.41031,0.0
2010-07-08,41.61122,-71.41031,0.04207208464581849
2010-07-09,41.61122,-71.41031,0.7022701354391935
2010-07-10,41.61122,-71.41031,2.7499112541336785
2010-07-11,41.61122,-71.41031,4.792685348118622
2010-07-12,41.61122,-71.41031,0.19064960995570257
2010-07-13,41.61122,-71.41031,17.5861254183982
2010-07-14,41.61122,-71.41031,10.492043282328686
2010-07-15,41.61122,-71.41031,0.1371114988623958
2010-07-16,41.61122,-71.41031,0.0
2010-07-17,41.61122,-71.41031,0.16906178686381812
2010-07-18,41.61122,-71.41031,0.0
2010-07-19,41.61122,-71.41031,14.070734309338343
2010-07-20,41.61122,-71.41031,0.9963699507858897
2010-07-21,41.61122,-71.41031,3.968897916114561
2010-07-22,41.61122,-71.41031,1.0336924618438914
2010-07-23,41.61122,-71.41031,15.766601730575147
2010-07-24,41.61122,-71.41031,13.414580433954258
2010-07-25,41.61122,-71.41031,7.414644968434606
2010-07-26,41.61122,-71.41031,0.0
2010-07-27,41.61122,-71.41031,0.0
2010-07-28,41.61122,-71.41031,0.0
2010-07-29,41.61122,-71.41031,3.5163426376607902
2010-07-30,41.61122,-71.41031,0.0
2010-07-31,41.61122,-71.41031,0.00242967199093319
2010-08-01,41.61122,-71.41031,0.0
2010-08-02,41.61122,-71.41031,0.0
2010-08-03,41.61122,-71.41031,1.2748998491876453
2010-08-04,41.61122,-71.41031,0.26043994549139377
2010-08-05,41.61122,-71.41031,3.800110468218042
2010-08-06,41.61122,-71.41031,0.17634900551145455
2010-08-07,41.61122,-71.41031,0.0
2010-08-08,41.61122,-71.41031,0.0
2010-08-09,41.61122,-71.41031,0.07872653846493782
2010-08-10,41.61122,-71.41031,6.391545523791921
2010-08-11,41.61122,-71.41031,0.2619187914486809
2010-08-12,41.61122,-71.41031,1.8782916990167737
2010-08-13,41.61122,-71.41031,1.4106439964156507
2010-08-14,41.61122,-71.41031,0.0
2010-08-15,41.61122,-71.41031,0.7351289787915121
2010-08-16,41.61122,-71.41031,1.9002698500449369
2010-08-17,41.61122,-71.41031,3.703808939152095
2010-08-18,41.61122,-71.41031,6.825188107733897
2010-08-19,41.61122,-71.41031,0.9139909765099843
2010-08-20,41.61122,-71.41031,0.003508374915510567
2010-08-21,41.61122,-71.41031,0.86628708481017
2010-08-22,41.61122,-71.41031,31.654116372341054
2010-08-23,41.61122,-71.41031,19.873396135552667
2010-08-24,41.61122,-71.41031,0.012864041574700663
2010-08-25,41.61122,-71.41031,8.98568405312488
2010-08-26,41.61122,-71.41031,1.9835032343206553
2010-08-27,41.61122,-71.41031,0.0
2010-08-28,41.61122,-71.41031,0.0
2010-08-29,41.61122,-71.41031,0.030465021820748218
2010-08-30,41.61122,-71.41031,0.0
2010-08-31,41.61122,-71.41031,0.0
2010-09-01,41.61122,-71.41031,0.0
2010-09-02,41.61122,-71.41031,0.0
2010-09-03,41.61122,-71.41031,14.056261173389817
2010-09-04,41.61122,-71.41031,32.88955560856053
2010-09-05,41.61122,-71.41031,0.0
2010-09-06,41.61122,-71.41031,0.0
2010-09-07,41.61122,-71.41031,0.0
2010-09-08,41.61122,-71.41031,0.6495151149129599
2010-09-09,41.61122,-71.41031,0.0
2010-09-10,41.61122,-71.41031,0.006707950113515755
2010-09-11,41.61122,-71.41031,0.0
2010-09-12,41.61122,-71.41031,0.40367280113837134
2010-09-13,41.61122,-71.41031,0.0535224570029231
2010-09-14,41.61122,-71.41031,0.020307803641141913
2010-09-15,41.61122,-71.41031,0.0
2010-09-16,41.61122,-71.41031,0.5871006541313541
2010-09-17,41.61122,-71.41031,22.162153394409007
2010-09-18,41.61122,-71.41031,0.0
2010-09-19,41.61122,-71.41031,0.03643716335155904
2010-09-20,41.61122,-71.41031,0.06315871797898505
2010-09-21,41.61122,-71.41031,0.0
2010-09-22,41.61122,-71.41031,0.0
2010-09-23,41.61122,-71.41031,4.543926286757823
2010-09-24,41.61122,-71.41031,0.21248304795828304
2010-09-25,41.61122,-71.41031,0.0
2010-09-26,41.61122,-71.41031,0.574810476619632
2010-09-27,41.61122,-71.41031,0.3118055804669305
2010-09-28,41.61122,-71.41031,2.7375625616891393
2010-09-29,41.61122,-71.41031,0.24901153266058035
2010-09-30,41.61122,-71.41031,2.1742244614189006
2010-10-01,41.61122,-71.41031,11.766139634116929
2010-10-02,41.61122,-71.41031,1.6043957325668452
2010-10-03,41.61122,-71.41031,0.5405688290704656
2010-10-04,41.61122,-71.41031,5.996415791879947
2010-10-05,41.61122,-71.41031,0.003078166605957274
2010-10-06,41.61122,-71.41031,39.965274075359076
2010-10-07,41.61122,-71.41031,0.0
2010-10-08,41.61122,-71.41031,0.0
2010-10-09,41.61122,-71.41031,0.0
2010-10-10,41.61122,-71.41031,0.0
2010-10-11,41.61122,-71.41031,0.0
2010-10-12,41.61122,-71.41031,1.8725157231830778
2010-10-13,41.61122,-71.41031,0.0
2010-10-14,41.61122,-71.41031,0.0
2010-10-15,41.61122,-71.41031,31.68311718052858
2010-10-16,41.61122,-71.41031,0.06126561136885244
2010-10-17,41.61122,-71.41031,0.007477491765005074
2010-10-18,41.61122,-71.41031,0.015136132735613091
2010-10-19,41.61122,-71.41031,3.913619289547691
2010-10-20,41.61122,-71.41031,0.0416646533124844
2010-10-21,41.61122,-71.41031,3.5720745433784122
2010-10-22,41.61122,-71.41031,0.0
2010-10-23,41.61122,-71.41031,0.030829644651098137
2010-10-24,41.61122,-71.41031,2.642050917885973
2010-10-25,41.61122,-71.41031,1.699245601680667
2010-10-26,41.61122,-71.41031,1.4402341194026573
2010-10-27,41.61122,-71.41031,12.513401371503692
2010-10-28,41.61122,-71.41031,0.8114401064705471
2010-10-29,41.61122,-71.41031,0.014228377373283049
2010-10-30,41.61122,-71.41031,0.0351252064593964
2010-10-31,41.61122,-71.41031,1.142365572495456
2010-11-01,41.61122,-71.41031,0.0
2010-11-02,41.61122,-71.41031,0.0
2010-11-03,41.61122,-71.41031,0.0
2010-11-04,41.61122,-71.41031,14.961209217687031
2010-11-05,41.61122,-71.41031,25.110782102375687
2010-11-06,41.61122,-71.41031,0.9425976729621067
2010-11-07,41.61122,-71.41031,2.5055804675697226
2010-11-08,41.61122,-71.41031,12.296283464275373
2010-11-09,41.61122,-71.41031,0.52305881583164
2010-11-10,41.61122,-71.41031,5.097644490203025
2010-11-11,41.61122,-71.41031,2.932470824859991
2010-11-12,41.61122,-71.41031,0.0
2010-11-13,41.61122,-71.41031,0.0
2010-11-14,41.61122,-71.41031,0.0
2010-11-15,41.61122,-71.41031,0.019324017033185523
2010-11-16,41.61122,-71.41031,4.88901952837248
2010-11-17,41.61122,-71.41031,32.145581793861545
2010-11-18,41.61122,-71.41031,0.003385247239093826
2010-11-19,41.61122,-71.41031,0.14270016194497714
2010-11-20,41.61122,-71.41031,0.7220633477367029
2010-11-21,41.61122,-71.41031,0.03426454868584772
2010-11-22,41.61122,-71.41031,0.045881142660390256
2010-11-23,41.61122,-71.41031,2.998584924827156
2010-11-24,41.61122,-71.41031,0.0
2010-11-25,41.61122,-71.41031,0.1090110132704005
2010-11-26,41.61122,-71.41031,4.50050854090463
2010-11-27,41.61122,-71.41031,0.0
2010-11-28,41.61122,-71.41031,0.0
2010-11-29,41.61122,-71.41031,0.0
2010-11-30,41.61122,-71.41031,0.5543479031208344
2010-12-01,41.61122,-71.41031,20.231628341215366
2010-12-02,41.61122,-71.41031,0.6619306417357778
2010-12-03,41.61122,-71.41031,0.36062554083093723
2010-12-04,41.61122,-71.41031,0.0783552274060691
2010-12-05,41.61122,-71.41031,0.0
2010-12-06,41.61122,-71.41031,0.0
2010-12-07,41.61122,-71.41031,0.10110674717378017
2010-12-08,41.61122,-71.41031,0.007755999826638028
2010-12-09,41.61122,-71.41031,0.0
2010-12-10,41.61122,-71.41031,0.0038477081141082875
2010-12-11,41.61122,-71.41031,0.09576609758516524
2010-12-12,41.61122,-71.41031,28.28583200844878
2010-12-13,41.61122,-71.41031,76.93729826026726
2010-12-14,41.61122,-71.41031,0.0
2010-12-15,41.61122,-71.41031,0.0
2010-12-16,41.61122,-71.41031,0.05042296241130076
2010-12-17,41.61122,-71.41031,0.03745896769663486
2010-12-18,41.61122,-71.41031,0.0
2010-12-19,41.61122,-71.41031,0.10586893232291172
2010-12-20,41.61122,-71.41031,1.5204996216132196
2010-12-21,41.61122,-71.41031,1.2192302329346423
2010-12-22,41.61122,-71.41031,0.0
2010-12-23,41.61122,-71.41031,0.17976197930821247
2010-12-24,41.61122,-71.41031,0.025088673955566916
2010-12-25,41.61122,-71.41031,0.3448952823402119
2010-12-26,41.61122,-71.41031,7.9025493713687425
2010-12-27,41.61122,-71.41031,0.30527298812801845
2010-12-28,41.61122,-71.41031,0.040816000044836154
2010-12-29,41.61122,-71.41031,0.03779513449971029
2010-12-30,41.61122,-71.41031,0.0
2010-12-31,41.61122,-71.41031,0.3890992846632012
2011-01-01,41.61122,-71.41031,0.32048977514555327
2011-01-02,41.61122,-71.41031,3.446420689530941
2011-01-03,41.61122,-71.41031,5.783702903109829
2011-01-04,41.61122,-71.41031,0.03883054101858873
2011-01-05,41.61122,-71.41031,0.04658137667548135
2011-01-06,41.61122,-71.41031,0.03151479027436449
2011-01-07,41.61122,-71.41031,0.24594707840510155
2011-01-08,41.61122,-71.41031,0.4597980245283301
2011-01-09,41.61122,-71.41031,5.568581305369164
2011-01-10,41.61122,-71.41031,0.0
2011-01-11,41.61122,-71.41031,0.047665524722146656
2011-01-12,41.61122,-71.41031,27.2255263589057
2011-01-13,41.61122,-71.41031,0.27835396323641076
2011-01-14,41.61122,-71.41031,0.03132568024810287
2011-01-15,41.61122,-71.41031,1.0780799541020991
2011-01-16,41.61122,-71.41031,4.379879931721648
2011-01-17,41.61122,-71.41031,0.2937454619237839
2011-01-18,41.61122,-71.41031,30.31457826955099
2011-01-19,41.61122,-71.41031,2.742270757270286
2011-01-20,41.61122,-71.41031,0.06789209436278314
2011-01-21,41.61122,-71.41031,9.362430664816001
2011-01-22,41.61122,-71.41031,0.0
2011-01-23,41.61122,-71.41031,0.0
2011-01-24,41.61122,-71.41031,0.0
2011-01-25,41.61122,-71.41031,1.564664049415883
2011-01-26,41.61122,-71.41031,6.312240043873832
2011-01-27,41.61122,-71.41031,28.203522210601534
2011-01-28,41.61122,-71.41031,0.46748233161731845
2011-01-29,41.61122,-71.41031,0.43079551488377466
2011-01-30,41.61122,-71.41031,0.17754094960522648
2011-01-31,41.61122,-71.41031,0.0
2011-02-01,41.61122,-71.41031,0.8683773063898093
2011-02-02,41.61122,-71.41031,28.305708140382084
2011-02-03,41.61122,-71.41031,0.0
2011-02-04,41.61122,-71.41031,0.0
2011-02-05,41.61122,-71.41031,0.6020403263604978
2011-02-06,41.61122,-71.41031,2.2064279789570116
2011-02-07,41.61122,-71.41031,0.13346333847074004
2011-02-08,41.61122,-71.41031,7.969057645246216
2011-02-09,41.61122,-71.41031,0.0
2011-02-10,41.61122,-71.41031,0.29095811896607815
2011-02-11,41.61122,-71.41031,0.0
2011-02-12,41.61122,-71.41031,0.0
2011-02-13,41.61122,-71.41031,0.29795708246924163
2011-02-14,41.61122,-71.41031,0.6308231368375765
2011-02-15,41.61122,-71.41031,0.0
2011-02-16,41.61122,-71.41031,0.0
2011-02-17,41.61122,-71.41031,0.0
2011-02-18,41.61122,-71.41031,0.04151234676616994
2011-02-19,41.61122,-71.41031,0.0
2011-02-20,41.61122,-71.41031,0.0
2011-02-21,41.61122,-71.41031,0.335395178488473
2011-02-22,41.61122,-71.41031,0.16810690334909134
2011-02-23,41.61122,-71.41031,0.0
2011-02-24,41.61122,-71.41031,0.0
2011-02-25,41.61122,-71.41031,62.127350873492205
2011-02-26,41.61122,-71.41031,0.010367182578756845
2011-02-27,41.61122,-71.41031,2.0681074507928354
2011-02-28,41.61122,-71.41031,20.754734543383286
2011-03-01,41.61122,-71.41031,4.352338532246692
2011-03-02,41.61122,-71.41031,0.03454945957490421
2011-03-03,41.61122,-71.41031,0.0
2011-03-04,41.61122,-71.41031,0.0011694583051701886
2011-03-05,41.61122,-71.41031,0.010722083097723987
2011-03-06,41.61122,-71.41031,0.1418447110887287
2011-03-07,41.61122,-71.41031,19.031556876904457
2011-03-08,41.61122,-71.41031,0.0007695416514893185
2011-03-09,41.61122,-71.41031,0.0344223720634222
2011-03-10,41.61122,-71.41031,8.893214765663561
2011-03-11,41.61122,-71.41031,10.872752158960731
2011-03-12,41.61122,-71.41031,0.010894749744340146
2011-03-13,41.61122,-71.41031,0.001539083302978637
2011-03-14,41.61122,-71.41031,0.001214835995466595
2011-03-15,41.61122,-71.41031,0.007384655744460756
2011-03-16,41.61122,-71.41031,9.906357673185845
2011-03-17,41.61122,-71.41031,0.0036445079863997847
2011-03-18,41.61122,-71.41031,1.576094046950858
2011-03-19,41.61122,-71.41031,1.5625999828573287
2011-03-20,41.61122,-71.41031,0.0
2011-03-21,41.61122,-71.41031,5.927143291054807
2011-03-22,41.61122,-71.41031,0.1796117273250582
2011-03-23,41.61122,-71.41031,1.2138483987016808
2011-03-24,41.61122,-71.41031,1.757909027560431
2011-03-25,41.61122,-71.41031,0.001938999956659507
2011-03-26,41.61122,-71.41031,0.0
2011-03-27,41.61122,-71.41031,0.011750885270238424
2011-03-28,41.61122,-71.41031,0.0
2011-03-29,41.61122,-71.41031,0.001539083302978637
2011-03-30,41.61122,-71.41031,0.0
2011-03-31,41.61122,-71.41031,13.559222952812856
2011-04-01,41.61122,-71.41031,8.721655775191618
2011-04-02,41.61122,-71.41031,0.107489259071535
2011-04-03,41.61122,-71.41031,0.09337184035603271
2011-04-04,41.61122,-71.41031,7.014033622953669
2011-04-05,41.61122,-71.41031,3.451969675082573
2011-04-06,41.61122,-71.41031,0.0
2011-04-07,41.61122,-71.41031,0.038360752147343136
2011-04-08,41.61122,-71.41031,2.7253688928798874
2011-04-09,41.61122,-71.41031,1.1992706940072764
2011-04-10,41.61122,-71.41031,0.4803463198281327
2011-04-11,41.61122,-71.41031,4.304733486374425
2011-04-12,41.61122,-71.41031,7.368062375245722
2011-04-13,41.61122,-71.41031,59.496002636479496
2011-04-14,41.61122,-71.41031,0.19168419581099325
2011-04-15,41.61122,-71.41031,0.02215396723338226
2011-04-16,41.61122,-71.41031,2.6716839207685776
2011-04-17,41.61122,-71.41031,19.301463734536
2011-04-18,41.61122,-71.41031,0.014372713251068767
2011-04-19,41.61122,-71.41031,4.651675107202214
2011-04-20,41.61122,-71.41031,4.780524653030433
2011-04-21,41.61122,-71.41031,0.00242967199093319
2011-04-22,41.61122,-71.41031,0.03401117300222934
2011-04-23,41.61122,-71.41031,11.569795864740835
2011-04-24,41.61122,-71.41031,0.6099153465345298
2011-04-25,41.61122,-71.41031,4.769477807180374
2011-04-26,41.61122,-71.41031,0.07645948950828386
2011-04-27,41.61122,-71.41031,0.9755022594564392
2011-04-28,41.61122,-71.41031,4.909042331700123
2011-04-29,41.61122,-71.41031,11.268359733084688
2011-04-30,41.61122,-71.41031,0.0
2011-05-01,41.61122,-71.41031,0.0
2011-05-02,41.61122,-71.41031,0.20444635823913357
2011-05-03,41.61122,-71.41031,6.555293059034946
2011-05-04,41.61122,-71.41031,6.430525732407252
2011-05-05,41.61122,-71.41031,5.592239767433233
2011-05-06,41.61122,-71.41031,0.09656164628389931
2011-05-07,41.61122,-71.41031,1.4793212511675262
2011-05-08,41.61122,-71.41031,4.965218144377428
2011-05-09,41.61122,-71.41031,0.332759746421076
2011-05-10,41.61122,-71.41031,0.27791611020268936
2011-05-11,41.61122,-71.41031,0.36793677060219077
2011-05-12,41.61122,-71.41031,0.004617249908935912
2011-05-13,41.61122,-71.41031,0.01120183003360186
2011-05-14,41.61122,-71.41031,3.3145814896416805
2011-05-15,41.61122,-71.41031,9.60418569182274
2011-05-16,41.61122,-71.41031,10.84950904625791
2011-05-17,41.61122,-71.41031,2.6907708385776803
2011-05-18,41.61122,-71.41031,10.49939524398767
2011-05-19,41.61122,-71.41031,11.500282200246719
2011-05-20,41.61122,-71.41031,0.6287358403951281
2011-05-21,41.61122,-71.41031,0.08844530001127704
2011-05-22,41.61122,-71.41031,0.002338916610340377
2011-05-23,41.61122,-71.41031,3.7081758114234216
2011-05-24,41.61122,-71.41031,9.075375238083819
2011-05-25,41.61122,-71.41031,0.01287532732310089
2011-05-26,41.61122,-71.41031,0.0
2011-05-27,41.61122,-71.41031,0.2034157208966355
2011-05-28,41.61122,-71.41031,0.008186208354019911
2011-05-29,41.61122,-71.41031,0.5237888994424439
2011-05-30,41.61122,-71.41031,2.690588065358499
2011-05-31,41.61122,-71.41031,0.00242967199093319
2011-06-01,41.61122,-71.41031,2.0213638971937273
2011-06-02,41.61122,-71.41031,1.1115573547529212
2011-06-03,41.61122,-71.41031,0.017859398452984076
2011-06-04,41.61122,-71.41031,0.14692154358760517
2011-06-05,41.61122,-71.41031,0.04763903132422267
2011-06-06,41.61122,-71.41031,0.6187939318201725
2011-06-07,41.61122,-71.41031,0.0
2011-06-08,41.61122,-71.41031,0.8902261115189563
2011-06-09,41.61122,-71.41031,23.21472746953535
2011-06-10,41.61122,-71.41031,12.06600169537224
2011-06-11,41.61122,-71.41031,5.579866232070889
2011-06-12,41.61122,-71.41031,14.10536410702489
2011-06-13,41.61122,-71.41031,0.35816148879072374
2011-06-14,41.61122,-71.41031,3.019018382896342
2011-06-15,41.61122,-71.41031,0.013603291134660384
2011-06-16,41.61122,-71.41031,0.0
2011-06-17,41.61122,-71.41031,5.146916858741178
2011-06-18,41.61122,-71.41031,4.830156247133582
2011-06-19,41.61122,-71.41031,0.00242967199093319
2011-06-20,41.61122,-71.41031,0.09406146961700793
2011-06-21,41.61122,-71.41031,0.0
2011-06-22,41.61122,-71.41031,9.902936379092054
2011-06-23,41.61122,-71.41031,20.98935497502903
2011-06-24,41.61122,-71.41031,3.3993118516178207
2011-06-25,41.61122,-71.41031,0.15833915032821336
2011-06-26,41.61122,-71.41031,0.06931832519498904
2011-06-27,41.61122,-71.41031,0.03833458321075438
2011-06-28,41.61122,-71.41031,0.0
2011-06-29,41.61122,-71.41031,6.855296620787901
2011-06-30,41.61122,-71.41031,0.0
2011-07-01,41.61122,-71.41031,0.0
2011-07-02,41.61122,-71.41031,0.007016749831021134
2011-07-03,41.61122,-71.41031,3.114632603323657
2011-07-04,41.61122,-71.41031,0.3446836940155685
2011-07-05,41.61122,-71.41031,0.12162283813932034
2011-07-06,41.61122,-71.41031,0.052635984486976
2011-07-07,41.61122,-71.41031,0.02775219916806972
2011-07-08,41.61122,-71.41031,14.862257853970767
2011-07-09,41.61122,-71.41031,23.3881754621355
2011-07-10,41.61122,-71.41031,0.0
2011-07-11,41.61122,-71.41031,0.0
2011-07-12,41.61122,-71.41031,0.2734453786985887
2011-07-13,41.61122,-71.41031,2.671788028009378
2011-07-14,41.61122,-71.41031,5.8709368800640895
2011-07-15,41.61122,-71.41031,0.028550828731418874
2011-07-16,41.61122,-71.41031,0.7481868485616959
2011-07-17,41.61122,-71.41031,0.0
2011-07-18,41.61122,-71.41031,3.8820103924037856
2011-07-19,41.61122,-71.41031,0.19959734437535567
2011-07-20,41.61122,-71.41031,0.0
2011-07-21,41.61122,-71.41031,0.15095549026745203
2011-07-22,41.61122,-71.41031,0.0709998679822845
2011-07-23,41.61122,-71.41031,0.5646590462937834
2011-07-24,41.61122,-71.41031,3.0344207606680573
2011-07-25,41.61122,-71.41031,5.523483122699275
2011-07-26,41.61122,-71.41031,11.048590430435546
2011-07-27,41.61122,-71.41031,0.002308624954467956
2011-07-28,41.61122,-71.41031,0.023081884140146145
2011-07-29,41.61122,-71.41031,1.6041052191685568
2011-07-30,41.61122,-71.41031,0.0537786792306497
2011-07-31,41.61122,-71.41031,0.0
2011-08-01,41.61122,-71.41031,0.43648782300833405
2011-08-02,41.61122,-71.41031,0.08432828529766287
2011-08-03,41.61122,-71.41031,1.7529361426773278
2011-08-04,41.61122,-71.41031,3.102902603049307
2011-08-05,41.61122,-71.41031,0.032744833416079644
2011-08-06,41.61122,-71.41031,4.184708161633645
2011-08-07,41.61122,-71.41031,39.24702003836436
2011-08-08,41.61122,-71.41031,9.371028173768757
2011-08-09,41.61122,-71.41031,5.910050114489562
2011-08-10,41.61122,-71.41031,2.4630327364192452
2011-08-11,41.61122,-71.41031,0.0
2011-08-12,41.61122,-71.41031,0.0
2011-08-13,41.61122,-71.41031,0.023855791912860403
2011-08-14,41.61122,-71.41031,10.208686288039473
2011-08-15,41.61122,-71.41031,52.03059548410976
2011-08-16,41.61122,-71.41031,0.5554679399169316
2011-08-17,41.61122,-71.41031,0.0
2011-08-18,41.61122,-71.41031,0.14843261166262017
2011-08-19,41.61122,-71.41031,0.09785331823730217
2011-08-20,41.61122,-71.41031,1.5250700802461954
2011-08-21,41.61122,-71.41031,1.5559638190820035
2011-08-22,41.61122,-71.41031,17.12409285617606
2011-08-23,41.61122,-71.41031,0.33179180014279913
2011-08-24,41.61122,-71.41031,0.2758684085247092
2011-08-25,41.61122,-71.41031,2.069576606913535
2011-08-26,41.61122,-71.41031,2.1418447005453873
2011-08-27,41.61122,-71.41031,14.221983392432275
2011-08-28,41.61122,-71.41031,40.05949529909062
2011-08-29,41.61122,-71.41031,0.07324711546641507
2011-08-30,41.61122,-71.41031,0.0
2011-08-31,41.61122,-71.41031,0.12305571245669254
2011-09-01,41.61122,-71.41031,0.1240698583363856
2011-09-02,41.61122,-71.41031,0.0
2011-09-03,41.61122,-71.41031,0.21206355695738258
2011-09-04,41.61122,-71.41031,0.2313811960600764
2011-09-05,41.61122,-71.41031,0.6010517864001426
2011-09-06,41.61122,-71.41031,22.799303990136316
2011-09-07,41.61122,-71.41031,3.120314178610911
2011-09-08,41.61122,-71.41031,72.47801576403076
2011-09-09,41.61122,-71.41031,2.377874073204933
2011-09-10,41.61122,-71.41031,0.0
2011-09-11,41.61122,-71.41031,0.0
2011-09-12,41.61122,-71.41031,0.17899131293884185
2011-09-13,41.61122,-71.41031,0.020304637990567528
2011-09-14,41.61122,-71.41031,0.0
2011-09-15,41.61122,-71.41031,0.13484923248786684
2011-09-16,41.61122,-71.41031,0.3179040787254671
2011-09-17,41.61122,-71.41031,3.383607463972192
2011-09-18,41.61122,-71.41031,0.0393677950062558
2011-09-19,41.61122,-71.41031,0.0
2011-09-20,41.61122,-71.41031,0.9676827056796242
2011-09-21,41.61122,-71.41031,0.0327078173050215
2011-09-22,41.61122,-71.41031,0.5551927228237062
2011-09-23,41.61122,-71.41031,16.36673300532925
2011-09-24,41.61122,-71.41031,17.382964506516803
2011-09-25,41.61122,-71.41031,1.935833067744172
2011-09-26,41.61122,-71.41031,1.3609483425221813
2011-09-27,41.61122,-71.41031,0.012246441577986484
2011-09-28,41.61122,-71.41031,0.056105193709726206
2011-09-29,41.61122,-71.41031,9.791418749911223
2011-09-30,41.61122,-71.41031,0.0
2011-10-01,41.61122,-71.41031,11.764116212275919
2011-10-02,41.61122,-71.41031,0.004677833220680754
2011-10-03,41.61122,-71.41031,4.877060027816064
2011-10-04,41.61122,-71.41031,7.398097933339746
2011-10-05,41.61122,-71.41031,0.5306813163396297
2011-10-06,41.61122,-71.41031,0.0
2011-10-07,41.61122,-71.41031,0.01587502117564731
2011-10-08,41.61122,-71.41031,0.0
2011-10-09,41.61122,-71.41031,0.0
2011-10-10,41.61122,-71.41031,0.0
2011-10-11,41.61122,-71.41031,3.7167638115649617
2011-10-12,41.61122,-71.41031,7.292380035324601
2011-10-13,41.61122,-71.41031,25.922292902219926
2011-10-14,41.61122,-71.41031,14.11455593290673
2011-10-15,41.61122,-71.41031,4.927893370535413
2011-10-16,41.61122,-71.41031,0.4206962908605375
2011-10-17,41.61122,-71.41031,4.987552232633508
2011-10-18,41.61122,-71.41031,0.07099951032420493
2011-10-19,41.61122,-71.41031,35.33580878331966
2011-10-20,41.61122,-71.41031,7.3462621029797575
2011-10-21,41.61122,-71.41031,0.0
2011-10-22,41.61122,-71.41031,0.0
2011-10-23,41.61122,-71.41031,0.0
2011-10-24,41.61122,-71.41031,0.012153244345734324
2011-10-25,41.61122,-71.41031,0.7410379410358553
2011-10-26,41.61122,-71.41031,1.5894106381615594
2011-10-27,41.61122,-71.41031,15.18109657848083
2011-10-28,41.61122,-71.41031,1.0833577011056834
2011-10-29,41.61122,-71.41031,25.493398804605807
2011-10-30,41.61122,-71.41031,0.12816875772155067
2011-10-31,41.61122,-71.41031,0.0
2011-11-01,41.61122,-71.41031,1.5052871475402723
2011-11-02,41.61122,-71.41031,0.0
2011-11-03,41.61122,-71.41031,0.23831057005055617
2011-11-04,41.61122,-71.41031,1.5440713208697927
2011-11-05,41.61122,-71.41031,0.0
2011-11-06,41.61122,-71.41031,0.006121999863163568
2011-11-07,41.61122,-71.41031,0.031539082632426385
2011-11-08,41.61122,-71.41031,0.0
2011-11-09,41.61122,-71.41031,0.0
2011-11-10,41.61122,-71.41031,15.1763117486002
2011-11-11,41.61122,-71.41031,1.3888575928096558
2011-11-12,41.61122,-71.41031,0.004617249908935912
2011-11-13,41.61122,-71.41031,1.3048753085837979
2011-11-14,41.61122,-71.41031,0.8132062151158194
2011-11-15,41.61122,-71.41031,1.824695769995846
2011-11-16,41.61122,-71.41031,20.15096723885751
2011-11-17,41.61122,-71.41031,13.729744126823164
2011-11-18,41.61122,-71.41031,0.002338916610340377
2011-11-19,41.61122,-71.41031,0.026619274346844128
2011-11-20,41.61122,-71.41031,0.01634200548204745
2011-11-21,41.61122,-71.41031,9.639883226417018
2011-11-22,41.61122,-71.41031,0.3110300118941938
2011-11-23,41.61122,-71.41031,44.441478689031314
2011-11-24,41.61122,-71.41031,0.006986458175148711
2011-11-25,41.61122,-71.41031,0.06109058306008562
2011-11-26,41.61122,-71.41031,0.16225987300338535
2011-11-27,41.61122,-71.41031,0.7951330373438825
2011-11-28,41.61122,-71.41031,2.3002862974326326
2011-11-29,41.61122,-71.41031,0.0
2011-11-30,41.61122,-71.41031,18.865194630008613
2011-12-01,41.61122,-71.41031,0.0
2011-12-02,41.61122,-71.41031,0.00595313294086774
2011-12-03,41.61122,-71.41031,0.0
2011-12-04,41.61122,-71.41031,0.056147651754875225
2011-12-05,41.61122,-71.41031,0.07898676109318745
2011-12-06,41.61122,-71.41031,9.99133429624972
2011-12-07,41.61122,-71.41031,41.65196203312298
2011-12-08,41.61122,-71.41031,5.118520920884215
2011-12-09,41.61122,-71.41031,0.05425510372964687
2011-12-10,41.61122,-71.41031,3.2913068592525123
2011-12-11,41.61122,-71.41031,0.0
2011-12-12,41.61122,-71.41031,0.04412398185391955
2011-12-13,41.61122,-71.41031,0.13987874278058365
2011-12-14,41.61122,-71.41031,0.26249856735227584
2011-12-15,41.61122,-71.41031,8.022313708632346
2011-12-16,41.61122,-71.41031,1.2144465867304195
2011-12-17,41.61122,-71.41031,1.457321530876758
2011-12-18,41.61122,-71.41031,0.0
2011-12-19,41.61122,-71.41031,0.027955399522059065
2011-12-20,41.61122,-71.41031,0.8154980102413305
2011-12-21,41.61122,-71.41031,8.064382374917342
2011-12-22,41.61122,-71.41031,5.00174759230909
2011-12-23,41.61122,-71.41031,13.695047106350513
2011-12-24,41.61122,-71.41031,0.0
2011-12-25,41.61122,-71.41031,0.0720231501538549
2011-12-26,41.61122,-71.41031,2.124063556129843
2011-12-27,41.61122,-71.41031,6.407111498999567
2011-12-28,41.61122,-71.41031,16.823612202674404
2011-12-29,41.61122,-71.41031,0.03644108151383937
2011-12-30,41.61122,-71.41031,0.25881376857917493
2011-12-31,41.61122,-71.41031,6.981606032790864
2012-01-01,41.61122,-71.41031,0.013851749440131123
2012-01-02,41.61122,-71.41031,5.272970216022237
2012-01-03,41.61122,-71.41031,0.0
2012-01-04,41.61122,-71.41031,0.0
2012-01-05,41.61122,-71.41031,0.12737988491849048
2012-01-06,41.61122,-71.41031,0.8834855607604152
2012-01-07,41.61122,-71.41031,0.0
2012-01-08,41.61122,-71.41031,0.11027202405008117
2012-01-09,41.61122,-71.41031,0.22735963071513116
2012-01-10,41.61122,-71.41031,0.38698253376277986
2012-01-11,41.61122,-71.41031,0.2564142468708699
2012-01-12,41.61122,-71.41031,45.80971769530011
2012-01-13,41.61122,-71.41031,0.37115805451458234
2012-01-14,41.61122,-71.41031,0.051522873213086774
2012-01-15,41.61122,-71.41031,0.0
2012-01-16,41.61122,-71.41031,0.01943737592746552
2012-01-17,41.61122,-71.41031,5.324532183307877
2012-01-18,41.61122,-71.41031,0.2572602198182738
2012-01-19,41.61122,-71.41031,0.04039991568512091
2012-01-20,41.61122,-71.41031,1.1599815741262174
2012-01-21,41.61122,-71.41031,8.58447701917323
2012-01-22,41.61122,-71.41031,1.1337381580399282
2012-01-23,41.61122,-71.41031,1.5188546506676734
2012-01-24,41.61122,-71.41031,6.600919979956747
2012-01-25,41.61122,-71.41031,0.16479915282019336
2012-01-26,41.61122,-71.41031,3.6488728193216966
2012-01-27,41.61122,-71.41031,32.701016988002074
2012-01-28,41.61122,-71.41031,0.15234494133220647
2012-01-29,41.61122,-71.41031,0.26319424874682074
2012-01-30,41.61122,-71.41031,0.3544054706752292
2012-01-31,41.61122,-71.41031,0.12321559037448152
2012-02-01,41.61122,-71.41031,1.280157840624103
2012-02-02,41.61122,-71.41031,0.18601202175217568
2012-02-03,41.61122,-71.41031,0.13126420113464277
2012-02-04,41.61122,-71.41031,0.003508374915510567
2012-02-05,41.61122,-71.41031,0.0
2012-02-06,41.61122,-71.41031,0.0
2012-02-07,41.61122,-71.41031,0.0
2012-02-08,41.61122,-71.41031,0.029723933807223813
2012-02-09,41.61122,-71.41031,0.14697821192196664
2012-02-10,41.61122,-71.41031,0.0
2012-02-11,41.61122,-71.41031,2.1029564423134777
2012-02-12,41.61122,-71.41031,0.0
2012-02-13,41.61122,-71.41031,0.0
2012-02-14,41.61122,-71.41031,0.002308624954467956
2012-02-15,41.61122,-71.41031,0.019556424445147273
2012-02-16,41.61122,-71.41031,2.7294618523206418
2012-02-17,41.61122,-71.41031,2.2309955853139973
2012-02-18,41.61122,-71.41031,0.0
2012-02-19,41.61122,-71.41031,0.003692327872230378
2012-02-20,41.61122,-71.41031,0.0
2012-02-21,41.61122,-71.41031,0.3533242984028671
2012-02-22,41.61122,-71.41031,0.7801147257558266
2012-02-23,41.61122,-71.41031,1.194226099100355
2012-02-24,41.61122,-71.41031,10.679615109165635
2012-02-25,41.61122,-71.41031,5.282617366904092
2012-02-26,41.61122,-71.41031,0.0
2012-02-27,41.61122,-71.41031,0.0
2012-02-28,41.61122,-71.41031,0.0
2012-02-29,41.61122,-71.41031,9.130941037940369
2012-03-01,41.61122,-71.41031,6.6055769472387595
2012-03-02,41.61122,-71.41031,0.008503852194547008
2012-03-03,41.61122,-71.41031,4.221089774940508
2012-03-04,41.61122,-71.41031,0.7628727072984658
2012-03-05,41.61122,-71.41031,0.0
2012-03-06,41.61122,-71.41031,0.007522507899718799
2012-03-07,41.61122,-71.41031,0.004617249908935912
2012-03-08,41.61122,-71.41031,0.00971868796373276
2012-03-09,41.61122,-71.41031,2.6336796644529255
2012-03-10,41.61122,-71.41031,0.0
2012-03-11,41.61122,-71.41031,0.0030156222412853774
2012-03-12,41.61122,-71.41031,0.027548998814080374
2012-03-13,41.61122,-71.41031,2.308912983869413
2012-03-14,41.61122,-71.41031,0.03447487353414594
2012-03-15,41.61122,-71.41031,0.41121347962833693
2012-03-16,41.61122,-71.41031,2.1597129550408276
2012-03-17,41.61122,-71.41031,0.0
2012-03-18,41.61122,-71.41031,0.0
2012-03-19,41.61122,-71.41031,0.0
2012-03-20,41.61122,-71.41031,0.11905393253390485
2012-03-21,41.61122,-71.41031,0.0
2012-03-22,41.61122,-71.41031,0.0
2012-03-23,41.61122,-71.41031,0.22237730435669192
2012-03-24,41.61122,-71.41031,0.35978204488233934
2012-03-25,41.61122,-71.41031,4.982145282547274
2012-03-26,41.61122,-71.41031,0.998305391518906
2012-03-27,41.61122,-71.41031,0.008644507874641076
2012-03-28,41.61122,-71.41031,12.772865436373124
2012-03-29,41.61122,-71.41031,0.23805133737137926
2012-03-30,41.61122,-71.41031,0.009461507856378308
2012-03-31,41.61122,-71.41031,0.8559225540313483
2012-04-01,41.61122,-71.41031,2.6647967806203843
2012-04-02,41.61122,-71.41031,3.4198634920627033
2012-04-03,41.61122,-71.41031,0.0
2012-04-04,41.61122,-71.41031,0.0
2012-04-05,41.61122,-71.41031,0.0
2012-04-06,41.61122,-71.41031,0.0
2012-04-07,41.61122,-71.41031,0.0
2012-04-08,41.61122,-71.41031,0.0
2012-04-09,41.61122,-71.41031,0.02797612552010049
2012-04-10,41.61122,-71.41031,0.003785163892774696
2012-04-11,41.61122,-71.41031,0.0
2012-04-12,41.61122,-71.41031,1.6980922582673834
2012-04-13,41.61122,-71.41031,0.0
2012-04-14,41.61122,-71.41031,0.0
2012-04-15,41.61122,-71.41031,7.016776661481563
2012-04-16,41.61122,-71.41031,0.7468670044630047
2012-04-17,41.61122,-71.41031,0.0
2012-04-18,41.61122,-71.41031,0.3915445517497747
2012-04-19,41.61122,-71.41031,1.6636846896084199
2012-04-20,41.61122,-71.41031,0.0
2012-04-21,41.61122,-71.41031,0.0
2012-04-22,41.61122,-71.41031,26.368521701811776
2012-04-23,41.61122,-71.41031,41.68456138636372
2012-04-24,41.61122,-71.41031,0.09262910881358527
2012-04-25,41.61122,-71.41031,0.0
2012-04-26,41.61122,-71.41031,0.20506626983891468
2012-04-27,41.61122,-71.41031,3.0321638093746968
2012-04-28,41.61122,-71.41031,0.0
2012-04-29,41.61122,-71.41031,1.1327831387252778
2012-04-30,41.61122,-71.41031,0.003692327872230378
2012-05-01,41.61122,-71.41031,13.203906153561478
2012-05-02,41.61122,-71.41031,0.08329424016188453
2012-05-03,41.61122,-71.41031,2.424005017148694
2012-05-04,41.61122,-71.41031,1.1379358356538813
2012-05-05,41.61122,-71.41031,0.517363947801641
2012-05-06,41.61122,-71.41031,0.22042728471786457
2012-05-07,41.61122,-71.41031,0.0
2012-05-08,41.61122,-71.41031,4.911708731988977
2012-05-09,41.61122,-71.41031,33.37355313176651
2012-05-10,41.61122,-71.41031,16.21680902126209
2012-05-11,41.61122,-71.41031,0.003153835952126102
2012-05-12,41.61122,-71.41031,0.0
2012-05-13,41.61122,-71.41031,0.8322277619047007
2012-05-14,41.61122,-71.41031,2.5106059043358284
2012-05-15,41.61122,-71.41031,3.787431609854392
2012-05-16,41.61122,-71.41031,19.178949381191938
2012-05-17,41.61122,-71.41031,0.46841556147612995
2012-05-18,41.61122,-71.41031,0.0
2012-05-19,41.61122,-71.41031,0.0
2012-05-20,41.61122,-71.41031,0.05304663332842332
2012-05-21,41.61122,-71.41031,1.1245366954880915
2012-05-22,41.61122,-71.41031,14.950098771413483
2012-05-23,41.61122,-71.41031,0.9442825254050725
2012-05-24,41.61122,-71.41031,0.24973004335287896
2012-05-25,41.61122,-71.41031,0.257982282675991
2012-05-26,41.61122,-71.41031,0.11076256820118895
2012-05-27,41.61122,-71.41031,1.3912393919080572
2012-05-28,41.61122,-71.41031,0.3923686781895511
2012-05-29,41.61122,-71.41031,0.0
2012-05-30,41.61122,-71.41031,4.1017000586448225
2012-05-31,41.61122,-71.41031,0.0
2012-06-01,41.61122,-71.41031,0.03931424644632889
2012-06-02,41.61122,-71.41031,9.855038596225672
2012-06-03,41.61122,-71.41031,11.78820839475579
2012-06-04,41.61122,-71.41031,2.283761857461832
2012-06-05,41.61122,-71.41031,2.960780737821966
2012-06-06,41.61122,-71.41031,0.9245386213976795
2012-06-07,41.61122,-71.41031,2.3924991621018137
2012-06-08,41.61122,-71.41031,0.1892150479452424
2012-06-09,41.61122,-71.41031,4.706800745719081
2012-06-10,41.61122,-71.41031,0.10924636759610656
2012-06-11,41.61122,-71.41031,0.0
2012-06-12,41.61122,-71.41031,2.672165601309852
2012-06-13,41.61122,-71.41031,20.00420746029825
2012-06-14,41.61122,-71.41031,0.0
2012-06-15,41.61122,-71.41031,0.0
2012-06-16,41.61122,-71.41031,0.0
2012-06-17,41.61122,-71.41031,0.00242967199093319
2012-06-18,41.61122,-71.41031,0.0
2012-06-19,41.61122,-71.41031,0.0007695416514893185
2012-06-20,41.61122,-71.41031,0.0
2012-06-21,41.61122,-71.41031,0.0
2012-06-22,41.61122,-71.41031,0.5285159682915497
2012-06-23,41.61122,-71.41031,2.267264086498134
2012-06-24,41.61122,-71.41031,0.0
2012-06-25,41.61122,-71.41031,37.51444315905042
2012-06-26,41.61122,-71.41031,0.00616945819341148
2012-06-27,41.61122,-71.41031,0.04834467061187796
2012-06-28,41.61122,-71.41031,0.056702068975531664
2012-06-29,41.61122,-71.41031,0.705868438102681
2012-06-30,41.61122,-71.41031,0.8969099702268724
2012-07-01,41.61122,-71.41031,4.614684465204964
2012-07-02,41.61122,-71.41031,0.08900727542913515
2012-07-03,41.61122,-71.41031,1.4826249107911584
2012-07-04,41.61122,-71.41031,6.655404521525529
2012-07-05,41.61122,-71.41031,0.04570407327781542
2012-07-06,41.61122,-71.41031,1.0580030613991207
2012-07-07,41.61122,-71.41031,4.94169626190677
2012-07-08,41.61122,-71.41031,0.0
2012-07-09,41.61122,-71.41031,0.05797392384911514
2012-07-10,41.61122,-71.41031,0.0
2012-07-11,41.61122,-71.41031,0.004861786177400566
2012-07-12,41.61122,-71.41031,0.007477130209422394
2012-07-13,41.61122,-71.41031,0.12744911725181973
2012-07-14,41.61122,-71.41031,6.716549817494844
2012-07-15,41.61122,-71.41031,2.0141992562175957
2012-07-16,41.61122,-71.41031,5.252807456586352
2012-07-17,41.61122,-71.41031,0.14892766279229405
2012-07-18,41.61122,-71.41031,5.989245392370359
2012-07-19,41.61122,-71.41031,1.5655344453959181
2012-07-20,41.61122,-71.41031,14.937433640259078
2012-07-21,41.61122,-71.41031,2.504899264389094
2012-07-22,41.61122,-71.41031,0.0
2012-07-23,41.61122,-71.41031,1.7960712197425612
2012-07-24,41.61122,-71.41031,2.23505179115503
2012-07-25,41.61122,-71.41031,0.46437775508605733
2012-07-26,41.61122,-71.41031,0.5734549666696751
2012-07-27,41.61122,-71.41031,5.1230810817095715
2012-07-28,41.61122,-71.41031,9.907742414279747
2012-07-29,41.61122,-71.41031,9.733157869296527
2012-07-30,41.61122,-71.41031,0.925825900550681
2012-07-31,41.61122,-71.41031,9.836761747192748
2012-08-01,41.61122,-71.41031,4.783203253580819
2012-08-02,41.61122,-71.41031,3.6636294233270172
2012-08-03,41.61122,-71.41031,0.10313486690286067
2012-08-04,41.61122,-71.41031,0.28051654821099026
2012-08-05,41.61122,-71.41031,0.5270670722281627
2012-08-06,41.61122,-71.41031,6.185955868906528
2012-08-07,41.61122,-71.41031,0.3046046123088777
2012-08-08,41.61122,-71.41031,0.36681684182036906
2012-08-09,41.61122,-71.41031,0.0
2012-08-10,41.61122,-71.41031,17.088251972349426
2012-08-11,41.61122,-71.41031,2.571820914738148
2012-08-12,41.61122,-71.41031,10.771263957371428
2012-08-13,41.61122,-71.41031,0.13951829146898734
2012-08-14,41.61122,-71.41031,0.03590939237385296
2012-08-15,41.61122,-71.41031,5.875075385035564
2012-08-16,41.61122,-71.41031,24.70492235408916
2012-08-17,41.61122,-71.41031,0.0
2012-08-18,41.61122,-71.41031,11.19013654837749
2012-08-19,41.61122,-71.41031,0.2170871065772465
2012-08-20,41.61122,-71.41031,4.997992718370121
2012-08-21,41.61122,-71.41031,1.4660872538989373
2012-08-22,41.61122,-71.41031,0.7311208927802781
2012-08-23,41.61122,-71.41031,0.0007695416514893185
2012-08-24,41.61122,-71.41031,0.4798695574298069
2012-08-25,41.61122,-71.41031,0.8105012005439582
2012-08-26,41.61122,-71.41031,0.07193947693852294
2012-08-27,41.61122,-71.41031,0.12146426276020672
2012-08-28,41.61122,-71.41031,4.555765671588761
2012-08-29,41.61122,-71.41031,0.0
2012-08-30,41.61122,-71.41031,0.0
2012-08-31,41.61122,-71.41031,0.0
2012-09-01,41.61122,-71.41031,1.0572792544289835
2012-09-02,41.61122,-71.41031,0.0
2012-09-03,41.61122,-71.41031,0.0
2012-09-04,41.61122,-71.41031,14.278410267769644
2012-09-05,41.61122,-71.41031,24.92028584413513
2012-09-06,41.61122,-71.41031,0.7444098330233846
2012-09-07,41.61122,-71.41031,0.0
2012-09-08,41.61122,-71.41031,0.006925874720065561
2012-09-09,41.61122,-71.41031,5.69002350642085
2012-09-10,41.61122,-71.41031,0.0
2012-09-11,41.61122,-71.41031,0.0
2012-09-12,41.61122,-71.41031,0.0
2012-09-13,41.61122,-71.41031,0.0
2012-09-14,41.61122,-71.41031,0.0
2012-09-15,41.61122,-71.41031,0.026400026312607787
2012-09-16,41.61122,-71.41031,0.0
2012-09-17,41.61122,-71.41031,0.0
2012-09-18,41.61122,-71.41031,1.8522937473426908
2012-09-19,41.61122,-71.41031,28.82801241933103
2012-09-20,41.61122,-71.41031,0.0
2012-09-21,41.61122,-71.41031,11.012790048000435
2012-09-22,41.61122,-71.41031,0.0
2012-09-23,41.61122,-71.41031,0.028616414691738246
2012-09-24,41.61122,-71.41031,0.0
2012-09-25,41.61122,-71.41031,0.0
2012-09-26,41.61122,-71.41031,0.16443401671454333
2012-09-27,41.61122,-71.41031,0.1590046491046459
2012-09-28,41.61122,-71.41031,14.162365091256333
2012-09-29,41.61122,-71.41031,12.624333864540692
2012-09-30,41.61122,-71.41031,10.830577562854442
2012-10-01,41.61122,-71.41031,0.02763359550210149
2012-10-02,41.61122,-71.41031,11.42493052780229
2012-10-03,41.61122,-71.41031,1.1001744612704987
2012-10-04,41.61122,-71.41031,2.446447572348343
2012-10-05,41.61122,-71.41031,1.6916909957227415
2012-10-06,41.61122,-71.41031,0.09799596150339761
2012-10-07,41.61122,-71.41031,8.452251162138557
2012-10-08,41.61122,-71.41031,1.4353738721096647
2012-10-09,41.61122,-71.41031,15.134528046161243
2012-10-10,41.61122,-71.41031,0.9812568489250728
2012-10-11,41.61122,-71.41031,0.0
2012-10-12,41.61122,-71.41031,0.12122305267335318
2012-10-13,41.61122,-71.41031,0.04708137403342455
2012-10-14,41.61122,-71.41031,9.158407734694887
2012-10-15,41.61122,-71.41031,0.27423564958311875
2012-10-16,41.61122,-71.41031,3.4019690399069087
2012-10-17,41.61122,-71.41031,0.0
2012-10-18,41.61122,-71.41031,0.12352941812040236
2012-10-19,41.61122,-71.41031,2.5118579593068593
2012-10-20,41.61122,-71.41031,16.4168672219999
2012-10-21,41.61122,-71.41031,0.0019843776469559136
2012-10-22,41.61122,-71.41031,0.0
2012-10-23,41.61122,-71.41031,0.20181438795773457
2012-10-24,41.61122,-71.41031,4.564144598328518
2012-10-25,41.61122,-71.41031,0.1782171348444186
2012-10-26,41.61122,-71.41031,0.0
2012-10-27,41.61122,-71.41031,0.0
2012-10-28,41.61122,-71.41031,0.2842567332918116
2012-10-29,41.61122,-71.41031,2.4355722454206483
2012-10-30,41.61122,-71.41031,12.245908673096839
2012-10-31,41.61122,-71.41031,0.7637277296808338
2012-11-01,41.61122,-71.41031,0.58731533346457
2012-11-02,41.61122,-71.41031,2.297397935329706
2012-11-03,41.61122,-71.41031,0.09599785321061566
2012-11-04,41.61122,-71.41031,0.035564983757095076
2012-11-05,41.61122,-71.41031,0.0
2012-11-06,41.61122,-71.41031,0.0019843776469559136
2012-11-07,41.61122,-71.41031,28.167603365149315
2012-11-08,41.61122,-71.41031,4.634996608651344
2012-11-09,41.61122,-71.41031,0.03150963367474377
2012-11-10,41.61122,-71.41031,0.10220573580952885
2012-11-11,41.61122,-71.41031,0.37096276743516654
2012-11-12,41.61122,-71.41031,0.0
2012-11-13,41.61122,-71.41031,1.1405374526226568
2012-11-14,41.61122,-71.41031,0.2780652899861736
2012-11-15,41.61122,-71.41031,0.0
2012-11-16,41.61122,-71.41031,8.132952004790218
2012-11-17,41.61122,-71.41031,0.0
2012-11-18,41.61122,-71.41031,0.0
2012-11-19,41.61122,-71.41031,0.001214835995466595
2012-11-20,41.61122,-71.41031,0.01247921095544378
2012-11-21,41.61122,-71.41031,0.0328094624182746
2012-11-22,41.61122,-71.41031,0.006121999863163568
2012-11-23,41.61122,-71.41031,0.00995254144623467
2012-11-24,41.61122,-71.41031,0.05118734506173283
2012-11-25,41.61122,-71.41031,0.001214835995466595
2012-11-26,41.61122,-71.41031,0.0
2012-11-27,41.61122,-71.41031,0.692214569070424
2012-11-28,41.61122,-71.41031,0.08313862612510707
2012-11-29,41.61122,-71.41031,0.008292049551208118
2012-11-30,41.61122,-71.41031,0.033996604158188094
2012-12-01,41.61122,-71.41031,0.11029319449937419
2012-12-02,41.61122,-71.41031,0.6439244272022427
2012-12-03,41.61122,-71.41031,2.563177246970146
2012-12-04,41.61122,-71.41031,0.3757805806792316
2012-12-05,41.61122,-71.41031,0.1454483351780861
2012-12-06,41.61122,-71.41031,0.0
2012-12-07,41.61122,-71.41031,2.6871653487101343
2012-12-08,41.61122,-71.41031,16.789448672716507
2012-12-09,41.61122,-71.41031,1.494453790592857
2012-12-10,41.61122,-71.41031,20.91518090487172
2012-12-11,41.61122,-71.41031,0.903715864635069
2012-12-12,41.61122,-71.41031,1.88064625535618
2012-12-13,41.61122,-71.41031,0.5331059376723306
2012-12-14,41.61122,-71.41031,0.001539083302978637
2012-12-15,41.61122,-71.41031,0.02768721286879594
2012-12-16,41.61122,-71.41031,1.4529140671303447
2012-12-17,41.61122,-71.41031,11.21618851996709
2012-12-18,41.61122,-71.41031,16.57622157366671
2012-12-19,41.61122,-71.41031,0.05704043401780145
2012-12-20,41.61122,-71.41031,0.017846754983713423
2012-12-21,41.61122,-71.41031,29.91104786016491
2012-12-22,41.61122,-71.41031,0.057427589156116746
2012-12-23,41.61122,-71.41031,0.02585537396006803
2012-12-24,41.61122,-71.41031,0.0
2012-12-25,41.61122,-71.41031,2.7655267220871926
2012-12-26,41.61122,-71.41031,4.751661763442045
2012-12-27,41.61122,-71.41031,29.771902824959767
2012-12-28,41.61122,-71.41031,0.0038477081141082875
2012-12-29,41.61122,-71.41031,14.144638673969467
2012-12-30,41.61122,-71.41031,5.938949242528694
2012-12-31,41.61122,-71.41031,2.1290992924052143
2013-01-01,41.61122,-71.41031,1.2780176091271562
2013-01-02,41.61122,-71.41031,0.1475032611577962
2013-01-03,41.61122,-71.41031,1.8578520783208632
2013-01-04,41.61122,-71.41031,0.08981207845527583
2013-01-05,41.61122,-71.41031,0.0
2013-01-06,41.61122,-71.41031,2.771254674743619
2013-01-07,41.61122,-71.41031,0.6459531594425993
2013-01-08,41.61122,-71.41031,0.0
2013-01-09,41.61122,-71.41031,1.7855330770584463
2013-01-10,41.61122,-71.41031,0.0
2013-01-11,41.61122,-71.41031,0.9779909012914716
2013-01-12,41.61122,-71.41031,5.973248922217154
2013-01-13,41.61122,-71.41031,1.0708276258954137
2013-01-14,41.61122,-71.41031,2.6528277784233536
2013-01-15,41.61122,-71.41031,11.526832463014825
2013-01-16,41.61122,-71.41031,25.005858283029298
2013-01-17,41.61122,-71.41031,1.3186388081312028
2013-01-18,41.61122,-71.41031,1.2126639563183006
2013-01-19,41.61122,-71.41031,0.1680267411288219
2013-01-20,41.61122,-71.41031,0.006156333211914548
2013-01-21,41.61122,-71.41031,0.14632920401929192
2013-01-22,41.61122,-71.41031,0.3940271015964697
2013-01-23,41.61122,-71.41031,0.0
2013-01-24,41.61122,-71.41031,0.0
2013-01-25,41.61122,-71.41031,0.006556250008933725
2013-01-26,41.61122,-71.41031,0.03693519908040906
2013-01-27,41.61122,-71.41031,0.015792867714784893
2013-01-28,41.61122,-71.41031,2.857488307402669
2013-01-29,41.61122,-71.41031,0.0038477081141082875
2013-01-30,41.61122,-71.41031,3.0584309310134037
2013-01-31,41.61122,-71.41031,12.364356953681819
2013-02-01,41.61122,-71.41031,0.04660270854561886
2013-02-02,41.61122,-71.41031,0.0
2013-02-03,41.61122,-71.41031,0.0
2013-02-04,41.61122,-71.41031,0.0
2013-02-05,41.61122,-71.41031,0.004813966291569973
2013-02-06,41.61122,-71.41031,0.0
2013-02-07,41.61122,-71.41031,0.0101860333731539
2013-02-08,41.61122,-71.41031,92.27669865432173
2013-02-09,41.61122,-71.41031,41.37511967392549
2013-02-10,41.61122,-71.41031,0.0
2013-02-11,41.61122,-71.41031,2.924952721566618
2013-02-12,41.61122,-71.41031,0.013363196176413388
2013-02-13,41.61122,-71.41031,0.0
2013-02-14,41.61122,-71.41031,5.1021190305295985
2013-02-15,41.61122,-71.41031,0.0
2013-02-16,41.61122,-71.41031,0.023078888582338124
2013-02-17,41.61122,-71.41031,0.7224743527641013
2013-02-18,41.61122,-71.41031,0.0
2013-02-19,41.61122,-71.41031,1.0258171728198993
2013-02-20,41.61122,-71.41031,3.968893406262815
2013-02-21,41.61122,-71.41031,0.07163248725117789
2013-02-22,41.61122,-71.41031,0.00242967199093319
2013-02-23,41.61122,-71.41031,0.1658402816047898
2013-02-24,41.61122,-71.41031,1.0145326783080888
2013-02-25,41.61122,-71.41031,0.04249873696759515
2013-02-26,41.61122,-71.41031,0.0
2013-02-27,41.61122,-71.41031,14.506000094378654
2013-02-28,41.61122,-71.41031,0.0239410251913918
2013-03-01,41.61122,-71.41031,0.02501228158117527
2013-03-02,41.61122,-71.41031,0.02381253176347096
2013-03-03,41.61122,-71.41031,0.0007695416514893185
2013-03-04,41.61122,-71.41031,0.051140765029055055
2013-03-05,41.61122,-71.41031,0.004617249908935912
2013-03-06,41.61122,-71.41031,0.06885814522377118
2013-03-07,41.61122,-71.41031,4.727587604856774
2013-03-08,41.61122,-71.41031,2.8899176421788084
2013-03-09,41.61122,-71.41031,0.4631201826222521
2013-03-10,41.61122,-71.41031,0.0
2013-03-11,41.61122,-71.41031,1.0224526556707891
2013-03-12,41.61122,-71.41031,38.2659466081832
2013-03-13,41.61122,-71.41031,0.14021168285834681
2013-03-14,41.61122,-71.41031,0.0
2013-03-15,41.61122,-71.41031,0.02381985835007352
2013-03-16,41.61122,-71.41031,0.03461833273016888
2013-03-17,41.61122,-71.41031,0.00815591626249031
2013-03-18,41.61122,-71.41031,0.35923730305595747
2013-03-19,41.61122,-71.41031,5.739791156892894
2013-03-20,41.61122,-71.41031,0.0
2013-03-21,41.61122,-71.41031,0.018086406861109704
2013-03-22,41.61122,-71.41031,0.0
2013-03-23,41.61122,-71.41031,0.0
2013-03-24,41.61122,-71.41031,0.0
2013-03-25,41.61122,-71.41031,0.14841965391612727
2013-03-26,41.61122,-71.41031,0.07542676536541032
2013-03-27,41.61122,-71.41031,0.051095506303751245
2013-03-28,41.61122,-71.41031,0.07609378576339552
2013-03-29,41.61122,-71.41031,0.014999999664723873
2013-03-30,41.61122,-71.41031,0.11386918469881316
2013-03-31,41.61122,-71.41031,0.631632585694535
2013-04-01,41.61122,-71.41031,1.8808697560884342
2013-04-02,41.61122,-71.41031,0.0007695416514893185
2013-04-03,41.61122,-71.41031,0.0
2013-04-04,41.61122,-71.41031,0.0
2013-04-05,41.61122,-71.41031,0.7588236638849305
2013-04-06,41.61122,-71.41031,0.0
2013-04-07,41.61122,-71.41031,0.014033499662042268
2013-04-08,41.61122,-71.41031,0.010261702719322727
2013-04-09,41.61122,-71.41031,0.3395433450505235
2013-04-10,41.61122,-71.41031,5.9085996996480645
2013-04-11,41.61122,-71.41031,4.937924342612709
2013-04-12,41.61122,-71.41031,9.90930169249079
2013-04-13,41.61122,-71.41031,0.141212392571143
2013-04-14,41.61122,-71.41031,0.0
2013-04-15,41.61122,-71.41031,0.2713064701806043
2013-04-16,41.61122,-71.41031,0.026972970534738502
2013-04-17,41.61122,-71.41031,0.8975823041813165
2013-04-18,41.61122,-71.41031,0.0
2013-04-19,41.61122,-71.41031,0.0
2013-04-20,41.61122,-71.41031,14.534590924794218
2013-04-21,41.61122,-71.41031,0.0
2013-04-22,41.61122,-71.41031,0.1489079453826843
2013-04-23,41.61122,-71.41031,8.322718695403712
2013-04-24,41.61122,-71.41031,4.279221834206266
2013-04-25,41.61122,-71.41031,0.7612789282915218
2013-04-26,41.61122,-71.41031,0.0
2013-04-27,41.61122,-71.41031,0.01822054190362613
2013-04-28,41.61122,-71.41031,0.0030156222412853774
2013-04-29,41.61122,-71.41031,0.0007695416514893185
2013-04-30,41.61122,-71.41031,0.002338916610340377
2013-05-01,41.61122,-71.41031,0.0
2013-05-02,41.61122,-71.41031,0.0038305415830711025
2013-05-03,41.61122,-71.41031,0.0
2013-05-04,41.61122,-71.41031,0.008186208354019911
2013-05-05,41.61122,-71.41031,0.0
2013-05-06,41.61122,-71.41031,0.0
2013-05-07,41.61122,-71.41031,0.0
2013-05-08,41.61122,-71.41031,0.5139343387182557
2013-05-09,41.61122,-71.41031,3.1164959139846666
2013-05-10,41.61122,-71.41031,0.07870590967947003
2013-05-11,41.61122,-71.41031,20.908209719561466
2013-05-12,41.61122,-71.41031,14.967544846150641
2013-05-13,41.61122,-71.41031,0.0019843776469559136
2013-05-14,41.61122,-71.41031,0.009694999422130642
2013-05-15,41.61122,-71.41031,3.7571090517053674
2013-05-16,41.61122,-71.41031,0.01057038293274619
2013-05-17,41.61122,-71.41031,0.0
2013-05-18,41.61122,-71.41031,1.157449805258865
2013-05-19,41.61122,-71.41031,5.854175512127884
2013-05-20,41.61122,-71.41031,0.3129401742205603
2013-05-21,41.61122,-71.41031,2.2819565481475963
2013-05-22,41.61122,-71.41031,2.7935250965917793
2013-05-23,41.61122,-71.41031,0.11199065687490206
2013-05-24,41.61122,-71.41031,25.94413364233708
2013-05-25,41.61122,-71.41031,2.4616581854067547
2013-05-26,41.61122,-71.41031,0.12018806256368894
2013-05-27,41.61122,-71.41031,0.0
2013-05-28,41.61122,-71.41031,0.44875213430345545
2013-05-29,41.61122,-71.41031,7.195247896937778
2013-05-30,41.61122,-71.41031,8.203027162950747
2013-05-31,41.61122,-71.41031,0.0
2013-06-01,41.61122,-71.41031,0.0
2013-06-02,41.61122,-71.41031,0.0
2013-06-03,41.61122,-71.41031,29.097176250887514
2013-06-04,41.61122,-71.41031,0.22286543354009525
2013-06-05,41.61122,-71.41031,0.16990631501473352
2013-06-06,41.61122,-71.41031,0.5836017550660787
2013-06-07,41.61122,-71.41031,53.612723382327054
2013-06-08,41.61122,-71.41031,7.685321615871141
2013-06-09,41.61122,-71.41031,0.0
2013-06-10,41.61122,-71.41031,23.13376223831488
2013-06-11,41.61122,-71.41031,39.272228200492044
2013-06-12,41.61122,-71.41031,0.10645203311921622
2013-06-13,41.61122,-71.41031,8.297180426008474
2013-06-14,41.61122,-71.41031,12.435363300202214
2013-06-15,41.61122,-71.41031,0.0
2013-06-16,41.61122,-71.41031,1.5670355152287114
2013-06-17,41.61122,-71.41031,0.22477863212715304
2013-06-18,41.61122,-71.41031,7.239456171667405
2013-06-19,41.61122,-71.41031,13.104085537170606
2013-06-20,41.61122,-71.41031,0.0
2013-06-21,41.61122,-71.41031,0.0
2013-06-22,41.61122,-71.41031,0.0
2013-06-23,41.61122,-71.41031,0.1305551613844085
2013-06-24,41.61122,-71.41031,0.26898628193802804
2013-06-25,41.61122,-71.41031,0.5784692060427741
2013-06-26,41.61122,-71.41031,4.919914124248818
2013-06-27,41.61122,-71.41031,1.1648178350322773
2013-06-28,41.61122,-71.41031,8.638824875547908
2013-06-29,41.61122,-71.41031,10.860932726474044
2013-06-30,41.61122,-71.41031,4.9713564280250715
2013-07-01,41.61122,-71.41031,4.870651855668968
2013-07-02,41.61122,-71.41031,4.018774064413795
2013-07-03,41.61122,-71.41031,1.9990360786993908
2013-07-04,41.61122,-71.41031,0.06890124164955896
2013-07-05,41.61122,-71.41031,0.0
2013-07-06,41.61122,-71.41031,0.16362869818033132
2013-07-07,41.61122,-71.41031,0.09006698221376538
2013-07-08,41.61122,-71.41031,0.6602038479337126
2013-07-09,41.61122,-71.41031,7.875174937224215
2013-07-10,41.61122,-71.41031,0.42883530649561596
2013-07-11,41.61122,-71.41031,11.8093070380987
2013-07-12,41.61122,-71.41031,0.9175136449796544
2013-07-13,41.61122,-71.41031,1.6059577000120036
2013-07-14,41.61122,-71.41031,0.4299700631391125
2013-07-15,41.61122,-71.41031,0.12377940123066461
2013-07-16,41.61122,-71.41031,0.0
2013-07-17,41.61122,-71.41031,0.0
2013-07-18,41.61122,-71.41031,0.15678923780672088
2013-07-19,41.61122,-71.41031,0.003508374915510567
2013-07-20,41.61122,-71.41031,0.08745163581491343
2013-07-21,41.61122,-71.41031,2.990096973410068
2013-07-22,41.61122,-71.41031,1.3389473833036587
2013-07-23,41.61122,-71.41031,4.735602699753914
2013-07-24,41.61122,-71.41031,0.8356528791145748
2013-07-25,41.61122,-71.41031,13.527180701176064
2013-07-26,41.61122,-71.41031,17.167351594116674
2013-07-27,41.61122,-71.41031,0.4063962689042722
2013-07-28,41.61122,-71.41031,2.1893015958794866
2013-07-29,41.61122,-71.41031,1.3752459689980923
2013-07-30,41.61122,-71.41031,0.0
2013-07-31,41.61122,-71.41031,0.2618976818604507
2013-08-01,41.61122,-71.41031,2.958493101478896
2013-08-02,41.61122,-71.41031,10.94872601073297
2013-08-03,41.61122,-71.41031,5.8136323394585245
2013-08-04,41.61122,-71.41031,0.08312569826947735
2013-08-05,41.61122,-71.41031,0.009355666441361508
2013-08-06,41.61122,-71.41031,0.0
2013-08-07,41.61122,-71.41031,0.0
2013-08-08,41.61122,-71.41031,0.9590777975048037
2013-08-09,41.61122,-71.41031,16.14199702665524
2013-08-10,41.61122,-71.41031,0.22400496646773776
2013-08-11,41.61122,-71.41031,0.0
2013-08-12,41.61122,-71.41031,0.43342340598016194
2013-08-13,41.61122,-71.41031,13.34830649634222
2013-08-14,41.61122,-71.41031,0.32696011156573046
2013-08-15,41.61122,-71.41031,0.0
2013-08-16,41.61122,-71.41031,0.0
2013-08-17,41.61122,-71.41031,0.08281386483684632
2013-08-18,41.61122,-71.41031,4.5945431487254975
2013-08-19,41.61122,-71.41031,3.3687058271530086
2013-08-20,41.61122,-71.41031,1.8965478739397117
2013-08-21,41.61122,-71.41031,0.0
2013-08-22,41.61122,-71.41031,7.9169114708925346
2013-08-23,41.61122,-71.41031,0.6549253466580301
2013-08-24,41.61122,-71.41031,0.0
2013-08-25,41.61122,-71.41031,0.0
2013-08-26,41.61122,-71.41031,1.5141449211849263
2013-08-27,41.61122,-71.41031,24.481937586559145
2013-08-28,41.61122,-71.41031,0.0
2013-08-29,41.61122,-71.41031,0.43236560343365865
2013-08-30,41.61122,-71.41031,0.0038477081141082875
2013-08-31,41.61122,-71.41031,1.409624860542757
2013-09-01,41.61122,-71.41031,18.460719699932955
2013-09-02,41.61122,-71.41031,9.525751108275063
2013-09-03,41.61122,-71.41031,27.191525371801784
2013-09-04,41.61122,-71.41031,1.284879294653691
2013-09-05,41.61122,-71.41031,0.3382092096757746
2013-09-06,41.61122,-71.41031,0.4078474464914933
2013-09-07,41.61122,-71.41031,0.026965490867949218
2013-09-08,41.61122,-71.41031,0.7696201725824822
2013-09-09,41.61122,-71.41031,0.4580332244115167
2013-09-10,41.61122,-71.41031,0.5237478263745837
2013-09-11,41.61122,-71.41031,0.03858564539496423
2013-09-12,41.61122,-71.41031,0.001846163936115189
2013-09-13,41.61122,-71.41031,4.815492073590871
2013-09-14,41.61122,-71.41031,0.0
2013-09-15,41.61122,-71.41031,0.1904987864273162
2013-09-16,41.61122,-71.41031,2.6562998465749805
2013-09-17,41.61122,-71.41031,0.0
2013-09-18,41.61122,-71.41031,0.0
2013-09-19,41.61122,-71.41031,0.0
2013-09-20,41.61122,-71.41031,0.0
2013-09-21,41.61122,-71.41031,0.0
2013-09-22,41.61122,-71.41031,13.257695821279217
2013-09-23,41.61122,-71.41031,0.0
2013-09-24,41.61122,-71.41031,0.0
2013-09-25,41.61122,-71.41031,0.008503852194547008
2013-09-26,41.61122,-71.41031,0.0
2013-09-27,41.61122,-71.41031,0.0
2013-09-28,41.61122,-71.41031,0.0
2013-09-29,41.61122,-71.41031,0.0
2013-09-30,41.61122,-71.41031,0.0
2013-10-01,41.61122,-71.41031,0.007816463121343504
2013-10-02,41.61122,-71.41031,0.0
2013-10-03,41.61122,-71.41031,0.0
2013-10-04,41.61122,-71.41031,0.0884668017470821
2013-10-05,41.61122,-71.41031,3.848183863249196
2013-10-06,41.61122,-71.41031,1.963445051261626
2013-10-07,41.61122,-71.41031,0.0
2013-10-08,41.61122,-71.41031,0.05682811644734315
2013-10-09,41.61122,-71.41031,0.0
2013-10-10,41.61122,-71.41031,1.53304020635593
2013-10-11,41.61122,-71.41031,0.22242006359775565
2013-10-12,41.61122,-71.41031,0.4182263650395371
2013-10-13,41.61122,-71.41031,0.0
2013-10-14,41.61122,-71.41031,0.0
2013-10-15,41.61122,-71.41031,0.0
2013-10-16,41.61122,-71.41031,0.3403614093910108
2013-10-17,41.61122,-71.41031,0.32422873850043116
2013-10-18,41.61122,-71.41031,0.039225091445657057
2013-10-19,41.61122,-71.41031,0.4664945239480986
2013-10-20,41.61122,-71.41031,2.533682055260225
2013-10-21,41.61122,-71.41031,0.003785163892774696
2013-10-22,41.61122,-71.41031,0.0
2013-10-23,41.61122,-71.41031,2.7924443080691295
2013-10-24,41.61122,-71.41031,0.006156333211914548
2013-10-25,41.61122,-71.41031,0.0
2013-10-26,41.61122,-71.41031,0.0
2013-10-27,41.61122,-71.41031,0.037693814426765636
2013-10-28,41.61122,-71.41031,0.030045376741519796
2013-10-29,41.61122,-71.41031,0.0
2013-10-30,41.61122,-71.41031,0.7919909064238061
2013-10-31,41.61122,-71.41031,1.5121955276097814
2013-11-01,41.61122,-71.41031,7.859097933392096
2013-11-02,41.61122,-71.41031,0.42853334639462237
2013-11-03,41.61122,-71.41031,3.4710387199743296
2013-11-04,41.61122,-71.41031,0.0
2013-11-05,41.61122,-71.41031,0.006156333211914548
2013-11-06,41.61122,-71.41031,0.47830469624311267
2013-11-07,41.61122,-71.41031,23.985054236021288
2013-11-08,41.61122,-71.41031,0.006770494478187652
2013-11-09,41.61122,-71.41031,0.10734980210367104
2013-11-10,41.61122,-71.41031,0.17565992670633665
2013-11-11,41.61122,-71.41031,0.012864041574700663
2013-11-12,41.61122,-71.41031,6.184424563723319
2013-11-13,41.61122,-71.41031,0.11203943997732105
2013-11-14,41.61122,-71.41031,0.009152346357009407
2013-11-15,41.61122,-71.41031,0.007016749831021134
2013-11-16,41.61122,-71.41031,0.45297573180506556
2013-11-17,41.61122,-71.41031,0.8228127597439904
2013-11-18,41.61122,-71.41031,5.962565397336303
2013-11-19,41.61122,-71.41031,0.0
2013-11-20,41.61122,-71.41031,0.001539083302978637
2013-11-21,41.61122,-71.41031,0.0
2013-11-22,41.61122,-71.41031,2.8799332791253227
2013-11-23,41.61122,-71.41031,1.3319662063294213
2013-11-24,41.61122,-71.41031,0.014578031945599139
2013-11-25,41.61122,-71.41031,0.0
2013-11-26,41.61122,-71.41031,8.393261761173765
2013-11-27,41.61122,-71.41031,59.09171584801413
2013-11-28,41.61122,-71.41031,0.9466481448927161
2013-11-29,41.61122,-71.41031,0.09236720293831815
2013-11-30,41.61122,-71.41031,0.0
2013-12-01,41.61122,-71.41031,0.6848278804442092
2013-12-02,41.61122,-71.41031,0.015265743727089356
2013-12-03,41.61122,-71.41031,0.059545138925418115
2013-12-04,41.61122,-71.41031,0.05831045243649882
2013-12-05,41.61122,-71.41031,1.2956163666089353
2013-12-06,41.61122,-71.41031,12.26078793191069
2013-12-07,41.61122,-71.41031,27.990880424547406
2013-12-08,41.61122,-71.41031,0.16003906053146327
2013-12-09,41.61122,-71.41031,0.23385645971516394
2013-12-10,41.61122,-71.41031,4.457188501432521
2013-12-11,41.61122,-71.41031,0.06121787552455257
2013-12-12,41.61122,-71.41031,0.0
2013-12-13,41.61122,-71.41031,0.014401405575481887
2013-12-14,41.61122,-71.41031,0.4029802453839142
2013-12-15,41.61122,-71.41031,10.124686150309024
2013-12-16,41.61122,-71.41031,0.04257168452311743
2013-12-17,41.61122,-71.41031,1.6122625390175993
2013-12-18,41.61122,-71.41031,0.05441692160092325
2013-12-19,41.61122,-71.41031,0.4799815031766439
2013-12-20,41.61122,-71.41031,1.6837526050992027
2013-12-21,41.61122,-71.41031,1.4145662109584198
2013-12-22,41.61122,-71.41031,3.0204282068032096
2013-12-23,41.61122,-71.41031,28.00030972316971
2013-12-24,41.61122,-71.41031,3.8788252232325533
2013-12-25,41.61122,-71.41031,1.2858156481177134
2013-12-26,41.61122,-71.41031,0.034591239389280874
2013-12-27,41.61122,-71.41031,0.0
2013-12-28,41.61122,-71.41031,0.3360279499372019
2013-12-29,41.61122,-71.41031,26.57805484988883
2013-12-30,41.61122,-71.41031,0.6985200658727997
2013-12-31,41.61122,-71.41031,0.0
2014-01-01,41.61122,-71.41031,0.2357642885718865
2014-01-02,41.61122,-71.41031,0.18046761600638161
2014-01-03,41.61122,-71.41031,4.849970517883581
2014-01-04,41.61122,-71.41031,0.27146060496398317
2014-01-05,41.61122,-71.41031,0.20200722974418547
2014-01-06,41.61122,-71.41031,7.43313171764503
2014-01-07,41.61122,-71.41031,0.5710695784795201
2014-01-08,41.61122,-71.41031,0.0
2014-01-09,41.61122,-71.41031,0.0
2014-01-10,41.61122,-71.41031,0.38624451850992986
2014-01-11,41.61122,-71.41031,10.861867789314562
2014-01-12,41.61122,-71.41031,18.216763375510357
2014-01-13,41.61122,-71.41031,0.08799489231232589
2014-01-14,41.61122,-71.41031,63.04305716751119
2014-01-15,41.61122,-71.41031,2.473124081975399
2014-01-16,41.61122,-71.41031,3.717048203483378
2014-01-17,41.61122,-71.41031,0.0337325412815101
2014-01-18,41.61122,-71.41031,2.3684790258295467
2014-01-19,41.61122,-71.41031,0.07356083247447442
2014-01-20,41.61122,-71.41031,0.29431175168614576
2014-01-21,41.61122,-71.41031,0.05638233764202971
2014-01-22,41.61122,-71.41031,0.04382085330288893
2014-01-23,41.61122,-71.41031,0.0
2014-01-24,41.61122,-71.41031,0.0
2014-01-25,41.61122,-71.41031,1.2085750182178696
2014-01-26,41.61122,-71.41031,0.10870260611219348
2014-01-27,41.61122,-71.41031,0.7241325590653033
2014-01-28,41.61122,-71.41031,0.031674973634522784
2014-01-29,41.61122,-71.41031,0.05746104123699737
2014-01-30,41.61122,-71.41031,0.0
2014-01-31,41.61122,-71.41031,1.7859777896260036
2014-02-01,41.61122,-71.41031,0.10231378294610706
2014-02-02,41.61122,-71.41031,0.23566660042776358
2014-02-03,41.61122,-71.41031,13.653563343884636
2014-02-04,41.61122,-71.41031,0.0
2014-02-05,41.61122,-71.41031,31.33459234678472
2014-02-06,41.61122,-71.41031,0.0
2014-02-07,41.61122,-71.41031,0.0
2014-02-08,41.61122,-71.41031,0.0
2014-02-09,41.61122,-71.41031,0.0
2014-02-10,41.61122,-71.41031,1.7788143747970457
2014-02-11,41.61122,-71.41031,0.0
2014-02-12,41.61122,-71.41031,0.0
2014-02-13,41.61122,-71.41031,45.949334617555756
2014-02-14,41.61122,-71.41031,16.035418729293994
2014-02-15,41.61122,-71.41031,7.786897271097825
2014-02-16,41.61122,-71.41031,2.8257840407911266
2014-02-17,41.61122,-71.41031,0.0
2014-02-18,41.61122,-71.41031,0.8120067248276583
2014-02-19,41.61122,-71.41031,6.308091405318688
2014-02-20,41.61122,-71.41031,0.865806636168472
2014-02-21,41.61122,-71.41031,18.455410140558563
2014-02-22,41.61122,-71.41031,0.1208560926948877
2014-02-23,41.61122,-71.41031,0.0
2014-02-24,41.61122,-71.41031,0.08238049506041491
2014-02-25,41.61122,-71.41031,0.9969285653916831
2014-02-26,41.61122,-71.41031,0.0011694583051701886
2014-02-27,41.61122,-71.41031,0.0
2014-02-28,41.61122,-71.41031,0.0
2014-03-01,41.61122,-71.41031,0.0
2014-03-02,41.61122,-71.41031,0.1044614397759944
2014-03-03,41.61122,-71.41031,1.7412147850101782
2014-03-04,41.61122,-71.41031,0.014769311488921511
2014-03-05,41.61122,-71.41031,0.00242967199093319
2014-03-06,41.61122,-71.41031,0.0
2014-03-07,41.61122,-71.41031,0.004677833220680754
2014-03-08,41.61122,-71.41031,0.033769596105587094
2014-03-09,41.61122,-71.41031,0.3104882473153213
2014-03-10,41.61122,-71.41031,2.5699123711088854
2014-03-11,41.61122,-71.41031,0.016281422125209076
2014-03-12,41.61122,-71.41031,9.406082358119665
2014-03-13,41.61122,-71.41031,4.146419607360528
2014-03-14,41.61122,-71.41031,0.0
2014-03-15,41.61122,-71.41031,1.092263873037085
2014-03-16,41.61122,-71.41031,0.0
2014-03-17,41.61122,-71.41031,5.20502793146555
2014-03-18,41.61122,-71.41031,0.0
2014-03-19,41.61122,-71.41031,0.0
2014-03-20,41.61122,-71.41031,3.593574794835583
2014-03-21,41.61122,-71.41031,0.0
2014-03-22,41.61122,-71.41031,0.009355666441361508
2014-03-23,41.61122,-71.41031,0.0631684384197253
2014-03-24,41.61122,-71.41031,0.016929916619441623
2014-03-25,41.61122,-71.41031,3.743486663655027
2014-03-26,41.61122,-71.41031,5.188902094774572
2014-03-27,41.61122,-71.41031,0.0
2014-03-28,41.61122,-71.41031,1.710482059436792
2014-03-29,41.61122,-71.41031,34.80411343165992
2014-03-30,41.61122,-71.41031,82.9306267525507
2014-03-31,41.61122,-71.41031,0.269708001215142
2014-04-01,41.61122,-71.41031,0.0
2014-04-02,41.61122,-71.41031,0.21629912306361326
2014-04-03,41.61122,-71.41031,0.0
2014-04-04,41.61122,-71.41031,0.36465156873592813
2014-04-05,41.61122,-71.41031,4.07997861226355
2014-04-06,41.61122,-71.41031,0.0
2014-04-07,41.61122,-71.41031,2.057751394101797
2014-04-08,41.61122,-71.41031,17.218531900963075
2014-04-09,41.61122,-71.41031,0.027377292357021923
2014-04-10,41.61122,-71.41031,0.0
2014-04-11,41.61122,-71.41031,0.4925436574185728
2014-04-12,41.61122,-71.41031,0.7389013960375842
2014-04-13,41.61122,-71.41031,0.11635905050637269
2014-04-14,41.61122,-71.41031,0.17143533049266482
2014-04-15,41.61122,-71.41031,16.302545228580783
2014-04-16,41.61122,-71.41031,34.93124308689802
2014-04-17,41.61122,-71.41031,0.0
2014-04-18,41.61122,-71.41031,0.0
2014-04-19,41.61122,-71.41031,0.08573249041342318
2014-04-20,41.61122,-71.41031,0.0
2014-04-21,41.61122,-71.41031,0.0
2014-04-22,41.61122,-71.41031,0.002308624954467956
2014-04-23,41.61122,-71.41031,5.9942191735550905
2014-04-24,41.61122,-71.41031,0.0
2014-04-25,41.61122,-71.41031,0.013173083042935681
2014-04-26,41.61122,-71.41031,10.39554280781649
2014-04-27,41.61122,-71.41031,0.004677833220680754
2014-04-28,41.61122,-71.41031,0.013890643898310545
2014-04-29,41.61122,-71.41031,0.04006670447547842
2014-04-30,41.61122,-71.41031,43.05327075351584
2014-05-01,41.61122,-71.41031,30.780321897397933
2014-05-02,41.61122,-71.41031,0.10630038547468072
2014-05-03,41.61122,-71.41031,0.0
2014-05-04,41.61122,-71.41031,0.029088081664497327
2014-05-05,41.61122,-71.41031,0.05998443038465673
2014-05-06,41.61122,-71.41031,0.010246135685629917
2014-05-07,41.61122,-71.41031,0.5871264007180661
2014-05-08,41.61122,-71.41031,0.1447738694036785
2014-05-09,41.61122,-71.41031,0.4435645944773231
2014-05-10,41.61122,-71.41031,2.7355766663639844
2014-05-11,41.61122,-71.41031,6.776488815156311
2014-05-12,41.61122,-71.41031,0.012923147896681158
2014-05-13,41.61122,-71.41031,0.35889325793689686
2014-05-14,41.61122,-71.41031,0.3962489813579782
2014-05-15,41.61122,-71.41031,0.0
2014-05-16,41.61122,-71.41031,0.07383213728554479
2014-05-17,41.61122,-71.41031,16.306664818955806
2014-05-18,41.61122,-71.41031,0.007695416228216575
2014-05-19,41.61122,-71.41031,0.010933523732918513
2014-05-20,41.61122,-71.41031,0.7807425859082984
2014-05-21,41.61122,-71.41031,0.06331193377593049
2014-05-22,41.61122,-71.41031,10.194604663162789
2014-05-23,41.61122,-71.41031,0.028343789768630348
2014-05-24,41.61122,-71.41031,0.30533521778248984
2014-05-25,41.61122,-71.41031,0.3867562893579559
2014-05-26,41.61122,-71.41031,1.7978887181650698
2014-05-27,41.61122,-71.41031,0.3390640144901371
2014-05-28,41.61122,-71.41031,0.8671544873819761
2014-05-29,41.61122,-71.41031,0.0
2014-05-30,41.61122,-71.41031,0.006074179751052133
2014-05-31,41.61122,-71.41031,2.974069799051445
2014-06-01,41.61122,-71.41031,0.0
2014-06-02,41.61122,-71.41031,0.0
2014-06-03,41.61122,-71.41031,0.0
2014-06-04,41.61122,-71.41031,0.922195963343697
2014-06-05,41.61122,-71.41031,5.836246171283877
2014-06-06,41.61122,-71.41031,0.0
2014-06-07,41.61122,-71.41031,0.0
2014-06-08,41.61122,-71.41031,0.21945046137245505
2014-06-09,41.61122,-71.41031,3.561789547395205
2014-06-10,41.61122,-71.41031,5.767282852243915
2014-06-11,41.61122,-71.41031,1.727337459256758
2014-06-12,41.61122,-71.41031,1.5313343384240314
2014-06-13,41.61122,-71.41031,8.576337053681476
2014-06-14,41.61122,-71.41031,0.7004657295404682
2014-06-15,41.61122,-71.41031,0.0011694583051701886
2014-06-16,41.61122,-71.41031,0.0
2014-06-17,41.61122,-71.41031,0.030249851945076272
2014-06-18,41.61122,-71.41031,0.08149162576073052
2014-06-19,41.61122,-71.41031,9.048344210089914
2014-06-20,41.61122,-71.41031,0.0
2014-06-21,41.61122,-71.41031,0.0
2014-06-22,41.61122,-71.41031,0.0
2014-06-23,41.61122,-71.41031,0.0
2014-06-24,41.61122,-71.41031,0.13880713076534776
2014-06-25,41.61122,-71.41031,0.5193779816709119
2014-06-26,41.61122,-71.41031,6.833580020343854
2014-06-27,41.61122,-71.41031,0.0
2014-06-28,41.61122,-71.41031,0.0
2014-06-29,41.61122,-71.41031,0.0
2014-06-30,41.61122,-71.41031,0.0586946868690413
2014-07-01,41.61122,-71.41031,0.10082171900422016
2014-07-02,41.61122,-71.41031,0.002338916610340377
2014-07-03,41.61122,-71.41031,0.03712422723791535
2014-07-04,41.61122,-71.41031,60.17571967715934
2014-07-05,41.61122,-71.41031,6.399791238809618
2014-07-06,41.61122,-71.41031,0.0
2014-07-07,41.61122,-71.41031,0.02526758354514251
2014-07-08,41.61122,-71.41031,0.14306535742637289
2014-07-09,41.61122,-71.41031,0.19104988011776197
2014-07-10,41.61122,-71.41031,6.135694733616701
2014-07-11,41.61122,-71.41031,4.839612065502315
2014-07-12,41.61122,-71.41031,0.0
2014-07-13,41.61122,-71.41031,0.05876027000255279
2014-07-14,41.61122,-71.41031,3.5622497520739347
2014-07-15,41.61122,-71.41031,3.837521425310583
2014-07-16,41.61122,-71.41031,22.03007448022423
2014-07-17,41.61122,-71.41031,3.5884739328316875
2014-07-18,41.61122,-71.41031,0.0
2014-07-19,41.61122,-71.41031,1.6581138641691957
2014-07-20,41.61122,-71.41031,5.002700062195219
2014-07-21,41.61122,-71.41031,0.0
2014-07-22,41.61122,-71.41031,0.0
2014-07-23,41.61122,-71.41031,0.00971868796373276
2014-07-24,41.61122,-71.41031,1.142820450139817
2014-07-25,41.61122,-71.41031,0.0
2014-07-26,41.61122,-71.41031,2.622709564719784
2014-07-27,41.61122,-71.41031,1.317982915948447
2014-07-28,41.61122,-71.41031,4.18158668375243
2014-07-29,41.61122,-71.41031,0.0
2014-07-30,41.61122,-71.41031,0.0
2014-07-31,41.61122,-71.41031,0.0
2014-08-01,41.61122,-71.41031,0.9479492998560238
2014-08-02,41.61122,-71.41031,45.38806663736255
2014-08-03,41.61122,-71.41031,5.101309908422655
2014-08-04,41.61122,-71.41031,0.23145243641515745
2014-08-05,41.61122,-71.41031,0.0
2014-08-06,41.61122,-71.41031,0.2779332722026234
2014-08-07,41.61122,-71.41031,2.7086667490634166
2014-08-08,41.61122,-71.41031,0.0
2014-08-09,41.61122,-71.41031,0.0
2014-08-10,41.61122,-71.41031,0.0
2014-08-11,41.61122,-71.41031,0.0
2014-08-12,41.61122,-71.41031,0.3234789192737264
2014-08-13,41.61122,-71.41031,23.364345620370994
2014-08-14,41.61122,-71.41031,0.0
2014-08-15,41.61122,-71.41031,0.006156333211914548
2014-08-16,41.61122,-71.41031,0.2980984977084456
2014-08-17,41.61122,-71.41031,1.7456096978024673
2014-08-18,41.61122,-71.41031,0.0
2014-08-19,41.61122,-71.41031,0.0
2014-08-20,41.61122,-71.41031,0.0
2014-08-21,41.61122,-71.41031,0.5723192657811611
2014-08-22,41.61122,-71.41031,2.665363974523002
2014-08-23,41.61122,-71.41031,1.3043325384502562
2014-08-24,41.61122,-71.41031,0.0
2014-08-25,41.61122,-71.41031,0.0
2014-08-26,41.61122,-71.41031,0.0
2014-08-27,41.61122,-71.41031,0.0
2014-08-28,41.61122,-71.41031,0.009230819336701106
2014-08-29,41.61122,-71.41031,0.0
2014-08-30,41.61122,-71.41031,0.0
2014-08-31,41.61122,-71.41031,2.10972671485249
2014-09-01,41.61122,-71.41031,2.665476325457486
2014-09-02,41.61122,-71.41031,0.004813966291569973
2014-09-03,41.61122,-71.41031,0.00918299979474535
2014-09-04,41.61122,-71.41031,0.0
2014-09-05,41.61122,-71.41031,0.0
2014-09-06,41.61122,-71.41031,0.008525541334789041
2014-09-07,41.61122,-71.41031,2.0754039685474153
2014-09-08,41.61122,-71.41031,0.025845934581654476
2014-09-09,41.61122,-71.41031,0.9777185731556515
2014-09-10,41.61122,-71.41031,0.0
2014-09-11,41.61122,-71.41031,0.07031800196877536
2014-09-12,41.61122,-71.41031,0.0
2014-09-13,41.61122,-71.41031,4.878984564657577
2014-09-14,41.61122,-71.41031,0.7043406899759691
2014-09-15,41.61122,-71.41031,0.0
2014-09-16,41.61122,-71.41031,0.10318952739364415
2014-09-17,41.61122,-71.41031,0.0
2014-09-18,41.61122,-71.41031,0.0
2014-09-19,41.61122,-71.41031,0.01390865255738186
2014-09-20,41.61122,-71.41031,0.0
2014-09-21,41.61122,-71.41031,1.8325271857562715
2014-09-22,41.61122,-71.41031,0.28526789040989226
2014-09-23,41.61122,-71.41031,0.009046866723856132
2014-09-24,41.61122,-71.41031,0.012246441577986484
2014-09-25,41.61122,-71.41031,8.241089596869644
2014-09-26,41.61122,-71.41031,1.39709038266414
2014-09-27,41.61122,-71.41031,0.0
2014-09-28,41.61122,-71.41031,0.0
2014-09-29,41.61122,-71.41031,0.7227301225758893
2014-09-30,41.61122,-71.41031,7.7707252447399515
2014-10-01,41.61122,-71.41031,18.882264697985715
2014-10-02,41.61122,-71.41031,1.2176942587535178
2014-10-03,41.61122,-71.41031,0.05378844801278645
2014-10-04,41.61122,-71.41031,1.9256383653294218
2014-10-05,41.61122,-71.41031,0.0
2014-10-06,41.61122,-71.41031,0.0
2014-10-07,41.61122,-71.41031,0.01341590022703151
2014-10-08,41.61122,-71.41031,7.089624495456176
2014-10-09,41.61122,-71.41031,0.0
2014-10-10,41.61122,-71.41031,0.076927953343221
2014-10-11,41.61122,-71.41031,17.855040840880296
2014-10-12,41.61122,-71.41031,0.0
2014-10-13,41.61122,-71.41031,0.0
2014-10-14,41.61122,-71.41031,0.0
2014-10-15,41.61122,-71.41031,0.0
2014-10-16,41.61122,-71.41031,27.83746315798989
2014-10-17,41.61122,-71.41031,7.538585716827608
2014-10-18,41.61122,-71.41031,0.009135179456353074
2014-10-19,41.61122,-71.41031,0.0
2014-10-20,41.61122,-71.41031,0.0
2014-10-21,41.61122,-71.41031,0.17643311423154595
2014-10-22,41.61122,-71.41031,20.92152661627674
2014-10-23,41.61122,-71.41031,13.491212094475367
2014-10-24,41.61122,-71.41031,0.3130661875057808
2014-10-25,41.61122,-71.41031,0.17498786504518188
2014-10-26,41.61122,-71.41031,0.01341590022703151
2014-10-27,41.61122,-71.41031,0.0
2014-10-28,41.61122,-71.41031,0.0
2014-10-29,41.61122,-71.41031,1.5634707132297088
2014-10-30,41.61122,-71.41031,0.9648158951982481
2014-10-31,41.61122,-71.41031,0.10969940487184689
2014-11-01,41.61122,-71.41031,10.508679410269856
2014-11-02,41.61122,-71.41031,13.353305841308455
2014-11-03,41.61122,-71.41031,0.0
2014-11-04,41.61122,-71.41031,0.41830645412908135
2014-11-05,41.61122,-71.41031,0.2748687232980733
2014-11-06,41.61122,-71.41031,12.90552411586853
2014-11-07,41.61122,-71.41031,9.575588751198106
2014-11-08,41.61122,-71.41031,0.0
2014-11-09,41.61122,-71.41031,0.04803695199293057
2014-11-10,41.61122,-71.41031,0.0
2014-11-11,41.61122,-71.41031,0.0
2014-11-12,41.61122,-71.41031,0.005386791703763536
2014-11-13,41.61122,-71.41031,0.08952761460413894
2014-11-14,41.61122,-71.41031,6.477312924864267
2014-11-15,41.61122,-71.41031,0.0
2014-11-16,41.61122,-71.41031,0.08527922438839892
2014-11-17,41.61122,-71.41031,33.64809768817683
2014-11-18,41.61122,-71.41031,2.075659925458391
2014-11-19,41.61122,-71.41031,0.003078166605957274
2014-11-20,41.61122,-71.41031,0.04981928140662463
2014-11-21,41.61122,-71.41031,0.0
2014-11-22,41.61122,-71.41031,0.11482590766773422
2014-11-23,41.61122,-71.41031,0.4724346593618278
2014-11-24,41.61122,-71.41031,15.362186083420982
2014-11-25,41.61122,-71.41031,2.735244765173674
2014-11-26,41.61122,-71.41031,49.37511128699674
2014-11-27,41.61122,-71.41031,4.5321479725102
2014-11-28,41.61122,-71.41031,0.0
2014-11-29,41.61122,-71.41031,0.0
2014-11-30,41.61122,-71.41031,0.15682062930075177
2014-12-01,41.61122,-71.41031,0.21298758069812293
2014-12-02,41.61122,-71.41031,3.1841006745171874
2014-12-03,41.61122,-71.41031,3.678908706625973
2014-12-04,41.61122,-71.41031,0.0
2014-12-05,41.61122,-71.41031,0.023730378302608546
2014-12-06,41.61122,-71.41031,14.49135423275504
2014-12-07,41.61122,-71.41031,23.003941342378962
2014-12-08,41.61122,-71.41031,0.0
2014-12-09,41.61122,-71.41031,76.80169212649768
2014-12-10,41.61122,-71.41031,2.1694455405844506
2014-12-11,41.61122,-71.41031,0.15642890464725884
2014-12-12,41.61122,-71.41031,0.0
2014-12-13,41.61122,-71.41031,0.0
2014-12-14,41.61122,-71.41031,0.0
2014-12-15,41.61122,-71.41031,0.0
2014-12-16,41.61122,-71.41031,0.0
2014-12-17,41.61122,-71.41031,8.362620280096731
2014-12-18,41.61122,-71.41031,0.223982240149377
2014-12-19,41.61122,-71.41031,0.0
2014-12-20,41.61122,-71.41031,0.0
2014-12-21,41.61122,-71.41031,0.011173499631193027
2014-12-22,41.61122,-71.41031,0.0
2014-12-23,41.61122,-71.41031,3.7194752230382013
2014-12-24,41.61122,-71.41031,17.192489494246246
2014-12-25,41.61122,-71.41031,26.85108301537729
2014-12-26,41.61122,-71.41031,0.01308220735862689
2014-12-27,41.61122,-71.41031,0.005490671922514973
2014-12-28,41.61122,-71.41031,4.466040382601993
2014-12-29,41.61122,-71.41031,1.4756496725648522
2014-12-30,41.61122,-71.41031,0.0
2014-12-31,41.61122,-71.41031,0.0
2015-01-01,41.61122,-71.41031,0.003692327872230378
2015-01-02,41.61122,-71.41031,0.0
2015-01-03,41.61122,-71.41031,2.65816443110374
2015-01-04,41.61122,-71.41031,26.698957130897327
2015-01-05,41.61122,-71.41031,7.487542704004563
2015-01-06,41.61122,-71.41031,0.44037827441672195
2015-01-07,41.61122,-71.41031,0.0
2015-01-08,41.61122,-71.41031,0.0
2015-01-09,41.61122,-71.41031,0.6537295012760491
2015-01-10,41.61122,-71.41031,0.0
2015-01-11,41.61122,-71.41031,0.0
2015-01-12,41.61122,-71.41031,17.609081036346023
2015-01-13,41.61122,-71.41031,5.903339275555235
2015-01-14,41.61122,-71.41031,0.02997558678846141
2015-01-15,41.61122,-71.41031,0.0
2015-01-16,41.61122,-71.41031,0.07531983398173732
2015-01-17,41.61122,-71.41031,0.0
2015-01-18,41.61122,-71.41031,1.3709723890008219
2015-01-19,41.61122,-71.41031,19.693833333842687
2015-01-20,41.61122,-71.41031,0.09432078632565533
2015-01-21,41.61122,-71.41031,0.26785168144355853
2015-01-22,41.61122,-71.41031,0.0
2015-01-23,41.61122,-71.41031,0.0
2015-01-24,41.61122,-71.41031,23.715288642502333
2015-01-25,41.61122,-71.41031,0.003692327872230378
2015-01-26,41.61122,-71.41031,2.5480087476183417
2015-01-27,41.61122,-71.41031,14.984153632093166
2015-01-28,41.61122,-71.41031,0.601263206748663
2015-01-29,41.61122,-71.41031,0.0
2015-01-30,41.61122,-71.41031,4.012003343240528
2015-01-31,41.61122,-71.41031,0.0
2015-02-01,41.61122,-71.41031,0.0
2015-02-02,41.61122,-71.41031,13.660860335351067
2015-02-03,41.61122,-71.41031,0.0
2015-02-04,41.61122,-71.41031,0.0
2015-02-05,41.61122,-71.41031,0.5109756944302203
2015-02-06,41.61122,-71.41031,0.0
2015-02-07,41.61122,-71.41031,0.12725442834870704
2015-02-08,41.61122,-71.41031,3.5502893717630237
2015-02-09,41.61122,-71.41031,5.740852946425787
2015-02-10,41.61122,-71.41031,1.5175973192098908
2015-02-11,41.61122,-71.41031,0.0
2015-02-12,41.61122,-71.41031,0.0
2015-02-13,41.61122,-71.41031,0.0
2015-02-14,41.61122,-71.41031,1.2385795885554503
2015-02-15,41.61122,-71.41031,0.0
2015-02-16,41.61122,-71.41031,0.0
2015-02-17,41.61122,-71.41031,0.1934258660245937
2015-02-18,41.61122,-71.41031,0.0
2015-02-19,41.61122,-71.41031,0.0
2015-02-20,41.61122,-71.41031,0.0
2015-02-21,41.61122,-71.41031,3.7472730670451195
2015-02-22,41.61122,-71.41031,33.22555227165511
2015-02-23,41.61122,-71.41031,0.8536558931507734
2015-02-24,41.61122,-71.41031,0.0
2015-02-25,41.61122,-71.41031,0.20036938616765285
2015-02-26,41.61122,-71.41031,0.35242076816265216
2015-02-27,41.61122,-71.41031,0.0
2015-02-28,41.61122,-71.41031,0.0
2015-03-01,41.61122,-71.41031,4.142975226003514
2015-03-02,41.61122,-71.41031,3.103206955021613
2015-03-03,41.61122,-71.41031,1.6403293064078883
2015-03-04,41.61122,-71.41031,15.893666532479203
2015-03-05,41.61122,-71.41031,22.35712647899238
2015-03-06,41.61122,-71.41031,1.4101847578495215
2015-03-07,41.61122,-71.41031,0.0
2015-03-08,41.61122,-71.41031,0.0
2015-03-09,41.61122,-71.41031,0.0
2015-03-10,41.61122,-71.41031,1.5597064711578512
2015-03-11,41.61122,-71.41031,6.892802247489285
2015-03-12,41.61122,-71.41031,0.0
2015-03-13,41.61122,-71.41031,0.014772749222001984
2015-03-14,41.61122,-71.41031,24.229251641404236
2015-03-15,41.61122,-71.41031,3.731114145492614
2015-03-16,41.61122,-71.41031,0.10408867533373366
2015-03-17,41.61122,-71.41031,3.7646985391543257
2015-03-18,41.61122,-71.41031,0.011400507813037813
2015-03-19,41.61122,-71.41031,0.0
2015-03-20,41.61122,-71.41031,1.2268370532848036
2015-03-21,41.61122,-71.41031,0.9028600937746849
2015-03-22,41.61122,-71.41031,0.003692327872230378
2015-03-23,41.61122,-71.41031,0.00242967199093319
2015-03-24,41.61122,-71.41031,0.0
2015-03-25,41.61122,-71.41031,0.3548113435810145
2015-03-26,41.61122,-71.41031,8.564865606524076
2015-03-27,41.61122,-71.41031,5.441868469279342
2015-03-28,41.61122,-71.41031,0.9538607925933108
2015-03-29,41.61122,-71.41031,0.0072890159727995694
2015-03-30,41.61122,-71.41031,0.3408029596254016
2015-03-31,41.61122,-71.41031,0.0750381246444457
2015-04-01,41.61122,-71.41031,0.014342541565934458
2015-04-02,41.61122,-71.41031,0.04499691594352615
2015-04-03,41.61122,-71.41031,18.03001781790783
2015-04-04,41.61122,-71.41031,4.753082024114112
2015-04-05,41.61122,-71.41031,0.0
2015-04-06,41.61122,-71.41031,0.14876551381682288
2015-04-07,41.61122,-71.41031,2.6213178333767257
2015-04-08,41.61122,-71.41031,1.1995062549276276
2015-04-09,41.61122,-71.41031,1.7356668174177194
2015-04-10,41.61122,-71.41031,5.691791801584771
2015-04-11,41.61122,-71.41031,0.19463177832059197
2015-04-12,41.61122,-71.41031,0.0
2015-04-13,41.61122,-71.41031,0.012464124267534026
2015-04-14,41.61122,-71.41031,1.8191879526752999
2015-04-15,41.61122,-71.41031,2.198085586821293
2015-04-16,41.61122,-71.41031,0.0
2015-04-17,41.61122,-71.41031,8.9654019515514
2015-04-18,41.61122,-71.41031,0.007384655744460756
2015-04-19,41.61122,-71.41031,0.0
2015-04-20,41.61122,-71.41031,10.472303727341268
2015-04-21,41.61122,-71.41031,2.4230282607221802
2015-04-22,41.61122,-71.41031,0.7314937888574813
2015-04-23,41.61122,-71.41031,3.668487038664321
2015-04-24,41.61122,-71.41031,0.005386791130410315
2015-04-25,41.61122,-71.41031,0.0
2015-04-26,41.61122,-71.41031,0.0
2015-04-27,41.61122,-71.41031,0.1492157607694589
2015-04-28,41.61122,-71.41031,0.0
2015-04-29,41.61122,-71.41031,0.7711956551391431
2015-04-30,41.61122,-71.41031,1.7778622960515924
2015-05-01,41.61122,-71.41031,0.24110665570525133
2015-05-02,41.61122,-71.41031,0.10004041326022836
2015-05-03,41.61122,-71.41031,0.4061288978053446
2015-05-04,41.61122,-71.41031,0.0
2015-05-05,41.61122,-71.41031,0.9526560018705328
2015-05-06,41.61122,-71.41031,2.971790135467171
2015-05-07,41.61122,-71.41031,0.0
2015-05-08,41.61122,-71.41031,0.0
2015-05-09,41.61122,-71.41031,0.0
2015-05-10,41.61122,-71.41031,0.0
2015-05-11,41.61122,-71.41031,0.0
2015-05-12,41.61122,-71.41031,0.08762479000312544
2015-05-13,41.61122,-71.41031,0.0
2015-05-14,41.61122,-71.41031,0.0
2015-05-15,41.61122,-71.41031,0.08160210785916877
2015-05-16,41.61122,-71.41031,1.1801600116807967
2015-05-17,41.61122,-71.41031,6.895010137899909
2015-05-18,41.61122,-71.41031,0.0
2015-05-19,41.61122,-71.41031,5.73051885752512
2015-05-20,41.61122,-71.41031,18.10298839757475
2015-05-21,41.61122,-71.41031,4.072328372379953
2015-05-22,41.61122,-71.41031,2.4830146963073436
2015-05-23,41.61122,-71.41031,0.0
2015-05-24,41.61122,-71.41031,0.0
2015-05-25,41.61122,-71.41031,0.9217702596075215
2015-05-26,41.61122,-71.41031,1.5175034446428979
2015-05-27,41.61122,-71.41031,1.1090045808368583
2015-05-28,41.61122,-71.41031,0.8807115262337187
2015-05-29,41.61122,-71.41031,0.0
2015-05-30,41.61122,-71.41031,0.1715591207058687
2015-05-31,41.61122,-71.41031,1.8048792548520436
2015-06-01,41.61122,-71.41031,3.137912955359681
2015-06-02,41.61122,-71.41031,11.606524573970804
2015-06-03,41.61122,-71.41031,0.6679610842569914
2015-06-04,41.61122,-71.41031,0.003523460949934551
2015-06-05,41.61122,-71.41031,2.7649337128748344
2015-06-06,41.61122,-71.41031,0.22244286268033328
2015-06-07,41.61122,-71.41031,0.0
2015-06-08,41.61122,-71.41031,0.3156555829348481
2015-06-09,41.61122,-71.41031,0.37964406112899124
2015-06-10,41.61122,-71.41031,0.0
2015-06-11,41.61122,-71.41031,0.7900916320373886
2015-06-12,41.61122,-71.41031,0.21149492257322072
2015-06-13,41.61122,-71.41031,0.017565804500265438
2015-06-14,41.61122,-71.41031,0.027660240450932475
2015-06-15,41.61122,-71.41031,29.789042329191613
2015-06-16,41.61122,-71.41031,0.8098540228584793
2015-06-17,41.61122,-71.41031,0.4920241770439343
2015-06-18,41.61122,-71.41031,0.10512813055415245
2015-06-19,41.61122,-71.41031,0.3779694999165918
2015-06-20,41.61122,-71.41031,0.06784343368263294
2015-06-21,41.61122,-71.41031,20.151943874430973
2015-06-22,41.61122,-71.41031,0.035048733786188155
2015-06-23,41.61122,-71.41031,10.242372211209416
2015-06-24,41.61122,-71.41031,5.22624703177325
2015-06-25,41.61122,-71.41031,0.001214835995466595
2015-06-26,41.61122,-71.41031,1.1316396274499452
2015-06-27,41.61122,-71.41031,6.001231113972898
2015-06-28,41.61122,-71.41031,26.831488465655024
2015-06-29,41.61122,-71.41031,0.009234499817871824
2015-06-30,41.61122,-71.41031,0.0
2015-07-01,41.61122,-71.41031,16.400463244806062
2015-07-02,41.61122,-71.41031,0.5712158786486137
2015-07-03,41.61122,-71.41031,1.7681687991112078
2015-07-04,41.61122,-71.41031,0.39977566923251995
2015-07-05,41.61122,-71.41031,0.0
2015-07-06,41.61122,-71.41031,0.0
2015-07-07,41.61122,-71.41031,0.1906206709069117
2015-07-08,41.61122,-71.41031,2.543294676971322
2015-07-09,41.61122,-71.41031,0.35464059065484543
2015-07-10,41.61122,-71.41031,1.0634443831128106
2015-07-11,41.61122,-71.41031,0.0
2015-07-12,41.61122,-71.41031,0.005847291308022355
2015-07-13,41.61122,-71.41031,1.021788557976582
2015-07-14,41.61122,-71.41031,1.1206243244512077
2015-07-15,41.61122,-71.41031,10.539060819060047
2015-07-16,41.61122,-71.41031,3.109804365263728
2015-07-17,41.61122,-71.41031,0.0
2015-07-18,41.61122,-71.41031,0.6972267945384527
2015-07-19,41.61122,-71.41031,0.16732283010921245
2015-07-20,41.61122,-71.41031,4.569291715825547
2015-07-21,41.61122,-71.41031,1.3495736533886653
2015-07-22,41.61122,-71.41031,1.0550017686672672
2015-07-23,41.61122,-71.41031,0.0
2015-07-24,41.61122,-71.41031,0.40049569527088635
2015-07-25,41.61122,-71.41031,0.0
2015-07-26,41.61122,-71.41031,0.9007299881692572
2015-07-27,41.61122,-71.41031,22.983049166975704
2015-07-28,41.61122,-71.41031,3.311913580468097
2015-07-29,41.61122,-71.41031,0.016372416708039822
2015-07-30,41.61122,-71.41031,2.953992264737976
2015-07-31,41.61122,-71.41031,3.115259322550742
2015-08-01,41.61122,-71.41031,0.04859343800841706
2015-08-02,41.61122,-71.41031,0.032320751369287665
2015-08-03,41.61122,-71.41031,0.0
2015-08-04,41.61122,-71.41031,23.45740496734734
2015-08-05,41.61122,-71.41031,0.0
2015-08-06,41.61122,-71.41031,0.0
2015-08-07,41.61122,-71.41031,0.05721870739409572
2015-08-08,41.61122,-71.41031,0.0
2015-08-09,41.61122,-71.41031,0.42618127424248664
2015-08-10,41.61122,-71.41031,0.0
2015-08-11,41.61122,-71.41031,49.29716409399765
2015-08-12,41.61122,-71.41031,1.4308738954541953
2015-08-13,41.61122,-71.41031,0.0
2015-08-14,41.61122,-71.41031,0.0
2015-08-15,41.61122,-71.41031,0.0
2015-08-16,41.61122,-71.41031,0.4708496235725902
2015-08-17,41.61122,-71.41031,0.0
2015-08-18,41.61122,-71.41031,0.1366161360867717
2015-08-19,41.61122,-71.41031,0.0
2015-08-20,41.61122,-71.41031,0.0
2015-08-21,41.61122,-71.41031,1.7747246833345496
2015-08-22,41.61122,-71.41031,1.297578578293722
2015-08-23,41.61122,-71.41031,0.4677001142115142
2015-08-24,41.61122,-71.41031,0.10804697561948046
2015-08-25,41.61122,-71.41031,0.062283131950547514
2015-08-26,41.61122,-71.41031,0.06754686971900802
2015-08-27,41.61122,-71.41031,0.0
2015-08-28,41.61122,-71.41031,0.0
2015-08-29,41.61122,-71.41031,0.0
2015-08-30,41.61122,-71.41031,0.7712101225122482
2015-08-31,41.61122,-71.41031,0.9449717368316304
2015-09-01,41.61122,-71.41031,0.0
2015-09-02,41.61122,-71.41031,0.0
2015-09-03,41.61122,-71.41031,0.0
2015-09-04,41.61122,-71.41031,0.26867140726312494
2015-09-05,41.61122,-71.41031,0.0
2015-09-06,41.61122,-71.41031,0.0
2015-09-07,41.61122,-71.41031,0.0
2015-09-08,41.61122,-71.41031,0.0
2015-09-09,41.61122,-71.41031,0.0
2015-09-10,41.61122,-71.41031,36.285785428083656
2015-09-11,41.61122,-71.41031,17.150220093266253
2015-09-12,41.61122,-71.41031,0.0
2015-09-13,41.61122,-71.41031,14.382272871346407
2015-09-14,41.61122,-71.41031,0.0
2015-09-15,41.61122,-71.41031,0.0
2015-09-16,41.61122,-71.41031,0.0
2015-09-17,41.61122,-71.41031,0.0
2015-09-18,41.61122,-71.41031,0.0
2015-09-19,41.61122,-71.41031,0.0
2015-09-20,41.61122,-71.41031,0.0
2015-09-21,41.61122,-71.41031,0.0
2015-09-22,41.61122,-71.41031,0.0
2015-09-23,41.61122,-71.41031,0.0
2015-09-24,41.61122,-71.41031,0.0
2015-09-25,41.61122,-71.41031,0.0
2015-09-26,41.61122,-71.41031,0.0042758359270483794
2015-09-27,41.61122,-71.41031,0.0
2015-09-28,41.61122,-71.41031,0.0
2015-09-29,41.61122,-71.41031,0.35133512980183973
2015-09-30,41.61122,-71.41031,48.27803139067301
2015-10-01,41.61122,-71.41031,5.312241250736716
2015-10-02,41.61122,-71.41031,32.89861009779808
2015-10-03,41.61122,-71.41031,1.4858088576133512
2015-10-04,41.61122,-71.41031,0.0
2015-10-05,41.61122,-71.41031,0.004414049637889104
2015-10-06,41.61122,-71.41031,0.0
2015-10-07,41.61122,-71.41031,0.01102916373086054
2015-10-08,41.61122,-71.41031,0.0
2015-10-09,41.61122,-71.41031,7.116101583624779
2015-10-10,41.61122,-71.41031,0.7494149280068382
2015-10-11,41.61122,-71.41031,0.0
2015-10-12,41.61122,-71.41031,0.0
2015-10-13,41.61122,-71.41031,15.091656275426324
2015-10-14,41.61122,-71.41031,0.0
2015-10-15,41.61122,-71.41031,0.0
2015-10-16,41.61122,-71.41031,1.1975340662422902
2015-10-17,41.61122,-71.41031,0.002308624954467956
2015-10-18,41.61122,-71.41031,0.0
2015-10-19,41.61122,-71.41031,0.0
2015-10-20,41.61122,-71.41031,0.026616832369138532
2015-10-21,41.61122,-71.41031,0.06194503994452674
2015-10-22,41.61122,-71.41031,0.2558121063029478
2015-10-23,41.61122,-71.41031,0.035814676590916535
2015-10-24,41.61122,-71.41031,0.0
2015-10-25,41.61122,-71.41031,2.489244361203549
2015-10-26,41.61122,-71.41031,0.0
2015-10-27,41.61122,-71.41031,0.004813966291569973
2015-10-28,41.61122,-71.41031,5.525521513101532
2015-10-29,41.61122,-71.41031,13.012070326936596
2015-10-30,41.61122,-71.41031,0.0
2015-10-31,41.61122,-71.41031,0.08069262458154314
2015-11-01,41.61122,-71.41031,10.903860084427347
2015-11-02,41.61122,-71.41031,0.0
2015-11-03,41.61122,-71.41031,0.0
2015-11-04,41.61122,-71.41031,0.0
2015-11-05,41.61122,-71.41031,0.0
2015-11-06,41.61122,-71.41031,0.03425990602257467
2015-11-07,41.61122,-71.41031,0.25077016646288597
2015-11-08,41.61122,-71.41031,0.027851276672811377
2015-11-09,41.61122,-71.41031,0.0
2015-11-10,41.61122,-71.41031,20.771384771929615
2015-11-11,41.61122,-71.41031,1.4450462551051553
2015-11-12,41.61122,-71.41031,3.9682042061236755
2015-11-13,41.61122,-71.41031,0.0
2015-11-14,41.61122,-71.41031,0.0
2015-11-15,41.61122,-71.41031,0.0
2015-11-16,41.61122,-71.41031,0.03561488497062685
2015-11-17,41.61122,-71.41031,0.0
2015-11-18,41.61122,-71.41031,0.0
2015-11-19,41.61122,-71.41031,0.9412381485010793
2015-11-20,41.61122,-71.41031,14.312260528927967
2015-11-21,41.61122,-71.41031,0.0
2015-11-22,41.61122,-71.41031,23.96064022329417
2015-11-23,41.61122,-71.41031,14.6031248207663
2015-11-24,41.61122,-71.41031,0.0
2015-11-25,41.61122,-71.41031,0.0
2015-11-26,41.61122,-71.41031,0.0
2015-11-27,41.61122,-71.41031,0.0
2015-11-28,41.61122,-71.41031,1.7936588423169872
2015-11-29,41.61122,-71.41031,0.33450107364449067
2015-11-30,41.61122,-71.41031,0.0
2015-12-01,41.61122,-71.41031,11.54672905201506
2015-12-02,41.61122,-71.41031,13.276155086325952
2015-12-03,41.61122,-71.41031,4.489276662617967
2015-12-04,41.61122,-71.41031,0.0
2015-12-05,41.61122,-71.41031,0.0
2015-12-06,41.61122,-71.41031,0.0
2015-12-07,41.61122,-71.41031,0.0
2015-12-08,41.61122,-71.41031,2.257516298070902
2015-12-09,41.61122,-71.41031,0.0
2015-12-10,41.61122,-71.41031,0.0070775751113242025
2015-12-11,41.61122,-71.41031,0.12372097289293421
2015-12-12,41.61122,-71.41031,0.0
2015-12-13,41.61122,-71.41031,0.19173683404469696
2015-12-14,41.61122,-71.41031,1.448496601039609
2015-12-15,41.61122,-71.41031,8.32706706810753
2015-12-16,41.61122,-71.41031,0.0
2015-12-17,41.61122,-71.41031,33.449986485268894
2015-12-18,41.61122,-71.41031,7.153541452087418
2015-12-19,41.61122,-71.41031,0.011569735947041483
2015-12-20,41.61122,-71.41031,0.001846163936115189
2015-12-21,41.61122,-71.41031,0.37197175009137506
2015-12-22,41.61122,-71.41031,11.852096703795482
2015-12-23,41.61122,-71.41031,8.581078847314432
2015-12-24,41.61122,-71.41031,34.0107832739968
2015-12-25,41.61122,-71.41031,0.492288671350144
2015-12-26,41.61122,-71.41031,1.8256545200396088
2015-12-27,41.61122,-71.41031,3.1050888666853442
2015-12-28,41.61122,-71.41031,2.7840007127745157
2015-12-29,41.61122,-71.41031,24.0791648021713
2015-12-30,41.61122,-71.41031,0.02099887148185155
2015-12-31,41.61122,-71.41031,3.407605751579107
2016-01-01,41.61122,-71.41031,1.3781111144057503
2016-01-02,41.61122,-71.41031,0.0
2016-01-03,41.61122,-71.41031,0.0
2016-01-04,41.61122,-71.41031,0.0
2016-01-05,41.61122,-71.41031,0.0
2016-01-06,41.61122,-71.41031,0.0
2016-01-07,41.61122,-71.41031,0.0
2016-01-08,41.61122,-71.41031,0.0
2016-01-09,41.61122,-71.41031,0.12069930555975714
2016-01-10,41.61122,-71.41031,52.86645701645859
2016-01-11,41.61122,-71.41031,0.0007695416514893185
2016-01-12,41.61122,-71.41031,1.3524191895462159
2016-01-13,41.61122,-71.41031,0.4881022885050034
2016-01-14,41.61122,-71.41031,0.001539083302978637
2016-01-15,41.61122,-71.41031,0.0031084582618296957
2016-01-16,41.61122,-71.41031,51.20307709541144
2016-01-17,41.61122,-71.41031,2.3973311090503246
2016-01-18,41.61122,-71.41031,0.006843721628822294
2016-01-19,41.61122,-71.41031,0.0
2016-01-20,41.61122,-71.41031,0.0
2016-01-21,41.61122,-71.41031,0.0
2016-01-22,41.61122,-71.41031,0.017729749066773527
2016-01-23,41.61122,-71.41031,6.8530345939750585
2016-01-24,41.61122,-71.41031,0.07559291229000727
2016-01-25,41.61122,-71.41031,0.0
2016-01-26,41.61122,-71.41031,0.1238131299373754
2016-01-27,41.61122,-71.41031,0.49113939585398037
2016-01-28,41.61122,-71.41031,0.0
2016-01-29,41.61122,-71.41031,0.11038625834703042
2016-01-30,41.61122,-71.41031,0.022016268436080413
2016-01-31,41.61122,-71.41031,0.3120433567310252
2016-02-01,41.61122,-71.41031,0.44629822413179326
2016-02-02,41.61122,-71.41031,0.6655732956924515
2016-02-03,41.61122,-71.41031,10.215706255557006
2016-02-04,41.61122,-71.41031,25.12297283186553
2016-02-05,41.61122,-71.41031,46.9995076540331
2016-02-06,41.61122,-71.41031,0.0
2016-02-07,41.61122,-71.41031,0.003785163892774696
2016-02-08,41.61122,-71.41031,12.169271873950265
2016-02-09,41.61122,-71.41031,0.011136724086907858
2016-02-10,41.61122,-71.41031,0.001938999956659507
2016-02-11,41.61122,-71.41031,0.0
2016-02-12,41.61122,-71.41031,0.003877999913319014
2016-02-13,41.61122,-71.41031,0.22984574308043537
2016-02-14,41.61122,-71.41031,0.0
2016-02-15,41.61122,-71.41031,0.00429300260142387
2016-02-16,41.61122,-71.41031,21.63723398560926
2016-02-17,41.61122,-71.41031,1.169621737033337
2016-02-18,41.61122,-71.41031,0.014742337962200605
2016-02-19,41.61122,-71.41031,0.005816999869978523
2016-02-20,41.61122,-71.41031,1.517019080942063
2016-02-21,41.61122,-71.41031,0.0011694583051701886
2016-02-22,41.61122,-71.41031,1.5124276676704496
2016-02-23,41.61122,-71.41031,1.1398284275225048
2016-02-24,41.61122,-71.41031,8.985745534221781
2016-02-25,41.61122,-71.41031,31.844364089351117
2016-02-26,41.61122,-71.41031,0.016160375684643832
2016-02-27,41.61122,-71.41031,0.00918299979474535
2016-02-28,41.61122,-71.41031,0.06778304479271477
2016-02-29,41.61122,-71.41031,1.1197237710629355
2016-03-01,41.61122,-71.41031,0.059077245955686045
2016-03-02,41.61122,-71.41031,7.867970490611046
2016-03-03,41.61122,-71.41031,0.0038477081141082875
2016-03-04,41.61122,-71.41031,0.05878027748963097
2016-03-05,41.61122,-71.41031,0.043034026992465335
2016-03-06,41.61122,-71.41031,0.0
2016-03-07,41.61122,-71.41031,0.035554490723481616
2016-03-08,41.61122,-71.41031,0.314359302181996
2016-03-09,41.61122,-71.41031,0.3449660682292344
2016-03-10,41.61122,-71.41031,4.552211076634642
2016-03-11,41.61122,-71.41031,10.306088862822666
2016-03-12,41.61122,-71.41031,0.0
2016-03-13,41.61122,-71.41031,0.0019843776469559136
2016-03-14,41.61122,-71.41031,21.02907401333284
2016-03-15,41.61122,-71.41031,10.544307510505424
2016-03-16,41.61122,-71.41031,0.44679718723812745
2016-03-17,41.61122,-71.41031,8.306045784542682
2016-03-18,41.61122,-71.41031,0.09840072852998977
2016-03-19,41.61122,-71.41031,0.0
2016-03-20,41.61122,-71.41031,0.014552624680795092
2016-03-21,41.61122,-71.41031,1.5328154780945973
2016-03-22,41.61122,-71.41031,0.008737343895185394
2016-03-23,41.61122,-71.41031,2.0565123506002014
2016-03-24,41.61122,-71.41031,0.7642567158088545
2016-03-25,41.61122,-71.41031,1.0586276512177664
2016-03-26,41.61122,-71.41031,0.0
2016-03-27,41.61122,-71.41031,0.0
2016-03-28,41.61122,-71.41031,15.91449823424649
2016-03-29,41.61122,-71.41031,0.0
2016-03-30,41.61122,-71.41031,0.0072890159727995694
2016-03-31,41.61122,-71.41031,0.0
2016-04-01,41.61122,-71.41031,1.8154959395541612
2016-04-02,41.61122,-71.41031,14.983980101110099
2016-04-03,41.61122,-71.41031,5.250663280369069
2016-04-04,41.61122,-71.41031,4.82027492849409
2016-04-05,41.61122,-71.41031,0.04344534765413203
2016-04-06,41.61122,-71.41031,0.004277916566999885
2016-04-07,41.61122,-71.41031,31.484421633295703
2016-04-08,41.61122,-71.41031,0.039979748870761916
2016-04-09,41.61122,-71.41031,0.03629174162131954
2016-04-10,41.61122,-71.41031,0.04395979027143086
2016-04-11,41.61122,-71.41031,0.14440649076156625
2016-04-12,41.61122,-71.41031,11.227775315681416
2016-04-13,41.61122,-71.41031,0.0
2016-04-14,41.61122,-71.41031,0.0
2016-04-15,41.61122,-71.41031,0.0
2016-04-16,41.61122,-71.41031,0.0
2016-04-17,41.61122,-71.41031,0.0
2016-04-18,41.61122,-71.41031,0.0
2016-04-19,41.61122,-71.41031,0.4566303085890392
2016-04-20,41.61122,-71.41031,0.0
2016-04-21,41.61122,-71.41031,0.005447374872170073
2016-04-22,41.61122,-71.41031,0.98677831097874
2016-04-23,41.61122,-71.41031,10.532428131018444
2016-04-24,41.61122,-71.41031,0.0
2016-04-25,41.61122,-71.41031,0.5673220876329481
2016-04-26,41.61122,-71.41031,6.608207065682651
2016-04-27,41.61122,-71.41031,0.07119266381302781
2016-04-28,41.61122,-71.41031,0.8896352151197328
2016-04-29,41.61122,-71.41031,2.697950253901057
2016-04-30,41.61122,-71.41031,0.2680282355688788
2016-05-01,41.61122,-71.41031,2.705570511857051
2016-05-02,41.61122,-71.41031,1.1112582373314535
2016-05-03,41.61122,-71.41031,10.448686960469551
2016-05-04,41.61122,-71.41031,9.129094641720295
2016-05-05,41.61122,-71.41031,7.257148652985167
2016-05-06,41.61122,-71.41031,1.2962162792533931
2016-05-07,41.61122,-71.41031,1.153117144528009
2016-05-08,41.61122,-71.41031,1.0339863176850326
2016-05-09,41.61122,-71.41031,0.0
2016-05-10,41.61122,-71.41031,0.0
2016-05-11,41.61122,-71.41031,0.0
2016-05-12,41.61122,-71.41031,0.0
2016-05-13,41.61122,-71.41031,8.62131062264963
2016-05-14,41.61122,-71.41031,5.691230805752634
2016-05-15,41.61122,-71.41031,1.321811024012421
2016-05-16,41.61122,-71.41031,0.0
2016-05-17,41.61122,-71.41031,0.32154258972711525
2016-05-18,41.61122,-71.41031,0.395652042022629
2016-05-19,41.61122,-71.41031,1.2139226541273986
2016-05-20,41.61122,-71.41031,0.0
2016-05-21,41.61122,-71.41031,1.407001906744207
2016-05-22,41.61122,-71.41031,8.179500969796102
2016-05-23,41.61122,-71.41031,0.10160971257232394
2016-05-24,41.61122,-71.41031,2.9190139212109774
2016-05-25,41.61122,-71.41031,0.11756348644355157
2016-05-26,41.61122,-71.41031,0.0
2016-05-27,41.61122,-71.41031,0.15777272141001494
2016-05-28,41.61122,-71.41031,0.29214455303656844
2016-05-29,41.61122,-71.41031,0.04159134316084778
2016-05-30,41.61122,-71.41031,19.202839357953643
2016-05-31,41.61122,-71.41031,4.65128970211689
2016-06-01,41.61122,-71.41031,0.0
2016-06-02,41.61122,-71.41031,0.0
2016-06-03,41.61122,-71.41031,2.643049653809367
2016-06-04,41.61122,-71.41031,0.09137770003507967
2016-06-05,41.61122,-71.41031,2.8740298238777937
2016-06-06,41.61122,-71.41031,0.756966084522153
2016-06-07,41.61122,-71.41031,0.0
2016-06-08,41.61122,-71.41031,2.435486545514242
2016-06-09,41.61122,-71.41031,0.080653252016849
2016-06-10,41.61122,-71.41031,0.2509135872079964
2016-06-11,41.61122,-71.41031,2.103205012832409
2016-06-12,41.61122,-71.41031,0.006093788847242652
2016-06-13,41.61122,-71.41031,0.03999999910593033
2016-06-14,41.61122,-71.41031,0.0
2016-06-15,41.61122,-71.41031,0.0
2016-06-16,41.61122,-71.41031,0.2800498630618209
2016-06-17,41.61122,-71.41031,0.0
2016-06-18,41.61122,-71.41031,0.001846163936115189
2016-06-19,41.61122,-71.41031,0.0
2016-06-20,41.61122,-71.41031,0.0
2016-06-21,41.61122,-71.41031,9.310346916669593
2016-06-22,41.61122,-71.41031,0.0
2016-06-23,41.61122,-71.41031,0.07187557730223107
2016-06-24,41.61122,-71.41031,0.0
2016-06-25,41.61122,-71.41031,0.0
2016-06-26,41.61122,-71.41031,0.0
2016-06-27,41.61122,-71.41031,0.1638253297863405
2016-06-28,41.61122,-71.41031,4.461693316369378
2016-06-29,41.61122,-71.41031,0.42376061864258013
2016-06-30,41.61122,-71.41031,0.0
2016-07-01,41.61122,-71.41031,2.486637355706465
2016-07-02,41.61122,-71.41031,16.14790739010496
2016-07-03,41.61122,-71.41031,0.0
2016-07-04,41.61122,-71.41031,0.04333666573038121
2016-07-05,41.61122,-71.41031,16.85187960637521
2016-07-06,41.61122,-71.41031,0.0
2016-07-07,41.61122,-71.41031,0.6256529085838586
2016-07-08,41.61122,-71.41031,0.009355547163560438
2016-07-09,41.61122,-71.41031,0.25567560631118885
2016-07-10,41.61122,-71.41031,0.2177363676952192
2016-07-11,41.61122,-71.41031,0.42895542893996746
2016-07-12,41.61122,-71.41031,0.0
2016-07-13,41.61122,-71.41031,0.05056933447097575
2016-07-14,41.61122,-71.41031,0.8256394160172631
2016-07-15,41.61122,-71.41031,4.466963006645328
2016-07-16,41.61122,-71.41031,0.004617249908935912
2016-07-17,41.61122,-71.41031,2.0977637418614266
2016-07-18,41.61122,-71.41031,0.39951825268073704
2016-07-19,41.61122,-71.41031,0.6735263285720576
2016-07-20,41.61122,-71.41031,0.0
2016-07-21,41.61122,-71.41031,0.0
2016-07-22,41.61122,-71.41031,0.018817054484434523
2016-07-23,41.61122,-71.41031,11.057634199502907
2016-07-24,41.61122,-71.41031,0.49349933867738355
2016-07-25,41.61122,-71.41031,0.5134977983812937
2016-07-26,41.61122,-71.41031,4.302145597137476
2016-07-27,41.61122,-71.41031,0.0
2016-07-28,41.61122,-71.41031,0.0
2016-07-29,41.61122,-71.41031,17.14872972085191
2016-07-30,41.61122,-71.41031,0.028084686195538406
2016-07-31,41.61122,-71.41031,1.4439842552517241
2016-08-01,41.61122,-71.41031,2.9685637022068487
2016-08-02,41.61122,-71.41031,9.456413252931902
2016-08-03,41.61122,-71.41031,0.0
2016-08-04,41.61122,-71.41031,0.0
2016-08-05,41.61122,-71.41031,0.0
2016-08-06,41.61122,-71.41031,1.0183747114791086
2016-08-07,41.61122,-71.41031,0.037079293112417915
2016-08-08,41.61122,-71.41031,0.0
2016-08-09,41.61122,-71.41031,0.0
2016-08-10,41.61122,-71.41031,7.148308062500869
2016-08-11,41.61122,-71.41031,3.2406378851231104
2016-08-12,41.61122,-71.41031,13.270940819737376
2016-08-13,41.61122,-71.41031,7.982861383120771
2016-08-14,41.61122,-71.41031,2.3817626638425216
2016-08-15,41.61122,-71.41031,0.010933523732918513
2016-08-16,41.61122,-71.41031,1.3723432448043926
2016-08-17,41.61122,-71.41031,3.244413942169104
2016-08-18,41.61122,-71.41031,2.9148049118598847
2016-08-19,41.61122,-71.41031,0.0
2016-08-20,41.61122,-71.41031,0.0
2016-08-21,41.61122,-71.41031,0.0
2016-08-22,41.61122,-71.41031,9.57828213477452
2016-08-23,41.61122,-71.41031,0.0
2016-08-24,41.61122,-71.41031,0.0
2016-08-25,41.61122,-71.41031,0.0
2016-08-26,41.61122,-71.41031,0.09542669013889216
2016-08-27,41.61122,-71.41031,0.0
2016-08-28,41.61122,-71.41031,0.0
2016-08-29,41.61122,-71.41031,0.24492396293343457
2016-08-30,41.61122,-71.41031,0.0
2016-08-31,41.61122,-71.41031,1.5072764482334782
2016-09-01,41.61122,-71.41031,24.39529427529436
2016-09-02,41.61122,-71.41031,0.0
2016-09-03,41.61122,-71.41031,0.004813966291569973
2016-09-04,41.61122,-71.41031,0.0
2016-09-05,41.61122,-71.41031,5.2600900123378445
2016-09-06,41.61122,-71.41031,0.03156521232955327
2016-09-07,41.61122,-71.41031,0.0
2016-09-08,41.61122,-71.41031,0.0
2016-09-09,41.61122,-71.41031,0.36543715287467005
2016-09-10,41.61122,-71.41031,0.04492653009280734
2016-09-11,41.61122,-71.41031,0.021427000091228166
2016-09-12,41.61122,-71.41031,0.0
2016-09-13,41.61122,-71.41031,0.0
2016-09-14,41.61122,-71.41031,2.6162682594496474
2016-09-15,41.61122,-71.41031,0.2050378614530295
2016-09-16,41.61122,-71.41031,0.0
2016-09-17,41.61122,-71.41031,0.0
2016-09-18,41.61122,-71.41031,1.446963663935449
2016-09-19,41.61122,-71.41031,23.16901171685226
2016-09-20,41.61122,-71.41031,2.6971043649043676
2016-09-21,41.61122,-71.41031,0.09706820451817186
2016-09-22,41.61122,-71.41031,0.021867047465837026
2016-09-23,41.61122,-71.41031,0.0
2016-09-24,41.61122,-71.41031,0.06316108825986502
2016-09-25,41.61122,-71.41031,0.0
2016-09-26,41.61122,-71.41031,0.0
2016-09-27,41.61122,-71.41031,4.668611296494504
2016-09-28,41.61122,-71.41031,0.0
2016-09-29,41.61122,-71.41031,0.0
2016-09-30,41.61122,-71.41031,8.781084298807484
2016-10-01,41.61122,-71.41031,3.2634757753576817
2016-10-02,41.61122,-71.41031,0.4373603234791144
2016-10-03,41.61122,-71.41031,0.0
2016-10-04,41.61122,-71.41031,0.0
2016-10-05,41.61122,-71.41031,0.0
2016-10-06,41.61122,-71.41031,0.0
2016-10-07,41.61122,-71.41031,0.0
2016-10-08,41.61122,-71.41031,2.4459601849053842
2016-10-09,41.61122,-71.41031,84.05931336667544
2016-10-10,41.61122,-71.41031,0.4407714017821571
2016-10-11,41.61122,-71.41031,0.0
2016-10-12,41.61122,-71.41031,0.0
2016-10-13,41.61122,-71.41031,0.0
2016-10-14,41.61122,-71.41031,0.0
2016-10-15,41.61122,-71.41031,0.0
2016-10-16,41.61122,-71.41031,0.0
2016-10-17,41.61122,-71.41031,2.9427475752444847
2016-10-18,41.61122,-71.41031,0.017379771129874967
2016-10-19,41.61122,-71.41031,0.0
2016-10-20,41.61122,-71.41031,0.0
2016-10-21,41.61122,-71.41031,1.0399667720720598
2016-10-22,41.61122,-71.41031,0.7775870856954591
2016-10-23,41.61122,-71.41031,0.12381112525643925
2016-10-24,41.61122,-71.41031,2.8609389304406565
2016-10-25,41.61122,-71.41031,0.0
2016-10-26,41.61122,-71.41031,0.0
2016-10-27,41.61122,-71.41031,15.024128455852908
2016-10-28,41.61122,-71.41031,2.8801384634239358
2016-10-29,41.61122,-71.41031,0.41458553976143864
2016-10-30,41.61122,-71.41031,6.476831306259861
2016-10-31,41.61122,-71.41031,3.928181503285687
2016-11-01,41.61122,-71.41031,0.0
2016-11-02,41.61122,-71.41031,0.0842111280611244
2016-11-03,41.61122,-71.41031,1.0150303584465517
2016-11-04,41.61122,-71.41031,0.1643111253552244
2016-11-05,41.61122,-71.41031,0.0
2016-11-06,41.61122,-71.41031,3.533568258388827
2016-11-07,41.61122,-71.41031,0.0
2016-11-08,41.61122,-71.41031,0.0
2016-11-09,41.61122,-71.41031,1.2709990325795841
2016-11-10,41.61122,-71.41031,0.5729549815095006
2016-11-11,41.61122,-71.41031,0.0
2016-11-12,41.61122,-71.41031,0.0
2016-11-13,41.61122,-71.41031,0.0
2016-11-14,41.61122,-71.41031,0.0
2016-11-15,41.61122,-71.41031,24.266033657605306
2016-11-16,41.61122,-71.41031,0.0
2016-11-17,41.61122,-71.41031,0.0
2016-11-18,41.61122,-71.41031,0.0
2016-11-19,41.61122,-71.41031,0.008464958309720811
2016-11-20,41.61122,-71.41031,0.15470587589519177
2016-11-21,41.61122,-71.41031,0.011353411038372582
2016-11-22,41.61122,-71.41031,0.031200832581739044
2016-11-23,41.61122,-71.41031,0.0
2016-11-24,41.61122,-71.41031,0.5190448932791023
2016-11-25,41.61122,-71.41031,0.041879690774749456
2016-11-26,41.61122,-71.41031,0.0
2016-11-27,41.61122,-71.41031,0.03798416045160637
2016-11-28,41.61122,-71.41031,0.0
2016-11-29,41.61122,-71.41031,56.65236956752773
2016-11-30,41.61122,-71.41031,12.227431289954142
2016-12-01,41.61122,-71.41031,5.181023806905209
2016-12-02,41.61122,-71.41031,0.0
2016-12-03,41.61122,-71.41031,0.0
2016-12-04,41.61122,-71.41031,0.0
2016-12-05,41.61122,-71.41031,3.2573897152323306
2016-12-06,41.61122,-71.41031,0.0
2016-12-07,41.61122,-71.41031,3.1829121138879497
2016-12-08,41.61122,-71.41031,0.04333642421782589
2016-12-09,41.61122,-71.41031,0.0
2016-12-10,41.61122,-71.41031,0.0
2016-12-11,41.61122,-71.41031,0.0
2016-12-12,41.61122,-71.41031,14.418058015235147
2016-12-13,41.61122,-71.41031,0.0
2016-12-14,41.61122,-71.41031,0.04122487836457668
2016-12-15,41.61122,-71.41031,0.0
2016-12-16,41.61122,-71.41031,0.04008378959884157
2016-12-17,41.61122,-71.41031,20.54198672803408
2016-12-18,41.61122,-71.41031,16.005889840787873
2016-12-19,41.61122,-71.41031,0.42148144161847645
2016-12-20,41.61122,-71.41031,0.0
2016-12-21,41.61122,-71.41031,0.0007695416514893185
2016-12-22,41.61122,-71.41031,0.7856550462389322
2016-12-23,41.61122,-71.41031,0.0
2016-12-24,41.61122,-71.41031,17.418567897486728
2016-12-25,41.61122,-71.41031,0.0
2016-12-26,41.61122,-71.41031,0.34432152646389574
2016-12-27,41.61122,-71.41031,5.5575203690948785
2016-12-28,41.61122,-71.41031,0.0
2016-12-29,41.61122,-71.41031,9.253392531835624
2016-12-30,41.61122,-71.41031,0.01846163867340221
2016-12-31,41.61122,-71.41031,1.6853114892093264
2017-01-01,41.61122,-71.41031,7.526959624727189
2017-01-02,41.61122,-71.41031,1.5634420949232757
2017-01-03,41.61122,-71.41031,21.535984642495503
2017-01-04,41.61122,-71.41031,6.18216557311391
2017-01-05,41.61122,-71.41031,0.018356794354995733
2017-01-06,41.61122,-71.41031,0.055412198916346675
2017-01-07,41.61122,-71.41031,7.614129434621129
2017-01-08,41.61122,-71.41031,0.48302597091796956
2017-01-09,41.61122,-71.41031,0.0
2017-01-10,41.61122,-71.41031,0.2106559275114559
2017-01-11,41.61122,-71.41031,11.260434704890901
2017-01-12,41.61122,-71.41031,36.085737752352095
2017-01-13,41.61122,-71.41031,7.926334512446908
2017-01-14,41.61122,-71.41031,0.0
2017-01-15,41.61122,-71.41031,0.0
2017-01-16,41.61122,-71.41031,0.08534629420652964
2017-01-17,41.61122,-71.41031,3.3801870832564407
2017-01-18,41.61122,-71.41031,0.744706227051726
2017-01-19,41.61122,-71.41031,0.18439715004735402
2017-01-20,41.61122,-71.41031,0.3127482648478678
2017-01-21,41.61122,-71.41031,0.1174401585311253
2017-01-22,41.61122,-71.41031,0.40426367121480045
2017-01-23,41.61122,-71.41031,5.33492968542177
2017-01-24,41.61122,-71.41031,46.02572674659495
2017-01-25,41.61122,-71.41031,7.524830029797155
2017-01-26,41.61122,-71.41031,0.12555257909472692
2017-01-27,41.61122,-71.41031,0.030738407630242968
2017-01-28,41.61122,-71.41031,0.0
2017-01-29,41.61122,-71.41031,0.001539083302978637
2017-01-30,41.61122,-71.41031,0.0
2017-01-31,41.61122,-71.41031,0.21082724409807524
2017-02-01,41.61122,-71.41031,0.005538491808345565
2017-02-02,41.61122,-71.41031,0.0
2017-02-03,41.61122,-71.41031,0.0
2017-02-04,41.61122,-71.41031,0.0
2017-02-05,41.61122,-71.41031,0.0036445079863997847
2017-02-06,41.61122,-71.41031,0.0
2017-02-07,41.61122,-71.41031,6.950313398058015
2017-02-08,41.61122,-71.41031,2.8806950935457825
2017-02-09,41.61122,-71.41031,31.71920782956875
2017-02-10,41.61122,-71.41031,0.0
2017-02-11,41.61122,-71.41031,1.210020098732235
2017-02-12,41.61122,-71.41031,18.004000641537395
2017-02-13,41.61122,-71.41031,0.5487894368904375
2017-02-14,41.61122,-71.41031,0.0
2017-02-15,41.61122,-71.41031,0.6936053728332003
2017-02-16,41.61122,-71.41031,0.06450392885871467
2017-02-17,41.61122,-71.41031,0.0
2017-02-18,41.61122,-71.41031,0.17112531627600014
2017-02-19,41.61122,-71.41031,0.43555480726513357
2017-02-20,41.61122,-71.41031,0.0
2017-02-21,41.61122,-71.41031,0.01905054625392093
2017-02-22,41.61122,-71.41031,2.900219200361832
2017-02-23,41.61122,-71.41031,0.38191674881880766
2017-02-24,41.61122,-71.41031,1.730562045459946
2017-02-25,41.61122,-71.41031,1.5872837679434417
2017-02-26,41.61122,-71.41031,4.732192802040871
2017-02-27,41.61122,-71.41031,0.0
2017-02-28,41.61122,-71.41031,0.46497569161687946
2017-03-01,41.61122,-71.41031,14.158636936287477
2017-03-02,41.61122,-71.41031,0.2665166128883903
2017-03-03,41.61122,-71.41031,0.028376041227976725
2017-03-04,41.61122,-71.41031,0.0
2017-03-05,41.61122,-71.41031,0.012243999726327136
2017-03-06,41.61122,-71.41031,0.008186208354019911
2017-03-07,41.61122,-71.41031,7.549878440653422
2017-03-08,41.61122,-71.41031,12.339836558926994
2017-03-09,41.61122,-71.41031,0.0
2017-03-10,41.61122,-71.41031,3.8274281864571895
2017-03-11,41.61122,-71.41031,0.0
2017-03-12,41.61122,-71.41031,0.0
2017-03-13,41.61122,-71.41031,0.0
2017-03-14,41.61122,-71.41031,32.449782925944646
2017-03-15,41.61122,-71.41031,0.0
2017-03-16,41.61122,-71.41031,0.0
2017-03-17,41.61122,-71.41031,0.0
2017-03-18,41.61122,-71.41031,0.05418580082065965
2017-03-19,41.61122,-71.41031,0.01974073868806521
2017-03-20,41.61122,-71.41031,0.017417027690721017
2017-03-21,41.61122,-71.41031,0.0
2017-03-22,41.61122,-71.41031,0.30838643291849294
2017-03-23,41.61122,-71.41031,0.0
2017-03-24,41.61122,-71.41031,4.129217240431312
2017-03-25,41.61122,-71.41031,3.749683959945738
2017-03-26,41.61122,-71.41031,0.7242668683938644
2017-03-27,41.61122,-71.41031,5.5261963025960785
2017-03-28,41.61122,-71.41031,5.380754449624989
2017-03-29,41.61122,-71.41031,12.107763641360513
2017-03-30,41.61122,-71.41031,0.0
2017-03-31,41.61122,-71.41031,9.123318331086985
2017-04-01,41.61122,-71.41031,38.59893836802608
2017-04-02,41.61122,-71.41031,0.009234499817871824
2017-04-03,41.61122,-71.41031,0.1972810710226566
2017-04-04,41.61122,-71.41031,30.285307658698432
2017-04-05,41.61122,-71.41031,1.064012775193817
2017-04-06,41.61122,-71.41031,27.309099223866784
2017-04-07,41.61122,-71.41031,0.017371168923467958
2017-04-08,41.61122,-71.41031,0.60326666532287
2017-04-09,41.61122,-71.41031,0.0
2017-04-10,41.61122,-71.41031,0.9484144413789998
2017-04-11,41.61122,-71.41031,0.33623919949356607
2017-04-12,41.61122,-71.41031,1.0055759788739134
2017-04-13,41.61122,-71.41031,4.701197050852432
2017-04-14,41.61122,-71.41031,0.0
2017-04-15,41.61122,-71.41031,0.026917670991025777
2017-04-16,41.61122,-71.41031,2.893763884147676
2017-04-17,41.61122,-71.41031,2.9095202234241078
2017-04-18,41.61122,-71.41031,0.0
2017-04-19,41.61122,-71.41031,1.3986563343285376
2017-04-20,41.61122,-71.41031,2.2075027906457514
2017-04-21,41.61122,-71.41031,7.989471347911499
2017-04-22,41.61122,-71.41031,4.9655689022513485
2017-04-23,41.61122,-71.41031,1.3379000694017973
2017-04-24,41.61122,-71.41031,0.6468447462751494
2017-04-25,41.61122,-71.41031,11.08391024649776
2017-04-26,41.61122,-71.41031,16.994414514138903
2017-04-27,41.61122,-71.41031,0.594227193847988
2017-04-28,41.61122,-71.41031,3.840898780525848
2017-04-29,41.61122,-71.41031,1.8007603997154622
2017-04-30,41.61122,-71.41031,0.12998847748378647
2017-05-01,41.61122,-71.41031,0.29638685156923866
2017-05-02,41.61122,-71.41031,11.54259974634399
2017-05-03,41.61122,-71.41031,0.0
2017-05-04,41.61122,-71.41031,0.025546332056175833
2017-05-05,41.61122,-71.41031,21.687001199688822
2017-05-06,41.61122,-71.41031,21.079734130430815
2017-05-07,41.61122,-71.41031,0.4648088597706891
2017-05-08,41.61122,-71.41031,0.09305914927165138
2017-05-09,41.61122,-71.41031,1.3510293716186097
2017-05-10,41.61122,-71.41031,0.45137562556222927
2017-05-11,41.61122,-71.41031,0.0011694583051701886
2017-05-12,41.61122,-71.41031,0.0
2017-05-13,41.61122,-71.41031,5.160610311382226
2017-05-14,41.61122,-71.41031,12.337746540075287
2017-05-15,41.61122,-71.41031,7.101800828725164
2017-05-16,41.61122,-71.41031,0.001846163936115189
2017-05-17,41.61122,-71.41031,0.1790590321833572
2017-05-18,41.61122,-71.41031,0.0
2017-05-19,41.61122,-71.41031,0.9949668300797014
2017-05-20,41.61122,-71.41031,0.05218534116607628
2017-05-21,41.61122,-71.41031,0.0
2017-05-22,41.61122,-71.41031,17.043804997781773
2017-05-23,41.61122,-71.41031,4.397922229130353
2017-05-24,41.61122,-71.41031,10.360689097297255
2017-05-25,41.61122,-71.41031,8.31794896954702
2017-05-26,41.61122,-71.41031,28.504489957599574
2017-05-27,41.61122,-71.41031,0.698816613225157
2017-05-28,41.61122,-71.41031,0.21419992042518116
2017-05-29,41.61122,-71.41031,15.68392956639547
2017-05-30,41.61122,-71.41031,0.056600269657664036
2017-05-31,41.61122,-71.41031,3.865706135702972
2017-06-01,41.61122,-71.41031,0.0189086525716694
2017-06-02,41.61122,-71.41031,0.5733709972337746
2017-06-03,41.61122,-71.41031,0.0
2017-06-04,41.61122,-71.41031,2.053216887273693
2017-06-05,41.61122,-71.41031,8.767463395452747
2017-06-06,41.61122,-71.41031,18.10978098921901
2017-06-07,41.61122,-71.41031,0.10563312120428862
2017-06-08,41.61122,-71.41031,0.649212986942528
2017-06-09,41.61122,-71.41031,5.538135033324672
2017-06-10,41.61122,-71.41031,0.0
2017-06-11,41.61122,-71.41031,0.45806857577293864
2017-06-12,41.61122,-71.41031,0.0
2017-06-13,41.61122,-71.41031,4.288228595732102
2017-06-14,41.61122,-71.41031,0.03664827840774046
2017-06-15,41.61122,-71.41031,0.040931040898785194
2017-06-16,41.61122,-71.41031,6.4682459525806015
2017-06-17,41.61122,-71.41031,1.5528268901569495
2017-06-18,41.61122,-71.41031,0.6070838765556981
2017-06-19,41.61122,-71.41031,0.4148902809131539
2017-06-20,41.61122,-71.41031,5.642380796556992
2017-06-21,41.61122,-71.41031,1.6154855677973923
2017-06-22,41.61122,-71.41031,0.048830538932426164
2017-06-23,41.61122,-71.41031,0.1102553328776241
2017-06-24,41.61122,-71.41031,29.60238017849738
2017-06-25,41.61122,-71.41031,0.0
2017-06-26,41.61122,-71.41031,0.0
2017-06-27,41.61122,-71.41031,0.3303128804914763
2017-06-28,41.61122,-71.41031,0.003692327872230378
2017-06-29,41.61122,-71.41031,0.7188881157125231
2017-06-30,41.61122,-71.41031,2.0880410000581193
2017-07-01,41.61122,-71.41031,2.553411086110645
2017-07-02,41.61122,-71.41031,0.021962687690059893
2017-07-03,41.61122,-71.41031,0.09084940481232115
2017-07-04,41.61122,-71.41031,0.0
2017-07-05,41.61122,-71.41031,0.0
2017-07-06,41.61122,-71.41031,0.18963197154292896
2017-07-07,41.61122,-71.41031,16.89003952318858
2017-07-08,41.61122,-71.41031,0.02161647048120513
2017-07-09,41.61122,-71.41031,0.0
2017-07-10,41.61122,-71.41031,0.0
2017-07-11,41.61122,-71.41031,4.2407348664857105
2017-07-12,41.61122,-71.41031,2.616488966608857
2017-07-13,41.61122,-71.41031,18.38692383206146
2017-07-14,41.61122,-71.41031,5.356662597013841
2017-07-15,41.61122,-71.41031,1.2569533628015364
2017-07-16,41.61122,-71.41031,0.0
2017-07-17,41.61122,-71.41031,0.2310771004961243
2017-07-18,41.61122,-71.41031,0.0
2017-07-19,41.61122,-71.41031,0.0
2017-07-20,41.61122,-71.41031,0.2696988253326153
2017-07-21,41.61122,-71.41031,0.10426808154107438
2017-07-22,41.61122,-71.41031,1.6808627050585254
2017-07-23,41.61122,-71.41031,2.26887500308096
2017-07-24,41.61122,-71.41031,12.13091456432977
2017-07-25,41.61122,-71.41031,0.46432246424260554
2017-07-26,41.61122,-71.41031,0.0
2017-07-27,41.61122,-71.41031,7.1162809229480395
2017-07-28,41.61122,-71.41031,0.0917746535800356
2017-07-29,41.61122,-71.41031,9.749095868101843
2017-07-30,41.61122,-71.41031,0.0
2017-07-31,41.61122,-71.41031,0.0
2017-08-01,41.61122,-71.41031,0.0
2017-08-02,41.61122,-71.41031,0.08686332864807235
2017-08-03,41.61122,-71.41031,0.3388176176034999
2017-08-04,41.61122,-71.41031,0.10318484688266441
2017-08-05,41.61122,-71.41031,3.513363076990071
2017-08-06,41.61122,-71.41031,0.0
2017-08-07,41.61122,-71.41031,6.91803777581023
2017-08-08,41.61122,-71.41031,3.826575320582721
2017-08-09,41.61122,-71.41031,0.0
2017-08-10,41.61122,-71.41031,0.0
2017-08-11,41.61122,-71.41031,0.003078166605957274
2017-08-12,41.61122,-71.41031,8.364787366607759
2017-08-13,41.61122,-71.41031,0.02827316357170981
2017-08-14,41.61122,-71.41031,0.5752063154622526
2017-08-15,41.61122,-71.41031,8.889993047493373
2017-08-16,41.61122,-71.41031,0.0
2017-08-17,41.61122,-71.41031,0.0
2017-08-18,41.61122,-71.41031,6.214613051685938
2017-08-19,41.61122,-71.41031,2.017131303219145
2017-08-20,41.61122,-71.41031,0.0
2017-08-21,41.61122,-71.41031,0.00485934398186638
2017-08-22,41.61122,-71.41031,0.07776324543815562
2017-08-23,41.61122,-71.41031,3.5651475651723503
2017-08-24,41.61122,-71.41031,0.0
2017-08-25,41.61122,-71.41031,0.0
2017-08-26,41.61122,-71.41031,0.0
2017-08-27,41.61122,-71.41031,0.0
2017-08-28,41.61122,-71.41031,0.0
2017-08-29,41.61122,-71.41031,4.81970331154271
2017-08-30,41.61122,-71.41031,23.780537036995185
2017-08-31,41.61122,-71.41031,0.0
2017-09-01,41.61122,-71.41031,0.0
2017-09-02,41.61122,-71.41031,0.006753327803812161
2017-09-03,41.61122,-71.41031,30.261777687989046
2017-09-04,41.61122,-71.41031,0.0
2017-09-05,41.61122,-71.41031,0.0
2017-09-06,41.61122,-71.41031,21.18012285478955
2017-09-07,41.61122,-71.41031,8.54258663610441
2017-09-08,41.61122,-71.41031,0.0
2017-09-09,41.61122,-71.41031,0.0
2017-09-10,41.61122,-71.41031,0.0
2017-09-11,41.61122,-71.41031,0.0
2017-09-12,41.61122,-71.41031,0.0
2017-09-13,41.61122,-71.41031,0.0
2017-09-14,41.61122,-71.41031,0.002308624954467956
2017-09-15,41.61122,-71.41031,2.0577721972022416
2017-09-16,41.61122,-71.41031,0.0
2017-09-17,41.61122,-71.41031,0.0
2017-09-18,41.61122,-71.41031,0.0
2017-09-19,41.61122,-71.41031,9.505631224361098
2017-09-20,41.61122,-71.41031,4.305760051783487
2017-09-21,41.61122,-71.41031,2.2430374543987464
2017-09-22,41.61122,-71.41031,4.247644466384793
2017-09-23,41.61122,-71.41031,0.0
2017-09-24,41.61122,-71.41031,0.0
2017-09-25,41.61122,-71.41031,0.0
2017-09-26,41.61122,-71.41031,0.0
2017-09-27,41.61122,-71.41031,0.012520427148008585
2017-09-28,41.61122,-71.41031,0.06773675291587013
2017-09-29,41.61122,-71.41031,0.0
2017-09-30,41.61122,-71.41031,13.688498585030253
2017-10-01,41.61122,-71.41031,0.1209927982473256
2017-10-02,41.61122,-71.41031,0.0
2017-10-03,41.61122,-71.41031,0.0
2017-10-04,41.61122,-71.41031,0.0
2017-10-05,41.61122,-71.41031,0.18016627565460208
2017-10-06,41.61122,-71.41031,4.260728138790909
2017-10-07,41.61122,-71.41031,0.27421381896937796
2017-10-08,41.61122,-71.41031,8.852286114235445
2017-10-09,41.61122,-71.41031,8.114391092703526
2017-10-10,41.61122,-71.41031,0.015646413639796453
2017-10-11,41.61122,-71.41031,0.2675942926881433
2017-10-12,41.61122,-71.41031,2.1749872716957954
2017-10-13,41.61122,-71.41031,0.0
2017-10-14,41.61122,-71.41031,0.23839020314125103
2017-10-15,41.61122,-71.41031,0.0053242471957533335
2017-10-16,41.61122,-71.41031,0.6963119227244051
2017-10-17,41.61122,-71.41031,0.0
2017-10-18,41.61122,-71.41031,0.0
2017-10-19,41.61122,-71.41031,0.0
2017-10-20,41.61122,-71.41031,0.0
2017-10-21,41.61122,-71.41031,0.0
2017-10-22,41.61122,-71.41031,0.0
2017-10-23,41.61122,-71.41031,0.0
2017-10-24,41.61122,-71.41031,2.853923065690303
2017-10-25,41.61122,-71.41031,34.5511604680957
2017-10-26,41.61122,-71.41031,33.73078462036126
2017-10-27,41.61122,-71.41031,0.029816408346675736
2017-10-28,41.61122,-71.41031,0.0
2017-10-29,41.61122,-71.41031,8.599472712465468
2017-10-30,41.61122,-71.41031,50.147821791285985
2017-10-31,41.61122,-71.41031,0.0
2017-11-01,41.61122,-71.41031,0.1680620811983788
2017-11-02,41.61122,-71.41031,0.0790024877591845
2017-11-03,41.61122,-71.41031,0.0
2017-11-04,41.61122,-71.41031,0.014999999664723873
2017-11-05,41.61122,-71.41031,3.091373054898958
2017-11-06,41.61122,-71.41031,1.29186019084286
2017-11-07,41.61122,-71.41031,7.584248488459133
2017-11-08,41.61122,-71.41031,9.382279757646725
2017-11-09,41.61122,-71.41031,0.0
2017-11-10,41.61122,-71.41031,0.0
2017-11-11,41.61122,-71.41031,0.0
2017-11-12,41.61122,-71.41031,0.0
2017-11-13,41.61122,-71.41031,5.006877401653448
2017-11-14,41.61122,-71.41031,0.04781694443608959
2017-11-15,41.61122,-71.41031,0.0
2017-11-16,41.61122,-71.41031,6.934886630486156
2017-11-17,41.61122,-71.41031,0.0
2017-11-18,41.61122,-71.41031,0.8798119341755539
2017-11-19,41.61122,-71.41031,18.313154185150132
2017-11-20,41.61122,-71.41031,0.0
2017-11-21,41.61122,-71.41031,0.0
2017-11-22,41.61122,-71.41031,29.485384879327743
2017-11-23,41.61122,-71.41031,0.0
2017-11-24,41.61122,-71.41031,0.0
2017-11-25,41.61122,-71.41031,0.11618117960817675
2017-11-26,41.61122,-71.41031,1.447818936462127
2017-11-27,41.61122,-71.41031,0.0
2017-11-28,41.61122,-71.41031,0.0
2017-11-29,41.61122,-71.41031,0.0
2017-11-30,41.61122,-71.41031,0.0
2017-12-01,41.61122,-71.41031,2.7583174780270174
2017-12-02,41.61122,-71.41031,0.0
2017-12-03,41.61122,-71.41031,0.06402172853212221
2017-12-04,41.61122,-71.41031,0.0
2017-12-05,41.61122,-71.41031,0.7737790889035263
2017-12-06,41.61122,-71.41031,21.96557436189908
2017-12-07,41.61122,-71.41031,0.0
2017-12-08,41.61122,-71.41031,2.379365763040667
2017-12-09,41.61122,-71.41031,14.362958637637863
2017-12-10,41.61122,-71.41031,2.6658594059675083
2017-12-11,41.61122,-71.41031,0.1247636271915305
2017-12-12,41.61122,-71.41031,11.276817243945928
2017-12-13,41.61122,-71.41031,0.2350456464014727
2017-12-14,41.61122,-71.41031,0.060398195179745866
2017-12-15,41.61122,-71.41031,0.0
2017-12-16,41.61122,-71.41031,0.017699457554239417
2017-12-17,41.61122,-71.41031,0.00242967199093319
2017-12-18,41.61122,-71.41031,0.32374553086244473
2017-12-19,41.61122,-71.41031,0.0
2017-12-20,41.61122,-71.41031,0.049525646714391795
2017-12-21,41.61122,-71.41031,0.0
2017-12-22,41.61122,-71.41031,0.10544899968374452
2017-12-23,41.61122,-71.41031,19.185514889236508
2017-12-24,41.61122,-71.41031,6.9118611000728265
2017-12-25,41.61122,-71.41031,1.4101927197584345
2017-12-26,41.61122,-71.41031,0.36619167193494007
2017-12-27,41.61122,-71.41031,0.0
2017-12-28,41.61122,-71.41031,0.0
2017-12-29,41.61122,-71.41031,0.0
2017-12-30,41.61122,-71.41031,0.0
2017-12-31,41.61122,-71.41031,0.0
2018-01-01,41.61122,-71.41031,0.0
2018-01-02,41.61122,-71.41031,0.0
2018-01-03,41.61122,-71.41031,0.0
2018-01-04,41.61122,-71.41031,12.320948834335587
2018-01-05,41.61122,-71.41031,1.0295094102108133
2018-01-06,41.61122,-71.41031,0.0
2018-01-07,41.61122,-71.41031,0.0
2018-01-08,41.61122,-71.41031,0.40737602876587
2018-01-09,41.61122,-71.41031,1.8485605434685597
2018-01-10,41.61122,-71.41031,0.0
2018-01-11,41.61122,-71.41031,0.0323536404673754
2018-01-12,41.61122,-71.41031,15.116792292463419
2018-01-13,41.61122,-71.41031,73.8838544615501
2018-01-14,41.61122,-71.41031,0.0
2018-01-15,41.61122,-71.41031,0.005386791703763536
2018-01-16,41.61122,-71.41031,0.0
2018-01-17,41.61122,-71.41031,0.7597153207883747
2018-01-18,41.61122,-71.41031,0.0
2018-01-19,41.61122,-71.41031,0.0
2018-01-20,41.61122,-71.41031,0.0
2018-01-21,41.61122,-71.41031,0.0
2018-01-22,41.61122,-71.41031,0.001214835995466595
2018-01-23,41.61122,-71.41031,42.031433028368326
2018-01-24,41.61122,-71.41031,0.016726716718013963
2018-01-25,41.61122,-71.41031,0.0
2018-01-26,41.61122,-71.41031,0.0
2018-01-27,41.61122,-71.41031,0.0036445079863997847
2018-01-28,41.61122,-71.41031,8.50510169718976
2018-01-29,41.61122,-71.41031,1.3215219588347389
2018-01-30,41.61122,-71.41031,0.32393546107803545
2018-01-31,41.61122,-71.41031,0.0
2018-02-01,41.61122,-71.41031,0.03575885720063901
2018-02-02,41.61122,-71.41031,1.7885185462902518
2018-02-03,41.61122,-71.41031,0.0
2018-02-04,41.61122,-71.41031,3.067067225107477
2018-02-05,41.61122,-71.41031,25.260804067070325
2018-02-06,41.61122,-71.41031,0.0
2018-02-07,41.61122,-71.41031,16.420307098750893
2018-02-08,41.61122,-71.41031,2.0659734043799327
2018-02-09,41.61122,-71.41031,0.0
2018-02-10,41.61122,-71.41031,2.83656294706145
2018-02-11,41.61122,-71.41031,48.63300209153507
2018-02-12,41.61122,-71.41031,8.430228967362694
2018-02-13,41.61122,-71.41031,0.0
2018-02-14,41.61122,-71.41031,0.06195099873597618
2018-02-15,41.61122,-71.41031,1.4120064854879173
2018-02-16,41.61122,-71.41031,14.468499599664359
2018-02-17,41.61122,-71.41031,0.1699200092019571
2018-02-18,41.61122,-71.41031,11.198244524557651
2018-02-19,41.61122,-71.41031,1.6600336389832409
2018-02-20,41.61122,-71.41031,5.64982016152668
2018-02-21,41.61122,-71.41031,0.26308238392090355
2018-02-22,41.61122,-71.41031,3.2357061875810094
2018-02-23,41.61122,-71.41031,4.797787560986773
2018-02-24,41.61122,-71.41031,10.044119680565823
2018-02-25,41.61122,-71.41031,26.527559029798248
2018-02-26,41.61122,-71.41031,0.35762926596364164
2018-02-27,41.61122,-71.41031,0.0
2018-02-28,41.61122,-71.41031,1.050810436067621
2018-03-01,41.61122,-71.41031,0.15495629685520157
2018-03-02,41.61122,-71.41031,66.50365615568131
2018-03-03,41.61122,-71.41031,0.5266496160538562
2018-03-04,41.61122,-71.41031,0.0
2018-03-05,41.61122,-71.41031,0.28194681842583164
2018-03-06,41.61122,-71.41031,0.0
2018-03-07,41.61122,-71.41031,22.066210438623106
2018-03-08,41.61122,-71.41031,4.051166845894878
2018-03-09,41.61122,-71.41031,0.0
2018-03-10,41.61122,-71.41031,0.04560179293813219
2018-03-11,41.61122,-71.41031,0.0
2018-03-12,41.61122,-71.41031,0.0
2018-03-13,41.61122,-71.41031,34.028997974779486
2018-03-14,41.61122,-71.41031,0.0782514726346506
2018-03-15,41.61122,-71.41031,0.0
2018-03-16,41.61122,-71.41031,0.0
2018-03-17,41.61122,-71.41031,0.0
2018-03-18,41.61122,-71.41031,0.0
2018-03-19,41.61122,-71.41031,0.0
2018-03-20,41.61122,-71.41031,0.09301655574786105
2018-03-21,41.61122,-71.41031,2.344150889121352
2018-03-22,41.61122,-71.41031,1.0904384765317263
2018-03-23,41.61122,-71.41031,0.00242967199093319
2018-03-24,41.61122,-71.41031,0.04591499907350645
2018-03-25,41.61122,-71.41031,0.0
2018-03-26,41.61122,-71.41031,0.0
2018-03-27,41.61122,-71.41031,0.0
2018-03-28,41.61122,-71.41031,1.4117425803465318
2018-03-29,41.61122,-71.41031,1.0931879906228112
2018-03-30,41.61122,-71.41031,2.988057278839276
2018-03-31,41.61122,-71.41031,0.2974519904483387
2018-04-01,41.61122,-71.41031,4.293919403387168
2018-04-02,41.61122,-71.41031,3.3602910822531333
2018-04-03,41.61122,-71.41031,11.5522008000621
2018-04-04,41.61122,-71.41031,5.61256577719906
2018-04-05,41.61122,-71.41031,0.0
2018-04-06,41.61122,-71.41031,2.5748550603958695
2018-04-07,41.61122,-71.41031,4.154868134602206
2018-04-08,41.61122,-71.41031,0.003553752605806972
2018-04-09,41.61122,-71.41031,0.0
2018-04-10,41.61122,-71.41031,0.12440331568948026
2018-04-11,41.61122,-71.41031,0.0
2018-04-12,41.61122,-71.41031,0.5014353318722864
2018-04-13,41.61122,-71.41031,10.544292060096334
2018-04-14,41.61122,-71.41031,0.17439357909724068
2018-04-15,41.61122,-71.41031,1.89013145671768
2018-04-16,41.61122,-71.41031,33.02071470251228
2018-04-17,41.61122,-71.41031,0.06465658744809698
2018-04-18,41.61122,-71.41031,0.08171519343249896
2018-04-19,41.61122,-71.41031,3.063769729141226
2018-04-20,41.61122,-71.41031,0.012001905653396669
2018-04-21,41.61122,-71.41031,0.0
2018-04-22,41.61122,-71.41031,0.0
2018-04-23,41.61122,-71.41031,0.0
2018-04-24,41.61122,-71.41031,0.0
2018-04-25,41.61122,-71.41031,32.902733283503984
2018-04-26,41.61122,-71.41031,15.20736576712801
2018-04-27,41.61122,-71.41031,19.446286293527542
2018-04-28,41.61122,-71.41031,0.0
2018-04-29,41.61122,-71.41031,0.40553503195503465
2018-04-30,41.61122,-71.41031,0.001539083302978637
2018-05-01,41.61122,-71.41031,0.006677296902060653
2018-05-02,41.61122,-71.41031,0.0
2018-05-03,41.61122,-71.41031,0.007937510587823654
2018-05-04,41.61122,-71.41031,1.5931178565305422
2018-05-05,41.61122,-71.41031,0.028763834583266125
2018-05-06,41.61122,-71.41031,8.079092551666989
2018-05-07,41.61122,-71.41031,0.33310897581024845
2018-05-08,41.61122,-71.41031,0.0
2018-05-09,41.61122,-71.41031,0.0
2018-05-10,41.61122,-71.41031,0.0
2018-05-11,41.61122,-71.41031,0.14764290971347482
2018-05-12,41.61122,-71.41031,3.1662924237105785
2018-05-13,41.61122,-71.41031,1.507232602308628
2018-05-14,41.61122,-71.41031,0.06057494220225375
2018-05-15,41.61122,-71.41031,13.169275692084222
2018-05-16,41.61122,-71.41031,6.153717335208389
2018-05-17,41.61122,-71.41031,13.239314714916517
2018-05-18,41.61122,-71.41031,0.18930654091225543
2018-05-19,41.61122,-71.41031,5.423155429894261
2018-05-20,41.61122,-71.41031,3.6398751881329408
2018-05-21,41.61122,-71.41031,0.0
2018-05-22,41.61122,-71.41031,6.672550921805207
2018-05-23,41.61122,-71.41031,1.8601754836176247
2018-05-24,41.61122,-71.41031,0.0
2018-05-25,41.61122,-71.41031,0.006121999863163568
2018-05-26,41.61122,-71.41031,0.00976650762328251
2018-05-27,41.61122,-71.41031,1.8376650501437823
2018-05-28,41.61122,-71.41031,0.03323095016232372
2018-05-29,41.61122,-71.41031,0.053561833507384804
2018-05-30,41.61122,-71.41031,0.0
2018-05-31,41.61122,-71.41031,0.0740189678384898
2018-06-01,41.61122,-71.41031,10.097952603598497
2018-06-02,41.61122,-71.41031,0.67728054173907
2018-06-03,41.61122,-71.41031,0.0
2018-06-04,41.61122,-71.41031,8.718198806628832
2018-06-05,41.61122,-71.41031,0.3925507946306861
2018-06-06,41.61122,-71.41031,0.41539765419734986
2018-06-07,41.61122,-71.41031,0.0
2018-06-08,41.61122,-71.41031,0.0
2018-06-09,41.61122,-71.41031,0.004617249908935912
2018-06-10,41.61122,-71.41031,0.0
2018-06-11,41.61122,-71.41031,1.341962363515772
2018-06-12,41.61122,-71.41031,0.0
2018-06-13,41.61122,-71.41031,1.7225379267978445
2018-06-14,41.61122,-71.41031,0.06143287909150925
2018-06-15,41.61122,-71.41031,0.23870739075995195
2018-06-16,41.61122,-71.41031,0.0295624636940536
2018-06-17,41.61122,-71.41031,0.0
2018-06-18,41.61122,-71.41031,2.7678168546080455
2018-06-19,41.61122,-71.41031,14.979673869264206
2018-06-20,41.61122,-71.41031,0.0
2018-06-21,41.61122,-71.41031,1.8989632799069156
2018-06-22,41.61122,-71.41031,0.005507838596890464
2018-06-23,41.61122,-71.41031,5.306866590980909
2018-06-24,41.61122,-71.41031,0.23374767202661675
2018-06-25,41.61122,-71.41031,4.625714306113408
2018-06-26,41.61122,-71.41031,0.0
2018-06-27,41.61122,-71.41031,0.08497434642790903
2018-06-28,41.61122,-71.41031,17.903411590377996
2018-06-29,41.61122,-71.41031,0.11398799553356571
2018-06-30,41.61122,-71.41031,0.1453865442111666
2018-07-01,41.61122,-71.41031,0.1476289130370181
2018-07-02,41.61122,-71.41031,0.0
2018-07-03,41.61122,-71.41031,0.0
2018-07-04,41.61122,-71.41031,0.6241871278788443
2018-07-05,41.61122,-71.41031,0.0
2018-07-06,41.61122,-71.41031,12.895456527915904
2018-07-07,41.61122,-71.41031,0.0
2018-07-08,41.61122,-71.41031,0.0
2018-07-09,41.61122,-71.41031,0.0
2018-07-10,41.61122,-71.41031,0.0
2018-07-11,41.61122,-71.41031,0.6142194352113963
2018-07-12,41.61122,-71.41031,0.0
2018-07-13,41.61122,-71.41031,0.0
2018-07-14,41.61122,-71.41031,0.8874118464890512
2018-07-15,41.61122,-71.41031,2.9050028075469814
2018-07-16,41.61122,-71.41031,0.0
2018-07-17,41.61122,-71.41031,2.9408098820414756
2018-07-18,41.61122,-71.41031,7.355250346408669
2018-07-19,41.61122,-71.41031,0.0
2018-07-20,41.61122,-71.41031,0.0
2018-07-21,41.61122,-71.41031,0.0
2018-07-22,41.61122,-71.41031,29.51989808388311
2018-07-23,41.61122,-71.41031,0.4390512829511209
2018-07-24,41.61122,-71.41031,0.0
2018-07-25,41.61122,-71.41031,2.1412463206322974
2018-07-26,41.61122,-71.41031,3.3599428647987395
2018-07-27,41.61122,-71.41031,0.0
2018-07-28,41.61122,-71.41031,2.373875157214681
2018-07-29,41.61122,-71.41031,2.576993125471936
2018-07-30,41.61122,-71.41031,4.031475171402735
2018-07-31,41.61122,-71.41031,0.3186638873577879
2018-08-01,41.61122,-71.41031,1.1510101268315678
2018-08-02,41.61122,-71.41031,0.0
2018-08-03,41.61122,-71.41031,0.0
2018-08-04,41.61122,-71.41031,45.037974687623255
2018-08-05,41.61122,-71.41031,0.012312666423829097
2018-08-06,41.61122,-71.41031,0.0
2018-08-07,41.61122,-71.41031,0.0
2018-08-08,41.61122,-71.41031,4.937518999176629
2018-08-09,41.61122,-71.41031,4.238582294582125
2018-08-10,41.61122,-71.41031,0.09190306508200288
2018-08-11,41.61122,-71.41031,14.297087442471357
2018-08-12,41.61122,-71.41031,6.09761918711604
2018-08-13,41.61122,-71.41031,5.287516468008095
2018-08-14,41.61122,-71.41031,0.021867047465837026
2018-08-15,41.61122,-71.41031,0.45429990403078363
2018-08-16,41.61122,-71.41031,0.057479850194732174
2018-08-17,41.61122,-71.41031,0.06573315974612226
2018-08-18,41.61122,-71.41031,37.70755585078289
2018-08-19,41.61122,-71.41031,1.5039093784111561
2018-08-20,41.61122,-71.41031,0.173090476371117
2018-08-21,41.61122,-71.41031,0.0
2018-08-22,41.61122,-71.41031,3.9888174769836953
2018-08-23,41.61122,-71.41031,0.016372416708039822
2018-08-24,41.61122,-71.41031,0.0
2018-08-25,41.61122,-71.41031,0.0
2018-08-26,41.61122,-71.41031,0.0
2018-08-27,41.61122,-71.41031,0.0
2018-08-28,41.61122,-71.41031,0.3992785435150887
2018-08-29,41.61122,-71.41031,0.0
2018-08-30,41.61122,-71.41031,0.35076302491797184
2018-08-31,41.61122,-71.41031,0.18307472978917805
2018-09-01,41.61122,-71.41031,0.9432050593421404
2018-09-02,41.61122,-71.41031,0.0019843776469559136
2018-09-03,41.61122,-71.41031,0.20735917980312696
2018-09-04,41.61122,-71.41031,0.09750265147044995
2018-09-05,41.61122,-71.41031,0.08068934268129736
2018-09-06,41.61122,-71.41031,6.573332632414933
2018-09-07,41.61122,-71.41031,13.536540993855954
2018-09-08,41.61122,-71.41031,16.86234515799421
2018-09-09,41.61122,-71.41031,4.516317090806108
2018-09-10,41.61122,-71.41031,29.936785572083334
2018-09-11,41.61122,-71.41031,0.025110483278733397
2018-09-12,41.61122,-71.41031,20.122913257807227
2018-09-13,41.61122,-71.41031,17.945039236326075
2018-09-14,41.61122,-71.41031,0.0
2018-09-15,41.61122,-71.41031,0.0
2018-09-16,41.61122,-71.41031,0.0
2018-09-17,41.61122,-71.41031,0.5937782907497472
2018-09-18,41.61122,-71.41031,18.020496501953456
2018-09-19,41.61122,-71.41031,0.009539619180252732
2018-09-20,41.61122,-71.41031,0.003060999931581784
2018-09-21,41.61122,-71.41031,0.987230090127929
2018-09-22,41.61122,-71.41031,0.03189289811502634
2018-09-23,41.61122,-71.41031,0.2274243809480255
2018-09-24,41.61122,-71.41031,0.002338916610340377
2018-09-25,41.61122,-71.41031,29.789397736165473
2018-09-26,41.61122,-71.41031,16.809205550410084
2018-09-27,41.61122,-71.41031,3.809747968713481
2018-09-28,41.61122,-71.41031,10.984589898315553
2018-09-29,41.61122,-71.41031,0.0
2018-09-30,41.61122,-71.41031,0.0716178333902231
2018-10-01,41.61122,-71.41031,0.5050702157396898
2018-10-02,41.61122,-71.41031,2.2594018927845685
2018-10-03,41.61122,-71.41031,35.03866790481814
2018-10-04,41.61122,-71.41031,0.0030156222412853774
2018-10-05,41.61122,-71.41031,0.0
2018-10-06,41.61122,-71.41031,0.1392218299066972
2018-10-07,41.61122,-71.41031,0.026426999979469457
2018-10-08,41.61122,-71.41031,0.0007695416514893185
2018-10-09,41.61122,-71.41031,0.0
2018-10-10,41.61122,-71.41031,0.003060999931581784
2018-10-11,41.61122,-71.41031,6.313830922533835
2018-10-12,41.61122,-71.41031,65.0614259483666
2018-10-13,41.61122,-71.41031,5.023657161900437
2018-10-14,41.61122,-71.41031,1.0820782337919972
2018-10-15,41.61122,-71.41031,0.28950120329694035
2018-10-16,41.61122,-71.41031,2.0243575341970796
2018-10-17,41.61122,-71.41031,0.14556020106742779
2018-10-18,41.61122,-71.41031,0.0
2018-10-19,41.61122,-71.41031,0.0
2018-10-20,41.61122,-71.41031,3.904631932917516
2018-10-21,41.61122,-71.41031,3.373964481820762
2018-10-22,41.61122,-71.41031,0.018478082924362017
2018-10-23,41.61122,-71.41031,1.0334122850240823
2018-10-24,41.61122,-71.41031,0.013065041031323778
2018-10-25,41.61122,-71.41031,0.35449132194101873
2018-10-26,41.61122,-71.41031,0.06170550680570753
2018-10-27,41.61122,-71.41031,18.52302929625918
2018-10-28,41.61122,-71.41031,0.027333873022423967
2018-10-29,41.61122,-71.41031,1.462175247119183
2018-10-30,41.61122,-71.41031,0.0
2018-10-31,41.61122,-71.41031,0.02878012188157965
2018-11-01,41.61122,-71.41031,1.5288130849380663
2018-11-02,41.61122,-71.41031,18.197531356859123
2018-11-03,41.61122,-71.41031,22.968953586600573
2018-11-04,41.61122,-71.41031,0.0
2018-11-05,41.61122,-71.41031,2.318420000414165
2018-11-06,41.61122,-71.41031,18.00310031793595
2018-11-07,41.61122,-71.41031,7.287380866476543
2018-11-08,41.61122,-71.41031,0.0
2018-11-09,41.61122,-71.41031,2.8164888022770858
2018-11-10,41.61122,-71.41031,41.74125937498661
2018-11-11,41.61122,-71.41031,0.0
2018-11-12,41.61122,-71.41031,0.015262064507021535
2018-11-13,41.61122,-71.41031,29.694713947975636
2018-11-14,41.61122,-71.41031,0.017985691779975197
2018-11-15,41.61122,-71.41031,30.567773130504733
2018-11-16,41.61122,-71.41031,30.395712396880224
2018-11-17,41.61122,-71.41031,0.0
2018-11-18,41.61122,-71.41031,0.02885790965123204
2018-11-19,41.61122,-71.41031,0.12306807929566868
2018-11-20,41.61122,-71.41031,1.798856586476833
2018-11-21,41.61122,-71.41031,0.0
2018-11-22,41.61122,-71.41031,0.0
2018-11-23,41.61122,-71.41031,0.0
2018-11-24,41.61122,-71.41031,0.33116315929239054
2018-11-25,41.61122,-71.41031,42.27867412702221
2018-11-26,41.61122,-71.41031,12.477518814250978
2018-11-27,41.61122,-71.41031,2.0015068133003795
2018-11-28,41.61122,-71.41031,0.0
2018-11-29,41.61122,-71.41031,0.0
2018-11-30,41.61122,-71.41031,0.008460916473503945
2018-12-01,41.61122,-71.41031,0.012243999726327136
2018-12-02,41.61122,-71.41031,12.414636491962966
2018-12-03,41.61122,-71.41031,0.22688821715603236
2018-12-04,41.61122,-71.41031,0.0
2018-12-05,41.61122,-71.41031,0.0
2018-12-06,41.61122,-71.41031,0.0
2018-12-07,41.61122,-71.41031,0.0
2018-12-08,41.61122,-71.41031,0.0
2018-12-09,41.61122,-71.41031,0.0
2018-12-10,41.61122,-71.41031,0.0
2018-12-11,41.61122,-71.41031,0.0
2018-12-12,41.61122,-71.41031,0.0
2018-12-13,41.61122,-71.41031,0.357709491468032
2018-12-14,41.61122,-71.41031,0.0
2018-12-15,41.61122,-71.41031,3.512025892014905
2018-12-16,41.61122,-71.41031,23.757901911799255
2018-12-17,41.61122,-71.41031,9.781744624057783
2018-12-18,41.61122,-71.41031,0.016342124616510224
2018-12-19,41.61122,-71.41031,0.0
2018-12-20,41.61122,-71.41031,0.2950203942433607
2018-12-21,41.61122,-71.41031,55.38672320355886
2018-12-22,41.61122,-71.41031,8.488472663789631
2018-12-23,41.61122,-71.41031,0.0
2018-12-24,41.61122,-71.41031,0.0789493820782827
2018-12-25,41.61122,-71.41031,0.04842293565533036
2018-12-26,41.61122,-71.41031,0.001214835995466595
2018-12-27,41.61122,-71.41031,0.0
2018-12-28,41.61122,-71.41031,28.036048016689147
2018-12-29,41.61122,-71.41031,3.1157812015945456
2018-12-30,41.61122,-71.41031,0.0
2018-12-31,41.61122,-71.41031,5.573359783560474
2019-01-01,41.61122,-71.41031,25.847119804867486
2019-01-02,41.61122,-71.41031,0.011294666180192429
2019-01-03,41.61122,-71.41031,4.555233620159798
2019-01-04,41.61122,-71.41031,0.0
2019-01-05,41.61122,-71.41031,29.198165552388517
2019-01-06,41.61122,-71.41031,1.3236474705410914
2019-01-07,41.61122,-71.41031,0.04560887324815159
2019-01-08,41.61122,-71.41031,1.872478752169991
2019-01-09,41.61122,-71.41031,2.718861483783833
2019-01-10,41.61122,-71.41031,0.9132834955242076
2019-01-11,41.61122,-71.41031,0.0
2019-01-12,41.61122,-71.41031,0.0
2019-01-13,41.61122,-71.41031,0.0
2019-01-14,41.61122,-71.41031,0.0036445079863997847
2019-01-15,41.61122,-71.41031,0.17896657513965863
2019-01-16,41.61122,-71.41031,0.0
2019-01-17,41.61122,-71.41031,0.0
2019-01-18,41.61122,-71.41031,0.9413421044663912
2019-01-19,41.61122,-71.41031,0.04878452382297621
2019-01-20,41.61122,-71.41031,85.3159545664102
2019-01-21,41.61122,-71.41031,0.0
2019-01-22,41.61122,-71.41031,0.0
2019-01-23,41.61122,-71.41031,0.20887619729165693
2019-01-24,41.61122,-71.41031,45.727545013796885
2019-01-25,41.61122,-71.41031,0.0
2019-01-26,41.61122,-71.41031,0.0938673123648946
2019-01-27,41.61122,-71.41031,0.03812490065901521
2019-01-28,41.61122,-71.41031,3.7785446731351118
2019-01-29,41.61122,-71.41031,0.0662984623105064
2019-01-30,41.61122,-71.41031,2.7169897209506995
2019-01-31,41.61122,-71.41031,0.0
2019-02-01,41.61122,-71.41031,0.008707052095974667
2019-02-02,41.61122,-71.41031,0.002338916610340377
2019-02-03,41.61122,-71.41031,0.7991946517065046
2019-02-04,41.61122,-71.41031,0.0
2019-02-05,41.61122,-71.41031,0.1987195966305177
2019-02-06,41.61122,-71.41031,0.007755999826638028
2019-02-07,41.61122,-71.41031,16.2937766633122
2019-02-08,41.61122,-71.41031,17.949931617284623
2019-02-09,41.61122,-71.41031,0.02215396585788291
2019-02-10,41.61122,-71.41031,0.0
2019-02-11,41.61122,-71.41031,0.44146185689197254
2019-02-12,41.61122,-71.41031,17.127348760692897
2019-02-13,41.61122,-71.41031,16.204380063487488
2019-02-14,41.61122,-71.41031,0.08625335499928571
2019-02-15,41.61122,-71.41031,3.994168520893992
2019-02-16,41.61122,-71.41031,4.312216818201036
2019-02-17,41.61122,-71.41031,0.0
2019-02-18,41.61122,-71.41031,11.909951197240368
2019-02-19,41.61122,-71.41031,0.03391429063210689
2019-02-20,41.61122,-71.41031,0.4906876253407737
2019-02-21,41.61122,-71.41031,12.536953755248812
2019-02-22,41.61122,-71.41031,0.028436623668407213
2019-02-23,41.61122,-71.41031,0.26883621118120704
2019-02-24,41.61122,-71.41031,21.276309054344722
2019-02-25,41.61122,-71.41031,0.0
2019-02-26,41.61122,-71.41031,0.0
2019-02-27,41.61122,-71.41031,1.6657653710137859
2019-02-28,41.61122,-71.41031,0.3152751807889287
2019-03-01,41.61122,-71.41031,0.21162889341755506
2019-03-02,41.61122,-71.41031,8.468247577335985
2019-03-03,41.61122,-71.41031,0.47008081466008106
2019-03-04,41.61122,-71.41031,49.284475960137186
2019-03-05,41.61122,-71.41031,0.0
2019-03-06,41.61122,-71.41031,0.0
2019-03-07,41.61122,-71.41031,0.0
2019-03-08,41.61122,-71.41031,0.0
2019-03-09,41.61122,-71.41031,0.0
2019-03-10,41.61122,-71.41031,7.096274624837528
2019-03-11,41.61122,-71.41031,0.1870494794123438
2019-03-12,41.61122,-71.41031,0.001846163936115189
2019-03-13,41.61122,-71.41031,0.02194920092669944
2019-03-14,41.61122,-71.41031,0.3411478819449615
2019-03-15,41.61122,-71.41031,4.337835891418671
2019-03-16,41.61122,-71.41031,0.5234340153645565
2019-03-17,41.61122,-71.41031,0.0
2019-03-18,41.61122,-71.41031,0.0
2019-03-19,41.61122,-71.41031,0.0
2019-03-20,41.61122,-71.41031,0.0
2019-03-21,41.61122,-71.41031,0.19894077377622643
2019-03-22,41.61122,-71.41031,21.15668980263121
2019-03-23,41.61122,-71.41031,0.1791381041001807
2019-03-24,41.61122,-71.41031,0.0376428306189622
2019-03-25,41.61122,-71.41031,0.7654099265319317
2019-03-26,41.61122,-71.41031,0.0007695416514893185
2019-03-27,41.61122,-71.41031,0.0
2019-03-28,41.61122,-71.41031,0.0
2019-03-29,41.61122,-71.41031,1.08489360367986
2019-03-30,41.61122,-71.41031,0.1305116783813256
2019-03-31,41.61122,-71.41031,5.237227417149691
2019-04-01,41.61122,-71.41031,0.005507838596890464
2019-04-02,41.61122,-71.41031,0.0
2019-04-03,41.61122,-71.41031,37.17047648978892
2019-04-04,41.61122,-71.41031,0.0
2019-04-05,41.61122,-71.41031,1.595649539515442
2019-04-06,41.61122,-71.41031,3.369726381286869
2019-04-07,41.61122,-71.41031,0.07333145756991023
2019-04-08,41.61122,-71.41031,12.710723858935939
2019-04-09,41.61122,-71.41031,2.2599251937229994
2019-04-10,41.61122,-71.41031,0.033859833238883245
2019-04-11,41.61122,-71.41031,0.0
2019-04-12,41.61122,-71.41031,0.8089104244385301
2019-04-13,41.61122,-71.41031,18.34700917046321
2019-04-14,41.61122,-71.41031,0.14161578301630123
2019-04-15,41.61122,-71.41031,20.67628845225483
2019-04-16,41.61122,-71.41031,0.0
2019-04-17,41.61122,-71.41031,0.007152882901910351
2019-04-18,41.61122,-71.41031,0.5030061253365167
2019-04-19,41.61122,-71.41031,0.17252455623365573
2019-04-20,41.61122,-71.41031,29.612336603800713
2019-04-21,41.61122,-71.41031,8.164165207372855
2019-04-22,41.61122,-71.41031,3.1552414853538653
2019-04-23,41.61122,-71.41031,0.9318898703246669
2019-04-24,41.61122,-71.41031,5.717987353424391
2019-04-25,41.61122,-71.41031,0.03286555866408499
2019-04-26,41.61122,-71.41031,14.35750579682071
2019-04-27,41.61122,-71.41031,8.781430983110168
2019-04-28,41.61122,-71.41031,2.459734621046749
2019-04-29,41.61122,-71.41031,0.005047458218489204
2019-04-30,41.61122,-71.41031,3.5709865672640886
2019-05-01,41.61122,-71.41031,0.22316755901453114
2019-05-02,41.61122,-71.41031,0.6322012980412333
2019-05-03,41.61122,-71.41031,1.004761504408179
2019-05-04,41.61122,-71.41031,7.679315794949894
2019-05-05,41.61122,-71.41031,21.206846876651042
2019-05-06,41.61122,-71.41031,14.903668244038954
2019-05-07,41.61122,-71.41031,0.0
2019-05-08,41.61122,-71.41031,0.4031725906593371
2019-05-09,41.61122,-71.41031,0.04211386784491713
2019-05-10,41.61122,-71.41031,1.0563891644559578
2019-05-11,41.61122,-71.41031,1.2440904282926415
2019-05-12,41.61122,-71.41031,29.564882194480507
2019-05-13,41.61122,-71.41031,4.528614740305091
2019-05-14,41.61122,-71.41031,3.555731537255977
2019-05-15,41.61122,-71.41031,0.0991071598986864
2019-05-16,41.61122,-71.41031,0.08423741151624788
2019-05-17,41.61122,-71.41031,1.9521232266441764
2019-05-18,41.61122,-71.41031,0.18451693315347228
2019-05-19,41.61122,-71.41031,0.03481260774835673
2019-05-20,41.61122,-71.41031,2.5388252014006167
2019-05-21,41.61122,-71.41031,0.10125697526398626
2019-05-22,41.61122,-71.41031,0.0
2019-05-23,41.61122,-71.41031,0.3516949150250587
2019-05-24,41.61122,-71.41031,1.3391800867967263
2019-05-25,41.61122,-71.41031,0.0
2019-05-26,41.61122,-71.41031,1.0628222830588392
2019-05-27,41.61122,-71.41031,0.09302470117575265
2019-05-28,41.61122,-71.41031,0.1539453739119848
2019-05-29,41.61122,-71.41031,1.1790066466934612
2019-05-30,41.61122,-71.41031,5.4011172914158845
2019-05-31,41.61122,-71.41031,6.954095776056263
2019-06-01,41.61122,-71.41031,0.0
2019-06-02,41.61122,-71.41031,0.48553121103428015
2019-06-03,41.61122,-71.41031,1.7629669372806653
2019-06-04,41.61122,-71.41031,0.0
2019-06-05,41.61122,-71.41031,0.07967710845919929
2019-06-06,41.61122,-71.41031,4.6263994752096735
2019-06-07,41.61122,-71.41031,0.07046048728450081
2019-06-08,41.61122,-71.41031,0.01809325201842852
2019-06-09,41.61122,-71.41031,0.0
2019-06-10,41.61122,-71.41031,1.4967258329868662
2019-06-11,41.61122,-71.41031,21.331721056410128
2019-06-12,41.61122,-71.41031,0.0
2019-06-13,41.61122,-71.41031,16.983834652487424
2019-06-14,41.61122,-71.41031,0.0
2019-06-15,41.61122,-71.41031,0.001846163936115189
2019-06-16,41.61122,-71.41031,6.593601175756196
2019-06-17,41.61122,-71.41031,0.744052431963248
2019-06-18,41.61122,-71.41031,11.799103019966196
2019-06-19,41.61122,-71.41031,0.7798229857779617
2019-06-20,41.61122,-71.41031,1.9650912533352838
2019-06-21,41.61122,-71.41031,16.874663311924927
2019-06-22,41.61122,-71.41031,1.831839544746591
2019-06-23,41.61122,-71.41031,0.0
2019-06-24,41.61122,-71.41031,0.06951909176048682
2019-06-25,41.61122,-71.41031,21.877373027063122
2019-06-26,41.61122,-71.41031,0.0007695416514893185
2019-06-27,41.61122,-71.41031,0.0
2019-06-28,41.61122,-71.41031,0.0036445079863997847
2019-06-29,41.61122,-71.41031,4.008796742999163
2019-06-30,41.61122,-71.41031,5.079376901290511
2019-07-01,41.61122,-71.41031,0.0700195601931527
2019-07-02,41.61122,-71.41031,1.1130989914089233
2019-07-03,41.61122,-71.41031,0.0
2019-07-04,41.61122,-71.41031,0.01107698361669113
2019-07-05,41.61122,-71.41031,0.0
2019-07-06,41.61122,-71.41031,0.28142063272097434
2019-07-07,41.61122,-71.41031,2.4687081666063544
2019-07-08,41.61122,-71.41031,0.16365357884238352
2019-07-09,41.61122,-71.41031,0.0
2019-07-10,41.61122,-71.41031,0.0
2019-07-11,41.61122,-71.41031,0.18946331237077343
2019-07-12,41.61122,-71.41031,28.98227727340781
2019-07-13,41.61122,-71.41031,0.0
2019-07-14,41.61122,-71.41031,0.02429671900420853
2019-07-15,41.61122,-71.41031,0.0
2019-07-16,41.61122,-71.41031,0.015550773641854424
2019-07-17,41.61122,-71.41031,1.0185329925214701
2019-07-18,41.61122,-71.41031,4.493233927159241
2019-07-19,41.61122,-71.41031,0.014769311488921511
2019-07-20,41.61122,-71.41031,0.06719853996871168
2019-07-21,41.61122,-71.41031,0.3116481554960576
2019-07-22,41.61122,-71.41031,1.1794976298262907
2019-07-23,41.61122,-71.41031,51.63922398223874
2019-07-24,41.61122,-71.41031,16.084674802187752
2019-07-25,41.61122,-71.41031,0.0
2019-07-26,41.61122,-71.41031,0.0
2019-07-27,41.61122,-71.41031,1.08813633784498
2019-07-28,41.61122,-71.41031,0.0
2019-07-29,41.61122,-71.41031,0.012923147896681158
2019-07-30,41.61122,-71.41031,0.002308624954467956
2019-07-31,41.61122,-71.41031,0.0
2019-08-01,41.61122,-71.41031,0.8410427540596217
2019-08-02,41.61122,-71.41031,0.14055929642880685
2019-08-03,41.61122,-71.41031,0.0
2019-08-04,41.61122,-71.41031,0.22339191713703965
2019-08-05,41.61122,-71.41031,0.0
2019-08-06,41.61122,-71.41031,5.17843903993678
2019-08-07,41.61122,-71.41031,0.3086439788757931
2019-08-08,41.61122,-71.41031,2.2883192234392555
2019-08-09,41.61122,-71.41031,0.06855683811966647
2019-08-10,41.61122,-71.41031,1.1623046196786007
2019-08-11,41.61122,-71.41031,0.037904258821936265
2019-08-12,41.61122,-71.41031,0.0
2019-08-13,41.61122,-71.41031,15.338570795844214
2019-08-14,41.61122,-71.41031,2.1611586883105707
2019-08-15,41.61122,-71.41031,0.1796807507887564
2019-08-16,41.61122,-71.41031,0.0
2019-08-17,41.61122,-71.41031,2.7924915617816155
2019-08-18,41.61122,-71.41031,0.025176707998529762
2019-08-19,41.61122,-71.41031,14.445066084295046
2019-08-20,41.61122,-71.41031,0.12502912971871666
2019-08-21,41.61122,-71.41031,0.4213660674758773
2019-08-22,41.61122,-71.41031,5.669614982895525
2019-08-23,41.61122,-71.41031,11.43441269680882
2019-08-24,41.61122,-71.41031,0.6240289012488882
2019-08-25,41.61122,-71.41031,0.0
2019-08-26,41.61122,-71.41031,0.0
2019-08-27,41.61122,-71.41031,0.003508374915510567
2019-08-28,41.61122,-71.41031,19.27919369878075
2019-08-29,41.61122,-71.41031,12.018393785065332
2019-08-30,41.61122,-71.41031,0.0
2019-08-31,41.61122,-71.41031,0.021867047465837026
2019-09-01,41.61122,-71.41031,0.040615607282283826
2019-09-02,41.61122,-71.41031,1.318688359317616
2019-09-03,41.61122,-71.41031,0.0023842943006367836
2019-09-04,41.61122,-71.41031,0.9483279967394836
2019-09-05,41.61122,-71.41031,1.1413653016661183
2019-09-06,41.61122,-71.41031,9.016419813539267
2019-09-07,41.61122,-71.41031,13.24998234392458
2019-09-08,41.61122,-71.41031,0.0072007027877409435
2019-09-09,41.61122,-71.41031,0.15743010591506382
2019-09-10,41.61122,-71.41031,0.0
2019-09-11,41.61122,-71.41031,0.42398485654843276
2019-09-12,41.61122,-71.41031,5.356836584054813
2019-09-13,41.61122,-71.41031,0.0
2019-09-14,41.61122,-71.41031,0.006074179751052133
2019-09-15,41.61122,-71.41031,0.5843526603808439
2019-09-16,41.61122,-71.41031,0.006523997156795944
2019-09-17,41.61122,-71.41031,0.0
2019-09-18,41.61122,-71.41031,0.0
2019-09-19,41.61122,-71.41031,0.0
2019-09-20,41.61122,-71.41031,0.0
2019-09-21,41.61122,-71.41031,0.0
2019-09-22,41.61122,-71.41031,0.0
2019-09-23,41.61122,-71.41031,0.0
2019-09-24,41.61122,-71.41031,11.38095641824337
2019-09-25,41.61122,-71.41031,0.0
2019-09-26,41.61122,-71.41031,2.500993073875038
2019-09-27,41.61122,-71.41031,0.0
2019-09-28,41.61122,-71.41031,0.0
2019-09-29,41.61122,-71.41031,0.007968163799278756
2019-09-30,41.61122,-71.41031,0.0790171416201393
2019-10-01,41.61122,-71.41031,0.0
2019-10-02,41.61122,-71.41031,0.19330912834128333
2019-10-03,41.61122,-71.41031,1.0419987841841662
2019-10-04,41.61122,-71.41031,0.03196829496877621
2019-10-05,41.61122,-71.41031,0.0
2019-10-06,41.61122,-71.41031,0.0
2019-10-07,41.61122,-71.41031,0.05308504866760659
2019-10-08,41.61122,-71.41031,4.743856557862324
2019-10-09,41.61122,-71.41031,23.691769561866764
2019-10-10,41.61122,-71.41031,10.3858191216221
2019-10-11,41.61122,-71.41031,0.334881866252607
2019-10-12,41.61122,-71.41031,0.009721130159266947
2019-10-13,41.61122,-71.41031,0.0
2019-10-14,41.61122,-71.41031,0.8303228472307471
2019-10-15,41.61122,-71.41031,0.0
2019-10-16,41.61122,-71.41031,9.847412544168499
2019-10-17,41.61122,-71.41031,36.356017171711045
2019-10-18,41.61122,-71.41031,0.00763287215022129
2019-10-19,41.61122,-71.41031,0.0
2019-10-20,41.61122,-71.41031,4.724207828517172
2019-10-21,41.61122,-71.41031,6.882176151708662
2019-10-22,41.61122,-71.41031,0.06700506849539183
2019-10-23,41.61122,-71.41031,2.7556480086800623
2019-10-24,41.61122,-71.41031,0.0
2019-10-25,41.61122,-71.41031,0.09763345743504181
2019-10-26,41.61122,-71.41031,0.7633789211276656
2019-10-27,41.61122,-71.41031,32.09804609263077
2019-10-28,41.61122,-71.41031,0.0
2019-10-29,41.61122,-71.41031,0.0
2019-10-30,41.61122,-71.41031,0.0
2019-10-31,41.61122,-71.41031,10.321263075532773
2019-11-01,41.61122,-71.41031,0.9000219731318961
2019-11-02,41.61122,-71.41031,0.0
2019-11-03,41.61122,-71.41031,0.0
2019-11-04,41.61122,-71.41031,0.0
2019-11-05,41.61122,-71.41031,10.145667539474573
2019-11-06,41.61122,-71.41031,0.0
2019-11-07,41.61122,-71.41031,0.4387394435782659
2019-11-08,41.61122,-71.41031,4.168624640647119
2019-11-09,41.61122,-71.41031,0.0
2019-11-10,41.61122,-71.41031,0.08271610539709626
2019-11-11,41.61122,-71.41031,0.06587877823008921
2019-11-12,41.61122,-71.41031,10.446630503383325
2019-11-13,41.61122,-71.41031,1.362778240731201
2019-11-14,41.61122,-71.41031,0.008464958309720811
2019-11-15,41.61122,-71.41031,0.0
2019-11-16,41.61122,-71.41031,0.0
2019-11-17,41.61122,-71.41031,0.0
2019-11-18,41.61122,-71.41031,5.974504423256409
2019-11-19,41.61122,-71.41031,0.40473481356268415
2019-11-20,41.61122,-71.41031,0.06473128487950877
2019-11-21,41.61122,-71.41031,0.0
2019-11-22,41.61122,-71.41031,8.60211286445736
2019-11-23,41.61122,-71.41031,0.0
2019-11-24,41.61122,-71.41031,36.60801621702473
2019-11-25,41.61122,-71.41031,0.13758561348889486
2019-11-26,41.61122,-71.41031,0.041331198781398445
2019-11-27,41.61122,-71.41031,10.875890045453353
2019-11-28,41.61122,-71.41031,0.7857615747014588
2019-11-29,41.61122,-71.41031,0.0
2019-11-30,41.61122,-71.41031,0.0
2019-12-01,41.61122,-71.41031,9.235809858712402
2019-12-02,41.61122,-71.41031,1.4731166325286396
2019-12-03,41.61122,-71.41031,1.6400758661936352
2019-12-04,41.61122,-71.41031,0.004554705544264014
2019-12-05,41.61122,-71.41031,0.0
2019-12-06,41.61122,-71.41031,2.2624947910659414
2019-12-07,41.61122,-71.41031,0.018711332882723017
2019-12-08,41.61122,-71.41031,0.0
2019-12-09,41.61122,-71.41031,29.02976084058342
2019-12-10,41.61122,-71.41031,47.54119320039318
2019-12-11,41.61122,-71.41031,9.078113942275753
2019-12-12,41.61122,-71.41031,0.014999999664723873
2019-12-13,41.61122,-71.41031,0.919969627161406
2019-12-14,41.61122,-71.41031,67.02871602214124
2019-12-15,41.61122,-71.41031,0.03876944506554282
2019-12-16,41.61122,-71.41031,0.0
2019-12-17,41.61122,-71.41031,8.642962705123695
2019-12-18,41.61122,-71.41031,0.14995836571476756
2019-12-19,41.61122,-71.41031,0.0
2019-12-20,41.61122,-71.41031,0.0
2019-12-21,41.61122,-71.41031,0.0
2019-12-22,41.61122,-71.41031,0.0
2019-12-23,41.61122,-71.41031,0.0
2019-12-24,41.61122,-71.41031,0.0
2019-12-25,41.61122,-71.41031,0.011080663753987014
2019-12-26,41.61122,-71.41031,0.12840212704850248
2019-12-27,41.61122,-71.41031,1.2707854863988683
2019-12-28,41.61122,-71.41031,0.0
2019-12-29,41.61122,-71.41031,0.670411994772749
2019-12-30,41.61122,-71.41031,37.725626645639174
2019-12-31,41.61122,-71.41031,0.031217277738277118
2020-01-01,41.61122,-71.41031,0.07700637787989759
2020-01-02,41.61122,-71.41031,0.0
2020-01-03,41.61122,-71.41031,9.232551514360294
2020-01-04,41.61122,-71.41031,14.556440849226775
2020-01-05,41.61122,-71.41031,1.9070164373933487
2020-01-06,41.61122,-71.41031,0.0
2020-01-07,41.61122,-71.41031,0.001539083302978637
2020-01-08,41.61122,-71.41031,1.776571126554266
2020-01-09,41.61122,-71.41031,0.0
2020-01-10,41.61122,-71.41031,0.6293744934643893
2020-01-11,41.61122,-71.41031,3.0706453897698562
2020-01-12,41.61122,-71.41031,2.7355360360675665
2020-01-13,41.61122,-71.41031,0.6700649285785241
2020-01-14,41.61122,-71.41031,0.0898360095885217
2020-01-15,41.61122,-71.41031,0.009234499817871824
2020-01-16,41.61122,-71.41031,0.15357979296538482
2020-01-17,41.61122,-71.41031,0.0
2020-01-18,41.61122,-71.41031,0.05372089894807548
2020-01-19,41.61122,-71.41031,0.6943672283146788
2020-01-20,41.61122,-71.41031,0.0
2020-01-21,41.61122,-71.41031,0.0
2020-01-22,41.61122,-71.41031,0.0
2020-01-23,41.61122,-71.41031,0.0
2020-01-24,41.61122,-71.41031,0.001846163936115189
2020-01-25,41.61122,-71.41031,12.47363510227138
2020-01-26,41.61122,-71.41031,11.787450132416726
2020-01-27,41.61122,-71.41031,0.0
2020-01-28,41.61122,-71.41031,0.0
2020-01-29,41.61122,-71.41031,0.0
2020-01-30,41.61122,-71.41031,0.0
2020-01-31,41.61122,-71.41031,0.015354900183691015
2020-02-01,41.61122,-71.41031,2.7105158913572103
2020-02-02,41.61122,-71.41031,0.028951948928575798
2020-02-03,41.61122,-71.41031,0.0
2020-02-04,41.61122,-71.41031,4.286183209455561
2020-02-05,41.61122,-71.41031,3.3135926845547656
2020-02-06,41.61122,-71.41031,7.049444157146069
2020-02-07,41.61122,-71.41031,24.588449620103436
2020-02-08,41.61122,-71.41031,0.0
2020-02-09,41.61122,-71.41031,0.0
2020-02-10,41.61122,-71.41031,9.955815841365368
2020-02-11,41.61122,-71.41031,17.737791609978228
2020-02-12,41.61122,-71.41031,0.062905617090694
2020-02-13,41.61122,-71.41031,26.850443573995868
2020-02-14,41.61122,-71.41031,0.48438714696674146
2020-02-15,41.61122,-71.41031,0.0
2020-02-16,41.61122,-71.41031,0.0
2020-02-17,41.61122,-71.41031,0.0
2020-02-18,41.61122,-71.41031,1.1383804733057983
2020-02-19,41.61122,-71.41031,3.141296661579383
2020-02-20,41.61122,-71.41031,0.0
2020-02-21,41.61122,-71.41031,0.0
2020-02-22,41.61122,-71.41031,0.0
2020-02-23,41.61122,-71.41031,0.0
2020-02-24,41.61122,-71.41031,0.0
2020-02-25,41.61122,-71.41031,2.151656473850851
2020-02-26,41.61122,-71.41031,0.004907163867696972
2020-02-27,41.61122,-71.41031,18.31805060424368
2020-02-28,41.61122,-71.41031,0.0
2020-02-29,41.61122,-71.41031,0.0
2020-03-01,41.61122,-71.41031,0.0
2020-03-02,41.61122,-71.41031,0.00841309636139251
2020-03-03,41.61122,-71.41031,7.382709554542949
2020-03-04,41.61122,-71.41031,6.916879380707148
2020-03-05,41.61122,-71.41031,0.007384655744460756
2020-03-06,41.61122,-71.41031,5.361492989981598
2020-03-07,41.61122,-71.41031,9.179938962491796
2020-03-08,41.61122,-71.41031,0.0
2020-03-09,41.61122,-71.41031,0.0
2020-03-10,41.61122,-71.41031,0.21810489443736591
2020-03-11,41.61122,-71.41031,2.1758854370973877
2020-03-12,41.61122,-71.41031,0.0
2020-03-13,41.61122,-71.41031,0.8311278073549745
2020-03-14,41.61122,-71.41031,0.0
2020-03-15,41.61122,-71.41031,0.23552152684712477
2020-03-16,41.61122,-71.41031,0.0
2020-03-17,41.61122,-71.41031,0.08153247869288786
2020-03-18,41.61122,-71.41031,1.017976826307661
2020-03-19,41.61122,-71.41031,12.29970869557318
2020-03-20,41.61122,-71.41031,2.9523264572000034
2020-03-21,41.61122,-71.41031,0.5678963709853294
2020-03-22,41.61122,-71.41031,0.0
2020-03-23,41.61122,-71.41031,53.91159902394139
2020-03-24,41.61122,-71.41031,9.287974866769483
2020-03-25,41.61122,-71.41031,0.8246439787805975
2020-03-26,41.61122,-71.41031,0.015202957749383864
2020-03-27,41.61122,-71.41031,0.33858864128136673
2020-03-28,41.61122,-71.41031,6.504420975945586
2020-03-29,41.61122,-71.41031,12.577305247360377
2020-03-30,41.61122,-71.41031,2.578714599412361
2020-03-31,41.61122,-71.41031,0.0463414009612264
2020-04-01,41.61122,-71.41031,0.03250694067685159
2020-04-02,41.61122,-71.41031,5.019403936102331
2020-04-03,41.61122,-71.41031,9.064052778538578
2020-04-04,41.61122,-71.41031,0.2479030829620488
2020-04-05,41.61122,-71.41031,0.01884734577914005
2020-04-06,41.61122,-71.41031,0.03868780339760143
2020-04-07,41.61122,-71.41031,0.0007695416514893185
2020-04-08,41.61122,-71.41031,2.9155935914606217
2020-04-09,41.61122,-71.41031,22.466705790176707
2020-04-10,41.61122,-71.41031,0.12637598677604678
2020-04-11,41.61122,-71.41031,0.0
2020-04-12,41.61122,-71.41031,0.1574776878210491
2020-04-13,41.61122,-71.41031,26.24153402364584
2020-04-14,41.61122,-71.41031,0.0
2020-04-15,41.61122,-71.41031,15.316537135087769
2020-04-16,41.61122,-71.41031,0.0
2020-04-17,41.61122,-71.41031,0.0072890159727995694
2020-04-18,41.61122,-71.41031,12.470579870543842
2020-04-19,41.61122,-71.41031,0.241291156249203
2020-04-20,41.61122,-71.41031,2.433231046609307
2020-04-21,41.61122,-71.41031,7.727756163541079
2020-04-22,41.61122,-71.41031,0.001214835995466595
2020-04-23,41.61122,-71.41031,0.034744096144567416
2020-04-24,41.61122,-71.41031,34.82885172095668
2020-04-25,41.61122,-71.41031,1.200243512376838
2020-04-26,41.61122,-71.41031,11.7398638554734
2020-04-27,41.61122,-71.41031,0.421006259056105
2020-04-28,41.61122,-71.41031,0.969514191955763
2020-04-29,41.61122,-71.41031,0.027455041148144732
2020-04-30,41.61122,-71.41031,9.504325140718109
2020-05-01,41.61122,-71.41031,18.045003895915098
2020-05-02,41.61122,-71.41031,0.06866483259855309
2020-05-03,41.61122,-71.41031,1.5150432107601954
2020-05-04,41.61122,-71.41031,4.165498679352957
2020-05-05,41.61122,-71.41031,0.0
2020-05-06,41.61122,-71.41031,3.004367177545981
2020-05-07,41.61122,-71.41031,3.3710029477386967
2020-05-08,41.61122,-71.41031,4.194971575318106
2020-05-09,41.61122,-71.41031,6.221842987907161
2020-05-10,41.61122,-71.41031,0.028218942663969942
2020-05-11,41.61122,-71.41031,1.712730872193723
2020-05-12,41.61122,-71.41031,0.0
2020-05-13,41.61122,-71.41031,0.001214835995466595
2020-05-14,41.61122,-71.41031,0.0
2020-05-15,41.61122,-71.41031,5.5070338858420795
2020-05-16,41.61122,-71.41031,11.220531663162495
2020-05-17,41.61122,-71.41031,0.3979789218583331
2020-05-18,41.61122,-71.41031,4.332184628234659
2020-05-19,41.61122,-71.41031,0.6413887161440855
2020-05-20,41.61122,-71.41031,0.1956933710384629
2020-05-21,41.61122,-71.41031,0.0
2020-05-22,41.61122,-71.41031,0.0
2020-05-23,41.61122,-71.41031,11.703254797522135
2020-05-24,41.61122,-71.41031,0.13403619282721374
2020-05-25,41.61122,-71.41031,0.01921537208488045
2020-05-26,41.61122,-71.41031,0.0
2020-05-27,41.61122,-71.41031,0.0
2020-05-28,41.61122,-71.41031,0.02382773739337165
2020-05-29,41.61122,-71.41031,1.010760051585027
2020-05-30,41.61122,-71.41031,1.994260070470404
2020-05-31,41.61122,-71.41031,0.0
2020-06-01,41.61122,-71.41031,0.0
2020-06-02,41.61122,-71.41031,2.4021051398212894
2020-06-03,41.61122,-71.41031,3.301859510567259
2020-06-04,41.61122,-71.41031,2.798406477994798
2020-06-05,41.61122,-71.41031,16.455037402746132
2020-06-06,41.61122,-71.41031,29.14870379172427
2020-06-07,41.61122,-71.41031,0.0
2020-06-08,41.61122,-71.41031,0.0
2020-06-09,41.61122,-71.41031,0.02429671900420853
2020-06-10,41.61122,-71.41031,0.8968696983144231
2020-06-11,41.61122,-71.41031,17.617888699398666
2020-06-12,41.61122,-71.41031,1.1545696186922558
2020-06-13,41.61122,-71.41031,0.0
2020-06-14,41.61122,-71.41031,0.0
2020-06-15,41.61122,-71.41031,1.8220070542955875
2020-06-16,41.61122,-71.41031,0.0
2020-06-17,41.61122,-71.41031,0.0
2020-06-18,41.61122,-71.41031,0.5128122460583997
2020-06-19,41.61122,-71.41031,0.17832994190722132
2020-06-20,41.61122,-71.41031,0.2003085891478755
2020-06-21,41.61122,-71.41031,0.2333341806296853
2020-06-22,41.61122,-71.41031,0.6115198966185008
2020-06-23,41.61122,-71.41031,0.02065221260177464
2020-06-24,41.61122,-71.41031,0.06183358743778175
2020-06-25,41.61122,-71.41031,0.02954549844400397
2020-06-26,41.61122,-71.41031,0.6868600589389092
2020-06-27,41.61122,-71.41031,11.381990277628804
2020-06-28,41.61122,-71.41031,0.6351932662113984
2020-06-29,41.61122,-71.41031,3.7325737996133985
2020-06-30,41.61122,-71.41031,1.16628570458253
2020-07-01,41.61122,-71.41031,2.9615201399995774
2020-07-02,41.61122,-71.41031,2.0823338485163476
2020-07-03,41.61122,-71.41031,2.0335870570368004
2020-07-04,41.61122,-71.41031,0.5044056762927658
2020-07-05,41.61122,-71.41031,0.0
2020-07-06,41.61122,-71.41031,0.008322341207080539
2020-07-07,41.61122,-71.41031,0.0
2020-07-08,41.61122,-71.41031,0.14863554768280746
2020-07-09,41.61122,-71.41031,0.12277592068188432
2020-07-10,41.61122,-71.41031,0.4491409621335335
2020-07-11,41.61122,-71.41031,0.14183903141200083
2020-07-12,41.61122,-71.41031,0.0
2020-07-13,41.61122,-71.41031,1.1611444707033483
2020-07-14,41.61122,-71.41031,11.258919556124384
2020-07-15,41.61122,-71.41031,0.2585807657657105
2020-07-16,41.61122,-71.41031,0.0
2020-07-17,41.61122,-71.41031,4.1195199556127005
2020-07-18,41.61122,-71.41031,0.0
2020-07-19,41.61122,-71.41031,0.0
2020-07-20,41.61122,-71.41031,4.8749572295269585
2020-07-21,41.61122,-71.41031,0.0
2020-07-22,41.61122,-71.41031,2.3730817030427866
2020-07-23,41.61122,-71.41031,6.247907224426724
2020-07-24,41.61122,-71.41031,2.2997688188139023
2020-07-25,41.61122,-71.41031,0.10565150351179282
2020-07-26,41.61122,-71.41031,0.0
2020-07-27,41.61122,-71.41031,0.0
2020-07-28,41.61122,-71.41031,0.2080380538952759
2020-07-29,41.61122,-71.41031,0.0
2020-07-30,41.61122,-71.41031,0.3611094557055555
2020-07-31,41.61122,-71.41031,22.549146500121253
2020-08-01,41.61122,-71.41031,0.015304999087753238
2020-08-02,41.61122,-71.41031,0.30242403845537175
2020-08-03,41.61122,-71.41031,0.0
2020-08-04,41.61122,-71.41031,1.1932383547594314
2020-08-05,41.61122,-71.41031,0.0
2020-08-06,41.61122,-71.41031,0.5210780980876886
2020-08-07,41.61122,-71.41031,2.7386512114783805
2020-08-08,41.61122,-71.41031,0.4737353736962518
2020-08-09,41.61122,-71.41031,0.0
2020-08-10,41.61122,-71.41031,0.0
2020-08-11,41.61122,-71.41031,0.0
2020-08-12,41.61122,-71.41031,0.10431785450906855
2020-08-13,41.61122,-71.41031,7.897940334890839
2020-08-14,41.61122,-71.41031,1.2019438378280303
2020-08-15,41.61122,-71.41031,0.5422809840636106
2020-08-16,41.61122,-71.41031,23.176155421527397
2020-08-17,41.61122,-71.41031,2.0994573498926443
2020-08-18,41.61122,-71.41031,8.497846977355922
2020-08-19,41.61122,-71.41031,5.40672539529998
2020-08-20,41.61122,-71.41031,0.0
2020-08-21,41.61122,-71.41031,0.001846163936115189
2020-08-22,41.61122,-71.41031,2.097257127855238
2020-08-23,41.61122,-71.41031,0.0
2020-08-24,41.61122,-71.41031,0.8536364688007454
2020-08-25,41.61122,-71.41031,0.8585513261763434
2020-08-26,41.61122,-71.41031,0.0
2020-08-27,41.61122,-71.41031,14.840237447487848
2020-08-28,41.61122,-71.41031,1.2047633247834029
2020-08-29,41.61122,-71.41031,7.894377259399243
2020-08-30,41.61122,-71.41031,0.0
2020-08-31,41.61122,-71.41031,0.009152346357009407
2020-09-01,41.61122,-71.41031,0.3212466649164457
2020-09-02,41.61122,-71.41031,2.1448241523454894
2020-09-03,41.61122,-71.41031,0.09704912092898423
2020-09-04,41.61122,-71.41031,0.12022416502486773
2020-09-05,41.61122,-71.41031,0.0
2020-09-06,41.61122,-71.41031,0.0
2020-09-07,41.61122,-71.41031,0.0
2020-09-08,41.61122,-71.41031,0.0725064170988376
2020-09-09,41.61122,-71.41031,4.200561276181069
2020-09-10,41.61122,-71.41031,15.104442450963159
2020-09-11,41.61122,-71.41031,2.007218891466599
2020-09-12,41.61122,-71.41031,0.0
2020-09-13,41.61122,-71.41031,0.0
2020-09-14,41.61122,-71.41031,3.6433655166551837
2020-09-15,41.61122,-71.41031,0.0
2020-09-16,41.61122,-71.41031,0.0
2020-09-17,41.61122,-71.41031,0.0
2020-09-18,41.61122,-71.41031,19.445016922570893
2020-09-19,41.61122,-71.41031,0.0
2020-09-20,41.61122,-71.41031,0.003508374915510567
2020-09-21,41.61122,-71.41031,0.0
2020-09-22,41.61122,-71.41031,0.026897540365428577
2020-09-23,41.61122,-71.41031,0.007016749831021134
2020-09-24,41.61122,-71.41031,0.012291819612157726
2020-09-25,41.61122,-71.41031,0.0
2020-09-26,41.61122,-71.41031,0.009230819336701106
2020-09-27,41.61122,-71.41031,0.07910307827515575
2020-09-28,41.61122,-71.41031,2.5870739419452944
2020-09-29,41.61122,-71.41031,1.550962319117044
2020-09-30,41.61122,-71.41031,14.152250129833277
2020-10-01,41.61122,-71.41031,0.0
2020-10-02,41.61122,-71.41031,0.21701322667454304
2020-10-03,41.61122,-71.41031,0.0
2020-10-04,41.61122,-71.41031,0.007695416228216575
2020-10-05,41.61122,-71.41031,9.140999534141137
2020-10-06,41.61122,-71.41031,0.0072890159727995694
2020-10-07,41.61122,-71.41031,3.134601653262307
2020-10-08,41.61122,-71.41031,0.22129776280024493
2020-10-09,41.61122,-71.41031,0.0
2020-10-10,41.61122,-71.41031,0.0
2020-10-11,41.61122,-71.41031,0.0
2020-10-12,41.61122,-71.41031,23.45641799081302
2020-10-13,41.61122,-71.41031,11.264703746886841
2020-10-14,41.61122,-71.41031,0.08420099622962487
2020-10-15,41.61122,-71.41031,0.08389684735315374
2020-10-16,41.61122,-71.41031,0.11185188786655928
2020-10-17,41.61122,-71.41031,52.17083053810958
2020-10-18,41.61122,-71.41031,0.0
2020-10-19,41.61122,-71.41031,0.0
2020-10-20,41.61122,-71.41031,4.239576719858306
2020-10-21,41.61122,-71.41031,0.2999578765149745
2020-10-22,41.61122,-71.41031,0.040931040898785194
2020-10-23,41.61122,-71.41031,0.06045445913245643
2020-10-24,41.61122,-71.41031,0.0
2020-10-25,41.61122,-71.41031,0.3097630815986409
2020-10-26,41.61122,-71.41031,0.9165760524484895
2020-10-27,41.61122,-71.41031,1.8775041179426504
2020-10-28,41.61122,-71.41031,2.412925201042398
2020-10-29,41.61122,-71.41031,31.704147464485125
2020-10-30,41.61122,-71.41031,17.406135130339585
2020-10-31,41.61122,-71.41031,0.0
2020-11-01,41.61122,-71.41031,5.582236670756465
2020-11-02,41.61122,-71.41031,4.8766321674098565
2020-11-03,41.61122,-71.41031,0.3501110780902382
2020-11-04,41.61122,-71.41031,0.0
2020-11-05,41.61122,-71.41031,0.0
2020-11-06,41.61122,-71.41031,0.003508374915510567
2020-11-07,41.61122,-71.41031,0.024014493035387253
2020-11-08,41.61122,-71.41031,0.05961208081866425
2020-11-09,41.61122,-71.41031,0.0
2020-11-10,41.61122,-71.41031,0.0
2020-11-11,41.61122,-71.41031,3.37846613214048
2020-11-12,41.61122,-71.41031,53.10668758198629
2020-11-13,41.61122,-71.41031,3.3614155847459695
2020-11-14,41.61122,-71.41031,0.0
2020-11-15,41.61122,-71.41031,0.0
2020-11-16,41.61122,-71.41031,5.186545870712182
2020-11-17,41.61122,-71.41031,0.0
2020-11-18,41.61122,-71.41031,0.3750651302120541
2020-11-19,41.61122,-71.41031,0.002338916610340377
2020-11-20,41.61122,-71.41031,1.2654602822479735
2020-11-21,41.61122,-71.41031,0.018711332882723017
2020-11-22,41.61122,-71.41031,0.7622664810971134
2020-11-23,41.61122,-71.41031,53.595306313003874
2020-11-24,41.61122,-71.41031,0.0
2020-11-25,41.61122,-71.41031,0.4675438996419295
2020-11-26,41.61122,-71.41031,11.434101274449715
2020-11-27,41.61122,-71.41031,0.022316707749851943
2020-11-28,41.61122,-71.41031,0.0
2020-11-29,41.61122,-71.41031,0.0
2020-11-30,41.61122,-71.41031,27.359167974341904
2020-12-01,41.61122,-71.41031,12.41312049275619
2020-12-02,41.61122,-71.41031,0.0
2020-12-03,41.61122,-71.41031,0.0
2020-12-04,41.61122,-71.41031,8.601093087362846
2020-12-05,41.61122,-71.41031,82.53137544669542
2020-12-06,41.61122,-71.41031,0.04763763448986926
2020-12-07,41.61122,-71.41031,0.0
2020-12-08,41.61122,-71.41031,0.0
2020-12-09,41.61122,-71.41031,0.544662164887529
2020-12-10,41.61122,-71.41031,0.0
2020-12-11,41.61122,-71.41031,0.0
2020-12-12,41.61122,-71.41031,13.50190721069249
2020-12-13,41.61122,-71.41031,0.7354769733119672
2020-12-14,41.61122,-71.41031,9.960111283665764
2020-12-15,41.61122,-71.41031,0.0
2020-12-16,41.61122,-71.41031,0.9357958660322373
2020-12-17,41.61122,-71.41031,5.828270054287218
2020-12-18,41.61122,-71.41031,0.0
2020-12-19,41.61122,-71.41031,0.0
2020-12-20,41.61122,-71.41031,0.2278884485226281
2020-12-21,41.61122,-71.41031,0.07520711989723378
2020-12-22,41.61122,-71.41031,0.002338916610340377
2020-12-23,41.61122,-71.41031,0.0
2020-12-24,41.61122,-71.41031,0.5050746802044225
2020-12-25,41.61122,-71.41031,77.92399914506791
2020-12-26,41.61122,-71.41031,0.8778507402421147
2020-12-27,41.61122,-71.41031,0.0
2020-12-28,41.61122,-71.41031,0.3358965801280044
2020-12-29,41.61122,-71.41031,0.0
2020-12-30,41.61122,-71.41031,0.018868915859409606
2020-12-31,41.61122,-71.41031,8.000966282505376
2021-01-01,41.61122,-71.41031,0.02847304210847293
2021-01-02,41.61122,-71.41031,10.293624442506497
2021-01-03,41.61122,-71.41031,0.22810021030605926
2021-01-04,41.61122,-71.41031,0.13050280281645527
2021-01-05,41.61122,-71.41031,0.0
2021-01-06,41.61122,-71.41031,0.0
2021-01-07,41.61122,-71.41031,0.0
2021-01-08,41.61122,-71.41031,0.0
2021-01-09,41.61122,-71.41031,0.17237731617313007
2021-01-10,41.61122,-71.41031,0.0
2021-01-11,41.61122,-71.41031,1.1890789295594288
2021-01-12,41.61122,-71.41031,0.0
2021-01-13,41.61122,-71.41031,0.0
2021-01-14,41.61122,-71.41031,0.07378712176475022
2021-01-15,41.61122,-71.41031,0.0
2021-01-16,41.61122,-71.41031,72.00776259927393
2021-01-17,41.61122,-71.41031,0.0
2021-01-18,41.61122,-71.41031,0.0
2021-01-19,41.61122,-71.41031,0.0
2021-01-20,41.61122,-71.41031,0.018222539253156398
2021-01-21,41.61122,-71.41031,0.0
2021-01-22,41.61122,-71.41031,0.0
2021-01-23,41.61122,-71.41031,0.0
2021-01-24,41.61122,-71.41031,0.0
2021-01-25,41.61122,-71.41031,2.5419880832949278
2021-01-26,41.61122,-71.41031,0.03024209294981653
2021-01-27,41.61122,-71.41031,0.012796854569690036
2021-01-28,41.61122,-71.41031,0.0
2021-01-29,41.61122,-71.41031,0.0
2021-01-30,41.61122,-71.41031,0.0
2021-01-31,41.61122,-71.41031,0.0
2021-02-01,41.61122,-71.41031,21.637782685693818
2021-02-02,41.61122,-71.41031,1.3039520807994331
2021-02-03,41.61122,-71.41031,0.0
2021-02-04,41.61122,-71.41031,0.0
2021-02-05,41.61122,-71.41031,4.197832215322761
2021-02-06,41.61122,-71.41031,0.0
2021-02-07,41.61122,-71.41031,18.11112712423665
2021-02-08,41.61122,-71.41031,0.0
2021-02-09,41.61122,-71.41031,1.6359510175657688
2021-02-10,41.61122,-71.41031,0.0
2021-02-11,41.61122,-71.41031,0.00918299979474535
2021-02-12,41.61122,-71.41031,0.0
2021-02-13,41.61122,-71.41031,1.04645138815053
2021-02-14,41.61122,-71.41031,4.537409528024237
2021-02-15,41.61122,-71.41031,1.4656503123156046
2021-02-16,41.61122,-71.41031,17.295336628584604
2021-02-17,41.61122,-71.41031,0.0
2021-02-18,41.61122,-71.41031,9.42965745524564
2021-02-19,41.61122,-71.41031,14.407418814066418
2021-02-20,41.61122,-71.41031,0.35751244145833555
2021-02-21,41.61122,-71.41031,0.0
2021-02-22,41.61122,-71.41031,23.9778132607696
2021-02-23,41.61122,-71.41031,1.7261650826529364
2021-02-24,41.61122,-71.41031,0.0
2021-02-25,41.61122,-71.41031,0.27678511645097975
2021-02-26,41.61122,-71.41031,0.0
2021-02-27,41.61122,-71.41031,1.2055654179304611
2021-02-28,41.61122,-71.41031,0.5229847668134225
2021-03-01,41.61122,-71.41031,36.97936800666732
2021-03-02,41.61122,-71.41031,0.06271545872143336
2021-03-03,41.61122,-71.41031,0.0
2021-03-04,41.61122,-71.41031,0.9159282659407857
2021-03-05,41.61122,-71.41031,0.0
2021-03-06,41.61122,-71.41031,0.0
2021-03-07,41.61122,-71.41031,0.0
2021-03-08,41.61122,-71.41031,0.0
2021-03-09,41.61122,-71.41031,0.012923147896681158
2021-03-10,41.61122,-71.41031,0.0
2021-03-11,41.61122,-71.41031,0.5342627116312595
2021-03-12,41.61122,-71.41031,0.2780250061868302
2021-03-13,41.61122,-71.41031,0.003692327872230378
2021-03-14,41.61122,-71.41031,0.0
2021-03-15,41.61122,-71.41031,0.0
2021-03-16,41.61122,-71.41031,0.0
2021-03-17,41.61122,-71.41031,0.007937510587823654
2021-03-18,41.61122,-71.41031,14.583992911290547
2021-03-19,41.61122,-71.41031,5.0297254362641635
2021-03-20,41.61122,-71.41031,0.0
2021-03-21,41.61122,-71.41031,0.0
2021-03-22,41.61122,-71.41031,0.0
2021-03-23,41.61122,-71.41031,0.0
2021-03-24,41.61122,-71.41031,0.9978633856965304
2021-03-25,41.61122,-71.41031,8.366543456723281
2021-03-26,41.61122,-71.41031,2.2446867085209563
2021-03-27,41.61122,-71.41031,0.0
2021-03-28,41.61122,-71.41031,14.487164465520225
2021-03-29,41.61122,-71.41031,10.820381823432951
2021-03-30,41.61122,-71.41031,0.0
2021-03-31,41.61122,-71.41031,0.1102304056843514
2021-04-01,41.61122,-71.41031,17.680717989044222
2021-04-02,41.61122,-71.41031,0.0
2021-04-03,41.61122,-71.41031,0.0
2021-04-04,41.61122,-71.41031,0.0
2021-04-05,41.61122,-71.41031,0.15316204480877263
2021-04-06,41.61122,-71.41031,0.006028802287036569
2021-04-07,41.61122,-71.41031,0.0384727165965793
2021-04-08,41.61122,-71.41031,0.0
2021-04-09,41.61122,-71.41031,0.0
2021-04-10,41.61122,-71.41031,0.21195907461440153
2021-04-11,41.61122,-71.41031,9.867203588974474
2021-04-12,41.61122,-71.41031,1.9062560059051579
2021-04-13,41.61122,-71.41031,0.03020972134174228
2021-04-14,41.61122,-71.41031,0.052942032024860156
2021-04-15,41.61122,-71.41031,6.927789841514124
2021-04-16,41.61122,-71.41031,12.218869349860782
2021-04-17,41.61122,-71.41031,0.8936783747827066
2021-04-18,41.61122,-71.41031,0.0
2021-04-19,41.61122,-71.41031,0.0072890159727995694
2021-04-20,41.61122,-71.41031,0.023078888582338124
2021-04-21,41.61122,-71.41031,0.8898311130749257
2021-04-22,41.61122,-71.41031,1.5246181595182193
2021-04-23,41.61122,-71.41031,0.0
2021-04-24,41.61122,-71.41031,0.0
2021-04-25,41.61122,-71.41031,43.23984926022652
2021-04-26,41.61122,-71.41031,0.0
2021-04-27,41.61122,-71.41031,0.6818922640019404
2021-04-28,41.61122,-71.41031,2.246952730350204
2021-04-29,41.61122,-71.41031,13.288470914572667
2021-04-30,41.61122,-71.41031,7.495751717781364
2021-05-01,41.61122,-71.41031,1.399515208070253
2021-05-02,41.61122,-71.41031,1.616663722510899
2021-05-03,41.61122,-71.41031,3.825525198037265
2021-05-04,41.61122,-71.41031,29.345320838304055
2021-05-05,41.61122,-71.41031,9.877013857399024
2021-05-06,41.61122,-71.41031,0.0
2021-05-07,41.61122,-71.41031,0.0
2021-05-08,41.61122,-71.41031,2.0138047279458533
2021-05-09,41.61122,-71.41031,2.525738543038566
2021-05-10,41.61122,-71.41031,12.129242271429936
2021-05-11,41.61122,-71.41031,0.0
2021-05-12,41.61122,-71.41031,0.0
2021-05-13,41.61122,-71.41031,0.0
2021-05-14,41.61122,-71.41031,0.0
2021-05-15,41.61122,-71.41031,0.0
2021-05-16,41.61122,-71.41031,0.0
2021-05-17,41.61122,-71.41031,0.1572781209183386
2021-05-18,41.61122,-71.41031,0.005816999869978523
2021-05-19,41.61122,-71.41031,0.00242967199093319
2021-05-20,41.61122,-71.41031,0.0
2021-05-21,41.61122,-71.41031,0.19609882250676203
2021-05-22,41.61122,-71.41031,0.9091898407479748
2021-05-23,41.61122,-71.41031,0.0795592123361918
2021-05-24,41.61122,-71.41031,0.0011694583051701886
2021-05-25,41.61122,-71.41031,0.007384655744460756
2021-05-26,41.61122,-71.41031,0.45067335947067927
2021-05-27,41.61122,-71.41031,2.9673973782920915
2021-05-28,41.61122,-71.41031,1.1684592538473095
2021-05-29,41.61122,-71.41031,54.05903804785483
2021-05-30,41.61122,-71.41031,13.519910075409891
2021-05-31,41.61122,-71.41031,2.7802767587427466
2021-06-01,41.61122,-71.41031,0.12966158790530535
2021-06-02,41.61122,-71.41031,0.3776722573169621
2021-06-03,41.61122,-71.41031,6.522088706636668
2021-06-04,41.61122,-71.41031,22.44595658937551
2021-06-05,41.61122,-71.41031,0.4231863595961528
2021-06-06,41.61122,-71.41031,0.009234499817871824
2021-06-07,41.61122,-71.41031,0.0
2021-06-08,41.61122,-71.41031,0.18544457641046547
2021-06-09,41.61122,-71.41031,2.6648899374102824
2021-06-10,41.61122,-71.41031,0.0
2021-06-11,41.61122,-71.41031,0.20191173791427666
2021-06-12,41.61122,-71.41031,1.4462202143354141
2021-06-13,41.61122,-71.41031,0.0
2021-06-14,41.61122,-71.41031,9.438212484955987
2021-06-15,41.61122,-71.41031,0.27096272354469664
2021-06-16,41.61122,-71.41031,0.004738296945401146
2021-06-17,41.61122,-71.41031,0.0
2021-06-18,41.61122,-71.41031,0.0
2021-06-19,41.61122,-71.41031,0.7199314214816147
2021-06-20,41.61122,-71.41031,6.785672809447975
2021-06-21,41.61122,-71.41031,0.0
2021-06-22,41.61122,-71.41031,7.947884708815129
2021-06-23,41.61122,-71.41031,3.1590356277675147
2021-06-24,41.61122,-71.41031,0.0
2021-06-25,41.61122,-71.41031,0.151318111764293
2021-06-26,41.61122,-71.41031,0.018229866518601482
2021-06-27,41.61122,-71.41031,0.08009556168995687
2021-06-28,41.61122,-71.41031,0.0
2021-06-29,41.61122,-71.41031,0.0
2021-06-30,41.61122,-71.41031,0.0
2021-07-01,41.61122,-71.41031,21.107631959628414
2021-07-02,41.61122,-71.41031,34.521760534762784
2021-07-03,41.61122,-71.41031,66.45285034534648
2021-07-04,41.61122,-71.41031,3.399322226707635
2021-07-05,41.61122,-71.41031,0.001539083302978637
2021-07-06,41.61122,-71.41031,16.724544159429442
2021-07-07,41.61122,-71.41031,8.421847384590315
2021-07-08,41.61122,-71.41031,1.436339226385055
2021-07-09,41.61122,-71.41031,39.436189339334135
2021-07-10,41.61122,-71.41031,0.8411319522826133
2021-07-11,41.61122,-71.41031,0.22001619469815248
2021-07-12,41.61122,-71.41031,1.9423680590709604
2021-07-13,41.61122,-71.41031,1.2791077124803467
2021-07-14,41.61122,-71.41031,0.14568545490582296
2021-07-15,41.61122,-71.41031,0.023453950880927096
2021-07-16,41.61122,-71.41031,0.606628975760658
2021-07-17,41.61122,-71.41031,1.1333379703607285
2021-07-18,41.61122,-71.41031,0.2583590855936241
2021-07-19,41.61122,-71.41031,0.07503633007310494
2021-07-20,41.61122,-71.41031,0.04889064404732216
2021-07-21,41.61122,-71.41031,0.17938239155755092
2021-07-22,41.61122,-71.41031,0.009234499817871824
2021-07-23,41.61122,-71.41031,0.4665728961382002
2021-07-24,41.61122,-71.41031,0.0
2021-07-25,41.61122,-71.41031,11.25776558404816
2021-07-26,41.61122,-71.41031,0.0
2021-07-27,41.61122,-71.41031,0.0
2021-07-28,41.61122,-71.41031,7.969322401134745
2021-07-29,41.61122,-71.41031,3.897089481671355
2021-07-30,41.61122,-71.41031,0.02654288219028107
2021-07-31,41.61122,-71.41031,0.0
2021-08-01,41.61122,-71.41031,0.001539083302978637
2021-08-02,41.61122,-71.41031,1.3478006757470378
2021-08-03,41.61122,-71.41031,3.6043360643403353
2021-08-04,41.61122,-71.41031,42.76348298204906
2021-08-05,41.61122,-71.41031,49.1239988240481
2021-08-06,41.61122,-71.41031,0.0
2021-08-07,41.61122,-71.41031,0.17737311468824468
2021-08-08,41.61122,-71.41031,10.087310257364285
2021-08-09,41.61122,-71.41031,0.8412765462332621
2021-08-10,41.61122,-71.41031,0.1463770468783227
2021-08-11,41.61122,-71.41031,0.5251423372993312
2021-08-12,41.61122,-71.41031,0.5036642453186114
2021-08-13,41.61122,-71.41031,1.7340848544744878
2021-08-14,41.61122,-71.41031,1.6359471698745975
2021-08-15,41.61122,-71.41031,0.0
2021-08-16,41.61122,-71.41031,0.00242967199093319
2021-08-17,41.61122,-71.41031,0.37189739682553996
2021-08-18,41.61122,-71.41031,1.3698476664362302
2021-08-19,41.61122,-71.41031,6.631834302194611
2021-08-20,41.61122,-71.41031,0.22764358518864877
2021-08-21,41.61122,-71.41031,1.9143085115482628
2021-08-22,41.61122,-71.41031,16.93671641841569
2021-08-23,41.61122,-71.41031,1.3108024788856973
2021-08-24,41.61122,-71.41031,4.313158052871131
2021-08-25,41.61122,-71.41031,0.0
2021-08-26,41.61122,-71.41031,0.0
2021-08-27,41.61122,-71.41031,2.396897260731918
2021-08-28,41.61122,-71.41031,0.8118815495616806
2021-08-29,41.61122,-71.41031,2.1508483564119185
2021-08-30,41.61122,-71.41031,0.17028055633331882
2021-08-31,41.61122,-71.41031,0.3474107911644536
2021-09-01,41.61122,-71.41031,12.15036538672673
2021-09-02,41.61122,-71.41031,75.07629664654466
2021-09-03,41.61122,-71.41031,0.0
2021-09-04,41.61122,-71.41031,0.0
2021-09-05,41.61122,-71.41031,2.226750010775371
2021-09-06,41.61122,-71.41031,1.5406295875091065
2021-09-07,41.61122,-71.41031,0.0
2021-09-08,41.61122,-71.41031,0.0
2021-09-09,41.61122,-71.41031,29.78132328111328
2021-09-10,41.61122,-71.41031,5.916363665463422
2021-09-11,41.61122,-71.41031,0.0
2021-09-12,41.61122,-71.41031,0.02062680330044301
2021-09-13,41.61122,-71.41031,0.08662588286140174
2021-09-14,41.61122,-71.41031,0.005847291308022355
2021-09-15,41.61122,-71.41031,0.00812562482444648
2021-09-16,41.61122,-71.41031,9.668599461500332
2021-09-17,41.61122,-71.41031,0.009135179908914758
2021-09-18,41.61122,-71.41031,0.0
2021-09-19,41.61122,-71.41031,1.5044560957243278
2021-09-20,41.61122,-71.41031,0.0
2021-09-21,41.61122,-71.41031,0.0
2021-09-22,41.61122,-71.41031,0.029886710609399725
2021-09-23,41.61122,-71.41031,0.0
2021-09-24,41.61122,-71.41031,11.554600992415764
2021-09-25,41.61122,-71.41031,0.0
2021-09-26,41.61122,-71.41031,10.741175518962606
2021-09-27,41.61122,-71.41031,0.00242967199093319
2021-09-28,41.61122,-71.41031,13.661690487758973
2021-09-29,41.61122,-71.41031,0.1657845783723378
2021-09-30,41.61122,-71.41031,0.0
2021-10-01,41.61122,-71.41031,0.0
2021-10-02,41.61122,-71.41031,0.001539083302978637
2021-10-03,41.61122,-71.41031,1.0281062326152617
2021-10-04,41.61122,-71.41031,23.154327842210098
2021-10-05,41.61122,-71.41031,8.029828628876722
2021-10-06,41.61122,-71.41031,1.025849169083563
2021-10-07,41.61122,-71.41031,0.0
2021-10-08,41.61122,-71.41031,0.0
2021-10-09,41.61122,-71.41031,0.27367917561715105
2021-10-10,41.61122,-71.41031,24.129627200542533
2021-10-11,41.61122,-71.41031,0.6559155971609405
2021-10-12,41.61122,-71.41031,0.0
2021-10-13,41.61122,-71.41031,0.018222539253156398
2021-10-14,41.61122,-71.41031,0.17991728329910855
2021-10-15,41.61122,-71.41031,1.284135982368482
2021-10-16,41.61122,-71.41031,0.13746836372433396
2021-10-17,41.61122,-71.41031,9.325471188172365
2021-10-18,41.61122,-71.41031,0.0
2021-10-19,41.61122,-71.41031,0.0
2021-10-20,41.61122,-71.41031,0.0
2021-10-21,41.61122,-71.41031,0.0
2021-10-22,41.61122,-71.41031,0.0
2021-10-23,41.61122,-71.41031,0.5329955313347281
2021-10-24,41.61122,-71.41031,0.1936765284429779
2021-10-25,41.61122,-71.41031,9.387368725411301
2021-10-26,41.61122,-71.41031,23.67530155761048
2021-10-27,41.61122,-71.41031,14.181688314179045
2021-10-28,41.61122,-71.41031,0.016908346183647435
2021-10-29,41.61122,-71.41031,0.0
2021-10-30,41.61122,-71.41031,20.91651776515534
2021-10-31,41.61122,-71.41031,17.553361614778513
2021-11-01,41.61122,-71.41031,0.04708201496576876
2021-11-02,41.61122,-71.41031,1.7093274966401926
2021-11-03,41.61122,-71.41031,1.1356095494914138
2021-11-04,41.61122,-71.41031,0.0027085416081488256
2021-11-05,41.61122,-71.41031,0.006156333211914548
2021-11-06,41.61122,-71.41031,0.0
2021-11-07,41.61122,-71.41031,0.15402818413736732
2021-11-08,41.61122,-71.41031,0.04430793446676452
2021-11-09,41.61122,-71.41031,0.0
2021-11-10,41.61122,-71.41031,0.2978753704269667
2021-11-11,41.61122,-71.41031,0.004247624911127463
2021-11-12,41.61122,-71.41031,30.630867633697047
2021-11-13,41.61122,-71.41031,0.11663213216035359
2021-11-14,41.61122,-71.41031,0.0
2021-11-15,41.61122,-71.41031,5.649365181670946
2021-11-16,41.61122,-71.41031,0.0
2021-11-17,41.61122,-71.41031,0.38063912519019844
2021-11-18,41.61122,-71.41031,0.9296577149299836
2021-11-19,41.61122,-71.41031,3.3574723662504757
2021-11-20,41.61122,-71.41031,0.0
2021-11-21,41.61122,-71.41031,0.14758839847848526
2021-11-22,41.61122,-71.41031,9.542424968379775
2021-11-23,41.61122,-71.41031,0.0
2021-11-24,41.61122,-71.41031,0.0
2021-11-25,41.61122,-71.41031,0.3754299393574656
2021-11-26,41.61122,-71.41031,13.917881908368786
2021-11-27,41.61122,-71.41031,0.001846163936115189
2021-11-28,41.61122,-71.41031,0.013573000057783446
2021-11-29,41.61122,-71.41031,0.0007695416514893185
2021-11-30,41.61122,-71.41031,0.0
2021-12-01,41.61122,-71.41031,0.0
2021-12-02,41.61122,-71.41031,4.79900074616825
2021-12-03,41.61122,-71.41031,0.038425583064296914
2021-12-04,41.61122,-71.41031,0.0
2021-12-05,41.61122,-71.41031,0.14820589048857963
2021-12-06,41.61122,-71.41031,5.329653389132742
2021-12-07,41.61122,-71.41031,1.9935273981760206
2021-12-08,41.61122,-71.41031,4.0786111006103205
2021-12-09,41.61122,-71.41031,0.027093899417562347
2021-12-10,41.61122,-71.41031,0.21186982764266246
2021-12-11,41.61122,-71.41031,3.0208089399841564
2021-12-12,41.61122,-71.41031,24.334241532361435
2021-12-13,41.61122,-71.41031,1.7957726773679723
2021-12-14,41.61122,-71.41031,0.0
2021-12-15,41.61122,-71.41031,1.8089921349603455
2021-12-16,41.61122,-71.41031,4.51274738063439
2021-12-17,41.61122,-71.41031,0.4248538785478178
2021-12-18,41.61122,-71.41031,3.230704535625277
2021-12-19,41.61122,-71.41031,1.9933609668785628
2021-12-20,41.61122,-71.41031,0.0
2021-12-21,41.61122,-71.41031,0.0
2021-12-22,41.61122,-71.41031,1.2608136981833695
2021-12-23,41.61122,-71.41031,0.0
2021-12-24,41.61122,-71.41031,0.0
2021-12-25,41.61122,-71.41031,9.683440397146676
2021-12-26,41.61122,-71.41031,0.5074045198550224
2021-12-27,41.61122,-71.41031,0.04058962915495827
2021-12-28,41.61122,-71.41031,0.4792441977756533
2021-12-29,41.61122,-71.41031,0.6955553625380934
2021-12-30,41.61122,-71.41031,2.202883709992981
2021-12-31,41.61122,-71.41031,0.07845291125364219
2022-01-01,41.61122,-71.41031,4.355299500744222
2022-01-02,41.61122,-71.41031,21.915634162536815
2022-01-03,41.61122,-71.41031,1.9558880484070054
2022-01-04,41.61122,-71.41031,0.5970118806708247
2022-01-05,41.61122,-71.41031,6.863066057418285
2022-01-06,41.61122,-71.41031,0.46806307818988424
2022-01-07,41.61122,-71.41031,3.7122333626987154
2022-01-08,41.61122,-71.41031,0.0
2022-01-09,41.61122,-71.41031,1.2352383118133743
2022-01-10,41.61122,-71.41031,10.121879910708357
2022-01-11,41.61122,-71.41031,0.0
2022-01-12,41.61122,-71.41031,0.0
2022-01-13,41.61122,-71.41031,0.0
2022-01-14,41.61122,-71.41031,1.187660853411102
2022-01-15,41.61122,-71.41031,0.0
2022-01-16,41.61122,-71.41031,0.0
2022-01-17,41.61122,-71.41031,38.56350105224039
2022-01-18,41.61122,-71.41031,0.0
2022-01-19,41.61122,-71.41031,0.00903129934309094
2022-01-20,41.61122,-71.41031,1.9398357184006478
2022-01-21,41.61122,-71.41031,0.0
2022-01-22,41.61122,-71.41031,0.446771652595135
2022-01-23,41.61122,-71.41031,0.001846163936115189
2022-01-24,41.61122,-71.41031,0.011988420081836195
2022-01-25,41.61122,-71.41031,0.0
2022-01-26,41.61122,-71.41031,0.0
2022-01-27,41.61122,-71.41031,0.0
2022-01-28,41.61122,-71.41031,0.0
2022-01-29,41.61122,-71.41031,8.137590189329265
2022-01-30,41.61122,-71.41031,0.0036445079863997847
2022-01-31,41.61122,-71.41031,0.0
2022-02-01,41.61122,-71.41031,0.0
2022-02-02,41.61122,-71.41031,0.0
2022-02-03,41.61122,-71.41031,3.1726122875490805
2022-02-04,41.61122,-71.41031,44.07071996854288
2022-02-05,41.61122,-71.41031,4.074166034962694
2022-02-06,41.61122,-71.41031,0.0
2022-02-07,41.61122,-71.41031,1.1795675867565647
2022-02-08,41.61122,-71.41031,34.643012975729704
2022-02-09,41.61122,-71.41031,0.0
2022-02-10,41.61122,-71.41031,0.0
2022-02-11,41.61122,-71.41031,0.0
2022-02-12,41.61122,-71.41031,0.012312666423829097
2022-02-13,41.61122,-71.41031,0.05987770869926194
2022-02-14,41.61122,-71.41031,0.002308624954467956
2022-02-15,41.61122,-71.41031,0.0
2022-02-16,41.61122,-71.41031,0.0
2022-02-17,41.61122,-71.41031,0.002308624954467956
2022-02-18,41.61122,-71.41031,21.231484324682167
2022-02-19,41.61122,-71.41031,0.006186624724448664
2022-02-20,41.61122,-71.41031,0.0
2022-02-21,41.61122,-71.41031,0.001214835995466595
2022-02-22,41.61122,-71.41031,4.215311864958518
2022-02-23,41.61122,-71.41031,18.016596230795262
2022-02-24,41.61122,-71.41031,0.845790197027149
2022-02-25,41.61122,-71.41031,30.529760304512923
2022-02-26,41.61122,-71.41031,0.0
2022-02-27,41.61122,-71.41031,0.0
2022-02-28,41.61122,-71.41031,0.004738296945401146
2022-03-01,41.61122,-71.41031,0.0
2022-03-02,41.61122,-71.41031,1.6305870353596386
2022-03-03,41.61122,-71.41031,3.2567359560382942
2022-03-04,41.61122,-71.41031,0.0
2022-03-05,41.61122,-71.41031,0.0
2022-03-06,41.61122,-71.41031,9.301289297188683
2022-03-07,41.61122,-71.41031,1.534386822300202
2022-03-08,41.61122,-71.41031,9.555790852143598
2022-03-09,41.61122,-71.41031,4.179409419177801
2022-03-10,41.61122,-71.41031,0.06233287993418196
2022-03-11,41.61122,-71.41031,0.0
2022-03-12,41.61122,-71.41031,18.70767416019935
2022-03-13,41.61122,-71.41031,0.0
2022-03-14,41.61122,-71.41031,0.004414049637889104
2022-03-15,41.61122,-71.41031,0.0714400831852858
2022-03-16,41.61122,-71.41031,1.1508578421059856
2022-03-17,41.61122,-71.41031,7.448228144833989
2022-03-18,41.61122,-71.41031,7.290479480729146
2022-03-19,41.61122,-71.41031,2.3638717993351603
2022-03-20,41.61122,-71.41031,0.4498739804701907
2022-03-21,41.61122,-71.41031,0.06924565242043845
2022-03-22,41.61122,-71.41031,0.002308624954467956
2022-03-23,41.61122,-71.41031,0.13493938108366024
2022-03-24,41.61122,-71.41031,13.320446259207909
2022-03-25,41.61122,-71.41031,13.968352375655883
2022-03-26,41.61122,-71.41031,0.015202957749383864
2022-03-27,41.61122,-71.41031,0.3087209346113768
2022-03-28,41.61122,-71.41031,0.15062048157052277
2022-03-29,41.61122,-71.41031,0.02065221260177464
2022-03-30,41.61122,-71.41031,0.06005298320974935
2022-03-31,41.61122,-71.41031,3.356748314563551
2022-04-01,41.61122,-71.41031,9.6614131543793
2022-04-02,41.61122,-71.41031,0.060164908107788184
2022-04-03,41.61122,-71.41031,2.5424646311444423
2022-04-04,41.61122,-71.41031,0.17444833361437523
2022-04-05,41.61122,-71.41031,0.0
2022-04-06,41.61122,-71.41031,10.825961743382411
2022-04-07,41.61122,-71.41031,4.661169261424831
2022-04-08,41.61122,-71.41031,14.95633478764179
2022-04-09,41.61122,-71.41031,0.10041419692969963
2022-04-10,41.61122,-71.41031,0.01052512452870311
2022-04-11,41.61122,-71.41031,0.0
2022-04-12,41.61122,-71.41031,8.302116092685342
2022-04-13,41.61122,-71.41031,0.03729781866078563
2022-04-14,41.61122,-71.41031,1.559109724917942
2022-04-15,41.61122,-71.41031,4.0535763560011535
2022-04-16,41.61122,-71.41031,0.0
2022-04-17,41.61122,-71.41031,8.399871570627207
2022-04-18,41.61122,-71.41031,0.4914889638698193
2022-04-19,41.61122,-71.41031,30.096256288846995
2022-04-20,41.61122,-71.41031,0.0
2022-04-21,41.61122,-71.41031,0.0
2022-04-22,41.61122,-71.41031,0.0036445079863997847
2022-04-23,41.61122,-71.41031,0.2478265439803087
2022-04-24,41.61122,-71.41031,1.0060979936719885
2022-04-25,41.61122,-71.41031,0.5776074118008543
2022-04-26,41.61122,-71.41031,0.33281706008620904
2022-04-27,41.61122,-71.41031,4.124458736016783
2022-04-28,41.61122,-71.41031,0.0
2022-04-29,41.61122,-71.41031,0.0
2022-04-30,41.61122,-71.41031,0.0
2022-05-01,41.61122,-71.41031,0.007695416228216575
2022-05-02,41.61122,-71.41031,0.9931146267873744
2022-05-03,41.61122,-71.41031,4.1012810294868265
2022-05-04,41.61122,-71.41031,3.699672782629757
2022-05-05,41.61122,-71.41031,0.0027085416081488256
2022-05-06,41.61122,-71.41031,5.741586741122709
2022-05-07,41.61122,-71.41031,15.012439839420516
2022-05-08,41.61122,-71.41031,1.8941115766912642
2022-05-09,41.61122,-71.41031,0.0
2022-05-10,41.61122,-71.41031,0.048201175635861696
2022-05-11,41.61122,-71.41031,0.17649035019362114
2022-05-12,41.61122,-71.41031,0.0
2022-05-13,41.61122,-71.41031,0.0038305415830711025
2022-05-14,41.61122,-71.41031,0.3531380414954559
2022-05-15,41.61122,-71.41031,3.636889956943631
2022-05-16,41.61122,-71.41031,0.018871034320742167
2022-05-17,41.61122,-71.41031,6.024928042646675
2022-05-18,41.61122,-71.41031,0.0
2022-05-19,41.61122,-71.41031,9.554706174817682
2022-05-20,41.61122,-71.41031,0.0
2022-05-21,41.61122,-71.41031,4.528367584812178
2022-05-22,41.61122,-71.41031,0.0
2022-05-23,41.61122,-71.41031,0.01747504934595347
2022-05-24,41.61122,-71.41031,5.6528950635004644
2022-05-25,41.61122,-71.41031,0.0
2022-05-26,41.61122,-71.41031,0.07440592884636814
2022-05-27,41.61122,-71.41031,0.0
2022-05-28,41.61122,-71.41031,5.088187459241128
2022-05-29,41.61122,-71.41031,0.13580319068868602
2022-05-30,41.61122,-71.41031,0.026286344073094547
2022-05-31,41.61122,-71.41031,0.04553188767402669
2022-06-01,41.61122,-71.41031,1.0283914769180513
2022-06-02,41.61122,-71.41031,3.501480122137994
2022-06-03,41.61122,-71.41031,0.29659743293463753
2022-06-04,41.61122,-71.41031,0.0
2022-06-05,41.61122,-71.41031,0.0
2022-06-06,41.61122,-71.41031,0.0
2022-06-07,41.61122,-71.41031,1.1489724246646795
2022-06-08,41.61122,-71.41031,13.966341353268792
2022-06-09,41.61122,-71.41031,12.716381724093079
2022-06-10,41.61122,-71.41031,0.0
2022-06-11,41.61122,-71.41031,0.6233353562896715
2022-06-12,41.61122,-71.41031,1.533823827019661
2022-06-13,41.61122,-71.41031,34.77616944888113
2022-06-14,41.61122,-71.41031,0.0
2022-06-15,41.61122,-71.41031,0.058877998892962004
2022-06-16,41.61122,-71.41031,0.5188082654510039
2022-06-17,41.61122,-71.41031,6.826976864598884
2022-06-18,41.61122,-71.41031,0.001846163936115189
2022-06-19,41.61122,-71.41031,5.932454312830486
2022-06-20,41.61122,-71.41031,0.04097262033258456
2022-06-21,41.61122,-71.41031,0.0
2022-06-22,41.61122,-71.41031,0.9081407140652087
2022-06-23,41.61122,-71.41031,0.0
2022-06-24,41.61122,-71.41031,0.1629377151889888
2022-06-25,41.61122,-71.41031,0.0
2022-06-26,41.61122,-71.41031,0.0
2022-06-27,41.61122,-71.41031,17.087817167945634
2022-06-28,41.61122,-71.41031,8.426882704853512
2022-06-29,41.61122,-71.41031,0.0
2022-06-30,41.61122,-71.41031,0.0
2022-07-01,41.61122,-71.41031,0.02834575015109979
2022-07-02,41.61122,-71.41031,2.7068965129082754
2022-07-03,41.61122,-71.41031,5.5991145180646535
2022-07-04,41.61122,-71.41031,0.0
2022-07-05,41.61122,-71.41031,4.928106277625401
2022-07-06,41.61122,-71.41031,0.9393966215526489
2022-07-07,41.61122,-71.41031,0.0
2022-07-08,41.61122,-71.41031,0.09673808888984162
2022-07-09,41.61122,-71.41031,0.35429046869081365
2022-07-10,41.61122,-71.41031,0.0
2022-07-11,41.61122,-71.41031,0.0
2022-07-12,41.61122,-71.41031,0.01102916373086054
2022-07-13,41.61122,-71.41031,0.3938912335769685
2022-07-14,41.61122,-71.41031,0.1382624668114209
2022-07-15,41.61122,-71.41031,0.0
2022-07-16,41.61122,-71.41031,0.5279759944303247
2022-07-17,41.61122,-71.41031,3.0952107820009385
2022-07-18,41.61122,-71.41031,13.316848716546014
2022-07-19,41.61122,-71.41031,4.25038559224422
2022-07-20,41.61122,-71.41031,0.0
2022-07-21,41.61122,-71.41031,0.0
2022-07-22,41.61122,-71.41031,0.0011694583051701886
2022-07-23,41.61122,-71.41031,0.0
2022-07-24,41.61122,-71.41031,0.0
2022-07-25,41.61122,-71.41031,2.288200849705675
2022-07-26,41.61122,-71.41031,0.736949896587366
2022-07-27,41.61122,-71.41031,0.0019843776469559136
2022-07-28,41.61122,-71.41031,0.001539083302978637
2022-07-29,41.61122,-71.41031,0.6122104455794037
2022-07-30,41.61122,-71.41031,3.981292759523777
2022-07-31,41.61122,-71.41031,0.06771966647776649
2022-08-01,41.61122,-71.41031,10.980501387646164
2022-08-02,41.61122,-71.41031,0.0
2022-08-03,41.61122,-71.41031,0.021427000091228166
2022-08-04,41.61122,-71.41031,0.0
2022-08-05,41.61122,-71.41031,0.04560792061230578
2022-08-06,41.61122,-71.41031,0.38886948222449347
2022-08-07,41.61122,-71.41031,0.07328897173721509
2022-08-08,41.61122,-71.41031,0.11471156372022741
2022-08-09,41.61122,-71.41031,3.4864525903178283
2022-08-10,41.61122,-71.41031,1.7682405865869697
2022-08-11,41.61122,-71.41031,6.889159585879174
2022-08-12,41.61122,-71.41031,0.07916746834331406
2022-08-13,41.61122,-71.41031,1.4343206199805958
2022-08-14,41.61122,-71.41031,0.29673551608197557
2022-08-15,41.61122,-71.41031,0.011755046776422279
2022-08-16,41.61122,-71.41031,0.48306300460452467
2022-08-17,41.61122,-71.41031,16.36880831155432
2022-08-18,41.61122,-71.41031,0.0
2022-08-19,41.61122,-71.41031,0.0
2022-08-20,41.61122,-71.41031,0.007029755225493611
2022-08-21,41.61122,-71.41031,0.09941778253127863
2022-08-22,41.61122,-71.41031,7.480762603035539
2022-08-23,41.61122,-71.41031,0.038457629739974485
2022-08-24,41.61122,-71.41031,0.07885827120699222
2022-08-25,41.61122,-71.41031,0.0
2022-08-26,41.61122,-71.41031,10.910562095943657
2022-08-27,41.61122,-71.41031,2.5128501983907543
2022-08-28,41.61122,-71.41031,0.0
2022-08-29,41.61122,-71.41031,0.0
2022-08-30,41.61122,-71.41031,0.0
2022-08-31,41.61122,-71.41031,9.243334336099704
2022-09-01,41.61122,-71.41031,0.0
2022-09-02,41.61122,-71.41031,0.0
2022-09-03,41.61122,-71.41031,0.0
2022-09-04,41.61122,-71.41031,0.02137917883880537
2022-09-05,41.61122,-71.41031,6.890214306825473
2022-09-06,41.61122,-71.41031,46.37852483846966
2022-09-07,41.61122,-71.41031,0.2073547867849388
2022-09-08,41.61122,-71.41031,0.06962820607634296
2022-09-09,41.61122,-71.41031,0.0
2022-09-10,41.61122,-71.41031,0.0
2022-09-11,41.61122,-71.41031,2.030930872145736
2022-09-12,41.61122,-71.41031,8.090464163873193
2022-09-13,41.61122,-71.41031,38.45914676238596
2022-09-14,41.61122,-71.41031,0.0
2022-09-15,41.61122,-71.41031,0.057091416583429026
2022-09-16,41.61122,-71.41031,0.0
2022-09-17,41.61122,-71.41031,0.0
2022-09-18,41.61122,-71.41031,0.0
2022-09-19,41.61122,-71.41031,0.0
2022-09-20,41.61122,-71.41031,0.4809454110418171
2022-09-21,41.61122,-71.41031,0.00595313294086774
2022-09-22,41.61122,-71.41031,33.65212934730433
2022-09-23,41.61122,-71.41031,0.0
2022-09-24,41.61122,-71.41031,0.0
2022-09-25,41.61122,-71.41031,0.43896523057579495
2022-09-26,41.61122,-71.41031,12.995081561432912
2022-09-27,41.61122,-71.41031,0.0
2022-09-28,41.61122,-71.41031,0.0
2022-09-29,41.61122,-71.41031,0.016320315436682047
2022-09-30,41.61122,-71.41031,0.15877010469565328
2022-10-01,41.61122,-71.41031,36.30183397266297
2022-10-02,41.61122,-71.41031,0.9129693462775873
2022-10-03,41.61122,-71.41031,8.407709419189057
2022-10-04,41.61122,-71.41031,7.839224889920878
2022-10-05,41.61122,-71.41031,18.243779864368893
2022-10-06,41.61122,-71.41031,26.40046433450555
2022-10-07,41.61122,-71.41031,0.0
2022-10-08,41.61122,-71.41031,1.887334885708251
2022-10-09,41.61122,-71.41031,0.0
2022-10-10,41.61122,-71.41031,0.029024417259344498
2022-10-11,41.61122,-71.41031,0.0
2022-10-12,41.61122,-71.41031,0.0
2022-10-13,41.61122,-71.41031,8.608869247230814
2022-10-14,41.61122,-71.41031,44.08044002549372
2022-10-15,41.61122,-71.41031,0.4058488478369934
2022-10-16,41.61122,-71.41031,0.2986364841600595
2022-10-17,41.61122,-71.41031,3.512206666067755
2022-10-18,41.61122,-71.41031,4.89792579618204
2022-10-19,41.61122,-71.41031,0.0
2022-10-20,41.61122,-71.41031,0.0
2022-10-21,41.61122,-71.41031,0.0
2022-10-22,41.61122,-71.41031,0.0
2022-10-23,41.61122,-71.41031,22.07401400805821
2022-10-24,41.61122,-71.41031,7.622893076960003
2022-10-25,41.61122,-71.41031,0.6939190154008189
2022-10-26,41.61122,-71.41031,0.6586670325751075
2022-10-27,41.61122,-71.41031,0.0
2022-10-28,41.61122,-71.41031,0.0
2022-10-29,41.61122,-71.41031,3.195999751351189
2022-10-30,41.61122,-71.41031,0.0
2022-10-31,41.61122,-71.41031,0.5028433478415232
2022-11-01,41.61122,-71.41031,10.467733646082117
2022-11-02,41.61122,-71.41031,1.8411507450845768
2022-11-03,41.61122,-71.41031,0.0
2022-11-04,41.61122,-71.41031,0.0
2022-11-05,41.61122,-71.41031,0.0
2022-11-06,41.61122,-71.41031,0.0
2022-11-07,41.61122,-71.41031,0.07633376435892382
2022-11-08,41.61122,-71.41031,0.0
2022-11-09,41.61122,-71.41031,0.0
2022-11-10,41.61122,-71.41031,0.0
2022-11-11,41.61122,-71.41031,1.0068093711606219
2022-11-12,41.61122,-71.41031,2.7120047353539967
2022-11-13,41.61122,-71.41031,12.889728252329608
2022-11-14,41.61122,-71.41031,0.03595721168952788
2022-11-15,41.61122,-71.41031,0.017007704389094016
2022-11-16,41.61122,-71.41031,28.82817787505146
2022-11-17,41.61122,-71.41031,0.0
2022-11-18,41.61122,-71.41031,0.0
2022-11-19,41.61122,-71.41031,0.0
2022-11-20,41.61122,-71.41031,0.0
2022-11-21,41.61122,-71.41031,0.0
2022-11-22,41.61122,-71.41031,0.0
2022-11-23,41.61122,-71.41031,0.0
2022-11-24,41.61122,-71.41031,0.0
2022-11-25,41.61122,-71.41031,2.85847722358328
2022-11-26,41.61122,-71.41031,0.0
2022-11-27,41.61122,-71.41031,29.041081619422098
2022-11-28,41.61122,-71.41031,0.06836923406152198
2022-11-29,41.61122,-71.41031,0.0
2022-11-30,41.61122,-71.41031,19.78104157460033
2022-12-01,41.61122,-71.41031,1.9265284902996165
2022-12-02,41.61122,-71.41031,0.0
2022-12-03,41.61122,-71.41031,20.215335969870278
2022-12-04,41.61122,-71.41031,0.0
2022-12-05,41.61122,-71.41031,0.0072890159727995694
2022-12-06,41.61122,-71.41031,3.2399545056189094
2022-12-07,41.61122,-71.41031,45.58886266495612
2022-12-08,41.61122,-71.41031,0.0
2022-12-09,41.61122,-71.41031,0.0
2022-12-10,41.61122,-71.41031,0.0
2022-12-11,41.61122,-71.41031,0.8961259105381763
2022-12-12,41.61122,-71.41031,1.3751898997316347
2022-12-13,41.61122,-71.41031,0.0
2022-12-14,41.61122,-71.41031,0.0
2022-12-15,41.61122,-71.41031,0.037048124451464826
2022-12-16,41.61122,-71.41031,37.55062827413493
2022-12-17,41.61122,-71.41031,0.7758483692833795
2022-12-18,41.61122,-71.41031,0.0
2022-12-19,41.61122,-71.41031,0.0
2022-12-20,41.61122,-71.41031,0.0
2022-12-21,41.61122,-71.41031,0.0
2022-12-22,41.61122,-71.41031,2.0270148533212105
2022-12-23,41.61122,-71.41031,33.243013839752905
2022-12-24,41.61122,-71.41031,0.0
2022-12-25,41.61122,-71.41031,0.0
2022-12-26,41.61122,-71.41031,0.0
2022-12-27,41.61122,-71.41031,0.24898848660095357
2022-12-28,41.61122,-71.41031,0.001539083302978637
2022-12-29,41.61122,-71.41031,0.002308624954467956
2022-12-30,41.61122,-71.41031,0.0
2022-12-31,41.61122,-71.41031,16.435500848006892
2023-01-01,41.61122,-71.41031,19.006160688381343
2023-01-02,41.61122,-71.41031,0.011543124342324865
2023-01-03,41.61122,-71.41031,16.541888079296168
2023-01-04,41.61122,-71.41031,5.52328030380739
2023-01-05,41.61122,-71.41031,3.5982184718661445
2023-01-06,41.61122,-71.41031,0.07709165630590058
2023-01-07,41.61122,-71.41031,0.0
2023-01-08,41.61122,-71.41031,0.0
2023-01-09,41.61122,-71.41031,2.8716353568761486
2023-01-10,41.61122,-71.41031,0.0
2023-01-11,41.61122,-71.41031,0.007386374611000992
2023-01-12,41.61122,-71.41031,0.17114107412680674
2023-01-13,41.61122,-71.41031,28.63733235227128
2023-01-14,41.61122,-71.41031,7.824693626483382
2023-01-15,41.61122,-71.41031,2.690436191719277
2023-01-16,41.61122,-71.41031,1.311995507235891
2023-01-17,41.61122,-71.41031,0.11610573090224939
2023-01-18,41.61122,-71.41031,0.0
2023-01-19,41.61122,-71.41031,24.584036751737926
2023-01-20,41.61122,-71.41031,12.590169446190318
2023-01-21,41.61122,-71.41031,0.0
2023-01-22,41.61122,-71.41031,0.24210910249077677
2023-01-23,41.61122,-71.41031,44.01977663947234
2023-01-24,41.61122,-71.41031,0.0
2023-01-25,41.61122,-71.41031,4.828289029894254
2023-01-26,41.61122,-71.41031,45.827163642817695
2023-01-27,41.61122,-71.41031,0.0
2023-01-28,41.61122,-71.41031,0.01107698361669113
2023-01-29,41.61122,-71.41031,1.6288109002227262
2023-01-30,41.61122,-71.41031,0.01594220818065794
2023-01-31,41.61122,-71.41031,0.23575144729593966
2023-02-01,41.61122,-71.41031,0.004677833220680754
2023-02-02,41.61122,-71.41031,0.0
2023-02-03,41.61122,-71.41031,0.0
2023-02-04,41.61122,-71.41031,0.007016749831021134
2023-02-05,41.61122,-71.41031,0.002308624954467956
2023-02-06,41.61122,-71.41031,0.02289837397760044
2023-02-07,41.61122,-71.41031,0.0
2023-02-08,41.61122,-71.41031,7.316887387045142
2023-02-09,41.61122,-71.41031,0.7215667119154173
2023-02-10,41.61122,-71.41031,1.3559176385342822
2023-02-11,41.61122,-71.41031,0.0
2023-02-12,41.61122,-71.41031,0.0
2023-02-13,41.61122,-71.41031,9.396841629164227
2023-02-14,41.61122,-71.41031,0.0073560830296188545
2023-02-15,41.61122,-71.41031,1.5415698783557217
2023-02-16,41.61122,-71.41031,2.5102307729394426
2023-02-17,41.61122,-71.41031,13.285696214295406
2023-02-18,41.61122,-71.41031,0.26000487861278415
2023-02-19,41.61122,-71.41031,0.009109411088528028
2023-02-20,41.61122,-71.41031,2.2720006225573988
2023-02-21,41.61122,-71.41031,4.836166435386634
2023-02-22,41.61122,-71.41031,0.2102478377365684
2023-02-23,41.61122,-71.41031,13.072325556984621
2023-02-24,41.61122,-71.41031,0.6911364518776596
2023-02-25,41.61122,-71.41031,0.0
2023-02-26,41.61122,-71.41031,0.03179354138805635
2023-02-27,41.61122,-71.41031,0.0
2023-02-28,41.61122,-71.41031,1.4951653729589087
2023-03-01,41.61122,-71.41031,0.0
2023-03-02,41.61122,-71.41031,3.870867763323107
2023-03-03,41.61122,-71.41031,0.007152882901910351
2023-03-04,41.61122,-71.41031,13.129114092055845
2023-03-05,41.61122,-71.41031,0.0
2023-03-06,41.61122,-71.41031,0.0
2023-03-07,41.61122,-71.41031,0.21203653092132113
2023-03-08,41.61122,-71.41031,0.0
2023-03-09,41.61122,-71.41031,0.01948519558701527
2023-03-10,41.61122,-71.41031,0.0
2023-03-11,41.61122,-71.41031,15.454235190117444
2023-03-12,41.61122,-71.41031,0.002308624954467956
2023-03-13,41.61122,-71.41031,6.878580924795016
2023-03-14,41.61122,-71.41031,42.95051346337553
2023-03-15,41.61122,-71.41031,0.0
2023-03-16,41.61122,-71.41031,0.05372825606096122
2023-03-17,41.61122,-71.41031,0.347110810296486
2023-03-18,41.61122,-71.41031,5.718941990941318
2023-03-19,41.61122,-71.41031,0.02215396723338226
2023-03-20,41.61122,-71.41031,0.0
2023-03-21,41.61122,-71.41031,0.0
2023-03-22,41.61122,-71.41031,0.024528332970530132
2023-03-23,41.61122,-71.41031,7.878831550366792
2023-03-24,41.61122,-71.41031,0.220105304929156
2023-03-25,41.61122,-71.41031,5.798921999843453
2023-03-26,41.61122,-71.41031,0.4553559401098996
2023-03-27,41.61122,-71.41031,2.139907803203342
2023-03-28,41.61122,-71.41031,3.8521501036539183
2023-03-29,41.61122,-71.41031,0.0
2023-03-30,41.61122,-71.41031,0.020434368236843206
2023-03-31,41.61122,-71.41031,7.910412923468064
2023-04-01,41.61122,-71.41031,37.46558175899827
2023-04-02,41.61122,-71.41031,0.30461376952033936
2023-04-03,41.61122,-71.41031,0.15293116084574385
2023-04-04,41.61122,-71.41031,0.6088519257527005
2023-04-05,41.61122,-71.41031,0.8479700435201469
2023-04-06,41.61122,-71.41031,6.442019122101539
2023-04-07,41.61122,-71.41031,3.9342717649769128
2023-04-08,41.61122,-71.41031,0.5014424733304013
2023-04-09,41.61122,-71.41031,0.0
2023-04-10,41.61122,-71.41031,0.0
2023-04-11,41.61122,-71.41031,0.3594188285939624
2023-04-12,41.61122,-71.41031,1.671005729593505
2023-04-13,41.61122,-71.41031,0.059436456096543924
2023-04-14,41.61122,-71.41031,0.005847291308022355
2023-04-15,41.61122,-71.41031,1.4101503608445765
2023-04-16,41.61122,-71.41031,13.20172603079247
2023-04-17,41.61122,-71.41031,0.47221890916488046
2023-04-18,41.61122,-71.41031,0.0
2023-04-19,41.61122,-71.41031,0.0
2023-04-20,41.61122,-71.41031,0.1061583816750915
2023-04-21,41.61122,-71.41031,0.21413096507999005
2023-04-22,41.61122,-71.41031,0.5269025230282675
2023-04-23,41.61122,-71.41031,29.319005050836765
2023-04-24,41.61122,-71.41031,0.042845155497731185
2023-04-25,41.61122,-71.41031,0.024000130825622613
2023-04-26,41.61122,-71.41031,0.0
2023-04-27,41.61122,-71.41031,0.33582310906758905
2023-04-28,41.61122,-71.41031,0.003508374915510567
2023-04-29,41.61122,-71.41031,4.93033907571184
2023-04-30,41.61122,-71.41031,16.736924502253597
2023-05-01,41.61122,-71.41031,10.285190789874052
2023-05-02,41.61122,-71.41031,2.976777669215041
2023-05-03,41.61122,-71.41031,0.837491161109933
2023-05-04,41.61122,-71.41031,0.9452453877109624
2023-05-05,41.61122,-71.41031,0.1594404604806706
2023-05-06,41.61122,-71.41031,0.28656965328740086
2023-05-07,41.61122,-71.41031,0.014297045179642453
2023-05-08,41.61122,-71.41031,13.391766274885034
2023-05-09,41.61122,-71.41031,0.015347573823369301
2023-05-10,41.61122,-71.41031,0.0
2023-05-11,41.61122,-71.41031,0.0
2023-05-12,41.61122,-71.41031,0.0
2023-05-13,41.61122,-71.41031,0.5202624839387239
2023-05-14,41.61122,-71.41031,0.0
2023-05-15,41.61122,-71.41031,0.0
2023-05-16,41.61122,-71.41031,0.03524333041020037
2023-05-17,41.61122,-71.41031,0.0
2023-05-18,41.61122,-71.41031,0.0
2023-05-19,41.61122,-71.41031,0.0
2023-05-20,41.61122,-71.41031,15.452449462016823
2023-05-21,41.61122,-71.41031,34.78392959066084
2023-05-22,41.61122,-71.41031,0.0
2023-05-23,41.61122,-71.41031,0.0
2023-05-24,41.61122,-71.41031,0.1011914984880778
2023-05-25,41.61122,-71.41031,0.6681059857835825
2023-05-26,41.61122,-71.41031,0.0
2023-05-27,41.61122,-71.41031,0.0
2023-05-28,41.61122,-71.41031,0.0
2023-05-29,41.61122,-71.41031,0.0
2023-05-30,41.61122,-71.41031,0.0
2023-05-31,41.61122,-71.41031,0.0
2023-06-01,41.61122,-71.41031,0.0
2023-06-02,41.61122,-71.41031,0.0
2023-06-03,41.61122,-71.41031,1.7240431967890144
2023-06-04,41.61122,-71.41031,0.04575273525748357
2023-06-05,41.61122,-71.41031,0.4944241232215549
2023-06-06,41.61122,-71.41031,1.9559019353936822
2023-06-07,41.61122,-71.41031,0.0
2023-06-08,41.61122,-71.41031,0.15363350751140703
2023-06-09,41.61122,-71.41031,1.4709436599783539
2023-06-10,41.61122,-71.41031,4.985549890641989
2023-06-11,41.61122,-71.41031,0.0
2023-06-12,41.61122,-71.41031,1.1232578478568354
2023-06-13,41.61122,-71.41031,1.527935090447155
2023-06-14,41.61122,-71.41031,0.6758474300573878
2023-06-15,41.61122,-71.41031,0.0
2023-06-16,41.61122,-71.41031,2.2154623100909996
2023-06-17,41.61122,-71.41031,13.550932698113272
2023-06-18,41.61122,-71.41031,7.6630693059508665
2023-06-19,41.61122,-71.41031,0.0
2023-06-20,41.61122,-71.41031,0.0
2023-06-21,41.61122,-71.41031,0.0
2023-06-22,41.61122,-71.41031,0.49010613843361084
2023-06-23,41.61122,-71.41031,0.6353014040943811
2023-06-24,41.61122,-71.41031,15.136192287273305
2023-06-25,41.61122,-71.41031,0.20183471389564062
2023-06-26,41.61122,-71.41031,0.03584656838071459
2023-06-27,41.61122,-71.41031,39.93527049253572
2023-06-28,41.61122,-71.41031,8.759552358078952
2023-06-29,41.61122,-71.41031,0.14444442690025616
2023-06-30,41.61122,-71.41031,0.0
2023-07-01,41.61122,-71.41031,0.0
2023-07-02,41.61122,-71.41031,1.3900689849664072
2023-07-03,41.61122,-71.41031,5.145025099445249
2023-07-04,41.61122,-71.41031,39.85813581230913
2023-07-05,41.61122,-71.41031,0.17116459972846465
2023-07-06,41.61122,-71.41031,0.0
2023-07-07,41.61122,-71.41031,0.025702835221840022
2023-07-08,41.61122,-71.41031,0.32954856462090465
2023-07-09,41.61122,-71.41031,1.7475671923360192
2023-07-10,41.61122,-71.41031,22.111993745773574
2023-07-11,41.61122,-71.41031,0.1071318617445143
2023-07-12,41.61122,-71.41031,0.0
2023-07-13,41.61122,-71.41031,0.1401196858184167
2023-07-14,41.61122,-71.41031,27.14413570895704
2023-07-15,41.61122,-71.41031,22.692935193970015
2023-07-16,41.61122,-71.41031,60.51702966428968
2023-07-17,41.61122,-71.41031,19.40688717894474
2023-07-18,41.61122,-71.41031,0.2841216846903636
2023-07-19,41.61122,-71.41031,0.9773221828494233
2023-07-20,41.61122,-71.41031,0.1337264141570812
2023-07-21,41.61122,-71.41031,4.085451549851358
2023-07-22,41.61122,-71.41031,0.5815765405228269
2023-07-23,41.61122,-71.41031,0.0
2023-07-24,41.61122,-71.41031,0.14161710132988434
2023-07-25,41.61122,-71.41031,0.0
2023-07-26,41.61122,-71.41031,0.40028105242746936
2023-07-27,41.61122,-71.41031,0.0
2023-07-28,41.61122,-71.41031,1.5886740443032283
2023-07-29,41.61122,-71.41031,2.546700661464221
2023-07-30,41.61122,-71.41031,14.815691629442602
2023-07-31,41.61122,-71.41031,0.0
2023-08-01,41.61122,-71.41031,0.0
2023-08-02,41.61122,-71.41031,0.0
2023-08-03,41.61122,-71.41031,0.0
2023-08-04,41.61122,-71.41031,0.8036088162612147
2023-08-05,41.61122,-71.41031,1.0514618454956262
2023-08-06,41.61122,-71.41031,0.14248698114801595
2023-08-07,41.61122,-71.41031,14.52026523115946
2023-08-08,41.61122,-71.41031,19.142376212471483
2023-08-09,41.61122,-71.41031,0.31065520734123736
2023-08-10,41.61122,-71.41031,13.026656450948035
2023-08-11,41.61122,-71.41031,12.980738887614837
2023-08-12,41.61122,-71.41031,2.5732130718537043
2023-08-13,41.61122,-71.41031,27.661138064048032
2023-08-14,41.61122,-71.41031,0.9294978562062567
2023-08-15,41.61122,-71.41031,17.817445235473834
2023-08-16,41.61122,-71.41031,2.158585000291306
2023-08-17,41.61122,-71.41031,1.5623775543964002
2023-08-18,41.61122,-71.41031,7.854699852526437
2023-08-19,41.61122,-71.41031,0.0
2023-08-20,41.61122,-71.41031,0.22549940443719682
2023-08-21,41.61122,-71.41031,1.0720964078673885
2023-08-22,41.61122,-71.41031,3.1825480033533773
2023-08-23,41.61122,-71.41031,0.0
2023-08-24,41.61122,-71.41031,0.0
2023-08-25,41.61122,-71.41031,12.935734109849275
2023-08-26,41.61122,-71.41031,0.35097525474205316
2023-08-27,41.61122,-71.41031,0.0007695416514893185
2023-08-28,41.61122,-71.41031,0.32319167088630674
2023-08-29,41.61122,-71.41031,1.8174356695446543
2023-08-30,41.61122,-71.41031,3.0587520662941867
2023-08-31,41.61122,-71.41031,0.0
2023-09-01,41.61122,-71.41031,0.0
2023-09-02,41.61122,-71.41031,0.0
2023-09-03,41.61122,-71.41031,0.7567211008667502
2023-09-04,41.61122,-71.41031,0.0
2023-09-05,41.61122,-71.41031,0.0
2023-09-06,41.61122,-71.41031,0.0
2023-09-07,41.61122,-71.41031,0.0
2023-09-08,41.61122,-71.41031,0.3245657586041627
2023-09-09,41.61122,-71.41031,0.2064713717039355
2023-09-10,41.61122,-71.41031,0.7524513216527204
2023-09-11,41.61122,-71.41031,1.2856709365499044
2023-09-12,41.61122,-71.41031,1.3687996941327398
2023-09-13,41.61122,-71.41031,3.803547149400059
2023-09-14,41.61122,-71.41031,0.053347476106018595
2023-09-15,41.61122,-71.41031,0.0
2023-09-16,41.61122,-71.41031,35.0843193371062
2023-09-17,41.61122,-71.41031,0.0
2023-09-18,41.61122,-71.41031,43.113258761559166
2023-09-19,41.61122,-71.41031,0.013506655607624322
2023-09-20,41.61122,-71.41031,0.0
2023-09-21,41.61122,-71.41031,0.0
2023-09-22,41.61122,-71.41031,0.0
2023-09-23,41.61122,-71.41031,30.494409996033376
2023-09-24,41.61122,-71.41031,1.304192760067138
2023-09-25,41.61122,-71.41031,8.530271114208913
2023-09-26,41.61122,-71.41031,8.850067525944674
2023-09-27,41.61122,-71.41031,0.0
2023-09-28,41.61122,-71.41031,0.0
2023-09-29,41.61122,-71.41031,10.561048240782863
2023-09-30,41.61122,-71.41031,38.76454737597079
2023-10-01,41.61122,-71.41031,4.808609006522069
2023-10-02,41.61122,-71.41031,0.0
2023-10-03,41.61122,-71.41031,0.0
2023-10-04,41.61122,-71.41031,0.0
2023-10-05,41.61122,-71.41031,0.0
2023-10-06,41.61122,-71.41031,0.0
2023-10-07,41.61122,-71.41031,5.362678724707275
2023-10-08,41.61122,-71.41031,0.11361997715630692
2023-10-09,41.61122,-71.41031,0.0
2023-10-10,41.61122,-71.41031,0.2623138966848514
2023-10-11,41.61122,-71.41031,0.10542833254580176
2023-10-12,41.61122,-71.41031,0.010773583407527073
2023-10-13,41.61122,-71.41031,0.0
2023-10-14,41.61122,-71.41031,10.167610391557453
2023-10-15,41.61122,-71.41031,5.6888787132448595
2023-10-16,41.61122,-71.41031,0.033141191660512645
2023-10-17,41.61122,-71.41031,0.08516762724729625
2023-10-18,41.61122,-71.41031,0.06276957589116544
2023-10-19,41.61122,-71.41031,0.0
2023-10-20,41.61122,-71.41031,2.969295389972461
2023-10-21,41.61122,-71.41031,35.52797410725286
2023-10-22,41.61122,-71.41031,0.37542702316458654
2023-10-23,41.61122,-71.41031,0.31096809558389915
2023-10-24,41.61122,-71.41031,0.1025692472669913
2023-10-25,41.61122,-71.41031,0.06686305609505282
2023-10-26,41.61122,-71.41031,0.08799392876918691
2023-10-27,41.61122,-71.41031,1.9364751106086306
2023-10-28,41.61122,-71.41031,0.0
2023-10-29,41.61122,-71.41031,7.018365474664024
2023-10-30,41.61122,-71.41031,11.980473977425675
2023-10-31,41.61122,-71.41031,4.100225925595034
2023-11-01,41.61122,-71.41031,0.27847394885590415
2023-11-02,41.61122,-71.41031,0.0
2023-11-03,41.61122,-71.41031,0.030466982460952415
2023-11-04,41.61122,-71.41031,0.04910180417346342
2023-11-05,41.61122,-71.41031,0.019580835811238137
2023-11-06,41.61122,-71.41031,1.8116545794655792
2023-11-07,41.61122,-71.41031,16.43676518160761
2023-11-08,41.61122,-71.41031,0.0036445079863997847
2023-11-09,41.61122,-71.41031,2.3605396578897433
2023-11-10,41.61122,-71.41031,0.9660555207366129
2023-11-11,41.61122,-71.41031,0.0
2023-11-12,41.61122,-71.41031,0.0
2023-11-13,41.61122,-71.41031,0.006074179751052133
2023-11-14,41.61122,-71.41031,0.39836147158365404
2023-11-15,41.61122,-71.41031,0.012864041574700663
2023-11-16,41.61122,-71.41031,0.001539083302978637
2023-11-17,41.61122,-71.41031,0.04984642386798623
2023-11-18,41.61122,-71.41031,1.6289077450907805
2023-11-19,41.61122,-71.41031,0.1980376749123278
2023-11-20,41.61122,-71.41031,0.25026293426238744
2023-11-21,41.61122,-71.41031,0.24507026880584534
2023-11-22,41.61122,-71.41031,45.32028901207606
2023-11-23,41.61122,-71.41031,0.11922121042460432
2023-11-24,41.61122,-71.41031,0.041134643085627476
2023-11-25,41.61122,-71.41031,0.0
2023-11-26,41.61122,-71.41031,0.1104121992384551
2023-11-27,41.61122,-71.41031,10.221164933041798
2023-11-28,41.61122,-71.41031,0.0
2023-11-29,41.61122,-71.41031,0.0
2023-11-30,41.61122,-71.41031,0.022784572406740335
2023-12-01,41.61122,-71.41031,4.633154292631168
2023-12-02,41.61122,-71.41031,5.09776412663013
2023-12-03,41.61122,-71.41031,23.312584697802325
2023-12-04,41.61122,-71.41031,2.0395724301585725
2023-12-05,41.61122,-71.41031,0.18480372887418178
2023-12-06,41.61122,-71.41031,0.004277916566999885
2023-12-07,41.61122,-71.41031,0.04058478249387616
2023-12-08,41.61122,-71.41031,0.0
2023-12-09,41.61122,-71.41031,0.5754229593967654
2023-12-10,41.61122,-71.41031,7.958546707537938
2023-12-11,41.61122,-71.41031,71.8626894706675
2023-12-12,41.61122,-71.41031,0.0
2023-12-13,41.61122,-71.41031,0.0
2023-12-14,41.61122,-71.41031,0.0
2023-12-15,41.61122,-71.41031,0.07155364497420641
2023-12-16,41.61122,-71.41031,0.07157208864585325
2023-12-17,41.61122,-71.41031,16.049362379450407
2023-12-18,41.61122,-71.41031,72.45473406947629
2023-12-19,41.61122,-71.41031,0.0
2023-12-20,41.61122,-71.41031,0.0
2023-12-21,41.61122,-71.41031,0.0
2023-12-22,41.61122,-71.41031,0.0
2023-12-23,41.61122,-71.41031,0.03273638980203482
2023-12-24,41.61122,-71.41031,0.5366238714710048
2023-12-25,41.61122,-71.41031,0.04247933186663719
2023-12-26,41.61122,-71.41031,0.0
2023-12-27,41.61122,-71.41031,7.676685146243174
2023-12-28,41.61122,-71.41031,19.373365281689747
2023-12-29,41.61122,-71.41031,0.6199012405572899
2023-12-30,41.61122,-71.41031,0.022716622826811445
2023-12-31,41.61122,-71.41031,0.0
2024-01-01,41.61122,-71.41031,0.3499025963700004
2024-01-02,41.61122,-71.41031,0.0
2024-01-03,41.61122,-71.41031,0.0
2024-01-04,41.61122,-71.41031,2.1658082055304537
2024-01-05,41.61122,-71.41031,0.0
2024-01-06,41.61122,-71.41031,0.173208134545454
2024-01-07,41.61122,-71.41031,5.4124646193384605
2024-01-08,41.61122,-71.41031,0.0
2024-01-09,41.61122,-71.41031,26.62070176168787
2024-01-10,41.61122,-71.41031,107.63495380484132
2024-01-11,41.61122,-71.41031,0.0
2024-01-12,41.61122,-71.41031,0.0
2024-01-13,41.61122,-71.41031,44.53995762560262
2024-01-14,41.61122,-71.41031,0.046355046918491294
2024-01-15,41.61122,-71.41031,0.10348773041714873
2024-01-16,41.61122,-71.41031,3.73258703745997
2024-01-17,41.61122,-71.41031,0.0
2024-01-18,41.61122,-71.41031,0.0
2024-01-19,41.61122,-71.41031,0.04149570384174829
2024-01-20,41.61122,-71.41031,0.01846163867340221
2024-01-21,41.61122,-71.41031,0.0
2024-01-22,41.61122,-71.41031,0.3024145795371217
2024-01-23,41.61122,-71.41031,0.7814599675140732
2024-01-24,41.61122,-71.41031,5.667697681547068
2024-01-25,41.61122,-71.41031,20.496593783306487
2024-01-26,41.61122,-71.41031,3.0554111305027156
2024-01-27,41.61122,-71.41031,1.4678516968756266
2024-01-28,41.61122,-71.41031,44.207309790845116
2024-01-29,41.61122,-71.41031,0.018650991826213017
2024-01-30,41.61122,-71.41031,0.0
2024-01-31,41.61122,-71.41031,0.10928363273757247
2024-02-01,41.61122,-71.41031,0.07316985250141221
2024-02-02,41.61122,-71.41031,0.2832827862288081
2024-02-03,41.61122,-71.41031,0.03154684244986696
2024-02-04,41.61122,-71.41031,0.0
2024-02-05,41.61122,-71.41031,0.0
2024-02-06,41.61122,-71.41031,0.0
2024-02-07,41.61122,-71.41031,0.0
2024-02-08,41.61122,-71.41031,0.0
2024-02-09,41.61122,-71.41031,0.0369379992714873
2024-02-10,41.61122,-71.41031,0.05034008957430996
2024-02-11,41.61122,-71.41031,0.006925874720065561
2024-02-12,41.61122,-71.41031,0.0
2024-02-13,41.61122,-71.41031,26.261477623197845
2024-02-14,41.61122,-71.41031,0.0
2024-02-15,41.61122,-71.41031,0.0
2024-02-16,41.61122,-71.41031,0.0502177707011622
2024-02-17,41.61122,-71.41031,0.1943547038073945
2024-02-18,41.61122,-71.41031,0.0
2024-02-19,41.61122,-71.41031,0.0
2024-02-20,41.61122,-71.41031,0.0
2024-02-21,41.61122,-71.41031,0.0
2024-02-22,41.61122,-71.41031,0.0
2024-02-23,41.61122,-71.41031,6.626493695831795
2024-02-24,41.61122,-71.41031,1.5816952518377574
2024-02-25,41.61122,-71.41031,0.0
2024-02-26,41.61122,-71.41031,0.0
2024-02-27,41.61122,-71.41031,0.0
2024-02-28,41.61122,-71.41031,15.609470524406749
2024-02-29,41.61122,-71.41031,17.57712467629887
2024-03-01,41.61122,-71.41031,0.0
2024-03-02,41.61122,-71.41031,30.914422491934985
2024-03-03,41.61122,-71.41031,12.465840062107997
2024-03-04,41.61122,-71.41031,0.0
2024-03-05,41.61122,-71.41031,3.3083802168212255
2024-03-06,41.61122,-71.41031,5.014947189179443
2024-03-07,41.61122,-71.41031,33.73654169835993
2024-03-08,41.61122,-71.41031,0.4054530366157192
2024-03-09,41.61122,-71.41031,2.9118380262115022
2024-03-10,41.61122,-71.41031,25.702983802124372
2024-03-11,41.61122,-71.41031,0.0
2024-03-12,41.61122,-71.41031,0.0
2024-03-13,41.61122,-71.41031,0.0
2024-03-14,41.61122,-71.41031,0.11642258734552735
2024-03-15,41.61122,-71.41031,0.6728818220613375
2024-03-16,41.61122,-71.41031,0.0
2024-03-17,41.61122,-71.41031,1.3392191196837846
2024-03-18,41.61122,-71.41031,0.027733790392796366
2024-03-19,41.61122,-71.41031,0.0
2024-03-20,41.61122,-71.41031,6.132778239754981
2024-03-21,41.61122,-71.41031,0.05366547418480393
2024-03-22,41.61122,-71.41031,0.1483852925202424
2024-03-23,41.61122,-71.41031,51.05500571352588
2024-03-24,41.61122,-71.41031,3.8648418712559063
2024-03-25,41.61122,-71.41031,0.027660240450932475
2024-03-26,41.61122,-71.41031,0.012312666423829097
2024-03-27,41.61122,-71.41031,1.1429758557121927
2024-03-28,41.61122,-71.41031,86.85206147474459
2024-03-29,41.61122,-71.41031,51.387519534281765
2024-03-30,41.61122,-71.41031,0.0
2024-03-31,41.61122,-71.41031,0.158457634765266
2024-04-01,41.61122,-71.41031,0.9143644624367285
2024-04-02,41.61122,-71.41031,9.7449540707316
2024-04-03,41.61122,-71.41031,22.607164558508277
2024-04-04,41.61122,-71.41031,20.48312718237353
2024-04-05,41.61122,-71.41031,0.176184607726064
2024-04-06,41.61122,-71.41031,0.39011636985947806
2024-04-07,41.61122,-71.41031,0.31466969928935096
2024-04-08,41.61122,-71.41031,0.14685899641441616
2024-04-09,41.61122,-71.41031,0.0
2024-04-10,41.61122,-71.41031,0.15758196866104593
2024-04-11,41.61122,-71.41031,6.2990725793251094
2024-04-12,41.61122,-71.41031,20.514146606071527
2024-04-13,41.61122,-71.41031,0.44845729991362326
2024-04-14,41.61122,-71.41031,5.235130942206824
2024-04-15,41.61122,-71.41031,4.533750189479209
2024-04-16,41.61122,-71.41031,0.4872909982417738
2024-04-17,41.61122,-71.41031,1.4228447076363495
2024-04-18,41.61122,-71.41031,12.041877126858436
2024-04-19,41.61122,-71.41031,0.006074179751052133
2024-04-20,41.61122,-71.41031,9.858985893933166
2024-04-21,41.61122,-71.41031,0.5093234882100527
2024-04-22,41.61122,-71.41031,0.0
2024-04-23,41.61122,-71.41031,0.0
2024-04-24,41.61122,-71.41031,1.5539803204598428
2024-04-25,41.61122,-71.41031,0.0
2024-04-26,41.61122,-71.41031,0.0
2024-04-27,41.61122,-71.41031,0.002338916610340377
2024-04-28,41.61122,-71.41031,4.567705092926668
2024-04-29,41.61122,-71.41031,3.7140408697998173
2024-04-30,41.61122,-71.41031,0.28534783953124143
2024-05-01,41.61122,-71.41031,9.13798419244275
2024-05-02,41.61122,-71.41031,0.00242967199093319
2024-05-03,41.61122,-71.41031,0.010494833308487866
2024-05-04,41.61122,-71.41031,0.6215757404655162
2024-05-05,41.61122,-71.41031,8.767893888772077
2024-05-06,41.61122,-71.41031,4.078633829270233
2024-05-07,41.61122,-71.41031,0.1917882495660017
2024-05-08,41.61122,-71.41031,17.94806019831888
2024-05-09,41.61122,-71.41031,4.676966624287897
2024-05-10,41.61122,-71.41031,12.417327901088779
2024-05-11,41.61122,-71.41031,0.11815449191137209
2024-05-12,41.61122,-71.41031,0.032599623941049316
2024-05-13,41.61122,-71.41031,0.0
2024-05-14,41.61122,-71.41031,0.13027329374742747
2024-05-15,41.61122,-71.41031,24.847563250075556
2024-05-16,41.61122,-71.41031,35.096599850863264
2024-05-17,41.61122,-71.41031,0.22009654700134604
2024-05-18,41.61122,-71.41031,1.3524212111362004
2024-05-19,41.61122,-71.41031,3.0820147046364177
2024-05-20,41.61122,-71.41031,0.0
2024-05-21,41.61122,-71.41031,0.0
2024-05-22,41.61122,-71.41031,0.0
2024-05-23,41.61122,-71.41031,20.034921409180903
2024-05-24,41.61122,-71.41031,0.011633999739957046
2024-05-25,41.61122,-71.41031,0.0
2024-05-26,41.61122,-71.41031,0.8600061166380166
2024-05-27,41.61122,-71.41031,0.44508687074303943
2024-05-28,41.61122,-71.41031,17.161627979565704
2024-05-29,41.61122,-71.41031,0.0
2024-05-30,41.61122,-71.41031,4.976800678399685
2024-05-31,41.61122,-71.41031,0.0
2024-06-01,41.61122,-71.41031,0.0
2024-06-02,41.61122,-71.41031,0.0
2024-06-03,41.61122,-71.41031,0.08928156306809334
2024-06-04,41.61122,-71.41031,0.0
2024-06-05,41.61122,-71.41031,0.0007695416514893185
2024-06-06,41.61122,-71.41031,4.058736182727618
2024-06-07,41.61122,-71.41031,0.17652399635424676
2024-06-08,41.61122,-71.41031,0.0
2024-06-09,41.61122,-71.41031,3.3296664520485084
2024-06-10,41.61122,-71.41031,0.0
2024-06-11,41.61122,-71.41031,0.0
2024-06-12,41.61122,-71.41031,0.0
2024-06-13,41.61122,-71.41031,0.0
2024-06-14,41.61122,-71.41031,0.2600469619750664
2024-06-15,41.61122,-71.41031,8.137098059422247
2024-06-16,41.61122,-71.41031,0.0
2024-06-17,41.61122,-71.41031,0.3174492888420855
2024-06-18,41.61122,-71.41031,0.0
2024-06-19,41.61122,-71.41031,0.03108114401390213
2024-06-20,41.61122,-71.41031,0.05451449105752894
2024-06-21,41.61122,-71.41031,7.977567838568398
2024-06-22,41.61122,-71.41031,15.687398931999383
2024-06-23,41.61122,-71.41031,7.923790169762453
2024-06-24,41.61122,-71.41031,6.4736607565785045
2024-06-25,41.61122,-71.41031,0.0
2024-06-26,41.61122,-71.41031,0.022010507349609645
2024-06-27,41.61122,-71.41031,34.84442400205138
2024-06-28,41.61122,-71.41031,0.0
2024-06-29,41.61122,-71.41031,0.31932167351954654
2024-06-30,41.61122,-71.41031,15.642167378940707
2024-07-01,41.61122,-71.41031,0.9847611197096805
2024-07-02,41.61122,-71.41031,0.0
2024-07-03,41.61122,-71.41031,0.0
2024-07-04,41.61122,-71.41031,0.11115345702309759
2024-07-05,41.61122,-71.41031,2.1004801826002697
2024-07-06,41.61122,-71.41031,5.079273540062977
2024-07-07,41.61122,-71.41031,0.5640420005740138
2024-07-08,41.61122,-71.41031,0.06242967052903715
2024-07-09,41.61122,-71.41031,0.28011780450789625
2024-07-10,41.61122,-71.41031,0.19632166541105667
2024-07-11,41.61122,-71.41031,0.19196587708705942
2024-07-12,41.61122,-71.41031,0.06074700892451465
2024-07-13,41.61122,-71.41031,14.315818680856605
2024-07-14,41.61122,-71.41031,0.0
2024-07-15,41.61122,-71.41031,0.04285400018245633
2024-07-16,41.61122,-71.41031,0.0
2024-07-17,41.61122,-71.41031,0.02197001324503794
2024-07-18,41.61122,-71.41031,8.659386369778382
2024-07-19,41.61122,-71.41031,0.0
2024-07-20,41.61122,-71.41031,0.0
2024-07-21,41.61122,-71.41031,3.7230558100354454
2024-07-22,41.61122,-71.41031,0.07814427746547352
2024-07-23,41.61122,-71.41031,8.89731437408774
2024-07-24,41.61122,-71.41031,3.9850917420113356
2024-07-25,41.61122,-71.41031,1.848507795795483
2024-07-26,41.61122,-71.41031,0.001539083302978637
2024-07-27,41.61122,-71.41031,0.0011694583051701886
2024-07-28,41.61122,-71.41031,7.825469670606965
2024-07-29,41.61122,-71.41031,37.236333536717034
2024-07-30,41.61122,-71.41031,0.16226840646151464
2024-07-31,41.61122,-71.41031,7.528816604368034
2024-08-01,41.61122,-71.41031,0.23464253197830298
2024-08-02,41.61122,-71.41031,0.0462205955261227
2024-08-03,41.61122,-71.41031,1.14268188341611
2024-08-04,41.61122,-71.41031,7.540752635270079
2024-08-05,41.61122,-71.41031,1.6813243534873727
2024-08-06,41.61122,-71.41031,7.424932588159278
2024-08-07,41.61122,-71.41031,20.185922805517166
2024-08-08,41.61122,-71.41031,1.9949751627726788
2024-08-09,41.61122,-71.41031,4.755203459653615
2024-08-10,41.61122,-71.41031,4.931558403237284
2024-08-11,41.61122,-71.41031,1.1808797554401198
2024-08-12,41.61122,-71.41031,1.6529204895177925
2024-08-13,41.61122,-71.41031,0.00971868796373276
2024-08-14,41.61122,-71.41031,0.0
2024-08-15,41.61122,-71.41031,4.16763290775002
2024-08-16,41.61122,-71.41031,0.23015537716555565
2024-08-17,41.61122,-71.41031,0.0
2024-08-18,41.61122,-71.41031,4.688814676350417
2024-08-19,41.61122,-71.41031,38.53948724183277
2024-08-20,41.61122,-71.41031,0.8887685251553988
2024-08-21,41.61122,-71.41031,0.0
2024-08-22,41.61122,-71.41031,0.0
2024-08-23,41.61122,-71.41031,0.0
2024-08-24,41.61122,-71.41031,0.0
2024-08-25,41.61122,-71.41031,0.0
2024-08-26,41.61122,-71.41031,9.129989632710153
2024-08-27,41.61122,-71.41031,0.0
2024-08-28,41.61122,-71.41031,0.44007027831226864
2024-08-29,41.61122,-71.41031,0.010832085935982103
2024-08-30,41.61122,-71.41031,0.0
2024-08-31,41.61122,-71.41031,0.0
2024-09-01,41.61122,-71.41031,4.8832710735469895
2024-09-02,41.61122,-71.41031,0.001846163936115189
2024-09-03,41.61122,-71.41031,0.0
2024-09-04,41.61122,-71.41031,0.0
2024-09-05,41.61122,-71.41031,0.0
2024-09-06,41.61122,-71.41031,0.0
2024-09-07,41.61122,-71.41031,0.08474969555365303
2024-09-08,41.61122,-71.41031,0.008458474277969759
2024-09-09,41.61122,-71.41031,0.0
2024-09-10,41.61122,-71.41031,0.0
2024-09-11,41.61122,-71.41031,0.0
2024-09-12,41.61122,-71.41031,0.0
2024-09-13,41.61122,-71.41031,0.0
2024-09-14,41.61122,-71.41031,0.0
2024-09-15,41.61122,-71.41031,0.0
2024-09-16,41.61122,-71.41031,0.0
2024-09-17,41.61122,-71.41031,0.009234499817871824
2024-09-18,41.61122,-71.41031,0.35600261326068317
2024-09-19,41.61122,-71.41031,0.4219580541507423
2024-09-20,41.61122,-71.41031,13.025152610996972
2024-09-21,41.61122,-71.41031,20.471747472227623
2024-09-22,41.61122,-71.41031,4.806812277684369
2024-09-23,41.61122,-71.41031,0.4449156041145088
2024-09-24,41.61122,-71.41031,0.005847291308022355
2024-09-25,41.61122,-71.41031,0.7509340081134533
2024-09-26,41.61122,-71.41031,5.306043727714848
2024-09-27,41.61122,-71.41031,2.3572720160227623
2024-09-28,41.61122,-71.41031,0.5934063376607076
2024-09-29,41.61122,-71.41031,1.0880975034669509
2024-09-30,41.61122,-71.41031,0.0
2024-10-01,41.61122,-71.41031,0.15641678418239593
2024-10-02,41.61122,-71.41031,0.0
2024-10-03,41.61122,-71.41031,0.0
2024-10-04,41.61122,-71.41031,0.04355839560152913
2024-10-05,41.61122,-71.41031,1.0204590675406724
2024-10-06,41.61122,-71.41031,0.52625840429782
2024-10-07,41.61122,-71.41031,19.908042654847012
2024-10-08,41.61122,-71.41031,0.0
2024-10-09,41.61122,-71.41031,0.6289368878201411
2024-10-10,41.61122,-71.41031,0.0
2024-10-11,41.61122,-71.41031,0.0
2024-10-12,41.61122,-71.41031,0.2702517507971132
2024-10-13,41.61122,-71.41031,0.3121734305259156
2024-10-14,41.61122,-71.41031,2.4584593282180607
2024-10-15,41.61122,-71.41031,0.0
2024-10-16,41.61122,-71.41031,0.0
2024-10-17,41.61122,-71.41031,0.0
2024-10-18,41.61122,-71.41031,0.009137622104448946
2024-10-19,41.61122,-71.41031,0.0
2024-10-20,41.61122,-71.41031,0.0
2024-10-21,41.61122,-71.41031,0.0
2024-10-22,41.61122,-71.41031,0.0
2024-10-23,41.61122,-71.41031,0.0
2024-10-24,41.61122,-71.41031,0.010094916436978407
2024-10-25,41.61122,-71.41031,0.0
2024-10-26,41.61122,-71.41031,0.00695616651927629
2024-10-27,41.61122,-71.41031,0.0
2024-10-28,41.61122,-71.41031,0.0
2024-10-29,41.61122,-71.41031,0.3551745327518896
2024-10-30,41.61122,-71.41031,3.523054632285478
2024-10-31,41.61122,-71.41031,0.5870453512560483
2024-11-01,41.61122,-71.41031,0.10028806789273279
2024-11-02,41.61122,-71.41031,0.0
2024-11-03,41.61122,-71.41031,0.0
2024-11-04,41.61122,-71.41031,1.1199176713434342
2024-11-05,41.61122,-71.41031,0.2868060727349851
2024-11-06,41.61122,-71.41031,0.0
2024-11-07,41.61122,-71.41031,0.022278814338042664
2024-11-08,41.61122,-71.41031,0.0
2024-11-09,41.61122,-71.41031,0.0
2024-11-10,41.61122,-71.41031,1.4476442664122615
2024-11-11,41.61122,-71.41031,18.518422009229532
2024-11-12,41.61122,-71.41031,0.0
2024-11-13,41.61122,-71.41031,0.0
2024-11-14,41.61122,-71.41031,0.0
2024-11-15,41.61122,-71.41031,0.0
2024-11-16,41.61122,-71.41031,0.0
2024-11-17,41.61122,-71.41031,0.03816191445409141
2024-11-18,41.61122,-71.41031,0.49841709840351145
2024-11-19,41.61122,-71.41031,0.0
2024-11-20,41.61122,-71.41031,0.0
2024-11-21,41.61122,-71.41031,42.62275364325491
2024-11-22,41.61122,-71.41031,0.06371241711958231
2024-11-23,41.61122,-71.41031,8.020933155329914
2024-11-24,41.61122,-71.41031,0.1192902642623516
2024-11-25,41.61122,-71.41031,0.0
2024-11-26,41.61122,-71.41031,7.977115071895875
2024-11-27,41.61122,-71.41031,0.21415501521386252
2024-11-28,41.61122,-71.41031,15.772544206761184
2024-11-29,41.61122,-71.41031,0.0
2024-11-30,41.61122,-71.41031,0.002338916610340377
2024-12-01,41.61122,-71.41031,0.0
2024-12-02,41.61122,-71.41031,0.0
2024-12-03,41.61122,-71.41031,0.001539083302978637
2024-12-04,41.61122,-71.41031,0.06312782329740205
2024-12-05,41.61122,-71.41031,22.031710777355013
2024-12-06,41.61122,-71.41031,0.013573000057783446
2024-12-07,41.61122,-71.41031,0.3706933652150586
2024-12-08,41.61122,-71.41031,5.100534470356527
2024-12-09,41.61122,-71.41031,9.149727959210162
2024-12-10,41.61122,-71.41031,0.5136252635363442
2024-12-11,41.61122,-71.41031,77.02409695726472
2024-12-12,41.61122,-71.41031,32.23463110008394
2024-12-13,41.61122,-71.41031,0.14267391976562072
2024-12-14,41.61122,-71.41031,0.0
2024-12-15,41.61122,-71.41031,0.0
2024-12-16,41.61122,-71.41031,2.2532129678963995
2024-12-17,41.61122,-71.41031,4.543423241860828
2024-12-18,41.61122,-71.41031,0.7767023418650815
2024-12-19,41.61122,-71.41031,10.050936109923152
2024-12-20,41.61122,-71.41031,9.160174976602057
2024-12-21,41.61122,-71.41031,0.00992188786516042
2024-12-22,41.61122,-71.41031,0.0
2024-12-23,41.61122,-71.41031,0.007968163799278756
2024-12-24,41.61122,-71.41031,0.35481647533643285
2024-12-25,41.61122,-71.41031,0.0
2024-12-26,41.61122,-71.41031,0.0
2024-12-27,41.61122,-71.41031,0.0
2024-12-28,41.61122,-71.41031,6.940696381686101
2024-12-29,41.61122,-71.41031,0.8052539865651681
2024-12-30,41.61122,-71.41031,21.993303246620783
2024-12-31,41.61122,-71.41031,2.1663864165024616
2025-01-01,41.61122,-71.41031,46.351688241436115
2025-01-02,41.61122,-71.41031,0.43483608408681507
2025-01-03,41.61122,-71.41031,0.0
2025-01-04,41.61122,-71.41031,0.0
2025-01-05,41.61122,-71.41031,0.0
2025-01-06,41.61122,-71.41031,0.125113991536552
2025-01-07,41.61122,-71.41031,0.0
2025-01-08,41.61122,-71.41031,0.0
2025-01-09,41.61122,-71.41031,0.0
2025-01-10,41.61122,-71.41031,0.0
2025-01-11,41.61122,-71.41031,0.07344789805730359
2025-01-12,41.61122,-71.41031,0.0
2025-01-13,41.61122,-71.41031,0.001846163936115189
2025-01-14,41.61122,-71.41031,0.0
2025-01-15,41.61122,-71.41031,0.026897540365428577
2025-01-16,41.61122,-71.41031,0.001539083302978637
2025-01-17,41.61122,-71.41031,0.012243999726327136
2025-01-18,41.61122,-71.41031,7.193453131692613
2025-01-19,41.61122,-71.41031,4.40158660793473
2025-01-20,41.61122,-71.41031,2.3593800623236953
2025-01-21,41.61122,-71.41031,0.001214835995466595
2025-01-22,41.61122,-71.41031,0.6140123623552616
2025-01-23,41.61122,-71.41031,0.0
2025-01-24,41.61122,-71.41031,0.0
2025-01-25,41.61122,-71.41031,0.0
2025-01-26,41.61122,-71.41031,0.0
2025-01-27,41.61122,-71.41031,0.0
2025-01-28,41.61122,-71.41031,0.03354171202157889
2025-01-29,41.61122,-71.41031,0.0158455722179647
2025-01-30,41.61122,-71.41031,0.0
2025-01-31,41.61122,-71.41031,6.68406656610493
2025-02-01,41.61122,-71.41031,31.672215614092494
2025-02-02,41.61122,-71.41031,0.02215396723338226
2025-02-03,41.61122,-71.41031,0.675235535452313
2025-02-04,41.61122,-71.41031,0.5737496576565089
2025-02-05,41.61122,-71.41031,0.0
2025-02-06,41.61122,-71.41031,3.7947645145149544
2025-02-07,41.61122,-71.41031,0.0
2025-02-08,41.61122,-71.41031,0.0
2025-02-09,41.61122,-71.41031,1.8258384543690762
2025-02-10,41.61122,-71.41031,0.0
2025-02-11,41.61122,-71.41031,0.0
2025-02-12,41.61122,-71.41031,0.5770294052322339
2025-02-13,41.61122,-71.41031,4.625590102318753
2025-02-14,41.61122,-71.41031,0.0
2025-02-15,41.61122,-71.41031,0.856935404862097
2025-02-16,41.61122,-71.41031,40.17297441104366
2025-02-17,41.61122,-71.41031,0.11927895497747626
2025-02-18,41.61122,-71.41031,0.0
2025-02-19,41.61122,-71.41031,0.0
2025-02-20,41.61122,-71.41031,0.0
2025-02-21,41.61122,-71.41031,0.17333817137873142
2025-02-22,41.61122,-71.41031,0.0
2025-02-23,41.61122,-71.41031,0.0
2025-02-24,41.61122,-71.41031,0.21417457354731972
2025-02-25,41.61122,-71.41031,0.20836902064994894
2025-02-26,41.61122,-71.41031,0.10523134539019027
2025-02-27,41.61122,-71.41031,11.400845218518006
2025-02-28,41.61122,-71.41031,0.961037801403765
2025-03-01,41.61122,-71.41031,0.0
2025-03-02,41.61122,-71.41031,0.0
2025-03-03,41.61122,-71.41031,0.0
2025-03-04,41.61122,-71.41031,0.024369394267848385
2025-03-05,41.61122,-71.41031,4.692301193227826
2025-03-06,41.61122,-71.41031,19.215520188910798
2025-03-07,41.61122,-71.41031,0.0011694583051701886
2025-03-08,41.61122,-71.41031,0.0
2025-03-09,41.61122,-71.41031,0.0
2025-03-10,41.61122,-71.41031,0.0
2025-03-11,41.61122,-71.41031,0.0
2025-03-12,41.61122,-71.41031,0.0
2025-03-13,41.61122,-71.41031,0.005447374872170073
2025-03-14,41.61122,-71.41031,0.004677833220680754
2025-03-15,41.61122,-71.41031,0.013782721473723093
2025-03-16,41.61122,-71.41031,0.013923738935680684
2025-03-17,41.61122,-71.41031,86.92910164059178
2025-03-18,41.61122,-71.41031,4.77050832666317
2025-03-19,41.61122,-71.41031,0.0
2025-03-20,41.61122,-71.41031,0.005447374872170073
2025-03-21,41.61122,-71.41031,8.198057516629428
2025-03-22,41.61122,-71.41031,0.001214835995466595
2025-03-23,41.61122,-71.41031,0.0
2025-03-24,41.61122,-71.41031,32.12981801648901
2025-03-25,41.61122,-71.41031,0.5207726465693072
2025-03-26,41.61122,-71.41031,0.610866168497435
2025-03-27,41.61122,-71.41031,0.0
2025-03-28,41.61122,-71.41031,0.012751477105674472
2025-03-29,41.61122,-71.41031,8.32748793190702
2025-03-30,41.61122,-71.41031,4.618806106568988
2025-03-31,41.61122,-71.41031,1.2264730729397435
2025-04-01,41.61122,-71.41031,9.303288506441577
2025-04-02,41.61122,-71.41031,0.395100105422605
2025-04-03,41.61122,-71.41031,6.862626902491294
2025-04-04,41.61122,-71.41031,2.3876015926785152
2025-04-05,41.61122,-71.41031,3.315007034141083
2025-04-06,41.61122,-71.41031,9.620572542511836
2025-04-07,41.61122,-71.41031,7.017627267724515
2025-04-08,41.61122,-71.41031,12.129053093895022
2025-04-09,41.61122,-71.41031,0.0
2025-04-10,41.61122,-71.41031,0.00866167440567826
2025-04-11,41.61122,-71.41031,4.6689009814893145
2025-04-12,41.61122,-71.41031,9.302982263803505
2025-04-13,41.61122,-71.41031,11.530214470792805
2025-04-14,41.61122,-71.41031,0.002308624954467956
2025-04-15,41.61122,-71.41031,10.611507523852852
2025-04-16,41.61122,-71.41031,0.0
2025-04-17,41.61122,-71.41031,0.0
2025-04-18,41.61122,-71.41031,0.16931241694602023
2025-04-19,41.61122,-71.41031,0.7385518120647452
2025-04-20,41.61122,-71.41031,0.26884618710344654
2025-04-21,41.61122,-71.41031,0.06638490549731009
2025-04-22,41.61122,-71.41031,1.6415177033891377
2025-04-23,41.61122,-71.41031,0.0
2025-04-24,41.61122,-71.41031,0.0
2025-04-25,41.61122,-71.41031,0.413649171353659
2025-04-26,41.61122,-71.41031,13.640166610790832
2025-04-27,41.61122,-71.41031,2.0325962923282557
2025-04-28,41.61122,-71.41031,0.0007695416514893185
2025-04-29,41.61122,-71.41031,0.0
2025-04-30,41.61122,-71.41031,5.270462774999735
2025-05-01,41.61122,-71.41031,0.0
2025-05-02,41.61122,-71.41031,11.045155871302018
2025-05-03,41.61122,-71.41031,0.002338916610340377
2025-05-04,41.61122,-71.41031,0.1968633848090183
2025-05-05,41.61122,-71.41031,19.484120069418513
2025-05-06,41.61122,-71.41031,5.519442759294678
2025-05-07,41.61122,-71.41031,0.8806022804729258
2025-05-08,41.61122,-71.41031,0.011988420081836195
2025-05-09,41.61122,-71.41031,36.044013600985956
2025-05-10,41.61122,-71.41031,4.006942311087309
2025-05-11,41.61122,-71.41031,0.0
2025-05-12,41.61122,-71.41031,0.0
2025-05-13,41.61122,-71.41031,0.06972821262901495
2025-05-14,41.61122,-71.41031,0.849528325797353
2025-05-15,41.61122,-71.41031,24.753229520561526
2025-05-16,41.61122,-71.41031,1.7191318212838125
2025-05-17,41.61122,-71.41031,0.8712400213998828
2025-05-18,41.61122,-71.41031,0.025245773350661676
2025-05-19,41.61122,-71.41031,0.12127665638581095
2025-05-20,41.61122,-71.41031,0.12812932010747496
2025-05-21,41.61122,-71.41031,1.1085291667136026
2025-05-22,41.61122,-71.41031,65.46489409336459
2025-05-23,41.61122,-71.41031,12.05493300500942
2025-05-24,41.61122,-71.41031,0.04533624952021755
2025-05-25,41.61122,-71.41031,0.037422669250703464
2025-05-26,41.61122,-71.41031,0.0
2025-05-27,41.61122,-71.41031,0.0
2025-05-28,41.61122,-71.41031,0.8249316974186219
2025-05-29,41.61122,-71.41031,16.781429370855392
2025-05-30,41.61122,-71.41031,0.6173569405483308
2025-05-31,41.61122,-71.41031,14.3503448590343
2025-06-01,41.61122,-71.41031,0.33154043208101563
2025-06-02,41.61122,-71.41031,0.0
2025-06-03,41.61122,-71.41031,0.3165187179827017
2025-06-04,41.61122,-71.41031,0.0
2025-06-05,41.61122,-71.41031,0.0
2025-06-06,41.61122,-71.41031,0.5539026011382744
2025-06-07,41.61122,-71.41031,7.381458602392677
2025-06-08,41.61122,-71.41031,0.05278308934567777
2025-06-09,41.61122,-71.41031,2.2095997763793602
2025-06-10,41.61122,-71.41031,7.6422042050103505
2025-06-11,41.61122,-71.41031,0.0
2025-06-12,41.61122,-71.41031,0.0
2025-06-13,41.61122,-71.41031,0.27118158292162275
2025-06-14,41.61122,-71.41031,10.587517667878545
2025-06-15,41.61122,-71.41031,0.2920740200016331
2025-06-16,41.61122,-71.41031,0.9290216422408611
2025-06-17,41.61122,-71.41031,4.299757677138465
2025-06-18,41.61122,-71.41031,3.491453891379311
2025-06-19,41.61122,-71.41031,0.4973861587720042
2025-06-20,41.61122,-71.41031,0.22047581817080633
2025-06-21,41.61122,-71.41031,0.003078166605957274
2025-06-22,41.61122,-71.41031,3.6566872870570624
2025-06-23,41.61122,-71.41031,0.0
2025-06-24,41.61122,-71.41031,0.0
2025-06-25,41.61122,-71.41031,2.394132871980414
2025-06-26,41.61122,-71.41031,4.321852965954511
2025-06-27,41.61122,-71.41031,0.9875872447169534
2025-06-28,41.61122,-71.41031,0.8130580266251564
2025-06-29,41.61122,-71.41031,0.38282008916040744
2025-06-30,41.61122,-71.41031,0.0
2025-07-01,41.61122,-71.41031,1.0321784100651274
2025-07-02,41.61122,-71.41031,16.476534247199695
2025-07-03,41.61122,-71.41031,1.5159475856694817
2025-07-04,41.61122,-71.41031,3.0003865824018057
2025-07-05,41.61122,-71.41031,2.3479529389236875
2025-07-06,41.61122,-71.41031,0.0
2025-07-07,41.61122,-71.41031,0.1512285531151023
2025-07-08,41.61122,-71.41031,2.7866878039249094
2025-07-09,41.61122,-71.41031,18.323431843290535
2025-07-10,41.61122,-71.41031,27.106554263497372
2025-07-11,41.61122,-71.41031,1.9366505260529765
2025-07-12,41.61122,-71.41031,0.0
2025-07-13,41.61122,-71.41031,0.06990924402921155
2025-07-14,41.61122,-71.41031,0.001214835995466595
2025-07-15,41.61122,-71.41031,9.589961139896378
2025-07-16,41.61122,-71.41031,0.0
2025-07-17,41.61122,-71.41031,0.6077646709846539
2025-07-18,41.61122,-71.41031,0.19126685233397472
2025-07-19,41.61122,-71.41031,0.0
2025-07-20,41.61122,-71.41031,0.9568789428713148
2025-07-21,41.61122,-71.41031,2.6164783268340646
2025-07-22,41.61122,-71.41031,0.0
2025-07-23,41.61122,-71.41031,0.0703611272688075
2025-07-24,41.61122,-71.41031,0.0
2025-07-25,41.61122,-71.41031,14.996747015880171
2025-07-26,41.61122,-71.41031,0.3177372009833814
2025-07-27,41.61122,-71.41031,14.1670266650732
2025-07-28,41.61122,-71.41031,0.07678597269434155
2025-07-29,41.61122,-71.41031,0.5503900880993181
2025-07-30,41.61122,-71.41031,0.35066832655559155
2025-07-31,41.61122,-71.41031,1.0350530649149012
2025-08-01,41.61122,-71.41031,9.91668109933606
2025-08-02,41.61122,-71.41031,0.0
2025-08-03,41.61122,-71.41031,0.0
2025-08-04,41.61122,-71.41031,0.0
2025-08-05,41.61122,-71.41031,0.0
2025-08-06,41.61122,-71.41031,2.0218035788233877
2025-08-07,41.61122,-71.41031,5.434249881599789
2025-08-08,41.61122,-71.41031,0.0
2025-08-09,41.61122,-71.41031,0.0
2025-08-10,41.61122,-71.41031,0.0
2025-08-11,41.61122,-71.41031,0.0
2025-08-12,41.61122,-71.41031,0.0
2025-08-13,41.61122,-71.41031,0.6541859753613188
2025-08-14,41.61122,-71.41031,0.48732800037919527
2025-08-15,41.61122,-71.41031,0.8630811555890503
2025-08-16,41.61122,-71.41031,0.0
2025-08-17,41.61122,-71.41031,0.3081767633817412
2025-08-18,41.61122,-71.41031,0.3592417401405791
2025-08-19,41.61122,-71.41031,0.32509480146164765
2025-08-20,41.61122,-71.41031,12.324858859667241
2025-08-21,41.61122,-71.41031,21.630401262673765
2025-08-22,41.61122,-71.41031,0.0
2025-08-23,41.61122,-71.41031,0.0
2025-08-24,41.61122,-71.41031,0.941127385059704
2025-08-25,41.61122,-71.41031,0.03767960582462724
2025-08-26,41.61122,-71.41031,0.0
2025-08-27,41.61122,-71.41031,0.21132250434035085
2025-08-28,41.61122,-71.41031,0.12179949694979048
2025-08-29,41.61122,-71.41031,3.839602325634223
2025-08-30,41.61122,-71.41031,0.00971868796373276
2025-08-31,41.61122,-71.41031,0.0
2025-09-01,41.61122,-71.41031,2.253752975968572
2025-09-02,41.61122,-71.41031,0.0
2025-09-03,41.61122,-71.41031,0.0
2025-09-04,41.61122,-71.41031,0.0
2025-09-05,41.61122,-71.41031,3.6317711714436265
2025-09-06,41.61122,-71.41031,1.022814185441689
2025-09-07,41.61122,-71.41031,36.69583538006194
2025-09-08,41.61122,-71.41031,2.824588835496297
2025-09-09,41.61122,-71.41031,0.0
2025-09-10,41.61122,-71.41031,1.7852899554783086
2025-09-11,41.61122,-71.41031,0.0
2025-09-12,41.61122,-71.41031,0.0
2025-09-13,41.61122,-71.41031,0.0
2025-09-14,41.61122,-71.41031,0.37794976337233444
2025-09-15,41.61122,-71.41031,0.0
2025-09-16,41.61122,-71.41031,0.7254335505449157
2025-09-17,41.61122,-71.41031,2.0216584791048007
2025-09-18,41.61122,-71.41031,0.3106778794278922
2025-09-19,41.61122,-71.41031,0.0
2025-09-20,41.61122,-71.41031,0.0
2025-09-21,41.61122,-71.41031,6.026320109221211
2025-09-22,41.61122,-71.41031,0.0
2025-09-23,41.61122,-71.41031,0.0
2025-09-24,41.61122,-71.41031,22.392358974451486
2025-09-25,41.61122,-71.41031,20.370303419072428
2025-09-26,41.61122,-71.41031,0.0990760725723179
2025-09-27,41.61122,-71.41031,0.01240354153478467
2025-09-28,41.61122,-71.41031,17.159018717329676
2025-09-29,41.61122,-71.41031,0.504043577258423
2025-09-30,41.61122,-71.41031,0.40163930935415787
